sequence_id,sample_id,reenactment_id,sequence_timestamp,set_id,participant_id,level_id,emoji_id,camera_index,perspective,image_sequence_path,timestep,frame_timestamp,frame_path,true_class_id,true_class,predicted_class_id,predicted_class,true_class_probability,predicted_class_probability,correct_at_timestep,correct_final_prediction,probability_anger,probability_disgust,probability_fear,probability_happiness,probability_neutral,probability_sadness,probability_surprise
1700478995850-2-1-1-0-0-0,1700478995850-2-1-1-0-0-0-01,1700478995850-2-1-1-0-0,1700478995850,2,1,1,0,0,Central,/workspace/datasets/emoji-hero-vr-db-di/test_set/Anger/1700478995850-2-1-1-0-0-0,1,1700478994882,/workspace/datasets/emoji-hero-vr-db-di/test_set/Anger/1700478995850-2-1-1-0-0-0/1700478994882-2-1-1-0-0-0.jpg,0,Anger,0,Anger,0.37192813,0.37192813,True,True,0.37192813,0.2520481,0.040216696,0.034442957,0.028400848,0.24229817,0.030665144
1700478995850-2-1-1-0-0-1,1700478995850-2-1-1-0-0-1-01,1700478995850-2-1-1-0-0,1700478995850,2,1,1,0,1,Side,/workspace/datasets/emoji-hero-vr-db-di/test_set/Anger/1700478995850-2-1-1-0-0-1,1,1700478994882,/workspace/datasets/emoji-hero-vr-db-di/test_set/Anger/1700478995850-2-1-1-0-0-1/1700478994882-2-1-1-0-0-1.jpg,0,Anger,0,Anger,0.43405178,0.43405178,True,False,0.43405178,0.25453767,0.043218393,0.029462198,0.024229465,0.18630503,0.028195387
1700478998549-2-1-1-1-5-0,1700478998549-2-1-1-1-5-0-01,1700478998549-2-1-1-1-5,1700478998549,2,1,1,1,0,Central,/workspace/datasets/emoji-hero-vr-db-di/test_set/Sadness/1700478998549-2-1-1-1-5-0,1,1700478997506,/workspace/datasets/emoji-hero-vr-db-di/test_set/Sadness/1700478998549-2-1-1-1-5-0/1700478997506-2-1-1-1-5-0.jpg,5,Sadness,5,Sadness,0.8379163,0.8379163,True,True,0.058572378,0.051461533,0.008354893,0.009758302,0.02500051,0.8379163,0.008936077
1700478998549-2-1-1-1-5-1,1700478998549-2-1-1-1-5-1-01,1700478998549-2-1-1-1-5,1700478998549,2,1,1,1,1,Side,/workspace/datasets/emoji-hero-vr-db-di/test_set/Sadness/1700478998549-2-1-1-1-5-1,1,1700478997506,/workspace/datasets/emoji-hero-vr-db-di/test_set/Sadness/1700478998549-2-1-1-1-5-1/1700478997506-2-1-1-1-5-1.jpg,5,Sadness,5,Sadness,0.7844067,0.7844067,True,True,0.059031762,0.09663718,0.01239614,0.010826716,0.023430826,0.7844067,0.013270638
1700479001137-2-1-1-2-3-0,1700479001137-2-1-1-2-3-0-01,1700479001137-2-1-1-2-3,1700479001137,2,1,1,2,0,Central,/workspace/datasets/emoji-hero-vr-db-di/test_set/Happiness/1700479001137-2-1-1-2-3-0,1,1700479000163,/workspace/datasets/emoji-hero-vr-db-di/test_set/Happiness/1700479001137-2-1-1-2-3-0/1700479000163-2-1-1-2-3-0.jpg,3,Happiness,3,Happiness,0.8878008,0.8878008,True,True,0.019965444,0.025926245,0.020062558,0.8878008,0.027935531,0.011436295,0.006873077
1700479001137-2-1-1-2-3-1,1700479001137-2-1-1-2-3-1-01,1700479001137-2-1-1-2-3,1700479001137,2,1,1,2,1,Side,/workspace/datasets/emoji-hero-vr-db-di/test_set/Happiness/1700479001137-2-1-1-2-3-1,1,1700479000163,/workspace/datasets/emoji-hero-vr-db-di/test_set/Happiness/1700479001137-2-1-1-2-3-1/1700479000163-2-1-1-2-3-1.jpg,3,Happiness,3,Happiness,0.47770196,0.47770196,True,False,0.04680725,0.10433192,0.2205053,0.47770196,0.05571533,0.0255946,0.06934363
1700479004312-2-1-1-3-0-0,1700479004312-2-1-1-3-0-0-01,1700479004312-2-1-1-3-0,1700479004312,2,1,1,3,0,Central,/workspace/datasets/emoji-hero-vr-db-di/test_set/Anger/1700479004312-2-1-1-3-0-0,1,1700479003340,/workspace/datasets/emoji-hero-vr-db-di/test_set/Anger/1700479004312-2-1-1-3-0-0/1700479003340-2-1-1-3-0-0.jpg,0,Anger,0,Anger,0.67670554,0.67670554,True,False,0.67670554,0.12714596,0.0237989,0.026668474,0.01812204,0.11086167,0.016697442
1700479004312-2-1-1-3-0-1,1700479004312-2-1-1-3-0-1-01,1700479004312-2-1-1-3-0,1700479004312,2,1,1,3,1,Side,/workspace/datasets/emoji-hero-vr-db-di/test_set/Anger/1700479004312-2-1-1-3-0-1,1,1700479003340,/workspace/datasets/emoji-hero-vr-db-di/test_set/Anger/1700479004312-2-1-1-3-0-1/1700479003340-2-1-1-3-0-1.jpg,0,Anger,0,Anger,0.37059784,0.37059784,True,False,0.37059784,0.21644501,0.07059422,0.05878401,0.07197097,0.15739366,0.05421432
1700479005401-2-1-1-4-0-0,1700479005401-2-1-1-4-0-0-01,1700479005401-2-1-1-4-0,1700479005401,2,1,1,4,0,Central,/workspace/datasets/emoji-hero-vr-db-di/test_set/Anger/1700479005401-2-1-1-4-0-0,1,1700479004694,/workspace/datasets/emoji-hero-vr-db-di/test_set/Anger/1700479005401-2-1-1-4-0-0/1700479004694-2-1-1-4-0-0.jpg,0,Anger,5,Sadness,0.091843136,0.7942315,False,True,0.091843136,0.048623167,0.010593031,0.011800571,0.029650997,0.7942315,0.013257595
1700479005401-2-1-1-4-0-1,1700479005401-2-1-1-4-0-1-01,1700479005401-2-1-1-4-0,1700479005401,2,1,1,4,1,Side,/workspace/datasets/emoji-hero-vr-db-di/test_set/Anger/1700479005401-2-1-1-4-0-1,1,1700479004694,/workspace/datasets/emoji-hero-vr-db-di/test_set/Anger/1700479005401-2-1-1-4-0-1/1700479004694-2-1-1-4-0-1.jpg,0,Anger,0,Anger,0.51300836,0.51300836,True,True,0.51300836,0.13400447,0.03372337,0.037617203,0.03371446,0.21959113,0.02834101
1700479007738-2-1-1-5-5-0,1700479007738-2-1-1-5-5-0-01,1700479007738-2-1-1-5-5,1700479007738,2,1,1,5,0,Central,/workspace/datasets/emoji-hero-vr-db-di/test_set/Sadness/1700479007738-2-1-1-5-5-0,1,1700479007200,/workspace/datasets/emoji-hero-vr-db-di/test_set/Sadness/1700479007738-2-1-1-5-5-0/1700479007200-2-1-1-5-5-0.jpg,5,Sadness,5,Sadness,0.40613312,0.40613312,True,True,0.121863045,0.17245479,0.06485754,0.043519054,0.15043089,0.40613312,0.04074155
1700479007738-2-1-1-5-5-1,1700479007738-2-1-1-5-5-1-01,1700479007738-2-1-1-5-5,1700479007738,2,1,1,5,1,Side,/workspace/datasets/emoji-hero-vr-db-di/test_set/Sadness/1700479007738-2-1-1-5-5-1,1,1700479007200,/workspace/datasets/emoji-hero-vr-db-di/test_set/Sadness/1700479007738-2-1-1-5-5-1/1700479007200-2-1-1-5-5-1.jpg,5,Sadness,1,Disgust,0.32030767,0.40554598,False,True,0.08806417,0.40554598,0.08793511,0.034307245,0.031629372,0.32030767,0.03221052
1700479015441-2-1-1-8-3-0,1700479015441-2-1-1-8-3-0-01,1700479015441-2-1-1-8-3,1700479015441,2,1,1,8,0,Central,/workspace/datasets/emoji-hero-vr-db-di/test_set/Happiness/1700479015441-2-1-1-8-3-0,1,1700479014761,/workspace/datasets/emoji-hero-vr-db-di/test_set/Happiness/1700479015441-2-1-1-8-3-0/1700479014761-2-1-1-8-3-0.jpg,3,Happiness,4,Neutral,0.05485728,0.49067268,False,True,0.1320586,0.104283646,0.07243723,0.05485728,0.49067268,0.09928216,0.04640835
1700479015441-2-1-1-8-3-1,1700479015441-2-1-1-8-3-1-01,1700479015441-2-1-1-8-3,1700479015441,2,1,1,8,1,Side,/workspace/datasets/emoji-hero-vr-db-di/test_set/Happiness/1700479015441-2-1-1-8-3-1,1,1700479014761,/workspace/datasets/emoji-hero-vr-db-di/test_set/Happiness/1700479015441-2-1-1-8-3-1/1700479014761-2-1-1-8-3-1.jpg,3,Happiness,4,Neutral,0.06711618,0.5066266,False,True,0.12752049,0.087858915,0.072064355,0.06711618,0.5066266,0.090258434,0.048554994
1700479105264-2-1-2-0-4-0,1700479105264-2-1-2-0-4-0-01,1700479105264-2-1-2-0-4,1700479105264,2,1,2,0,0,Central,/workspace/datasets/emoji-hero-vr-db-di/test_set/Neutral/1700479105264-2-1-2-0-4-0,1,1700479104288,/workspace/datasets/emoji-hero-vr-db-di/test_set/Neutral/1700479105264-2-1-2-0-4-0/1700479104288-2-1-2-0-4-0.jpg,4,Neutral,2,Fear,0.030845372,0.7483657,False,True,0.016572237,0.061246853,0.7483657,0.0365145,0.030845372,0.018818298,0.0876369
1700479105264-2-1-2-0-4-1,1700479105264-2-1-2-0-4-1-01,1700479105264-2-1-2-0-4,1700479105264,2,1,2,0,1,Side,/workspace/datasets/emoji-hero-vr-db-di/test_set/Neutral/1700479105264-2-1-2-0-4-1,1,1700479104288,/workspace/datasets/emoji-hero-vr-db-di/test_set/Neutral/1700479105264-2-1-2-0-4-1/1700479104288-2-1-2-0-4-1.jpg,4,Neutral,2,Fear,0.067206204,0.55878466,False,True,0.04417792,0.12728047,0.55878466,0.06845519,0.067206204,0.040865142,0.093230404
1700479106931-2-1-2-1-1-0,1700479106931-2-1-2-1-1-0-01,1700479106931-2-1-2-1-1,1700479106931,2,1,2,1,0,Central,/workspace/datasets/emoji-hero-vr-db-di/test_set/Disgust/1700479106931-2-1-2-1-1-0,1,1700479105970,/workspace/datasets/emoji-hero-vr-db-di/test_set/Disgust/1700479106931-2-1-2-1-1-0/1700479105970-2-1-2-1-1-0.jpg,1,Disgust,4,Neutral,0.09441349,0.29292563,False,True,0.1849512,0.09441349,0.105327874,0.19874595,0.29292563,0.078599356,0.04503651
1700479106931-2-1-2-1-1-1,1700479106931-2-1-2-1-1-1-01,1700479106931-2-1-2-1-1,1700479106931,2,1,2,1,1,Side,/workspace/datasets/emoji-hero-vr-db-di/test_set/Disgust/1700479106931-2-1-2-1-1-1,1,1700479105970,/workspace/datasets/emoji-hero-vr-db-di/test_set/Disgust/1700479106931-2-1-2-1-1-1/1700479105970-2-1-2-1-1-1.jpg,1,Disgust,4,Neutral,0.08886913,0.391955,False,False,0.16097759,0.08886913,0.065686345,0.05662461,0.391955,0.20030794,0.035579443
1700479111705-2-1-2-3-2-0,1700479111705-2-1-2-3-2-0-01,1700479111705-2-1-2-3-2,1700479111705,2,1,2,3,0,Central,/workspace/datasets/emoji-hero-vr-db-di/test_set/Fear/1700479111705-2-1-2-3-2-0,1,1700479110861,/workspace/datasets/emoji-hero-vr-db-di/test_set/Fear/1700479111705-2-1-2-3-2-0/1700479110861-2-1-2-3-2-0.jpg,2,Fear,2,Fear,0.8644217,0.8644217,True,True,0.0055343118,0.02180428,0.8644217,0.020128561,0.013517994,0.0071487036,0.067444324
1700479111705-2-1-2-3-2-1,1700479111705-2-1-2-3-2-1-01,1700479111705-2-1-2-3-2,1700479111705,2,1,2,3,1,Side,/workspace/datasets/emoji-hero-vr-db-di/test_set/Fear/1700479111705-2-1-2-3-2-1,1,1700479110861,/workspace/datasets/emoji-hero-vr-db-di/test_set/Fear/1700479111705-2-1-2-3-2-1/1700479110861-2-1-2-3-2-1.jpg,2,Fear,2,Fear,0.8333815,0.8333815,True,True,0.008005342,0.029859897,0.8333815,0.026410503,0.01645687,0.009385866,0.07650006
1700479113933-2-1-2-4-1-0,1700479113933-2-1-2-4-1-0-01,1700479113933-2-1-2-4-1,1700479113933,2,1,2,4,0,Central,/workspace/datasets/emoji-hero-vr-db-di/test_set/Disgust/1700479113933-2-1-2-4-1-0,1,1700479113366,/workspace/datasets/emoji-hero-vr-db-di/test_set/Disgust/1700479113933-2-1-2-4-1-0/1700479113366-2-1-2-4-1-0.jpg,1,Disgust,1,Disgust,0.5379573,0.5379573,True,True,0.046145834,0.5379573,0.2695922,0.040668525,0.022073122,0.037161306,0.046401665
1700479113933-2-1-2-4-1-1,1700479113933-2-1-2-4-1-1-01,1700479113933-2-1-2-4-1,1700479113933,2,1,2,4,1,Side,/workspace/datasets/emoji-hero-vr-db-di/test_set/Disgust/1700479113933-2-1-2-4-1-1,1,1700479113366,/workspace/datasets/emoji-hero-vr-db-di/test_set/Disgust/1700479113933-2-1-2-4-1-1/1700479113366-2-1-2-4-1-1.jpg,1,Disgust,1,Disgust,0.33056507,0.33056507,True,True,0.119634084,0.33056507,0.23506676,0.0651376,0.041332833,0.06755912,0.14070451
1700479117593-2-1-2-5-1-0,1700479117593-2-1-2-5-1-0-01,1700479117593-2-1-2-5-1,1700479117593,2,1,2,5,0,Central,/workspace/datasets/emoji-hero-vr-db-di/test_set/Disgust/1700479117593-2-1-2-5-1-0,1,1700479116632,/workspace/datasets/emoji-hero-vr-db-di/test_set/Disgust/1700479117593-2-1-2-5-1-0/1700479116632-2-1-2-5-1-0.jpg,1,Disgust,1,Disgust,0.7764406,0.7764406,True,True,0.061192144,0.7764406,0.0570648,0.016316228,0.009437822,0.03808814,0.04146031
1700479117593-2-1-2-5-1-1,1700479117593-2-1-2-5-1-1-01,1700479117593-2-1-2-5-1,1700479117593,2,1,2,5,1,Side,/workspace/datasets/emoji-hero-vr-db-di/test_set/Disgust/1700479117593-2-1-2-5-1-1,1,1700479116632,/workspace/datasets/emoji-hero-vr-db-di/test_set/Disgust/1700479117593-2-1-2-5-1-1/1700479116632-2-1-2-5-1-1.jpg,1,Disgust,6,Surprise,0.07415833,0.6198387,False,True,0.03618333,0.07415833,0.16915424,0.035280533,0.031047646,0.034337167,0.6198387
1700479119890-2-1-2-6-2-0,1700479119890-2-1-2-6-2-0-01,1700479119890-2-1-2-6-2,1700479119890,2,1,2,6,0,Central,/workspace/datasets/emoji-hero-vr-db-di/test_set/Fear/1700479119890-2-1-2-6-2-0,1,1700479118917,/workspace/datasets/emoji-hero-vr-db-di/test_set/Fear/1700479119890-2-1-2-6-2-0/1700479118917-2-1-2-6-2-0.jpg,2,Fear,6,Surprise,0.04396159,0.9369809,False,True,0.0023213788,0.0044481806,0.04396159,0.002581223,0.004930239,0.0047765016,0.9369809
1700479119890-2-1-2-6-2-1,1700479119890-2-1-2-6-2-1-01,1700479119890-2-1-2-6-2,1700479119890,2,1,2,6,1,Side,/workspace/datasets/emoji-hero-vr-db-di/test_set/Fear/1700479119890-2-1-2-6-2-1,1,1700479118917,/workspace/datasets/emoji-hero-vr-db-di/test_set/Fear/1700479119890-2-1-2-6-2-1/1700479118917-2-1-2-6-2-1.jpg,2,Fear,2,Fear,0.5254708,0.5254708,True,True,0.013355836,0.05043729,0.5254708,0.0232439,0.017149853,0.014622324,0.35571998
1700479129747-2-1-2-10-2-0,1700479129747-2-1-2-10-2-0-01,1700479129747-2-1-2-10-2,1700479129747,2,1,2,10,0,Central,/workspace/datasets/emoji-hero-vr-db-di/test_set/Fear/1700479129747-2-1-2-10-2-0,1,1700479128789,/workspace/datasets/emoji-hero-vr-db-di/test_set/Fear/1700479129747-2-1-2-10-2-0/1700479128789-2-1-2-10-2-0.jpg,2,Fear,3,Happiness,0.27948156,0.47874096,False,True,0.027865605,0.07613276,0.27948156,0.47874096,0.037289552,0.018668983,0.08182055
1700479129747-2-1-2-10-2-1,1700479129747-2-1-2-10-2-1-01,1700479129747-2-1-2-10-2,1700479129747,2,1,2,10,1,Side,/workspace/datasets/emoji-hero-vr-db-di/test_set/Fear/1700479129747-2-1-2-10-2-1,1,1700479128789,/workspace/datasets/emoji-hero-vr-db-di/test_set/Fear/1700479129747-2-1-2-10-2-1/1700479128789-2-1-2-10-2-1.jpg,2,Fear,2,Fear,0.5392944,0.5392944,True,True,0.037362974,0.15995954,0.5392944,0.09660447,0.035422,0.031537488,0.099819094
1700479131977-2-1-2-11-4-0,1700479131977-2-1-2-11-4-0-01,1700479131977-2-1-2-11-4,1700479131977,2,1,2,11,0,Central,/workspace/datasets/emoji-hero-vr-db-di/test_set/Neutral/1700479131977-2-1-2-11-4-0,1,1700479131016,/workspace/datasets/emoji-hero-vr-db-di/test_set/Neutral/1700479131977-2-1-2-11-4-0/1700479131016-2-1-2-11-4-0.jpg,4,Neutral,4,Neutral,0.40833765,0.40833765,True,True,0.12801954,0.12173921,0.123516686,0.07507713,0.40833765,0.08360037,0.059709433
1700479131977-2-1-2-11-4-1,1700479131977-2-1-2-11-4-1-01,1700479131977-2-1-2-11-4,1700479131977,2,1,2,11,1,Side,/workspace/datasets/emoji-hero-vr-db-di/test_set/Neutral/1700479131977-2-1-2-11-4-1,1,1700479131016,/workspace/datasets/emoji-hero-vr-db-di/test_set/Neutral/1700479131977-2-1-2-11-4-1/1700479131016-2-1-2-11-4-1.jpg,4,Neutral,4,Neutral,0.49236917,0.49236917,True,True,0.13469523,0.10479212,0.06381044,0.058563508,0.49236917,0.093220025,0.05254951
1700479238544-2-1-3-0-4-0,1700479238544-2-1-3-0-4-0-01,1700479238544-2-1-3-0-4,1700479238544,2,1,3,0,0,Central,/workspace/datasets/emoji-hero-vr-db-di/test_set/Neutral/1700479238544-2-1-3-0-4-0,1,1700479237574,/workspace/datasets/emoji-hero-vr-db-di/test_set/Neutral/1700479238544-2-1-3-0-4-0/1700479237574-2-1-3-0-4-0.jpg,4,Neutral,2,Fear,0.087131396,0.546932,False,True,0.04776594,0.12621161,0.546932,0.053193804,0.087131396,0.044934686,0.09383048
1700479238544-2-1-3-0-4-1,1700479238544-2-1-3-0-4-1-01,1700479238544-2-1-3-0-4,1700479238544,2,1,3,0,1,Side,/workspace/datasets/emoji-hero-vr-db-di/test_set/Neutral/1700479238544-2-1-3-0-4-1,1,1700479237574,/workspace/datasets/emoji-hero-vr-db-di/test_set/Neutral/1700479238544-2-1-3-0-4-1/1700479237574-2-1-3-0-4-1.jpg,4,Neutral,2,Fear,0.041395914,0.67707646,False,True,0.027042601,0.10710707,0.67707646,0.04383871,0.041395914,0.02882646,0.07471277
1700479240547-2-1-3-1-1-0,1700479240547-2-1-3-1-1-0-01,1700479240547-2-1-3-1-1,1700479240547,2,1,3,1,0,Central,/workspace/datasets/emoji-hero-vr-db-di/test_set/Disgust/1700479240547-2-1-3-1-1-0,1,1700479239578,/workspace/datasets/emoji-hero-vr-db-di/test_set/Disgust/1700479240547-2-1-3-1-1-0/1700479239578-2-1-3-1-1-0.jpg,1,Disgust,4,Neutral,0.107514404,0.4752048,False,True,0.14079814,0.107514404,0.069250494,0.06179865,0.4752048,0.08894958,0.056484003
1700479240547-2-1-3-1-1-1,1700479240547-2-1-3-1-1-1-01,1700479240547-2-1-3-1-1,1700479240547,2,1,3,1,1,Side,/workspace/datasets/emoji-hero-vr-db-di/test_set/Disgust/1700479240547-2-1-3-1-1-1,1,1700479239578,/workspace/datasets/emoji-hero-vr-db-di/test_set/Disgust/1700479240547-2-1-3-1-1-1/1700479239578-2-1-3-1-1-1.jpg,1,Disgust,4,Neutral,0.10782113,0.45757684,False,False,0.1427143,0.10782113,0.07705629,0.06415769,0.45757684,0.09254768,0.05812598
1700479243878-2-1-3-3-6-0,1700479243878-2-1-3-3-6-0-01,1700479243878-2-1-3-3-6,1700479243878,2,1,3,3,0,Central,/workspace/datasets/emoji-hero-vr-db-di/test_set/Surprise/1700479243878-2-1-3-3-6-0,1,1700479242917,/workspace/datasets/emoji-hero-vr-db-di/test_set/Surprise/1700479243878-2-1-3-3-6-0/1700479242917-2-1-3-3-6-0.jpg,6,Surprise,5,Sadness,0.018807678,0.71154803,False,True,0.12030599,0.09039864,0.016454574,0.015940752,0.02654427,0.71154803,0.018807678
1700479243878-2-1-3-3-6-1,1700479243878-2-1-3-3-6-1-01,1700479243878-2-1-3-3-6,1700479243878,2,1,3,3,1,Side,/workspace/datasets/emoji-hero-vr-db-di/test_set/Surprise/1700479243878-2-1-3-3-6-1,1,1700479242917,/workspace/datasets/emoji-hero-vr-db-di/test_set/Surprise/1700479243878-2-1-3-3-6-1/1700479242917-2-1-3-3-6-1.jpg,6,Surprise,1,Disgust,0.03141841,0.68237287,False,True,0.07099601,0.68237287,0.08970498,0.029860731,0.018718876,0.0769281,0.03141841
1700479245714-2-1-3-4-3-0,1700479245714-2-1-3-4-3-0-01,1700479245714-2-1-3-4-3,1700479245714,2,1,3,4,0,Central,/workspace/datasets/emoji-hero-vr-db-di/test_set/Happiness/1700479245714-2-1-3-4-3-0,1,1700479244784,/workspace/datasets/emoji-hero-vr-db-di/test_set/Happiness/1700479245714-2-1-3-4-3-0/1700479244784-2-1-3-4-3-0.jpg,3,Happiness,2,Fear,0.03936501,0.73284346,False,True,0.019444479,0.062886536,0.73284346,0.03936501,0.038841292,0.02294411,0.083675094
1700479245714-2-1-3-4-3-1,1700479245714-2-1-3-4-3-1-01,1700479245714-2-1-3-4-3,1700479245714,2,1,3,4,1,Side,/workspace/datasets/emoji-hero-vr-db-di/test_set/Happiness/1700479245714-2-1-3-4-3-1,1,1700479244784,/workspace/datasets/emoji-hero-vr-db-di/test_set/Happiness/1700479245714-2-1-3-4-3-1/1700479244784-2-1-3-4-3-1.jpg,3,Happiness,2,Fear,0.060679786,0.5872987,False,True,0.040760126,0.1137015,0.5872987,0.060679786,0.068744466,0.03814136,0.090674035
1700479248151-2-1-3-5-2-0,1700479248151-2-1-3-5-2-0-01,1700479248151-2-1-3-5-2,1700479248151,2,1,3,5,0,Central,/workspace/datasets/emoji-hero-vr-db-di/test_set/Fear/1700479248151-2-1-3-5-2-0,1,1700479247178,/workspace/datasets/emoji-hero-vr-db-di/test_set/Fear/1700479248151-2-1-3-5-2-0/1700479247178-2-1-3-5-2-0.jpg,2,Fear,2,Fear,0.53860515,0.53860515,True,True,0.045717426,0.13798809,0.53860515,0.06316544,0.07726374,0.041461237,0.095799
1700479248151-2-1-3-5-2-1,1700479248151-2-1-3-5-2-1-01,1700479248151-2-1-3-5-2,1700479248151,2,1,3,5,1,Side,/workspace/datasets/emoji-hero-vr-db-di/test_set/Fear/1700479248151-2-1-3-5-2-1,1,1700479247178,/workspace/datasets/emoji-hero-vr-db-di/test_set/Fear/1700479248151-2-1-3-5-2-1/1700479247178-2-1-3-5-2-1.jpg,2,Fear,2,Fear,0.6330855,0.6330855,True,True,0.032282338,0.10596246,0.6330855,0.062680446,0.050333828,0.032263063,0.083392374
1700479250572-2-1-3-6-5-0,1700479250572-2-1-3-6-5-0-01,1700479250572-2-1-3-6-5,1700479250572,2,1,3,6,0,Central,/workspace/datasets/emoji-hero-vr-db-di/test_set/Sadness/1700479250572-2-1-3-6-5-0,1,1700479249613,/workspace/datasets/emoji-hero-vr-db-di/test_set/Sadness/1700479250572-2-1-3-6-5-0/1700479249613-2-1-3-6-5-0.jpg,5,Sadness,2,Fear,0.063574664,0.38514918,False,True,0.074443944,0.20890725,0.38514918,0.062094327,0.12890613,0.063574664,0.0769245
1700479250572-2-1-3-6-5-1,1700479250572-2-1-3-6-5-1-01,1700479250572-2-1-3-6-5,1700479250572,2,1,3,6,1,Side,/workspace/datasets/emoji-hero-vr-db-di/test_set/Sadness/1700479250572-2-1-3-6-5-1,1,1700479249613,/workspace/datasets/emoji-hero-vr-db-di/test_set/Sadness/1700479250572-2-1-3-6-5-1/1700479249613-2-1-3-6-5-1.jpg,5,Sadness,1,Disgust,0.20279677,0.42114678,False,False,0.086576626,0.42114678,0.11304131,0.044828936,0.09476755,0.20279677,0.03684197
1700479253441-2-1-3-8-0-0,1700479253441-2-1-3-8-0-0-01,1700479253441-2-1-3-8-0,1700479253441,2,1,3,8,0,Central,/workspace/datasets/emoji-hero-vr-db-di/test_set/Anger/1700479253441-2-1-3-8-0-0,1,1700479252816,/workspace/datasets/emoji-hero-vr-db-di/test_set/Anger/1700479253441-2-1-3-8-0-0/1700479252816-2-1-3-8-0-0.jpg,0,Anger,4,Neutral,0.12222415,0.3991791,False,False,0.12222415,0.1579955,0.117490746,0.048764274,0.3991791,0.098888226,0.055458084
1700479253441-2-1-3-8-0-1,1700479253441-2-1-3-8-0-1-01,1700479253441-2-1-3-8-0,1700479253441,2,1,3,8,1,Side,/workspace/datasets/emoji-hero-vr-db-di/test_set/Anger/1700479253441-2-1-3-8-0-1,1,1700479252816,/workspace/datasets/emoji-hero-vr-db-di/test_set/Anger/1700479253441-2-1-3-8-0-1/1700479252816-2-1-3-8-0-1.jpg,0,Anger,4,Neutral,0.11741559,0.39589193,False,False,0.11741559,0.16895403,0.09646198,0.047538053,0.39589193,0.12939407,0.044344418
1700479258342-2-1-3-10-0-0,1700479258342-2-1-3-10-0-0-01,1700479258342-2-1-3-10-0,1700479258342,2,1,3,10,0,Central,/workspace/datasets/emoji-hero-vr-db-di/test_set/Anger/1700479258342-2-1-3-10-0-0,1,1700479257369,/workspace/datasets/emoji-hero-vr-db-di/test_set/Anger/1700479258342-2-1-3-10-0-0/1700479257369-2-1-3-10-0-0.jpg,0,Anger,2,Fear,0.016485801,0.72675914,False,False,0.016485801,0.05651365,0.72675914,0.0643666,0.031519093,0.017299263,0.087056406
1700479258342-2-1-3-10-0-1,1700479258342-2-1-3-10-0-1-01,1700479258342-2-1-3-10-0,1700479258342,2,1,3,10,1,Side,/workspace/datasets/emoji-hero-vr-db-di/test_set/Anger/1700479258342-2-1-3-10-0-1,1,1700479257369,/workspace/datasets/emoji-hero-vr-db-di/test_set/Anger/1700479258342-2-1-3-10-0-1/1700479257369-2-1-3-10-0-1.jpg,0,Anger,2,Fear,0.019648712,0.71592486,False,False,0.019648712,0.06844091,0.71592486,0.05456791,0.031664353,0.019891996,0.08986134
1700479260806-2-1-3-11-3-0,1700479260806-2-1-3-11-3-0-01,1700479260806-2-1-3-11-3,1700479260806,2,1,3,11,0,Central,/workspace/datasets/emoji-hero-vr-db-di/test_set/Happiness/1700479260806-2-1-3-11-3-0,1,1700479259836,/workspace/datasets/emoji-hero-vr-db-di/test_set/Happiness/1700479260806-2-1-3-11-3-0/1700479259836-2-1-3-11-3-0.jpg,3,Happiness,3,Happiness,0.27543467,0.27543467,True,True,0.10653841,0.16733305,0.21430291,0.27543467,0.13506149,0.053001612,0.048327874
1700479260806-2-1-3-11-3-1,1700479260806-2-1-3-11-3-1-01,1700479260806-2-1-3-11-3,1700479260806,2,1,3,11,1,Side,/workspace/datasets/emoji-hero-vr-db-di/test_set/Happiness/1700479260806-2-1-3-11-3-1,1,1700479259836,/workspace/datasets/emoji-hero-vr-db-di/test_set/Happiness/1700479260806-2-1-3-11-3-1/1700479259836-2-1-3-11-3-1.jpg,3,Happiness,3,Happiness,0.8536559,0.8536559,True,True,0.022310715,0.02728778,0.031811327,0.8536559,0.03841944,0.012789229,0.013725642
1700479262241-2-1-3-12-4-0,1700479262241-2-1-3-12-4-0-01,1700479262241-2-1-3-12-4,1700479262241,2,1,3,12,0,Central,/workspace/datasets/emoji-hero-vr-db-di/test_set/Neutral/1700479262241-2-1-3-12-4-0,1,1700479261281,/workspace/datasets/emoji-hero-vr-db-di/test_set/Neutral/1700479262241-2-1-3-12-4-0/1700479261281-2-1-3-12-4-0.jpg,4,Neutral,3,Happiness,0.025050867,0.8878296,False,True,0.02089999,0.028889654,0.018165099,0.8878296,0.025050867,0.014051905,0.0051128715
1700479262241-2-1-3-12-4-1,1700479262241-2-1-3-12-4-1-01,1700479262241-2-1-3-12-4,1700479262241,2,1,3,12,1,Side,/workspace/datasets/emoji-hero-vr-db-di/test_set/Neutral/1700479262241-2-1-3-12-4-1,1,1700479261281,/workspace/datasets/emoji-hero-vr-db-di/test_set/Neutral/1700479262241-2-1-3-12-4-1/1700479261281-2-1-3-12-4-1.jpg,4,Neutral,4,Neutral,0.501629,0.501629,True,True,0.12521036,0.09066659,0.06930218,0.074960396,0.501629,0.09315204,0.045079406
1700479264139-2-1-3-13-6-0,1700479264139-2-1-3-13-6-0-01,1700479264139-2-1-3-13-6,1700479264139,2,1,3,13,0,Central,/workspace/datasets/emoji-hero-vr-db-di/test_set/Surprise/1700479264139-2-1-3-13-6-0,1,1700479263175,/workspace/datasets/emoji-hero-vr-db-di/test_set/Surprise/1700479264139-2-1-3-13-6-0/1700479263175-2-1-3-13-6-0.jpg,6,Surprise,4,Neutral,0.06288232,0.44329792,False,True,0.13040146,0.114423856,0.10039587,0.06915418,0.44329792,0.07944442,0.06288232
1700479264139-2-1-3-13-6-1,1700479264139-2-1-3-13-6-1-01,1700479264139-2-1-3-13-6,1700479264139,2,1,3,13,1,Side,/workspace/datasets/emoji-hero-vr-db-di/test_set/Surprise/1700479264139-2-1-3-13-6-1,1,1700479263175,/workspace/datasets/emoji-hero-vr-db-di/test_set/Surprise/1700479264139-2-1-3-13-6-1/1700479263175-2-1-3-13-6-1.jpg,6,Surprise,4,Neutral,0.051049396,0.50943816,False,True,0.12052462,0.08963251,0.07022674,0.07159782,0.50943816,0.08753078,0.051049396
1700479265444-2-1-3-14-4-0,1700479265444-2-1-3-14-4-0-01,1700479265444-2-1-3-14-4,1700479265444,2,1,3,14,0,Central,/workspace/datasets/emoji-hero-vr-db-di/test_set/Neutral/1700479265444-2-1-3-14-4-0,1,1700479264913,/workspace/datasets/emoji-hero-vr-db-di/test_set/Neutral/1700479265444-2-1-3-14-4-0/1700479264913-2-1-3-14-4-0.jpg,4,Neutral,4,Neutral,0.43474752,0.43474752,True,True,0.12068009,0.123573825,0.11660109,0.05796628,0.43474752,0.080087274,0.06634395
1700479265444-2-1-3-14-4-1,1700479265444-2-1-3-14-4-1-01,1700479265444-2-1-3-14-4,1700479265444,2,1,3,14,1,Side,/workspace/datasets/emoji-hero-vr-db-di/test_set/Neutral/1700479265444-2-1-3-14-4-1,1,1700479264913,/workspace/datasets/emoji-hero-vr-db-di/test_set/Neutral/1700479265444-2-1-3-14-4-1/1700479264913-2-1-3-14-4-1.jpg,4,Neutral,4,Neutral,0.5064673,0.5064673,True,True,0.13050492,0.09879236,0.059365533,0.05291271,0.5064673,0.10899788,0.0429593
1700479274174-2-1-3-18-1-0,1700479274174-2-1-3-18-1-0-01,1700479274174-2-1-3-18-1,1700479274174,2,1,3,18,0,Central,/workspace/datasets/emoji-hero-vr-db-di/test_set/Disgust/1700479274174-2-1-3-18-1-0,1,1700479273212,/workspace/datasets/emoji-hero-vr-db-di/test_set/Disgust/1700479274174-2-1-3-18-1-0/1700479273212-2-1-3-18-1-0.jpg,1,Disgust,3,Happiness,0.018295709,0.9017493,False,True,0.016449748,0.018295709,0.020166347,0.9017493,0.026015861,0.009749556,0.0075735077
1700479274174-2-1-3-18-1-1,1700479274174-2-1-3-18-1-1-01,1700479274174-2-1-3-18-1,1700479274174,2,1,3,18,1,Side,/workspace/datasets/emoji-hero-vr-db-di/test_set/Disgust/1700479274174-2-1-3-18-1-1,1,1700479273212,/workspace/datasets/emoji-hero-vr-db-di/test_set/Disgust/1700479274174-2-1-3-18-1-1/1700479273212-2-1-3-18-1-1.jpg,1,Disgust,4,Neutral,0.06870856,0.33736163,False,True,0.119847886,0.06870856,0.07641817,0.2924389,0.33736163,0.060324628,0.04490029
1700479276498-2-1-3-19-6-0,1700479276498-2-1-3-19-6-0-01,1700479276498-2-1-3-19-6,1700479276498,2,1,3,19,0,Central,/workspace/datasets/emoji-hero-vr-db-di/test_set/Surprise/1700479276498-2-1-3-19-6-0,1,1700479275536,/workspace/datasets/emoji-hero-vr-db-di/test_set/Surprise/1700479276498-2-1-3-19-6-0/1700479275536-2-1-3-19-6-0.jpg,6,Surprise,3,Happiness,0.008104915,0.8795973,False,True,0.02129527,0.02618661,0.021880552,0.8795973,0.030215893,0.012719359,0.008104915
1700479276498-2-1-3-19-6-1,1700479276498-2-1-3-19-6-1-01,1700479276498-2-1-3-19-6,1700479276498,2,1,3,19,1,Side,/workspace/datasets/emoji-hero-vr-db-di/test_set/Surprise/1700479276498-2-1-3-19-6-1,1,1700479275536,/workspace/datasets/emoji-hero-vr-db-di/test_set/Surprise/1700479276498-2-1-3-19-6-1/1700479275536-2-1-3-19-6-1.jpg,6,Surprise,4,Neutral,0.04381648,0.4149863,False,True,0.12754378,0.1220601,0.10012768,0.08895858,0.4149863,0.10250702,0.04381648
1700479278671-2-1-3-20-2-0,1700479278671-2-1-3-20-2-0-01,1700479278671-2-1-3-20-2,1700479278671,2,1,3,20,0,Central,/workspace/datasets/emoji-hero-vr-db-di/test_set/Fear/1700479278671-2-1-3-20-2-0,1,1700479277710,/workspace/datasets/emoji-hero-vr-db-di/test_set/Fear/1700479278671-2-1-3-20-2-0/1700479277710-2-1-3-20-2-0.jpg,2,Fear,2,Fear,0.7862068,0.7862068,True,False,0.013889217,0.049791936,0.7862068,0.034010645,0.02798682,0.017089976,0.07102468
1700479278671-2-1-3-20-2-1,1700479278671-2-1-3-20-2-1-01,1700479278671-2-1-3-20-2,1700479278671,2,1,3,20,1,Side,/workspace/datasets/emoji-hero-vr-db-di/test_set/Fear/1700479278671-2-1-3-20-2-1,1,1700479277710,/workspace/datasets/emoji-hero-vr-db-di/test_set/Fear/1700479278671-2-1-3-20-2-1/1700479277710-2-1-3-20-2-1.jpg,2,Fear,2,Fear,0.79009366,0.79009366,True,True,0.012789402,0.051494423,0.79009366,0.03501985,0.023078974,0.015121427,0.07240225
1700479411435-2-1-4-0-1-0,1700479411435-2-1-4-0-1-0-01,1700479411435-2-1-4-0-1,1700479411435,2,1,4,0,0,Central,/workspace/datasets/emoji-hero-vr-db-di/test_set/Disgust/1700479411435-2-1-4-0-1-0,1,1700479410824,/workspace/datasets/emoji-hero-vr-db-di/test_set/Disgust/1700479411435-2-1-4-0-1-0/1700479410824-2-1-4-0-1-0.jpg,1,Disgust,1,Disgust,0.5458072,0.5458072,True,False,0.055018857,0.5458072,0.0933392,0.028584808,0.023443263,0.21514319,0.038663432
1700479411435-2-1-4-0-1-1,1700479411435-2-1-4-0-1-1-01,1700479411435-2-1-4-0-1,1700479411435,2,1,4,0,1,Side,/workspace/datasets/emoji-hero-vr-db-di/test_set/Disgust/1700479411435-2-1-4-0-1-1,1,1700479410824,/workspace/datasets/emoji-hero-vr-db-di/test_set/Disgust/1700479411435-2-1-4-0-1-1/1700479410824-2-1-4-0-1-1.jpg,1,Disgust,1,Disgust,0.3871873,0.3871873,True,False,0.05862081,0.3871873,0.31563592,0.042207416,0.05991188,0.08523164,0.05120505
1700479413527-2-1-4-1-5-0,1700479413527-2-1-4-1-5-0-01,1700479413527-2-1-4-1-5,1700479413527,2,1,4,1,0,Central,/workspace/datasets/emoji-hero-vr-db-di/test_set/Sadness/1700479413527-2-1-4-1-5-0,1,1700479412589,/workspace/datasets/emoji-hero-vr-db-di/test_set/Sadness/1700479413527-2-1-4-1-5-0/1700479412589-2-1-4-1-5-0.jpg,5,Sadness,4,Neutral,0.099845365,0.51101124,False,True,0.12976705,0.09346318,0.06616002,0.054827332,0.51101124,0.099845365,0.044925768
1700479413527-2-1-4-1-5-1,1700479413527-2-1-4-1-5-1-01,1700479413527-2-1-4-1-5,1700479413527,2,1,4,1,1,Side,/workspace/datasets/emoji-hero-vr-db-di/test_set/Sadness/1700479413527-2-1-4-1-5-1,1,1700479412589,/workspace/datasets/emoji-hero-vr-db-di/test_set/Sadness/1700479413527-2-1-4-1-5-1/1700479412589-2-1-4-1-5-1.jpg,5,Sadness,5,Sadness,0.3958754,0.3958754,True,True,0.112003244,0.21828954,0.07884412,0.03486592,0.12748335,0.3958754,0.032638468
1700479417615-2-1-4-3-6-0,1700479417615-2-1-4-3-6-0-01,1700479417615-2-1-4-3-6,1700479417615,2,1,4,3,0,Central,/workspace/datasets/emoji-hero-vr-db-di/test_set/Surprise/1700479417615-2-1-4-3-6-0,1,1700479416647,/workspace/datasets/emoji-hero-vr-db-di/test_set/Surprise/1700479417615-2-1-4-3-6-0/1700479416647-2-1-4-3-6-0.jpg,6,Surprise,4,Neutral,0.0478477,0.49041963,False,True,0.14262436,0.10554956,0.06552791,0.049298238,0.49041963,0.09873261,0.0478477
1700479417615-2-1-4-3-6-1,1700479417615-2-1-4-3-6-1-01,1700479417615-2-1-4-3-6,1700479417615,2,1,4,3,1,Side,/workspace/datasets/emoji-hero-vr-db-di/test_set/Surprise/1700479417615-2-1-4-3-6-1,1,1700479416647,/workspace/datasets/emoji-hero-vr-db-di/test_set/Surprise/1700479417615-2-1-4-3-6-1/1700479416647-2-1-4-3-6-1.jpg,6,Surprise,4,Neutral,0.038831353,0.5025882,False,True,0.12534183,0.10364568,0.058920126,0.043894507,0.5025882,0.12677836,0.038831353
1700479420641-2-1-4-5-4-0,1700479420641-2-1-4-5-4-0-01,1700479420641-2-1-4-5-4,1700479420641,2,1,4,5,0,Central,/workspace/datasets/emoji-hero-vr-db-di/test_set/Neutral/1700479420641-2-1-4-5-4-0,1,1700479419669,/workspace/datasets/emoji-hero-vr-db-di/test_set/Neutral/1700479420641-2-1-4-5-4-0/1700479419669-2-1-4-5-4-0.jpg,4,Neutral,4,Neutral,0.463772,0.463772,True,True,0.14044847,0.10661989,0.07104581,0.07333656,0.463772,0.09057751,0.05419985
1700479420641-2-1-4-5-4-1,1700479420641-2-1-4-5-4-1-01,1700479420641-2-1-4-5-4,1700479420641,2,1,4,5,1,Side,/workspace/datasets/emoji-hero-vr-db-di/test_set/Neutral/1700479420641-2-1-4-5-4-1,1,1700479419669,/workspace/datasets/emoji-hero-vr-db-di/test_set/Neutral/1700479420641-2-1-4-5-4-1/1700479419669-2-1-4-5-4-1.jpg,4,Neutral,4,Neutral,0.4724005,0.4724005,True,True,0.12911849,0.09757572,0.061788563,0.05710943,0.4724005,0.14806266,0.033944678
1700479422411-2-1-4-6-3-0,1700479422411-2-1-4-6-3-0-01,1700479422411-2-1-4-6-3,1700479422411,2,1,4,6,0,Central,/workspace/datasets/emoji-hero-vr-db-di/test_set/Happiness/1700479422411-2-1-4-6-3-0,1,1700479421436,/workspace/datasets/emoji-hero-vr-db-di/test_set/Happiness/1700479422411-2-1-4-6-3-0/1700479421436-2-1-4-6-3-0.jpg,3,Happiness,4,Neutral,0.05833541,0.47709063,False,True,0.1503876,0.101459704,0.07196715,0.05833541,0.47709063,0.088952094,0.051807407
1700479422411-2-1-4-6-3-1,1700479422411-2-1-4-6-3-1-01,1700479422411-2-1-4-6-3,1700479422411,2,1,4,6,1,Side,/workspace/datasets/emoji-hero-vr-db-di/test_set/Happiness/1700479422411-2-1-4-6-3-1,1,1700479421436,/workspace/datasets/emoji-hero-vr-db-di/test_set/Happiness/1700479422411-2-1-4-6-3-1/1700479421436-2-1-4-6-3-1.jpg,3,Happiness,4,Neutral,0.05072987,0.5199327,False,True,0.12900765,0.099019825,0.05598935,0.05072987,0.5199327,0.1012956,0.04402501
1700479424021-2-1-4-7-0-0,1700479424021-2-1-4-7-0-0-01,1700479424021-2-1-4-7-0,1700479424021,2,1,4,7,0,Central,/workspace/datasets/emoji-hero-vr-db-di/test_set/Anger/1700479424021-2-1-4-7-0-0,1,1700479423109,/workspace/datasets/emoji-hero-vr-db-di/test_set/Anger/1700479424021-2-1-4-7-0-0/1700479423109-2-1-4-7-0-0.jpg,0,Anger,4,Neutral,0.1415918,0.49557853,False,False,0.1415918,0.09789916,0.06256678,0.05904589,0.49557853,0.09842236,0.04489548
1700479424021-2-1-4-7-0-1,1700479424021-2-1-4-7-0-1-01,1700479424021-2-1-4-7-0,1700479424021,2,1,4,7,1,Side,/workspace/datasets/emoji-hero-vr-db-di/test_set/Anger/1700479424021-2-1-4-7-0-1,1,1700479423109,/workspace/datasets/emoji-hero-vr-db-di/test_set/Anger/1700479424021-2-1-4-7-0-1/1700479423109-2-1-4-7-0-1.jpg,0,Anger,4,Neutral,0.1321236,0.5062162,False,False,0.1321236,0.08497814,0.06364328,0.06931518,0.5062162,0.10276339,0.040960256
1700479426367-2-1-4-8-5-0,1700479426367-2-1-4-8-5-0-01,1700479426367-2-1-4-8-5,1700479426367,2,1,4,8,0,Central,/workspace/datasets/emoji-hero-vr-db-di/test_set/Sadness/1700479426367-2-1-4-8-5-0,1,1700479425335,/workspace/datasets/emoji-hero-vr-db-di/test_set/Sadness/1700479426367-2-1-4-8-5-0/1700479425335-2-1-4-8-5-0.jpg,5,Sadness,4,Neutral,0.10330324,0.5263604,False,True,0.13492137,0.09237084,0.053467557,0.050453354,0.5263604,0.10330324,0.0391233
1700479426367-2-1-4-8-5-1,1700479426367-2-1-4-8-5-1-01,1700479426367-2-1-4-8-5,1700479426367,2,1,4,8,1,Side,/workspace/datasets/emoji-hero-vr-db-di/test_set/Sadness/1700479426367-2-1-4-8-5-1,1,1700479425335,/workspace/datasets/emoji-hero-vr-db-di/test_set/Sadness/1700479426367-2-1-4-8-5-1/1700479425335-2-1-4-8-5-1.jpg,5,Sadness,4,Neutral,0.14418663,0.46146196,False,True,0.12978971,0.11186625,0.0693442,0.04557127,0.46146196,0.14418663,0.03777994
1700479427742-2-1-4-9-2-0,1700479427742-2-1-4-9-2-0-01,1700479427742-2-1-4-9-2,1700479427742,2,1,4,9,0,Central,/workspace/datasets/emoji-hero-vr-db-di/test_set/Fear/1700479427742-2-1-4-9-2-0,1,1700479426768,/workspace/datasets/emoji-hero-vr-db-di/test_set/Fear/1700479427742-2-1-4-9-2-0/1700479426768-2-1-4-9-2-0.jpg,2,Fear,4,Neutral,0.06447937,0.47282416,False,True,0.13261011,0.10518553,0.06447937,0.04060293,0.47282416,0.14721772,0.037080184
1700479427742-2-1-4-9-2-1,1700479427742-2-1-4-9-2-1-01,1700479427742-2-1-4-9-2,1700479427742,2,1,4,9,1,Side,/workspace/datasets/emoji-hero-vr-db-di/test_set/Fear/1700479427742-2-1-4-9-2-1,1,1700479426768,/workspace/datasets/emoji-hero-vr-db-di/test_set/Fear/1700479427742-2-1-4-9-2-1/1700479426768-2-1-4-9-2-1.jpg,2,Fear,4,Neutral,0.07819729,0.4707528,False,True,0.13113286,0.10690114,0.07819729,0.060784835,0.4707528,0.100352585,0.051878456
1700479432977-2-1-4-12-1-0,1700479432977-2-1-4-12-1-0-01,1700479432977-2-1-4-12-1,1700479432977,2,1,4,12,0,Central,/workspace/datasets/emoji-hero-vr-db-di/test_set/Disgust/1700479432977-2-1-4-12-1-0,1,1700479432017,/workspace/datasets/emoji-hero-vr-db-di/test_set/Disgust/1700479432977-2-1-4-12-1-0/1700479432017-2-1-4-12-1-0.jpg,1,Disgust,3,Happiness,0.017002532,0.91626465,False,True,0.014547553,0.017002532,0.01597427,0.91626465,0.02262925,0.008532445,0.0050493507
1700479432977-2-1-4-12-1-1,1700479432977-2-1-4-12-1-1-01,1700479432977-2-1-4-12-1,1700479432977,2,1,4,12,1,Side,/workspace/datasets/emoji-hero-vr-db-di/test_set/Disgust/1700479432977-2-1-4-12-1-1,1,1700479432017,/workspace/datasets/emoji-hero-vr-db-di/test_set/Disgust/1700479432977-2-1-4-12-1-1/1700479432017-2-1-4-12-1-1.jpg,1,Disgust,3,Happiness,0.08084221,0.36696944,False,True,0.031951945,0.08084221,0.3643639,0.36696944,0.046570502,0.022282053,0.08701995
1700479435090-2-1-4-13-3-0,1700479435090-2-1-4-13-3-0-01,1700479435090-2-1-4-13-3,1700479435090,2,1,4,13,0,Central,/workspace/datasets/emoji-hero-vr-db-di/test_set/Happiness/1700479435090-2-1-4-13-3-0,1,1700479434119,/workspace/datasets/emoji-hero-vr-db-di/test_set/Happiness/1700479435090-2-1-4-13-3-0/1700479434119-2-1-4-13-3-0.jpg,3,Happiness,3,Happiness,0.88231313,0.88231313,True,True,0.021904476,0.030353095,0.019435817,0.88231313,0.026690774,0.013627453,0.0056753196
1700479435090-2-1-4-13-3-1,1700479435090-2-1-4-13-3-1-01,1700479435090-2-1-4-13-3,1700479435090,2,1,4,13,1,Side,/workspace/datasets/emoji-hero-vr-db-di/test_set/Happiness/1700479435090-2-1-4-13-3-1,1,1700479434119,/workspace/datasets/emoji-hero-vr-db-di/test_set/Happiness/1700479435090-2-1-4-13-3-1/1700479434119-2-1-4-13-3-1.jpg,3,Happiness,3,Happiness,0.83153224,0.83153224,True,True,0.025696965,0.03299936,0.037731003,0.83153224,0.041557696,0.014223491,0.016259326
1700479438658-2-1-4-15-1-0,1700479438658-2-1-4-15-1-0-01,1700479438658-2-1-4-15-1,1700479438658,2,1,4,15,0,Central,/workspace/datasets/emoji-hero-vr-db-di/test_set/Disgust/1700479438658-2-1-4-15-1-0,1,1700479437690,/workspace/datasets/emoji-hero-vr-db-di/test_set/Disgust/1700479438658-2-1-4-15-1-0/1700479437690-2-1-4-15-1-0.jpg,1,Disgust,0,Anger,0.1020162,0.36375535,False,True,0.36375535,0.1020162,0.07549178,0.22566032,0.11608315,0.06731949,0.049673736
1700479438658-2-1-4-15-1-1,1700479438658-2-1-4-15-1-1-01,1700479438658-2-1-4-15-1,1700479438658,2,1,4,15,1,Side,/workspace/datasets/emoji-hero-vr-db-di/test_set/Disgust/1700479438658-2-1-4-15-1-1,1,1700479437690,/workspace/datasets/emoji-hero-vr-db-di/test_set/Disgust/1700479438658-2-1-4-15-1-1/1700479437690-2-1-4-15-1-1.jpg,1,Disgust,4,Neutral,0.08874145,0.44391432,False,True,0.11908808,0.08874145,0.08993381,0.12325806,0.44391432,0.0815087,0.053555593
1700479442178-2-1-4-17-5-0,1700479442178-2-1-4-17-5-0-01,1700479442178-2-1-4-17-5,1700479442178,2,1,4,17,0,Central,/workspace/datasets/emoji-hero-vr-db-di/test_set/Sadness/1700479442178-2-1-4-17-5-0,1,1700479441208,/workspace/datasets/emoji-hero-vr-db-di/test_set/Sadness/1700479442178-2-1-4-17-5-0/1700479441208-2-1-4-17-5-0.jpg,5,Sadness,2,Fear,0.038189273,0.5117975,False,True,0.05080801,0.100689456,0.5117975,0.10220108,0.107323535,0.038189273,0.08899116
1700479442178-2-1-4-17-5-1,1700479442178-2-1-4-17-5-1-01,1700479442178-2-1-4-17-5,1700479442178,2,1,4,17,1,Side,/workspace/datasets/emoji-hero-vr-db-di/test_set/Sadness/1700479442178-2-1-4-17-5-1,1,1700479441208,/workspace/datasets/emoji-hero-vr-db-di/test_set/Sadness/1700479442178-2-1-4-17-5-1/1700479441208-2-1-4-17-5-1.jpg,5,Sadness,2,Fear,0.014206152,0.76088357,False,True,0.012443657,0.0390705,0.76088357,0.035845533,0.025463568,0.014206152,0.11208695
1700479445256-2-1-4-19-6-0,1700479445256-2-1-4-19-6-0-01,1700479445256-2-1-4-19-6,1700479445256,2,1,4,19,0,Central,/workspace/datasets/emoji-hero-vr-db-di/test_set/Surprise/1700479445256-2-1-4-19-6-0,1,1700479444296,/workspace/datasets/emoji-hero-vr-db-di/test_set/Surprise/1700479445256-2-1-4-19-6-0/1700479444296-2-1-4-19-6-0.jpg,6,Surprise,4,Neutral,0.07224389,0.40127704,False,True,0.12431676,0.08683046,0.07795219,0.16684262,0.40127704,0.07053709,0.07224389
1700479445256-2-1-4-19-6-1,1700479445256-2-1-4-19-6-1-01,1700479445256-2-1-4-19-6,1700479445256,2,1,4,19,1,Side,/workspace/datasets/emoji-hero-vr-db-di/test_set/Surprise/1700479445256-2-1-4-19-6-1,1,1700479444296,/workspace/datasets/emoji-hero-vr-db-di/test_set/Surprise/1700479445256-2-1-4-19-6-1/1700479444296-2-1-4-19-6-1.jpg,6,Surprise,4,Neutral,0.051048208,0.49028066,False,True,0.12427715,0.087991565,0.06988438,0.09171867,0.49028066,0.084799446,0.051048208
1700479447373-2-1-4-20-5-0,1700479447373-2-1-4-20-5-0-01,1700479447373-2-1-4-20-5,1700479447373,2,1,4,20,0,Central,/workspace/datasets/emoji-hero-vr-db-di/test_set/Sadness/1700479447373-2-1-4-20-5-0,1,1700479446411,/workspace/datasets/emoji-hero-vr-db-di/test_set/Sadness/1700479447373-2-1-4-20-5-0/1700479446411-2-1-4-20-5-0.jpg,5,Sadness,5,Sadness,0.6862037,0.6862037,True,True,0.08711248,0.12308266,0.022663612,0.019290924,0.040913437,0.6862037,0.020733163
1700479447373-2-1-4-20-5-1,1700479447373-2-1-4-20-5-1-01,1700479447373-2-1-4-20-5,1700479447373,2,1,4,20,1,Side,/workspace/datasets/emoji-hero-vr-db-di/test_set/Sadness/1700479447373-2-1-4-20-5-1,1,1700479446411,/workspace/datasets/emoji-hero-vr-db-di/test_set/Sadness/1700479447373-2-1-4-20-5-1/1700479446411-2-1-4-20-5-1.jpg,5,Sadness,5,Sadness,0.63977087,0.63977087,True,True,0.067056574,0.19366825,0.0309057,0.018031532,0.031635575,0.63977087,0.018931508
1700479452800-2-1-4-23-2-0,1700479452800-2-1-4-23-2-0-01,1700479452800-2-1-4-23-2,1700479452800,2,1,4,23,0,Central,/workspace/datasets/emoji-hero-vr-db-di/test_set/Fear/1700479452800-2-1-4-23-2-0,1,1700479451827,/workspace/datasets/emoji-hero-vr-db-di/test_set/Fear/1700479452800-2-1-4-23-2-0/1700479451827-2-1-4-23-2-0.jpg,2,Fear,4,Neutral,0.06359445,0.49146426,False,True,0.14461909,0.10125955,0.06359445,0.0562032,0.49146426,0.095697574,0.047161818
1700479452800-2-1-4-23-2-1,1700479452800-2-1-4-23-2-1-01,1700479452800-2-1-4-23-2,1700479452800,2,1,4,23,1,Side,/workspace/datasets/emoji-hero-vr-db-di/test_set/Fear/1700479452800-2-1-4-23-2-1,1,1700479451827,/workspace/datasets/emoji-hero-vr-db-di/test_set/Fear/1700479452800-2-1-4-23-2-1/1700479451827-2-1-4-23-2-1.jpg,2,Fear,4,Neutral,0.09039214,0.45144275,False,True,0.12436015,0.12258718,0.09039214,0.059609424,0.45144275,0.096750066,0.054858282
1700479457287-2-1-4-26-1-0,1700479457287-2-1-4-26-1-0-01,1700479457287-2-1-4-26-1,1700479457287,2,1,4,26,0,Central,/workspace/datasets/emoji-hero-vr-db-di/test_set/Disgust/1700479457287-2-1-4-26-1-0,1,1700479456482,/workspace/datasets/emoji-hero-vr-db-di/test_set/Disgust/1700479457287-2-1-4-26-1-0/1700479456482-2-1-4-26-1-0.jpg,1,Disgust,2,Fear,0.012436974,0.59363675,False,True,0.0050517647,0.012436974,0.59363675,0.014023696,0.01181363,0.008378484,0.3546587
1700479457287-2-1-4-26-1-1,1700479457287-2-1-4-26-1-1-01,1700479457287-2-1-4-26-1,1700479457287,2,1,4,26,1,Side,/workspace/datasets/emoji-hero-vr-db-di/test_set/Disgust/1700479457287-2-1-4-26-1-1,1,1700479456482,/workspace/datasets/emoji-hero-vr-db-di/test_set/Disgust/1700479457287-2-1-4-26-1-1/1700479456482-2-1-4-26-1-1.jpg,1,Disgust,2,Fear,0.028451847,0.81999755,False,True,0.007981451,0.028451847,0.81999755,0.02557323,0.017858576,0.010081536,0.09005581
1700479459026-2-1-4-27-6-0,1700479459026-2-1-4-27-6-0-01,1700479459026-2-1-4-27-6,1700479459026,2,1,4,27,0,Central,/workspace/datasets/emoji-hero-vr-db-di/test_set/Surprise/1700479459026-2-1-4-27-6-0,1,1700479458252,/workspace/datasets/emoji-hero-vr-db-di/test_set/Surprise/1700479459026-2-1-4-27-6-0/1700479458252-2-1-4-27-6-0.jpg,6,Surprise,2,Fear,0.064432435,0.24154209,False,True,0.10902294,0.2389955,0.24154209,0.0666876,0.19244327,0.08687617,0.064432435
1700479459026-2-1-4-27-6-1,1700479459026-2-1-4-27-6-1-01,1700479459026-2-1-4-27-6,1700479459026,2,1,4,27,1,Side,/workspace/datasets/emoji-hero-vr-db-di/test_set/Surprise/1700479459026-2-1-4-27-6-1,1,1700479458252,/workspace/datasets/emoji-hero-vr-db-di/test_set/Surprise/1700479459026-2-1-4-27-6-1/1700479458252-2-1-4-27-6-1.jpg,6,Surprise,2,Fear,0.081734315,0.3068006,False,True,0.09257309,0.16691741,0.3068006,0.07865095,0.20730984,0.06601386,0.081734315
1700567688235-2-8-1-0-0-0,1700567688235-2-8-1-0-0-0-01,1700567688235-2-8-1-0-0,1700567688235,2,8,1,0,0,Central,/workspace/datasets/emoji-hero-vr-db-di/test_set/Anger/1700567688235-2-8-1-0-0-0,1,1700567687390,/workspace/datasets/emoji-hero-vr-db-di/test_set/Anger/1700567688235-2-8-1-0-0-0/1700567687390-2-8-1-0-0-0.jpg,0,Anger,1,Disgust,0.3118892,0.38523892,False,False,0.3118892,0.38523892,0.040509727,0.020030485,0.020091055,0.19850825,0.023732375
1700567688235-2-8-1-0-0-1,1700567688235-2-8-1-0-0-1-01,1700567688235-2-8-1-0-0,1700567688235,2,8,1,0,1,Side,/workspace/datasets/emoji-hero-vr-db-di/test_set/Anger/1700567688235-2-8-1-0-0-1,1,1700567687390,/workspace/datasets/emoji-hero-vr-db-di/test_set/Anger/1700567688235-2-8-1-0-0-1/1700567687390-2-8-1-0-0-1.jpg,0,Anger,1,Disgust,0.09904003,0.72298026,False,False,0.09904003,0.72298026,0.06953294,0.025948197,0.014080726,0.03990265,0.028515238
1700567691497-2-8-1-1-5-0,1700567691497-2-8-1-1-5-0-01,1700567691497-2-8-1-1-5,1700567691497,2,8,1,1,0,Central,/workspace/datasets/emoji-hero-vr-db-di/test_set/Sadness/1700567691497-2-8-1-1-5-0,1,1700567690530,/workspace/datasets/emoji-hero-vr-db-di/test_set/Sadness/1700567691497-2-8-1-1-5-0/1700567690530-2-8-1-1-5-0.jpg,5,Sadness,5,Sadness,0.37380034,0.37380034,True,True,0.1412213,0.3473047,0.05184894,0.021794973,0.03416007,0.37380034,0.029869664
1700567691497-2-8-1-1-5-1,1700567691497-2-8-1-1-5-1-01,1700567691497-2-8-1-1-5,1700567691497,2,8,1,1,1,Side,/workspace/datasets/emoji-hero-vr-db-di/test_set/Sadness/1700567691497-2-8-1-1-5-1,1,1700567690530,/workspace/datasets/emoji-hero-vr-db-di/test_set/Sadness/1700567691497-2-8-1-1-5-1/1700567690530-2-8-1-1-5-1.jpg,5,Sadness,2,Fear,0.084717475,0.30266666,False,True,0.110604435,0.28469706,0.30266666,0.06409054,0.07977646,0.084717475,0.073447384
1700567693686-2-8-1-2-3-0,1700567693686-2-8-1-2-3-0-01,1700567693686-2-8-1-2-3,1700567693686,2,8,1,2,0,Central,/workspace/datasets/emoji-hero-vr-db-di/test_set/Happiness/1700567693686-2-8-1-2-3-0,1,1700567692714,/workspace/datasets/emoji-hero-vr-db-di/test_set/Happiness/1700567693686-2-8-1-2-3-0/1700567692714-2-8-1-2-3-0.jpg,3,Happiness,0,Anger,0.02770739,0.5343201,False,True,0.5343201,0.2133814,0.03939062,0.02770739,0.030335244,0.13233934,0.02252588
1700567693686-2-8-1-2-3-1,1700567693686-2-8-1-2-3-1-01,1700567693686-2-8-1-2-3,1700567693686,2,8,1,2,1,Side,/workspace/datasets/emoji-hero-vr-db-di/test_set/Happiness/1700567693686-2-8-1-2-3-1,1,1700567692714,/workspace/datasets/emoji-hero-vr-db-di/test_set/Happiness/1700567693686-2-8-1-2-3-1/1700567692714-2-8-1-2-3-1.jpg,3,Happiness,0,Anger,0.04183308,0.50134414,False,True,0.50134414,0.23914659,0.045249622,0.04183308,0.03347428,0.104172386,0.03477989
1700567695958-2-8-1-3-0-0,1700567695958-2-8-1-3-0-0-01,1700567695958-2-8-1-3-0,1700567695958,2,8,1,3,0,Central,/workspace/datasets/emoji-hero-vr-db-di/test_set/Anger/1700567695958-2-8-1-3-0-0,1,1700567694997,/workspace/datasets/emoji-hero-vr-db-di/test_set/Anger/1700567695958-2-8-1-3-0-0/1700567694997-2-8-1-3-0-0.jpg,0,Anger,1,Disgust,0.04391571,0.43143487,False,False,0.04391571,0.43143487,0.3526915,0.046266902,0.026457021,0.051751744,0.04748221
1700567695958-2-8-1-3-0-1,1700567695958-2-8-1-3-0-1-01,1700567695958-2-8-1-3-0,1700567695958,2,8,1,3,1,Side,/workspace/datasets/emoji-hero-vr-db-di/test_set/Anger/1700567695958-2-8-1-3-0-1,1,1700567694997,/workspace/datasets/emoji-hero-vr-db-di/test_set/Anger/1700567695958-2-8-1-3-0-1/1700567694997-2-8-1-3-0-1.jpg,0,Anger,2,Fear,0.10929582,0.31992915,False,False,0.10929582,0.2528015,0.31992915,0.08457287,0.07106229,0.07181309,0.09052529
1700567698824-2-8-1-4-0-0,1700567698824-2-8-1-4-0-0-01,1700567698824-2-8-1-4-0,1700567698824,2,8,1,4,0,Central,/workspace/datasets/emoji-hero-vr-db-di/test_set/Anger/1700567698824-2-8-1-4-0-0,1,1700567697866,/workspace/datasets/emoji-hero-vr-db-di/test_set/Anger/1700567698824-2-8-1-4-0-0/1700567697866-2-8-1-4-0-0.jpg,0,Anger,0,Anger,0.5583919,0.5583919,True,False,0.5583919,0.199375,0.04007387,0.033505928,0.0283746,0.110363,0.029915687
1700567698824-2-8-1-4-0-1,1700567698824-2-8-1-4-0-1-01,1700567698824-2-8-1-4-0,1700567698824,2,8,1,4,1,Side,/workspace/datasets/emoji-hero-vr-db-di/test_set/Anger/1700567698824-2-8-1-4-0-1,1,1700567697866,/workspace/datasets/emoji-hero-vr-db-di/test_set/Anger/1700567698824-2-8-1-4-0-1/1700567697866-2-8-1-4-0-1.jpg,0,Anger,0,Anger,0.5315599,0.5315599,True,False,0.5315599,0.15820156,0.047265247,0.057471722,0.05150266,0.11715479,0.03684412
1700567702985-2-8-1-6-3-0,1700567702985-2-8-1-6-3-0-01,1700567702985-2-8-1-6-3,1700567702985,2,8,1,6,0,Central,/workspace/datasets/emoji-hero-vr-db-di/test_set/Happiness/1700567702985-2-8-1-6-3-0,1,1700567702435,/workspace/datasets/emoji-hero-vr-db-di/test_set/Happiness/1700567702985-2-8-1-6-3-0/1700567702435-2-8-1-6-3-0.jpg,3,Happiness,5,Sadness,0.021764915,0.40581444,False,False,0.23920599,0.22268237,0.044000726,0.021764915,0.038287636,0.40581444,0.028244007
1700567702985-2-8-1-6-3-1,1700567702985-2-8-1-6-3-1-01,1700567702985-2-8-1-6-3,1700567702985,2,8,1,6,1,Side,/workspace/datasets/emoji-hero-vr-db-di/test_set/Happiness/1700567702985-2-8-1-6-3-1,1,1700567702435,/workspace/datasets/emoji-hero-vr-db-di/test_set/Happiness/1700567702985-2-8-1-6-3-1/1700567702435-2-8-1-6-3-1.jpg,3,Happiness,0,Anger,0.056826442,0.49033335,False,False,0.49033335,0.16692957,0.055716574,0.056826442,0.063006744,0.12697835,0.04020902
1700567706828-2-8-1-7-5-0,1700567706828-2-8-1-7-5-0-01,1700567706828-2-8-1-7-5,1700567706828,2,8,1,7,0,Central,/workspace/datasets/emoji-hero-vr-db-di/test_set/Sadness/1700567706828-2-8-1-7-5-0,1,1700567705816,/workspace/datasets/emoji-hero-vr-db-di/test_set/Sadness/1700567706828-2-8-1-7-5-0/1700567705816-2-8-1-7-5-0.jpg,5,Sadness,5,Sadness,0.36911556,0.36911556,True,True,0.2509698,0.20572397,0.05338425,0.027384011,0.06480959,0.36911556,0.028612768
1700567706828-2-8-1-7-5-1,1700567706828-2-8-1-7-5-1-01,1700567706828-2-8-1-7-5,1700567706828,2,8,1,7,1,Side,/workspace/datasets/emoji-hero-vr-db-di/test_set/Sadness/1700567706828-2-8-1-7-5-1,1,1700567705816,/workspace/datasets/emoji-hero-vr-db-di/test_set/Sadness/1700567706828-2-8-1-7-5-1/1700567705816-2-8-1-7-5-1.jpg,5,Sadness,0,Anger,0.13156994,0.4573732,False,False,0.4573732,0.134071,0.051580764,0.064444624,0.1271296,0.13156994,0.033830807
1700567708570-2-8-1-8-3-0,1700567708570-2-8-1-8-3-0-01,1700567708570-2-8-1-8-3,1700567708570,2,8,1,8,0,Central,/workspace/datasets/emoji-hero-vr-db-di/test_set/Happiness/1700567708570-2-8-1-8-3-0,1,1700567707596,/workspace/datasets/emoji-hero-vr-db-di/test_set/Happiness/1700567708570-2-8-1-8-3-0/1700567707596-2-8-1-8-3-0.jpg,3,Happiness,5,Sadness,0.026963128,0.37324923,False,True,0.31148413,0.14304154,0.04645076,0.026963128,0.073992826,0.37324923,0.024818383
1700567708570-2-8-1-8-3-1,1700567708570-2-8-1-8-3-1-01,1700567708570-2-8-1-8-3,1700567708570,2,8,1,8,1,Side,/workspace/datasets/emoji-hero-vr-db-di/test_set/Happiness/1700567708570-2-8-1-8-3-1,1,1700567707596,/workspace/datasets/emoji-hero-vr-db-di/test_set/Happiness/1700567708570-2-8-1-8-3-1/1700567707596-2-8-1-8-3-1.jpg,3,Happiness,0,Anger,0.057851464,0.40672663,False,False,0.40672663,0.22379188,0.07324904,0.057851464,0.06585671,0.13535346,0.037170853
1700567787758-2-8-2-1-1-0,1700567787758-2-8-2-1-1-0-01,1700567787758-2-8-2-1-1,1700567787758,2,8,2,1,0,Central,/workspace/datasets/emoji-hero-vr-db-di/test_set/Disgust/1700567787758-2-8-2-1-1-0,1,1700567786798,/workspace/datasets/emoji-hero-vr-db-di/test_set/Disgust/1700567787758-2-8-2-1-1-0/1700567786798-2-8-2-1-1-0.jpg,1,Disgust,5,Sadness,0.2196518,0.4976955,False,True,0.14405994,0.2196518,0.0420755,0.02322615,0.04642057,0.4976955,0.026870502
1700567787758-2-8-2-1-1-1,1700567787758-2-8-2-1-1-1-01,1700567787758-2-8-2-1-1,1700567787758,2,8,2,1,1,Side,/workspace/datasets/emoji-hero-vr-db-di/test_set/Disgust/1700567787758-2-8-2-1-1-1,1,1700567786798,/workspace/datasets/emoji-hero-vr-db-di/test_set/Disgust/1700567787758-2-8-2-1-1-1/1700567786798-2-8-2-1-1-1.jpg,1,Disgust,0,Anger,0.26368108,0.4141517,False,True,0.4141517,0.26368108,0.06644909,0.05095028,0.051823474,0.10968514,0.04325925
1700567790485-2-8-2-2-6-0,1700567790485-2-8-2-2-6-0-01,1700567790485-2-8-2-2-6,1700567790485,2,8,2,2,0,Central,/workspace/datasets/emoji-hero-vr-db-di/test_set/Surprise/1700567790485-2-8-2-2-6-0,1,1700567789520,/workspace/datasets/emoji-hero-vr-db-di/test_set/Surprise/1700567790485-2-8-2-2-6-0/1700567789520-2-8-2-2-6-0.jpg,6,Surprise,3,Happiness,0.0049498654,0.9167393,False,False,0.01356441,0.017912144,0.015816405,0.9167393,0.023100695,0.0079171145,0.0049498654
1700567790485-2-8-2-2-6-1,1700567790485-2-8-2-2-6-1-01,1700567790485-2-8-2-2-6,1700567790485,2,8,2,2,1,Side,/workspace/datasets/emoji-hero-vr-db-di/test_set/Surprise/1700567790485-2-8-2-2-6-1,1,1700567789520,/workspace/datasets/emoji-hero-vr-db-di/test_set/Surprise/1700567790485-2-8-2-2-6-1/1700567789520-2-8-2-2-6-1.jpg,6,Surprise,1,Disgust,0.08763104,0.5082539,False,True,0.09239785,0.5082539,0.19245039,0.053622246,0.024733309,0.040911347,0.08763104
1700567792669-2-8-2-3-2-0,1700567792669-2-8-2-3-2-0-01,1700567792669-2-8-2-3-2,1700567792669,2,8,2,3,0,Central,/workspace/datasets/emoji-hero-vr-db-di/test_set/Fear/1700567792669-2-8-2-3-2-0,1,1700567791741,/workspace/datasets/emoji-hero-vr-db-di/test_set/Fear/1700567792669-2-8-2-3-2-0/1700567791741-2-8-2-3-2-0.jpg,2,Fear,1,Disgust,0.36554855,0.3720889,False,False,0.048592538,0.3720889,0.36554855,0.04798978,0.044342738,0.0646436,0.05679388
1700567792669-2-8-2-3-2-1,1700567792669-2-8-2-3-2-1-01,1700567792669-2-8-2-3-2,1700567792669,2,8,2,3,1,Side,/workspace/datasets/emoji-hero-vr-db-di/test_set/Fear/1700567792669-2-8-2-3-2-1,1,1700567791741,/workspace/datasets/emoji-hero-vr-db-di/test_set/Fear/1700567792669-2-8-2-3-2-1/1700567791741-2-8-2-3-2-1.jpg,2,Fear,2,Fear,0.19775565,0.19775565,True,True,0.18787009,0.18955563,0.19775565,0.08658866,0.15072419,0.12077559,0.06673019
1700567795123-2-8-2-4-1-0,1700567795123-2-8-2-4-1-0-01,1700567795123-2-8-2-4-1,1700567795123,2,8,2,4,0,Central,/workspace/datasets/emoji-hero-vr-db-di/test_set/Disgust/1700567795123-2-8-2-4-1-0,1,1700567794162,/workspace/datasets/emoji-hero-vr-db-di/test_set/Disgust/1700567795123-2-8-2-4-1-0/1700567794162-2-8-2-4-1-0.jpg,1,Disgust,2,Fear,0.35113218,0.3754952,False,True,0.045408107,0.35113218,0.3754952,0.035428286,0.037173707,0.09616691,0.059195653
1700567795123-2-8-2-4-1-1,1700567795123-2-8-2-4-1-1-01,1700567795123-2-8-2-4-1,1700567795123,2,8,2,4,1,Side,/workspace/datasets/emoji-hero-vr-db-di/test_set/Disgust/1700567795123-2-8-2-4-1-1,1,1700567794162,/workspace/datasets/emoji-hero-vr-db-di/test_set/Disgust/1700567795123-2-8-2-4-1-1/1700567794162-2-8-2-4-1-1.jpg,1,Disgust,2,Fear,0.07535256,0.6957054,False,True,0.023234352,0.07535256,0.6957054,0.051506218,0.037148464,0.024774294,0.09227868
1700567799982-2-8-2-6-2-0,1700567799982-2-8-2-6-2-0-01,1700567799982-2-8-2-6-2,1700567799982,2,8,2,6,0,Central,/workspace/datasets/emoji-hero-vr-db-di/test_set/Fear/1700567799982-2-8-2-6-2-0,1,1700567799022,/workspace/datasets/emoji-hero-vr-db-di/test_set/Fear/1700567799982-2-8-2-6-2-0/1700567799022-2-8-2-6-2-0.jpg,2,Fear,1,Disgust,0.078900605,0.5449969,False,True,0.19825888,0.5449969,0.078900605,0.033761796,0.02759245,0.08116343,0.035325944
1700567799982-2-8-2-6-2-1,1700567799982-2-8-2-6-2-1-01,1700567799982-2-8-2-6-2,1700567799982,2,8,2,6,1,Side,/workspace/datasets/emoji-hero-vr-db-di/test_set/Fear/1700567799982-2-8-2-6-2-1,1,1700567799022,/workspace/datasets/emoji-hero-vr-db-di/test_set/Fear/1700567799982-2-8-2-6-2-1/1700567799022-2-8-2-6-2-1.jpg,2,Fear,1,Disgust,0.20273057,0.32044822,False,False,0.1569044,0.32044822,0.20273057,0.069196954,0.085814014,0.10499295,0.059912868
1700567803057-2-8-2-7-4-0,1700567803057-2-8-2-7-4-0-01,1700567803057-2-8-2-7-4,1700567803057,2,8,2,7,0,Central,/workspace/datasets/emoji-hero-vr-db-di/test_set/Neutral/1700567803057-2-8-2-7-4-0,1,1700567802160,/workspace/datasets/emoji-hero-vr-db-di/test_set/Neutral/1700567803057-2-8-2-7-4-0/1700567802160-2-8-2-7-4-0.jpg,4,Neutral,5,Sadness,0.026421437,0.81624526,False,False,0.063686416,0.061977226,0.010642348,0.0102161905,0.026421437,0.81624526,0.010811157
1700567803057-2-8-2-7-4-1,1700567803057-2-8-2-7-4-1-01,1700567803057-2-8-2-7-4,1700567803057,2,8,2,7,1,Side,/workspace/datasets/emoji-hero-vr-db-di/test_set/Neutral/1700567803057-2-8-2-7-4-1,1,1700567802160,/workspace/datasets/emoji-hero-vr-db-di/test_set/Neutral/1700567803057-2-8-2-7-4-1/1700567802160-2-8-2-7-4-1.jpg,4,Neutral,1,Disgust,0.044285584,0.39547375,False,False,0.216944,0.39547375,0.09701129,0.044689674,0.044285584,0.16364,0.03795574
1700567804174-2-8-2-8-6-0,1700567804174-2-8-2-8-6-0-01,1700567804174-2-8-2-8-6,1700567804174,2,8,2,8,0,Central,/workspace/datasets/emoji-hero-vr-db-di/test_set/Surprise/1700567804174-2-8-2-8-6-0,1,1700567803493,/workspace/datasets/emoji-hero-vr-db-di/test_set/Surprise/1700567804174-2-8-2-8-6-0/1700567803493-2-8-2-8-6-0.jpg,6,Surprise,5,Sadness,0.021964988,0.389805,False,True,0.3249377,0.15258367,0.03935377,0.021175573,0.05017927,0.389805,0.021964988
1700567804174-2-8-2-8-6-1,1700567804174-2-8-2-8-6-1-01,1700567804174-2-8-2-8-6,1700567804174,2,8,2,8,1,Side,/workspace/datasets/emoji-hero-vr-db-di/test_set/Surprise/1700567804174-2-8-2-8-6-1,1,1700567803493,/workspace/datasets/emoji-hero-vr-db-di/test_set/Surprise/1700567804174-2-8-2-8-6-1/1700567803493-2-8-2-8-6-1.jpg,6,Surprise,0,Anger,0.035701387,0.47450513,False,True,0.47450513,0.20909646,0.051383406,0.044855095,0.04772204,0.1367365,0.035701387
1700567807289-2-8-2-9-6-0,1700567807289-2-8-2-9-6-0-01,1700567807289-2-8-2-9-6,1700567807289,2,8,2,9,0,Central,/workspace/datasets/emoji-hero-vr-db-di/test_set/Surprise/1700567807289-2-8-2-9-6-0,1,1700567806317,/workspace/datasets/emoji-hero-vr-db-di/test_set/Surprise/1700567807289-2-8-2-9-6-0/1700567806317-2-8-2-9-6-0.jpg,6,Surprise,5,Sadness,0.018635096,0.7105368,False,False,0.08688468,0.11311214,0.020652976,0.015199405,0.034978937,0.7105368,0.018635096
1700567807289-2-8-2-9-6-1,1700567807289-2-8-2-9-6-1-01,1700567807289-2-8-2-9-6,1700567807289,2,8,2,9,1,Side,/workspace/datasets/emoji-hero-vr-db-di/test_set/Surprise/1700567807289-2-8-2-9-6-1,1,1700567806317,/workspace/datasets/emoji-hero-vr-db-di/test_set/Surprise/1700567807289-2-8-2-9-6-1/1700567806317-2-8-2-9-6-1.jpg,6,Surprise,0,Anger,0.029321617,0.5102931,False,True,0.5102931,0.13344136,0.0434003,0.047044784,0.06735597,0.16914281,0.029321617
1700567809324-2-8-2-10-2-0,1700567809324-2-8-2-10-2-0-01,1700567809324-2-8-2-10-2,1700567809324,2,8,2,10,0,Central,/workspace/datasets/emoji-hero-vr-db-di/test_set/Fear/1700567809324-2-8-2-10-2-0,1,1700567808547,/workspace/datasets/emoji-hero-vr-db-di/test_set/Fear/1700567809324-2-8-2-10-2-0/1700567808547-2-8-2-10-2-0.jpg,2,Fear,2,Fear,0.6038946,0.6038946,True,True,0.03524512,0.14940119,0.6038946,0.04235961,0.04874212,0.047777403,0.072579935
1700567809324-2-8-2-10-2-1,1700567809324-2-8-2-10-2-1-01,1700567809324-2-8-2-10-2,1700567809324,2,8,2,10,1,Side,/workspace/datasets/emoji-hero-vr-db-di/test_set/Fear/1700567809324-2-8-2-10-2-1,1,1700567808547,/workspace/datasets/emoji-hero-vr-db-di/test_set/Fear/1700567809324-2-8-2-10-2-1/1700567808547-2-8-2-10-2-1.jpg,2,Fear,1,Disgust,0.26052392,0.38186648,False,True,0.094294354,0.38186648,0.26052392,0.064448446,0.053608675,0.081021376,0.06423673
1700567812479-2-8-2-11-4-0,1700567812479-2-8-2-11-4-0-01,1700567812479-2-8-2-11-4,1700567812479,2,8,2,11,0,Central,/workspace/datasets/emoji-hero-vr-db-di/test_set/Neutral/1700567812479-2-8-2-11-4-0,1,1700567811509,/workspace/datasets/emoji-hero-vr-db-di/test_set/Neutral/1700567812479-2-8-2-11-4-0/1700567811509-2-8-2-11-4-0.jpg,4,Neutral,5,Sadness,0.26792622,0.37740502,False,False,0.17253302,0.076585315,0.04711621,0.028060615,0.26792622,0.37740502,0.03037365
1700567812479-2-8-2-11-4-1,1700567812479-2-8-2-11-4-1-01,1700567812479-2-8-2-11-4,1700567812479,2,8,2,11,1,Side,/workspace/datasets/emoji-hero-vr-db-di/test_set/Neutral/1700567812479-2-8-2-11-4-1,1,1700567811509,/workspace/datasets/emoji-hero-vr-db-di/test_set/Neutral/1700567812479-2-8-2-11-4-1/1700567811509-2-8-2-11-4-1.jpg,4,Neutral,0,Anger,0.049434613,0.40444258,False,False,0.40444258,0.27343038,0.059073444,0.047575556,0.049434613,0.13069072,0.035352673
1700567902030-2-8-3-0-4-0,1700567902030-2-8-3-0-4-0-01,1700567902030-2-8-3-0-4,1700567902030,2,8,3,0,0,Central,/workspace/datasets/emoji-hero-vr-db-di/test_set/Neutral/1700567902030-2-8-3-0-4-0,1,1700567901056,/workspace/datasets/emoji-hero-vr-db-di/test_set/Neutral/1700567902030-2-8-3-0-4-0/1700567901056-2-8-3-0-4-0.jpg,4,Neutral,5,Sadness,0.035732973,0.5420284,False,False,0.10845154,0.22915581,0.03662434,0.019526863,0.035732973,0.5420284,0.028480105
1700567902030-2-8-3-0-4-1,1700567902030-2-8-3-0-4-1-01,1700567902030-2-8-3-0-4,1700567902030,2,8,3,0,1,Side,/workspace/datasets/emoji-hero-vr-db-di/test_set/Neutral/1700567902030-2-8-3-0-4-1,1,1700567901056,/workspace/datasets/emoji-hero-vr-db-di/test_set/Neutral/1700567902030-2-8-3-0-4-1/1700567901056-2-8-3-0-4-1.jpg,4,Neutral,0,Anger,0.037875913,0.47101566,False,False,0.47101566,0.25142294,0.051314987,0.047572754,0.037875913,0.10551878,0.035278972
1700567903352-2-8-3-1-1-0,1700567903352-2-8-3-1-1-0-01,1700567903352-2-8-3-1-1,1700567903352,2,8,3,1,0,Central,/workspace/datasets/emoji-hero-vr-db-di/test_set/Disgust/1700567903352-2-8-3-1-1-0,1,1700567902793,/workspace/datasets/emoji-hero-vr-db-di/test_set/Disgust/1700567903352-2-8-3-1-1-0/1700567902793-2-8-3-1-1-0.jpg,1,Disgust,5,Sadness,0.14086778,0.677719,False,True,0.09124946,0.14086778,0.022659894,0.014956615,0.03203571,0.677719,0.020511467
1700567903352-2-8-3-1-1-1,1700567903352-2-8-3-1-1-1-01,1700567903352-2-8-3-1-1,1700567903352,2,8,3,1,1,Side,/workspace/datasets/emoji-hero-vr-db-di/test_set/Disgust/1700567903352-2-8-3-1-1-1,1,1700567902793,/workspace/datasets/emoji-hero-vr-db-di/test_set/Disgust/1700567903352-2-8-3-1-1-1/1700567902793-2-8-3-1-1-1.jpg,1,Disgust,0,Anger,0.16439877,0.57538176,False,True,0.57538176,0.16439877,0.035628967,0.03987455,0.036522694,0.12179766,0.026395595
1700567906760-2-8-3-2-0-0,1700567906760-2-8-3-2-0-0-01,1700567906760-2-8-3-2-0,1700567906760,2,8,3,2,0,Central,/workspace/datasets/emoji-hero-vr-db-di/test_set/Anger/1700567906760-2-8-3-2-0-0,1,1700567905784,/workspace/datasets/emoji-hero-vr-db-di/test_set/Anger/1700567906760-2-8-3-2-0-0/1700567905784-2-8-3-2-0-0.jpg,0,Anger,0,Anger,0.49549204,0.49549204,True,False,0.49549204,0.29088107,0.031303342,0.025569858,0.018302994,0.11221369,0.026236989
1700567906760-2-8-3-2-0-1,1700567906760-2-8-3-2-0-1-01,1700567906760-2-8-3-2-0,1700567906760,2,8,3,2,1,Side,/workspace/datasets/emoji-hero-vr-db-di/test_set/Anger/1700567906760-2-8-3-2-0-1,1,1700567905784,/workspace/datasets/emoji-hero-vr-db-di/test_set/Anger/1700567906760-2-8-3-2-0-1/1700567905784-2-8-3-2-0-1.jpg,0,Anger,0,Anger,0.5825077,0.5825077,True,False,0.5825077,0.16525461,0.040900562,0.053559005,0.033408664,0.09310169,0.03126773
1700567907954-2-8-3-3-6-0,1700567907954-2-8-3-3-6-0-01,1700567907954-2-8-3-3-6,1700567907954,2,8,3,3,0,Central,/workspace/datasets/emoji-hero-vr-db-di/test_set/Surprise/1700567907954-2-8-3-3-6-0,1,1700567906984,/workspace/datasets/emoji-hero-vr-db-di/test_set/Surprise/1700567907954-2-8-3-3-6-0/1700567906984-2-8-3-3-6-0.jpg,6,Surprise,1,Disgust,0.034080032,0.6463192,False,True,0.067375645,0.6463192,0.15655726,0.03604744,0.020541407,0.039078947,0.034080032
1700567907954-2-8-3-3-6-1,1700567907954-2-8-3-3-6-1-01,1700567907954-2-8-3-3-6,1700567907954,2,8,3,3,1,Side,/workspace/datasets/emoji-hero-vr-db-di/test_set/Surprise/1700567907954-2-8-3-3-6-1,1,1700567906984,/workspace/datasets/emoji-hero-vr-db-di/test_set/Surprise/1700567907954-2-8-3-3-6-1/1700567906984-2-8-3-3-6-1.jpg,6,Surprise,0,Anger,0.054966554,0.275769,False,True,0.275769,0.23093866,0.11409225,0.082629345,0.1280441,0.11356005,0.054966554
1700567911689-2-8-3-5-2-0,1700567911689-2-8-3-5-2-0-01,1700567911689-2-8-3-5-2,1700567911689,2,8,3,5,0,Central,/workspace/datasets/emoji-hero-vr-db-di/test_set/Fear/1700567911689-2-8-3-5-2-0,1,1700567910825,/workspace/datasets/emoji-hero-vr-db-di/test_set/Fear/1700567911689-2-8-3-5-2-0/1700567910825-2-8-3-5-2-0.jpg,2,Fear,1,Disgust,0.2778742,0.36541346,False,False,0.09981071,0.36541346,0.2778742,0.07163161,0.06265034,0.06781408,0.05480561
1700567911689-2-8-3-5-2-1,1700567911689-2-8-3-5-2-1-01,1700567911689-2-8-3-5-2,1700567911689,2,8,3,5,1,Side,/workspace/datasets/emoji-hero-vr-db-di/test_set/Fear/1700567911689-2-8-3-5-2-1,1,1700567910825,/workspace/datasets/emoji-hero-vr-db-di/test_set/Fear/1700567911689-2-8-3-5-2-1/1700567910825-2-8-3-5-2-1.jpg,2,Fear,2,Fear,0.6268468,0.6268468,True,True,0.03313754,0.09532708,0.6268468,0.054329146,0.054479465,0.033967663,0.101912305
1700567914515-2-8-3-6-5-0,1700567914515-2-8-3-6-5-0-01,1700567914515-2-8-3-6-5,1700567914515,2,8,3,6,0,Central,/workspace/datasets/emoji-hero-vr-db-di/test_set/Sadness/1700567914515-2-8-3-6-5-0,1,1700567913554,/workspace/datasets/emoji-hero-vr-db-di/test_set/Sadness/1700567914515-2-8-3-6-5-0/1700567913554-2-8-3-6-5-0.jpg,5,Sadness,5,Sadness,0.83011776,0.83011776,True,True,0.062344655,0.05230545,0.009403645,0.0093138805,0.02544898,0.83011776,0.011065655
1700567914515-2-8-3-6-5-1,1700567914515-2-8-3-6-5-1-01,1700567914515-2-8-3-6-5,1700567914515,2,8,3,6,1,Side,/workspace/datasets/emoji-hero-vr-db-di/test_set/Sadness/1700567914515-2-8-3-6-5-1,1,1700567913554,/workspace/datasets/emoji-hero-vr-db-di/test_set/Sadness/1700567914515-2-8-3-6-5-1/1700567913554-2-8-3-6-5-1.jpg,5,Sadness,0,Anger,0.26605958,0.2700007,False,True,0.2700007,0.2337676,0.06861619,0.045365967,0.08245575,0.26605958,0.033734247
1700567916813-2-8-3-7-5-0,1700567916813-2-8-3-7-5-0-01,1700567916813-2-8-3-7-5,1700567916813,2,8,3,7,0,Central,/workspace/datasets/emoji-hero-vr-db-di/test_set/Sadness/1700567916813-2-8-3-7-5-0,1,1700567915851,/workspace/datasets/emoji-hero-vr-db-di/test_set/Sadness/1700567916813-2-8-3-7-5-0/1700567915851-2-8-3-7-5-0.jpg,5,Sadness,5,Sadness,0.6302984,0.6302984,True,True,0.13453665,0.07530431,0.027290437,0.020002933,0.092047,0.6302984,0.020520236
1700567916813-2-8-3-7-5-1,1700567916813-2-8-3-7-5-1-01,1700567916813-2-8-3-7-5,1700567916813,2,8,3,7,1,Side,/workspace/datasets/emoji-hero-vr-db-di/test_set/Sadness/1700567916813-2-8-3-7-5-1,1,1700567915851,/workspace/datasets/emoji-hero-vr-db-di/test_set/Sadness/1700567916813-2-8-3-7-5-1/1700567915851-2-8-3-7-5-1.jpg,5,Sadness,5,Sadness,0.6422817,0.6422817,True,False,0.15468703,0.07254396,0.021516459,0.024736144,0.063214935,0.6422817,0.021019816
1700567918385-2-8-3-8-0-0,1700567918385-2-8-3-8-0-0-01,1700567918385-2-8-3-8-0,1700567918385,2,8,3,8,0,Central,/workspace/datasets/emoji-hero-vr-db-di/test_set/Anger/1700567918385-2-8-3-8-0-0,1,1700567917424,/workspace/datasets/emoji-hero-vr-db-di/test_set/Anger/1700567918385-2-8-3-8-0-0/1700567917424-2-8-3-8-0-0.jpg,0,Anger,5,Sadness,0.17352554,0.555394,False,False,0.17352554,0.10559645,0.035548076,0.019738141,0.088445075,0.555394,0.021752737
1700567918385-2-8-3-8-0-1,1700567918385-2-8-3-8-0-1-01,1700567918385-2-8-3-8-0,1700567918385,2,8,3,8,1,Side,/workspace/datasets/emoji-hero-vr-db-di/test_set/Anger/1700567918385-2-8-3-8-0-1,1,1700567917424,/workspace/datasets/emoji-hero-vr-db-di/test_set/Anger/1700567918385-2-8-3-8-0-1/1700567917424-2-8-3-8-0-1.jpg,0,Anger,0,Anger,0.26923963,0.26923963,True,False,0.26923963,0.15647207,0.088597946,0.08642104,0.20460375,0.14796878,0.046696767
1700567920333-2-8-3-9-1-0,1700567920333-2-8-3-9-1-0-01,1700567920333-2-8-3-9-1,1700567920333,2,8,3,9,0,Central,/workspace/datasets/emoji-hero-vr-db-di/test_set/Disgust/1700567920333-2-8-3-9-1-0,1,1700567919319,/workspace/datasets/emoji-hero-vr-db-di/test_set/Disgust/1700567920333-2-8-3-9-1-0/1700567919319-2-8-3-9-1-0.jpg,1,Disgust,5,Sadness,0.19443572,0.6056838,False,True,0.09262277,0.19443572,0.03188093,0.018149843,0.03377017,0.6056838,0.023456741
1700567920333-2-8-3-9-1-1,1700567920333-2-8-3-9-1-1-01,1700567920333-2-8-3-9-1,1700567920333,2,8,3,9,1,Side,/workspace/datasets/emoji-hero-vr-db-di/test_set/Disgust/1700567920333-2-8-3-9-1-1,1,1700567919319,/workspace/datasets/emoji-hero-vr-db-di/test_set/Disgust/1700567920333-2-8-3-9-1-1/1700567919319-2-8-3-9-1-1.jpg,1,Disgust,0,Anger,0.20887922,0.30645412,False,True,0.30645412,0.20887922,0.05925529,0.043832414,0.07095011,0.27561268,0.035016056
1700567922812-2-8-3-10-0-0,1700567922812-2-8-3-10-0-0-01,1700567922812-2-8-3-10-0,1700567922812,2,8,3,10,0,Central,/workspace/datasets/emoji-hero-vr-db-di/test_set/Anger/1700567922812-2-8-3-10-0-0,1,1700567921851,/workspace/datasets/emoji-hero-vr-db-di/test_set/Anger/1700567922812-2-8-3-10-0-0/1700567921851-2-8-3-10-0-0.jpg,0,Anger,5,Sadness,0.27987322,0.35246217,False,False,0.27987322,0.19123447,0.05227273,0.028556777,0.06411208,0.35246217,0.031488605
1700567922812-2-8-3-10-0-1,1700567922812-2-8-3-10-0-1-01,1700567922812-2-8-3-10-0,1700567922812,2,8,3,10,1,Side,/workspace/datasets/emoji-hero-vr-db-di/test_set/Anger/1700567922812-2-8-3-10-0-1,1,1700567921851,/workspace/datasets/emoji-hero-vr-db-di/test_set/Anger/1700567922812-2-8-3-10-0-1/1700567921851-2-8-3-10-0-1.jpg,0,Anger,0,Anger,0.61506027,0.61506027,True,False,0.61506027,0.1269058,0.03078695,0.03273067,0.026578985,0.1445151,0.0234222
1700567926584-2-8-3-12-4-0,1700567926584-2-8-3-12-4-0-01,1700567926584-2-8-3-12-4,1700567926584,2,8,3,12,0,Central,/workspace/datasets/emoji-hero-vr-db-di/test_set/Neutral/1700567926584-2-8-3-12-4-0,1,1700567925610,/workspace/datasets/emoji-hero-vr-db-di/test_set/Neutral/1700567926584-2-8-3-12-4-0/1700567925610-2-8-3-12-4-0.jpg,4,Neutral,5,Sadness,0.046010017,0.57262474,False,False,0.16367468,0.1387161,0.031392705,0.020363707,0.046010017,0.57262474,0.02721805
1700567926584-2-8-3-12-4-1,1700567926584-2-8-3-12-4-1-01,1700567926584-2-8-3-12-4,1700567926584,2,8,3,12,1,Side,/workspace/datasets/emoji-hero-vr-db-di/test_set/Neutral/1700567926584-2-8-3-12-4-1,1,1700567925610,/workspace/datasets/emoji-hero-vr-db-di/test_set/Neutral/1700567926584-2-8-3-12-4-1/1700567925610-2-8-3-12-4-1.jpg,4,Neutral,0,Anger,0.035680372,0.6320556,False,False,0.6320556,0.12301007,0.03146586,0.040851578,0.035680372,0.11291869,0.024017885
1700567928618-2-8-3-13-6-0,1700567928618-2-8-3-13-6-0-01,1700567928618-2-8-3-13-6,1700567928618,2,8,3,13,0,Central,/workspace/datasets/emoji-hero-vr-db-di/test_set/Surprise/1700567928618-2-8-3-13-6-0,1,1700567927645,/workspace/datasets/emoji-hero-vr-db-di/test_set/Surprise/1700567928618-2-8-3-13-6-0/1700567927645-2-8-3-13-6-0.jpg,6,Surprise,5,Sadness,0.027314985,0.45813847,False,True,0.2577242,0.121347204,0.039053153,0.02388316,0.07253877,0.45813847,0.027314985
1700567928618-2-8-3-13-6-1,1700567928618-2-8-3-13-6-1-01,1700567928618-2-8-3-13-6,1700567928618,2,8,3,13,1,Side,/workspace/datasets/emoji-hero-vr-db-di/test_set/Surprise/1700567928618-2-8-3-13-6-1,1,1700567927645,/workspace/datasets/emoji-hero-vr-db-di/test_set/Surprise/1700567928618-2-8-3-13-6-1/1700567927645-2-8-3-13-6-1.jpg,6,Surprise,0,Anger,0.02626416,0.58568615,False,True,0.58568615,0.15067863,0.036474794,0.04045662,0.03641443,0.12402522,0.02626416
1700567932221-2-8-3-15-5-0,1700567932221-2-8-3-15-5-0-01,1700567932221-2-8-3-15-5,1700567932221,2,8,3,15,0,Central,/workspace/datasets/emoji-hero-vr-db-di/test_set/Sadness/1700567932221-2-8-3-15-5-0,1,1700567931247,/workspace/datasets/emoji-hero-vr-db-di/test_set/Sadness/1700567932221-2-8-3-15-5-0/1700567931247-2-8-3-15-5-0.jpg,5,Sadness,5,Sadness,0.40452233,0.40452233,True,True,0.26597768,0.15757775,0.042941697,0.025539992,0.080921866,0.40452233,0.022518732
1700567932221-2-8-3-15-5-1,1700567932221-2-8-3-15-5-1-01,1700567932221-2-8-3-15-5,1700567932221,2,8,3,15,1,Side,/workspace/datasets/emoji-hero-vr-db-di/test_set/Sadness/1700567932221-2-8-3-15-5-1,1,1700567931247,/workspace/datasets/emoji-hero-vr-db-di/test_set/Sadness/1700567932221-2-8-3-15-5-1/1700567931247-2-8-3-15-5-1.jpg,5,Sadness,0,Anger,0.1521698,0.5228482,False,True,0.5228482,0.19368616,0.037424397,0.034274235,0.030099442,0.1521698,0.029497849
1700567934618-2-8-3-16-2-0,1700567934618-2-8-3-16-2-0-01,1700567934618-2-8-3-16-2,1700567934618,2,8,3,16,0,Central,/workspace/datasets/emoji-hero-vr-db-di/test_set/Fear/1700567934618-2-8-3-16-2-0,1,1700567933642,/workspace/datasets/emoji-hero-vr-db-di/test_set/Fear/1700567934618-2-8-3-16-2-0/1700567933642-2-8-3-16-2-0.jpg,2,Fear,5,Sadness,0.017372552,0.7401869,False,False,0.077269845,0.102890655,0.017372552,0.013498015,0.03254607,0.7401869,0.016235933
1700567934618-2-8-3-16-2-1,1700567934618-2-8-3-16-2-1-01,1700567934618-2-8-3-16-2,1700567934618,2,8,3,16,1,Side,/workspace/datasets/emoji-hero-vr-db-di/test_set/Fear/1700567934618-2-8-3-16-2-1,1,1700567933642,/workspace/datasets/emoji-hero-vr-db-di/test_set/Fear/1700567934618-2-8-3-16-2-1/1700567933642-2-8-3-16-2-1.jpg,2,Fear,1,Disgust,0.3056779,0.31669885,False,True,0.0891055,0.31669885,0.3056779,0.0732534,0.062996395,0.07017495,0.08209303
1700567938373-2-8-3-18-1-0,1700567938373-2-8-3-18-1-0-01,1700567938373-2-8-3-18-1,1700567938373,2,8,3,18,0,Central,/workspace/datasets/emoji-hero-vr-db-di/test_set/Disgust/1700567938373-2-8-3-18-1-0,1,1700567937417,/workspace/datasets/emoji-hero-vr-db-di/test_set/Disgust/1700567938373-2-8-3-18-1-0/1700567937417-2-8-3-18-1-0.jpg,1,Disgust,1,Disgust,0.54476273,0.54476273,True,True,0.12739305,0.54476273,0.12021269,0.0389534,0.036684148,0.0939643,0.03802972
1700567938373-2-8-3-18-1-1,1700567938373-2-8-3-18-1-1-01,1700567938373-2-8-3-18-1,1700567938373,2,8,3,18,1,Side,/workspace/datasets/emoji-hero-vr-db-di/test_set/Disgust/1700567938373-2-8-3-18-1-1,1,1700567937417,/workspace/datasets/emoji-hero-vr-db-di/test_set/Disgust/1700567938373-2-8-3-18-1-1/1700567937417-2-8-3-18-1-1.jpg,1,Disgust,1,Disgust,0.2966569,0.2966569,True,True,0.17236577,0.2966569,0.18011315,0.05949733,0.10587936,0.13745269,0.04803481
1700567942412-2-8-3-20-2-0,1700567942412-2-8-3-20-2-0-01,1700567942412-2-8-3-20-2,1700567942412,2,8,3,20,0,Central,/workspace/datasets/emoji-hero-vr-db-di/test_set/Fear/1700567942412-2-8-3-20-2-0,1,1700567941452,/workspace/datasets/emoji-hero-vr-db-di/test_set/Fear/1700567942412-2-8-3-20-2-0/1700567941452-2-8-3-20-2-0.jpg,2,Fear,1,Disgust,0.1969237,0.4955122,False,True,0.08891582,0.4955122,0.1969237,0.045459326,0.040536612,0.08114026,0.051512092
1700567942412-2-8-3-20-2-1,1700567942412-2-8-3-20-2-1-01,1700567942412-2-8-3-20-2,1700567942412,2,8,3,20,1,Side,/workspace/datasets/emoji-hero-vr-db-di/test_set/Fear/1700567942412-2-8-3-20-2-1,1,1700567941452,/workspace/datasets/emoji-hero-vr-db-di/test_set/Fear/1700567942412-2-8-3-20-2-1/1700567941452-2-8-3-20-2-1.jpg,2,Fear,2,Fear,0.3654681,0.3654681,True,True,0.088546254,0.16214006,0.3654681,0.084897555,0.13310277,0.08019805,0.08564714
1700568075798-2-8-4-0-1-0,1700568075798-2-8-4-0-1-0-01,1700568075798-2-8-4-0-1,1700568075798,2,8,4,0,0,Central,/workspace/datasets/emoji-hero-vr-db-di/test_set/Disgust/1700568075798-2-8-4-0-1-0,1,1700568074830,/workspace/datasets/emoji-hero-vr-db-di/test_set/Disgust/1700568075798-2-8-4-0-1-0/1700568074830-2-8-4-0-1-0.jpg,1,Disgust,1,Disgust,0.614227,0.614227,True,True,0.1587679,0.614227,0.08454662,0.035550613,0.020943474,0.053254463,0.032709945
1700568075798-2-8-4-0-1-1,1700568075798-2-8-4-0-1-1-01,1700568075798-2-8-4-0-1,1700568075798,2,8,4,0,1,Side,/workspace/datasets/emoji-hero-vr-db-di/test_set/Disgust/1700568075798-2-8-4-0-1-1,1,1700568074830,/workspace/datasets/emoji-hero-vr-db-di/test_set/Disgust/1700568075798-2-8-4-0-1-1/1700568074830-2-8-4-0-1-1.jpg,1,Disgust,1,Disgust,0.61679894,0.61679894,True,True,0.13891192,0.61679894,0.09158976,0.039416328,0.02218737,0.055643085,0.03545262
1700568077758-2-8-4-1-5-0,1700568077758-2-8-4-1-5-0-01,1700568077758-2-8-4-1-5,1700568077758,2,8,4,1,0,Central,/workspace/datasets/emoji-hero-vr-db-di/test_set/Sadness/1700568077758-2-8-4-1-5-0,1,1700568076790,/workspace/datasets/emoji-hero-vr-db-di/test_set/Sadness/1700568077758-2-8-4-1-5-0/1700568076790-2-8-4-1-5-0.jpg,5,Sadness,5,Sadness,0.74118394,0.74118394,True,True,0.07231977,0.10478193,0.019115012,0.014012041,0.033791665,0.74118394,0.014795685
1700568077758-2-8-4-1-5-1,1700568077758-2-8-4-1-5-1-01,1700568077758-2-8-4-1-5,1700568077758,2,8,4,1,1,Side,/workspace/datasets/emoji-hero-vr-db-di/test_set/Sadness/1700568077758-2-8-4-1-5-1,1,1700568076790,/workspace/datasets/emoji-hero-vr-db-di/test_set/Sadness/1700568077758-2-8-4-1-5-1/1700568076790-2-8-4-1-5-1.jpg,5,Sadness,5,Sadness,0.7265126,0.7265126,True,True,0.1120701,0.058193594,0.015497559,0.018506834,0.05282669,0.7265126,0.016392648
1700568081350-2-8-4-3-6-0,1700568081350-2-8-4-3-6-0-01,1700568081350-2-8-4-3-6,1700568081350,2,8,4,3,0,Central,/workspace/datasets/emoji-hero-vr-db-di/test_set/Surprise/1700568081350-2-8-4-3-6-0,1,1700568080376,/workspace/datasets/emoji-hero-vr-db-di/test_set/Surprise/1700568081350-2-8-4-3-6-0/1700568080376-2-8-4-3-6-0.jpg,6,Surprise,5,Sadness,0.028020697,0.45135087,False,True,0.20619245,0.19901131,0.042688947,0.023754919,0.048980836,0.45135087,0.028020697
1700568081350-2-8-4-3-6-1,1700568081350-2-8-4-3-6-1-01,1700568081350-2-8-4-3-6,1700568081350,2,8,4,3,1,Side,/workspace/datasets/emoji-hero-vr-db-di/test_set/Surprise/1700568081350-2-8-4-3-6-1,1,1700568080376,/workspace/datasets/emoji-hero-vr-db-di/test_set/Surprise/1700568081350-2-8-4-3-6-1/1700568080376-2-8-4-3-6-1.jpg,6,Surprise,0,Anger,0.03636904,0.35160172,False,True,0.35160172,0.16525069,0.06989138,0.06097282,0.119981885,0.1959325,0.03636904
1700568082939-2-8-4-4-4-0,1700568082939-2-8-4-4-4-0-01,1700568082939-2-8-4-4-4,1700568082939,2,8,4,4,0,Central,/workspace/datasets/emoji-hero-vr-db-di/test_set/Neutral/1700568082939-2-8-4-4-4-0,1,1700568081980,/workspace/datasets/emoji-hero-vr-db-di/test_set/Neutral/1700568082939-2-8-4-4-4-0/1700568081980-2-8-4-4-4-0.jpg,4,Neutral,1,Disgust,0.03246612,0.34872937,False,False,0.2553006,0.34872937,0.05288591,0.026478106,0.03246612,0.2548657,0.029274138
1700568082939-2-8-4-4-4-1,1700568082939-2-8-4-4-4-1-01,1700568082939-2-8-4-4-4,1700568082939,2,8,4,4,1,Side,/workspace/datasets/emoji-hero-vr-db-di/test_set/Neutral/1700568082939-2-8-4-4-4-1,1,1700568081980,/workspace/datasets/emoji-hero-vr-db-di/test_set/Neutral/1700568082939-2-8-4-4-4-1/1700568081980-2-8-4-4-4-1.jpg,4,Neutral,1,Disgust,0.038585164,0.39504412,False,False,0.2836897,0.39504412,0.08153403,0.0492262,0.038585164,0.10662109,0.04529972
1700568086128-2-8-4-6-3-0,1700568086128-2-8-4-6-3-0-01,1700568086128-2-8-4-6-3,1700568086128,2,8,4,6,0,Central,/workspace/datasets/emoji-hero-vr-db-di/test_set/Happiness/1700568086128-2-8-4-6-3-0,1,1700568085163,/workspace/datasets/emoji-hero-vr-db-di/test_set/Happiness/1700568086128-2-8-4-6-3-0/1700568085163-2-8-4-6-3-0.jpg,3,Happiness,5,Sadness,0.030105514,0.34893197,False,True,0.26819295,0.1247146,0.05260476,0.030105514,0.149251,0.34893197,0.026199138
1700568086128-2-8-4-6-3-1,1700568086128-2-8-4-6-3-1-01,1700568086128-2-8-4-6-3,1700568086128,2,8,4,6,1,Side,/workspace/datasets/emoji-hero-vr-db-di/test_set/Happiness/1700568086128-2-8-4-6-3-1,1,1700568085163,/workspace/datasets/emoji-hero-vr-db-di/test_set/Happiness/1700568086128-2-8-4-6-3-1/1700568085163-2-8-4-6-3-1.jpg,3,Happiness,0,Anger,0.040779144,0.5732427,False,False,0.5732427,0.17252925,0.037146658,0.040779144,0.038604822,0.1126335,0.025063975
1700568088202-2-8-4-7-0-0,1700568088202-2-8-4-7-0-0-01,1700568088202-2-8-4-7-0,1700568088202,2,8,4,7,0,Central,/workspace/datasets/emoji-hero-vr-db-di/test_set/Anger/1700568088202-2-8-4-7-0-0,1,1700568087229,/workspace/datasets/emoji-hero-vr-db-di/test_set/Anger/1700568088202-2-8-4-7-0-0/1700568087229-2-8-4-7-0-0.jpg,0,Anger,1,Disgust,0.06471145,0.5322875,False,False,0.06471145,0.5322875,0.23695283,0.050781693,0.026456777,0.04710506,0.04170476
1700568088202-2-8-4-7-0-1,1700568088202-2-8-4-7-0-1-01,1700568088202-2-8-4-7-0,1700568088202,2,8,4,7,1,Side,/workspace/datasets/emoji-hero-vr-db-di/test_set/Anger/1700568088202-2-8-4-7-0-1,1,1700568087229,/workspace/datasets/emoji-hero-vr-db-di/test_set/Anger/1700568088202-2-8-4-7-0-1/1700568087229-2-8-4-7-0-1.jpg,0,Anger,2,Fear,0.055791713,0.4386282,False,False,0.055791713,0.24676389,0.4386282,0.07437496,0.049550734,0.0580287,0.07686178
1700568090919-2-8-4-9-2-0,1700568090919-2-8-4-9-2-0-01,1700568090919-2-8-4-9-2,1700568090919,2,8,4,9,0,Central,/workspace/datasets/emoji-hero-vr-db-di/test_set/Fear/1700568090919-2-8-4-9-2-0,1,1700568090352,/workspace/datasets/emoji-hero-vr-db-di/test_set/Fear/1700568090919-2-8-4-9-2-0/1700568090352-2-8-4-9-2-0.jpg,2,Fear,1,Disgust,0.20663399,0.3205116,False,True,0.119182564,0.3205116,0.20663399,0.04870898,0.104572065,0.1423749,0.058015905
1700568090919-2-8-4-9-2-1,1700568090919-2-8-4-9-2-1-01,1700568090919-2-8-4-9-2,1700568090919,2,8,4,9,1,Side,/workspace/datasets/emoji-hero-vr-db-di/test_set/Fear/1700568090919-2-8-4-9-2-1,1,1700568090352,/workspace/datasets/emoji-hero-vr-db-di/test_set/Fear/1700568090919-2-8-4-9-2-1/1700568090352-2-8-4-9-2-1.jpg,2,Fear,2,Fear,0.55632246,0.55632246,True,True,0.043324325,0.1138526,0.55632246,0.07465589,0.06257737,0.041671723,0.107595734
1700568092978-2-8-4-10-0-0,1700568092978-2-8-4-10-0-0-01,1700568092978-2-8-4-10-0,1700568092978,2,8,4,10,0,Central,/workspace/datasets/emoji-hero-vr-db-di/test_set/Anger/1700568092978-2-8-4-10-0-0,1,1700568092106,/workspace/datasets/emoji-hero-vr-db-di/test_set/Anger/1700568092978-2-8-4-10-0-0/1700568092106-2-8-4-10-0-0.jpg,0,Anger,2,Fear,0.037885975,0.500743,False,False,0.037885975,0.26887527,0.500743,0.040138632,0.037938878,0.053852748,0.060565505
1700568092978-2-8-4-10-0-1,1700568092978-2-8-4-10-0-1-01,1700568092978-2-8-4-10-0,1700568092978,2,8,4,10,1,Side,/workspace/datasets/emoji-hero-vr-db-di/test_set/Anger/1700568092978-2-8-4-10-0-1,1,1700568092106,/workspace/datasets/emoji-hero-vr-db-di/test_set/Anger/1700568092978-2-8-4-10-0-1/1700568092106-2-8-4-10-0-1.jpg,0,Anger,0,Anger,0.28858742,0.28858742,True,False,0.28858742,0.22107892,0.09601598,0.0678393,0.13310522,0.1512129,0.04216028
1700568095008-2-8-4-11-3-0,1700568095008-2-8-4-11-3-0-01,1700568095008-2-8-4-11-3,1700568095008,2,8,4,11,0,Central,/workspace/datasets/emoji-hero-vr-db-di/test_set/Happiness/1700568095008-2-8-4-11-3-0,1,1700568094050,/workspace/datasets/emoji-hero-vr-db-di/test_set/Happiness/1700568095008-2-8-4-11-3-0/1700568094050-2-8-4-11-3-0.jpg,3,Happiness,1,Disgust,0.024944164,0.50421137,False,True,0.25189084,0.50421137,0.05801417,0.024944164,0.02055879,0.11204561,0.028335003
1700568095008-2-8-4-11-3-1,1700568095008-2-8-4-11-3-1-01,1700568095008-2-8-4-11-3,1700568095008,2,8,4,11,1,Side,/workspace/datasets/emoji-hero-vr-db-di/test_set/Happiness/1700568095008-2-8-4-11-3-1,1,1700568094050,/workspace/datasets/emoji-hero-vr-db-di/test_set/Happiness/1700568095008-2-8-4-11-3-1/1700568094050-2-8-4-11-3-1.jpg,3,Happiness,0,Anger,0.066014834,0.49543148,False,False,0.49543148,0.136941,0.052409995,0.066014834,0.08362877,0.12478982,0.040784128
1700568096451-2-8-4-12-1-0,1700568096451-2-8-4-12-1-0-01,1700568096451-2-8-4-12-1,1700568096451,2,8,4,12,0,Central,/workspace/datasets/emoji-hero-vr-db-di/test_set/Disgust/1700568096451-2-8-4-12-1-0,1,1700568095626,/workspace/datasets/emoji-hero-vr-db-di/test_set/Disgust/1700568096451-2-8-4-12-1-0/1700568095626-2-8-4-12-1-0.jpg,1,Disgust,1,Disgust,0.40560746,0.40560746,True,True,0.2995989,0.40560746,0.054231722,0.025803464,0.027390255,0.1560772,0.031291015
1700568096451-2-8-4-12-1-1,1700568096451-2-8-4-12-1-1-01,1700568096451-2-8-4-12-1,1700568096451,2,8,4,12,1,Side,/workspace/datasets/emoji-hero-vr-db-di/test_set/Disgust/1700568096451-2-8-4-12-1-1,1,1700568095626,/workspace/datasets/emoji-hero-vr-db-di/test_set/Disgust/1700568096451-2-8-4-12-1-1/1700568095626-2-8-4-12-1-1.jpg,1,Disgust,0,Anger,0.3018664,0.35828838,False,True,0.35828838,0.3018664,0.06642816,0.049164094,0.049960025,0.13793932,0.036353637
1700568100175-2-8-4-14-0-0,1700568100175-2-8-4-14-0-0-01,1700568100175-2-8-4-14-0,1700568100175,2,8,4,14,0,Central,/workspace/datasets/emoji-hero-vr-db-di/test_set/Anger/1700568100175-2-8-4-14-0-0,1,1700568099216,/workspace/datasets/emoji-hero-vr-db-di/test_set/Anger/1700568100175-2-8-4-14-0-0/1700568099216-2-8-4-14-0-0.jpg,0,Anger,3,Happiness,0.08196038,0.47425762,False,False,0.08196038,0.26515585,0.10482583,0.47425762,0.033239234,0.024966195,0.015594868
1700568100175-2-8-4-14-0-1,1700568100175-2-8-4-14-0-1-01,1700568100175-2-8-4-14-0,1700568100175,2,8,4,14,1,Side,/workspace/datasets/emoji-hero-vr-db-di/test_set/Anger/1700568100175-2-8-4-14-0-1,1,1700568099216,/workspace/datasets/emoji-hero-vr-db-di/test_set/Anger/1700568100175-2-8-4-14-0-1/1700568099216-2-8-4-14-0-1.jpg,0,Anger,2,Fear,0.035608385,0.6129683,False,False,0.035608385,0.08821052,0.6129683,0.066747576,0.059527136,0.03410492,0.10283315
1700568102387-2-8-4-15-1-0,1700568102387-2-8-4-15-1-0-01,1700568102387-2-8-4-15-1,1700568102387,2,8,4,15,0,Central,/workspace/datasets/emoji-hero-vr-db-di/test_set/Disgust/1700568102387-2-8-4-15-1-0,1,1700568101425,/workspace/datasets/emoji-hero-vr-db-di/test_set/Disgust/1700568102387-2-8-4-15-1-0/1700568101425-2-8-4-15-1-0.jpg,1,Disgust,5,Sadness,0.21340899,0.5114892,False,True,0.1576428,0.21340899,0.036025334,0.019851685,0.03667326,0.5114892,0.024908733
1700568102387-2-8-4-15-1-1,1700568102387-2-8-4-15-1-1-01,1700568102387-2-8-4-15-1,1700568102387,2,8,4,15,1,Side,/workspace/datasets/emoji-hero-vr-db-di/test_set/Disgust/1700568102387-2-8-4-15-1-1,1,1700568101425,/workspace/datasets/emoji-hero-vr-db-di/test_set/Disgust/1700568102387-2-8-4-15-1-1/1700568101425-2-8-4-15-1-1.jpg,1,Disgust,0,Anger,0.28755122,0.30464405,False,True,0.30464405,0.28755122,0.07097834,0.05133153,0.056563485,0.19023715,0.038694195
1700568103657-2-8-4-16-2-0,1700568103657-2-8-4-16-2-0-01,1700568103657-2-8-4-16-2,1700568103657,2,8,4,16,0,Central,/workspace/datasets/emoji-hero-vr-db-di/test_set/Fear/1700568103657-2-8-4-16-2-0,1,1700568102696,/workspace/datasets/emoji-hero-vr-db-di/test_set/Fear/1700568103657-2-8-4-16-2-0/1700568102696-2-8-4-16-2-0.jpg,2,Fear,1,Disgust,0.111514375,0.65471226,False,True,0.064682916,0.65471226,0.111514375,0.032667596,0.019722313,0.083139345,0.03356123
1700568103657-2-8-4-16-2-1,1700568103657-2-8-4-16-2-1-01,1700568103657-2-8-4-16-2,1700568103657,2,8,4,16,1,Side,/workspace/datasets/emoji-hero-vr-db-di/test_set/Fear/1700568103657-2-8-4-16-2-1,1,1700568102696,/workspace/datasets/emoji-hero-vr-db-di/test_set/Fear/1700568103657-2-8-4-16-2-1/1700568102696-2-8-4-16-2-1.jpg,2,Fear,1,Disgust,0.12654783,0.38398618,False,False,0.15681994,0.38398618,0.12654783,0.049284913,0.054967742,0.18393263,0.044460744
1700568107499-2-8-4-18-4-0,1700568107499-2-8-4-18-4-0-01,1700568107499-2-8-4-18-4,1700568107499,2,8,4,18,0,Central,/workspace/datasets/emoji-hero-vr-db-di/test_set/Neutral/1700568107499-2-8-4-18-4-0,1,1700568106525,/workspace/datasets/emoji-hero-vr-db-di/test_set/Neutral/1700568107499-2-8-4-18-4-0/1700568106525-2-8-4-18-4-0.jpg,4,Neutral,5,Sadness,0.04090682,0.5091303,False,False,0.11690667,0.24194989,0.046065196,0.019374358,0.04090682,0.5091303,0.025666745
1700568107499-2-8-4-18-4-1,1700568107499-2-8-4-18-4-1-01,1700568107499-2-8-4-18-4,1700568107499,2,8,4,18,1,Side,/workspace/datasets/emoji-hero-vr-db-di/test_set/Neutral/1700568107499-2-8-4-18-4-1,1,1700568106525,/workspace/datasets/emoji-hero-vr-db-di/test_set/Neutral/1700568107499-2-8-4-18-4-1/1700568106525-2-8-4-18-4-1.jpg,4,Neutral,0,Anger,0.1685814,0.3470558,False,False,0.3470558,0.11246751,0.057953693,0.055229243,0.1685814,0.22436026,0.034352094
1700568112955-2-8-4-21-6-0,1700568112955-2-8-4-21-6-0-01,1700568112955-2-8-4-21-6,1700568112955,2,8,4,21,0,Central,/workspace/datasets/emoji-hero-vr-db-di/test_set/Surprise/1700568112955-2-8-4-21-6-0,1,1700568111997,/workspace/datasets/emoji-hero-vr-db-di/test_set/Surprise/1700568112955-2-8-4-21-6-0/1700568111997-2-8-4-21-6-0.jpg,6,Surprise,1,Disgust,0.034345973,0.4451803,False,True,0.088505276,0.4451803,0.087120876,0.025402416,0.03056913,0.28887597,0.034345973
1700568112955-2-8-4-21-6-1,1700568112955-2-8-4-21-6-1-01,1700568112955-2-8-4-21-6,1700568112955,2,8,4,21,1,Side,/workspace/datasets/emoji-hero-vr-db-di/test_set/Surprise/1700568112955-2-8-4-21-6-1,1,1700568111997,/workspace/datasets/emoji-hero-vr-db-di/test_set/Surprise/1700568112955-2-8-4-21-6-1/1700568111997-2-8-4-21-6-1.jpg,6,Surprise,1,Disgust,0.038935672,0.3021186,False,True,0.24149871,0.3021186,0.08678686,0.049742993,0.06697387,0.21394324,0.038935672
1700568114265-2-8-4-22-0-0,1700568114265-2-8-4-22-0-0-01,1700568114265-2-8-4-22-0,1700568114265,2,8,4,22,0,Central,/workspace/datasets/emoji-hero-vr-db-di/test_set/Anger/1700568114265-2-8-4-22-0-0,1,1700568113303,/workspace/datasets/emoji-hero-vr-db-di/test_set/Anger/1700568114265-2-8-4-22-0-0/1700568113303-2-8-4-22-0-0.jpg,0,Anger,2,Fear,0.037823316,0.5502399,False,False,0.037823316,0.19401121,0.5502399,0.047219597,0.047859795,0.043342892,0.07950322
1700568114265-2-8-4-22-0-1,1700568114265-2-8-4-22-0-1-01,1700568114265-2-8-4-22-0,1700568114265,2,8,4,22,1,Side,/workspace/datasets/emoji-hero-vr-db-di/test_set/Anger/1700568114265-2-8-4-22-0-1,1,1700568113303,/workspace/datasets/emoji-hero-vr-db-di/test_set/Anger/1700568114265-2-8-4-22-0-1/1700568113303-2-8-4-22-0-1.jpg,0,Anger,0,Anger,0.4177989,0.4177989,True,False,0.4177989,0.23838693,0.058802955,0.049850125,0.04799083,0.14731118,0.039859053
1700568116382-2-8-4-23-2-0,1700568116382-2-8-4-23-2-0-01,1700568116382-2-8-4-23-2,1700568116382,2,8,4,23,0,Central,/workspace/datasets/emoji-hero-vr-db-di/test_set/Fear/1700568116382-2-8-4-23-2-0,1,1700568115407,/workspace/datasets/emoji-hero-vr-db-di/test_set/Fear/1700568116382-2-8-4-23-2-0/1700568115407-2-8-4-23-2-0.jpg,2,Fear,5,Sadness,0.045533385,0.41286957,False,True,0.11817856,0.35089582,0.045533385,0.019913014,0.02534679,0.41286957,0.027262798
1700568116382-2-8-4-23-2-1,1700568116382-2-8-4-23-2-1-01,1700568116382-2-8-4-23-2,1700568116382,2,8,4,23,1,Side,/workspace/datasets/emoji-hero-vr-db-di/test_set/Fear/1700568116382-2-8-4-23-2-1,1,1700568115407,/workspace/datasets/emoji-hero-vr-db-di/test_set/Fear/1700568116382-2-8-4-23-2-1/1700568115407-2-8-4-23-2-1.jpg,2,Fear,0,Anger,0.09082313,0.2809684,False,True,0.2809684,0.15235458,0.09082313,0.084915146,0.20646773,0.14227918,0.04219179
1700568118260-2-8-4-24-3-0,1700568118260-2-8-4-24-3-0-01,1700568118260-2-8-4-24-3,1700568118260,2,8,4,24,0,Central,/workspace/datasets/emoji-hero-vr-db-di/test_set/Happiness/1700568118260-2-8-4-24-3-0,1,1700568117299,/workspace/datasets/emoji-hero-vr-db-di/test_set/Happiness/1700568118260-2-8-4-24-3-0/1700568117299-2-8-4-24-3-0.jpg,3,Happiness,1,Disgust,0.025513198,0.5274258,False,False,0.1132469,0.5274258,0.10840217,0.025513198,0.028523704,0.15928335,0.03760477
1700568118260-2-8-4-24-3-1,1700568118260-2-8-4-24-3-1-01,1700568118260-2-8-4-24-3,1700568118260,2,8,4,24,1,Side,/workspace/datasets/emoji-hero-vr-db-di/test_set/Happiness/1700568118260-2-8-4-24-3-1,1,1700568117299,/workspace/datasets/emoji-hero-vr-db-di/test_set/Happiness/1700568118260-2-8-4-24-3-1/1700568117299-2-8-4-24-3-1.jpg,3,Happiness,2,Fear,0.08784967,0.25065076,False,False,0.13504258,0.18592128,0.25065076,0.08784967,0.17261288,0.09962141,0.06830144
1700568119916-2-8-4-25-2-0,1700568119916-2-8-4-25-2-0-01,1700568119916-2-8-4-25-2,1700568119916,2,8,4,25,0,Central,/workspace/datasets/emoji-hero-vr-db-di/test_set/Fear/1700568119916-2-8-4-25-2-0,1,1700568118958,/workspace/datasets/emoji-hero-vr-db-di/test_set/Fear/1700568119916-2-8-4-25-2-0/1700568118958-2-8-4-25-2-0.jpg,2,Fear,0,Anger,0.049326934,0.31948316,False,True,0.31948316,0.30519253,0.049326934,0.027985,0.037951674,0.23494387,0.025116863
1700568119916-2-8-4-25-2-1,1700568119916-2-8-4-25-2-1-01,1700568119916-2-8-4-25-2,1700568119916,2,8,4,25,1,Side,/workspace/datasets/emoji-hero-vr-db-di/test_set/Fear/1700568119916-2-8-4-25-2-1,1,1700568118958,/workspace/datasets/emoji-hero-vr-db-di/test_set/Fear/1700568119916-2-8-4-25-2-1/1700568118958-2-8-4-25-2-1.jpg,2,Fear,0,Anger,0.05010807,0.46478295,False,True,0.46478295,0.15651402,0.05010807,0.05869294,0.08312631,0.15362202,0.033153728
1700568121727-2-8-4-26-1-0,1700568121727-2-8-4-26-1-0-01,1700568121727-2-8-4-26-1,1700568121727,2,8,4,26,0,Central,/workspace/datasets/emoji-hero-vr-db-di/test_set/Disgust/1700568121727-2-8-4-26-1-0,1,1700568120752,/workspace/datasets/emoji-hero-vr-db-di/test_set/Disgust/1700568121727-2-8-4-26-1-0/1700568120752-2-8-4-26-1-0.jpg,1,Disgust,2,Fear,0.3106035,0.380817,False,True,0.05620983,0.3106035,0.380817,0.040901218,0.058573153,0.081696495,0.07119872
1700568121727-2-8-4-26-1-1,1700568121727-2-8-4-26-1-1-01,1700568121727-2-8-4-26-1,1700568121727,2,8,4,26,1,Side,/workspace/datasets/emoji-hero-vr-db-di/test_set/Disgust/1700568121727-2-8-4-26-1-1,1,1700568120752,/workspace/datasets/emoji-hero-vr-db-di/test_set/Disgust/1700568121727-2-8-4-26-1-1/1700568120752-2-8-4-26-1-1.jpg,1,Disgust,5,Sadness,0.17292483,0.35652396,False,True,0.3088012,0.17292483,0.04413282,0.033481963,0.055465642,0.35652396,0.028669594
1700577641790-2-10-1-1-5-0,1700577641790-2-10-1-1-5-0-01,1700577641790-2-10-1-1-5,1700577641790,2,10,1,1,0,Central,/workspace/datasets/emoji-hero-vr-db-di/test_set/Sadness/1700577641790-2-10-1-1-5-0,1,1700577640823,/workspace/datasets/emoji-hero-vr-db-di/test_set/Sadness/1700577641790-2-10-1-1-5-0/1700577640823-2-10-1-1-5-0.jpg,5,Sadness,5,Sadness,0.26130763,0.26130763,True,True,0.25424376,0.2600349,0.06056251,0.0555266,0.043907754,0.26130763,0.06441689
1700577641790-2-10-1-1-5-1,1700577641790-2-10-1-1-5-1-01,1700577641790-2-10-1-1-5,1700577641790,2,10,1,1,1,Side,/workspace/datasets/emoji-hero-vr-db-di/test_set/Sadness/1700577641790-2-10-1-1-5-1,1,1700577640823,/workspace/datasets/emoji-hero-vr-db-di/test_set/Sadness/1700577641790-2-10-1-1-5-1/1700577640823-2-10-1-1-5-1.jpg,5,Sadness,5,Sadness,0.39299282,0.39299282,True,True,0.16520448,0.1892663,0.059314925,0.058101743,0.059650417,0.39299282,0.07546919
1700577644246-2-10-1-2-3-0,1700577644246-2-10-1-2-3-0-01,1700577644246-2-10-1-2-3,1700577644246,2,10,1,2,0,Central,/workspace/datasets/emoji-hero-vr-db-di/test_set/Happiness/1700577644246-2-10-1-2-3-0,1,1700577643274,/workspace/datasets/emoji-hero-vr-db-di/test_set/Happiness/1700577644246-2-10-1-2-3-0/1700577643274-2-10-1-2-3-0.jpg,3,Happiness,3,Happiness,0.5559236,0.5559236,True,True,0.09949742,0.11872508,0.08888334,0.5559236,0.05633579,0.03471222,0.045922562
1700577644246-2-10-1-2-3-1,1700577644246-2-10-1-2-3-1-01,1700577644246-2-10-1-2-3,1700577644246,2,10,1,2,1,Side,/workspace/datasets/emoji-hero-vr-db-di/test_set/Happiness/1700577644246-2-10-1-2-3-1,1,1700577643274,/workspace/datasets/emoji-hero-vr-db-di/test_set/Happiness/1700577644246-2-10-1-2-3-1/1700577643274-2-10-1-2-3-1.jpg,3,Happiness,3,Happiness,0.6042526,0.6042526,True,True,0.054215774,0.14752582,0.101711586,0.6042526,0.035791155,0.021537961,0.03496518
1700577653948-2-10-1-6-3-0,1700577653948-2-10-1-6-3-0-01,1700577653948-2-10-1-6-3,1700577653948,2,10,1,6,0,Central,/workspace/datasets/emoji-hero-vr-db-di/test_set/Happiness/1700577653948-2-10-1-6-3-0,1,1700577652948,/workspace/datasets/emoji-hero-vr-db-di/test_set/Happiness/1700577653948-2-10-1-6-3-0/1700577652948-2-10-1-6-3-0.jpg,3,Happiness,0,Anger,0.13480663,0.28655416,False,True,0.28655416,0.24791278,0.10031302,0.13480663,0.0635886,0.085369945,0.08145482
1700577653948-2-10-1-6-3-1,1700577653948-2-10-1-6-3-1-01,1700577653948-2-10-1-6-3,1700577653948,2,10,1,6,1,Side,/workspace/datasets/emoji-hero-vr-db-di/test_set/Happiness/1700577653948-2-10-1-6-3-1,1,1700577652948,/workspace/datasets/emoji-hero-vr-db-di/test_set/Happiness/1700577653948-2-10-1-6-3-1/1700577652948-2-10-1-6-3-1.jpg,3,Happiness,1,Disgust,0.16789743,0.23800848,False,True,0.2143326,0.23800848,0.116762206,0.16789743,0.07531787,0.096241124,0.091440305
1700577659103-2-10-1-8-3-0,1700577659103-2-10-1-8-3-0-01,1700577659103-2-10-1-8-3,1700577659103,2,10,1,8,0,Central,/workspace/datasets/emoji-hero-vr-db-di/test_set/Happiness/1700577659103-2-10-1-8-3-0,1,1700577658231,/workspace/datasets/emoji-hero-vr-db-di/test_set/Happiness/1700577659103-2-10-1-8-3-0/1700577658231-2-10-1-8-3-0.jpg,3,Happiness,3,Happiness,0.2742826,0.2742826,True,True,0.2695214,0.13301091,0.09035034,0.2742826,0.08564455,0.07356656,0.07362366
1700577659103-2-10-1-8-3-1,1700577659103-2-10-1-8-3-1-01,1700577659103-2-10-1-8-3,1700577659103,2,10,1,8,1,Side,/workspace/datasets/emoji-hero-vr-db-di/test_set/Happiness/1700577659103-2-10-1-8-3-1,1,1700577658231,/workspace/datasets/emoji-hero-vr-db-di/test_set/Happiness/1700577659103-2-10-1-8-3-1/1700577658231-2-10-1-8-3-1.jpg,3,Happiness,3,Happiness,0.7651005,0.7651005,True,True,0.05235651,0.040985774,0.046156533,0.7651005,0.053759404,0.019264426,0.022376832
1700577731858-2-10-2-0-4-0,1700577731858-2-10-2-0-4-0-01,1700577731858-2-10-2-0-4,1700577731858,2,10,2,0,0,Central,/workspace/datasets/emoji-hero-vr-db-di/test_set/Neutral/1700577731858-2-10-2-0-4-0,1,1700577730885,/workspace/datasets/emoji-hero-vr-db-di/test_set/Neutral/1700577731858-2-10-2-0-4-0/1700577730885-2-10-2-0-4-0.jpg,4,Neutral,0,Anger,0.095037214,0.3479473,False,True,0.3479473,0.21591973,0.09300572,0.09034912,0.095037214,0.10975494,0.047985945
1700577731858-2-10-2-0-4-1,1700577731858-2-10-2-0-4-1-01,1700577731858-2-10-2-0-4,1700577731858,2,10,2,0,1,Side,/workspace/datasets/emoji-hero-vr-db-di/test_set/Neutral/1700577731858-2-10-2-0-4-1,1,1700577730885,/workspace/datasets/emoji-hero-vr-db-di/test_set/Neutral/1700577731858-2-10-2-0-4-1/1700577730885-2-10-2-0-4-1.jpg,4,Neutral,3,Happiness,0.07677968,0.5823215,False,False,0.11291279,0.08349545,0.0668892,0.5823215,0.07677968,0.036651142,0.040950175
1700577733309-2-10-2-1-1-0,1700577733309-2-10-2-1-1-0-01,1700577733309-2-10-2-1-1,1700577733309,2,10,2,1,0,Central,/workspace/datasets/emoji-hero-vr-db-di/test_set/Disgust/1700577733309-2-10-2-1-1-0,1,1700577732347,/workspace/datasets/emoji-hero-vr-db-di/test_set/Disgust/1700577733309-2-10-2-1-1-0/1700577732347-2-10-2-1-1-0.jpg,1,Disgust,0,Anger,0.14632171,0.26367518,False,False,0.26367518,0.14632171,0.100882106,0.13861525,0.21291271,0.09538278,0.042210303
1700577733309-2-10-2-1-1-1,1700577733309-2-10-2-1-1-1-01,1700577733309-2-10-2-1-1,1700577733309,2,10,2,1,1,Side,/workspace/datasets/emoji-hero-vr-db-di/test_set/Disgust/1700577733309-2-10-2-1-1-1,1,1700577732347,/workspace/datasets/emoji-hero-vr-db-di/test_set/Disgust/1700577733309-2-10-2-1-1-1/1700577732347-2-10-2-1-1-1.jpg,1,Disgust,3,Happiness,0.17401496,0.35348475,False,True,0.20790629,0.17401496,0.0991443,0.35348475,0.06426334,0.049514826,0.05167148
1700577738960-2-10-2-3-2-0,1700577738960-2-10-2-3-2-0-01,1700577738960-2-10-2-3-2,1700577738960,2,10,2,3,0,Central,/workspace/datasets/emoji-hero-vr-db-di/test_set/Fear/1700577738960-2-10-2-3-2-0,1,1700577737929,/workspace/datasets/emoji-hero-vr-db-di/test_set/Fear/1700577738960-2-10-2-3-2-0/1700577737929-2-10-2-3-2-0.jpg,2,Fear,0,Anger,0.08342529,0.35246214,False,True,0.35246214,0.2537017,0.08342529,0.07691,0.062910564,0.11935463,0.051235665
1700577738960-2-10-2-3-2-1,1700577738960-2-10-2-3-2-1-01,1700577738960-2-10-2-3-2,1700577738960,2,10,2,3,1,Side,/workspace/datasets/emoji-hero-vr-db-di/test_set/Fear/1700577738960-2-10-2-3-2-1,1,1700577737929,/workspace/datasets/emoji-hero-vr-db-di/test_set/Fear/1700577738960-2-10-2-3-2-1/1700577737929-2-10-2-3-2-1.jpg,2,Fear,1,Disgust,0.1168526,0.27198935,False,False,0.24081978,0.27198935,0.1168526,0.11939585,0.06759975,0.09884424,0.084498525
1700577740656-2-10-2-4-1-0,1700577740656-2-10-2-4-1-0-01,1700577740656-2-10-2-4-1,1700577740656,2,10,2,4,0,Central,/workspace/datasets/emoji-hero-vr-db-di/test_set/Disgust/1700577740656-2-10-2-4-1-0,1,1700577739811,/workspace/datasets/emoji-hero-vr-db-di/test_set/Disgust/1700577740656-2-10-2-4-1-0/1700577739811-2-10-2-4-1-0.jpg,1,Disgust,0,Anger,0.2525025,0.253721,False,False,0.253721,0.2525025,0.120976254,0.07676771,0.097250424,0.12640701,0.07237509
1700577740656-2-10-2-4-1-1,1700577740656-2-10-2-4-1-1-01,1700577740656-2-10-2-4-1,1700577740656,2,10,2,4,1,Side,/workspace/datasets/emoji-hero-vr-db-di/test_set/Disgust/1700577740656-2-10-2-4-1-1,1,1700577739811,/workspace/datasets/emoji-hero-vr-db-di/test_set/Disgust/1700577740656-2-10-2-4-1-1/1700577739811-2-10-2-4-1-1.jpg,1,Disgust,0,Anger,0.29732677,0.30220574,False,True,0.30220574,0.29732677,0.08816079,0.0969935,0.051021274,0.095823556,0.06846834
1700577744274-2-10-2-5-1-0,1700577744274-2-10-2-5-1-0-01,1700577744274-2-10-2-5-1,1700577744274,2,10,2,5,0,Central,/workspace/datasets/emoji-hero-vr-db-di/test_set/Disgust/1700577744274-2-10-2-5-1-0,1,1700577743317,/workspace/datasets/emoji-hero-vr-db-di/test_set/Disgust/1700577744274-2-10-2-5-1-0/1700577743317-2-10-2-5-1-0.jpg,1,Disgust,3,Happiness,0.21541029,0.2439813,False,False,0.21201302,0.21541029,0.10773802,0.2439813,0.06974627,0.077592656,0.07351839
1700577744274-2-10-2-5-1-1,1700577744274-2-10-2-5-1-1-01,1700577744274-2-10-2-5-1,1700577744274,2,10,2,5,1,Side,/workspace/datasets/emoji-hero-vr-db-di/test_set/Disgust/1700577744274-2-10-2-5-1-1,1,1700577743317,/workspace/datasets/emoji-hero-vr-db-di/test_set/Disgust/1700577744274-2-10-2-5-1-1/1700577743317-2-10-2-5-1-1.jpg,1,Disgust,1,Disgust,0.22586001,0.22586001,True,True,0.20971774,0.22586001,0.121740274,0.13254973,0.086539604,0.120847784,0.10274481
1700577751365-2-10-2-8-6-0,1700577751365-2-10-2-8-6-0-01,1700577751365-2-10-2-8-6,1700577751365,2,10,2,8,0,Central,/workspace/datasets/emoji-hero-vr-db-di/test_set/Surprise/1700577751365-2-10-2-8-6-0,1,1700577750404,/workspace/datasets/emoji-hero-vr-db-di/test_set/Surprise/1700577751365-2-10-2-8-6-0/1700577750404-2-10-2-8-6-0.jpg,6,Surprise,1,Disgust,0.06899432,0.261078,False,True,0.2594654,0.261078,0.11128107,0.08528799,0.08962782,0.124265455,0.06899432
1700577751365-2-10-2-8-6-1,1700577751365-2-10-2-8-6-1-01,1700577751365-2-10-2-8-6,1700577751365,2,10,2,8,1,Side,/workspace/datasets/emoji-hero-vr-db-di/test_set/Surprise/1700577751365-2-10-2-8-6-1,1,1700577750404,/workspace/datasets/emoji-hero-vr-db-di/test_set/Surprise/1700577751365-2-10-2-8-6-1/1700577750404-2-10-2-8-6-1.jpg,6,Surprise,1,Disgust,0.067621626,0.30560234,False,False,0.2678468,0.30560234,0.094209746,0.13261907,0.053850032,0.078250386,0.067621626
1700577753271-2-10-2-9-6-0,1700577753271-2-10-2-9-6-0-01,1700577753271-2-10-2-9-6,1700577753271,2,10,2,9,0,Central,/workspace/datasets/emoji-hero-vr-db-di/test_set/Surprise/1700577753271-2-10-2-9-6-0,1,1700577752328,/workspace/datasets/emoji-hero-vr-db-di/test_set/Surprise/1700577753271-2-10-2-9-6-0/1700577752328-2-10-2-9-6-0.jpg,6,Surprise,0,Anger,0.054251857,0.38414696,False,False,0.38414696,0.15630352,0.079494536,0.09163808,0.10804448,0.12612057,0.054251857
1700577753271-2-10-2-9-6-1,1700577753271-2-10-2-9-6-1-01,1700577753271-2-10-2-9-6,1700577753271,2,10,2,9,1,Side,/workspace/datasets/emoji-hero-vr-db-di/test_set/Surprise/1700577753271-2-10-2-9-6-1,1,1700577752328,/workspace/datasets/emoji-hero-vr-db-di/test_set/Surprise/1700577753271-2-10-2-9-6-1/1700577752328-2-10-2-9-6-1.jpg,6,Surprise,3,Happiness,0.04495629,0.49160948,False,True,0.19728003,0.07873465,0.062064297,0.49160948,0.07172576,0.05362952,0.04495629
1700577756759-2-10-2-10-2-0,1700577756759-2-10-2-10-2-0-01,1700577756759-2-10-2-10-2,1700577756759,2,10,2,10,0,Central,/workspace/datasets/emoji-hero-vr-db-di/test_set/Fear/1700577756759-2-10-2-10-2-0,1,1700577755793,/workspace/datasets/emoji-hero-vr-db-di/test_set/Fear/1700577756759-2-10-2-10-2-0/1700577755793-2-10-2-10-2-0.jpg,2,Fear,2,Fear,0.70759434,0.70759434,True,True,0.017302178,0.075069375,0.70759434,0.05380158,0.025555188,0.0191047,0.10157262
1700577756759-2-10-2-10-2-1,1700577756759-2-10-2-10-2-1-01,1700577756759-2-10-2-10-2,1700577756759,2,10,2,10,1,Side,/workspace/datasets/emoji-hero-vr-db-di/test_set/Fear/1700577756759-2-10-2-10-2-1,1,1700577755793,/workspace/datasets/emoji-hero-vr-db-di/test_set/Fear/1700577756759-2-10-2-10-2-1/1700577755793-2-10-2-10-2-1.jpg,2,Fear,2,Fear,0.683554,0.683554,True,True,0.02017936,0.07829679,0.683554,0.063749425,0.02963811,0.020919334,0.103663035
1700577759366-2-10-2-11-4-0,1700577759366-2-10-2-11-4-0-01,1700577759366-2-10-2-11-4,1700577759366,2,10,2,11,0,Central,/workspace/datasets/emoji-hero-vr-db-di/test_set/Neutral/1700577759366-2-10-2-11-4-0,1,1700577758389,/workspace/datasets/emoji-hero-vr-db-di/test_set/Neutral/1700577759366-2-10-2-11-4-0/1700577758389-2-10-2-11-4-0.jpg,4,Neutral,0,Anger,0.15314898,0.25194865,False,True,0.25194865,0.13753805,0.08863409,0.16687423,0.15314898,0.14639975,0.05545623
1700577759366-2-10-2-11-4-1,1700577759366-2-10-2-11-4-1-01,1700577759366-2-10-2-11-4,1700577759366,2,10,2,11,1,Side,/workspace/datasets/emoji-hero-vr-db-di/test_set/Neutral/1700577759366-2-10-2-11-4-1,1,1700577758389,/workspace/datasets/emoji-hero-vr-db-di/test_set/Neutral/1700577759366-2-10-2-11-4-1/1700577758389-2-10-2-11-4-1.jpg,4,Neutral,1,Disgust,0.050260123,0.2913384,False,False,0.15229885,0.2913384,0.12824155,0.28628674,0.050260123,0.04456363,0.04701062
1700577839039-2-10-3-0-4-0,1700577839039-2-10-3-0-4-0-01,1700577839039-2-10-3-0-4,1700577839039,2,10,3,0,0,Central,/workspace/datasets/emoji-hero-vr-db-di/test_set/Neutral/1700577839039-2-10-3-0-4-0,1,1700577838063,/workspace/datasets/emoji-hero-vr-db-di/test_set/Neutral/1700577839039-2-10-3-0-4-0/1700577838063-2-10-3-0-4-0.jpg,4,Neutral,1,Disgust,0.08230845,0.25146288,False,False,0.24948151,0.25146288,0.12018129,0.10817494,0.08230845,0.10838556,0.080005355
1700577839039-2-10-3-0-4-1,1700577839039-2-10-3-0-4-1-01,1700577839039-2-10-3-0-4,1700577839039,2,10,3,0,1,Side,/workspace/datasets/emoji-hero-vr-db-di/test_set/Neutral/1700577839039-2-10-3-0-4-1,1,1700577838063,/workspace/datasets/emoji-hero-vr-db-di/test_set/Neutral/1700577839039-2-10-3-0-4-1/1700577838063-2-10-3-0-4-1.jpg,4,Neutral,3,Happiness,0.052418333,0.81141746,False,False,0.033464875,0.031526487,0.039795037,0.81141746,0.052418333,0.01442967,0.016948072
1700577841033-2-10-3-1-1-0,1700577841033-2-10-3-1-1-0-01,1700577841033-2-10-3-1-1,1700577841033,2,10,3,1,0,Central,/workspace/datasets/emoji-hero-vr-db-di/test_set/Disgust/1700577841033-2-10-3-1-1-0,1,1700577840253,/workspace/datasets/emoji-hero-vr-db-di/test_set/Disgust/1700577841033-2-10-3-1-1-0/1700577840253-2-10-3-1-1-0.jpg,1,Disgust,1,Disgust,0.22018023,0.22018023,True,True,0.17608306,0.22018023,0.15496472,0.0909523,0.1699827,0.11591387,0.07192315
1700577841033-2-10-3-1-1-1,1700577841033-2-10-3-1-1-1-01,1700577841033-2-10-3-1-1,1700577841033,2,10,3,1,1,Side,/workspace/datasets/emoji-hero-vr-db-di/test_set/Disgust/1700577841033-2-10-3-1-1-1,1,1700577840253,/workspace/datasets/emoji-hero-vr-db-di/test_set/Disgust/1700577841033-2-10-3-1-1-1/1700577840253-2-10-3-1-1-1.jpg,1,Disgust,3,Happiness,0.048498716,0.5242924,False,True,0.10144755,0.048498716,0.0700509,0.5242924,0.18442625,0.033114422,0.038169812
1700577843732-2-10-3-2-0-0,1700577843732-2-10-3-2-0-0-01,1700577843732-2-10-3-2-0,1700577843732,2,10,3,2,0,Central,/workspace/datasets/emoji-hero-vr-db-di/test_set/Anger/1700577843732-2-10-3-2-0-0,1,1700577842773,/workspace/datasets/emoji-hero-vr-db-di/test_set/Anger/1700577843732-2-10-3-2-0-0/1700577842773-2-10-3-2-0-0.jpg,0,Anger,0,Anger,0.39338902,0.39338902,True,True,0.39338902,0.21947275,0.075538665,0.06831591,0.061204843,0.12816699,0.053911794
1700577843732-2-10-3-2-0-1,1700577843732-2-10-3-2-0-1-01,1700577843732-2-10-3-2-0,1700577843732,2,10,3,2,1,Side,/workspace/datasets/emoji-hero-vr-db-di/test_set/Anger/1700577843732-2-10-3-2-0-1,1,1700577842773,/workspace/datasets/emoji-hero-vr-db-di/test_set/Anger/1700577843732-2-10-3-2-0-1/1700577842773-2-10-3-2-0-1.jpg,0,Anger,0,Anger,0.338849,0.338849,True,True,0.338849,0.20366259,0.08298129,0.13700654,0.06374096,0.10571466,0.06804499
1700577847201-2-10-3-4-3-0,1700577847201-2-10-3-4-3-0-01,1700577847201-2-10-3-4-3,1700577847201,2,10,3,4,0,Central,/workspace/datasets/emoji-hero-vr-db-di/test_set/Happiness/1700577847201-2-10-3-4-3-0,1,1700577846267,/workspace/datasets/emoji-hero-vr-db-di/test_set/Happiness/1700577847201-2-10-3-4-3-0/1700577846267-2-10-3-4-3-0.jpg,3,Happiness,2,Fear,0.029176796,0.520027,False,True,0.016420856,0.038298555,0.520027,0.029176796,0.027406756,0.019685417,0.34898463
1700577847201-2-10-3-4-3-1,1700577847201-2-10-3-4-3-1-01,1700577847201-2-10-3-4-3,1700577847201,2,10,3,4,1,Side,/workspace/datasets/emoji-hero-vr-db-di/test_set/Happiness/1700577847201-2-10-3-4-3-1,1,1700577846267,/workspace/datasets/emoji-hero-vr-db-di/test_set/Happiness/1700577847201-2-10-3-4-3-1/1700577846267-2-10-3-4-3-1.jpg,3,Happiness,2,Fear,0.060098533,0.64793456,False,True,0.024062987,0.065555766,0.64793456,0.060098533,0.041126154,0.023320995,0.13790098
1700577849695-2-10-3-5-2-0,1700577849695-2-10-3-5-2-0-01,1700577849695-2-10-3-5-2,1700577849695,2,10,3,5,0,Central,/workspace/datasets/emoji-hero-vr-db-di/test_set/Fear/1700577849695-2-10-3-5-2-0,1,1700577848732,/workspace/datasets/emoji-hero-vr-db-di/test_set/Fear/1700577849695-2-10-3-5-2-0/1700577848732-2-10-3-5-2-0.jpg,2,Fear,3,Happiness,0.030172087,0.86383,False,False,0.023258595,0.023367,0.030172087,0.86383,0.035185814,0.011417158,0.012769305
1700577849695-2-10-3-5-2-1,1700577849695-2-10-3-5-2-1-01,1700577849695-2-10-3-5-2,1700577849695,2,10,3,5,1,Side,/workspace/datasets/emoji-hero-vr-db-di/test_set/Fear/1700577849695-2-10-3-5-2-1,1,1700577848732,/workspace/datasets/emoji-hero-vr-db-di/test_set/Fear/1700577849695-2-10-3-5-2-1/1700577848732-2-10-3-5-2-1.jpg,2,Fear,3,Happiness,0.027380677,0.87114275,False,True,0.021924557,0.020818736,0.027380677,0.87114275,0.0359357,0.011238098,0.011559535
1700577851526-2-10-3-6-5-0,1700577851526-2-10-3-6-5-0-01,1700577851526-2-10-3-6-5,1700577851526,2,10,3,6,0,Central,/workspace/datasets/emoji-hero-vr-db-di/test_set/Sadness/1700577851526-2-10-3-6-5-0,1,1700577850568,/workspace/datasets/emoji-hero-vr-db-di/test_set/Sadness/1700577851526-2-10-3-6-5-0/1700577850568-2-10-3-6-5-0.jpg,5,Sadness,3,Happiness,0.00702176,0.91881126,False,True,0.013133415,0.014147835,0.017640324,0.91881126,0.023187079,0.00702176,0.006058264
1700577851526-2-10-3-6-5-1,1700577851526-2-10-3-6-5-1-01,1700577851526-2-10-3-6-5,1700577851526,2,10,3,6,1,Side,/workspace/datasets/emoji-hero-vr-db-di/test_set/Sadness/1700577851526-2-10-3-6-5-1,1,1700577850568,/workspace/datasets/emoji-hero-vr-db-di/test_set/Sadness/1700577851526-2-10-3-6-5-1/1700577850568-2-10-3-6-5-1.jpg,5,Sadness,3,Happiness,0.022059014,0.69908917,False,False,0.049856506,0.08135768,0.07235788,0.69908917,0.045667946,0.022059014,0.029611845
1700577854173-2-10-3-7-5-0,1700577854173-2-10-3-7-5-0-01,1700577854173-2-10-3-7-5,1700577854173,2,10,3,7,0,Central,/workspace/datasets/emoji-hero-vr-db-di/test_set/Sadness/1700577854173-2-10-3-7-5-0,1,1700577853199,/workspace/datasets/emoji-hero-vr-db-di/test_set/Sadness/1700577854173-2-10-3-7-5-0/1700577853199-2-10-3-7-5-0.jpg,5,Sadness,0,Anger,0.079910085,0.70254713,False,False,0.70254713,0.10625947,0.025810951,0.042787764,0.022634614,0.079910085,0.020049917
1700577854173-2-10-3-7-5-1,1700577854173-2-10-3-7-5-1-01,1700577854173-2-10-3-7-5,1700577854173,2,10,3,7,1,Side,/workspace/datasets/emoji-hero-vr-db-di/test_set/Sadness/1700577854173-2-10-3-7-5-1,1,1700577853199,/workspace/datasets/emoji-hero-vr-db-di/test_set/Sadness/1700577854173-2-10-3-7-5-1/1700577853199-2-10-3-7-5-1.jpg,5,Sadness,0,Anger,0.16840912,0.26151606,False,False,0.26151606,0.22344907,0.09505766,0.08666037,0.06634294,0.16840912,0.09856478
1700577855799-2-10-3-8-0-0,1700577855799-2-10-3-8-0-0-01,1700577855799-2-10-3-8-0,1700577855799,2,10,3,8,0,Central,/workspace/datasets/emoji-hero-vr-db-di/test_set/Anger/1700577855799-2-10-3-8-0-0,1,1700577854829,/workspace/datasets/emoji-hero-vr-db-di/test_set/Anger/1700577855799-2-10-3-8-0-0/1700577854829-2-10-3-8-0-0.jpg,0,Anger,3,Happiness,0.024126487,0.8362155,False,False,0.024126487,0.035173006,0.040118348,0.8362155,0.035378005,0.012510087,0.01647854
1700577855799-2-10-3-8-0-1,1700577855799-2-10-3-8-0-1-01,1700577855799-2-10-3-8-0,1700577855799,2,10,3,8,1,Side,/workspace/datasets/emoji-hero-vr-db-di/test_set/Anger/1700577855799-2-10-3-8-0-1,1,1700577854829,/workspace/datasets/emoji-hero-vr-db-di/test_set/Anger/1700577855799-2-10-3-8-0-1/1700577854829-2-10-3-8-0-1.jpg,0,Anger,3,Happiness,0.015329303,0.90502304,False,False,0.015329303,0.017079355,0.02028266,0.90502304,0.026756493,0.008283759,0.0072453506
1700577857687-2-10-3-9-1-0,1700577857687-2-10-3-9-1-0-01,1700577857687-2-10-3-9-1,1700577857687,2,10,3,9,0,Central,/workspace/datasets/emoji-hero-vr-db-di/test_set/Disgust/1700577857687-2-10-3-9-1-0,1,1700577856667,/workspace/datasets/emoji-hero-vr-db-di/test_set/Disgust/1700577857687-2-10-3-9-1-0/1700577856667-2-10-3-9-1-0.jpg,1,Disgust,3,Happiness,0.03546661,0.8068976,False,True,0.0415938,0.03546661,0.04163959,0.8068976,0.039953556,0.015763678,0.018685218
1700577857687-2-10-3-9-1-1,1700577857687-2-10-3-9-1-1-01,1700577857687-2-10-3-9-1,1700577857687,2,10,3,9,1,Side,/workspace/datasets/emoji-hero-vr-db-di/test_set/Disgust/1700577857687-2-10-3-9-1-1,1,1700577856667,/workspace/datasets/emoji-hero-vr-db-di/test_set/Disgust/1700577857687-2-10-3-9-1-1/1700577856667-2-10-3-9-1-1.jpg,1,Disgust,3,Happiness,0.06276647,0.6954022,False,True,0.06776953,0.06276647,0.05826354,0.6954022,0.059257668,0.026176076,0.030364519
1700577863441-2-10-3-12-4-0,1700577863441-2-10-3-12-4-0-01,1700577863441-2-10-3-12-4,1700577863441,2,10,3,12,0,Central,/workspace/datasets/emoji-hero-vr-db-di/test_set/Neutral/1700577863441-2-10-3-12-4-0,1,1700577862471,/workspace/datasets/emoji-hero-vr-db-di/test_set/Neutral/1700577863441-2-10-3-12-4-0/1700577862471-2-10-3-12-4-0.jpg,4,Neutral,3,Happiness,0.07190703,0.6186727,False,True,0.0856364,0.07673315,0.07332776,0.6186727,0.07190703,0.033973724,0.03974919
1700577863441-2-10-3-12-4-1,1700577863441-2-10-3-12-4-1-01,1700577863441-2-10-3-12-4,1700577863441,2,10,3,12,1,Side,/workspace/datasets/emoji-hero-vr-db-di/test_set/Neutral/1700577863441-2-10-3-12-4-1,1,1700577862471,/workspace/datasets/emoji-hero-vr-db-di/test_set/Neutral/1700577863441-2-10-3-12-4-1/1700577862471-2-10-3-12-4-1.jpg,4,Neutral,3,Happiness,0.040071532,0.8473142,False,False,0.024396416,0.028180491,0.03319052,0.8473142,0.040071532,0.01231995,0.014526815
1700577867123-2-10-3-14-4-0,1700577867123-2-10-3-14-4-0-01,1700577867123-2-10-3-14-4,1700577867123,2,10,3,14,0,Central,/workspace/datasets/emoji-hero-vr-db-di/test_set/Neutral/1700577867123-2-10-3-14-4-0,1,1700577866329,/workspace/datasets/emoji-hero-vr-db-di/test_set/Neutral/1700577867123-2-10-3-14-4-0/1700577866329-2-10-3-14-4-0.jpg,4,Neutral,2,Fear,0.0561697,0.5846379,False,False,0.03698518,0.108732425,0.5846379,0.06148793,0.0561697,0.037121125,0.11486581
1700577867123-2-10-3-14-4-1,1700577867123-2-10-3-14-4-1-01,1700577867123-2-10-3-14-4,1700577867123,2,10,3,14,1,Side,/workspace/datasets/emoji-hero-vr-db-di/test_set/Neutral/1700577867123-2-10-3-14-4-1,1,1700577866329,/workspace/datasets/emoji-hero-vr-db-di/test_set/Neutral/1700577867123-2-10-3-14-4-1/1700577866329-2-10-3-14-4-1.jpg,4,Neutral,2,Fear,0.04821463,0.3424288,False,False,0.083813466,0.2564145,0.3424288,0.109568715,0.04821463,0.04626827,0.113291584
1700577870256-2-10-3-15-5-0,1700577870256-2-10-3-15-5-0-01,1700577870256-2-10-3-15-5,1700577870256,2,10,3,15,0,Central,/workspace/datasets/emoji-hero-vr-db-di/test_set/Sadness/1700577870256-2-10-3-15-5-0,1,1700577869298,/workspace/datasets/emoji-hero-vr-db-di/test_set/Sadness/1700577870256-2-10-3-15-5-0/1700577869298-2-10-3-15-5-0.jpg,5,Sadness,0,Anger,0.09330557,0.7358967,False,True,0.7358967,0.08601377,0.020641433,0.030450936,0.01907575,0.09330557,0.014615867
1700577870256-2-10-3-15-5-1,1700577870256-2-10-3-15-5-1-01,1700577870256-2-10-3-15-5,1700577870256,2,10,3,15,1,Side,/workspace/datasets/emoji-hero-vr-db-di/test_set/Sadness/1700577870256-2-10-3-15-5-1,1,1700577869298,/workspace/datasets/emoji-hero-vr-db-di/test_set/Sadness/1700577870256-2-10-3-15-5-1/1700577869298-2-10-3-15-5-1.jpg,5,Sadness,0,Anger,0.19579506,0.40860403,False,False,0.40860403,0.19463186,0.05409835,0.054080646,0.039758302,0.19579506,0.053031757
1700577877659-2-10-3-19-6-0,1700577877659-2-10-3-19-6-0-01,1700577877659-2-10-3-19-6,1700577877659,2,10,3,19,0,Central,/workspace/datasets/emoji-hero-vr-db-di/test_set/Surprise/1700577877659-2-10-3-19-6-0,1,1700577876689,/workspace/datasets/emoji-hero-vr-db-di/test_set/Surprise/1700577877659-2-10-3-19-6-0/1700577876689-2-10-3-19-6-0.jpg,6,Surprise,3,Happiness,0.0097588,0.8667778,False,True,0.02247047,0.029565845,0.027272781,0.8667778,0.031934217,0.0122201275,0.0097588
1700577877659-2-10-3-19-6-1,1700577877659-2-10-3-19-6-1-01,1700577877659-2-10-3-19-6,1700577877659,2,10,3,19,1,Side,/workspace/datasets/emoji-hero-vr-db-di/test_set/Surprise/1700577877659-2-10-3-19-6-1,1,1700577876689,/workspace/datasets/emoji-hero-vr-db-di/test_set/Surprise/1700577877659-2-10-3-19-6-1/1700577876689-2-10-3-19-6-1.jpg,6,Surprise,3,Happiness,0.061333064,0.36367604,False,False,0.11724587,0.2358064,0.1318635,0.36367604,0.04810531,0.041969735,0.061333064
1700577880261-2-10-3-20-2-0,1700577880261-2-10-3-20-2-0-01,1700577880261-2-10-3-20-2,1700577880261,2,10,3,20,0,Central,/workspace/datasets/emoji-hero-vr-db-di/test_set/Fear/1700577880261-2-10-3-20-2-0,1,1700577879291,/workspace/datasets/emoji-hero-vr-db-di/test_set/Fear/1700577880261-2-10-3-20-2-0/1700577879291-2-10-3-20-2-0.jpg,2,Fear,4,Neutral,0.09490381,0.34091225,False,True,0.18940306,0.1048241,0.09490381,0.1006584,0.34091225,0.12149023,0.047808178
1700577880261-2-10-3-20-2-1,1700577880261-2-10-3-20-2-1-01,1700577880261-2-10-3-20-2,1700577880261,2,10,3,20,1,Side,/workspace/datasets/emoji-hero-vr-db-di/test_set/Fear/1700577880261-2-10-3-20-2-1,1,1700577879291,/workspace/datasets/emoji-hero-vr-db-di/test_set/Fear/1700577880261-2-10-3-20-2-1/1700577879291-2-10-3-20-2-1.jpg,2,Fear,3,Happiness,0.08065902,0.51919484,False,False,0.1449435,0.09769505,0.08065902,0.51919484,0.07504403,0.03816595,0.044297628
1700578007024-2-10-4-0-1-0,1700578007024-2-10-4-0-1-0-01,1700578007024-2-10-4-0-1,1700578007024,2,10,4,0,0,Central,/workspace/datasets/emoji-hero-vr-db-di/test_set/Disgust/1700578007024-2-10-4-0-1-0,1,1700578006009,/workspace/datasets/emoji-hero-vr-db-di/test_set/Disgust/1700578007024-2-10-4-0-1-0/1700578006009-2-10-4-0-1-0.jpg,1,Disgust,3,Happiness,0.03892327,0.8300132,False,False,0.022988223,0.03892327,0.042162664,0.8300132,0.035649378,0.013059672,0.017203595
1700578007024-2-10-4-0-1-1,1700578007024-2-10-4-0-1-1-01,1700578007024-2-10-4-0-1,1700578007024,2,10,4,0,1,Side,/workspace/datasets/emoji-hero-vr-db-di/test_set/Disgust/1700578007024-2-10-4-0-1-1,1,1700578006009,/workspace/datasets/emoji-hero-vr-db-di/test_set/Disgust/1700578007024-2-10-4-0-1-1/1700578006009-2-10-4-0-1-1.jpg,1,Disgust,3,Happiness,0.022068378,0.8961925,False,False,0.018759888,0.022068378,0.018976139,0.8961925,0.027319193,0.010204002,0.0064799376
1700578011711-2-10-4-3-6-0,1700578011711-2-10-4-3-6-0-01,1700578011711-2-10-4-3-6,1700578011711,2,10,4,3,0,Central,/workspace/datasets/emoji-hero-vr-db-di/test_set/Surprise/1700578011711-2-10-4-3-6-0,1,1700578010965,/workspace/datasets/emoji-hero-vr-db-di/test_set/Surprise/1700578011711-2-10-4-3-6-0/1700578010965-2-10-4-3-6-0.jpg,6,Surprise,4,Neutral,0.039114397,0.4707377,False,False,0.13699284,0.09016393,0.06605061,0.055764835,0.4707377,0.14117566,0.039114397
1700578011711-2-10-4-3-6-1,1700578011711-2-10-4-3-6-1-01,1700578011711-2-10-4-3-6,1700578011711,2,10,4,3,1,Side,/workspace/datasets/emoji-hero-vr-db-di/test_set/Surprise/1700578011711-2-10-4-3-6-1,1,1700578010965,/workspace/datasets/emoji-hero-vr-db-di/test_set/Surprise/1700578011711-2-10-4-3-6-1/1700578010965-2-10-4-3-6-1.jpg,6,Surprise,4,Neutral,0.039846003,0.5063664,False,False,0.13661157,0.09115119,0.058384813,0.060255267,0.5063664,0.10738477,0.039846003
1700578014206-2-10-4-4-4-0,1700578014206-2-10-4-4-4-0-01,1700578014206-2-10-4-4-4,1700578014206,2,10,4,4,0,Central,/workspace/datasets/emoji-hero-vr-db-di/test_set/Neutral/1700578014206-2-10-4-4-4-0,1,1700578013189,/workspace/datasets/emoji-hero-vr-db-di/test_set/Neutral/1700578014206-2-10-4-4-4-0/1700578013189-2-10-4-4-4-0.jpg,4,Neutral,4,Neutral,0.36489192,0.36489192,True,True,0.14725018,0.08437171,0.060680516,0.032600947,0.36489192,0.27741203,0.03279275
1700578014206-2-10-4-4-4-1,1700578014206-2-10-4-4-4-1-01,1700578014206-2-10-4-4-4,1700578014206,2,10,4,4,1,Side,/workspace/datasets/emoji-hero-vr-db-di/test_set/Neutral/1700578014206-2-10-4-4-4-1,1,1700578013189,/workspace/datasets/emoji-hero-vr-db-di/test_set/Neutral/1700578014206-2-10-4-4-4-1/1700578013189-2-10-4-4-4-1.jpg,4,Neutral,5,Sadness,0.057375025,0.76146346,False,False,0.09657432,0.043799598,0.012725998,0.015024356,0.057375025,0.76146346,0.013037238
1700578015880-2-10-4-5-4-0,1700578015880-2-10-4-5-4-0-01,1700578015880-2-10-4-5-4,1700578015880,2,10,4,5,0,Central,/workspace/datasets/emoji-hero-vr-db-di/test_set/Neutral/1700578015880-2-10-4-5-4-0,1,1700578014915,/workspace/datasets/emoji-hero-vr-db-di/test_set/Neutral/1700578015880-2-10-4-5-4-0/1700578014915-2-10-4-5-4-0.jpg,4,Neutral,0,Anger,0.16957675,0.25064588,False,True,0.25064588,0.17219056,0.094071686,0.066948704,0.16957675,0.19316958,0.053396944
1700578015880-2-10-4-5-4-1,1700578015880-2-10-4-5-4-1-01,1700578015880-2-10-4-5-4,1700578015880,2,10,4,5,1,Side,/workspace/datasets/emoji-hero-vr-db-di/test_set/Neutral/1700578015880-2-10-4-5-4-1,1,1700578014915,/workspace/datasets/emoji-hero-vr-db-di/test_set/Neutral/1700578015880-2-10-4-5-4-1/1700578014915-2-10-4-5-4-1.jpg,4,Neutral,4,Neutral,0.3719659,0.3719659,True,True,0.18231119,0.0734154,0.049810216,0.04630957,0.3719659,0.24872623,0.027461551
1700578017539-2-10-4-6-3-0,1700578017539-2-10-4-6-3-0-01,1700578017539-2-10-4-6-3,1700578017539,2,10,4,6,0,Central,/workspace/datasets/emoji-hero-vr-db-di/test_set/Happiness/1700578017539-2-10-4-6-3-0,1,1700578016511,/workspace/datasets/emoji-hero-vr-db-di/test_set/Happiness/1700578017539-2-10-4-6-3-0/1700578016511-2-10-4-6-3-0.jpg,3,Happiness,4,Neutral,0.0720909,0.33433533,False,True,0.18907082,0.12973425,0.0882857,0.0720909,0.33433533,0.14266196,0.043821014
1700578017539-2-10-4-6-3-1,1700578017539-2-10-4-6-3-1-01,1700578017539-2-10-4-6-3,1700578017539,2,10,4,6,1,Side,/workspace/datasets/emoji-hero-vr-db-di/test_set/Happiness/1700578017539-2-10-4-6-3-1,1,1700578016511,/workspace/datasets/emoji-hero-vr-db-di/test_set/Happiness/1700578017539-2-10-4-6-3-1/1700578016511-2-10-4-6-3-1.jpg,3,Happiness,4,Neutral,0.11691383,0.42985806,False,True,0.162247,0.08070074,0.07495498,0.11691383,0.42985806,0.097375266,0.037950102
1700578020748-2-10-4-8-5-0,1700578020748-2-10-4-8-5-0-01,1700578020748-2-10-4-8-5,1700578020748,2,10,4,8,0,Central,/workspace/datasets/emoji-hero-vr-db-di/test_set/Sadness/1700578020748-2-10-4-8-5-0,1,1700578019777,/workspace/datasets/emoji-hero-vr-db-di/test_set/Sadness/1700578020748-2-10-4-8-5-0/1700578019777-2-10-4-8-5-0.jpg,5,Sadness,4,Neutral,0.10739298,0.4882995,False,True,0.12765363,0.085968375,0.079179615,0.065220475,0.4882995,0.10739298,0.046285566
1700578020748-2-10-4-8-5-1,1700578020748-2-10-4-8-5-1-01,1700578020748-2-10-4-8-5,1700578020748,2,10,4,8,1,Side,/workspace/datasets/emoji-hero-vr-db-di/test_set/Sadness/1700578020748-2-10-4-8-5-1,1,1700578019777,/workspace/datasets/emoji-hero-vr-db-di/test_set/Sadness/1700578020748-2-10-4-8-5-1/1700578019777-2-10-4-8-5-1.jpg,5,Sadness,4,Neutral,0.09589125,0.3503869,False,True,0.17390473,0.08977535,0.08686692,0.16483735,0.3503869,0.09589125,0.038337514
1700578022517-2-10-4-9-2-0,1700578022517-2-10-4-9-2-0-01,1700578022517-2-10-4-9-2,1700578022517,2,10,4,9,0,Central,/workspace/datasets/emoji-hero-vr-db-di/test_set/Fear/1700578022517-2-10-4-9-2-0,1,1700578021544,/workspace/datasets/emoji-hero-vr-db-di/test_set/Fear/1700578022517-2-10-4-9-2-0/1700578021544-2-10-4-9-2-0.jpg,2,Fear,5,Sadness,0.014976811,0.7558994,False,True,0.09279232,0.062955886,0.014976811,0.014886998,0.04401669,0.7558994,0.014471862
1700578022517-2-10-4-9-2-1,1700578022517-2-10-4-9-2-1-01,1700578022517-2-10-4-9-2,1700578022517,2,10,4,9,1,Side,/workspace/datasets/emoji-hero-vr-db-di/test_set/Fear/1700578022517-2-10-4-9-2-1,1,1700578021544,/workspace/datasets/emoji-hero-vr-db-di/test_set/Fear/1700578022517-2-10-4-9-2-1/1700578021544-2-10-4-9-2-1.jpg,2,Fear,4,Neutral,0.05118125,0.425873,False,True,0.18652128,0.07012976,0.05118125,0.06942182,0.425873,0.15792277,0.038950093
1700578026276-2-10-4-11-3-0,1700578026276-2-10-4-11-3-0-01,1700578026276-2-10-4-11-3,1700578026276,2,10,4,11,0,Central,/workspace/datasets/emoji-hero-vr-db-di/test_set/Happiness/1700578026276-2-10-4-11-3-0,1,1700578025315,/workspace/datasets/emoji-hero-vr-db-di/test_set/Happiness/1700578026276-2-10-4-11-3-0/1700578025315-2-10-4-11-3-0.jpg,3,Happiness,4,Neutral,0.060423594,0.39751944,False,True,0.14440198,0.10006061,0.08735636,0.060423594,0.39751944,0.15967883,0.050559103
1700578026276-2-10-4-11-3-1,1700578026276-2-10-4-11-3-1-01,1700578026276-2-10-4-11-3,1700578026276,2,10,4,11,1,Side,/workspace/datasets/emoji-hero-vr-db-di/test_set/Happiness/1700578026276-2-10-4-11-3-1,1,1700578025315,/workspace/datasets/emoji-hero-vr-db-di/test_set/Happiness/1700578026276-2-10-4-11-3-1/1700578025315-2-10-4-11-3-1.jpg,3,Happiness,3,Happiness,0.8023135,0.8023135,True,True,0.03754671,0.027099019,0.036496244,0.8023135,0.059958294,0.018597057,0.017989168
1700578027679-2-10-4-12-1-0,1700578027679-2-10-4-12-1-0-01,1700578027679-2-10-4-12-1,1700578027679,2,10,4,12,0,Central,/workspace/datasets/emoji-hero-vr-db-di/test_set/Disgust/1700578027679-2-10-4-12-1-0,1,1700578026808,/workspace/datasets/emoji-hero-vr-db-di/test_set/Disgust/1700578027679-2-10-4-12-1-0/1700578026808-2-10-4-12-1-0.jpg,1,Disgust,3,Happiness,0.021609478,0.91091925,False,False,0.016519962,0.021609478,0.015089181,0.91091925,0.021476675,0.0102695655,0.0041159475
1700578027679-2-10-4-12-1-1,1700578027679-2-10-4-12-1-1-01,1700578027679-2-10-4-12-1,1700578027679,2,10,4,12,1,Side,/workspace/datasets/emoji-hero-vr-db-di/test_set/Disgust/1700578027679-2-10-4-12-1-1,1,1700578026808,/workspace/datasets/emoji-hero-vr-db-di/test_set/Disgust/1700578027679-2-10-4-12-1-1/1700578026808-2-10-4-12-1-1.jpg,1,Disgust,3,Happiness,0.014864606,0.9227052,False,True,0.013698207,0.014864606,0.015816726,0.9227052,0.020717729,0.0073302197,0.004867311
1700578029507-2-10-4-13-3-0,1700578029507-2-10-4-13-3-0-01,1700578029507-2-10-4-13-3,1700578029507,2,10,4,13,0,Central,/workspace/datasets/emoji-hero-vr-db-di/test_set/Happiness/1700578029507-2-10-4-13-3-0,1,1700578028563,/workspace/datasets/emoji-hero-vr-db-di/test_set/Happiness/1700578029507-2-10-4-13-3-0/1700578028563-2-10-4-13-3-0.jpg,3,Happiness,3,Happiness,0.77670336,0.77670336,True,True,0.07254433,0.03358198,0.041236196,0.77670336,0.03755289,0.018140508,0.020240813
1700578029507-2-10-4-13-3-1,1700578029507-2-10-4-13-3-1-01,1700578029507-2-10-4-13-3,1700578029507,2,10,4,13,1,Side,/workspace/datasets/emoji-hero-vr-db-di/test_set/Happiness/1700578029507-2-10-4-13-3-1,1,1700578028563,/workspace/datasets/emoji-hero-vr-db-di/test_set/Happiness/1700578029507-2-10-4-13-3-1/1700578028563-2-10-4-13-3-1.jpg,3,Happiness,3,Happiness,0.8938806,0.8938806,True,True,0.022402072,0.015222271,0.023722969,0.8938806,0.026990699,0.008655591,0.009125811
1700578035450-2-10-4-16-2-0,1700578035450-2-10-4-16-2-0-01,1700578035450-2-10-4-16-2,1700578035450,2,10,4,16,0,Central,/workspace/datasets/emoji-hero-vr-db-di/test_set/Fear/1700578035450-2-10-4-16-2-0,1,1700578034475,/workspace/datasets/emoji-hero-vr-db-di/test_set/Fear/1700578035450-2-10-4-16-2-0/1700578034475-2-10-4-16-2-0.jpg,2,Fear,3,Happiness,0.030212844,0.8506633,False,True,0.026073474,0.024113914,0.030212844,0.8506633,0.042086728,0.013204986,0.013644604
1700578035450-2-10-4-16-2-1,1700578035450-2-10-4-16-2-1-01,1700578035450-2-10-4-16-2,1700578035450,2,10,4,16,1,Side,/workspace/datasets/emoji-hero-vr-db-di/test_set/Fear/1700578035450-2-10-4-16-2-1,1,1700578034475,/workspace/datasets/emoji-hero-vr-db-di/test_set/Fear/1700578035450-2-10-4-16-2-1/1700578034475-2-10-4-16-2-1.jpg,2,Fear,3,Happiness,0.022065468,0.8921792,False,True,0.01762711,0.0176292,0.022065468,0.8921792,0.03215049,0.009467116,0.008881374
1700578036809-2-10-4-17-5-0,1700578036809-2-10-4-17-5-0-01,1700578036809-2-10-4-17-5,1700578036809,2,10,4,17,0,Central,/workspace/datasets/emoji-hero-vr-db-di/test_set/Sadness/1700578036809-2-10-4-17-5-0,1,1700578035852,/workspace/datasets/emoji-hero-vr-db-di/test_set/Sadness/1700578036809-2-10-4-17-5-0/1700578035852-2-10-4-17-5-0.jpg,5,Sadness,4,Neutral,0.09981238,0.49732402,False,False,0.12628701,0.082222596,0.07480245,0.07356968,0.49732402,0.09981238,0.0459819
1700578036809-2-10-4-17-5-1,1700578036809-2-10-4-17-5-1-01,1700578036809-2-10-4-17-5,1700578036809,2,10,4,17,1,Side,/workspace/datasets/emoji-hero-vr-db-di/test_set/Sadness/1700578036809-2-10-4-17-5-1,1,1700578035852,/workspace/datasets/emoji-hero-vr-db-di/test_set/Sadness/1700578036809-2-10-4-17-5-1/1700578035852-2-10-4-17-5-1.jpg,5,Sadness,4,Neutral,0.1182859,0.4264828,False,True,0.15772186,0.07908107,0.07149323,0.105646715,0.4264828,0.1182859,0.041288428
1700578042343-2-10-4-20-5-0,1700578042343-2-10-4-20-5-0-01,1700578042343-2-10-4-20-5,1700578042343,2,10,4,20,0,Central,/workspace/datasets/emoji-hero-vr-db-di/test_set/Sadness/1700578042343-2-10-4-20-5-0,1,1700578041380,/workspace/datasets/emoji-hero-vr-db-di/test_set/Sadness/1700578042343-2-10-4-20-5-0/1700578041380-2-10-4-20-5-0.jpg,5,Sadness,4,Neutral,0.09606453,0.48817807,False,True,0.13590127,0.09693695,0.06707374,0.06445152,0.48817807,0.09606453,0.05139386
1700578042343-2-10-4-20-5-1,1700578042343-2-10-4-20-5-1-01,1700578042343-2-10-4-20-5,1700578042343,2,10,4,20,1,Side,/workspace/datasets/emoji-hero-vr-db-di/test_set/Sadness/1700578042343-2-10-4-20-5-1,1,1700578041380,/workspace/datasets/emoji-hero-vr-db-di/test_set/Sadness/1700578042343-2-10-4-20-5-1/1700578041380-2-10-4-20-5-1.jpg,5,Sadness,4,Neutral,0.092651285,0.48480147,False,True,0.13421176,0.07151041,0.063878365,0.1100733,0.48480147,0.092651285,0.04287337
1700578043747-2-10-4-21-6-0,1700578043747-2-10-4-21-6-0-01,1700578043747-2-10-4-21-6,1700578043747,2,10,4,21,0,Central,/workspace/datasets/emoji-hero-vr-db-di/test_set/Surprise/1700578043747-2-10-4-21-6-0,1,1700578042787,/workspace/datasets/emoji-hero-vr-db-di/test_set/Surprise/1700578043747-2-10-4-21-6-0/1700578042787-2-10-4-21-6-0.jpg,6,Surprise,0,Anger,0.014306074,0.6974986,False,False,0.6974986,0.08428149,0.021410894,0.02496157,0.021324757,0.13621658,0.014306074
1700578043747-2-10-4-21-6-1,1700578043747-2-10-4-21-6-1-01,1700578043747-2-10-4-21-6,1700578043747,2,10,4,21,1,Side,/workspace/datasets/emoji-hero-vr-db-di/test_set/Surprise/1700578043747-2-10-4-21-6-1,1,1700578042787,/workspace/datasets/emoji-hero-vr-db-di/test_set/Surprise/1700578043747-2-10-4-21-6-1/1700578042787-2-10-4-21-6-1.jpg,6,Surprise,0,Anger,0.02563123,0.65458524,False,False,0.65458524,0.077460475,0.027094614,0.06093792,0.045250755,0.10903973,0.02563123
1700578045766-2-10-4-22-0-0,1700578045766-2-10-4-22-0-0-01,1700578045766-2-10-4-22-0,1700578045766,2,10,4,22,0,Central,/workspace/datasets/emoji-hero-vr-db-di/test_set/Anger/1700578045766-2-10-4-22-0-0,1,1700578044806,/workspace/datasets/emoji-hero-vr-db-di/test_set/Anger/1700578045766-2-10-4-22-0-0/1700578044806-2-10-4-22-0-0.jpg,0,Anger,4,Neutral,0.13720018,0.49490154,False,False,0.13720018,0.09458416,0.06953434,0.059060212,0.49490154,0.09485011,0.049869534
1700578045766-2-10-4-22-0-1,1700578045766-2-10-4-22-0-1-01,1700578045766-2-10-4-22-0,1700578045766,2,10,4,22,1,Side,/workspace/datasets/emoji-hero-vr-db-di/test_set/Anger/1700578045766-2-10-4-22-0-1,1,1700578044806,/workspace/datasets/emoji-hero-vr-db-di/test_set/Anger/1700578045766-2-10-4-22-0-1/1700578044806-2-10-4-22-0-1.jpg,0,Anger,4,Neutral,0.23495296,0.24624148,False,False,0.23495296,0.09965328,0.0859076,0.17923072,0.24624148,0.10315515,0.05085892
1700578047686-2-10-4-23-2-0,1700578047686-2-10-4-23-2-0-01,1700578047686-2-10-4-23-2,1700578047686,2,10,4,23,0,Central,/workspace/datasets/emoji-hero-vr-db-di/test_set/Fear/1700578047686-2-10-4-23-2-0,1,1700578046722,/workspace/datasets/emoji-hero-vr-db-di/test_set/Fear/1700578047686-2-10-4-23-2-0/1700578046722-2-10-4-23-2-0.jpg,2,Fear,4,Neutral,0.10041018,0.36093155,False,True,0.1607336,0.1085379,0.10041018,0.09148433,0.36093155,0.121243894,0.056658566
1700578047686-2-10-4-23-2-1,1700578047686-2-10-4-23-2-1-01,1700578047686-2-10-4-23-2,1700578047686,2,10,4,23,1,Side,/workspace/datasets/emoji-hero-vr-db-di/test_set/Fear/1700578047686-2-10-4-23-2-1,1,1700578046722,/workspace/datasets/emoji-hero-vr-db-di/test_set/Fear/1700578047686-2-10-4-23-2-1/1700578046722-2-10-4-23-2-1.jpg,2,Fear,3,Happiness,0.034689188,0.83539844,False,True,0.033318665,0.025958396,0.034689188,0.83539844,0.0417427,0.013467674,0.015424958
1700578050680-2-10-4-25-2-0,1700578050680-2-10-4-25-2-0-01,1700578050680-2-10-4-25-2,1700578050680,2,10,4,25,0,Central,/workspace/datasets/emoji-hero-vr-db-di/test_set/Fear/1700578050680-2-10-4-25-2-0,1,1700578049720,/workspace/datasets/emoji-hero-vr-db-di/test_set/Fear/1700578050680-2-10-4-25-2-0/1700578049720-2-10-4-25-2-0.jpg,2,Fear,3,Happiness,0.026832877,0.8740557,False,True,0.020795265,0.02134357,0.026832877,0.8740557,0.03470613,0.0111852065,0.011081285
1700578050680-2-10-4-25-2-1,1700578050680-2-10-4-25-2-1-01,1700578050680-2-10-4-25-2,1700578050680,2,10,4,25,1,Side,/workspace/datasets/emoji-hero-vr-db-di/test_set/Fear/1700578050680-2-10-4-25-2-1,1,1700578049720,/workspace/datasets/emoji-hero-vr-db-di/test_set/Fear/1700578050680-2-10-4-25-2-1/1700578049720-2-10-4-25-2-1.jpg,2,Fear,3,Happiness,0.046276625,0.7484081,False,True,0.04894749,0.040538486,0.046276625,0.7484081,0.06828318,0.022722512,0.024823647
1700578052853-2-10-4-26-1-0,1700578052853-2-10-4-26-1-0-01,1700578052853-2-10-4-26-1,1700578052853,2,10,4,26,0,Central,/workspace/datasets/emoji-hero-vr-db-di/test_set/Disgust/1700578052853-2-10-4-26-1-0,1,1700578051879,/workspace/datasets/emoji-hero-vr-db-di/test_set/Disgust/1700578052853-2-10-4-26-1-0/1700578051879-2-10-4-26-1-0.jpg,1,Disgust,3,Happiness,0.028272917,0.8283177,False,True,0.029106496,0.028272917,0.03531396,0.8283177,0.04731321,0.014961866,0.016713819
1700578052853-2-10-4-26-1-1,1700578052853-2-10-4-26-1-1-01,1700578052853-2-10-4-26-1,1700578052853,2,10,4,26,1,Side,/workspace/datasets/emoji-hero-vr-db-di/test_set/Disgust/1700578052853-2-10-4-26-1-1,1,1700578051879,/workspace/datasets/emoji-hero-vr-db-di/test_set/Disgust/1700578052853-2-10-4-26-1-1/1700578051879-2-10-4-26-1-1.jpg,1,Disgust,3,Happiness,0.017530728,0.88625205,False,True,0.01947032,0.017530728,0.024549097,0.88625205,0.032737754,0.009885192,0.009574804
1700578053937-2-10-4-27-6-0,1700578053937-2-10-4-27-6-0-01,1700578053937-2-10-4-27-6,1700578053937,2,10,4,27,0,Central,/workspace/datasets/emoji-hero-vr-db-di/test_set/Surprise/1700578053937-2-10-4-27-6-0,1,1700578053164,/workspace/datasets/emoji-hero-vr-db-di/test_set/Surprise/1700578053937-2-10-4-27-6-0/1700578053164-2-10-4-27-6-0.jpg,6,Surprise,1,Disgust,0.04132437,0.5596547,False,False,0.08632564,0.5596547,0.15134718,0.07707821,0.035281125,0.048988774,0.04132437
1700578053937-2-10-4-27-6-1,1700578053937-2-10-4-27-6-1-01,1700578053937-2-10-4-27-6,1700578053937,2,10,4,27,1,Side,/workspace/datasets/emoji-hero-vr-db-di/test_set/Surprise/1700578053937-2-10-4-27-6-1,1,1700578053164,/workspace/datasets/emoji-hero-vr-db-di/test_set/Surprise/1700578053937-2-10-4-27-6-1/1700578053164-2-10-4-27-6-1.jpg,6,Surprise,3,Happiness,0.014669549,0.82721984,False,False,0.0346376,0.036839556,0.039242044,0.82721984,0.03487979,0.012511563,0.014669549
1700583797412-2-13-1-0-0-0,1700583797412-2-13-1-0-0-0-01,1700583797412-2-13-1-0-0,1700583797412,2,13,1,0,0,Central,/workspace/datasets/emoji-hero-vr-db-di/test_set/Anger/1700583797412-2-13-1-0-0-0,1,1700583796611,/workspace/datasets/emoji-hero-vr-db-di/test_set/Anger/1700583797412-2-13-1-0-0-0/1700583796611-2-13-1-0-0-0.jpg,0,Anger,4,Neutral,0.11945313,0.53069514,False,True,0.11945313,0.087277085,0.06330959,0.06254913,0.53069514,0.08644135,0.050274562
1700583797412-2-13-1-0-0-1,1700583797412-2-13-1-0-0-1-01,1700583797412-2-13-1-0-0,1700583797412,2,13,1,0,1,Side,/workspace/datasets/emoji-hero-vr-db-di/test_set/Anger/1700583797412-2-13-1-0-0-1,1,1700583796611,/workspace/datasets/emoji-hero-vr-db-di/test_set/Anger/1700583797412-2-13-1-0-0-1/1700583796611-2-13-1-0-0-1.jpg,0,Anger,4,Neutral,0.13188967,0.49647462,False,False,0.13188967,0.1025065,0.062385093,0.066171885,0.49647462,0.08477901,0.055793103
1700583805997-2-13-1-3-0-0,1700583805997-2-13-1-3-0-0-01,1700583805997-2-13-1-3-0,1700583805997,2,13,1,3,0,Central,/workspace/datasets/emoji-hero-vr-db-di/test_set/Anger/1700583805997-2-13-1-3-0-0,1,1700583805024,/workspace/datasets/emoji-hero-vr-db-di/test_set/Anger/1700583805997-2-13-1-3-0-0/1700583805024-2-13-1-3-0-0.jpg,0,Anger,3,Happiness,0.037922934,0.41853374,False,False,0.037922934,0.09399576,0.2840037,0.41853374,0.06529218,0.030327663,0.069924
1700583805997-2-13-1-3-0-1,1700583805997-2-13-1-3-0-1-01,1700583805997-2-13-1-3-0,1700583805997,2,13,1,3,1,Side,/workspace/datasets/emoji-hero-vr-db-di/test_set/Anger/1700583805997-2-13-1-3-0-1,1,1700583805024,/workspace/datasets/emoji-hero-vr-db-di/test_set/Anger/1700583805997-2-13-1-3-0-1/1700583805024-2-13-1-3-0-1.jpg,0,Anger,1,Disgust,0.06898065,0.41525552,False,False,0.06898065,0.41525552,0.24486844,0.0932175,0.041257836,0.05419896,0.08222106
1700583807891-2-13-1-4-0-0,1700583807891-2-13-1-4-0-0-01,1700583807891-2-13-1-4-0,1700583807891,2,13,1,4,0,Central,/workspace/datasets/emoji-hero-vr-db-di/test_set/Anger/1700583807891-2-13-1-4-0-0,1,1700583806931,/workspace/datasets/emoji-hero-vr-db-di/test_set/Anger/1700583807891-2-13-1-4-0-0/1700583806931-2-13-1-4-0-0.jpg,0,Anger,1,Disgust,0.11602955,0.3843891,False,True,0.11602955,0.3843891,0.095780864,0.28510955,0.041608386,0.040863916,0.036218636
1700583807891-2-13-1-4-0-1,1700583807891-2-13-1-4-0-1-01,1700583807891-2-13-1-4-0,1700583807891,2,13,1,4,1,Side,/workspace/datasets/emoji-hero-vr-db-di/test_set/Anger/1700583807891-2-13-1-4-0-1,1,1700583806931,/workspace/datasets/emoji-hero-vr-db-di/test_set/Anger/1700583807891-2-13-1-4-0-1/1700583806931-2-13-1-4-0-1.jpg,0,Anger,1,Disgust,0.047297847,0.39093044,False,True,0.047297847,0.39093044,0.28447482,0.15368146,0.03599993,0.03695289,0.050662555
1700583813812-2-13-1-6-3-0,1700583813812-2-13-1-6-3-0-01,1700583813812-2-13-1-6-3,1700583813812,2,13,1,6,0,Central,/workspace/datasets/emoji-hero-vr-db-di/test_set/Happiness/1700583813812-2-13-1-6-3-0,1,1700583812891,/workspace/datasets/emoji-hero-vr-db-di/test_set/Happiness/1700583813812-2-13-1-6-3-0/1700583812891-2-13-1-6-3-0.jpg,3,Happiness,3,Happiness,0.89412457,0.89412457,True,True,0.019775923,0.027932601,0.017295087,0.89412457,0.023402568,0.012771164,0.0046980223
1700583813812-2-13-1-6-3-1,1700583813812-2-13-1-6-3-1-01,1700583813812-2-13-1-6-3,1700583813812,2,13,1,6,1,Side,/workspace/datasets/emoji-hero-vr-db-di/test_set/Happiness/1700583813812-2-13-1-6-3-1,1,1700583812891,/workspace/datasets/emoji-hero-vr-db-di/test_set/Happiness/1700583813812-2-13-1-6-3-1/1700583812891-2-13-1-6-3-1.jpg,3,Happiness,3,Happiness,0.8822773,0.8822773,True,True,0.019990724,0.024758754,0.021495568,0.8822773,0.032165047,0.011315988,0.007996506
1700583815717-2-13-1-7-5-0,1700583815717-2-13-1-7-5-0-01,1700583815717-2-13-1-7-5,1700583815717,2,13,1,7,0,Central,/workspace/datasets/emoji-hero-vr-db-di/test_set/Sadness/1700583815717-2-13-1-7-5-0,1,1700583814754,/workspace/datasets/emoji-hero-vr-db-di/test_set/Sadness/1700583815717-2-13-1-7-5-0/1700583814754-2-13-1-7-5-0.jpg,5,Sadness,1,Disgust,0.2876212,0.39291435,False,False,0.19477291,0.39291435,0.04751852,0.025789572,0.021962188,0.2876212,0.029421272
1700583815717-2-13-1-7-5-1,1700583815717-2-13-1-7-5-1-01,1700583815717-2-13-1-7-5,1700583815717,2,13,1,7,1,Side,/workspace/datasets/emoji-hero-vr-db-di/test_set/Sadness/1700583815717-2-13-1-7-5-1,1,1700583814754,/workspace/datasets/emoji-hero-vr-db-di/test_set/Sadness/1700583815717-2-13-1-7-5-1/1700583814754-2-13-1-7-5-1.jpg,5,Sadness,1,Disgust,0.042341948,0.31270853,False,False,0.11205881,0.31270853,0.1247601,0.29447943,0.074263275,0.042341948,0.039387893
1700583883653-2-13-2-0-4-0,1700583883653-2-13-2-0-4-0-01,1700583883653-2-13-2-0-4,1700583883653,2,13,2,0,0,Central,/workspace/datasets/emoji-hero-vr-db-di/test_set/Neutral/1700583883653-2-13-2-0-4-0,1,1700583882696,/workspace/datasets/emoji-hero-vr-db-di/test_set/Neutral/1700583883653-2-13-2-0-4-0/1700583882696-2-13-2-0-4-0.jpg,4,Neutral,4,Neutral,0.5078404,0.5078404,True,True,0.13225521,0.09780958,0.06374112,0.055710893,0.5078404,0.08976079,0.052882057
1700583883653-2-13-2-0-4-1,1700583883653-2-13-2-0-4-1-01,1700583883653-2-13-2-0-4,1700583883653,2,13,2,0,1,Side,/workspace/datasets/emoji-hero-vr-db-di/test_set/Neutral/1700583883653-2-13-2-0-4-1,1,1700583882696,/workspace/datasets/emoji-hero-vr-db-di/test_set/Neutral/1700583883653-2-13-2-0-4-1/1700583882696-2-13-2-0-4-1.jpg,4,Neutral,4,Neutral,0.48316416,0.48316416,True,True,0.14405856,0.110048644,0.05936121,0.057988014,0.48316416,0.09018717,0.055192247
1700583887578-2-13-2-2-6-0,1700583887578-2-13-2-2-6-0-01,1700583887578-2-13-2-2-6,1700583887578,2,13,2,2,0,Central,/workspace/datasets/emoji-hero-vr-db-di/test_set/Surprise/1700583887578-2-13-2-2-6-0,1,1700583886803,/workspace/datasets/emoji-hero-vr-db-di/test_set/Surprise/1700583887578-2-13-2-2-6-0/1700583886803-2-13-2-2-6-0.jpg,6,Surprise,4,Neutral,0.053630836,0.5153413,False,True,0.107323915,0.08987989,0.07590837,0.06403357,0.5153413,0.093882106,0.053630836
1700583887578-2-13-2-2-6-1,1700583887578-2-13-2-2-6-1-01,1700583887578-2-13-2-2-6,1700583887578,2,13,2,2,1,Side,/workspace/datasets/emoji-hero-vr-db-di/test_set/Surprise/1700583887578-2-13-2-2-6-1,1,1700583886803,/workspace/datasets/emoji-hero-vr-db-di/test_set/Surprise/1700583887578-2-13-2-2-6-1/1700583886803-2-13-2-2-6-1.jpg,6,Surprise,1,Disgust,0.09419612,0.2735872,False,True,0.1207466,0.2735872,0.20501699,0.09728722,0.15341873,0.055747144,0.09419612
1700583891213-2-13-2-3-2-0,1700583891213-2-13-2-3-2-0-01,1700583891213-2-13-2-3-2,1700583891213,2,13,2,3,0,Central,/workspace/datasets/emoji-hero-vr-db-di/test_set/Fear/1700583891213-2-13-2-3-2-0,1,1700583890198,/workspace/datasets/emoji-hero-vr-db-di/test_set/Fear/1700583891213-2-13-2-3-2-0/1700583890198-2-13-2-3-2-0.jpg,2,Fear,5,Sadness,0.014256399,0.75285137,False,False,0.07497407,0.108633086,0.014256399,0.0111130485,0.02342818,0.75285137,0.014743916
1700583891213-2-13-2-3-2-1,1700583891213-2-13-2-3-2-1-01,1700583891213-2-13-2-3-2,1700583891213,2,13,2,3,1,Side,/workspace/datasets/emoji-hero-vr-db-di/test_set/Fear/1700583891213-2-13-2-3-2-1,1,1700583890198,/workspace/datasets/emoji-hero-vr-db-di/test_set/Fear/1700583891213-2-13-2-3-2-1/1700583890198-2-13-2-3-2-1.jpg,2,Fear,1,Disgust,0.069696,0.42931268,False,True,0.11801655,0.42931268,0.069696,0.027063308,0.043147624,0.26987895,0.0428849
1700583893370-2-13-2-4-1-0,1700583893370-2-13-2-4-1-0-01,1700583893370-2-13-2-4-1,1700583893370,2,13,2,4,0,Central,/workspace/datasets/emoji-hero-vr-db-di/test_set/Disgust/1700583893370-2-13-2-4-1-0,1,1700583892396,/workspace/datasets/emoji-hero-vr-db-di/test_set/Disgust/1700583893370-2-13-2-4-1-0/1700583892396-2-13-2-4-1-0.jpg,1,Disgust,2,Fear,0.045391135,0.74461013,False,True,0.014854816,0.045391135,0.74461013,0.043832604,0.031105189,0.0167195,0.103486605
1700583893370-2-13-2-4-1-1,1700583893370-2-13-2-4-1-1-01,1700583893370-2-13-2-4-1,1700583893370,2,13,2,4,1,Side,/workspace/datasets/emoji-hero-vr-db-di/test_set/Disgust/1700583893370-2-13-2-4-1-1,1,1700583892396,/workspace/datasets/emoji-hero-vr-db-di/test_set/Disgust/1700583893370-2-13-2-4-1-1/1700583892396-2-13-2-4-1-1.jpg,1,Disgust,2,Fear,0.1208955,0.4757316,False,True,0.04330179,0.1208955,0.4757316,0.07921395,0.08602992,0.03957985,0.1552474
1700583897868-2-13-2-6-2-0,1700583897868-2-13-2-6-2-0-01,1700583897868-2-13-2-6-2,1700583897868,2,13,2,6,0,Central,/workspace/datasets/emoji-hero-vr-db-di/test_set/Fear/1700583897868-2-13-2-6-2-0,1,1700583896894,/workspace/datasets/emoji-hero-vr-db-di/test_set/Fear/1700583897868-2-13-2-6-2-0/1700583896894-2-13-2-6-2-0.jpg,2,Fear,4,Neutral,0.070398405,0.5302238,False,True,0.10767193,0.083833456,0.070398405,0.07147709,0.5302238,0.084425606,0.0519697
1700583897868-2-13-2-6-2-1,1700583897868-2-13-2-6-2-1-01,1700583897868-2-13-2-6-2,1700583897868,2,13,2,6,1,Side,/workspace/datasets/emoji-hero-vr-db-di/test_set/Fear/1700583897868-2-13-2-6-2-1,1,1700583896894,/workspace/datasets/emoji-hero-vr-db-di/test_set/Fear/1700583897868-2-13-2-6-2-1/1700583896894-2-13-2-6-2-1.jpg,2,Fear,3,Happiness,0.13731484,0.26769552,False,True,0.11391214,0.13866043,0.13731484,0.26769552,0.23620695,0.039631702,0.06657842
1700583903979-2-13-2-8-6-0,1700583903979-2-13-2-8-6-0-01,1700583903979-2-13-2-8-6,1700583903979,2,13,2,8,0,Central,/workspace/datasets/emoji-hero-vr-db-di/test_set/Surprise/1700583903979-2-13-2-8-6-0,1,1700583903092,/workspace/datasets/emoji-hero-vr-db-di/test_set/Surprise/1700583903979-2-13-2-8-6-0/1700583903092-2-13-2-8-6-0.jpg,6,Surprise,2,Fear,0.20565972,0.6545906,False,True,0.012977796,0.036720183,0.6545906,0.04622927,0.0284532,0.015369257,0.20565972
1700583903979-2-13-2-8-6-1,1700583903979-2-13-2-8-6-1-01,1700583903979-2-13-2-8-6,1700583903979,2,13,2,8,1,Side,/workspace/datasets/emoji-hero-vr-db-di/test_set/Surprise/1700583903979-2-13-2-8-6-1,1,1700583903092,/workspace/datasets/emoji-hero-vr-db-di/test_set/Surprise/1700583903979-2-13-2-8-6-1/1700583903092-2-13-2-8-6-1.jpg,6,Surprise,6,Surprise,0.7467686,0.7467686,True,True,0.011461835,0.018946953,0.16878426,0.016221097,0.022137247,0.01568003,0.7467686
1700583910942-2-13-2-11-4-0,1700583910942-2-13-2-11-4-0-01,1700583910942-2-13-2-11-4,1700583910942,2,13,2,11,0,Central,/workspace/datasets/emoji-hero-vr-db-di/test_set/Neutral/1700583910942-2-13-2-11-4-0,1,1700583909981,/workspace/datasets/emoji-hero-vr-db-di/test_set/Neutral/1700583910942-2-13-2-11-4-0/1700583909981-2-13-2-11-4-0.jpg,4,Neutral,3,Happiness,0.07854308,0.38497192,False,True,0.065120876,0.1808402,0.19959198,0.38497192,0.07854308,0.045092452,0.045839485
1700583910942-2-13-2-11-4-1,1700583910942-2-13-2-11-4-1-01,1700583910942-2-13-2-11-4,1700583910942,2,13,2,11,1,Side,/workspace/datasets/emoji-hero-vr-db-di/test_set/Neutral/1700583910942-2-13-2-11-4-1,1,1700583909981,/workspace/datasets/emoji-hero-vr-db-di/test_set/Neutral/1700583910942-2-13-2-11-4-1/1700583909981-2-13-2-11-4-1.jpg,4,Neutral,1,Disgust,0.047384664,0.38699898,False,True,0.06946715,0.38699898,0.17896873,0.21806036,0.047384664,0.050201777,0.048918337
1700583999169-2-13-3-0-4-0,1700583999169-2-13-3-0-4-0-01,1700583999169-2-13-3-0-4,1700583999169,2,13,3,0,0,Central,/workspace/datasets/emoji-hero-vr-db-di/test_set/Neutral/1700583999169-2-13-3-0-4-0,1,1700583998390,/workspace/datasets/emoji-hero-vr-db-di/test_set/Neutral/1700583999169-2-13-3-0-4-0/1700583998390-2-13-3-0-4-0.jpg,4,Neutral,4,Neutral,0.5077416,0.5077416,True,True,0.13352549,0.09818069,0.0627901,0.056661446,0.5077416,0.08832164,0.052779045
1700583999169-2-13-3-0-4-1,1700583999169-2-13-3-0-4-1-01,1700583999169-2-13-3-0-4,1700583999169,2,13,3,0,1,Side,/workspace/datasets/emoji-hero-vr-db-di/test_set/Neutral/1700583999169-2-13-3-0-4-1,1,1700583998390,/workspace/datasets/emoji-hero-vr-db-di/test_set/Neutral/1700583999169-2-13-3-0-4-1/1700583998390-2-13-3-0-4-1.jpg,4,Neutral,4,Neutral,0.5212751,0.5212751,True,True,0.124535955,0.0940905,0.063463934,0.06175115,0.5212751,0.08169167,0.053191666
1700584001197-2-13-3-1-1-0,1700584001197-2-13-3-1-1-0-01,1700584001197-2-13-3-1-1,1700584001197,2,13,3,1,0,Central,/workspace/datasets/emoji-hero-vr-db-di/test_set/Disgust/1700584001197-2-13-3-1-1-0,1,1700584000568,/workspace/datasets/emoji-hero-vr-db-di/test_set/Disgust/1700584001197-2-13-3-1-1-0/1700584000568-2-13-3-1-1-0.jpg,1,Disgust,4,Neutral,0.08784553,0.53454554,False,False,0.12350907,0.08784553,0.059215747,0.055512294,0.53454554,0.09206439,0.04730745
1700584001197-2-13-3-1-1-1,1700584001197-2-13-3-1-1-1-01,1700584001197-2-13-3-1-1,1700584001197,2,13,3,1,1,Side,/workspace/datasets/emoji-hero-vr-db-di/test_set/Disgust/1700584001197-2-13-3-1-1-1,1,1700584000568,/workspace/datasets/emoji-hero-vr-db-di/test_set/Disgust/1700584001197-2-13-3-1-1-1/1700584000568-2-13-3-1-1-1.jpg,1,Disgust,1,Disgust,0.36402285,0.36402285,True,False,0.21434705,0.36402285,0.13142985,0.051212434,0.075560965,0.082487375,0.08093944
1700584007863-2-13-3-4-3-0,1700584007863-2-13-3-4-3-0-01,1700584007863-2-13-3-4-3,1700584007863,2,13,3,4,0,Central,/workspace/datasets/emoji-hero-vr-db-di/test_set/Happiness/1700584007863-2-13-3-4-3-0,1,1700584006902,/workspace/datasets/emoji-hero-vr-db-di/test_set/Happiness/1700584007863-2-13-3-4-3-0/1700584006902-2-13-3-4-3-0.jpg,3,Happiness,2,Fear,0.06698375,0.65389395,False,True,0.011282908,0.033280835,0.65389395,0.06698375,0.025559627,0.013248104,0.1957508
1700584007863-2-13-3-4-3-1,1700584007863-2-13-3-4-3-1-01,1700584007863-2-13-3-4-3,1700584007863,2,13,3,4,1,Side,/workspace/datasets/emoji-hero-vr-db-di/test_set/Happiness/1700584007863-2-13-3-4-3-1,1,1700584006902,/workspace/datasets/emoji-hero-vr-db-di/test_set/Happiness/1700584007863-2-13-3-4-3-1/1700584006902-2-13-3-4-3-1.jpg,3,Happiness,3,Happiness,0.48690027,0.48690027,True,True,0.08366603,0.18009745,0.11243604,0.48690027,0.061090447,0.03163383,0.04417592
1700584009992-2-13-3-5-2-0,1700584009992-2-13-3-5-2-0-01,1700584009992-2-13-3-5-2,1700584009992,2,13,3,5,0,Central,/workspace/datasets/emoji-hero-vr-db-di/test_set/Fear/1700584009992-2-13-3-5-2-0,1,1700584009031,/workspace/datasets/emoji-hero-vr-db-di/test_set/Fear/1700584009992-2-13-3-5-2-0/1700584009031-2-13-3-5-2-0.jpg,2,Fear,5,Sadness,0.051789716,0.41083097,False,True,0.19315541,0.21504644,0.051789716,0.029061185,0.05434294,0.41083097,0.045773365
1700584009992-2-13-3-5-2-1,1700584009992-2-13-3-5-2-1-01,1700584009992-2-13-3-5-2,1700584009992,2,13,3,5,1,Side,/workspace/datasets/emoji-hero-vr-db-di/test_set/Fear/1700584009992-2-13-3-5-2-1,1,1700584009031,/workspace/datasets/emoji-hero-vr-db-di/test_set/Fear/1700584009992-2-13-3-5-2-1/1700584009031-2-13-3-5-2-1.jpg,2,Fear,4,Neutral,0.103368945,0.44347203,False,True,0.11567383,0.11978379,0.103368945,0.08528628,0.44347203,0.07581532,0.05659976
1700584012456-2-13-3-6-5-0,1700584012456-2-13-3-6-5-0-01,1700584012456-2-13-3-6-5,1700584012456,2,13,3,6,0,Central,/workspace/datasets/emoji-hero-vr-db-di/test_set/Sadness/1700584012456-2-13-3-6-5-0,1,1700584011496,/workspace/datasets/emoji-hero-vr-db-di/test_set/Sadness/1700584012456-2-13-3-6-5-0/1700584011496-2-13-3-6-5-0.jpg,5,Sadness,4,Neutral,0.09286668,0.5160525,False,True,0.1274328,0.09375005,0.06390853,0.054801192,0.5160525,0.09286668,0.051188275
1700584012456-2-13-3-6-5-1,1700584012456-2-13-3-6-5-1-01,1700584012456-2-13-3-6-5,1700584012456,2,13,3,6,1,Side,/workspace/datasets/emoji-hero-vr-db-di/test_set/Sadness/1700584012456-2-13-3-6-5-1,1,1700584011496,/workspace/datasets/emoji-hero-vr-db-di/test_set/Sadness/1700584012456-2-13-3-6-5-1/1700584011496-2-13-3-6-5-1.jpg,5,Sadness,4,Neutral,0.09971618,0.40904397,False,True,0.1487628,0.09807427,0.08451279,0.093022674,0.40904397,0.09971618,0.06686731
1700584020161-2-13-3-10-0-0,1700584020161-2-13-3-10-0-0-01,1700584020161-2-13-3-10-0,1700584020161,2,13,3,10,0,Central,/workspace/datasets/emoji-hero-vr-db-di/test_set/Anger/1700584020161-2-13-3-10-0-0,1,1700584019195,/workspace/datasets/emoji-hero-vr-db-di/test_set/Anger/1700584020161-2-13-3-10-0-0/1700584019195-2-13-3-10-0-0.jpg,0,Anger,3,Happiness,0.01851802,0.90220195,False,True,0.01851802,0.024937157,0.016334726,0.90220195,0.022046097,0.011538029,0.0044240416
1700584020161-2-13-3-10-0-1,1700584020161-2-13-3-10-0-1-01,1700584020161-2-13-3-10-0,1700584020161,2,13,3,10,1,Side,/workspace/datasets/emoji-hero-vr-db-di/test_set/Anger/1700584020161-2-13-3-10-0-1,1,1700584019195,/workspace/datasets/emoji-hero-vr-db-di/test_set/Anger/1700584020161-2-13-3-10-0-1/1700584019195-2-13-3-10-0-1.jpg,0,Anger,3,Happiness,0.024199631,0.85687494,False,False,0.024199631,0.02990694,0.026878044,0.85687494,0.03766417,0.013513893,0.010962362
1700584022622-2-13-3-11-3-0,1700584022622-2-13-3-11-3-0-01,1700584022622-2-13-3-11-3,1700584022622,2,13,3,11,0,Central,/workspace/datasets/emoji-hero-vr-db-di/test_set/Happiness/1700584022622-2-13-3-11-3-0,1,1700584021661,/workspace/datasets/emoji-hero-vr-db-di/test_set/Happiness/1700584022622-2-13-3-11-3-0/1700584021661-2-13-3-11-3-0.jpg,3,Happiness,3,Happiness,0.88003004,0.88003004,True,True,0.020595994,0.026617274,0.022586733,0.88003004,0.030922517,0.011287961,0.0079593975
1700584022622-2-13-3-11-3-1,1700584022622-2-13-3-11-3-1-01,1700584022622-2-13-3-11-3,1700584022622,2,13,3,11,1,Side,/workspace/datasets/emoji-hero-vr-db-di/test_set/Happiness/1700584022622-2-13-3-11-3-1,1,1700584021661,/workspace/datasets/emoji-hero-vr-db-di/test_set/Happiness/1700584022622-2-13-3-11-3-1/1700584021661-2-13-3-11-3-1.jpg,3,Happiness,1,Disgust,0.19048457,0.29939327,False,True,0.0592313,0.29939327,0.28850448,0.19048457,0.04602669,0.04194832,0.07441136
1700584023624-2-13-3-12-4-0,1700584023624-2-13-3-12-4-0-01,1700584023624-2-13-3-12-4,1700584023624,2,13,3,12,0,Central,/workspace/datasets/emoji-hero-vr-db-di/test_set/Neutral/1700584023624-2-13-3-12-4-0,1,1700584022663,/workspace/datasets/emoji-hero-vr-db-di/test_set/Neutral/1700584023624-2-13-3-12-4-0/1700584022663-2-13-3-12-4-0.jpg,4,Neutral,3,Happiness,0.022255111,0.9023538,False,True,0.018290859,0.025010817,0.016388042,0.9023538,0.022255111,0.011244196,0.004457162
1700584023624-2-13-3-12-4-1,1700584023624-2-13-3-12-4-1-01,1700584023624-2-13-3-12-4,1700584023624,2,13,3,12,1,Side,/workspace/datasets/emoji-hero-vr-db-di/test_set/Neutral/1700584023624-2-13-3-12-4-1,1,1700584022663,/workspace/datasets/emoji-hero-vr-db-di/test_set/Neutral/1700584023624-2-13-3-12-4-1/1700584022663-2-13-3-12-4-1.jpg,4,Neutral,3,Happiness,0.038475655,0.8493757,False,True,0.022707857,0.030483773,0.03236463,0.8493757,0.038475655,0.012779644,0.013812727
1700584025989-2-13-3-13-6-0,1700584025989-2-13-3-13-6-0-01,1700584025989-2-13-3-13-6,1700584025989,2,13,3,13,0,Central,/workspace/datasets/emoji-hero-vr-db-di/test_set/Surprise/1700584025989-2-13-3-13-6-0,1,1700584025029,/workspace/datasets/emoji-hero-vr-db-di/test_set/Surprise/1700584025989-2-13-3-13-6-0/1700584025029-2-13-3-13-6-0.jpg,6,Surprise,4,Neutral,0.14236534,0.2761594,False,False,0.081934065,0.11894874,0.22305381,0.071491204,0.2761594,0.08604743,0.14236534
1700584025989-2-13-3-13-6-1,1700584025989-2-13-3-13-6-1-01,1700584025989-2-13-3-13-6,1700584025989,2,13,3,13,1,Side,/workspace/datasets/emoji-hero-vr-db-di/test_set/Surprise/1700584025989-2-13-3-13-6-1,1,1700584025029,/workspace/datasets/emoji-hero-vr-db-di/test_set/Surprise/1700584025989-2-13-3-13-6-1/1700584025029-2-13-3-13-6-1.jpg,6,Surprise,6,Surprise,0.68804663,0.68804663,True,True,0.019111011,0.0333679,0.1798369,0.02119833,0.03633909,0.0221002,0.68804663
1700584027538-2-13-3-14-4-0,1700584027538-2-13-3-14-4-0-01,1700584027538-2-13-3-14-4,1700584027538,2,13,3,14,0,Central,/workspace/datasets/emoji-hero-vr-db-di/test_set/Neutral/1700584027538-2-13-3-14-4-0,1,1700584026658,/workspace/datasets/emoji-hero-vr-db-di/test_set/Neutral/1700584027538-2-13-3-14-4-0/1700584026658-2-13-3-14-4-0.jpg,4,Neutral,4,Neutral,0.32478815,0.32478815,True,True,0.09512345,0.10288706,0.16325375,0.17454995,0.32478815,0.06046223,0.07893544
1700584027538-2-13-3-14-4-1,1700584027538-2-13-3-14-4-1-01,1700584027538-2-13-3-14-4,1700584027538,2,13,3,14,1,Side,/workspace/datasets/emoji-hero-vr-db-di/test_set/Neutral/1700584027538-2-13-3-14-4-1,1,1700584026658,/workspace/datasets/emoji-hero-vr-db-di/test_set/Neutral/1700584027538-2-13-3-14-4-1/1700584026658-2-13-3-14-4-1.jpg,4,Neutral,3,Happiness,0.17833108,0.45655787,False,True,0.093032815,0.09579185,0.09533629,0.45655787,0.17833108,0.03532148,0.045628604
1700584030294-2-13-3-15-5-0,1700584030294-2-13-3-15-5-0-01,1700584030294-2-13-3-15-5,1700584030294,2,13,3,15,0,Central,/workspace/datasets/emoji-hero-vr-db-di/test_set/Sadness/1700584030294-2-13-3-15-5-0,1,1700584029367,/workspace/datasets/emoji-hero-vr-db-di/test_set/Sadness/1700584030294-2-13-3-15-5-0/1700584029367-2-13-3-15-5-0.jpg,5,Sadness,0,Anger,0.1088212,0.6977027,False,True,0.6977027,0.1235119,0.020787543,0.017846841,0.016021416,0.1088212,0.01530842
1700584030294-2-13-3-15-5-1,1700584030294-2-13-3-15-5-1-01,1700584030294-2-13-3-15-5,1700584030294,2,13,3,15,1,Side,/workspace/datasets/emoji-hero-vr-db-di/test_set/Sadness/1700584030294-2-13-3-15-5-1,1,1700584029367,/workspace/datasets/emoji-hero-vr-db-di/test_set/Sadness/1700584030294-2-13-3-15-5-1/1700584029367-2-13-3-15-5-1.jpg,5,Sadness,0,Anger,0.18454036,0.361926,False,True,0.361926,0.32928437,0.03900757,0.029907264,0.021803098,0.18454036,0.033531327
1700584032421-2-13-3-16-2-0,1700584032421-2-13-3-16-2-0-01,1700584032421-2-13-3-16-2,1700584032421,2,13,3,16,0,Central,/workspace/datasets/emoji-hero-vr-db-di/test_set/Fear/1700584032421-2-13-3-16-2-0,1,1700584031461,/workspace/datasets/emoji-hero-vr-db-di/test_set/Fear/1700584032421-2-13-3-16-2-0/1700584031461-2-13-3-16-2-0.jpg,2,Fear,0,Anger,0.08001733,0.3273036,False,True,0.3273036,0.24114068,0.08001733,0.20308867,0.054270603,0.05858167,0.035597492
1700584032421-2-13-3-16-2-1,1700584032421-2-13-3-16-2-1-01,1700584032421-2-13-3-16-2,1700584032421,2,13,3,16,1,Side,/workspace/datasets/emoji-hero-vr-db-di/test_set/Fear/1700584032421-2-13-3-16-2-1,1,1700584031461,/workspace/datasets/emoji-hero-vr-db-di/test_set/Fear/1700584032421-2-13-3-16-2-1/1700584031461-2-13-3-16-2-1.jpg,2,Fear,3,Happiness,0.0809199,0.6855204,False,True,0.045112487,0.08434237,0.0809199,0.6855204,0.052410677,0.021553297,0.03014087
1700584034051-2-13-3-17-3-0,1700584034051-2-13-3-17-3-0-01,1700584034051-2-13-3-17-3,1700584034051,2,13,3,17,0,Central,/workspace/datasets/emoji-hero-vr-db-di/test_set/Happiness/1700584034051-2-13-3-17-3-0,1,1700584033091,/workspace/datasets/emoji-hero-vr-db-di/test_set/Happiness/1700584034051-2-13-3-17-3-0/1700584033091-2-13-3-17-3-0.jpg,3,Happiness,0,Anger,0.033111937,0.49073958,False,True,0.49073958,0.24027053,0.042210497,0.033111937,0.030909829,0.13359305,0.029164584
1700584034051-2-13-3-17-3-1,1700584034051-2-13-3-17-3-1-01,1700584034051-2-13-3-17-3,1700584034051,2,13,3,17,1,Side,/workspace/datasets/emoji-hero-vr-db-di/test_set/Happiness/1700584034051-2-13-3-17-3-1,1,1700584033091,/workspace/datasets/emoji-hero-vr-db-di/test_set/Happiness/1700584034051-2-13-3-17-3-1/1700584033091-2-13-3-17-3-1.jpg,3,Happiness,4,Neutral,0.06803065,0.54345423,False,True,0.11421528,0.07940462,0.06193352,0.06803065,0.54345423,0.087582424,0.045379296
1700584035954-2-13-3-18-1-0,1700584035954-2-13-3-18-1-0-01,1700584035954-2-13-3-18-1,1700584035954,2,13,3,18,0,Central,/workspace/datasets/emoji-hero-vr-db-di/test_set/Disgust/1700584035954-2-13-3-18-1-0,1,1700584034984,/workspace/datasets/emoji-hero-vr-db-di/test_set/Disgust/1700584035954-2-13-3-18-1-0/1700584034984-2-13-3-18-1-0.jpg,1,Disgust,3,Happiness,0.03549867,0.82460177,False,True,0.023456417,0.03549867,0.04554563,0.82460177,0.038593538,0.013862657,0.018441347
1700584035954-2-13-3-18-1-1,1700584035954-2-13-3-18-1-1-01,1700584035954-2-13-3-18-1,1700584035954,2,13,3,18,1,Side,/workspace/datasets/emoji-hero-vr-db-di/test_set/Disgust/1700584035954-2-13-3-18-1-1,1,1700584034984,/workspace/datasets/emoji-hero-vr-db-di/test_set/Disgust/1700584035954-2-13-3-18-1-1/1700584034984-2-13-3-18-1-1.jpg,1,Disgust,2,Fear,0.10009943,0.6074224,False,True,0.023502054,0.10009943,0.6074224,0.09693049,0.034896057,0.023456877,0.113692604
1700584037726-2-13-3-19-6-0,1700584037726-2-13-3-19-6-0-01,1700584037726-2-13-3-19-6,1700584037726,2,13,3,19,0,Central,/workspace/datasets/emoji-hero-vr-db-di/test_set/Surprise/1700584037726-2-13-3-19-6-0,1,1700584036751,/workspace/datasets/emoji-hero-vr-db-di/test_set/Surprise/1700584037726-2-13-3-19-6-0/1700584036751-2-13-3-19-6-0.jpg,6,Surprise,3,Happiness,0.016635412,0.818722,False,True,0.028865168,0.034755703,0.03343466,0.818722,0.050943542,0.01664351,0.016635412
1700584037726-2-13-3-19-6-1,1700584037726-2-13-3-19-6-1-01,1700584037726-2-13-3-19-6,1700584037726,2,13,3,19,1,Side,/workspace/datasets/emoji-hero-vr-db-di/test_set/Surprise/1700584037726-2-13-3-19-6-1,1,1700584036751,/workspace/datasets/emoji-hero-vr-db-di/test_set/Surprise/1700584037726-2-13-3-19-6-1/1700584036751-2-13-3-19-6-1.jpg,6,Surprise,1,Disgust,0.15486158,0.3144147,False,True,0.15157709,0.3144147,0.15183382,0.08752278,0.08656336,0.05322663,0.15486158
1700584201525-2-13-4-0-1-0,1700584201525-2-13-4-0-1-0-01,1700584201525-2-13-4-0-1,1700584201525,2,13,4,0,0,Central,/workspace/datasets/emoji-hero-vr-db-di/test_set/Disgust/1700584201525-2-13-4-0-1-0,1,1700584201009,/workspace/datasets/emoji-hero-vr-db-di/test_set/Disgust/1700584201525-2-13-4-0-1-0/1700584201009-2-13-4-0-1-0.jpg,1,Disgust,1,Disgust,0.5835676,0.5835676,True,True,0.10663464,0.5835676,0.11887414,0.035092715,0.041978188,0.05890163,0.054951087
1700584201525-2-13-4-0-1-1,1700584201525-2-13-4-0-1-1-01,1700584201525-2-13-4-0-1,1700584201525,2,13,4,0,1,Side,/workspace/datasets/emoji-hero-vr-db-di/test_set/Disgust/1700584201525-2-13-4-0-1-1,1,1700584201009,/workspace/datasets/emoji-hero-vr-db-di/test_set/Disgust/1700584201525-2-13-4-0-1-1/1700584201009-2-13-4-0-1-1.jpg,1,Disgust,1,Disgust,0.7082945,0.7082945,True,True,0.11686483,0.7082945,0.06056109,0.029438095,0.014467667,0.034315832,0.036057886
1700584204317-2-13-4-1-5-0,1700584204317-2-13-4-1-5-0-01,1700584204317-2-13-4-1-5,1700584204317,2,13,4,1,0,Central,/workspace/datasets/emoji-hero-vr-db-di/test_set/Sadness/1700584204317-2-13-4-1-5-0,1,1700584203351,/workspace/datasets/emoji-hero-vr-db-di/test_set/Sadness/1700584204317-2-13-4-1-5-0/1700584203351-2-13-4-1-5-0.jpg,5,Sadness,5,Sadness,0.83711207,0.83711207,True,True,0.08622148,0.028727606,0.007128421,0.008466655,0.023699865,0.83711207,0.008643849
1700584204317-2-13-4-1-5-1,1700584204317-2-13-4-1-5-1-01,1700584204317-2-13-4-1-5,1700584204317,2,13,4,1,1,Side,/workspace/datasets/emoji-hero-vr-db-di/test_set/Sadness/1700584204317-2-13-4-1-5-1,1,1700584203351,/workspace/datasets/emoji-hero-vr-db-di/test_set/Sadness/1700584204317-2-13-4-1-5-1/1700584203351-2-13-4-1-5-1.jpg,5,Sadness,5,Sadness,0.8767036,0.8767036,True,True,0.05517797,0.028121179,0.00524169,0.006672924,0.021116918,0.8767036,0.0069656577
1700584206113-2-13-4-2-4-0,1700584206113-2-13-4-2-4-0-01,1700584206113-2-13-4-2-4,1700584206113,2,13,4,2,0,Central,/workspace/datasets/emoji-hero-vr-db-di/test_set/Neutral/1700584206113-2-13-4-2-4-0,1,1700584205169,/workspace/datasets/emoji-hero-vr-db-di/test_set/Neutral/1700584206113-2-13-4-2-4-0/1700584205169-2-13-4-2-4-0.jpg,4,Neutral,2,Fear,0.020410659,0.78124326,False,True,0.009640822,0.034861505,0.78124326,0.02880522,0.020410659,0.012270009,0.11276856
1700584206113-2-13-4-2-4-1,1700584206113-2-13-4-2-4-1-01,1700584206113-2-13-4-2-4,1700584206113,2,13,4,2,1,Side,/workspace/datasets/emoji-hero-vr-db-di/test_set/Neutral/1700584206113-2-13-4-2-4-1,1,1700584205169,/workspace/datasets/emoji-hero-vr-db-di/test_set/Neutral/1700584206113-2-13-4-2-4-1/1700584205169-2-13-4-2-4-1.jpg,4,Neutral,2,Fear,0.06474054,0.5618313,False,True,0.035096187,0.11177883,0.5618313,0.08856112,0.06474054,0.030107148,0.10788482
1700584207271-2-13-4-3-6-0,1700584207271-2-13-4-3-6-0-01,1700584207271-2-13-4-3-6,1700584207271,2,13,4,3,0,Central,/workspace/datasets/emoji-hero-vr-db-di/test_set/Surprise/1700584207271-2-13-4-3-6-0,1,1700584206304,/workspace/datasets/emoji-hero-vr-db-di/test_set/Surprise/1700584207271-2-13-4-3-6-0/1700584206304-2-13-4-3-6-0.jpg,6,Surprise,4,Neutral,0.052942168,0.5111773,False,True,0.13348767,0.097672984,0.06061828,0.057652,0.5111773,0.08644963,0.052942168
1700584207271-2-13-4-3-6-1,1700584207271-2-13-4-3-6-1-01,1700584207271-2-13-4-3-6,1700584207271,2,13,4,3,1,Side,/workspace/datasets/emoji-hero-vr-db-di/test_set/Surprise/1700584207271-2-13-4-3-6-1,1,1700584206304,/workspace/datasets/emoji-hero-vr-db-di/test_set/Surprise/1700584207271-2-13-4-3-6-1/1700584206304-2-13-4-3-6-1.jpg,6,Surprise,4,Neutral,0.057271052,0.49264303,False,True,0.13678133,0.10243294,0.06407424,0.064120814,0.49264303,0.08267663,0.057271052
1700584212931-2-13-4-6-3-0,1700584212931-2-13-4-6-3-0-01,1700584212931-2-13-4-6-3,1700584212931,2,13,4,6,0,Central,/workspace/datasets/emoji-hero-vr-db-di/test_set/Happiness/1700584212931-2-13-4-6-3-0,1,1700584211973,/workspace/datasets/emoji-hero-vr-db-di/test_set/Happiness/1700584212931-2-13-4-6-3-0/1700584211973-2-13-4-6-3-0.jpg,3,Happiness,4,Neutral,0.058710568,0.5073125,False,True,0.1314934,0.09794576,0.065354966,0.058710568,0.5073125,0.0850344,0.054148432
1700584212931-2-13-4-6-3-1,1700584212931-2-13-4-6-3-1-01,1700584212931-2-13-4-6-3,1700584212931,2,13,4,6,1,Side,/workspace/datasets/emoji-hero-vr-db-di/test_set/Happiness/1700584212931-2-13-4-6-3-1,1,1700584211973,/workspace/datasets/emoji-hero-vr-db-di/test_set/Happiness/1700584212931-2-13-4-6-3-1/1700584211973-2-13-4-6-3-1.jpg,3,Happiness,4,Neutral,0.06745056,0.5194546,False,True,0.12326081,0.09322006,0.06376382,0.06745056,0.5194546,0.07875203,0.05409811
1700584214184-2-13-4-7-0-0,1700584214184-2-13-4-7-0-0-01,1700584214184-2-13-4-7-0,1700584214184,2,13,4,7,0,Central,/workspace/datasets/emoji-hero-vr-db-di/test_set/Anger/1700584214184-2-13-4-7-0-0,1,1700584213284,/workspace/datasets/emoji-hero-vr-db-di/test_set/Anger/1700584214184-2-13-4-7-0-0/1700584213284-2-13-4-7-0-0.jpg,0,Anger,2,Fear,0.04661541,0.4834071,False,False,0.04661541,0.22926141,0.4834071,0.07828888,0.05644291,0.04658578,0.05939849
1700584214184-2-13-4-7-0-1,1700584214184-2-13-4-7-0-1-01,1700584214184-2-13-4-7-0,1700584214184,2,13,4,7,1,Side,/workspace/datasets/emoji-hero-vr-db-di/test_set/Anger/1700584214184-2-13-4-7-0-1,1,1700584213284,/workspace/datasets/emoji-hero-vr-db-di/test_set/Anger/1700584214184-2-13-4-7-0-1/1700584213284-2-13-4-7-0-1.jpg,0,Anger,2,Fear,0.017898621,0.6824766,False,False,0.017898621,0.062162355,0.6824766,0.062615976,0.03520717,0.01866205,0.12097732
1700584216493-2-13-4-8-5-0,1700584216493-2-13-4-8-5-0-01,1700584216493-2-13-4-8-5,1700584216493,2,13,4,8,0,Central,/workspace/datasets/emoji-hero-vr-db-di/test_set/Sadness/1700584216493-2-13-4-8-5-0,1,1700584215520,/workspace/datasets/emoji-hero-vr-db-di/test_set/Sadness/1700584216493-2-13-4-8-5-0/1700584215520-2-13-4-8-5-0.jpg,5,Sadness,3,Happiness,0.02663849,0.6761498,False,True,0.054990463,0.081429236,0.06040544,0.6761498,0.07606213,0.02663849,0.024324527
1700584216493-2-13-4-8-5-1,1700584216493-2-13-4-8-5-1-01,1700584216493-2-13-4-8-5,1700584216493,2,13,4,8,1,Side,/workspace/datasets/emoji-hero-vr-db-di/test_set/Sadness/1700584216493-2-13-4-8-5-1,1,1700584215520,/workspace/datasets/emoji-hero-vr-db-di/test_set/Sadness/1700584216493-2-13-4-8-5-1/1700584215520-2-13-4-8-5-1.jpg,5,Sadness,1,Disgust,0.055240575,0.47461015,False,True,0.11922868,0.47461015,0.13605341,0.11212194,0.046983726,0.055240575,0.055761598
1700584217663-2-13-4-9-2-0,1700584217663-2-13-4-9-2-0-01,1700584217663-2-13-4-9-2,1700584217663,2,13,4,9,0,Central,/workspace/datasets/emoji-hero-vr-db-di/test_set/Fear/1700584217663-2-13-4-9-2-0,1,1700584216790,/workspace/datasets/emoji-hero-vr-db-di/test_set/Fear/1700584217663-2-13-4-9-2-0/1700584216790-2-13-4-9-2-0.jpg,2,Fear,5,Sadness,0.0069120093,0.85354406,False,False,0.060878895,0.039519064,0.0069120093,0.007828632,0.02187861,0.85354406,0.009438721
1700584217663-2-13-4-9-2-1,1700584217663-2-13-4-9-2-1-01,1700584217663-2-13-4-9-2,1700584217663,2,13,4,9,1,Side,/workspace/datasets/emoji-hero-vr-db-di/test_set/Fear/1700584217663-2-13-4-9-2-1,1,1700584216790,/workspace/datasets/emoji-hero-vr-db-di/test_set/Fear/1700584217663-2-13-4-9-2-1/1700584216790-2-13-4-9-2-1.jpg,2,Fear,5,Sadness,0.012684842,0.7806949,False,False,0.086684786,0.059656836,0.012684842,0.0129464995,0.030199243,0.7806949,0.017132923
1700584219640-2-13-4-10-0-0,1700584219640-2-13-4-10-0-0-01,1700584219640-2-13-4-10-0,1700584219640,2,13,4,10,0,Central,/workspace/datasets/emoji-hero-vr-db-di/test_set/Anger/1700584219640-2-13-4-10-0-0,1,1700584218680,/workspace/datasets/emoji-hero-vr-db-di/test_set/Anger/1700584219640-2-13-4-10-0-0/1700584218680-2-13-4-10-0-0.jpg,0,Anger,4,Neutral,0.09404455,0.5301066,False,True,0.09404455,0.078482874,0.08928011,0.06398436,0.5301066,0.0785557,0.0655458
1700584219640-2-13-4-10-0-1,1700584219640-2-13-4-10-0-1-01,1700584219640-2-13-4-10-0,1700584219640,2,13,4,10,1,Side,/workspace/datasets/emoji-hero-vr-db-di/test_set/Anger/1700584219640-2-13-4-10-0-1,1,1700584218680,/workspace/datasets/emoji-hero-vr-db-di/test_set/Anger/1700584219640-2-13-4-10-0-1/1700584218680-2-13-4-10-0-1.jpg,0,Anger,6,Surprise,0.034202833,0.48139808,False,True,0.034202833,0.060655378,0.27710524,0.055603508,0.06272772,0.028307209,0.48139808
1700584221354-2-13-4-11-3-0,1700584221354-2-13-4-11-3-0-01,1700584221354-2-13-4-11-3,1700584221354,2,13,4,11,0,Central,/workspace/datasets/emoji-hero-vr-db-di/test_set/Happiness/1700584221354-2-13-4-11-3-0,1,1700584220393,/workspace/datasets/emoji-hero-vr-db-di/test_set/Happiness/1700584221354-2-13-4-11-3-0/1700584220393-2-13-4-11-3-0.jpg,3,Happiness,3,Happiness,0.48929566,0.48929566,True,True,0.090376504,0.17237465,0.08976522,0.48929566,0.09017462,0.039996758,0.028016554
1700584221354-2-13-4-11-3-1,1700584221354-2-13-4-11-3-1-01,1700584221354-2-13-4-11-3,1700584221354,2,13,4,11,1,Side,/workspace/datasets/emoji-hero-vr-db-di/test_set/Happiness/1700584221354-2-13-4-11-3-1,1,1700584220393,/workspace/datasets/emoji-hero-vr-db-di/test_set/Happiness/1700584221354-2-13-4-11-3-1/1700584220393-2-13-4-11-3-1.jpg,3,Happiness,1,Disgust,0.10487193,0.34353057,False,True,0.18138035,0.34353057,0.15122935,0.10487193,0.042915322,0.050994746,0.12507781
1700584223413-2-13-4-12-1-0,1700584223413-2-13-4-12-1-0-01,1700584223413-2-13-4-12-1,1700584223413,2,13,4,12,0,Central,/workspace/datasets/emoji-hero-vr-db-di/test_set/Disgust/1700584223413-2-13-4-12-1-0,1,1700584222438,/workspace/datasets/emoji-hero-vr-db-di/test_set/Disgust/1700584223413-2-13-4-12-1-0/1700584222438-2-13-4-12-1-0.jpg,1,Disgust,2,Fear,0.26220968,0.47165474,False,True,0.038483333,0.26220968,0.47165474,0.08195979,0.039863702,0.04306439,0.062764265
1700584223413-2-13-4-12-1-1,1700584223413-2-13-4-12-1-1-01,1700584223413-2-13-4-12-1,1700584223413,2,13,4,12,1,Side,/workspace/datasets/emoji-hero-vr-db-di/test_set/Disgust/1700584223413-2-13-4-12-1-1,1,1700584222438,/workspace/datasets/emoji-hero-vr-db-di/test_set/Disgust/1700584223413-2-13-4-12-1-1/1700584222438-2-13-4-12-1-1.jpg,1,Disgust,1,Disgust,0.6815726,0.6815726,True,True,0.06643867,0.6815726,0.10787325,0.04617934,0.021529423,0.04013641,0.03627027
1700584232123-2-13-4-17-5-0,1700584232123-2-13-4-17-5-0-01,1700584232123-2-13-4-17-5,1700584232123,2,13,4,17,0,Central,/workspace/datasets/emoji-hero-vr-db-di/test_set/Sadness/1700584232123-2-13-4-17-5-0,1,1700584231099,/workspace/datasets/emoji-hero-vr-db-di/test_set/Sadness/1700584232123-2-13-4-17-5-0/1700584231099-2-13-4-17-5-0.jpg,5,Sadness,3,Happiness,0.010681348,0.90423745,False,False,0.018097235,0.023758512,0.01602403,0.90423745,0.02247683,0.010681348,0.0047245864
1700584232123-2-13-4-17-5-1,1700584232123-2-13-4-17-5-1-01,1700584232123-2-13-4-17-5,1700584232123,2,13,4,17,1,Side,/workspace/datasets/emoji-hero-vr-db-di/test_set/Sadness/1700584232123-2-13-4-17-5-1,1,1700584231099,/workspace/datasets/emoji-hero-vr-db-di/test_set/Sadness/1700584232123-2-13-4-17-5-1/1700584231099-2-13-4-17-5-1.jpg,5,Sadness,3,Happiness,0.010102018,0.8980581,False,True,0.018227287,0.022067206,0.018209634,0.8980581,0.027058741,0.010102018,0.0062770653
1700584234061-2-13-4-18-4-0,1700584234061-2-13-4-18-4-0-01,1700584234061-2-13-4-18-4,1700584234061,2,13,4,18,0,Central,/workspace/datasets/emoji-hero-vr-db-di/test_set/Neutral/1700584234061-2-13-4-18-4-0,1,1700584233092,/workspace/datasets/emoji-hero-vr-db-di/test_set/Neutral/1700584234061-2-13-4-18-4-0/1700584233092-2-13-4-18-4-0.jpg,4,Neutral,3,Happiness,0.03921128,0.8474258,False,True,0.024368707,0.031375084,0.031241868,0.8474258,0.03921128,0.013606423,0.012770768
1700584234061-2-13-4-18-4-1,1700584234061-2-13-4-18-4-1-01,1700584234061-2-13-4-18-4,1700584234061,2,13,4,18,1,Side,/workspace/datasets/emoji-hero-vr-db-di/test_set/Neutral/1700584234061-2-13-4-18-4-1,1,1700584233092,/workspace/datasets/emoji-hero-vr-db-di/test_set/Neutral/1700584234061-2-13-4-18-4-1/1700584233092-2-13-4-18-4-1.jpg,4,Neutral,2,Fear,0.051947225,0.610746,False,True,0.025635935,0.0778648,0.610746,0.08515711,0.051947225,0.023829913,0.12481899
1700584237227-2-13-4-20-5-0,1700584237227-2-13-4-20-5-0-01,1700584237227-2-13-4-20-5,1700584237227,2,13,4,20,0,Central,/workspace/datasets/emoji-hero-vr-db-di/test_set/Sadness/1700584237227-2-13-4-20-5-0,1,1700584236263,/workspace/datasets/emoji-hero-vr-db-di/test_set/Sadness/1700584237227-2-13-4-20-5-0/1700584236263-2-13-4-20-5-0.jpg,5,Sadness,3,Happiness,0.01265945,0.8250528,False,True,0.020742472,0.03391062,0.04889952,0.8250528,0.038307697,0.01265945,0.020427391
1700584237227-2-13-4-20-5-1,1700584237227-2-13-4-20-5-1-01,1700584237227-2-13-4-20-5,1700584237227,2,13,4,20,1,Side,/workspace/datasets/emoji-hero-vr-db-di/test_set/Sadness/1700584237227-2-13-4-20-5-1,1,1700584236263,/workspace/datasets/emoji-hero-vr-db-di/test_set/Sadness/1700584237227-2-13-4-20-5-1/1700584236263-2-13-4-20-5-1.jpg,5,Sadness,2,Fear,0.018536039,0.36938286,False,True,0.020469325,0.042814124,0.36938286,0.20211285,0.0517528,0.018536039,0.294932
1700584238451-2-13-4-21-6-0,1700584238451-2-13-4-21-6-0-01,1700584238451-2-13-4-21-6,1700584238451,2,13,4,21,0,Central,/workspace/datasets/emoji-hero-vr-db-di/test_set/Surprise/1700584238451-2-13-4-21-6-0,1,1700584237844,/workspace/datasets/emoji-hero-vr-db-di/test_set/Surprise/1700584238451-2-13-4-21-6-0/1700584237844-2-13-4-21-6-0.jpg,6,Surprise,0,Anger,0.010975275,0.5338605,False,True,0.5338605,0.051878214,0.013114193,0.0116377855,0.021001447,0.3575326,0.010975275
1700584238451-2-13-4-21-6-1,1700584238451-2-13-4-21-6-1-01,1700584238451-2-13-4-21-6,1700584238451,2,13,4,21,1,Side,/workspace/datasets/emoji-hero-vr-db-di/test_set/Surprise/1700584238451-2-13-4-21-6-1,1,1700584237844,/workspace/datasets/emoji-hero-vr-db-di/test_set/Surprise/1700584238451-2-13-4-21-6-1/1700584237844-2-13-4-21-6-1.jpg,6,Surprise,4,Neutral,0.11531163,0.20415774,False,True,0.1722925,0.20093185,0.13281599,0.08549047,0.20415774,0.08899979,0.11531163
1700584240494-2-13-4-22-0-0,1700584240494-2-13-4-22-0-0-01,1700584240494-2-13-4-22-0,1700584240494,2,13,4,22,0,Central,/workspace/datasets/emoji-hero-vr-db-di/test_set/Anger/1700584240494-2-13-4-22-0-0,1,1700584239594,/workspace/datasets/emoji-hero-vr-db-di/test_set/Anger/1700584240494-2-13-4-22-0-0/1700584239594-2-13-4-22-0-0.jpg,0,Anger,2,Fear,0.048256747,0.46373022,False,False,0.048256747,0.19394453,0.46373022,0.11602127,0.06260893,0.048877154,0.066561185
1700584240494-2-13-4-22-0-1,1700584240494-2-13-4-22-0-1-01,1700584240494-2-13-4-22-0,1700584240494,2,13,4,22,1,Side,/workspace/datasets/emoji-hero-vr-db-di/test_set/Anger/1700584240494-2-13-4-22-0-1,1,1700584239594,/workspace/datasets/emoji-hero-vr-db-di/test_set/Anger/1700584240494-2-13-4-22-0-1/1700584239594-2-13-4-22-0-1.jpg,0,Anger,2,Fear,0.044088386,0.48624548,False,False,0.044088386,0.19811863,0.48624548,0.07389159,0.049974043,0.03776376,0.109918095
1700584242638-2-13-4-23-2-0,1700584242638-2-13-4-23-2-0-01,1700584242638-2-13-4-23-2,1700584242638,2,13,4,23,0,Central,/workspace/datasets/emoji-hero-vr-db-di/test_set/Fear/1700584242638-2-13-4-23-2-0,1,1700584241666,/workspace/datasets/emoji-hero-vr-db-di/test_set/Fear/1700584242638-2-13-4-23-2-0/1700584241666-2-13-4-23-2-0.jpg,2,Fear,4,Neutral,0.06541271,0.5357468,False,False,0.11452071,0.08974183,0.06541271,0.056308523,0.5357468,0.08896101,0.049308427
1700584242638-2-13-4-23-2-1,1700584242638-2-13-4-23-2-1-01,1700584242638-2-13-4-23-2,1700584242638,2,13,4,23,1,Side,/workspace/datasets/emoji-hero-vr-db-di/test_set/Fear/1700584242638-2-13-4-23-2-1,1,1700584241666,/workspace/datasets/emoji-hero-vr-db-di/test_set/Fear/1700584242638-2-13-4-23-2-1/1700584241666-2-13-4-23-2-1.jpg,2,Fear,4,Neutral,0.087663114,0.40286952,False,True,0.09719203,0.07539452,0.087663114,0.22938791,0.40286952,0.04500106,0.06249186
1700584244435-2-13-4-24-3-0,1700584244435-2-13-4-24-3-0-01,1700584244435-2-13-4-24-3,1700584244435,2,13,4,24,0,Central,/workspace/datasets/emoji-hero-vr-db-di/test_set/Happiness/1700584244435-2-13-4-24-3-0,1,1700584243475,/workspace/datasets/emoji-hero-vr-db-di/test_set/Happiness/1700584244435-2-13-4-24-3-0/1700584243475-2-13-4-24-3-0.jpg,3,Happiness,4,Neutral,0.05716341,0.5308464,False,True,0.117213,0.088824555,0.06574704,0.05716341,0.5308464,0.0892321,0.050973415
1700584244435-2-13-4-24-3-1,1700584244435-2-13-4-24-3-1-01,1700584244435-2-13-4-24-3,1700584244435,2,13,4,24,1,Side,/workspace/datasets/emoji-hero-vr-db-di/test_set/Happiness/1700584244435-2-13-4-24-3-1,1,1700584243475,/workspace/datasets/emoji-hero-vr-db-di/test_set/Happiness/1700584244435-2-13-4-24-3-1/1700584243475-2-13-4-24-3-1.jpg,3,Happiness,1,Disgust,0.21520917,0.37765,False,True,0.12238707,0.37765,0.11106363,0.21520917,0.0740854,0.05581823,0.04378654
1700584249628-2-13-4-27-6-0,1700584249628-2-13-4-27-6-0-01,1700584249628-2-13-4-27-6,1700584249628,2,13,4,27,0,Central,/workspace/datasets/emoji-hero-vr-db-di/test_set/Surprise/1700584249628-2-13-4-27-6-0,1,1700584248668,/workspace/datasets/emoji-hero-vr-db-di/test_set/Surprise/1700584249628-2-13-4-27-6-0/1700584248668-2-13-4-27-6-0.jpg,6,Surprise,3,Happiness,0.051424354,0.34967533,False,True,0.05514275,0.20199458,0.24654678,0.34967533,0.05316974,0.042046536,0.051424354
1700584249628-2-13-4-27-6-1,1700584249628-2-13-4-27-6-1-01,1700584249628-2-13-4-27-6,1700584249628,2,13,4,27,1,Side,/workspace/datasets/emoji-hero-vr-db-di/test_set/Surprise/1700584249628-2-13-4-27-6-1,1,1700584248668,/workspace/datasets/emoji-hero-vr-db-di/test_set/Surprise/1700584249628-2-13-4-27-6-1/1700584248668-2-13-4-27-6-1.jpg,6,Surprise,1,Disgust,0.046030905,0.60673594,False,True,0.13714544,0.60673594,0.08421567,0.044977643,0.024252553,0.056641784,0.046030905
1700747144334-2-15-1-0-0-0,1700747144334-2-15-1-0-0-0-01,1700747144334-2-15-1-0-0,1700747144334,2,15,1,0,0,Central,/workspace/datasets/emoji-hero-vr-db-di/test_set/Anger/1700747144334-2-15-1-0-0-0,1,1700747143364,/workspace/datasets/emoji-hero-vr-db-di/test_set/Anger/1700747144334-2-15-1-0-0-0/1700747143364-2-15-1-0-0-0.jpg,0,Anger,2,Fear,0.015518698,0.7818619,False,True,0.015518698,0.06812638,0.7818619,0.028625682,0.029737882,0.021139668,0.054989845
1700747144334-2-15-1-0-0-1,1700747144334-2-15-1-0-0-1-01,1700747144334-2-15-1-0-0,1700747144334,2,15,1,0,1,Side,/workspace/datasets/emoji-hero-vr-db-di/test_set/Anger/1700747144334-2-15-1-0-0-1,1,1700747143364,/workspace/datasets/emoji-hero-vr-db-di/test_set/Anger/1700747144334-2-15-1-0-0-1/1700747143364-2-15-1-0-0-1.jpg,0,Anger,2,Fear,0.013748608,0.78082126,False,True,0.013748608,0.043991074,0.78082126,0.03519219,0.027068865,0.016555991,0.08262198
1700747147435-2-15-1-1-5-0,1700747147435-2-15-1-1-5-0-01,1700747147435-2-15-1-1-5,1700747147435,2,15,1,1,0,Central,/workspace/datasets/emoji-hero-vr-db-di/test_set/Sadness/1700747147435-2-15-1-1-5-0,1,1700747146464,/workspace/datasets/emoji-hero-vr-db-di/test_set/Sadness/1700747147435-2-15-1-1-5-0/1700747146464-2-15-1-1-5-0.jpg,5,Sadness,5,Sadness,0.509266,0.509266,True,True,0.15304296,0.1060335,0.057809204,0.016409976,0.13873461,0.509266,0.0187038
1700747147435-2-15-1-1-5-1,1700747147435-2-15-1-1-5-1-01,1700747147435-2-15-1-1-5,1700747147435,2,15,1,1,1,Side,/workspace/datasets/emoji-hero-vr-db-di/test_set/Sadness/1700747147435-2-15-1-1-5-1,1,1700747146464,/workspace/datasets/emoji-hero-vr-db-di/test_set/Sadness/1700747147435-2-15-1-1-5-1/1700747146464-2-15-1-1-5-1.jpg,5,Sadness,5,Sadness,0.87242454,0.87242454,True,True,0.05466013,0.027548298,0.0049115266,0.0069543007,0.027361112,0.87242454,0.006140123
1700747149418-2-15-1-2-3-0,1700747149418-2-15-1-2-3-0-01,1700747149418-2-15-1-2-3,1700747149418,2,15,1,2,0,Central,/workspace/datasets/emoji-hero-vr-db-di/test_set/Happiness/1700747149418-2-15-1-2-3-0,1,1700747148517,/workspace/datasets/emoji-hero-vr-db-di/test_set/Happiness/1700747149418-2-15-1-2-3-0/1700747148517-2-15-1-2-3-0.jpg,3,Happiness,5,Sadness,0.02764011,0.29299033,False,True,0.25397745,0.11296463,0.05255045,0.02764011,0.23917778,0.29299033,0.020699238
1700747149418-2-15-1-2-3-1,1700747149418-2-15-1-2-3-1-01,1700747149418-2-15-1-2-3,1700747149418,2,15,1,2,1,Side,/workspace/datasets/emoji-hero-vr-db-di/test_set/Happiness/1700747149418-2-15-1-2-3-1,1,1700747148517,/workspace/datasets/emoji-hero-vr-db-di/test_set/Happiness/1700747149418-2-15-1-2-3-1/1700747148517-2-15-1-2-3-1.jpg,3,Happiness,5,Sadness,0.021237472,0.65272033,False,True,0.13851744,0.042988095,0.018447414,0.021237472,0.10816346,0.65272033,0.017925775
1700747151558-2-15-1-3-0-0,1700747151558-2-15-1-3-0-0-01,1700747151558-2-15-1-3-0,1700747151558,2,15,1,3,0,Central,/workspace/datasets/emoji-hero-vr-db-di/test_set/Anger/1700747151558-2-15-1-3-0-0,1,1700747150586,/workspace/datasets/emoji-hero-vr-db-di/test_set/Anger/1700747151558-2-15-1-3-0-0/1700747150586-2-15-1-3-0-0.jpg,0,Anger,4,Neutral,0.12832248,0.56349605,False,False,0.12832248,0.08788092,0.046838652,0.04151137,0.56349605,0.10360549,0.028345063
1700747151558-2-15-1-3-0-1,1700747151558-2-15-1-3-0-1-01,1700747151558-2-15-1-3-0,1700747151558,2,15,1,3,1,Side,/workspace/datasets/emoji-hero-vr-db-di/test_set/Anger/1700747151558-2-15-1-3-0-1,1,1700747150586,/workspace/datasets/emoji-hero-vr-db-di/test_set/Anger/1700747151558-2-15-1-3-0-1/1700747150586-2-15-1-3-0-1.jpg,0,Anger,4,Neutral,0.13989878,0.4972439,False,True,0.13989878,0.10350417,0.056050763,0.05688502,0.4972439,0.10143511,0.04498226
1700747153913-2-15-1-4-0-0,1700747153913-2-15-1-4-0-0-01,1700747153913-2-15-1-4-0,1700747153913,2,15,1,4,0,Central,/workspace/datasets/emoji-hero-vr-db-di/test_set/Anger/1700747153913-2-15-1-4-0-0,1,1700747153040,/workspace/datasets/emoji-hero-vr-db-di/test_set/Anger/1700747153913-2-15-1-4-0-0/1700747153040-2-15-1-4-0-0.jpg,0,Anger,2,Fear,0.0047156005,0.8739292,False,False,0.0047156005,0.018972283,0.8739292,0.017343452,0.013224459,0.0070902584,0.064724706
1700747153913-2-15-1-4-0-1,1700747153913-2-15-1-4-0-1-01,1700747153913-2-15-1-4-0,1700747153913,2,15,1,4,1,Side,/workspace/datasets/emoji-hero-vr-db-di/test_set/Anger/1700747153913-2-15-1-4-0-1,1,1700747153040,/workspace/datasets/emoji-hero-vr-db-di/test_set/Anger/1700747153913-2-15-1-4-0-1/1700747153040-2-15-1-4-0-1.jpg,0,Anger,2,Fear,0.007610348,0.81816804,False,True,0.007610348,0.026942963,0.81816804,0.026268221,0.01802281,0.0103112,0.09267646
1700747157106-2-15-1-5-5-0,1700747157106-2-15-1-5-5-0-01,1700747157106-2-15-1-5-5,1700747157106,2,15,1,5,0,Central,/workspace/datasets/emoji-hero-vr-db-di/test_set/Sadness/1700747157106-2-15-1-5-5-0,1,1700747156140,/workspace/datasets/emoji-hero-vr-db-di/test_set/Sadness/1700747157106-2-15-1-5-5-0/1700747156140-2-15-1-5-5-0.jpg,5,Sadness,4,Neutral,0.1517166,0.43925214,False,True,0.19557874,0.09105721,0.054328337,0.045987573,0.43925214,0.1517166,0.022079429
1700747157106-2-15-1-5-5-1,1700747157106-2-15-1-5-5-1-01,1700747157106-2-15-1-5-5,1700747157106,2,15,1,5,1,Side,/workspace/datasets/emoji-hero-vr-db-di/test_set/Sadness/1700747157106-2-15-1-5-5-1,1,1700747156140,/workspace/datasets/emoji-hero-vr-db-di/test_set/Sadness/1700747157106-2-15-1-5-5-1/1700747156140-2-15-1-5-5-1.jpg,5,Sadness,4,Neutral,0.09217072,0.50135034,False,True,0.12765884,0.096027255,0.06430722,0.06770241,0.50135034,0.09217072,0.050783213
1700747159259-2-15-1-6-3-0,1700747159259-2-15-1-6-3-0-01,1700747159259-2-15-1-6-3,1700747159259,2,15,1,6,0,Central,/workspace/datasets/emoji-hero-vr-db-di/test_set/Happiness/1700747159259-2-15-1-6-3-0,1,1700747158283,/workspace/datasets/emoji-hero-vr-db-di/test_set/Happiness/1700747159259-2-15-1-6-3-0/1700747158283-2-15-1-6-3-0.jpg,3,Happiness,4,Neutral,0.04875021,0.4969753,False,True,0.16364595,0.07600756,0.04844358,0.04875021,0.4969753,0.14265116,0.023526287
1700747159259-2-15-1-6-3-1,1700747159259-2-15-1-6-3-1-01,1700747159259-2-15-1-6-3,1700747159259,2,15,1,6,1,Side,/workspace/datasets/emoji-hero-vr-db-di/test_set/Happiness/1700747159259-2-15-1-6-3-1,1,1700747158283,/workspace/datasets/emoji-hero-vr-db-di/test_set/Happiness/1700747159259-2-15-1-6-3-1/1700747158283-2-15-1-6-3-1.jpg,3,Happiness,4,Neutral,0.08158784,0.4694499,False,True,0.15133615,0.078498095,0.063707486,0.08158784,0.4694499,0.11987561,0.035544865
1700747164257-2-15-1-8-3-0,1700747164257-2-15-1-8-3-0-01,1700747164257-2-15-1-8-3,1700747164257,2,15,1,8,0,Central,/workspace/datasets/emoji-hero-vr-db-di/test_set/Happiness/1700747164257-2-15-1-8-3-0,1,1700747163296,/workspace/datasets/emoji-hero-vr-db-di/test_set/Happiness/1700747164257-2-15-1-8-3-0/1700747163296-2-15-1-8-3-0.jpg,3,Happiness,5,Sadness,0.016697943,0.5591692,False,True,0.23190922,0.10450443,0.028478624,0.016697943,0.045356352,0.5591692,0.013884226
1700747164257-2-15-1-8-3-1,1700747164257-2-15-1-8-3-1-01,1700747164257-2-15-1-8-3,1700747164257,2,15,1,8,1,Side,/workspace/datasets/emoji-hero-vr-db-di/test_set/Happiness/1700747164257-2-15-1-8-3-1,1,1700747163296,/workspace/datasets/emoji-hero-vr-db-di/test_set/Happiness/1700747164257-2-15-1-8-3-1/1700747163296-2-15-1-8-3-1.jpg,3,Happiness,0,Anger,0.09248415,0.44382304,False,True,0.44382304,0.08674496,0.03679671,0.09248415,0.11392224,0.20203057,0.02419831
1700747228293-2-15-2-0-4-0,1700747228293-2-15-2-0-4-0-01,1700747228293-2-15-2-0-4,1700747228293,2,15,2,0,0,Central,/workspace/datasets/emoji-hero-vr-db-di/test_set/Neutral/1700747228293-2-15-2-0-4-0,1,1700747227327,/workspace/datasets/emoji-hero-vr-db-di/test_set/Neutral/1700747228293-2-15-2-0-4-0/1700747227327-2-15-2-0-4-0.jpg,4,Neutral,4,Neutral,0.4419644,0.4419644,True,True,0.1576218,0.090958655,0.049913134,0.02976999,0.4419644,0.20585242,0.023919692
1700747228293-2-15-2-0-4-1,1700747228293-2-15-2-0-4-1-01,1700747228293-2-15-2-0-4,1700747228293,2,15,2,0,1,Side,/workspace/datasets/emoji-hero-vr-db-di/test_set/Neutral/1700747228293-2-15-2-0-4-1,1,1700747227327,/workspace/datasets/emoji-hero-vr-db-di/test_set/Neutral/1700747228293-2-15-2-0-4-1/1700747227327-2-15-2-0-4-1.jpg,4,Neutral,5,Sadness,0.086465664,0.7333506,False,True,0.107907265,0.03220796,0.011263237,0.013874242,0.086465664,0.7333506,0.014931099
1700747230387-2-15-2-1-1-0,1700747230387-2-15-2-1-1-0-01,1700747230387-2-15-2-1-1,1700747230387,2,15,2,1,0,Central,/workspace/datasets/emoji-hero-vr-db-di/test_set/Disgust/1700747230387-2-15-2-1-1-0,1,1700747229416,/workspace/datasets/emoji-hero-vr-db-di/test_set/Disgust/1700747230387-2-15-2-1-1-0/1700747229416-2-15-2-1-1-0.jpg,1,Disgust,4,Neutral,0.07635598,0.45554084,False,True,0.1747559,0.07635598,0.042226795,0.033853356,0.45554084,0.19516787,0.022099268
1700747230387-2-15-2-1-1-1,1700747230387-2-15-2-1-1-1-01,1700747230387-2-15-2-1-1,1700747230387,2,15,2,1,1,Side,/workspace/datasets/emoji-hero-vr-db-di/test_set/Disgust/1700747230387-2-15-2-1-1-1,1,1700747229416,/workspace/datasets/emoji-hero-vr-db-di/test_set/Disgust/1700747230387-2-15-2-1-1-1/1700747229416-2-15-2-1-1-1.jpg,1,Disgust,4,Neutral,0.09576144,0.52392375,False,False,0.14161457,0.09576144,0.04916257,0.045494545,0.52392375,0.105953485,0.038089648
1700747233836-2-15-2-2-6-0,1700747233836-2-15-2-2-6-0-01,1700747233836-2-15-2-2-6,1700747233836,2,15,2,2,0,Central,/workspace/datasets/emoji-hero-vr-db-di/test_set/Surprise/1700747233836-2-15-2-2-6-0,1,1700747232862,/workspace/datasets/emoji-hero-vr-db-di/test_set/Surprise/1700747233836-2-15-2-2-6-0/1700747232862-2-15-2-2-6-0.jpg,6,Surprise,2,Fear,0.05956381,0.52842563,False,True,0.02987956,0.27866337,0.52842563,0.038348712,0.028705543,0.036413413,0.05956381
1700747233836-2-15-2-2-6-1,1700747233836-2-15-2-2-6-1-01,1700747233836-2-15-2-2-6,1700747233836,2,15,2,2,1,Side,/workspace/datasets/emoji-hero-vr-db-di/test_set/Surprise/1700747233836-2-15-2-2-6-1,1,1700747232862,/workspace/datasets/emoji-hero-vr-db-di/test_set/Surprise/1700747233836-2-15-2-2-6-1/1700747232862-2-15-2-2-6-1.jpg,6,Surprise,2,Fear,0.14650151,0.5899022,False,True,0.031308725,0.1157694,0.5899022,0.049891986,0.035695713,0.030930404,0.14650151
1700747235785-2-15-2-3-2-0,1700747235785-2-15-2-3-2-0-01,1700747235785-2-15-2-3-2,1700747235785,2,15,2,3,0,Central,/workspace/datasets/emoji-hero-vr-db-di/test_set/Fear/1700747235785-2-15-2-3-2-0,1,1700747234855,/workspace/datasets/emoji-hero-vr-db-di/test_set/Fear/1700747235785-2-15-2-3-2-0/1700747234855-2-15-2-3-2-0.jpg,2,Fear,5,Sadness,0.00989718,0.8189962,False,True,0.06883264,0.051070284,0.00989718,0.010525083,0.03148954,0.8189962,0.00918898
1700747235785-2-15-2-3-2-1,1700747235785-2-15-2-3-2-1-01,1700747235785-2-15-2-3-2,1700747235785,2,15,2,3,1,Side,/workspace/datasets/emoji-hero-vr-db-di/test_set/Fear/1700747235785-2-15-2-3-2-1,1,1700747234855,/workspace/datasets/emoji-hero-vr-db-di/test_set/Fear/1700747235785-2-15-2-3-2-1/1700747234855-2-15-2-3-2-1.jpg,2,Fear,5,Sadness,0.020989617,0.595345,False,True,0.13663016,0.046391744,0.020989617,0.033705767,0.14504765,0.595345,0.021890039
1700747237919-2-15-2-4-1-0,1700747237919-2-15-2-4-1-0-01,1700747237919-2-15-2-4-1,1700747237919,2,15,2,4,0,Central,/workspace/datasets/emoji-hero-vr-db-di/test_set/Disgust/1700747237919-2-15-2-4-1-0,1,1700747236905,/workspace/datasets/emoji-hero-vr-db-di/test_set/Disgust/1700747237919-2-15-2-4-1-0/1700747236905-2-15-2-4-1-0.jpg,1,Disgust,5,Sadness,0.026386878,0.85605633,False,True,0.0706152,0.026386878,0.0064666853,0.007173282,0.02554753,0.85605633,0.0077541005
1700747237919-2-15-2-4-1-1,1700747237919-2-15-2-4-1-1-01,1700747237919-2-15-2-4-1,1700747237919,2,15,2,4,1,Side,/workspace/datasets/emoji-hero-vr-db-di/test_set/Disgust/1700747237919-2-15-2-4-1-1,1,1700747236905,/workspace/datasets/emoji-hero-vr-db-di/test_set/Disgust/1700747237919-2-15-2-4-1-1/1700747236905-2-15-2-4-1-1.jpg,1,Disgust,5,Sadness,0.028528532,0.7436946,False,False,0.10707856,0.028528532,0.011060407,0.014228819,0.080899276,0.7436946,0.014509813
1700747240521-2-15-2-5-1-0,1700747240521-2-15-2-5-1-0-01,1700747240521-2-15-2-5-1,1700747240521,2,15,2,5,0,Central,/workspace/datasets/emoji-hero-vr-db-di/test_set/Disgust/1700747240521-2-15-2-5-1-0,1,1700747239547,/workspace/datasets/emoji-hero-vr-db-di/test_set/Disgust/1700747240521-2-15-2-5-1-0/1700747239547-2-15-2-5-1-0.jpg,1,Disgust,5,Sadness,0.073658764,0.6754712,False,False,0.17134249,0.073658764,0.018066477,0.013349436,0.029659113,0.6754712,0.018452408
1700747240521-2-15-2-5-1-1,1700747240521-2-15-2-5-1-1-01,1700747240521-2-15-2-5-1,1700747240521,2,15,2,5,1,Side,/workspace/datasets/emoji-hero-vr-db-di/test_set/Disgust/1700747240521-2-15-2-5-1-1,1,1700747239547,/workspace/datasets/emoji-hero-vr-db-di/test_set/Disgust/1700747240521-2-15-2-5-1-1/1700747239547-2-15-2-5-1-1.jpg,1,Disgust,0,Anger,0.05798374,0.34936213,False,False,0.34936213,0.05798374,0.046170864,0.26911208,0.14919803,0.09291279,0.035260364
1700747244029-2-15-2-6-2-0,1700747244029-2-15-2-6-2-0-01,1700747244029-2-15-2-6-2,1700747244029,2,15,2,6,0,Central,/workspace/datasets/emoji-hero-vr-db-di/test_set/Fear/1700747244029-2-15-2-6-2-0,1,1700747243055,/workspace/datasets/emoji-hero-vr-db-di/test_set/Fear/1700747244029-2-15-2-6-2-0/1700747243055-2-15-2-6-2-0.jpg,2,Fear,5,Sadness,0.013404207,0.8004278,False,True,0.068027124,0.07015935,0.013404207,0.010629186,0.028274475,0.8004278,0.0090779355
1700747244029-2-15-2-6-2-1,1700747244029-2-15-2-6-2-1-01,1700747244029-2-15-2-6-2,1700747244029,2,15,2,6,1,Side,/workspace/datasets/emoji-hero-vr-db-di/test_set/Fear/1700747244029-2-15-2-6-2-1,1,1700747243055,/workspace/datasets/emoji-hero-vr-db-di/test_set/Fear/1700747244029-2-15-2-6-2-1/1700747243055-2-15-2-6-2-1.jpg,2,Fear,5,Sadness,0.04199038,0.455097,False,False,0.15429237,0.085326746,0.04199038,0.029002277,0.20945275,0.455097,0.024838407
1700747244934-2-15-2-7-4-0,1700747244934-2-15-2-7-4-0-01,1700747244934-2-15-2-7-4,1700747244934,2,15,2,7,0,Central,/workspace/datasets/emoji-hero-vr-db-di/test_set/Neutral/1700747244934-2-15-2-7-4-0,1,1700747244424,/workspace/datasets/emoji-hero-vr-db-di/test_set/Neutral/1700747244934-2-15-2-7-4-0/1700747244424-2-15-2-7-4-0.jpg,4,Neutral,2,Fear,0.030293213,0.5629294,False,False,0.029141007,0.24495608,0.5629294,0.04867056,0.030293213,0.03602653,0.047983248
1700747244934-2-15-2-7-4-1,1700747244934-2-15-2-7-4-1-01,1700747244934-2-15-2-7-4,1700747244934,2,15,2,7,1,Side,/workspace/datasets/emoji-hero-vr-db-di/test_set/Neutral/1700747244934-2-15-2-7-4-1,1,1700747244424,/workspace/datasets/emoji-hero-vr-db-di/test_set/Neutral/1700747244934-2-15-2-7-4-1/1700747244424-2-15-2-7-4-1.jpg,4,Neutral,2,Fear,0.1782201,0.27162018,False,True,0.10270503,0.23793967,0.27162018,0.06529172,0.1782201,0.0878941,0.056329206
1700747248666-2-15-2-8-6-0,1700747248666-2-15-2-8-6-0-01,1700747248666-2-15-2-8-6,1700747248666,2,15,2,8,0,Central,/workspace/datasets/emoji-hero-vr-db-di/test_set/Surprise/1700747248666-2-15-2-8-6-0,1,1700747247705,/workspace/datasets/emoji-hero-vr-db-di/test_set/Surprise/1700747248666-2-15-2-8-6-0/1700747247705-2-15-2-8-6-0.jpg,6,Surprise,4,Neutral,0.023148116,0.3461314,False,True,0.19666933,0.15177868,0.065087825,0.035612617,0.3461314,0.181572,0.023148116
1700747248666-2-15-2-8-6-1,1700747248666-2-15-2-8-6-1-01,1700747248666-2-15-2-8-6,1700747248666,2,15,2,8,1,Side,/workspace/datasets/emoji-hero-vr-db-di/test_set/Surprise/1700747248666-2-15-2-8-6-1,1,1700747247705,/workspace/datasets/emoji-hero-vr-db-di/test_set/Surprise/1700747248666-2-15-2-8-6-1/1700747247705-2-15-2-8-6-1.jpg,6,Surprise,2,Fear,0.12560709,0.7695257,False,True,0.00982657,0.03242276,0.7695257,0.028872697,0.021146204,0.012598995,0.12560709
1700747250542-2-15-2-9-6-0,1700747250542-2-15-2-9-6-0-01,1700747250542-2-15-2-9-6,1700747250542,2,15,2,9,0,Central,/workspace/datasets/emoji-hero-vr-db-di/test_set/Surprise/1700747250542-2-15-2-9-6-0,1,1700747249572,/workspace/datasets/emoji-hero-vr-db-di/test_set/Surprise/1700747250542-2-15-2-9-6-0/1700747249572-2-15-2-9-6-0.jpg,6,Surprise,5,Sadness,0.016574008,0.6335956,False,False,0.15553875,0.049320217,0.021186318,0.014217695,0.109567426,0.6335956,0.016574008
1700747250542-2-15-2-9-6-1,1700747250542-2-15-2-9-6-1-01,1700747250542-2-15-2-9-6,1700747250542,2,15,2,9,1,Side,/workspace/datasets/emoji-hero-vr-db-di/test_set/Surprise/1700747250542-2-15-2-9-6-1,1,1700747249572,/workspace/datasets/emoji-hero-vr-db-di/test_set/Surprise/1700747250542-2-15-2-9-6-1/1700747249572-2-15-2-9-6-1.jpg,6,Surprise,4,Neutral,0.033336904,0.515898,False,False,0.14336064,0.09200669,0.04751711,0.04433931,0.515898,0.12354139,0.033336904
1700747253760-2-15-2-10-2-0,1700747253760-2-15-2-10-2-0-01,1700747253760-2-15-2-10-2,1700747253760,2,15,2,10,0,Central,/workspace/datasets/emoji-hero-vr-db-di/test_set/Fear/1700747253760-2-15-2-10-2-0,1,1700747252797,/workspace/datasets/emoji-hero-vr-db-di/test_set/Fear/1700747253760-2-15-2-10-2-0/1700747252797-2-15-2-10-2-0.jpg,2,Fear,1,Disgust,0.37690902,0.39738974,False,True,0.04601396,0.39738974,0.37690902,0.08493668,0.031759042,0.03245044,0.030541116
1700747253760-2-15-2-10-2-1,1700747253760-2-15-2-10-2-1-01,1700747253760-2-15-2-10-2,1700747253760,2,15,2,10,1,Side,/workspace/datasets/emoji-hero-vr-db-di/test_set/Fear/1700747253760-2-15-2-10-2-1,1,1700747252797,/workspace/datasets/emoji-hero-vr-db-di/test_set/Fear/1700747253760-2-15-2-10-2-1/1700747252797-2-15-2-10-2-1.jpg,2,Fear,1,Disgust,0.17923066,0.5883724,False,True,0.061711736,0.5883724,0.17923066,0.060436904,0.03190034,0.04681796,0.03153008
1700747345899-2-15-3-0-4-0,1700747345899-2-15-3-0-4-0-01,1700747345899-2-15-3-0-4,1700747345899,2,15,3,0,0,Central,/workspace/datasets/emoji-hero-vr-db-di/test_set/Neutral/1700747345899-2-15-3-0-4-0,1,1700747345192,/workspace/datasets/emoji-hero-vr-db-di/test_set/Neutral/1700747345899-2-15-3-0-4-0/1700747345192-2-15-3-0-4-0.jpg,4,Neutral,5,Sadness,0.074262634,0.7164327,False,True,0.12141928,0.045194488,0.016453894,0.012171657,0.074262634,0.7164327,0.014065314
1700747345899-2-15-3-0-4-1,1700747345899-2-15-3-0-4-1-01,1700747345899-2-15-3-0-4,1700747345899,2,15,3,0,1,Side,/workspace/datasets/emoji-hero-vr-db-di/test_set/Neutral/1700747345899-2-15-3-0-4-1,1,1700747345192,/workspace/datasets/emoji-hero-vr-db-di/test_set/Neutral/1700747345899-2-15-3-0-4-1/1700747345192-2-15-3-0-4-1.jpg,4,Neutral,4,Neutral,0.520372,0.520372,True,True,0.14452316,0.092103645,0.046222065,0.042556383,0.520372,0.11965799,0.034564752
1700747349332-2-15-3-1-1-0,1700747349332-2-15-3-1-1-0-01,1700747349332-2-15-3-1-1,1700747349332,2,15,3,1,0,Central,/workspace/datasets/emoji-hero-vr-db-di/test_set/Disgust/1700747349332-2-15-3-1-1-0,1,1700747348395,/workspace/datasets/emoji-hero-vr-db-di/test_set/Disgust/1700747349332-2-15-3-1-1-0/1700747348395-2-15-3-1-1-0.jpg,1,Disgust,3,Happiness,0.024617387,0.8834661,False,False,0.01893299,0.024617387,0.026431289,0.8834661,0.028367635,0.010147853,0.008036635
1700747349332-2-15-3-1-1-1,1700747349332-2-15-3-1-1-1-01,1700747349332-2-15-3-1-1,1700747349332,2,15,3,1,1,Side,/workspace/datasets/emoji-hero-vr-db-di/test_set/Disgust/1700747349332-2-15-3-1-1-1,1,1700747348395,/workspace/datasets/emoji-hero-vr-db-di/test_set/Disgust/1700747349332-2-15-3-1-1-1/1700747348395-2-15-3-1-1-1.jpg,1,Disgust,3,Happiness,0.019734913,0.908443,False,False,0.015760114,0.019734913,0.017720666,0.908443,0.023478908,0.009193706,0.0056685894
1700747349900-2-15-3-2-0-0,1700747349900-2-15-3-2-0-0-01,1700747349900-2-15-3-2-0,1700747349900,2,15,3,2,0,Central,/workspace/datasets/emoji-hero-vr-db-di/test_set/Anger/1700747349900-2-15-3-2-0-0,1,1700747349360,/workspace/datasets/emoji-hero-vr-db-di/test_set/Anger/1700747349900-2-15-3-2-0-0/1700747349360-2-15-3-2-0-0.jpg,0,Anger,1,Disgust,0.08181353,0.49648598,False,True,0.08181353,0.49648598,0.19412561,0.12110541,0.04233494,0.042311702,0.021822851
1700747349900-2-15-3-2-0-1,1700747349900-2-15-3-2-0-1-01,1700747349900-2-15-3-2-0,1700747349900,2,15,3,2,1,Side,/workspace/datasets/emoji-hero-vr-db-di/test_set/Anger/1700747349900-2-15-3-2-0-1,1,1700747349360,/workspace/datasets/emoji-hero-vr-db-di/test_set/Anger/1700747349900-2-15-3-2-0-1/1700747349360-2-15-3-2-0-1.jpg,0,Anger,2,Fear,0.089254126,0.34407827,False,True,0.089254126,0.15989067,0.34407827,0.13226967,0.15541363,0.059596997,0.059496656
1700747352492-2-15-3-3-6-0,1700747352492-2-15-3-3-6-0-01,1700747352492-2-15-3-3-6,1700747352492,2,15,3,3,0,Central,/workspace/datasets/emoji-hero-vr-db-di/test_set/Surprise/1700747352492-2-15-3-3-6-0,1,1700747351531,/workspace/datasets/emoji-hero-vr-db-di/test_set/Surprise/1700747352492-2-15-3-3-6-0/1700747351531-2-15-3-3-6-0.jpg,6,Surprise,4,Neutral,0.041251507,0.5335143,False,True,0.12696983,0.09012404,0.057828806,0.060326543,0.5335143,0.089984916,0.041251507
1700747352492-2-15-3-3-6-1,1700747352492-2-15-3-3-6-1-01,1700747352492-2-15-3-3-6,1700747352492,2,15,3,3,1,Side,/workspace/datasets/emoji-hero-vr-db-di/test_set/Surprise/1700747352492-2-15-3-3-6-1,1,1700747351531,/workspace/datasets/emoji-hero-vr-db-di/test_set/Surprise/1700747352492-2-15-3-3-6-1/1700747351531-2-15-3-3-6-1.jpg,6,Surprise,4,Neutral,0.053855825,0.4639219,False,True,0.14484873,0.11351821,0.064580634,0.06542041,0.4639219,0.09385433,0.053855825
1700747359928-2-15-3-7-5-0,1700747359928-2-15-3-7-5-0-01,1700747359928-2-15-3-7-5,1700747359928,2,15,3,7,0,Central,/workspace/datasets/emoji-hero-vr-db-di/test_set/Sadness/1700747359928-2-15-3-7-5-0,1,1700747359398,/workspace/datasets/emoji-hero-vr-db-di/test_set/Sadness/1700747359928-2-15-3-7-5-0/1700747359398-2-15-3-7-5-0.jpg,5,Sadness,2,Fear,0.027749447,0.71933055,False,True,0.023289,0.08497111,0.71933055,0.038235266,0.044857804,0.027749447,0.061566725
1700747359928-2-15-3-7-5-1,1700747359928-2-15-3-7-5-1-01,1700747359928-2-15-3-7-5,1700747359928,2,15,3,7,1,Side,/workspace/datasets/emoji-hero-vr-db-di/test_set/Sadness/1700747359928-2-15-3-7-5-1,1,1700747359398,/workspace/datasets/emoji-hero-vr-db-di/test_set/Sadness/1700747359928-2-15-3-7-5-1/1700747359398-2-15-3-7-5-1.jpg,5,Sadness,2,Fear,0.045999195,0.4791478,False,True,0.06193511,0.11274717,0.4791478,0.08871535,0.1267829,0.045999195,0.084672436
1700747368098-2-15-3-11-3-0,1700747368098-2-15-3-11-3-0-01,1700747368098-2-15-3-11-3,1700747368098,2,15,3,11,0,Central,/workspace/datasets/emoji-hero-vr-db-di/test_set/Happiness/1700747368098-2-15-3-11-3-0,1,1700747367429,/workspace/datasets/emoji-hero-vr-db-di/test_set/Happiness/1700747368098-2-15-3-11-3-0/1700747367429-2-15-3-11-3-0.jpg,3,Happiness,1,Disgust,0.082975686,0.36902794,False,True,0.31167486,0.36902794,0.09884195,0.082975686,0.057937734,0.06320134,0.016340422
1700747368098-2-15-3-11-3-1,1700747368098-2-15-3-11-3-1-01,1700747368098-2-15-3-11-3,1700747368098,2,15,3,11,1,Side,/workspace/datasets/emoji-hero-vr-db-di/test_set/Happiness/1700747368098-2-15-3-11-3-1,1,1700747367429,/workspace/datasets/emoji-hero-vr-db-di/test_set/Happiness/1700747368098-2-15-3-11-3-1/1700747367429-2-15-3-11-3-1.jpg,3,Happiness,3,Happiness,0.7451671,0.7451671,True,True,0.04747042,0.0335499,0.048885852,0.7451671,0.08456332,0.019015014,0.021348478
1700747372332-2-15-3-13-6-0,1700747372332-2-15-3-13-6-0-01,1700747372332-2-15-3-13-6,1700747372332,2,15,3,13,0,Central,/workspace/datasets/emoji-hero-vr-db-di/test_set/Surprise/1700747372332-2-15-3-13-6-0,1,1700747371426,/workspace/datasets/emoji-hero-vr-db-di/test_set/Surprise/1700747372332-2-15-3-13-6-0/1700747371426-2-15-3-13-6-0.jpg,6,Surprise,4,Neutral,0.024260387,0.311558,False,False,0.1828833,0.103939705,0.05551702,0.026849987,0.311558,0.29499158,0.024260387
1700747372332-2-15-3-13-6-1,1700747372332-2-15-3-13-6-1-01,1700747372332-2-15-3-13-6,1700747372332,2,15,3,13,1,Side,/workspace/datasets/emoji-hero-vr-db-di/test_set/Surprise/1700747372332-2-15-3-13-6-1,1,1700747371426,/workspace/datasets/emoji-hero-vr-db-di/test_set/Surprise/1700747372332-2-15-3-13-6-1/1700747371426-2-15-3-13-6-1.jpg,6,Surprise,4,Neutral,0.041157447,0.529172,False,False,0.13114214,0.09374071,0.0532533,0.054988038,0.529172,0.09654637,0.041157447
1700747374991-2-15-3-14-4-0,1700747374991-2-15-3-14-4-0-01,1700747374991-2-15-3-14-4,1700747374991,2,15,3,14,0,Central,/workspace/datasets/emoji-hero-vr-db-di/test_set/Neutral/1700747374991-2-15-3-14-4-0,1,1700747374030,/workspace/datasets/emoji-hero-vr-db-di/test_set/Neutral/1700747374991-2-15-3-14-4-0/1700747374030-2-15-3-14-4-0.jpg,4,Neutral,4,Neutral,0.33281443,0.33281443,True,True,0.21546397,0.069598086,0.03415308,0.027248284,0.33281443,0.2992943,0.021427821
1700747374991-2-15-3-14-4-1,1700747374991-2-15-3-14-4-1-01,1700747374991-2-15-3-14-4,1700747374991,2,15,3,14,1,Side,/workspace/datasets/emoji-hero-vr-db-di/test_set/Neutral/1700747374991-2-15-3-14-4-1,1,1700747374030,/workspace/datasets/emoji-hero-vr-db-di/test_set/Neutral/1700747374991-2-15-3-14-4-1/1700747374030-2-15-3-14-4-1.jpg,4,Neutral,4,Neutral,0.49306116,0.49306116,True,True,0.14668435,0.08112052,0.04469392,0.0423971,0.49306116,0.16456121,0.027481748
1700747376723-2-15-3-15-5-0,1700747376723-2-15-3-15-5-0-01,1700747376723-2-15-3-15-5,1700747376723,2,15,3,15,0,Central,/workspace/datasets/emoji-hero-vr-db-di/test_set/Sadness/1700747376723-2-15-3-15-5-0,1,1700747375756,/workspace/datasets/emoji-hero-vr-db-di/test_set/Sadness/1700747376723-2-15-3-15-5-0/1700747375756-2-15-3-15-5-0.jpg,5,Sadness,5,Sadness,0.69560486,0.69560486,True,True,0.122053325,0.07041031,0.01993349,0.013202299,0.06582825,0.69560486,0.012967413
1700747376723-2-15-3-15-5-1,1700747376723-2-15-3-15-5-1-01,1700747376723-2-15-3-15-5,1700747376723,2,15,3,15,1,Side,/workspace/datasets/emoji-hero-vr-db-di/test_set/Sadness/1700747376723-2-15-3-15-5-1,1,1700747375756,/workspace/datasets/emoji-hero-vr-db-di/test_set/Sadness/1700747376723-2-15-3-15-5-1/1700747375756-2-15-3-15-5-1.jpg,5,Sadness,5,Sadness,0.88548017,0.88548017,True,True,0.0507926,0.023081586,0.004098972,0.0057529737,0.025191993,0.88548017,0.0056016315
1700747378458-2-15-3-16-2-0,1700747378458-2-15-3-16-2-0-01,1700747378458-2-15-3-16-2,1700747378458,2,15,3,16,0,Central,/workspace/datasets/emoji-hero-vr-db-di/test_set/Fear/1700747378458-2-15-3-16-2-0,1,1700747377495,/workspace/datasets/emoji-hero-vr-db-di/test_set/Fear/1700747378458-2-15-3-16-2-0/1700747377495-2-15-3-16-2-0.jpg,2,Fear,5,Sadness,0.0049233963,0.87865686,False,True,0.05500454,0.024727896,0.0049233963,0.0061491183,0.024605582,0.87865686,0.0059326985
1700747378458-2-15-3-16-2-1,1700747378458-2-15-3-16-2-1-01,1700747378458-2-15-3-16-2,1700747378458,2,15,3,16,1,Side,/workspace/datasets/emoji-hero-vr-db-di/test_set/Fear/1700747378458-2-15-3-16-2-1,1,1700747377495,/workspace/datasets/emoji-hero-vr-db-di/test_set/Fear/1700747378458-2-15-3-16-2-1/1700747377495-2-15-3-16-2-1.jpg,2,Fear,5,Sadness,0.011262612,0.75622153,False,True,0.09860359,0.034762982,0.011262612,0.01433368,0.070957966,0.75622153,0.01385769
1700747380059-2-15-3-17-3-0,1700747380059-2-15-3-17-3-0-01,1700747380059-2-15-3-17-3,1700747380059,2,15,3,17,0,Central,/workspace/datasets/emoji-hero-vr-db-di/test_set/Happiness/1700747380059-2-15-3-17-3-0,1,1700747379459,/workspace/datasets/emoji-hero-vr-db-di/test_set/Happiness/1700747380059-2-15-3-17-3-0/1700747379459-2-15-3-17-3-0.jpg,3,Happiness,2,Fear,0.031048855,0.7483126,False,True,0.014869196,0.10522492,0.7483126,0.031048855,0.023218868,0.023186583,0.054138973
1700747380059-2-15-3-17-3-1,1700747380059-2-15-3-17-3-1-01,1700747380059-2-15-3-17-3,1700747380059,2,15,3,17,1,Side,/workspace/datasets/emoji-hero-vr-db-di/test_set/Happiness/1700747380059-2-15-3-17-3-1,1,1700747379459,/workspace/datasets/emoji-hero-vr-db-di/test_set/Happiness/1700747380059-2-15-3-17-3-1/1700747379459-2-15-3-17-3-1.jpg,3,Happiness,2,Fear,0.04034181,0.5918585,False,True,0.03228553,0.18837896,0.5918585,0.04034181,0.04054273,0.050426755,0.056165732
1700747382885-2-15-3-18-1-0,1700747382885-2-15-3-18-1-0-01,1700747382885-2-15-3-18-1,1700747382885,2,15,3,18,0,Central,/workspace/datasets/emoji-hero-vr-db-di/test_set/Disgust/1700747382885-2-15-3-18-1-0,1,1700747381923,/workspace/datasets/emoji-hero-vr-db-di/test_set/Disgust/1700747382885-2-15-3-18-1-0/1700747381923-2-15-3-18-1-0.jpg,1,Disgust,3,Happiness,0.024731165,0.88609004,False,False,0.01973558,0.024731165,0.024785021,0.88609004,0.027375318,0.01001809,0.007264808
1700747382885-2-15-3-18-1-1,1700747382885-2-15-3-18-1-1-01,1700747382885-2-15-3-18-1,1700747382885,2,15,3,18,1,Side,/workspace/datasets/emoji-hero-vr-db-di/test_set/Disgust/1700747382885-2-15-3-18-1-1,1,1700747381923,/workspace/datasets/emoji-hero-vr-db-di/test_set/Disgust/1700747382885-2-15-3-18-1-1/1700747381923-2-15-3-18-1-1.jpg,1,Disgust,3,Happiness,0.020235302,0.9125211,False,False,0.015554708,0.020235302,0.01630229,0.9125211,0.021393038,0.009520265,0.0044732518
1700747384624-2-15-3-19-6-0,1700747384624-2-15-3-19-6-0-01,1700747384624-2-15-3-19-6,1700747384624,2,15,3,19,0,Central,/workspace/datasets/emoji-hero-vr-db-di/test_set/Surprise/1700747384624-2-15-3-19-6-0,1,1700747383650,/workspace/datasets/emoji-hero-vr-db-di/test_set/Surprise/1700747384624-2-15-3-19-6-0/1700747383650-2-15-3-19-6-0.jpg,6,Surprise,6,Surprise,0.91099524,0.91099524,True,False,0.002669401,0.0053851074,0.06710701,0.0031933333,0.0056808977,0.0049689766,0.91099524
1700747384624-2-15-3-19-6-1,1700747384624-2-15-3-19-6-1-01,1700747384624-2-15-3-19-6,1700747384624,2,15,3,19,1,Side,/workspace/datasets/emoji-hero-vr-db-di/test_set/Surprise/1700747384624-2-15-3-19-6-1,1,1700747383650,/workspace/datasets/emoji-hero-vr-db-di/test_set/Surprise/1700747384624-2-15-3-19-6-1/1700747383650-2-15-3-19-6-1.jpg,6,Surprise,6,Surprise,0.86863905,0.86863905,True,False,0.003055165,0.0066904966,0.10410887,0.0047277147,0.0070870323,0.0056916126,0.86863905
1700747386351-2-15-3-20-2-0,1700747386351-2-15-3-20-2-0-01,1700747386351-2-15-3-20-2,1700747386351,2,15,3,20,0,Central,/workspace/datasets/emoji-hero-vr-db-di/test_set/Fear/1700747386351-2-15-3-20-2-0,1,1700747385488,/workspace/datasets/emoji-hero-vr-db-di/test_set/Fear/1700747386351-2-15-3-20-2-0/1700747385488-2-15-3-20-2-0.jpg,2,Fear,4,Neutral,0.059757918,0.5131249,False,True,0.14457706,0.100099735,0.059757918,0.061010577,0.5131249,0.09110937,0.030320434
1700747386351-2-15-3-20-2-1,1700747386351-2-15-3-20-2-1-01,1700747386351-2-15-3-20-2,1700747386351,2,15,3,20,1,Side,/workspace/datasets/emoji-hero-vr-db-di/test_set/Fear/1700747386351-2-15-3-20-2-1,1,1700747385488,/workspace/datasets/emoji-hero-vr-db-di/test_set/Fear/1700747386351-2-15-3-20-2-1/1700747385488-2-15-3-20-2-1.jpg,2,Fear,2,Fear,0.30824822,0.30824822,True,True,0.07936995,0.2564576,0.30824822,0.21585175,0.060686126,0.039269492,0.040116888
1700747514980-2-15-4-1-5-0,1700747514980-2-15-4-1-5-0-01,1700747514980-2-15-4-1-5,1700747514980,2,15,4,1,0,Central,/workspace/datasets/emoji-hero-vr-db-di/test_set/Sadness/1700747514980-2-15-4-1-5-0,1,1700747514006,/workspace/datasets/emoji-hero-vr-db-di/test_set/Sadness/1700747514980-2-15-4-1-5-0/1700747514006-2-15-4-1-5-0.jpg,5,Sadness,3,Happiness,0.0101954425,0.88841426,False,True,0.01902945,0.020761082,0.024220277,0.88841426,0.029750424,0.0101954425,0.007629158
1700747514980-2-15-4-1-5-1,1700747514980-2-15-4-1-5-1-01,1700747514980-2-15-4-1-5,1700747514980,2,15,4,1,1,Side,/workspace/datasets/emoji-hero-vr-db-di/test_set/Sadness/1700747514980-2-15-4-1-5-1,1,1700747514006,/workspace/datasets/emoji-hero-vr-db-di/test_set/Sadness/1700747514980-2-15-4-1-5-1/1700747514006-2-15-4-1-5-1.jpg,5,Sadness,3,Happiness,0.00972582,0.9123798,False,True,0.015606097,0.020453047,0.016263897,0.9123798,0.021127135,0.00972582,0.0044441503
1700747516587-2-15-4-2-4-0,1700747516587-2-15-4-2-4-0-01,1700747516587-2-15-4-2-4,1700747516587,2,15,4,2,0,Central,/workspace/datasets/emoji-hero-vr-db-di/test_set/Neutral/1700747516587-2-15-4-2-4-0,1,1700747515784,/workspace/datasets/emoji-hero-vr-db-di/test_set/Neutral/1700747516587-2-15-4-2-4-0/1700747515784-2-15-4-2-4-0.jpg,4,Neutral,5,Sadness,0.025132157,0.86485523,False,False,0.06357421,0.0261638,0.005898576,0.0069542355,0.025132157,0.86485523,0.0074218134
1700747516587-2-15-4-2-4-1,1700747516587-2-15-4-2-4-1-01,1700747516587-2-15-4-2-4,1700747516587,2,15,4,2,1,Side,/workspace/datasets/emoji-hero-vr-db-di/test_set/Neutral/1700747516587-2-15-4-2-4-1,1,1700747515784,/workspace/datasets/emoji-hero-vr-db-di/test_set/Neutral/1700747516587-2-15-4-2-4-1/1700747515784-2-15-4-2-4-1.jpg,4,Neutral,5,Sadness,0.10000766,0.7058116,False,False,0.10789048,0.03897262,0.014122716,0.017209543,0.10000766,0.7058116,0.015985373
1700747522488-2-15-4-5-4-0,1700747522488-2-15-4-5-4-0-01,1700747522488-2-15-4-5-4,1700747522488,2,15,4,5,0,Central,/workspace/datasets/emoji-hero-vr-db-di/test_set/Neutral/1700747522488-2-15-4-5-4-0,1,1700747521519,/workspace/datasets/emoji-hero-vr-db-di/test_set/Neutral/1700747522488-2-15-4-5-4-0/1700747521519-2-15-4-5-4-0.jpg,4,Neutral,5,Sadness,0.029098356,0.8491978,False,False,0.071079426,0.028576434,0.0066521037,0.0076949773,0.029098356,0.8491978,0.0077008363
1700747522488-2-15-4-5-4-1,1700747522488-2-15-4-5-4-1-01,1700747522488-2-15-4-5-4,1700747522488,2,15,4,5,1,Side,/workspace/datasets/emoji-hero-vr-db-di/test_set/Neutral/1700747522488-2-15-4-5-4-1,1,1700747521519,/workspace/datasets/emoji-hero-vr-db-di/test_set/Neutral/1700747522488-2-15-4-5-4-1/1700747521519-2-15-4-5-4-1.jpg,4,Neutral,5,Sadness,0.04329469,0.82523155,False,True,0.07664586,0.029305683,0.0074265064,0.008801466,0.04329469,0.82523155,0.009294259
1700747523299-2-15-4-6-3-0,1700747523299-2-15-4-6-3-0-01,1700747523299-2-15-4-6-3,1700747523299,2,15,4,6,0,Central,/workspace/datasets/emoji-hero-vr-db-di/test_set/Happiness/1700747523299-2-15-4-6-3-0,1,1700747522787,/workspace/datasets/emoji-hero-vr-db-di/test_set/Happiness/1700747523299-2-15-4-6-3-0/1700747522787-2-15-4-6-3-0.jpg,3,Happiness,3,Happiness,0.9157713,0.9157713,True,True,0.014411626,0.01925588,0.015809871,0.9157713,0.020441929,0.009970015,0.004339296
1700747523299-2-15-4-6-3-1,1700747523299-2-15-4-6-3-1-01,1700747523299-2-15-4-6-3,1700747523299,2,15,4,6,1,Side,/workspace/datasets/emoji-hero-vr-db-di/test_set/Happiness/1700747523299-2-15-4-6-3-1,1,1700747522787,/workspace/datasets/emoji-hero-vr-db-di/test_set/Happiness/1700747523299-2-15-4-6-3-1/1700747522787-2-15-4-6-3-1.jpg,3,Happiness,3,Happiness,0.92518836,0.92518836,True,True,0.013131457,0.015712181,0.014296789,0.92518836,0.019107979,0.008265119,0.0042980923
1700747526081-2-15-4-7-0-0,1700747526081-2-15-4-7-0-0-01,1700747526081-2-15-4-7-0,1700747526081,2,15,4,7,0,Central,/workspace/datasets/emoji-hero-vr-db-di/test_set/Anger/1700747526081-2-15-4-7-0-0,1,1700747525105,/workspace/datasets/emoji-hero-vr-db-di/test_set/Anger/1700747526081-2-15-4-7-0-0/1700747525105-2-15-4-7-0-0.jpg,0,Anger,0,Anger,0.79010093,0.79010093,True,True,0.79010093,0.08952456,0.023245113,0.030136053,0.012600677,0.046217106,0.008175638
1700747526081-2-15-4-7-0-1,1700747526081-2-15-4-7-0-1-01,1700747526081-2-15-4-7-0,1700747526081,2,15,4,7,1,Side,/workspace/datasets/emoji-hero-vr-db-di/test_set/Anger/1700747526081-2-15-4-7-0-1,1,1700747525105,/workspace/datasets/emoji-hero-vr-db-di/test_set/Anger/1700747526081-2-15-4-7-0-1/1700747525105-2-15-4-7-0-1.jpg,0,Anger,3,Happiness,0.011058918,0.932034,False,False,0.011058918,0.011683152,0.01491063,0.932034,0.019340659,0.0064783865,0.0044943145
1700747527030-2-15-4-8-5-0,1700747527030-2-15-4-8-5-0-01,1700747527030-2-15-4-8-5,1700747527030,2,15,4,8,0,Central,/workspace/datasets/emoji-hero-vr-db-di/test_set/Sadness/1700747527030-2-15-4-8-5-0,1,1700747526323,/workspace/datasets/emoji-hero-vr-db-di/test_set/Sadness/1700747527030-2-15-4-8-5-0/1700747526323-2-15-4-8-5-0.jpg,5,Sadness,4,Neutral,0.12983812,0.36669752,False,True,0.2396983,0.084889874,0.063847624,0.08895864,0.36669752,0.12983812,0.026069852
1700747527030-2-15-4-8-5-1,1700747527030-2-15-4-8-5-1-01,1700747527030-2-15-4-8-5,1700747527030,2,15,4,8,1,Side,/workspace/datasets/emoji-hero-vr-db-di/test_set/Sadness/1700747527030-2-15-4-8-5-1,1,1700747526323,/workspace/datasets/emoji-hero-vr-db-di/test_set/Sadness/1700747527030-2-15-4-8-5-1/1700747526323-2-15-4-8-5-1.jpg,5,Sadness,5,Sadness,0.6752067,0.6752067,True,True,0.20090841,0.036872778,0.013248434,0.018944262,0.041057963,0.6752067,0.013761439
1700747528937-2-15-4-9-2-0,1700747528937-2-15-4-9-2-0-01,1700747528937-2-15-4-9-2,1700747528937,2,15,4,9,0,Central,/workspace/datasets/emoji-hero-vr-db-di/test_set/Fear/1700747528937-2-15-4-9-2-0,1,1700747528065,/workspace/datasets/emoji-hero-vr-db-di/test_set/Fear/1700747528937-2-15-4-9-2-0/1700747528065-2-15-4-9-2-0.jpg,2,Fear,2,Fear,0.8698937,0.8698937,True,True,0.0066841347,0.0319821,0.8698937,0.019260496,0.014184335,0.008395869,0.04959933
1700747528937-2-15-4-9-2-1,1700747528937-2-15-4-9-2-1-01,1700747528937-2-15-4-9-2,1700747528937,2,15,4,9,1,Side,/workspace/datasets/emoji-hero-vr-db-di/test_set/Fear/1700747528937-2-15-4-9-2-1,1,1700747528065,/workspace/datasets/emoji-hero-vr-db-di/test_set/Fear/1700747528937-2-15-4-9-2-1/1700747528065-2-15-4-9-2-1.jpg,2,Fear,2,Fear,0.76548904,0.76548904,True,True,0.014747543,0.06259482,0.76548904,0.040412422,0.025927352,0.019472701,0.071356155
1700747534547-2-15-4-12-1-0,1700747534547-2-15-4-12-1-0-01,1700747534547-2-15-4-12-1,1700747534547,2,15,4,12,0,Central,/workspace/datasets/emoji-hero-vr-db-di/test_set/Disgust/1700747534547-2-15-4-12-1-0,1,1700747533586,/workspace/datasets/emoji-hero-vr-db-di/test_set/Disgust/1700747534547-2-15-4-12-1-0/1700747533586-2-15-4-12-1-0.jpg,1,Disgust,3,Happiness,0.018337525,0.90776193,False,False,0.01493155,0.018337525,0.019095713,0.90776193,0.025075294,0.008861026,0.0059369644
1700747534547-2-15-4-12-1-1,1700747534547-2-15-4-12-1-1-01,1700747534547-2-15-4-12-1,1700747534547,2,15,4,12,1,Side,/workspace/datasets/emoji-hero-vr-db-di/test_set/Disgust/1700747534547-2-15-4-12-1-1,1,1700747533586,/workspace/datasets/emoji-hero-vr-db-di/test_set/Disgust/1700747534547-2-15-4-12-1-1/1700747533586-2-15-4-12-1-1.jpg,1,Disgust,3,Happiness,0.020292489,0.9024934,False,False,0.016057959,0.020292489,0.019295286,0.9024934,0.026277302,0.009010645,0.006572902
1700747535828-2-15-4-13-3-0,1700747535828-2-15-4-13-3-0-01,1700747535828-2-15-4-13-3,1700747535828,2,15,4,13,0,Central,/workspace/datasets/emoji-hero-vr-db-di/test_set/Happiness/1700747535828-2-15-4-13-3-0,1,1700747535093,/workspace/datasets/emoji-hero-vr-db-di/test_set/Happiness/1700747535828-2-15-4-13-3-0/1700747535093-2-15-4-13-3-0.jpg,3,Happiness,0,Anger,0.16280526,0.48695216,False,False,0.48695216,0.12901287,0.044977367,0.16280526,0.0560647,0.108595625,0.011592067
1700747535828-2-15-4-13-3-1,1700747535828-2-15-4-13-3-1-01,1700747535828-2-15-4-13-3,1700747535828,2,15,4,13,1,Side,/workspace/datasets/emoji-hero-vr-db-di/test_set/Happiness/1700747535828-2-15-4-13-3-1,1,1700747535093,/workspace/datasets/emoji-hero-vr-db-di/test_set/Happiness/1700747535828-2-15-4-13-3-1/1700747535093-2-15-4-13-3-1.jpg,3,Happiness,3,Happiness,0.9307239,0.9307239,True,True,0.010968365,0.010207863,0.016505651,0.9307239,0.020290775,0.0060604694,0.0052430565
1700747538056-2-15-4-14-0-0,1700747538056-2-15-4-14-0-0-01,1700747538056-2-15-4-14-0,1700747538056,2,15,4,14,0,Central,/workspace/datasets/emoji-hero-vr-db-di/test_set/Anger/1700747538056-2-15-4-14-0-0,1,1700747537095,/workspace/datasets/emoji-hero-vr-db-di/test_set/Anger/1700747538056-2-15-4-14-0-0/1700747537095-2-15-4-14-0-0.jpg,0,Anger,0,Anger,0.3816755,0.3816755,True,False,0.3816755,0.10065321,0.04603028,0.04953388,0.1764136,0.22907771,0.016615864
1700747538056-2-15-4-14-0-1,1700747538056-2-15-4-14-0-1-01,1700747538056-2-15-4-14-0,1700747538056,2,15,4,14,1,Side,/workspace/datasets/emoji-hero-vr-db-di/test_set/Anger/1700747538056-2-15-4-14-0-1,1,1700747537095,/workspace/datasets/emoji-hero-vr-db-di/test_set/Anger/1700747538056-2-15-4-14-0-1/1700747537095-2-15-4-14-0-1.jpg,0,Anger,4,Neutral,0.13244691,0.44972682,False,True,0.13244691,0.07889456,0.07204723,0.12357591,0.44972682,0.09952693,0.043781653
1700747543178-2-15-4-17-5-0,1700747543178-2-15-4-17-5-0-01,1700747543178-2-15-4-17-5,1700747543178,2,15,4,17,0,Central,/workspace/datasets/emoji-hero-vr-db-di/test_set/Sadness/1700747543178-2-15-4-17-5-0,1,1700747542204,/workspace/datasets/emoji-hero-vr-db-di/test_set/Sadness/1700747543178-2-15-4-17-5-0/1700747542204-2-15-4-17-5-0.jpg,5,Sadness,2,Fear,0.027643474,0.6870155,False,True,0.021434776,0.13545604,0.6870155,0.0390335,0.03057397,0.027643474,0.05884281
1700747543178-2-15-4-17-5-1,1700747543178-2-15-4-17-5-1-01,1700747543178-2-15-4-17-5,1700747543178,2,15,4,17,1,Side,/workspace/datasets/emoji-hero-vr-db-di/test_set/Sadness/1700747543178-2-15-4-17-5-1,1,1700747542204,/workspace/datasets/emoji-hero-vr-db-di/test_set/Sadness/1700747543178-2-15-4-17-5-1/1700747542204-2-15-4-17-5-1.jpg,5,Sadness,2,Fear,0.031145392,0.68973696,False,True,0.0265181,0.08624101,0.68973696,0.045497254,0.047607612,0.031145392,0.07325363
1700747545324-2-15-4-18-4-0,1700747545324-2-15-4-18-4-0-01,1700747545324-2-15-4-18-4,1700747545324,2,15,4,18,0,Central,/workspace/datasets/emoji-hero-vr-db-di/test_set/Neutral/1700747545324-2-15-4-18-4-0,1,1700747544349,/workspace/datasets/emoji-hero-vr-db-di/test_set/Neutral/1700747545324-2-15-4-18-4-0/1700747544349-2-15-4-18-4-0.jpg,4,Neutral,5,Sadness,0.3122633,0.3276349,False,True,0.16436952,0.088876635,0.052137226,0.028861735,0.3122633,0.3276349,0.02585664
1700747545324-2-15-4-18-4-1,1700747545324-2-15-4-18-4-1-01,1700747545324-2-15-4-18-4,1700747545324,2,15,4,18,1,Side,/workspace/datasets/emoji-hero-vr-db-di/test_set/Neutral/1700747545324-2-15-4-18-4-1,1,1700747544349,/workspace/datasets/emoji-hero-vr-db-di/test_set/Neutral/1700747545324-2-15-4-18-4-1/1700747544349-2-15-4-18-4-1.jpg,4,Neutral,4,Neutral,0.5001118,0.5001118,True,True,0.13917394,0.09863538,0.0580045,0.060655016,0.5001118,0.09964568,0.043773677
1700747550545-2-15-4-21-6-0,1700747550545-2-15-4-21-6-0-01,1700747550545-2-15-4-21-6,1700747550545,2,15,4,21,0,Central,/workspace/datasets/emoji-hero-vr-db-di/test_set/Surprise/1700747550545-2-15-4-21-6-0,1,1700747549583,/workspace/datasets/emoji-hero-vr-db-di/test_set/Surprise/1700747550545-2-15-4-21-6-0/1700747549583-2-15-4-21-6-0.jpg,6,Surprise,5,Sadness,0.023311717,0.448202,False,False,0.1591929,0.06480752,0.036370967,0.021738622,0.2463762,0.448202,0.023311717
1700747550545-2-15-4-21-6-1,1700747550545-2-15-4-21-6-1-01,1700747550545-2-15-4-21-6,1700747550545,2,15,4,21,1,Side,/workspace/datasets/emoji-hero-vr-db-di/test_set/Surprise/1700747550545-2-15-4-21-6-1,1,1700747549583,/workspace/datasets/emoji-hero-vr-db-di/test_set/Surprise/1700747550545-2-15-4-21-6-1/1700747549583-2-15-4-21-6-1.jpg,6,Surprise,2,Fear,0.092651136,0.3421931,False,True,0.08255553,0.15095678,0.3421931,0.06864236,0.20113288,0.06186817,0.092651136
1700747556782-2-15-4-25-2-0,1700747556782-2-15-4-25-2-0-01,1700747556782-2-15-4-25-2,1700747556782,2,15,4,25,0,Central,/workspace/datasets/emoji-hero-vr-db-di/test_set/Fear/1700747556782-2-15-4-25-2-0,1,1700747556144,/workspace/datasets/emoji-hero-vr-db-di/test_set/Fear/1700747556782-2-15-4-25-2-0/1700747556144-2-15-4-25-2-0.jpg,2,Fear,5,Sadness,0.01155136,0.817229,False,True,0.05614644,0.07228194,0.01155136,0.009317124,0.023637407,0.817229,0.009836689
1700747556782-2-15-4-25-2-1,1700747556782-2-15-4-25-2-1-01,1700747556782-2-15-4-25-2,1700747556782,2,15,4,25,1,Side,/workspace/datasets/emoji-hero-vr-db-di/test_set/Fear/1700747556782-2-15-4-25-2-1,1,1700747556144,/workspace/datasets/emoji-hero-vr-db-di/test_set/Fear/1700747556782-2-15-4-25-2-1/1700747556144-2-15-4-25-2-1.jpg,2,Fear,4,Neutral,0.04836122,0.4386049,False,True,0.14627191,0.083558485,0.04836122,0.035388775,0.4386049,0.2198667,0.027948074
1700747558772-2-15-4-26-1-0,1700747558772-2-15-4-26-1-0-01,1700747558772-2-15-4-26-1,1700747558772,2,15,4,26,0,Central,/workspace/datasets/emoji-hero-vr-db-di/test_set/Disgust/1700747558772-2-15-4-26-1-0,1,1700747557926,/workspace/datasets/emoji-hero-vr-db-di/test_set/Disgust/1700747558772-2-15-4-26-1-0/1700747557926-2-15-4-26-1-0.jpg,1,Disgust,2,Fear,0.25860515,0.46053892,False,True,0.047484465,0.25860515,0.46053892,0.037778415,0.059908696,0.07735747,0.05832684
1700747558772-2-15-4-26-1-1,1700747558772-2-15-4-26-1-1-01,1700747558772-2-15-4-26-1,1700747558772,2,15,4,26,1,Side,/workspace/datasets/emoji-hero-vr-db-di/test_set/Disgust/1700747558772-2-15-4-26-1-1,1,1700747557926,/workspace/datasets/emoji-hero-vr-db-di/test_set/Disgust/1700747558772-2-15-4-26-1-1/1700747557926-2-15-4-26-1-1.jpg,1,Disgust,2,Fear,0.07873808,0.7072811,False,True,0.024866864,0.07873808,0.7072811,0.041571297,0.04503694,0.027677068,0.074828655
1700756274306-2-18-1-0-0-0,1700756274306-2-18-1-0-0-0-01,1700756274306-2-18-1-0-0,1700756274306,2,18,1,0,0,Central,/workspace/datasets/emoji-hero-vr-db-di/test_set/Anger/1700756274306-2-18-1-0-0-0,1,1700756273419,/workspace/datasets/emoji-hero-vr-db-di/test_set/Anger/1700756274306-2-18-1-0-0-0/1700756273419-2-18-1-0-0-0.jpg,0,Anger,4,Neutral,0.17736177,0.36459404,False,True,0.17736177,0.12214499,0.08242342,0.071493976,0.36459404,0.11129365,0.07068815
1700756274306-2-18-1-0-0-1,1700756274306-2-18-1-0-0-1-01,1700756274306-2-18-1-0-0,1700756274306,2,18,1,0,1,Side,/workspace/datasets/emoji-hero-vr-db-di/test_set/Anger/1700756274306-2-18-1-0-0-1,1,1700756273419,/workspace/datasets/emoji-hero-vr-db-di/test_set/Anger/1700756274306-2-18-1-0-0-1/1700756273419-2-18-1-0-0-1.jpg,0,Anger,1,Disgust,0.15210564,0.6465239,False,False,0.15210564,0.6465239,0.061530977,0.028841466,0.017923748,0.057575665,0.03549856
1700756276004-2-18-1-1-5-0,1700756276004-2-18-1-1-5-0-01,1700756276004-2-18-1-1-5,1700756276004,2,18,1,1,0,Central,/workspace/datasets/emoji-hero-vr-db-di/test_set/Sadness/1700756276004-2-18-1-1-5-0,1,1700756275032,/workspace/datasets/emoji-hero-vr-db-di/test_set/Sadness/1700756276004-2-18-1-1-5-0/1700756275032-2-18-1-1-5-0.jpg,5,Sadness,4,Neutral,0.08897693,0.5335804,False,False,0.112045765,0.0767781,0.06546996,0.07500172,0.5335804,0.08897693,0.048147105
1700756276004-2-18-1-1-5-1,1700756276004-2-18-1-1-5-1-01,1700756276004-2-18-1-1-5,1700756276004,2,18,1,1,1,Side,/workspace/datasets/emoji-hero-vr-db-di/test_set/Sadness/1700756276004-2-18-1-1-5-1,1,1700756275032,/workspace/datasets/emoji-hero-vr-db-di/test_set/Sadness/1700756276004-2-18-1-1-5-1/1700756275032-2-18-1-1-5-1.jpg,5,Sadness,4,Neutral,0.08556545,0.5466612,False,True,0.1140887,0.08082388,0.060417097,0.067649,0.5466612,0.08556545,0.044794664
1700756278030-2-18-1-2-3-0,1700756278030-2-18-1-2-3-0-01,1700756278030-2-18-1-2-3,1700756278030,2,18,1,2,0,Central,/workspace/datasets/emoji-hero-vr-db-di/test_set/Happiness/1700756278030-2-18-1-2-3-0,1,1700756277249,/workspace/datasets/emoji-hero-vr-db-di/test_set/Happiness/1700756278030-2-18-1-2-3-0/1700756277249-2-18-1-2-3-0.jpg,3,Happiness,4,Neutral,0.07808286,0.51480657,False,True,0.111362584,0.0806691,0.07819498,0.07808286,0.51480657,0.08235313,0.054530773
1700756278030-2-18-1-2-3-1,1700756278030-2-18-1-2-3-1-01,1700756278030-2-18-1-2-3,1700756278030,2,18,1,2,1,Side,/workspace/datasets/emoji-hero-vr-db-di/test_set/Happiness/1700756278030-2-18-1-2-3-1,1,1700756277249,/workspace/datasets/emoji-hero-vr-db-di/test_set/Happiness/1700756278030-2-18-1-2-3-1/1700756277249-2-18-1-2-3-1.jpg,3,Happiness,4,Neutral,0.066478096,0.55243015,False,True,0.09533493,0.07539779,0.07699042,0.066478096,0.55243015,0.07515779,0.058210857
1700756280474-2-18-1-3-0-0,1700756280474-2-18-1-3-0-0-01,1700756280474-2-18-1-3-0,1700756280474,2,18,1,3,0,Central,/workspace/datasets/emoji-hero-vr-db-di/test_set/Anger/1700756280474-2-18-1-3-0-0,1,1700756279740,/workspace/datasets/emoji-hero-vr-db-di/test_set/Anger/1700756280474-2-18-1-3-0-0/1700756279740-2-18-1-3-0-0.jpg,0,Anger,2,Fear,0.062442668,0.39299408,False,True,0.062442668,0.1466109,0.39299408,0.09521858,0.1349734,0.050890762,0.116869584
1700756280474-2-18-1-3-0-1,1700756280474-2-18-1-3-0-1-01,1700756280474-2-18-1-3-0,1700756280474,2,18,1,3,1,Side,/workspace/datasets/emoji-hero-vr-db-di/test_set/Anger/1700756280474-2-18-1-3-0-1,1,1700756279740,/workspace/datasets/emoji-hero-vr-db-di/test_set/Anger/1700756280474-2-18-1-3-0-1/1700756279740-2-18-1-3-0-1.jpg,0,Anger,0,Anger,0.5545808,0.5545808,True,True,0.5545808,0.21079609,0.036025364,0.035994124,0.043847863,0.08614625,0.03260954
1700756283788-2-18-1-4-0-0,1700756283788-2-18-1-4-0-0-01,1700756283788-2-18-1-4-0,1700756283788,2,18,1,4,0,Central,/workspace/datasets/emoji-hero-vr-db-di/test_set/Anger/1700756283788-2-18-1-4-0-0,1,1700756282814,/workspace/datasets/emoji-hero-vr-db-di/test_set/Anger/1700756283788-2-18-1-4-0-0/1700756282814-2-18-1-4-0-0.jpg,0,Anger,4,Neutral,0.13986841,0.50032717,False,True,0.13986841,0.08374348,0.0628978,0.08924492,0.50032717,0.08205281,0.04186538
1700756283788-2-18-1-4-0-1,1700756283788-2-18-1-4-0-1-01,1700756283788-2-18-1-4-0,1700756283788,2,18,1,4,1,Side,/workspace/datasets/emoji-hero-vr-db-di/test_set/Anger/1700756283788-2-18-1-4-0-1,1,1700756282814,/workspace/datasets/emoji-hero-vr-db-di/test_set/Anger/1700756283788-2-18-1-4-0-1/1700756282814-2-18-1-4-0-1.jpg,0,Anger,0,Anger,0.34671628,0.34671628,True,True,0.34671628,0.32364804,0.059807125,0.05012123,0.05669784,0.1070362,0.05597328
1700756285404-2-18-1-5-5-0,1700756285404-2-18-1-5-5-0-01,1700756285404-2-18-1-5-5,1700756285404,2,18,1,5,0,Central,/workspace/datasets/emoji-hero-vr-db-di/test_set/Sadness/1700756285404-2-18-1-5-5-0,1,1700756284765,/workspace/datasets/emoji-hero-vr-db-di/test_set/Sadness/1700756285404-2-18-1-5-5-0/1700756284765-2-18-1-5-5-0.jpg,5,Sadness,4,Neutral,0.1167219,0.38505977,False,True,0.19661418,0.10951929,0.06600492,0.07688749,0.38505977,0.1167219,0.04919244
1700756285404-2-18-1-5-5-1,1700756285404-2-18-1-5-5-1-01,1700756285404-2-18-1-5-5,1700756285404,2,18,1,5,1,Side,/workspace/datasets/emoji-hero-vr-db-di/test_set/Sadness/1700756285404-2-18-1-5-5-1,1,1700756284765,/workspace/datasets/emoji-hero-vr-db-di/test_set/Sadness/1700756285404-2-18-1-5-5-1/1700756284765-2-18-1-5-5-1.jpg,5,Sadness,1,Disgust,0.09534606,0.33971977,False,True,0.32244122,0.33971977,0.065351896,0.05259784,0.0801479,0.09534606,0.0443953
1700756292963-2-18-1-8-3-0,1700756292963-2-18-1-8-3-0-01,1700756292963-2-18-1-8-3,1700756292963,2,18,1,8,0,Central,/workspace/datasets/emoji-hero-vr-db-di/test_set/Happiness/1700756292963-2-18-1-8-3-0,1,1700756292285,/workspace/datasets/emoji-hero-vr-db-di/test_set/Happiness/1700756292963-2-18-1-8-3-0/1700756292285-2-18-1-8-3-0.jpg,3,Happiness,4,Neutral,0.10978558,0.3398193,False,True,0.22547148,0.119095765,0.07305347,0.10978558,0.3398193,0.08629203,0.04648232
1700756292963-2-18-1-8-3-1,1700756292963-2-18-1-8-3-1-01,1700756292963-2-18-1-8-3,1700756292963,2,18,1,8,1,Side,/workspace/datasets/emoji-hero-vr-db-di/test_set/Happiness/1700756292963-2-18-1-8-3-1,1,1700756292285,/workspace/datasets/emoji-hero-vr-db-di/test_set/Happiness/1700756292963-2-18-1-8-3-1/1700756292285-2-18-1-8-3-1.jpg,3,Happiness,4,Neutral,0.083292,0.45428446,False,True,0.12924704,0.106626,0.08199476,0.083292,0.45428446,0.08303252,0.061523262
1700756363513-2-18-2-1-1-0,1700756363513-2-18-2-1-1-0-01,1700756363513-2-18-2-1-1,1700756363513,2,18,2,1,0,Central,/workspace/datasets/emoji-hero-vr-db-di/test_set/Disgust/1700756363513-2-18-2-1-1-0,1,1700756362545,/workspace/datasets/emoji-hero-vr-db-di/test_set/Disgust/1700756363513-2-18-2-1-1-0/1700756362545-2-18-2-1-1-0.jpg,1,Disgust,0,Anger,0.09661297,0.75015056,False,True,0.75015056,0.09661297,0.017917208,0.026995853,0.018677665,0.07416154,0.015484192
1700756363513-2-18-2-1-1-1,1700756363513-2-18-2-1-1-1-01,1700756363513-2-18-2-1-1,1700756363513,2,18,2,1,1,Side,/workspace/datasets/emoji-hero-vr-db-di/test_set/Disgust/1700756363513-2-18-2-1-1-1,1,1700756362545,/workspace/datasets/emoji-hero-vr-db-di/test_set/Disgust/1700756363513-2-18-2-1-1-1/1700756362545-2-18-2-1-1-1.jpg,1,Disgust,0,Anger,0.113230444,0.73302597,False,True,0.73302597,0.113230444,0.01931846,0.027653672,0.018056637,0.07114722,0.017567571
1700756365257-2-18-2-2-6-0,1700756365257-2-18-2-2-6-0-01,1700756365257-2-18-2-2-6,1700756365257,2,18,2,2,0,Central,/workspace/datasets/emoji-hero-vr-db-di/test_set/Surprise/1700756365257-2-18-2-2-6-0,1,1700756364284,/workspace/datasets/emoji-hero-vr-db-di/test_set/Surprise/1700756365257-2-18-2-2-6-0/1700756364284-2-18-2-2-6-0.jpg,6,Surprise,0,Anger,0.011044708,0.79080194,False,True,0.79080194,0.08017835,0.014246956,0.02183798,0.0148414215,0.06704857,0.011044708
1700756365257-2-18-2-2-6-1,1700756365257-2-18-2-2-6-1-01,1700756365257-2-18-2-2-6,1700756365257,2,18,2,2,1,Side,/workspace/datasets/emoji-hero-vr-db-di/test_set/Surprise/1700756365257-2-18-2-2-6-1,1,1700756364284,/workspace/datasets/emoji-hero-vr-db-di/test_set/Surprise/1700756365257-2-18-2-2-6-1/1700756364284-2-18-2-2-6-1.jpg,6,Surprise,0,Anger,0.023038803,0.69142616,False,True,0.69142616,0.10220224,0.021129409,0.030110624,0.032724757,0.099368006,0.023038803
1700756370115-2-18-2-4-1-0,1700756370115-2-18-2-4-1-0-01,1700756370115-2-18-2-4-1,1700756370115,2,18,2,4,0,Central,/workspace/datasets/emoji-hero-vr-db-di/test_set/Disgust/1700756370115-2-18-2-4-1-0,1,1700756369173,/workspace/datasets/emoji-hero-vr-db-di/test_set/Disgust/1700756370115-2-18-2-4-1-0/1700756369173-2-18-2-4-1-0.jpg,1,Disgust,0,Anger,0.051783215,0.8670359,False,True,0.8670359,0.051783215,0.008857886,0.013458781,0.008308385,0.04423994,0.006315862
1700756370115-2-18-2-4-1-1,1700756370115-2-18-2-4-1-1-01,1700756370115-2-18-2-4-1,1700756370115,2,18,2,4,1,Side,/workspace/datasets/emoji-hero-vr-db-di/test_set/Disgust/1700756370115-2-18-2-4-1-1,1,1700756369173,/workspace/datasets/emoji-hero-vr-db-di/test_set/Disgust/1700756370115-2-18-2-4-1-1/1700756369173-2-18-2-4-1-1.jpg,1,Disgust,0,Anger,0.06791258,0.8062388,False,True,0.8062388,0.06791258,0.011419972,0.013325199,0.0115415035,0.08044638,0.009115591
1700756373040-2-18-2-5-1-0,1700756373040-2-18-2-5-1-0-01,1700756373040-2-18-2-5-1,1700756373040,2,18,2,5,0,Central,/workspace/datasets/emoji-hero-vr-db-di/test_set/Disgust/1700756373040-2-18-2-5-1-0,1,1700756372066,/workspace/datasets/emoji-hero-vr-db-di/test_set/Disgust/1700756373040-2-18-2-5-1-0/1700756372066-2-18-2-5-1-0.jpg,1,Disgust,4,Neutral,0.17578164,0.25757486,False,True,0.22791101,0.17578164,0.08415922,0.08813703,0.25757486,0.115930595,0.050505668
1700756373040-2-18-2-5-1-1,1700756373040-2-18-2-5-1-1-01,1700756373040-2-18-2-5-1,1700756373040,2,18,2,5,1,Side,/workspace/datasets/emoji-hero-vr-db-di/test_set/Disgust/1700756373040-2-18-2-5-1-1,1,1700756372066,/workspace/datasets/emoji-hero-vr-db-di/test_set/Disgust/1700756373040-2-18-2-5-1-1/1700756372066-2-18-2-5-1-1.jpg,1,Disgust,4,Neutral,0.072153844,0.5726381,False,False,0.105691366,0.072153844,0.052866112,0.06938259,0.5726381,0.08370834,0.043559633
1700756380628-2-18-2-8-6-0,1700756380628-2-18-2-8-6-0-01,1700756380628-2-18-2-8-6,1700756380628,2,18,2,8,0,Central,/workspace/datasets/emoji-hero-vr-db-di/test_set/Surprise/1700756380628-2-18-2-8-6-0,1,1700756379668,/workspace/datasets/emoji-hero-vr-db-di/test_set/Surprise/1700756380628-2-18-2-8-6-0/1700756379668-2-18-2-8-6-0.jpg,6,Surprise,4,Neutral,0.043357998,0.55323786,False,True,0.111579,0.07479205,0.05980561,0.07557766,0.55323786,0.08164983,0.043357998
1700756380628-2-18-2-8-6-1,1700756380628-2-18-2-8-6-1-01,1700756380628-2-18-2-8-6,1700756380628,2,18,2,8,1,Side,/workspace/datasets/emoji-hero-vr-db-di/test_set/Surprise/1700756380628-2-18-2-8-6-1,1,1700756379668,/workspace/datasets/emoji-hero-vr-db-di/test_set/Surprise/1700756380628-2-18-2-8-6-1/1700756379668-2-18-2-8-6-1.jpg,6,Surprise,4,Neutral,0.04237491,0.56529695,False,True,0.1090234,0.07746373,0.054361805,0.058774557,0.56529695,0.09270463,0.04237491
1700756382762-2-18-2-9-6-0,1700756382762-2-18-2-9-6-0-01,1700756382762-2-18-2-9-6,1700756382762,2,18,2,9,0,Central,/workspace/datasets/emoji-hero-vr-db-di/test_set/Surprise/1700756382762-2-18-2-9-6-0,1,1700756381772,/workspace/datasets/emoji-hero-vr-db-di/test_set/Surprise/1700756382762-2-18-2-9-6-0/1700756381772-2-18-2-9-6-0.jpg,6,Surprise,1,Disgust,0.046289973,0.38737628,False,True,0.3156565,0.38737628,0.06713838,0.06781333,0.037979674,0.077745795,0.046289973
1700756382762-2-18-2-9-6-1,1700756382762-2-18-2-9-6-1-01,1700756382762-2-18-2-9-6,1700756382762,2,18,2,9,1,Side,/workspace/datasets/emoji-hero-vr-db-di/test_set/Surprise/1700756382762-2-18-2-9-6-1,1,1700756381772,/workspace/datasets/emoji-hero-vr-db-di/test_set/Surprise/1700756382762-2-18-2-9-6-1/1700756381772-2-18-2-9-6-1.jpg,6,Surprise,0,Anger,0.026794426,0.63498616,False,True,0.63498616,0.17820795,0.030364351,0.03712933,0.022499222,0.07001852,0.026794426
1700756481968-2-18-3-0-4-0,1700756481968-2-18-3-0-4-0-01,1700756481968-2-18-3-0-4,1700756481968,2,18,3,0,0,Central,/workspace/datasets/emoji-hero-vr-db-di/test_set/Neutral/1700756481968-2-18-3-0-4-0,1,1700756481390,/workspace/datasets/emoji-hero-vr-db-di/test_set/Neutral/1700756481968-2-18-3-0-4-0/1700756481390-2-18-3-0-4-0.jpg,4,Neutral,4,Neutral,0.5485373,0.5485373,True,True,0.11056697,0.07222048,0.059863552,0.083909035,0.5485373,0.07872555,0.046177093
1700756481968-2-18-3-0-4-1,1700756481968-2-18-3-0-4-1-01,1700756481968-2-18-3-0-4,1700756481968,2,18,3,0,1,Side,/workspace/datasets/emoji-hero-vr-db-di/test_set/Neutral/1700756481968-2-18-3-0-4-1,1,1700756481390,/workspace/datasets/emoji-hero-vr-db-di/test_set/Neutral/1700756481968-2-18-3-0-4-1/1700756481390-2-18-3-0-4-1.jpg,4,Neutral,4,Neutral,0.54170245,0.54170245,True,True,0.10712617,0.07819526,0.06365045,0.0692412,0.54170245,0.08827553,0.051808976
1700756486528-2-18-3-2-0-0,1700756486528-2-18-3-2-0-0-01,1700756486528-2-18-3-2-0,1700756486528,2,18,3,2,0,Central,/workspace/datasets/emoji-hero-vr-db-di/test_set/Anger/1700756486528-2-18-3-2-0-0,1,1700756485569,/workspace/datasets/emoji-hero-vr-db-di/test_set/Anger/1700756486528-2-18-3-2-0-0/1700756485569-2-18-3-2-0-0.jpg,0,Anger,4,Neutral,0.117621735,0.47006452,False,True,0.117621735,0.09144874,0.07086809,0.14077036,0.47006452,0.06652054,0.042706102
1700756486528-2-18-3-2-0-1,1700756486528-2-18-3-2-0-1-01,1700756486528-2-18-3-2-0,1700756486528,2,18,3,2,1,Side,/workspace/datasets/emoji-hero-vr-db-di/test_set/Anger/1700756486528-2-18-3-2-0-1,1,1700756485569,/workspace/datasets/emoji-hero-vr-db-di/test_set/Anger/1700756486528-2-18-3-2-0-1/1700756485569-2-18-3-2-0-1.jpg,0,Anger,4,Neutral,0.10696117,0.52268475,False,False,0.10696117,0.070710376,0.05862472,0.12224068,0.52268475,0.065149195,0.05362911
1700756490593-2-18-3-4-3-0,1700756490593-2-18-3-4-3-0-01,1700756490593-2-18-3-4-3,1700756490593,2,18,3,4,0,Central,/workspace/datasets/emoji-hero-vr-db-di/test_set/Happiness/1700756490593-2-18-3-4-3-0,1,1700756489634,/workspace/datasets/emoji-hero-vr-db-di/test_set/Happiness/1700756490593-2-18-3-4-3-0/1700756489634-2-18-3-4-3-0.jpg,3,Happiness,3,Happiness,0.773115,0.773115,True,True,0.037018478,0.032604113,0.033575766,0.773115,0.085087836,0.018933425,0.01966536
1700756490593-2-18-3-4-3-1,1700756490593-2-18-3-4-3-1-01,1700756490593-2-18-3-4-3,1700756490593,2,18,3,4,1,Side,/workspace/datasets/emoji-hero-vr-db-di/test_set/Happiness/1700756490593-2-18-3-4-3-1,1,1700756489634,/workspace/datasets/emoji-hero-vr-db-di/test_set/Happiness/1700756490593-2-18-3-4-3-1/1700756489634-2-18-3-4-3-1.jpg,3,Happiness,4,Neutral,0.080523886,0.5597042,False,True,0.107286744,0.07167033,0.057090186,0.080523886,0.5597042,0.07664653,0.04707813
1700756494467-2-18-3-6-5-0,1700756494467-2-18-3-6-5-0-01,1700756494467-2-18-3-6-5,1700756494467,2,18,3,6,0,Central,/workspace/datasets/emoji-hero-vr-db-di/test_set/Sadness/1700756494467-2-18-3-6-5-0,1,1700756493601,/workspace/datasets/emoji-hero-vr-db-di/test_set/Sadness/1700756494467-2-18-3-6-5-0/1700756493601-2-18-3-6-5-0.jpg,5,Sadness,4,Neutral,0.08502655,0.53168553,False,False,0.12131443,0.088346094,0.058401473,0.06667374,0.53168553,0.08502655,0.048552137
1700756494467-2-18-3-6-5-1,1700756494467-2-18-3-6-5-1-01,1700756494467-2-18-3-6-5,1700756494467,2,18,3,6,1,Side,/workspace/datasets/emoji-hero-vr-db-di/test_set/Sadness/1700756494467-2-18-3-6-5-1,1,1700756493601,/workspace/datasets/emoji-hero-vr-db-di/test_set/Sadness/1700756494467-2-18-3-6-5-1/1700756493601-2-18-3-6-5-1.jpg,5,Sadness,4,Neutral,0.083957694,0.58446157,False,True,0.106138416,0.07220836,0.050412428,0.061238766,0.58446157,0.083957694,0.041582797
1700756499157-2-18-3-8-0-0,1700756499157-2-18-3-8-0-0-01,1700756499157-2-18-3-8-0,1700756499157,2,18,3,8,0,Central,/workspace/datasets/emoji-hero-vr-db-di/test_set/Anger/1700756499157-2-18-3-8-0-0,1,1700756498198,/workspace/datasets/emoji-hero-vr-db-di/test_set/Anger/1700756499157-2-18-3-8-0-0/1700756498198-2-18-3-8-0-0.jpg,0,Anger,0,Anger,0.7896377,0.7896377,True,True,0.7896377,0.08590454,0.014055867,0.020968877,0.013859234,0.06496876,0.010604963
1700756499157-2-18-3-8-0-1,1700756499157-2-18-3-8-0-1-01,1700756499157-2-18-3-8-0,1700756499157,2,18,3,8,1,Side,/workspace/datasets/emoji-hero-vr-db-di/test_set/Anger/1700756499157-2-18-3-8-0-1,1,1700756498198,/workspace/datasets/emoji-hero-vr-db-di/test_set/Anger/1700756499157-2-18-3-8-0-1/1700756498198-2-18-3-8-0-1.jpg,0,Anger,0,Anger,0.46694836,0.46694836,True,True,0.46694836,0.214359,0.031004839,0.030618409,0.027212737,0.18922745,0.04062928
1700756505088-2-18-3-11-3-0,1700756505088-2-18-3-11-3-0-01,1700756505088-2-18-3-11-3,1700756505088,2,18,3,11,0,Central,/workspace/datasets/emoji-hero-vr-db-di/test_set/Happiness/1700756505088-2-18-3-11-3-0,1,1700756504127,/workspace/datasets/emoji-hero-vr-db-di/test_set/Happiness/1700756505088-2-18-3-11-3-0/1700756504127-2-18-3-11-3-0.jpg,3,Happiness,3,Happiness,0.92449856,0.92449856,True,True,0.013777182,0.018350836,0.013084341,0.92449856,0.01832863,0.008627853,0.003332689
1700756505088-2-18-3-11-3-1,1700756505088-2-18-3-11-3-1-01,1700756505088-2-18-3-11-3,1700756505088,2,18,3,11,1,Side,/workspace/datasets/emoji-hero-vr-db-di/test_set/Happiness/1700756505088-2-18-3-11-3-1,1,1700756504127,/workspace/datasets/emoji-hero-vr-db-di/test_set/Happiness/1700756505088-2-18-3-11-3-1/1700756504127-2-18-3-11-3-1.jpg,3,Happiness,3,Happiness,0.91911626,0.91911626,True,True,0.014772634,0.018016202,0.014295315,0.91911626,0.021194752,0.008411299,0.0041934946
1700756506384-2-18-3-12-4-0,1700756506384-2-18-3-12-4-0-01,1700756506384-2-18-3-12-4,1700756506384,2,18,3,12,0,Central,/workspace/datasets/emoji-hero-vr-db-di/test_set/Neutral/1700756506384-2-18-3-12-4-0,1,1700756505657,/workspace/datasets/emoji-hero-vr-db-di/test_set/Neutral/1700756506384-2-18-3-12-4-0/1700756505657-2-18-3-12-4-0.jpg,4,Neutral,4,Neutral,0.36116397,0.36116397,True,True,0.12099699,0.098496586,0.08429374,0.22362329,0.36116397,0.062469292,0.048956174
1700756506384-2-18-3-12-4-1,1700756506384-2-18-3-12-4-1-01,1700756506384-2-18-3-12-4,1700756506384,2,18,3,12,1,Side,/workspace/datasets/emoji-hero-vr-db-di/test_set/Neutral/1700756506384-2-18-3-12-4-1,1,1700756505657,/workspace/datasets/emoji-hero-vr-db-di/test_set/Neutral/1700756506384-2-18-3-12-4-1/1700756505657-2-18-3-12-4-1.jpg,4,Neutral,1,Disgust,0.11965103,0.38264447,False,True,0.16918385,0.38264447,0.12847088,0.093153186,0.11965103,0.057022616,0.049873978
1700756508190-2-18-3-13-6-0,1700756508190-2-18-3-13-6-0-01,1700756508190-2-18-3-13-6,1700756508190,2,18,3,13,0,Central,/workspace/datasets/emoji-hero-vr-db-di/test_set/Surprise/1700756508190-2-18-3-13-6-0,1,1700756507646,/workspace/datasets/emoji-hero-vr-db-di/test_set/Surprise/1700756508190-2-18-3-13-6-0/1700756507646-2-18-3-13-6-0.jpg,6,Surprise,4,Neutral,0.04505768,0.5627156,False,True,0.109451056,0.07550901,0.05680875,0.068408094,0.5627156,0.08204987,0.04505768
1700756508190-2-18-3-13-6-1,1700756508190-2-18-3-13-6-1-01,1700756508190-2-18-3-13-6,1700756508190,2,18,3,13,1,Side,/workspace/datasets/emoji-hero-vr-db-di/test_set/Surprise/1700756508190-2-18-3-13-6-1,1,1700756507646,/workspace/datasets/emoji-hero-vr-db-di/test_set/Surprise/1700756508190-2-18-3-13-6-1/1700756507646-2-18-3-13-6-1.jpg,6,Surprise,4,Neutral,0.043356325,0.570269,False,True,0.107624374,0.07883165,0.055533722,0.059852984,0.570269,0.0845319,0.043356325
1700756511419-2-18-3-14-4-0,1700756511419-2-18-3-14-4-0-01,1700756511419-2-18-3-14-4,1700756511419,2,18,3,14,0,Central,/workspace/datasets/emoji-hero-vr-db-di/test_set/Neutral/1700756511419-2-18-3-14-4-0,1,1700756510460,/workspace/datasets/emoji-hero-vr-db-di/test_set/Neutral/1700756511419-2-18-3-14-4-0/1700756510460-2-18-3-14-4-0.jpg,4,Neutral,4,Neutral,0.45494536,0.45494536,True,True,0.12799042,0.07606947,0.07016879,0.1587841,0.45494536,0.063866764,0.04817504
1700756511419-2-18-3-14-4-1,1700756511419-2-18-3-14-4-1-01,1700756511419-2-18-3-14-4,1700756511419,2,18,3,14,1,Side,/workspace/datasets/emoji-hero-vr-db-di/test_set/Neutral/1700756511419-2-18-3-14-4-1,1,1700756510460,/workspace/datasets/emoji-hero-vr-db-di/test_set/Neutral/1700756511419-2-18-3-14-4-1/1700756510460-2-18-3-14-4-1.jpg,4,Neutral,4,Neutral,0.5326193,0.5326193,True,True,0.12469651,0.0933504,0.05558748,0.060045265,0.5326193,0.085275434,0.04842559
1700756512745-2-18-3-15-5-0,1700756512745-2-18-3-15-5-0-01,1700756512745-2-18-3-15-5,1700756512745,2,18,3,15,0,Central,/workspace/datasets/emoji-hero-vr-db-di/test_set/Sadness/1700756512745-2-18-3-15-5-0,1,1700756511728,/workspace/datasets/emoji-hero-vr-db-di/test_set/Sadness/1700756512745-2-18-3-15-5-0/1700756511728-2-18-3-15-5-0.jpg,5,Sadness,5,Sadness,0.4941346,0.4941346,True,True,0.16794024,0.22210634,0.026083577,0.024107628,0.027632246,0.4941346,0.037995342
1700756512745-2-18-3-15-5-1,1700756512745-2-18-3-15-5-1-01,1700756512745-2-18-3-15-5,1700756512745,2,18,3,15,1,Side,/workspace/datasets/emoji-hero-vr-db-di/test_set/Sadness/1700756512745-2-18-3-15-5-1,1,1700756511728,/workspace/datasets/emoji-hero-vr-db-di/test_set/Sadness/1700756512745-2-18-3-15-5-1/1700756511728-2-18-3-15-5-1.jpg,5,Sadness,5,Sadness,0.3843719,0.3843719,True,True,0.23122872,0.25627568,0.031219194,0.030390507,0.027524298,0.3843719,0.038989615
1700756516990-2-18-3-17-3-0,1700756516990-2-18-3-17-3-0-01,1700756516990-2-18-3-17-3,1700756516990,2,18,3,17,0,Central,/workspace/datasets/emoji-hero-vr-db-di/test_set/Happiness/1700756516990-2-18-3-17-3-0,1,1700756516017,/workspace/datasets/emoji-hero-vr-db-di/test_set/Happiness/1700756516990-2-18-3-17-3-0/1700756516017-2-18-3-17-3-0.jpg,3,Happiness,4,Neutral,0.06324557,0.4460221,False,True,0.15933801,0.09149624,0.05889943,0.06324557,0.4460221,0.12986912,0.05112954
1700756516990-2-18-3-17-3-1,1700756516990-2-18-3-17-3-1-01,1700756516990-2-18-3-17-3,1700756516990,2,18,3,17,1,Side,/workspace/datasets/emoji-hero-vr-db-di/test_set/Happiness/1700756516990-2-18-3-17-3-1,1,1700756516017,/workspace/datasets/emoji-hero-vr-db-di/test_set/Happiness/1700756516990-2-18-3-17-3-1/1700756516017-2-18-3-17-3-1.jpg,3,Happiness,4,Neutral,0.05746314,0.54952455,False,True,0.120987356,0.08758935,0.05171738,0.05746314,0.54952455,0.0886506,0.044067662
1700756520318-2-18-3-19-6-0,1700756520318-2-18-3-19-6-0-01,1700756520318-2-18-3-19-6,1700756520318,2,18,3,19,0,Central,/workspace/datasets/emoji-hero-vr-db-di/test_set/Surprise/1700756520318-2-18-3-19-6-0,1,1700756519727,/workspace/datasets/emoji-hero-vr-db-di/test_set/Surprise/1700756520318-2-18-3-19-6-0/1700756519727-2-18-3-19-6-0.jpg,6,Surprise,4,Neutral,0.040566802,0.43593943,False,True,0.17375024,0.10796627,0.06056185,0.08757101,0.43593943,0.093644366,0.040566802
1700756520318-2-18-3-19-6-1,1700756520318-2-18-3-19-6-1-01,1700756520318-2-18-3-19-6,1700756520318,2,18,3,19,1,Side,/workspace/datasets/emoji-hero-vr-db-di/test_set/Surprise/1700756520318-2-18-3-19-6-1,1,1700756519727,/workspace/datasets/emoji-hero-vr-db-di/test_set/Surprise/1700756520318-2-18-3-19-6-1/1700756519727-2-18-3-19-6-1.jpg,6,Surprise,4,Neutral,0.045094308,0.57289046,False,True,0.10503883,0.07434706,0.055710264,0.065841414,0.57289046,0.081077635,0.045094308
1700756706103-2-18-4-1-5-0,1700756706103-2-18-4-1-5-0-01,1700756706103-2-18-4-1-5,1700756706103,2,18,4,1,0,Central,/workspace/datasets/emoji-hero-vr-db-di/test_set/Sadness/1700756706103-2-18-4-1-5-0,1,1700756705258,/workspace/datasets/emoji-hero-vr-db-di/test_set/Sadness/1700756706103-2-18-4-1-5-0/1700756705258-2-18-4-1-5-0.jpg,5,Sadness,4,Neutral,0.15021276,0.351222,False,False,0.22589943,0.104422085,0.059752524,0.06473773,0.351222,0.15021276,0.043753494
1700756706103-2-18-4-1-5-1,1700756706103-2-18-4-1-5-1-01,1700756706103-2-18-4-1-5,1700756706103,2,18,4,1,1,Side,/workspace/datasets/emoji-hero-vr-db-di/test_set/Sadness/1700756706103-2-18-4-1-5-1,1,1700756705258,/workspace/datasets/emoji-hero-vr-db-di/test_set/Sadness/1700756706103-2-18-4-1-5-1/1700756705258-2-18-4-1-5-1.jpg,5,Sadness,5,Sadness,0.69008404,0.69008404,True,False,0.1457634,0.046736352,0.016264506,0.016587287,0.06619063,0.69008404,0.018373745
1700756707997-2-18-4-2-4-0,1700756707997-2-18-4-2-4-0-01,1700756707997-2-18-4-2-4,1700756707997,2,18,4,2,0,Central,/workspace/datasets/emoji-hero-vr-db-di/test_set/Neutral/1700756707997-2-18-4-2-4-0,1,1700756707028,/workspace/datasets/emoji-hero-vr-db-di/test_set/Neutral/1700756707997-2-18-4-2-4-0/1700756707028-2-18-4-2-4-0.jpg,4,Neutral,4,Neutral,0.49152908,0.49152908,True,True,0.13828656,0.079004966,0.0625505,0.093891025,0.49152908,0.088148385,0.046589546
1700756707997-2-18-4-2-4-1,1700756707997-2-18-4-2-4-1-01,1700756707997-2-18-4-2-4,1700756707997,2,18,4,2,1,Side,/workspace/datasets/emoji-hero-vr-db-di/test_set/Neutral/1700756707997-2-18-4-2-4-1,1,1700756707028,/workspace/datasets/emoji-hero-vr-db-di/test_set/Neutral/1700756707997-2-18-4-2-4-1/1700756707028-2-18-4-2-4-1.jpg,4,Neutral,4,Neutral,0.39439195,0.39439195,True,True,0.15931739,0.11907039,0.0855535,0.095552586,0.39439195,0.09523291,0.050881308
1700756711213-2-18-4-4-4-0,1700756711213-2-18-4-4-4-0-01,1700756711213-2-18-4-4-4,1700756711213,2,18,4,4,0,Central,/workspace/datasets/emoji-hero-vr-db-di/test_set/Neutral/1700756711213-2-18-4-4-4-0,1,1700756710535,/workspace/datasets/emoji-hero-vr-db-di/test_set/Neutral/1700756711213-2-18-4-4-4-0/1700756710535-2-18-4-4-4-0.jpg,4,Neutral,4,Neutral,0.55172753,0.55172753,True,True,0.11288495,0.08028219,0.0547974,0.05910454,0.55172753,0.098645575,0.042557787
1700756711213-2-18-4-4-4-1,1700756711213-2-18-4-4-4-1-01,1700756711213-2-18-4-4-4,1700756711213,2,18,4,4,1,Side,/workspace/datasets/emoji-hero-vr-db-di/test_set/Neutral/1700756711213-2-18-4-4-4-1,1,1700756710535,/workspace/datasets/emoji-hero-vr-db-di/test_set/Neutral/1700756711213-2-18-4-4-4-1/1700756710535-2-18-4-4-4-1.jpg,4,Neutral,4,Neutral,0.5417295,0.5417295,True,True,0.12215415,0.09092841,0.053215396,0.054786626,0.5417295,0.092057236,0.04512863
1700756713736-2-18-4-5-4-0,1700756713736-2-18-4-5-4-0-01,1700756713736-2-18-4-5-4,1700756713736,2,18,4,5,0,Central,/workspace/datasets/emoji-hero-vr-db-di/test_set/Neutral/1700756713736-2-18-4-5-4-0,1,1700756712772,/workspace/datasets/emoji-hero-vr-db-di/test_set/Neutral/1700756713736-2-18-4-5-4-0/1700756712772-2-18-4-5-4-0.jpg,4,Neutral,4,Neutral,0.54798764,0.54798764,True,True,0.11748233,0.07843839,0.056551687,0.064033166,0.54798764,0.09271593,0.04279082
1700756713736-2-18-4-5-4-1,1700756713736-2-18-4-5-4-1-01,1700756713736-2-18-4-5-4,1700756713736,2,18,4,5,1,Side,/workspace/datasets/emoji-hero-vr-db-di/test_set/Neutral/1700756713736-2-18-4-5-4-1,1,1700756712772,/workspace/datasets/emoji-hero-vr-db-di/test_set/Neutral/1700756713736-2-18-4-5-4-1/1700756712772-2-18-4-5-4-1.jpg,4,Neutral,4,Neutral,0.5357521,0.5357521,True,True,0.12378337,0.09153744,0.05539911,0.0573189,0.5357521,0.08843032,0.047778726
1700756716598-2-18-4-7-0-0,1700756716598-2-18-4-7-0-0-01,1700756716598-2-18-4-7-0,1700756716598,2,18,4,7,0,Central,/workspace/datasets/emoji-hero-vr-db-di/test_set/Anger/1700756716598-2-18-4-7-0-0,1,1700756715797,/workspace/datasets/emoji-hero-vr-db-di/test_set/Anger/1700756716598-2-18-4-7-0-0/1700756715797-2-18-4-7-0-0.jpg,0,Anger,4,Neutral,0.15934713,0.4427264,False,True,0.15934713,0.10731856,0.06970074,0.08153169,0.4427264,0.096252166,0.043123327
1700756716598-2-18-4-7-0-1,1700756716598-2-18-4-7-0-1-01,1700756716598-2-18-4-7-0,1700756716598,2,18,4,7,1,Side,/workspace/datasets/emoji-hero-vr-db-di/test_set/Anger/1700756716598-2-18-4-7-0-1,1,1700756715797,/workspace/datasets/emoji-hero-vr-db-di/test_set/Anger/1700756716598-2-18-4-7-0-1/1700756715797-2-18-4-7-0-1.jpg,0,Anger,4,Neutral,0.11873421,0.5434407,False,True,0.11873421,0.08764679,0.05635517,0.060170364,0.5434407,0.08761186,0.0460409
1700756719177-2-18-4-8-5-0,1700756719177-2-18-4-8-5-0-01,1700756719177-2-18-4-8-5,1700756719177,2,18,4,8,0,Central,/workspace/datasets/emoji-hero-vr-db-di/test_set/Sadness/1700756719177-2-18-4-8-5-0,1,1700756718202,/workspace/datasets/emoji-hero-vr-db-di/test_set/Sadness/1700756719177-2-18-4-8-5-0/1700756718202-2-18-4-8-5-0.jpg,5,Sadness,0,Anger,0.04367198,0.8678158,False,True,0.8678158,0.053278264,0.008796784,0.012758048,0.007845912,0.04367198,0.0058332947
1700756719177-2-18-4-8-5-1,1700756719177-2-18-4-8-5-1-01,1700756719177-2-18-4-8-5,1700756719177,2,18,4,8,1,Side,/workspace/datasets/emoji-hero-vr-db-di/test_set/Sadness/1700756719177-2-18-4-8-5-1,1,1700756718202,/workspace/datasets/emoji-hero-vr-db-di/test_set/Sadness/1700756719177-2-18-4-8-5-1/1700756718202-2-18-4-8-5-1.jpg,5,Sadness,0,Anger,0.24353011,0.6442265,False,True,0.6442265,0.060725726,0.011823337,0.013138798,0.015866844,0.24353011,0.010688728
1700756720027-2-18-4-9-2-0,1700756720027-2-18-4-9-2-0-01,1700756720027-2-18-4-9-2,1700756720027,2,18,4,9,0,Central,/workspace/datasets/emoji-hero-vr-db-di/test_set/Fear/1700756720027-2-18-4-9-2-0,1,1700756719320,/workspace/datasets/emoji-hero-vr-db-di/test_set/Fear/1700756720027-2-18-4-9-2-0/1700756719320-2-18-4-9-2-0.jpg,2,Fear,0,Anger,0.011747262,0.7549106,False,True,0.7549106,0.06111246,0.011747262,0.013260565,0.013895021,0.13594231,0.009131863
1700756720027-2-18-4-9-2-1,1700756720027-2-18-4-9-2-1-01,1700756720027-2-18-4-9-2,1700756720027,2,18,4,9,1,Side,/workspace/datasets/emoji-hero-vr-db-di/test_set/Fear/1700756720027-2-18-4-9-2-1,1,1700756719320,/workspace/datasets/emoji-hero-vr-db-di/test_set/Fear/1700756720027-2-18-4-9-2-1/1700756719320-2-18-4-9-2-1.jpg,2,Fear,5,Sadness,0.016571421,0.60923594,False,False,0.21647912,0.08946754,0.016571421,0.018441696,0.026604926,0.60923594,0.023199359
1700756722474-2-18-4-10-0-0,1700756722474-2-18-4-10-0-0-01,1700756722474-2-18-4-10-0,1700756722474,2,18,4,10,0,Central,/workspace/datasets/emoji-hero-vr-db-di/test_set/Anger/1700756722474-2-18-4-10-0-0,1,1700756721503,/workspace/datasets/emoji-hero-vr-db-di/test_set/Anger/1700756722474-2-18-4-10-0-0/1700756721503-2-18-4-10-0-0.jpg,0,Anger,0,Anger,0.47101852,0.47101852,True,True,0.47101852,0.24575202,0.038967352,0.038124874,0.032400552,0.1278157,0.045921057
1700756722474-2-18-4-10-0-1,1700756722474-2-18-4-10-0-1-01,1700756722474-2-18-4-10-0,1700756722474,2,18,4,10,1,Side,/workspace/datasets/emoji-hero-vr-db-di/test_set/Anger/1700756722474-2-18-4-10-0-1,1,1700756721503,/workspace/datasets/emoji-hero-vr-db-di/test_set/Anger/1700756722474-2-18-4-10-0-1/1700756721503-2-18-4-10-0-1.jpg,0,Anger,0,Anger,0.42470804,0.42470804,True,True,0.42470804,0.28892514,0.047096845,0.04021094,0.031268712,0.11491338,0.052877005
1700756725541-2-18-4-12-1-0,1700756725541-2-18-4-12-1-0-01,1700756725541-2-18-4-12-1,1700756725541,2,18,4,12,0,Central,/workspace/datasets/emoji-hero-vr-db-di/test_set/Disgust/1700756725541-2-18-4-12-1-0,1,1700756724597,/workspace/datasets/emoji-hero-vr-db-di/test_set/Disgust/1700756725541-2-18-4-12-1-0/1700756724597-2-18-4-12-1-0.jpg,1,Disgust,1,Disgust,0.23995596,0.23995596,True,True,0.22665659,0.23995596,0.09908679,0.08380746,0.18462773,0.10119916,0.0646663
1700756725541-2-18-4-12-1-1,1700756725541-2-18-4-12-1-1-01,1700756725541-2-18-4-12-1,1700756725541,2,18,4,12,1,Side,/workspace/datasets/emoji-hero-vr-db-di/test_set/Disgust/1700756725541-2-18-4-12-1-1,1,1700756724597,/workspace/datasets/emoji-hero-vr-db-di/test_set/Disgust/1700756725541-2-18-4-12-1-1/1700756724597-2-18-4-12-1-1.jpg,1,Disgust,4,Neutral,0.091817565,0.49011922,False,True,0.14051911,0.091817565,0.05930137,0.066390716,0.49011922,0.10350555,0.04834644
1700756727000-2-18-4-13-3-0,1700756727000-2-18-4-13-3-0-01,1700756727000-2-18-4-13-3,1700756727000,2,18,4,13,0,Central,/workspace/datasets/emoji-hero-vr-db-di/test_set/Happiness/1700756727000-2-18-4-13-3-0,1,1700756726364,/workspace/datasets/emoji-hero-vr-db-di/test_set/Happiness/1700756727000-2-18-4-13-3-0/1700756726364-2-18-4-13-3-0.jpg,3,Happiness,1,Disgust,0.16293514,0.24712323,False,True,0.2017148,0.24712323,0.094050765,0.16293514,0.14059095,0.08310221,0.07048287
1700756727000-2-18-4-13-3-1,1700756727000-2-18-4-13-3-1-01,1700756727000-2-18-4-13-3,1700756727000,2,18,4,13,1,Side,/workspace/datasets/emoji-hero-vr-db-di/test_set/Happiness/1700756727000-2-18-4-13-3-1,1,1700756726364,/workspace/datasets/emoji-hero-vr-db-di/test_set/Happiness/1700756727000-2-18-4-13-3-1/1700756726364-2-18-4-13-3-1.jpg,3,Happiness,1,Disgust,0.17019124,0.48441032,False,True,0.12844905,0.48441032,0.09323875,0.17019124,0.036221977,0.043195035,0.04429366
1700756728630-2-18-4-14-0-0,1700756728630-2-18-4-14-0-0-01,1700756728630-2-18-4-14-0,1700756728630,2,18,4,14,0,Central,/workspace/datasets/emoji-hero-vr-db-di/test_set/Anger/1700756728630-2-18-4-14-0-0,1,1700756728119,/workspace/datasets/emoji-hero-vr-db-di/test_set/Anger/1700756728630-2-18-4-14-0-0/1700756728119-2-18-4-14-0-0.jpg,0,Anger,0,Anger,0.62306166,0.62306166,True,True,0.62306166,0.14729765,0.023321973,0.024478441,0.022615457,0.136363,0.022861851
1700756728630-2-18-4-14-0-1,1700756728630-2-18-4-14-0-1-01,1700756728630-2-18-4-14-0,1700756728630,2,18,4,14,1,Side,/workspace/datasets/emoji-hero-vr-db-di/test_set/Anger/1700756728630-2-18-4-14-0-1,1,1700756728119,/workspace/datasets/emoji-hero-vr-db-di/test_set/Anger/1700756728630-2-18-4-14-0-1/1700756728119-2-18-4-14-0-1.jpg,0,Anger,1,Disgust,0.21889761,0.4826593,False,True,0.21889761,0.4826593,0.04246029,0.03164379,0.021117039,0.15934435,0.043877654
1700756730921-2-18-4-15-1-0,1700756730921-2-18-4-15-1-0-01,1700756730921-2-18-4-15-1,1700756730921,2,18,4,15,0,Central,/workspace/datasets/emoji-hero-vr-db-di/test_set/Disgust/1700756730921-2-18-4-15-1-0,1,1700756729897,/workspace/datasets/emoji-hero-vr-db-di/test_set/Disgust/1700756730921-2-18-4-15-1-0/1700756729897-2-18-4-15-1-0.jpg,1,Disgust,4,Neutral,0.12189085,0.3499323,False,False,0.17891313,0.12189085,0.08424817,0.09448849,0.3499323,0.10875541,0.06177158
1700756730921-2-18-4-15-1-1,1700756730921-2-18-4-15-1-1-01,1700756730921-2-18-4-15-1,1700756730921,2,18,4,15,1,Side,/workspace/datasets/emoji-hero-vr-db-di/test_set/Disgust/1700756730921-2-18-4-15-1-1,1,1700756729897,/workspace/datasets/emoji-hero-vr-db-di/test_set/Disgust/1700756730921-2-18-4-15-1-1/1700756729897-2-18-4-15-1-1.jpg,1,Disgust,4,Neutral,0.070424266,0.47018498,False,False,0.17843385,0.070424266,0.041627944,0.05358312,0.47018498,0.14429797,0.04144786
1700756736108-2-18-4-18-4-0,1700756736108-2-18-4-18-4-0-01,1700756736108-2-18-4-18-4,1700756736108,2,18,4,18,0,Central,/workspace/datasets/emoji-hero-vr-db-di/test_set/Neutral/1700756736108-2-18-4-18-4-0,1,1700756735134,/workspace/datasets/emoji-hero-vr-db-di/test_set/Neutral/1700756736108-2-18-4-18-4-0/1700756735134-2-18-4-18-4-0.jpg,4,Neutral,4,Neutral,0.5182631,0.5182631,True,True,0.12639742,0.09499824,0.05971939,0.06430952,0.5182631,0.08279081,0.053521574
1700756736108-2-18-4-18-4-1,1700756736108-2-18-4-18-4-1-01,1700756736108-2-18-4-18-4,1700756736108,2,18,4,18,1,Side,/workspace/datasets/emoji-hero-vr-db-di/test_set/Neutral/1700756736108-2-18-4-18-4-1,1,1700756735134,/workspace/datasets/emoji-hero-vr-db-di/test_set/Neutral/1700756736108-2-18-4-18-4-1/1700756735134-2-18-4-18-4-1.jpg,4,Neutral,4,Neutral,0.5615734,0.5615734,True,True,0.11393311,0.0805555,0.052423947,0.061439805,0.5615734,0.08767106,0.042403188
1700756739446-2-18-4-20-5-0,1700756739446-2-18-4-20-5-0-01,1700756739446-2-18-4-20-5,1700756739446,2,18,4,20,0,Central,/workspace/datasets/emoji-hero-vr-db-di/test_set/Sadness/1700756739446-2-18-4-20-5-0,1,1700756738642,/workspace/datasets/emoji-hero-vr-db-di/test_set/Sadness/1700756739446-2-18-4-20-5-0/1700756738642-2-18-4-20-5-0.jpg,5,Sadness,4,Neutral,0.09505058,0.5378152,False,False,0.119012326,0.0782421,0.05768154,0.06769454,0.5378152,0.09505058,0.04450373
1700756739446-2-18-4-20-5-1,1700756739446-2-18-4-20-5-1-01,1700756739446-2-18-4-20-5,1700756739446,2,18,4,20,1,Side,/workspace/datasets/emoji-hero-vr-db-di/test_set/Sadness/1700756739446-2-18-4-20-5-1,1,1700756738642,/workspace/datasets/emoji-hero-vr-db-di/test_set/Sadness/1700756739446-2-18-4-20-5-1/1700756738642-2-18-4-20-5-1.jpg,5,Sadness,4,Neutral,0.08830942,0.57684314,False,False,0.11234689,0.080366805,0.048929635,0.05263175,0.57684314,0.08830942,0.04057234
1700756740978-2-18-4-21-6-0,1700756740978-2-18-4-21-6-0-01,1700756740978-2-18-4-21-6,1700756740978,2,18,4,21,0,Central,/workspace/datasets/emoji-hero-vr-db-di/test_set/Surprise/1700756740978-2-18-4-21-6-0,1,1700756740398,/workspace/datasets/emoji-hero-vr-db-di/test_set/Surprise/1700756740978-2-18-4-21-6-0/1700756740398-2-18-4-21-6-0.jpg,6,Surprise,4,Neutral,0.046538465,0.54766285,False,True,0.11898903,0.0859202,0.056008928,0.05713928,0.54766285,0.08774124,0.046538465
1700756740978-2-18-4-21-6-1,1700756740978-2-18-4-21-6-1-01,1700756740978-2-18-4-21-6,1700756740978,2,18,4,21,1,Side,/workspace/datasets/emoji-hero-vr-db-di/test_set/Surprise/1700756740978-2-18-4-21-6-1,1,1700756740398,/workspace/datasets/emoji-hero-vr-db-di/test_set/Surprise/1700756740978-2-18-4-21-6-1/1700756740398-2-18-4-21-6-1.jpg,6,Surprise,6,Surprise,0.9388626,0.9388626,True,True,0.0020900085,0.0040774494,0.042939365,0.0022840821,0.0052723163,0.0044740955,0.9388626
1700756743678-2-18-4-22-0-0,1700756743678-2-18-4-22-0-0-01,1700756743678-2-18-4-22-0,1700756743678,2,18,4,22,0,Central,/workspace/datasets/emoji-hero-vr-db-di/test_set/Anger/1700756743678-2-18-4-22-0-0,1,1700756742702,/workspace/datasets/emoji-hero-vr-db-di/test_set/Anger/1700756743678-2-18-4-22-0-0/1700756742702-2-18-4-22-0-0.jpg,0,Anger,0,Anger,0.72360474,0.72360474,True,True,0.72360474,0.08771859,0.01565753,0.020536084,0.020850604,0.11617125,0.015461232
1700756743678-2-18-4-22-0-1,1700756743678-2-18-4-22-0-1-01,1700756743678-2-18-4-22-0,1700756743678,2,18,4,22,1,Side,/workspace/datasets/emoji-hero-vr-db-di/test_set/Anger/1700756743678-2-18-4-22-0-1,1,1700756742702,/workspace/datasets/emoji-hero-vr-db-di/test_set/Anger/1700756743678-2-18-4-22-0-1/1700756742702-2-18-4-22-0-1.jpg,0,Anger,1,Disgust,0.17403917,0.40288714,False,True,0.17403917,0.40288714,0.043563023,0.030400453,0.03263037,0.25555855,0.06092124
1700756746478-2-18-4-24-3-0,1700756746478-2-18-4-24-3-0-01,1700756746478-2-18-4-24-3,1700756746478,2,18,4,24,0,Central,/workspace/datasets/emoji-hero-vr-db-di/test_set/Happiness/1700756746478-2-18-4-24-3-0,1,1700756745674,/workspace/datasets/emoji-hero-vr-db-di/test_set/Happiness/1700756746478-2-18-4-24-3-0/1700756745674-2-18-4-24-3-0.jpg,3,Happiness,4,Neutral,0.06895414,0.5284799,False,True,0.121623665,0.08057136,0.060818586,0.06895414,0.5284799,0.096633166,0.04291911
1700756746478-2-18-4-24-3-1,1700756746478-2-18-4-24-3-1-01,1700756746478-2-18-4-24-3,1700756746478,2,18,4,24,1,Side,/workspace/datasets/emoji-hero-vr-db-di/test_set/Happiness/1700756746478-2-18-4-24-3-1,1,1700756745674,/workspace/datasets/emoji-hero-vr-db-di/test_set/Happiness/1700756746478-2-18-4-24-3-1/1700756745674-2-18-4-24-3-1.jpg,3,Happiness,4,Neutral,0.06969496,0.55750614,False,True,0.11132174,0.07863116,0.05753839,0.06969496,0.55750614,0.081472464,0.043835163
1700756752506-2-18-4-27-6-0,1700756752506-2-18-4-27-6-0-01,1700756752506-2-18-4-27-6,1700756752506,2,18,4,27,0,Central,/workspace/datasets/emoji-hero-vr-db-di/test_set/Surprise/1700756752506-2-18-4-27-6-0,1,1700756751545,/workspace/datasets/emoji-hero-vr-db-di/test_set/Surprise/1700756752506-2-18-4-27-6-0/1700756751545-2-18-4-27-6-0.jpg,6,Surprise,4,Neutral,0.043647908,0.52189255,False,True,0.122652456,0.087307096,0.0632315,0.07701645,0.52189255,0.08425207,0.043647908
1700756752506-2-18-4-27-6-1,1700756752506-2-18-4-27-6-1-01,1700756752506-2-18-4-27-6,1700756752506,2,18,4,27,1,Side,/workspace/datasets/emoji-hero-vr-db-di/test_set/Surprise/1700756752506-2-18-4-27-6-1,1,1700756751545,/workspace/datasets/emoji-hero-vr-db-di/test_set/Surprise/1700756752506-2-18-4-27-6-1/1700756751545-2-18-4-27-6-1.jpg,6,Surprise,0,Anger,0.050242845,0.35413638,False,True,0.35413638,0.14113024,0.06375291,0.10694983,0.19748223,0.08630562,0.050242845
1701085397170-2-23-1-1-5-0,1701085397170-2-23-1-1-5-0-01,1701085397170-2-23-1-1-5,1701085397170,2,23,1,1,0,Central,/workspace/datasets/emoji-hero-vr-db-di/test_set/Sadness/1701085397170-2-23-1-1-5-0,1,1701085396213,/workspace/datasets/emoji-hero-vr-db-di/test_set/Sadness/1701085397170-2-23-1-1-5-0/1701085396213-2-23-1-1-5-0.jpg,5,Sadness,5,Sadness,0.8209596,0.8209596,True,True,0.07026179,0.050752047,0.009914219,0.009477416,0.02491314,0.8209596,0.013721665
1701085397170-2-23-1-1-5-1,1701085397170-2-23-1-1-5-1-01,1701085397170-2-23-1-1-5,1701085397170,2,23,1,1,1,Side,/workspace/datasets/emoji-hero-vr-db-di/test_set/Sadness/1701085397170-2-23-1-1-5-1,1,1701085396213,/workspace/datasets/emoji-hero-vr-db-di/test_set/Sadness/1701085397170-2-23-1-1-5-1/1701085396213-2-23-1-1-5-1.jpg,5,Sadness,5,Sadness,0.80567765,0.80567765,True,True,0.083100095,0.04716163,0.010547395,0.011333479,0.029020768,0.80567765,0.013159014
1701085399209-2-23-1-2-3-0,1701085399209-2-23-1-2-3-0-01,1701085399209-2-23-1-2-3,1701085399209,2,23,1,2,0,Central,/workspace/datasets/emoji-hero-vr-db-di/test_set/Happiness/1701085399209-2-23-1-2-3-0,1,1701085398312,/workspace/datasets/emoji-hero-vr-db-di/test_set/Happiness/1701085399209-2-23-1-2-3-0/1701085398312-2-23-1-2-3-0.jpg,3,Happiness,3,Happiness,0.77762294,0.77762294,True,True,0.06348275,0.026380612,0.03814137,0.77762294,0.056309793,0.018192979,0.019869572
1701085399209-2-23-1-2-3-1,1701085399209-2-23-1-2-3-1-01,1701085399209-2-23-1-2-3,1701085399209,2,23,1,2,1,Side,/workspace/datasets/emoji-hero-vr-db-di/test_set/Happiness/1701085399209-2-23-1-2-3-1,1,1701085398312,/workspace/datasets/emoji-hero-vr-db-di/test_set/Happiness/1701085399209-2-23-1-2-3-1/1701085398312-2-23-1-2-3-1.jpg,3,Happiness,3,Happiness,0.64257896,0.64257896,True,True,0.07107811,0.036710992,0.06606462,0.64257896,0.13088866,0.022119233,0.030559458
1701085406198-2-23-1-5-5-0,1701085406198-2-23-1-5-5-0-01,1701085406198-2-23-1-5-5,1701085406198,2,23,1,5,0,Central,/workspace/datasets/emoji-hero-vr-db-di/test_set/Sadness/1701085406198-2-23-1-5-5-0,1,1701085405228,/workspace/datasets/emoji-hero-vr-db-di/test_set/Sadness/1701085406198-2-23-1-5-5-0/1701085405228-2-23-1-5-5-0.jpg,5,Sadness,0,Anger,0.16728264,0.5322555,False,True,0.5322555,0.093888156,0.039901696,0.06296737,0.06801811,0.16728264,0.035686567
1701085406198-2-23-1-5-5-1,1701085406198-2-23-1-5-5-1-01,1701085406198-2-23-1-5-5,1701085406198,2,23,1,5,1,Side,/workspace/datasets/emoji-hero-vr-db-di/test_set/Sadness/1701085406198-2-23-1-5-5-1,1,1701085405228,/workspace/datasets/emoji-hero-vr-db-di/test_set/Sadness/1701085406198-2-23-1-5-5-1/1701085405228-2-23-1-5-5-1.jpg,5,Sadness,4,Neutral,0.1517272,0.50668705,False,True,0.13322285,0.07796894,0.0481896,0.04980564,0.50668705,0.1517272,0.032398663
1701085409026-2-23-1-6-3-0,1701085409026-2-23-1-6-3-0-01,1701085409026-2-23-1-6-3,1701085409026,2,23,1,6,0,Central,/workspace/datasets/emoji-hero-vr-db-di/test_set/Happiness/1701085409026-2-23-1-6-3-0,1,1701085408049,/workspace/datasets/emoji-hero-vr-db-di/test_set/Happiness/1701085409026-2-23-1-6-3-0/1701085408049-2-23-1-6-3-0.jpg,3,Happiness,0,Anger,0.23780069,0.48652732,False,True,0.48652732,0.054428503,0.042204075,0.23780069,0.07008833,0.07335313,0.035597924
1701085409026-2-23-1-6-3-1,1701085409026-2-23-1-6-3-1-01,1701085409026-2-23-1-6-3,1701085409026,2,23,1,6,1,Side,/workspace/datasets/emoji-hero-vr-db-di/test_set/Happiness/1701085409026-2-23-1-6-3-1,1,1701085408049,/workspace/datasets/emoji-hero-vr-db-di/test_set/Happiness/1701085409026-2-23-1-6-3-1/1701085408049-2-23-1-6-3-1.jpg,3,Happiness,3,Happiness,0.91871035,0.91871035,True,True,0.014181124,0.011353433,0.017532464,0.91871035,0.024408037,0.007449374,0.006365274
1701085411341-2-23-1-7-5-0,1701085411341-2-23-1-7-5-0-01,1701085411341-2-23-1-7-5,1701085411341,2,23,1,7,0,Central,/workspace/datasets/emoji-hero-vr-db-di/test_set/Sadness/1701085411341-2-23-1-7-5-0,1,1701085410347,/workspace/datasets/emoji-hero-vr-db-di/test_set/Sadness/1701085411341-2-23-1-7-5-0/1701085410347-2-23-1-7-5-0.jpg,5,Sadness,4,Neutral,0.12749039,0.28331876,False,False,0.27319214,0.08979278,0.064932235,0.11465182,0.28331876,0.12749039,0.046621863
1701085411341-2-23-1-7-5-1,1701085411341-2-23-1-7-5-1-01,1701085411341-2-23-1-7-5,1701085411341,2,23,1,7,1,Side,/workspace/datasets/emoji-hero-vr-db-di/test_set/Sadness/1701085411341-2-23-1-7-5-1,1,1701085410347,/workspace/datasets/emoji-hero-vr-db-di/test_set/Sadness/1701085411341-2-23-1-7-5-1/1701085410347-2-23-1-7-5-1.jpg,5,Sadness,3,Happiness,0.029644586,0.6733119,False,True,0.071964234,0.03054103,0.049504295,0.6733119,0.11621921,0.029644586,0.028814832
1701085482708-2-23-2-0-4-0,1701085482708-2-23-2-0-4-0-01,1701085482708-2-23-2-0-4,1701085482708,2,23,2,0,0,Central,/workspace/datasets/emoji-hero-vr-db-di/test_set/Neutral/1701085482708-2-23-2-0-4-0,1,1701085482025,/workspace/datasets/emoji-hero-vr-db-di/test_set/Neutral/1701085482708-2-23-2-0-4-0/1701085482025-2-23-2-0-4-0.jpg,4,Neutral,4,Neutral,0.31254196,0.31254196,True,True,0.26453084,0.080675416,0.053851396,0.08415929,0.31254196,0.16316107,0.04108
1701085482708-2-23-2-0-4-1,1701085482708-2-23-2-0-4-1-01,1701085482708-2-23-2-0-4,1701085482708,2,23,2,0,1,Side,/workspace/datasets/emoji-hero-vr-db-di/test_set/Neutral/1701085482708-2-23-2-0-4-1,1,1701085482025,/workspace/datasets/emoji-hero-vr-db-di/test_set/Neutral/1701085482708-2-23-2-0-4-1/1701085482025-2-23-2-0-4-1.jpg,4,Neutral,4,Neutral,0.49202043,0.49202043,True,True,0.13277628,0.09863501,0.062453877,0.0688864,0.49202043,0.094474316,0.050753716
1701085488586-2-23-2-2-6-0,1701085488586-2-23-2-2-6-0-01,1701085488586-2-23-2-2-6,1701085488586,2,23,2,2,0,Central,/workspace/datasets/emoji-hero-vr-db-di/test_set/Surprise/1701085488586-2-23-2-2-6-0,1,1701085487678,/workspace/datasets/emoji-hero-vr-db-di/test_set/Surprise/1701085488586-2-23-2-2-6-0/1701085487678-2-23-2-2-6-0.jpg,6,Surprise,0,Anger,0.046125907,0.48097035,False,True,0.48097035,0.10357128,0.053290375,0.09032021,0.10876598,0.116955765,0.046125907
1701085488586-2-23-2-2-6-1,1701085488586-2-23-2-2-6-1-01,1701085488586-2-23-2-2-6,1701085488586,2,23,2,2,1,Side,/workspace/datasets/emoji-hero-vr-db-di/test_set/Surprise/1701085488586-2-23-2-2-6-1,1,1701085487678,/workspace/datasets/emoji-hero-vr-db-di/test_set/Surprise/1701085488586-2-23-2-2-6-1/1701085487678-2-23-2-2-6-1.jpg,6,Surprise,4,Neutral,0.050160486,0.5140283,False,True,0.12621869,0.09371346,0.0613813,0.063736476,0.5140283,0.09076129,0.050160486
1701085490489-2-23-2-3-2-0,1701085490489-2-23-2-3-2-0-01,1701085490489-2-23-2-3-2,1701085490489,2,23,2,3,0,Central,/workspace/datasets/emoji-hero-vr-db-di/test_set/Fear/1701085490489-2-23-2-3-2-0,1,1701085489550,/workspace/datasets/emoji-hero-vr-db-di/test_set/Fear/1701085490489-2-23-2-3-2-0/1701085489550-2-23-2-3-2-0.jpg,2,Fear,4,Neutral,0.05692663,0.4992148,False,False,0.14175104,0.08101026,0.05692663,0.06288979,0.4992148,0.12121696,0.036990467
1701085490489-2-23-2-3-2-1,1701085490489-2-23-2-3-2-1-01,1701085490489-2-23-2-3-2,1701085490489,2,23,2,3,1,Side,/workspace/datasets/emoji-hero-vr-db-di/test_set/Fear/1701085490489-2-23-2-3-2-1,1,1701085489550,/workspace/datasets/emoji-hero-vr-db-di/test_set/Fear/1701085490489-2-23-2-3-2-1/1701085489550-2-23-2-3-2-1.jpg,2,Fear,4,Neutral,0.060070116,0.5050336,False,True,0.1313612,0.09600268,0.060070116,0.06381897,0.5050336,0.09489938,0.04881404
1701085495679-2-23-2-5-1-0,1701085495679-2-23-2-5-1-0-01,1701085495679-2-23-2-5-1,1701085495679,2,23,2,5,0,Central,/workspace/datasets/emoji-hero-vr-db-di/test_set/Disgust/1701085495679-2-23-2-5-1-0,1,1701085494712,/workspace/datasets/emoji-hero-vr-db-di/test_set/Disgust/1701085495679-2-23-2-5-1-0/1701085494712-2-23-2-5-1-0.jpg,1,Disgust,3,Happiness,0.021900468,0.8911276,False,False,0.018688848,0.021900468,0.021370893,0.8911276,0.028244356,0.010851482,0.007816425
1701085495679-2-23-2-5-1-1,1701085495679-2-23-2-5-1-1-01,1701085495679-2-23-2-5-1,1701085495679,2,23,2,5,1,Side,/workspace/datasets/emoji-hero-vr-db-di/test_set/Disgust/1701085495679-2-23-2-5-1-1,1,1701085494712,/workspace/datasets/emoji-hero-vr-db-di/test_set/Disgust/1701085495679-2-23-2-5-1-1/1701085494712-2-23-2-5-1-1.jpg,1,Disgust,3,Happiness,0.014778237,0.92381644,False,False,0.012883982,0.014778237,0.01528429,0.92381644,0.020761276,0.007491677,0.004984058
1701085500311-2-23-2-7-4-0,1701085500311-2-23-2-7-4-0-01,1701085500311-2-23-2-7-4,1701085500311,2,23,2,7,0,Central,/workspace/datasets/emoji-hero-vr-db-di/test_set/Neutral/1701085500311-2-23-2-7-4-0,1,1701085499632,/workspace/datasets/emoji-hero-vr-db-di/test_set/Neutral/1701085500311-2-23-2-7-4-0/1701085499632-2-23-2-7-4-0.jpg,4,Neutral,3,Happiness,0.033318497,0.87585694,False,False,0.020085093,0.022133538,0.027601158,0.87585694,0.033318497,0.010435654,0.010569164
1701085500311-2-23-2-7-4-1,1701085500311-2-23-2-7-4-1-01,1701085500311-2-23-2-7-4,1701085500311,2,23,2,7,1,Side,/workspace/datasets/emoji-hero-vr-db-di/test_set/Neutral/1701085500311-2-23-2-7-4-1,1,1701085499632,/workspace/datasets/emoji-hero-vr-db-di/test_set/Neutral/1701085500311-2-23-2-7-4-1/1701085499632-2-23-2-7-4-1.jpg,4,Neutral,3,Happiness,0.028595079,0.895882,False,True,0.016497044,0.018375061,0.022825368,0.895882,0.028595079,0.009427937,0.008397432
1701085503372-2-23-2-8-6-0,1701085503372-2-23-2-8-6-0-01,1701085503372-2-23-2-8-6,1701085503372,2,23,2,8,0,Central,/workspace/datasets/emoji-hero-vr-db-di/test_set/Surprise/1701085503372-2-23-2-8-6-0,1,1701085502411,/workspace/datasets/emoji-hero-vr-db-di/test_set/Surprise/1701085503372-2-23-2-8-6-0/1701085502411-2-23-2-8-6-0.jpg,6,Surprise,4,Neutral,0.04719261,0.38672096,False,True,0.1921891,0.081524186,0.06698018,0.09874917,0.38672096,0.12664379,0.04719261
1701085503372-2-23-2-8-6-1,1701085503372-2-23-2-8-6-1-01,1701085503372-2-23-2-8-6,1701085503372,2,23,2,8,1,Side,/workspace/datasets/emoji-hero-vr-db-di/test_set/Surprise/1701085503372-2-23-2-8-6-1,1,1701085502411,/workspace/datasets/emoji-hero-vr-db-di/test_set/Surprise/1701085503372-2-23-2-8-6-1/1701085502411-2-23-2-8-6-1.jpg,6,Surprise,4,Neutral,0.053910818,0.44927973,False,True,0.13254197,0.07877621,0.06997788,0.1355702,0.44927973,0.0799432,0.053910818
1701085508188-2-23-2-10-2-0,1701085508188-2-23-2-10-2-0-01,1701085508188-2-23-2-10-2,1701085508188,2,23,2,10,0,Central,/workspace/datasets/emoji-hero-vr-db-di/test_set/Fear/1701085508188-2-23-2-10-2-0,1,1701085507214,/workspace/datasets/emoji-hero-vr-db-di/test_set/Fear/1701085508188-2-23-2-10-2-0/1701085507214-2-23-2-10-2-0.jpg,2,Fear,3,Happiness,0.025350459,0.87970024,False,False,0.019236205,0.019019105,0.025350459,0.87970024,0.03536043,0.0109702395,0.01036334
1701085508188-2-23-2-10-2-1,1701085508188-2-23-2-10-2-1-01,1701085508188-2-23-2-10-2,1701085508188,2,23,2,10,1,Side,/workspace/datasets/emoji-hero-vr-db-di/test_set/Fear/1701085508188-2-23-2-10-2-1,1,1701085507214,/workspace/datasets/emoji-hero-vr-db-di/test_set/Fear/1701085508188-2-23-2-10-2-1/1701085507214-2-23-2-10-2-1.jpg,2,Fear,3,Happiness,0.040863954,0.833568,False,False,0.024420833,0.028079236,0.040863954,0.833568,0.042582028,0.013438263,0.017047733
1701085510979-2-23-2-11-4-0,1701085510979-2-23-2-11-4-0-01,1701085510979-2-23-2-11-4,1701085510979,2,23,2,11,0,Central,/workspace/datasets/emoji-hero-vr-db-di/test_set/Neutral/1701085510979-2-23-2-11-4-0,1,1701085510012,/workspace/datasets/emoji-hero-vr-db-di/test_set/Neutral/1701085510979-2-23-2-11-4-0/1701085510012-2-23-2-11-4-0.jpg,4,Neutral,1,Disgust,0.10861554,0.32991955,False,False,0.12735912,0.32991955,0.20694813,0.09937097,0.10861554,0.07006204,0.05772464
1701085510979-2-23-2-11-4-1,1701085510979-2-23-2-11-4-1-01,1701085510979-2-23-2-11-4,1701085510979,2,23,2,11,1,Side,/workspace/datasets/emoji-hero-vr-db-di/test_set/Neutral/1701085510979-2-23-2-11-4-1,1,1701085510012,/workspace/datasets/emoji-hero-vr-db-di/test_set/Neutral/1701085510979-2-23-2-11-4-1/1701085510012-2-23-2-11-4-1.jpg,4,Neutral,3,Happiness,0.30694056,0.34372932,False,True,0.12006101,0.06016401,0.07082188,0.34372932,0.30694056,0.04845356,0.049829658
1701085605407-2-23-3-1-1-0,1701085605407-2-23-3-1-1-0-01,1701085605407-2-23-3-1-1,1701085605407,2,23,3,1,0,Central,/workspace/datasets/emoji-hero-vr-db-di/test_set/Disgust/1701085605407-2-23-3-1-1-0,1,1701085604444,/workspace/datasets/emoji-hero-vr-db-di/test_set/Disgust/1701085605407-2-23-3-1-1-0/1701085604444-2-23-3-1-1-0.jpg,1,Disgust,4,Neutral,0.08994451,0.4223396,False,True,0.16325988,0.08994451,0.07779023,0.10603761,0.4223396,0.094091944,0.04653623
1701085605407-2-23-3-1-1-1,1701085605407-2-23-3-1-1-1-01,1701085605407-2-23-3-1-1,1701085605407,2,23,3,1,1,Side,/workspace/datasets/emoji-hero-vr-db-di/test_set/Disgust/1701085605407-2-23-3-1-1-1,1,1701085604444,/workspace/datasets/emoji-hero-vr-db-di/test_set/Disgust/1701085605407-2-23-3-1-1-1/1701085604444-2-23-3-1-1-1.jpg,1,Disgust,2,Fear,0.27272525,0.3586295,False,False,0.07517504,0.27272525,0.3586295,0.081946515,0.06885972,0.05949152,0.08317247
1701085606801-2-23-3-2-0-0,1701085606801-2-23-3-2-0-0-01,1701085606801-2-23-3-2-0,1701085606801,2,23,3,2,0,Central,/workspace/datasets/emoji-hero-vr-db-di/test_set/Anger/1701085606801-2-23-3-2-0-0,1,1701085606075,/workspace/datasets/emoji-hero-vr-db-di/test_set/Anger/1701085606801-2-23-3-2-0-0/1701085606075-2-23-3-2-0-0.jpg,0,Anger,1,Disgust,0.15932871,0.57597744,False,True,0.15932871,0.57597744,0.07454328,0.03922613,0.023029726,0.09194017,0.035954535
1701085606801-2-23-3-2-0-1,1701085606801-2-23-3-2-0-1-01,1701085606801-2-23-3-2-0,1701085606801,2,23,3,2,1,Side,/workspace/datasets/emoji-hero-vr-db-di/test_set/Anger/1701085606801-2-23-3-2-0-1,1,1701085606075,/workspace/datasets/emoji-hero-vr-db-di/test_set/Anger/1701085606801-2-23-3-2-0-1/1701085606075-2-23-3-2-0-1.jpg,0,Anger,0,Anger,0.408377,0.408377,True,False,0.408377,0.21014448,0.07633889,0.153982,0.04495093,0.06995545,0.03625131
1701085609204-2-23-3-3-6-0,1701085609204-2-23-3-3-6-0-01,1701085609204-2-23-3-3-6,1701085609204,2,23,3,3,0,Central,/workspace/datasets/emoji-hero-vr-db-di/test_set/Surprise/1701085609204-2-23-3-3-6-0,1,1701085608242,/workspace/datasets/emoji-hero-vr-db-di/test_set/Surprise/1701085609204-2-23-3-3-6-0/1701085608242-2-23-3-3-6-0.jpg,6,Surprise,3,Happiness,0.03238954,0.54153323,False,True,0.22215527,0.03391376,0.045048274,0.54153323,0.07886992,0.04609006,0.03238954
1701085609204-2-23-3-3-6-1,1701085609204-2-23-3-3-6-1-01,1701085609204-2-23-3-3-6,1701085609204,2,23,3,3,1,Side,/workspace/datasets/emoji-hero-vr-db-di/test_set/Surprise/1701085609204-2-23-3-3-6-1,1,1701085608242,/workspace/datasets/emoji-hero-vr-db-di/test_set/Surprise/1701085609204-2-23-3-3-6-1/1701085608242-2-23-3-3-6-1.jpg,6,Surprise,3,Happiness,0.006228117,0.9202309,False,True,0.013092677,0.011859553,0.018013887,0.9202309,0.023339225,0.0072356192,0.006228117
1701085611540-2-23-3-4-3-0,1701085611540-2-23-3-4-3-0-01,1701085611540-2-23-3-4-3,1701085611540,2,23,3,4,0,Central,/workspace/datasets/emoji-hero-vr-db-di/test_set/Happiness/1701085611540-2-23-3-4-3-0,1,1701085610583,/workspace/datasets/emoji-hero-vr-db-di/test_set/Happiness/1701085611540-2-23-3-4-3-0/1701085610583-2-23-3-4-3-0.jpg,3,Happiness,3,Happiness,0.86191523,0.86191523,True,True,0.043930996,0.0136823105,0.02698792,0.86191523,0.02808066,0.010999856,0.014403045
1701085611540-2-23-3-4-3-1,1701085611540-2-23-3-4-3-1-01,1701085611540-2-23-3-4-3,1701085611540,2,23,3,4,1,Side,/workspace/datasets/emoji-hero-vr-db-di/test_set/Happiness/1701085611540-2-23-3-4-3-1,1,1701085610583,/workspace/datasets/emoji-hero-vr-db-di/test_set/Happiness/1701085611540-2-23-3-4-3-1/1701085610583-2-23-3-4-3-1.jpg,3,Happiness,3,Happiness,0.9400925,0.9400925,True,True,0.009429095,0.009972505,0.013052931,0.9400925,0.017701412,0.005419308,0.0043321443
1701085612711-2-23-3-5-2-0,1701085612711-2-23-3-5-2-0-01,1701085612711-2-23-3-5-2,1701085612711,2,23,3,5,0,Central,/workspace/datasets/emoji-hero-vr-db-di/test_set/Fear/1701085612711-2-23-3-5-2-0,1,1701085612077,/workspace/datasets/emoji-hero-vr-db-di/test_set/Fear/1701085612711-2-23-3-5-2-0/1701085612077-2-23-3-5-2-0.jpg,2,Fear,3,Happiness,0.030537343,0.8423389,False,False,0.038965523,0.01828222,0.030537343,0.8423389,0.04061327,0.0136726005,0.015590153
1701085612711-2-23-3-5-2-1,1701085612711-2-23-3-5-2-1-01,1701085612711-2-23-3-5-2,1701085612711,2,23,3,5,1,Side,/workspace/datasets/emoji-hero-vr-db-di/test_set/Fear/1701085612711-2-23-3-5-2-1,1,1701085612077,/workspace/datasets/emoji-hero-vr-db-di/test_set/Fear/1701085612711-2-23-3-5-2-1/1701085612077-2-23-3-5-2-1.jpg,2,Fear,3,Happiness,0.015237755,0.9271016,False,False,0.011828145,0.012240104,0.015237755,0.9271016,0.021326791,0.006749778,0.0055158106
1701085617891-2-23-3-7-5-0,1701085617891-2-23-3-7-5-0-01,1701085617891-2-23-3-7-5,1701085617891,2,23,3,7,0,Central,/workspace/datasets/emoji-hero-vr-db-di/test_set/Sadness/1701085617891-2-23-3-7-5-0,1,1701085616904,/workspace/datasets/emoji-hero-vr-db-di/test_set/Sadness/1701085617891-2-23-3-7-5-0/1701085616904-2-23-3-7-5-0.jpg,5,Sadness,5,Sadness,0.7105842,0.7105842,True,True,0.11363172,0.075441346,0.019078635,0.01814009,0.039178777,0.7105842,0.023945257
1701085617891-2-23-3-7-5-1,1701085617891-2-23-3-7-5-1-01,1701085617891-2-23-3-7-5,1701085617891,2,23,3,7,1,Side,/workspace/datasets/emoji-hero-vr-db-di/test_set/Sadness/1701085617891-2-23-3-7-5-1,1,1701085616904,/workspace/datasets/emoji-hero-vr-db-di/test_set/Sadness/1701085617891-2-23-3-7-5-1/1701085616904-2-23-3-7-5-1.jpg,5,Sadness,5,Sadness,0.49765664,0.49765664,True,True,0.30227166,0.08570838,0.024206033,0.028064063,0.039185714,0.49765664,0.022907536
1701085619479-2-23-3-8-0-0,1701085619479-2-23-3-8-0-0-01,1701085619479-2-23-3-8-0,1701085619479,2,23,3,8,0,Central,/workspace/datasets/emoji-hero-vr-db-di/test_set/Anger/1701085619479-2-23-3-8-0-0,1,1701085618502,/workspace/datasets/emoji-hero-vr-db-di/test_set/Anger/1701085619479-2-23-3-8-0-0/1701085618502-2-23-3-8-0-0.jpg,0,Anger,5,Sadness,0.15255189,0.6250236,False,True,0.15255189,0.10677209,0.025300387,0.0213431,0.03589358,0.6250236,0.033115458
1701085619479-2-23-3-8-0-1,1701085619479-2-23-3-8-0-1-01,1701085619479-2-23-3-8-0,1701085619479,2,23,3,8,1,Side,/workspace/datasets/emoji-hero-vr-db-di/test_set/Anger/1701085619479-2-23-3-8-0-1,1,1701085618502,/workspace/datasets/emoji-hero-vr-db-di/test_set/Anger/1701085619479-2-23-3-8-0-1/1701085618502-2-23-3-8-0-1.jpg,0,Anger,4,Neutral,0.1293363,0.4997446,False,True,0.1293363,0.08044747,0.06302409,0.086553864,0.4997446,0.09497476,0.045918904
1701085621175-2-23-3-9-1-0,1701085621175-2-23-3-9-1-0-01,1701085621175-2-23-3-9-1,1701085621175,2,23,3,9,0,Central,/workspace/datasets/emoji-hero-vr-db-di/test_set/Disgust/1701085621175-2-23-3-9-1-0,1,1701085620203,/workspace/datasets/emoji-hero-vr-db-di/test_set/Disgust/1701085621175-2-23-3-9-1-0/1701085620203-2-23-3-9-1-0.jpg,1,Disgust,3,Happiness,0.00932408,0.9444279,False,True,0.008892361,0.00932408,0.012043717,0.9444279,0.01649618,0.0052031884,0.0036125535
1701085621175-2-23-3-9-1-1,1701085621175-2-23-3-9-1-1-01,1701085621175-2-23-3-9-1,1701085621175,2,23,3,9,1,Side,/workspace/datasets/emoji-hero-vr-db-di/test_set/Disgust/1701085621175-2-23-3-9-1-1,1,1701085620203,/workspace/datasets/emoji-hero-vr-db-di/test_set/Disgust/1701085621175-2-23-3-9-1-1/1701085620203-2-23-3-9-1-1.jpg,1,Disgust,3,Happiness,0.010687472,0.9428756,False,True,0.009389897,0.010687472,0.011801444,0.9428756,0.016289644,0.005433315,0.0035226555
1701085622872-2-23-3-10-0-0,1701085622872-2-23-3-10-0-0-01,1701085622872-2-23-3-10-0,1701085622872,2,23,3,10,0,Central,/workspace/datasets/emoji-hero-vr-db-di/test_set/Anger/1701085622872-2-23-3-10-0-0,1,1701085622137,/workspace/datasets/emoji-hero-vr-db-di/test_set/Anger/1701085622872-2-23-3-10-0-0/1701085622137-2-23-3-10-0-0.jpg,0,Anger,1,Disgust,0.16675092,0.5814289,False,True,0.16675092,0.5814289,0.08441952,0.052937478,0.025178716,0.0514295,0.037855078
1701085622872-2-23-3-10-0-1,1701085622872-2-23-3-10-0-1-01,1701085622872-2-23-3-10-0,1701085622872,2,23,3,10,1,Side,/workspace/datasets/emoji-hero-vr-db-di/test_set/Anger/1701085622872-2-23-3-10-0-1,1,1701085622137,/workspace/datasets/emoji-hero-vr-db-di/test_set/Anger/1701085622872-2-23-3-10-0-1/1701085622137-2-23-3-10-0-1.jpg,0,Anger,1,Disgust,0.1373336,0.3866452,False,True,0.1373336,0.3866452,0.12753376,0.24104275,0.04130581,0.036173947,0.029964915
1701085625896-2-23-3-11-3-0,1701085625896-2-23-3-11-3-0-01,1701085625896-2-23-3-11-3,1701085625896,2,23,3,11,0,Central,/workspace/datasets/emoji-hero-vr-db-di/test_set/Happiness/1701085625896-2-23-3-11-3-0,1,1701085624907,/workspace/datasets/emoji-hero-vr-db-di/test_set/Happiness/1701085625896-2-23-3-11-3-0/1701085624907-2-23-3-11-3-0.jpg,3,Happiness,3,Happiness,0.93937504,0.93937504,True,True,0.009856149,0.010770188,0.012548075,0.93937504,0.017781846,0.005872816,0.0037958238
1701085625896-2-23-3-11-3-1,1701085625896-2-23-3-11-3-1-01,1701085625896-2-23-3-11-3,1701085625896,2,23,3,11,1,Side,/workspace/datasets/emoji-hero-vr-db-di/test_set/Happiness/1701085625896-2-23-3-11-3-1,1,1701085624907,/workspace/datasets/emoji-hero-vr-db-di/test_set/Happiness/1701085625896-2-23-3-11-3-1/1701085624907-2-23-3-11-3-1.jpg,3,Happiness,3,Happiness,0.94407177,0.94407177,True,True,0.009386959,0.01069455,0.011119407,0.94407177,0.015796157,0.005780193,0.0031510016
1701085629667-2-23-3-13-6-0,1701085629667-2-23-3-13-6-0-01,1701085629667-2-23-3-13-6,1701085629667,2,23,3,13,0,Central,/workspace/datasets/emoji-hero-vr-db-di/test_set/Surprise/1701085629667-2-23-3-13-6-0,1,1701085628708,/workspace/datasets/emoji-hero-vr-db-di/test_set/Surprise/1701085629667-2-23-3-13-6-0/1701085628708-2-23-3-13-6-0.jpg,6,Surprise,0,Anger,0.03546592,0.44431877,False,False,0.44431877,0.18329953,0.055584095,0.050951917,0.066459246,0.16392052,0.03546592
1701085629667-2-23-3-13-6-1,1701085629667-2-23-3-13-6-1-01,1701085629667-2-23-3-13-6,1701085629667,2,23,3,13,1,Side,/workspace/datasets/emoji-hero-vr-db-di/test_set/Surprise/1701085629667-2-23-3-13-6-1,1,1701085628708,/workspace/datasets/emoji-hero-vr-db-di/test_set/Surprise/1701085629667-2-23-3-13-6-1/1701085628708-2-23-3-13-6-1.jpg,6,Surprise,4,Neutral,0.049959514,0.5097712,False,False,0.12715392,0.09094777,0.06106492,0.07149796,0.5097712,0.089604706,0.049959514
1701085630752-2-23-3-14-4-0,1701085630752-2-23-3-14-4-0-01,1701085630752-2-23-3-14-4,1701085630752,2,23,3,14,0,Central,/workspace/datasets/emoji-hero-vr-db-di/test_set/Neutral/1701085630752-2-23-3-14-4-0,1,1701085630143,/workspace/datasets/emoji-hero-vr-db-di/test_set/Neutral/1701085630752-2-23-3-14-4-0/1701085630143-2-23-3-14-4-0.jpg,4,Neutral,0,Anger,0.060149923,0.5249045,False,False,0.5249045,0.1212422,0.04884284,0.09040323,0.060149923,0.11428291,0.04017439
1701085630752-2-23-3-14-4-1,1701085630752-2-23-3-14-4-1-01,1701085630752-2-23-3-14-4,1701085630752,2,23,3,14,1,Side,/workspace/datasets/emoji-hero-vr-db-di/test_set/Neutral/1701085630752-2-23-3-14-4-1,1,1701085630143,/workspace/datasets/emoji-hero-vr-db-di/test_set/Neutral/1701085630752-2-23-3-14-4-1/1701085630143-2-23-3-14-4-1.jpg,4,Neutral,2,Fear,0.13943498,0.27341765,False,True,0.114812635,0.2028224,0.27341765,0.14250645,0.13943498,0.065013304,0.061992545
1701085633973-2-23-3-15-5-0,1701085633973-2-23-3-15-5-0-01,1701085633973-2-23-3-15-5,1701085633973,2,23,3,15,0,Central,/workspace/datasets/emoji-hero-vr-db-di/test_set/Sadness/1701085633973-2-23-3-15-5-0,1,1701085633005,/workspace/datasets/emoji-hero-vr-db-di/test_set/Sadness/1701085633973-2-23-3-15-5-0/1701085633005-2-23-3-15-5-0.jpg,5,Sadness,5,Sadness,0.60466087,0.60466087,True,True,0.1576811,0.117552266,0.026975872,0.022495484,0.036495734,0.60466087,0.0341387
1701085633973-2-23-3-15-5-1,1701085633973-2-23-3-15-5-1-01,1701085633973-2-23-3-15-5,1701085633973,2,23,3,15,1,Side,/workspace/datasets/emoji-hero-vr-db-di/test_set/Sadness/1701085633973-2-23-3-15-5-1,1,1701085633005,/workspace/datasets/emoji-hero-vr-db-di/test_set/Sadness/1701085633973-2-23-3-15-5-1/1701085633005-2-23-3-15-5-1.jpg,5,Sadness,5,Sadness,0.7765164,0.7765164,True,False,0.08329863,0.06433918,0.013496656,0.013374726,0.032435626,0.7765164,0.016538735
1701085635772-2-23-3-16-2-0,1701085635772-2-23-3-16-2-0-01,1701085635772-2-23-3-16-2,1701085635772,2,23,3,16,0,Central,/workspace/datasets/emoji-hero-vr-db-di/test_set/Fear/1701085635772-2-23-3-16-2-0,1,1701085634811,/workspace/datasets/emoji-hero-vr-db-di/test_set/Fear/1701085635772-2-23-3-16-2-0/1701085634811-2-23-3-16-2-0.jpg,2,Fear,1,Disgust,0.14334695,0.5332988,False,False,0.11616244,0.5332988,0.14334695,0.07210603,0.034696583,0.05228275,0.04810637
1701085635772-2-23-3-16-2-1,1701085635772-2-23-3-16-2-1-01,1701085635772-2-23-3-16-2,1701085635772,2,23,3,16,1,Side,/workspace/datasets/emoji-hero-vr-db-di/test_set/Fear/1701085635772-2-23-3-16-2-1,1,1701085634811,/workspace/datasets/emoji-hero-vr-db-di/test_set/Fear/1701085635772-2-23-3-16-2-1/1701085634811-2-23-3-16-2-1.jpg,2,Fear,2,Fear,0.26359817,0.26359817,True,False,0.117989376,0.22115551,0.26359817,0.1562576,0.10243131,0.06607564,0.07249246
1701085639668-2-23-3-18-1-0,1701085639668-2-23-3-18-1-0-01,1701085639668-2-23-3-18-1,1701085639668,2,23,3,18,0,Central,/workspace/datasets/emoji-hero-vr-db-di/test_set/Disgust/1701085639668-2-23-3-18-1-0,1,1701085638703,/workspace/datasets/emoji-hero-vr-db-di/test_set/Disgust/1701085639668-2-23-3-18-1-0/1701085638703-2-23-3-18-1-0.jpg,1,Disgust,0,Anger,0.24764937,0.36499885,False,True,0.36499885,0.24764937,0.06154272,0.060552057,0.05927152,0.1606518,0.04533371
1701085639668-2-23-3-18-1-1,1701085639668-2-23-3-18-1-1-01,1701085639668-2-23-3-18-1,1701085639668,2,23,3,18,1,Side,/workspace/datasets/emoji-hero-vr-db-di/test_set/Disgust/1701085639668-2-23-3-18-1-1,1,1701085638703,/workspace/datasets/emoji-hero-vr-db-di/test_set/Disgust/1701085639668-2-23-3-18-1-1/1701085638703-2-23-3-18-1-1.jpg,1,Disgust,4,Neutral,0.107739285,0.43249437,False,True,0.14111358,0.107739285,0.08032621,0.087840036,0.43249437,0.1040122,0.046474293
1701085643199-2-23-3-20-2-0,1701085643199-2-23-3-20-2-0-01,1701085643199-2-23-3-20-2,1701085643199,2,23,3,20,0,Central,/workspace/datasets/emoji-hero-vr-db-di/test_set/Fear/1701085643199-2-23-3-20-2-0,1,1701085642301,/workspace/datasets/emoji-hero-vr-db-di/test_set/Fear/1701085643199-2-23-3-20-2-0/1701085642301-2-23-3-20-2-0.jpg,2,Fear,0,Anger,0.055997696,0.47441217,False,False,0.47441217,0.08154704,0.055997696,0.1989792,0.08504865,0.06264019,0.041375037
1701085643199-2-23-3-20-2-1,1701085643199-2-23-3-20-2-1-01,1701085643199-2-23-3-20-2,1701085643199,2,23,3,20,1,Side,/workspace/datasets/emoji-hero-vr-db-di/test_set/Fear/1701085643199-2-23-3-20-2-1,1,1701085642301,/workspace/datasets/emoji-hero-vr-db-di/test_set/Fear/1701085643199-2-23-3-20-2-1/1701085642301-2-23-3-20-2-1.jpg,2,Fear,3,Happiness,0.03889173,0.81895804,False,False,0.039220236,0.028993653,0.03889173,0.81895804,0.04321726,0.014038198,0.016680844
1701085783312-2-23-4-0-1-0,1701085783312-2-23-4-0-1-0-01,1701085783312-2-23-4-0-1,1701085783312,2,23,4,0,0,Central,/workspace/datasets/emoji-hero-vr-db-di/test_set/Disgust/1701085783312-2-23-4-0-1-0,1,1701085782359,/workspace/datasets/emoji-hero-vr-db-di/test_set/Disgust/1701085783312-2-23-4-0-1-0/1701085782359-2-23-4-0-1-0.jpg,1,Disgust,4,Neutral,0.082855366,0.40223697,False,True,0.20649181,0.082855366,0.054433014,0.08360843,0.40223697,0.12791412,0.042460263
1701085783312-2-23-4-0-1-1,1701085783312-2-23-4-0-1-1-01,1701085783312-2-23-4-0-1,1701085783312,2,23,4,0,1,Side,/workspace/datasets/emoji-hero-vr-db-di/test_set/Disgust/1701085783312-2-23-4-0-1-1,1,1701085782359,/workspace/datasets/emoji-hero-vr-db-di/test_set/Disgust/1701085783312-2-23-4-0-1-1/1701085782359-2-23-4-0-1-1.jpg,1,Disgust,4,Neutral,0.07566279,0.46257862,False,True,0.13361062,0.07566279,0.069192715,0.12431958,0.46257862,0.08208752,0.052548245
1701085784771-2-23-4-1-5-0,1701085784771-2-23-4-1-5-0-01,1701085784771-2-23-4-1-5,1701085784771,2,23,4,1,0,Central,/workspace/datasets/emoji-hero-vr-db-di/test_set/Sadness/1701085784771-2-23-4-1-5-0,1,1701085783801,/workspace/datasets/emoji-hero-vr-db-di/test_set/Sadness/1701085784771-2-23-4-1-5-0/1701085783801-2-23-4-1-5-0.jpg,5,Sadness,0,Anger,0.117488064,0.4526127,False,True,0.4526127,0.08517889,0.04825478,0.105526425,0.14836042,0.117488064,0.042578615
1701085784771-2-23-4-1-5-1,1701085784771-2-23-4-1-5-1-01,1701085784771-2-23-4-1-5,1701085784771,2,23,4,1,1,Side,/workspace/datasets/emoji-hero-vr-db-di/test_set/Sadness/1701085784771-2-23-4-1-5-1,1,1701085783801,/workspace/datasets/emoji-hero-vr-db-di/test_set/Sadness/1701085784771-2-23-4-1-5-1/1701085783801-2-23-4-1-5-1.jpg,5,Sadness,4,Neutral,0.094348945,0.51260537,False,True,0.12516789,0.08355984,0.062388152,0.07538796,0.51260537,0.094348945,0.046541814
1701085786811-2-23-4-2-4-0,1701085786811-2-23-4-2-4-0-01,1701085786811-2-23-4-2-4,1701085786811,2,23,4,2,0,Central,/workspace/datasets/emoji-hero-vr-db-di/test_set/Neutral/1701085786811-2-23-4-2-4-0,1,1701085785842,/workspace/datasets/emoji-hero-vr-db-di/test_set/Neutral/1701085786811-2-23-4-2-4-0/1701085785842-2-23-4-2-4-0.jpg,4,Neutral,3,Happiness,0.118585415,0.32465494,False,True,0.31767276,0.06098339,0.05790203,0.32465494,0.118585415,0.06892716,0.051274285
1701085786811-2-23-4-2-4-1,1701085786811-2-23-4-2-4-1-01,1701085786811-2-23-4-2-4,1701085786811,2,23,4,2,1,Side,/workspace/datasets/emoji-hero-vr-db-di/test_set/Neutral/1701085786811-2-23-4-2-4-1,1,1701085785842,/workspace/datasets/emoji-hero-vr-db-di/test_set/Neutral/1701085786811-2-23-4-2-4-1/1701085785842-2-23-4-2-4-1.jpg,4,Neutral,3,Happiness,0.023042845,0.9229204,False,True,0.013083436,0.010429821,0.017386714,0.9229204,0.023042845,0.006769729,0.0063671144
1701085788374-2-23-4-3-6-0,1701085788374-2-23-4-3-6-0-01,1701085788374-2-23-4-3-6,1701085788374,2,23,4,3,0,Central,/workspace/datasets/emoji-hero-vr-db-di/test_set/Surprise/1701085788374-2-23-4-3-6-0,1,1701085787403,/workspace/datasets/emoji-hero-vr-db-di/test_set/Surprise/1701085788374-2-23-4-3-6-0/1701085787403-2-23-4-3-6-0.jpg,6,Surprise,0,Anger,0.045766752,0.4564144,False,True,0.4564144,0.09511196,0.050980523,0.09152779,0.1167689,0.1434297,0.045766752
1701085788374-2-23-4-3-6-1,1701085788374-2-23-4-3-6-1-01,1701085788374-2-23-4-3-6,1701085788374,2,23,4,3,1,Side,/workspace/datasets/emoji-hero-vr-db-di/test_set/Surprise/1701085788374-2-23-4-3-6-1,1,1701085787403,/workspace/datasets/emoji-hero-vr-db-di/test_set/Surprise/1701085788374-2-23-4-3-6-1/1701085787403-2-23-4-3-6-1.jpg,6,Surprise,4,Neutral,0.049213096,0.51879996,False,True,0.12490535,0.08868927,0.062396437,0.06546039,0.51879996,0.0905355,0.049213096
1701085789639-2-23-4-4-4-0,1701085789639-2-23-4-4-4-0-01,1701085789639-2-23-4-4-4,1701085789639,2,23,4,4,0,Central,/workspace/datasets/emoji-hero-vr-db-di/test_set/Neutral/1701085789639-2-23-4-4-4-0,1,1701085789094,/workspace/datasets/emoji-hero-vr-db-di/test_set/Neutral/1701085789639-2-23-4-4-4-0/1701085789094-2-23-4-4-4-0.jpg,4,Neutral,1,Disgust,0.068717666,0.37671012,False,True,0.15377267,0.37671012,0.13183221,0.06507167,0.068717666,0.14013678,0.0637589
1701085789639-2-23-4-4-4-1,1701085789639-2-23-4-4-4-1-01,1701085789639-2-23-4-4-4,1701085789639,2,23,4,4,1,Side,/workspace/datasets/emoji-hero-vr-db-di/test_set/Neutral/1701085789639-2-23-4-4-4-1,1,1701085789094,/workspace/datasets/emoji-hero-vr-db-di/test_set/Neutral/1701085789639-2-23-4-4-4-1/1701085789094-2-23-4-4-4-1.jpg,4,Neutral,4,Neutral,0.5237525,0.5237525,True,True,0.12663502,0.08051562,0.057863824,0.07034984,0.5237525,0.09844393,0.04243923
1701085791397-2-23-4-5-4-0,1701085791397-2-23-4-5-4-0-01,1701085791397-2-23-4-5-4,1701085791397,2,23,4,5,0,Central,/workspace/datasets/emoji-hero-vr-db-di/test_set/Neutral/1701085791397-2-23-4-5-4-0,1,1701085790861,/workspace/datasets/emoji-hero-vr-db-di/test_set/Neutral/1701085791397-2-23-4-5-4-0/1701085790861-2-23-4-5-4-0.jpg,4,Neutral,0,Anger,0.19241172,0.39280865,False,True,0.39280865,0.08169686,0.04494072,0.08427571,0.19241172,0.1608241,0.04304222
1701085791397-2-23-4-5-4-1,1701085791397-2-23-4-5-4-1-01,1701085791397-2-23-4-5-4,1701085791397,2,23,4,5,1,Side,/workspace/datasets/emoji-hero-vr-db-di/test_set/Neutral/1701085791397-2-23-4-5-4-1,1,1701085790861,/workspace/datasets/emoji-hero-vr-db-di/test_set/Neutral/1701085791397-2-23-4-5-4-1/1701085790861-2-23-4-5-4-1.jpg,4,Neutral,4,Neutral,0.49593678,0.49593678,True,True,0.12882797,0.08436689,0.064536996,0.082151264,0.49593678,0.09470017,0.04947999
1701085793939-2-23-4-6-3-0,1701085793939-2-23-4-6-3-0-01,1701085793939-2-23-4-6-3,1701085793939,2,23,4,6,0,Central,/workspace/datasets/emoji-hero-vr-db-di/test_set/Happiness/1701085793939-2-23-4-6-3-0,1,1701085792971,/workspace/datasets/emoji-hero-vr-db-di/test_set/Happiness/1701085793939-2-23-4-6-3-0/1701085792971-2-23-4-6-3-0.jpg,3,Happiness,5,Sadness,0.06253285,0.30524924,False,True,0.23938116,0.07083188,0.045179766,0.06253285,0.23582485,0.30524924,0.04100024
1701085793939-2-23-4-6-3-1,1701085793939-2-23-4-6-3-1-01,1701085793939-2-23-4-6-3,1701085793939,2,23,4,6,1,Side,/workspace/datasets/emoji-hero-vr-db-di/test_set/Happiness/1701085793939-2-23-4-6-3-1,1,1701085792971,/workspace/datasets/emoji-hero-vr-db-di/test_set/Happiness/1701085793939-2-23-4-6-3-1/1701085792971-2-23-4-6-3-1.jpg,3,Happiness,3,Happiness,0.7299267,0.7299267,True,True,0.0473487,0.029922495,0.04672045,0.7299267,0.09834328,0.022200456,0.025537958
1701085795548-2-23-4-7-0-0,1701085795548-2-23-4-7-0-0-01,1701085795548-2-23-4-7-0,1701085795548,2,23,4,7,0,Central,/workspace/datasets/emoji-hero-vr-db-di/test_set/Anger/1701085795548-2-23-4-7-0-0,1,1701085794587,/workspace/datasets/emoji-hero-vr-db-di/test_set/Anger/1701085795548-2-23-4-7-0-0/1701085794587-2-23-4-7-0-0.jpg,0,Anger,5,Sadness,0.22940509,0.49682018,False,True,0.22940509,0.11517771,0.034601774,0.038215123,0.048250962,0.49682018,0.037529126
1701085795548-2-23-4-7-0-1,1701085795548-2-23-4-7-0-1-01,1701085795548-2-23-4-7-0,1701085795548,2,23,4,7,1,Side,/workspace/datasets/emoji-hero-vr-db-di/test_set/Anger/1701085795548-2-23-4-7-0-1,1,1701085794587,/workspace/datasets/emoji-hero-vr-db-di/test_set/Anger/1701085795548-2-23-4-7-0-1/1701085794587-2-23-4-7-0-1.jpg,0,Anger,0,Anger,0.4408409,0.4408409,True,True,0.4408409,0.06599966,0.04830432,0.2354311,0.09520871,0.07368449,0.04053087
1701085796688-2-23-4-8-5-0,1701085796688-2-23-4-8-5-0-01,1701085796688-2-23-4-8-5,1701085796688,2,23,4,8,0,Central,/workspace/datasets/emoji-hero-vr-db-di/test_set/Sadness/1701085796688-2-23-4-8-5-0,1,1701085796121,/workspace/datasets/emoji-hero-vr-db-di/test_set/Sadness/1701085796688-2-23-4-8-5-0/1701085796121-2-23-4-8-5-0.jpg,5,Sadness,3,Happiness,0.063407786,0.36033455,False,True,0.3064361,0.055046827,0.04944018,0.36033455,0.12717378,0.063407786,0.038160756
1701085796688-2-23-4-8-5-1,1701085796688-2-23-4-8-5-1-01,1701085796688-2-23-4-8-5,1701085796688,2,23,4,8,1,Side,/workspace/datasets/emoji-hero-vr-db-di/test_set/Sadness/1701085796688-2-23-4-8-5-1,1,1701085796121,/workspace/datasets/emoji-hero-vr-db-di/test_set/Sadness/1701085796688-2-23-4-8-5-1/1701085796121-2-23-4-8-5-1.jpg,5,Sadness,4,Neutral,0.06743916,0.40466365,False,True,0.14084557,0.07057081,0.06841464,0.19741581,0.40466365,0.06743916,0.050650325
1701085798672-2-23-4-9-2-0,1701085798672-2-23-4-9-2-0-01,1701085798672-2-23-4-9-2,1701085798672,2,23,4,9,0,Central,/workspace/datasets/emoji-hero-vr-db-di/test_set/Fear/1701085798672-2-23-4-9-2-0,1,1701085797876,/workspace/datasets/emoji-hero-vr-db-di/test_set/Fear/1701085798672-2-23-4-9-2-0/1701085797876-2-23-4-9-2-0.jpg,2,Fear,5,Sadness,0.024940135,0.64240295,False,False,0.13348478,0.11076222,0.024940135,0.020813497,0.036072474,0.64240295,0.031523947
1701085798672-2-23-4-9-2-1,1701085798672-2-23-4-9-2-1-01,1701085798672-2-23-4-9-2,1701085798672,2,23,4,9,1,Side,/workspace/datasets/emoji-hero-vr-db-di/test_set/Fear/1701085798672-2-23-4-9-2-1,1,1701085797876,/workspace/datasets/emoji-hero-vr-db-di/test_set/Fear/1701085798672-2-23-4-9-2-1/1701085797876-2-23-4-9-2-1.jpg,2,Fear,5,Sadness,0.009405163,0.82085335,False,True,0.073612265,0.041990776,0.009405163,0.010261606,0.031929813,0.82085335,0.011947059
1701085800908-2-23-4-10-0-0,1701085800908-2-23-4-10-0-0-01,1701085800908-2-23-4-10-0,1701085800908,2,23,4,10,0,Central,/workspace/datasets/emoji-hero-vr-db-di/test_set/Anger/1701085800908-2-23-4-10-0-0,1,1701085799932,/workspace/datasets/emoji-hero-vr-db-di/test_set/Anger/1701085800908-2-23-4-10-0-0/1701085799932-2-23-4-10-0-0.jpg,0,Anger,0,Anger,0.35673428,0.35673428,True,True,0.35673428,0.08989446,0.0498628,0.072493955,0.16317567,0.22458346,0.043255404
1701085800908-2-23-4-10-0-1,1701085800908-2-23-4-10-0-1-01,1701085800908-2-23-4-10-0,1701085800908,2,23,4,10,1,Side,/workspace/datasets/emoji-hero-vr-db-di/test_set/Anger/1701085800908-2-23-4-10-0-1,1,1701085799932,/workspace/datasets/emoji-hero-vr-db-di/test_set/Anger/1701085800908-2-23-4-10-0-1/1701085799932-2-23-4-10-0-1.jpg,0,Anger,4,Neutral,0.12317005,0.5357903,False,False,0.12317005,0.08278849,0.055948425,0.06432454,0.5357903,0.09362583,0.04435237
1701085802372-2-23-4-11-3-0,1701085802372-2-23-4-11-3-0-01,1701085802372-2-23-4-11-3,1701085802372,2,23,4,11,0,Central,/workspace/datasets/emoji-hero-vr-db-di/test_set/Happiness/1701085802372-2-23-4-11-3-0,1,1701085801409,/workspace/datasets/emoji-hero-vr-db-di/test_set/Happiness/1701085802372-2-23-4-11-3-0/1701085801409-2-23-4-11-3-0.jpg,3,Happiness,3,Happiness,0.552333,0.552333,True,True,0.11631904,0.036250815,0.054814488,0.552333,0.16790289,0.03971732,0.03266241
1701085802372-2-23-4-11-3-1,1701085802372-2-23-4-11-3-1-01,1701085802372-2-23-4-11-3,1701085802372,2,23,4,11,1,Side,/workspace/datasets/emoji-hero-vr-db-di/test_set/Happiness/1701085802372-2-23-4-11-3-1,1,1701085801409,/workspace/datasets/emoji-hero-vr-db-di/test_set/Happiness/1701085802372-2-23-4-11-3-1/1701085801409-2-23-4-11-3-1.jpg,3,Happiness,3,Happiness,0.32670358,0.32670358,True,True,0.1419513,0.060716722,0.074950285,0.32670358,0.28893462,0.057765268,0.048978228
1701085804610-2-23-4-12-1-0,1701085804610-2-23-4-12-1-0-01,1701085804610-2-23-4-12-1,1701085804610,2,23,4,12,0,Central,/workspace/datasets/emoji-hero-vr-db-di/test_set/Disgust/1701085804610-2-23-4-12-1-0,1,1701085803635,/workspace/datasets/emoji-hero-vr-db-di/test_set/Disgust/1701085804610-2-23-4-12-1-0/1701085803635-2-23-4-12-1-0.jpg,1,Disgust,0,Anger,0.05026363,0.45883256,False,True,0.45883256,0.05026363,0.04838358,0.25837472,0.0759266,0.068546765,0.039672196
1701085804610-2-23-4-12-1-1,1701085804610-2-23-4-12-1-1-01,1701085804610-2-23-4-12-1,1701085804610,2,23,4,12,1,Side,/workspace/datasets/emoji-hero-vr-db-di/test_set/Disgust/1701085804610-2-23-4-12-1-1,1,1701085803635,/workspace/datasets/emoji-hero-vr-db-di/test_set/Disgust/1701085804610-2-23-4-12-1-1/1701085803635-2-23-4-12-1-1.jpg,1,Disgust,3,Happiness,0.0356236,0.6154133,False,True,0.07344262,0.0356236,0.049302697,0.6154133,0.15800874,0.035986923,0.03222201
1701085805933-2-23-4-13-3-0,1701085805933-2-23-4-13-3-0-01,1701085805933-2-23-4-13-3,1701085805933,2,23,4,13,0,Central,/workspace/datasets/emoji-hero-vr-db-di/test_set/Happiness/1701085805933-2-23-4-13-3-0,1,1701085804972,/workspace/datasets/emoji-hero-vr-db-di/test_set/Happiness/1701085805933-2-23-4-13-3-0/1701085804972-2-23-4-13-3-0.jpg,3,Happiness,3,Happiness,0.65505314,0.65505314,True,True,0.08575486,0.0790738,0.07273074,0.65505314,0.056484863,0.026688343,0.024214199
1701085805933-2-23-4-13-3-1,1701085805933-2-23-4-13-3-1-01,1701085805933-2-23-4-13-3,1701085805933,2,23,4,13,1,Side,/workspace/datasets/emoji-hero-vr-db-di/test_set/Happiness/1701085805933-2-23-4-13-3-1,1,1701085804972,/workspace/datasets/emoji-hero-vr-db-di/test_set/Happiness/1701085805933-2-23-4-13-3-1/1701085804972-2-23-4-13-3-1.jpg,3,Happiness,3,Happiness,0.6256978,0.6256978,True,True,0.06440929,0.070432976,0.09563558,0.6256978,0.08545869,0.027505288,0.03086027
1701085807269-2-23-4-14-0-0,1701085807269-2-23-4-14-0-0-01,1701085807269-2-23-4-14-0,1701085807269,2,23,4,14,0,Central,/workspace/datasets/emoji-hero-vr-db-di/test_set/Anger/1701085807269-2-23-4-14-0-0,1,1701085806659,/workspace/datasets/emoji-hero-vr-db-di/test_set/Anger/1701085807269-2-23-4-14-0-0/1701085806659-2-23-4-14-0-0.jpg,0,Anger,4,Neutral,0.2236305,0.35017103,False,True,0.2236305,0.069969274,0.05142203,0.07639696,0.35017103,0.18961689,0.03879331
1701085807269-2-23-4-14-0-1,1701085807269-2-23-4-14-0-1-01,1701085807269-2-23-4-14-0,1701085807269,2,23,4,14,1,Side,/workspace/datasets/emoji-hero-vr-db-di/test_set/Anger/1701085807269-2-23-4-14-0-1,1,1701085806659,/workspace/datasets/emoji-hero-vr-db-di/test_set/Anger/1701085807269-2-23-4-14-0-1/1701085806659-2-23-4-14-0-1.jpg,0,Anger,4,Neutral,0.13243484,0.47514537,False,False,0.13243484,0.10179262,0.06556857,0.0764583,0.47514537,0.08940232,0.059197996
1701085809428-2-23-4-15-1-0,1701085809428-2-23-4-15-1-0-01,1701085809428-2-23-4-15-1,1701085809428,2,23,4,15,0,Central,/workspace/datasets/emoji-hero-vr-db-di/test_set/Disgust/1701085809428-2-23-4-15-1-0,1,1701085808452,/workspace/datasets/emoji-hero-vr-db-di/test_set/Disgust/1701085809428-2-23-4-15-1-0/1701085808452-2-23-4-15-1-0.jpg,1,Disgust,3,Happiness,0.013904217,0.84240496,False,True,0.053881817,0.013904217,0.028703317,0.84240496,0.031340092,0.012822847,0.0169427
1701085809428-2-23-4-15-1-1,1701085809428-2-23-4-15-1-1-01,1701085809428-2-23-4-15-1,1701085809428,2,23,4,15,1,Side,/workspace/datasets/emoji-hero-vr-db-di/test_set/Disgust/1701085809428-2-23-4-15-1-1,1,1701085808452,/workspace/datasets/emoji-hero-vr-db-di/test_set/Disgust/1701085809428-2-23-4-15-1-1/1701085808452-2-23-4-15-1-1.jpg,1,Disgust,3,Happiness,0.009422628,0.94023824,False,True,0.009262417,0.009422628,0.0135502545,0.94023824,0.017989362,0.005199326,0.0043377066
1701085810970-2-23-4-16-2-0,1701085810970-2-23-4-16-2-0-01,1701085810970-2-23-4-16-2,1701085810970,2,23,4,16,0,Central,/workspace/datasets/emoji-hero-vr-db-di/test_set/Fear/1701085810970-2-23-4-16-2-0,1,1701085810196,/workspace/datasets/emoji-hero-vr-db-di/test_set/Fear/1701085810970-2-23-4-16-2-0/1701085810196-2-23-4-16-2-0.jpg,2,Fear,1,Disgust,0.06225721,0.72319263,False,False,0.11040106,0.72319263,0.06225721,0.024935415,0.0140303355,0.03631463,0.0288687
1701085810970-2-23-4-16-2-1,1701085810970-2-23-4-16-2-1-01,1701085810970-2-23-4-16-2,1701085810970,2,23,4,16,1,Side,/workspace/datasets/emoji-hero-vr-db-di/test_set/Fear/1701085810970-2-23-4-16-2-1,1,1701085810196,/workspace/datasets/emoji-hero-vr-db-di/test_set/Fear/1701085810970-2-23-4-16-2-1/1701085810196-2-23-4-16-2-1.jpg,2,Fear,3,Happiness,0.15417051,0.34708625,False,True,0.10961425,0.24960764,0.15417051,0.34708625,0.06461727,0.04214764,0.032756504
1701085812843-2-23-4-17-5-0,1701085812843-2-23-4-17-5-0-01,1701085812843-2-23-4-17-5,1701085812843,2,23,4,17,0,Central,/workspace/datasets/emoji-hero-vr-db-di/test_set/Sadness/1701085812843-2-23-4-17-5-0,1,1701085811935,/workspace/datasets/emoji-hero-vr-db-di/test_set/Sadness/1701085812843-2-23-4-17-5-0/1701085811935-2-23-4-17-5-0.jpg,5,Sadness,1,Disgust,0.05929311,0.41629565,False,True,0.10823246,0.41629565,0.22720857,0.062124602,0.040039744,0.05929311,0.0868059
1701085812843-2-23-4-17-5-1,1701085812843-2-23-4-17-5-1-01,1701085812843-2-23-4-17-5,1701085812843,2,23,4,17,1,Side,/workspace/datasets/emoji-hero-vr-db-di/test_set/Sadness/1701085812843-2-23-4-17-5-1,1,1701085811935,/workspace/datasets/emoji-hero-vr-db-di/test_set/Sadness/1701085812843-2-23-4-17-5-1/1701085811935-2-23-4-17-5-1.jpg,5,Sadness,1,Disgust,0.05811135,0.3236155,False,True,0.10994796,0.3236155,0.24814296,0.11513515,0.083131604,0.05811135,0.061915472
1701085820057-2-23-4-21-6-0,1701085820057-2-23-4-21-6-0-01,1701085820057-2-23-4-21-6,1701085820057,2,23,4,21,0,Central,/workspace/datasets/emoji-hero-vr-db-di/test_set/Surprise/1701085820057-2-23-4-21-6-0,1,1701085819102,/workspace/datasets/emoji-hero-vr-db-di/test_set/Surprise/1701085820057-2-23-4-21-6-0/1701085819102-2-23-4-21-6-0.jpg,6,Surprise,5,Sadness,0.03539473,0.4694459,False,True,0.18052,0.07907074,0.03714629,0.03418309,0.16423924,0.4694459,0.03539473
1701085820057-2-23-4-21-6-1,1701085820057-2-23-4-21-6-1-01,1701085820057-2-23-4-21-6,1701085820057,2,23,4,21,1,Side,/workspace/datasets/emoji-hero-vr-db-di/test_set/Surprise/1701085820057-2-23-4-21-6-1,1,1701085819102,/workspace/datasets/emoji-hero-vr-db-di/test_set/Surprise/1701085820057-2-23-4-21-6-1/1701085819102-2-23-4-21-6-1.jpg,6,Surprise,4,Neutral,0.04873588,0.5109545,False,True,0.12569487,0.08690886,0.06310825,0.07092485,0.5109545,0.09367283,0.04873588
1701085821482-2-23-4-22-0-0,1701085821482-2-23-4-22-0-0-01,1701085821482-2-23-4-22-0,1701085821482,2,23,4,22,0,Central,/workspace/datasets/emoji-hero-vr-db-di/test_set/Anger/1701085821482-2-23-4-22-0-0,1,1701085820710,/workspace/datasets/emoji-hero-vr-db-di/test_set/Anger/1701085821482-2-23-4-22-0-0/1701085820710-2-23-4-22-0-0.jpg,0,Anger,0,Anger,0.51950747,0.51950747,True,True,0.51950747,0.08469214,0.042327613,0.11145402,0.08048735,0.12135132,0.04018009
1701085821482-2-23-4-22-0-1,1701085821482-2-23-4-22-0-1-01,1701085821482-2-23-4-22-0,1701085821482,2,23,4,22,1,Side,/workspace/datasets/emoji-hero-vr-db-di/test_set/Anger/1701085821482-2-23-4-22-0-1,1,1701085820710,/workspace/datasets/emoji-hero-vr-db-di/test_set/Anger/1701085821482-2-23-4-22-0-1/1701085820710-2-23-4-22-0-1.jpg,0,Anger,3,Happiness,0.08818694,0.7013009,False,True,0.08818694,0.030122941,0.049335636,0.7013009,0.075862885,0.026335552,0.02885511
1701085823245-2-23-4-23-2-0,1701085823245-2-23-4-23-2-0-01,1701085823245-2-23-4-23-2,1701085823245,2,23,4,23,0,Central,/workspace/datasets/emoji-hero-vr-db-di/test_set/Fear/1701085823245-2-23-4-23-2-0,1,1701085822475,/workspace/datasets/emoji-hero-vr-db-di/test_set/Fear/1701085823245-2-23-4-23-2-0/1701085822475-2-23-4-23-2-0.jpg,2,Fear,0,Anger,0.034143317,0.60232264,False,True,0.60232264,0.094395585,0.034143317,0.06302463,0.063039504,0.113593705,0.029480534
1701085823245-2-23-4-23-2-1,1701085823245-2-23-4-23-2-1-01,1701085823245-2-23-4-23-2,1701085823245,2,23,4,23,1,Side,/workspace/datasets/emoji-hero-vr-db-di/test_set/Fear/1701085823245-2-23-4-23-2-1,1,1701085822475,/workspace/datasets/emoji-hero-vr-db-di/test_set/Fear/1701085823245-2-23-4-23-2-1/1701085822475-2-23-4-23-2-1.jpg,2,Fear,4,Neutral,0.061112776,0.5255216,False,True,0.12326071,0.079961814,0.061112776,0.07186288,0.5255216,0.09446548,0.043814808
1701085827129-2-23-4-25-2-0,1701085827129-2-23-4-25-2-0-01,1701085827129-2-23-4-25-2,1701085827129,2,23,4,25,0,Central,/workspace/datasets/emoji-hero-vr-db-di/test_set/Fear/1701085827129-2-23-4-25-2-0,1,1701085826160,/workspace/datasets/emoji-hero-vr-db-di/test_set/Fear/1701085827129-2-23-4-25-2-0/1701085826160-2-23-4-25-2-0.jpg,2,Fear,3,Happiness,0.05171799,0.36073834,False,True,0.21655108,0.047094207,0.05171799,0.36073834,0.21849579,0.06817904,0.037223607
1701085827129-2-23-4-25-2-1,1701085827129-2-23-4-25-2-1-01,1701085827129-2-23-4-25-2,1701085827129,2,23,4,25,1,Side,/workspace/datasets/emoji-hero-vr-db-di/test_set/Fear/1701085827129-2-23-4-25-2-1,1,1701085826160,/workspace/datasets/emoji-hero-vr-db-di/test_set/Fear/1701085827129-2-23-4-25-2-1/1701085826160-2-23-4-25-2-1.jpg,2,Fear,3,Happiness,0.023578588,0.87517524,False,True,0.021135598,0.018446459,0.023578588,0.87517524,0.039621294,0.011297998,0.010744915
1701085829241-2-23-4-26-1-0,1701085829241-2-23-4-26-1-0-01,1701085829241-2-23-4-26-1,1701085829241,2,23,4,26,0,Central,/workspace/datasets/emoji-hero-vr-db-di/test_set/Disgust/1701085829241-2-23-4-26-1-0,1,1701085828276,/workspace/datasets/emoji-hero-vr-db-di/test_set/Disgust/1701085829241-2-23-4-26-1-0/1701085828276-2-23-4-26-1-0.jpg,1,Disgust,3,Happiness,0.018959321,0.7866463,False,True,0.07198564,0.018959321,0.033509232,0.7866463,0.04741645,0.019919373,0.021563787
1701085829241-2-23-4-26-1-1,1701085829241-2-23-4-26-1-1-01,1701085829241-2-23-4-26-1,1701085829241,2,23,4,26,1,Side,/workspace/datasets/emoji-hero-vr-db-di/test_set/Disgust/1701085829241-2-23-4-26-1-1,1,1701085828276,/workspace/datasets/emoji-hero-vr-db-di/test_set/Disgust/1701085829241-2-23-4-26-1-1/1701085828276-2-23-4-26-1-1.jpg,1,Disgust,3,Happiness,0.03571833,0.57407117,False,True,0.091235705,0.03571833,0.054778006,0.57407117,0.17266849,0.038633347,0.032895006
1701085830697-2-23-4-27-6-0,1701085830697-2-23-4-27-6-0-01,1701085830697-2-23-4-27-6,1701085830697,2,23,4,27,0,Central,/workspace/datasets/emoji-hero-vr-db-di/test_set/Surprise/1701085830697-2-23-4-27-6-0,1,1701085829739,/workspace/datasets/emoji-hero-vr-db-di/test_set/Surprise/1701085830697-2-23-4-27-6-0/1701085829739-2-23-4-27-6-0.jpg,6,Surprise,3,Happiness,0.006521126,0.91811365,False,True,0.013473779,0.012042532,0.019116754,0.91811365,0.024316346,0.0064158323,0.006521126
1701085830697-2-23-4-27-6-1,1701085830697-2-23-4-27-6-1-01,1701085830697-2-23-4-27-6,1701085830697,2,23,4,27,1,Side,/workspace/datasets/emoji-hero-vr-db-di/test_set/Surprise/1701085830697-2-23-4-27-6-1,1,1701085829739,/workspace/datasets/emoji-hero-vr-db-di/test_set/Surprise/1701085830697-2-23-4-27-6-1/1701085829739-2-23-4-27-6-1.jpg,6,Surprise,3,Happiness,0.004679322,0.93595403,False,True,0.010024079,0.010610777,0.01394326,0.93595403,0.01919589,0.0055926004,0.004679322
1701094438118-2-27-1-0-0-0,1701094438118-2-27-1-0-0-0-01,1701094438118-2-27-1-0-0,1701094438118,2,27,1,0,0,Central,/workspace/datasets/emoji-hero-vr-db-di/test_set/Anger/1701094438118-2-27-1-0-0-0,1,1701094437062,/workspace/datasets/emoji-hero-vr-db-di/test_set/Anger/1701094438118-2-27-1-0-0-0/1701094437062-2-27-1-0-0-0.jpg,0,Anger,2,Fear,0.028201167,0.55402166,False,False,0.028201167,0.22723354,0.55402166,0.060361825,0.027209735,0.027728086,0.075244
1701094438118-2-27-1-0-0-1,1701094438118-2-27-1-0-0-1-01,1701094438118-2-27-1-0-0,1701094438118,2,27,1,0,1,Side,/workspace/datasets/emoji-hero-vr-db-di/test_set/Anger/1701094438118-2-27-1-0-0-1,1,1701094437062,/workspace/datasets/emoji-hero-vr-db-di/test_set/Anger/1701094438118-2-27-1-0-0-1/1701094437062-2-27-1-0-0-1.jpg,0,Anger,2,Fear,0.05088213,0.44546404,False,False,0.05088213,0.20592915,0.44546404,0.11278019,0.069055974,0.040937055,0.07495145
1701094443379-2-27-1-2-3-0,1701094443379-2-27-1-2-3-0-01,1701094443379-2-27-1-2-3,1701094443379,2,27,1,2,0,Central,/workspace/datasets/emoji-hero-vr-db-di/test_set/Happiness/1701094443379-2-27-1-2-3-0,1,1701094442415,/workspace/datasets/emoji-hero-vr-db-di/test_set/Happiness/1701094443379-2-27-1-2-3-0/1701094442415-2-27-1-2-3-0.jpg,3,Happiness,2,Fear,0.035419974,0.7682545,False,True,0.01206045,0.044126127,0.7682545,0.035419974,0.023161126,0.014493175,0.10248469
1701094443379-2-27-1-2-3-1,1701094443379-2-27-1-2-3-1-01,1701094443379-2-27-1-2-3,1701094443379,2,27,1,2,1,Side,/workspace/datasets/emoji-hero-vr-db-di/test_set/Happiness/1701094443379-2-27-1-2-3-1,1,1701094442415,/workspace/datasets/emoji-hero-vr-db-di/test_set/Happiness/1701094443379-2-27-1-2-3-1/1701094442415-2-27-1-2-3-1.jpg,3,Happiness,2,Fear,0.064516105,0.37651926,False,True,0.06952428,0.12309716,0.37651926,0.064516105,0.1997429,0.059995394,0.106604934
1701094445452-2-27-1-3-0-0,1701094445452-2-27-1-3-0-0-01,1701094445452-2-27-1-3-0,1701094445452,2,27,1,3,0,Central,/workspace/datasets/emoji-hero-vr-db-di/test_set/Anger/1701094445452-2-27-1-3-0-0,1,1701094444489,/workspace/datasets/emoji-hero-vr-db-di/test_set/Anger/1701094445452-2-27-1-3-0-0/1701094444489-2-27-1-3-0-0.jpg,0,Anger,2,Fear,0.023270953,0.67514145,False,True,0.023270953,0.093421355,0.67514145,0.06625242,0.03424388,0.021568552,0.08610137
1701094445452-2-27-1-3-0-1,1701094445452-2-27-1-3-0-1-01,1701094445452-2-27-1-3-0,1701094445452,2,27,1,3,1,Side,/workspace/datasets/emoji-hero-vr-db-di/test_set/Anger/1701094445452-2-27-1-3-0-1,1,1701094444489,/workspace/datasets/emoji-hero-vr-db-di/test_set/Anger/1701094445452-2-27-1-3-0-1/1701094444489-2-27-1-3-0-1.jpg,0,Anger,2,Fear,0.021494545,0.6837326,False,True,0.021494545,0.068832755,0.6837326,0.0546881,0.043552145,0.02217755,0.10552221
1701094448444-2-27-1-4-0-0,1701094448444-2-27-1-4-0-0-01,1701094448444-2-27-1-4-0,1701094448444,2,27,1,4,0,Central,/workspace/datasets/emoji-hero-vr-db-di/test_set/Anger/1701094448444-2-27-1-4-0-0,1,1701094447483,/workspace/datasets/emoji-hero-vr-db-di/test_set/Anger/1701094448444-2-27-1-4-0-0/1701094447483-2-27-1-4-0-0.jpg,0,Anger,1,Disgust,0.078072384,0.7240552,False,False,0.078072384,0.7240552,0.08955005,0.03226608,0.01653834,0.03157346,0.027944518
1701094448444-2-27-1-4-0-1,1701094448444-2-27-1-4-0-1-01,1701094448444-2-27-1-4-0,1701094448444,2,27,1,4,1,Side,/workspace/datasets/emoji-hero-vr-db-di/test_set/Anger/1701094448444-2-27-1-4-0-1,1,1701094447483,/workspace/datasets/emoji-hero-vr-db-di/test_set/Anger/1701094448444-2-27-1-4-0-1/1701094447483-2-27-1-4-0-1.jpg,0,Anger,2,Fear,0.032876845,0.5485005,False,True,0.032876845,0.16740501,0.5485005,0.080319576,0.047608227,0.032958034,0.09033182
1701094450282-2-27-1-5-5-0,1701094450282-2-27-1-5-5-0-01,1701094450282-2-27-1-5-5,1701094450282,2,27,1,5,0,Central,/workspace/datasets/emoji-hero-vr-db-di/test_set/Sadness/1701094450282-2-27-1-5-5-0,1,1701094449477,/workspace/datasets/emoji-hero-vr-db-di/test_set/Sadness/1701094450282-2-27-1-5-5-0/1701094449477-2-27-1-5-5-0.jpg,5,Sadness,2,Fear,0.014174523,0.67709684,False,True,0.012809086,0.03920186,0.67709684,0.04763085,0.024332331,0.014174523,0.18475461
1701094450282-2-27-1-5-5-1,1701094450282-2-27-1-5-5-1-01,1701094450282-2-27-1-5-5,1701094450282,2,27,1,5,1,Side,/workspace/datasets/emoji-hero-vr-db-di/test_set/Sadness/1701094450282-2-27-1-5-5-1,1,1701094449477,/workspace/datasets/emoji-hero-vr-db-di/test_set/Sadness/1701094450282-2-27-1-5-5-1/1701094449477-2-27-1-5-5-1.jpg,5,Sadness,3,Happiness,0.011599053,0.87301034,False,True,0.019434478,0.025677297,0.023063336,0.87301034,0.036676656,0.011599053,0.010538788
1701094455829-2-27-1-7-5-0,1701094455829-2-27-1-7-5-0-01,1701094455829-2-27-1-7-5,1701094455829,2,27,1,7,0,Central,/workspace/datasets/emoji-hero-vr-db-di/test_set/Sadness/1701094455829-2-27-1-7-5-0,1,1701094454861,/workspace/datasets/emoji-hero-vr-db-di/test_set/Sadness/1701094455829-2-27-1-7-5-0/1701094454861-2-27-1-7-5-0.jpg,5,Sadness,5,Sadness,0.87833667,0.87833667,True,False,0.05316355,0.030190498,0.005044669,0.006484619,0.02035329,0.87833667,0.0064267498
1701094455829-2-27-1-7-5-1,1701094455829-2-27-1-7-5-1-01,1701094455829-2-27-1-7-5,1701094455829,2,27,1,7,1,Side,/workspace/datasets/emoji-hero-vr-db-di/test_set/Sadness/1701094455829-2-27-1-7-5-1,1,1701094454861,/workspace/datasets/emoji-hero-vr-db-di/test_set/Sadness/1701094455829-2-27-1-7-5-1/1701094454861-2-27-1-7-5-1.jpg,5,Sadness,5,Sadness,0.8981662,0.8981662,True,True,0.04202073,0.026659792,0.0038993708,0.005802299,0.01851561,0.8981662,0.0049359887
1701094458007-2-27-1-8-3-0,1701094458007-2-27-1-8-3-0-01,1701094458007-2-27-1-8-3,1701094458007,2,27,1,8,0,Central,/workspace/datasets/emoji-hero-vr-db-di/test_set/Happiness/1701094458007-2-27-1-8-3-0,1,1701094457038,/workspace/datasets/emoji-hero-vr-db-di/test_set/Happiness/1701094458007-2-27-1-8-3-0/1701094457038-2-27-1-8-3-0.jpg,3,Happiness,3,Happiness,0.90803254,0.90803254,True,True,0.016935632,0.022577468,0.01592274,0.90803254,0.021692023,0.010360764,0.004478756
1701094458007-2-27-1-8-3-1,1701094458007-2-27-1-8-3-1-01,1701094458007-2-27-1-8-3,1701094458007,2,27,1,8,1,Side,/workspace/datasets/emoji-hero-vr-db-di/test_set/Happiness/1701094458007-2-27-1-8-3-1,1,1701094457038,/workspace/datasets/emoji-hero-vr-db-di/test_set/Happiness/1701094458007-2-27-1-8-3-1/1701094457038-2-27-1-8-3-1.jpg,3,Happiness,3,Happiness,0.9147137,0.9147137,True,True,0.014849096,0.018064374,0.015115269,0.9147137,0.024065103,0.008299404,0.00489307
1701094536373-2-27-2-2-6-0,1701094536373-2-27-2-2-6-0-01,1701094536373-2-27-2-2-6,1701094536373,2,27,2,2,0,Central,/workspace/datasets/emoji-hero-vr-db-di/test_set/Surprise/1701094536373-2-27-2-2-6-0,1,1701094535385,/workspace/datasets/emoji-hero-vr-db-di/test_set/Surprise/1701094536373-2-27-2-2-6-0/1701094535385-2-27-2-2-6-0.jpg,6,Surprise,6,Surprise,0.9373486,0.9373486,True,True,0.0021516567,0.004091822,0.044088714,0.002417547,0.0052642226,0.0046374025,0.9373486
1701094536373-2-27-2-2-6-1,1701094536373-2-27-2-2-6-1-01,1701094536373-2-27-2-2-6,1701094536373,2,27,2,2,1,Side,/workspace/datasets/emoji-hero-vr-db-di/test_set/Surprise/1701094536373-2-27-2-2-6-1,1,1701094535385,/workspace/datasets/emoji-hero-vr-db-di/test_set/Surprise/1701094536373-2-27-2-2-6-1/1701094535385-2-27-2-2-6-1.jpg,6,Surprise,6,Surprise,0.9619629,0.9619629,True,True,0.0015942764,0.002660732,0.025198981,0.0013428701,0.003641702,0.0035985678,0.9619629
1701094539306-2-27-2-3-2-0,1701094539306-2-27-2-3-2-0-01,1701094539306-2-27-2-3-2,1701094539306,2,27,2,3,0,Central,/workspace/datasets/emoji-hero-vr-db-di/test_set/Fear/1701094539306-2-27-2-3-2-0,1,1701094538295,/workspace/datasets/emoji-hero-vr-db-di/test_set/Fear/1701094539306-2-27-2-3-2-0/1701094538295-2-27-2-3-2-0.jpg,2,Fear,3,Happiness,0.016324496,0.9035359,False,False,0.01802355,0.024314478,0.016324496,0.9035359,0.021935109,0.011494758,0.0043716147
1701094539306-2-27-2-3-2-1,1701094539306-2-27-2-3-2-1-01,1701094539306-2-27-2-3-2,1701094539306,2,27,2,3,1,Side,/workspace/datasets/emoji-hero-vr-db-di/test_set/Fear/1701094539306-2-27-2-3-2-1,1,1701094538295,/workspace/datasets/emoji-hero-vr-db-di/test_set/Fear/1701094539306-2-27-2-3-2-1/1701094538295-2-27-2-3-2-1.jpg,2,Fear,3,Happiness,0.014874714,0.9091981,False,False,0.017061675,0.022662267,0.014874714,0.9091981,0.021496246,0.010574039,0.004132992
1701094549501-2-27-2-7-4-0,1701094549501-2-27-2-7-4-0-01,1701094549501-2-27-2-7-4,1701094549501,2,27,2,7,0,Central,/workspace/datasets/emoji-hero-vr-db-di/test_set/Neutral/1701094549501-2-27-2-7-4-0,1,1701094548533,/workspace/datasets/emoji-hero-vr-db-di/test_set/Neutral/1701094549501-2-27-2-7-4-0/1701094548533-2-27-2-7-4-0.jpg,4,Neutral,4,Neutral,0.5312954,0.5312954,True,True,0.124089025,0.08673701,0.06963183,0.0555251,0.5312954,0.08584734,0.046874307
1701094549501-2-27-2-7-4-1,1701094549501-2-27-2-7-4-1-01,1701094549501-2-27-2-7-4,1701094549501,2,27,2,7,1,Side,/workspace/datasets/emoji-hero-vr-db-di/test_set/Neutral/1701094549501-2-27-2-7-4-1,1,1701094548533,/workspace/datasets/emoji-hero-vr-db-di/test_set/Neutral/1701094549501-2-27-2-7-4-1/1701094548533-2-27-2-7-4-1.jpg,4,Neutral,4,Neutral,0.5004799,0.5004799,True,True,0.12142378,0.10175474,0.07657578,0.058463275,0.5004799,0.08418283,0.057119705
1701094559720-2-27-2-11-4-0,1701094559720-2-27-2-11-4-0-01,1701094559720-2-27-2-11-4,1701094559720,2,27,2,11,0,Central,/workspace/datasets/emoji-hero-vr-db-di/test_set/Neutral/1701094559720-2-27-2-11-4-0,1,1701094558760,/workspace/datasets/emoji-hero-vr-db-di/test_set/Neutral/1701094559720-2-27-2-11-4-0/1701094558760-2-27-2-11-4-0.jpg,4,Neutral,5,Sadness,0.16183288,0.4589179,False,True,0.14307766,0.11934773,0.06844036,0.018700248,0.16183288,0.4589179,0.029683221
1701094559720-2-27-2-11-4-1,1701094559720-2-27-2-11-4-1-01,1701094559720-2-27-2-11-4,1701094559720,2,27,2,11,1,Side,/workspace/datasets/emoji-hero-vr-db-di/test_set/Neutral/1701094559720-2-27-2-11-4-1,1,1701094558760,/workspace/datasets/emoji-hero-vr-db-di/test_set/Neutral/1701094559720-2-27-2-11-4-1/1701094558760-2-27-2-11-4-1.jpg,4,Neutral,4,Neutral,0.45143658,0.45143658,True,True,0.1020689,0.11851869,0.11477858,0.049805414,0.45143658,0.098017916,0.06537393
1701094652485-2-27-3-0-4-0,1701094652485-2-27-3-0-4-0-01,1701094652485-2-27-3-0-4,1701094652485,2,27,3,0,0,Central,/workspace/datasets/emoji-hero-vr-db-di/test_set/Neutral/1701094652485-2-27-3-0-4-0,1,1701094651523,/workspace/datasets/emoji-hero-vr-db-di/test_set/Neutral/1701094652485-2-27-3-0-4-0/1701094651523-2-27-3-0-4-0.jpg,4,Neutral,4,Neutral,0.4182696,0.4182696,True,True,0.10972044,0.1216093,0.13933961,0.058381915,0.4182696,0.079659864,0.073019154
1701094652485-2-27-3-0-4-1,1701094652485-2-27-3-0-4-1-01,1701094652485-2-27-3-0-4,1701094652485,2,27,3,0,1,Side,/workspace/datasets/emoji-hero-vr-db-di/test_set/Neutral/1701094652485-2-27-3-0-4-1,1,1701094651523,/workspace/datasets/emoji-hero-vr-db-di/test_set/Neutral/1701094652485-2-27-3-0-4-1/1701094651523-2-27-3-0-4-1.jpg,4,Neutral,4,Neutral,0.49732915,0.49732915,True,True,0.13957419,0.10344635,0.065969564,0.05391056,0.49732915,0.086867854,0.05290228
1701094656847-2-27-3-2-0-0,1701094656847-2-27-3-2-0-0-01,1701094656847-2-27-3-2-0,1701094656847,2,27,3,2,0,Central,/workspace/datasets/emoji-hero-vr-db-di/test_set/Anger/1701094656847-2-27-3-2-0-0,1,1701094655892,/workspace/datasets/emoji-hero-vr-db-di/test_set/Anger/1701094656847-2-27-3-2-0-0/1701094655892-2-27-3-2-0-0.jpg,0,Anger,0,Anger,0.71575534,0.71575534,True,False,0.71575534,0.13451274,0.02487723,0.031248,0.01816232,0.059406016,0.016038356
1701094656847-2-27-3-2-0-1,1701094656847-2-27-3-2-0-1-01,1701094656847-2-27-3-2-0,1701094656847,2,27,3,2,1,Side,/workspace/datasets/emoji-hero-vr-db-di/test_set/Anger/1701094656847-2-27-3-2-0-1,1,1701094655892,/workspace/datasets/emoji-hero-vr-db-di/test_set/Anger/1701094656847-2-27-3-2-0-1/1701094655892-2-27-3-2-0-1.jpg,0,Anger,0,Anger,0.7661379,0.7661379,True,False,0.7661379,0.100725755,0.019037453,0.034327168,0.015621169,0.051777575,0.012372872
1701094657984-2-27-3-3-6-0,1701094657984-2-27-3-3-6-0-01,1701094657984-2-27-3-3-6,1701094657984,2,27,3,3,0,Central,/workspace/datasets/emoji-hero-vr-db-di/test_set/Surprise/1701094657984-2-27-3-3-6-0,1,1701094657023,/workspace/datasets/emoji-hero-vr-db-di/test_set/Surprise/1701094657984-2-27-3-3-6-0/1701094657023-2-27-3-3-6-0.jpg,6,Surprise,3,Happiness,0.029693743,0.49303308,False,True,0.074988015,0.21458702,0.11603279,0.49303308,0.04282265,0.028842604,0.029693743
1701094657984-2-27-3-3-6-1,1701094657984-2-27-3-3-6-1-01,1701094657984-2-27-3-3-6,1701094657984,2,27,3,3,1,Side,/workspace/datasets/emoji-hero-vr-db-di/test_set/Surprise/1701094657984-2-27-3-3-6-1,1,1701094657023,/workspace/datasets/emoji-hero-vr-db-di/test_set/Surprise/1701094657984-2-27-3-3-6-1/1701094657023-2-27-3-3-6-1.jpg,6,Surprise,3,Happiness,0.0074897436,0.8889271,False,True,0.018313643,0.023986667,0.020079408,0.8889271,0.031070834,0.010132517,0.0074897436
1701094661584-2-27-3-5-2-0,1701094661584-2-27-3-5-2-0-01,1701094661584-2-27-3-5-2,1701094661584,2,27,3,5,0,Central,/workspace/datasets/emoji-hero-vr-db-di/test_set/Fear/1701094661584-2-27-3-5-2-0,1,1701094661051,/workspace/datasets/emoji-hero-vr-db-di/test_set/Fear/1701094661584-2-27-3-5-2-0/1701094661051-2-27-3-5-2-0.jpg,2,Fear,2,Fear,0.7880729,0.7880729,True,False,0.0099831885,0.03885488,0.7880729,0.030408112,0.019242149,0.011944187,0.101494566
1701094661584-2-27-3-5-2-1,1701094661584-2-27-3-5-2-1-01,1701094661584-2-27-3-5-2,1701094661584,2,27,3,5,1,Side,/workspace/datasets/emoji-hero-vr-db-di/test_set/Fear/1701094661584-2-27-3-5-2-1,1,1701094661051,/workspace/datasets/emoji-hero-vr-db-di/test_set/Fear/1701094661584-2-27-3-5-2-1/1701094661051-2-27-3-5-2-1.jpg,2,Fear,2,Fear,0.7987195,0.7987195,True,False,0.009118872,0.031211382,0.7987195,0.029393591,0.021255087,0.0109996,0.09930196
1701094664518-2-27-3-6-5-0,1701094664518-2-27-3-6-5-0-01,1701094664518-2-27-3-6-5,1701094664518,2,27,3,6,0,Central,/workspace/datasets/emoji-hero-vr-db-di/test_set/Sadness/1701094664518-2-27-3-6-5-0,1,1701094663570,/workspace/datasets/emoji-hero-vr-db-di/test_set/Sadness/1701094664518-2-27-3-6-5-0/1701094663570-2-27-3-6-5-0.jpg,5,Sadness,6,Surprise,0.0077548167,0.84174937,False,True,0.0062403167,0.0113955,0.11491791,0.008300327,0.009641767,0.0077548167,0.84174937
1701094664518-2-27-3-6-5-1,1701094664518-2-27-3-6-5-1-01,1701094664518-2-27-3-6-5,1701094664518,2,27,3,6,1,Side,/workspace/datasets/emoji-hero-vr-db-di/test_set/Sadness/1701094664518-2-27-3-6-5-1,1,1701094663570,/workspace/datasets/emoji-hero-vr-db-di/test_set/Sadness/1701094664518-2-27-3-6-5-1/1701094663570-2-27-3-6-5-1.jpg,5,Sadness,6,Surprise,0.0059604594,0.8374046,False,True,0.0030588293,0.006791262,0.13179348,0.006047323,0.0089440355,0.0059604594,0.8374046
1701094668813-2-27-3-8-0-0,1701094668813-2-27-3-8-0-0-01,1701094668813-2-27-3-8-0,1701094668813,2,27,3,8,0,Central,/workspace/datasets/emoji-hero-vr-db-di/test_set/Anger/1701094668813-2-27-3-8-0-0,1,1701094667849,/workspace/datasets/emoji-hero-vr-db-di/test_set/Anger/1701094668813-2-27-3-8-0-0/1701094667849-2-27-3-8-0-0.jpg,0,Anger,2,Fear,0.010539363,0.7882335,False,False,0.010539363,0.03964296,0.7882335,0.034075733,0.020913117,0.0127888145,0.09380647
1701094668813-2-27-3-8-0-1,1701094668813-2-27-3-8-0-1-01,1701094668813-2-27-3-8-0,1701094668813,2,27,3,8,1,Side,/workspace/datasets/emoji-hero-vr-db-di/test_set/Anger/1701094668813-2-27-3-8-0-1,1,1701094667849,/workspace/datasets/emoji-hero-vr-db-di/test_set/Anger/1701094668813-2-27-3-8-0-1/1701094667849-2-27-3-8-0-1.jpg,0,Anger,2,Fear,0.008309103,0.79903674,False,False,0.008309103,0.029348133,0.79903674,0.035503015,0.020308405,0.010874866,0.09661975
1701094669809-2-27-3-9-1-0,1701094669809-2-27-3-9-1-0-01,1701094669809-2-27-3-9-1,1701094669809,2,27,3,9,0,Central,/workspace/datasets/emoji-hero-vr-db-di/test_set/Disgust/1701094669809-2-27-3-9-1-0,1,1701094669086,/workspace/datasets/emoji-hero-vr-db-di/test_set/Disgust/1701094669809-2-27-3-9-1-0/1701094669086-2-27-3-9-1-0.jpg,1,Disgust,0,Anger,0.24247913,0.26292026,False,False,0.26292026,0.24247913,0.09687482,0.09450049,0.074141115,0.13397983,0.09510438
1701094669809-2-27-3-9-1-1,1701094669809-2-27-3-9-1-1-01,1701094669809-2-27-3-9-1,1701094669809,2,27,3,9,1,Side,/workspace/datasets/emoji-hero-vr-db-di/test_set/Disgust/1701094669809-2-27-3-9-1-1,1,1701094669086,/workspace/datasets/emoji-hero-vr-db-di/test_set/Disgust/1701094669809-2-27-3-9-1-1/1701094669086-2-27-3-9-1-1.jpg,1,Disgust,1,Disgust,0.45455682,0.45455682,True,False,0.08931521,0.45455682,0.082262106,0.2620147,0.033744812,0.04393152,0.034174837
1701094672347-2-27-3-10-0-0,1701094672347-2-27-3-10-0-0-01,1701094672347-2-27-3-10-0,1701094672347,2,27,3,10,0,Central,/workspace/datasets/emoji-hero-vr-db-di/test_set/Anger/1701094672347-2-27-3-10-0-0,1,1701094671384,/workspace/datasets/emoji-hero-vr-db-di/test_set/Anger/1701094672347-2-27-3-10-0-0/1701094671384-2-27-3-10-0-0.jpg,0,Anger,1,Disgust,0.058839593,0.5408771,False,True,0.058839593,0.5408771,0.22547072,0.0750247,0.028840931,0.03442957,0.0365174
1701094672347-2-27-3-10-0-1,1701094672347-2-27-3-10-0-1-01,1701094672347-2-27-3-10-0,1701094672347,2,27,3,10,1,Side,/workspace/datasets/emoji-hero-vr-db-di/test_set/Anger/1701094672347-2-27-3-10-0-1,1,1701094671384,/workspace/datasets/emoji-hero-vr-db-di/test_set/Anger/1701094672347-2-27-3-10-0-1/1701094671384-2-27-3-10-0-1.jpg,0,Anger,3,Happiness,0.02544486,0.8226658,False,False,0.02544486,0.04119355,0.03742243,0.8226658,0.04168972,0.015690606,0.015893016
1701094679684-2-27-3-14-4-0,1701094679684-2-27-3-14-4-0-01,1701094679684-2-27-3-14-4,1701094679684,2,27,3,14,0,Central,/workspace/datasets/emoji-hero-vr-db-di/test_set/Neutral/1701094679684-2-27-3-14-4-0,1,1701094679181,/workspace/datasets/emoji-hero-vr-db-di/test_set/Neutral/1701094679684-2-27-3-14-4-0/1701094679181-2-27-3-14-4-0.jpg,4,Neutral,4,Neutral,0.45560938,0.45560938,True,True,0.13006717,0.111915275,0.095931865,0.059736677,0.45560938,0.08279734,0.06394228
1701094679684-2-27-3-14-4-1,1701094679684-2-27-3-14-4-1-01,1701094679684-2-27-3-14-4,1701094679684,2,27,3,14,1,Side,/workspace/datasets/emoji-hero-vr-db-di/test_set/Neutral/1701094679684-2-27-3-14-4-1,1,1701094679181,/workspace/datasets/emoji-hero-vr-db-di/test_set/Neutral/1701094679684-2-27-3-14-4-1/1701094679181-2-27-3-14-4-1.jpg,4,Neutral,4,Neutral,0.47996882,0.47996882,True,True,0.13122237,0.1106286,0.076292925,0.058023024,0.47996882,0.08259967,0.06126452
1701094684847-2-27-3-16-2-0,1701094684847-2-27-3-16-2-0-01,1701094684847-2-27-3-16-2,1701094684847,2,27,3,16,0,Central,/workspace/datasets/emoji-hero-vr-db-di/test_set/Fear/1701094684847-2-27-3-16-2-0,1,1701094683886,/workspace/datasets/emoji-hero-vr-db-di/test_set/Fear/1701094684847-2-27-3-16-2-0/1701094683886-2-27-3-16-2-0.jpg,2,Fear,3,Happiness,0.023576127,0.8826097,False,False,0.018875707,0.026030092,0.023576127,0.8826097,0.030101007,0.010301335,0.008506053
1701094684847-2-27-3-16-2-1,1701094684847-2-27-3-16-2-1-01,1701094684847-2-27-3-16-2,1701094684847,2,27,3,16,1,Side,/workspace/datasets/emoji-hero-vr-db-di/test_set/Fear/1701094684847-2-27-3-16-2-1,1,1701094683886,/workspace/datasets/emoji-hero-vr-db-di/test_set/Fear/1701094684847-2-27-3-16-2-1/1701094683886-2-27-3-16-2-1.jpg,2,Fear,3,Happiness,0.018887166,0.89341146,False,False,0.018469002,0.02332093,0.018887166,0.89341146,0.028797373,0.010601194,0.006512901
1701094686349-2-27-3-17-3-0,1701094686349-2-27-3-17-3-0-01,1701094686349-2-27-3-17-3,1701094686349,2,27,3,17,0,Central,/workspace/datasets/emoji-hero-vr-db-di/test_set/Happiness/1701094686349-2-27-3-17-3-0,1,1701094685378,/workspace/datasets/emoji-hero-vr-db-di/test_set/Happiness/1701094686349-2-27-3-17-3-0/1701094685378-2-27-3-17-3-0.jpg,3,Happiness,3,Happiness,0.37195697,0.37195697,True,True,0.14377646,0.26141995,0.10595882,0.37195697,0.055334277,0.032995354,0.028558094
1701094686349-2-27-3-17-3-1,1701094686349-2-27-3-17-3-1-01,1701094686349-2-27-3-17-3,1701094686349,2,27,3,17,1,Side,/workspace/datasets/emoji-hero-vr-db-di/test_set/Happiness/1701094686349-2-27-3-17-3-1,1,1701094685378,/workspace/datasets/emoji-hero-vr-db-di/test_set/Happiness/1701094686349-2-27-3-17-3-1/1701094685378-2-27-3-17-3-1.jpg,3,Happiness,3,Happiness,0.3554521,0.3554521,True,True,0.0526696,0.23346101,0.21677613,0.3554521,0.064659186,0.042383008,0.034598965
1701094688507-2-27-3-18-1-0,1701094688507-2-27-3-18-1-0-01,1701094688507-2-27-3-18-1,1701094688507,2,27,3,18,0,Central,/workspace/datasets/emoji-hero-vr-db-di/test_set/Disgust/1701094688507-2-27-3-18-1-0,1,1701094687549,/workspace/datasets/emoji-hero-vr-db-di/test_set/Disgust/1701094688507-2-27-3-18-1-0/1701094687549-2-27-3-18-1-0.jpg,1,Disgust,1,Disgust,0.6765419,0.6765419,True,False,0.062024362,0.6765419,0.09659986,0.022629017,0.011733669,0.10600702,0.024464095
1701094688507-2-27-3-18-1-1,1701094688507-2-27-3-18-1-1-01,1701094688507-2-27-3-18-1,1701094688507,2,27,3,18,1,Side,/workspace/datasets/emoji-hero-vr-db-di/test_set/Disgust/1701094688507-2-27-3-18-1-1,1,1701094687549,/workspace/datasets/emoji-hero-vr-db-di/test_set/Disgust/1701094688507-2-27-3-18-1-1/1701094687549-2-27-3-18-1-1.jpg,1,Disgust,1,Disgust,0.49030685,0.49030685,True,False,0.32045808,0.49030685,0.046260253,0.0307057,0.017576637,0.06762404,0.02706844
1701094689680-2-27-3-19-6-0,1701094689680-2-27-3-19-6-0-01,1701094689680-2-27-3-19-6,1701094689680,2,27,3,19,0,Central,/workspace/datasets/emoji-hero-vr-db-di/test_set/Surprise/1701094689680-2-27-3-19-6-0,1,1701094689179,/workspace/datasets/emoji-hero-vr-db-di/test_set/Surprise/1701094689680-2-27-3-19-6-0/1701094689179-2-27-3-19-6-0.jpg,6,Surprise,2,Fear,0.21062142,0.3971335,False,True,0.043963313,0.0948836,0.3971335,0.058388915,0.15214907,0.04286024,0.21062142
1701094689680-2-27-3-19-6-1,1701094689680-2-27-3-19-6-1-01,1701094689680-2-27-3-19-6,1701094689680,2,27,3,19,1,Side,/workspace/datasets/emoji-hero-vr-db-di/test_set/Surprise/1701094689680-2-27-3-19-6-1,1,1701094689179,/workspace/datasets/emoji-hero-vr-db-di/test_set/Surprise/1701094689680-2-27-3-19-6-1/1701094689179-2-27-3-19-6-1.jpg,6,Surprise,2,Fear,0.3241965,0.43383098,False,True,0.030528335,0.08210415,0.43383098,0.03522812,0.0627609,0.03135103,0.3241965
1701094692584-2-27-3-20-2-0,1701094692584-2-27-3-20-2-0-01,1701094692584-2-27-3-20-2,1701094692584,2,27,3,20,0,Central,/workspace/datasets/emoji-hero-vr-db-di/test_set/Fear/1701094692584-2-27-3-20-2-0,1,1701094691545,/workspace/datasets/emoji-hero-vr-db-di/test_set/Fear/1701094692584-2-27-3-20-2-0/1701094691545-2-27-3-20-2-0.jpg,2,Fear,6,Surprise,0.07303433,0.9024989,False,False,0.0030974208,0.0058534625,0.07303433,0.0040581804,0.0063097896,0.005147911,0.9024989
1701094692584-2-27-3-20-2-1,1701094692584-2-27-3-20-2-1-01,1701094692584-2-27-3-20-2,1701094692584,2,27,3,20,1,Side,/workspace/datasets/emoji-hero-vr-db-di/test_set/Fear/1701094692584-2-27-3-20-2-1,1,1701094691545,/workspace/datasets/emoji-hero-vr-db-di/test_set/Fear/1701094692584-2-27-3-20-2-1/1701094691545-2-27-3-20-2-1.jpg,2,Fear,6,Surprise,0.052709654,0.92452234,False,False,0.0026964429,0.004936387,0.052709654,0.0033211776,0.0065787924,0.005235281,0.92452234
1701094821546-2-27-4-1-5-0,1701094821546-2-27-4-1-5-0-01,1701094821546-2-27-4-1-5,1701094821546,2,27,4,1,0,Central,/workspace/datasets/emoji-hero-vr-db-di/test_set/Sadness/1701094821546-2-27-4-1-5-0,1,1701094820588,/workspace/datasets/emoji-hero-vr-db-di/test_set/Sadness/1701094821546-2-27-4-1-5-0/1701094820588-2-27-4-1-5-0.jpg,5,Sadness,4,Neutral,0.060318854,0.33533245,False,True,0.12201214,0.1466248,0.16913603,0.10190408,0.33533245,0.060318854,0.064671695
1701094821546-2-27-4-1-5-1,1701094821546-2-27-4-1-5-1-01,1701094821546-2-27-4-1-5,1701094821546,2,27,4,1,1,Side,/workspace/datasets/emoji-hero-vr-db-di/test_set/Sadness/1701094821546-2-27-4-1-5-1,1,1701094820588,/workspace/datasets/emoji-hero-vr-db-di/test_set/Sadness/1701094821546-2-27-4-1-5-1/1701094820588-2-27-4-1-5-1.jpg,5,Sadness,1,Disgust,0.057863697,0.5322677,False,True,0.17642857,0.5322677,0.097475976,0.04346364,0.042098653,0.057863697,0.050401777
1701094823610-2-27-4-2-4-0,1701094823610-2-27-4-2-4-0-01,1701094823610-2-27-4-2-4,1701094823610,2,27,4,2,0,Central,/workspace/datasets/emoji-hero-vr-db-di/test_set/Neutral/1701094823610-2-27-4-2-4-0,1,1701094822710,/workspace/datasets/emoji-hero-vr-db-di/test_set/Neutral/1701094823610-2-27-4-2-4-0/1701094822710-2-27-4-2-4-0.jpg,4,Neutral,4,Neutral,0.48105553,0.48105553,True,True,0.11258553,0.090333015,0.10587889,0.072007194,0.48105553,0.07423856,0.06390122
1701094823610-2-27-4-2-4-1,1701094823610-2-27-4-2-4-1-01,1701094823610-2-27-4-2-4,1701094823610,2,27,4,2,1,Side,/workspace/datasets/emoji-hero-vr-db-di/test_set/Neutral/1701094823610-2-27-4-2-4-1,1,1701094822710,/workspace/datasets/emoji-hero-vr-db-di/test_set/Neutral/1701094823610-2-27-4-2-4-1/1701094822710-2-27-4-2-4-1.jpg,4,Neutral,4,Neutral,0.4832409,0.4832409,True,True,0.09655493,0.10974935,0.10242858,0.06210409,0.4832409,0.085895106,0.060027048
1701094824960-2-27-4-3-6-0,1701094824960-2-27-4-3-6-0-01,1701094824960-2-27-4-3-6,1701094824960,2,27,4,3,0,Central,/workspace/datasets/emoji-hero-vr-db-di/test_set/Surprise/1701094824960-2-27-4-3-6-0,1,1701094824026,/workspace/datasets/emoji-hero-vr-db-di/test_set/Surprise/1701094824960-2-27-4-3-6-0/1701094824026-2-27-4-3-6-0.jpg,6,Surprise,4,Neutral,0.056464016,0.49580875,False,True,0.1263772,0.096029095,0.08271058,0.059343338,0.49580875,0.08326707,0.056464016
1701094824960-2-27-4-3-6-1,1701094824960-2-27-4-3-6-1-01,1701094824960-2-27-4-3-6,1701094824960,2,27,4,3,1,Side,/workspace/datasets/emoji-hero-vr-db-di/test_set/Surprise/1701094824960-2-27-4-3-6-1,1,1701094824026,/workspace/datasets/emoji-hero-vr-db-di/test_set/Surprise/1701094824960-2-27-4-3-6-1/1701094824026-2-27-4-3-6-1.jpg,6,Surprise,2,Fear,0.11583334,0.23597701,False,True,0.08121983,0.2155341,0.23597701,0.04977211,0.2157351,0.08592852,0.11583334
1701094829010-2-27-4-5-4-0,1701094829010-2-27-4-5-4-0-01,1701094829010-2-27-4-5-4,1701094829010,2,27,4,5,0,Central,/workspace/datasets/emoji-hero-vr-db-di/test_set/Neutral/1701094829010-2-27-4-5-4-0,1,1701094828097,/workspace/datasets/emoji-hero-vr-db-di/test_set/Neutral/1701094829010-2-27-4-5-4-0/1701094828097-2-27-4-5-4-0.jpg,4,Neutral,4,Neutral,0.4710275,0.4710275,True,True,0.13255043,0.104590684,0.086288795,0.060524285,0.4710275,0.08696744,0.058050904
1701094829010-2-27-4-5-4-1,1701094829010-2-27-4-5-4-1-01,1701094829010-2-27-4-5-4,1701094829010,2,27,4,5,1,Side,/workspace/datasets/emoji-hero-vr-db-di/test_set/Neutral/1701094829010-2-27-4-5-4-1,1,1701094828097,/workspace/datasets/emoji-hero-vr-db-di/test_set/Neutral/1701094829010-2-27-4-5-4-1/1701094828097-2-27-4-5-4-1.jpg,4,Neutral,4,Neutral,0.4234666,0.4234666,True,True,0.10641416,0.12287358,0.1299739,0.059994906,0.4234666,0.082208835,0.07506802
1701094830423-2-27-4-6-3-0,1701094830423-2-27-4-6-3-0-01,1701094830423-2-27-4-6-3,1701094830423,2,27,4,6,0,Central,/workspace/datasets/emoji-hero-vr-db-di/test_set/Happiness/1701094830423-2-27-4-6-3-0,1,1701094829468,/workspace/datasets/emoji-hero-vr-db-di/test_set/Happiness/1701094830423-2-27-4-6-3-0/1701094829468-2-27-4-6-3-0.jpg,3,Happiness,3,Happiness,0.9102316,0.9102316,True,True,0.015822697,0.023299249,0.0151438415,0.9102316,0.019931018,0.012155272,0.0034163874
1701094830423-2-27-4-6-3-1,1701094830423-2-27-4-6-3-1-01,1701094830423-2-27-4-6-3,1701094830423,2,27,4,6,1,Side,/workspace/datasets/emoji-hero-vr-db-di/test_set/Happiness/1701094830423-2-27-4-6-3-1,1,1701094829468,/workspace/datasets/emoji-hero-vr-db-di/test_set/Happiness/1701094830423-2-27-4-6-3-1/1701094829468-2-27-4-6-3-1.jpg,3,Happiness,3,Happiness,0.92101467,0.92101467,True,True,0.014074701,0.018839713,0.0134872645,0.92101467,0.018888045,0.010721432,0.0029741533
1701094835647-2-27-4-9-2-0,1701094835647-2-27-4-9-2-0-01,1701094835647-2-27-4-9-2,1701094835647,2,27,4,9,0,Central,/workspace/datasets/emoji-hero-vr-db-di/test_set/Fear/1701094835647-2-27-4-9-2-0,1,1701094834689,/workspace/datasets/emoji-hero-vr-db-di/test_set/Fear/1701094835647-2-27-4-9-2-0/1701094834689-2-27-4-9-2-0.jpg,2,Fear,5,Sadness,0.013451448,0.6900787,False,False,0.12296756,0.12854715,0.013451448,0.0120478505,0.017754667,0.6900787,0.015152699
1701094835647-2-27-4-9-2-1,1701094835647-2-27-4-9-2-1-01,1701094835647-2-27-4-9-2,1701094835647,2,27,4,9,1,Side,/workspace/datasets/emoji-hero-vr-db-di/test_set/Fear/1701094835647-2-27-4-9-2-1,1,1701094834689,/workspace/datasets/emoji-hero-vr-db-di/test_set/Fear/1701094835647-2-27-4-9-2-1/1701094834689-2-27-4-9-2-1.jpg,2,Fear,5,Sadness,0.005982604,0.8627365,False,True,0.04644859,0.051029027,0.005982604,0.0074621327,0.018132163,0.8627365,0.008208981
1701094839307-2-27-4-11-3-0,1701094839307-2-27-4-11-3-0-01,1701094839307-2-27-4-11-3,1701094839307,2,27,4,11,0,Central,/workspace/datasets/emoji-hero-vr-db-di/test_set/Happiness/1701094839307-2-27-4-11-3-0,1,1701094838335,/workspace/datasets/emoji-hero-vr-db-di/test_set/Happiness/1701094839307-2-27-4-11-3-0/1701094838335-2-27-4-11-3-0.jpg,3,Happiness,1,Disgust,0.033345144,0.53401953,False,True,0.26914495,0.53401953,0.064867735,0.033345144,0.020601446,0.040908474,0.037112724
1701094839307-2-27-4-11-3-1,1701094839307-2-27-4-11-3-1-01,1701094839307-2-27-4-11-3,1701094839307,2,27,4,11,1,Side,/workspace/datasets/emoji-hero-vr-db-di/test_set/Happiness/1701094839307-2-27-4-11-3-1,1,1701094838335,/workspace/datasets/emoji-hero-vr-db-di/test_set/Happiness/1701094839307-2-27-4-11-3-1/1701094838335-2-27-4-11-3-1.jpg,3,Happiness,4,Neutral,0.0678847,0.46344578,False,True,0.11241471,0.114509396,0.09461919,0.0678847,0.46344578,0.086195245,0.06093099
1701094842669-2-27-4-13-3-0,1701094842669-2-27-4-13-3-0-01,1701094842669-2-27-4-13-3,1701094842669,2,27,4,13,0,Central,/workspace/datasets/emoji-hero-vr-db-di/test_set/Happiness/1701094842669-2-27-4-13-3-0,1,1701094841691,/workspace/datasets/emoji-hero-vr-db-di/test_set/Happiness/1701094842669-2-27-4-13-3-0/1701094841691-2-27-4-13-3-0.jpg,3,Happiness,3,Happiness,0.89985764,0.89985764,True,True,0.018241495,0.02314175,0.017814,0.89985764,0.025177104,0.010450489,0.0053174696
1701094842669-2-27-4-13-3-1,1701094842669-2-27-4-13-3-1-01,1701094842669-2-27-4-13-3,1701094842669,2,27,4,13,1,Side,/workspace/datasets/emoji-hero-vr-db-di/test_set/Happiness/1701094842669-2-27-4-13-3-1,1,1701094841691,/workspace/datasets/emoji-hero-vr-db-di/test_set/Happiness/1701094842669-2-27-4-13-3-1/1701094841691-2-27-4-13-3-1.jpg,3,Happiness,3,Happiness,0.91609776,0.91609776,True,True,0.015917562,0.021121725,0.01358542,0.91609776,0.019153891,0.010638986,0.0034846766
1701094848288-2-27-4-16-2-0,1701094848288-2-27-4-16-2-0-01,1701094848288-2-27-4-16-2,1701094848288,2,27,4,16,0,Central,/workspace/datasets/emoji-hero-vr-db-di/test_set/Fear/1701094848288-2-27-4-16-2-0,1,1701094847329,/workspace/datasets/emoji-hero-vr-db-di/test_set/Fear/1701094848288-2-27-4-16-2-0/1701094847329-2-27-4-16-2-0.jpg,2,Fear,1,Disgust,0.33886698,0.3780853,False,False,0.05958547,0.3780853,0.33886698,0.10383714,0.03373457,0.03187643,0.05401402
1701094848288-2-27-4-16-2-1,1701094848288-2-27-4-16-2-1-01,1701094848288-2-27-4-16-2,1701094848288,2,27,4,16,1,Side,/workspace/datasets/emoji-hero-vr-db-di/test_set/Fear/1701094848288-2-27-4-16-2-1,1,1701094847329,/workspace/datasets/emoji-hero-vr-db-di/test_set/Fear/1701094848288-2-27-4-16-2-1/1701094847329-2-27-4-16-2-1.jpg,2,Fear,6,Surprise,0.26313782,0.45320573,False,False,0.031502824,0.07071004,0.26313782,0.111252405,0.03912465,0.03106645,0.45320573
1701094851143-2-27-4-18-4-0,1701094851143-2-27-4-18-4-0-01,1701094851143-2-27-4-18-4,1701094851143,2,27,4,18,0,Central,/workspace/datasets/emoji-hero-vr-db-di/test_set/Neutral/1701094851143-2-27-4-18-4-0,1,1701094850436,/workspace/datasets/emoji-hero-vr-db-di/test_set/Neutral/1701094851143-2-27-4-18-4-0/1701094850436-2-27-4-18-4-0.jpg,4,Neutral,4,Neutral,0.5059077,0.5059077,True,True,0.12530202,0.091736674,0.08054113,0.0657609,0.5059077,0.07802757,0.05272398
1701094851143-2-27-4-18-4-1,1701094851143-2-27-4-18-4-1-01,1701094851143-2-27-4-18-4,1701094851143,2,27,4,18,1,Side,/workspace/datasets/emoji-hero-vr-db-di/test_set/Neutral/1701094851143-2-27-4-18-4-1,1,1701094850436,/workspace/datasets/emoji-hero-vr-db-di/test_set/Neutral/1701094851143-2-27-4-18-4-1/1701094850436-2-27-4-18-4-1.jpg,4,Neutral,2,Fear,0.14863798,0.47705236,False,True,0.05032908,0.09685986,0.47705236,0.05690923,0.14863798,0.04770014,0.122511365
1701094852692-2-27-4-19-6-0,1701094852692-2-27-4-19-6-0-01,1701094852692-2-27-4-19-6,1701094852692,2,27,4,19,0,Central,/workspace/datasets/emoji-hero-vr-db-di/test_set/Surprise/1701094852692-2-27-4-19-6-0,1,1701094852178,/workspace/datasets/emoji-hero-vr-db-di/test_set/Surprise/1701094852692-2-27-4-19-6-0/1701094852178-2-27-4-19-6-0.jpg,6,Surprise,6,Surprise,0.9441882,0.9441882,True,True,0.001892133,0.0035923312,0.0395357,0.0020950655,0.0045949575,0.0041016224,0.9441882
1701094852692-2-27-4-19-6-1,1701094852692-2-27-4-19-6-1-01,1701094852692-2-27-4-19-6,1701094852692,2,27,4,19,1,Side,/workspace/datasets/emoji-hero-vr-db-di/test_set/Surprise/1701094852692-2-27-4-19-6-1,1,1701094852178,/workspace/datasets/emoji-hero-vr-db-di/test_set/Surprise/1701094852692-2-27-4-19-6-1/1701094852178-2-27-4-19-6-1.jpg,6,Surprise,6,Surprise,0.960358,0.960358,True,True,0.0016119721,0.002755149,0.025920136,0.0014806946,0.004045474,0.0038285523,0.960358
1701094855279-2-27-4-20-5-0,1701094855279-2-27-4-20-5-0-01,1701094855279-2-27-4-20-5,1701094855279,2,27,4,20,0,Central,/workspace/datasets/emoji-hero-vr-db-di/test_set/Sadness/1701094855279-2-27-4-20-5-0,1,1701094854307,/workspace/datasets/emoji-hero-vr-db-di/test_set/Sadness/1701094855279-2-27-4-20-5-0/1701094854307-2-27-4-20-5-0.jpg,5,Sadness,5,Sadness,0.8625278,0.8625278,True,True,0.0527542,0.04375112,0.0062831426,0.007170294,0.019428667,0.8625278,0.008084706
1701094855279-2-27-4-20-5-1,1701094855279-2-27-4-20-5-1-01,1701094855279-2-27-4-20-5,1701094855279,2,27,4,20,1,Side,/workspace/datasets/emoji-hero-vr-db-di/test_set/Sadness/1701094855279-2-27-4-20-5-1,1,1701094854307,/workspace/datasets/emoji-hero-vr-db-di/test_set/Sadness/1701094855279-2-27-4-20-5-1/1701094854307-2-27-4-20-5-1.jpg,5,Sadness,5,Sadness,0.90463686,0.90463686,True,True,0.038685836,0.025564535,0.0033230523,0.004946088,0.018222034,0.90463686,0.0046216887
1701094856933-2-27-4-21-6-0,1701094856933-2-27-4-21-6-0-01,1701094856933-2-27-4-21-6,1701094856933,2,27,4,21,0,Central,/workspace/datasets/emoji-hero-vr-db-di/test_set/Surprise/1701094856933-2-27-4-21-6-0,1,1701094855961,/workspace/datasets/emoji-hero-vr-db-di/test_set/Surprise/1701094856933-2-27-4-21-6-0/1701094855961-2-27-4-21-6-0.jpg,6,Surprise,6,Surprise,0.95133,0.95133,True,True,0.0021047613,0.0035812743,0.030959344,0.001908214,0.005215889,0.0049004722,0.95133
1701094856933-2-27-4-21-6-1,1701094856933-2-27-4-21-6-1-01,1701094856933-2-27-4-21-6,1701094856933,2,27,4,21,1,Side,/workspace/datasets/emoji-hero-vr-db-di/test_set/Surprise/1701094856933-2-27-4-21-6-1,1,1701094855961,/workspace/datasets/emoji-hero-vr-db-di/test_set/Surprise/1701094856933-2-27-4-21-6-1/1701094855961-2-27-4-21-6-1.jpg,6,Surprise,6,Surprise,0.9634106,0.9634106,True,True,0.0017716655,0.0025906449,0.023022695,0.0013855738,0.0039799646,0.0038388672,0.9634106
1701094862346-2-27-4-24-3-0,1701094862346-2-27-4-24-3-0-01,1701094862346-2-27-4-24-3,1701094862346,2,27,4,24,0,Central,/workspace/datasets/emoji-hero-vr-db-di/test_set/Happiness/1701094862346-2-27-4-24-3-0,1,1701094861375,/workspace/datasets/emoji-hero-vr-db-di/test_set/Happiness/1701094862346-2-27-4-24-3-0/1701094861375-2-27-4-24-3-0.jpg,3,Happiness,2,Fear,0.041783005,0.6724231,False,True,0.018012153,0.07164241,0.6724231,0.041783005,0.026379079,0.018841539,0.15091869
1701094862346-2-27-4-24-3-1,1701094862346-2-27-4-24-3-1-01,1701094862346-2-27-4-24-3,1701094862346,2,27,4,24,1,Side,/workspace/datasets/emoji-hero-vr-db-di/test_set/Happiness/1701094862346-2-27-4-24-3-1,1,1701094861375,/workspace/datasets/emoji-hero-vr-db-di/test_set/Happiness/1701094862346-2-27-4-24-3-1/1701094861375-2-27-4-24-3-1.jpg,3,Happiness,5,Sadness,0.0056386082,0.89944124,False,True,0.040782463,0.027249131,0.0036908328,0.0056386082,0.01844813,0.89944124,0.0047495565
1701094865205-2-27-4-26-1-0,1701094865205-2-27-4-26-1-0-01,1701094865205-2-27-4-26-1,1701094865205,2,27,4,26,0,Central,/workspace/datasets/emoji-hero-vr-db-di/test_set/Disgust/1701094865205-2-27-4-26-1-0,1,1701094864497,/workspace/datasets/emoji-hero-vr-db-di/test_set/Disgust/1701094865205-2-27-4-26-1-0/1701094864497-2-27-4-26-1-0.jpg,1,Disgust,3,Happiness,0.06885071,0.75122863,False,False,0.041824464,0.06885071,0.058708493,0.75122863,0.041485466,0.017764144,0.020138158
1701094865205-2-27-4-26-1-1,1701094865205-2-27-4-26-1-1-01,1701094865205-2-27-4-26-1,1701094865205,2,27,4,26,1,Side,/workspace/datasets/emoji-hero-vr-db-di/test_set/Disgust/1701094865205-2-27-4-26-1-1,1,1701094864497,/workspace/datasets/emoji-hero-vr-db-di/test_set/Disgust/1701094865205-2-27-4-26-1-1/1701094864497-2-27-4-26-1-1.jpg,1,Disgust,3,Happiness,0.036913503,0.8322828,False,False,0.021988662,0.036913503,0.03803713,0.8322828,0.03996572,0.01413627,0.016675927
1701094866874-2-27-4-27-6-0,1701094866874-2-27-4-27-6-0-01,1701094866874-2-27-4-27-6,1701094866874,2,27,4,27,0,Central,/workspace/datasets/emoji-hero-vr-db-di/test_set/Surprise/1701094866874-2-27-4-27-6-0,1,1701094866268,/workspace/datasets/emoji-hero-vr-db-di/test_set/Surprise/1701094866874-2-27-4-27-6-0/1701094866268-2-27-4-27-6-0.jpg,6,Surprise,3,Happiness,0.017533619,0.75921786,False,True,0.03998057,0.07239026,0.061017174,0.75921786,0.033266336,0.016594112,0.017533619
1701094866874-2-27-4-27-6-1,1701094866874-2-27-4-27-6-1-01,1701094866874-2-27-4-27-6,1701094866874,2,27,4,27,1,Side,/workspace/datasets/emoji-hero-vr-db-di/test_set/Surprise/1701094866874-2-27-4-27-6-1,1,1701094866268,/workspace/datasets/emoji-hero-vr-db-di/test_set/Surprise/1701094866874-2-27-4-27-6-1/1701094866268-2-27-4-27-6-1.jpg,6,Surprise,3,Happiness,0.085117795,0.43054616,False,True,0.034535456,0.12764834,0.24454764,0.43054616,0.045931906,0.031672727,0.085117795
