sequence_summary,representation,weighting,true_label,group_id,value,group_label
mean,raw,sample_weighted,Anger,AU1,0.06153445342034734,AU1 Inner Brow Raiser
mean,raw,sample_weighted,Disgust,AU1,0.06300065187987043,AU1 Inner Brow Raiser
mean,raw,sample_weighted,Fear,AU1,0.1610402104362133,AU1 Inner Brow Raiser
mean,raw,sample_weighted,Happiness,AU1,0.04072537032536175,AU1 Inner Brow Raiser
mean,raw,sample_weighted,Neutral,AU1,0.01733295105991517,AU1 Inner Brow Raiser
mean,raw,sample_weighted,Sadness,AU1,0.08107609754873153,AU1 Inner Brow Raiser
mean,raw,sample_weighted,Surprise,AU1,0.17547130109123585,AU1 Inner Brow Raiser
mean,raw,sample_weighted,Anger,AU2,0.018874166425128912,AU2 Outer Brow Raiser
mean,raw,sample_weighted,Disgust,AU2,0.02934043247849141,AU2 Outer Brow Raiser
mean,raw,sample_weighted,Fear,AU2,0.15104240869052155,AU2 Outer Brow Raiser
mean,raw,sample_weighted,Happiness,AU2,0.03479200052719336,AU2 Outer Brow Raiser
mean,raw,sample_weighted,Neutral,AU2,0.013923899562212768,AU2 Outer Brow Raiser
mean,raw,sample_weighted,Sadness,AU2,0.029837217599008075,AU2 Outer Brow Raiser
mean,raw,sample_weighted,Surprise,AU2,0.17982523322888602,AU2 Outer Brow Raiser
mean,raw,sample_weighted,Anger,AU4,0.3011574975630608,AU4 Brow Lowerer
mean,raw,sample_weighted,Disgust,AU4,0.2858880708224268,AU4 Brow Lowerer
mean,raw,sample_weighted,Fear,AU4,0.06995611272873081,AU4 Brow Lowerer
mean,raw,sample_weighted,Happiness,AU4,0.0516765142294781,AU4 Brow Lowerer
mean,raw,sample_weighted,Neutral,AU4,0.03278957218749622,AU4 Brow Lowerer
mean,raw,sample_weighted,Sadness,AU4,0.1585710876290187,AU4 Brow Lowerer
mean,raw,sample_weighted,Surprise,AU4,0.03440303563550049,AU4 Brow Lowerer
mean,raw,sample_weighted,Anger,AU5,0.09306436751339746,AU5 Upper Lid Raiser
mean,raw,sample_weighted,Disgust,AU5,0.05776921438110812,AU5 Upper Lid Raiser
mean,raw,sample_weighted,Fear,AU5,0.2253952344644785,AU5 Upper Lid Raiser
mean,raw,sample_weighted,Happiness,AU5,0.05653331041701147,AU5 Upper Lid Raiser
mean,raw,sample_weighted,Neutral,AU5,0.044547926355470155,AU5 Upper Lid Raiser
mean,raw,sample_weighted,Sadness,AU5,0.055833704094909974,AU5 Upper Lid Raiser
mean,raw,sample_weighted,Surprise,AU5,0.18622114301349257,AU5 Upper Lid Raiser
mean,raw,sample_weighted,Anger,AU6,0.1972518723392862,AU6 Cheek Raiser
mean,raw,sample_weighted,Disgust,AU6,0.25972294247929545,AU6 Cheek Raiser
mean,raw,sample_weighted,Fear,AU6,0.056241256915739724,AU6 Cheek Raiser
mean,raw,sample_weighted,Happiness,AU6,0.37580567095135525,AU6 Cheek Raiser
mean,raw,sample_weighted,Neutral,AU6,0.03947517767607515,AU6 Cheek Raiser
mean,raw,sample_weighted,Sadness,AU6,0.08826613074462884,AU6 Cheek Raiser
mean,raw,sample_weighted,Surprise,AU6,0.03648042216246723,AU6 Cheek Raiser
mean,raw,sample_weighted,Anger,AU7,0.2789492190366455,AU7 Lid Tightener
mean,raw,sample_weighted,Disgust,AU7,0.2937907675499167,AU7 Lid Tightener
mean,raw,sample_weighted,Fear,AU7,0.07422178753480627,AU7 Lid Tightener
mean,raw,sample_weighted,Happiness,AU7,0.1939982750508396,AU7 Lid Tightener
mean,raw,sample_weighted,Neutral,AU7,0.03767035626055996,AU7 Lid Tightener
mean,raw,sample_weighted,Sadness,AU7,0.10461751681137736,AU7 Lid Tightener
mean,raw,sample_weighted,Surprise,AU7,0.05768688179529329,AU7 Lid Tightener
mean,raw,sample_weighted,Anger,AU8,0.03560560768008744,AU8 Lips Toward Each Other
mean,raw,sample_weighted,Disgust,AU8,0.03923307431326167,AU8 Lips Toward Each Other
mean,raw,sample_weighted,Fear,AU8,0.030242813748418307,AU8 Lips Toward Each Other
mean,raw,sample_weighted,Happiness,AU8,0.027778861137202928,AU8 Lips Toward Each Other
mean,raw,sample_weighted,Neutral,AU8,0.010621655870793624,AU8 Lips Toward Each Other
mean,raw,sample_weighted,Sadness,AU8,0.032580175916427125,AU8 Lips Toward Each Other
mean,raw,sample_weighted,Surprise,AU8,0.0647881544391553,AU8 Lips Toward Each Other
mean,raw,sample_weighted,Anger,AU9,0.21309722965180072,AU9 Nose Wrinkler
mean,raw,sample_weighted,Disgust,AU9,0.33854152913188906,AU9 Nose Wrinkler
mean,raw,sample_weighted,Fear,AU9,0.024923344347097788,AU9 Nose Wrinkler
mean,raw,sample_weighted,Happiness,AU9,0.011152323171938374,AU9 Nose Wrinkler
mean,raw,sample_weighted,Neutral,AU9,0.003812392647538778,AU9 Nose Wrinkler
mean,raw,sample_weighted,Sadness,AU9,0.05687240247355462,AU9 Nose Wrinkler
mean,raw,sample_weighted,Surprise,AU9,0.012330869283394063,AU9 Nose Wrinkler
mean,raw,sample_weighted,Anger,AU10,0.17947921566508507,AU10 Upper Lip Raiser
mean,raw,sample_weighted,Disgust,AU10,0.28391778615316676,AU10 Upper Lip Raiser
mean,raw,sample_weighted,Fear,AU10,0.10179740840442313,AU10 Upper Lip Raiser
mean,raw,sample_weighted,Happiness,AU10,0.2692495327891696,AU10 Upper Lip Raiser
mean,raw,sample_weighted,Neutral,AU10,0.02334323039757171,AU10 Upper Lip Raiser
mean,raw,sample_weighted,Sadness,AU10,0.038115041123698526,AU10 Upper Lip Raiser
mean,raw,sample_weighted,Surprise,AU10,0.06034147153955833,AU10 Upper Lip Raiser
mean,raw,sample_weighted,Anger,AU12,0.04706333316475577,AU12 Lip Corner Puller
mean,raw,sample_weighted,Disgust,AU12,0.058207104263989555,AU12 Lip Corner Puller
mean,raw,sample_weighted,Fear,AU12,0.03231643498667536,AU12 Lip Corner Puller
mean,raw,sample_weighted,Happiness,AU12,0.49486882300560797,AU12 Lip Corner Puller
mean,raw,sample_weighted,Neutral,AU12,0.012872030873424764,AU12 Lip Corner Puller
mean,raw,sample_weighted,Sadness,AU12,0.015823585313818368,AU12 Lip Corner Puller
mean,raw,sample_weighted,Surprise,AU12,0.013413225891819645,AU12 Lip Corner Puller
mean,raw,sample_weighted,Anger,AU14,0.03244535879608395,AU14 Dimpler
mean,raw,sample_weighted,Disgust,AU14,0.04554770461927542,AU14 Dimpler
mean,raw,sample_weighted,Fear,AU14,0.04549559717560608,AU14 Dimpler
mean,raw,sample_weighted,Happiness,AU14,0.207211243564962,AU14 Dimpler
mean,raw,sample_weighted,Neutral,AU14,0.011659965913491192,AU14 Dimpler
mean,raw,sample_weighted,Sadness,AU14,0.009465748952782129,AU14 Dimpler
mean,raw,sample_weighted,Surprise,AU14,0.021760032200762922,AU14 Dimpler
mean,raw,sample_weighted,Anger,AU15,0.09523828738826132,AU15 Lip Corner Depressor
mean,raw,sample_weighted,Disgust,AU15,0.13865860100091307,AU15 Lip Corner Depressor
mean,raw,sample_weighted,Fear,AU15,0.03069987309072793,AU15 Lip Corner Depressor
mean,raw,sample_weighted,Happiness,AU15,0.007364125419791683,AU15 Lip Corner Depressor
mean,raw,sample_weighted,Neutral,AU15,0.00582510965527434,AU15 Lip Corner Depressor
mean,raw,sample_weighted,Sadness,AU15,0.3773980928138145,AU15 Lip Corner Depressor
mean,raw,sample_weighted,Surprise,AU15,0.01729710828050818,AU15 Lip Corner Depressor
mean,raw,sample_weighted,Anger,AU16,0.018119967711928153,AU16 Lower Lip Depressor
mean,raw,sample_weighted,Disgust,AU16,0.061782228425043086,AU16 Lower Lip Depressor
mean,raw,sample_weighted,Fear,AU16,0.07113705753790345,AU16 Lower Lip Depressor
mean,raw,sample_weighted,Happiness,AU16,0.12748065661357375,AU16 Lower Lip Depressor
mean,raw,sample_weighted,Neutral,AU16,0.003520459963345996,AU16 Lower Lip Depressor
mean,raw,sample_weighted,Sadness,AU16,0.010847596062902858,AU16 Lower Lip Depressor
mean,raw,sample_weighted,Surprise,AU16,0.011782805427358878,AU16 Lower Lip Depressor
mean,raw,sample_weighted,Anger,AU17,0.2648346149697446,AU17 Chin Raiser
mean,raw,sample_weighted,Disgust,AU17,0.2074105320580851,AU17 Chin Raiser
mean,raw,sample_weighted,Fear,AU17,0.028296105825819595,AU17 Chin Raiser
mean,raw,sample_weighted,Happiness,AU17,0.06581270549086778,AU17 Chin Raiser
mean,raw,sample_weighted,Neutral,AU17,0.008287952072360947,AU17 Chin Raiser
mean,raw,sample_weighted,Sadness,AU17,0.33794737188205265,AU17 Chin Raiser
mean,raw,sample_weighted,Surprise,AU17,0.031972319130117374,AU17 Chin Raiser
mean,raw,sample_weighted,Anger,AU18,0.10966709252937429,AU18 Lip Puckerer
mean,raw,sample_weighted,Disgust,AU18,0.06129081442974615,AU18 Lip Puckerer
mean,raw,sample_weighted,Fear,AU18,0.007122103411297515,AU18 Lip Puckerer
mean,raw,sample_weighted,Happiness,AU18,0.004254009673780065,AU18 Lip Puckerer
mean,raw,sample_weighted,Neutral,AU18,0.0009686279555208243,AU18 Lip Puckerer
mean,raw,sample_weighted,Sadness,AU18,0.059379729770979765,AU18 Lip Puckerer
mean,raw,sample_weighted,Surprise,AU18,0.11061756251536568,AU18 Lip Puckerer
mean,raw,sample_weighted,Anger,AU20,0.026277869122505154,AU20 Lip Stretcher
mean,raw,sample_weighted,Disgust,AU20,0.059147459230205014,AU20 Lip Stretcher
mean,raw,sample_weighted,Fear,AU20,0.05833341794801919,AU20 Lip Stretcher
mean,raw,sample_weighted,Happiness,AU20,0.06805930189472642,AU20 Lip Stretcher
mean,raw,sample_weighted,Neutral,AU20,0.0030760260146065147,AU20 Lip Stretcher
mean,raw,sample_weighted,Sadness,AU20,0.05344508213203,AU20 Lip Stretcher
mean,raw,sample_weighted,Surprise,AU20,0.007299778089864444,AU20 Lip Stretcher
mean,raw,sample_weighted,Anger,AU22,0.007976262293808746,AU22 Lip Funneler
mean,raw,sample_weighted,Disgust,AU22,0.003287749730088756,AU22 Lip Funneler
mean,raw,sample_weighted,Fear,AU22,0.0019419525484265976,AU22 Lip Funneler
mean,raw,sample_weighted,Happiness,AU22,0.0006838134682745187,AU22 Lip Funneler
mean,raw,sample_weighted,Neutral,AU22,0.0003887717935699067,AU22 Lip Funneler
mean,raw,sample_weighted,Sadness,AU22,0.04825176794453037,AU22 Lip Funneler
mean,raw,sample_weighted,Surprise,AU22,0.030867155254937925,AU22 Lip Funneler
mean,raw,sample_weighted,Anger,AU23,0.06930227476843007,AU23 Lip Tightener
mean,raw,sample_weighted,Disgust,AU23,0.01569425314932174,AU23 Lip Tightener
mean,raw,sample_weighted,Fear,AU23,0.0030759110981741574,AU23 Lip Tightener
mean,raw,sample_weighted,Happiness,AU23,0.0009854952413467766,AU23 Lip Tightener
mean,raw,sample_weighted,Neutral,AU23,0.0004644744524907872,AU23 Lip Tightener
mean,raw,sample_weighted,Sadness,AU23,0.0646468472139599,AU23 Lip Tightener
mean,raw,sample_weighted,Surprise,AU23,0.04580194183628902,AU23 Lip Tightener
mean,raw,sample_weighted,Anger,AU24,0.013886938048488612,AU24 Lip Pressor
mean,raw,sample_weighted,Disgust,AU24,0.01690378340864746,AU24 Lip Pressor
mean,raw,sample_weighted,Fear,AU24,0.000660247927340017,AU24 Lip Pressor
mean,raw,sample_weighted,Happiness,AU24,0.0006531464421718964,AU24 Lip Pressor
mean,raw,sample_weighted,Neutral,AU24,2.3821917403019587e-05,AU24 Lip Pressor
mean,raw,sample_weighted,Sadness,AU24,0.011012760672456729,AU24 Lip Pressor
mean,raw,sample_weighted,Surprise,AU24,0.0013079372308571788,AU24 Lip Pressor
mean,raw,sample_weighted,Anger,AU26,0.040781895003790744,AU26 Jaw Drop
mean,raw,sample_weighted,Disgust,AU26,0.08006996367661344,AU26 Jaw Drop
mean,raw,sample_weighted,Fear,AU26,0.17847839831748416,AU26 Jaw Drop
mean,raw,sample_weighted,Happiness,AU26,0.08428615109682995,AU26 Jaw Drop
mean,raw,sample_weighted,Neutral,AU26,0.013873865490748075,AU26 Jaw Drop
mean,raw,sample_weighted,Sadness,AU26,0.033177679091322874,AU26 Jaw Drop
mean,raw,sample_weighted,Surprise,AU26,0.3220097643359583,AU26 Jaw Drop
mean,raw,sample_weighted,Anger,AU28,0.09554581682076917,AU28 Lip Suck
mean,raw,sample_weighted,Disgust,AU28,0.08757423554551319,AU28 Lip Suck
mean,raw,sample_weighted,Fear,AU28,0.025114868495805968,AU28 Lip Suck
mean,raw,sample_weighted,Happiness,AU28,0.13577319104132932,AU28 Lip Suck
mean,raw,sample_weighted,Neutral,AU28,0.015687002660323263,AU28 Lip Suck
mean,raw,sample_weighted,Sadness,AU28,0.026262609768908263,AU28 Lip Suck
mean,raw,sample_weighted,Surprise,AU28,0.014354181132808798,AU28 Lip Suck
mean,raw,sample_weighted,Anger,AU43,0.07358739029136677,AU43 Eyes Closed
mean,raw,sample_weighted,Disgust,AU43,0.10012209412066703,AU43 Eyes Closed
mean,raw,sample_weighted,Fear,AU43,0.017126302350770124,AU43 Eyes Closed
mean,raw,sample_weighted,Happiness,AU43,0.026167892268232445,AU43 Eyes Closed
mean,raw,sample_weighted,Neutral,AU43,0.015530469500369896,AU43 Eyes Closed
mean,raw,sample_weighted,Sadness,AU43,0.06672498143334876,AU43 Eyes Closed
mean,raw,sample_weighted,Surprise,AU43,0.019418408530793577,AU43 Eyes Closed
mean,raw,sample_weighted,Anger,AD29,0.02646016576893643,AD29 Jaw Thrust
mean,raw,sample_weighted,Disgust,AD29,0.02466994087745948,AD29 Jaw Thrust
mean,raw,sample_weighted,Fear,AD29,0.03415828804226623,AD29 Jaw Thrust
mean,raw,sample_weighted,Happiness,AD29,0.009428085618018726,AD29 Jaw Thrust
mean,raw,sample_weighted,Neutral,AD29,0.006874277560084202,AD29 Jaw Thrust
mean,raw,sample_weighted,Sadness,AD29,0.05951370729479086,AD29 Jaw Thrust
mean,raw,sample_weighted,Surprise,AD29,0.09760008666810975,AD29 Jaw Thrust
mean,raw,sample_weighted,Anger,AD30,0.01528286438956736,AD30 Jaw Sideways
mean,raw,sample_weighted,Disgust,AD30,0.008143823364722027,AD30 Jaw Sideways
mean,raw,sample_weighted,Fear,AD30,0.0032506730783848363,AD30 Jaw Sideways
mean,raw,sample_weighted,Happiness,AD30,0.003933170349956331,AD30 Jaw Sideways
mean,raw,sample_weighted,Neutral,AD30,0.0005990112855699467,AD30 Jaw Sideways
mean,raw,sample_weighted,Sadness,AD30,0.01935365684188916,AD30 Jaw Sideways
mean,raw,sample_weighted,Surprise,AD30,0.016798503028142075,AD30 Jaw Sideways
mean,raw,sample_weighted,Anger,AD34,0.009187254239662889,AD34 Cheek Puff
mean,raw,sample_weighted,Disgust,AD34,0.0032505164765854,AD34 Cheek Puff
mean,raw,sample_weighted,Fear,AD34,0.0006076858685352958,AD34 Cheek Puff
mean,raw,sample_weighted,Happiness,AD34,0.0005268458012767735,AD34 Cheek Puff
mean,raw,sample_weighted,Neutral,AD34,0.00037990170650504596,AD34 Cheek Puff
mean,raw,sample_weighted,Sadness,AD34,0.012191797143333486,AD34 Cheek Puff
mean,raw,sample_weighted,Surprise,AD34,0.005274522501637308,AD34 Cheek Puff
mean,raw,sample_weighted,Anger,AD35,1.6232301063661627e-06,AD35 Cheek Suck
mean,raw,sample_weighted,Disgust,AD35,4.2596620129593025e-05,AD35 Cheek Suck
mean,raw,sample_weighted,Fear,AD35,5.447055475857914e-05,AD35 Cheek Suck
mean,raw,sample_weighted,Happiness,AD35,9.781874803979512e-07,AD35 Cheek Suck
mean,raw,sample_weighted,Neutral,AD35,2.9788195491574565e-07,AD35 Cheek Suck
mean,raw,sample_weighted,Sadness,AD35,3.550620712803886e-06,AD35 Cheek Suck
mean,raw,sample_weighted,Surprise,AD35,0.005371571875783164,AD35 Cheek Suck
mean,raw,sample_weighted,Anger,EYE61,0.08363269206182544,EYE61 Eyes Turn Left
mean,raw,sample_weighted,Disgust,EYE61,0.08886232253177692,EYE61 Eyes Turn Left
mean,raw,sample_weighted,Fear,EYE61,0.0870817826742195,EYE61 Eyes Turn Left
mean,raw,sample_weighted,Happiness,EYE61,0.08872472216763985,EYE61 Eyes Turn Left
mean,raw,sample_weighted,Neutral,EYE61,0.09796235545275514,EYE61 Eyes Turn Left
mean,raw,sample_weighted,Sadness,EYE61,0.0905547242476303,EYE61 Eyes Turn Left
mean,raw,sample_weighted,Surprise,EYE61,0.0917508030205996,EYE61 Eyes Turn Left
mean,raw,sample_weighted,Anger,EYE62,0.06509189479673315,EYE62 Eyes Turn Right
mean,raw,sample_weighted,Disgust,EYE62,0.06894114747673048,EYE62 Eyes Turn Right
mean,raw,sample_weighted,Fear,EYE62,0.07434593859820098,EYE62 Eyes Turn Right
mean,raw,sample_weighted,Happiness,EYE62,0.07257237664318461,EYE62 Eyes Turn Right
mean,raw,sample_weighted,Neutral,EYE62,0.06306287898215399,EYE62 Eyes Turn Right
mean,raw,sample_weighted,Sadness,EYE62,0.07292068755247308,EYE62 Eyes Turn Right
mean,raw,sample_weighted,Surprise,EYE62,0.07500395871783753,EYE62 Eyes Turn Right
mean,raw,sample_weighted,Anger,EYE63,0.06909320603924805,EYE63 Eyes Up
mean,raw,sample_weighted,Disgust,EYE63,0.04566911840870223,EYE63 Eyes Up
mean,raw,sample_weighted,Fear,EYE63,0.02903247379653976,EYE63 Eyes Up
mean,raw,sample_weighted,Happiness,EYE63,0.05038823600526908,EYE63 Eyes Up
mean,raw,sample_weighted,Neutral,EYE63,0.04858795172375144,EYE63 Eyes Up
mean,raw,sample_weighted,Sadness,EYE63,0.0337737847913503,EYE63 Eyes Up
mean,raw,sample_weighted,Surprise,EYE63,0.02989626689184047,EYE63 Eyes Up
mean,raw,sample_weighted,Anger,EYE64,0.0699463775356868,EYE64 Eyes Down
mean,raw,sample_weighted,Disgust,EYE64,0.08608169498659567,EYE64 Eyes Down
mean,raw,sample_weighted,Fear,EYE64,0.017710499624112447,EYE64 Eyes Down
mean,raw,sample_weighted,Happiness,EYE64,0.03874310355009385,EYE64 Eyes Down
mean,raw,sample_weighted,Neutral,EYE64,0.018178281188716987,EYE64 Eyes Down
mean,raw,sample_weighted,Sadness,EYE64,0.048260638410155154,EYE64 Eyes Down
mean,raw,sample_weighted,Surprise,EYE64,0.018390628692022157,EYE64 Eyes Down
mean,raw,sample_weighted,Anger,UNMAPPED_MouthLeft,0.010178943211524403,MouthLeft (unmapped)
mean,raw,sample_weighted,Disgust,UNMAPPED_MouthLeft,0.011144317156828697,MouthLeft (unmapped)
mean,raw,sample_weighted,Fear,UNMAPPED_MouthLeft,0.002275451559626432,MouthLeft (unmapped)
mean,raw,sample_weighted,Happiness,UNMAPPED_MouthLeft,0.005748258014882725,MouthLeft (unmapped)
mean,raw,sample_weighted,Neutral,UNMAPPED_MouthLeft,0.0007888086403211239,MouthLeft (unmapped)
mean,raw,sample_weighted,Sadness,UNMAPPED_MouthLeft,0.0026696457146226926,MouthLeft (unmapped)
mean,raw,sample_weighted,Surprise,UNMAPPED_MouthLeft,0.0022147045658978235,MouthLeft (unmapped)
mean,raw,sample_weighted,Anger,UNMAPPED_MouthRight,0.003404548730339449,MouthRight (unmapped)
mean,raw,sample_weighted,Disgust,UNMAPPED_MouthRight,0.0033710377138422886,MouthRight (unmapped)
mean,raw,sample_weighted,Fear,UNMAPPED_MouthRight,0.0006506867993713615,MouthRight (unmapped)
mean,raw,sample_weighted,Happiness,UNMAPPED_MouthRight,0.0019768107651408156,MouthRight (unmapped)
mean,raw,sample_weighted,Neutral,UNMAPPED_MouthRight,0.000149481984671669,MouthRight (unmapped)
mean,raw,sample_weighted,Sadness,UNMAPPED_MouthRight,0.000204961286204463,MouthRight (unmapped)
mean,raw,sample_weighted,Surprise,UNMAPPED_MouthRight,0.0021562166498019565,MouthRight (unmapped)
mean,raw,participant_balanced,Anger,AU1,0.0644206204230623,AU1 Inner Brow Raiser
mean,raw,participant_balanced,Disgust,AU1,0.06517319602445967,AU1 Inner Brow Raiser
mean,raw,participant_balanced,Fear,AU1,0.14634917805438194,AU1 Inner Brow Raiser
mean,raw,participant_balanced,Happiness,AU1,0.04053001826370638,AU1 Inner Brow Raiser
mean,raw,participant_balanced,Neutral,AU1,0.01890928930989732,AU1 Inner Brow Raiser
mean,raw,participant_balanced,Sadness,AU1,0.08822854756470609,AU1 Inner Brow Raiser
mean,raw,participant_balanced,Surprise,AU1,0.1836217603533544,AU1 Inner Brow Raiser
mean,raw,participant_balanced,Anger,AU2,0.018950009533773363,AU2 Outer Brow Raiser
mean,raw,participant_balanced,Disgust,AU2,0.027745850477170347,AU2 Outer Brow Raiser
mean,raw,participant_balanced,Fear,AU2,0.14401100246234977,AU2 Outer Brow Raiser
mean,raw,participant_balanced,Happiness,AU2,0.03589776663493367,AU2 Outer Brow Raiser
mean,raw,participant_balanced,Neutral,AU2,0.014684676434398271,AU2 Outer Brow Raiser
mean,raw,participant_balanced,Sadness,AU2,0.029033462816980306,AU2 Outer Brow Raiser
mean,raw,participant_balanced,Surprise,AU2,0.18929525518589482,AU2 Outer Brow Raiser
mean,raw,participant_balanced,Anger,AU4,0.2869767237079153,AU4 Brow Lowerer
mean,raw,participant_balanced,Disgust,AU4,0.29470373183349374,AU4 Brow Lowerer
mean,raw,participant_balanced,Fear,AU4,0.060498270246230855,AU4 Brow Lowerer
mean,raw,participant_balanced,Happiness,AU4,0.05037896270302054,AU4 Brow Lowerer
mean,raw,participant_balanced,Neutral,AU4,0.03361046518943029,AU4 Brow Lowerer
mean,raw,participant_balanced,Sadness,AU4,0.18441747142878728,AU4 Brow Lowerer
mean,raw,participant_balanced,Surprise,AU4,0.03401692344283001,AU4 Brow Lowerer
mean,raw,participant_balanced,Anger,AU5,0.08040110827726714,AU5 Upper Lid Raiser
mean,raw,participant_balanced,Disgust,AU5,0.046438407043494084,AU5 Upper Lid Raiser
mean,raw,participant_balanced,Fear,AU5,0.22375441800996237,AU5 Upper Lid Raiser
mean,raw,participant_balanced,Happiness,AU5,0.05726538332404932,AU5 Upper Lid Raiser
mean,raw,participant_balanced,Neutral,AU5,0.047027126453073484,AU5 Upper Lid Raiser
mean,raw,participant_balanced,Sadness,AU5,0.05420578357634583,AU5 Upper Lid Raiser
mean,raw,participant_balanced,Surprise,AU5,0.19485493301364917,AU5 Upper Lid Raiser
mean,raw,participant_balanced,Anger,AU6,0.18758947336038678,AU6 Cheek Raiser
mean,raw,participant_balanced,Disgust,AU6,0.2641443162009108,AU6 Cheek Raiser
mean,raw,participant_balanced,Fear,AU6,0.05582453710404695,AU6 Cheek Raiser
mean,raw,participant_balanced,Happiness,AU6,0.3819162762411527,AU6 Cheek Raiser
mean,raw,participant_balanced,Neutral,AU6,0.04101488036893414,AU6 Cheek Raiser
mean,raw,participant_balanced,Sadness,AU6,0.10126551446833436,AU6 Cheek Raiser
mean,raw,participant_balanced,Surprise,AU6,0.03864371532836949,AU6 Cheek Raiser
mean,raw,participant_balanced,Anger,AU7,0.28378659642780535,AU7 Lid Tightener
mean,raw,participant_balanced,Disgust,AU7,0.2924868917799117,AU7 Lid Tightener
mean,raw,participant_balanced,Fear,AU7,0.07939362898259916,AU7 Lid Tightener
mean,raw,participant_balanced,Happiness,AU7,0.1948712026386778,AU7 Lid Tightener
mean,raw,participant_balanced,Neutral,AU7,0.039131101889845143,AU7 Lid Tightener
mean,raw,participant_balanced,Sadness,AU7,0.11669928683286315,AU7 Lid Tightener
mean,raw,participant_balanced,Surprise,AU7,0.05903056633011286,AU7 Lid Tightener
mean,raw,participant_balanced,Anger,AU8,0.03440729368222137,AU8 Lips Toward Each Other
mean,raw,participant_balanced,Disgust,AU8,0.041648974157316075,AU8 Lips Toward Each Other
mean,raw,participant_balanced,Fear,AU8,0.028297687543006933,AU8 Lips Toward Each Other
mean,raw,participant_balanced,Happiness,AU8,0.02779107001737677,AU8 Lips Toward Each Other
mean,raw,participant_balanced,Neutral,AU8,0.011114356270719961,AU8 Lips Toward Each Other
mean,raw,participant_balanced,Sadness,AU8,0.032701303975675,AU8 Lips Toward Each Other
mean,raw,participant_balanced,Surprise,AU8,0.06306518813299909,AU8 Lips Toward Each Other
mean,raw,participant_balanced,Anger,AU9,0.18684331410192284,AU9 Nose Wrinkler
mean,raw,participant_balanced,Disgust,AU9,0.3251388963544949,AU9 Nose Wrinkler
mean,raw,participant_balanced,Fear,AU9,0.024692511290105173,AU9 Nose Wrinkler
mean,raw,participant_balanced,Happiness,AU9,0.011654239917598869,AU9 Nose Wrinkler
mean,raw,participant_balanced,Neutral,AU9,0.003813301579138761,AU9 Nose Wrinkler
mean,raw,participant_balanced,Sadness,AU9,0.06157191648728804,AU9 Nose Wrinkler
mean,raw,participant_balanced,Surprise,AU9,0.011907363086595254,AU9 Nose Wrinkler
mean,raw,participant_balanced,Anger,AU10,0.16958419810908582,AU10 Upper Lip Raiser
mean,raw,participant_balanced,Disgust,AU10,0.26791358551058003,AU10 Upper Lip Raiser
mean,raw,participant_balanced,Fear,AU10,0.10510554487677527,AU10 Upper Lip Raiser
mean,raw,participant_balanced,Happiness,AU10,0.2672504651881971,AU10 Upper Lip Raiser
mean,raw,participant_balanced,Neutral,AU10,0.02315127761473235,AU10 Upper Lip Raiser
mean,raw,participant_balanced,Sadness,AU10,0.04179393732031299,AU10 Upper Lip Raiser
mean,raw,participant_balanced,Surprise,AU10,0.06391461187532169,AU10 Upper Lip Raiser
mean,raw,participant_balanced,Anger,AU12,0.04437732253243985,AU12 Lip Corner Puller
mean,raw,participant_balanced,Disgust,AU12,0.05783915618564184,AU12 Lip Corner Puller
mean,raw,participant_balanced,Fear,AU12,0.032164335893577076,AU12 Lip Corner Puller
mean,raw,participant_balanced,Happiness,AU12,0.5000415038928555,AU12 Lip Corner Puller
mean,raw,participant_balanced,Neutral,AU12,0.013105300332002714,AU12 Lip Corner Puller
mean,raw,participant_balanced,Sadness,AU12,0.01677484611681225,AU12 Lip Corner Puller
mean,raw,participant_balanced,Surprise,AU12,0.014492879929745371,AU12 Lip Corner Puller
mean,raw,participant_balanced,Anger,AU14,0.03126003246751918,AU14 Dimpler
mean,raw,participant_balanced,Disgust,AU14,0.043927814936979566,AU14 Dimpler
mean,raw,participant_balanced,Fear,AU14,0.04173198808267294,AU14 Dimpler
mean,raw,participant_balanced,Happiness,AU14,0.20944345264628084,AU14 Dimpler
mean,raw,participant_balanced,Neutral,AU14,0.011602540649971575,AU14 Dimpler
mean,raw,participant_balanced,Sadness,AU14,0.010269379695379574,AU14 Dimpler
mean,raw,participant_balanced,Surprise,AU14,0.022925741212539527,AU14 Dimpler
mean,raw,participant_balanced,Anger,AU15,0.08971182929631139,AU15 Lip Corner Depressor
mean,raw,participant_balanced,Disgust,AU15,0.14029403629863454,AU15 Lip Corner Depressor
mean,raw,participant_balanced,Fear,AU15,0.028674605542567372,AU15 Lip Corner Depressor
mean,raw,participant_balanced,Happiness,AU15,0.00749249705130417,AU15 Lip Corner Depressor
mean,raw,participant_balanced,Neutral,AU15,0.006163766507783931,AU15 Lip Corner Depressor
mean,raw,participant_balanced,Sadness,AU15,0.37577227190302837,AU15 Lip Corner Depressor
mean,raw,participant_balanced,Surprise,AU15,0.015797321156444562,AU15 Lip Corner Depressor
mean,raw,participant_balanced,Anger,AU16,0.01480280655819705,AU16 Lower Lip Depressor
mean,raw,participant_balanced,Disgust,AU16,0.056220867729977725,AU16 Lower Lip Depressor
mean,raw,participant_balanced,Fear,AU16,0.06623152212488351,AU16 Lower Lip Depressor
mean,raw,participant_balanced,Happiness,AU16,0.13250091414408482,AU16 Lower Lip Depressor
mean,raw,participant_balanced,Neutral,AU16,0.0036682739297979852,AU16 Lower Lip Depressor
mean,raw,participant_balanced,Sadness,AU16,0.010203509863275145,AU16 Lower Lip Depressor
mean,raw,participant_balanced,Surprise,AU16,0.012422237110639504,AU16 Lower Lip Depressor
mean,raw,participant_balanced,Anger,AU17,0.2479550394985283,AU17 Chin Raiser
mean,raw,participant_balanced,Disgust,AU17,0.2258504832446756,AU17 Chin Raiser
mean,raw,participant_balanced,Fear,AU17,0.03789404167565558,AU17 Chin Raiser
mean,raw,participant_balanced,Happiness,AU17,0.06523073758540641,AU17 Chin Raiser
mean,raw,participant_balanced,Neutral,AU17,0.00784915611199656,AU17 Chin Raiser
mean,raw,participant_balanced,Sadness,AU17,0.32562145544610005,AU17 Chin Raiser
mean,raw,participant_balanced,Surprise,AU17,0.03120401489332107,AU17 Chin Raiser
mean,raw,participant_balanced,Anger,AU18,0.09384967936060487,AU18 Lip Puckerer
mean,raw,participant_balanced,Disgust,AU18,0.0767507836483865,AU18 Lip Puckerer
mean,raw,participant_balanced,Fear,AU18,0.008419605729252615,AU18 Lip Puckerer
mean,raw,participant_balanced,Happiness,AU18,0.004084270651645642,AU18 Lip Puckerer
mean,raw,participant_balanced,Neutral,AU18,0.0009403583276860073,AU18 Lip Puckerer
mean,raw,participant_balanced,Sadness,AU18,0.0584522457173455,AU18 Lip Puckerer
mean,raw,participant_balanced,Surprise,AU18,0.10539186344879162,AU18 Lip Puckerer
mean,raw,participant_balanced,Anger,AU20,0.021424793595801142,AU20 Lip Stretcher
mean,raw,participant_balanced,Disgust,AU20,0.056069363949578094,AU20 Lip Stretcher
mean,raw,participant_balanced,Fear,AU20,0.05189320105850354,AU20 Lip Stretcher
mean,raw,participant_balanced,Happiness,AU20,0.07355700134904106,AU20 Lip Stretcher
mean,raw,participant_balanced,Neutral,AU20,0.003240296708833007,AU20 Lip Stretcher
mean,raw,participant_balanced,Sadness,AU20,0.05413175185354541,AU20 Lip Stretcher
mean,raw,participant_balanced,Surprise,AU20,0.007590212345059654,AU20 Lip Stretcher
mean,raw,participant_balanced,Anger,AU22,0.007195972040755957,AU22 Lip Funneler
mean,raw,participant_balanced,Disgust,AU22,0.003238655850016655,AU22 Lip Funneler
mean,raw,participant_balanced,Fear,AU22,0.0017797079271757725,AU22 Lip Funneler
mean,raw,participant_balanced,Happiness,AU22,0.0006850035924789604,AU22 Lip Funneler
mean,raw,participant_balanced,Neutral,AU22,0.00038579787749220174,AU22 Lip Funneler
mean,raw,participant_balanced,Sadness,AU22,0.03915799718197837,AU22 Lip Funneler
mean,raw,participant_balanced,Surprise,AU22,0.02870121175956961,AU22 Lip Funneler
mean,raw,participant_balanced,Anger,AU23,0.055404162168033025,AU23 Lip Tightener
mean,raw,participant_balanced,Disgust,AU23,0.01954588251163025,AU23 Lip Tightener
mean,raw,participant_balanced,Fear,AU23,0.0029553832802991873,AU23 Lip Tightener
mean,raw,participant_balanced,Happiness,AU23,0.0009767405322703235,AU23 Lip Tightener
mean,raw,participant_balanced,Neutral,AU23,0.00048410565635742677,AU23 Lip Tightener
mean,raw,participant_balanced,Sadness,AU23,0.058077122092103486,AU23 Lip Tightener
mean,raw,participant_balanced,Surprise,AU23,0.04482896038042551,AU23 Lip Tightener
mean,raw,participant_balanced,Anger,AU24,0.011755012949841978,AU24 Lip Pressor
mean,raw,participant_balanced,Disgust,AU24,0.02416471827445853,AU24 Lip Pressor
mean,raw,participant_balanced,Fear,AU24,0.0008298617160362171,AU24 Lip Pressor
mean,raw,participant_balanced,Happiness,AU24,0.0006345635539129816,AU24 Lip Pressor
mean,raw,participant_balanced,Neutral,AU24,2.2254138712464374e-05,AU24 Lip Pressor
mean,raw,participant_balanced,Sadness,AU24,0.011326912638650122,AU24 Lip Pressor
mean,raw,participant_balanced,Surprise,AU24,0.0012699620174420475,AU24 Lip Pressor
mean,raw,participant_balanced,Anger,AU26,0.03455470382837111,AU26 Jaw Drop
mean,raw,participant_balanced,Disgust,AU26,0.0807016154000237,AU26 Jaw Drop
mean,raw,participant_balanced,Fear,AU26,0.16789529847448956,AU26 Jaw Drop
mean,raw,participant_balanced,Happiness,AU26,0.08440170597890115,AU26 Jaw Drop
mean,raw,participant_balanced,Neutral,AU26,0.01473328786889053,AU26 Jaw Drop
mean,raw,participant_balanced,Sadness,AU26,0.03373230221579425,AU26 Jaw Drop
mean,raw,participant_balanced,Surprise,AU26,0.3199201380001418,AU26 Jaw Drop
mean,raw,participant_balanced,Anger,AU28,0.09702299910308443,AU28 Lip Suck
mean,raw,participant_balanced,Disgust,AU28,0.08759319554022199,AU28 Lip Suck
mean,raw,participant_balanced,Fear,AU28,0.026288438037291844,AU28 Lip Suck
mean,raw,participant_balanced,Happiness,AU28,0.1372580205046556,AU28 Lip Suck
mean,raw,participant_balanced,Neutral,AU28,0.01652622036409322,AU28 Lip Suck
mean,raw,participant_balanced,Sadness,AU28,0.03128597610221154,AU28 Lip Suck
mean,raw,participant_balanced,Surprise,AU28,0.014715052499995262,AU28 Lip Suck
mean,raw,participant_balanced,Anger,AU43,0.07321262136567608,AU43 Eyes Closed
mean,raw,participant_balanced,Disgust,AU43,0.12476010325100055,AU43 Eyes Closed
mean,raw,participant_balanced,Fear,AU43,0.017295388890878272,AU43 Eyes Closed
mean,raw,participant_balanced,Happiness,AU43,0.02488578332687667,AU43 Eyes Closed
mean,raw,participant_balanced,Neutral,AU43,0.0158966074032735,AU43 Eyes Closed
mean,raw,participant_balanced,Sadness,AU43,0.07927675965446523,AU43 Eyes Closed
mean,raw,participant_balanced,Surprise,AU43,0.021231376230101313,AU43 Eyes Closed
mean,raw,participant_balanced,Anger,AD29,0.030360009583075012,AD29 Jaw Thrust
mean,raw,participant_balanced,Disgust,AD29,0.028866564657758737,AD29 Jaw Thrust
mean,raw,participant_balanced,Fear,AD29,0.03767523441595933,AD29 Jaw Thrust
mean,raw,participant_balanced,Happiness,AD29,0.009843013204003341,AD29 Jaw Thrust
mean,raw,participant_balanced,Neutral,AD29,0.0059673610673881845,AD29 Jaw Thrust
mean,raw,participant_balanced,Sadness,AD29,0.04961322678008128,AD29 Jaw Thrust
mean,raw,participant_balanced,Surprise,AD29,0.09746576758857013,AD29 Jaw Thrust
mean,raw,participant_balanced,Anger,AD30,0.012961088868095851,AD30 Jaw Sideways
mean,raw,participant_balanced,Disgust,AD30,0.008444081954335391,AD30 Jaw Sideways
mean,raw,participant_balanced,Fear,AD30,0.0031613203322448857,AD30 Jaw Sideways
mean,raw,participant_balanced,Happiness,AD30,0.003941449761310304,AD30 Jaw Sideways
mean,raw,participant_balanced,Neutral,AD30,0.0005644423370658941,AD30 Jaw Sideways
mean,raw,participant_balanced,Sadness,AD30,0.0175221958668908,AD30 Jaw Sideways
mean,raw,participant_balanced,Surprise,AD30,0.015963719234924904,AD30 Jaw Sideways
mean,raw,participant_balanced,Anger,AD34,0.007622090043010402,AD34 Cheek Puff
mean,raw,participant_balanced,Disgust,AD34,0.003107608424398332,AD34 Cheek Puff
mean,raw,participant_balanced,Fear,AD34,0.000789158617155146,AD34 Cheek Puff
mean,raw,participant_balanced,Happiness,AD34,0.0005062325833867338,AD34 Cheek Puff
mean,raw,participant_balanced,Neutral,AD34,0.0003380178768315149,AD34 Cheek Puff
mean,raw,participant_balanced,Sadness,AD34,0.010523183761215277,AD34 Cheek Puff
mean,raw,participant_balanced,Surprise,AD34,0.004772459771189417,AD34 Cheek Puff
mean,raw,participant_balanced,Anger,AD35,1.314075416018206e-06,AD35 Cheek Suck
mean,raw,participant_balanced,Disgust,AD35,3.65115342233237e-05,AD35 Cheek Suck
mean,raw,participant_balanced,Fear,AD35,4.758208343773492e-05,AD35 Cheek Suck
mean,raw,participant_balanced,Happiness,AD35,1.3514213180135167e-06,AD35 Cheek Suck
mean,raw,participant_balanced,Neutral,AD35,3.572289047119977e-07,AD35 Cheek Suck
mean,raw,participant_balanced,Sadness,AD35,2.7052348309411873e-06,AD35 Cheek Suck
mean,raw,participant_balanced,Surprise,AD35,0.005034631438986744,AD35 Cheek Suck
mean,raw,participant_balanced,Anger,EYE61,0.09140977974412305,EYE61 Eyes Turn Left
mean,raw,participant_balanced,Disgust,EYE61,0.08904646581496019,EYE61 Eyes Turn Left
mean,raw,participant_balanced,Fear,EYE61,0.09671939656620855,EYE61 Eyes Turn Left
mean,raw,participant_balanced,Happiness,EYE61,0.08950198612632457,EYE61 Eyes Turn Left
mean,raw,participant_balanced,Neutral,EYE61,0.09701579608491272,EYE61 Eyes Turn Left
mean,raw,participant_balanced,Sadness,EYE61,0.08692684571537815,EYE61 Eyes Turn Left
mean,raw,participant_balanced,Surprise,EYE61,0.09112854217276217,EYE61 Eyes Turn Left
mean,raw,participant_balanced,Anger,EYE62,0.061175415699820705,EYE62 Eyes Turn Right
mean,raw,participant_balanced,Disgust,EYE62,0.06760829686803349,EYE62 Eyes Turn Right
mean,raw,participant_balanced,Fear,EYE62,0.06814260745614496,EYE62 Eyes Turn Right
mean,raw,participant_balanced,Happiness,EYE62,0.07307951154764962,EYE62 Eyes Turn Right
mean,raw,participant_balanced,Neutral,EYE62,0.06327467599257502,EYE62 Eyes Turn Right
mean,raw,participant_balanced,Sadness,EYE62,0.06885546042633625,EYE62 Eyes Turn Right
mean,raw,participant_balanced,Surprise,EYE62,0.07293524783127552,EYE62 Eyes Turn Right
mean,raw,participant_balanced,Anger,EYE63,0.0633590898668228,EYE63 Eyes Up
mean,raw,participant_balanced,Disgust,EYE63,0.036507765446654766,EYE63 Eyes Up
mean,raw,participant_balanced,Fear,EYE63,0.032897894017087384,EYE63 Eyes Up
mean,raw,participant_balanced,Happiness,EYE63,0.05050116615972655,EYE63 Eyes Up
mean,raw,participant_balanced,Neutral,EYE63,0.050018964233022885,EYE63 Eyes Up
mean,raw,participant_balanced,Sadness,EYE63,0.03270638754106569,EYE63 Eyes Up
mean,raw,participant_balanced,Surprise,EYE63,0.0310993590390578,EYE63 Eyes Up
mean,raw,participant_balanced,Anger,EYE64,0.07416498521670398,EYE64 Eyes Down
mean,raw,participant_balanced,Disgust,EYE64,0.08964540942162946,EYE64 Eyes Down
mean,raw,participant_balanced,Fear,EYE64,0.014758226530923865,EYE64 Eyes Down
mean,raw,participant_balanced,Happiness,EYE64,0.037092857675851416,EYE64 Eyes Down
mean,raw,participant_balanced,Neutral,EYE64,0.017496808350154602,EYE64 Eyes Down
mean,raw,participant_balanced,Sadness,EYE64,0.06001887357128682,EYE64 Eyes Down
mean,raw,participant_balanced,Surprise,EYE64,0.01834436871002377,EYE64 Eyes Down
mean,raw,participant_balanced,Anger,UNMAPPED_MouthLeft,0.009213017598238714,MouthLeft (unmapped)
mean,raw,participant_balanced,Disgust,UNMAPPED_MouthLeft,0.010478409817599309,MouthLeft (unmapped)
mean,raw,participant_balanced,Fear,UNMAPPED_MouthLeft,0.0024137445339761318,MouthLeft (unmapped)
mean,raw,participant_balanced,Happiness,UNMAPPED_MouthLeft,0.005742204151129592,MouthLeft (unmapped)
mean,raw,participant_balanced,Neutral,UNMAPPED_MouthLeft,0.0008680271875920822,MouthLeft (unmapped)
mean,raw,participant_balanced,Sadness,UNMAPPED_MouthLeft,0.0029475843392158477,MouthLeft (unmapped)
mean,raw,participant_balanced,Surprise,UNMAPPED_MouthLeft,0.0019600802693956944,MouthLeft (unmapped)
mean,raw,participant_balanced,Anger,UNMAPPED_MouthRight,0.0027783875340275394,MouthRight (unmapped)
mean,raw,participant_balanced,Disgust,UNMAPPED_MouthRight,0.002996694412366994,MouthRight (unmapped)
mean,raw,participant_balanced,Fear,UNMAPPED_MouthRight,0.000675042019922917,MouthRight (unmapped)
mean,raw,participant_balanced,Happiness,UNMAPPED_MouthRight,0.0019429827147826055,MouthRight (unmapped)
mean,raw,participant_balanced,Neutral,UNMAPPED_MouthRight,0.00015924928964050034,MouthRight (unmapped)
mean,raw,participant_balanced,Sadness,UNMAPPED_MouthRight,0.00022206502218623182,MouthRight (unmapped)
mean,raw,participant_balanced,Surprise,UNMAPPED_MouthRight,0.0019868088455028405,MouthRight (unmapped)
mean,standardized,sample_weighted,Anger,AU1,-0.1803334900641473,AU1 Inner Brow Raiser
mean,standardized,sample_weighted,Disgust,AU1,-0.16848581112210678,AU1 Inner Brow Raiser
mean,standardized,sample_weighted,Fear,AU1,0.6237270068975959,AU1 Inner Brow Raiser
mean,standardized,sample_weighted,Happiness,AU1,-0.34848217006468724,AU1 Inner Brow Raiser
mean,standardized,sample_weighted,Neutral,AU1,-0.5375056077408952,AU1 Inner Brow Raiser
mean,standardized,sample_weighted,Sadness,AU1,-0.022426404479011022,AU1 Inner Brow Raiser
mean,standardized,sample_weighted,Surprise,AU1,0.740338048024867,AU1 Inner Brow Raiser
mean,standardized,sample_weighted,Anger,AU2,-0.3925235872970967,AU2 Outer Brow Raiser
mean,standardized,sample_weighted,Disgust,AU2,-0.3055876428592287,AU2 Outer Brow Raiser
mean,standardized,sample_weighted,Fear,AU2,0.7053054672532041,AU2 Outer Brow Raiser
mean,standardized,sample_weighted,Happiness,AU2,-0.2603052838436227,AU2 Outer Brow Raiser
mean,standardized,sample_weighted,Neutral,AU2,-0.4336419883345744,AU2 Outer Brow Raiser
mean,standardized,sample_weighted,Sadness,AU2,-0.3014611966734926,AU2 Outer Brow Raiser
mean,standardized,sample_weighted,Surprise,AU2,0.9443842391929121,AU2 Outer Brow Raiser
mean,standardized,sample_weighted,Anger,AU4,1.0798165791908263,AU4 Brow Lowerer
mean,standardized,sample_weighted,Disgust,AU4,0.9905089082642184,AU4 Brow Lowerer
mean,standardized,sample_weighted,Fear,AU4,-0.27243177598894625,AU4 Brow Lowerer
mean,standardized,sample_weighted,Happiness,AU4,-0.37934530949426454,AU4 Brow Lowerer
mean,standardized,sample_weighted,Neutral,AU4,-0.48981106785875944,AU4 Brow Lowerer
mean,standardized,sample_weighted,Sadness,AU4,0.24585860596130163,AU4 Brow Lowerer
mean,standardized,sample_weighted,Surprise,AU4,-0.48037425892584645,AU4 Brow Lowerer
mean,standardized,sample_weighted,Anger,AU5,-0.041155504421294245,AU5 Upper Lid Raiser
mean,standardized,sample_weighted,Disgust,AU5,-0.24497807175180816,AU5 Upper Lid Raiser
mean,standardized,sample_weighted,Fear,AU5,0.7230292247948821,AU5 Upper Lid Raiser
mean,standardized,sample_weighted,Happiness,AU5,-0.2521151740613512,AU5 Upper Lid Raiser
mean,standardized,sample_weighted,Neutral,AU5,-0.32132840967785076,AU5 Upper Lid Raiser
mean,standardized,sample_weighted,Sadness,AU5,-0.2561552629697893,AU5 Upper Lid Raiser
mean,standardized,sample_weighted,Surprise,AU5,0.49680655160081927,AU5 Upper Lid Raiser
mean,standardized,sample_weighted,Anger,AU6,0.2485668322607252,AU6 Cheek Raiser
mean,standardized,sample_weighted,Disgust,AU6,0.5715039120548924,AU6 Cheek Raiser
mean,standardized,sample_weighted,Fear,AU6,-0.48037147890955434,AU6 Cheek Raiser
mean,standardized,sample_weighted,Happiness,AU6,1.1715803516498913,AU6 Cheek Raiser
mean,standardized,sample_weighted,Neutral,AU6,-0.5670418153888277,AU6 Cheek Raiser
mean,standardized,sample_weighted,Sadness,AU6,-0.3148225422273475,AU6 Cheek Raiser
mean,standardized,sample_weighted,Surprise,AU6,-0.5825228628255777,AU6 Cheek Raiser
mean,standardized,sample_weighted,Anger,AU7,0.8118796613044349,AU7 Lid Tightener
mean,standardized,sample_weighted,Disgust,AU7,0.8971609456395477,AU7 Lid Tightener
mean,standardized,sample_weighted,Fear,AU7,-0.36450825276623167,AU7 Lid Tightener
mean,standardized,sample_weighted,Happiness,AU7,0.323741539995086,AU7 Lid Tightener
mean,standardized,sample_weighted,Neutral,AU7,-0.574537078300643,AU7 Lid Tightener
mean,standardized,sample_weighted,Sadness,AU7,-0.18985081532360482,AU7 Lid Tightener
mean,standardized,sample_weighted,Surprise,AU7,-0.45951976700039526,AU7 Lid Tightener
mean,standardized,sample_weighted,Anger,AU8,0.036552701240214695,AU8 Lips Toward Each Other
mean,standardized,sample_weighted,Disgust,AU8,0.11548286693191696,AU8 Lips Toward Each Other
mean,standardized,sample_weighted,Fear,AU8,-0.08013650817277493,AU8 Lips Toward Each Other
mean,standardized,sample_weighted,Happiness,AU8,-0.13374973402057583,AU8 Lips Toward Each Other
mean,standardized,sample_weighted,Neutral,AU8,-0.507073927301774,AU8 Lips Toward Each Other
mean,standardized,sample_weighted,Sadness,AU8,-0.02927776793923201,AU8 Lips Toward Each Other
mean,standardized,sample_weighted,Surprise,AU8,0.6715366952855273,AU8 Lips Toward Each Other
mean,standardized,sample_weighted,Anger,AU9,0.7554668039885434,AU9 Nose Wrinkler
mean,standardized,sample_weighted,Disgust,AU9,1.4599086276160835,AU9 Nose Wrinkler
mean,standardized,sample_weighted,Fear,AU9,-0.3012376893405073,AU9 Nose Wrinkler
mean,standardized,sample_weighted,Happiness,AU9,-0.37856988626016547,AU9 Nose Wrinkler
mean,standardized,sample_weighted,Neutral,AU9,-0.4197878137812818,AU9 Nose Wrinkler
mean,standardized,sample_weighted,Sadness,AU9,-0.12182536958534841,AU9 Nose Wrinkler
mean,standardized,sample_weighted,Surprise,AU9,-0.3719516726352827,AU9 Nose Wrinkler
mean,standardized,sample_weighted,Anger,AU10,0.28056114166407803,AU10 Upper Lip Raiser
mean,standardized,sample_weighted,Disgust,AU10,0.8914271605258565,AU10 Upper Lip Raiser
mean,standardized,sample_weighted,Fear,AU10,-0.17380333419519067,AU10 Upper Lip Raiser
mean,standardized,sample_weighted,Happiness,AU10,0.8056318696266634,AU10 Upper Lip Raiser
mean,standardized,sample_weighted,Neutral,AU10,-0.6326854421955841,AU10 Upper Lip Raiser
mean,standardized,sample_weighted,Sadness,AU10,-0.5462844395058877,AU10 Upper Lip Raiser
mean,standardized,sample_weighted,Surprise,AU10,-0.4162810222033304,AU10 Upper Lip Raiser
mean,standardized,sample_weighted,Anger,AU12,-0.2764392644828435,AU12 Lip Corner Puller
mean,standardized,sample_weighted,Disgust,AU12,-0.22630653780064794,AU12 Lip Corner Puller
mean,standardized,sample_weighted,Fear,AU12,-0.34278145773039737,AU12 Lip Corner Puller
mean,standardized,sample_weighted,Happiness,AU12,1.738113083108156,AU12 Lip Corner Puller
mean,standardized,sample_weighted,Neutral,AU12,-0.43025642363083444,AU12 Lip Corner Puller
mean,standardized,sample_weighted,Sadness,AU12,-0.41697820113952294,AU12 Lip Corner Puller
mean,standardized,sample_weighted,Surprise,AU12,-0.427821737769347,AU12 Lip Corner Puller
mean,standardized,sample_weighted,Anger,AU14,-0.24975603546459021,AU14 Dimpler
mean,standardized,sample_weighted,Disgust,AU14,-0.1186603342008345,AU14 Dimpler
mean,standardized,sample_weighted,Fear,AU14,-0.11918169594483628,AU14 Dimpler
mean,standardized,sample_weighted,Happiness,AU14,1.4988664272553047,AU14 Dimpler
mean,standardized,sample_weighted,Neutral,AU14,-0.45772456970699116,AU14 Dimpler
mean,standardized,sample_weighted,Sadness,AU14,-0.47967883767325337,AU14 Dimpler
mean,standardized,sample_weighted,Surprise,AU14,-0.35666821761493606,AU14 Dimpler
mean,standardized,sample_weighted,Anger,AU15,0.04240853653101539,AU15 Lip Corner Depressor
mean,standardized,sample_weighted,Disgust,AU15,0.2956940354981885,AU15 Lip Corner Depressor
mean,standardized,sample_weighted,Fear,AU15,-0.33406604662671224,AU15 Lip Corner Depressor
mean,standardized,sample_weighted,Happiness,AU15,-0.47019142207501186,AU15 Lip Corner Depressor
mean,standardized,sample_weighted,Neutral,AU15,-0.47916902595211835,AU15 Lip Corner Depressor
mean,standardized,sample_weighted,Sadness,AU15,1.688342919760982,AU15 Lip Corner Depressor
mean,standardized,sample_weighted,Surprise,AU15,-0.41224894513776833,AU15 Lip Corner Depressor
mean,standardized,sample_weighted,Anger,AU16,-0.25672151533082904,AU16 Lower Lip Depressor
mean,standardized,sample_weighted,Disgust,AU16,0.16991983790566806,AU16 Lower Lip Depressor
mean,standardized,sample_weighted,Fear,AU16,0.26132960200906674,AU16 Lower Lip Depressor
mean,standardized,sample_weighted,Happiness,AU16,0.8118853671767214,AU16 Lower Lip Depressor
mean,standardized,sample_weighted,Neutral,AU16,-0.39937912491655697,AU16 Lower Lip Depressor
mean,standardized,sample_weighted,Sadness,AU16,-0.3277827574860463,AU16 Lower Lip Depressor
mean,standardized,sample_weighted,Surprise,AU16,-0.3186444540108185,AU16 Lower Lip Depressor
mean,standardized,sample_weighted,Anger,AU17,0.8447646498687568,AU17 Chin Raiser
mean,standardized,sample_weighted,Disgust,AU17,0.5080868500599914,AU17 Chin Raiser
mean,standardized,sample_weighted,Fear,AU17,-0.5420622838958656,AU17 Chin Raiser
mean,standardized,sample_weighted,Happiness,AU17,-0.32210219762045983,AU17 Chin Raiser
mean,standardized,sample_weighted,Neutral,AU17,-0.6593702293150897,AU17 Chin Raiser
mean,standardized,sample_weighted,Sadness,AU17,1.2734252550900378,AU17 Chin Raiser
mean,standardized,sample_weighted,Surprise,AU17,-0.5205086195766156,AU17 Chin Raiser
mean,standardized,sample_weighted,Anger,AU18,0.5746825683476752,AU18 Lip Puckerer
mean,standardized,sample_weighted,Disgust,AU18,0.13355314421069842,AU18 Lip Puckerer
mean,standardized,sample_weighted,Fear,AU18,-0.3603958166539497,AU18 Lip Puckerer
mean,standardized,sample_weighted,Happiness,AU18,-0.3865491419717084,AU18 Lip Puckerer
mean,standardized,sample_weighted,Neutral,AU18,-0.4165075968669185,AU18 Lip Puckerer
mean,standardized,sample_weighted,Sadness,AU18,0.11612651057711375,AU18 Lip Puckerer
mean,standardized,sample_weighted,Surprise,AU18,0.5833496319178899,AU18 Lip Puckerer
mean,standardized,sample_weighted,Anger,AU20,-0.1539089612458223,AU20 Lip Stretcher
mean,standardized,sample_weighted,Disgust,AU20,0.2740003187614773,AU20 Lip Stretcher
mean,standardized,sample_weighted,Fear,AU20,0.263402808484805,AU20 Lip Stretcher
mean,standardized,sample_weighted,Happiness,AU20,0.3900181992893018,AU20 Lip Stretcher
mean,standardized,sample_weighted,Neutral,AU20,-0.4559597001388967,AU20 Lip Stretcher
mean,standardized,sample_weighted,Sadness,AU20,0.1997645260298065,AU20 Lip Stretcher
mean,standardized,sample_weighted,Surprise,AU20,-0.40097323077524105,AU20 Lip Stretcher
mean,standardized,sample_weighted,Anger,AU22,-0.1154580658047479,AU22 Lip Funneler
mean,standardized,sample_weighted,Disgust,AU22,-0.2158917968161281,AU22 Lip Funneler
mean,standardized,sample_weighted,Fear,AU22,-0.24472043496137574,AU22 Lip Funneler
mean,standardized,sample_weighted,Happiness,AU22,-0.27167132828491675,AU22 Lip Funneler
mean,standardized,sample_weighted,Neutral,AU22,-0.2779914854332041,AU22 Lip Funneler
mean,standardized,sample_weighted,Sadness,AU22,0.7472930190856962,AU22 Lip Funneler
mean,standardized,sample_weighted,Surprise,AU22,0.3748931394065362,AU22 Lip Funneler
mean,standardized,sample_weighted,Anger,AU23,0.5922764701647252,AU23 Lip Tightener
mean,standardized,sample_weighted,Disgust,AU23,-0.14114545096687006,AU23 Lip Tightener
mean,standardized,sample_weighted,Fear,AU23,-0.3137794782847054,AU23 Lip Tightener
mean,standardized,sample_weighted,Happiness,AU23,-0.34237887008042506,AU23 Lip Tightener
mean,standardized,sample_weighted,Neutral,AU23,-0.3495070582950047,AU23 Lip Tightener
mean,standardized,sample_weighted,Sadness,AU23,0.528584647232923,AU23 Lip Tightener
mean,standardized,sample_weighted,Surprise,AU23,0.27076377848614613,AU23 Lip Tightener
mean,standardized,sample_weighted,Anger,AU24,0.31409074443391755,AU24 Lip Pressor
mean,standardized,sample_weighted,Disgust,AU24,0.4259405207052137,AU24 Lip Pressor
mean,standardized,sample_weighted,Fear,AU24,-0.17628982011127264,AU24 Lip Pressor
mean,standardized,sample_weighted,Happiness,AU24,-0.17655310822598277,AU24 Lip Pressor
mean,standardized,sample_weighted,Neutral,AU24,-0.1998853639083663,AU24 Lip Pressor
mean,standardized,sample_weighted,Sadness,AU24,0.20753039476579255,AU24 Lip Pressor
mean,standardized,sample_weighted,Surprise,AU24,-0.15227668882903425,AU24 Lip Pressor
mean,standardized,sample_weighted,Anger,AU26,-0.4531650790904309,AU26 Jaw Drop
mean,standardized,sample_weighted,Disgust,AU26,-0.19645323386063335,AU26 Jaw Drop
mean,standardized,sample_weighted,Fear,AU26,0.4465565066591171,AU26 Jaw Drop
mean,standardized,sample_weighted,Happiness,AU26,-0.16890427843877648,AU26 Jaw Drop
mean,standardized,sample_weighted,Neutral,AU26,-0.6289846126316492,AU26 Jaw Drop
mean,standardized,sample_weighted,Sadness,AU26,-0.5028517235185844,AU26 Jaw Drop
mean,standardized,sample_weighted,Surprise,AU26,1.3844036206467822,AU26 Jaw Drop
mean,standardized,sample_weighted,Anger,AU28,0.5505700294990955,AU28 Lip Suck
mean,standardized,sample_weighted,Disgust,AU28,0.4400240615080513,AU28 Lip Suck
mean,standardized,sample_weighted,Fear,AU28,-0.4261317176533558,AU28 Lip Suck
mean,standardized,sample_weighted,Happiness,AU28,1.108423467781578,AU28 Lip Suck
mean,standardized,sample_weighted,Neutral,AU28,-0.5568727235950739,AU28 Lip Suck
mean,standardized,sample_weighted,Sadness,AU28,-0.4102154062394333,AU28 Lip Suck
mean,standardized,sample_weighted,Surprise,AU28,-0.5753556369382183,AU28 Lip Suck
mean,standardized,sample_weighted,Anger,AU43,0.3844059664607959,AU43 Eyes Closed
mean,standardized,sample_weighted,Disgust,AU43,0.7027007031464695,AU43 Eyes Closed
mean,standardized,sample_weighted,Fear,AU43,-0.29286811334990687,AU43 Eyes Closed
mean,standardized,sample_weighted,Happiness,AU43,-0.18441050626628558,AU43 Eyes Closed
mean,standardized,sample_weighted,Neutral,AU43,-0.31201078779542313,AU43 Eyes Closed
mean,standardized,sample_weighted,Sadness,AU43,0.3020885366321519,AU43 Eyes Closed
mean,standardized,sample_weighted,Surprise,AU43,-0.2653733526124395,AU43 Eyes Closed
mean,standardized,sample_weighted,Anger,AD29,-0.1471270803482995,AD29 Jaw Thrust
mean,standardized,sample_weighted,Disgust,AD29,-0.1722723233257113,AD29 Jaw Thrust
mean,standardized,sample_weighted,Fear,AD29,-0.03900035506687072,AD29 Jaw Thrust
mean,standardized,sample_weighted,Happiness,AD29,-0.38635724402468985,AD29 Jaw Thrust
mean,standardized,sample_weighted,Neutral,AD29,-0.42222766703140885,AD29 Jaw Thrust
mean,standardized,sample_weighted,Sadness,AD29,0.31713824010866554,AD29 Jaw Thrust
mean,standardized,sample_weighted,Surprise,AD29,0.8520940817079223,AD29 Jaw Thrust
mean,standardized,sample_weighted,Anger,AD30,0.3212866948050704,AD30 Jaw Sideways
mean,standardized,sample_weighted,Disgust,AD30,-0.05323985000999529,AD30 Jaw Sideways
mean,standardized,sample_weighted,Fear,AD30,-0.3099430491686554,AD30 Jaw Sideways
mean,standardized,sample_weighted,Happiness,AD30,-0.2741380518198806,AD30 Jaw Sideways
mean,standardized,sample_weighted,Neutral,AD30,-0.4490538521217171,AD30 Jaw Sideways
mean,standardized,sample_weighted,Sadness,AD30,0.5348475675499306,AD30 Jaw Sideways
mean,standardized,sample_weighted,Surprise,AD30,0.40079974151793685,AD30 Jaw Sideways
mean,standardized,sample_weighted,Anger,AD34,0.41575559298156267,AD34 Cheek Puff
mean,standardized,sample_weighted,Disgust,AD34,-0.07083347474429053,AD34 Cheek Puff
mean,standardized,sample_weighted,Fear,AD34,-0.28744612179876083,AD34 Cheek Puff
mean,standardized,sample_weighted,Happiness,AD34,-0.2940719649018304,AD34 Cheek Puff
mean,standardized,sample_weighted,Neutral,AD34,-0.3061158504390163,AD34 Cheek Puff
mean,standardized,sample_weighted,Sadness,AD34,0.6620150352516795,AD34 Cheek Puff
mean,standardized,sample_weighted,Surprise,AD34,0.09505884593840476,AD34 Cheek Puff
mean,standardized,sample_weighted,Anger,AD35,-0.10510779630407985,AD35 Cheek Suck
mean,standardized,sample_weighted,Disgust,AD35,-0.10024276164428296,AD35 Cheek Suck
mean,standardized,sample_weighted,Fear,AD35,-0.09883289286150876,AD35 Cheek Suck
mean,standardized,sample_weighted,Happiness,AD35,-0.10518438637218509,AD35 Cheek Suck
mean,standardized,sample_weighted,Neutral,AD35,-0.10526516343160942,AD35 Cheek Suck
mean,standardized,sample_weighted,Sadness,AD35,-0.10487894479587,AD35 Cheek Suck
mean,standardized,sample_weighted,Surprise,AD35,0.532500814253585,AD35 Cheek Suck
mean,standardized,sample_weighted,Anger,EYE61,-0.06430995880679122,EYE61 Eyes Turn Left
mean,standardized,sample_weighted,Disgust,EYE61,-0.014652454331127178,EYE61 Eyes Turn Left
mean,standardized,sample_weighted,Fear,EYE61,-0.031559416774034954,EYE61 Eyes Turn Left
mean,standardized,sample_weighted,Happiness,EYE61,-0.015959026705073976,EYE61 Eyes Turn Left
mean,standardized,sample_weighted,Neutral,EYE61,0.07175612235485787,EYE61 Eyes Turn Left
mean,standardized,sample_weighted,Sadness,EYE61,0.0014175999991914523,EYE61 Eyes Turn Left
mean,standardized,sample_weighted,Surprise,EYE61,0.01277486268978481,EYE61 Eyes Turn Left
mean,standardized,sample_weighted,Anger,EYE62,-0.056156011157537315,EYE62 Eyes Turn Right
mean,standardized,sample_weighted,Disgust,EYE62,-0.015043118772819742,EYE62 Eyes Turn Right
mean,standardized,sample_weighted,Fear,EYE62,0.042684085495580705,EYE62 Eyes Turn Right
mean,standardized,sample_weighted,Happiness,EYE62,0.02374111971598224,EYE62 Eyes Turn Right
mean,standardized,sample_weighted,Neutral,EYE62,-0.07782741487316475,EYE62 Eyes Turn Right
mean,standardized,sample_weighted,Sadness,EYE62,0.027461340267990814,EYE62 Eyes Turn Right
mean,standardized,sample_weighted,Surprise,EYE62,0.049712231635785774,EYE62 Eyes Turn Right
mean,standardized,sample_weighted,Anger,EYE63,0.2995002351208884,EYE63 Eyes Up
mean,standardized,sample_weighted,Disgust,EYE63,0.029615927347296178,EYE63 Eyes Up
mean,standardized,sample_weighted,Fear,EYE63,-0.1620657887411313,EYE63 Eyes Up
mean,standardized,sample_weighted,Happiness,EYE63,0.08398798255557603,EYE63 Eyes Up
mean,standardized,sample_weighted,Neutral,EYE63,0.0632457242112434,EYE63 Eyes Up
mean,standardized,sample_weighted,Sadness,EYE63,-0.1074380288063062,EYE63 Eyes Up
mean,standardized,sample_weighted,Surprise,EYE63,-0.15211346081008148,EYE63 Eyes Up
mean,standardized,sample_weighted,Anger,EYE64,0.4686248992147153,EYE64 Eyes Down
mean,standardized,sample_weighted,Disgust,EYE64,0.7165673870237262,EYE64 Eyes Down
mean,standardized,sample_weighted,Fear,EYE64,-0.33405490932874643,EYE64 Eyes Down
mean,standardized,sample_weighted,Happiness,EYE64,-0.010858532289653333,EYE64 Eyes Down
mean,standardized,sample_weighted,Neutral,EYE64,-0.3268667690747901,EYE64 Eyes Down
mean,standardized,sample_weighted,Sadness,EYE64,0.13539215525908543,EYE64 Eyes Down
mean,standardized,sample_weighted,Surprise,EYE64,-0.32360374258586594,EYE64 Eyes Down
mean,standardized,sample_weighted,Anger,UNMAPPED_MouthLeft,0.6609272588169789,MouthLeft (unmapped)
mean,standardized,sample_weighted,Disgust,UNMAPPED_MouthLeft,0.7741698704437189,MouthLeft (unmapped)
mean,standardized,sample_weighted,Fear,UNMAPPED_MouthLeft,-0.26618708892828846,MouthLeft (unmapped)
mean,standardized,sample_weighted,Happiness,UNMAPPED_MouthLeft,0.1411883893310332,MouthLeft (unmapped)
mean,standardized,sample_weighted,Neutral,UNMAPPED_MouthLeft,-0.44057684489530774,MouthLeft (unmapped)
mean,standardized,sample_weighted,Sadness,UNMAPPED_MouthLeft,-0.21994638001242703,MouthLeft (unmapped)
mean,standardized,sample_weighted,Surprise,UNMAPPED_MouthLeft,-0.2733129785918348,MouthLeft (unmapped)
mean,standardized,sample_weighted,Anger,UNMAPPED_MouthRight,0.3060675813993489,MouthRight (unmapped)
mean,standardized,sample_weighted,Disgust,UNMAPPED_MouthRight,0.3004254459564041,MouthRight (unmapped)
mean,standardized,sample_weighted,Fear,UNMAPPED_MouthRight,-0.15759075039157897,MouthRight (unmapped)
mean,standardized,sample_weighted,Happiness,UNMAPPED_MouthRight,0.06568421441411301,MouthRight (unmapped)
mean,standardized,sample_weighted,Neutral,UNMAPPED_MouthRight,-0.2419768939581693,MouthRight (unmapped)
mean,standardized,sample_weighted,Sadness,UNMAPPED_MouthRight,-0.2326360333622358,MouthRight (unmapped)
mean,standardized,sample_weighted,Surprise,UNMAPPED_MouthRight,0.09589017073314249,MouthRight (unmapped)
mean,standardized,participant_balanced,Anger,AU1,-0.15701169498300885,AU1 Inner Brow Raiser
mean,standardized,participant_balanced,Disgust,AU1,-0.15093047586355268,AU1 Inner Brow Raiser
mean,standardized,participant_balanced,Fear,AU1,0.5050154956035016,AU1 Inner Brow Raiser
mean,standardized,participant_balanced,Happiness,AU1,-0.35006072069821564,AU1 Inner Brow Raiser
mean,standardized,participant_balanced,Neutral,AU1,-0.5247679395428797,AU1 Inner Brow Raiser
mean,standardized,participant_balanced,Sadness,AU1,0.035369271739215793,AU1 Inner Brow Raiser
mean,standardized,participant_balanced,Surprise,AU1,0.8061981803559094,AU1 Inner Brow Raiser
mean,standardized,participant_balanced,Anger,AU2,-0.3918936116930473,AU2 Outer Brow Raiser
mean,standardized,participant_balanced,Disgust,AU2,-0.3188327191416088,AU2 Outer Brow Raiser
mean,standardized,participant_balanced,Fear,AU2,0.6469004985608565,AU2 Outer Brow Raiser
mean,standardized,participant_balanced,Happiness,AU2,-0.25112045895825635,AU2 Outer Brow Raiser
mean,standardized,participant_balanced,Neutral,AU2,-0.4273227474942667,AU2 Outer Brow Raiser
mean,standardized,participant_balanced,Sadness,AU2,-0.3081374249210621,AU2 Outer Brow Raiser
mean,standardized,participant_balanced,Surprise,AU2,1.0230450814151881,AU2 Outer Brow Raiser
mean,standardized,participant_balanced,Anger,AU4,0.9968762104100016,AU4 Brow Lowerer
mean,standardized,participant_balanced,Disgust,AU4,1.0420698585179542,AU4 Brow Lowerer
mean,standardized,participant_balanced,Fear,AU4,-0.32774871083202384,AU4 Brow Lowerer
mean,standardized,participant_balanced,Happiness,AU4,-0.38693441592920447,AU4 Brow Lowerer
mean,standardized,participant_balanced,Neutral,AU4,-0.48500983705108347,AU4 Brow Lowerer
mean,standardized,participant_balanced,Sadness,AU4,0.39702867791232627,AU4 Brow Lowerer
mean,standardized,participant_balanced,Surprise,AU4,-0.4826325480698654,AU4 Brow Lowerer
mean,standardized,participant_balanced,Anger,AU5,-0.11428333584352639,AU5 Upper Lid Raiser
mean,standardized,participant_balanced,Disgust,AU5,-0.3104112555327031,AU5 Upper Lid Raiser
mean,standardized,participant_balanced,Fear,AU5,0.7135538324931647,AU5 Upper Lid Raiser
mean,standardized,participant_balanced,Happiness,AU5,-0.24788759701057872,AU5 Upper Lid Raiser
mean,standardized,participant_balanced,Neutral,AU5,-0.3070115167343467,AU5 Upper Lid Raiser
mean,standardized,participant_balanced,Sadness,AU5,-0.2655561837778142,AU5 Upper Lid Raiser
mean,standardized,participant_balanced,Surprise,AU5,0.5466649907193208,AU5 Upper Lid Raiser
mean,standardized,participant_balanced,Anger,AU6,0.19861816157109816,AU6 Cheek Raiser
mean,standardized,participant_balanced,Disgust,AU6,0.5943596997841101,AU6 Cheek Raiser
mean,standardized,participant_balanced,Fear,AU6,-0.4825256644994415,AU6 Cheek Raiser
mean,standardized,participant_balanced,Happiness,AU6,1.2031684295176044,AU6 Cheek Raiser
mean,standardized,participant_balanced,Neutral,AU6,-0.5590824977355728,AU6 Cheek Raiser
mean,standardized,participant_balanced,Sadness,AU6,-0.24762370908027914,AU6 Cheek Raiser
mean,standardized,participant_balanced,Surprise,AU6,-0.5713399652672447,AU6 Cheek Raiser
mean,standardized,participant_balanced,Anger,AU7,0.8396758010645726,AU7 Lid Tightener
mean,standardized,participant_balanced,Disgust,AU7,0.8896687220228525,AU7 Lid Tightener
mean,standardized,participant_balanced,Fear,AU7,-0.3347902431763999,AU7 Lid Tightener
mean,standardized,participant_balanced,Happiness,AU7,0.3287574846423596,AU7 Lid Tightener
mean,standardized,participant_balanced,Neutral,AU7,-0.5661434620118205,AU7 Lid Tightener
mean,standardized,participant_balanced,Sadness,AU7,-0.12042754297756608,AU7 Lid Tightener
mean,standardized,participant_balanced,Surprise,AU7,-0.45179879753631447,AU7 Lid Tightener
mean,standardized,participant_balanced,Anger,AU8,0.010478547576810738,AU8 Lips Toward Each Other
mean,standardized,participant_balanced,Disgust,AU8,0.1680505110397581,AU8 Lips Toward Each Other
mean,standardized,participant_balanced,Fear,AU8,-0.12246057320491702,AU8 Lips Toward Each Other
mean,standardized,participant_balanced,Happiness,AU8,-0.13348408059561576,AU8 Lips Toward Each Other
mean,standardized,participant_balanced,Neutral,AU8,-0.4963532431066656,AU8 Lips Toward Each Other
mean,standardized,participant_balanced,Sadness,AU8,-0.026642138517057858,AU8 Lips Toward Each Other
mean,standardized,participant_balanced,Surprise,AU8,0.6340466148027943,AU8 Lips Toward Each Other
mean,standardized,participant_balanced,Anger,AU9,0.6080359823093567,AU9 Nose Wrinkler
mean,standardized,participant_balanced,Disgust,AU9,1.3846451432309965,AU9 Nose Wrinkler
mean,standardized,participant_balanced,Fear,AU9,-0.3025339495954199,AU9 Nose Wrinkler
mean,standardized,participant_balanced,Happiness,AU9,-0.37575133532490834,AU9 Nose Wrinkler
mean,standardized,participant_balanced,Neutral,AU9,-0.41978270960806313,AU9 Nose Wrinkler
mean,standardized,participant_balanced,Sadness,AU9,-0.0954348979918343,AU9 Nose Wrinkler
mean,standardized,participant_balanced,Surprise,AU9,-0.3743299032828848,AU9 Nose Wrinkler
mean,standardized,participant_balanced,Anger,AU10,0.22268472730152744,AU10 Upper Lip Raiser
mean,standardized,participant_balanced,Disgust,AU10,0.7978178523371953,AU10 Upper Lip Raiser
mean,standardized,participant_balanced,Fear,AU10,-0.15445389129039896,AU10 Upper Lip Raiser
mean,standardized,participant_balanced,Happiness,AU10,0.7939392309670701,AU10 Upper Lip Raiser
mean,standardized,participant_balanced,Neutral,AU10,-0.633808182881468,AU10 Upper Lip Raiser
mean,standardized,participant_balanced,Sadness,AU10,-0.5247664058624832,AU10 Upper Lip Raiser
mean,standardized,participant_balanced,Surprise,AU10,-0.39538155947091697,AU10 Upper Lip Raiser
mean,standardized,participant_balanced,Anger,AU12,-0.28852287923912867,AU12 Lip Corner Puller
mean,standardized,participant_balanced,Disgust,AU12,-0.22796183386521923,AU12 Lip Corner Puller
mean,standardized,participant_balanced,Fear,AU12,-0.34346570924588565,AU12 Lip Corner Puller
mean,standardized,participant_balanced,Happiness,AU12,1.7613835357067766,AU12 Lip Corner Puller
mean,standardized,participant_balanced,Neutral,AU12,-0.42920700921752186,AU12 Lip Corner Puller
mean,standardized,participant_balanced,Sadness,AU12,-0.4126987433675253,AU12 Lip Corner Puller
mean,standardized,participant_balanced,Surprise,AU12,-0.42296467454427944,AU12 Lip Corner Puller
mean,standardized,participant_balanced,Anger,AU14,-0.26161583434079944,AU14 Dimpler
mean,standardized,participant_balanced,Disgust,AU14,-0.13486816268713608,AU14 Dimpler
mean,standardized,participant_balanced,Fear,AU14,-0.1568385384659213,AU14 Dimpler
mean,standardized,participant_balanced,Happiness,AU14,1.5212008259066399,AU14 Dimpler
mean,standardized,participant_balanced,Neutral,AU14,-0.4582991389706138,AU14 Dimpler
mean,standardized,participant_balanced,Sadness,AU14,-0.47163809922995503,AU14 Dimpler
mean,standardized,participant_balanced,Surprise,AU14,-0.3450047000715478,AU14 Dimpler
mean,standardized,participant_balanced,Anger,AU15,0.010170821533654274,AU15 Lip Corner Depressor
mean,standardized,participant_balanced,Disgust,AU15,0.305234087398947,AU15 Lip Corner Depressor
mean,standardized,participant_balanced,Fear,AU15,-0.345880123007045,AU15 Lip Corner Depressor
mean,standardized,participant_balanced,Happiness,AU15,-0.46944258656380555,AU15 Lip Corner Depressor
mean,standardized,participant_balanced,Neutral,AU15,-0.4771935250234113,AU15 Lip Corner Depressor
mean,standardized,participant_balanced,Sadness,AU15,1.6788589518584625,AU15 Lip Corner Depressor
mean,standardized,participant_balanced,Surprise,AU15,-0.4209977149751264,AU15 Lip Corner Depressor
mean,standardized,participant_balanced,Anger,AU16,-0.28913481918676703,AU16 Lower Lip Depressor
mean,standardized,participant_balanced,Disgust,AU16,0.11557756579179516,AU16 Lower Lip Depressor
mean,standardized,participant_balanced,Fear,AU16,0.21339566013849062,AU16 Lower Lip Depressor
mean,standardized,participant_balanced,Happiness,AU16,0.8609403045856222,AU16 Lower Lip Depressor
mean,standardized,participant_balanced,Neutral,AU16,-0.3979347757316008,AU16 Lower Lip Depressor
mean,standardized,participant_balanced,Sadness,AU16,-0.334076380475833,AU16 Lower Lip Depressor
mean,standardized,participant_balanced,Surprise,AU16,-0.3123963121555528,AU16 Lower Lip Depressor
mean,standardized,participant_balanced,Anger,AU17,0.7457995808036098,AU17 Chin Raiser
mean,standardized,participant_balanced,Disgust,AU17,0.616200412859647,AU17 Chin Raiser
mean,standardized,participant_balanced,Fear,AU17,-0.4857895188680006,AU17 Chin Raiser
mean,standardized,participant_balanced,Happiness,AU17,-0.3255142795212099,AU17 Chin Raiser
mean,standardized,participant_balanced,Neutral,AU17,-0.661942893100208,AU17 Chin Raiser
mean,standardized,participant_balanced,Sadness,AU17,1.2011583208027747,AU17 Chin Raiser
mean,standardized,participant_balanced,Surprise,AU17,-0.525013192691458,AU17 Chin Raiser
mean,standardized,participant_balanced,Anger,AU18,0.43044810805897593,AU18 Lip Puckerer
mean,standardized,participant_balanced,Disgust,AU18,0.2745281754966755,AU18 Lip Puckerer
mean,standardized,participant_balanced,Fear,AU18,-0.3485642646449843,AU18 Lip Puckerer
mean,standardized,participant_balanced,Happiness,AU18,-0.38809694349818236,AU18 Lip Puckerer
mean,standardized,participant_balanced,Neutral,AU18,-0.41676537950620424,AU18 Lip Puckerer
mean,standardized,participant_balanced,Sadness,AU18,0.10766904914047107,AU18 Lip Puckerer
mean,standardized,participant_balanced,Surprise,AU18,0.5356979788658813,AU18 Lip Puckerer
mean,standardized,participant_balanced,Anger,AU20,-0.21708821135659528,AU20 Lip Stretcher
mean,standardized,participant_balanced,Disgust,AU20,0.2339284611261615,AU20 Lip Stretcher
mean,standardized,participant_balanced,Fear,AU20,0.17956152652011367,AU20 Lip Stretcher
mean,standardized,participant_balanced,Happiness,AU20,0.4615894177767881,AU20 Lip Stretcher
mean,standardized,participant_balanced,Neutral,AU20,-0.4538211594919815,AU20 Lip Stretcher
mean,standardized,participant_balanced,Sadness,AU20,0.20870386312447986,AU20 Lip Stretcher
mean,standardized,participant_balanced,Surprise,AU20,-0.3971922431625928,AU20 Lip Stretcher
mean,standardized,participant_balanced,Anger,AU22,-0.13217284694713366,AU22 Lip Funneler
mean,standardized,participant_balanced,Disgust,AU22,-0.21694344837479518,AU22 Lip Funneler
mean,standardized,participant_balanced,Fear,AU22,-0.24819591517547157,AU22 Lip Funneler
mean,standardized,participant_balanced,Happiness,AU22,-0.27164583435425227,AU22 Lip Funneler
mean,standardized,participant_balanced,Neutral,AU22,-0.2780551903893793,AU22 Lip Funneler
mean,standardized,participant_balanced,Sadness,AU22,0.5524932154736423,AU22 Lip Funneler
mean,standardized,participant_balanced,Surprise,AU22,0.3284959540640119,AU22 Lip Funneler
mean,standardized,participant_balanced,Anger,AU23,0.40213364945199226,AU23 Lip Tightener
mean,standardized,participant_balanced,Disgust,AU23,-0.08845054969888039,AU23 Lip Tightener
mean,standardized,participant_balanced,Fear,AU23,-0.31542844314231083,AU23 Lip Tightener
mean,standardized,participant_balanced,Happiness,AU23,-0.3424986449826854,AU23 Lip Tightener
mean,standardized,participant_balanced,Neutral,AU23,-0.3492384799214864,AU23 Lip Tightener
mean,standardized,participant_balanced,Sadness,AU23,0.43870294157301953,AU23 Lip Tightener
mean,standardized,participant_balanced,Surprise,AU23,0.2574522272101991,AU23 Lip Tightener
mean,standardized,participant_balanced,Anger,AU24,0.23504945565594998,AU24 Lip Pressor
mean,standardized,participant_balanced,Disgust,AU24,0.6951402453535663,AU24 Lip Pressor
mean,standardized,participant_balanced,Fear,AU24,-0.1700013757088065,AU24 Lip Pressor
mean,standardized,participant_balanced,Happiness,AU24,-0.17724207025290106,AU24 Lip Pressor
mean,standardized,participant_balanced,Neutral,AU24,-0.19994348942520496,AU24 Lip Pressor
mean,standardized,participant_balanced,Sadness,AU24,0.21917760333602856,AU24 Lip Pressor
mean,standardized,participant_balanced,Surprise,AU24,-0.15368462281876769,AU24 Lip Pressor
mean,standardized,participant_balanced,Anger,AU26,-0.4938541175502549,AU26 Jaw Drop
mean,standardized,participant_balanced,Disgust,AU26,-0.19232596354837692,AU26 Jaw Drop
mean,standardized,participant_balanced,Fear,AU26,0.37740556132833636,AU26 Jaw Drop
mean,standardized,participant_balanced,Happiness,AU26,-0.16814923223762968,AU26 Jaw Drop
mean,standardized,participant_balanced,Neutral,AU26,-0.6233690679643353,AU26 Jaw Drop
mean,standardized,participant_balanced,Sadness,AU26,-0.49922776513885747,AU26 Jaw Drop
mean,standardized,participant_balanced,Surprise,AU26,1.3707498104537834,AU26 Jaw Drop
mean,standardized,participant_balanced,Anger,AU28,0.5710548667803308,AU28 Lip Suck
mean,standardized,participant_balanced,Disgust,AU28,0.44028698938845756,AU28 Lip Suck
mean,standardized,participant_balanced,Fear,AU28,-0.4098572325181344,AU28 Lip Suck
mean,standardized,participant_balanced,Happiness,AU28,1.129014352407509,AU28 Lip Suck
mean,standardized,participant_balanced,Neutral,AU28,-0.5452348652812613,AU28 Lip Suck
mean,standardized,participant_balanced,Sadness,AU28,-0.3405538328684961,AU28 Lip Suck
mean,standardized,participant_balanced,Surprise,AU28,-0.5703512503267806,AU28 Lip Suck
mean,standardized,participant_balanced,Anger,AU43,0.37991045834101167,AU43 Eyes Closed
mean,standardized,participant_balanced,Disgust,AU43,0.9982438031956674,AU43 Eyes Closed
mean,standardized,participant_balanced,Fear,AU43,-0.29083985043402744,AU43 Eyes Closed
mean,standardized,participant_balanced,Happiness,AU43,-0.19978993279075138,AU43 Eyes Closed
mean,standardized,participant_balanced,Neutral,AU43,-0.3076188123603455,AU43 Eyes Closed
mean,standardized,participant_balanced,Sadness,AU43,0.452652302842939,AU43 Eyes Closed
mean,standardized,participant_balanced,Surprise,AU43,-0.24362605593322856,AU43 Eyes Closed
mean,standardized,participant_balanced,Anger,AD29,-0.0923504314773474,AD29 Jaw Thrust
mean,standardized,participant_balanced,Disgust,AD29,-0.11332714546409063,AD29 Jaw Thrust
mean,standardized,participant_balanced,Fear,AD29,0.010398171077004642,AD29 Jaw Thrust
mean,standardized,participant_balanced,Happiness,AD29,-0.38052923045092796,AD29 Jaw Thrust
mean,standardized,participant_balanced,Neutral,AD29,-0.4349660864767164,AD29 Jaw Thrust
mean,standardized,participant_balanced,Sadness,AD29,0.17807750571673234,AD29 Jaw Thrust
mean,standardized,participant_balanced,Surprise,AD29,0.8502074551127914,AD29 Jaw Thrust
mean,standardized,participant_balanced,Anger,AD30,0.1994823010683415,AD30 Jaw Sideways
mean,standardized,participant_balanced,Disgust,AD30,-0.037487760656877325,AD30 Jaw Sideways
mean,standardized,participant_balanced,Fear,AD30,-0.3146306500894329,AD30 Jaw Sideways
mean,standardized,participant_balanced,Happiness,AD30,-0.27370369945844797,AD30 Jaw Sideways
mean,standardized,participant_balanced,Neutral,AD30,-0.45086739945896515,AD30 Jaw Sideways
mean,standardized,participant_balanced,Sadness,AD30,0.4387659301783866,AD30 Jaw Sideways
mean,standardized,participant_balanced,Surprise,AD30,0.3570055276097721,AD30 Jaw Sideways
mean,standardized,participant_balanced,Anger,AD34,0.28747103373698796,AD34 Cheek Puff
mean,standardized,participant_balanced,Disgust,AD34,-0.08254655668580713,AD34 Cheek Puff
mean,standardized,participant_balanced,Fear,AD34,-0.27257218613029255,AD34 Cheek Puff
mean,standardized,participant_balanced,Happiness,AD34,-0.2957614729913278,AD34 Cheek Puff
mean,standardized,participant_balanced,Neutral,AD34,-0.30954874817628597,AD34 Cheek Puff
mean,standardized,participant_balanced,Sadness,AD34,0.5252515361041451,AD34 Cheek Puff
mean,standardized,participant_balanced,Surprise,AD34,0.05390859714892542,AD34 Cheek Puff
mean,standardized,participant_balanced,Anger,AD35,-0.10514450423288264,AD35 Cheek Suck
mean,standardized,participant_balanced,Disgust,AD35,-0.10096528311065565,AD35 Cheek Suck
mean,standardized,participant_balanced,Fear,AD35,-0.09965080545575411,AD35 Cheek Suck
mean,standardized,participant_balanced,Happiness,AD35,-0.10514006991325459,AD35 Cheek Suck
mean,standardized,participant_balanced,Neutral,AD35,-0.10525811678578519,AD35 Cheek Suck
mean,standardized,participant_balanced,Sadness,AD35,-0.1049793229099053,AD35 Cheek Suck
mean,standardized,participant_balanced,Surprise,AD35,0.49249370470340026,AD35 Cheek Suck
mean,standardized,participant_balanced,Anger,EYE61,0.009536705620132958,EYE61 Eyes Turn Left
mean,standardized,participant_balanced,Disgust,EYE61,-0.012903937689009336,EYE61 Eyes Turn Left
mean,standardized,participant_balanced,Fear,EYE61,0.059953713594545044,EYE61 Eyes Turn Left
mean,standardized,participant_balanced,Happiness,EYE61,-0.008578583913001099,EYE61 Eyes Turn Left
mean,standardized,participant_balanced,Neutral,EYE61,0.06276814962615507,EYE61 Eyes Turn Left
mean,standardized,participant_balanced,Sadness,EYE61,-0.03303060728573895,EYE61 Eyes Turn Left
mean,standardized,participant_balanced,Surprise,EYE61,0.006866238550075053,EYE61 Eyes Turn Left
mean,standardized,participant_balanced,Anger,EYE62,-0.09798693186458457,EYE62 Eyes Turn Right
mean,standardized,participant_balanced,Disgust,EYE62,-0.02927895834890664,EYE62 Eyes Turn Right
mean,standardized,participant_balanced,Fear,EYE62,-0.023572122364042762,EYE62 Eyes Turn Right
mean,standardized,participant_balanced,Happiness,EYE62,0.029157699110769684,EYE62 Eyes Turn Right
mean,standardized,participant_balanced,Neutral,EYE62,-0.07556526467915597,EYE62 Eyes Turn Right
mean,standardized,participant_balanced,Sadness,EYE62,-0.01595832044298493,EYE62 Eyes Turn Right
mean,standardized,participant_balanced,Surprise,EYE62,0.027616854915965647,EYE62 Eyes Turn Right
mean,standardized,participant_balanced,Anger,EYE63,0.23343371426863996,EYE63 Eyes Up
mean,standardized,participant_balanced,Disgust,EYE63,-0.07593804091943351,EYE63 Eyes Up
mean,standardized,participant_balanced,Fear,EYE63,-0.11752974204720797,EYE63 Eyes Up
mean,standardized,participant_balanced,Happiness,EYE63,0.08528912508215943,EYE63 Eyes Up
mean,standardized,participant_balanced,Neutral,EYE63,0.07973335978414178,EYE63 Eyes Up
mean,standardized,participant_balanced,Sadness,EYE63,-0.11973621401446088,EYE63 Eyes Up
mean,standardized,participant_balanced,Surprise,EYE63,-0.138251845516422,EYE63 Eyes Up
mean,standardized,participant_balanced,Anger,EYE64,0.5334499072571003,EYE64 Eyes Down
mean,standardized,participant_balanced,Disgust,EYE64,0.7713290132236118,EYE64 Eyes Down
mean,standardized,participant_balanced,Fear,EYE64,-0.3794208550341127,EYE64 Eyes Down
mean,standardized,participant_balanced,Happiness,EYE64,-0.036216946761578,EYE64 Eyes Down
mean,standardized,participant_balanced,Neutral,EYE64,-0.3373385847971333,EYE64 Eyes Down
mean,standardized,participant_balanced,Sadness,EYE64,0.3160744434733873,EYE64 Eyes Down
mean,standardized,participant_balanced,Surprise,EYE64,-0.324314594111259,EYE64 Eyes Down
mean,standardized,participant_balanced,Anger,UNMAPPED_MouthLeft,0.547619934108569,MouthLeft (unmapped)
mean,standardized,participant_balanced,Disgust,UNMAPPED_MouthLeft,0.6960560094238012,MouthLeft (unmapped)
mean,standardized,participant_balanced,Fear,UNMAPPED_MouthLeft,-0.24996471451973384,MouthLeft (unmapped)
mean,standardized,participant_balanced,Happiness,UNMAPPED_MouthLeft,0.14047824447455365,MouthLeft (unmapped)
mean,standardized,participant_balanced,Neutral,UNMAPPED_MouthLeft,-0.43128416072263515,MouthLeft (unmapped)
mean,standardized,participant_balanced,Sadness,UNMAPPED_MouthLeft,-0.18734295636092999,MouthLeft (unmapped)
mean,standardized,participant_balanced,Surprise,UNMAPPED_MouthLeft,-0.30318152897044864,MouthLeft (unmapped)
mean,standardized,participant_balanced,Anger,UNMAPPED_MouthRight,0.20064295845460622,MouthRight (unmapped)
mean,standardized,participant_balanced,Disgust,UNMAPPED_MouthRight,0.23739854227349952,MouthRight (unmapped)
mean,standardized,participant_balanced,Fear,UNMAPPED_MouthRight,-0.1534901450546351,MouthRight (unmapped)
mean,standardized,participant_balanced,Happiness,UNMAPPED_MouthRight,0.0599887010623186,MouthRight (unmapped)
mean,standardized,participant_balanced,Neutral,UNMAPPED_MouthRight,-0.24033240616558427,MouthRight (unmapped)
mean,standardized,participant_balanced,Sadness,UNMAPPED_MouthRight,-0.22975633572615584,MouthRight (unmapped)
mean,standardized,participant_balanced,Surprise,UNMAPPED_MouthRight,0.06736755707179619,MouthRight (unmapped)
mean,neutral_centered,sample_weighted,Anger,AU1,0.040483875177154995,AU1 Inner Brow Raiser
mean,neutral_centered,sample_weighted,Disgust,AU1,0.04321076002996408,AU1 Inner Brow Raiser
mean,neutral_centered,sample_weighted,Fear,AU1,0.141225293036347,AU1 Inner Brow Raiser
mean,neutral_centered,sample_weighted,Happiness,AU1,0.023446622306191486,AU1 Inner Brow Raiser
mean,neutral_centered,sample_weighted,Neutral,AU1,-9.070449547591148e-20,AU1 Inner Brow Raiser
mean,neutral_centered,sample_weighted,Sadness,AU1,0.06341595544379293,AU1 Inner Brow Raiser
mean,neutral_centered,sample_weighted,Surprise,AU1,0.15797760866197583,AU1 Inner Brow Raiser
mean,neutral_centered,sample_weighted,Anger,AU2,0.0044081614392363876,AU2 Outer Brow Raiser
mean,neutral_centered,sample_weighted,Disgust,AU2,0.012430888406606054,AU2 Outer Brow Raiser
mean,neutral_centered,sample_weighted,Fear,AU2,0.13719666649482695,AU2 Outer Brow Raiser
mean,neutral_centered,sample_weighted,Happiness,AU2,0.021005924381783673,AU2 Outer Brow Raiser
mean,neutral_centered,sample_weighted,Neutral,AU2,0.0,AU2 Outer Brow Raiser
mean,neutral_centered,sample_weighted,Sadness,AU2,0.015517252015026267,AU2 Outer Brow Raiser
mean,neutral_centered,sample_weighted,Surprise,AU2,0.16656255460542121,AU2 Outer Brow Raiser
mean,neutral_centered,sample_weighted,Anger,AU4,0.26777816501258905,AU4 Brow Lowerer
mean,neutral_centered,sample_weighted,Disgust,AU4,0.25184333893199246,AU4 Brow Lowerer
mean,neutral_centered,sample_weighted,Fear,AU4,0.0324168007031111,AU4 Brow Lowerer
mean,neutral_centered,sample_weighted,Happiness,AU4,0.01980736551951221,AU4 Brow Lowerer
mean,neutral_centered,sample_weighted,Neutral,AU4,4.549397351213685e-19,AU4 Brow Lowerer
mean,neutral_centered,sample_weighted,Sadness,AU4,0.12563176451542954,AU4 Brow Lowerer
mean,neutral_centered,sample_weighted,Surprise,AU4,3.0317600216739078e-05,AU4 Brow Lowerer
mean,neutral_centered,sample_weighted,Anger,AU5,0.047587864521739714,AU5 Upper Lid Raiser
mean,neutral_centered,sample_weighted,Disgust,AU5,-0.004435618823091279,AU5 Upper Lid Raiser
mean,neutral_centered,sample_weighted,Fear,AU5,0.1777906990305756,AU5 Upper Lid Raiser
mean,neutral_centered,sample_weighted,Happiness,AU5,0.012391793296318811,AU5 Upper Lid Raiser
mean,neutral_centered,sample_weighted,Neutral,AU5,-9.070449547591149e-19,AU5 Upper Lid Raiser
mean,neutral_centered,sample_weighted,Sadness,AU5,0.0047963635683456515,AU5 Upper Lid Raiser
mean,neutral_centered,sample_weighted,Surprise,AU5,0.1424346504632671,AU5 Upper Lid Raiser
mean,neutral_centered,sample_weighted,Anger,AU6,0.15811566849781994,AU6 Cheek Raiser
mean,neutral_centered,sample_weighted,Disgust,AU6,0.2203481397047334,AU6 Cheek Raiser
mean,neutral_centered,sample_weighted,Fear,AU6,0.013543761235061706,AU6 Cheek Raiser
mean,neutral_centered,sample_weighted,Happiness,AU6,0.3375280071298226,AU6 Cheek Raiser
mean,neutral_centered,sample_weighted,Neutral,AU6,8.95706892824626e-19,AU6 Cheek Raiser
mean,neutral_centered,sample_weighted,Sadness,AU6,0.05184481353047472,AU6 Cheek Raiser
mean,neutral_centered,sample_weighted,Surprise,AU6,-0.0022960244907003044,AU6 Cheek Raiser
mean,neutral_centered,sample_weighted,Anger,AU7,0.24298203807816524,AU7 Lid Tightener
mean,neutral_centered,sample_weighted,Disgust,AU7,0.2552190383525429,AU7 Lid Tightener
mean,neutral_centered,sample_weighted,Fear,AU7,0.03693882524682274,AU7 Lid Tightener
mean,neutral_centered,sample_weighted,Happiness,AU7,0.15707763119510196,AU7 Lid Tightener
mean,neutral_centered,sample_weighted,Neutral,AU7,4.988747251175131e-19,AU7 Lid Tightener
mean,neutral_centered,sample_weighted,Sadness,AU7,0.06717415310994053,AU7 Lid Tightener
mean,neutral_centered,sample_weighted,Surprise,AU7,0.020573991888984903,AU7 Lid Tightener
mean,neutral_centered,sample_weighted,Anger,AU8,0.023387527389717746,AU8 Lips Toward Each Other
mean,neutral_centered,sample_weighted,Disgust,AU8,0.027323877622002255,AU8 Lips Toward Each Other
mean,neutral_centered,sample_weighted,Fear,AU8,0.017704195769649933,AU8 Lips Toward Each Other
mean,neutral_centered,sample_weighted,Happiness,AU8,0.017149985342137797,AU8 Lips Toward Each Other
mean,neutral_centered,sample_weighted,Neutral,AU8,1.757399599845785e-19,AU8 Lips Toward Each Other
mean,neutral_centered,sample_weighted,Sadness,AU8,0.021893114562870897,AU8 Lips Toward Each Other
mean,neutral_centered,sample_weighted,Surprise,AU8,0.053821692601697245,AU8 Lips Toward Each Other
mean,neutral_centered,sample_weighted,Anger,AU9,0.20955295969718915,AU9 Nose Wrinkler
mean,neutral_centered,sample_weighted,Disgust,AU9,0.33550778456505875,AU9 Nose Wrinkler
mean,neutral_centered,sample_weighted,Fear,AU9,0.021186271578781606,AU9 Nose Wrinkler
mean,neutral_centered,sample_weighted,Happiness,AU9,0.007578932228410779,AU9 Nose Wrinkler
mean,neutral_centered,sample_weighted,Neutral,AU9,7.121720152600862e-20,AU9 Nose Wrinkler
mean,neutral_centered,sample_weighted,Sadness,AU9,0.05412507699118019,AU9 Nose Wrinkler
mean,neutral_centered,sample_weighted,Surprise,AU9,0.008750174590289388,AU9 Nose Wrinkler
mean,neutral_centered,sample_weighted,Anger,AU10,0.15771325356297936,AU10 Upper Lip Raiser
mean,neutral_centered,sample_weighted,Disgust,AU10,0.2627409968987139,AU10 Upper Lip Raiser
mean,neutral_centered,sample_weighted,Fear,AU10,0.0809161688030587,AU10 Upper Lip Raiser
mean,neutral_centered,sample_weighted,Happiness,AU10,0.24626712604979464,AU10 Upper Lip Raiser
mean,neutral_centered,sample_weighted,Neutral,AU10,-3.7413389918591907e-19,AU10 Upper Lip Raiser
mean,neutral_centered,sample_weighted,Sadness,AU10,0.020221792972012757,AU10 Upper Lip Raiser
mean,neutral_centered,sample_weighted,Surprise,AU10,0.03863498398243363,AU10 Upper Lip Raiser
mean,neutral_centered,sample_weighted,Anger,AU12,0.034943715323122806,AU12 Lip Corner Puller
mean,neutral_centered,sample_weighted,Disgust,AU12,0.0466192478982392,AU12 Lip Corner Puller
mean,neutral_centered,sample_weighted,Fear,AU12,0.019939957516825327,AU12 Lip Corner Puller
mean,neutral_centered,sample_weighted,Happiness,AU12,0.48227815354122155,AU12 Lip Corner Puller
mean,neutral_centered,sample_weighted,Neutral,AU12,-1.3111848576974412e-19,AU12 Lip Corner Puller
mean,neutral_centered,sample_weighted,Sadness,AU12,0.004508901969397529,AU12 Lip Corner Puller
mean,neutral_centered,sample_weighted,Surprise,AU12,0.0012571940423652943,AU12 Lip Corner Puller
mean,neutral_centered,sample_weighted,Anger,AU14,0.022766914596721664,AU14 Dimpler
mean,neutral_centered,sample_weighted,Disgust,AU14,0.03477531136212891,AU14 Dimpler
mean,neutral_centered,sample_weighted,Fear,AU14,0.0330304628718973,AU14 Dimpler
mean,neutral_centered,sample_weighted,Happiness,AU14,0.1959939957668553,AU14 Dimpler
mean,neutral_centered,sample_weighted,Neutral,AU14,-3.826595892330623e-20,AU14 Dimpler
mean,neutral_centered,sample_weighted,Sadness,AU14,-0.0018776892672452872,AU14 Dimpler
mean,neutral_centered,sample_weighted,Surprise,AU14,0.009990704954170142,AU14 Dimpler
mean,neutral_centered,sample_weighted,Anger,AU15,0.08846006258347185,AU15 Lip Corner Depressor
mean,neutral_centered,sample_weighted,Disgust,AU15,0.13232297229121973,AU15 Lip Corner Depressor
mean,neutral_centered,sample_weighted,Fear,AU15,0.02445884359107778,AU15 Lip Corner Depressor
mean,neutral_centered,sample_weighted,Happiness,AU15,0.0015732503917011214,AU15 Lip Corner Depressor
mean,neutral_centered,sample_weighted,Neutral,AU15,1.0558570176492821e-19,AU15 Lip Corner Depressor
mean,neutral_centered,sample_weighted,Sadness,AU15,0.37093018115245496,AU15 Lip Corner Depressor
mean,neutral_centered,sample_weighted,Surprise,AU15,0.01115418770887355,AU15 Lip Corner Depressor
mean,neutral_centered,sample_weighted,Anger,AU16,0.014359873804547186,AU16 Lower Lip Depressor
mean,neutral_centered,sample_weighted,Disgust,AU16,0.05902870407189722,AU16 Lower Lip Depressor
mean,neutral_centered,sample_weighted,Fear,AU16,0.06794975279799563,AU16 Lower Lip Depressor
mean,neutral_centered,sample_weighted,Happiness,AU16,0.12396621552752317,AU16 Lower Lip Depressor
mean,neutral_centered,sample_weighted,Neutral,AU16,1.5731560934095147e-19,AU16 Lower Lip Depressor
mean,neutral_centered,sample_weighted,Sadness,AU16,0.007693125953086919,AU16 Lower Lip Depressor
mean,neutral_centered,sample_weighted,Surprise,AU16,0.008637739234374397,AU16 Lower Lip Depressor
mean,neutral_centered,sample_weighted,Anger,AU17,0.25905322303044953,AU17 Chin Raiser
mean,neutral_centered,sample_weighted,Disgust,AU17,0.201095636720559,AU17 Chin Raiser
mean,neutral_centered,sample_weighted,Fear,AU17,0.022808571589508973,AU17 Chin Raiser
mean,neutral_centered,sample_weighted,Happiness,AU17,0.057547674659887374,AU17 Chin Raiser
mean,neutral_centered,sample_weighted,Neutral,AU17,-1.4455959764435218e-19,AU17 Chin Raiser
mean,neutral_centered,sample_weighted,Sadness,AU17,0.3295870948510533,AU17 Chin Raiser
mean,neutral_centered,sample_weighted,Surprise,AU17,0.02369079260061392,AU17 Chin Raiser
mean,neutral_centered,sample_weighted,Anger,AU18,0.10896228434404583,AU18 Lip Puckerer
mean,neutral_centered,sample_weighted,Disgust,AU18,0.060485593288580095,AU18 Lip Puckerer
mean,neutral_centered,sample_weighted,Fear,AU18,0.006364406238204112,AU18 Lip Puckerer
mean,neutral_centered,sample_weighted,Happiness,AU18,0.0032981926668706734,AU18 Lip Puckerer
mean,neutral_centered,sample_weighted,Neutral,AU18,5.29257187957589e-21,AU18 Lip Puckerer
mean,neutral_centered,sample_weighted,Sadness,AU18,0.05843092230871426,AU18 Lip Puckerer
mean,neutral_centered,sample_weighted,Surprise,AU18,0.10967106060690689,AU18 Lip Puckerer
mean,neutral_centered,sample_weighted,Anger,AU20,0.023002195499646102,AU20 Lip Stretcher
mean,neutral_centered,sample_weighted,Disgust,AU20,0.05610357961035034,AU20 Lip Stretcher
mean,neutral_centered,sample_weighted,Fear,AU20,0.05505370691995646,AU20 Lip Stretcher
mean,neutral_centered,sample_weighted,Happiness,AU20,0.06503889835363785,AU20 Lip Stretcher
mean,neutral_centered,sample_weighted,Neutral,AU20,2.0195922820808416e-20,AU20 Lip Stretcher
mean,neutral_centered,sample_weighted,Sadness,AU20,0.05027972448513466,AU20 Lip Stretcher
mean,neutral_centered,sample_weighted,Surprise,AU20,0.004219615082328549,AU20 Lip Stretcher
mean,neutral_centered,sample_weighted,Anger,AU22,0.007545999791505121,AU22 Lip Funneler
mean,neutral_centered,sample_weighted,Disgust,AU22,0.002787680730414344,AU22 Lip Funneler
mean,neutral_centered,sample_weighted,Fear,AU22,0.0015031187376062037,AU22 Lip Funneler
mean,neutral_centered,sample_weighted,Happiness,AU22,0.0002873536817074798,AU22 Lip Funneler
mean,neutral_centered,sample_weighted,Neutral,AU22,-2.2233230824661896e-20,AU22 Lip Funneler
mean,neutral_centered,sample_weighted,Sadness,AU22,0.047739415262547734,AU22 Lip Funneler
mean,neutral_centered,sample_weighted,Surprise,AU22,0.03044092331990244,AU22 Lip Funneler
mean,neutral_centered,sample_weighted,Anger,AU23,0.06890559660350662,AU23 Lip Tightener
mean,neutral_centered,sample_weighted,Disgust,AU23,0.015317959327795857,AU23 Lip Tightener
mean,neutral_centered,sample_weighted,Fear,AU23,0.0027220437018496244,AU23 Lip Tightener
mean,neutral_centered,sample_weighted,Happiness,AU23,0.0005126710240121925,AU23 Lip Tightener
mean,neutral_centered,sample_weighted,Neutral,AU23,2.5471886211222456e-20,AU23 Lip Tightener
mean,neutral_centered,sample_weighted,Sadness,AU23,0.06407321716781438,AU23 Lip Tightener
mean,neutral_centered,sample_weighted,Surprise,AU23,0.045301433739247894,AU23 Lip Tightener
mean,neutral_centered,sample_weighted,Anger,AU24,0.013869366155295115,AU24 Lip Pressor
mean,neutral_centered,sample_weighted,Disgust,AU24,0.016887565289949925,AU24 Lip Pressor
mean,neutral_centered,sample_weighted,Fear,AU24,0.0006455916816528738,AU24 Lip Pressor
mean,neutral_centered,sample_weighted,Happiness,AU24,0.0006297402482866988,AU24 Lip Pressor
mean,neutral_centered,sample_weighted,Neutral,AU24,-1.8380061444706853e-21,AU24 Lip Pressor
mean,neutral_centered,sample_weighted,Sadness,AU24,0.010995829461281999,AU24 Lip Pressor
mean,neutral_centered,sample_weighted,Surprise,AU24,0.0012863937429200693,AU24 Lip Pressor
mean,neutral_centered,sample_weighted,Anger,AU26,0.023095306133908398,AU26 Jaw Drop
mean,neutral_centered,sample_weighted,Disgust,AU26,0.06381502401223411,AU26 Jaw Drop
mean,neutral_centered,sample_weighted,Fear,AU26,0.16035901483160356,AU26 Jaw Drop
mean,neutral_centered,sample_weighted,Happiness,AU26,0.07012116705911788,AU26 Jaw Drop
mean,neutral_centered,sample_weighted,Neutral,AU26,9.920804192677818e-20,AU26 Jaw Drop
mean,neutral_centered,sample_weighted,Sadness,AU26,0.018684007995210077,AU26 Jaw Drop
mean,neutral_centered,sample_weighted,Surprise,AU26,0.30723896908800524,AU26 Jaw Drop
mean,neutral_centered,sample_weighted,Anger,AU28,0.07920555487469044,AU28 Lip Suck
mean,neutral_centered,sample_weighted,Disgust,AU28,0.07080495253005874,AU28 Lip Suck
mean,neutral_centered,sample_weighted,Fear,AU28,0.007346340735853037,AU28 Lip Suck
mean,neutral_centered,sample_weighted,Happiness,AU28,0.12054523017599514,AU28 Lip Suck
mean,neutral_centered,sample_weighted,Neutral,AU28,-9.38933253949865e-20,AU28 Lip Suck
mean,neutral_centered,sample_weighted,Sadness,AU28,0.01082553067641093,AU28 Lip Suck
mean,neutral_centered,sample_weighted,Surprise,AU28,-0.0012583095161329007,AU28 Lip Suck
mean,neutral_centered,sample_weighted,Anger,AU43,0.05858889840532423,AU43 Eyes Closed
mean,neutral_centered,sample_weighted,Disgust,AU43,0.08513901638371653,AU43 Eyes Closed
mean,neutral_centered,sample_weighted,Fear,AU43,0.0006358576294748396,AU43 Eyes Closed
mean,neutral_centered,sample_weighted,Happiness,AU43,0.010297799314844052,AU43 Eyes Closed
mean,neutral_centered,sample_weighted,Neutral,AU43,-1.672364135337118e-19,AU43 Eyes Closed
mean,neutral_centered,sample_weighted,Sadness,AU43,0.050151775193992894,AU43 Eyes Closed
mean,neutral_centered,sample_weighted,Surprise,AU43,0.003637340349310294,AU43 Eyes Closed
mean,neutral_centered,sample_weighted,Anger,AD29,0.02333002344559035,AD29 Jaw Thrust
mean,neutral_centered,sample_weighted,Disgust,AD29,0.021196563536949792,AD29 Jaw Thrust
mean,neutral_centered,sample_weighted,Fear,AD29,0.03095376135151772,AD29 Jaw Thrust
mean,neutral_centered,sample_weighted,Happiness,AD29,0.002396317259885273,AD29 Jaw Thrust
mean,neutral_centered,sample_weighted,Neutral,AD29,4.180910338342795e-20,AD29 Jaw Thrust
mean,neutral_centered,sample_weighted,Sadness,AD29,0.05228180389375941,AD29 Jaw Thrust
mean,neutral_centered,sample_weighted,Surprise,AD29,0.0909567699288299,AD29 Jaw Thrust
mean,neutral_centered,sample_weighted,Anger,AD30,0.014768834027674567,AD30 Jaw Sideways
mean,neutral_centered,sample_weighted,Disgust,AD30,0.007596058229607997,AD30 Jaw Sideways
mean,neutral_centered,sample_weighted,Fear,AD30,0.0027592483920493432,AD30 Jaw Sideways
mean,neutral_centered,sample_weighted,Happiness,AD30,0.0033318127817494082,AD30 Jaw Sideways
mean,neutral_centered,sample_weighted,Neutral,AD30,1.328679132947922e-21,AD30 Jaw Sideways
mean,neutral_centered,sample_weighted,Sadness,AD30,0.01869087961488687,AD30 Jaw Sideways
mean,neutral_centered,sample_weighted,Surprise,AD30,0.016181179776497693,AD30 Jaw Sideways
mean,neutral_centered,sample_weighted,Anger,AD34,0.008865532892789805,AD34 Cheek Puff
mean,neutral_centered,sample_weighted,Disgust,AD34,0.002851488496366996,AD34 Cheek Puff
mean,neutral_centered,sample_weighted,Fear,AD34,0.000305696444774272,AD34 Cheek Puff
mean,neutral_centered,sample_weighted,Happiness,AD34,0.00014043798323099308,AD34 Cheek Puff
mean,neutral_centered,sample_weighted,Neutral,AD34,-1.8955822296723687e-20,AD34 Cheek Puff
mean,neutral_centered,sample_weighted,Sadness,AD34,0.01171590307258956,AD34 Cheek Puff
mean,neutral_centered,sample_weighted,Surprise,AD34,0.0048636732974714665,AD34 Cheek Puff
mean,neutral_centered,sample_weighted,Anger,AD35,1.0421953149586326e-06,AD35 Cheek Suck
mean,neutral_centered,sample_weighted,Disgust,AD35,4.211725954029895e-05,AD35 Cheek Suck
mean,neutral_centered,sample_weighted,Fear,AD35,5.405001197395412e-05,AD35 Cheek Suck
mean,neutral_centered,sample_weighted,Happiness,AD35,7.134045671339547e-07,AD35 Cheek Suck
mean,neutral_centered,sample_weighted,Neutral,AD35,-2.7734876722223846e-23,AD35 Cheek Suck
mean,neutral_centered,sample_weighted,Sadness,AD35,3.077729079241643e-06,AD35 Cheek Suck
mean,neutral_centered,sample_weighted,Surprise,AD35,0.005371245560110522,AD35 Cheek Suck
mean,neutral_centered,sample_weighted,Anger,EYE61,-0.01128936947312973,EYE61 Eyes Turn Left
mean,neutral_centered,sample_weighted,Disgust,EYE61,-0.008221861452012924,EYE61 Eyes Turn Left
mean,neutral_centered,sample_weighted,Fear,EYE61,-0.005102562703596578,EYE61 Eyes Turn Left
mean,neutral_centered,sample_weighted,Happiness,EYE61,-0.009437325923775558,EYE61 Eyes Turn Left
mean,neutral_centered,sample_weighted,Neutral,EYE61,4.0817022964160166e-19,EYE61 Eyes Turn Left
mean,neutral_centered,sample_weighted,Sadness,EYE61,-0.007694359955657656,EYE61 Eyes Turn Left
mean,neutral_centered,sample_weighted,Surprise,EYE61,-0.006717692061431274,EYE61 Eyes Turn Left
mean,neutral_centered,sample_weighted,Anger,EYE62,0.0023427962874335287,EYE62 Eyes Turn Right
mean,neutral_centered,sample_weighted,Disgust,EYE62,0.004807317451561344,EYE62 Eyes Turn Right
mean,neutral_centered,sample_weighted,Fear,EYE62,0.006501326921303467,EYE62 Eyes Turn Right
mean,neutral_centered,sample_weighted,Happiness,EYE62,0.009000562272743175,EYE62 Eyes Turn Right
mean,neutral_centered,sample_weighted,Neutral,EYE62,1.1111300695799156e-18,EYE62 Eyes Turn Right
mean,neutral_centered,sample_weighted,Sadness,EYE62,0.005893064530212276,EYE62 Eyes Turn Right
mean,neutral_centered,sample_weighted,Surprise,EYE62,0.01169373889482154,EYE62 Eyes Turn Right
mean,neutral_centered,sample_weighted,Anger,EYE63,0.02022163457033528,EYE63 Eyes Up
mean,neutral_centered,sample_weighted,Disgust,EYE63,-0.015910203341365087,EYE63 Eyes Up
mean,neutral_centered,sample_weighted,Fear,EYE63,-0.023837411801535553,EYE63 Eyes Up
mean,neutral_centered,sample_weighted,Happiness,EYE63,0.0015282749493783923,EYE63 Eyes Up
mean,neutral_centered,sample_weighted,Neutral,EYE63,0.0,EYE63 Eyes Up
mean,neutral_centered,sample_weighted,Sadness,EYE63,-0.021645609427914284,EYE63 Eyes Up
mean,neutral_centered,sample_weighted,Surprise,EYE63,-0.019944865949395242,EYE63 Eyes Up
mean,neutral_centered,sample_weighted,Anger,EYE64,0.054385719789749334,EYE64 Eyes Down
mean,neutral_centered,sample_weighted,Disgust,EYE64,0.06988859523353161,EYE64 Eyes Down
mean,neutral_centered,sample_weighted,Fear,EYE64,-0.0004371498476181486,EYE64 Eyes Down
mean,neutral_centered,sample_weighted,Happiness,EYE64,0.020395611866131903,EYE64 Eyes Down
mean,neutral_centered,sample_weighted,Neutral,EYE64,-3.117967031984457e-19,EYE64 Eyes Down
mean,neutral_centered,sample_weighted,Sadness,EYE64,0.03054189319804996,EYE64 Eyes Down
mean,neutral_centered,sample_weighted,Surprise,EYE64,0.00041462244958463944,EYE64 Eyes Down
mean,neutral_centered,sample_weighted,Anger,UNMAPPED_MouthLeft,0.009132653711353963,MouthLeft (unmapped)
mean,neutral_centered,sample_weighted,Disgust,UNMAPPED_MouthLeft,0.010190697272380424,MouthLeft (unmapped)
mean,neutral_centered,sample_weighted,Fear,UNMAPPED_MouthLeft,0.0012731521889636464,MouthLeft (unmapped)
mean,neutral_centered,sample_weighted,Happiness,UNMAPPED_MouthLeft,0.004972854437586323,MouthLeft (unmapped)
mean,neutral_centered,sample_weighted,Neutral,UNMAPPED_MouthLeft,1.1952576033477349e-20,MouthLeft (unmapped)
mean,neutral_centered,sample_weighted,Sadness,UNMAPPED_MouthLeft,0.001934739975700138,MouthLeft (unmapped)
mean,neutral_centered,sample_weighted,Surprise,UNMAPPED_MouthLeft,0.0014114953422526442,MouthLeft (unmapped)
mean,neutral_centered,sample_weighted,Anger,UNMAPPED_MouthRight,0.003244423953577309,MouthRight (unmapped)
mean,neutral_centered,sample_weighted,Disgust,UNMAPPED_MouthRight,0.00319704486332382,MouthRight (unmapped)
mean,neutral_centered,sample_weighted,Fear,UNMAPPED_MouthRight,0.0004742776517226422,MouthRight (unmapped)
mean,neutral_centered,sample_weighted,Happiness,UNMAPPED_MouthRight,0.0018321222667591766,MouthRight (unmapped)
mean,neutral_centered,sample_weighted,Neutral,UNMAPPED_MouthRight,-7.621220464143472e-21,MouthRight (unmapped)
mean,neutral_centered,sample_weighted,Sadness,UNMAPPED_MouthRight,4.840418712625965e-05,MouthRight (unmapped)
mean,neutral_centered,sample_weighted,Surprise,UNMAPPED_MouthRight,0.0019968419184348057,MouthRight (unmapped)
mean,neutral_centered,participant_balanced,Anger,AU1,0.04551133111316499,AU1 Inner Brow Raiser
mean,neutral_centered,participant_balanced,Disgust,AU1,0.04626390671456235,AU1 Inner Brow Raiser
mean,neutral_centered,participant_balanced,Fear,AU1,0.12717358327287318,AU1 Inner Brow Raiser
mean,neutral_centered,participant_balanced,Happiness,AU1,0.02162072895380906,AU1 Inner Brow Raiser
mean,neutral_centered,participant_balanced,Neutral,AU1,-2.012992472715701e-19,AU1 Inner Brow Raiser
mean,neutral_centered,participant_balanced,Sadness,AU1,0.06917191001389623,AU1 Inner Brow Raiser
mean,neutral_centered,participant_balanced,Surprise,AU1,0.16471247104345704,AU1 Inner Brow Raiser
mean,neutral_centered,participant_balanced,Anger,AU2,0.00426533309937509,AU2 Outer Brow Raiser
mean,neutral_centered,participant_balanced,Disgust,AU2,0.013061174042772076,AU2 Outer Brow Raiser
mean,neutral_centered,participant_balanced,Fear,AU2,0.12938133728321957,AU2 Outer Brow Raiser
mean,neutral_centered,participant_balanced,Happiness,AU2,0.021213090200535398,AU2 Outer Brow Raiser
mean,neutral_centered,participant_balanced,Neutral,AU2,2.049032828290211e-19,AU2 Outer Brow Raiser
mean,neutral_centered,participant_balanced,Sadness,AU2,0.014028561628786648,AU2 Outer Brow Raiser
mean,neutral_centered,participant_balanced,Surprise,AU2,0.17461057875149655,AU2 Outer Brow Raiser
mean,neutral_centered,participant_balanced,Anger,AU4,0.2533662585184851,AU4 Brow Lowerer
mean,neutral_centered,participant_balanced,Disgust,AU4,0.2610932666440634,AU4 Brow Lowerer
mean,neutral_centered,participant_balanced,Fear,AU4,0.025985427865852173,AU4 Brow Lowerer
mean,neutral_centered,participant_balanced,Happiness,AU4,0.016768497513590254,AU4 Brow Lowerer
mean,neutral_centered,participant_balanced,Neutral,AU4,5.561672858484038e-19,AU4 Brow Lowerer
mean,neutral_centered,participant_balanced,Sadness,AU4,0.15096242237796687,AU4 Brow Lowerer
mean,neutral_centered,participant_balanced,Surprise,AU4,0.00040645825339972666,AU4 Brow Lowerer
mean,neutral_centered,participant_balanced,Anger,AU5,0.03337398182419366,AU5 Upper Lid Raiser
mean,neutral_centered,participant_balanced,Disgust,AU5,-0.0005887194095793912,AU5 Upper Lid Raiser
mean,neutral_centered,participant_balanced,Fear,AU5,0.17544450224821118,AU5 Upper Lid Raiser
mean,neutral_centered,participant_balanced,Happiness,AU5,0.010238256870975841,AU5 Upper Lid Raiser
mean,neutral_centered,participant_balanced,Neutral,AU5,-1.255319493424741e-18,AU5 Upper Lid Raiser
mean,neutral_centered,participant_balanced,Sadness,AU5,0.005835024938904405,AU5 Upper Lid Raiser
mean,neutral_centered,participant_balanced,Surprise,AU5,0.1478278065605757,AU5 Upper Lid Raiser
mean,neutral_centered,participant_balanced,Anger,AU6,0.14657459299145265,AU6 Cheek Raiser
mean,neutral_centered,participant_balanced,Disgust,AU6,0.2231294358319766,AU6 Cheek Raiser
mean,neutral_centered,participant_balanced,Fear,AU6,0.01414624654492789,AU6 Cheek Raiser
mean,neutral_centered,participant_balanced,Happiness,AU6,0.34090139587221857,AU6 Cheek Raiser
mean,neutral_centered,participant_balanced,Neutral,AU6,1.0785283962356424e-18,AU6 Cheek Raiser
mean,neutral_centered,participant_balanced,Sadness,AU6,0.05984780996660663,AU6 Cheek Raiser
mean,neutral_centered,participant_balanced,Surprise,AU6,-0.0023711650405646417,AU6 Cheek Raiser
mean,neutral_centered,participant_balanced,Anger,AU7,0.2446554945379602,AU7 Lid Tightener
mean,neutral_centered,participant_balanced,Disgust,AU7,0.2533557898900666,AU7 Lid Tightener
mean,neutral_centered,participant_balanced,Fear,AU7,0.0395549006457088,AU7 Lid Tightener
mean,neutral_centered,participant_balanced,Happiness,AU7,0.15574010074883268,AU7 Lid Tightener
mean,neutral_centered,participant_balanced,Neutral,AU7,5.955013596629594e-19,AU7 Lid Tightener
mean,neutral_centered,participant_balanced,Sadness,AU7,0.07654568119705457,AU7 Lid Tightener
mean,neutral_centered,participant_balanced,Surprise,AU7,0.019899464440267713,AU7 Lid Tightener
mean,neutral_centered,participant_balanced,Anger,AU8,0.023292937411501402,AU8 Lips Toward Each Other
mean,neutral_centered,participant_balanced,Disgust,AU8,0.03053461788659611,AU8 Lips Toward Each Other
mean,neutral_centered,participant_balanced,Fear,AU8,0.016971276274557905,AU8 Lips Toward Each Other
mean,neutral_centered,participant_balanced,Happiness,AU8,0.01667671374665681,AU8 Lips Toward Each Other
mean,neutral_centered,participant_balanced,Neutral,AU8,1.9564399519903773e-19,AU8 Lips Toward Each Other
mean,neutral_centered,participant_balanced,Sadness,AU8,0.021505441315276173,AU8 Lips Toward Each Other
mean,neutral_centered,participant_balanced,Surprise,AU8,0.051950831862279126,AU8 Lips Toward Each Other
mean,neutral_centered,participant_balanced,Anger,AU9,0.18303001252278406,AU9 Nose Wrinkler
mean,neutral_centered,participant_balanced,Disgust,AU9,0.32132559477535616,AU9 Nose Wrinkler
mean,neutral_centered,participant_balanced,Fear,AU9,0.020770407892326814,AU9 Nose Wrinkler
mean,neutral_centered,participant_balanced,Happiness,AU9,0.007840938338460106,AU9 Nose Wrinkler
mean,neutral_centered,participant_balanced,Neutral,AU9,6.112210984184563e-20,AU9 Nose Wrinkler
mean,neutral_centered,participant_balanced,Sadness,AU9,0.05764976898708844,AU9 Nose Wrinkler
mean,neutral_centered,participant_balanced,Surprise,AU9,0.008094061507456491,AU9 Nose Wrinkler
mean,neutral_centered,participant_balanced,Anger,AU10,0.14643292049435344,AU10 Upper Lip Raiser
mean,neutral_centered,participant_balanced,Disgust,AU10,0.24476230789584774,AU10 Upper Lip Raiser
mean,neutral_centered,participant_balanced,Fear,AU10,0.08187032754481502,AU10 Upper Lip Raiser
mean,neutral_centered,participant_balanced,Happiness,AU10,0.2440991875734648,AU10 Upper Lip Raiser
mean,neutral_centered,participant_balanced,Neutral,AU10,-5.722944075549907e-19,AU10 Upper Lip Raiser
mean,neutral_centered,participant_balanced,Sadness,AU10,0.020518978125629868,AU10 Upper Lip Raiser
mean,neutral_centered,participant_balanced,Surprise,AU10,0.04076333426058934,AU10 Upper Lip Raiser
mean,neutral_centered,participant_balanced,Anger,AU12,0.03127202220043714,AU12 Lip Corner Puller
mean,neutral_centered,participant_balanced,Disgust,AU12,0.04473385585363912,AU12 Lip Corner Puller
mean,neutral_centered,participant_balanced,Fear,AU12,0.019024444007674744,AU12 Lip Corner Puller
mean,neutral_centered,participant_balanced,Happiness,AU12,0.4869362035608529,AU12 Lip Corner Puller
mean,neutral_centered,participant_balanced,Neutral,AU12,-1.167171520852907e-19,AU12 Lip Corner Puller
mean,neutral_centered,participant_balanced,Sadness,AU12,0.0041773204179707864,AU12 Lip Corner Puller
mean,neutral_centered,participant_balanced,Surprise,AU12,0.001387579597742658,AU12 Lip Corner Puller
mean,neutral_centered,participant_balanced,Anger,AU14,0.01965749181754761,AU14 Dimpler
mean,neutral_centered,participant_balanced,Disgust,AU14,0.032325274287007995,AU14 Dimpler
mean,neutral_centered,participant_balanced,Fear,AU14,0.030144844746354073,AU14 Dimpler
mean,neutral_centered,participant_balanced,Happiness,AU14,0.19784091199630927,AU14 Dimpler
mean,neutral_centered,participant_balanced,Neutral,AU14,-1.2910097193055501e-19,AU14 Dimpler
mean,neutral_centered,participant_balanced,Sadness,AU14,-0.0014882649481362093,AU14 Dimpler
mean,neutral_centered,participant_balanced,Surprise,AU14,0.011323200562567953,AU14 Dimpler
mean,neutral_centered,participant_balanced,Anger,AU15,0.08354806278852746,AU15 Lip Corner Depressor
mean,neutral_centered,participant_balanced,Disgust,AU15,0.1341302697908506,AU15 Lip Corner Depressor
mean,neutral_centered,participant_balanced,Fear,AU15,0.022421235568679542,AU15 Lip Corner Depressor
mean,neutral_centered,participant_balanced,Happiness,AU15,0.0013287305435202373,AU15 Lip Corner Depressor
mean,neutral_centered,participant_balanced,Neutral,AU15,1.94519995743489e-19,AU15 Lip Corner Depressor
mean,neutral_centered,participant_balanced,Sadness,AU15,0.36943701109474075,AU15 Lip Corner Depressor
mean,neutral_centered,participant_balanced,Surprise,AU15,0.00963355464866063,AU15 Lip Corner Depressor
mean,neutral_centered,participant_balanced,Anger,AU16,0.011134532628399064,AU16 Lower Lip Depressor
mean,neutral_centered,participant_balanced,Disgust,AU16,0.05255259380017974,AU16 Lower Lip Depressor
mean,neutral_centered,participant_balanced,Fear,AU16,0.06245844039307655,AU16 Lower Lip Depressor
mean,neutral_centered,participant_balanced,Happiness,AU16,0.12883264021428684,AU16 Lower Lip Depressor
mean,neutral_centered,participant_balanced,Neutral,AU16,2.557725115190426e-19,AU16 Lower Lip Depressor
mean,neutral_centered,participant_balanced,Sadness,AU16,0.006492860307304491,AU16 Lower Lip Depressor
mean,neutral_centered,participant_balanced,Surprise,AU16,0.008753963180841519,AU16 Lower Lip Depressor
mean,neutral_centered,participant_balanced,Anger,AU17,0.24010588338653172,AU17 Chin Raiser
mean,neutral_centered,participant_balanced,Disgust,AU17,0.21800132713267906,AU17 Chin Raiser
mean,neutral_centered,participant_balanced,Fear,AU17,0.029867593637458535,AU17 Chin Raiser
mean,neutral_centered,participant_balanced,Happiness,AU17,0.057381581473409854,AU17 Chin Raiser
mean,neutral_centered,participant_balanced,Neutral,AU17,-5.378803690839079e-20,AU17 Chin Raiser
mean,neutral_centered,participant_balanced,Sadness,AU17,0.31800903331046343,AU17 Chin Raiser
mean,neutral_centered,participant_balanced,Surprise,AU17,0.0233548587813245,AU17 Chin Raiser
mean,neutral_centered,participant_balanced,Anger,AU18,0.09290932103291887,AU18 Lip Puckerer
mean,neutral_centered,participant_balanced,Disgust,AU18,0.0758104253207005,AU18 Lip Puckerer
mean,neutral_centered,participant_balanced,Fear,AU18,0.007452380020776001,AU18 Lip Puckerer
mean,neutral_centered,participant_balanced,Happiness,AU18,0.0031439123239596343,AU18 Lip Puckerer
mean,neutral_centered,participant_balanced,Neutral,AU18,1.3414470306076072e-20,AU18 Lip Puckerer
mean,neutral_centered,participant_balanced,Sadness,AU18,0.057503786861050364,AU18 Lip Puckerer
mean,neutral_centered,participant_balanced,Surprise,AU18,0.1044515051211056,AU18 Lip Puckerer
mean,neutral_centered,participant_balanced,Anger,AU20,0.01818449688696814,AU20 Lip Stretcher
mean,neutral_centered,participant_balanced,Disgust,AU20,0.052829067240745084,AU20 Lip Stretcher
mean,neutral_centered,participant_balanced,Fear,AU20,0.04860697267566231,AU20 Lip Stretcher
mean,neutral_centered,participant_balanced,Happiness,AU20,0.07031670464020806,AU20 Lip Stretcher
mean,neutral_centered,participant_balanced,Neutral,AU20,-2.680649783992907e-20,AU20 Lip Stretcher
mean,neutral_centered,participant_balanced,Sadness,AU20,0.05084378896794238,AU20 Lip Stretcher
mean,neutral_centered,participant_balanced,Surprise,AU20,0.004349915636226647,AU20 Lip Stretcher
mean,neutral_centered,participant_balanced,Anger,AU22,0.006810174163263755,AU22 Lip Funneler
mean,neutral_centered,participant_balanced,Disgust,AU22,0.002852857972524453,AU22 Lip Funneler
mean,neutral_centered,participant_balanced,Fear,AU22,0.0013828872531837936,AU22 Lip Funneler
mean,neutral_centered,participant_balanced,Happiness,AU22,0.0002992057149867587,AU22 Lip Funneler
mean,neutral_centered,participant_balanced,Neutral,AU22,-1.517408856812795e-20,AU22 Lip Funneler
mean,neutral_centered,participant_balanced,Sadness,AU22,0.03876185869539457,AU22 Lip Funneler
mean,neutral_centered,participant_balanced,Surprise,AU22,0.028315413882077405,AU22 Lip Funneler
mean,neutral_centered,participant_balanced,Anger,AU23,0.0549200565116756,AU23 Lip Tightener
mean,neutral_centered,participant_balanced,Disgust,AU23,0.019061776855272824,AU23 Lip Tightener
mean,neutral_centered,participant_balanced,Fear,AU23,0.0024574460337601204,AU23 Lip Tightener
mean,neutral_centered,participant_balanced,Happiness,AU23,0.0004926348759128968,AU23 Lip Tightener
mean,neutral_centered,participant_balanced,Neutral,AU23,1.5520987710770987e-20,AU23 Lip Tightener
mean,neutral_centered,participant_balanced,Sadness,AU23,0.057579184845564416,AU23 Lip Tightener
mean,neutral_centered,participant_balanced,Surprise,AU23,0.044344854724068086,AU23 Lip Tightener
mean,neutral_centered,participant_balanced,Anger,AU24,0.011732758811129514,AU24 Lip Pressor
mean,neutral_centered,participant_balanced,Disgust,AU24,0.02414246413574607,AU24 Lip Pressor
mean,neutral_centered,participant_balanced,Fear,AU24,0.0008069717447891737,AU24 Lip Pressor
mean,neutral_centered,participant_balanced,Happiness,AU24,0.0006123094152005172,AU24 Lip Pressor
mean,neutral_centered,participant_balanced,Neutral,AU24,-1.3823557435496145e-21,AU24 Lip Pressor
mean,neutral_centered,participant_balanced,Sadness,AU24,0.01130814871604892,AU24 Lip Pressor
mean,neutral_centered,participant_balanced,Surprise,AU24,0.001247707878729583,AU24 Lip Pressor
mean,neutral_centered,participant_balanced,Anger,AU26,0.019821415959480577,AU26 Jaw Drop
mean,neutral_centered,participant_balanced,Disgust,AU26,0.06596832753113317,AU26 Jaw Drop
mean,neutral_centered,participant_balanced,Fear,AU26,0.1528116542568043,AU26 Jaw Drop
mean,neutral_centered,participant_balanced,Happiness,AU26,0.06966841811001062,AU26 Jaw Drop
mean,neutral_centered,participant_balanced,Neutral,AU26,1.6906434033584075e-19,AU26 Jaw Drop
mean,neutral_centered,participant_balanced,Sadness,AU26,0.01876610077772816,AU26 Jaw Drop
mean,neutral_centered,participant_balanced,Surprise,AU26,0.3051868501312513,AU26 Jaw Drop
mean,neutral_centered,participant_balanced,Anger,AU28,0.08049677873899122,AU28 Lip Suck
mean,neutral_centered,participant_balanced,Disgust,AU28,0.07106697517612878,AU28 Lip Suck
mean,neutral_centered,participant_balanced,Fear,AU28,0.009554532764511934,AU28 Lip Suck
mean,neutral_centered,participant_balanced,Happiness,AU28,0.1207318001405624,AU28 Lip Suck
mean,neutral_centered,participant_balanced,Neutral,AU28,-1.3658459027299136e-19,AU28 Lip Suck
mean,neutral_centered,participant_balanced,Sadness,AU28,0.014615622680863713,AU28 Lip Suck
mean,neutral_centered,participant_balanced,Surprise,AU28,-0.0018111678640979562,AU28 Lip Suck
mean,neutral_centered,participant_balanced,Anger,AU43,0.05731601396240259,AU43 Eyes Closed
mean,neutral_centered,participant_balanced,Disgust,AU43,0.10886349584772705,AU43 Eyes Closed
mean,neutral_centered,participant_balanced,Fear,AU43,0.0014379514725523256,AU43 Eyes Closed
mean,neutral_centered,participant_balanced,Happiness,AU43,0.008989175923603165,AU43 Eyes Closed
mean,neutral_centered,participant_balanced,Neutral,AU43,-2.903110909229323e-19,AU43 Eyes Closed
mean,neutral_centered,participant_balanced,Sadness,AU43,0.06362502653774235,AU43 Eyes Closed
mean,neutral_centered,participant_balanced,Surprise,AU43,0.00533476882682781,AU43 Eyes Closed
mean,neutral_centered,participant_balanced,Anger,AD29,0.024392648515686826,AD29 Jaw Thrust
mean,neutral_centered,participant_balanced,Disgust,AD29,0.02289920359037055,AD29 Jaw Thrust
mean,neutral_centered,participant_balanced,Fear,AD29,0.03153752396969573,AD29 Jaw Thrust
mean,neutral_centered,participant_balanced,Happiness,AD29,0.003875652136615158,AD29 Jaw Thrust
mean,neutral_centered,participant_balanced,Neutral,AD29,5.66746981830711e-20,AD29 Jaw Thrust
mean,neutral_centered,participant_balanced,Sadness,AD29,0.04361125135345509,AD29 Jaw Thrust
mean,neutral_centered,participant_balanced,Surprise,AD29,0.09149840652118196,AD29 Jaw Thrust
mean,neutral_centered,participant_balanced,Anger,AD30,0.012396646531029957,AD30 Jaw Sideways
mean,neutral_centered,participant_balanced,Disgust,AD30,0.007879639617269497,AD30 Jaw Sideways
mean,neutral_centered,participant_balanced,Fear,AD30,0.0025869312151721134,AD30 Jaw Sideways
mean,neutral_centered,participant_balanced,Happiness,AD30,0.00337700742424441,AD30 Jaw Sideways
mean,neutral_centered,participant_balanced,Neutral,AD30,-2.557566592652666e-22,AD30 Jaw Sideways
mean,neutral_centered,participant_balanced,Sadness,AD30,0.01695451938111277,AD30 Jaw Sideways
mean,neutral_centered,participant_balanced,Surprise,AD30,0.015399276897859008,AD30 Jaw Sideways
mean,neutral_centered,participant_balanced,Anger,AD34,0.0072840721661788866,AD34 Cheek Puff
mean,neutral_centered,participant_balanced,Disgust,AD34,0.0027695905475668176,AD34 Cheek Puff
mean,neutral_centered,participant_balanced,Fear,AD34,0.0004414830866998735,AD34 Cheek Puff
mean,neutral_centered,participant_balanced,Happiness,AD34,0.00016821470655521893,AD34 Cheek Puff
mean,neutral_centered,participant_balanced,Neutral,AD34,-1.4312538751641566e-20,AD34 Cheek Puff
mean,neutral_centered,participant_balanced,Sadness,AD34,0.010178291108943319,AD34 Cheek Puff
mean,neutral_centered,participant_balanced,Surprise,AD34,0.004434441894357902,AD34 Cheek Puff
mean,neutral_centered,participant_balanced,Anger,AD35,9.56846511306208e-07,AD35 Cheek Suck
mean,neutral_centered,participant_balanced,Disgust,AD35,3.615430531861171e-05,AD35 Cheek Suck
mean,neutral_centered,participant_balanced,Fear,AD35,4.721464799288829e-05,AD35 Cheek Suck
mean,neutral_centered,participant_balanced,Happiness,AD35,9.941924133015192e-07,AD35 Cheek Suck
mean,neutral_centered,participant_balanced,Neutral,AD35,-3.3643052599876007e-23,AD35 Cheek Suck
mean,neutral_centered,participant_balanced,Sadness,AD35,2.337799386094561e-06,AD35 Cheek Suck
mean,neutral_centered,participant_balanced,Surprise,AD35,0.0050342742100820325,AD35 Cheek Suck
mean,neutral_centered,participant_balanced,Anger,EYE61,-0.005606016340789676,EYE61 Eyes Turn Left
mean,neutral_centered,participant_balanced,Disgust,EYE61,-0.007969330269952524,EYE61 Eyes Turn Left
mean,neutral_centered,participant_balanced,Fear,EYE61,-0.0010127697290834784,EYE61 Eyes Turn Left
mean,neutral_centered,participant_balanced,Happiness,EYE61,-0.00751380995858815,EYE61 Eyes Turn Left
mean,neutral_centered,participant_balanced,Neutral,EYE61,6.423372024362092e-19,EYE61 Eyes Turn Left
mean,neutral_centered,participant_balanced,Sadness,EYE61,-0.009286017218289182,EYE61 Eyes Turn Left
mean,neutral_centered,participant_balanced,Surprise,EYE61,-0.00588725391215054,EYE61 Eyes Turn Left
mean,neutral_centered,participant_balanced,Anger,EYE62,-0.0020992602927543177,EYE62 Eyes Turn Right
mean,neutral_centered,participant_balanced,Disgust,EYE62,0.004333620875458467,EYE62 Eyes Turn Right
mean,neutral_centered,participant_balanced,Fear,EYE62,0.003724870551980515,EYE62 Eyes Turn Right
mean,neutral_centered,participant_balanced,Happiness,EYE62,0.00980483555507459,EYE62 Eyes Turn Right
mean,neutral_centered,participant_balanced,Neutral,EYE62,1.1294059456028896e-18,EYE62 Eyes Turn Right
mean,neutral_centered,participant_balanced,Sadness,EYE62,0.0052491233215553575,EYE62 Eyes Turn Right
mean,neutral_centered,participant_balanced,Surprise,EYE62,0.00966057183870049,EYE62 Eyes Turn Right
mean,neutral_centered,participant_balanced,Anger,EYE63,0.013340125633799911,EYE63 Eyes Up
mean,neutral_centered,participant_balanced,Disgust,EYE63,-0.013511198786368124,EYE63 Eyes Up
mean,neutral_centered,participant_balanced,Fear,EYE63,-0.018231103184428863,EYE63 Eyes Up
mean,neutral_centered,participant_balanced,Happiness,EYE63,0.00048220192670366327,EYE63 Eyes Up
mean,neutral_centered,participant_balanced,Neutral,EYE63,-1.6895961897851714e-19,EYE63 Eyes Up
mean,neutral_centered,participant_balanced,Sadness,EYE63,-0.01874168995575785,EYE63 Eyes Up
mean,neutral_centered,participant_balanced,Surprise,EYE63,-0.018919605193965086,EYE63 Eyes Up
mean,neutral_centered,participant_balanced,Anger,EYE64,0.05666817686654938,EYE64 Eyes Down
mean,neutral_centered,participant_balanced,Disgust,EYE64,0.07214860107147486,EYE64 Eyes Down
mean,neutral_centered,participant_balanced,Fear,EYE64,-0.0027729431864023423,EYE64 Eyes Down
mean,neutral_centered,participant_balanced,Happiness,EYE64,0.019596049325696818,EYE64 Eyes Down
mean,neutral_centered,participant_balanced,Neutral,EYE64,-3.7418536635597036e-19,EYE64 Eyes Down
mean,neutral_centered,participant_balanced,Sadness,EYE64,0.04360335450046343,EYE64 Eyes Down
mean,neutral_centered,participant_balanced,Surprise,EYE64,0.0008475603598691681,EYE64 Eyes Down
mean,neutral_centered,participant_balanced,Anger,UNMAPPED_MouthLeft,0.008344990410646631,MouthLeft (unmapped)
mean,neutral_centered,participant_balanced,Disgust,UNMAPPED_MouthLeft,0.009610382630007228,MouthLeft (unmapped)
mean,neutral_centered,participant_balanced,Fear,UNMAPPED_MouthLeft,0.0015353462574022511,MouthLeft (unmapped)
mean,neutral_centered,participant_balanced,Happiness,UNMAPPED_MouthLeft,0.004874176963537511,MouthLeft (unmapped)
mean,neutral_centered,participant_balanced,Neutral,UNMAPPED_MouthLeft,1.4252205467328974e-20,MouthLeft (unmapped)
mean,neutral_centered,participant_balanced,Sadness,UNMAPPED_MouthLeft,0.0020897020638754094,MouthLeft (unmapped)
mean,neutral_centered,participant_balanced,Surprise,UNMAPPED_MouthLeft,0.0010920530818036129,MouthLeft (unmapped)
mean,neutral_centered,participant_balanced,Anger,UNMAPPED_MouthRight,0.002619138244387039,MouthRight (unmapped)
mean,neutral_centered,participant_balanced,Disgust,UNMAPPED_MouthRight,0.0028374451227264944,MouthRight (unmapped)
mean,neutral_centered,participant_balanced,Fear,UNMAPPED_MouthRight,0.0005112427505784024,MouthRight (unmapped)
mean,neutral_centered,participant_balanced,Happiness,UNMAPPED_MouthRight,0.0017837334251421056,MouthRight (unmapped)
mean,neutral_centered,participant_balanced,Neutral,UNMAPPED_MouthRight,-8.912769202358227e-21,MouthRight (unmapped)
mean,neutral_centered,participant_balanced,Sadness,UNMAPPED_MouthRight,6.088115878351323e-05,MouthRight (unmapped)
mean,neutral_centered,participant_balanced,Surprise,UNMAPPED_MouthRight,0.0018275595558623406,MouthRight (unmapped)
mean,neutral_centered_standardized,sample_weighted,Anger,AU1,0.3271316732828852,AU1 Inner Brow Raiser
mean,neutral_centered_standardized,sample_weighted,Disgust,AU1,0.3491663821847784,AU1 Inner Brow Raiser
mean,neutral_centered_standardized,sample_weighted,Fear,AU1,1.1411769801848461,AU1 Inner Brow Raiser
mean,neutral_centered_standardized,sample_weighted,Happiness,AU1,0.18946142764970508,AU1 Inner Brow Raiser
mean,neutral_centered_standardized,sample_weighted,Neutral,AU1,1.8140899095182297e-19,AU1 Inner Brow Raiser
mean,neutral_centered_standardized,sample_weighted,Sadness,AU1,0.5124353221222129,AU1 Inner Brow Raiser
mean,neutral_centered_standardized,sample_weighted,Surprise,AU1,1.276544778301847,AU1 Inner Brow Raiser
mean,neutral_centered_standardized,sample_weighted,Anger,AU2,0.036615510823125655,AU2 Outer Brow Raiser
mean,neutral_centered_standardized,sample_weighted,Disgust,AU2,0.10325468685012537,AU2 Outer Brow Raiser
mean,neutral_centered_standardized,sample_weighted,Fear,AU2,1.139596654111721,AU2 Outer Brow Raiser
mean,neutral_centered_standardized,sample_weighted,Happiness,AU2,0.17448150712107208,AU2 Outer Brow Raiser
mean,neutral_centered_standardized,sample_weighted,Neutral,AU2,1.4512719276145838e-18,AU2 Outer Brow Raiser
mean,neutral_centered_standardized,sample_weighted,Sadness,AU2,0.12889094851294405,AU2 Outer Brow Raiser
mean,neutral_centered_standardized,sample_weighted,Surprise,AU2,1.383518526930069,AU2 Outer Brow Raiser
mean,neutral_centered_standardized,sample_weighted,Anger,AU4,1.5661782625168965,AU4 Brow Lowerer
mean,neutral_centered_standardized,sample_weighted,Disgust,AU4,1.4729788105629091,AU4 Brow Lowerer
mean,neutral_centered_standardized,sample_weighted,Fear,AU4,0.18959906084638442,AU4 Brow Lowerer
mean,neutral_centered_standardized,sample_weighted,Happiness,AU4,0.11584912202579434,AU4 Brow Lowerer
mean,neutral_centered_standardized,sample_weighted,Neutral,AU4,1.7233854140423182e-18,AU4 Brow Lowerer
mean,neutral_centered_standardized,sample_weighted,Sadness,AU4,0.7347938120961318,AU4 Brow Lowerer
mean,neutral_centered_standardized,sample_weighted,Surprise,AU4,0.0001773212779649233,AU4 Brow Lowerer
mean,neutral_centered_standardized,sample_weighted,Anger,AU5,0.274810557819176,AU5 Upper Lid Raiser
mean,neutral_centered_standardized,sample_weighted,Disgust,AU5,-0.025614826286018615,AU5 Upper Lid Raiser
mean,neutral_centered_standardized,sample_weighted,Fear,AU5,1.0267063182323177,AU5 Upper Lid Raiser
mean,neutral_centered_standardized,sample_weighted,Happiness,AU5,0.07156016901295499,AU5 Upper Lid Raiser
mean,neutral_centered_standardized,sample_weighted,Neutral,AU5,-7.256359638072919e-18,AU5 Upper Lid Raiser
mean,neutral_centered_standardized,sample_weighted,Sadness,AU5,0.027698056236973908,AU5 Upper Lid Raiser
mean,neutral_centered_standardized,sample_weighted,Surprise,AU5,0.8225320917417542,AU5 Upper Lid Raiser
mean,neutral_centered_standardized,sample_weighted,Anger,AU6,0.8173609342684615,AU6 Cheek Raiser
mean,neutral_centered_standardized,sample_weighted,Disgust,AU6,1.1390646040614347,AU6 Cheek Raiser
mean,neutral_centered_standardized,sample_weighted,Fear,AU6,0.07001293067139414,AU6 Cheek Raiser
mean,neutral_centered_standardized,sample_weighted,Happiness,AU6,1.7448125784776827,AU6 Cheek Raiser
mean,neutral_centered_standardized,sample_weighted,Neutral,AU6,3.492123075822592e-18,AU6 Cheek Raiser
mean,neutral_centered_standardized,sample_weighted,Sadness,AU6,0.26800585689474066,AU6 Cheek Raiser
mean,neutral_centered_standardized,sample_weighted,Surprise,AU6,-0.011869037019869692,AU6 Cheek Raiser
mean,neutral_centered_standardized,sample_weighted,Anger,AU7,1.396203385323301,AU7 Lid Tightener
mean,neutral_centered_standardized,sample_weighted,Disgust,AU7,1.466518628970208,AU7 Lid Tightener
mean,neutral_centered_standardized,sample_weighted,Fear,AU7,0.21225483688999583,AU7 Lid Tightener
mean,neutral_centered_standardized,sample_weighted,Happiness,AU7,0.9025865540012277,AU7 Lid Tightener
mean,neutral_centered_standardized,sample_weighted,Neutral,AU7,2.8571916074912115e-18,AU7 Lid Tightener
mean,neutral_centered_standardized,sample_weighted,Sadness,AU7,0.38599058893461763,AU7 Lid Tightener
mean,neutral_centered_standardized,sample_weighted,Surprise,AU7,0.11822057857533533,AU7 Lid Tightener
mean,neutral_centered_standardized,sample_weighted,Anger,AU8,0.5088899771282837,AU8 Lips Toward Each Other
mean,neutral_centered_standardized,sample_weighted,Disgust,AU8,0.5945411512048074,AU8 Lips Toward Each Other
mean,neutral_centered_standardized,sample_weighted,Fear,AU8,0.38522617761862277,AU8 Lips Toward Each Other
mean,neutral_centered_standardized,sample_weighted,Happiness,AU8,0.373167094711684,AU8 Lips Toward Each Other
mean,neutral_centered_standardized,sample_weighted,Neutral,AU8,3.6281798190364595e-18,AU8 Lips Toward Each Other
mean,neutral_centered_standardized,sample_weighted,Sadness,AU8,0.47637299931349114,AU8 Lips Toward Each Other
mean,neutral_centered_standardized,sample_weighted,Surprise,AU8,1.171107978226243,AU8 Lips Toward Each Other
mean,neutral_centered_standardized,sample_weighted,Anger,AU9,1.1767602807576565,AU9 Nose Wrinkler
mean,neutral_centered_standardized,sample_weighted,Disgust,AU9,1.8840689977926077,AU9 Nose Wrinkler
mean,neutral_centered_standardized,sample_weighted,Fear,AU9,0.11897308884246417,AU9 Nose Wrinkler
mean,neutral_centered_standardized,sample_weighted,Happiness,AU9,0.042560059422856955,AU9 Nose Wrinkler
mean,neutral_centered_standardized,sample_weighted,Neutral,AU9,3.1804149512330096e-19,AU9 Nose Wrinkler
mean,neutral_centered_standardized,sample_weighted,Sadness,AU9,0.3039434083308025,AU9 Nose Wrinkler
mean,neutral_centered_standardized,sample_weighted,Surprise,AU9,0.04913725829702786,AU9 Nose Wrinkler
mean,neutral_centered_standardized,sample_weighted,Anger,AU10,0.9224720989143536,AU10 Upper Lip Raiser
mean,neutral_centered_standardized,sample_weighted,Disgust,AU10,1.5367842169537165,AU10 Upper Lip Raiser
mean,neutral_centered_standardized,sample_weighted,Fear,AU10,0.47328240579387115,AU10 Upper Lip Raiser
mean,neutral_centered_standardized,sample_weighted,Happiness,AU10,1.440427786051871,AU10 Upper Lip Raiser
mean,neutral_centered_standardized,sample_weighted,Neutral,AU10,-3.2649189440884975e-18,AU10 Upper Lip Raiser
mean,neutral_centered_standardized,sample_weighted,Sadness,AU10,0.11827820037492945,AU10 Upper Lip Raiser
mean,neutral_centered_standardized,sample_weighted,Surprise,AU10,0.22597780440542395,AU10 Upper Lip Raiser
mean,neutral_centered_standardized,sample_weighted,Anger,AU12,0.15720205610424068,AU12 Lip Corner Puller
mean,neutral_centered_standardized,sample_weighted,Disgust,AU12,0.20972702976397659,AU12 Lip Corner Puller
mean,neutral_centered_standardized,sample_weighted,Fear,AU12,0.08970432283146305,AU12 Lip Corner Puller
mean,neutral_centered_standardized,sample_weighted,Happiness,AU12,2.169635273461281,AU12 Lip Corner Puller
mean,neutral_centered_standardized,sample_weighted,Neutral,AU12,-1.0487264396357948e-18,AU12 Lip Corner Puller
mean,neutral_centered_standardized,sample_weighted,Sadness,AU12,0.020284295868582748,AU12 Lip Corner Puller
mean,neutral_centered_standardized,sample_weighted,Surprise,AU12,0.0056557663246257295,AU12 Lip Corner Puller
mean,neutral_centered_standardized,sample_weighted,Anger,AU14,0.22779467699489123,AU14 Dimpler
mean,neutral_centered_standardized,sample_weighted,Disgust,AU14,0.3479448559214786,AU14 Dimpler
mean,neutral_centered_standardized,sample_weighted,Fear,AU14,0.33048675036445385,AU14 Dimpler
mean,neutral_centered_standardized,sample_weighted,Happiness,AU14,1.9610206191522221,AU14 Dimpler
mean,neutral_centered_standardized,sample_weighted,Neutral,AU14,4.1100474749052793e-19,AU14 Dimpler
mean,neutral_centered_standardized,sample_weighted,Sadness,AU14,-0.018787245777717506,AU14 Dimpler
mean,neutral_centered_standardized,sample_weighted,Surprise,AU14,0.09996213577021791,AU14 Dimpler
mean,neutral_centered_standardized,sample_weighted,Anger,AU15,0.5160177167304819,AU15 Lip Corner Depressor
mean,neutral_centered_standardized,sample_weighted,Disgust,AU15,0.7718850296796406,AU15 Lip Corner Depressor
mean,neutral_centered_standardized,sample_weighted,Fear,AU15,0.1426767770125241,AU15 Lip Corner Depressor
mean,neutral_centered_standardized,sample_weighted,Happiness,AU15,0.00917730613410885,AU15 Lip Corner Depressor
mean,neutral_centered_standardized,sample_weighted,Neutral,AU15,1.1111300695799156e-18,AU15 Lip Corner Depressor
mean,neutral_centered_standardized,sample_weighted,Sadness,AU15,2.1637622623667108,AU15 Lip Corner Depressor
mean,neutral_centered_standardized,sample_weighted,Surprise,AU15,0.06506618134126846,AU15 Lip Corner Depressor
mean,neutral_centered_standardized,sample_weighted,Anger,AU16,0.14031605080029907,AU16 Lower Lip Depressor
mean,neutral_centered_standardized,sample_weighted,Disgust,AU16,0.5767929963705786,AU16 Lower Lip Depressor
mean,neutral_centered_standardized,sample_weighted,Fear,AU16,0.6639641194097509,AU16 Lower Lip Depressor
mean,neutral_centered_standardized,sample_weighted,Happiness,AU16,1.2113233049424608,AU16 Lower Lip Depressor
mean,neutral_centered_standardized,sample_weighted,Neutral,AU16,-8.503546450866701e-19,AU16 Lower Lip Depressor
mean,neutral_centered_standardized,sample_weighted,Sadness,AU16,0.07517260017317279,AU16 Lower Lip Depressor
mean,neutral_centered_standardized,sample_weighted,Surprise,AU16,0.08440279306816884,AU16 Lower Lip Depressor
mean,neutral_centered_standardized,sample_weighted,Anger,AU17,1.5188308587781087,AU17 Chin Raiser
mean,neutral_centered_standardized,sample_weighted,Disgust,AU17,1.179025124813508,AU17 Chin Raiser
mean,neutral_centered_standardized,sample_weighted,Fear,AU17,0.1337268147817021,AU17 Chin Raiser
mean,neutral_centered_standardized,sample_weighted,Happiness,AU17,0.33740241909318464,AU17 Chin Raiser
mean,neutral_centered_standardized,sample_weighted,Neutral,AU17,4.535778390100969e-20,AU17 Chin Raiser
mean,neutral_centered_standardized,sample_weighted,Sadness,AU17,1.9323714426666967,AU17 Chin Raiser
mean,neutral_centered_standardized,sample_weighted,Surprise,AU17,0.13889928274119595,AU17 Chin Raiser
mean,neutral_centered_standardized,sample_weighted,Anger,AU18,0.9935958621361559,AU18 Lip Puckerer
mean,neutral_centered_standardized,sample_weighted,Disgust,AU18,0.5515508010150088,AU18 Lip Puckerer
mean,neutral_centered_standardized,sample_weighted,Fear,AU18,0.05803519760347879,AU18 Lip Puckerer
mean,neutral_centered_standardized,sample_weighted,Happiness,AU18,0.030075274266307055,AU18 Lip Puckerer
mean,neutral_centered_standardized,sample_weighted,Neutral,AU18,-3.7114437113678625e-20,AU18 Lip Puckerer
mean,neutral_centered_standardized,sample_weighted,Sadness,AU18,0.5328148448450747,AU18 Lip Puckerer
mean,neutral_centered_standardized,sample_weighted,Surprise,AU18,1.0000589898706616,AU18 Lip Puckerer
mean,neutral_centered_standardized,sample_weighted,Anger,AU20,0.2994516476350879,AU20 Lip Stretcher
mean,neutral_centered_standardized,sample_weighted,Disgust,AU20,0.7303785133381816,AU20 Lip Stretcher
mean,neutral_centered_standardized,sample_weighted,Fear,AU20,0.7167108568333768,AU20 Lip Stretcher
mean,neutral_centered_standardized,sample_weighted,Happiness,AU20,0.8467020147127915,AU20 Lip Stretcher
mean,neutral_centered_standardized,sample_weighted,Neutral,AU20,2.9067070498457376e-19,AU20 Lip Stretcher
mean,neutral_centered_standardized,sample_weighted,Sadness,AU20,0.6545612717683186,AU20 Lip Stretcher
mean,neutral_centered_standardized,sample_weighted,Surprise,AU20,0.05493261235905031,AU20 Lip Stretcher
mean,neutral_centered_standardized,sample_weighted,Anger,AU22,0.16164463739234178,AU22 Lip Funneler
mean,neutral_centered_standardized,sample_weighted,Disgust,AU22,0.05971556497267884,AU22 Lip Funneler
mean,neutral_centered_standardized,sample_weighted,Fear,AU22,0.032198660218823894,AU22 Lip Funneler
mean,neutral_centered_standardized,sample_weighted,Happiness,AU22,0.006155470841020954,AU22 Lip Funneler
mean,neutral_centered_standardized,sample_weighted,Neutral,AU22,-3.4935403335644033e-19,AU22 Lip Funneler
mean,neutral_centered_standardized,sample_weighted,Sadness,AU22,1.0226372492249647,AU22 Lip Funneler
mean,neutral_centered_standardized,sample_weighted,Surprise,AU22,0.6520821823336213,AU22 Lip Funneler
mean,neutral_centered_standardized,sample_weighted,Anger,AU23,0.9427110628467759,AU23 Lip Tightener
mean,neutral_centered_standardized,sample_weighted,Disgust,AU23,0.209568023939223,AU23 Lip Tightener
mean,neutral_centered_standardized,sample_weighted,Fear,AU23,0.0372408169695093,AU23 Lip Tightener
mean,neutral_centered_standardized,sample_weighted,Happiness,AU23,0.007013953434265508,AU23 Lip Tightener
mean,neutral_centered_standardized,sample_weighted,Neutral,AU23,2.938152455992172e-19,AU23 Lip Tightener
mean,neutral_centered_standardized,sample_weighted,Sadness,AU23,0.8765983263137247,AU23 Lip Tightener
mean,neutral_centered_standardized,sample_weighted,Surprise,AU23,0.6197778533802848,AU23 Lip Tightener
mean,neutral_centered_standardized,sample_weighted,Anger,AU24,0.5142078284757574,AU24 Lip Pressor
mean,neutral_centered_standardized,sample_weighted,Disgust,AU24,0.62610779604174,AU24 Lip Pressor
mean,neutral_centered_standardized,sample_weighted,Fear,AU24,0.023935361788541165,AU24 Lip Pressor
mean,neutral_centered_standardized,sample_weighted,Happiness,AU24,0.02334766866412703,AU24 Lip Pressor
mean,neutral_centered_standardized,sample_weighted,Neutral,AU24,-9.601921204994075e-20,AU24 Lip Pressor
mean,neutral_centered_standardized,sample_weighted,Sadness,AU24,0.40767123214328793,AU24 Lip Pressor
mean,neutral_centered_standardized,sample_weighted,Surprise,AU24,0.04769314802891622,AU24 Lip Pressor
mean,neutral_centered_standardized,sample_weighted,Anger,AU26,0.15090684917998856,AU26 Jaw Drop
mean,neutral_centered_standardized,sample_weighted,Disgust,AU26,0.4169732216665735,AU26 Jaw Drop
mean,neutral_centered_standardized,sample_weighted,Fear,AU26,1.047800515201447,AU26 Jaw Drop
mean,neutral_centered_standardized,sample_weighted,Happiness,AU26,0.4581781388980594,AU26 Jaw Drop
mean,neutral_centered_standardized,sample_weighted,Neutral,AU26,7.596501496107587e-19,AU26 Jaw Drop
mean,neutral_centered_standardized,sample_weighted,Sadness,AU26,0.12208302242295149,AU26 Jaw Drop
mean,neutral_centered_standardized,sample_weighted,Surprise,AU26,2.007527611955173,AU26 Jaw Drop
mean,neutral_centered_standardized,sample_weighted,Anger,AU28,1.0983836746504567,AU28 Lip Suck
mean,neutral_centered_standardized,sample_weighted,Disgust,AU28,0.9818882535001118,AU28 Lip Suck
mean,neutral_centered_standardized,sample_weighted,Fear,AU28,0.10187543973963145,AU28 Lip Suck
mean,neutral_centered_standardized,sample_weighted,Happiness,AU28,1.67166195719189,AU28 Lip Suck
mean,neutral_centered_standardized,sample_weighted,Neutral,AU28,-1.7290544450095626e-18,AU28 Lip Suck
mean,neutral_centered_standardized,sample_weighted,Sadness,AU28,0.1501231344595634,AU28 Lip Suck
mean,neutral_centered_standardized,sample_weighted,Surprise,AU28,-0.01744961742095358,AU28 Lip Suck
mean,neutral_centered_standardized,sample_weighted,Anger,AU43,0.7027980455555033,AU43 Eyes Closed
mean,neutral_centered_standardized,sample_weighted,Disgust,AU43,1.021277681328728,AU43 Eyes Closed
mean,neutral_centered_standardized,sample_weighted,Fear,AU43,0.007627375004645296,AU43 Eyes Closed
mean,neutral_centered_standardized,sample_weighted,Happiness,AU43,0.12352635787631601,AU43 Eyes Closed
mean,neutral_centered_standardized,sample_weighted,Neutral,AU43,-4.0136739248090835e-18,AU43 Eyes Closed
mean,neutral_centered_standardized,sample_weighted,Sadness,AU43,0.6015912663801538,AU43 Eyes Closed
mean,neutral_centered_standardized,sample_weighted,Surprise,AU43,0.04363140045458071,AU43 Eyes Closed
mean,neutral_centered_standardized,sample_weighted,Anger,AD29,0.3276901751288366,AD29 Jaw Thrust
mean,neutral_centered_standardized,sample_weighted,Disgust,AD29,0.297723902153448,AD29 Jaw Thrust
mean,neutral_centered_standardized,sample_weighted,Fear,AD29,0.4347721082163014,AD29 Jaw Thrust
mean,neutral_centered_standardized,sample_weighted,Happiness,AD29,0.0336583297649656,AD29 Jaw Thrust
mean,neutral_centered_standardized,sample_weighted,Neutral,AD29,-5.3288891092098e-19,AD29 Jaw Thrust
mean,neutral_centered_standardized,sample_weighted,Sadness,AD29,0.7343427456878835,AD29 Jaw Thrust
mean,neutral_centered_standardized,sample_weighted,Surprise,AD29,1.277565791420805,AD29 Jaw Thrust
mean,neutral_centered_standardized,sample_weighted,Anger,AD30,0.774798794415383,AD30 Jaw Sideways
mean,neutral_centered_standardized,sample_weighted,Disgust,AD30,0.39850246455346056,AD30 Jaw Sideways
mean,neutral_centered_standardized,sample_weighted,Fear,AD30,0.1447549836125441,AD30 Jaw Sideways
mean,neutral_centered_standardized,sample_weighted,Happiness,AD30,0.17479271022207254,AD30 Jaw Sideways
mean,neutral_centered_standardized,sample_weighted,Neutral,AD30,-7.51146603159892e-20,AD30 Jaw Sideways
mean,neutral_centered_standardized,sample_weighted,Sadness,AD30,0.9805561471569753,AD30 Jaw Sideways
mean,neutral_centered_standardized,sample_weighted,Surprise,AD30,0.8488929159577694,AD30 Jaw Sideways
mean,neutral_centered_standardized,sample_weighted,Anger,AD34,0.7266400432953013,AD34 Cheek Puff
mean,neutral_centered_standardized,sample_weighted,Disgust,AD34,0.23371474106664208,AD34 Cheek Puff
mean,neutral_centered_standardized,sample_weighted,Fear,AD34,0.02505560360016852,AD34 Cheek Puff
mean,neutral_centered_standardized,sample_weighted,Happiness,AD34,0.011510629248047513,AD34 Cheek Puff
mean,neutral_centered_standardized,sample_weighted,Neutral,AD34,-1.7175392258573473e-18,AD34 Cheek Puff
mean,neutral_centered_standardized,sample_weighted,Sadness,AD34,0.960263124491221,AD34 Cheek Puff
mean,neutral_centered_standardized,sample_weighted,Surprise,AD34,0.3986381662768547,AD34 Cheek Puff
mean,neutral_centered_standardized,sample_weighted,Anger,AD35,0.00012374656640999038,AD35 Cheek Suck
mean,neutral_centered_standardized,sample_weighted,Disgust,AD35,0.005000853659486347,AD35 Cheek Suck
mean,neutral_centered_standardized,sample_weighted,Fear,AD35,0.006417706259273648,AD35 Cheek Suck
mean,neutral_centered_standardized,sample_weighted,Happiness,AD35,8.47071219539463e-05,AD35 Cheek Suck
mean,neutral_centered_standardized,sample_weighted,Neutral,AD35,-7.563782772458744e-22,AD35 Cheek Suck
mean,neutral_centered_standardized,sample_weighted,Sadness,AD35,0.00036543860870402376,AD35 Cheek Suck
mean,neutral_centered_standardized,sample_weighted,Surprise,AD35,0.6377626015666413,AD35 Cheek Suck
mean,neutral_centered_standardized,sample_weighted,Anger,EYE61,-0.10719723283709681,EYE61 Eyes Turn Left
mean,neutral_centered_standardized,sample_weighted,Disgust,EYE61,-0.0780699753448181,EYE61 Eyes Turn Left
mean,neutral_centered_standardized,sample_weighted,Fear,EYE61,-0.04845094347432056,EYE61 Eyes Turn Left
mean,neutral_centered_standardized,sample_weighted,Happiness,EYE61,-0.08961131326407717,EYE61 Eyes Turn Left
mean,neutral_centered_standardized,sample_weighted,Neutral,EYE61,3.718884314512371e-18,EYE61 Eyes Turn Left
mean,neutral_centered_standardized,sample_weighted,Sadness,EYE61,-0.07306113044331126,EYE61 Eyes Turn Left
mean,neutral_centered_standardized,sample_weighted,Surprise,EYE61,-0.06378726480262216,EYE61 Eyes Turn Left
mean,neutral_centered_standardized,sample_weighted,Anger,EYE62,0.025022813426900683,EYE62 Eyes Turn Right
mean,neutral_centered_standardized,sample_weighted,Disgust,EYE62,0.051345739413852565,EYE62 Eyes Turn Right
mean,neutral_centered_standardized,sample_weighted,Fear,EYE62,0.06943902525869056,EYE62 Eyes Turn Right
mean,neutral_centered_standardized,sample_weighted,Happiness,EYE62,0.09613272468293672,EYE62 Eyes Turn Right
mean,neutral_centered_standardized,sample_weighted,Neutral,EYE62,1.2834686109841475e-17,EYE62 Eyes Turn Right
mean,neutral_centered_standardized,sample_weighted,Sadness,EYE62,0.06294232880731068,EYE62 Eyes Turn Right
mean,neutral_centered_standardized,sample_weighted,Surprise,EYE62,0.12489786166963669,EYE62 Eyes Turn Right
mean,neutral_centered_standardized,sample_weighted,Anger,EYE63,0.23298674143229842,EYE63 Eyes Up
mean,neutral_centered_standardized,sample_weighted,Disgust,EYE63,-0.18331190879434714,EYE63 Eyes Up
mean,neutral_centered_standardized,sample_weighted,Fear,EYE63,-0.2746464871819459,EYE63 Eyes Up
mean,neutral_centered_standardized,sample_weighted,Happiness,EYE63,0.01760826006571331,EYE63 Eyes Up
mean,neutral_centered_standardized,sample_weighted,Neutral,EYE63,-1.4512719276145838e-18,EYE63 Eyes Up
mean,neutral_centered_standardized,sample_weighted,Sadness,EYE63,-0.249393291594942,EYE63 Eyes Up
mean,neutral_centered_standardized,sample_weighted,Surprise,EYE63,-0.22979790825962668,EYE63 Eyes Up
mean,neutral_centered_standardized,sample_weighted,Anger,EYE64,0.835715238140211,EYE64 Eyes Down
mean,neutral_centered_standardized,sample_weighted,Disgust,EYE64,1.073939339861128,EYE64 Eyes Down
mean,neutral_centered_standardized,sample_weighted,Fear,EYE64,-0.006717439622340284,EYE64 Eyes Down
mean,neutral_centered_standardized,sample_weighted,Happiness,EYE64,0.31340807281054645,EYE64 Eyes Down
mean,neutral_centered_standardized,sample_weighted,Neutral,EYE64,-7.415092505155764e-18,EYE64 Eyes Down
mean,neutral_centered_standardized,sample_weighted,Sadness,EYE64,0.4693203592034109,EYE64 Eyes Down
mean,neutral_centered_standardized,sample_weighted,Surprise,EYE64,0.0063712735720418716,EYE64 Eyes Down
mean,neutral_centered_standardized,sample_weighted,Anger,UNMAPPED_MouthLeft,1.0713004658835854,MouthLeft (unmapped)
mean,neutral_centered_standardized,sample_weighted,Disgust,UNMAPPED_MouthLeft,1.1954136311997736,MouthLeft (unmapped)
mean,neutral_centered_standardized,sample_weighted,Fear,UNMAPPED_MouthLeft,0.14934635389512121,MouthLeft (unmapped)
mean,neutral_centered_standardized,sample_weighted,Happiness,UNMAPPED_MouthLeft,0.5833377071041561,MouthLeft (unmapped)
mean,neutral_centered_standardized,sample_weighted,Neutral,UNMAPPED_MouthLeft,1.873260420238844e-18,MouthLeft (unmapped)
mean,neutral_centered_standardized,sample_weighted,Sadness,UNMAPPED_MouthLeft,0.2269535124007092,MouthLeft (unmapped)
mean,neutral_centered_standardized,sample_weighted,Surprise,UNMAPPED_MouthLeft,0.16557461451405306,MouthLeft (unmapped)
mean,neutral_centered_standardized,sample_weighted,Anger,UNMAPPED_MouthRight,0.5462525847871255,MouthRight (unmapped)
mean,neutral_centered_standardized,sample_weighted,Disgust,UNMAPPED_MouthRight,0.5382755291106334,MouthRight (unmapped)
mean,neutral_centered_standardized,sample_weighted,Fear,UNMAPPED_MouthRight,0.0798525090639293,MouthRight (unmapped)
mean,neutral_centered_standardized,sample_weighted,Happiness,UNMAPPED_MouthRight,0.30846817129424825,MouthRight (unmapped)
mean,neutral_centered_standardized,sample_weighted,Neutral,UNMAPPED_MouthRight,-1.2403662599113169e-18,MouthRight (unmapped)
mean,neutral_centered_standardized,sample_weighted,Sadness,UNMAPPED_MouthRight,0.008149647737338773,MouthRight (unmapped)
mean,neutral_centered_standardized,sample_weighted,Surprise,UNMAPPED_MouthRight,0.33620145670346147,MouthRight (unmapped)
mean,neutral_centered_standardized,participant_balanced,Anger,AU1,0.3677562445598708,AU1 Inner Brow Raiser
mean,neutral_centered_standardized,participant_balanced,Disgust,AU1,0.3738374636793271,AU1 Inner Brow Raiser
mean,neutral_centered_standardized,participant_balanced,Fear,AU1,1.0276315424693234,AU1 Inner Brow Raiser
mean,neutral_centered_standardized,participant_balanced,Happiness,AU1,0.1747072188446641,AU1 Inner Brow Raiser
mean,neutral_centered_standardized,participant_balanced,Neutral,AU1,7.849470754943731e-21,AU1 Inner Brow Raiser
mean,neutral_centered_standardized,participant_balanced,Sadness,AU1,0.5589465575614702,AU1 Inner Brow Raiser
mean,neutral_centered_standardized,participant_balanced,Surprise,AU1,1.330966119898789,AU1 Inner Brow Raiser
mean,neutral_centered_standardized,participant_balanced,Anger,AU2,0.03542913580121939,AU2 Outer Brow Raiser
mean,neutral_centered_standardized,participant_balanced,Disgust,AU2,0.10849002835265786,AU2 Outer Brow Raiser
mean,neutral_centered_standardized,participant_balanced,Fear,AU2,1.0746801860380222,AU2 Outer Brow Raiser
mean,neutral_centered_standardized,participant_balanced,Happiness,AU2,0.17620228853601033,AU2 Outer Brow Raiser
mean,neutral_centered_standardized,participant_balanced,Neutral,AU2,2.61768697823838e-18,AU2 Outer Brow Raiser
mean,neutral_centered_standardized,participant_balanced,Sadness,AU2,0.11652543973995268,AU2 Outer Brow Raiser
mean,neutral_centered_standardized,participant_balanced,Surprise,AU2,1.4503678289094546,AU2 Outer Brow Raiser
mean,neutral_centered_standardized,participant_balanced,Anger,AU4,1.481886047461085,AU4 Brow Lowerer
mean,neutral_centered_standardized,participant_balanced,Disgust,AU4,1.5270796955690378,AU4 Brow Lowerer
mean,neutral_centered_standardized,participant_balanced,Fear,AU4,0.15198331149884897,AU4 Brow Lowerer
mean,neutral_centered_standardized,participant_balanced,Happiness,AU4,0.098075421121879,AU4 Brow Lowerer
mean,neutral_centered_standardized,participant_balanced,Neutral,AU4,2.9952910542710194e-18,AU4 Brow Lowerer
mean,neutral_centered_standardized,participant_balanced,Sadness,AU4,0.8829475113258414,AU4 Brow Lowerer
mean,neutral_centered_standardized,participant_balanced,Surprise,AU4,0.0023772889812181263,AU4 Brow Lowerer
mean,neutral_centered_standardized,participant_balanced,Anger,AU5,0.1927281808908203,AU5 Upper Lid Raiser
mean,neutral_centered_standardized,participant_balanced,Disgust,AU5,-0.003399738798356462,AU5 Upper Lid Raiser
mean,neutral_centered_standardized,participant_balanced,Fear,AU5,1.0131574932746317,AU5 Upper Lid Raiser
mean,neutral_centered_standardized,participant_balanced,Happiness,AU5,0.059123919723767925,AU5 Upper Lid Raiser
mean,neutral_centered_standardized,participant_balanced,Neutral,AU5,-7.532778474049448e-18,AU5 Upper Lid Raiser
mean,neutral_centered_standardized,participant_balanced,Sadness,AU5,0.033696121363390424,AU5 Upper Lid Raiser
mean,neutral_centered_standardized,participant_balanced,Surprise,AU5,0.8536765074536674,AU5 Upper Lid Raiser
mean,neutral_centered_standardized,participant_balanced,Anger,AU6,0.757700659306671,AU6 Cheek Raiser
mean,neutral_centered_standardized,participant_balanced,Disgust,AU6,1.153442197519683,AU6 Cheek Raiser
mean,neutral_centered_standardized,participant_balanced,Fear,AU6,0.0731274098399279,AU6 Cheek Raiser
mean,neutral_centered_standardized,participant_balanced,Happiness,AU6,1.7622509272531772,AU6 Cheek Raiser
mean,neutral_centered_standardized,participant_balanced,Neutral,AU6,4.309768171473481e-18,AU6 Cheek Raiser
mean,neutral_centered_standardized,participant_balanced,Sadness,AU6,0.3093764351943488,AU6 Cheek Raiser
mean,neutral_centered_standardized,participant_balanced,Surprise,AU6,-0.012257467531671926,AU6 Cheek Raiser
mean,neutral_centered_standardized,participant_balanced,Anger,AU7,1.405819263076393,AU7 Lid Tightener
mean,neutral_centered_standardized,participant_balanced,Disgust,AU7,1.455812184034673,AU7 Lid Tightener
mean,neutral_centered_standardized,participant_balanced,Fear,AU7,0.22728711399605384,AU7 Lid Tightener
mean,neutral_centered_standardized,participant_balanced,Happiness,AU7,0.8949009466541801,AU7 Lid Tightener
mean,neutral_centered_standardized,participant_balanced,Neutral,AU7,3.657099557297198e-18,AU7 Lid Tightener
mean,neutral_centered_standardized,participant_balanced,Sadness,AU7,0.43984049218002486,AU7 Lid Tightener
mean,neutral_centered_standardized,participant_balanced,Surprise,AU7,0.11434466447550598,AU7 Lid Tightener
mean,neutral_centered_standardized,participant_balanced,Anger,AU8,0.5068317906834764,AU8 Lips Toward Each Other
mean,neutral_centered_standardized,participant_balanced,Disgust,AU8,0.6644037541464237,AU8 Lips Toward Each Other
mean,neutral_centered_standardized,participant_balanced,Fear,AU8,0.36927855823675376,AU8 Lips Toward Each Other
mean,neutral_centered_standardized,participant_balanced,Happiness,AU8,0.3628691625110499,AU8 Lips Toward Each Other
mean,neutral_centered_standardized,participant_balanced,Neutral,AU8,3.683667709243828e-18,AU8 Lips Toward Each Other
mean,neutral_centered_standardized,participant_balanced,Sadness,AU8,0.467937604377793,AU8 Lips Toward Each Other
mean,neutral_centered_standardized,participant_balanced,Surprise,AU8,1.13039985790946,AU8 Lips Toward Each Other
mean,neutral_centered_standardized,participant_balanced,Anger,AU9,1.02781869191742,AU9 Nose Wrinkler
mean,neutral_centered_standardized,participant_balanced,Disgust,AU9,1.8044278528390596,AU9 Nose Wrinkler
mean,neutral_centered_standardized,participant_balanced,Fear,AU9,0.11663777528193699,AU9 Nose Wrinkler
mean,neutral_centered_standardized,participant_balanced,Happiness,AU9,0.044031374283154796,AU9 Nose Wrinkler
mean,neutral_centered_standardized,participant_balanced,Neutral,AU9,6.009400972836608e-19,AU9 Nose Wrinkler
mean,neutral_centered_standardized,participant_balanced,Sadness,AU9,0.32373657922508553,AU9 Nose Wrinkler
mean,neutral_centered_standardized,participant_balanced,Surprise,AU9,0.04545280632517835,AU9 Nose Wrinkler
mean,neutral_centered_standardized,participant_balanced,Anger,AU10,0.8564929101829954,AU10 Upper Lip Raiser
mean,neutral_centered_standardized,participant_balanced,Disgust,AU10,1.4316260352186632,AU10 Upper Lip Raiser
mean,neutral_centered_standardized,participant_balanced,Fear,AU10,0.4788633243109946,AU10 Upper Lip Raiser
mean,neutral_centered_standardized,participant_balanced,Happiness,AU10,1.427747413848538,AU10 Upper Lip Raiser
mean,neutral_centered_standardized,participant_balanced,Neutral,AU10,-2.817403715497869e-18,AU10 Upper Lip Raiser
mean,neutral_centered_standardized,participant_balanced,Sadness,AU10,0.12001645005420504,AU10 Upper Lip Raiser
mean,neutral_centered_standardized,participant_balanced,Surprise,AU10,0.23842662341055096,AU10 Upper Lip Raiser
mean,neutral_centered_standardized,participant_balanced,Anger,AU12,0.1406841299783932,AU12 Lip Corner Puller
mean,neutral_centered_standardized,participant_balanced,Disgust,AU12,0.20124517535230263,AU12 Lip Corner Puller
mean,neutral_centered_standardized,participant_balanced,Fear,AU12,0.08558568219182719,AU12 Lip Corner Puller
mean,neutral_centered_standardized,participant_balanced,Happiness,AU12,2.1905905449242984,AU12 Lip Corner Puller
mean,neutral_centered_standardized,participant_balanced,Neutral,AU12,-1.6743017929895493e-18,AU12 Lip Corner Puller
mean,neutral_centered_standardized,participant_balanced,Sadness,AU12,0.01879260269375809,AU12 Lip Corner Puller
mean,neutral_centered_standardized,participant_balanced,Surprise,AU12,0.006242334673242392,AU12 Lip Corner Puller
mean,neutral_centered_standardized,participant_balanced,Anger,AU14,0.1966833046298144,AU14 Dimpler
mean,neutral_centered_standardized,participant_balanced,Disgust,AU14,0.3234309762834778,AU14 Dimpler
mean,neutral_centered_standardized,participant_balanced,Fear,AU14,0.3016146585381255,AU14 Dimpler
mean,neutral_centered_standardized,participant_balanced,Happiness,AU14,1.9794999648772535,AU14 Dimpler
mean,neutral_centered_standardized,participant_balanced,Neutral,AU14,6.593992065569355e-19,AU14 Dimpler
mean,neutral_centered_standardized,participant_balanced,Sadness,AU14,-0.01489085539910285,AU14 Dimpler
mean,neutral_centered_standardized,participant_balanced,Surprise,AU14,0.11329443889906606,AU14 Dimpler
mean,neutral_centered_standardized,participant_balanced,Anger,AU15,0.48736434655706556,AU15 Lip Corner Depressor
mean,neutral_centered_standardized,participant_balanced,Disgust,AU15,0.7824276124223583,AU15 Lip Corner Depressor
mean,neutral_centered_standardized,participant_balanced,Fear,AU15,0.13079071443691262,AU15 Lip Corner Depressor
mean,neutral_centered_standardized,participant_balanced,Happiness,AU15,0.007750938459605771,AU15 Lip Corner Depressor
mean,neutral_centered_standardized,participant_balanced,Neutral,AU15,1.1403173183572785e-18,AU15 Lip Corner Depressor
mean,neutral_centered_standardized,participant_balanced,Sadness,AU15,2.155052092134297,AU15 Lip Corner Depressor
mean,neutral_centered_standardized,participant_balanced,Surprise,AU15,0.0561958100482849,AU15 Lip Corner Depressor
mean,neutral_centered_standardized,participant_balanced,Anger,AU16,0.10879995654483378,AU16 Lower Lip Depressor
mean,neutral_centered_standardized,participant_balanced,Disgust,AU16,0.5135123415233961,AU16 Lower Lip Depressor
mean,neutral_centered_standardized,participant_balanced,Fear,AU16,0.6103063170601962,AU16 Lower Lip Depressor
mean,neutral_centered_standardized,participant_balanced,Happiness,AU16,1.258875080317223,AU16 Lower Lip Depressor
mean,neutral_centered_standardized,participant_balanced,Neutral,AU16,6.210792086488583e-19,AU16 Lower Lip Depressor
mean,neutral_centered_standardized,participant_balanced,Sadness,AU16,0.06344432612147953,AU16 Lower Lip Depressor
mean,neutral_centered_standardized,participant_balanced,Surprise,AU16,0.08553846357604807,AU16 Lower Lip Depressor
mean,neutral_centered_standardized,participant_balanced,Anger,AU17,1.4077424739038176,AU17 Chin Raiser
mean,neutral_centered_standardized,participant_balanced,Disgust,AU17,1.278143305959855,AU17 Chin Raiser
mean,neutral_centered_standardized,participant_balanced,Fear,AU17,0.17511391042868665,AU17 Chin Raiser
mean,neutral_centered_standardized,participant_balanced,Happiness,AU17,0.3364286135789981,AU17 Chin Raiser
mean,neutral_centered_standardized,participant_balanced,Neutral,AU17,1.259871934279557e-20,AU17 Chin Raiser
mean,neutral_centered_standardized,participant_balanced,Sadness,AU17,1.864489186862402,AU17 Chin Raiser
mean,neutral_centered_standardized,participant_balanced,Surprise,AU17,0.13692970040875002,AU17 Chin Raiser
mean,neutral_centered_standardized,participant_balanced,Anger,AU18,0.8472134875651801,AU18 Lip Puckerer
mean,neutral_centered_standardized,participant_balanced,Disgust,AU18,0.6912935550028797,AU18 Lip Puckerer
mean,neutral_centered_standardized,participant_balanced,Fear,AU18,0.06795611891110116,AU18 Lip Puckerer
mean,neutral_centered_standardized,participant_balanced,Happiness,AU18,0.028668436008021842,AU18 Lip Puckerer
mean,neutral_centered_standardized,participant_balanced,Neutral,AU18,1.7499372322958206e-19,AU18 Lip Puckerer
mean,neutral_centered_standardized,participant_balanced,Sadness,AU18,0.5243605622464286,AU18 Lip Puckerer
mean,neutral_centered_standardized,participant_balanced,Surprise,AU18,0.9524633583720856,AU18 Lip Puckerer
mean,neutral_centered_standardized,participant_balanced,Anger,AU20,0.23673294813538626,AU20 Lip Stretcher
mean,neutral_centered_standardized,participant_balanced,Disgust,AU20,0.687749620618143,AU20 Lip Stretcher
mean,neutral_centered_standardized,participant_balanced,Fear,AU20,0.6327847293752771,AU20 Lip Stretcher
mean,neutral_centered_standardized,participant_balanced,Happiness,AU20,0.9154105772687697,AU20 Lip Stretcher
mean,neutral_centered_standardized,participant_balanced,Neutral,AU20,1.3440787805857076e-19,AU20 Lip Stretcher
mean,neutral_centered_standardized,participant_balanced,Sadness,AU20,0.6619044855390129,AU20 Lip Stretcher
mean,neutral_centered_standardized,participant_balanced,Surprise,AU20,0.05662891632938874,AU20 Lip Stretcher
mean,neutral_centered_standardized,participant_balanced,Anger,AU22,0.14588234344224565,AU22 Lip Funneler
mean,neutral_centered_standardized,participant_balanced,Disgust,AU22,0.06111174201458412,AU22 Lip Funneler
mean,neutral_centered_standardized,participant_balanced,Fear,AU22,0.029623153296006042,AU22 Lip Funneler
mean,neutral_centered_standardized,participant_balanced,Happiness,AU22,0.006409356035127071,AU22 Lip Funneler
mean,neutral_centered_standardized,participant_balanced,Neutral,AU22,-3.6691193175199973e-19,AU22 Lip Funneler
mean,neutral_centered_standardized,participant_balanced,Sadness,AU22,0.8303268972421348,AU22 Lip Funneler
mean,neutral_centered_standardized,participant_balanced,Surprise,AU22,0.6065511444533912,AU22 Lip Funneler
mean,neutral_centered_standardized,participant_balanced,Anger,AU23,0.7513721293734785,AU23 Lip Tightener
mean,neutral_centered_standardized,participant_balanced,Disgust,AU23,0.26078793022260593,AU23 Lip Tightener
mean,neutral_centered_standardized,participant_balanced,Fear,AU23,0.033620804064799316,AU23 Lip Tightener
mean,neutral_centered_standardized,participant_balanced,Happiness,AU23,0.0067398349388009295,AU23 Lip Tightener
mean,neutral_centered_standardized,participant_balanced,Neutral,AU23,4.935011060317299e-19,AU23 Lip Tightener
mean,neutral_centered_standardized,participant_balanced,Sadness,AU23,0.7877521887801296,AU23 Lip Tightener
mean,neutral_centered_standardized,participant_balanced,Surprise,AU23,0.6066907071316855,AU23 Lip Tightener
mean,neutral_centered_standardized,participant_balanced,Anger,AU24,0.43499294508115494,AU24 Lip Pressor
mean,neutral_centered_standardized,participant_balanced,Disgust,AU24,0.8950837347787712,AU24 Lip Pressor
mean,neutral_centered_standardized,participant_balanced,Fear,AU24,0.02991854017574639,AU24 Lip Pressor
mean,neutral_centered_standardized,participant_balanced,Happiness,AU24,0.022701419172303866,AU24 Lip Pressor
mean,neutral_centered_standardized,participant_balanced,Neutral,AU24,-7.852697591749267e-20,AU24 Lip Pressor
mean,neutral_centered_standardized,participant_balanced,Sadness,AU24,0.419250492794904,AU24 Lip Pressor
mean,neutral_centered_standardized,participant_balanced,Surprise,AU24,0.04625886660643728,AU24 Lip Pressor
mean,neutral_centered_standardized,participant_balanced,Anger,AU26,0.12951495041408043,AU26 Jaw Drop
mean,neutral_centered_standardized,participant_balanced,Disgust,AU26,0.4310431044159584,AU26 Jaw Drop
mean,neutral_centered_standardized,participant_balanced,Fear,AU26,0.9984853687658675,AU26 Jaw Drop
mean,neutral_centered_standardized,participant_balanced,Happiness,AU26,0.4552198357267056,AU26 Jaw Drop
mean,neutral_centered_standardized,participant_balanced,Neutral,AU26,1.0398762063519053e-18,AU26 Jaw Drop
mean,neutral_centered_standardized,participant_balanced,Sadness,AU26,0.12261942419560579,AU26 Jaw Drop
mean,neutral_centered_standardized,participant_balanced,Surprise,AU26,1.9941188784181187,AU26 Jaw Drop
mean,neutral_centered_standardized,participant_balanced,Anger,AU28,1.116289732061592,AU28 Lip Suck
mean,neutral_centered_standardized,participant_balanced,Disgust,AU28,0.9855218546697189,AU28 Lip Suck
mean,neutral_centered_standardized,participant_balanced,Fear,AU28,0.13249756060740964,AU28 Lip Suck
mean,neutral_centered_standardized,participant_balanced,Happiness,AU28,1.6742492176887702,AU28 Lip Suck
mean,neutral_centered_standardized,participant_balanced,Neutral,AU28,-1.87040777162433e-18,AU28 Lip Suck
mean,neutral_centered_standardized,participant_balanced,Sadness,AU28,0.20268226607224288,AU28 Lip Suck
mean,neutral_centered_standardized,participant_balanced,Surprise,AU28,-0.025116385045519284,AU28 Lip Suck
mean,neutral_centered_standardized,participant_balanced,Anger,AU43,0.6875292707013572,AU43 Eyes Closed
mean,neutral_centered_standardized,participant_balanced,Disgust,AU43,1.305862615556013,AU43 Eyes Closed
mean,neutral_centered_standardized,participant_balanced,Fear,AU43,0.017248822080969468,AU43 Eyes Closed
mean,neutral_centered_standardized,participant_balanced,Happiness,AU43,0.10782887956959412,AU43 Eyes Closed
mean,neutral_centered_standardized,participant_balanced,Neutral,AU43,-3.1702742242153247e-18,AU43 Eyes Closed
mean,neutral_centered_standardized,participant_balanced,Sadness,AU43,0.7632084834535625,AU43 Eyes Closed
mean,neutral_centered_standardized,participant_balanced,Surprise,AU43,0.0639927564271169,AU43 Eyes Closed
mean,neutral_centered_standardized,participant_balanced,Anger,AD29,0.34261565499936897,AD29 Jaw Thrust
mean,neutral_centered_standardized,participant_balanced,Disgust,AD29,0.32163894101262575,AD29 Jaw Thrust
mean,neutral_centered_standardized,participant_balanced,Fear,AD29,0.442971554523355,AD29 Jaw Thrust
mean,neutral_centered_standardized,participant_balanced,Happiness,AD29,0.05443685602578843,AD29 Jaw Thrust
mean,neutral_centered_standardized,participant_balanced,Neutral,AD29,3.081781495614193e-20,AD29 Jaw Thrust
mean,neutral_centered_standardized,participant_balanced,Sadness,AD29,0.6125574038504696,AD29 Jaw Thrust
mean,neutral_centered_standardized,participant_balanced,Surprise,AD29,1.2851735415895078,AD29 Jaw Thrust
mean,neutral_centered_standardized,participant_balanced,Anger,AD30,0.6503497005273067,AD30 Jaw Sideways
mean,neutral_centered_standardized,participant_balanced,Disgust,AD30,0.41337963880208783,AD30 Jaw Sideways
mean,neutral_centered_standardized,participant_balanced,Fear,AD30,0.13571492394017182,AD30 Jaw Sideways
mean,neutral_centered_standardized,participant_balanced,Happiness,AD30,0.17716370000051718,AD30 Jaw Sideways
mean,neutral_centered_standardized,participant_balanced,Neutral,AD30,-4.730760753949804e-19,AD30 Jaw Sideways
mean,neutral_centered_standardized,participant_balanced,Sadness,AD30,0.8894636605545774,AD30 Jaw Sideways
mean,neutral_centered_standardized,participant_balanced,Surprise,AD30,0.8078729270687373,AD30 Jaw Sideways
mean,neutral_centered_standardized,participant_balanced,Anger,AD34,0.5970197819132739,AD34 Cheek Puff
mean,neutral_centered_standardized,participant_balanced,Disgust,AD34,0.2270021914904788,AD34 Cheek Puff
mean,neutral_centered_standardized,participant_balanced,Fear,AD34,0.036184997914185196,AD34 Cheek Puff
mean,neutral_centered_standardized,participant_balanced,Happiness,AD34,0.013787275184958103,AD34 Cheek Puff
mean,neutral_centered_standardized,participant_balanced,Neutral,AD34,-1.6005488657685206e-18,AD34 Cheek Puff
mean,neutral_centered_standardized,participant_balanced,Sadness,AD34,0.8342368114261652,AD34 Cheek Puff
mean,neutral_centered_standardized,participant_balanced,Surprise,AD34,0.36345734532521135,AD34 Cheek Puff
mean,neutral_centered_standardized,participant_balanced,Anger,AD35,0.00011361255290254412,AD35 Cheek Suck
mean,neutral_centered_standardized,participant_balanced,Disgust,AD35,0.004292833675129536,AD35 Cheek Suck
mean,neutral_centered_standardized,participant_balanced,Fear,AD35,0.005606099441742529,AD35 Cheek Suck
mean,neutral_centered_standardized,participant_balanced,Happiness,AD35,0.00011804687253061422,AD35 Cheek Suck
mean,neutral_centered_standardized,participant_balanced,Neutral,AD35,-9.013263377968602e-22,AD35 Cheek Suck
mean,neutral_centered_standardized,participant_balanced,Sadness,AD35,0.00027758198759132604,AD35 Cheek Suck
mean,neutral_centered_standardized,participant_balanced,Surprise,AD35,0.5977518214891854,AD35 Cheek Suck
mean,neutral_centered_standardized,participant_balanced,Anger,EYE61,-0.053231444006022074,EYE61 Eyes Turn Left
mean,neutral_centered_standardized,participant_balanced,Disgust,EYE61,-0.0756720873151644,EYE61 Eyes Turn Left
mean,neutral_centered_standardized,participant_balanced,Fear,EYE61,-0.009616667495676127,EYE61 Eyes Turn Left
mean,neutral_centered_standardized,participant_balanced,Happiness,EYE61,-0.07134673353915616,EYE61 Eyes Turn Left
mean,neutral_centered_standardized,participant_balanced,Neutral,EYE61,2.481694792837014e-18,EYE61 Eyes Turn Left
mean,neutral_centered_standardized,participant_balanced,Sadness,EYE61,-0.088174574518755,EYE61 Eyes Turn Left
mean,neutral_centered_standardized,participant_balanced,Surprise,EYE61,-0.055901911076080016,EYE61 Eyes Turn Left
mean,neutral_centered_standardized,participant_balanced,Anger,EYE62,-0.022421667185428578,EYE62 Eyes Turn Right
mean,neutral_centered_standardized,participant_balanced,Disgust,EYE62,0.046286306330249355,EYE62 Eyes Turn Right
mean,neutral_centered_standardized,participant_balanced,Fear,EYE62,0.039784398396699915,EYE62 Eyes Turn Right
mean,neutral_centered_standardized,participant_balanced,Happiness,EYE62,0.10472296378992568,EYE62 Eyes Turn Right
mean,neutral_centered_standardized,participant_balanced,Neutral,EYE62,1.544760547187742e-17,EYE62 Eyes Turn Right
mean,neutral_centered_standardized,participant_balanced,Sadness,EYE62,0.05606455594735512,EYE62 Eyes Turn Right
mean,neutral_centered_standardized,participant_balanced,Surprise,EYE62,0.10318211959512164,EYE62 Eyes Turn Right
mean,neutral_centered_standardized,participant_balanced,Anger,EYE63,0.1537003544844982,EYE63 Eyes Up
mean,neutral_centered_standardized,participant_balanced,Disgust,EYE63,-0.1556714007035753,EYE63 Eyes Up
mean,neutral_centered_standardized,participant_balanced,Fear,EYE63,-0.2100525211689479,EYE63 Eyes Up
mean,neutral_centered_standardized,participant_balanced,Happiness,EYE63,0.005555765298017641,EYE63 Eyes Up
mean,neutral_centered_standardized,participant_balanced,Neutral,EYE63,-2.5372051791990146e-18,EYE63 Eyes Up
mean,neutral_centered_standardized,participant_balanced,Sadness,EYE63,-0.2159353269162583,EYE63 Eyes Up
mean,neutral_centered_standardized,participant_balanced,Surprise,EYE63,-0.21798520530056378,EYE63 Eyes Up
mean,neutral_centered_standardized,participant_balanced,Anger,EYE64,0.8707884920542336,EYE64 Eyes Down
mean,neutral_centered_standardized,participant_balanced,Disgust,EYE64,1.1086675980207454,EYE64 Eyes Down
mean,neutral_centered_standardized,participant_balanced,Fear,EYE64,-0.04261028233757592,EYE64 Eyes Down
mean,neutral_centered_standardized,participant_balanced,Happiness,EYE64,0.30112163803555536,EYE64 Eyes Down
mean,neutral_centered_standardized,participant_balanced,Neutral,EYE64,-7.33378628371304e-18,EYE64 Eyes Down
mean,neutral_centered_standardized,participant_balanced,Sadness,EYE64,0.6700286018267442,EYE64 Eyes Down
mean,neutral_centered_standardized,participant_balanced,Surprise,EYE64,0.013023990685874296,EYE64 Eyes Down
mean,neutral_centered_standardized,participant_balanced,Anger,UNMAPPED_MouthLeft,0.9789040948312042,MouthLeft (unmapped)
mean,neutral_centered_standardized,participant_balanced,Disgust,UNMAPPED_MouthLeft,1.1273401701464363,MouthLeft (unmapped)
mean,neutral_centered_standardized,participant_balanced,Fear,UNMAPPED_MouthLeft,0.18010287183042642,MouthLeft (unmapped)
mean,neutral_centered_standardized,participant_balanced,Happiness,UNMAPPED_MouthLeft,0.5717624051971888,MouthLeft (unmapped)
mean,neutral_centered_standardized,participant_balanced,Neutral,UNMAPPED_MouthLeft,9.77193129729504e-19,MouthLeft (unmapped)
mean,neutral_centered_standardized,participant_balanced,Sadness,UNMAPPED_MouthLeft,0.24513124720850904,MouthLeft (unmapped)
mean,neutral_centered_standardized,participant_balanced,Surprise,UNMAPPED_MouthLeft,0.12810263175218645,MouthLeft (unmapped)
mean,neutral_centered_standardized,participant_balanced,Anger,UNMAPPED_MouthRight,0.4409753646201905,MouthRight (unmapped)
mean,neutral_centered_standardized,participant_balanced,Disgust,UNMAPPED_MouthRight,0.4777309484390838,MouthRight (unmapped)
mean,neutral_centered_standardized,participant_balanced,Fear,UNMAPPED_MouthRight,0.08607619656155319,MouthRight (unmapped)
mean,neutral_centered_standardized,participant_balanced,Happiness,UNMAPPED_MouthRight,0.30032110722790284,MouthRight (unmapped)
mean,neutral_centered_standardized,participant_balanced,Neutral,UNMAPPED_MouthRight,-1.4199048682104465e-18,MouthRight (unmapped)
mean,neutral_centered_standardized,participant_balanced,Sadness,UNMAPPED_MouthRight,0.010250352859607273,MouthRight (unmapped)
mean,neutral_centered_standardized,participant_balanced,Surprise,UNMAPPED_MouthRight,0.3076999632373804,MouthRight (unmapped)
p90,raw,sample_weighted,Anger,AU1,0.0994460158490389,AU1 Inner Brow Raiser
p90,raw,sample_weighted,Disgust,AU1,0.09873770234750466,AU1 Inner Brow Raiser
p90,raw,sample_weighted,Fear,AU1,0.2733917046901111,AU1 Inner Brow Raiser
p90,raw,sample_weighted,Happiness,AU1,0.07059596143053631,AU1 Inner Brow Raiser
p90,raw,sample_weighted,Neutral,AU1,0.028677441292158656,AU1 Inner Brow Raiser
p90,raw,sample_weighted,Sadness,AU1,0.13115961474719595,AU1 Inner Brow Raiser
p90,raw,sample_weighted,Surprise,AU1,0.3223619287701989,AU1 Inner Brow Raiser
p90,raw,sample_weighted,Anger,AU2,0.03714435150910293,AU2 Outer Brow Raiser
p90,raw,sample_weighted,Disgust,AU2,0.05326277095558302,AU2 Outer Brow Raiser
p90,raw,sample_weighted,Fear,AU2,0.2574633086736363,AU2 Outer Brow Raiser
p90,raw,sample_weighted,Happiness,AU2,0.05885618593286291,AU2 Outer Brow Raiser
p90,raw,sample_weighted,Neutral,AU2,0.023263051001498516,AU2 Outer Brow Raiser
p90,raw,sample_weighted,Sadness,AU2,0.05318617841804209,AU2 Outer Brow Raiser
p90,raw,sample_weighted,Surprise,AU2,0.3219768999817678,AU2 Outer Brow Raiser
p90,raw,sample_weighted,Anger,AU4,0.4444954697030064,AU4 Brow Lowerer
p90,raw,sample_weighted,Disgust,AU4,0.4308504685059521,AU4 Brow Lowerer
p90,raw,sample_weighted,Fear,AU4,0.11800504991856654,AU4 Brow Lowerer
p90,raw,sample_weighted,Happiness,AU4,0.09196935689902919,AU4 Brow Lowerer
p90,raw,sample_weighted,Neutral,AU4,0.052603805633693296,AU4 Brow Lowerer
p90,raw,sample_weighted,Sadness,AU4,0.23941344245289736,AU4 Brow Lowerer
p90,raw,sample_weighted,Surprise,AU4,0.0711082638311186,AU4 Brow Lowerer
p90,raw,sample_weighted,Anger,AU5,0.14846183090108703,AU5 Upper Lid Raiser
p90,raw,sample_weighted,Disgust,AU5,0.10842712662468389,AU5 Upper Lid Raiser
p90,raw,sample_weighted,Fear,AU5,0.3555121538071214,AU5 Upper Lid Raiser
p90,raw,sample_weighted,Happiness,AU5,0.10386947432345563,AU5 Upper Lid Raiser
p90,raw,sample_weighted,Neutral,AU5,0.06968117650181392,AU5 Upper Lid Raiser
p90,raw,sample_weighted,Sadness,AU5,0.10511350008925623,AU5 Upper Lid Raiser
p90,raw,sample_weighted,Surprise,AU5,0.29518768587453315,AU5 Upper Lid Raiser
p90,raw,sample_weighted,Anger,AU6,0.3043064607363194,AU6 Cheek Raiser
p90,raw,sample_weighted,Disgust,AU6,0.3819871058397357,AU6 Cheek Raiser
p90,raw,sample_weighted,Fear,AU6,0.08644530281437933,AU6 Cheek Raiser
p90,raw,sample_weighted,Happiness,AU6,0.561545108674715,AU6 Cheek Raiser
p90,raw,sample_weighted,Neutral,AU6,0.06284095522333666,AU6 Cheek Raiser
p90,raw,sample_weighted,Sadness,AU6,0.13644674825815065,AU6 Cheek Raiser
p90,raw,sample_weighted,Surprise,AU6,0.0741274702904507,AU6 Cheek Raiser
p90,raw,sample_weighted,Anger,AU7,0.41367334495637237,AU7 Lid Tightener
p90,raw,sample_weighted,Disgust,AU7,0.4163287078113371,AU7 Lid Tightener
p90,raw,sample_weighted,Fear,AU7,0.11142757494608492,AU7 Lid Tightener
p90,raw,sample_weighted,Happiness,AU7,0.283544085251102,AU7 Lid Tightener
p90,raw,sample_weighted,Neutral,AU7,0.06333469721536013,AU7 Lid Tightener
p90,raw,sample_weighted,Sadness,AU7,0.1687691127659016,AU7 Lid Tightener
p90,raw,sample_weighted,Surprise,AU7,0.10517190628208693,AU7 Lid Tightener
p90,raw,sample_weighted,Anger,AU8,0.05327255364720306,AU8 Lips Toward Each Other
p90,raw,sample_weighted,Disgust,AU8,0.06441046809601059,AU8 Lips Toward Each Other
p90,raw,sample_weighted,Fear,AU8,0.047965469442103364,AU8 Lips Toward Each Other
p90,raw,sample_weighted,Happiness,AU8,0.03914398507587607,AU8 Lips Toward Each Other
p90,raw,sample_weighted,Neutral,AU8,0.01455372532645036,AU8 Lips Toward Each Other
p90,raw,sample_weighted,Sadness,AU8,0.053670981174606475,AU8 Lips Toward Each Other
p90,raw,sample_weighted,Surprise,AU8,0.10508837337337192,AU8 Lips Toward Each Other
p90,raw,sample_weighted,Anger,AU9,0.3822219652538872,AU9 Nose Wrinkler
p90,raw,sample_weighted,Disgust,AU9,0.5467011897086842,AU9 Nose Wrinkler
p90,raw,sample_weighted,Fear,AU9,0.046130514274693626,AU9 Nose Wrinkler
p90,raw,sample_weighted,Happiness,AU9,0.028418903807081505,AU9 Nose Wrinkler
p90,raw,sample_weighted,Neutral,AU9,0.006994600232905561,AU9 Nose Wrinkler
p90,raw,sample_weighted,Sadness,AU9,0.10209828414547134,AU9 Nose Wrinkler
p90,raw,sample_weighted,Surprise,AU9,0.03426511462130722,AU9 Nose Wrinkler
p90,raw,sample_weighted,Anger,AU10,0.2956341188374828,AU10 Upper Lip Raiser
p90,raw,sample_weighted,Disgust,AU10,0.45044485704834925,AU10 Upper Lip Raiser
p90,raw,sample_weighted,Fear,AU10,0.15450833184335458,AU10 Upper Lip Raiser
p90,raw,sample_weighted,Happiness,AU10,0.39887759934365746,AU10 Upper Lip Raiser
p90,raw,sample_weighted,Neutral,AU10,0.04375031698497045,AU10 Upper Lip Raiser
p90,raw,sample_weighted,Sadness,AU10,0.07460742330321521,AU10 Upper Lip Raiser
p90,raw,sample_weighted,Surprise,AU10,0.10864035789712305,AU10 Upper Lip Raiser
p90,raw,sample_weighted,Anger,AU12,0.09387586627185598,AU12 Lip Corner Puller
p90,raw,sample_weighted,Disgust,AU12,0.11138286668374067,AU12 Lip Corner Puller
p90,raw,sample_weighted,Fear,AU12,0.06274833064905275,AU12 Lip Corner Puller
p90,raw,sample_weighted,Happiness,AU12,0.7611481361016631,AU12 Lip Corner Puller
p90,raw,sample_weighted,Neutral,AU12,0.03196920418061138,AU12 Lip Corner Puller
p90,raw,sample_weighted,Sadness,AU12,0.03832488611575753,AU12 Lip Corner Puller
p90,raw,sample_weighted,Surprise,AU12,0.034972747528262564,AU12 Lip Corner Puller
p90,raw,sample_weighted,Anger,AU14,0.06809983276068847,AU14 Dimpler
p90,raw,sample_weighted,Disgust,AU14,0.08774056539443342,AU14 Dimpler
p90,raw,sample_weighted,Fear,AU14,0.07530863239134104,AU14 Dimpler
p90,raw,sample_weighted,Happiness,AU14,0.3157410407414039,AU14 Dimpler
p90,raw,sample_weighted,Neutral,AU14,0.025344528237308123,AU14 Dimpler
p90,raw,sample_weighted,Sadness,AU14,0.023433658175302387,AU14 Dimpler
p90,raw,sample_weighted,Surprise,AU14,0.044760089056447516,AU14 Dimpler
p90,raw,sample_weighted,Anger,AU15,0.18557220821275508,AU15 Lip Corner Depressor
p90,raw,sample_weighted,Disgust,AU15,0.25607371680062957,AU15 Lip Corner Depressor
p90,raw,sample_weighted,Fear,AU15,0.07249812103274336,AU15 Lip Corner Depressor
p90,raw,sample_weighted,Happiness,AU15,0.02391417695898233,AU15 Lip Corner Depressor
p90,raw,sample_weighted,Neutral,AU15,0.01194473053243601,AU15 Lip Corner Depressor
p90,raw,sample_weighted,Sadness,AU15,0.6060161546552342,AU15 Lip Corner Depressor
p90,raw,sample_weighted,Surprise,AU15,0.038094668775141935,AU15 Lip Corner Depressor
p90,raw,sample_weighted,Anger,AU16,0.0456745021215416,AU16 Lower Lip Depressor
p90,raw,sample_weighted,Disgust,AU16,0.13262423308932778,AU16 Lower Lip Depressor
p90,raw,sample_weighted,Fear,AU16,0.15232778254663004,AU16 Lower Lip Depressor
p90,raw,sample_weighted,Happiness,AU16,0.20241768938133714,AU16 Lower Lip Depressor
p90,raw,sample_weighted,Neutral,AU16,0.009741730543279764,AU16 Lower Lip Depressor
p90,raw,sample_weighted,Sadness,AU16,0.027162118776530478,AU16 Lower Lip Depressor
p90,raw,sample_weighted,Surprise,AU16,0.02853182607941497,AU16 Lower Lip Depressor
p90,raw,sample_weighted,Anger,AU17,0.47722175008322804,AU17 Chin Raiser
p90,raw,sample_weighted,Disgust,AU17,0.3484201344191989,AU17 Chin Raiser
p90,raw,sample_weighted,Fear,AU17,0.056405856766935936,AU17 Chin Raiser
p90,raw,sample_weighted,Happiness,AU17,0.11191967149125702,AU17 Chin Raiser
p90,raw,sample_weighted,Neutral,AU17,0.018405586768132698,AU17 Chin Raiser
p90,raw,sample_weighted,Sadness,AU17,0.5416555126025663,AU17 Chin Raiser
p90,raw,sample_weighted,Surprise,AU17,0.070177251433822,AU17 Chin Raiser
p90,raw,sample_weighted,Anger,AU18,0.19753388306637895,AU18 Lip Puckerer
p90,raw,sample_weighted,Disgust,AU18,0.11895054393137525,AU18 Lip Puckerer
p90,raw,sample_weighted,Fear,AU18,0.016668003059263727,AU18 Lip Puckerer
p90,raw,sample_weighted,Happiness,AU18,0.01058482503755883,AU18 Lip Puckerer
p90,raw,sample_weighted,Neutral,AU18,0.002379433054593661,AU18 Lip Puckerer
p90,raw,sample_weighted,Sadness,AU18,0.10700814486606519,AU18 Lip Puckerer
p90,raw,sample_weighted,Surprise,AU18,0.1888863363776663,AU18 Lip Puckerer
p90,raw,sample_weighted,Anger,AU20,0.05334274226605138,AU20 Lip Stretcher
p90,raw,sample_weighted,Disgust,AU20,0.11245718733642326,AU20 Lip Stretcher
p90,raw,sample_weighted,Fear,AU20,0.12436621101790958,AU20 Lip Stretcher
p90,raw,sample_weighted,Happiness,AU20,0.11397811940405515,AU20 Lip Stretcher
p90,raw,sample_weighted,Neutral,AU20,0.006503175375563524,AU20 Lip Stretcher
p90,raw,sample_weighted,Sadness,AU20,0.08698586274865391,AU20 Lip Stretcher
p90,raw,sample_weighted,Surprise,AU20,0.016891938370244757,AU20 Lip Stretcher
p90,raw,sample_weighted,Anger,AU22,0.015769349826722887,AU22 Lip Funneler
p90,raw,sample_weighted,Disgust,AU22,0.008274824106185824,AU22 Lip Funneler
p90,raw,sample_weighted,Fear,AU22,0.004256334385509193,AU22 Lip Funneler
p90,raw,sample_weighted,Happiness,AU22,0.0017050997273933585,AU22 Lip Funneler
p90,raw,sample_weighted,Neutral,AU22,0.0009665655131834983,AU22 Lip Funneler
p90,raw,sample_weighted,Sadness,AU22,0.10020957599059942,AU22 Lip Funneler
p90,raw,sample_weighted,Surprise,AU22,0.05490112221389321,AU22 Lip Funneler
p90,raw,sample_weighted,Anger,AU23,0.12039819129338643,AU23 Lip Tightener
p90,raw,sample_weighted,Disgust,AU23,0.03337317266689568,AU23 Lip Tightener
p90,raw,sample_weighted,Fear,AU23,0.008838985322205945,AU23 Lip Tightener
p90,raw,sample_weighted,Happiness,AU23,0.0037999793483368327,AU23 Lip Tightener
p90,raw,sample_weighted,Neutral,AU23,0.0011480798750201952,AU23 Lip Tightener
p90,raw,sample_weighted,Sadness,AU23,0.11783261452104733,AU23 Lip Tightener
p90,raw,sample_weighted,Surprise,AU23,0.07800034885067893,AU23 Lip Tightener
p90,raw,sample_weighted,Anger,AU24,0.027674641381723247,AU24 Lip Pressor
p90,raw,sample_weighted,Disgust,AU24,0.03799996275390075,AU24 Lip Pressor
p90,raw,sample_weighted,Fear,AU24,0.0022545858621830744,AU24 Lip Pressor
p90,raw,sample_weighted,Happiness,AU24,0.0014280658426290159,AU24 Lip Pressor
p90,raw,sample_weighted,Neutral,AU24,9.065480982931917e-05,AU24 Lip Pressor
p90,raw,sample_weighted,Sadness,AU24,0.022078318203831857,AU24 Lip Pressor
p90,raw,sample_weighted,Surprise,AU24,0.0045819799801471335,AU24 Lip Pressor
p90,raw,sample_weighted,Anger,AU26,0.07530899262473337,AU26 Jaw Drop
p90,raw,sample_weighted,Disgust,AU26,0.1515402938509843,AU26 Jaw Drop
p90,raw,sample_weighted,Fear,AU26,0.3049943827110055,AU26 Jaw Drop
p90,raw,sample_weighted,Happiness,AU26,0.12967802554415886,AU26 Jaw Drop
p90,raw,sample_weighted,Neutral,AU26,0.025373101620533203,AU26 Jaw Drop
p90,raw,sample_weighted,Sadness,AU26,0.06847939263436757,AU26 Jaw Drop
p90,raw,sample_weighted,Surprise,AU26,0.5257574010521068,AU26 Jaw Drop
p90,raw,sample_weighted,Anger,AU28,0.16033333813880843,AU28 Lip Suck
p90,raw,sample_weighted,Disgust,AU28,0.1455675933630482,AU28 Lip Suck
p90,raw,sample_weighted,Fear,AU28,0.04716167373770197,AU28 Lip Suck
p90,raw,sample_weighted,Happiness,AU28,0.19920322031077614,AU28 Lip Suck
p90,raw,sample_weighted,Neutral,AU28,0.026144459343105955,AU28 Lip Suck
p90,raw,sample_weighted,Sadness,AU28,0.04694589394728966,AU28 Lip Suck
p90,raw,sample_weighted,Surprise,AU28,0.035695365808393546,AU28 Lip Suck
p90,raw,sample_weighted,Anger,AU43,0.15755017382922687,AU43 Eyes Closed
p90,raw,sample_weighted,Disgust,AU43,0.20502598294658791,AU43 Eyes Closed
p90,raw,sample_weighted,Fear,AU43,0.047962639537460355,AU43 Eyes Closed
p90,raw,sample_weighted,Happiness,AU43,0.052590806428246775,AU43 Eyes Closed
p90,raw,sample_weighted,Neutral,AU43,0.03937059476926108,AU43 Eyes Closed
p90,raw,sample_weighted,Sadness,AU43,0.16016807302923147,AU43 Eyes Closed
p90,raw,sample_weighted,Surprise,AU43,0.06427795421983117,AU43 Eyes Closed
p90,raw,sample_weighted,Anger,AD29,0.05671871010010777,AD29 Jaw Thrust
p90,raw,sample_weighted,Disgust,AD29,0.056872561750991805,AD29 Jaw Thrust
p90,raw,sample_weighted,Fear,AD29,0.06637401919034291,AD29 Jaw Thrust
p90,raw,sample_weighted,Happiness,AD29,0.01957992779739864,AD29 Jaw Thrust
p90,raw,sample_weighted,Neutral,AD29,0.011093160880008782,AD29 Jaw Thrust
p90,raw,sample_weighted,Sadness,AD29,0.11613598267417456,AD29 Jaw Thrust
p90,raw,sample_weighted,Surprise,AD29,0.17513657389987186,AD29 Jaw Thrust
p90,raw,sample_weighted,Anger,AD30,0.02872288258234761,AD30 Jaw Sideways
p90,raw,sample_weighted,Disgust,AD30,0.016057235182515932,AD30 Jaw Sideways
p90,raw,sample_weighted,Fear,AD30,0.0063131293377119025,AD30 Jaw Sideways
p90,raw,sample_weighted,Happiness,AD30,0.006437802471710479,AD30 Jaw Sideways
p90,raw,sample_weighted,Neutral,AD30,0.0012801105943120758,AD30 Jaw Sideways
p90,raw,sample_weighted,Sadness,AD30,0.033860024424715925,AD30 Jaw Sideways
p90,raw,sample_weighted,Surprise,AD30,0.02924386280450457,AD30 Jaw Sideways
p90,raw,sample_weighted,Anger,AD34,0.019759598765244153,AD34 Cheek Puff
p90,raw,sample_weighted,Disgust,AD34,0.006818694524458603,AD34 Cheek Puff
p90,raw,sample_weighted,Fear,AD34,0.001326663478392275,AD34 Cheek Puff
p90,raw,sample_weighted,Happiness,AD34,0.001371303631880561,AD34 Cheek Puff
p90,raw,sample_weighted,Neutral,AD34,0.0007089865142941099,AD34 Cheek Puff
p90,raw,sample_weighted,Sadness,AD34,0.02245094626624128,AD34 Cheek Puff
p90,raw,sample_weighted,Surprise,AD34,0.009249962641805685,AD34 Cheek Puff
p90,raw,sample_weighted,Anger,AD35,4.970767047001295e-06,AD35 Cheek Suck
p90,raw,sample_weighted,Disgust,AD35,0.00016693586019407054,AD35 Cheek Suck
p90,raw,sample_weighted,Fear,AD35,0.00020695747067995236,AD35 Cheek Suck
p90,raw,sample_weighted,Happiness,AD35,2.928622414278724e-06,AD35 Cheek Suck
p90,raw,sample_weighted,Neutral,AD35,9.22928391974691e-07,AD35 Cheek Suck
p90,raw,sample_weighted,Sadness,AD35,4.237108320040465e-07,AD35 Cheek Suck
p90,raw,sample_weighted,Surprise,AD35,0.012207507925057719,AD35 Cheek Suck
p90,raw,sample_weighted,Anger,EYE61,0.11833516322272562,EYE61 Eyes Turn Left
p90,raw,sample_weighted,Disgust,EYE61,0.13037609521459806,EYE61 Eyes Turn Left
p90,raw,sample_weighted,Fear,EYE61,0.13094501844234654,EYE61 Eyes Turn Left
p90,raw,sample_weighted,Happiness,EYE61,0.1304739623007093,EYE61 Eyes Turn Left
p90,raw,sample_weighted,Neutral,EYE61,0.14754642492451917,EYE61 Eyes Turn Left
p90,raw,sample_weighted,Sadness,EYE61,0.1318632846915049,EYE61 Eyes Turn Left
p90,raw,sample_weighted,Surprise,EYE61,0.13040826038336895,EYE61 Eyes Turn Left
p90,raw,sample_weighted,Anger,EYE62,0.1029417409144475,EYE62 Eyes Turn Right
p90,raw,sample_weighted,Disgust,EYE62,0.10157231278865539,EYE62 Eyes Turn Right
p90,raw,sample_weighted,Fear,EYE62,0.10867811433361514,EYE62 Eyes Turn Right
p90,raw,sample_weighted,Happiness,EYE62,0.11309300647501852,EYE62 Eyes Turn Right
p90,raw,sample_weighted,Neutral,EYE62,0.09927924139850491,EYE62 Eyes Turn Right
p90,raw,sample_weighted,Sadness,EYE62,0.10721702659816704,EYE62 Eyes Turn Right
p90,raw,sample_weighted,Surprise,EYE62,0.11422134938003956,EYE62 Eyes Turn Right
p90,raw,sample_weighted,Anger,EYE63,0.11594742931558617,EYE63 Eyes Up
p90,raw,sample_weighted,Disgust,EYE63,0.08979512241068163,EYE63 Eyes Up
p90,raw,sample_weighted,Fear,EYE63,0.057740126683585614,EYE63 Eyes Up
p90,raw,sample_weighted,Happiness,EYE63,0.08521272903927213,EYE63 Eyes Up
p90,raw,sample_weighted,Neutral,EYE63,0.07974814820704254,EYE63 Eyes Up
p90,raw,sample_weighted,Sadness,EYE63,0.06954525606166953,EYE63 Eyes Up
p90,raw,sample_weighted,Surprise,EYE63,0.05945934257536358,EYE63 Eyes Up
p90,raw,sample_weighted,Anger,EYE64,0.13207055918480048,EYE64 Eyes Down
p90,raw,sample_weighted,Disgust,EYE64,0.15728407082557208,EYE64 Eyes Down
p90,raw,sample_weighted,Fear,EYE64,0.03585842694877605,EYE64 Eyes Down
p90,raw,sample_weighted,Happiness,EYE64,0.07293754548860432,EYE64 Eyes Down
p90,raw,sample_weighted,Neutral,EYE64,0.041104443076238,EYE64 Eyes Down
p90,raw,sample_weighted,Sadness,EYE64,0.09133056430303714,EYE64 Eyes Down
p90,raw,sample_weighted,Surprise,EYE64,0.03755121576703271,EYE64 Eyes Down
p90,raw,sample_weighted,Anger,UNMAPPED_MouthLeft,0.017354574220841176,MouthLeft (unmapped)
p90,raw,sample_weighted,Disgust,UNMAPPED_MouthLeft,0.019464951107708742,MouthLeft (unmapped)
p90,raw,sample_weighted,Fear,UNMAPPED_MouthLeft,0.004458006995927938,MouthLeft (unmapped)
p90,raw,sample_weighted,Happiness,UNMAPPED_MouthLeft,0.010373948806253983,MouthLeft (unmapped)
p90,raw,sample_weighted,Neutral,UNMAPPED_MouthLeft,0.0014109842534300516,MouthLeft (unmapped)
p90,raw,sample_weighted,Sadness,UNMAPPED_MouthLeft,0.00507761429217862,MouthLeft (unmapped)
p90,raw,sample_weighted,Surprise,UNMAPPED_MouthLeft,0.005692086227126966,MouthLeft (unmapped)
p90,raw,sample_weighted,Anger,UNMAPPED_MouthRight,0.006737482779572556,MouthRight (unmapped)
p90,raw,sample_weighted,Disgust,UNMAPPED_MouthRight,0.006700940923842161,MouthRight (unmapped)
p90,raw,sample_weighted,Fear,UNMAPPED_MouthRight,0.0017332028484747786,MouthRight (unmapped)
p90,raw,sample_weighted,Happiness,UNMAPPED_MouthRight,0.00418028961019449,MouthRight (unmapped)
p90,raw,sample_weighted,Neutral,UNMAPPED_MouthRight,0.0003979449998252614,MouthRight (unmapped)
p90,raw,sample_weighted,Sadness,UNMAPPED_MouthRight,0.000591191632988446,MouthRight (unmapped)
p90,raw,sample_weighted,Surprise,UNMAPPED_MouthRight,0.005329186510194121,MouthRight (unmapped)
p90,raw,participant_balanced,Anger,AU1,0.10253451831844575,AU1 Inner Brow Raiser
p90,raw,participant_balanced,Disgust,AU1,0.10229775406542688,AU1 Inner Brow Raiser
p90,raw,participant_balanced,Fear,AU1,0.25422499435166696,AU1 Inner Brow Raiser
p90,raw,participant_balanced,Happiness,AU1,0.06982014277689753,AU1 Inner Brow Raiser
p90,raw,participant_balanced,Neutral,AU1,0.0308585069627995,AU1 Inner Brow Raiser
p90,raw,participant_balanced,Sadness,AU1,0.13969592142782727,AU1 Inner Brow Raiser
p90,raw,participant_balanced,Surprise,AU1,0.33543529708219577,AU1 Inner Brow Raiser
p90,raw,participant_balanced,Anger,AU2,0.03618467024638252,AU2 Outer Brow Raiser
p90,raw,participant_balanced,Disgust,AU2,0.05101911365775534,AU2 Outer Brow Raiser
p90,raw,participant_balanced,Fear,AU2,0.24796616431356294,AU2 Outer Brow Raiser
p90,raw,participant_balanced,Happiness,AU2,0.060167064075676624,AU2 Outer Brow Raiser
p90,raw,participant_balanced,Neutral,AU2,0.024666011283485598,AU2 Outer Brow Raiser
p90,raw,participant_balanced,Sadness,AU2,0.05088738680321069,AU2 Outer Brow Raiser
p90,raw,participant_balanced,Surprise,AU2,0.3365843951746871,AU2 Outer Brow Raiser
p90,raw,participant_balanced,Anger,AU4,0.42555265220990285,AU4 Brow Lowerer
p90,raw,participant_balanced,Disgust,AU4,0.44376821360394053,AU4 Brow Lowerer
p90,raw,participant_balanced,Fear,AU4,0.10395852150377682,AU4 Brow Lowerer
p90,raw,participant_balanced,Happiness,AU4,0.08890278064596108,AU4 Brow Lowerer
p90,raw,participant_balanced,Neutral,AU4,0.0535750751020886,AU4 Brow Lowerer
p90,raw,participant_balanced,Sadness,AU4,0.27195398005786003,AU4 Brow Lowerer
p90,raw,participant_balanced,Surprise,AU4,0.07048295675081985,AU4 Brow Lowerer
p90,raw,participant_balanced,Anger,AU5,0.13401507150312475,AU5 Upper Lid Raiser
p90,raw,participant_balanced,Disgust,AU5,0.0897503634918558,AU5 Upper Lid Raiser
p90,raw,participant_balanced,Fear,AU5,0.35450283068671146,AU5 Upper Lid Raiser
p90,raw,participant_balanced,Happiness,AU5,0.10520373616944233,AU5 Upper Lid Raiser
p90,raw,participant_balanced,Neutral,AU5,0.0736842746839651,AU5 Upper Lid Raiser
p90,raw,participant_balanced,Sadness,AU5,0.10416442684974249,AU5 Upper Lid Raiser
p90,raw,participant_balanced,Surprise,AU5,0.3051314726743549,AU5 Upper Lid Raiser
p90,raw,participant_balanced,Anger,AU6,0.28498258590465103,AU6 Cheek Raiser
p90,raw,participant_balanced,Disgust,AU6,0.38972684427303905,AU6 Cheek Raiser
p90,raw,participant_balanced,Fear,AU6,0.08505002542114737,AU6 Cheek Raiser
p90,raw,participant_balanced,Happiness,AU6,0.5653201805495507,AU6 Cheek Raiser
p90,raw,participant_balanced,Neutral,AU6,0.0644735791691547,AU6 Cheek Raiser
p90,raw,participant_balanced,Sadness,AU6,0.15277470906216406,AU6 Cheek Raiser
p90,raw,participant_balanced,Surprise,AU6,0.07812581364214057,AU6 Cheek Raiser
p90,raw,participant_balanced,Anger,AU7,0.41073162265979474,AU7 Lid Tightener
p90,raw,participant_balanced,Disgust,AU7,0.4195832668390596,AU7 Lid Tightener
p90,raw,participant_balanced,Fear,AU7,0.11884790436076297,AU7 Lid Tightener
p90,raw,participant_balanced,Happiness,AU7,0.28290284315529723,AU7 Lid Tightener
p90,raw,participant_balanced,Neutral,AU7,0.06512194113146393,AU7 Lid Tightener
p90,raw,participant_balanced,Sadness,AU7,0.1855915616529545,AU7 Lid Tightener
p90,raw,participant_balanced,Surprise,AU7,0.1067294158522357,AU7 Lid Tightener
p90,raw,participant_balanced,Anger,AU8,0.05213518965632299,AU8 Lips Toward Each Other
p90,raw,participant_balanced,Disgust,AU8,0.07072060106866669,AU8 Lips Toward Each Other
p90,raw,participant_balanced,Fear,AU8,0.045621961049142075,AU8 Lips Toward Each Other
p90,raw,participant_balanced,Happiness,AU8,0.03904628027433352,AU8 Lips Toward Each Other
p90,raw,participant_balanced,Neutral,AU8,0.01508901521729706,AU8 Lips Toward Each Other
p90,raw,participant_balanced,Sadness,AU8,0.051410131121562674,AU8 Lips Toward Each Other
p90,raw,participant_balanced,Surprise,AU8,0.10329729539862086,AU8 Lips Toward Each Other
p90,raw,participant_balanced,Anger,AU9,0.3353915986275782,AU9 Nose Wrinkler
p90,raw,participant_balanced,Disgust,AU9,0.5276235625492806,AU9 Nose Wrinkler
p90,raw,participant_balanced,Fear,AU9,0.04541313207789624,AU9 Nose Wrinkler
p90,raw,participant_balanced,Happiness,AU9,0.029084747421731685,AU9 Nose Wrinkler
p90,raw,participant_balanced,Neutral,AU9,0.006767451406930348,AU9 Nose Wrinkler
p90,raw,participant_balanced,Sadness,AU9,0.11178686260141506,AU9 Nose Wrinkler
p90,raw,participant_balanced,Surprise,AU9,0.0333437105168905,AU9 Nose Wrinkler
p90,raw,participant_balanced,Anger,AU10,0.28279494009043965,AU10 Upper Lip Raiser
p90,raw,participant_balanced,Disgust,AU10,0.42358695328040874,AU10 Upper Lip Raiser
p90,raw,participant_balanced,Fear,AU10,0.15993338338249152,AU10 Upper Lip Raiser
p90,raw,participant_balanced,Happiness,AU10,0.3946907809274222,AU10 Upper Lip Raiser
p90,raw,participant_balanced,Neutral,AU10,0.04310182285328624,AU10 Upper Lip Raiser
p90,raw,participant_balanced,Sadness,AU10,0.08014287582334921,AU10 Upper Lip Raiser
p90,raw,participant_balanced,Surprise,AU10,0.11380067044533997,AU10 Upper Lip Raiser
p90,raw,participant_balanced,Anger,AU12,0.09244335946073313,AU12 Lip Corner Puller
p90,raw,participant_balanced,Disgust,AU12,0.10968802663784633,AU12 Lip Corner Puller
p90,raw,participant_balanced,Fear,AU12,0.06001749966142664,AU12 Lip Corner Puller
p90,raw,participant_balanced,Happiness,AU12,0.7624127807046207,AU12 Lip Corner Puller
p90,raw,participant_balanced,Neutral,AU12,0.03211007822192806,AU12 Lip Corner Puller
p90,raw,participant_balanced,Sadness,AU12,0.04064636483397952,AU12 Lip Corner Puller
p90,raw,participant_balanced,Surprise,AU12,0.03742649215663123,AU12 Lip Corner Puller
p90,raw,participant_balanced,Anger,AU14,0.06947896823892483,AU14 Dimpler
p90,raw,participant_balanced,Disgust,AU14,0.08871088607403893,AU14 Dimpler
p90,raw,participant_balanced,Fear,AU14,0.07146077797790429,AU14 Dimpler
p90,raw,participant_balanced,Happiness,AU14,0.31553935032623703,AU14 Dimpler
p90,raw,participant_balanced,Neutral,AU14,0.025319970870666966,AU14 Dimpler
p90,raw,participant_balanced,Sadness,AU14,0.025821304955805525,AU14 Dimpler
p90,raw,participant_balanced,Surprise,AU14,0.0467595026650145,AU14 Dimpler
p90,raw,participant_balanced,Anger,AU15,0.17747996449582057,AU15 Lip Corner Depressor
p90,raw,participant_balanced,Disgust,AU15,0.26033647670993987,AU15 Lip Corner Depressor
p90,raw,participant_balanced,Fear,AU15,0.06694146702462253,AU15 Lip Corner Depressor
p90,raw,participant_balanced,Happiness,AU15,0.023511527179273854,AU15 Lip Corner Depressor
p90,raw,participant_balanced,Neutral,AU15,0.012411348036595314,AU15 Lip Corner Depressor
p90,raw,participant_balanced,Sadness,AU15,0.5959447086714968,AU15 Lip Corner Depressor
p90,raw,participant_balanced,Surprise,AU15,0.03532182690281375,AU15 Lip Corner Depressor
p90,raw,participant_balanced,Anger,AU16,0.04124742320810711,AU16 Lower Lip Depressor
p90,raw,participant_balanced,Disgust,AU16,0.12446137747852043,AU16 Lower Lip Depressor
p90,raw,participant_balanced,Fear,AU16,0.14262829257116144,AU16 Lower Lip Depressor
p90,raw,participant_balanced,Happiness,AU16,0.20957078644524701,AU16 Lower Lip Depressor
p90,raw,participant_balanced,Neutral,AU16,0.009928203344825649,AU16 Lower Lip Depressor
p90,raw,participant_balanced,Sadness,AU16,0.02630521383772593,AU16 Lower Lip Depressor
p90,raw,participant_balanced,Surprise,AU16,0.029909707364759446,AU16 Lower Lip Depressor
p90,raw,participant_balanced,Anger,AU17,0.4513580878983341,AU17 Chin Raiser
p90,raw,participant_balanced,Disgust,AU17,0.37342729253696927,AU17 Chin Raiser
p90,raw,participant_balanced,Fear,AU17,0.07164701698441425,AU17 Chin Raiser
p90,raw,participant_balanced,Happiness,AU17,0.11064559724968313,AU17 Chin Raiser
p90,raw,participant_balanced,Neutral,AU17,0.01779045778521747,AU17 Chin Raiser
p90,raw,participant_balanced,Sadness,AU17,0.5220259365172506,AU17 Chin Raiser
p90,raw,participant_balanced,Surprise,AU17,0.0682548413294704,AU17 Chin Raiser
p90,raw,participant_balanced,Anger,AU18,0.17194588989843002,AU18 Lip Puckerer
p90,raw,participant_balanced,Disgust,AU18,0.14184736197954845,AU18 Lip Puckerer
p90,raw,participant_balanced,Fear,AU18,0.01867541186136442,AU18 Lip Puckerer
p90,raw,participant_balanced,Happiness,AU18,0.010196193842986288,AU18 Lip Puckerer
p90,raw,participant_balanced,Neutral,AU18,0.0024002885702137256,AU18 Lip Puckerer
p90,raw,participant_balanced,Sadness,AU18,0.10655171870614039,AU18 Lip Puckerer
p90,raw,participant_balanced,Surprise,AU18,0.18099628753545133,AU18 Lip Puckerer
p90,raw,participant_balanced,Anger,AU20,0.04301437339911601,AU20 Lip Stretcher
p90,raw,participant_balanced,Disgust,AU20,0.11026676885082858,AU20 Lip Stretcher
p90,raw,participant_balanced,Fear,AU20,0.11080154774082246,AU20 Lip Stretcher
p90,raw,participant_balanced,Happiness,AU20,0.12247934008006912,AU20 Lip Stretcher
p90,raw,participant_balanced,Neutral,AU20,0.006815025654757771,AU20 Lip Stretcher
p90,raw,participant_balanced,Sadness,AU20,0.08609225779958526,AU20 Lip Stretcher
p90,raw,participant_balanced,Surprise,AU20,0.017383261627768355,AU20 Lip Stretcher
p90,raw,participant_balanced,Anger,AU22,0.014645474783155116,AU22 Lip Funneler
p90,raw,participant_balanced,Disgust,AU22,0.007834834084191748,AU22 Lip Funneler
p90,raw,participant_balanced,Fear,AU22,0.0037714235508646316,AU22 Lip Funneler
p90,raw,participant_balanced,Happiness,AU22,0.0017162211373675173,AU22 Lip Funneler
p90,raw,participant_balanced,Neutral,AU22,0.0010115077278193309,AU22 Lip Funneler
p90,raw,participant_balanced,Sadness,AU22,0.08069284730014815,AU22 Lip Funneler
p90,raw,participant_balanced,Surprise,AU22,0.051165704855774125,AU22 Lip Funneler
p90,raw,participant_balanced,Anger,AU23,0.09890617953802651,AU23 Lip Tightener
p90,raw,participant_balanced,Disgust,AU23,0.03933028796088583,AU23 Lip Tightener
p90,raw,participant_balanced,Fear,AU23,0.008923411422850837,AU23 Lip Tightener
p90,raw,participant_balanced,Happiness,AU23,0.003842118779351311,AU23 Lip Tightener
p90,raw,participant_balanced,Neutral,AU23,0.0012940130283615773,AU23 Lip Tightener
p90,raw,participant_balanced,Sadness,AU23,0.10531225549343294,AU23 Lip Tightener
p90,raw,participant_balanced,Surprise,AU23,0.07638345924620425,AU23 Lip Tightener
p90,raw,participant_balanced,Anger,AU24,0.02352888175213657,AU24 Lip Pressor
p90,raw,participant_balanced,Disgust,AU24,0.05064607099877019,AU24 Lip Pressor
p90,raw,participant_balanced,Fear,AU24,0.00257538084165793,AU24 Lip Pressor
p90,raw,participant_balanced,Happiness,AU24,0.0013955702247820403,AU24 Lip Pressor
p90,raw,participant_balanced,Neutral,AU24,8.403252333909844e-05,AU24 Lip Pressor
p90,raw,participant_balanced,Sadness,AU24,0.022362105887852594,AU24 Lip Pressor
p90,raw,participant_balanced,Surprise,AU24,0.004636125983641791,AU24 Lip Pressor
p90,raw,participant_balanced,Anger,AU26,0.06730137682477019,AU26 Jaw Drop
p90,raw,participant_balanced,Disgust,AU26,0.15607211813677813,AU26 Jaw Drop
p90,raw,participant_balanced,Fear,AU26,0.3063033989133512,AU26 Jaw Drop
p90,raw,participant_balanced,Happiness,AU26,0.12928697777386777,AU26 Jaw Drop
p90,raw,participant_balanced,Neutral,AU26,0.026157091742108368,AU26 Jaw Drop
p90,raw,participant_balanced,Sadness,AU26,0.06733867269331746,AU26 Jaw Drop
p90,raw,participant_balanced,Surprise,AU26,0.5258126525847632,AU26 Jaw Drop
p90,raw,participant_balanced,Anger,AU28,0.1683038128280836,AU28 Lip Suck
p90,raw,participant_balanced,Disgust,AU28,0.14595179007633377,AU28 Lip Suck
p90,raw,participant_balanced,Fear,AU28,0.04900822215033133,AU28 Lip Suck
p90,raw,participant_balanced,Happiness,AU28,0.19981345071647244,AU28 Lip Suck
p90,raw,participant_balanced,Neutral,AU28,0.027173745518535648,AU28 Lip Suck
p90,raw,participant_balanced,Sadness,AU28,0.052951138754547565,AU28 Lip Suck
p90,raw,participant_balanced,Surprise,AU28,0.03638105121031054,AU28 Lip Suck
p90,raw,participant_balanced,Anger,AU43,0.1520480851106912,AU43 Eyes Closed
p90,raw,participant_balanced,Disgust,AU43,0.24388659313390867,AU43 Eyes Closed
p90,raw,participant_balanced,Fear,AU43,0.04926959888444428,AU43 Eyes Closed
p90,raw,participant_balanced,Happiness,AU43,0.050285846519701985,AU43 Eyes Closed
p90,raw,participant_balanced,Neutral,AU43,0.04074534946134677,AU43 Eyes Closed
p90,raw,participant_balanced,Sadness,AU43,0.176146288613322,AU43 Eyes Closed
p90,raw,participant_balanced,Surprise,AU43,0.07196263969179335,AU43 Eyes Closed
p90,raw,participant_balanced,Anger,AD29,0.06383079132281531,AD29 Jaw Thrust
p90,raw,participant_balanced,Disgust,AD29,0.06465407268102207,AD29 Jaw Thrust
p90,raw,participant_balanced,Fear,AD29,0.07692055295379681,AD29 Jaw Thrust
p90,raw,participant_balanced,Happiness,AD29,0.01992086464011395,AD29 Jaw Thrust
p90,raw,participant_balanced,Neutral,AD29,0.0098439165961667,AD29 Jaw Thrust
p90,raw,participant_balanced,Sadness,AD29,0.09595983190372016,AD29 Jaw Thrust
p90,raw,participant_balanced,Surprise,AD29,0.1749077436351219,AD29 Jaw Thrust
p90,raw,participant_balanced,Anger,AD30,0.024315232134673785,AD30 Jaw Sideways
p90,raw,participant_balanced,Disgust,AD30,0.016097572621264974,AD30 Jaw Sideways
p90,raw,participant_balanced,Fear,AD30,0.00617331855501643,AD30 Jaw Sideways
p90,raw,participant_balanced,Happiness,AD30,0.006421306821448318,AD30 Jaw Sideways
p90,raw,participant_balanced,Neutral,AD30,0.0012476683580547676,AD30 Jaw Sideways
p90,raw,participant_balanced,Sadness,AD30,0.03014739114727274,AD30 Jaw Sideways
p90,raw,participant_balanced,Surprise,AD30,0.02788476877275277,AD30 Jaw Sideways
p90,raw,participant_balanced,Anger,AD34,0.01622334300219591,AD34 Cheek Puff
p90,raw,participant_balanced,Disgust,AD34,0.006402165949144918,AD34 Cheek Puff
p90,raw,participant_balanced,Fear,AD34,0.001646440269174983,AD34 Cheek Puff
p90,raw,participant_balanced,Happiness,AD34,0.001324631949529269,AD34 Cheek Puff
p90,raw,participant_balanced,Neutral,AD34,0.000650757885511486,AD34 Cheek Puff
p90,raw,participant_balanced,Sadness,AD34,0.019380494413384058,AD34 Cheek Puff
p90,raw,participant_balanced,Surprise,AD34,0.008391401760787547,AD34 Cheek Puff
p90,raw,participant_balanced,Anger,AD35,4.02396314347679e-06,AD35 Cheek Suck
p90,raw,participant_balanced,Disgust,AD35,0.00014288657722189127,AD35 Cheek Suck
p90,raw,participant_balanced,Fear,AD35,0.00018078169338380047,AD35 Cheek Suck
p90,raw,participant_balanced,Happiness,AD35,4.049261109775416e-06,AD35 Cheek Suck
p90,raw,participant_balanced,Neutral,AD35,1.1070998960281956e-06,AD35 Cheek Suck
p90,raw,participant_balanced,Sadness,AD35,3.228273074775607e-07,AD35 Cheek Suck
p90,raw,participant_balanced,Surprise,AD35,0.011708756677026234,AD35 Cheek Suck
p90,raw,participant_balanced,Anger,EYE61,0.12558092239099114,EYE61 Eyes Turn Left
p90,raw,participant_balanced,Disgust,EYE61,0.1325110856719115,EYE61 Eyes Turn Left
p90,raw,participant_balanced,Fear,EYE61,0.14045500302249345,EYE61 Eyes Turn Left
p90,raw,participant_balanced,Happiness,EYE61,0.13055470962521276,EYE61 Eyes Turn Left
p90,raw,participant_balanced,Neutral,EYE61,0.14745264077487164,EYE61 Eyes Turn Left
p90,raw,participant_balanced,Sadness,EYE61,0.13398466345969554,EYE61 Eyes Turn Left
p90,raw,participant_balanced,Surprise,EYE61,0.1296040247054999,EYE61 Eyes Turn Left
p90,raw,participant_balanced,Anger,EYE62,0.09573162713174853,EYE62 Eyes Turn Right
p90,raw,participant_balanced,Disgust,EYE62,0.10196127736190023,EYE62 Eyes Turn Right
p90,raw,participant_balanced,Fear,EYE62,0.10029396820936418,EYE62 Eyes Turn Right
p90,raw,participant_balanced,Happiness,EYE62,0.1128628818390442,EYE62 Eyes Turn Right
p90,raw,participant_balanced,Neutral,EYE62,0.10047054823151068,EYE62 Eyes Turn Right
p90,raw,participant_balanced,Sadness,EYE62,0.10507178843814098,EYE62 Eyes Turn Right
p90,raw,participant_balanced,Surprise,EYE62,0.11126597418079578,EYE62 Eyes Turn Right
p90,raw,participant_balanced,Anger,EYE63,0.10865815665609428,EYE63 Eyes Up
p90,raw,participant_balanced,Disgust,EYE63,0.07441608558740133,EYE63 Eyes Up
p90,raw,participant_balanced,Fear,EYE63,0.0652013562084936,EYE63 Eyes Up
p90,raw,participant_balanced,Happiness,EYE63,0.08577242964358966,EYE63 Eyes Up
p90,raw,participant_balanced,Neutral,EYE63,0.08259986762048734,EYE63 Eyes Up
p90,raw,participant_balanced,Sadness,EYE63,0.0677155407619418,EYE63 Eyes Up
p90,raw,participant_balanced,Surprise,EYE63,0.060739182288981425,EYE63 Eyes Up
p90,raw,participant_balanced,Anger,EYE64,0.13956912683827494,EYE64 Eyes Down
p90,raw,participant_balanced,Disgust,EYE64,0.16164682947214348,EYE64 Eyes Down
p90,raw,participant_balanced,Fear,EYE64,0.032478934804609456,EYE64 Eyes Down
p90,raw,participant_balanced,Happiness,EYE64,0.0699874990757246,EYE64 Eyes Down
p90,raw,participant_balanced,Neutral,EYE64,0.03973509934770746,EYE64 Eyes Down
p90,raw,participant_balanced,Sadness,EYE64,0.10148068135341394,EYE64 Eyes Down
p90,raw,participant_balanced,Surprise,EYE64,0.039143634498990824,EYE64 Eyes Down
p90,raw,participant_balanced,Anger,UNMAPPED_MouthLeft,0.01602790202516035,MouthLeft (unmapped)
p90,raw,participant_balanced,Disgust,UNMAPPED_MouthLeft,0.0183321619444697,MouthLeft (unmapped)
p90,raw,participant_balanced,Fear,UNMAPPED_MouthLeft,0.004564118443603662,MouthLeft (unmapped)
p90,raw,participant_balanced,Happiness,UNMAPPED_MouthLeft,0.010264358473780799,MouthLeft (unmapped)
p90,raw,participant_balanced,Neutral,UNMAPPED_MouthLeft,0.001521302565232022,MouthLeft (unmapped)
p90,raw,participant_balanced,Sadness,UNMAPPED_MouthLeft,0.005287287678672866,MouthLeft (unmapped)
p90,raw,participant_balanced,Surprise,UNMAPPED_MouthLeft,0.005076117082776244,MouthLeft (unmapped)
p90,raw,participant_balanced,Anger,UNMAPPED_MouthRight,0.00555117583242139,MouthRight (unmapped)
p90,raw,participant_balanced,Disgust,UNMAPPED_MouthRight,0.006024266530880644,MouthRight (unmapped)
p90,raw,participant_balanced,Fear,UNMAPPED_MouthRight,0.0016801194774777768,MouthRight (unmapped)
p90,raw,participant_balanced,Happiness,UNMAPPED_MouthRight,0.004060456297059764,MouthRight (unmapped)
p90,raw,participant_balanced,Neutral,UNMAPPED_MouthRight,0.0004213752238658808,MouthRight (unmapped)
p90,raw,participant_balanced,Sadness,UNMAPPED_MouthRight,0.000639168823132726,MouthRight (unmapped)
p90,raw,participant_balanced,Surprise,UNMAPPED_MouthRight,0.004883712430230927,MouthRight (unmapped)
p90,standardized,sample_weighted,Anger,AU1,-0.2267056277164172,AU1 Inner Brow Raiser
p90,standardized,sample_weighted,Disgust,AU1,-0.23030645937405533,AU1 Inner Brow Raiser
p90,standardized,sample_weighted,Fear,AU1,0.6575767440468115,AU1 Inner Brow Raiser
p90,standardized,sample_weighted,Happiness,AU1,-0.3733697659118782,AU1 Inner Brow Raiser
p90,standardized,sample_weighted,Neutral,AU1,-0.5864696631024131,AU1 Inner Brow Raiser
p90,standardized,sample_weighted,Sadness,AU1,-0.06548417613774296,AU1 Inner Brow Raiser
p90,standardized,sample_weighted,Surprise,AU1,0.9065251726271927,AU1 Inner Brow Raiser
p90,standardized,sample_weighted,Anger,AU2,-0.4116753159964974,AU2 Outer Brow Raiser
p90,standardized,sample_weighted,Disgust,AU2,-0.32784690109933573,AU2 Outer Brow Raiser
p90,standardized,sample_weighted,Fear,AU2,0.7341559494215097,AU2 Outer Brow Raiser
p90,standardized,sample_weighted,Happiness,AU2,-0.2987567590438868,AU2 Outer Brow Raiser
p90,standardized,sample_weighted,Neutral,AU2,-0.48386895893570997,AU2 Outer Brow Raiser
p90,standardized,sample_weighted,Sadness,AU2,-0.3282452423285317,AU2 Outer Brow Raiser
p90,standardized,sample_weighted,Surprise,AU2,1.0696771906102651,AU2 Outer Brow Raiser
p90,standardized,sample_weighted,Anger,AU4,1.1344621005080378,AU4 Brow Lowerer
p90,standardized,sample_weighted,Disgust,AU4,1.0753911752793157,AU4 Brow Lowerer
p90,standardized,sample_weighted,Fear,AU4,-0.27895596347456103,AU4 Brow Lowerer
p90,standardized,sample_weighted,Happiness,AU4,-0.39166775099474593,AU4 Brow Lowerer
p90,standardized,sample_weighted,Neutral,AU4,-0.5620861702971996,AU4 Brow Lowerer
p90,standardized,sample_weighted,Sadness,AU4,0.24663622768501411,AU4 Brow Lowerer
p90,standardized,sample_weighted,Surprise,AU4,-0.4819780449264156,AU4 Brow Lowerer
p90,standardized,sample_weighted,Anger,AU5,-0.06850056837200899,AU5 Upper Lid Raiser
p90,standardized,sample_weighted,Disgust,AU5,-0.23067871048515148,AU5 Upper Lid Raiser
p90,standardized,sample_weighted,Fear,AU5,0.77024764520275,AU5 Upper Lid Raiser
p90,standardized,sample_weighted,Happiness,AU5,-0.2491414816226056,AU5 Upper Lid Raiser
p90,standardized,sample_weighted,Neutral,AU5,-0.3876361882262633,AU5 Upper Lid Raiser
p90,standardized,sample_weighted,Sadness,AU5,-0.24410200921772673,AU5 Upper Lid Raiser
p90,standardized,sample_weighted,Surprise,AU5,0.5258769096097963,AU5 Upper Lid Raiser
p90,standardized,sample_weighted,Anger,AU6,0.29055392345974085,AU6 Cheek Raiser
p90,standardized,sample_weighted,Disgust,AU6,0.586040143247183,AU6 Cheek Raiser
p90,standardized,sample_weighted,Fear,AU6,-0.5381591994445115,AU6 Cheek Raiser
p90,standardized,sample_weighted,Happiness,AU6,1.2690534655445989,AU6 Cheek Raiser
p90,standardized,sample_weighted,Neutral,AU6,-0.6279468090986347,AU6 Cheek Raiser
p90,standardized,sample_weighted,Sadness,AU6,-0.34796075196227977,AU6 Cheek Raiser
p90,standardized,sample_weighted,Surprise,AU6,-0.5850144973584883,AU6 Cheek Raiser
p90,standardized,sample_weighted,Anger,AU7,0.9153367397297614,AU7 Lid Tightener
p90,standardized,sample_weighted,Disgust,AU7,0.9271333222551678,AU7 Lid Tightener
p90,standardized,sample_weighted,Fear,AU7,-0.4274052370268385,AU7 Lid Tightener
p90,standardized,sample_weighted,Happiness,AU7,0.337230983594347,AU7 Lid Tightener
p90,standardized,sample_weighted,Neutral,AU7,-0.6410602559535513,AU7 Lid Tightener
p90,standardized,sample_weighted,Sadness,AU7,-0.17266258226669645,AU7 Lid Tightener
p90,standardized,sample_weighted,Surprise,AU7,-0.45519635849578444,AU7 Lid Tightener
p90,standardized,sample_weighted,Anger,AU8,0.0014917051241560258,AU8 Lips Toward Each Other
p90,standardized,sample_weighted,Disgust,AU8,0.13415858535079347,AU8 Lips Toward Each Other
p90,standardized,sample_weighted,Fear,AU8,-0.061722490659689475,AU8 Lips Toward Each Other
p90,standardized,sample_weighted,Happiness,AU8,-0.1667977105506745,AU8 Lips Toward Each Other
p90,standardized,sample_weighted,Neutral,AU8,-0.459699317930882,AU8 Lips Toward Each Other
p90,standardized,sample_weighted,Sadness,AU8,0.006237489202492465,AU8 Lips Toward Each Other
p90,standardized,sample_weighted,Surprise,AU8,0.6186847335903303,AU8 Lips Toward Each Other
p90,standardized,sample_weighted,Anger,AU9,0.9113419672465588,AU9 Nose Wrinkler
p90,standardized,sample_weighted,Disgust,AU9,1.5230652349826368,AU9 Nose Wrinkler
p90,standardized,sample_weighted,Fear,AU9,-0.3386332884894918,AU9 Nose Wrinkler
p90,standardized,sample_weighted,Happiness,AU9,-0.4045054633372874,AU9 Nose Wrinkler
p90,standardized,sample_weighted,Neutral,AU9,-0.4841857088807993,AU9 Nose Wrinkler
p90,standardized,sample_weighted,Sadness,AU9,-0.1304806346407251,AU9 Nose Wrinkler
p90,standardized,sample_weighted,Surprise,AU9,-0.38276251558807184,AU9 Nose Wrinkler
p90,standardized,sample_weighted,Anger,AU10,0.36188241562472034,AU10 Upper Lip Raiser
p90,standardized,sample_weighted,Disgust,AU10,1.0102213833921818,AU10 Upper Lip Raiser
p90,standardized,sample_weighted,Fear,AU10,-0.2291447193309693,AU10 Upper Lip Raiser
p90,standardized,sample_weighted,Happiness,AU10,0.7942605074397678,AU10 Upper Lip Raiser
p90,standardized,sample_weighted,Neutral,AU10,-0.6929932730885764,AU10 Upper Lip Raiser
p90,standardized,sample_weighted,Sadness,AU10,-0.5637653868975565,AU10 Upper Lip Raiser
p90,standardized,sample_weighted,Surprise,AU10,-0.4212373042870509,AU10 Upper Lip Raiser
p90,standardized,sample_weighted,Anger,AU12,-0.27170355402485474,AU12 Lip Corner Puller
p90,standardized,sample_weighted,Disgust,AU12,-0.21634257110043623,AU12 Lip Corner Puller
p90,standardized,sample_weighted,Fear,AU12,-0.37013566275568016,AU12 Lip Corner Puller
p90,standardized,sample_weighted,Happiness,AU12,1.8383580137414026,AU12 Lip Corner Puller
p90,standardized,sample_weighted,Neutral,AU12,-0.467466025168373,AU12 Lip Corner Puller
p90,standardized,sample_weighted,Sadness,AU12,-0.4473679620618113,AU12 Lip Corner Puller
p90,standardized,sample_weighted,Surprise,AU12,-0.4579681609957539,AU12 Lip Corner Puller
p90,standardized,sample_weighted,Anger,AU14,-0.19503067667370763,AU14 Dimpler
p90,standardized,sample_weighted,Disgust,AU14,-0.061704405471065996,AU14 Dimpler
p90,standardized,sample_weighted,Fear,AU14,-0.14609551765878512,AU14 Dimpler
p90,standardized,sample_weighted,Happiness,AU14,1.4860206095425534,AU14 Dimpler
p90,standardized,sample_weighted,Neutral,AU14,-0.48526452041749,AU14 Dimpler
p90,standardized,sample_weighted,Sadness,AU14,-0.4982359907221295,AU14 Dimpler
p90,standardized,sample_weighted,Surprise,AU14,-0.35346677256380493,AU14 Dimpler
p90,standardized,sample_weighted,Anger,AU15,0.11278241425929039,AU15 Lip Corner Depressor
p90,standardized,sample_weighted,Disgust,AU15,0.3795045431607662,AU15 Lip Corner Depressor
p90,standardized,sample_weighted,Fear,AU15,-0.31500079010508936,AU15 Lip Corner Depressor
p90,standardized,sample_weighted,Happiness,AU15,-0.4988041335134385,AU15 Lip Corner Depressor
p90,standardized,sample_weighted,Neutral,AU15,-0.5440870827241122,AU15 Lip Corner Depressor
p90,standardized,sample_weighted,Sadness,AU15,1.70341085221818,AU15 Lip Corner Depressor
p90,standardized,sample_weighted,Surprise,AU15,-0.44515633161765683,AU15 Lip Corner Depressor
p90,standardized,sample_weighted,Anger,AU16,-0.23319599834400395,AU16 Lower Lip Depressor
p90,standardized,sample_weighted,Disgust,AU16,0.28223566457759386,AU16 Lower Lip Depressor
p90,standardized,sample_weighted,Fear,AU16,0.39903686855139187,AU16 Lower Lip Depressor
p90,standardized,sample_weighted,Happiness,AU16,0.6959661826278922,AU16 Lower Lip Depressor
p90,standardized,sample_weighted,Neutral,AU16,-0.4462028472648729,AU16 Lower Lip Depressor
p90,standardized,sample_weighted,Sadness,AU16,-0.34293605648974246,AU16 Lower Lip Depressor
p90,standardized,sample_weighted,Surprise,AU16,-0.33481653150693175,AU16 Lower Lip Depressor
p90,standardized,sample_weighted,Anger,AU17,1.0385348254958042,AU17 Chin Raiser
p90,standardized,sample_weighted,Disgust,AU17,0.5429448402700062,AU17 Chin Raiser
p90,standardized,sample_weighted,Fear,AU17,-0.5806385154302695,AU17 Chin Raiser
p90,standardized,sample_weighted,Happiness,AU17,-0.36703800679365794,AU17 Chin Raiser
p90,standardized,sample_weighted,Neutral,AU17,-0.7268521568523364,AU17 Chin Raiser
p90,standardized,sample_weighted,Sadness,AU17,1.2864566178613275,AU17 Chin Raiser
p90,standardized,sample_weighted,Surprise,AU17,-0.5276503192472093,AU17 Chin Raiser
p90,standardized,sample_weighted,Anger,AU18,0.6725925543400335,AU18 Lip Puckerer
p90,standardized,sample_weighted,Disgust,AU18,0.2050770011927653,AU18 Lip Puckerer
p90,standardized,sample_weighted,Fear,AU18,-0.40343212045428384,AU18 Lip Puckerer
p90,standardized,sample_weighted,Happiness,AU18,-0.439622747742656,AU18 Lip Puckerer
p90,standardized,sample_weighted,Neutral,AU18,-0.4884390542769933,AU18 Lip Puckerer
p90,standardized,sample_weighted,Sadness,AU18,0.13402813299270086,AU18 Lip Puckerer
p90,standardized,sample_weighted,Surprise,AU18,0.6211457385385977,AU18 Lip Puckerer
p90,standardized,sample_weighted,Anger,AU20,-0.12428511843283788,AU20 Lip Stretcher
p90,standardized,sample_weighted,Disgust,AU20,0.3078565285925792,AU20 Lip Stretcher
p90,standardized,sample_weighted,Fear,AU20,0.3949145243507355,AU20 Lip Stretcher
p90,standardized,sample_weighted,Happiness,AU20,0.31897492931405763,AU20 Lip Stretcher
p90,standardized,sample_weighted,Neutral,AU20,-0.46669428015154535,AU20 Lip Stretcher
p90,standardized,sample_weighted,Sadness,AU20,0.12165465955406805,AU20 Lip Stretcher
p90,standardized,sample_weighted,Surprise,AU20,-0.3907497771500557,AU20 Lip Stretcher
p90,standardized,sample_weighted,Anger,AU22,-0.12151251308664446,AU22 Lip Funneler
p90,standardized,sample_weighted,Disgust,AU22,-0.20667462958183852,AU22 Lip Funneler
p90,standardized,sample_weighted,Fear,AU22,-0.2523377045365641,AU22 Lip Funneler
p90,standardized,sample_weighted,Happiness,AU22,-0.2813280037579894,AU22 Lip Funneler
p90,standardized,sample_weighted,Neutral,AU22,-0.2897201474548049,AU22 Lip Funneler
p90,standardized,sample_weighted,Sadness,AU22,0.8380022908645876,AU22 Lip Funneler
p90,standardized,sample_weighted,Surprise,AU22,0.32315132328762103,AU22 Lip Funneler
p90,standardized,sample_weighted,Anger,AU23,0.6554641593645522,AU23 Lip Tightener
p90,standardized,sample_weighted,Disgust,AU23,-0.1249119768668102,AU23 Lip Tightener
p90,standardized,sample_weighted,Fear,AU23,-0.3449164609543009,AU23 Lip Tightener
p90,standardized,sample_weighted,Happiness,AU23,-0.3901025473740252,AU23 Lip Tightener
p90,standardized,sample_weighted,Neutral,AU23,-0.41388282455549846,AU23 Lip Tightener
p90,standardized,sample_weighted,Sadness,AU23,0.6324579604529962,AU23 Lip Tightener
p90,standardized,sample_weighted,Surprise,AU23,0.27527160103840487,AU23 Lip Tightener
p90,standardized,sample_weighted,Anger,AU24,0.3130278569258436,AU24 Lip Pressor
p90,standardized,sample_weighted,Disgust,AU24,0.5166853234706564,AU24 Lip Pressor
p90,standardized,sample_weighted,Fear,AU24,-0.18835935611411853,AU24 Lip Pressor
p90,standardized,sample_weighted,Happiness,AU24,-0.20466170324343116,AU24 Lip Pressor
p90,standardized,sample_weighted,Neutral,AU24,-0.23104090567707194,AU24 Lip Pressor
p90,standardized,sample_weighted,Sadness,AU24,0.20264552989760337,AU24 Lip Pressor
p90,standardized,sample_weighted,Surprise,AU24,-0.14245364793993318,AU24 Lip Pressor
p90,standardized,sample_weighted,Anger,AU26,-0.4801206315591384,AU26 Jaw Drop
p90,standardized,sample_weighted,Disgust,AU26,-0.14953995309889367,AU26 Jaw Drop
p90,standardized,sample_weighted,Fear,AU26,0.5159210319797074,AU26 Jaw Drop
p90,standardized,sample_weighted,Happiness,AU26,-0.24434672372058547,AU26 Jaw Drop
p90,standardized,sample_weighted,Neutral,AU26,-0.6966700077621082,AU26 Jaw Drop
p90,standardized,sample_weighted,Sadness,AU26,-0.5097375180888116,AU26 Jaw Drop
p90,standardized,sample_weighted,Surprise,AU26,1.4732704043265274,AU26 Jaw Drop
p90,standardized,sample_weighted,Anger,AU28,0.6784973717110745,AU28 Lip Suck
p90,standardized,sample_weighted,Disgust,AU28,0.5330676068628122,AU28 Lip Suck
p90,standardized,sample_weighted,Fear,AU28,-0.43614525494180184,AU28 Lip Suck
p90,standardized,sample_weighted,Happiness,AU28,1.0613319601314808,AU28 Lip Suck
p90,standardized,sample_weighted,Neutral,AU28,-0.6431465673435492,AU28 Lip Suck
p90,standardized,sample_weighted,Sadness,AU28,-0.43827049851435673,AU28 Lip Suck
p90,standardized,sample_weighted,Surprise,AU28,-0.549078431775155,AU28 Lip Suck
p90,standardized,sample_weighted,Anger,AU43,0.3108750147496692,AU43 Eyes Closed
p90,standardized,sample_weighted,Disgust,AU43,0.5498339735887666,AU43 Eyes Closed
p90,standardized,sample_weighted,Fear,AU43,-0.24070954132118888,AU43 Eyes Closed
p90,standardized,sample_weighted,Happiness,AU43,-0.21741468943521056,AU43 Eyes Closed
p90,standardized,sample_weighted,Neutral,AU43,-0.283955693630724,AU43 Eyes Closed
p90,standardized,sample_weighted,Sadness,AU43,0.32405162993135855,AU43 Eyes Closed
p90,standardized,sample_weighted,Surprise,AU43,-0.15859002230480024,AU43 Eyes Closed
p90,standardized,sample_weighted,Anger,AD29,-0.11891088044060924,AD29 Jaw Thrust
p90,standardized,sample_weighted,Disgust,AD29,-0.11762293608289062,AD29 Jaw Thrust
p90,standardized,sample_weighted,Fear,AD29,-0.03808301285944924,AD29 Jaw Thrust
p90,standardized,sample_weighted,Happiness,AD29,-0.42981222497910865,AD29 Jaw Thrust
p90,standardized,sample_weighted,Neutral,AD29,-0.5008578296490519,AD29 Jaw Thrust
p90,standardized,sample_weighted,Sadness,AD29,0.37849126326781113,AD29 Jaw Thrust
p90,standardized,sample_weighted,Surprise,AD29,0.8724052260661443,AD29 Jaw Thrust
p90,standardized,sample_weighted,Anger,AD30,0.3729273660637889,AD30 Jaw Sideways
p90,standardized,sample_weighted,Disgust,AD30,-0.012360515460107281,AD30 Jaw Sideways
p90,standardized,sample_weighted,Fear,AD30,-0.308775359468717,AD30 Jaw Sideways
p90,standardized,sample_weighted,Happiness,AD30,-0.3049828136820804,AD30 Jaw Sideways
p90,standardized,sample_weighted,Neutral,AD30,-0.4618793476107169,AD30 Jaw Sideways
p90,standardized,sample_weighted,Sadness,AD30,0.529198769731647,AD30 Jaw Sideways
p90,standardized,sample_weighted,Surprise,AD30,0.38877553866595455,AD30 Jaw Sideways
p90,standardized,sample_weighted,Anger,AD34,0.49229434319732157,AD34 Cheek Puff
p90,standardized,sample_weighted,Disgust,AD34,-0.048930560372395474,AD34 Cheek Puff
p90,standardized,sample_weighted,Fear,AD34,-0.27862269919071864,AD34 Cheek Puff
p90,standardized,sample_weighted,Happiness,AD34,-0.27675572279420924,AD34 Cheek Puff
p90,standardized,sample_weighted,Neutral,AD34,-0.30445568188737226,AD34 Cheek Puff
p90,standardized,sample_weighted,Sadness,AD34,0.604854042627672,AD34 Cheek Puff
p90,standardized,sample_weighted,Surprise,AD34,0.05275188993243932,AD34 Cheek Puff
p90,standardized,sample_weighted,Anger,AD35,-0.10699410211921163,AD35 Cheek Suck
p90,standardized,sample_weighted,Disgust,AD35,-0.09845155121700615,AD35 Cheek Suck
p90,standardized,sample_weighted,Fear,AD35,-0.09634068499193972,AD35 Cheek Suck
p90,standardized,sample_weighted,Happiness,AD35,-0.10710181128132634,AD35 Cheek Suck
p90,standardized,sample_weighted,Neutral,AD35,-0.10720759792304563,AD35 Cheek Suck
p90,standardized,sample_weighted,Sadness,AD35,-0.10723392823493236,AD35 Cheek Suck
p90,standardized,sample_weighted,Surprise,AD35,0.536606273634018,AD35 Cheek Suck
p90,standardized,sample_weighted,Anger,EYE61,-0.10442128689384325,EYE61 Eyes Turn Left
p90,standardized,sample_weighted,Disgust,EYE61,-0.015642799665175122,EYE61 Eyes Turn Left
p90,standardized,sample_weighted,Fear,EYE61,-0.011448095838025162,EYE61 Eyes Turn Left
p90,standardized,sample_weighted,Happiness,EYE61,-0.014921219985105948,EYE61 Eyes Turn Left
p90,standardized,sample_weighted,Neutral,EYE61,0.11095503328439887,EYE61 Eyes Turn Left
p90,standardized,sample_weighted,Sadness,EYE61,-0.004677665731082545,EYE61 Eyes Turn Left
p90,standardized,sample_weighted,Surprise,EYE61,-0.01540564401751767,EYE61 Eyes Turn Left
p90,standardized,sample_weighted,Anger,EYE62,-0.03335268577027442,EYE62 Eyes Turn Right
p90,standardized,sample_weighted,Disgust,EYE62,-0.04452707113185865,EYE62 Eyes Turn Right
p90,standardized,sample_weighted,Fear,EYE62,0.013455500768651105,EYE62 Eyes Turn Right
p90,standardized,sample_weighted,Happiness,EYE62,0.04948054303900434,EYE62 Eyes Turn Right
p90,standardized,sample_weighted,Neutral,EYE62,-0.06323828561078121,EYE62 Eyes Turn Right
p90,standardized,sample_weighted,Sadness,EYE62,0.001533182908020085,EYE62 Eyes Turn Right
p90,standardized,sample_weighted,Surprise,EYE62,0.05868769907972126,EYE62 Eyes Turn Right
p90,standardized,sample_weighted,Anger,EYE63,0.2793467191898832,EYE63 Eyes Up
p90,standardized,sample_weighted,Disgust,EYE63,0.08608075885496773,EYE63 Eyes Up
p90,standardized,sample_weighted,Fear,EYE63,-0.150806164935568,EYE63 Eyes Up
p90,standardized,sample_weighted,Happiness,EYE63,0.05221679959591966,EYE63 Eyes Up
p90,standardized,sample_weighted,Neutral,EYE63,0.011833461093167501,EYE63 Eyes Up
p90,standardized,sample_weighted,Sadness,EYE63,-0.06356607271619145,EYE63 Eyes Up
p90,standardized,sample_weighted,Surprise,EYE63,-0.13810113239080224,EYE63 Eyes Up
p90,standardized,sample_weighted,Anger,EYE64,0.5390937049426158,EYE64 Eyes Down
p90,standardized,sample_weighted,Disgust,EYE64,0.7806410378992273,EYE64 Eyes Down
p90,standardized,sample_weighted,Fear,EYE64,-0.38262573940882333,EYE64 Eyes Down
p90,standardized,sample_weighted,Happiness,EYE64,-0.027405002238890544,EYE64 Eyes Down
p90,standardized,sample_weighted,Neutral,EYE64,-0.33236851136817475,EYE64 Eyes Down
p90,standardized,sample_weighted,Sadness,EYE64,0.1488014977895627,EYE64 Eyes Down
p90,standardized,sample_weighted,Surprise,EYE64,-0.36640869554225325,EYE64 Eyes Down
p90,standardized,sample_weighted,Anger,UNMAPPED_MouthLeft,0.5912874149973831,MouthLeft (unmapped)
p90,standardized,sample_weighted,Disgust,UNMAPPED_MouthLeft,0.7302210870661762,MouthLeft (unmapped)
p90,standardized,sample_weighted,Fear,UNMAPPED_MouthLeft,-0.2577398145884965,MouthLeft (unmapped)
p90,standardized,sample_weighted,Happiness,UNMAPPED_MouthLeft,0.13172783195774837,MouthLeft (unmapped)
p90,standardized,sample_weighted,Neutral,UNMAPPED_MouthLeft,-0.45833623939141943,MouthLeft (unmapped)
p90,standardized,sample_weighted,Sadness,UNMAPPED_MouthLeft,-0.2169488461864027,MouthLeft (unmapped)
p90,standardized,sample_weighted,Surprise,UNMAPPED_MouthLeft,-0.17649595701914766,MouthLeft (unmapped)
p90,standardized,sample_weighted,Anger,UNMAPPED_MouthRight,0.2678122325695733,MouthRight (unmapped)
p90,standardized,sample_weighted,Disgust,UNMAPPED_MouthRight,0.26482434864555876,MouthRight (unmapped)
p90,standardized,sample_weighted,Fear,UNMAPPED_MouthRight,-0.1413680692660163,MouthRight (unmapped)
p90,standardized,sample_weighted,Happiness,UNMAPPED_MouthRight,0.058720597548170946,MouthRight (unmapped)
p90,standardized,sample_weighted,Neutral,UNMAPPED_MouthRight,-0.2505468556371647,MouthRight (unmapped)
p90,standardized,sample_weighted,Sadness,UNMAPPED_MouthRight,-0.23474583795327245,MouthRight (unmapped)
p90,standardized,sample_weighted,Surprise,UNMAPPED_MouthRight,0.1526613815955366,MouthRight (unmapped)
p90,standardized,participant_balanced,Anger,AU1,-0.2110047022894065,AU1 Inner Brow Raiser
p90,standardized,participant_balanced,Disgust,AU1,-0.21220833347223833,AU1 Inner Brow Raiser
p90,standardized,participant_balanced,Fear,AU1,0.5601395256259306,AU1 Inner Brow Raiser
p90,standardized,participant_balanced,Happiness,AU1,-0.3773137714441146,AU1 Inner Brow Raiser
p90,standardized,participant_balanced,Neutral,AU1,-0.5753818463415861,AU1 Inner Brow Raiser
p90,standardized,participant_balanced,Sadness,AU1,-0.022088415265832335,AU1 Inner Brow Raiser
p90,standardized,participant_balanced,Surprise,AU1,0.9729858547797077,AU1 Inner Brow Raiser
p90,standardized,participant_balanced,Anger,AU2,-0.4166664107702425,AU2 Outer Brow Raiser
p90,standardized,participant_balanced,Disgust,AU2,-0.33951567764866525,AU2 Outer Brow Raiser
p90,standardized,participant_balanced,Fear,AU2,0.6847633547941051,AU2 Outer Brow Raiser
p90,standardized,participant_balanced,Happiness,AU2,-0.2919391652220927,AU2 Outer Brow Raiser
p90,standardized,participant_balanced,Neutral,AU2,-0.4765724658153293,AU2 Outer Brow Raiser
p90,standardized,participant_balanced,Sadness,AU2,-0.3402007605410997,AU2 Outer Brow Raiser
p90,standardized,participant_balanced,Surprise,AU2,1.1456476151116413,AU2 Outer Brow Raiser
p90,standardized,participant_balanced,Anger,AU4,1.0524562626486746,AU4 Brow Lowerer
p90,standardized,participant_balanced,Disgust,AU4,1.1313137174460175,AU4 Brow Lowerer
p90,standardized,participant_balanced,Fear,AU4,-0.3397651504970063,AU4 Brow Lowerer
p90,standardized,participant_balanced,Happiness,AU4,-0.40494334503370194,AU4 Brow Lowerer
p90,standardized,participant_balanced,Neutral,AU4,-0.557881422689196,AU4 Brow Lowerer
p90,standardized,participant_balanced,Sadness,AU4,0.38750830501250716,AU4 Brow Lowerer
p90,standardized,participant_balanced,Surprise,AU4,-0.4846850778721725,AU4 Brow Lowerer
p90,standardized,participant_balanced,Anger,AU5,-0.1270235084327417,AU5 Upper Lid Raiser
p90,standardized,participant_balanced,Disgust,AU5,-0.30633713735042983,AU5 Upper Lid Raiser
p90,standardized,participant_balanced,Fear,AU5,0.7661589388811095,AU5 Upper Lid Raiser
p90,standardized,participant_balanced,Happiness,AU5,-0.24373646836759033,AU5 Upper Lid Raiser
p90,standardized,participant_balanced,Neutral,AU5,-0.37141988195869247,AU5 Upper Lid Raiser
p90,standardized,participant_balanced,Sadness,AU5,-0.2479466469513033,AU5 Upper Lid Raiser
p90,standardized,participant_balanced,Surprise,AU5,0.5661585826710058,AU5 Upper Lid Raiser
p90,standardized,participant_balanced,Anger,AU6,0.21704862856866797,AU6 Cheek Raiser
p90,standardized,participant_balanced,Disgust,AU6,0.6154810168232935,AU6 Cheek Raiser
p90,standardized,participant_balanced,Fear,AU6,-0.54346663789243,AU6 Cheek Raiser
p90,standardized,participant_balanced,Happiness,AU6,1.2834133066122944,AU6 Cheek Raiser
p90,standardized,participant_balanced,Neutral,AU6,-0.6217365378342549,AU6 Cheek Raiser
p90,standardized,participant_balanced,Sadness,AU6,-0.2858514915616698,AU6 Cheek Raiser
p90,standardized,participant_balanced,Surprise,AU6,-0.5698053630776103,AU6 Cheek Raiser
p90,standardized,participant_balanced,Anger,AU7,0.9022679910374597,AU7 Lid Tightener
p90,standardized,participant_balanced,Disgust,AU7,0.9415918637997075,AU7 Lid Tightener
p90,standardized,participant_balanced,Fear,AU7,-0.3944400518197442,AU7 Lid Tightener
p90,standardized,participant_balanced,Happiness,AU7,0.3343822334554416,AU7 Lid Tightener
p90,standardized,participant_balanced,Neutral,AU7,-0.6331203353095876,AU7 Lid Tightener
p90,standardized,participant_balanced,Sadness,AU7,-0.09792801022712921,AU7 Lid Tightener
p90,standardized,participant_balanced,Surprise,AU7,-0.4482770441941559,AU7 Lid Tightener
p90,standardized,participant_balanced,Anger,AU8,-0.012055762226729595,AU8 Lips Toward Each Other
p90,standardized,participant_balanced,Disgust,AU8,0.20932038149721205,AU8 Lips Toward Each Other
p90,standardized,participant_balanced,Fear,AU8,-0.08963668848443586,AU8 Lips Toward Each Other
p90,standardized,participant_balanced,Happiness,AU8,-0.16796150034843166,AU8 Lips Toward Each Other
p90,standardized,participant_balanced,Neutral,AU8,-0.4533233271507507,AU8 Lips Toward Each Other
p90,standardized,participant_balanced,Sadness,AU8,-0.020692141526504716,AU8 Lips Toward Each Other
p90,standardized,participant_balanced,Surprise,AU8,0.597350692262844,AU8 Lips Toward Each Other
p90,standardized,participant_balanced,Anger,AU9,0.737172706679567,AU9 Nose Wrinkler
p90,standardized,participant_balanced,Disgust,AU9,1.452112636164856,AU9 Nose Wrinkler
p90,standardized,participant_balanced,Fear,AU9,-0.3413013420573221,AU9 Nose Wrinkler
p90,standardized,participant_balanced,Happiness,AU9,-0.4020290896000866,AU9 Nose Wrinkler
p90,standardized,participant_balanced,Neutral,AU9,-0.48503050993423674,AU9 Nose Wrinkler
p90,standardized,participant_balanced,Sadness,AU9,-0.09444733686446968,AU9 Nose Wrinkler
p90,standardized,participant_balanced,Surprise,AU9,-0.38618935768030294,AU9 Nose Wrinkler
p90,standardized,participant_balanced,Anger,AU10,0.3081126320034987,AU10 Upper Lip Raiser
p90,standardized,participant_balanced,Disgust,AU10,0.8977419403861919,AU10 Upper Lip Raiser
p90,standardized,participant_balanced,Fear,AU10,-0.2064248979825402,AU10 Upper Lip Raiser
p90,standardized,participant_balanced,Happiness,AU10,0.7767263391928958,AU10 Upper Lip Raiser
p90,standardized,participant_balanced,Neutral,AU10,-0.6957091313087388,AU10 Upper Lip Raiser
p90,standardized,participant_balanced,Sadness,AU10,-0.5405832122337995,AU10 Upper Lip Raiser
p90,standardized,participant_balanced,Surprise,AU10,-0.3996261954613093,AU10 Upper Lip Raiser
p90,standardized,participant_balanced,Anger,AU12,-0.2762334553925299,AU12 Lip Corner Puller
p90,standardized,participant_balanced,Disgust,AU12,-0.22170202781106058,AU12 Lip Corner Puller
p90,standardized,participant_balanced,Fear,AU12,-0.3787711505102136,AU12 Lip Corner Puller
p90,standardized,participant_balanced,Happiness,AU12,1.8423570979147403,AU12 Lip Corner Puller
p90,standardized,participant_balanced,Neutral,AU12,-0.46702055048896807,AU12 Lip Corner Puller
p90,standardized,participant_balanced,Sadness,AU12,-0.4400269361490202,AU12 Lip Corner Puller
p90,standardized,participant_balanced,Surprise,AU12,-0.45020888120617986,AU12 Lip Corner Puller
p90,standardized,participant_balanced,Anger,AU14,-0.18566875549564488,AU14 Dimpler
p90,standardized,participant_balanced,Disgust,AU14,-0.05511762276315693,AU14 Dimpler
p90,standardized,participant_balanced,Fear,AU14,-0.1722157286835371,AU14 Dimpler
p90,standardized,participant_balanced,Happiness,AU14,1.4846514838845164,AU14 Dimpler
p90,standardized,participant_balanced,Neutral,AU14,-0.4854312220464912,AU14 Dimpler
p90,standardized,participant_balanced,Sadness,AU14,-0.48202803920984527,AU14 Dimpler
p90,standardized,participant_balanced,Surprise,AU14,-0.33989424622310976,AU14 Dimpler
p90,standardized,participant_balanced,Anger,AU15,0.08216774352383924,AU15 Lip Corner Depressor
p90,standardized,participant_balanced,Disgust,AU15,0.3956314661271019,AU15 Lip Corner Depressor
p90,standardized,participant_balanced,Fear,AU15,-0.3360227883048527,AU15 Lip Corner Depressor
p90,standardized,participant_balanced,Happiness,AU15,-0.5003274428524392,AU15 Lip Corner Depressor
p90,standardized,participant_balanced,Neutral,AU15,-0.5423217699445008,AU15 Lip Corner Depressor
p90,standardized,participant_balanced,Sadness,AU15,1.6653084404016953,AU15 Lip Corner Depressor
p90,standardized,participant_balanced,Surprise,AU15,-0.4556465793032464,AU15 Lip Corner Depressor
p90,standardized,participant_balanced,Anger,AU16,-0.25943939922447457,AU16 Lower Lip Depressor
p90,standardized,participant_balanced,Disgust,AU16,0.2338468519287529,AU16 Lower Lip Depressor
p90,standardized,participant_balanced,Fear,AU16,0.34153899947346034,AU16 Lower Lip Depressor
p90,standardized,participant_balanced,Happiness,AU16,0.7383692202641632,AU16 Lower Lip Depressor
p90,standardized,participant_balanced,Neutral,AU16,-0.4450974500989397,AU16 Lower Lip Depressor
p90,standardized,participant_balanced,Sadness,AU16,-0.34801572646292955,AU16 Lower Lip Depressor
p90,standardized,participant_balanced,Surprise,AU16,-0.3266485517523219,AU16 Lower Lip Depressor
p90,standardized,participant_balanced,Anger,AU17,0.9390192107729969,AU17 Chin Raiser
p90,standardized,participant_balanced,Disgust,AU17,0.6391648842363189,AU17 Chin Raiser
p90,standardized,participant_balanced,Fear,AU17,-0.5219951022396573,AU17 Chin Raiser
p90,standardized,participant_balanced,Happiness,AU17,-0.37194026233838023,AU17 Chin Raiser
p90,standardized,participant_balanced,Neutral,AU17,-0.7292189886811397,AU17 Chin Raiser
p90,standardized,participant_balanced,Sadness,AU17,1.2109278966418227,AU17 Chin Raiser
p90,standardized,participant_balanced,Surprise,AU17,-0.535047176734608,AU17 Chin Raiser
p90,standardized,participant_balanced,Anger,AU18,0.5203620063444785,AU18 Lip Puckerer
p90,standardized,participant_balanced,Disgust,AU18,0.3412969515401774,AU18 Lip Puckerer
p90,standardized,participant_balanced,Fear,AU18,-0.3914894510941222,AU18 Lip Puckerer
p90,standardized,participant_balanced,Happiness,AU18,-0.44193482979339105,AU18 Lip Puckerer
p90,standardized,participant_balanced,Neutral,AU18,-0.48831497863922313,AU18 Lip Puckerer
p90,standardized,participant_balanced,Sadness,AU18,0.13131271861890417,AU18 Lip Puckerer
p90,standardized,participant_balanced,Surprise,AU18,0.5742055017221142,AU18 Lip Puckerer
p90,standardized,participant_balanced,Anger,AU20,-0.19978812498107157,AU20 Lip Stretcher
p90,standardized,participant_balanced,Disgust,AU20,0.2918440116703113,AU20 Lip Stretcher
p90,standardized,participant_balanced,Fear,AU20,0.2957533815382221,AU20 Lip Stretcher
p90,standardized,participant_balanced,Happiness,AU20,0.381121017301281,AU20 Lip Stretcher
p90,standardized,participant_balanced,Neutral,AU20,-0.46441457519760543,AU20 Lip Stretcher
p90,standardized,participant_balanced,Sadness,AU20,0.11512217981885463,AU20 Lip Stretcher
p90,standardized,participant_balanced,Surprise,AU20,-0.3871580790215292,AU20 Lip Stretcher
p90,standardized,participant_balanced,Anger,AU22,-0.13428337824280553,AU22 Lip Funneler
p90,standardized,participant_balanced,Disgust,AU22,-0.21167434309367594,AU22 Lip Funneler
p90,standardized,participant_balanced,Fear,AU22,-0.2578478641556871,AU22 Lip Funneler
p90,standardized,participant_balanced,Happiness,AU22,-0.28120162847459895,AU22 Lip Funneler
p90,standardized,participant_balanced,Neutral,AU22,-0.28920945815156046,AU22 Lip Funneler
p90,standardized,participant_balanced,Sadness,AU22,0.6162289613279721,AU22 Lip Funneler
p90,standardized,participant_balanced,Surprise,AU22,0.28070486835871455,AU22 Lip Funneler
p90,standardized,participant_balanced,Anger,AU23,0.4627396606147021,AU23 Lip Tightener
p90,standardized,participant_balanced,Disgust,AU23,-0.0714929636958819,AU23 Lip Tightener
p90,standardized,participant_balanced,Fear,AU23,-0.3441593899963375,AU23 Lip Tightener
p90,standardized,participant_balanced,Happiness,AU23,-0.38972467205866096,AU23 Lip Tightener
p90,standardized,participant_balanced,Neutral,AU23,-0.4125742037456439,AU23 Lip Tightener
p90,standardized,participant_balanced,Sadness,AU23,0.5201846216314984,AU23 Lip Tightener
p90,standardized,participant_balanced,Surprise,AU23,0.2607725284479336,AU23 Lip Tightener
p90,standardized,participant_balanced,Anger,AU24,0.23125656161871008,AU24 Lip Pressor
p90,standardized,participant_balanced,Disgust,AU24,0.7661181763541924,AU24 Lip Pressor
p90,standardized,participant_balanced,Fear,AU24,-0.18203197022023362,AU24 Lip Pressor
p90,standardized,participant_balanced,Happiness,AU24,-0.2053026494150783,AU24 Lip Pressor
p90,standardized,participant_balanced,Neutral,AU24,-0.23117152418672593,AU24 Lip Pressor
p90,standardized,participant_balanced,Sadness,AU24,0.20824298092900836,AU24 Lip Pressor
p90,standardized,participant_balanced,Surprise,AU24,-0.14138566782602,AU24 Lip Pressor
p90,standardized,participant_balanced,Anger,AU26,-0.5148460399073987,AU26 Jaw Drop
p90,standardized,participant_balanced,Disgust,AU26,-0.12988748065041808,AU26 Jaw Drop
p90,standardized,participant_balanced,Fear,AU26,0.5215976432578296,AU26 Jaw Drop
p90,standardized,participant_balanced,Happiness,AU26,-0.24604252105230776,AU26 Jaw Drop
p90,standardized,participant_balanced,Neutral,AU26,-0.6932701971577052,AU26 Jaw Drop
p90,standardized,participant_balanced,Sadness,AU26,-0.5146843045922488,AU26 Jaw Drop
p90,standardized,participant_balanced,Surprise,AU26,1.4735100052366226,AU26 Jaw Drop
p90,standardized,participant_balanced,Anger,AU28,0.7569996265850171,AU28 Lip Suck
p90,standardized,participant_balanced,Disgust,AU28,0.5368516108881507,AU28 Lip Suck
p90,standardized,participant_balanced,Fear,AU28,-0.41795835644749324,AU28 Lip Suck
p90,standardized,participant_balanced,Happiness,AU28,1.0673421997605277,AU28 Lip Suck
p90,standardized,participant_balanced,Neutral,AU28,-0.6330089922514996,AU28 Lip Suck
p90,standardized,participant_balanced,Sadness,AU28,-0.37912405155629597,AU28 Lip Suck
p90,standardized,participant_balanced,Surprise,AU28,-0.5423250259514016,AU28 Lip Suck
p90,standardized,participant_balanced,Anger,AU43,0.28318147110997094,AU43 Eyes Closed
p90,standardized,participant_balanced,Disgust,AU43,0.7454302387784509,AU43 Eyes Closed
p90,standardized,participant_balanced,Fear,AU43,-0.23413125122763262,AU43 Eyes Closed
p90,standardized,participant_balanced,Happiness,AU43,-0.22901619407834703,AU43 Eyes Closed
p90,standardized,participant_balanced,Neutral,AU43,-0.2770361706992058,AU43 Eyes Closed
p90,standardized,participant_balanced,Sadness,AU43,0.4044744353782843,AU43 Eyes Closed
p90,standardized,participant_balanced,Surprise,AU43,-0.11991086183285139,AU43 Eyes Closed
p90,standardized,participant_balanced,Anger,AD29,-0.05937323602932508,AD29 Jaw Thrust
p90,standardized,participant_balanced,Disgust,AD29,-0.05248126851370487,AD29 Jaw Thrust
p90,standardized,participant_balanced,Fear,AD29,0.05020559877441444,AD29 Jaw Thrust
p90,standardized,participant_balanced,Happiness,AD29,-0.4269581270192202,AD29 Jaw Thrust
p90,standardized,participant_balanced,Neutral,AD29,-0.5113156773064644,AD29 Jaw Thrust
p90,standardized,participant_balanced,Sadness,AD29,0.20958986119658132,AD29 Jaw Thrust
p90,standardized,participant_balanced,Surprise,AD29,0.8704896102981855,AD29 Jaw Thrust
p90,standardized,participant_balanced,Anger,AD30,0.23884702655388995,AD30 Jaw Sideways
p90,standardized,participant_balanced,Disgust,AD30,-0.01113345411605598,AD30 Jaw Sideways
p90,standardized,participant_balanced,Fear,AD30,-0.31302839119922704,AD30 Jaw Sideways
p90,standardized,participant_balanced,Happiness,AD30,-0.30548460991430076,AD30 Jaw Sideways
p90,standardized,participant_balanced,Neutral,AD30,-0.4628662375883774,AD30 Jaw Sideways
p90,standardized,participant_balanced,Sadness,AD30,0.4162607914992658,AD30 Jaw Sideways
p90,standardized,participant_balanced,Surprise,AD30,0.34743201758448333,AD30 Jaw Sideways
p90,standardized,participant_balanced,Anger,AD34,0.34439821099957174,AD34 Cheek Puff
p90,standardized,participant_balanced,Disgust,AD34,-0.06635095340008522,AD34 Cheek Puff
p90,standardized,participant_balanced,Fear,AD34,-0.26524873709850716,AD34 Cheek Puff
p90,standardized,participant_balanced,Happiness,AD34,-0.27870766342447856,AD34 Cheek Puff
p90,standardized,participant_balanced,Neutral,AD34,-0.3068909664247965,AD34 Cheek Puff
p90,standardized,participant_balanced,Sadness,AD34,0.4764391361375493,AD34 Cheek Puff
p90,standardized,participant_balanced,Surprise,AD34,0.016844466355864993,AD34 Cheek Puff
p90,standardized,participant_balanced,Anger,AD35,-0.10704403954945113,AD35 Cheek Suck
p90,standardized,participant_balanced,Disgust,AD35,-0.09971998640856213,AD35 Cheek Suck
p90,standardized,participant_balanced,Fear,AD35,-0.09772127821491357,AD35 Cheek Suck
p90,standardized,participant_balanced,Happiness,AD35,-0.1070427052547545,AD35 Cheek Suck
p90,standardized,participant_balanced,Neutral,AD35,-0.107197884135849,AD35 Cheek Suck
p90,standardized,participant_balanced,Sadness,AD35,-0.10723924915085761,AD35 Cheek Suck
p90,standardized,participant_balanced,Surprise,AD35,0.5103005565127448,AD35 Cheek Suck
p90,standardized,participant_balanced,Anger,EYE61,-0.05099788592985911,EYE61 Eyes Turn Left
p90,standardized,participant_balanced,Disgust,EYE61,9.860832349767312e-05,EYE61 Eyes Turn Left
p90,standardized,participant_balanced,Fear,EYE61,0.05866956990107916,EYE61 Eyes Turn Left
p90,standardized,participant_balanced,Happiness,EYE61,-0.014325865296447336,EYE61 Eyes Turn Left
p90,standardized,participant_balanced,Neutral,EYE61,0.11026355733076383,EYE61 Eyes Turn Left
p90,standardized,participant_balanced,Sadness,EYE61,0.010963382487286575,EYE61 Eyes Turn Left
p90,standardized,participant_balanced,Surprise,EYE61,-0.021335320134344055,EYE61 Eyes Turn Left
p90,standardized,participant_balanced,Anger,EYE62,-0.09218643424622706,EYE62 Eyes Turn Right
p90,standardized,participant_balanced,Disgust,EYE62,-0.04135316229240934,EYE62 Eyes Turn Right
p90,standardized,participant_balanced,Fear,EYE62,-0.054958224607423264,EYE62 Eyes Turn Right
p90,standardized,participant_balanced,Happiness,EYE62,0.047602750904361314,EYE62 Eyes Turn Right
p90,standardized,participant_balanced,Neutral,EYE62,-0.053517350729153174,EYE62 Eyes Turn Right
p90,standardized,participant_balanced,Sadness,EYE62,-0.015971728405701706,EYE62 Eyes Turn Right
p90,standardized,participant_balanced,Surprise,EYE62,0.03457215716669344,EYE62 Eyes Turn Right
p90,standardized,participant_balanced,Anger,EYE63,0.22547887931624105,EYE63 Eyes Up
p90,standardized,participant_balanced,Disgust,EYE63,-0.027570565729323163,EYE63 Eyes Up
p90,standardized,participant_balanced,Fear,EYE63,-0.09566756111549225,EYE63 Eyes Up
p90,standardized,participant_balanced,Happiness,EYE63,0.05635299588586051,EYE63 Eyes Up
p90,standardized,participant_balanced,Neutral,EYE63,0.03290771251768601,EYE63 Eyes Up
p90,standardized,participant_balanced,Sadness,EYE63,-0.07708769762779916,EYE63 Eyes Up
p90,standardized,participant_balanced,Surprise,EYE63,-0.12864309672968316,EYE63 Eyes Up
p90,standardized,participant_balanced,Anger,EYE64,0.610930545581766,EYE64 Eyes Down
p90,standardized,participant_balanced,Disgust,EYE64,0.8224365930137576,EYE64 Eyes Down
p90,standardized,participant_balanced,Fear,EYE64,-0.41500152766876763,EYE64 Eyes Down
p90,standardized,participant_balanced,Happiness,EYE64,-0.05566666817744389,EYE64 Eyes Down
p90,standardized,participant_balanced,Neutral,EYE64,-0.34548692701133943,EYE64 Eyes Down
p90,standardized,participant_balanced,Sadness,EYE64,0.24604038056189986,EYE64 Eyes Down
p90,standardized,participant_balanced,Surprise,EYE64,-0.35115320463186994,EYE64 Eyes Down
p90,standardized,participant_balanced,Anger,UNMAPPED_MouthLeft,0.5039478308100811,MouthLeft (unmapped)
p90,standardized,participant_balanced,Disgust,UNMAPPED_MouthLeft,0.6556455175989904,MouthLeft (unmapped)
p90,standardized,participant_balanced,Fear,UNMAPPED_MouthLeft,-0.25075411778435536,MouthLeft (unmapped)
p90,standardized,participant_balanced,Happiness,UNMAPPED_MouthLeft,0.12451310770233863,MouthLeft (unmapped)
p90,standardized,participant_balanced,Neutral,UNMAPPED_MouthLeft,-0.45107358964840244,MouthLeft (unmapped)
p90,standardized,participant_balanced,Sadness,UNMAPPED_MouthLeft,-0.20314529588123253,MouthLeft (unmapped)
p90,standardized,participant_balanced,Surprise,UNMAPPED_MouthLeft,-0.21704741284595183,MouthLeft (unmapped)
p90,standardized,participant_balanced,Anger,UNMAPPED_MouthRight,0.17081257599790606,MouthRight (unmapped)
p90,standardized,participant_balanced,Disgust,UNMAPPED_MouthRight,0.20949534304061676,MouthRight (unmapped)
p90,standardized,participant_balanced,Fear,UNMAPPED_MouthRight,-0.14570848788089563,MouthRight (unmapped)
p90,standardized,participant_balanced,Happiness,UNMAPPED_MouthRight,0.04892229850943805,MouthRight (unmapped)
p90,standardized,participant_balanced,Neutral,UNMAPPED_MouthRight,-0.2486310583042779,MouthRight (unmapped)
p90,standardized,participant_balanced,Sadness,UNMAPPED_MouthRight,-0.23082293167809262,MouthRight (unmapped)
p90,standardized,participant_balanced,Surprise,UNMAPPED_MouthRight,0.11623671690670798,MouthRight (unmapped)
p90,neutral_centered,sample_weighted,Anger,AU1,0.06642787007985196,AU1 Inner Brow Raiser
p90,neutral_centered,sample_weighted,Disgust,AU1,0.06692138495249766,AU1 Inner Brow Raiser
p90,neutral_centered,sample_weighted,Fear,AU1,0.24154515415779101,AU1 Inner Brow Raiser
p90,neutral_centered,sample_weighted,Happiness,AU1,0.04209504303151575,AU1 Inner Brow Raiser
p90,neutral_centered,sample_weighted,Neutral,AU1,1.3605674321386722e-19,AU1 Inner Brow Raiser
p90,neutral_centered,sample_weighted,Sadness,AU1,0.10213673159915257,AU1 Inner Brow Raiser
p90,neutral_centered,sample_weighted,Surprise,AU1,0.2936361630358242,AU1 Inner Brow Raiser
p90,neutral_centered,sample_weighted,Anger,AU2,0.012662945780131604,AU2 Outer Brow Raiser
p90,neutral_centered,sample_weighted,Disgust,AU2,0.026085244115794756,AU2 Outer Brow Raiser
p90,neutral_centered,sample_weighted,Fear,AU2,0.23396354427594007,AU2 Outer Brow Raiser
p90,neutral_centered,sample_weighted,Happiness,AU2,0.035772108927801596,AU2 Outer Brow Raiser
p90,neutral_centered,sample_weighted,Neutral,AU2,-1.8140899095182297e-19,AU2 Outer Brow Raiser
p90,neutral_centered,sample_weighted,Sadness,AU2,0.02919555568099749,AU2 Outer Brow Raiser
p90,neutral_centered,sample_weighted,Surprise,AU2,0.29963638772492374,AU2 Outer Brow Raiser
p90,neutral_centered,sample_weighted,Anger,AU4,0.39268918597858943,AU4 Brow Lowerer
p90,neutral_centered,sample_weighted,Disgust,AU4,0.3768555565372107,AU4 Brow Lowerer
p90,neutral_centered,sample_weighted,Fear,AU4,0.05919851616727676,AU4 Brow Lowerer
p90,neutral_centered,sample_weighted,Happiness,AU4,0.04034557698828792,AU4 Brow Lowerer
p90,neutral_centered,sample_weighted,Neutral,AU4,1.0204255741040042e-19,AU4 Brow Lowerer
p90,neutral_centered,sample_weighted,Sadness,AU4,0.1857986994073739,AU4 Brow Lowerer
p90,neutral_centered,sample_weighted,Surprise,AU4,0.016662438558632697,AU4 Brow Lowerer
p90,neutral_centered,sample_weighted,Anger,AU5,0.07543518479414021,AU5 Upper Lid Raiser
p90,neutral_centered,sample_weighted,Disgust,AU5,0.014114141228109032,AU5 Upper Lid Raiser
p90,neutral_centered,sample_weighted,Fear,AU5,0.2806603903805803,AU5 Upper Lid Raiser
p90,neutral_centered,sample_weighted,Happiness,AU5,0.034677324947860716,AU5 Upper Lid Raiser
p90,neutral_centered,sample_weighted,Neutral,AU5,5.442269728554689e-19,AU5 Upper Lid Raiser
p90,neutral_centered,sample_weighted,Sadness,AU5,0.025118356477164032,AU5 Upper Lid Raiser
p90,neutral_centered,sample_weighted,Surprise,AU5,0.22588450037347005,AU5 Upper Lid Raiser
p90,neutral_centered,sample_weighted,Anger,AU6,0.24288852411623496,AU6 Cheek Raiser
p90,neutral_centered,sample_weighted,Disgust,AU6,0.32071516143849577,AU6 Cheek Raiser
p90,neutral_centered,sample_weighted,Fear,AU6,0.02115852958504463,AU6 Cheek Raiser
p90,neutral_centered,sample_weighted,Happiness,AU6,0.5003508188694082,AU6 Cheek Raiser
p90,neutral_centered,sample_weighted,Neutral,AU6,-5.21550848986491e-19,AU6 Cheek Raiser
p90,neutral_centered,sample_weighted,Sadness,AU6,0.07787416559466888,AU6 Cheek Raiser
p90,neutral_centered,sample_weighted,Surprise,AU6,0.012387222033898327,AU6 Cheek Raiser
p90,neutral_centered,sample_weighted,Anger,AU7,0.3543946904249265,AU7 Lid Tightener
p90,neutral_centered,sample_weighted,Disgust,AU7,0.3525297598442987,AU7 Lid Tightener
p90,neutral_centered,sample_weighted,Fear,AU7,0.04926699410711856,AU7 Lid Tightener
p90,neutral_centered,sample_weighted,Happiness,AU7,0.2214780563566599,AU7 Lid Tightener
p90,neutral_centered,sample_weighted,Neutral,AU7,4.535224773795574e-20,AU7 Lid Tightener
p90,neutral_centered,sample_weighted,Sadness,AU7,0.10594108125096023,AU7 Lid Tightener
p90,neutral_centered,sample_weighted,Surprise,AU7,0.04298926106987452,AU7 Lid Tightener
p90,neutral_centered,sample_weighted,Anger,AU8,0.03698495008028905,AU8 Lips Toward Each Other
p90,neutral_centered,sample_weighted,Disgust,AU8,0.04869776238340013,AU8 Lips Toward Each Other
p90,neutral_centered,sample_weighted,Fear,AU8,0.031218199414311375,AU8 Lips Toward Each Other
p90,neutral_centered,sample_weighted,Happiness,AU8,0.024584862294607903,AU8 Lips Toward Each Other
p90,neutral_centered,sample_weighted,Neutral,AU8,2.097541457880453e-19,AU8 Lips Toward Each Other
p90,neutral_centered,sample_weighted,Sadness,AU8,0.03925757617480127,AU8 Lips Toward Each Other
p90,neutral_centered,sample_weighted,Surprise,AU8,0.09007687794355992,AU8 Lips Toward Each Other
p90,neutral_centered,sample_weighted,Anger,AU9,0.3766721280276629,AU9 Nose Wrinkler
p90,neutral_centered,sample_weighted,Disgust,AU9,0.5415361296565759,AU9 Nose Wrinkler
p90,neutral_centered,sample_weighted,Fear,AU9,0.03971431292104365,AU9 Nose Wrinkler
p90,neutral_centered,sample_weighted,Happiness,AU9,0.021949116610208465,AU9 Nose Wrinkler
p90,neutral_centered,sample_weighted,Neutral,AU9,1.9487293949902858e-19,AU9 Nose Wrinkler
p90,neutral_centered,sample_weighted,Sadness,AU9,0.09698603821902935,AU9 Nose Wrinkler
p90,neutral_centered,sample_weighted,Surprise,AU9,0.027658678439348154,AU9 Nose Wrinkler
p90,neutral_centered,sample_weighted,Anger,AU10,0.2555169906470178,AU10 Upper Lip Raiser
p90,neutral_centered,sample_weighted,Disgust,AU10,0.41030418054787915,AU10 Upper Lip Raiser
p90,neutral_centered,sample_weighted,Fear,AU10,0.11628294508176422,AU10 Upper Lip Raiser
p90,neutral_centered,sample_weighted,Happiness,AU10,0.35555208548682177,AU10 Upper Lip Raiser
p90,neutral_centered,sample_weighted,Neutral,AU10,-4.533010308573994e-19,AU10 Upper Lip Raiser
p90,neutral_centered,sample_weighted,Sadness,AU10,0.039738799621710806,AU10 Upper Lip Raiser
p90,neutral_centered,sample_weighted,Surprise,AU10,0.06757431979027986,AU10 Upper Lip Raiser
p90,neutral_centered,sample_weighted,Anger,AU12,0.06357584204628244,AU12 Lip Corner Puller
p90,neutral_centered,sample_weighted,Disgust,AU12,0.08228488407828416,AU12 Lip Corner Puller
p90,neutral_centered,sample_weighted,Fear,AU12,0.03306894417287614,AU12 Lip Corner Puller
p90,neutral_centered,sample_weighted,Happiness,AU12,0.7295552933217491,AU12 Lip Corner Puller
p90,neutral_centered,sample_weighted,Neutral,AU12,8.618920088911013e-19,AU12 Lip Corner Puller
p90,neutral_centered,sample_weighted,Sadness,AU12,0.009708450009459949,AU12 Lip Corner Puller
p90,neutral_centered,sample_weighted,Surprise,AU12,0.004614578974695276,AU12 Lip Corner Puller
p90,neutral_centered,sample_weighted,Anger,AU14,0.04564065556898402,AU14 Dimpler
p90,neutral_centered,sample_weighted,Disgust,AU14,0.06376242770177037,AU14 Dimpler
p90,neutral_centered,sample_weighted,Fear,AU14,0.04838289691535152,AU14 Dimpler
p90,neutral_centered,sample_weighted,Happiness,AU14,0.29116105229660205,AU14 Dimpler
p90,neutral_centered,sample_weighted,Neutral,AU14,3.7132152776318664e-19,AU14 Dimpler
p90,neutral_centered,sample_weighted,Sadness,AU14,-0.0010587717490975767,AU14 Dimpler
p90,neutral_centered,sample_weighted,Surprise,AU14,0.019325592436310577,AU14 Dimpler
p90,neutral_centered,sample_weighted,Anger,AU15,0.1733704117015262,AU15 Lip Corner Depressor
p90,neutral_centered,sample_weighted,Disgust,AU15,0.2440512618403258,AU15 Lip Corner Depressor
p90,neutral_centered,sample_weighted,Fear,AU15,0.059856719467495816,AU15 Lip Corner Depressor
p90,neutral_centered,sample_weighted,Happiness,AU15,0.012018620549336783,AU15 Lip Corner Depressor
p90,neutral_centered,sample_weighted,Neutral,AU15,2.5227187804237883e-19,AU15 Lip Corner Depressor
p90,neutral_centered,sample_weighted,Sadness,AU15,0.5930101017730074,AU15 Lip Corner Depressor
p90,neutral_centered,sample_weighted,Surprise,AU15,0.025751516491337535,AU15 Lip Corner Depressor
p90,neutral_centered,sample_weighted,Anger,AU16,0.036220763812392615,AU16 Lower Lip Depressor
p90,neutral_centered,sample_weighted,Disgust,AU16,0.12435362055440288,AU16 Lower Lip Depressor
p90,neutral_centered,sample_weighted,Fear,AU16,0.1436294019999179,AU16 Lower Lip Depressor
p90,neutral_centered,sample_weighted,Happiness,AU16,0.1926445399387679,AU16 Lower Lip Depressor
p90,neutral_centered,sample_weighted,Neutral,AU16,-3.5147991996903326e-19,AU16 Lower Lip Depressor
p90,neutral_centered,sample_weighted,Sadness,AU16,0.018126197672746782,AU16 Lower Lip Depressor
p90,neutral_centered,sample_weighted,Surprise,AU16,0.019520102668239944,AU16 Lower Lip Depressor
p90,neutral_centered,sample_weighted,Anger,AU17,0.4629920429861357,AU17 Chin Raiser
p90,neutral_centered,sample_weighted,Disgust,AU17,0.33337388115040895,AU17 Chin Raiser
p90,neutral_centered,sample_weighted,Fear,AU17,0.04246261479535839,AU17 Chin Raiser
p90,neutral_centered,sample_weighted,Happiness,AU17,0.09355565752999753,AU17 Chin Raiser
p90,neutral_centered,sample_weighted,Neutral,AU17,2.8061703287860116e-19,AU17 Chin Raiser
p90,neutral_centered,sample_weighted,Sadness,AU17,0.52371216463386,AU17 Chin Raiser
p90,neutral_centered,sample_weighted,Surprise,AU17,0.052078485337041146,AU17 Chin Raiser
p90,neutral_centered,sample_weighted,Anger,AU18,0.19555333606699882,AU18 Lip Puckerer
p90,neutral_centered,sample_weighted,Disgust,AU18,0.11669769230697803,AU18 Lip Puckerer
p90,neutral_centered,sample_weighted,Fear,AU18,0.014560235271648882,AU18 Lip Puckerer
p90,neutral_centered,sample_weighted,Happiness,AU18,0.00824048117141708,AU18 Lip Puckerer
p90,neutral_centered,sample_weighted,Neutral,AU18,5.4564423059728e-20,AU18 Lip Puckerer
p90,neutral_centered,sample_weighted,Sadness,AU18,0.1046866412672344,AU18 Lip Puckerer
p90,neutral_centered,sample_weighted,Surprise,AU18,0.18657706325012152,AU18 Lip Puckerer
p90,neutral_centered,sample_weighted,Anger,AU20,0.04641419046557699,AU20 Lip Stretcher
p90,neutral_centered,sample_weighted,Disgust,AU20,0.10636038036269399,AU20 Lip Stretcher
p90,neutral_centered,sample_weighted,Fear,AU20,0.11766363985235884,AU20 Lip Stretcher
p90,neutral_centered,sample_weighted,Happiness,AU20,0.10757251117789454,AU20 Lip Stretcher
p90,neutral_centered,sample_weighted,Neutral,AU20,1.0771158837764489e-19,AU20 Lip Stretcher
p90,neutral_centered,sample_weighted,Sadness,AU20,0.08059677516114222,AU20 Lip Stretcher
p90,neutral_centered,sample_weighted,Surprise,AU20,0.01051237818610587,AU20 Lip Stretcher
p90,neutral_centered,sample_weighted,Anger,AU22,0.014674428560883223,AU22 Lip Funneler
p90,neutral_centered,sample_weighted,Disgust,AU22,0.006954278798123075,AU22 Lip Funneler
p90,neutral_centered,sample_weighted,Fear,AU22,0.0030567558680311474,AU22 Lip Funneler
p90,neutral_centered,sample_weighted,Happiness,AU22,0.0007205417191870611,AU22 Lip Funneler
p90,neutral_centered,sample_weighted,Neutral,AU22,-3.8841719986510923e-20,AU22 Lip Funneler
p90,neutral_centered,sample_weighted,Sadness,AU22,0.09887217447547524,AU22 Lip Funneler
p90,neutral_centered,sample_weighted,Surprise,AU22,0.053846738007759326,AU22 Lip Funneler
p90,neutral_centered,sample_weighted,Anger,AU23,0.11913575005170855,AU23 Lip Tightener
p90,neutral_centered,sample_weighted,Disgust,AU23,0.03217368902463851,AU23 Lip Tightener
p90,neutral_centered,sample_weighted,Fear,AU23,0.0076250889383647725,AU23 Lip Tightener
p90,neutral_centered,sample_weighted,Happiness,AU23,0.002633178281542379,AU23 Lip Tightener
p90,neutral_centered,sample_weighted,Neutral,AU23,-5.695604549903426e-20,AU23 Lip Tightener
p90,neutral_centered,sample_weighted,Sadness,AU23,0.11637359010278114,AU23 Lip Tightener
p90,neutral_centered,sample_weighted,Surprise,AU23,0.07676622590703494,AU23 Lip Tightener
p90,neutral_centered,sample_weighted,Anger,AU24,0.027610722959161386,AU24 Lip Pressor
p90,neutral_centered,sample_weighted,Disgust,AU24,0.03794240975400218,AU24 Lip Pressor
p90,neutral_centered,sample_weighted,Fear,AU24,0.0021992576672920025,AU24 Lip Pressor
p90,neutral_centered,sample_weighted,Happiness,AU24,0.001339349489051378,AU24 Lip Pressor
p90,neutral_centered,sample_weighted,Neutral,AU24,5.181848666014165e-21,AU24 Lip Pressor
p90,neutral_centered,sample_weighted,Sadness,AU24,0.022015958126612202,AU24 Lip Pressor
p90,neutral_centered,sample_weighted,Surprise,AU24,0.004501188082119236,AU24 Lip Pressor
p90,neutral_centered,sample_weighted,Anger,AU26,0.046845053620037984,AU26 Jaw Drop
p90,neutral_centered,sample_weighted,Disgust,AU26,0.12428019843404842,AU26 Jaw Drop
p90,neutral_centered,sample_weighted,Fear,AU26,0.27443712257469355,AU26 Jaw Drop
p90,neutral_centered,sample_weighted,Happiness,AU26,0.10374279733355268,AU26 Jaw Drop
p90,neutral_centered,sample_weighted,Neutral,AU26,6.632766231676027e-19,AU26 Jaw Drop
p90,neutral_centered,sample_weighted,Sadness,AU26,0.042463250844107785,AU26 Jaw Drop
p90,neutral_centered,sample_weighted,Surprise,AU26,0.4990376717687548,AU26 Jaw Drop
p90,neutral_centered,sample_weighted,Anger,AU28,0.13332587277392466,AU28 Lip Suck
p90,neutral_centered,sample_weighted,Disgust,AU28,0.11872470895476947,AU28 Lip Suck
p90,neutral_centered,sample_weighted,Fear,AU28,0.01897463595687847,AU28 Lip Suck
p90,neutral_centered,sample_weighted,Happiness,AU28,0.173920149924392,AU28 Lip Suck
p90,neutral_centered,sample_weighted,Neutral,AU28,-4.400585288323518e-19,AU28 Lip Suck
p90,neutral_centered,sample_weighted,Sadness,AU28,0.022288557127434105,AU28 Lip Suck
p90,neutral_centered,sample_weighted,Surprise,AU28,0.009667566988927049,AU28 Lip Suck
p90,neutral_centered,sample_weighted,Anger,AU43,0.11706886439783361,AU43 Eyes Closed
p90,neutral_centered,sample_weighted,Disgust,AU43,0.16567576574652712,AU43 Eyes Closed
p90,neutral_centered,sample_weighted,Fear,AU43,0.004118675130474289,AU43 Eyes Closed
p90,neutral_centered,sample_weighted,Happiness,AU43,0.012291389625547539,AU43 Eyes Closed
p90,neutral_centered,sample_weighted,Neutral,AU43,-2.18257692238912e-19,AU43 Eyes Closed
p90,neutral_centered,sample_weighted,Sadness,AU43,0.11672162269075695,AU43 Eyes Closed
p90,neutral_centered,sample_weighted,Surprise,AU43,0.023882064450632852,AU43 Eyes Closed
p90,neutral_centered,sample_weighted,Anger,AD29,0.05065373088045241,AD29 Jaw Thrust
p90,neutral_centered,sample_weighted,Disgust,AD29,0.05052653661727551,AD29 Jaw Thrust
p90,neutral_centered,sample_weighted,Fear,AD29,0.060251163235429166,AD29 Jaw Thrust
p90,neutral_centered,sample_weighted,Happiness,AD29,0.00821377551712596,AD29 Jaw Thrust
p90,neutral_centered,sample_weighted,Neutral,AD29,3.330555693256125e-19,AD29 Jaw Thrust
p90,neutral_centered,sample_weighted,Sadness,AD29,0.10489705380078068,AD29 Jaw Thrust
p90,neutral_centered,sample_weighted,Surprise,AD29,0.1644550289861599,AD29 Jaw Thrust
p90,neutral_centered,sample_weighted,Anger,AD30,0.027500610506949907,AD30 Jaw Sideways
p90,neutral_centered,sample_weighted,Disgust,AD30,0.0148139214560492,AD30 Jaw Sideways
p90,neutral_centered,sample_weighted,Fear,AD30,0.005148511696487593,AD30 Jaw Sideways
p90,neutral_centered,sample_weighted,Happiness,AD30,0.005146053873785992,AD30 Jaw Sideways
p90,neutral_centered,sample_weighted,Neutral,AD30,4.960402096338909e-21,AD30 Jaw Sideways
p90,neutral_centered,sample_weighted,Sadness,AD30,0.032470624287371165,AD30 Jaw Sideways
p90,neutral_centered,sample_weighted,Surprise,AD30,0.02792477095844847,AD30 Jaw Sideways
p90,neutral_centered,sample_weighted,Anger,AD34,0.01913712085969105,AD34 Cheek Puff
p90,neutral_centered,sample_weighted,Disgust,AD34,0.006064233847164804,AD34 Cheek Puff
p90,neutral_centered,sample_weighted,Fear,AD34,0.0007209930490679449,AD34 Cheek Puff
p90,neutral_centered,sample_weighted,Happiness,AD34,0.0006501473841082776,AD34 Cheek Puff
p90,neutral_centered,sample_weighted,Neutral,AD34,-2.879912020664621e-20,AD34 Cheek Puff
p90,neutral_centered,sample_weighted,Sadness,AD34,0.021570347813553492,AD34 Cheek Puff
p90,neutral_centered,sample_weighted,Surprise,AD34,0.008488167518009506,AD34 Cheek Puff
p90,neutral_centered,sample_weighted,Anger,AD35,3.169603627341542e-06,AD35 Cheek Suck
p90,neutral_centered,sample_weighted,Disgust,AD35,0.00016544971740260715,AD35 Cheek Suck
p90,neutral_centered,sample_weighted,Fear,AD35,0.00020565415375253137,AD35 Cheek Suck
p90,neutral_centered,sample_weighted,Happiness,AD35,2.1085410481646954e-06,AD35 Cheek Suck
p90,neutral_centered,sample_weighted,Neutral,AD35,9.186564232011924e-23,AD35 Cheek Suck
p90,neutral_centered,sample_weighted,Sadness,AD35,-1.0425040567162594e-06,AD35 Cheek Suck
p90,neutral_centered,sample_weighted,Surprise,AD35,0.012206497037383218,AD35 Cheek Suck
p90,neutral_centered,sample_weighted,Anger,EYE61,-0.02827561121275724,EYE61 Eyes Turn Left
p90,neutral_centered,sample_weighted,Disgust,EYE61,-0.01839309602550711,EYE61 Eyes Turn Left
p90,neutral_centered,sample_weighted,Fear,EYE61,-0.013461166419751829,EYE61 Eyes Turn Left
p90,neutral_centered,sample_weighted,Happiness,EYE61,-0.017192357463045874,EYE61 Eyes Turn Left
p90,neutral_centered,sample_weighted,Neutral,EYE61,-1.3605674321386722e-19,EYE61 Eyes Turn Left
p90,neutral_centered,sample_weighted,Sadness,EYE61,-0.017824194318741004,EYE61 Eyes Turn Left
p90,neutral_centered,sample_weighted,Surprise,EYE61,-0.019381742352033913,EYE61 Eyes Turn Left
p90,neutral_centered,sample_weighted,Anger,EYE62,0.0017283169779555923,EYE62 Eyes Turn Right
p90,neutral_centered,sample_weighted,Disgust,EYE62,-0.0009684592676641264,EYE62 Eyes Turn Right
p90,neutral_centered,sample_weighted,Fear,EYE62,0.0034038395470467626,EYE62 Eyes Turn Right
p90,neutral_centered,sample_weighted,Happiness,EYE62,0.013342741796366608,EYE62 Eyes Turn Right
p90,neutral_centered,sample_weighted,Neutral,EYE62,1.5873286708284509e-18,EYE62 Eyes Turn Right
p90,neutral_centered,sample_weighted,Sadness,EYE62,0.0021614251286419324,EYE62 Eyes Turn Right
p90,neutral_centered,sample_weighted,Surprise,EYE62,0.014431988016425859,EYE62 Eyes Turn Right
p90,neutral_centered,sample_weighted,Anger,EYE63,0.03422708149930879,EYE63 Eyes Up
p90,neutral_centered,sample_weighted,Disgust,EYE63,-0.009267337618874282,EYE63 Eyes Up
p90,neutral_centered,sample_weighted,Fear,EYE63,-0.030150305027487924,EYE63 Eyes Up
p90,neutral_centered,sample_weighted,Happiness,EYE63,0.00515946019697007,EYE63 Eyes Up
p90,neutral_centered,sample_weighted,Neutral,EYE63,2.5397258733255213e-18,EYE63 Eyes Up
p90,neutral_centered,sample_weighted,Sadness,EYE63,-0.02216725446248273,EYE63 Eyes Up
p90,neutral_centered,sample_weighted,Surprise,EYE63,-0.022797931878848994,EYE63 Eyes Up
p90,neutral_centered,sample_weighted,Anger,EYE64,0.09702147047818481,EYE64 Eyes Down
p90,neutral_centered,sample_weighted,Disgust,EYE64,0.12107660277176537,EYE64 Eyes Down
p90,neutral_centered,sample_weighted,Fear,EYE64,-0.0035593600410657763,EYE64 Eyes Down
p90,neutral_centered,sample_weighted,Happiness,EYE64,0.031775821086960504,EYE64 Eyes Down
p90,neutral_centered,sample_weighted,Neutral,EYE64,-3.7982507480537933e-19,EYE64 Eyes Down
p90,neutral_centered,sample_weighted,Sadness,EYE64,0.051387742482446076,EYE64 Eyes Down
p90,neutral_centered,sample_weighted,Surprise,EYE64,-0.003051641911359582,EYE64 Eyes Down
p90,neutral_centered,sample_weighted,Anger,UNMAPPED_MouthLeft,0.015558864760494241,MouthLeft (unmapped)
p90,neutral_centered,sample_weighted,Disgust,UNMAPPED_MouthLeft,0.017836436996507374,MouthLeft (unmapped)
p90,neutral_centered,sample_weighted,Fear,UNMAPPED_MouthLeft,0.0027638379787930196,MouthLeft (unmapped)
p90,neutral_centered,sample_weighted,Happiness,UNMAPPED_MouthLeft,0.008990836512564285,MouthLeft (unmapped)
p90,neutral_centered,sample_weighted,Neutral,UNMAPPED_MouthLeft,-6.815016719412051e-20,MouthLeft (unmapped)
p90,neutral_centered,sample_weighted,Sadness,UNMAPPED_MouthLeft,0.0037914772224098953,MouthLeft (unmapped)
p90,neutral_centered,sample_weighted,Surprise,UNMAPPED_MouthLeft,0.004263573156406439,MouthLeft (unmapped)
p90,neutral_centered,sample_weighted,Anger,UNMAPPED_MouthRight,0.006297585233957983,MouthRight (unmapped)
p90,neutral_centered,sample_weighted,Disgust,UNMAPPED_MouthRight,0.006243966938563568,MouthRight (unmapped)
p90,neutral_centered,sample_weighted,Fear,UNMAPPED_MouthRight,0.0012584275261132035,MouthRight (unmapped)
p90,neutral_centered,sample_weighted,Happiness,UNMAPPED_MouthRight,0.003791534520464345,MouthRight (unmapped)
p90,neutral_centered,sample_weighted,Neutral,UNMAPPED_MouthRight,4.7887810416664695e-21,MouthRight (unmapped)
p90,neutral_centered,sample_weighted,Sadness,UNMAPPED_MouthRight,0.0001810098060884939,MouthRight (unmapped)
p90,neutral_centered,sample_weighted,Surprise,UNMAPPED_MouthRight,0.004897867773882547,MouthRight (unmapped)
p90,neutral_centered,participant_balanced,Anger,AU1,0.07167601135564623,AU1 Inner Brow Raiser
p90,neutral_centered,participant_balanced,Disgust,AU1,0.07143924710262736,AU1 Inner Brow Raiser
p90,neutral_centered,participant_balanced,Fear,AU1,0.22330429060551285,AU1 Inner Brow Raiser
p90,neutral_centered,participant_balanced,Happiness,AU1,0.038961635814098027,AU1 Inner Brow Raiser
p90,neutral_centered,participant_balanced,Neutral,AU1,4.3446007955026495e-19,AU1 Inner Brow Raiser
p90,neutral_centered,participant_balanced,Sadness,AU1,0.10866268736890405,AU1 Inner Brow Raiser
p90,neutral_centered,participant_balanced,Surprise,AU1,0.30457679011939626,AU1 Inner Brow Raiser
p90,neutral_centered,participant_balanced,Anger,AU2,0.011518658962896921,AU2 Outer Brow Raiser
p90,neutral_centered,participant_balanced,Disgust,AU2,0.026353102374269743,AU2 Outer Brow Raiser
p90,neutral_centered,participant_balanced,Fear,AU2,0.22365147739568245,AU2 Outer Brow Raiser
p90,neutral_centered,participant_balanced,Happiness,AU2,0.035501052792191026,AU2 Outer Brow Raiser
p90,neutral_centered,participant_balanced,Neutral,AU2,-2.6119571812909485e-19,AU2 Outer Brow Raiser
p90,neutral_centered,participant_balanced,Sadness,AU2,0.025723223464076385,AU2 Outer Brow Raiser
p90,neutral_centered,participant_balanced,Surprise,AU2,0.31191838389120147,AU2 Outer Brow Raiser
p90,neutral_centered,participant_balanced,Anger,AU4,0.3719775771078142,AU4 Brow Lowerer
p90,neutral_centered,participant_balanced,Disgust,AU4,0.390193138501852,AU4 Brow Lowerer
p90,neutral_centered,participant_balanced,Fear,AU4,0.04898830250388644,AU4 Brow Lowerer
p90,neutral_centered,participant_balanced,Happiness,AU4,0.03532770554387246,AU4 Brow Lowerer
p90,neutral_centered,participant_balanced,Neutral,AU4,6.01595067061804e-20,AU4 Brow Lowerer
p90,neutral_centered,participant_balanced,Sadness,AU4,0.21866489835772535,AU4 Brow Lowerer
p90,neutral_centered,participant_balanced,Surprise,AU4,0.016907881648731242,AU4 Brow Lowerer
p90,neutral_centered,participant_balanced,Anger,AU5,0.06033079681915965,AU5 Upper Lid Raiser
p90,neutral_centered,participant_balanced,Disgust,AU5,0.016066088807890705,AU5 Upper Lid Raiser
p90,neutral_centered,participant_balanced,Fear,AU5,0.2789560900664646,AU5 Upper Lid Raiser
p90,neutral_centered,participant_balanced,Happiness,AU5,0.031519461485477226,AU5 Upper Lid Raiser
p90,neutral_centered,participant_balanced,Neutral,AU5,3.497501321981116e-19,AU5 Upper Lid Raiser
p90,neutral_centered,participant_balanced,Sadness,AU5,0.028374887174825017,AU5 Upper Lid Raiser
p90,neutral_centered,participant_balanced,Surprise,AU5,0.2314471979903898,AU5 Upper Lid Raiser
p90,neutral_centered,participant_balanced,Anger,AU6,0.22050900673549634,AU6 Cheek Raiser
p90,neutral_centered,participant_balanced,Disgust,AU6,0.32525326510388436,AU6 Cheek Raiser
p90,neutral_centered,participant_balanced,Fear,AU6,0.020034184456728096,AU6 Cheek Raiser
p90,neutral_centered,participant_balanced,Happiness,AU6,0.500846601380396,AU6 Cheek Raiser
p90,neutral_centered,participant_balanced,Neutral,AU6,-3.7598582481550878e-19,AU6 Cheek Raiser
p90,neutral_centered,participant_balanced,Sadness,AU6,0.08808191487222546,AU6 Cheek Raiser
p90,neutral_centered,participant_balanced,Surprise,AU6,0.013652234472985868,AU6 Cheek Raiser
p90,neutral_centered,participant_balanced,Anger,AU7,0.34560968152833077,AU7 Lid Tightener
p90,neutral_centered,participant_balanced,Disgust,AU7,0.35446132570759564,AU7 Lid Tightener
p90,neutral_centered,participant_balanced,Fear,AU7,0.053048277988050736,AU7 Lid Tightener
p90,neutral_centered,participant_balanced,Happiness,AU7,0.2177809020238333,AU7 Lid Tightener
p90,neutral_centered,participant_balanced,Neutral,AU7,-4.1011228927824597e-19,AU7 Lid Tightener
p90,neutral_centered,participant_balanced,Sadness,AU7,0.1188283218781836,AU7 Lid Tightener
p90,neutral_centered,participant_balanced,Surprise,AU7,0.04160747472077178,AU7 Lid Tightener
p90,neutral_centered,participant_balanced,Anger,AU8,0.03704617443902593,AU8 Lips Toward Each Other
p90,neutral_centered,participant_balanced,Disgust,AU8,0.05563158585136964,AU8 Lips Toward Each Other
p90,neutral_centered,participant_balanced,Fear,AU8,0.03035851189126243,AU8 Lips Toward Each Other
p90,neutral_centered,participant_balanced,Happiness,AU8,0.023957265057036454,AU8 Lips Toward Each Other
p90,neutral_centered,participant_balanced,Neutral,AU8,1.932920222322702e-19,AU8 Lips Toward Each Other
p90,neutral_centered,participant_balanced,Sadness,AU8,0.03628673530163432,AU8 Lips Toward Each Other
p90,neutral_centered,participant_balanced,Surprise,AU8,0.0882082801813238,AU8 Lips Toward Each Other
p90,neutral_centered,participant_balanced,Anger,AU9,0.3286241472206479,AU9 Nose Wrinkler
p90,neutral_centered,participant_balanced,Disgust,AU9,0.5208561111423502,AU9 Nose Wrinkler
p90,neutral_centered,participant_balanced,Fear,AU9,0.03845278113766383,AU9 Nose Wrinkler
p90,neutral_centered,participant_balanced,Happiness,AU9,0.022317296014801334,AU9 Nose Wrinkler
p90,neutral_centered,participant_balanced,Neutral,AU9,1.7851144919623554e-19,AU9 Nose Wrinkler
p90,neutral_centered,participant_balanced,Sadness,AU9,0.1048263846588209,AU9 Nose Wrinkler
p90,neutral_centered,participant_balanced,Surprise,AU9,0.026576259109960157,AU9 Nose Wrinkler
p90,neutral_centered,participant_balanced,Anger,AU10,0.23969311723715345,AU10 Upper Lip Raiser
p90,neutral_centered,participant_balanced,Disgust,AU10,0.3804851304271225,AU10 Upper Lip Raiser
p90,neutral_centered,participant_balanced,Fear,AU10,0.11716411529288427,AU10 Upper Lip Raiser
p90,neutral_centered,participant_balanced,Happiness,AU10,0.3515889580741359,AU10 Upper Lip Raiser
p90,neutral_centered,participant_balanced,Neutral,AU10,-5.095052426209727e-19,AU10 Upper Lip Raiser
p90,neutral_centered,participant_balanced,Sadness,AU10,0.03999122895693536,AU10 Upper Lip Raiser
p90,neutral_centered,participant_balanced,Surprise,AU10,0.07069884759205372,AU10 Upper Lip Raiser
p90,neutral_centered,participant_balanced,Anger,AU12,0.06033328123880507,AU12 Lip Corner Puller
p90,neutral_centered,participant_balanced,Disgust,AU12,0.07757794841591827,AU12 Lip Corner Puller
p90,neutral_centered,participant_balanced,Fear,AU12,0.02792917619374512,AU12 Lip Corner Puller
p90,neutral_centered,participant_balanced,Happiness,AU12,0.7303027024826926,AU12 Lip Corner Puller
p90,neutral_centered,participant_balanced,Neutral,AU12,9.143512890094828e-19,AU12 Lip Corner Puller
p90,neutral_centered,participant_balanced,Sadness,AU12,0.010121299756861438,AU12 Lip Corner Puller
p90,neutral_centered,participant_balanced,Surprise,AU12,0.005316413934703167,AU12 Lip Corner Puller
p90,neutral_centered,participant_balanced,Anger,AU14,0.04415899736825787,AU14 Dimpler
p90,neutral_centered,participant_balanced,Disgust,AU14,0.06339091520337198,AU14 Dimpler
p90,neutral_centered,participant_balanced,Fear,AU14,0.046317644307611816,AU14 Dimpler
p90,neutral_centered,participant_balanced,Happiness,AU14,0.2902193794555701,AU14 Dimpler
p90,neutral_centered,participant_balanced,Neutral,AU14,5.812327246791701e-19,AU14 Dimpler
p90,neutral_centered,participant_balanced,Sadness,AU14,0.0001475472728457718,AU14 Dimpler
p90,neutral_centered,participant_balanced,Surprise,AU14,0.02143953179434754,AU14 Dimpler
p90,neutral_centered,participant_balanced,Anger,AU15,0.16506861645922527,AU15 Lip Corner Depressor
p90,neutral_centered,participant_balanced,Disgust,AU15,0.24792512867334462,AU15 Lip Corner Depressor
p90,neutral_centered,participant_balanced,Fear,AU15,0.05453006271334127,AU15 Lip Corner Depressor
p90,neutral_centered,participant_balanced,Happiness,AU15,0.01110017914267854,AU15 Lip Corner Depressor
p90,neutral_centered,participant_balanced,Neutral,AU15,3.8795370945742306e-19,AU15 Lip Corner Depressor
p90,neutral_centered,participant_balanced,Sadness,AU15,0.5831926005971835,AU15 Lip Corner Depressor
p90,neutral_centered,participant_balanced,Surprise,AU15,0.022910478866218435,AU15 Lip Corner Depressor
p90,neutral_centered,participant_balanced,Anger,AU16,0.031319219863281456,AU16 Lower Lip Depressor
p90,neutral_centered,participant_balanced,Disgust,AU16,0.11453317413369477,AU16 Lower Lip Depressor
p90,neutral_centered,participant_balanced,Fear,AU16,0.13241642634486658,AU16 Lower Lip Depressor
p90,neutral_centered,participant_balanced,Happiness,AU16,0.19964258310042138,AU16 Lower Lip Depressor
p90,neutral_centered,participant_balanced,Neutral,AU16,-4.64182011388251e-19,AU16 Lower Lip Depressor
p90,neutral_centered,participant_balanced,Sadness,AU16,0.016364055821667722,AU16 Lower Lip Depressor
p90,neutral_centered,participant_balanced,Surprise,AU16,0.0199815040199338,AU16 Lower Lip Depressor
p90,neutral_centered,participant_balanced,Anger,AU17,0.4335676301131166,AU17 Chin Raiser
p90,neutral_centered,participant_balanced,Disgust,AU17,0.3556368347517518,AU17 Chin Raiser
p90,neutral_centered,participant_balanced,Fear,AU17,0.053472943226182394,AU17 Chin Raiser
p90,neutral_centered,participant_balanced,Happiness,AU17,0.09285513946446566,AU17 Chin Raiser
p90,neutral_centered,participant_balanced,Neutral,AU17,5.411319024256992e-19,AU17 Chin Raiser
p90,neutral_centered,participant_balanced,Sadness,AU17,0.5052804176640886,AU17 Chin Raiser
p90,neutral_centered,participant_balanced,Surprise,AU17,0.050464383544252936,AU17 Chin Raiser
p90,neutral_centered,participant_balanced,Anger,AU18,0.16954560132821628,AU18 Lip Puckerer
p90,neutral_centered,participant_balanced,Disgust,AU18,0.1394470734093347,AU18 Lip Puckerer
p90,neutral_centered,participant_balanced,Fear,AU18,0.016206543617717412,AU18 Lip Puckerer
p90,neutral_centered,participant_balanced,Happiness,AU18,0.00779590527277256,AU18 Lip Puckerer
p90,neutral_centered,participant_balanced,Neutral,AU18,3.357614164921267e-20,AU18 Lip Puckerer
p90,neutral_centered,participant_balanced,Sadness,AU18,0.10417739923182047,AU18 Lip Puckerer
p90,neutral_centered,participant_balanced,Surprise,AU18,0.1785959989652376,AU18 Lip Puckerer
p90,neutral_centered,participant_balanced,Anger,AU20,0.03619934774435825,AU20 Lip Stretcher
p90,neutral_centered,participant_balanced,Disgust,AU20,0.10345174319607081,AU20 Lip Stretcher
p90,neutral_centered,participant_balanced,Fear,AU20,0.10391444888020061,AU20 Lip Stretcher
p90,neutral_centered,participant_balanced,Happiness,AU20,0.11566431442531136,AU20 Lip Stretcher
p90,neutral_centered,participant_balanced,Neutral,AU20,1.444410767449821e-19,AU20 Lip Stretcher
p90,neutral_centered,participant_balanced,Sadness,AU20,0.07918393376282315,AU20 Lip Stretcher
p90,neutral_centered,participant_balanced,Surprise,AU20,0.01056823597301058,AU20 Lip Stretcher
p90,neutral_centered,participant_balanced,Anger,AU22,0.013633967055335785,AU22 Lip Funneler
p90,neutral_centered,participant_balanced,Disgust,AU22,0.006823326356372416,AU22 Lip Funneler
p90,neutral_centered,participant_balanced,Fear,AU22,0.0027310156022504633,AU22 Lip Funneler
p90,neutral_centered,participant_balanced,Happiness,AU22,0.0007047134095481864,AU22 Lip Funneler
p90,neutral_centered,participant_balanced,Neutral,AU22,-5.287387723829359e-20,AU22 Lip Funneler
p90,neutral_centered,participant_balanced,Sadness,AU22,0.07965472179005037,AU22 Lip Funneler
p90,neutral_centered,participant_balanced,Surprise,AU22,0.0501541971279548,AU22 Lip Funneler
p90,neutral_centered,participant_balanced,Anger,AU23,0.09761216650966492,AU23 Lip Tightener
p90,neutral_centered,participant_balanced,Disgust,AU23,0.03803627493252425,AU23 Lip Tightener
p90,neutral_centered,participant_balanced,Fear,AU23,0.007592426593678931,AU23 Lip Tightener
p90,neutral_centered,participant_balanced,Happiness,AU23,0.002548105750989734,AU23 Lip Tightener
p90,neutral_centered,participant_balanced,Neutral,AU23,-5.53554311261286e-20,AU23 Lip Tightener
p90,neutral_centered,participant_balanced,Sadness,AU23,0.10398127066426105,AU23 Lip Tightener
p90,neutral_centered,participant_balanced,Surprise,AU23,0.07508944621784268,AU23 Lip Tightener
p90,neutral_centered,participant_balanced,Anger,AU24,0.02344484922879747,AU24 Lip Pressor
p90,neutral_centered,participant_balanced,Disgust,AU24,0.050562038475431094,AU24 Lip Pressor
p90,neutral_centered,participant_balanced,Fear,AU24,0.002488947389080779,AU24 Lip Pressor
p90,neutral_centered,participant_balanced,Happiness,AU24,0.001311537701442942,AU24 Lip Pressor
p90,neutral_centered,participant_balanced,Neutral,AU24,1.2117991043455838e-21,AU24 Lip Pressor
p90,neutral_centered,participant_balanced,Sadness,AU24,0.02229195556925901,AU24 Lip Pressor
p90,neutral_centered,participant_balanced,Surprise,AU24,0.004552093460302692,AU24 Lip Pressor
p90,neutral_centered,participant_balanced,Anger,AU26,0.041144285082661824,AU26 Jaw Drop
p90,neutral_centered,participant_balanced,Disgust,AU26,0.12991502639466976,AU26 Jaw Drop
p90,neutral_centered,participant_balanced,Fear,AU26,0.2795587846962128,AU26 Jaw Drop
p90,neutral_centered,participant_balanced,Happiness,AU26,0.10312988603175938,AU26 Jaw Drop
p90,neutral_centered,participant_balanced,Neutral,AU26,7.163208246402765e-19,AU26 Jaw Drop
p90,neutral_centered,participant_balanced,Sadness,AU26,0.0408150824586117,AU26 Jaw Drop
p90,neutral_centered,participant_balanced,Surprise,AU26,0.49965556084265483,AU26 Jaw Drop
p90,neutral_centered,participant_balanced,Anger,AU28,0.14113006730954797,AU28 Lip Suck
p90,neutral_centered,participant_balanced,Disgust,AU28,0.11877804455779814,AU28 Lip Suck
p90,neutral_centered,participant_balanced,Fear,AU28,0.021769004581785226,AU28 Lip Suck
p90,neutral_centered,participant_balanced,Happiness,AU28,0.17263970519793678,AU28 Lip Suck
p90,neutral_centered,participant_balanced,Neutral,AU28,-1.891917506673552e-19,AU28 Lip Suck
p90,neutral_centered,participant_balanced,Sadness,AU28,0.02605163758032521,AU28 Lip Suck
p90,neutral_centered,participant_balanced,Surprise,AU28,0.009207305691774893,AU28 Lip Suck
p90,neutral_centered,participant_balanced,Anger,AU43,0.11130273564934444,AU43 Eyes Closed
p90,neutral_centered,participant_balanced,Disgust,AU43,0.20314124367256192,AU43 Eyes Closed
p90,neutral_centered,participant_balanced,Fear,AU43,0.007917378141741795,AU43 Eyes Closed
p90,neutral_centered,participant_balanced,Happiness,AU43,0.00954049705835521,AU43 Eyes Closed
p90,neutral_centered,participant_balanced,Neutral,AU43,-2.3092300152169203e-19,AU43 Eyes Closed
p90,neutral_centered,participant_balanced,Sadness,AU43,0.1367381072200851,AU43 Eyes Closed
p90,neutral_centered,participant_balanced,Surprise,AU43,0.031217290230446584,AU43 Eyes Closed
p90,neutral_centered,participant_balanced,Anger,AD29,0.05398687472664862,AD29 Jaw Thrust
p90,neutral_centered,participant_balanced,Disgust,AD29,0.05481015608485537,AD29 Jaw Thrust
p90,neutral_centered,participant_balanced,Fear,AD29,0.0667957589401466,AD29 Jaw Thrust
p90,neutral_centered,participant_balanced,Happiness,AD29,0.01007694804394725,AD29 Jaw Thrust
p90,neutral_centered,participant_balanced,Neutral,AD29,2.918388491710099e-19,AD29 Jaw Thrust
p90,neutral_centered,participant_balanced,Sadness,AD29,0.08644506391055408,AD29 Jaw Thrust
p90,neutral_centered,participant_balanced,Surprise,AD29,0.1650638270389552,AD29 Jaw Thrust
p90,neutral_centered,participant_balanced,Anger,AD30,0.02306756377661902,AD30 Jaw Sideways
p90,neutral_centered,participant_balanced,Disgust,AD30,0.014849904263210208,AD30 Jaw Sideways
p90,neutral_centered,participant_balanced,Fear,AD30,0.004905524876288138,AD30 Jaw Sideways
p90,neutral_centered,participant_balanced,Happiness,AD30,0.0051736384633935505,AD30 Jaw Sideways
p90,neutral_centered,participant_balanced,Neutral,AD30,-2.7777442734718286e-21,AD30 Jaw Sideways
p90,neutral_centered,participant_balanced,Sadness,AD30,0.028913078644110347,AD30 Jaw Sideways
p90,neutral_centered,participant_balanced,Surprise,AD30,0.026637100414698,AD30 Jaw Sideways
p90,neutral_centered,participant_balanced,Anger,AD34,0.015572585116684424,AD34 Cheek Puff
p90,neutral_centered,participant_balanced,Disgust,AD34,0.005751408063633431,AD34 Cheek Puff
p90,neutral_centered,participant_balanced,Fear,AD34,0.0009770893012203115,AD34 Cheek Puff
p90,neutral_centered,participant_balanced,Happiness,AD34,0.0006738740640177829,AD34 Cheek Puff
p90,neutral_centered,participant_balanced,Neutral,AD34,-2.3790413488009908e-20,AD34 Cheek Puff
p90,neutral_centered,participant_balanced,Sadness,AD34,0.01871952427753589,AD34 Cheek Puff
p90,neutral_centered,participant_balanced,Surprise,AD34,0.007740643875276061,AD34 Cheek Puff
p90,neutral_centered,participant_balanced,Anger,AD35,2.916863247448595e-06,AD35 Cheek Suck
p90,neutral_centered,participant_balanced,Disgust,AD35,0.00014177947732586305,AD35 Cheek Suck
p90,neutral_centered,participant_balanced,Fear,AD35,0.00017964296206217142,AD35 Cheek Suck
p90,neutral_centered,participant_balanced,Happiness,AD35,2.942161213747221e-06,AD35 Cheek Suck
p90,neutral_centered,participant_balanced,Neutral,AD35,1.1077241411709704e-22,AD35 Cheek Suck
p90,neutral_centered,participant_balanced,Sadness,AD35,-8.159040141514405e-07,AD35 Cheek Suck
p90,neutral_centered,participant_balanced,Surprise,AD35,0.011707649577130205,AD35 Cheek Suck
p90,neutral_centered,participant_balanced,Anger,EYE61,-0.02187171838388049,EYE61 Eyes Turn Left
p90,neutral_centered,participant_balanced,Disgust,EYE61,-0.014941555102960155,EYE61 Eyes Turn Left
p90,neutral_centered,participant_balanced,Fear,EYE61,-0.008135066246794064,EYE61 Eyes Turn Left
p90,neutral_centered,participant_balanced,Happiness,EYE61,-0.01689793114965889,EYE61 Eyes Turn Left
p90,neutral_centered,participant_balanced,Neutral,EYE61,1.2192015964316682e-19,EYE61 Eyes Turn Left
p90,neutral_centered,participant_balanced,Sadness,EYE61,-0.013465427984584681,EYE61 Eyes Turn Left
p90,neutral_centered,participant_balanced,Surprise,EYE61,-0.017848616069371756,EYE61 Eyes Turn Left
p90,neutral_centered,participant_balanced,Anger,EYE62,-0.004738921099762148,EYE62 Eyes Turn Right
p90,neutral_centered,participant_balanced,Disgust,EYE62,0.001490729130389543,EYE62 Eyes Turn Right
p90,neutral_centered,participant_balanced,Fear,EYE62,-0.0011084143568239192,EYE62 Eyes Turn Right
p90,neutral_centered,participant_balanced,Happiness,EYE62,0.01239233360753351,EYE62 Eyes Turn Right
p90,neutral_centered,participant_balanced,Neutral,EYE62,1.3519828995311306e-18,EYE62 Eyes Turn Right
p90,neutral_centered,participant_balanced,Sadness,EYE62,0.004003782689255924,EYE62 Eyes Turn Right
p90,neutral_centered,participant_balanced,Surprise,EYE62,0.010795425949285092,EYE62 Eyes Turn Right
p90,neutral_centered,participant_balanced,Anger,EYE63,0.02605828903560695,EYE63 Eyes Up
p90,neutral_centered,participant_balanced,Disgust,EYE63,-0.008183782033086014,EYE63 Eyes Up
p90,neutral_centered,participant_balanced,Fear,EYE63,-0.01879484870936575,EYE63 Eyes Up
p90,neutral_centered,participant_balanced,Happiness,EYE63,0.0031725620231023302,EYE63 Eyes Up
p90,neutral_centered,participant_balanced,Neutral,EYE63,2.3183521824681553e-18,EYE63 Eyes Up
p90,neutral_centered,participant_balanced,Sadness,EYE63,-0.017244323076273747,EYE63 Eyes Up
p90,neutral_centered,participant_balanced,Surprise,EYE63,-0.021860685331505904,EYE63 Eyes Up
p90,neutral_centered,participant_balanced,Anger,EYE64,0.09983402749056745,EYE64 Eyes Down
p90,neutral_centered,participant_balanced,Disgust,EYE64,0.12191173012443603,EYE64 Eyes Down
p90,neutral_centered,participant_balanced,Fear,EYE64,-0.0071814143471416875,EYE64 Eyes Down
p90,neutral_centered,participant_balanced,Happiness,EYE64,0.03025239972801714,EYE64 Eyes Down
p90,neutral_centered,participant_balanced,Neutral,EYE64,-2.1508148686948028e-19,EYE64 Eyes Down
p90,neutral_centered,participant_balanced,Sadness,EYE64,0.064188858614158,EYE64 Eyes Down
p90,neutral_centered,participant_balanced,Surprise,EYE64,-0.0005914648487166378,EYE64 Eyes Down
p90,neutral_centered,participant_balanced,Anger,UNMAPPED_MouthLeft,0.014506599459928327,MouthLeft (unmapped)
p90,neutral_centered,participant_balanced,Disgust,UNMAPPED_MouthLeft,0.016810859379237677,MouthLeft (unmapped)
p90,neutral_centered,participant_balanced,Fear,UNMAPPED_MouthLeft,0.0030303951633945023,MouthLeft (unmapped)
p90,neutral_centered,participant_balanced,Happiness,UNMAPPED_MouthLeft,0.008743055908548776,MouthLeft (unmapped)
p90,neutral_centered,participant_balanced,Neutral,UNMAPPED_MouthLeft,-8.745148939386328e-20,MouthLeft (unmapped)
p90,neutral_centered,participant_balanced,Sadness,UNMAPPED_MouthLeft,0.0038157051299116188,MouthLeft (unmapped)
p90,neutral_centered,participant_balanced,Surprise,UNMAPPED_MouthLeft,0.0035548145175442213,MouthLeft (unmapped)
p90,neutral_centered,participant_balanced,Anger,UNMAPPED_MouthRight,0.005129800608555508,MouthRight (unmapped)
p90,neutral_centered,participant_balanced,Disgust,UNMAPPED_MouthRight,0.005602891307014763,MouthRight (unmapped)
p90,neutral_centered,participant_balanced,Fear,UNMAPPED_MouthRight,0.0012467049615014424,MouthRight (unmapped)
p90,neutral_centered,participant_balanced,Happiness,UNMAPPED_MouthRight,0.003639081073193884,MouthRight (unmapped)
p90,neutral_centered,participant_balanced,Neutral,UNMAPPED_MouthRight,8.511069535461002e-21,MouthRight (unmapped)
p90,neutral_centered,participant_balanced,Sadness,UNMAPPED_MouthRight,0.00021410144937858067,MouthRight (unmapped)
p90,neutral_centered,participant_balanced,Surprise,UNMAPPED_MouthRight,0.004462337206365046,MouthRight (unmapped)
p90,neutral_centered_standardized,sample_weighted,Anger,AU1,0.33769732895800947,AU1 Inner Brow Raiser
p90,neutral_centered_standardized,sample_weighted,Disgust,AU1,0.34020619540357167,AU1 Inner Brow Raiser
p90,neutral_centered_standardized,sample_weighted,Fear,AU1,1.2279357035500849,AU1 Inner Brow Raiser
p90,neutral_centered_standardized,sample_weighted,Happiness,AU1,0.21399728121686323,AU1 Inner Brow Raiser
p90,neutral_centered_standardized,sample_weighted,Neutral,AU1,1.9954989004700524e-18,AU1 Inner Brow Raiser
p90,neutral_centered_standardized,sample_weighted,Sadness,AU1,0.5192293747800955,AU1 Inner Brow Raiser
p90,neutral_centered_standardized,sample_weighted,Surprise,AU1,1.4927491702425122,AU1 Inner Brow Raiser
p90,neutral_centered_standardized,sample_weighted,Anger,AU2,0.06585724339795279,AU2 Outer Brow Raiser
p90,neutral_centered_standardized,sample_weighted,Disgust,AU2,0.13566371527266044,AU2 Outer Brow Raiser
p90,neutral_centered_standardized,sample_weighted,Fear,AU2,1.2167938131587068,AU2 Outer Brow Raiser
p90,neutral_centered_standardized,sample_weighted,Happiness,AU2,0.1860430049548728,AU2 Outer Brow Raiser
p90,neutral_centered_standardized,sample_weighted,Neutral,AU2,-1.4512719276145838e-18,AU2 Outer Brow Raiser
p90,neutral_centered_standardized,sample_weighted,Sadness,AU2,0.15183977330446663,AU2 Outer Brow Raiser
p90,neutral_centered_standardized,sample_weighted,Surprise,AU2,1.558344074113107,AU2 Outer Brow Raiser
p90,neutral_centered_standardized,sample_weighted,Anger,AU4,1.7000008433914016,AU4 Brow Lowerer
p90,neutral_centered_standardized,sample_weighted,Disgust,AU4,1.631455071403277,AU4 Brow Lowerer
p90,neutral_centered_standardized,sample_weighted,Fear,AU4,0.2562778171777236,AU4 Brow Lowerer
p90,neutral_centered_standardized,sample_weighted,Happiness,AU4,0.17466107383701107,AU4 Brow Lowerer
p90,neutral_centered_standardized,sample_weighted,Neutral,AU4,-4.535224773795574e-19,AU4 Brow Lowerer
p90,neutral_centered_standardized,sample_weighted,Sadness,AU4,0.804345922861198,AU4 Brow Lowerer
p90,neutral_centered_standardized,sample_weighted,Surprise,AU4,0.07213379083012848,AU4 Brow Lowerer
p90,neutral_centered_standardized,sample_weighted,Anger,AU5,0.3055833267909524,AU5 Upper Lid Raiser
p90,neutral_centered_standardized,sample_weighted,Disgust,AU5,0.057175524167575605,AU5 Upper Lid Raiser
p90,neutral_centered_standardized,sample_weighted,Fear,AU5,1.1369381015635471,AU5 Upper Lid Raiser
p90,neutral_centered_standardized,sample_weighted,Happiness,AU5,0.140475725627192,AU5 Upper Lid Raiser
p90,neutral_centered_standardized,sample_weighted,Neutral,AU5,2.9025438552291675e-18,AU5 Upper Lid Raiser
p90,neutral_centered_standardized,sample_weighted,Sadness,AU5,0.10175292811649746,AU5 Upper Lid Raiser
p90,neutral_centered_standardized,sample_weighted,Surprise,AU5,0.9150443162962738,AU5 Upper Lid Raiser
p90,neutral_centered_standardized,sample_weighted,Anger,AU6,0.9239136946572666,AU6 Cheek Raiser
p90,neutral_centered_standardized,sample_weighted,Disgust,AU6,1.2199552482580072,AU6 Cheek Raiser
p90,neutral_centered_standardized,sample_weighted,Fear,AU6,0.08048406285790022,AU6 Cheek Raiser
p90,neutral_centered_standardized,sample_weighted,Happiness,AU6,1.9032639576878403,AU6 Cheek Raiser
p90,neutral_centered_standardized,sample_weighted,Neutral,AU6,-1.92888778660493e-18,AU6 Cheek Raiser
p90,neutral_centered_standardized,sample_weighted,Sadness,AU6,0.29622234444675083,AU6 Cheek Raiser
p90,neutral_centered_standardized,sample_weighted,Surprise,AU6,0.04711924582489537,AU6 Cheek Raiser
p90,neutral_centered_standardized,sample_weighted,Anger,AU7,1.5744161685273954,AU7 Lid Tightener
p90,neutral_centered_standardized,sample_weighted,Disgust,AU7,1.5661311209839317,AU7 Lid Tightener
p90,neutral_centered_standardized,sample_weighted,Fear,AU7,0.21887108975585168,AU7 Lid Tightener
p90,neutral_centered_standardized,sample_weighted,Happiness,AU7,0.983927362127943,AU7 Lid Tightener
p90,neutral_centered_standardized,sample_weighted,Neutral,AU7,9.977494502350262e-19,AU7 Lid Tightener
p90,neutral_centered_standardized,sample_weighted,Sadness,AU7,0.4706485614465477,AU7 Lid Tightener
p90,neutral_centered_standardized,sample_weighted,Surprise,AU7,0.19098194620326409,AU7 Lid Tightener
p90,neutral_centered_standardized,sample_weighted,Anger,AU8,0.440538304100118,AU8 Lips Toward Each Other
p90,neutral_centered_standardized,sample_weighted,Disgust,AU8,0.580052956872504,AU8 Lips Toward Each Other
p90,neutral_centered_standardized,sample_weighted,Fear,AU8,0.3718488898101698,AU8 Lips Toward Each Other
p90,neutral_centered_standardized,sample_weighted,Happiness,AU8,0.2928373167542439,AU8 Lips Toward Each Other
p90,neutral_centered_standardized,sample_weighted,Neutral,AU8,2.5850781210634773e-18,AU8 Lips Toward Each Other
p90,neutral_centered_standardized,sample_weighted,Sadness,AU8,0.4676082026225352,AU8 Lips Toward Each Other
p90,neutral_centered_standardized,sample_weighted,Surprise,AU8,1.0729314210711267,AU8 Lips Toward Each Other
p90,neutral_centered_standardized,sample_weighted,Anger,AU9,1.4009009696267702,AU9 Nose Wrinkler
p90,neutral_centered_standardized,sample_weighted,Disgust,AU9,2.0140552822323796,AU9 Nose Wrinkler
p90,neutral_centered_standardized,sample_weighted,Fear,AU9,0.14770357384941715,AU9 Nose Wrinkler
p90,neutral_centered_standardized,sample_weighted,Happiness,AU9,0.0816321050954795,AU9 Nose Wrinkler
p90,neutral_centered_standardized,sample_weighted,Neutral,AU9,8.553150471830091e-19,AU9 Nose Wrinkler
p90,neutral_centered_standardized,sample_weighted,Sadness,AU9,0.36070583638011844,AU9 Nose Wrinkler
p90,neutral_centered_standardized,sample_weighted,Surprise,AU9,0.1028668344726379,AU9 Nose Wrinkler
p90,neutral_centered_standardized,sample_weighted,Anger,AU10,1.0700912861580005,AU10 Upper Lip Raiser
p90,neutral_centered_standardized,sample_weighted,Disgust,AU10,1.7183316348814741,AU10 Upper Lip Raiser
p90,neutral_centered_standardized,sample_weighted,Fear,AU10,0.48698666161375875,AU10 Upper Lip Raiser
p90,neutral_centered_standardized,sample_weighted,Happiness,AU10,1.489032832968648,AU10 Upper Lip Raiser
p90,neutral_centered_standardized,sample_weighted,Neutral,AU10,-9.065134831059356e-19,AU10 Upper Lip Raiser
p90,neutral_centered_standardized,sample_weighted,Sadness,AU10,0.16642393560558277,AU10 Upper Lip Raiser
p90,neutral_centered_standardized,sample_weighted,Surprise,AU10,0.2829975830277593,AU10 Upper Lip Raiser
p90,neutral_centered_standardized,sample_weighted,Anger,AU12,0.201040785007377,AU12 Lip Corner Puller
p90,neutral_centered_standardized,sample_weighted,Disgust,AU12,0.26020288771474603,AU12 Lip Corner Puller
p90,neutral_centered_standardized,sample_weighted,Fear,AU12,0.10457126924155137,AU12 Lip Corner Puller
p90,neutral_centered_standardized,sample_weighted,Happiness,AU12,2.3070141763740595,AU12 Lip Corner Puller
p90,neutral_centered_standardized,sample_weighted,Neutral,AU12,-9.966865069286679e-19,AU12 Lip Corner Puller
p90,neutral_centered_standardized,sample_weighted,Sadness,AU12,0.03070025261617175,AU12 Lip Corner Puller
p90,neutral_centered_standardized,sample_weighted,Surprise,AU12,0.014592312892622123,AU12 Lip Corner Puller
p90,neutral_centered_standardized,sample_weighted,Anger,AU14,0.30982033795429037,AU14 Dimpler
p90,neutral_centered_standardized,sample_weighted,Disgust,AU14,0.43283552028497413,AU14 Dimpler
p90,neutral_centered_standardized,sample_weighted,Fear,AU14,0.3284353672542018,AU14 Dimpler
p90,neutral_centered_standardized,sample_weighted,Happiness,AU14,1.976475019849679,AU14 Dimpler
p90,neutral_centered_standardized,sample_weighted,Neutral,AU14,4.217759034899276e-18,AU14 Dimpler
p90,neutral_centered_standardized,sample_weighted,Sadness,AU14,-0.007187210986180151,AU14 Dimpler
p90,neutral_centered_standardized,sample_weighted,Surprise,AU14,0.1311870196679102,AU14 Dimpler
p90,neutral_centered_standardized,sample_weighted,Anger,AU15,0.655896961976633,AU15 Lip Corner Depressor
p90,neutral_centered_standardized,sample_weighted,Disgust,AU15,0.9232975779235826,AU15 Lip Corner Depressor
p90,neutral_centered_standardized,sample_weighted,Fear,AU15,0.2264506386488121,AU15 Lip Corner Depressor
p90,neutral_centered_standardized,sample_weighted,Happiness,AU15,0.04546898532508091,AU15 Lip Corner Depressor
p90,neutral_centered_standardized,sample_weighted,Neutral,AU15,1.3832435560076502e-18,AU15 Lip Corner Depressor
p90,neutral_centered_standardized,sample_weighted,Sadness,AU15,2.2434827278601053,AU15 Lip Corner Depressor
p90,neutral_centered_standardized,sample_weighted,Surprise,AU15,0.09742343729354348,AU15 Lip Corner Depressor
p90,neutral_centered_standardized,sample_weighted,Anger,AU16,0.21471404587817208,AU16 Lower Lip Depressor
p90,neutral_centered_standardized,sample_weighted,Disgust,AU16,0.7371591920902433,AU16 Lower Lip Depressor
p90,neutral_centered_standardized,sample_weighted,Fear,AU16,0.8514246184922641,AU16 Lower Lip Depressor
p90,neutral_centered_standardized,sample_weighted,Happiness,AU16,1.1419827809495229,AU16 Lower Lip Depressor
p90,neutral_centered_standardized,sample_weighted,Neutral,AU16,-1.5419764230904951e-18,AU16 Lower Lip Depressor
p90,neutral_centered_standardized,sample_weighted,Sadness,AU16,0.10745077764956941,AU16 Lower Lip Depressor
p90,neutral_centered_standardized,sample_weighted,Surprise,AU16,0.11571374478914508,AU16 Lower Lip Depressor
p90,neutral_centered_standardized,sample_weighted,Anger,AU17,1.7814545148383685,AU17 Chin Raiser
p90,neutral_centered_standardized,sample_weighted,Disgust,AU17,1.2827227048529852,AU17 Chin Raiser
p90,neutral_centered_standardized,sample_weighted,Fear,AU17,0.16338340579494345,AU17 Chin Raiser
p90,neutral_centered_standardized,sample_weighted,Happiness,AU17,0.3599741097504716,AU17 Chin Raiser
p90,neutral_centered_standardized,sample_weighted,Neutral,AU17,1.3038771224662275e-18,AU17 Chin Raiser
p90,neutral_centered_standardized,sample_weighted,Sadness,AU17,2.0150873309732074,AU17 Chin Raiser
p90,neutral_centered_standardized,sample_weighted,Surprise,AU17,0.20038239152285792,AU17 Chin Raiser
p90,neutral_centered_standardized,sample_weighted,Anger,AU18,1.1634046998701932,AU18 Lip Puckerer
p90,neutral_centered_standardized,sample_weighted,Disgust,AU18,0.6942691258789302,AU18 Lip Puckerer
p90,neutral_centered_standardized,sample_weighted,Fear,AU18,0.08662315093641981,AU18 Lip Puckerer
p90,neutral_centered_standardized,sample_weighted,Happiness,AU18,0.04902506250639388,AU18 Lip Puckerer
p90,neutral_centered_standardized,sample_weighted,Neutral,AU18,3.171114197302374e-19,AU18 Lip Puckerer
p90,neutral_centered_standardized,sample_weighted,Sadness,AU18,0.6228118267550177,AU18 Lip Puckerer
p90,neutral_centered_standardized,sample_weighted,Surprise,AU18,1.110002194996054,AU18 Lip Puckerer
p90,neutral_centered_standardized,sample_weighted,Anger,AU20,0.3392995517300163,AU20 Lip Stretcher
p90,neutral_centered_standardized,sample_weighted,Disgust,AU20,0.7775214652437109,AU20 Lip Stretcher
p90,neutral_centered_standardized,sample_weighted,Fear,AU20,0.8601511705011086,AU20 Lip Stretcher
p90,neutral_centered_standardized,sample_weighted,Happiness,AU20,0.7863824501733243,AU20 Lip Stretcher
p90,neutral_centered_standardized,sample_weighted,Neutral,AU20,7.426430567090252e-19,AU20 Lip Stretcher
p90,neutral_centered_standardized,sample_weighted,Sadness,AU20,0.5891829504888579,AU20 Lip Stretcher
p90,neutral_centered_standardized,sample_weighted,Surprise,AU20,0.07684816152955354,AU20 Lip Stretcher
p90,neutral_centered_standardized,sample_weighted,Anger,AU22,0.1667490967677652,AU22 Lip Funneler
p90,neutral_centered_standardized,sample_weighted,Disgust,AU22,0.07902315946730448,AU22 Lip Funneler
p90,neutral_centered_standardized,sample_weighted,Fear,AU22,0.03473465954186917,AU22 Lip Funneler
p90,neutral_centered_standardized,sample_weighted,Happiness,AU22,0.00818769060474431,AU22 Lip Funneler
p90,neutral_centered_standardized,sample_weighted,Neutral,AU22,3.472281467437236e-20,AU22 Lip Funneler
p90,neutral_centered_standardized,sample_weighted,Sadness,AU22,1.123508538737816,AU22 Lip Funneler
p90,neutral_centered_standardized,sample_weighted,Surprise,AU22,0.6118735655996093,AU22 Lip Funneler
p90,neutral_centered_standardized,sample_weighted,Anger,AU23,1.0683214755908943,AU23 Lip Tightener
p90,neutral_centered_standardized,sample_weighted,Disgust,AU23,0.2885098966438365,AU23 Lip Tightener
p90,neutral_centered_standardized,sample_weighted,Fear,AU23,0.06837616972747497,AU23 Lip Tightener
p90,neutral_centered_standardized,sample_weighted,Happiness,AU23,0.02361239935124668,AU23 Lip Tightener
p90,neutral_centered_standardized,sample_weighted,Neutral,AU23,-1.0004068085009222e-18,AU23 Lip Tightener
p90,neutral_centered_standardized,sample_weighted,Sadness,AU23,1.0435524638444167,AU23 Lip Tightener
p90,neutral_centered_standardized,sample_weighted,Surprise,AU23,0.6883828548605453,AU23 Lip Tightener
p90,neutral_centered_standardized,sample_weighted,Anger,AU24,0.5445961132488841,AU24 Lip Pressor
p90,neutral_centered_standardized,sample_weighted,Disgust,AU24,0.7483791319006355,AU24 Lip Pressor
p90,neutral_centered_standardized,sample_weighted,Fear,AU24,0.04337833454819505,AU24 Lip Pressor
p90,neutral_centered_standardized,sample_weighted,Happiness,AU24,0.026417436700158524,AU24 Lip Pressor
p90,neutral_centered_standardized,sample_weighted,Neutral,AU24,7.901211944387034e-20,AU24 Lip Pressor
p90,neutral_centered_standardized,sample_weighted,Sadness,AU24,0.43424452314910894,AU24 Lip Pressor
p90,neutral_centered_standardized,sample_weighted,Surprise,AU24,0.08878179460023777,AU24 Lip Pressor
p90,neutral_centered_standardized,sample_weighted,Anger,AU26,0.20314581227279296,AU26 Jaw Drop
p90,neutral_centered_standardized,sample_weighted,Disgust,AU26,0.538947015945121,AU26 Jaw Drop
p90,neutral_centered_standardized,sample_weighted,Fear,AU26,1.1901096887505058,AU26 Jaw Drop
p90,neutral_centered_standardized,sample_weighted,Happiness,AU26,0.44988559523734856,AU26 Jaw Drop
p90,neutral_centered_standardized,sample_weighted,Neutral,AU26,1.9558156836993413e-18,AU26 Jaw Drop
p90,neutral_centered_standardized,sample_weighted,Sadness,AU26,0.18414391526664334,AU26 Jaw Drop
p90,neutral_centered_standardized,sample_weighted,Surprise,AU26,2.164100696915905,AU26 Jaw Drop
p90,neutral_centered_standardized,sample_weighted,Anger,AU28,1.3131440790938977,AU28 Lip Suck
p90,neutral_centered_standardized,sample_weighted,Disgust,AU28,1.1693352937614718,AU28 Lip Suck
p90,neutral_centered_standardized,sample_weighted,Fear,AU28,0.18688368837447575,AU28 Lip Suck
p90,neutral_centered_standardized,sample_weighted,Happiness,AU28,1.7129624607490626,AU28 Lip Suck
p90,neutral_centered_standardized,sample_weighted,Neutral,AU28,-3.0952909081154795e-18,AU28 Lip Suck
p90,neutral_centered_standardized,sample_weighted,Sadness,AU28,0.21952293440497414,AU28 Lip Suck
p90,neutral_centered_standardized,sample_weighted,Surprise,AU28,0.09521714042914556,AU28 Lip Suck
p90,neutral_centered_standardized,sample_weighted,Anger,AU43,0.5892401723965975,AU43 Eyes Closed
p90,neutral_centered_standardized,sample_weighted,Disgust,AU43,0.8338922331959383,AU43 Eyes Closed
p90,neutral_centered_standardized,sample_weighted,Fear,AU43,0.02073043807513998,AU43 Eyes Closed
p90,neutral_centered_standardized,sample_weighted,Happiness,AU43,0.061865984428951276,AU43 Eyes Closed
p90,neutral_centered_standardized,sample_weighted,Neutral,AU43,1.1791584411868493e-18,AU43 Eyes Closed
p90,neutral_centered_standardized,sample_weighted,Sadness,AU43,0.5874924082545808,AU43 Eyes Closed
p90,neutral_centered_standardized,sample_weighted,Surprise,AU43,0.12020507627250858,AU43 Eyes Closed
p90,neutral_centered_standardized,sample_weighted,Anger,AD29,0.4240395635016601,AD29 Jaw Thrust
p90,neutral_centered_standardized,sample_weighted,Disgust,AD29,0.4229747771789164,AD29 Jaw Thrust
p90,neutral_centered_standardized,sample_weighted,Fear,AD29,0.5043829252995484,AD29 Jaw Thrust
p90,neutral_centered_standardized,sample_weighted,Happiness,AD29,0.06876030105665548,AD29 Jaw Thrust
p90,neutral_centered_standardized,sample_weighted,Neutral,AD29,2.579409090096233e-18,AD29 Jaw Thrust
p90,neutral_centered_standardized,sample_weighted,Sadness,AD29,0.8781288195981334,AD29 Jaw Thrust
p90,neutral_centered_standardized,sample_weighted,Surprise,AD29,1.37670883259372,AD29 Jaw Thrust
p90,neutral_centered_standardized,sample_weighted,Anger,AD30,0.8365661563401287,AD30 Jaw Sideways
p90,neutral_centered_standardized,sample_weighted,Disgust,AD30,0.45063818963872626,AD30 Jaw Sideways
p90,neutral_centered_standardized,sample_weighted,Fear,AD30,0.15661727363159245,AD30 Jaw Sideways
p90,neutral_centered_standardized,sample_weighted,Happiness,AD30,0.15654250688087162,AD30 Jaw Sideways
p90,neutral_centered_standardized,sample_weighted,Neutral,AD30,4.3084635351057955e-19,AD30 Jaw Sideways
p90,neutral_centered_standardized,sample_weighted,Sadness,AD30,0.9877535390418235,AD30 Jaw Sideways
p90,neutral_centered_standardized,sample_weighted,Surprise,AD30,0.8494690800222037,AD30 Jaw Sideways
p90,neutral_centered_standardized,sample_weighted,Anger,AD34,0.8003680576852473,AD34 Cheek Puff
p90,neutral_centered_standardized,sample_weighted,Disgust,AD34,0.25362326450201383,AD34 Cheek Puff
p90,neutral_centered_standardized,sample_weighted,Fear,AD34,0.030153951083757298,AD34 Cheek Puff
p90,neutral_centered_standardized,sample_weighted,Happiness,AD34,0.027190986713363282,AD34 Cheek Puff
p90,neutral_centered_standardized,sample_weighted,Neutral,AD34,-9.102337846781899e-19,AD34 Cheek Puff
p90,neutral_centered_standardized,sample_weighted,Sadness,AD34,0.9021324320260233,AD34 Cheek Puff
p90,neutral_centered_standardized,sample_weighted,Surprise,AD34,0.35499896768724026,AD34 Cheek Puff
p90,neutral_centered_standardized,sample_weighted,Anger,AD35,0.00016717491281775158,AD35 Cheek Suck
p90,neutral_centered_standardized,sample_weighted,Disgust,AD35,0.008726340998574986,AD35 Cheek Suck
p90,neutral_centered_standardized,sample_weighted,Fear,AD35,0.010846850037530973,AD35 Cheek Suck
p90,neutral_centered_standardized,sample_weighted,Happiness,AD35,0.0001112111189105477,AD35 Cheek Suck
p90,neutral_centered_standardized,sample_weighted,Neutral,AD35,5.965213156376447e-21,AD35 Cheek Suck
p90,neutral_centered_standardized,sample_weighted,Sadness,AD35,-5.498495877854237e-05,AD35 Cheek Suck
p90,neutral_centered_standardized,sample_weighted,Surprise,AD35,0.6438092323065085,AD35 Cheek Suck
p90,neutral_centered_standardized,sample_weighted,Anger,EYE61,-0.2084777150663226,EYE61 Eyes Turn Left
p90,neutral_centered_standardized,sample_weighted,Disgust,EYE61,-0.13561335963846924,EYE61 Eyes Turn Left
p90,neutral_centered_standardized,sample_weighted,Fear,EYE61,-0.0992499577180215,EYE61 Eyes Turn Left
p90,neutral_centered_standardized,sample_weighted,Happiness,EYE61,-0.12676024484599402,EYE61 Eyes Turn Left
p90,neutral_centered_standardized,sample_weighted,Neutral,EYE61,-1.9954989004700524e-18,EYE61 Eyes Turn Left
p90,neutral_centered_standardized,sample_weighted,Sadness,EYE61,-0.13141881448676557,EYE61 Eyes Turn Left
p90,neutral_centered_standardized,sample_weighted,Surprise,EYE61,-0.1429027061219868,EYE61 Eyes Turn Left
p90,neutral_centered_standardized,sample_weighted,Anger,EYE62,0.01410287957060436,EYE62 Eyes Turn Right
p90,neutral_centered_standardized,sample_weighted,Disgust,EYE62,-0.00790252285611338,EYE62 Eyes Turn Right
p90,neutral_centered_standardized,sample_weighted,Fear,EYE62,0.027774962476179756,EYE62 Eyes Turn Right
p90,neutral_centered_standardized,sample_weighted,Happiness,EYE62,0.10887532963913432,EYE62 Eyes Turn Right
p90,neutral_centered_standardized,sample_weighted,Neutral,EYE62,7.24502157613843e-18,EYE62 Eyes Turn Right
p90,neutral_centered_standardized,sample_weighted,Sadness,EYE62,0.017636995226519393,EYE62 Eyes Turn Right
p90,neutral_centered_standardized,sample_weighted,Surprise,EYE62,0.11776346096004664,EYE62 Eyes Turn Right
p90,neutral_centered_standardized,sample_weighted,Anger,EYE63,0.25293867189149505,EYE63 Eyes Up
p90,neutral_centered_standardized,sample_weighted,Disgust,EYE63,-0.06848577110892407,EYE63 Eyes Up
p90,neutral_centered_standardized,sample_weighted,Fear,EYE63,-0.22281122949177753,EYE63 Eyes Up
p90,neutral_centered_standardized,sample_weighted,Happiness,EYE63,0.0381284921977644,EYE63 Eyes Up
p90,neutral_centered_standardized,sample_weighted,Neutral,EYE63,2.031780698660417e-17,EYE63 Eyes Up
p90,neutral_centered_standardized,sample_weighted,Sadness,EYE63,-0.1638163599585443,EYE63 Eyes Up
p90,neutral_centered_standardized,sample_weighted,Surprise,EYE63,-0.1684770760085196,EYE63 Eyes Up
p90,neutral_centered_standardized,sample_weighted,Anger,EYE64,0.9294729654253348,EYE64 Eyes Down
p90,neutral_centered_standardized,sample_weighted,Disgust,EYE64,1.1599229373378956,EYE64 Eyes Down
p90,neutral_centered_standardized,sample_weighted,Fear,EYE64,-0.03409893620536006,EYE64 Eyes Down
p90,neutral_centered_standardized,sample_weighted,Happiness,EYE64,0.30441474973483246,EYE64 Eyes Down
p90,neutral_centered_standardized,sample_weighted,Neutral,EYE64,-2.4943736255875658e-18,EYE64 Eyes Down
p90,neutral_centered_standardized,sample_weighted,Sadness,EYE64,0.4922984279279934,EYE64 Eyes Down
p90,neutral_centered_standardized,sample_weighted,Surprise,EYE64,-0.029234958435363983,EYE64 Eyes Down
p90,neutral_centered_standardized,sample_weighted,Anger,UNMAPPED_MouthLeft,1.0242958155240929,MouthLeft (unmapped)
p90,neutral_centered_standardized,sample_weighted,Disgust,UNMAPPED_MouthLeft,1.1742365564980506,MouthLeft (unmapped)
p90,neutral_centered_standardized,sample_weighted,Fear,UNMAPPED_MouthLeft,0.181953357140327,MouthLeft (unmapped)
p90,neutral_centered_standardized,sample_weighted,Happiness,UNMAPPED_MouthLeft,0.59189898232577,MouthLeft (unmapped)
p90,neutral_centered_standardized,sample_weighted,Neutral,UNMAPPED_MouthLeft,-4.440268505094229e-18,MouthLeft (unmapped)
p90,neutral_centered_standardized,sample_weighted,Sadness,UNMAPPED_MouthLeft,0.24960653064034993,MouthLeft (unmapped)
p90,neutral_centered_standardized,sample_weighted,Surprise,UNMAPPED_MouthLeft,0.2806862975232415,MouthLeft (unmapped)
p90,neutral_centered_standardized,sample_weighted,Anger,UNMAPPED_MouthRight,0.5149287934220343,MouthRight (unmapped)
p90,neutral_centered_standardized,sample_weighted,Disgust,UNMAPPED_MouthRight,0.5105446361415716,MouthRight (unmapped)
p90,neutral_centered_standardized,sample_weighted,Fear,UNMAPPED_MouthRight,0.1028966728606362,MouthRight (unmapped)
p90,neutral_centered_standardized,sample_weighted,Happiness,UNMAPPED_MouthRight,0.31001887601506073,MouthRight (unmapped)
p90,neutral_centered_standardized,sample_weighted,Neutral,UNMAPPED_MouthRight,1.0639619603602645e-18,MouthRight (unmapped)
p90,neutral_centered_standardized,sample_weighted,Sadness,UNMAPPED_MouthRight,0.014800460427928914,MouthRight (unmapped)
p90,neutral_centered_standardized,sample_weighted,Surprise,UNMAPPED_MouthRight,0.4004793979677374,MouthRight (unmapped)
p90,neutral_centered_standardized,participant_balanced,Anger,AU1,0.3643771440521796,AU1 Inner Brow Raiser
p90,neutral_centered_standardized,participant_balanced,Disgust,AU1,0.3631735128693478,AU1 Inner Brow Raiser
p90,neutral_centered_standardized,participant_balanced,Fear,AU1,1.1352051840845785,AU1 Inner Brow Raiser
p90,neutral_centered_standardized,participant_balanced,Happiness,AU1,0.19806807489747147,AU1 Inner Brow Raiser
p90,neutral_centered_standardized,participant_balanced,Neutral,AU1,1.86327887642866e-18,AU1 Inner Brow Raiser
p90,neutral_centered_standardized,participant_balanced,Sadness,AU1,0.5524051762877161,AU1 Inner Brow Raiser
p90,neutral_centered_standardized,participant_balanced,Surprise,AU1,1.5483677011212937,AU1 Inner Brow Raiser
p90,neutral_centered_standardized,participant_balanced,Anger,AU2,0.05990605504508676,AU2 Outer Brow Raiser
p90,neutral_centered_standardized,participant_balanced,Disgust,AU2,0.1370567881666641,AU2 Outer Brow Raiser
p90,neutral_centered_standardized,participant_balanced,Fear,AU2,1.1631629826820689,AU2 Outer Brow Raiser
p90,neutral_centered_standardized,participant_balanced,Happiness,AU2,0.18463330059323665,AU2 Outer Brow Raiser
p90,neutral_centered_standardized,participant_balanced,Neutral,AU2,-8.809834320324051e-19,AU2 Outer Brow Raiser
p90,neutral_centered_standardized,participant_balanced,Sadness,AU2,0.1337809241283826,AU2 Outer Brow Raiser
p90,neutral_centered_standardized,participant_balanced,Surprise,AU2,1.6222200809269707,AU2 Outer Brow Raiser
p90,neutral_centered_standardized,participant_balanced,Anger,AU4,1.6103376853378706,AU4 Brow Lowerer
p90,neutral_centered_standardized,participant_balanced,Disgust,AU4,1.6891951401352137,AU4 Brow Lowerer
p90,neutral_centered_standardized,participant_balanced,Fear,AU4,0.21207651890230747,AU4 Brow Lowerer
p90,neutral_centered_standardized,participant_balanced,Happiness,AU4,0.15293807765549416,AU4 Brow Lowerer
p90,neutral_centered_standardized,participant_balanced,Neutral,AU4,-2.126742872602355e-19,AU4 Brow Lowerer
p90,neutral_centered_standardized,participant_balanced,Sadness,AU4,0.9466278290854082,AU4 Brow Lowerer
p90,neutral_centered_standardized,participant_balanced,Surprise,AU4,0.07319634481702354,AU4 Brow Lowerer
p90,neutral_centered_standardized,participant_balanced,Anger,AU5,0.24439637352595078,AU5 Upper Lid Raiser
p90,neutral_centered_standardized,participant_balanced,Disgust,AU5,0.06508274460826269,AU5 Upper Lid Raiser
p90,neutral_centered_standardized,participant_balanced,Fear,AU5,1.1300340850723092,AU5 Upper Lid Raiser
p90,neutral_centered_standardized,participant_balanced,Happiness,AU5,0.12768341359110214,AU5 Upper Lid Raiser
p90,neutral_centered_standardized,participant_balanced,Neutral,AU5,2.217697980934007e-18,AU5 Upper Lid Raiser
p90,neutral_centered_standardized,participant_balanced,Sadness,AU5,0.11494493509711014,AU5 Upper Lid Raiser
p90,neutral_centered_standardized,participant_balanced,Surprise,AU5,0.9375784646296983,AU5 Upper Lid Raiser
p90,neutral_centered_standardized,participant_balanced,Anger,AU6,0.8387851664029229,AU6 Cheek Raiser
p90,neutral_centered_standardized,participant_balanced,Disgust,AU6,1.2372175546575483,AU6 Cheek Raiser
p90,neutral_centered_standardized,participant_balanced,Fear,AU6,0.07620721254003296,AU6 Cheek Raiser
p90,neutral_centered_standardized,participant_balanced,Happiness,AU6,1.9051498444465491,AU6 Cheek Raiser
p90,neutral_centered_standardized,participant_balanced,Neutral,AU6,1.0773781045788759e-19,AU6 Cheek Raiser
p90,neutral_centered_standardized,participant_balanced,Sadness,AU6,0.3350511832462698,AU6 Cheek Raiser
p90,neutral_centered_standardized,participant_balanced,Surprise,AU6,0.051931174756644556,AU6 Cheek Raiser
p90,neutral_centered_standardized,participant_balanced,Anger,AU7,1.5353883263470474,AU7 Lid Tightener
p90,neutral_centered_standardized,participant_balanced,Disgust,AU7,1.5747121991092952,AU7 Lid Tightener
p90,neutral_centered_standardized,participant_balanced,Fear,AU7,0.23566963285138587,AU7 Lid Tightener
p90,neutral_centered_standardized,participant_balanced,Happiness,AU7,0.9675025687650292,AU7 Lid Tightener
p90,neutral_centered_standardized,participant_balanced,Neutral,AU7,-1.1583849295958667e-18,AU7 Lid Tightener
p90,neutral_centered_standardized,participant_balanced,Sadness,AU7,0.5279007736252224,AU7 Lid Tightener
p90,neutral_centered_standardized,participant_balanced,Surprise,AU7,0.18484329111543163,AU7 Lid Tightener
p90,neutral_centered_standardized,participant_balanced,Anger,AU8,0.441267564924021,AU8 Lips Toward Each Other
p90,neutral_centered_standardized,participant_balanced,Disgust,AU8,0.6626437086479627,AU8 Lips Toward Each Other
p90,neutral_centered_standardized,participant_balanced,Fear,AU8,0.36160890617796654,AU8 Lips Toward Each Other
p90,neutral_centered_standardized,participant_balanced,Happiness,AU8,0.285361826802319,AU8 Lips Toward Each Other
p90,neutral_centered_standardized,participant_balanced,Neutral,AU8,2.608089437636471e-18,AU8 Lips Toward Each Other
p90,neutral_centered_standardized,participant_balanced,Sadness,AU8,0.4322216684464681,AU8 Lips Toward Each Other
p90,neutral_centered_standardized,participant_balanced,Surprise,AU8,1.0506740194135944,AU8 Lips Toward Each Other
p90,neutral_centered_standardized,participant_balanced,Anger,AU9,1.2222032166138037,AU9 Nose Wrinkler
p90,neutral_centered_standardized,participant_balanced,Disgust,AU9,1.9371431460990927,AU9 Nose Wrinkler
p90,neutral_centered_standardized,participant_balanced,Fear,AU9,0.14301174515530682,AU9 Nose Wrinkler
p90,neutral_centered_standardized,participant_balanced,Happiness,AU9,0.08300142033415009,AU9 Nose Wrinkler
p90,neutral_centered_standardized,participant_balanced,Neutral,AU9,7.695063427135454e-19,AU9 Nose Wrinkler
p90,neutral_centered_standardized,participant_balanced,Sadness,AU9,0.38986527800704746,AU9 Nose Wrinkler
p90,neutral_centered_standardized,participant_balanced,Surprise,AU9,0.09884115225393378,AU9 Nose Wrinkler
p90,neutral_centered_standardized,participant_balanced,Anger,AU10,1.0038217633122377,AU10 Upper Lip Raiser
p90,neutral_centered_standardized,participant_balanced,Disgust,AU10,1.5934510716949308,AU10 Upper Lip Raiser
p90,neutral_centered_standardized,participant_balanced,Fear,AU10,0.4906769546238395,AU10 Upper Lip Raiser
p90,neutral_centered_standardized,participant_balanced,Happiness,AU10,1.4724354705016347,AU10 Upper Lip Raiser
p90,neutral_centered_standardized,participant_balanced,Neutral,AU10,-1.8927359970753942e-18,AU10 Upper Lip Raiser
p90,neutral_centered_standardized,participant_balanced,Sadness,AU10,0.16748109595844404,AU10 Upper Lip Raiser
p90,neutral_centered_standardized,participant_balanced,Surprise,AU10,0.29608293584742956,AU10 Upper Lip Raiser
p90,neutral_centered_standardized,participant_balanced,Anger,AU12,0.19078709509643818,AU12 Lip Corner Puller
p90,neutral_centered_standardized,participant_balanced,Disgust,AU12,0.24531852267790746,AU12 Lip Corner Puller
p90,neutral_centered_standardized,participant_balanced,Fear,AU12,0.08831819329285928,AU12 Lip Corner Puller
p90,neutral_centered_standardized,participant_balanced,Happiness,AU12,2.309377648403709,AU12 Lip Corner Puller
p90,neutral_centered_standardized,participant_balanced,Neutral,AU12,4.547015223458795e-19,AU12 Lip Corner Puller
p90,neutral_centered_standardized,participant_balanced,Sadness,AU12,0.032005774252004265,AU12 Lip Corner Puller
p90,neutral_centered_standardized,participant_balanced,Surprise,AU12,0.016811669282788225,AU12 Lip Corner Puller
p90,neutral_centered_standardized,participant_balanced,Anger,AU14,0.2997624665508463,AU14 Dimpler
p90,neutral_centered_standardized,participant_balanced,Disgust,AU14,0.43031359928333424,AU14 Dimpler
p90,neutral_centered_standardized,participant_balanced,Fear,AU14,0.3144159090997549,AU14 Dimpler
p90,neutral_centered_standardized,participant_balanced,Happiness,AU14,1.9700827059310078,AU14 Dimpler
p90,neutral_centered_standardized,participant_balanced,Neutral,AU14,4.191496014945949e-18,AU14 Dimpler
p90,neutral_centered_standardized,participant_balanced,Sadness,AU14,0.0010015882849933467,AU14 Dimpler
p90,neutral_centered_standardized,participant_balanced,Surprise,AU14,0.14553697582338146,AU14 Dimpler
p90,neutral_centered_standardized,participant_balanced,Anger,AU15,0.6244895134683399,AU15 Lip Corner Depressor
p90,neutral_centered_standardized,participant_balanced,Disgust,AU15,0.9379532360716026,AU15 Lip Corner Depressor
p90,neutral_centered_standardized,participant_balanced,Fear,AU15,0.2062987687406003,AU15 Lip Corner Depressor
p90,neutral_centered_standardized,participant_balanced,Happiness,AU15,0.041994327092061405,AU15 Lip Corner Depressor
p90,neutral_centered_standardized,participant_balanced,Neutral,AU15,1.222959042006975e-18,AU15 Lip Corner Depressor
p90,neutral_centered_standardized,participant_balanced,Sadness,AU15,2.206341043000345,AU15 Lip Corner Depressor
p90,neutral_centered_standardized,participant_balanced,Surprise,AU15,0.08667519064125428,AU15 Lip Corner Depressor
p90,neutral_centered_standardized,participant_balanced,Anger,AU16,0.1856580508744651,AU16 Lower Lip Depressor
p90,neutral_centered_standardized,participant_balanced,Disgust,AU16,0.6789443020276926,AU16 Lower Lip Depressor
p90,neutral_centered_standardized,participant_balanced,Fear,AU16,0.7849549167018844,AU16 Lower Lip Depressor
p90,neutral_centered_standardized,participant_balanced,Happiness,AU16,1.1834666703631027,AU16 Lower Lip Depressor
p90,neutral_centered_standardized,participant_balanced,Neutral,AU16,-1.5280822906377185e-18,AU16 Lower Lip Depressor
p90,neutral_centered_standardized,participant_balanced,Sadness,AU16,0.0970049292898784,AU16 Lower Lip Depressor
p90,neutral_centered_standardized,participant_balanced,Surprise,AU16,0.1184488983466178,AU16 Lower Lip Depressor
p90,neutral_centered_standardized,participant_balanced,Anger,AU17,1.6682381994541364,AU17 Chin Raiser
p90,neutral_centered_standardized,participant_balanced,Disgust,AU17,1.3683838729174587,AU17 Chin Raiser
p90,neutral_centered_standardized,participant_balanced,Fear,AU17,0.20574784723639603,AU17 Chin Raiser
p90,neutral_centered_standardized,participant_balanced,Happiness,AU17,0.3572787263427595,AU17 Chin Raiser
p90,neutral_centered_standardized,participant_balanced,Neutral,AU17,1.3827861790127869e-18,AU17 Chin Raiser
p90,neutral_centered_standardized,participant_balanced,Sadness,AU17,1.944167496921889,AU17 Chin Raiser
p90,neutral_centered_standardized,participant_balanced,Surprise,AU17,0.19417181194653166,AU17 Chin Raiser
p90,neutral_centered_standardized,participant_balanced,Anger,AU18,1.0086769849837016,AU18 Lip Puckerer
p90,neutral_centered_standardized,participant_balanced,Disgust,AU18,0.8296119301794005,AU18 Lip Puckerer
p90,neutral_centered_standardized,participant_balanced,Fear,AU18,0.09641752676131213,AU18 Lip Puckerer
p90,neutral_centered_standardized,participant_balanced,Happiness,AU18,0.04638014884583203,AU18 Lip Puckerer
p90,neutral_centered_standardized,participant_balanced,Neutral,AU18,4.064604766085859e-20,AU18 Lip Puckerer
p90,neutral_centered_standardized,participant_balanced,Sadness,AU18,0.6197821950990838,AU18 Lip Puckerer
p90,neutral_centered_standardized,participant_balanced,Surprise,AU18,1.0625204803613373,AU18 Lip Puckerer
p90,neutral_centered_standardized,participant_balanced,Anger,AU20,0.26462645021653386,AU20 Lip Stretcher
p90,neutral_centered_standardized,participant_balanced,Disgust,AU20,0.7562585868679167,AU20 Lip Stretcher
p90,neutral_centered_standardized,participant_balanced,Fear,AU20,0.759641083247437,AU20 Lip Stretcher
p90,neutral_centered_standardized,participant_balanced,Happiness,AU20,0.8455355924988864,AU20 Lip Stretcher
p90,neutral_centered_standardized,participant_balanced,Neutral,AU20,8.790833220122352e-19,AU20 Lip Stretcher
p90,neutral_centered_standardized,participant_balanced,Sadness,AU20,0.5788547200854687,AU20 Lip Stretcher
p90,neutral_centered_standardized,participant_balanced,Surprise,AU20,0.07725649617607626,AU20 Lip Stretcher
p90,neutral_centered_standardized,participant_balanced,Anger,AU22,0.1549260799087549,AU22 Lip Funneler
p90,neutral_centered_standardized,participant_balanced,Disgust,AU22,0.07753511505788448,AU22 Lip Funneler
p90,neutral_centered_standardized,participant_balanced,Fear,AU22,0.031033193765913136,AU22 Lip Funneler
p90,neutral_centered_standardized,participant_balanced,Happiness,AU22,0.00800782967696151,AU22 Lip Funneler
p90,neutral_centered_standardized,participant_balanced,Neutral,AU22,9.29341879790931e-20,AU22 Lip Funneler
p90,neutral_centered_standardized,participant_balanced,Sadness,AU22,0.9051359551529334,AU22 Lip Funneler
p90,neutral_centered_standardized,participant_balanced,Surprise,AU22,0.569914326510275,AU22 Lip Funneler
p90,neutral_centered_standardized,participant_balanced,Anger,AU23,0.875313864360346,AU23 Lip Tightener
p90,neutral_centered_standardized,participant_balanced,Disgust,AU23,0.34108124004976204,AU23 Lip Tightener
p90,neutral_centered_standardized,participant_balanced,Fear,AU23,0.06808327792752498,AU23 Lip Tightener
p90,neutral_centered_standardized,participant_balanced,Happiness,AU23,0.022849531686982963,AU23 Lip Tightener
p90,neutral_centered_standardized,participant_balanced,Neutral,AU23,-6.26736611769345e-19,AU23 Lip Tightener
p90,neutral_centered_standardized,participant_balanced,Sadness,AU23,0.9324272895553607,AU23 Lip Tightener
p90,neutral_centered_standardized,participant_balanced,Surprise,AU23,0.6733467321935775,AU23 Lip Tightener
p90,neutral_centered_standardized,participant_balanced,Anger,AU24,0.462428085805436,AU24 Lip Pressor
p90,neutral_centered_standardized,participant_balanced,Disgust,AU24,0.9972897005409183,AU24 Lip Pressor
p90,neutral_centered_standardized,participant_balanced,Fear,AU24,0.04909219784571406,AU24 Lip Pressor
p90,neutral_centered_standardized,participant_balanced,Happiness,AU24,0.02586887477164762,AU24 Lip Pressor
p90,neutral_centered_standardized,participant_balanced,Neutral,AU24,7.980077676587372e-20,AU24 Lip Pressor
p90,neutral_centered_standardized,participant_balanced,Sadness,AU24,0.43968831883509674,AU24 Lip Pressor
p90,neutral_centered_standardized,participant_balanced,Surprise,AU24,0.08978585636070595,AU24 Lip Pressor
p90,neutral_centered_standardized,participant_balanced,Anger,AU26,0.17842415725030644,AU26 Jaw Drop
p90,neutral_centered_standardized,participant_balanced,Disgust,AU26,0.5633827165072871,AU26 Jaw Drop
p90,neutral_centered_standardized,participant_balanced,Fear,AU26,1.2123200211433753,AU26 Jaw Drop
p90,neutral_centered_standardized,participant_balanced,Happiness,AU26,0.4472276761053975,AU26 Jaw Drop
p90,neutral_centered_standardized,participant_balanced,Neutral,AU26,1.9382300881211517e-18,AU26 Jaw Drop
p90,neutral_centered_standardized,participant_balanced,Sadness,AU26,0.17699655434888953,AU26 Jaw Drop
p90,neutral_centered_standardized,participant_balanced,Surprise,AU26,2.1667802023943277,AU26 Jaw Drop
p90,neutral_centered_standardized,participant_balanced,Anger,AU28,1.3900086188365168,AU28 Lip Suck
p90,neutral_centered_standardized,participant_balanced,Disgust,AU28,1.1698606031396506,AU28 Lip Suck
p90,neutral_centered_standardized,participant_balanced,Fear,AU28,0.21440579296121368,AU28 Lip Suck
p90,neutral_centered_standardized,participant_balanced,Happiness,AU28,1.7003511920120276,AU28 Lip Suck
p90,neutral_centered_standardized,participant_balanced,Neutral,AU28,9.282420069895157e-19,AU28 Lip Suck
p90,neutral_centered_standardized,participant_balanced,Sadness,AU28,0.25658600935852793,AU28 Lip Suck
p90,neutral_centered_standardized,participant_balanced,Surprise,AU28,0.09068396630009806,AU28 Lip Suck
p90,neutral_centered_standardized,participant_balanced,Anger,AU43,0.5602176418091767,AU43 Eyes Closed
p90,neutral_centered_standardized,participant_balanced,Disgust,AU43,1.0224664094776568,AU43 Eyes Closed
p90,neutral_centered_standardized,participant_balanced,Fear,AU43,0.03985036743258372,AU43 Eyes Closed
p90,neutral_centered_standardized,participant_balanced,Happiness,AU43,0.04801997662085876,AU43 Eyes Closed
p90,neutral_centered_standardized,participant_balanced,Neutral,AU43,1.1488174438930496e-18,AU43 Eyes Closed
p90,neutral_centered_standardized,participant_balanced,Sadness,AU43,0.6882409450709455,AU43 Eyes Closed
p90,neutral_centered_standardized,participant_balanced,Surprise,AU43,0.1571253088663544,AU43 Eyes Closed
p90,neutral_centered_standardized,participant_balanced,Anger,AD29,0.45194244127713934,AD29 Jaw Thrust
p90,neutral_centered_standardized,participant_balanced,Disgust,AD29,0.45883440879275955,AD29 Jaw Thrust
p90,neutral_centered_standardized,participant_balanced,Fear,AD29,0.559169955942422,AD29 Jaw Thrust
p90,neutral_centered_standardized,participant_balanced,Happiness,AD29,0.0843575502872442,AD29 Jaw Thrust
p90,neutral_centered_standardized,participant_balanced,Neutral,AD29,3.2229275315054452e-18,AD29 Jaw Thrust
p90,neutral_centered_standardized,participant_balanced,Sadness,AD29,0.7236609531095821,AD29 Jaw Thrust
p90,neutral_centered_standardized,participant_balanced,Surprise,AD29,1.38180528760465,AD29 Jaw Thrust
p90,neutral_centered_standardized,participant_balanced,Anger,AD30,0.7017132641422674,AD30 Jaw Sideways
p90,neutral_centered_standardized,participant_balanced,Disgust,AD30,0.4517327834723215,AD30 Jaw Sideways
p90,neutral_centered_standardized,participant_balanced,Fear,AD30,0.14922563590179747,AD30 Jaw Sideways
p90,neutral_centered_standardized,participant_balanced,Happiness,AD30,0.15738162767407668,AD30 Jaw Sideways
p90,neutral_centered_standardized,participant_balanced,Neutral,AD30,7.936637279741126e-19,AD30 Jaw Sideways
p90,neutral_centered_standardized,participant_balanced,Sadness,AD30,0.8795333130204719,AD30 Jaw Sideways
p90,neutral_centered_standardized,participant_balanced,Surprise,AD30,0.8102982551728607,AD30 Jaw Sideways
p90,neutral_centered_standardized,participant_balanced,Anger,AD34,0.6512891774243683,AD34 Cheek Puff
p90,neutral_centered_standardized,participant_balanced,Disgust,AD34,0.24054001302471123,AD34 Cheek Puff
p90,neutral_centered_standardized,participant_balanced,Fear,AD34,0.04086461448074699,AD34 Cheek Puff
p90,neutral_centered_standardized,participant_balanced,Happiness,AD34,0.02818330300031789,AD34 Cheek Puff
p90,neutral_centered_standardized,participant_balanced,Neutral,AD34,-1.1059451028199892e-18,AD34 Cheek Puff
p90,neutral_centered_standardized,participant_balanced,Sadness,AD34,0.7829029976165972,AD34 Cheek Puff
p90,neutral_centered_standardized,participant_balanced,Surprise,AD34,0.32373543278066147,AD34 Cheek Puff
p90,neutral_centered_standardized,participant_balanced,Anger,AD35,0.00015384458639786198,AD35 Cheek Suck
p90,neutral_centered_standardized,participant_balanced,Disgust,AD35,0.007477897727286875,AD35 Cheek Suck
p90,neutral_centered_standardized,participant_balanced,Fear,AD35,0.009474937579578332,AD35 Cheek Suck
p90,neutral_centered_standardized,participant_balanced,Happiness,AD35,0.00015517888109451035,AD35 Cheek Suck
p90,neutral_centered_standardized,participant_balanced,Neutral,AD35,7.172701228829734e-21,AD35 Cheek Suck
p90,neutral_centered_standardized,participant_balanced,Sadness,AD35,-4.303335636570526e-05,AD35 Cheek Suck
p90,neutral_centered_standardized,participant_balanced,Surprise,AD35,0.6174984406485937,AD35 Cheek Suck
p90,neutral_centered_standardized,participant_balanced,Anger,EYE61,-0.16126144326062297,EYE61 Eyes Turn Left
p90,neutral_centered_standardized,participant_balanced,Disgust,EYE61,-0.11016494900726617,EYE61 Eyes Turn Left
p90,neutral_centered_standardized,participant_balanced,Fear,EYE61,-0.059980313432786495,EYE61 Eyes Turn Left
p90,neutral_centered_standardized,participant_balanced,Happiness,EYE61,-0.12458942262721119,EYE61 Eyes Turn Left
p90,neutral_centered_standardized,participant_balanced,Neutral,EYE61,-7.648692574853757e-20,EYE61 Eyes Turn Left
p90,neutral_centered_standardized,participant_balanced,Sadness,EYE61,-0.0992813784817417,EYE61 Eyes Turn Left
p90,neutral_centered_standardized,participant_balanced,Surprise,EYE61,-0.1315988774651079,EYE61 Eyes Turn Left
p90,neutral_centered_standardized,participant_balanced,Anger,EYE62,-0.03866908351707388,EYE62 Eyes Turn Right
p90,neutral_centered_standardized,participant_balanced,Disgust,EYE62,0.01216418843674383,EYE62 Eyes Turn Right
p90,neutral_centered_standardized,participant_balanced,Fear,EYE62,-0.009044541243300966,EYE62 Eyes Turn Right
p90,neutral_centered_standardized,participant_balanced,Happiness,EYE62,0.10112010163351451,EYE62 Eyes Turn Right
p90,neutral_centered_standardized,participant_balanced,Neutral,EYE62,9.66381712062459e-18,EYE62 Eyes Turn Right
p90,neutral_centered_standardized,participant_balanced,Sadness,EYE62,0.03267043361469402,EYE62 Eyes Turn Right
p90,neutral_centered_standardized,participant_balanced,Surprise,EYE62,0.08808950789584662,EYE62 Eyes Turn Right
p90,neutral_centered_standardized,participant_balanced,Anger,EYE63,0.19257116679855502,EYE63 Eyes Up
p90,neutral_centered_standardized,participant_balanced,Disgust,EYE63,-0.06047827824700916,EYE63 Eyes Up
p90,neutral_centered_standardized,participant_balanced,Fear,EYE63,-0.1388942282748986,EYE63 Eyes Up
p90,neutral_centered_standardized,participant_balanced,Happiness,EYE63,0.023445283368174506,EYE63 Eyes Up
p90,neutral_centered_standardized,participant_balanced,Neutral,EYE63,1.701294865078409e-17,EYE63 Eyes Up
p90,neutral_centered_standardized,participant_balanced,Sadness,EYE63,-0.12743581940133072,EYE63 Eyes Up
p90,neutral_centered_standardized,participant_balanced,Surprise,EYE63,-0.16155080924736911,EYE63 Eyes Up
p90,neutral_centered_standardized,participant_balanced,Anger,EYE64,0.9564174725931055,EYE64 Eyes Down
p90,neutral_centered_standardized,participant_balanced,Disgust,EYE64,1.167923520025097,EYE64 Eyes Down
p90,neutral_centered_standardized,participant_balanced,Fear,EYE64,-0.06879848817264296,EYE64 Eyes Down
p90,neutral_centered_standardized,participant_balanced,Happiness,EYE64,0.28982025883389556,EYE64 Eyes Down
p90,neutral_centered_standardized,participant_balanced,Neutral,EYE64,-3.317532644637565e-18,EYE64 Eyes Down
p90,neutral_centered_standardized,participant_balanced,Sadness,EYE64,0.6149340807691003,EYE64 Eyes Down
p90,neutral_centered_standardized,participant_balanced,Surprise,EYE64,-0.005666277620530505,EYE64 Eyes Down
p90,neutral_centered_standardized,participant_balanced,Anger,UNMAPPED_MouthLeft,0.9550214204584836,MouthLeft (unmapped)
p90,neutral_centered_standardized,participant_balanced,Disgust,UNMAPPED_MouthLeft,1.1067191072473928,MouthLeft (unmapped)
p90,neutral_centered_standardized,participant_balanced,Fear,UNMAPPED_MouthLeft,0.19950177169293917,MouthLeft (unmapped)
p90,neutral_centered_standardized,participant_balanced,Happiness,UNMAPPED_MouthLeft,0.575586697350741,MouthLeft (unmapped)
p90,neutral_centered_standardized,participant_balanced,Neutral,UNMAPPED_MouthLeft,-5.2838823718632726e-18,MouthLeft (unmapped)
p90,neutral_centered_standardized,participant_balanced,Sadness,UNMAPPED_MouthLeft,0.25120154060122657,MouthLeft (unmapped)
p90,neutral_centered_standardized,participant_balanced,Surprise,UNMAPPED_MouthLeft,0.23402617680245058,MouthLeft (unmapped)
p90,neutral_centered_standardized,participant_balanced,Anger,UNMAPPED_MouthRight,0.419443634302184,MouthRight (unmapped)
p90,neutral_centered_standardized,participant_balanced,Disgust,UNMAPPED_MouthRight,0.45812640134489474,MouthRight (unmapped)
p90,neutral_centered_standardized,participant_balanced,Fear,UNMAPPED_MouthRight,0.10193816482508043,MouthRight (unmapped)
p90,neutral_centered_standardized,participant_balanced,Happiness,UNMAPPED_MouthRight,0.297553356813716,MouthRight (unmapped)
p90,neutral_centered_standardized,participant_balanced,Neutral,UNMAPPED_MouthRight,4.780669921132075e-19,MouthRight (unmapped)
p90,neutral_centered_standardized,participant_balanced,Sadness,UNMAPPED_MouthRight,0.017506234040937617,MouthRight (unmapped)
p90,neutral_centered_standardized,participant_balanced,Surprise,UNMAPPED_MouthRight,0.3648677752109859,MouthRight (unmapped)
