pair,source,target,reference,feature,kind,n_error,n_reference,participants_error,error_mean,reference_mean,raw_delta,sd_scaled_delta,shared_participants,within_participant_delta,within_participant_positive,within_participant_negative,abs_sd_delta
Anger__Disgust,Anger,Disgust,Anger: correct,BrowLowererL,FEA,23,28,5,0.2939776790135188,0.1577809692136015,0.1361967097999173,0.9318264893852664,3.0,-0.008056183833223124,2.0,1.0,0.9318264893852664
Anger__Disgust,Anger,Disgust,Anger: correct,BrowLowererR,FEA,23,28,5,0.28775733322181407,0.15085032779468546,0.1369070054271286,0.9696307279251257,3.0,-0.0070280835056261886,2.0,1.0,0.9696307279251257
Anger__Disgust,Anger,Disgust,Anger: correct,CheekPuffL,FEA,23,28,5,0.0008515656701334998,0.012309040807325618,-0.011457475137192119,-1.206000289469416,3.0,-0.0010994877005333313,1.0,2.0,1.206000289469416
Anger__Disgust,Anger,Disgust,Anger: correct,CheekPuffR,FEA,23,28,5,0.000871339336345118,0.01599650324206389,-0.015125163905718771,-1.4211649788303815,3.0,-0.000979805669096743,1.0,2.0,1.4211649788303815
Anger__Disgust,Anger,Disgust,Anger: correct,CheekRaiserL,FEA,23,28,5,0.3226058757081524,0.17582146558840508,0.14678441011974733,0.6878010553374236,3.0,0.03656191551197685,3.0,0.0,0.6878010553374236
Anger__Disgust,Anger,Disgust,Anger: correct,CheekRaiserR,FEA,23,28,5,0.29511325210988976,0.15299894803737554,0.1421143040725142,0.6861737822239239,3.0,0.04566034525157495,3.0,0.0,0.6861737822239239
Anger__Disgust,Anger,Disgust,Anger: correct,CheekSuckL,FEA,23,28,5,4.131311516196766e-10,4.594011454984756e-33,4.131311516196766e-10,4.4421258994241855e-08,3.0,-4.670994881082723e-47,0.0,1.0,4.4421258994241855e-08
Anger__Disgust,Anger,Disgust,Anger: correct,CheekSuckR,FEA,23,28,5,1.626513328735012e-09,1.5052942977760944e-33,1.626513328735012e-09,2.0813955014974758e-07,3.0,4.670994881082723e-47,1.0,0.0,2.0813955014974758e-07
Anger__Disgust,Anger,Disgust,Anger: correct,ChinRaiserB,FEA,23,28,5,0.19250618540560605,0.3388009425074617,-0.14629475710185563,-0.711121212863681,3.0,-0.04346864857662028,2.0,1.0,0.711121212863681
Anger__Disgust,Anger,Disgust,Anger: correct,ChinRaiserT,FEA,23,28,5,0.2658926444436703,0.34535166678641566,-0.07945902234274538,-0.4198991716497321,3.0,-0.009656115273661189,2.0,1.0,0.4198991716497321
Anger__Disgust,Anger,Disgust,Anger: correct,DimplerL,FEA,23,28,5,0.09715619394886339,0.027820300210835546,0.06933589373802784,0.606266876674537,3.0,0.006628665070767925,1.0,2.0,0.606266876674537
Anger__Disgust,Anger,Disgust,Anger: correct,DimplerR,FEA,23,28,5,0.09889272500497735,0.027944834785116696,0.07094789021986066,0.6232900961840119,3.0,0.004485859435612141,1.0,2.0,0.6232900961840119
Anger__Disgust,Anger,Disgust,Anger: correct,EyesClosedL,FEA,23,28,5,0.13568968037961704,0.039077221763228885,0.09661245861638815,0.8915172360292001,3.0,-0.007537855980882202,1.0,2.0,0.8915172360292001
Anger__Disgust,Anger,Disgust,Anger: correct,EyesClosedR,FEA,23,28,5,0.1309384568190877,0.04399097983934375,0.08694747697974395,0.8239700572019166,3.0,-0.05030095718041175,0.0,3.0,0.8239700572019166
Anger__Disgust,Anger,Disgust,Anger: correct,EyesLookDownL,FEA,23,28,5,0.05142596116109701,0.02000118320101511,0.031424777960081904,0.824855334912311,3.0,0.0320850055792435,3.0,0.0,0.824855334912311
Anger__Disgust,Anger,Disgust,Anger: correct,EyesLookDownR,FEA,23,28,5,0.06185149809914324,0.020653250003265233,0.04119824809587801,0.9135782285553362,3.0,0.03391076702437714,3.0,0.0,0.9135782285553362
Anger__Disgust,Anger,Disgust,Anger: correct,EyesLookLeftL,FEA,23,28,5,0.03429501284039545,0.038935487430648015,-0.004640474590252568,-0.05716869646973469,3.0,0.0018054670284295183,2.0,1.0,0.05716869646973469
Anger__Disgust,Anger,Disgust,Anger: correct,EyesLookLeftR,FEA,23,28,5,0.0711341181303673,0.0825269362964155,-0.011392818166048202,-0.10654248670798713,3.0,0.008790082310119416,2.0,1.0,0.10654248670798713
Anger__Disgust,Anger,Disgust,Anger: correct,EyesLookRightL,FEA,23,28,5,0.10693843357376348,0.0727948855964877,0.034143547977275784,0.3703260396991944,3.0,0.016132428509299645,1.0,2.0,0.3703260396991944
Anger__Disgust,Anger,Disgust,Anger: correct,EyesLookRightR,FEA,23,28,5,0.05765120674521944,0.02949099444089195,0.028160212304327487,0.4241305875644211,3.0,0.023305842056611775,3.0,0.0,0.4241305875644211
Anger__Disgust,Anger,Disgust,Anger: correct,EyesLookUpL,FEA,23,28,5,0.08701740182426664,0.18019962500486925,-0.09318222318060261,-0.898341958135734,3.0,-0.042617666752905466,0.0,3.0,0.898341958135734
Anger__Disgust,Anger,Disgust,Anger: correct,EyesLookUpR,FEA,23,28,5,0.08709329709805466,0.18037981361320424,-0.09328651651514958,-0.8980141342135293,3.0,-0.04266216587482228,0.0,3.0,0.8980141342135293
Anger__Disgust,Anger,Disgust,Anger: correct,InnerBrowRaiserL,FEA,23,28,5,0.024675507163675413,0.039286406268873426,-0.014610899105198014,-0.09514639937030293,3.0,-0.024261345124033096,1.0,2.0,0.09514639937030293
Anger__Disgust,Anger,Disgust,Anger: correct,InnerBrowRaiserR,FEA,23,28,5,0.0210078852361868,0.04451280256789982,-0.023504917331713022,-0.14955671257204917,3.0,-0.028469940022671943,1.0,2.0,0.14955671257204917
Anger__Disgust,Anger,Disgust,Anger: correct,JawDrop,FEA,23,28,5,0.12994700599964082,0.01894688492262926,0.11100012107701156,0.6216747733815562,3.0,0.007953090548237635,2.0,1.0,0.6216747733815562
Anger__Disgust,Anger,Disgust,Anger: correct,JawSidewaysLeft,FEA,23,28,5,0.0035679965729844133,0.019986334645927566,-0.016418338072943153,-0.7705763934536006,3.0,0.0015534127345179043,2.0,1.0,0.7705763934536006
Anger__Disgust,Anger,Disgust,Anger: correct,JawSidewaysRight,FEA,23,28,5,0.0052120835819280485,0.023787915332161597,-0.01857583175023355,-0.6838744452565253,3.0,0.000715292670814902,1.0,2.0,0.6838744452565253
Anger__Disgust,Anger,Disgust,Anger: correct,JawThrust,FEA,23,28,5,0.02714050951114228,0.02836131272361509,-0.0012208032124728097,-0.01797486214155746,3.0,-0.017665753841154395,2.0,1.0,0.01797486214155746
Anger__Disgust,Anger,Disgust,Anger: correct,LidTightenerL,FEA,23,28,5,0.27613729449832297,0.3650646685646959,-0.08892737406637291,-0.4940934656514917,3.0,-0.05277052573278731,1.0,2.0,0.4940934656514917
Anger__Disgust,Anger,Disgust,Anger: correct,LidTightenerR,FEA,23,28,5,0.3233933910201377,0.35547475016535957,-0.032081359145221866,-0.17062303252537656,3.0,-0.023389631373374704,2.0,1.0,0.17062303252537656
Anger__Disgust,Anger,Disgust,Anger: correct,LipCornerDepressorL,FEA,23,28,5,0.06336427841462132,0.044288359102527534,0.019075919312093785,0.11451299546414054,3.0,-0.019085418208203826,2.0,1.0,0.11451299546414054
Anger__Disgust,Anger,Disgust,Anger: correct,LipCornerDepressorR,FEA,23,28,5,0.05463152377630105,0.03778279821891768,0.01684872555738337,0.10426795207617753,3.0,-0.01916453920929398,2.0,1.0,0.10426795207617753
Anger__Disgust,Anger,Disgust,Anger: correct,LipCornerPullerL,FEA,23,28,5,0.06441717310421458,0.050135219449108405,0.01428195365510617,0.0632716320048841,3.0,-0.01921289097639023,1.0,2.0,0.0632716320048841
Anger__Disgust,Anger,Disgust,Anger: correct,LipCornerPullerR,FEA,23,28,5,0.06532850133901177,0.051367726695978035,0.01396077464303374,0.060467789722584125,3.0,-0.022187721004857736,1.0,2.0,0.060467789722584125
Anger__Disgust,Anger,Disgust,Anger: correct,LipFunnelerLB,FEA,23,28,5,3.3818010420793026e-08,0.0008805019998637755,-0.0008804681818533548,-0.01756504436044402,3.0,4.336845568348668e-19,1.0,2.0,0.01756504436044402
Anger__Disgust,Anger,Disgust,Anger: correct,LipFunnelerLT,FEA,23,28,5,0.003889190751584971,0.01971393557928808,-0.01582474482770311,-0.3911913446076857,3.0,0.0024395855723807498,1.0,2.0,0.3911913446076857
Anger__Disgust,Anger,Disgust,Anger: correct,LipFunnelerRB,FEA,23,28,5,2.040872619643605e-07,0.0023991288303936,-0.002398924743131636,-0.048297732231861096,3.0,-0.00016568964491747482,0.0,3.0,0.048297732231861096
Anger__Disgust,Anger,Disgust,Anger: correct,LipFunnelerRT,FEA,23,28,5,0.0018318036706946696,0.017964146359028647,-0.016132342688333978,-0.3979349630085424,3.0,0.0019084448644625118,1.0,2.0,0.3979349630085424
Anger__Disgust,Anger,Disgust,Anger: correct,LipPressorL,FEA,23,28,5,0.05239293717648587,0.005985838529154572,0.046407098647331294,1.04740820998507,3.0,0.009423921454134076,2.0,1.0,1.04740820998507
Anger__Disgust,Anger,Disgust,Anger: correct,LipPressorR,FEA,23,28,5,0.05279438440557321,0.0061809846040379824,0.04661339980153523,1.044344950078413,3.0,0.009577420628465984,2.0,1.0,1.044344950078413
Anger__Disgust,Anger,Disgust,Anger: correct,LipPuckerL,FEA,23,28,5,0.11853255055727964,0.15151135799281584,-0.0329788074355362,-0.30559710620502495,3.0,0.04064768692416418,2.0,1.0,0.30559710620502495
Anger__Disgust,Anger,Disgust,Anger: correct,LipPuckerR,FEA,23,28,5,0.11433546543579434,0.147450196358841,-0.03311473092304665,-0.3088655953251226,3.0,0.04283279826172038,2.0,1.0,0.3088655953251226
Anger__Disgust,Anger,Disgust,Anger: correct,LipStretcherL,FEA,23,28,5,0.08434387364244389,0.012035460250428865,0.07230841339201502,0.6705769851744229,3.0,0.0057396251100512675,1.0,2.0,0.6705769851744229
Anger__Disgust,Anger,Disgust,Anger: correct,LipStretcherR,FEA,23,28,5,0.08916471139010693,0.010600098734694722,0.0785646126554122,0.6919208325862484,3.0,0.004103485214381181,1.0,2.0,0.6919208325862484
Anger__Disgust,Anger,Disgust,Anger: correct,LipSuckLB,FEA,23,28,5,0.2283919910622288,0.1606331951345418,0.067758795927687,0.5778912198328503,3.0,-0.022224817041140137,1.0,2.0,0.5778912198328503
Anger__Disgust,Anger,Disgust,Anger: correct,LipSuckLT,FEA,23,28,5,0.0754312519008231,0.05035207428572787,0.025079177615095233,0.34643178272739866,3.0,0.016475607662269676,2.0,1.0,0.34643178272739866
Anger__Disgust,Anger,Disgust,Anger: correct,LipSuckRB,FEA,23,28,5,0.20753581349952388,0.14783853100689032,0.05969728249263356,0.5729836030444219,3.0,-0.022737884708368364,1.0,2.0,0.5729836030444219
Anger__Disgust,Anger,Disgust,Anger: correct,LipSuckRT,FEA,23,28,5,0.06531287467425616,0.042459216713595725,0.022853657960660433,0.33891405488424764,3.0,0.015842360809024684,2.0,1.0,0.33891405488424764
Anger__Disgust,Anger,Disgust,Anger: correct,LipTightenerL,FEA,23,28,5,0.012458218794432591,0.1291609308118089,-0.11670271201737631,-1.9802094573616007,3.0,0.006077471815692258,1.0,2.0,1.9802094573616007
Anger__Disgust,Anger,Disgust,Anger: correct,LipTightenerR,FEA,23,28,5,0.01029142512485242,0.12719506334182287,-0.11690363821697045,-2.0635523655085595,3.0,0.00447726375958432,1.0,2.0,2.0635523655085595
Anger__Disgust,Anger,Disgust,Anger: correct,LipsToward,FEA,23,28,5,0.04794384243398684,0.035907496776659734,0.012036345657327106,0.2851034190198616,3.0,0.005129228583278338,2.0,1.0,0.2851034190198616
Anger__Disgust,Anger,Disgust,Anger: correct,LowerLipDepressorL,FEA,23,28,5,0.07806194991269319,0.006213143776942351,0.07184880613575084,0.600357694543268,3.0,0.03757027704609744,2.0,1.0,0.600357694543268
Anger__Disgust,Anger,Disgust,Anger: correct,LowerLipDepressorR,FEA,23,28,5,0.07463947351044987,0.005778283833081687,0.06886118967736819,0.5900617011985116,3.0,0.03627587813792785,2.0,1.0,0.5900617011985116
Anger__Disgust,Anger,Disgust,Anger: correct,MouthLeft,FEA,23,28,5,0.019157176383423864,0.009699918147822542,0.009457258235601321,0.7925027253425978,3.0,0.0018960593475426813,2.0,1.0,0.7925027253425978
Anger__Disgust,Anger,Disgust,Anger: correct,MouthRight,FEA,23,28,5,0.012349208021768327,0.002771830203999821,0.009577377817768507,1.3173778355532646,3.0,-0.0005644356931894111,2.0,1.0,1.3173778355532646
Anger__Disgust,Anger,Disgust,Anger: correct,NoseWrinklerL,FEA,23,28,5,0.4165877800742588,0.11117312634056198,0.3054146537336968,1.7692474320932516,3.0,0.17425008814134255,2.0,1.0,1.7692474320932516
Anger__Disgust,Anger,Disgust,Anger: correct,NoseWrinklerR,FEA,23,28,5,0.41830989090894816,0.11076392223282175,0.3075459686761264,1.7552229158474035,3.0,0.17490786958297788,2.0,1.0,1.7552229158474035
Anger__Disgust,Anger,Disgust,Anger: correct,OuterBrowRaiserL,FEA,23,28,5,0.031954542717139746,0.023513137252867366,0.00844140546427238,0.05383061692370906,3.0,0.0017510742836787227,2.0,1.0,0.05383061692370906
Anger__Disgust,Anger,Disgust,Anger: correct,OuterBrowRaiserR,FEA,23,28,5,0.03350732026434726,0.024423266355036853,0.009084053909310406,0.05669895107217468,3.0,-0.00739240570683639,1.0,2.0,0.05669895107217468
Anger__Disgust,Anger,Disgust,Anger: correct,UpperLidRaiserL,FEA,23,28,5,0.1442085509108688,0.10315888795815431,0.04104966295271448,0.22937249637858134,3.0,0.08794741182088961,3.0,0.0,0.22937249637858134
Anger__Disgust,Anger,Disgust,Anger: correct,UpperLidRaiserR,FEA,23,28,5,0.17755821511796535,0.12754064196102435,0.050017573156941,0.23245688140753804,3.0,0.0435903099588685,2.0,1.0,0.23245688140753804
Anger__Disgust,Anger,Disgust,Anger: correct,UpperLipRaiserL,FEA,23,28,5,0.3672474762333993,0.15344132144131525,0.21380615479208406,1.1658390034505952,3.0,0.05957956629820649,2.0,1.0,1.1658390034505952
Anger__Disgust,Anger,Disgust,Anger: correct,UpperLipRaiserR,FEA,23,28,5,0.3926932306046406,0.1627081619386747,0.2299850686659659,1.1986921869904372,3.0,0.06276273303134783,2.0,1.0,1.1986921869904372
Anger__Disgust,Anger,Disgust,Anger: correct,AU1,AU-related group,23,28,5,0.022841696199931105,0.04189960441838664,-0.019057908218455533,-0.12293870350379896,3.0,-0.026365642573352523,1.0,2.0,0.12293870350379896
Anger__Disgust,Anger,Disgust,Anger: correct,AU2,AU-related group,23,28,5,0.032730931490743506,0.02396820180395211,0.008762729686791395,0.05544462075200433,3.0,-0.0028206657115788327,2.0,1.0,0.05544462075200433
Anger__Disgust,Anger,Disgust,Anger: correct,AU4,AU-related group,23,28,5,0.29086750611766643,0.15431564850414348,0.13655185761352295,0.9564254959899835,3.0,-0.007542133669424661,2.0,1.0,0.9564254959899835
Anger__Disgust,Anger,Disgust,Anger: correct,AU5,AU-related group,23,28,5,0.1608833830144171,0.11534976495958933,0.045533618054827765,0.24298608720521714,3.0,0.06576886088987903,3.0,0.0,0.24298608720521714
Anger__Disgust,Anger,Disgust,Anger: correct,AU6,AU-related group,23,28,5,0.30885956390902103,0.1644102068128903,0.14444935709613071,0.6881251331210058,3.0,0.04111113038177585,3.0,0.0,0.6881251331210058
Anger__Disgust,Anger,Disgust,Anger: correct,AU7,AU-related group,23,28,5,0.2997653427592303,0.3602697093650277,-0.060504366605797444,-0.34443681475154325,3.0,-0.03808007855308102,2.0,1.0,0.34443681475154325
Anger__Disgust,Anger,Disgust,Anger: correct,AU8,AU-related group,23,28,5,0.04794384243398684,0.035907496776659734,0.012036345657327106,0.2851034190198616,3.0,0.005129228583278338,2.0,1.0,0.2851034190198616
Anger__Disgust,Anger,Disgust,Anger: correct,AU9,AU-related group,23,28,5,0.4174488354916035,0.11096852428669186,0.30648031120491165,1.7629167473542144,3.0,0.1745789788621602,2.0,1.0,1.7629167473542144
Anger__Disgust,Anger,Disgust,Anger: correct,AU10,AU-related group,23,28,5,0.37997035341901997,0.158074741689995,0.22189561172902497,1.1843512178835893,3.0,0.06117114966477714,2.0,1.0,1.1843512178835893
Anger__Disgust,Anger,Disgust,Anger: correct,AU12,AU-related group,23,28,5,0.06487283722161317,0.050751473072543206,0.014121364149069969,0.061862153912255954,3.0,-0.020700305990623974,1.0,2.0,0.061862153912255954
Anger__Disgust,Anger,Disgust,Anger: correct,AU14,AU-related group,23,28,5,0.09802445947692033,0.027882567497976123,0.07014189197894422,0.6150496043716892,3.0,0.005557262253190031,1.0,2.0,0.6150496043716892
Anger__Disgust,Anger,Disgust,Anger: correct,AU15,AU-related group,23,28,5,0.0589979010954612,0.04103557866072262,0.01796232243473858,0.10951580250887279,3.0,-0.019124978708748908,2.0,1.0,0.10951580250887279
Anger__Disgust,Anger,Disgust,Anger: correct,AU16,AU-related group,23,28,5,0.07635071171157154,0.0059957138050120195,0.07035499790655952,0.5954120584563408,3.0,0.03692307759201265,2.0,1.0,0.5954120584563408
Anger__Disgust,Anger,Disgust,Anger: correct,AU17,AU-related group,23,28,5,0.22919941492463813,0.34207630464693867,-0.11287688972230053,-0.5806067294028173,3.0,-0.026562381925140727,2.0,1.0,0.5806067294028173
Anger__Disgust,Anger,Disgust,Anger: correct,AU18,AU-related group,23,28,5,0.116434007996537,0.14948077717582842,-0.03304676917929142,-0.3073019172368471,3.0,0.04174024259294228,2.0,1.0,0.3073019172368471
Anger__Disgust,Anger,Disgust,Anger: correct,AU20,AU-related group,23,28,5,0.08675429251627542,0.011317779492561792,0.07543651302371362,0.6817932452685601,3.0,0.004921555162216224,1.0,2.0,0.6817932452685601
Anger__Disgust,Anger,Disgust,Anger: correct,AU22,AU-related group,23,28,5,0.0014303080818880063,0.010239428192143527,-0.00880912011025552,-0.20913712772865833,3.0,0.0010455851979814467,1.0,2.0,0.20913712772865833
Anger__Disgust,Anger,Disgust,Anger: correct,AU23,AU-related group,23,28,5,0.011374821959642505,0.12817799707681593,-0.11680317511717342,-2.0243568271492496,3.0,0.005277367787638287,1.0,2.0,2.0243568271492496
Anger__Disgust,Anger,Disgust,Anger: correct,AU24,AU-related group,23,28,5,0.052593660791029534,0.006083411566596276,0.04651024922443326,1.0460487536588308,3.0,0.00950067104130003,2.0,1.0,1.0460487536588308
Anger__Disgust,Anger,Disgust,Anger: correct,AU26,AU-related group,23,28,5,0.12994700599964082,0.01894688492262926,0.11100012107701156,0.6216747733815562,3.0,0.007953090548237635,2.0,1.0,0.6216747733815562
Anger__Disgust,Anger,Disgust,Anger: correct,AU28,AU-related group,23,28,5,0.14416798278420798,0.10032075428518891,0.043847228499019064,0.5417791550675466,3.0,-0.0031611833195535435,1.0,2.0,0.5417791550675466
Anger__Disgust,Anger,Disgust,Anger: correct,AU43,AU-related group,23,28,5,0.13331406859935238,0.04153410080128631,0.09177996779806608,0.8783048874227457,3.0,-0.028919406580646973,1.0,2.0,0.8783048874227457
Anger__Disgust,Anger,Disgust,Anger: all,BrowLowererL,FEA,23,54,5,0.2939776790135188,0.20824838085213812,0.08572929816138067,0.5865400938138567,,,,,0.5865400938138567
Anger__Disgust,Anger,Disgust,Anger: all,BrowLowererR,FEA,23,54,5,0.28775733322181407,0.20171234012918707,0.086044993092627,0.6094054064393699,,,,,0.6094054064393699
Anger__Disgust,Anger,Disgust,Anger: all,CheekPuffL,FEA,23,54,5,0.0008515656701334998,0.006783752600886666,-0.005932186930753166,-0.6244149841051532,,,,,0.6244149841051532
Anger__Disgust,Anger,Disgust,Anger: all,CheekPuffR,FEA,23,54,5,0.000871339336345118,0.008759453753449173,-0.007888114417104054,-0.7411696182913252,,,,,0.7411696182913252
Anger__Disgust,Anger,Disgust,Anger: all,CheekRaiserL,FEA,23,54,5,0.3226058757081524,0.23089111430153106,0.09171476140662135,0.4297561957297238,,,,,0.4297561957297238
Anger__Disgust,Anger,Disgust,Anger: all,CheekRaiserR,FEA,23,54,5,0.29511325210988976,0.20643269171412623,0.08868056039576352,0.4281784014186858,,,,,0.4281784014186858
Anger__Disgust,Anger,Disgust,Anger: all,CheekSuckL,FEA,23,54,5,4.131311516196766e-10,1.8357239969374448e-10,2.2955875192593214e-10,2.468293357622241e-08,,,,,2.468293357622241e-08
Anger__Disgust,Anger,Disgust,Anger: all,CheekSuckR,FEA,23,54,5,1.626513328735012e-09,6.985645504375821e-10,9.2794877829743e-10,1.1874654690167703e-07,,,,,1.1874654690167703e-07
Anger__Disgust,Anger,Disgust,Anger: all,ChinRaiserB,FEA,23,54,5,0.19250618540560605,0.2583817705794435,-0.06587558517383746,-0.3202132937293747,,,,,0.3202132937293747
Anger__Disgust,Anger,Disgust,Anger: all,ChinRaiserT,FEA,23,54,5,0.2658926444436703,0.29446230141041074,-0.028569656966740464,-0.15097562165949038,,,,,0.15097562165949038
Anger__Disgust,Anger,Disgust,Anger: all,DimplerL,FEA,23,54,5,0.09715619394886339,0.05873094700403696,0.038425246944826436,0.3359869354061685,,,,,0.3359869354061685
Anger__Disgust,Anger,Disgust,Anger: all,DimplerR,FEA,23,54,5,0.09889272500497735,0.05962189176079601,0.03927083324418134,0.34500139967714116,,,,,0.34500139967714116
Anger__Disgust,Anger,Disgust,Anger: all,EyesClosedL,FEA,23,54,5,0.13568968037961704,0.07840049635426105,0.05728918402535599,0.5286512291282272,,,,,0.5286512291282272
Anger__Disgust,Anger,Disgust,Anger: all,EyesClosedR,FEA,23,54,5,0.1309384568190877,0.07858952900881225,0.05234892781027545,0.49609201486479626,,,,,0.49609201486479626
Anger__Disgust,Anger,Disgust,Anger: all,EyesLookDownL,FEA,23,54,5,0.05142596116109701,0.03292889735622855,0.018497063804868458,0.4855213863098809,,,,,0.4855213863098809
Anger__Disgust,Anger,Disgust,Anger: all,EyesLookDownR,FEA,23,54,5,0.06185149809914324,0.03742261066573517,0.02442888743340807,0.5417147752266583,,,,,0.5417147752266583
Anger__Disgust,Anger,Disgust,Anger: all,EyesLookLeftL,FEA,23,54,5,0.03429501284039545,0.0364163654489352,-0.0021213526085397533,-0.02613417249124263,,,,,0.02613417249124263
Anger__Disgust,Anger,Disgust,Anger: all,EyesLookLeftR,FEA,23,54,5,0.0711341181303673,0.07770282589946063,-0.006568707769093338,-0.06142873957761346,,,,,0.06142873957761346
Anger__Disgust,Anger,Disgust,Anger: all,EyesLookRightL,FEA,23,54,5,0.10693843357376348,0.08598314338804933,0.020955290185714154,0.22728421868716675,,,,,0.22728421868716675
Anger__Disgust,Anger,Disgust,Anger: all,EyesLookRightR,FEA,23,54,5,0.05765120674521944,0.040731402668461654,0.016919804076757784,0.25483495532622,,,,,0.25483495532622
Anger__Disgust,Anger,Disgust,Anger: all,EyesLookUpL,FEA,23,54,5,0.08701740182426664,0.13424231255176877,-0.04722491072750214,-0.4552812470840551,,,,,0.4552812470840551
Anger__Disgust,Anger,Disgust,Anger: all,EyesLookUpR,FEA,23,54,5,0.08709329709805466,0.13438379802189526,-0.0472905009238406,-0.4552376895405904,,,,,0.4552376895405904
Anger__Disgust,Anger,Disgust,Anger: all,InnerBrowRaiserL,FEA,23,54,5,0.024675507163675413,0.03187041349085065,-0.007194906327175239,-0.04685334050344585,,,,,0.04685334050344585
Anger__Disgust,Anger,Disgust,Anger: all,InnerBrowRaiserR,FEA,23,54,5,0.0210078852361868,0.03333720068378754,-0.012329315447600738,-0.07844877140321194,,,,,0.07844877140321194
Anger__Disgust,Anger,Disgust,Anger: all,JawDrop,FEA,23,54,5,0.12994700599964082,0.07026062641632723,0.05968637958331359,0.33428356781411367,,,,,0.33428356781411367
Anger__Disgust,Anger,Disgust,Anger: all,JawSidewaysLeft,FEA,23,54,5,0.0035679965729844133,0.0120902777868537,-0.008522281213869286,-0.39998376769954985,,,,,0.39998376769954985
Anger__Disgust,Anger,Disgust,Anger: all,JawSidewaysRight,FEA,23,54,5,0.0052120835819280485,0.014801889300217332,-0.009589805718289284,-0.3530513817035667,,,,,0.3530513817035667
Anger__Disgust,Anger,Disgust,Anger: all,JawThrust,FEA,23,54,5,0.02714050951114228,0.026546060733569146,0.0005944487775731352,0.008752544814697106,,,,,0.008752544814697106
Anger__Disgust,Anger,Disgust,Anger: all,LidTightenerL,FEA,23,54,5,0.27613729449832297,0.31185318954019686,-0.03571589504187389,-0.1984427241370377,,,,,0.1984427241370377
Anger__Disgust,Anger,Disgust,Anger: all,LidTightenerR,FEA,23,54,5,0.3233933910201377,0.324328427773792,-0.0009350367536543058,-0.004972944123377096,,,,,0.004972944123377096
Anger__Disgust,Anger,Disgust,Anger: all,LipCornerDepressorL,FEA,23,54,5,0.06336427841462132,0.05100690249252134,0.012357375922099977,0.07418149079813832,,,,,0.07418149079813832
Anger__Disgust,Anger,Disgust,Anger: all,LipCornerDepressorR,FEA,23,54,5,0.05463152377630105,0.04364429197609729,0.010987231800203764,0.06799423225761271,,,,,0.06799423225761271
Anger__Disgust,Anger,Disgust,Anger: all,LipCornerPullerL,FEA,23,54,5,0.06441717310421458,0.054254591934525774,0.010162581169688802,0.045022068515004884,,,,,0.045022068515004884
Anger__Disgust,Anger,Disgust,Anger: all,LipCornerPullerR,FEA,23,54,5,0.06532850133901177,0.05524612677173709,0.010082374567274684,0.04366941812519753,,,,,0.04366941812519753
Anger__Disgust,Anger,Disgust,Anger: all,LipFunnelerLB,FEA,23,54,5,3.3818010420793026e-08,0.00045657099648984404,-0.00045653717847942327,-0.009107763298502283,,,,,0.009107763298502283
Anger__Disgust,Anger,Disgust,Anger: all,LipFunnelerLT,FEA,23,54,5,0.003889190751584971,0.012028947594385346,-0.008139756842800376,-0.20121666786944722,,,,,0.20121666786944722
Anger__Disgust,Anger,Disgust,Anger: all,LipFunnelerRB,FEA,23,54,5,2.040872619643605e-07,0.001244079652927468,-0.0012438755656655038,-0.02504304029222758,,,,,0.02504304029222758
Anger__Disgust,Anger,Disgust,Anger: all,LipFunnelerRT,FEA,23,54,5,0.0018318036706946696,0.010241380414275513,-0.008409576743580843,-0.20743822983591345,,,,,0.20743822983591345
Anger__Disgust,Anger,Disgust,Anger: all,LipPressorL,FEA,23,54,5,0.05239293717648587,0.02541927840510191,0.026973658771383958,0.6087954747006803,,,,,0.6087954747006803
Anger__Disgust,Anger,Disgust,Anger: all,LipPressorR,FEA,23,54,5,0.05279438440557321,0.025695584280022565,0.027098800125550642,0.6071321805488856,,,,,0.6071321805488856
Anger__Disgust,Anger,Disgust,Anger: all,LipPuckerL,FEA,23,54,5,0.11853255055727964,0.1310608997179559,-0.012528349160676258,-0.11609356270728254,,,,,0.11609356270728254
Anger__Disgust,Anger,Disgust,Anger: all,LipPuckerR,FEA,23,54,5,0.11433546543579434,0.12706923783207089,-0.012733772396276544,-0.11876962554973762,,,,,0.11876962554973762
Anger__Disgust,Anger,Disgust,Anger: all,LipStretcherL,FEA,23,54,5,0.08434387364244389,0.04390483907283193,0.04043903456961196,0.37502532019391843,,,,,0.37502532019391843
Anger__Disgust,Anger,Disgust,Anger: all,LipStretcherR,FEA,23,54,5,0.08916471139010693,0.04531090430678511,0.043853807083321816,0.38622175663559943,,,,,0.38622175663559943
Anger__Disgust,Anger,Disgust,Anger: all,LipSuckLB,FEA,23,54,5,0.2283919910622288,0.18614587400851204,0.04224611705371675,0.3603024490492468,,,,,0.3603024490492468
Anger__Disgust,Anger,Disgust,Anger: all,LipSuckLT,FEA,23,54,5,0.0754312519008231,0.05913160903296514,0.016299642867857962,0.2251554824960922,,,,,0.2251554824960922
Anger__Disgust,Anger,Disgust,Anger: all,LipSuckRB,FEA,23,54,5,0.20753581349952388,0.16973843748821657,0.03779737601130731,0.3627849675612302,,,,,0.3627849675612302
Anger__Disgust,Anger,Disgust,Anger: all,LipSuckRT,FEA,23,54,5,0.06531287467425616,0.0505574357248938,0.014755438949362355,0.21881948415144842,,,,,0.21881948415144842
Anger__Disgust,Anger,Disgust,Anger: all,LipTightenerL,FEA,23,54,5,0.012458218794432591,0.0732732756817844,-0.060815056887351816,-1.0319087595872412,,,,,1.0319087595872412
Anger__Disgust,Anger,Disgust,Anger: all,LipTightenerR,FEA,23,54,5,0.01029142512485242,0.07107579064224269,-0.06078436551739027,-1.072949680287531,,,,,1.072949680287531
Anger__Disgust,Anger,Disgust,Anger: all,LipsToward,FEA,23,54,5,0.04794384243398684,0.04084228127663928,0.007101561157347558,0.168213793785983,,,,,0.168213793785983
Anger__Disgust,Anger,Disgust,Anger: all,LowerLipDepressorL,FEA,23,54,5,0.07806194991269319,0.038018378126912125,0.040043571785781065,0.3345979944770051,,,,,0.3345979944770051
Anger__Disgust,Anger,Disgust,Anger: all,LowerLipDepressorR,FEA,23,54,5,0.07463947351044987,0.03630743658623484,0.03833203692421504,0.32846175071733,,,,,0.32846175071733
Anger__Disgust,Anger,Disgust,Anger: all,MouthLeft,FEA,23,54,5,0.019157176383423864,0.01344867564861497,0.005708500734808894,0.4783629966797265,,,,,0.4783629966797265
Anger__Disgust,Anger,Disgust,Anger: all,MouthRight,FEA,23,54,5,0.012349208021768327,0.0068554035242390605,0.005493804497529267,0.7556782676444717,,,,,0.7556782676444717
Anger__Disgust,Anger,Disgust,Anger: all,NoseWrinklerL,FEA,23,54,5,0.4165877800742588,0.23793327475590179,0.178654505318357,1.0349340508134215,,,,,1.0349340508134215
Anger__Disgust,Anger,Disgust,Anger: all,NoseWrinklerR,FEA,23,54,5,0.41830989090894816,0.2386257057103733,0.17968418519857485,1.025491573937804,,,,,1.025491573937804
Anger__Disgust,Anger,Disgust,Anger: all,OuterBrowRaiserL,FEA,23,54,5,0.031954542717139746,0.027041548122824312,0.004912994594315434,0.03133003515518774,,,,,0.03133003515518774
Anger__Disgust,Anger,Disgust,Anger: all,OuterBrowRaiserR,FEA,23,54,5,0.03350732026434726,0.028603585881042157,0.004903734383305103,0.030607105444959117,,,,,0.030607105444959117
Anger__Disgust,Anger,Disgust,Anger: all,UpperLidRaiserL,FEA,23,54,5,0.1442085509108688,0.11974129365987585,0.02446725725099294,0.13671527295271219,,,,,0.13671527295271219
Anger__Disgust,Anger,Disgust,Anger: all,UpperLidRaiserR,FEA,23,54,5,0.17755821511796535,0.1467544994565451,0.03080371566142026,0.14316039796554214,,,,,0.14316039796554214
Anger__Disgust,Anger,Disgust,Anger: all,UpperLipRaiserL,FEA,23,54,5,0.3672474762333993,0.24126174927626146,0.12598572695713786,0.6869730878773862,,,,,0.6869730878773862
Anger__Disgust,Anger,Disgust,Anger: all,UpperLipRaiserR,FEA,23,54,5,0.3926932306046406,0.2571182106607485,0.1355750199438921,0.7066229042627645,,,,,0.7066229042627645
Anger__Disgust,Anger,Disgust,Anger: all,AU1,AU-related group,23,54,5,0.022841696199931105,0.0326038070873191,-0.009762110887387997,-0.06297339887457287,,,,,0.06297339887457287
Anger__Disgust,Anger,Disgust,Anger: all,AU2,AU-related group,23,54,5,0.032730931490743506,0.027822567001933238,0.004908364488810268,0.031056807333097132,,,,,0.031056807333097132
Anger__Disgust,Anger,Disgust,Anger: all,AU4,AU-related group,23,54,5,0.29086750611766643,0.20498036049066262,0.08588714562700381,0.6015638109293369,,,,,0.6015638109293369
Anger__Disgust,Anger,Disgust,Anger: all,AU5,AU-related group,23,54,5,0.1608833830144171,0.13324789655821045,0.027635486456206643,0.14747430599344724,,,,,0.14747430599344724
Anger__Disgust,Anger,Disgust,Anger: all,AU6,AU-related group,23,54,5,0.30885956390902103,0.21866190300782867,0.09019766090119236,0.4296819221807314,,,,,0.4296819221807314
Anger__Disgust,Anger,Disgust,Anger: all,AU7,AU-related group,23,54,5,0.2997653427592303,0.3180908086569944,-0.018325465897764126,-0.10432247219094269,,,,,0.10432247219094269
Anger__Disgust,Anger,Disgust,Anger: all,AU8,AU-related group,23,54,5,0.04794384243398684,0.04084228127663928,0.007101561157347558,0.168213793785983,,,,,0.168213793785983
Anger__Disgust,Anger,Disgust,Anger: all,AU9,AU-related group,23,54,5,0.4174488354916035,0.23827949023313758,0.17916934525846592,1.0306066256812683,,,,,1.0306066256812683
Anger__Disgust,Anger,Disgust,Anger: all,AU10,AU-related group,23,54,5,0.37997035341901997,0.249189979968505,0.13078037345051496,0.6980304538898986,,,,,0.6980304538898986
Anger__Disgust,Anger,Disgust,Anger: all,AU12,AU-related group,23,54,5,0.06487283722161317,0.054750359353131446,0.010122477868481729,0.044344036260453114,,,,,0.044344036260453114
Anger__Disgust,Anger,Disgust,Anger: all,AU14,AU-related group,23,54,5,0.09802445947692033,0.059176419382416474,0.038848040094503856,0.3406448132011133,,,,,0.3406448132011133
Anger__Disgust,Anger,Disgust,Anger: all,AU15,AU-related group,23,54,5,0.0589979010954612,0.04732559723430931,0.011672303861151888,0.0711657264324165,,,,,0.0711657264324165
Anger__Disgust,Anger,Disgust,Anger: all,AU16,AU-related group,23,54,5,0.07635071171157154,0.037162907356573474,0.039187804354998065,0.3316451133774864,,,,,0.3316451133774864
Anger__Disgust,Anger,Disgust,Anger: all,AU17,AU-related group,23,54,5,0.22919941492463813,0.2764220359949271,-0.04722262107028896,-0.24289977905045204,,,,,0.24289977905045204
Anger__Disgust,Anger,Disgust,Anger: all,AU18,AU-related group,23,54,5,0.116434007996537,0.1290650687750134,-0.012631060778476394,-0.11745623824531962,,,,,0.11745623824531962
Anger__Disgust,Anger,Disgust,Anger: all,AU20,AU-related group,23,54,5,0.08675429251627542,0.04460787168980852,0.0421464208264669,0.38091825668954693,,,,,0.38091825668954693
Anger__Disgust,Anger,Disgust,Anger: all,AU22,AU-related group,23,54,5,0.0014303080818880063,0.005992744664519541,-0.004562436582631535,-0.10831670704828629,,,,,0.10831670704828629
Anger__Disgust,Anger,Disgust,Anger: all,AU23,AU-related group,23,54,5,0.011374821959642505,0.07217453316201355,-0.06079971120237105,-1.0537411362127107,,,,,1.0537411362127107
Anger__Disgust,Anger,Disgust,Anger: all,AU24,AU-related group,23,54,5,0.052593660791029534,0.025557431342562234,0.0270362294484673,0.6080641275804303,,,,,0.6080641275804303
Anger__Disgust,Anger,Disgust,Anger: all,AU26,AU-related group,23,54,5,0.12994700599964082,0.07026062641632723,0.05968637958331359,0.33428356781411367,,,,,0.33428356781411367
Anger__Disgust,Anger,Disgust,Anger: all,AU28,AU-related group,23,54,5,0.14416798278420798,0.11639333906364688,0.0277746437205611,0.343185271278078,,,,,0.343185271278078
Anger__Disgust,Anger,Disgust,Anger: all,AU43,AU-related group,23,54,5,0.13331406859935238,0.07849501268153664,0.054819055917815745,0.5246008022409973,,,,,0.5246008022409973
Anger__Disgust,Anger,Disgust,Disgust: correct,BrowLowererL,FEA,23,30,5,0.2939776790135188,0.27429085437956846,0.01968682463395033,0.1346927155050001,,,,,0.1346927155050001
Anger__Disgust,Anger,Disgust,Disgust: correct,BrowLowererR,FEA,23,30,5,0.28775733322181407,0.2600669810520221,0.027690352169791987,0.19611426199216378,,,,,0.19611426199216378
Anger__Disgust,Anger,Disgust,Disgust: correct,CheekPuffL,FEA,23,30,5,0.0008515656701334998,0.0011963721404219191,-0.00034480647028841934,-0.036293921479167206,,,,,0.036293921479167206
Anger__Disgust,Anger,Disgust,Disgust: correct,CheekPuffR,FEA,23,30,5,0.000871339336345118,0.001564301059297848,-0.00069296172295273,-0.06511089324182642,,,,,0.06511089324182642
Anger__Disgust,Anger,Disgust,Disgust: correct,CheekRaiserL,FEA,23,30,5,0.3226058757081524,0.3030017535852549,0.019604122122897527,0.09186081733129946,,,,,0.09186081733129946
Anger__Disgust,Anger,Disgust,Disgust: correct,CheekRaiserR,FEA,23,30,5,0.29511325210988976,0.27378535246203944,0.021327899647850312,0.10297799129910508,,,,,0.10297799129910508
Anger__Disgust,Anger,Disgust,Disgust: correct,CheekSuckL,FEA,23,30,5,4.131311516196766e-10,2.502851393756729e-22,4.1313115161942634e-10,4.442125899421495e-08,,,,,4.442125899421495e-08
Anger__Disgust,Anger,Disgust,Disgust: correct,CheekSuckR,FEA,23,30,5,1.626513328735012e-09,1.5102296236078065e-21,1.6265133287335018e-09,2.0813955014955433e-07,,,,,2.0813955014955433e-07
Anger__Disgust,Anger,Disgust,Disgust: correct,ChinRaiserB,FEA,23,30,5,0.19250618540560605,0.146572360430847,0.045933824974759035,0.2232787966883631,,,,,0.2232787966883631
Anger__Disgust,Anger,Disgust,Disgust: correct,ChinRaiserT,FEA,23,30,5,0.2658926444436703,0.2206446865057776,0.045247957937892685,0.23911167664521013,,,,,0.23911167664521013
Anger__Disgust,Anger,Disgust,Disgust: correct,DimplerL,FEA,23,30,5,0.09715619394886339,0.08208190472373685,0.015074289225126547,0.13180824179084197,,,,,0.13180824179084197
Anger__Disgust,Anger,Disgust,Disgust: correct,DimplerR,FEA,23,30,5,0.09889272500497735,0.08216872351244245,0.016724001492534904,0.1469233893574702,,,,,0.1469233893574702
Anger__Disgust,Anger,Disgust,Disgust: correct,EyesClosedL,FEA,23,30,5,0.13568968037961704,0.11425764075747528,0.021432039622141755,0.19776986322506276,,,,,0.19776986322506276
Anger__Disgust,Anger,Disgust,Disgust: correct,EyesClosedR,FEA,23,30,5,0.1309384568190877,0.09957692436876295,0.03136153245032475,0.29720199578711165,,,,,0.29720199578711165
Anger__Disgust,Anger,Disgust,Disgust: correct,EyesLookDownL,FEA,23,30,5,0.05142596116109701,0.06458730813391728,-0.013161346972820266,-0.3454664748611161,,,,,0.3454664748611161
Anger__Disgust,Anger,Disgust,Disgust: correct,EyesLookDownR,FEA,23,30,5,0.06185149809914324,0.0712395332249032,-0.009388035125759961,-0.2081812915890756,,,,,0.2081812915890756
Anger__Disgust,Anger,Disgust,Disgust: correct,EyesLookLeftL,FEA,23,30,5,0.03429501284039545,0.05204596568442259,-0.01775095284402714,-0.21868427796595882,,,,,0.21868427796595882
Anger__Disgust,Anger,Disgust,Disgust: correct,EyesLookLeftR,FEA,23,30,5,0.0711341181303673,0.0894363711694152,-0.018302253039047908,-0.1711576119901648,,,,,0.1711576119901648
Anger__Disgust,Anger,Disgust,Disgust: correct,EyesLookRightL,FEA,23,30,5,0.10693843357376348,0.13229923552408673,-0.025360801950323253,-0.2750670597006937,,,,,0.2750670597006937
Anger__Disgust,Anger,Disgust,Disgust: correct,EyesLookRightR,FEA,23,30,5,0.05765120674521944,0.0833938120670306,-0.025742605321811163,-0.3877181820429996,,,,,0.3877181820429996
Anger__Disgust,Anger,Disgust,Disgust: correct,EyesLookUpL,FEA,23,30,5,0.08701740182426664,0.04750171263441905,0.03951568918984759,0.38095894680564296,,,,,0.38095894680564296
Anger__Disgust,Anger,Disgust,Disgust: correct,EyesLookUpR,FEA,23,30,5,0.08709329709805466,0.047539925921268544,0.03955337117678612,0.38075691642724857,,,,,0.38075691642724857
Anger__Disgust,Anger,Disgust,Disgust: correct,InnerBrowRaiserL,FEA,23,30,5,0.024675507163675413,0.037634553747822604,-0.01295904658414719,-0.08438951038372244,,,,,0.08438951038372244
Anger__Disgust,Anger,Disgust,Disgust: correct,InnerBrowRaiserR,FEA,23,30,5,0.0210078852361868,0.03920420848698498,-0.018196323250798178,-0.11577927494414147,,,,,0.11577927494414147
Anger__Disgust,Anger,Disgust,Disgust: correct,JawDrop,FEA,23,30,5,0.12994700599964082,0.07967732745332241,0.050269678546318405,0.2815437561240501,,,,,0.2815437561240501
Anger__Disgust,Anger,Disgust,Disgust: correct,JawSidewaysLeft,FEA,23,30,5,0.0035679965729844133,0.00540455552997686,-0.001836558956992447,-0.08619684715692151,,,,,0.08619684715692151
Anger__Disgust,Anger,Disgust,Disgust: correct,JawSidewaysRight,FEA,23,30,5,0.0052120835819280485,0.006960622455382143,-0.0017485388734540946,-0.06437294804190151,,,,,0.06437294804190151
Anger__Disgust,Anger,Disgust,Disgust: correct,JawThrust,FEA,23,30,5,0.02714050951114228,0.031235084185679142,-0.0040945746745368605,-0.060287697928016235,,,,,0.060287697928016235
Anger__Disgust,Anger,Disgust,Disgust: correct,LidTightenerL,FEA,23,30,5,0.27613729449832297,0.3302524058114626,-0.05411511131313962,-0.30067145435857534,,,,,0.30067145435857534
Anger__Disgust,Anger,Disgust,Disgust: correct,LidTightenerR,FEA,23,30,5,0.3233933910201377,0.3340970049198887,-0.010703613899750997,-0.056926611316225666,,,,,0.056926611316225666
Anger__Disgust,Anger,Disgust,Disgust: correct,LipCornerDepressorL,FEA,23,30,5,0.06336427841462132,0.14106567134155337,-0.07770139292693205,-0.4664424875270948,,,,,0.4664424875270948
Anger__Disgust,Anger,Disgust,Disgust: correct,LipCornerDepressorR,FEA,23,30,5,0.05463152377630105,0.1173338750109732,-0.06270235123467215,-0.3880320639880957,,,,,0.3880320639880957
Anger__Disgust,Anger,Disgust,Disgust: correct,LipCornerPullerL,FEA,23,30,5,0.06441717310421458,0.06321841641892155,0.001198756685293026,0.005310708442758293,,,,,0.005310708442758293
Anger__Disgust,Anger,Disgust,Disgust: correct,LipCornerPullerR,FEA,23,30,5,0.06532850133901177,0.06382223473119288,0.0015062666078188985,0.0065240371567197655,,,,,0.0065240371567197655
Anger__Disgust,Anger,Disgust,Disgust: correct,LipFunnelerLB,FEA,23,30,5,3.3818010420793026e-08,0.0016048450578995954,-0.0016048112398891745,-0.03201544496412868,,,,,0.03201544496412868
Anger__Disgust,Anger,Disgust,Disgust: correct,LipFunnelerLT,FEA,23,30,5,0.003889190751584971,0.003033288954884653,0.0008559017967003182,0.021158089962827496,,,,,0.021158089962827496
Anger__Disgust,Anger,Disgust,Disgust: correct,LipFunnelerRB,FEA,23,30,5,2.040872619643605e-07,0.001702861684957558,-0.0017026575976955938,-0.034279733439530086,,,,,0.034279733439530086
Anger__Disgust,Anger,Disgust,Disgust: correct,LipFunnelerRT,FEA,23,30,5,0.0018318036706946696,0.002584834192602648,-0.0007530305219079784,-0.018574932275425216,,,,,0.018574932275425216
Anger__Disgust,Anger,Disgust,Disgust: correct,LipPressorL,FEA,23,30,5,0.05239293717648587,0.03156230899864999,0.020830628177835875,0.4701472750627628,,,,,0.4701472750627628
Anger__Disgust,Anger,Disgust,Disgust: correct,LipPressorR,FEA,23,30,5,0.05279438440557321,0.03168112404604156,0.02111326035953165,0.4730297925070337,,,,,0.4730297925070337
Anger__Disgust,Anger,Disgust,Disgust: correct,LipPuckerL,FEA,23,30,5,0.11853255055727964,0.06278937533131,0.05574317522596964,0.516542421160445,,,,,0.516542421160445
Anger__Disgust,Anger,Disgust,Disgust: correct,LipPuckerR,FEA,23,30,5,0.11433546543579434,0.06036019088620097,0.053975274549593374,0.5034347204975962,,,,,0.5034347204975962
Anger__Disgust,Anger,Disgust,Disgust: correct,LipStretcherL,FEA,23,30,5,0.08434387364244389,0.12761503985444464,-0.04327116621200075,-0.4012900687795911,,,,,0.4012900687795911
Anger__Disgust,Anger,Disgust,Disgust: correct,LipStretcherR,FEA,23,30,5,0.08916471139010693,0.13010947703013587,-0.04094476564002894,-0.3606017438914464,,,,,0.3606017438914464
Anger__Disgust,Anger,Disgust,Disgust: correct,LipSuckLB,FEA,23,30,5,0.2283919910622288,0.13452331534001324,0.09386867572221555,0.8005733097013304,,,,,0.8005733097013304
Anger__Disgust,Anger,Disgust,Disgust: correct,LipSuckLT,FEA,23,30,5,0.0754312519008231,0.0633820068780138,0.012049245022809296,0.1664425164905954,,,,,0.1664425164905954
Anger__Disgust,Anger,Disgust,Disgust: correct,LipSuckRB,FEA,23,30,5,0.20753581349952388,0.1207091938069073,0.08682661969261658,0.8333751104630635,,,,,0.8333751104630635
Anger__Disgust,Anger,Disgust,Disgust: correct,LipSuckRT,FEA,23,30,5,0.06531287467425616,0.05427878278109598,0.01103409189316018,0.16363283426721298,,,,,0.16363283426721298
Anger__Disgust,Anger,Disgust,Disgust: correct,LipTightenerL,FEA,23,30,5,0.012458218794432591,0.01172114771655257,0.0007370710778800207,0.012506608406395964,,,,,0.012506608406395964
Anger__Disgust,Anger,Disgust,Disgust: correct,LipTightenerR,FEA,23,30,5,0.01029142512485242,0.011153074078997152,-0.0008616489541447316,-0.015209601383519846,,,,,0.015209601383519846
Anger__Disgust,Anger,Disgust,Disgust: correct,LipsToward,FEA,23,30,5,0.04794384243398684,0.04680573563660595,0.0011381067973808903,0.02695819382235098,,,,,0.02695819382235098
Anger__Disgust,Anger,Disgust,Disgust: correct,LowerLipDepressorL,FEA,23,30,5,0.07806194991269319,0.10522865089944439,-0.027166700986751197,-0.2270008208895875,,,,,0.2270008208895875
Anger__Disgust,Anger,Disgust,Disgust: correct,LowerLipDepressorR,FEA,23,30,5,0.07463947351044987,0.10466178877813244,-0.030022315267682564,-0.2572569324428767,,,,,0.2572569324428767
Anger__Disgust,Anger,Disgust,Disgust: correct,MouthLeft,FEA,23,30,5,0.019157176383423864,0.015137183651866995,0.004019992731556869,0.3368687960346984,,,,,0.3368687960346984
Anger__Disgust,Anger,Disgust,Disgust: correct,MouthRight,FEA,23,30,5,0.012349208021768327,0.009346187553881507,0.00300302046788682,0.4130684493585792,,,,,0.4130684493585792
Anger__Disgust,Anger,Disgust,Disgust: correct,NoseWrinklerL,FEA,23,30,5,0.4165877800742588,0.38990757741705734,0.026680202657201446,0.15455669681173892,,,,,0.15455669681173892
Anger__Disgust,Anger,Disgust,Disgust: correct,NoseWrinklerR,FEA,23,30,5,0.41830989090894816,0.39499705904284066,0.023312831866107497,0.1330507335239406,,,,,0.1330507335239406
Anger__Disgust,Anger,Disgust,Disgust: correct,OuterBrowRaiserL,FEA,23,30,5,0.031954542717139746,0.039968369491745544,-0.008013826774605798,-0.051103959053097316,,,,,0.051103959053097316
Anger__Disgust,Anger,Disgust,Disgust: correct,OuterBrowRaiserR,FEA,23,30,5,0.03350732026434726,0.04868999031497523,-0.01518267005062797,-0.09476402000028154,,,,,0.09476402000028154
Anger__Disgust,Anger,Disgust,Disgust: correct,UpperLidRaiserL,FEA,23,30,5,0.1442085509108688,0.10409050786438198,0.040118043046486807,0.224166899835351,,,,,0.224166899835351
Anger__Disgust,Anger,Disgust,Disgust: correct,UpperLidRaiserR,FEA,23,30,5,0.17755821511796535,0.11682971680702113,0.06072849831094422,0.28223595106525146,,,,,0.28223595106525146
Anger__Disgust,Anger,Disgust,Disgust: correct,UpperLipRaiserL,FEA,23,30,5,0.3672474762333993,0.34382511416588035,0.023422362067518965,0.1277171056081606,,,,,0.1277171056081606
Anger__Disgust,Anger,Disgust,Disgust: correct,UpperLipRaiserR,FEA,23,30,5,0.3926932306046406,0.36387214341973323,0.02882108718490739,0.15021676072065454,,,,,0.15021676072065454
Anger__Disgust,Anger,Disgust,Disgust: correct,AU1,AU-related group,23,30,5,0.022841696199931105,0.03841938111740379,-0.015577684917472686,-0.10048848831637289,,,,,0.10048848831637289
Anger__Disgust,Anger,Disgust,Disgust: correct,AU2,AU-related group,23,30,5,0.032730931490743506,0.044329179903360376,-0.01159824841261687,-0.07338586349347322,,,,,0.07338586349347322
Anger__Disgust,Anger,Disgust,Disgust: correct,AU4,AU-related group,23,30,5,0.29086750611766643,0.26717891771579527,0.023688588401871158,0.1659176982834285,,,,,0.1659176982834285
Anger__Disgust,Anger,Disgust,Disgust: correct,AU5,AU-related group,23,30,5,0.1608833830144171,0.11046011233570158,0.05042327067871552,0.2690792818518753,,,,,0.2690792818518753
Anger__Disgust,Anger,Disgust,Disgust: correct,AU6,AU-related group,23,30,5,0.30885956390902103,0.2883935530236472,0.02046601088537381,0.09749559809796511,,,,,0.09749559809796511
Anger__Disgust,Anger,Disgust,Disgust: correct,AU7,AU-related group,23,30,5,0.2997653427592303,0.33217470536567567,-0.03240936260644539,-0.1844987105975621,,,,,0.1844987105975621
Anger__Disgust,Anger,Disgust,Disgust: correct,AU8,AU-related group,23,30,5,0.04794384243398684,0.04680573563660595,0.0011381067973808903,0.02695819382235098,,,,,0.02695819382235098
Anger__Disgust,Anger,Disgust,Disgust: correct,AU9,AU-related group,23,30,5,0.4174488354916035,0.3924523182299489,0.024996517261654583,0.14378339258679715,,,,,0.14378339258679715
Anger__Disgust,Anger,Disgust,Disgust: correct,AU10,AU-related group,23,30,5,0.37997035341901997,0.35384862879280676,0.026121724626213205,0.1394227498831993,,,,,0.1394227498831993
Anger__Disgust,Anger,Disgust,Disgust: correct,AU12,AU-related group,23,30,5,0.06487283722161317,0.06352032557505721,0.0013525116465559622,0.005925014238293268,,,,,0.005925014238293268
Anger__Disgust,Anger,Disgust,Disgust: correct,AU14,AU-related group,23,30,5,0.09802445947692033,0.08212531411808964,0.01589914535883069,0.13941401902492548,,,,,0.13941401902492548
Anger__Disgust,Anger,Disgust,Disgust: correct,AU15,AU-related group,23,30,5,0.0589979010954612,0.1291997731762633,-0.0702018720808021,-0.42801894835633847,,,,,0.42801894835633847
Anger__Disgust,Anger,Disgust,Disgust: correct,AU16,AU-related group,23,30,5,0.07635071171157154,0.1049452198387884,-0.028594508127216867,-0.2419943920286208,,,,,0.2419943920286208
Anger__Disgust,Anger,Disgust,Disgust: correct,AU17,AU-related group,23,30,5,0.22919941492463813,0.1836085234683123,0.04559089145632583,0.23450662437757236,,,,,0.23450662437757236
Anger__Disgust,Anger,Disgust,Disgust: correct,AU18,AU-related group,23,30,5,0.116434007996537,0.0615747831087555,0.0548592248877815,0.5101359498920943,,,,,0.5101359498920943
Anger__Disgust,Anger,Disgust,Disgust: correct,AU20,AU-related group,23,30,5,0.08675429251627542,0.12886225844229024,-0.04210796592601482,-0.380570702298115,,,,,0.380570702298115
Anger__Disgust,Anger,Disgust,Disgust: correct,AU22,AU-related group,23,30,5,0.0014303080818880063,0.002231457472586114,-0.0008011493906981077,-0.019020070149470006,,,,,0.019020070149470006
Anger__Disgust,Anger,Disgust,Disgust: correct,AU23,AU-related group,23,30,5,0.011374821959642505,0.01143711089777486,-6.22889381323554e-05,-0.0010795514508712299,,,,,0.0010795514508712299
Anger__Disgust,Anger,Disgust,Disgust: correct,AU24,AU-related group,23,30,5,0.052593660791029534,0.03162171652234577,0.020971944268683762,0.47167401873509146,,,,,0.47167401873509146
Anger__Disgust,Anger,Disgust,Disgust: correct,AU26,AU-related group,23,30,5,0.12994700599964082,0.07967732745332241,0.050269678546318405,0.2815437561240501,,,,,0.2815437561240501
Anger__Disgust,Anger,Disgust,Disgust: correct,AU28,AU-related group,23,30,5,0.14416798278420798,0.09322332470150758,0.05094465808270039,0.629475448188657,,,,,0.629475448188657
Anger__Disgust,Anger,Disgust,Disgust: correct,AU43,AU-related group,23,30,5,0.13331406859935238,0.10691728256311912,0.026396786036233258,0.2526087853820829,,,,,0.2526087853820829
Anger__Disgust,Anger,Disgust,Disgust: all,BrowLowererL,FEA,23,54,5,0.2939776790135188,0.20364890998157592,0.09032876903194287,0.6180086131388983,,,,,0.6180086131388983
Anger__Disgust,Anger,Disgust,Disgust: all,BrowLowererR,FEA,23,54,5,0.28775733322181407,0.18631237832654704,0.10144495489526703,0.7184741580794091,,,,,0.7184741580794091
Anger__Disgust,Anger,Disgust,Disgust: all,CheekPuffL,FEA,23,54,5,0.0008515656701334998,0.0024551103065273104,-0.0016035446363938106,-0.1687872129340705,,,,,0.1687872129340705
Anger__Disgust,Anger,Disgust,Disgust: all,CheekPuffR,FEA,23,54,5,0.000871339336345118,0.0027735684401712334,-0.0019022291038261153,-0.17873402238288721,,,,,0.17873402238288721
Anger__Disgust,Anger,Disgust,Disgust: all,CheekRaiserL,FEA,23,54,5,0.3226058757081524,0.29181043352651315,0.030795442181639265,0.14430100318442837,,,,,0.14430100318442837
Anger__Disgust,Anger,Disgust,Disgust: all,CheekRaiserR,FEA,23,54,5,0.29511325210988976,0.2642519848114144,0.03086126729847538,0.1490081708848473,,,,,0.1490081708848473
Anger__Disgust,Anger,Disgust,Disgust: all,CheekSuckL,FEA,23,54,5,4.131311516196766e-10,2.4470741064524488e-05,-2.4470327933372868e-05,-0.002631132439519033,,,,,0.002631132439519033
Anger__Disgust,Anger,Disgust,Disgust: all,CheekSuckR,FEA,23,54,5,1.626513328735012e-09,3.3311644922711e-21,1.6265133287316808e-09,2.0813955014932129e-07,,,,,2.0813955014932129e-07
Anger__Disgust,Anger,Disgust,Disgust: all,ChinRaiserB,FEA,23,54,5,0.19250618540560605,0.11176969308846262,0.08073649231714343,0.3924503753675398,,,,,0.3924503753675398
Anger__Disgust,Anger,Disgust,Disgust: all,ChinRaiserT,FEA,23,54,5,0.2658926444436703,0.17200349018084143,0.09388915426282884,0.4961548347750992,,,,,0.4961548347750992
Anger__Disgust,Anger,Disgust,Disgust: all,DimplerL,FEA,23,54,5,0.09715619394886339,0.10341698908133092,-0.006260795132467523,-0.05474383477050992,,,,,0.05474383477050992
Anger__Disgust,Anger,Disgust,Disgust: all,DimplerR,FEA,23,54,5,0.09889272500497735,0.10316488143265676,-0.004272156427679405,-0.03753166982794983,,,,,0.03753166982794983
Anger__Disgust,Anger,Disgust,Disgust: all,EyesClosedL,FEA,23,54,5,0.13568968037961704,0.08110458807778993,0.05458509230182711,0.5036985013552795,,,,,0.5036985013552795
Anger__Disgust,Anger,Disgust,Disgust: all,EyesClosedR,FEA,23,54,5,0.1309384568190877,0.0811410500258168,0.049797406793270896,0.4719121652433642,,,,,0.4719121652433642
Anger__Disgust,Anger,Disgust,Disgust: all,EyesLookDownL,FEA,23,54,5,0.05142596116109701,0.04890534863136148,0.0025206125297355317,0.06616246246959163,,,,,0.06616246246959163
Anger__Disgust,Anger,Disgust,Disgust: all,EyesLookDownR,FEA,23,54,5,0.06185149809914324,0.05540130715944406,0.006450190939699181,0.1430340921007183,,,,,0.1430340921007183
Anger__Disgust,Anger,Disgust,Disgust: all,EyesLookLeftL,FEA,23,54,5,0.03429501284039545,0.0452460316170609,-0.010951018776665454,-0.13491194840126863,,,,,0.13491194840126863
Anger__Disgust,Anger,Disgust,Disgust: all,EyesLookLeftR,FEA,23,54,5,0.0711341181303673,0.08538495368172593,-0.014250835551358629,-0.13326987538808344,,,,,0.13326987538808344
Anger__Disgust,Anger,Disgust,Disgust: all,EyesLookRightL,FEA,23,54,5,0.10693843357376348,0.10500805150592146,0.001930382067842018,0.020937213284514485,,,,,0.020937213284514485
Anger__Disgust,Anger,Disgust,Disgust: all,EyesLookRightR,FEA,23,54,5,0.05765120674521944,0.058790674164710136,-0.0011394674194906973,-0.017161908472715464,,,,,0.017161908472715464
Anger__Disgust,Anger,Disgust,Disgust: all,EyesLookUpL,FEA,23,54,5,0.08701740182426664,0.0526659598651114,0.03435144195915524,0.33117198303546597,,,,,0.33117198303546597
Anger__Disgust,Anger,Disgust,Disgust: all,EyesLookUpR,FEA,23,54,5,0.08709329709805466,0.05271194991125669,0.03438134718679797,0.33096889969123355,,,,,0.33096889969123355
Anger__Disgust,Anger,Disgust,Disgust: all,InnerBrowRaiserL,FEA,23,54,5,0.024675507163675413,0.042870261616378136,-0.018194754452702723,-0.11848452043485584,,,,,0.11848452043485584
Anger__Disgust,Anger,Disgust,Disgust: all,InnerBrowRaiserR,FEA,23,54,5,0.0210078852361868,0.0402406018594224,-0.019232716623235602,-0.12237362214076292,,,,,0.12237362214076292
Anger__Disgust,Anger,Disgust,Disgust: all,JawDrop,FEA,23,54,5,0.12994700599964082,0.10876266707982257,0.021184338919818246,0.11864643902576415,,,,,0.11864643902576415
Anger__Disgust,Anger,Disgust,Disgust: all,JawSidewaysLeft,FEA,23,54,5,0.0035679965729844133,0.00488835742755227,-0.0013203608545678566,-0.06196966470357416,,,,,0.06196966470357416
Anger__Disgust,Anger,Disgust,Disgust: all,JawSidewaysRight,FEA,23,54,5,0.0052120835819280485,0.007897848655690156,-0.002685765073762107,-0.09887719293567133,,,,,0.09887719293567133
Anger__Disgust,Anger,Disgust,Disgust: all,JawThrust,FEA,23,54,5,0.02714050951114228,0.03868223588235398,-0.011541726371211695,-0.1699380688701531,,,,,0.1699380688701531
Anger__Disgust,Anger,Disgust,Disgust: all,LidTightenerL,FEA,23,54,5,0.27613729449832297,0.2981366222858074,-0.021999327787484424,-0.12223147509571669,,,,,0.12223147509571669
Anger__Disgust,Anger,Disgust,Disgust: all,LidTightenerR,FEA,23,54,5,0.3233933910201377,0.2799414716760359,0.04345191934410181,0.23109676288895423,,,,,0.23109676288895423
Anger__Disgust,Anger,Disgust,Disgust: all,LipCornerDepressorL,FEA,23,54,5,0.06336427841462132,0.11643143957419168,-0.05306716115957036,-0.31856286901507624,,,,,0.31856286901507624
Anger__Disgust,Anger,Disgust,Disgust: all,LipCornerDepressorR,FEA,23,54,5,0.05463152377630105,0.09825104920742044,-0.04361952543111938,-0.2699384337258973,,,,,0.2699384337258973
Anger__Disgust,Anger,Disgust,Disgust: all,LipCornerPullerL,FEA,23,54,5,0.06441717310421458,0.12403860629879152,-0.05962143319457694,-0.2641337082999385,,,,,0.2641337082999385
Anger__Disgust,Anger,Disgust,Disgust: all,LipCornerPullerR,FEA,23,54,5,0.06532850133901177,0.12564717712488532,-0.06031867578587355,-0.2612560618607869,,,,,0.2612560618607869
Anger__Disgust,Anger,Disgust,Disgust: all,LipFunnelerLB,FEA,23,54,5,3.3818010420793026e-08,0.0011374386064590776,-0.0011374047884486567,-0.022690843322501354,,,,,0.022690843322501354
Anger__Disgust,Anger,Disgust,Disgust: all,LipFunnelerLT,FEA,23,54,5,0.003889190751584971,0.0037054494070433144,0.00018374134454165678,0.004542128445916151,,,,,0.004542128445916151
Anger__Disgust,Anger,Disgust,Disgust: all,LipFunnelerRB,FEA,23,54,5,2.040872619643605e-07,0.0011489397558673703,-0.001148735668605406,-0.02312758159101926,,,,,0.02312758159101926
Anger__Disgust,Anger,Disgust,Disgust: all,LipFunnelerRT,FEA,23,54,5,0.0018318036706946696,0.002962436235970985,-0.0011306325652763155,-0.02788920597160635,,,,,0.02788920597160635
Anger__Disgust,Anger,Disgust,Disgust: all,LipPressorL,FEA,23,54,5,0.05239293717648587,0.018620562339771538,0.03377237483671433,0.7622424953450948,,,,,0.7622424953450948
Anger__Disgust,Anger,Disgust,Disgust: all,LipPressorR,FEA,23,54,5,0.05279438440557321,0.01871404361769316,0.03408034078788005,0.7635493645670889,,,,,0.7635493645670889
Anger__Disgust,Anger,Disgust,Disgust: all,LipPuckerL,FEA,23,54,5,0.11853255055727964,0.04466690239111557,0.07386564816616406,0.6844737600552119,,,,,0.6844737600552119
Anger__Disgust,Anger,Disgust,Disgust: all,LipPuckerR,FEA,23,54,5,0.11433546543579434,0.04324851318067585,0.07108695225511849,0.6630376637862077,,,,,0.6630376637862077
Anger__Disgust,Anger,Disgust,Disgust: all,LipStretcherL,FEA,23,54,5,0.08434387364244389,0.10378531040281726,-0.019441436760373368,-0.1802968622690045,,,,,0.1802968622690045
Anger__Disgust,Anger,Disgust,Disgust: all,LipStretcherR,FEA,23,54,5,0.08916471139010693,0.1078616965191718,-0.01869698512906487,-0.16466489275644725,,,,,0.16466489275644725
Anger__Disgust,Anger,Disgust,Disgust: all,LipSuckLB,FEA,23,54,5,0.2283919910622288,0.1284654985704303,0.0999264924917985,0.8522383234396831,,,,,0.8522383234396831
Anger__Disgust,Anger,Disgust,Disgust: all,LipSuckLT,FEA,23,54,5,0.0754312519008231,0.06836339055219018,0.007067861348632923,0.09763206133215471,,,,,0.09763206133215471
Anger__Disgust,Anger,Disgust,Disgust: all,LipSuckRB,FEA,23,54,5,0.20753581349952388,0.11156187647240445,0.09597393702711943,0.9211724544235844,,,,,0.9211724544235844
Anger__Disgust,Anger,Disgust,Disgust: all,LipSuckRT,FEA,23,54,5,0.06531287467425616,0.059501595236439185,0.005811279437816973,0.08617982651732507,,,,,0.08617982651732507
Anger__Disgust,Anger,Disgust,Disgust: all,LipTightenerL,FEA,23,54,5,0.012458218794432591,0.01078156466892883,0.0016766541255037615,0.028449436166937975,,,,,0.028449436166937975
Anger__Disgust,Anger,Disgust,Disgust: all,LipTightenerR,FEA,23,54,5,0.01029142512485242,0.009758413720604316,0.0005330114042481036,0.009408577533214408,,,,,0.009408577533214408
Anger__Disgust,Anger,Disgust,Disgust: all,LipsToward,FEA,23,54,5,0.04794384243398684,0.04191319725471171,0.006030645179275131,0.14284714052394545,,,,,0.14284714052394545
Anger__Disgust,Anger,Disgust,Disgust: all,LowerLipDepressorL,FEA,23,54,5,0.07806194991269319,0.13410445371033966,-0.05604250379764647,-0.46828263663584907,,,,,0.46828263663584907
Anger__Disgust,Anger,Disgust,Disgust: all,LowerLipDepressorR,FEA,23,54,5,0.07463947351044987,0.13049145148914582,-0.05585197797869594,-0.47858762382437375,,,,,0.47858762382437375
Anger__Disgust,Anger,Disgust,Disgust: all,MouthLeft,FEA,23,54,5,0.019157176383423864,0.009755599564349559,0.009401576819074305,0.7878367139839907,,,,,0.7878367139839907
Anger__Disgust,Anger,Disgust,Disgust: all,MouthRight,FEA,23,54,5,0.012349208021768327,0.005664014670412648,0.006685193351355679,0.9195549883314512,,,,,0.9195549883314512
Anger__Disgust,Anger,Disgust,Disgust: all,NoseWrinklerL,FEA,23,54,5,0.4165877800742588,0.24080601683053532,0.17578176324372347,1.0182924408694423,,,,,1.0182924408694423
Anger__Disgust,Anger,Disgust,Disgust: all,NoseWrinklerR,FEA,23,54,5,0.41830989090894816,0.24070146386259614,0.17760842704635202,1.0136448302063803,,,,,1.0136448302063803
Anger__Disgust,Anger,Disgust,Disgust: all,OuterBrowRaiserL,FEA,23,54,5,0.031954542717139746,0.0349691367786915,-0.003014594061551752,-0.01922398572070822,,,,,0.01922398572070822
Anger__Disgust,Anger,Disgust,Disgust: all,OuterBrowRaiserR,FEA,23,54,5,0.03350732026434726,0.03907723090189351,-0.005569910637546249,-0.03476510530072293,,,,,0.03476510530072293
Anger__Disgust,Anger,Disgust,Disgust: all,UpperLidRaiserL,FEA,23,54,5,0.1442085509108688,0.06525532418534884,0.07895322672551995,0.44116558842486436,,,,,0.44116558842486436
Anger__Disgust,Anger,Disgust,Disgust: all,UpperLidRaiserR,FEA,23,54,5,0.17755821511796535,0.07977094952988822,0.09778726558807713,0.45446672769689583,,,,,0.45446672769689583
Anger__Disgust,Anger,Disgust,Disgust: all,UpperLipRaiserL,FEA,23,54,5,0.3672474762333993,0.27941785154940696,0.08782962468399236,0.4789160640141521,,,,,0.4789160640141521
Anger__Disgust,Anger,Disgust,Disgust: all,UpperLipRaiserR,FEA,23,54,5,0.3926932306046406,0.29346367233183784,0.09922955827280278,0.5171887762543388,,,,,0.5171887762543388
Anger__Disgust,Anger,Disgust,Disgust: all,AU1,AU-related group,23,54,5,0.022841696199931105,0.04155543173790027,-0.018713735537969168,-0.12071851529450503,,,,,0.12071851529450503
Anger__Disgust,Anger,Disgust,Disgust: all,AU2,AU-related group,23,54,5,0.032730931490743506,0.03702318384029251,-0.004292252349549004,-0.02715846684753605,,,,,0.02715846684753605
Anger__Disgust,Anger,Disgust,Disgust: all,AU4,AU-related group,23,54,5,0.29086750611766643,0.1949806441540615,0.09588686196360494,0.6716030167236764,,,,,0.6716030167236764
Anger__Disgust,Anger,Disgust,Disgust: all,AU5,AU-related group,23,54,5,0.1608833830144171,0.07251313685761855,0.08837024615679855,0.47157992833222,,,,,0.47157992833222
Anger__Disgust,Anger,Disgust,Disgust: all,AU6,AU-related group,23,54,5,0.30885956390902103,0.27803120916896373,0.030828354740057295,0.14685953704373916,,,,,0.14685953704373916
Anger__Disgust,Anger,Disgust,Disgust: all,AU7,AU-related group,23,54,5,0.2997653427592303,0.28903904698092164,0.010726295778308637,0.061062223426524516,,,,,0.061062223426524516
Anger__Disgust,Anger,Disgust,Disgust: all,AU8,AU-related group,23,54,5,0.04794384243398684,0.04191319725471171,0.006030645179275131,0.14284714052394545,,,,,0.14284714052394545
Anger__Disgust,Anger,Disgust,Disgust: all,AU9,AU-related group,23,54,5,0.4174488354916035,0.24075374034656574,0.17669509514503776,1.0163743999798618,,,,,1.0163743999798618
Anger__Disgust,Anger,Disgust,Disgust: all,AU10,AU-related group,23,54,5,0.37997035341901997,0.2864407619406224,0.09352959147839757,0.499207193474684,,,,,0.499207193474684
Anger__Disgust,Anger,Disgust,Disgust: all,AU12,AU-related group,23,54,5,0.06487283722161317,0.12484289171183839,-0.059970054490225216,-0.26271376489112214,,,,,0.26271376489112214
Anger__Disgust,Anger,Disgust,Disgust: all,AU14,AU-related group,23,54,5,0.09802445947692033,0.10329093525699384,-0.005266475780073512,-0.046179875586185366,,,,,0.046179875586185366
Anger__Disgust,Anger,Disgust,Disgust: all,AU15,AU-related group,23,54,5,0.0589979010954612,0.10734124439080601,-0.048343343295344815,-0.29474807927467617,,,,,0.29474807927467617
Anger__Disgust,Anger,Disgust,Disgust: all,AU16,AU-related group,23,54,5,0.07635071171157154,0.13229795259974272,-0.055947240888171185,-0.47347967953067,,,,,0.47347967953067
Anger__Disgust,Anger,Disgust,Disgust: all,AU17,AU-related group,23,54,5,0.22919941492463813,0.14188659163465203,0.0873128232899861,0.44911241698848403,,,,,0.44911241698848403
Anger__Disgust,Anger,Disgust,Disgust: all,AU18,AU-related group,23,54,5,0.116434007996537,0.04395770778589572,0.07247630021064128,0.6739571389907629,,,,,0.6739571389907629
Anger__Disgust,Anger,Disgust,Disgust: all,AU20,AU-related group,23,54,5,0.08675429251627542,0.10582350346099456,-0.01906921094471914,-0.17234703320159875,,,,,0.17234703320159875
Anger__Disgust,Anger,Disgust,Disgust: all,AU22,AU-related group,23,54,5,0.0014303080818880063,0.0022385660013351867,-0.0008082579194471804,-0.019188833574914382,,,,,0.019188833574914382
Anger__Disgust,Anger,Disgust,Disgust: all,AU23,AU-related group,23,54,5,0.011374821959642505,0.010269989194766573,0.0011048327648759317,0.019148244456463695,,,,,0.019148244456463695
Anger__Disgust,Anger,Disgust,Disgust: all,AU24,AU-related group,23,54,5,0.052593660791029534,0.018667302978732352,0.03392635781229718,0.7630280400022826,,,,,0.7630280400022826
Anger__Disgust,Anger,Disgust,Disgust: all,AU26,AU-related group,23,54,5,0.12994700599964082,0.10876266707982257,0.021184338919818246,0.11864643902576415,,,,,0.11864643902576415
Anger__Disgust,Anger,Disgust,Disgust: all,AU28,AU-related group,23,54,5,0.14416798278420798,0.09197309020786604,0.05219489257634194,0.6449234254220771,,,,,0.6449234254220771
Anger__Disgust,Anger,Disgust,Disgust: all,AU43,AU-related group,23,54,5,0.13331406859935238,0.08112281905180335,0.05219124954754903,0.49945353717239355,,,,,0.49945353717239355
Anger__Disgust,Disgust,Anger,Disgust: correct,BrowLowererL,FEA,2,30,2,0.20540636419924943,0.27429085437956846,-0.06888449018031903,-0.4712918010436366,2.0,-0.037104403169897486,1.0,1.0,0.4712918010436366
Anger__Disgust,Disgust,Anger,Disgust: correct,BrowLowererR,FEA,2,30,2,0.16111893472188962,0.2600669810520221,-0.09894804633013246,-0.7007900427777813,2.0,-0.06593866234170997,0.0,2.0,0.7007900427777813
Anger__Disgust,Disgust,Anger,Disgust: correct,CheekPuffL,FEA,2,30,2,0.03625086126270686,0.0011963721404219191,0.03505448912228494,3.6897940883543243,2.0,0.03545994141868029,2.0,0.0,3.6897940883543243
Anger__Disgust,Disgust,Anger,Disgust: correct,CheekPuffR,FEA,2,30,2,0.036243235296571974,0.001564301059297848,0.034678934237274125,3.2584431579311075,2.0,0.0354538085464919,2.0,0.0,3.2584431579311075
Anger__Disgust,Disgust,Anger,Disgust: correct,CheekRaiserL,FEA,2,30,2,0.19789584490160145,0.3030017535852549,-0.10510590868365344,-0.4925043119759083,2.0,-0.12115517252823338,0.0,2.0,0.4925043119759083
Anger__Disgust,Disgust,Anger,Disgust: correct,CheekRaiserR,FEA,2,30,2,0.15432847773966685,0.27378535246203944,-0.1194568747223726,-0.5767763919040504,2.0,-0.10825998826185242,0.0,2.0,0.5767763919040504
Anger__Disgust,Disgust,Anger,Disgust: correct,CheekSuckL,FEA,2,30,2,5.930119569612569e-36,2.502851393756729e-22,-2.5028513937566696e-22,-2.6911504869648507e-20,2.0,5.930119568386433e-36,2.0,0.0,2.6911504869648507e-20
Anger__Disgust,Disgust,Anger,Disgust: correct,CheekSuckR,FEA,2,30,2,0.0,1.5102296236078065e-21,-1.5102296236078065e-21,-1.932591076428632e-19,2.0,-1.0509738482436128e-45,0.0,2.0,1.932591076428632e-19
Anger__Disgust,Disgust,Anger,Disgust: correct,ChinRaiserB,FEA,2,30,2,0.33900842345319687,0.146572360430847,0.19243606302234986,0.9354085494662571,2.0,0.20534905930571667,2.0,0.0,0.9354085494662571
Anger__Disgust,Disgust,Anger,Disgust: correct,ChinRaiserT,FEA,2,30,2,0.3324269812476511,0.2206446865057776,0.11178229474187348,0.5907106780744863,2.0,0.15365111445441423,2.0,0.0,0.5907106780744863
Anger__Disgust,Disgust,Anger,Disgust: correct,DimplerL,FEA,2,30,2,0.06294275362066623,0.08208190472373685,-0.019139151103070615,-0.1673510318523037,2.0,0.00410110433438228,1.0,1.0,0.1673510318523037
Anger__Disgust,Disgust,Anger,Disgust: correct,DimplerR,FEA,2,30,2,0.06421011797472512,0.08216872351244245,-0.01795860553771733,-0.1577696100369896,2.0,0.0031920315647964645,1.0,1.0,0.1577696100369896
Anger__Disgust,Disgust,Anger,Disgust: correct,EyesClosedL,FEA,2,30,2,0.044877322198917255,0.11425764075747528,-0.06938031855855803,-0.640225398690547,2.0,-0.04932156207733306,0.0,2.0,0.640225398690547
Anger__Disgust,Disgust,Anger,Disgust: correct,EyesClosedR,FEA,2,30,2,0.032901129187394185,0.09957692436876295,-0.06667579518136876,-0.6318625988695996,2.0,-0.02311306018447035,0.0,2.0,0.6318625988695996
Anger__Disgust,Disgust,Anger,Disgust: correct,EyesLookDownL,FEA,2,30,2,0.07479026123535046,0.06458730813391728,0.010202953101433182,0.26781288027771744,2.0,-0.0057459134034064975,1.0,1.0,0.26781288027771744
Anger__Disgust,Disgust,Anger,Disgust: correct,EyesLookDownR,FEA,2,30,2,0.057403250515327256,0.0712395332249032,-0.013836282709575945,-0.306821945879537,2.0,-0.010128523241192715,0.0,2.0,0.306821945879537
Anger__Disgust,Disgust,Anger,Disgust: correct,EyesLookLeftL,FEA,2,30,2,0.051377205985287805,0.05204596568442259,-0.0006687596991347827,-0.008238838400566832,2.0,0.010639439062732778,1.0,1.0,0.008238838400566832
Anger__Disgust,Disgust,Anger,Disgust: correct,EyesLookLeftR,FEA,2,30,2,0.09528816243012744,0.0894363711694152,0.0058517912607122385,0.05472433453474563,2.0,0.029137224553334014,1.0,1.0,0.05472433453474563
Anger__Disgust,Disgust,Anger,Disgust: correct,EyesLookRightL,FEA,2,30,2,0.06429811553098258,0.13229923552408673,-0.06800111999310415,-0.7375503412508925,2.0,-0.08310607102078697,0.0,2.0,0.7375503412508925
Anger__Disgust,Disgust,Anger,Disgust: correct,EyesLookRightR,FEA,2,30,2,0.021080270037054996,0.0833938120670306,-0.062313542029975605,-0.9385255660992424,2.0,-0.06464999367049636,0.0,2.0,0.9385255660992424
Anger__Disgust,Disgust,Anger,Disgust: correct,EyesLookUpL,FEA,2,30,2,0.01311099862214177,0.04750171263441905,-0.03439071401227728,-0.3315505931597736,2.0,-0.0313585865815791,0.0,1.0,0.3315505931597736
Anger__Disgust,Disgust,Anger,Disgust: correct,EyesLookUpR,FEA,2,30,2,0.01316323414600143,0.047539925921268544,-0.034376691775267115,-0.33092408479716884,2.0,-0.03157469974054644,0.0,1.0,0.33092408479716884
Anger__Disgust,Disgust,Anger,Disgust: correct,InnerBrowRaiserL,FEA,2,30,2,0.0728276059349672,0.037634553747822604,0.0351930521871446,0.2291776963449638,2.0,0.043471756235216805,1.0,1.0,0.2291776963449638
Anger__Disgust,Disgust,Anger,Disgust: correct,InnerBrowRaiserR,FEA,2,30,2,0.06536966075452276,0.03920420848698498,0.026165452267537782,0.16648512176701313,2.0,0.040746909831560874,1.0,1.0,0.16648512176701313
Anger__Disgust,Disgust,Anger,Disgust: correct,JawDrop,FEA,2,30,2,0.01858334829409686,0.07967732745332241,-0.061093979159225556,-0.34216706504705746,2.0,-0.016031495035169593,0.0,2.0,0.34216706504705746
Anger__Disgust,Disgust,Anger,Disgust: correct,JawSidewaysLeft,FEA,2,30,2,0.011875444757867667,0.00540455552997686,0.0064708892278908066,0.3037039718339778,2.0,0.0043221951882346475,1.0,1.0,0.3037039718339778
Anger__Disgust,Disgust,Anger,Disgust: correct,JawSidewaysRight,FEA,2,30,2,0.01835425086076911,0.006960622455382143,0.011393628405386968,0.4194596188186856,2.0,0.009451177517903706,1.0,1.0,0.4194596188186856
Anger__Disgust,Disgust,Anger,Disgust: correct,JawThrust,FEA,2,30,2,0.0009364798742863172,0.031235084185679142,-0.030298604311392825,-0.4461105852398094,2.0,-0.04828969740573055,0.0,2.0,0.4461105852398094
Anger__Disgust,Disgust,Anger,Disgust: correct,LidTightenerL,FEA,2,30,2,0.3450231211880843,0.3302524058114626,0.014770715376621724,0.08206824981855078,2.0,-0.02364280209423872,1.0,1.0,0.08206824981855078
Anger__Disgust,Disgust,Anger,Disgust: correct,LidTightenerR,FEA,2,30,2,0.2251163190851609,0.3340970049198887,-0.10898068583472781,-0.5796080839232789,2.0,-0.09867182907280243,0.0,2.0,0.5796080839232789
Anger__Disgust,Disgust,Anger,Disgust: correct,LipCornerDepressorL,FEA,2,30,2,0.10275215470852946,0.14106567134155337,-0.03831351663302392,-0.2299965461497424,2.0,0.02962634596976486,1.0,1.0,0.2299965461497424
Anger__Disgust,Disgust,Anger,Disgust: correct,LipCornerDepressorR,FEA,2,30,2,0.09143670085274298,0.1173338750109732,-0.025897174158230216,-0.16026406892570474,2.0,0.03629126049338433,1.0,1.0,0.16026406892570474
Anger__Disgust,Disgust,Anger,Disgust: correct,LipCornerPullerL,FEA,2,30,2,0.06723656853816157,0.06321841641892155,0.004018152119240018,0.017801139001547166,2.0,0.0019228339796546982,2.0,0.0,0.017801139001547166
Anger__Disgust,Disgust,Anger,Disgust: correct,LipCornerPullerR,FEA,2,30,2,0.06753979613228388,0.06382223473119288,0.003717561401091002,0.016101736961575755,2.0,0.0024377756815888527,1.0,1.0,0.016101736961575755
Anger__Disgust,Disgust,Anger,Disgust: correct,LipFunnelerLB,FEA,2,30,2,1.2130095548007445e-12,0.0016048450578995954,-0.001604845056686586,-0.032016119597873434,2.0,1.1939077805235438e-12,1.0,1.0,0.032016119597873434
Anger__Disgust,Disgust,Anger,Disgust: correct,LipFunnelerLT,FEA,2,30,2,0.007492326987874491,0.003033288954884653,0.0044590380329898385,0.11022844935410485,2.0,0.006546576055427153,2.0,0.0,0.11022844935410485
Anger__Disgust,Disgust,Anger,Disgust: correct,LipFunnelerRB,FEA,2,30,2,9.560121049093697e-13,0.001702861684957558,-0.001702861684001546,-0.034283842324473346,2.0,9.356146245273096e-13,1.0,1.0,0.034283842324473346
Anger__Disgust,Disgust,Anger,Disgust: correct,LipFunnelerRT,FEA,2,30,2,0.0020745465426555056,0.002584834192602648,-0.0005102876499471424,-0.012587216936091676,2.0,0.0012121681946072281,1.0,1.0,0.012587216936091676
Anger__Disgust,Disgust,Anger,Disgust: correct,LipPressorL,FEA,2,30,2,0.004591884502914023,0.03156230899864999,-0.02697042449573597,-0.6087224770997571,2.0,-0.005271153986084505,1.0,1.0,0.6087224770997571
Anger__Disgust,Disgust,Anger,Disgust: correct,LipPressorR,FEA,2,30,2,0.004634065670036856,0.03168112404604156,-0.027047058376004702,-0.6059729380332872,2.0,-0.0050238444237233615,1.0,1.0,0.6059729380332872
Anger__Disgust,Disgust,Anger,Disgust: correct,LipPuckerL,FEA,2,30,2,0.04889291382084604,0.06278937533131,-0.013896461510463962,-0.12877113377699823,2.0,0.019174832904372156,2.0,0.0,0.12877113377699823
Anger__Disgust,Disgust,Anger,Disgust: correct,LipPuckerR,FEA,2,30,2,0.04691670127213002,0.06036019088620097,-0.01344348961407095,-0.12538925448454497,2.0,0.01941508766660348,2.0,0.0,0.12538925448454497
Anger__Disgust,Disgust,Anger,Disgust: correct,LipStretcherL,FEA,2,30,2,0.02158831028888621,0.12761503985444464,-0.10602672956555843,-0.9832754077249253,2.0,-0.021274416087153622,0.0,2.0,0.9832754077249253
Anger__Disgust,Disgust,Anger,Disgust: correct,LipStretcherR,FEA,2,30,2,0.024468552026276767,0.13010947703013587,-0.1056409250038591,-0.9303827042901636,2.0,-0.02033704230441623,0.0,2.0,0.9303827042901636
Anger__Disgust,Disgust,Anger,Disgust: correct,LipSuckLB,FEA,2,30,2,0.15862929146581634,0.13452331534001324,0.02410597612580309,0.20559149196613316,2.0,0.04307755403388252,1.0,1.0,0.20559149196613316
Anger__Disgust,Disgust,Anger,Disgust: correct,LipSuckLT,FEA,2,30,2,0.05888903464997379,0.0633820068780138,-0.004492972228040015,-0.06206377268797393,2.0,-0.03417730203689498,1.0,1.0,0.06206377268797393
Anger__Disgust,Disgust,Anger,Disgust: correct,LipSuckRB,FEA,2,30,2,0.14502616875494515,0.1207091938069073,0.024316974948037848,0.23339802649453903,2.0,0.042238984895266174,1.0,1.0,0.23339802649453903
Anger__Disgust,Disgust,Anger,Disgust: correct,LipSuckRT,FEA,2,30,2,0.04643560553079923,0.05427878278109598,-0.007843177250296748,-0.11631236494611204,2.0,-0.03128666108036543,1.0,1.0,0.11631236494611204
Anger__Disgust,Disgust,Anger,Disgust: correct,LipTightenerL,FEA,2,30,2,0.013740717770097995,0.01172114771655257,0.002019570053545425,0.03426802728662787,2.0,0.006736913953830491,1.0,1.0,0.03426802728662787
Anger__Disgust,Disgust,Anger,Disgust: correct,LipTightenerR,FEA,2,30,2,0.012209013985811912,0.011153074078997152,0.001055939906814761,0.018639174330043844,2.0,0.004790346810524244,1.0,1.0,0.018639174330043844
Anger__Disgust,Disgust,Anger,Disgust: correct,LipsToward,FEA,2,30,2,0.03265323466621335,0.04680573563660595,-0.014152500970392598,-0.33522852610041015,2.0,-0.0010040145548474416,1.0,1.0,0.33522852610041015
Anger__Disgust,Disgust,Anger,Disgust: correct,LowerLipDepressorL,FEA,2,30,2,0.014681142855288543,0.10522865089944439,-0.09054750804415584,-0.7566012032728584,2.0,-0.0363659024084025,0.0,2.0,0.7566012032728584
Anger__Disgust,Disgust,Anger,Disgust: correct,LowerLipDepressorR,FEA,2,30,2,0.01239516767398849,0.10466178877813244,-0.09226662110414395,-0.7906195008774707,2.0,-0.037417935358706834,0.0,2.0,0.7906195008774707
Anger__Disgust,Disgust,Anger,Disgust: correct,MouthLeft,FEA,2,30,2,0.007024444090317616,0.015137183651866995,-0.008112739561549379,-0.6798342661639075,2.0,-0.004655530626036521,0.0,2.0,0.6798342661639075
Anger__Disgust,Disgust,Anger,Disgust: correct,MouthRight,FEA,2,30,2,0.0010117202751340757,0.009346187553881507,-0.008334467278747431,-1.146414255872388,2.0,-0.002177442943287639,0.0,2.0,1.146414255872388
Anger__Disgust,Disgust,Anger,Disgust: correct,NoseWrinklerL,FEA,2,30,2,0.18728034726809709,0.38990757741705734,-0.20262723014896025,-1.173806502833373,2.0,-0.198769429458645,0.0,2.0,1.173806502833373
Anger__Disgust,Disgust,Anger,Disgust: correct,NoseWrinklerR,FEA,2,30,2,0.17979629395122174,0.39499705904284066,-0.21520076509161892,-1.2281914018339233,2.0,-0.19400376002534664,0.0,2.0,1.2281914018339233
Anger__Disgust,Disgust,Anger,Disgust: correct,OuterBrowRaiserL,FEA,2,30,2,0.006727324653713654,0.039968369491745544,-0.03324104483803189,-0.21197725407141904,2.0,-0.028446259706802084,0.0,2.0,0.21197725407141904
Anger__Disgust,Disgust,Anger,Disgust: correct,OuterBrowRaiserR,FEA,2,30,2,0.00270492136232384,0.04868999031497523,-0.04598506895265139,-0.2870200023719242,2.0,-0.017082252271067494,0.0,2.0,0.2870200023719242
Anger__Disgust,Disgust,Anger,Disgust: correct,UpperLidRaiserL,FEA,2,30,2,0.01582316722099977,0.10409050786438198,-0.08826734064338221,-0.49320990273154935,2.0,-0.015167075394641889,0.0,2.0,0.49320990273154935
Anger__Disgust,Disgust,Anger,Disgust: correct,UpperLidRaiserR,FEA,2,30,2,0.010723879680153897,0.11682971680702113,-0.10610583712686723,-0.49312732387586716,2.0,-0.07002746143109846,0.0,2.0,0.49312732387586716
Anger__Disgust,Disgust,Anger,Disgust: correct,UpperLipRaiserL,FEA,2,30,2,0.20113953764860826,0.34382511416588035,-0.1426855765172721,-0.77803377781821,2.0,-0.12677926549280683,0.0,2.0,0.77803377781821
Anger__Disgust,Disgust,Anger,Disgust: correct,UpperLipRaiserR,FEA,2,30,2,0.21964839153612653,0.36387214341973323,-0.1442237518836067,-0.7517004715311335,2.0,-0.1358388703816571,0.0,2.0,0.7517004715311335
Anger__Disgust,Disgust,Anger,Disgust: correct,AU1,AU-related group,2,30,2,0.06909863334474498,0.03841938111740379,0.030679252227341185,0.19790563843952758,2.0,0.042109333033388825,1.0,1.0,0.19790563843952758
Anger__Disgust,Disgust,Anger,Disgust: correct,AU2,AU-related group,2,30,2,0.004716123008018747,0.044329179903360376,-0.03961305689534163,-0.25064460446616904,2.0,-0.022764255988934792,0.0,2.0,0.25064460446616904
Anger__Disgust,Disgust,Anger,Disgust: correct,AU4,AU-related group,2,30,2,0.18326264946056953,0.26717891771579527,-0.08391626825522575,-0.5877595507692642,2.0,-0.05152153275580376,0.0,2.0,0.5877595507692642
Anger__Disgust,Disgust,Anger,Disgust: correct,AU5,AU-related group,2,30,2,0.013273523450576833,0.11046011233570158,-0.09718658888512474,-0.5186275541201957,2.0,-0.04259726841287018,0.0,2.0,0.5186275541201957
Anger__Disgust,Disgust,Anger,Disgust: correct,AU6,AU-related group,2,30,2,0.17611216132063418,0.2883935530236472,-0.11228139170301304,-0.5348839840195956,2.0,-0.11470758039504286,0.0,2.0,0.5348839840195956
Anger__Disgust,Disgust,Anger,Disgust: correct,AU7,AU-related group,2,30,2,0.2850697201366226,0.33217470536567567,-0.0471049852290531,-0.26815735758250075,2.0,-0.06115731558352058,0.0,2.0,0.26815735758250075
Anger__Disgust,Disgust,Anger,Disgust: correct,AU8,AU-related group,2,30,2,0.03265323466621335,0.04680573563660595,-0.014152500970392598,-0.33522852610041015,2.0,-0.0010040145548474416,1.0,1.0,0.33522852610041015
Anger__Disgust,Disgust,Anger,Disgust: correct,AU9,AU-related group,2,30,2,0.1835383206096594,0.3924523182299489,-0.2089139976202895,-1.201701942005939,2.0,-0.19638659474199585,0.0,2.0,1.201701942005939
Anger__Disgust,Disgust,Anger,Disgust: correct,AU10,AU-related group,2,30,2,0.21039396459236737,0.35384862879280676,-0.1434546642004394,-0.7656785320493471,2.0,-0.13130906793723196,0.0,2.0,0.7656785320493471
Anger__Disgust,Disgust,Anger,Disgust: correct,AU12,AU-related group,2,30,2,0.06738818233522273,0.06352032557505721,0.0038678567601655167,0.016944110192334175,2.0,0.0021803048306217815,2.0,0.0,0.016944110192334175
Anger__Disgust,Disgust,Anger,Disgust: correct,AU14,AU-related group,2,30,2,0.06357643579769567,0.08212531411808964,-0.018548878320393966,-0.16264859630421155,2.0,0.003646567949589373,1.0,1.0,0.16264859630421155
Anger__Disgust,Disgust,Anger,Disgust: correct,AU15,AU-related group,2,30,2,0.09709442778063622,0.1291997731762633,-0.03210534539562708,-0.19574543762930816,2.0,0.0329588032315746,1.0,1.0,0.19574543762930816
Anger__Disgust,Disgust,Anger,Disgust: correct,AU16,AU-related group,2,30,2,0.013538155264638516,0.1049452198387884,-0.09140706457414989,-0.7735750137869305,2.0,-0.03689191888355467,0.0,2.0,0.7735750137869305
Anger__Disgust,Disgust,Anger,Disgust: correct,AU17,AU-related group,2,30,2,0.335717702350424,0.1836085234683123,0.15210917888211167,0.7824065057086956,2.0,0.17950008688006547,2.0,0.0,0.7824065057086956
Anger__Disgust,Disgust,Anger,Disgust: correct,AU18,AU-related group,2,30,2,0.04790480754648803,0.0615747831087555,-0.01366997556226747,-0.12711710715424657,2.0,0.01929496028548782,2.0,0.0,0.12711710715424657
Anger__Disgust,Disgust,Anger,Disgust: correct,AU20,AU-related group,2,30,2,0.023028431157581488,0.12886225844229024,-0.10583382728470875,-0.9565233819987309,2.0,-0.020805729195784925,0.0,2.0,0.9565233819987309
Anger__Disgust,Disgust,Anger,Disgust: correct,AU22,AU-related group,2,30,2,0.0023917183831747547,0.002231457472586114,0.0001602609105886407,0.0038047507705869445,2.0,0.0019396860630409758,2.0,0.0,0.0038047507705869445
Anger__Disgust,Disgust,Anger,Disgust: correct,AU23,AU-related group,2,30,2,0.012974865877954954,0.01143711089777486,0.001537754980180094,0.02665137133033841,2.0,0.005763630382177368,1.0,1.0,0.02665137133033841
Anger__Disgust,Disgust,Anger,Disgust: correct,AU24,AU-related group,2,30,2,0.00461297508647544,0.03162171652234577,-0.027008741435870332,-0.6074459025268756,2.0,-0.005147499204903933,1.0,1.0,0.6074459025268756
Anger__Disgust,Disgust,Anger,Disgust: correct,AU26,AU-related group,2,30,2,0.01858334829409686,0.07967732745332241,-0.061093979159225556,-0.34216706504705746,2.0,-0.016031495035169593,0.0,2.0,0.34216706504705746
Anger__Disgust,Disgust,Anger,Disgust: correct,AU28,AU-related group,2,30,2,0.10224502510038364,0.09322332470150758,0.00902170039887605,0.11147270618221543,2.0,0.0049631439529720725,1.0,1.0,0.11147270618221543
Anger__Disgust,Disgust,Anger,Disgust: correct,AU43,AU-related group,2,30,2,0.03888922569315573,0.10691728256311912,-0.0680280568699634,-0.6510067094621528,2.0,-0.03621731113090171,0.0,2.0,0.6510067094621528
Anger__Disgust,Disgust,Anger,Disgust: all,BrowLowererL,FEA,2,54,2,0.20540636419924943,0.20364890998157592,0.0017574542176735097,0.012024096590261615,,,,,0.012024096590261615
Anger__Disgust,Disgust,Anger,Disgust: all,BrowLowererR,FEA,2,54,2,0.16111893472188962,0.18631237832654704,-0.025193443604657417,-0.17843014669053606,,,,,0.17843014669053606
Anger__Disgust,Disgust,Anger,Disgust: all,CheekPuffL,FEA,2,54,2,0.03625086126270686,0.0024551103065273104,0.03379575095617955,3.5573007968994212,,,,,3.5573007968994212
Anger__Disgust,Disgust,Anger,Disgust: all,CheekPuffR,FEA,2,54,2,0.036243235296571974,0.0027735684401712334,0.03346966685640074,3.1448200287900465,,,,,3.1448200287900465
Anger__Disgust,Disgust,Anger,Disgust: all,CheekRaiserL,FEA,2,54,2,0.19789584490160145,0.29181043352651315,-0.0939145886249117,-0.4400641261227794,,,,,0.4400641261227794
Anger__Disgust,Disgust,Anger,Disgust: all,CheekRaiserR,FEA,2,54,2,0.15432847773966685,0.2642519848114144,-0.10992350707174753,-0.5307462123183082,,,,,0.5307462123183082
Anger__Disgust,Disgust,Anger,Disgust: all,CheekSuckL,FEA,2,54,2,5.930119569612569e-36,2.4470741064524488e-05,-2.4470741064524488e-05,-0.0026311768607780272,,,,,0.0026311768607780272
Anger__Disgust,Disgust,Anger,Disgust: all,CheekSuckR,FEA,2,54,2,0.0,3.3311644922711e-21,-3.3311644922711e-21,-4.2627814149875783e-19,,,,,4.2627814149875783e-19
Anger__Disgust,Disgust,Anger,Disgust: all,ChinRaiserB,FEA,2,54,2,0.33900842345319687,0.11176969308846262,0.22723873036473424,1.1045801281454337,,,,,1.1045801281454337
Anger__Disgust,Disgust,Anger,Disgust: all,ChinRaiserT,FEA,2,54,2,0.3324269812476511,0.17200349018084143,0.16042349106680964,0.8477538362043754,,,,,0.8477538362043754
Anger__Disgust,Disgust,Anger,Disgust: all,DimplerL,FEA,2,54,2,0.06294275362066623,0.10341698908133092,-0.040474235460664684,-0.3539031084136556,,,,,0.3539031084136556
Anger__Disgust,Disgust,Anger,Disgust: all,DimplerR,FEA,2,54,2,0.06421011797472512,0.10316488143265676,-0.03895476345793164,-0.3422246692224096,,,,,0.3422246692224096
Anger__Disgust,Disgust,Anger,Disgust: all,EyesClosedL,FEA,2,54,2,0.044877322198917255,0.08110458807778993,-0.03622726587887268,-0.3342967605603302,,,,,0.3342967605603302
Anger__Disgust,Disgust,Anger,Disgust: all,EyesClosedR,FEA,2,54,2,0.032901129187394185,0.0811410500258168,-0.048239920838422615,-0.45715242941334705,,,,,0.45715242941334705
Anger__Disgust,Disgust,Anger,Disgust: all,EyesLookDownL,FEA,2,54,2,0.07479026123535046,0.04890534863136148,0.02588491260398898,0.6794418176084253,,,,,0.6794418176084253
Anger__Disgust,Disgust,Anger,Disgust: all,EyesLookDownR,FEA,2,54,2,0.057403250515327256,0.05540130715944406,0.002001943355883197,0.044393437810256925,,,,,0.044393437810256925
Anger__Disgust,Disgust,Anger,Disgust: all,EyesLookLeftL,FEA,2,54,2,0.051377205985287805,0.0452460316170609,0.0061311743682269035,0.07553349116412333,,,,,0.07553349116412333
Anger__Disgust,Disgust,Anger,Disgust: all,EyesLookLeftR,FEA,2,54,2,0.09528816243012744,0.08538495368172593,0.009903208748401518,0.09261207113682697,,,,,0.09261207113682697
Anger__Disgust,Disgust,Anger,Disgust: all,EyesLookRightL,FEA,2,54,2,0.06429811553098258,0.10500805150592146,-0.04070993597493888,-0.4415460682656843,,,,,0.4415460682656843
Anger__Disgust,Disgust,Anger,Disgust: all,EyesLookRightR,FEA,2,54,2,0.021080270037054996,0.058790674164710136,-0.03771040412765514,-0.5679692925289582,,,,,0.5679692925289582
Anger__Disgust,Disgust,Anger,Disgust: all,EyesLookUpL,FEA,2,54,2,0.01311099862214177,0.0526659598651114,-0.03955496124296963,-0.3813375569299505,,,,,0.3813375569299505
Anger__Disgust,Disgust,Anger,Disgust: all,EyesLookUpR,FEA,2,54,2,0.01316323414600143,0.05271194991125669,-0.03954871576525526,-0.38071210153318386,,,,,0.38071210153318386
Anger__Disgust,Disgust,Anger,Disgust: all,InnerBrowRaiserL,FEA,2,54,2,0.0728276059349672,0.042870261616378136,0.02995734431858907,0.19508268629383038,,,,,0.19508268629383038
Anger__Disgust,Disgust,Anger,Disgust: all,InnerBrowRaiserR,FEA,2,54,2,0.06536966075452276,0.0402406018594224,0.025129058895100358,0.1598907745703917,,,,,0.1598907745703917
Anger__Disgust,Disgust,Anger,Disgust: all,JawDrop,FEA,2,54,2,0.01858334829409686,0.10876266707982257,-0.09017931878572572,-0.5050643821453434,,,,,0.5050643821453434
Anger__Disgust,Disgust,Anger,Disgust: all,JawSidewaysLeft,FEA,2,54,2,0.011875444757867667,0.00488835742755227,0.006987087330315397,0.32793115428732517,,,,,0.32793115428732517
Anger__Disgust,Disgust,Anger,Disgust: all,JawSidewaysRight,FEA,2,54,2,0.01835425086076911,0.007897848655690156,0.010456402205078956,0.3849553739249158,,,,,0.3849553739249158
Anger__Disgust,Disgust,Anger,Disgust: all,JawThrust,FEA,2,54,2,0.0009364798742863172,0.03868223588235398,-0.03774575600806766,-0.5557609561819463,,,,,0.5557609561819463
Anger__Disgust,Disgust,Anger,Disgust: all,LidTightenerL,FEA,2,54,2,0.3450231211880843,0.2981366222858074,0.04688649890227692,0.26050822908140947,,,,,0.26050822908140947
Anger__Disgust,Disgust,Anger,Disgust: all,LidTightenerR,FEA,2,54,2,0.2251163190851609,0.2799414716760359,-0.054825152590875004,-0.29158470971809897,,,,,0.29158470971809897
Anger__Disgust,Disgust,Anger,Disgust: all,LipCornerDepressorL,FEA,2,54,2,0.10275215470852946,0.11643143957419168,-0.013679284865662222,-0.08211692763772385,,,,,0.08211692763772385
Anger__Disgust,Disgust,Anger,Disgust: all,LipCornerDepressorR,FEA,2,54,2,0.09143670085274298,0.09825104920742044,-0.006814348354677452,-0.042170438663506386,,,,,0.042170438663506386
Anger__Disgust,Disgust,Anger,Disgust: all,LipCornerPullerL,FEA,2,54,2,0.06723656853816157,0.12403860629879152,-0.05680203776062995,-0.2516432777411496,,,,,0.2516432777411496
Anger__Disgust,Disgust,Anger,Disgust: all,LipCornerPullerR,FEA,2,54,2,0.06753979613228388,0.12564717712488532,-0.058107380992601446,-0.25167836205593097,,,,,0.25167836205593097
Anger__Disgust,Disgust,Anger,Disgust: all,LipFunnelerLB,FEA,2,54,2,1.2130095548007445e-12,0.0011374386064590776,-0.001137438605246068,-0.022691517956246104,,,,,0.022691517956246104
Anger__Disgust,Disgust,Anger,Disgust: all,LipFunnelerLT,FEA,2,54,2,0.007492326987874491,0.0037054494070433144,0.0037868775808311767,0.09361248783719349,,,,,0.09361248783719349
Anger__Disgust,Disgust,Anger,Disgust: all,LipFunnelerRB,FEA,2,54,2,9.560121049093697e-13,0.0011489397558673703,-0.0011489397549113581,-0.02313169047596252,,,,,0.02313169047596252
Anger__Disgust,Disgust,Anger,Disgust: all,LipFunnelerRT,FEA,2,54,2,0.0020745465426555056,0.002962436235970985,-0.0008878896933154795,-0.02190149063227281,,,,,0.02190149063227281
Anger__Disgust,Disgust,Anger,Disgust: all,LipPressorL,FEA,2,54,2,0.004591884502914023,0.018620562339771538,-0.014028677836857514,-0.3166272568174252,,,,,0.3166272568174252
Anger__Disgust,Disgust,Anger,Disgust: all,LipPressorR,FEA,2,54,2,0.004634065670036856,0.01871404361769316,-0.014079977947656305,-0.31545336597323215,,,,,0.31545336597323215
Anger__Disgust,Disgust,Anger,Disgust: all,LipPuckerL,FEA,2,54,2,0.04889291382084604,0.04466690239111557,0.004226011429730468,0.03916020511776864,,,,,0.03916020511776864
Anger__Disgust,Disgust,Anger,Disgust: all,LipPuckerR,FEA,2,54,2,0.04691670127213002,0.04324851318067585,0.0036681880914541665,0.034213688804066514,,,,,0.034213688804066514
Anger__Disgust,Disgust,Anger,Disgust: all,LipStretcherL,FEA,2,54,2,0.02158831028888621,0.10378531040281726,-0.08219700011393105,-0.7622822012143387,,,,,0.7622822012143387
Anger__Disgust,Disgust,Anger,Disgust: all,LipStretcherR,FEA,2,54,2,0.024468552026276767,0.1078616965191718,-0.08339314449289503,-0.7344458531551644,,,,,0.7344458531551644
Anger__Disgust,Disgust,Anger,Disgust: all,LipSuckLB,FEA,2,54,2,0.15862929146581634,0.1284654985704303,0.030163792895386038,0.2572565057044858,,,,,0.2572565057044858
Anger__Disgust,Disgust,Anger,Disgust: all,LipSuckLT,FEA,2,54,2,0.05888903464997379,0.06836339055219018,-0.009474355902216389,-0.13087422784641461,,,,,0.13087422784641461
Anger__Disgust,Disgust,Anger,Disgust: all,LipSuckRB,FEA,2,54,2,0.14502616875494515,0.11156187647240445,0.03346429228254069,0.32119537045506,,,,,0.32119537045506
Anger__Disgust,Disgust,Anger,Disgust: all,LipSuckRT,FEA,2,54,2,0.04643560553079923,0.059501595236439185,-0.013065989705639956,-0.19376537269599994,,,,,0.19376537269599994
Anger__Disgust,Disgust,Anger,Disgust: all,LipTightenerL,FEA,2,54,2,0.013740717770097995,0.01078156466892883,0.002959153101169166,0.05021085504716988,,,,,0.05021085504716988
Anger__Disgust,Disgust,Anger,Disgust: all,LipTightenerR,FEA,2,54,2,0.012209013985811912,0.009758413720604316,0.002450600265207596,0.043257353246778096,,,,,0.043257353246778096
Anger__Disgust,Disgust,Anger,Disgust: all,LipsToward,FEA,2,54,2,0.03265323466621335,0.04191319725471171,-0.009259962588498358,-0.21933957939881568,,,,,0.21933957939881568
Anger__Disgust,Disgust,Anger,Disgust: all,LowerLipDepressorL,FEA,2,54,2,0.014681142855288543,0.13410445371033966,-0.11942331085505112,-0.9978830190191199,,,,,0.9978830190191199
Anger__Disgust,Disgust,Anger,Disgust: all,LowerLipDepressorR,FEA,2,54,2,0.01239516767398849,0.13049145148914582,-0.11809628381515733,-1.0119501922589678,,,,,1.0119501922589678
Anger__Disgust,Disgust,Anger,Disgust: all,MouthLeft,FEA,2,54,2,0.007024444090317616,0.009755599564349559,-0.002731155474031943,-0.22886634821461518,,,,,0.22886634821461518
Anger__Disgust,Disgust,Anger,Disgust: all,MouthRight,FEA,2,54,2,0.0010117202751340757,0.005664014670412648,-0.004652294395278572,-0.639927716899516,,,,,0.639927716899516
Anger__Disgust,Disgust,Anger,Disgust: all,NoseWrinklerL,FEA,2,54,2,0.18728034726809709,0.24080601683053532,-0.05352566956243823,-0.3100707587756696,,,,,0.3100707587756696
Anger__Disgust,Disgust,Anger,Disgust: all,NoseWrinklerR,FEA,2,54,2,0.17979629395122174,0.24070146386259614,-0.0609051699113744,-0.3475973051514836,,,,,0.3475973051514836
Anger__Disgust,Disgust,Anger,Disgust: all,OuterBrowRaiserL,FEA,2,54,2,0.006727324653713654,0.0349691367786915,-0.028241812124977846,-0.18009728073902995,,,,,0.18009728073902995
Anger__Disgust,Disgust,Anger,Disgust: all,OuterBrowRaiserR,FEA,2,54,2,0.00270492136232384,0.03907723090189351,-0.03637230953956967,-0.2270210876723656,,,,,0.2270210876723656
Anger__Disgust,Disgust,Anger,Disgust: all,UpperLidRaiserL,FEA,2,54,2,0.01582316722099977,0.06525532418534884,-0.049432156964349064,-0.27621121414203603,,,,,0.27621121414203603
Anger__Disgust,Disgust,Anger,Disgust: all,UpperLidRaiserR,FEA,2,54,2,0.010723879680153897,0.07977094952988822,-0.06904706984973433,-0.32089654724422284,,,,,0.32089654724422284
Anger__Disgust,Disgust,Anger,Disgust: all,UpperLipRaiserL,FEA,2,54,2,0.20113953764860826,0.27941785154940696,-0.0782783139007987,-0.42683481941221846,,,,,0.42683481941221846
Anger__Disgust,Disgust,Anger,Disgust: all,UpperLipRaiserR,FEA,2,54,2,0.21964839153612653,0.29346367233183784,-0.07381528079571131,-0.38472845599744926,,,,,0.38472845599744926
Anger__Disgust,Disgust,Anger,Disgust: all,AU1,AU-related group,2,54,2,0.06909863334474498,0.04155543173790027,0.027543201606844703,0.17767561146139543,,,,,0.17767561146139543
Anger__Disgust,Disgust,Anger,Disgust: all,AU2,AU-related group,2,54,2,0.004716123008018747,0.03702318384029251,-0.03230706083227376,-0.2044172078202319,,,,,0.2044172078202319
Anger__Disgust,Disgust,Anger,Disgust: all,AU4,AU-related group,2,54,2,0.18326264946056953,0.1949806441540615,-0.011717994693491968,-0.0820742323290164,,,,,0.0820742323290164
Anger__Disgust,Disgust,Anger,Disgust: all,AU5,AU-related group,2,54,2,0.013273523450576833,0.07251313685761855,-0.059239613407041716,-0.316126907639851,,,,,0.316126907639851
Anger__Disgust,Disgust,Anger,Disgust: all,AU6,AU-related group,2,54,2,0.17611216132063418,0.27803120916896373,-0.10191904784832956,-0.48552004507382157,,,,,0.48552004507382157
Anger__Disgust,Disgust,Anger,Disgust: all,AU7,AU-related group,2,54,2,0.2850697201366226,0.28903904698092164,-0.00396932684429907,-0.022596423558414132,,,,,0.022596423558414132
Anger__Disgust,Disgust,Anger,Disgust: all,AU8,AU-related group,2,54,2,0.03265323466621335,0.04191319725471171,-0.009259962588498358,-0.21933957939881568,,,,,0.21933957939881568
Anger__Disgust,Disgust,Anger,Disgust: all,AU9,AU-related group,2,54,2,0.1835383206096594,0.24075374034656574,-0.05721541973690633,-0.3291109346128743,,,,,0.3291109346128743
Anger__Disgust,Disgust,Anger,Disgust: all,AU10,AU-related group,2,54,2,0.21039396459236737,0.2864407619406224,-0.07604679734825504,-0.4058940884578624,,,,,0.4058940884578624
Anger__Disgust,Disgust,Anger,Disgust: all,AU12,AU-related group,2,54,2,0.06738818233522273,0.12484289171183839,-0.05745470937661566,-0.25169466893708126,,,,,0.25169466893708126
Anger__Disgust,Disgust,Anger,Disgust: all,AU14,AU-related group,2,54,2,0.06357643579769567,0.10329093525699384,-0.03971449945929817,-0.3482424909153224,,,,,0.3482424909153224
Anger__Disgust,Disgust,Anger,Disgust: all,AU15,AU-related group,2,54,2,0.09709442778063622,0.10734124439080601,-0.010246816610169796,-0.06247456854764586,,,,,0.06247456854764586
Anger__Disgust,Disgust,Anger,Disgust: all,AU16,AU-related group,2,54,2,0.013538155264638516,0.13229795259974272,-0.11875979733510421,-1.0050603012889798,,,,,1.0050603012889798
Anger__Disgust,Disgust,Anger,Disgust: all,AU17,AU-related group,2,54,2,0.335717702350424,0.14188659163465203,0.19383111071577194,0.9970122983196074,,,,,0.9970122983196074
Anger__Disgust,Disgust,Anger,Disgust: all,AU18,AU-related group,2,54,2,0.04790480754648803,0.04395770778589572,0.003947099760592307,0.03670408194442214,,,,,0.03670408194442214
Anger__Disgust,Disgust,Anger,Disgust: all,AU20,AU-related group,2,54,2,0.023028431157581488,0.10582350346099456,-0.08279507230341307,-0.7482997129022146,,,,,0.7482997129022146
Anger__Disgust,Disgust,Anger,Disgust: all,AU22,AU-related group,2,54,2,0.0023917183831747547,0.0022385660013351867,0.00015315238183956793,0.0036359873451425676,,,,,0.0036359873451425676
Anger__Disgust,Disgust,Anger,Disgust: all,AU23,AU-related group,2,54,2,0.012974865877954954,0.010269989194766573,0.002704876683188381,0.04687916723767333,,,,,0.04687916723767333
Anger__Disgust,Disgust,Anger,Disgust: all,AU24,AU-related group,2,54,2,0.00461297508647544,0.018667302978732352,-0.014054327892256913,-0.31609188125968435,,,,,0.31609188125968435
Anger__Disgust,Disgust,Anger,Disgust: all,AU26,AU-related group,2,54,2,0.01858334829409686,0.10876266707982257,-0.09017931878572572,-0.5050643821453434,,,,,0.5050643821453434
Anger__Disgust,Disgust,Anger,Disgust: all,AU28,AU-related group,2,54,2,0.10224502510038364,0.09197309020786604,0.010271934892517598,0.12692068341563562,,,,,0.12692068341563562
Anger__Disgust,Disgust,Anger,Disgust: all,AU43,AU-related group,2,54,2,0.03888922569315573,0.08112281905180335,-0.042233593358647625,-0.4041619576718422,,,,,0.4041619576718422
Anger__Disgust,Disgust,Anger,Anger: correct,BrowLowererL,FEA,2,28,2,0.20540636419924943,0.1577809692136015,0.04762539498564794,0.3258419728366297,,,,,0.3258419728366297
Anger__Disgust,Disgust,Anger,Anger: correct,BrowLowererR,FEA,2,28,2,0.16111893472188962,0.15085032779468546,0.01026860692720416,0.07272642315518058,,,,,0.07272642315518058
Anger__Disgust,Disgust,Anger,Anger: correct,CheekPuffL,FEA,2,28,2,0.03625086126270686,0.012309040807325618,0.023941820455381242,2.5200877203640757,,,,,2.5200877203640757
Anger__Disgust,Disgust,Anger,Anger: correct,CheekPuffR,FEA,2,28,2,0.036243235296571974,0.01599650324206389,0.020246732054508085,1.9023890723425525,,,,,1.9023890723425525
Anger__Disgust,Disgust,Anger,Anger: correct,CheekRaiserL,FEA,2,28,2,0.19789584490160145,0.17582146558840508,0.022074379313196363,0.10343592603021584,,,,,0.10343592603021584
Anger__Disgust,Disgust,Anger,Anger: correct,CheekRaiserR,FEA,2,28,2,0.15432847773966685,0.15299894803737554,0.0013295297022913044,0.006419399020768339,,,,,0.006419399020768339
Anger__Disgust,Disgust,Anger,Anger: correct,CheekSuckL,FEA,2,28,2,5.930119569612569e-36,4.594011454984756e-33,-4.5880813354151436e-33,-4.933260261011413e-31,,,,,4.933260261011413e-31
Anger__Disgust,Disgust,Anger,Anger: correct,CheekSuckR,FEA,2,28,2,0.0,1.5052942977760944e-33,-1.5052942977760944e-33,-1.9262755026161882e-31,,,,,1.9262755026161882e-31
Anger__Disgust,Disgust,Anger,Anger: correct,ChinRaiserB,FEA,2,28,2,0.33900842345319687,0.3388009425074617,0.0002074809457351945,0.0010085399142129858,,,,,0.0010085399142129858
Anger__Disgust,Disgust,Anger,Anger: correct,ChinRaiserT,FEA,2,28,2,0.3324269812476511,0.34535166678641566,-0.01292468553876458,-0.06830017022045591,,,,,0.06830017022045591
Anger__Disgust,Disgust,Anger,Anger: correct,DimplerL,FEA,2,28,2,0.06294275362066623,0.027820300210835546,0.03512245340983068,0.3071076030313914,,,,,0.3071076030313914
Anger__Disgust,Disgust,Anger,Anger: correct,DimplerR,FEA,2,28,2,0.06421011797472512,0.027944834785116696,0.03626528318960842,0.3185970967895521,,,,,0.3185970967895521
Anger__Disgust,Disgust,Anger,Anger: correct,EyesClosedL,FEA,2,28,2,0.044877322198917255,0.039077221763228885,0.00580010043568837,0.05352197411359045,,,,,0.05352197411359045
Anger__Disgust,Disgust,Anger,Anger: correct,EyesClosedR,FEA,2,28,2,0.032901129187394185,0.04399097983934375,-0.011089850651949562,-0.10509453745479462,,,,,0.10509453745479462
Anger__Disgust,Disgust,Anger,Anger: correct,EyesLookDownL,FEA,2,28,2,0.07479026123535046,0.02000118320101511,0.054789078034335345,1.4381346900511442,,,,,1.4381346900511442
Anger__Disgust,Disgust,Anger,Anger: correct,EyesLookDownR,FEA,2,28,2,0.057403250515327256,0.020653250003265233,0.03675000051206202,0.8149375742648748,,,,,0.8149375742648748
Anger__Disgust,Disgust,Anger,Anger: correct,EyesLookLeftL,FEA,2,28,2,0.051377205985287805,0.038935487430648015,0.01244171855463979,0.15327674309565728,,,,,0.15327674309565728
Anger__Disgust,Disgust,Anger,Anger: correct,EyesLookLeftR,FEA,2,28,2,0.09528816243012744,0.0825269362964155,0.012761226133711945,0.11933945981692327,,,,,0.11933945981692327
Anger__Disgust,Disgust,Anger,Anger: correct,EyesLookRightL,FEA,2,28,2,0.06429811553098258,0.0727948855964877,-0.008496770065505116,-0.09215724185100434,,,,,0.09215724185100434
Anger__Disgust,Disgust,Anger,Anger: correct,EyesLookRightR,FEA,2,28,2,0.021080270037054996,0.02949099444089195,-0.008410724403836955,-0.1266767964918216,,,,,0.1266767964918216
Anger__Disgust,Disgust,Anger,Anger: correct,EyesLookUpL,FEA,2,28,2,0.01311099862214177,0.18019962500486925,-0.16708862638272748,-1.6108514981011506,,,,,1.6108514981011506
Anger__Disgust,Disgust,Anger,Anger: correct,EyesLookUpR,FEA,2,28,2,0.01316323414600143,0.18037981361320424,-0.1672165794672028,-1.6096951354379467,,,,,1.6096951354379467
Anger__Disgust,Disgust,Anger,Anger: correct,InnerBrowRaiserL,FEA,2,28,2,0.0728276059349672,0.039286406268873426,0.03354119966609378,0.2184208073583833,,,,,0.2184208073583833
Anger__Disgust,Disgust,Anger,Anger: correct,InnerBrowRaiserR,FEA,2,28,2,0.06536966075452276,0.04451280256789982,0.02085685818662294,0.13270768413910544,,,,,0.13270768413910544
Anger__Disgust,Disgust,Anger,Anger: correct,JawDrop,FEA,2,28,2,0.01858334829409686,0.01894688492262926,-0.0003635366285323974,-0.002036047789551274,,,,,0.002036047789551274
Anger__Disgust,Disgust,Anger,Anger: correct,JawSidewaysLeft,FEA,2,28,2,0.011875444757867667,0.019986334645927566,-0.0081108898880599,-0.3806755744627014,,,,,0.3806755744627014
Anger__Disgust,Disgust,Anger,Anger: correct,JawSidewaysRight,FEA,2,28,2,0.01835425086076911,0.023787915332161597,-0.005433664471392485,-0.20004187839593815,,,,,0.20004187839593815
Anger__Disgust,Disgust,Anger,Anger: correct,JawThrust,FEA,2,28,2,0.0009364798742863172,0.02836131272361509,-0.027424832849328774,-0.4037977494533506,,,,,0.4037977494533506
Anger__Disgust,Disgust,Anger,Anger: correct,LidTightenerL,FEA,2,28,2,0.3450231211880843,0.3650646685646959,-0.020041547376611568,-0.11135376147436557,,,,,0.11135376147436557
Anger__Disgust,Disgust,Anger,Anger: correct,LidTightenerR,FEA,2,28,2,0.2251163190851609,0.35547475016535957,-0.13035843108019868,-0.6933045051324298,,,,,0.6933045051324298
Anger__Disgust,Disgust,Anger,Anger: correct,LipCornerDepressorL,FEA,2,28,2,0.10275215470852946,0.044288359102527534,0.05846379560600192,0.35095893684149293,,,,,0.35095893684149293
Anger__Disgust,Disgust,Anger,Anger: correct,LipCornerDepressorR,FEA,2,28,2,0.09143670085274298,0.03778279821891768,0.0536539026338253,0.3320359471385685,,,,,0.3320359471385685
Anger__Disgust,Disgust,Anger,Anger: correct,LipCornerPullerL,FEA,2,28,2,0.06723656853816157,0.050135219449108405,0.017101349089053162,0.07576206256367297,,,,,0.07576206256367297
Anger__Disgust,Disgust,Anger,Anger: correct,LipCornerPullerR,FEA,2,28,2,0.06753979613228388,0.051367726695978035,0.016172069436305843,0.07004548952744011,,,,,0.07004548952744011
Anger__Disgust,Disgust,Anger,Anger: correct,LipFunnelerLB,FEA,2,28,2,1.2130095548007445e-12,0.0008805019998637755,-0.000880501998650766,-0.01756571899418877,,,,,0.01756571899418877
Anger__Disgust,Disgust,Anger,Anger: correct,LipFunnelerLT,FEA,2,28,2,0.007492326987874491,0.01971393557928808,-0.01222160859141359,-0.30212098521640834,,,,,0.30212098521640834
Anger__Disgust,Disgust,Anger,Anger: correct,LipFunnelerRB,FEA,2,28,2,9.560121049093697e-13,0.0023991288303936,-0.002399128829437588,-0.048301841116804356,,,,,0.048301841116804356
Anger__Disgust,Disgust,Anger,Anger: correct,LipFunnelerRT,FEA,2,28,2,0.0020745465426555056,0.017964146359028647,-0.01588959981637314,-0.39194724766920885,,,,,0.39194724766920885
Anger__Disgust,Disgust,Anger,Anger: correct,LipPressorL,FEA,2,28,2,0.004591884502914023,0.005985838529154572,-0.001393954026240549,-0.031461542177449967,,,,,0.031461542177449967
Anger__Disgust,Disgust,Anger,Anger: correct,LipPressorR,FEA,2,28,2,0.004634065670036856,0.0061809846040379824,-0.0015469189340011269,-0.0346577804619081,,,,,0.0346577804619081
Anger__Disgust,Disgust,Anger,Anger: correct,LipPuckerL,FEA,2,28,2,0.04889291382084604,0.15151135799281584,-0.1026184441719698,-0.9509106611424682,,,,,0.9509106611424682
Anger__Disgust,Disgust,Anger,Anger: correct,LipPuckerR,FEA,2,28,2,0.04691670127213002,0.147450196358841,-0.10053349508671097,-0.9376895703072637,,,,,0.9376895703072637
Anger__Disgust,Disgust,Anger,Anger: correct,LipStretcherL,FEA,2,28,2,0.02158831028888621,0.012035460250428865,0.009552850038457345,0.08859164622908872,,,,,0.08859164622908872
Anger__Disgust,Disgust,Anger,Anger: correct,LipStretcherR,FEA,2,28,2,0.024468552026276767,0.010600098734694722,0.013868453291582044,0.12213987218753122,,,,,0.12213987218753122
Anger__Disgust,Disgust,Anger,Anger: correct,LipSuckLB,FEA,2,28,2,0.15862929146581634,0.1606331951345418,-0.002003903668725465,-0.01709059790234696,,,,,0.01709059790234696
Anger__Disgust,Disgust,Anger,Anger: correct,LipSuckLT,FEA,2,28,2,0.05888903464997379,0.05035207428572787,0.008536960364245921,0.1179254935488293,,,,,0.1179254935488293
Anger__Disgust,Disgust,Anger,Anger: correct,LipSuckRB,FEA,2,28,2,0.14502616875494515,0.14783853100689032,-0.002812362251945172,-0.026993480924102607,,,,,0.026993480924102607
Anger__Disgust,Disgust,Anger,Anger: correct,LipSuckRT,FEA,2,28,2,0.04643560553079923,0.042459216713595725,0.003976388817203504,0.05896885567092262,,,,,0.05896885567092262
Anger__Disgust,Disgust,Anger,Anger: correct,LipTightenerL,FEA,2,28,2,0.013740717770097995,0.1291609308118089,-0.1154202130417109,-1.9584480384813687,,,,,1.9584480384813687
Anger__Disgust,Disgust,Anger,Anger: correct,LipTightenerR,FEA,2,28,2,0.012209013985811912,0.12719506334182287,-0.11498604935601096,-2.029703589794996,,,,,2.029703589794996
Anger__Disgust,Disgust,Anger,Anger: correct,LipsToward,FEA,2,28,2,0.03265323466621335,0.035907496776659734,-0.003254262110446382,-0.07708330090289957,,,,,0.07708330090289957
Anger__Disgust,Disgust,Anger,Anger: correct,LowerLipDepressorL,FEA,2,28,2,0.014681142855288543,0.006213143776942351,0.008467999078346191,0.0707573121599971,,,,,0.0707573121599971
Anger__Disgust,Disgust,Anger,Anger: correct,LowerLipDepressorR,FEA,2,28,2,0.01239516767398849,0.005778283833081687,0.006616883840906803,0.05669913276391759,,,,,0.05669913276391759
Anger__Disgust,Disgust,Anger,Anger: correct,MouthLeft,FEA,2,28,2,0.007024444090317616,0.009699918147822542,-0.0026754740575049268,-0.22420033685600807,,,,,0.22420033685600807
Anger__Disgust,Disgust,Anger,Anger: correct,MouthRight,FEA,2,28,2,0.0010117202751340757,0.002771830203999821,-0.001760109928865745,-0.24210486967770276,,,,,0.24210486967770276
Anger__Disgust,Disgust,Anger,Anger: correct,NoseWrinklerL,FEA,2,28,2,0.18728034726809709,0.11117312634056198,0.07610722092753511,0.4408842324481397,,,,,0.4408842324481397
Anger__Disgust,Disgust,Anger,Anger: correct,NoseWrinklerR,FEA,2,28,2,0.17979629395122174,0.11076392223282175,0.06903237171839999,0.3939807804895399,,,,,0.3939807804895399
Anger__Disgust,Disgust,Anger,Anger: correct,OuterBrowRaiserL,FEA,2,28,2,0.006727324653713654,0.023513137252867366,-0.01678581259915371,-0.10704267809461264,,,,,0.10704267809461264
Anger__Disgust,Disgust,Anger,Anger: correct,OuterBrowRaiserR,FEA,2,28,2,0.00270492136232384,0.024423266355036853,-0.021718344992713013,-0.13555703129946797,,,,,0.13555703129946797
Anger__Disgust,Disgust,Anger,Anger: correct,UpperLidRaiserL,FEA,2,28,2,0.01582316722099977,0.10315888795815431,-0.08733572073715454,-0.488004306188319,,,,,0.488004306188319
Anger__Disgust,Disgust,Anger,Anger: correct,UpperLidRaiserR,FEA,2,28,2,0.010723879680153897,0.12754064196102435,-0.11681676228087046,-0.5429063935335806,,,,,0.5429063935335806
Anger__Disgust,Disgust,Anger,Anger: correct,UpperLipRaiserL,FEA,2,28,2,0.20113953764860826,0.15344132144131525,0.047698216207293004,0.2600881200242246,,,,,0.2600881200242246
Anger__Disgust,Disgust,Anger,Anger: correct,UpperLipRaiserR,FEA,2,28,2,0.21964839153612653,0.1627081619386747,0.05694022959745182,0.2967749547386491,,,,,0.2967749547386491
Anger__Disgust,Disgust,Anger,Anger: correct,AU1,AU-related group,2,28,2,0.06909863334474498,0.04189960441838664,0.027199028926358337,0.17545542325210148,,,,,0.17545542325210148
Anger__Disgust,Disgust,Anger,Anger: correct,AU2,AU-related group,2,28,2,0.004716123008018747,0.02396820180395211,-0.019252078795933363,-0.12181412022069152,,,,,0.12181412022069152
Anger__Disgust,Disgust,Anger,Anger: correct,AU4,AU-related group,2,28,2,0.18326264946056953,0.15431564850414348,0.02894700095642605,0.2027482469372907,,,,,0.2027482469372907
Anger__Disgust,Disgust,Anger,Anger: correct,AU5,AU-related group,2,28,2,0.013273523450576833,0.11534976495958933,-0.1020762415090125,-0.5447207487668538,,,,,0.5447207487668538
Anger__Disgust,Disgust,Anger,Anger: correct,AU6,AU-related group,2,28,2,0.17611216132063418,0.1644102068128903,0.011701954507743861,0.055745551003445026,,,,,0.055745551003445026
Anger__Disgust,Disgust,Anger,Anger: correct,AU7,AU-related group,2,28,2,0.2850697201366226,0.3602697093650277,-0.07519998922840515,-0.4280954617364819,,,,,0.4280954617364819
Anger__Disgust,Disgust,Anger,Anger: correct,AU8,AU-related group,2,28,2,0.03265323466621335,0.035907496776659734,-0.003254262110446382,-0.07708330090289957,,,,,0.07708330090289957
Anger__Disgust,Disgust,Anger,Anger: correct,AU9,AU-related group,2,28,2,0.1835383206096594,0.11096852428669186,0.07256979632296755,0.41743141276147827,,,,,0.41743141276147827
Anger__Disgust,Disgust,Anger,Anger: correct,AU10,AU-related group,2,28,2,0.21039396459236737,0.158074741689995,0.05231922290237237,0.2792499359510428,,,,,0.2792499359510428
Anger__Disgust,Disgust,Anger,Anger: correct,AU12,AU-related group,2,28,2,0.06738818233522273,0.050751473072543206,0.016636709262679523,0.07288124986629686,,,,,0.07288124986629686
Anger__Disgust,Disgust,Anger,Anger: correct,AU14,AU-related group,2,28,2,0.06357643579769567,0.027882567497976123,0.03569386829971955,0.3129869890425522,,,,,0.3129869890425522
Anger__Disgust,Disgust,Anger,Anger: correct,AU15,AU-related group,2,28,2,0.09709442778063622,0.04103557866072262,0.0560588491199136,0.3417893132359031,,,,,0.3417893132359031
Anger__Disgust,Disgust,Anger,Anger: correct,AU16,AU-related group,2,28,2,0.013538155264638516,0.0059957138050120195,0.007542441459626496,0.06383143669803103,,,,,0.06383143669803103
Anger__Disgust,Disgust,Anger,Anger: correct,AU17,AU-related group,2,28,2,0.335717702350424,0.34207630464693867,-0.006358602296514693,-0.032706848071693974,,,,,0.032706848071693974
Anger__Disgust,Disgust,Anger,Anger: correct,AU18,AU-related group,2,28,2,0.04790480754648803,0.14948077717582842,-0.10157596962934039,-0.9445549742831879,,,,,0.9445549742831879
Anger__Disgust,Disgust,Anger,Anger: correct,AU20,AU-related group,2,28,2,0.023028431157581488,0.011317779492561792,0.011710651665019696,0.1058405655679443,,,,,0.1058405655679443
Anger__Disgust,Disgust,Anger,Anger: correct,AU22,AU-related group,2,28,2,0.0023917183831747547,0.010239428192143527,-0.007847709808968772,-0.1863123068086014,,,,,0.1863123068086014
Anger__Disgust,Disgust,Anger,Anger: correct,AU23,AU-related group,2,28,2,0.012974865877954954,0.12817799707681593,-0.11520313119886097,-1.99662590436804,,,,,1.99662590436804
Anger__Disgust,Disgust,Anger,Anger: correct,AU24,AU-related group,2,28,2,0.00461297508647544,0.006083411566596276,-0.0014704364801208366,-0.03307116760313644,,,,,0.03307116760313644
Anger__Disgust,Disgust,Anger,Anger: correct,AU26,AU-related group,2,28,2,0.01858334829409686,0.01894688492262926,-0.0003635366285323974,-0.002036047789551274,,,,,0.002036047789551274
Anger__Disgust,Disgust,Anger,Anger: correct,AU28,AU-related group,2,28,2,0.10224502510038364,0.10032075428518891,0.001924270815194723,0.02377641306110509,,,,,0.02377641306110509
Anger__Disgust,Disgust,Anger,Anger: correct,AU43,AU-related group,2,28,2,0.03888922569315573,0.04153410080128631,-0.0026448751081305857,-0.02531060742149013,,,,,0.02531060742149013
Anger__Disgust,Disgust,Anger,Anger: all,BrowLowererL,FEA,2,54,2,0.20540636419924943,0.20824838085213812,-0.0028420166528886903,-0.01944442273477991,,,,,0.01944442273477991
Anger__Disgust,Disgust,Anger,Anger: all,BrowLowererR,FEA,2,54,2,0.16111893472188962,0.20171234012918707,-0.040593405407297445,-0.2874988983305752,,,,,0.2874988983305752
Anger__Disgust,Disgust,Anger,Anger: all,CheekPuffL,FEA,2,54,2,0.03625086126270686,0.006783752600886666,0.029467108661820195,3.1016730257283385,,,,,3.1016730257283385
Anger__Disgust,Disgust,Anger,Anger: all,CheekPuffR,FEA,2,54,2,0.036243235296571974,0.008759453753449173,0.027483781543122802,2.582384432881609,,,,,2.582384432881609
Anger__Disgust,Disgust,Anger,Anger: all,CheekRaiserL,FEA,2,54,2,0.19789584490160145,0.23089111430153106,-0.03299526939992961,-0.154608933577484,,,,,0.154608933577484
Anger__Disgust,Disgust,Anger,Anger: all,CheekRaiserR,FEA,2,54,2,0.15432847773966685,0.20643269171412623,-0.052104213974459385,-0.2515759817844697,,,,,0.2515759817844697
Anger__Disgust,Disgust,Anger,Anger: all,CheekSuckL,FEA,2,54,2,5.930119569612569e-36,1.8357239969374448e-10,-1.8357239969374448e-10,-1.9738325418019444e-08,,,,,1.9738325418019444e-08
Anger__Disgust,Disgust,Anger,Anger: all,CheekSuckR,FEA,2,54,2,0.0,6.985645504375821e-10,-6.985645504375821e-10,-8.939300324807056e-08,,,,,8.939300324807056e-08
Anger__Disgust,Disgust,Anger,Anger: all,ChinRaiserB,FEA,2,54,2,0.33900842345319687,0.2583817705794435,0.08062665287375337,0.39191645904851935,,,,,0.39191645904851935
Anger__Disgust,Disgust,Anger,Anger: all,ChinRaiserT,FEA,2,54,2,0.3324269812476511,0.29446230141041074,0.037964679837240334,0.20062337976978584,,,,,0.20062337976978584
Anger__Disgust,Disgust,Anger,Anger: all,DimplerL,FEA,2,54,2,0.06294275362066623,0.05873094700403696,0.004211806616629274,0.03682766176302279,,,,,0.03682766176302279
Anger__Disgust,Disgust,Anger,Anger: all,DimplerR,FEA,2,54,2,0.06421011797472512,0.05962189176079601,0.004588226213929104,0.040308400282681345,,,,,0.040308400282681345
Anger__Disgust,Disgust,Anger,Anger: all,EyesClosedL,FEA,2,54,2,0.044877322198917255,0.07840049635426105,-0.033523174155343796,-0.30934403278738254,,,,,0.30934403278738254
Anger__Disgust,Disgust,Anger,Anger: all,EyesClosedR,FEA,2,54,2,0.032901129187394185,0.07858952900881225,-0.04568839982141806,-0.432972579791915,,,,,0.432972579791915
Anger__Disgust,Disgust,Anger,Anger: all,EyesLookDownL,FEA,2,54,2,0.07479026123535046,0.03292889735622855,0.041861363879121906,1.0988007414487144,,,,,1.0988007414487144
Anger__Disgust,Disgust,Anger,Anger: all,EyesLookDownR,FEA,2,54,2,0.057403250515327256,0.03742261066573517,0.019980639849592086,0.4430741209361969,,,,,0.4430741209361969
Anger__Disgust,Disgust,Anger,Anger: all,EyesLookLeftL,FEA,2,54,2,0.051377205985287805,0.0364163654489352,0.014960840536352604,0.18431126707414935,,,,,0.18431126707414935
Anger__Disgust,Disgust,Anger,Anger: all,EyesLookLeftR,FEA,2,54,2,0.09528816243012744,0.07770282589946063,0.01758533653066681,0.16445320694729695,,,,,0.16445320694729695
Anger__Disgust,Disgust,Anger,Anger: all,EyesLookRightL,FEA,2,54,2,0.06429811553098258,0.08598314338804933,-0.021685027857066747,-0.23519906286303202,,,,,0.23519906286303202
Anger__Disgust,Disgust,Anger,Anger: all,EyesLookRightR,FEA,2,54,2,0.021080270037054996,0.040731402668461654,-0.019651132631406658,-0.29597242873002266,,,,,0.29597242873002266
Anger__Disgust,Disgust,Anger,Anger: all,EyesLookUpL,FEA,2,54,2,0.01311099862214177,0.13424231255176877,-0.121131313929627,-1.1677907870494717,,,,,1.1677907870494717
Anger__Disgust,Disgust,Anger,Anger: all,EyesLookUpR,FEA,2,54,2,0.01316323414600143,0.13438379802189526,-0.12122056387589383,-1.1669186907650078,,,,,1.1669186907650078
Anger__Disgust,Disgust,Anger,Anger: all,InnerBrowRaiserL,FEA,2,54,2,0.0728276059349672,0.03187041349085065,0.04095719244411655,0.2667138662252404,,,,,0.2667138662252404
Anger__Disgust,Disgust,Anger,Anger: all,InnerBrowRaiserR,FEA,2,54,2,0.06536966075452276,0.03333720068378754,0.03203246007073522,0.20381562530794267,,,,,0.20381562530794267
Anger__Disgust,Disgust,Anger,Anger: all,JawDrop,FEA,2,54,2,0.01858334829409686,0.07026062641632723,-0.05167727812223037,-0.2894272533569939,,,,,0.2894272533569939
Anger__Disgust,Disgust,Anger,Anger: all,JawSidewaysLeft,FEA,2,54,2,0.011875444757867667,0.0120902777868537,-0.0002148330289860334,-0.01008294870865056,,,,,0.01008294870865056
Anger__Disgust,Disgust,Anger,Anger: all,JawSidewaysRight,FEA,2,54,2,0.01835425086076911,0.014801889300217332,0.003552361560551779,0.13078118515702042,,,,,0.13078118515702042
Anger__Disgust,Disgust,Anger,Anger: all,JawThrust,FEA,2,54,2,0.0009364798742863172,0.026546060733569146,-0.02560958085928283,-0.3770703424970961,,,,,0.3770703424970961
Anger__Disgust,Disgust,Anger,Anger: all,LidTightenerL,FEA,2,54,2,0.3450231211880843,0.31185318954019686,0.03316993164788745,0.18429698004008843,,,,,0.18429698004008843
Anger__Disgust,Disgust,Anger,Anger: all,LidTightenerR,FEA,2,54,2,0.2251163190851609,0.324328427773792,-0.09921210868863112,-0.5276544167304303,,,,,0.5276544167304303
Anger__Disgust,Disgust,Anger,Anger: all,LipCornerDepressorL,FEA,2,54,2,0.10275215470852946,0.05100690249252134,0.05174525221600811,0.3106274321754907,,,,,0.3106274321754907
Anger__Disgust,Disgust,Anger,Anger: all,LipCornerDepressorR,FEA,2,54,2,0.09143670085274298,0.04364429197609729,0.047792408876645695,0.2957622273200036,,,,,0.2957622273200036
Anger__Disgust,Disgust,Anger,Anger: all,LipCornerPullerL,FEA,2,54,2,0.06723656853816157,0.054254591934525774,0.012981976603635793,0.05751249907379376,,,,,0.05751249907379376
Anger__Disgust,Disgust,Anger,Anger: all,LipCornerPullerR,FEA,2,54,2,0.06753979613228388,0.05524612677173709,0.012293669360546787,0.05324711793005352,,,,,0.05324711793005352
Anger__Disgust,Disgust,Anger,Anger: all,LipFunnelerLB,FEA,2,54,2,1.2130095548007445e-12,0.00045657099648984404,-0.0004565709952768345,-0.009108437932247034,,,,,0.009108437932247034
Anger__Disgust,Disgust,Anger,Anger: all,LipFunnelerLT,FEA,2,54,2,0.007492326987874491,0.012028947594385346,-0.004536620606510855,-0.11214630847816986,,,,,0.11214630847816986
Anger__Disgust,Disgust,Anger,Anger: all,LipFunnelerRB,FEA,2,54,2,9.560121049093697e-13,0.001244079652927468,-0.001244079651971456,-0.02504714917717084,,,,,0.02504714917717084
Anger__Disgust,Disgust,Anger,Anger: all,LipFunnelerRT,FEA,2,54,2,0.0020745465426555056,0.010241380414275513,-0.008166833871620007,-0.2014505144965799,,,,,0.2014505144965799
Anger__Disgust,Disgust,Anger,Anger: all,LipPressorL,FEA,2,54,2,0.004591884502914023,0.02541927840510191,-0.020827393902187886,-0.47007427746183966,,,,,0.47007427746183966
Anger__Disgust,Disgust,Anger,Anger: all,LipPressorR,FEA,2,54,2,0.004634065670036856,0.025695584280022565,-0.02106151860998571,-0.47187054999143535,,,,,0.47187054999143535
Anger__Disgust,Disgust,Anger,Anger: all,LipPuckerL,FEA,2,54,2,0.04889291382084604,0.1310608997179559,-0.08216798589710986,-0.7614071176447258,,,,,0.7614071176447258
Anger__Disgust,Disgust,Anger,Anger: all,LipPuckerR,FEA,2,54,2,0.04691670127213002,0.12706923783207089,-0.08015253655994087,-0.7475936005318788,,,,,0.7475936005318788
Anger__Disgust,Disgust,Anger,Anger: all,LipStretcherL,FEA,2,54,2,0.02158831028888621,0.04390483907283193,-0.02231652878394572,-0.20696001875141573,,,,,0.20696001875141573
Anger__Disgust,Disgust,Anger,Anger: all,LipStretcherR,FEA,2,54,2,0.024468552026276767,0.04531090430678511,-0.020842352280508344,-0.1835592037631177,,,,,0.1835592037631177
Anger__Disgust,Disgust,Anger,Anger: all,LipSuckLB,FEA,2,54,2,0.15862929146581634,0.18614587400851204,-0.027516582542695706,-0.23467936868595046,,,,,0.23467936868595046
Anger__Disgust,Disgust,Anger,Anger: all,LipSuckLT,FEA,2,54,2,0.05888903464997379,0.05913160903296514,-0.0002425743829913493,-0.003350806682477128,,,,,0.003350806682477128
Anger__Disgust,Disgust,Anger,Anger: all,LipSuckRB,FEA,2,54,2,0.14502616875494515,0.16973843748821657,-0.024712268733271425,-0.2371921164072943,,,,,0.2371921164072943
Anger__Disgust,Disgust,Anger,Anger: all,LipSuckRT,FEA,2,54,2,0.04643560553079923,0.0505574357248938,-0.004121830194094574,-0.0611257150618766,,,,,0.0611257150618766
Anger__Disgust,Disgust,Anger,Anger: all,LipTightenerL,FEA,2,54,2,0.013740717770097995,0.0732732756817844,-0.05953255791168641,-1.0101473407070092,,,,,1.0101473407070092
Anger__Disgust,Disgust,Anger,Anger: all,LipTightenerR,FEA,2,54,2,0.012209013985811912,0.07107579064224269,-0.05886677665643078,-1.0391009045739672,,,,,1.0391009045739672
Anger__Disgust,Disgust,Anger,Anger: all,LipsToward,FEA,2,54,2,0.03265323466621335,0.04084228127663928,-0.00818904661042593,-0.19397292613677813,,,,,0.19397292613677813
Anger__Disgust,Disgust,Anger,Anger: all,LowerLipDepressorL,FEA,2,54,2,0.014681142855288543,0.038018378126912125,-0.023337235271623583,-0.19500238790626573,,,,,0.19500238790626573
Anger__Disgust,Disgust,Anger,Anger: all,LowerLipDepressorR,FEA,2,54,2,0.01239516767398849,0.03630743658623484,-0.02391226891224635,-0.20490081771726404,,,,,0.20490081771726404
Anger__Disgust,Disgust,Anger,Anger: all,MouthLeft,FEA,2,54,2,0.007024444090317616,0.01344867564861497,-0.0064242315582973535,-0.5383400655188794,,,,,0.5383400655188794
Anger__Disgust,Disgust,Anger,Anger: all,MouthRight,FEA,2,54,2,0.0010117202751340757,0.0068554035242390605,-0.005843683249104985,-0.8038044375864956,,,,,0.8038044375864956
Anger__Disgust,Disgust,Anger,Anger: all,NoseWrinklerL,FEA,2,54,2,0.18728034726809709,0.23793327475590179,-0.0506529274878047,-0.2934291488316905,,,,,0.2934291488316905
Anger__Disgust,Disgust,Anger,Anger: all,NoseWrinklerR,FEA,2,54,2,0.17979629395122174,0.2386257057103733,-0.05882941175915157,-0.33575056142005977,,,,,0.33575056142005977
Anger__Disgust,Disgust,Anger,Anger: all,OuterBrowRaiserL,FEA,2,54,2,0.006727324653713654,0.027041548122824312,-0.02031422346911066,-0.12954325986313397,,,,,0.12954325986313397
Anger__Disgust,Disgust,Anger,Anger: all,OuterBrowRaiserR,FEA,2,54,2,0.00270492136232384,0.028603585881042157,-0.025898664518718317,-0.16164887692668353,,,,,0.16164887692668353
Anger__Disgust,Disgust,Anger,Anger: all,UpperLidRaiserL,FEA,2,54,2,0.01582316722099977,0.11974129365987585,-0.10391812643887607,-0.5806615296141882,,,,,0.5806615296141882
Anger__Disgust,Disgust,Anger,Anger: all,UpperLidRaiserR,FEA,2,54,2,0.010723879680153897,0.1467544994565451,-0.1360306197763912,-0.6322028769755765,,,,,0.6322028769755765
Anger__Disgust,Disgust,Anger,Anger: all,UpperLipRaiserL,FEA,2,54,2,0.20113953764860826,0.24126174927626146,-0.0401222116276532,-0.21877779554898444,,,,,0.21877779554898444
Anger__Disgust,Disgust,Anger,Anger: all,UpperLipRaiserR,FEA,2,54,2,0.21964839153612653,0.2571182106607485,-0.037469819124621995,-0.19529432798902355,,,,,0.19529432798902355
Anger__Disgust,Disgust,Anger,Anger: all,AU1,AU-related group,2,54,2,0.06909863334474498,0.0326038070873191,0.03649482625742587,0.2354207278813276,,,,,0.2354207278813276
Anger__Disgust,Disgust,Anger,Anger: all,AU2,AU-related group,2,54,2,0.004716123008018747,0.027822567001933238,-0.02310644399391449,-0.1462019336395987,,,,,0.1462019336395987
Anger__Disgust,Disgust,Anger,Anger: all,AU4,AU-related group,2,54,2,0.18326264946056953,0.20498036049066262,-0.021717711030093095,-0.15211343812335587,,,,,0.15211343812335587
Anger__Disgust,Disgust,Anger,Anger: all,AU5,AU-related group,2,54,2,0.013273523450576833,0.13324789655821045,-0.11997437310763362,-0.6402325299786237,,,,,0.6402325299786237
Anger__Disgust,Disgust,Anger,Anger: all,AU6,AU-related group,2,54,2,0.17611216132063418,0.21866190300782867,-0.0425497416871945,-0.20269765993682928,,,,,0.20269765993682928
Anger__Disgust,Disgust,Anger,Anger: all,AU7,AU-related group,2,54,2,0.2850697201366226,0.3180908086569944,-0.03302108852037183,-0.18798111917588134,,,,,0.18798111917588134
Anger__Disgust,Disgust,Anger,Anger: all,AU8,AU-related group,2,54,2,0.03265323466621335,0.04084228127663928,-0.00818904661042593,-0.19397292613677813,,,,,0.19397292613677813
Anger__Disgust,Disgust,Anger,Anger: all,AU9,AU-related group,2,54,2,0.1835383206096594,0.23827949023313758,-0.054741169623478164,-0.31487870891146785,,,,,0.31487870891146785
Anger__Disgust,Disgust,Anger,Anger: all,AU10,AU-related group,2,54,2,0.21039396459236737,0.249189979968505,-0.03879601537613764,-0.20707082804264776,,,,,0.20707082804264776
Anger__Disgust,Disgust,Anger,Anger: all,AU12,AU-related group,2,54,2,0.06738818233522273,0.054750359353131446,0.012637822982091283,0.05536313221449402,,,,,0.05536313221449402
Anger__Disgust,Disgust,Anger,Anger: all,AU14,AU-related group,2,54,2,0.06357643579769567,0.059176419382416474,0.0044000164152792,0.03858219787197626,,,,,0.03858219787197626
Anger__Disgust,Disgust,Anger,Anger: all,AU15,AU-related group,2,54,2,0.09709442778063622,0.04732559723430931,0.04976883054632691,0.3034392371594468,,,,,0.3034392371594468
Anger__Disgust,Disgust,Anger,Anger: all,AU16,AU-related group,2,54,2,0.013538155264638516,0.037162907356573474,-0.02362475209193496,-0.1999355083808233,,,,,0.1999355083808233
Anger__Disgust,Disgust,Anger,Anger: all,AU17,AU-related group,2,54,2,0.335717702350424,0.2764220359949271,0.05929566635549688,0.30500010228067126,,,,,0.30500010228067126
Anger__Disgust,Disgust,Anger,Anger: all,AU18,AU-related group,2,54,2,0.04790480754648803,0.1290650687750134,-0.08116026122852536,-0.7547092952916604,,,,,0.7547092952916604
Anger__Disgust,Disgust,Anger,Anger: all,AU20,AU-related group,2,54,2,0.023028431157581488,0.04460787168980852,-0.021579440532227035,-0.19503442301106894,,,,,0.19503442301106894
Anger__Disgust,Disgust,Anger,Anger: all,AU22,AU-related group,2,54,2,0.0023917183831747547,0.005992744664519541,-0.0036010262813447867,-0.08549188612822936,,,,,0.08549188612822936
Anger__Disgust,Disgust,Anger,Anger: all,AU23,AU-related group,2,54,2,0.012974865877954954,0.07217453316201355,-0.0591996672840586,-1.0260102134315012,,,,,1.0260102134315012
Anger__Disgust,Disgust,Anger,Anger: all,AU24,AU-related group,2,54,2,0.00461297508647544,0.025557431342562234,-0.020944456256086794,-0.47105579368153677,,,,,0.47105579368153677
Anger__Disgust,Disgust,Anger,Anger: all,AU26,AU-related group,2,54,2,0.01858334829409686,0.07026062641632723,-0.05167727812223037,-0.2894272533569939,,,,,0.2894272533569939
Anger__Disgust,Disgust,Anger,Anger: all,AU28,AU-related group,2,54,2,0.10224502510038364,0.11639333906364688,-0.014148313963263243,-0.1748174707283635,,,,,0.1748174707283635
Anger__Disgust,Disgust,Anger,Anger: all,AU43,AU-related group,2,54,2,0.03888922569315573,0.07849501268153664,-0.03960578698838091,-0.37901469260323845,,,,,0.37901469260323845
Fear__Surprise,Fear,Surprise,Fear: correct,BrowLowererL,FEA,8,33,3,0.09966483080744046,0.04345572338823085,0.056209107419209606,0.3845697544005811,1.0,-0.10178159744124665,0.0,1.0,0.3845697544005811
Fear__Surprise,Fear,Surprise,Fear: correct,BrowLowererR,FEA,8,33,3,0.07356403599541936,0.046749502496631665,0.026814533498787693,0.1899113603009985,1.0,-0.1322106699174684,0.0,1.0,0.1899113603009985
Fear__Surprise,Fear,Surprise,Fear: correct,CheekPuffL,FEA,8,33,3,0.000572972319586872,9.817972402605541e-05,0.00047479259556081657,0.04997610737339179,1.0,0.0009606476611700655,1.0,0.0,0.04997610737339179
Fear__Surprise,Fear,Surprise,Fear: correct,CheekPuffR,FEA,8,33,3,0.0005503397421262663,0.0001096511584566191,0.00044068858366964723,0.04140723271401155,1.0,0.0007291763198421377,1.0,0.0,0.04140723271401155
Fear__Surprise,Fear,Surprise,Fear: correct,CheekRaiserL,FEA,8,33,3,0.11438544906353149,0.06352058604045843,0.050864863023073054,0.23834211302359912,1.0,-0.0909256002969212,0.0,1.0,0.23834211302359912
Fear__Surprise,Fear,Surprise,Fear: correct,CheekRaiserR,FEA,8,33,3,0.09326817549367657,0.05251000625174728,0.040758169241929286,0.19679361150716457,1.0,-0.08694673143327236,0.0,1.0,0.19679361150716457
Fear__Surprise,Fear,Surprise,Fear: correct,CheekSuckL,FEA,8,33,3,1.401298464324817e-45,4.787492417071824e-10,-4.787492417071824e-10,-5.147673801841371e-08,1.0,0.0,0.0,0.0,5.147673801841371e-08
Fear__Surprise,Fear,Surprise,Fear: correct,CheekSuckR,FEA,8,33,3,1.226136156284215e-45,1.443494598919296e-09,-1.443494598919296e-09,-1.847192464732645e-07,1.0,2.335497440541362e-46,1.0,0.0,1.847192464732645e-07
Fear__Surprise,Fear,Surprise,Fear: correct,ChinRaiserB,FEA,8,33,3,0.016801607437146558,0.00876074528389746,0.008040862153249098,0.03908566349310163,1.0,0.03925191659932307,1.0,0.0,0.03908566349310163
Fear__Surprise,Fear,Surprise,Fear: correct,ChinRaiserT,FEA,8,33,3,0.07471828890294852,0.04386433633227038,0.030853952570678134,0.16304692336465318,1.0,0.028362014870005975,1.0,0.0,0.16304692336465318
Fear__Surprise,Fear,Surprise,Fear: correct,DimplerL,FEA,8,33,3,0.11142526389412963,0.07451366063939736,0.036911603254732264,0.322751769853118,1.0,-0.01410362862257572,0.0,1.0,0.322751769853118
Fear__Surprise,Fear,Surprise,Fear: correct,DimplerR,FEA,8,33,3,0.11346181672230382,0.07616677234245266,0.037295044379851164,0.32764373579916833,1.0,-0.019717808305804482,0.0,1.0,0.32764373579916833
Fear__Surprise,Fear,Surprise,Fear: correct,EyesClosedL,FEA,8,33,3,0.004069922553230988,0.003235995608610324,0.0008339269446206643,0.007695283355436511,1.0,-0.0014350957540842676,0.0,1.0,0.007695283355436511
Fear__Surprise,Fear,Surprise,Fear: correct,EyesClosedR,FEA,8,33,3,0.005825960041318506,0.0030134361372180967,0.002812523904100409,0.026653280378489443,1.0,-0.001295489375355762,0.0,1.0,0.026653280378489443
Fear__Surprise,Fear,Surprise,Fear: correct,EyesLookDownL,FEA,8,33,3,0.0026061798372405643,0.0062430345150807426,-0.003636854677840178,-0.09546221733461203,1.0,-0.000714235739370782,0.0,1.0,0.09546221733461203
Fear__Surprise,Fear,Surprise,Fear: correct,EyesLookDownR,FEA,8,33,3,0.00431488053014226,0.005960628187650132,-0.0016457476575078723,-0.036494737011537326,1.0,-5.769296344886846e-05,0.0,1.0,0.036494737011537326
Fear__Surprise,Fear,Surprise,Fear: correct,EyesLookLeftL,FEA,8,33,3,0.015638972882879888,0.03262345663270668,-0.016984483749826793,-0.2092417008873529,1.0,-0.024750531902019337,0.0,1.0,0.2092417008873529
Fear__Surprise,Fear,Surprise,Fear: correct,EyesLookLeftR,FEA,8,33,3,0.04576131599606012,0.07058599235818043,-0.02482467636212031,-0.232153512220823,1.0,-0.037237540384780415,0.0,1.0,0.232153512220823
Fear__Surprise,Fear,Surprise,Fear: correct,EyesLookRightL,FEA,8,33,3,0.06946837555976038,0.09732394151332564,-0.027855565953565267,-0.3021256440610422,1.0,-0.03384287976142433,0.0,1.0,0.3021256440610422
Fear__Surprise,Fear,Surprise,Fear: correct,EyesLookRightR,FEA,8,33,3,0.011750413508222344,0.04895663058157124,-0.037206217073348896,-0.560375558885394,1.0,-0.046652726001209684,0.0,1.0,0.560375558885394
Fear__Surprise,Fear,Surprise,Fear: correct,EyesLookUpL,FEA,8,33,3,0.0016140156115094805,0.051928626458546255,-0.05031461084703678,-0.4850681223129855,1.0,-0.07199512718814527,0.0,1.0,0.4850681223129855
Fear__Surprise,Fear,Surprise,Fear: correct,EyesLookUpR,FEA,8,33,3,0.0016222881696497386,0.051925939664649146,-0.05030365149499941,-0.4842435084144761,1.0,-0.07197747799930058,0.0,1.0,0.4842435084144761
Fear__Surprise,Fear,Surprise,Fear: correct,InnerBrowRaiserL,FEA,8,33,3,0.19652348739323744,0.24244784837996844,-0.045924360986731,-0.2990601440615621,1.0,-0.07239648509356711,0.0,1.0,0.2990601440615621
Fear__Surprise,Fear,Surprise,Fear: correct,InnerBrowRaiserR,FEA,8,33,3,0.22160501425399903,0.2540996504143313,-0.03249463616033227,-0.20675635194884345,1.0,-0.0804236026273834,0.0,1.0,0.20675635194884345
Fear__Surprise,Fear,Surprise,Fear: correct,JawDrop,FEA,8,33,3,0.19804923858367446,0.2488203237230044,-0.05077108513932993,-0.28435196774632565,1.0,0.05249588275910361,1.0,0.0,0.28435196774632565
Fear__Surprise,Fear,Surprise,Fear: correct,JawSidewaysLeft,FEA,8,33,3,0.0026944637651102822,0.0008595912879629647,0.0018348724771473175,0.08611769410556404,1.0,0.0044999742789826385,1.0,0.0,0.08611769410556404
Fear__Surprise,Fear,Surprise,Fear: correct,JawSidewaysRight,FEA,8,33,3,0.005217121155081005,0.005941570585164876,-0.0007244494300838707,-0.026670808541791623,1.0,0.0009832080201129384,1.0,0.0,0.026670808541791623
Fear__Surprise,Fear,Surprise,Fear: correct,JawThrust,FEA,8,33,3,0.037395153132149694,0.03429902658905681,0.0030961265430928878,0.045586747492402296,1.0,0.0032585989899499776,1.0,0.0,0.045586747492402296
Fear__Surprise,Fear,Surprise,Fear: correct,LidTightenerL,FEA,8,33,3,0.12254117223920889,0.058707629018927086,0.06383354322028181,0.354668480045109,1.0,-0.004948946103808333,0.0,1.0,0.354668480045109
Fear__Surprise,Fear,Surprise,Fear: correct,LidTightenerR,FEA,8,33,3,0.1525499431151291,0.08617964988588568,0.06637029322924341,0.3529869370281526,1.0,-0.08386771240168145,0.0,1.0,0.3529869370281526
Fear__Surprise,Fear,Surprise,Fear: correct,LipCornerDepressorL,FEA,8,33,3,0.034967853546095246,0.038211939080122055,-0.0032440855340268096,-0.019474288288050062,1.0,0.06300853731938535,1.0,0.0,0.019474288288050062
Fear__Surprise,Fear,Surprise,Fear: correct,LipCornerDepressorR,FEA,8,33,3,0.029433194053516007,0.03474891568108556,-0.005315721627569554,-0.03289622149912922,1.0,0.061579558345387246,1.0,0.0,0.03289622149912922
Fear__Surprise,Fear,Surprise,Fear: correct,LipCornerPullerL,FEA,8,33,3,0.05544070161168081,0.036914159466179056,0.018526542145501756,0.08207592499322174,1.0,-0.016000254493681768,0.0,1.0,0.08207592499322174
Fear__Surprise,Fear,Surprise,Fear: correct,LipCornerPullerR,FEA,8,33,3,0.05676829122397022,0.036303894729555856,0.020464396494414366,0.08863668783890168,1.0,-0.024350144072539284,0.0,1.0,0.08863668783890168
Fear__Surprise,Fear,Surprise,Fear: correct,LipFunnelerLB,FEA,8,33,3,6.462582679179322e-15,2.2869219483540714e-08,-2.2869213020958033e-08,-4.562331149275719e-07,1.0,9.797816751397089e-15,1.0,0.0,4.562331149275719e-07
Fear__Surprise,Fear,Surprise,Fear: correct,LipFunnelerLT,FEA,8,33,3,0.0015243158844410862,0.0003142231504734636,0.0012100927339676226,0.029913771681934504,1.0,0.002187164491811355,1.0,0.0,0.029913771681934504
Fear__Surprise,Fear,Surprise,Fear: correct,LipFunnelerRB,FEA,8,33,3,2.1588808644311597e-05,4.942101494691287e-08,2.1539387629364684e-05,0.00043365411071765017,1.0,9.797899085877461e-15,1.0,0.0,0.00043365411071765017
Fear__Surprise,Fear,Surprise,Fear: correct,LipFunnelerRT,FEA,8,33,3,0.0024384705770963805,0.0003659942294027165,0.002072476347693664,0.051121576989059545,1.0,0.00262083233437238,1.0,0.0,0.051121576989059545
Fear__Surprise,Fear,Surprise,Fear: correct,LipPressorL,FEA,8,33,3,0.00011708299566417927,0.00012491519230769605,-7.83219664351678e-06,-0.0001767726771496571,1.0,-1.298234088086582e-11,0.0,1.0,0.0001767726771496571
Fear__Surprise,Fear,Surprise,Fear: correct,LipPressorR,FEA,8,33,3,3.4671555130981424e-08,8.971170702381159e-05,-8.967703546868061e-05,-0.002009159587768039,1.0,-9.713750424972372e-12,0.0,1.0,0.002009159587768039
Fear__Surprise,Fear,Surprise,Fear: correct,LipPuckerL,FEA,8,33,3,0.0033512609915668993,0.004395021893843386,-0.001043760902276487,-0.009671978343338604,1.0,0.0058329132005589986,1.0,0.0,0.009671978343338604
Fear__Surprise,Fear,Surprise,Fear: correct,LipPuckerR,FEA,8,33,3,0.002835787666168111,0.0036815407827129544,-0.0008457531165448435,-0.007888454248556146,1.0,0.004700823431001662,1.0,0.0,0.007888454248556146
Fear__Surprise,Fear,Surprise,Fear: correct,LipStretcherL,FEA,8,33,3,0.045164356923940156,0.07570919566701599,-0.030544838743075835,-0.2832680861897129,1.0,0.05080994080101024,1.0,0.0,0.2832680861897129
Fear__Surprise,Fear,Surprise,Fear: correct,LipStretcherR,FEA,8,33,3,0.048972531802127905,0.08317420189712081,-0.034201670094992906,-0.301215104970513,1.0,0.04572565384665006,1.0,0.0,0.301215104970513
Fear__Surprise,Fear,Surprise,Fear: correct,LipSuckLB,FEA,8,33,3,0.07430613248195025,0.04769871249479792,0.026607419987152332,0.22692543724345524,1.0,-0.017072199117297057,0.0,1.0,0.22692543724345524
Fear__Surprise,Fear,Surprise,Fear: correct,LipSuckLT,FEA,8,33,3,0.044417680671688206,0.019092840778349704,0.025324839893338502,0.34982524412022614,1.0,0.010689005160698766,1.0,0.0,0.34982524412022614
Fear__Surprise,Fear,Surprise,Fear: correct,LipSuckRB,FEA,8,33,3,0.06066138365227829,0.03586009659282282,0.024801287059455474,0.2380465278502308,1.0,-0.0156721817474227,0.0,1.0,0.2380465278502308
Fear__Surprise,Fear,Surprise,Fear: correct,LipSuckRT,FEA,8,33,3,0.039327772300759865,0.014187538284342651,0.025140234016417212,0.37282340822241955,1.0,-0.0005602746318969631,0.0,1.0,0.37282340822241955
Fear__Surprise,Fear,Surprise,Fear: correct,LipTightenerL,FEA,8,33,3,0.003976128676496303,0.001459683769634523,0.00251644490686178,0.042698990600622704,1.0,0.013369104855107701,1.0,0.0,0.042698990600622704
Fear__Surprise,Fear,Surprise,Fear: correct,LipTightenerR,FEA,8,33,3,0.004063206860951919,0.001390005647482305,0.002673201213469614,0.047186646811602784,1.0,0.014073950776447023,1.0,0.0,0.047186646811602784
Fear__Surprise,Fear,Surprise,Fear: correct,LipsToward,FEA,8,33,3,0.03089389120383804,0.03881265294398638,-0.007918761740148338,-0.1875707221107936,1.0,-0.013980146042174763,0.0,1.0,0.1875707221107936
Fear__Surprise,Fear,Surprise,Fear: correct,LowerLipDepressorL,FEA,8,33,3,0.017218326891969647,0.051938074111461195,-0.034719747219491545,-0.2901129262528859,1.0,-0.004899677842535092,0.0,1.0,0.2901129262528859
Fear__Surprise,Fear,Surprise,Fear: correct,LowerLipDepressorR,FEA,8,33,3,0.017215635250387114,0.05235391512268718,-0.03513827987230007,-0.30109490259726257,1.0,0.002326705720577738,1.0,0.0,0.30109490259726257
Fear__Surprise,Fear,Surprise,Fear: correct,MouthLeft,FEA,8,33,3,0.0023647470452810493,0.0014323435632085445,0.0009324034820725048,0.07813388217313541,1.0,0.0008726887294210591,1.0,0.0,0.07813388217313541
Fear__Surprise,Fear,Surprise,Fear: correct,MouthRight,FEA,8,33,3,9.512048010961494e-05,0.0009256617942857394,-0.0008305413141761245,-0.11424178304598163,1.0,-0.003273766268735861,0.0,1.0,0.11424178304598163
Fear__Surprise,Fear,Surprise,Fear: correct,NoseWrinklerL,FEA,8,33,3,0.0150894053168137,0.004686492965945049,0.01040291235086865,0.0602634017001485,1.0,-0.007282755608644546,0.0,1.0,0.0602634017001485
Fear__Surprise,Fear,Surprise,Fear: correct,NoseWrinklerR,FEA,8,33,3,0.011933092810127425,0.003268239147956739,0.008664853662170686,0.0494519559979096,1.0,-0.008127672428363625,0.0,1.0,0.0494519559979096
Fear__Surprise,Fear,Surprise,Fear: correct,OuterBrowRaiserL,FEA,8,33,3,0.18320649069963993,0.2503124271250901,-0.06710593642545018,-0.4279327621821037,1.0,-0.08362519177608191,0.0,1.0,0.4279327621821037
Fear__Surprise,Fear,Surprise,Fear: correct,OuterBrowRaiserR,FEA,8,33,3,0.19289988001448816,0.260883637971358,-0.06798375795686984,-0.42432682639063535,1.0,-0.10969879707942409,0.0,1.0,0.42432682639063535
Fear__Surprise,Fear,Surprise,Fear: correct,UpperLidRaiserL,FEA,8,33,3,0.09435562000336274,0.29830145803169295,-0.20394583802833022,-1.1395846550181365,1.0,-0.1726315560137905,0.0,1.0,1.1395846550181365
Fear__Surprise,Fear,Surprise,Fear: correct,UpperLidRaiserR,FEA,8,33,3,0.11838257582584746,0.39541919596230585,-0.27703662013645836,-1.2875288561190243,1.0,-0.24418817124872785,0.0,1.0,1.2875288561190243
Fear__Surprise,Fear,Surprise,Fear: correct,UpperLipRaiserL,FEA,8,33,3,0.17786794835675623,0.09505058301952465,0.08281736533723158,0.4515852912048005,1.0,0.010458425173742791,1.0,0.0,0.4515852912048005
Fear__Surprise,Fear,Surprise,Fear: correct,UpperLipRaiserR,FEA,8,33,3,0.20928768849910673,0.10164539394867593,0.1076422945504308,0.5610363238612242,1.0,-0.0210717237177811,0.0,1.0,0.5610363238612242
Fear__Surprise,Fear,Surprise,Fear: correct,AU1,AU-related group,8,33,3,0.20906425082361824,0.24827374939714986,-0.03920949857353162,-0.2529325288174086,1.0,-0.07641004386047523,0.0,1.0,0.2529325288174086
Fear__Surprise,Fear,Surprise,Fear: correct,AU2,AU-related group,8,33,3,0.18805318535706406,0.255598032548224,-0.06754484719115994,-0.4273780625586358,1.0,-0.09666199442775303,0.0,1.0,0.4273780625586358
Fear__Surprise,Fear,Surprise,Fear: correct,AU4,AU-related group,8,33,3,0.08661443340142991,0.045102612942431265,0.04151182045899864,0.2907537412219947,1.0,-0.11699613367935757,0.0,1.0,0.2907537412219947
Fear__Surprise,Fear,Surprise,Fear: correct,AU5,AU-related group,8,33,3,0.10636909791460511,0.3468603269969995,-0.24049122908239437,-1.2833599713411916,1.0,-0.20840986363125918,0.0,1.0,1.2833599713411916
Fear__Surprise,Fear,Surprise,Fear: correct,AU6,AU-related group,8,33,3,0.10382681227860403,0.058015296146102846,0.04581151613250119,0.2182360397504109,1.0,-0.08893616586509678,0.0,1.0,0.2182360397504109
Fear__Surprise,Fear,Surprise,Fear: correct,AU7,AU-related group,8,33,3,0.13754555767716897,0.0724436394524064,0.06510191822476258,0.3706095709363905,1.0,-0.04440832925274496,0.0,1.0,0.3706095709363905
Fear__Surprise,Fear,Surprise,Fear: correct,AU8,AU-related group,8,33,3,0.03089389120383804,0.03881265294398638,-0.007918761740148338,-0.1875707221107936,1.0,-0.013980146042174763,0.0,1.0,0.1875707221107936
Fear__Surprise,Fear,Surprise,Fear: correct,AU9,AU-related group,8,33,3,0.013511249063470562,0.003977366056950894,0.009533883006519667,0.05484020149102457,1.0,-0.007705214018504086,0.0,1.0,0.05484020149102457
Fear__Surprise,Fear,Surprise,Fear: correct,AU10,AU-related group,8,33,3,0.19357781842793148,0.09834798848410028,0.0952298299438312,0.5082820890147,1.0,-0.005306649272019182,0.0,1.0,0.5082820890147
Fear__Surprise,Fear,Surprise,Fear: correct,AU12,AU-related group,8,33,3,0.056104496417825514,0.03660902709786745,0.01949546931995806,0.08540476054095232,1.0,-0.020175199283110526,0.0,1.0,0.08540476054095232
Fear__Surprise,Fear,Surprise,Fear: correct,AU14,AU-related group,8,33,3,0.11244354030821674,0.07534021649092501,0.03710332381729173,0.32534600922299567,1.0,-0.016910718464190122,0.0,1.0,0.32534600922299567
Fear__Surprise,Fear,Surprise,Fear: correct,AU15,AU-related group,8,33,3,0.03220052379980562,0.0364804273806038,-0.004279903580798182,-0.026094458387253234,1.0,0.0622940478323863,1.0,0.0,0.026094458387253234
Fear__Surprise,Fear,Surprise,Fear: correct,AU16,AU-related group,8,33,3,0.01721698107117838,0.05214599461707419,-0.03492901354589581,-0.2956031053093418,1.0,-0.0012864860609786803,0.0,1.0,0.2956031053093418
Fear__Surprise,Fear,Surprise,Fear: correct,AU17,AU-related group,8,33,3,0.045759948170047526,0.02631254080808392,0.019447407361963605,0.10003195172699017,1.0,0.03380696573466453,1.0,0.0,0.10003195172699017
Fear__Surprise,Fear,Surprise,Fear: correct,AU18,AU-related group,8,33,3,0.003093524328867505,0.0040382813382781714,-0.0009447570094106663,-0.008785295734651687,1.0,0.005266868315780331,1.0,0.0,0.008785295734651687
Fear__Surprise,Fear,Surprise,Fear: correct,AU20,AU-related group,8,33,3,0.04706844436303403,0.0794416987820684,-0.032373254419034374,-0.29258863255410367,1.0,0.048267797323830144,1.0,0.0,0.29258863255410367
Fear__Surprise,Fear,Surprise,Fear: correct,AU22,AU-related group,8,33,3,0.0009960938175470602,0.00017007241752765265,0.0008260214000194075,0.019610555978382852,1.0,0.0012019992065508327,1.0,0.0,0.019610555978382852
Fear__Surprise,Fear,Surprise,Fear: correct,AU23,AU-related group,8,33,3,0.004019667768724111,0.0014248447085584137,0.0025948230601656967,0.04497178926704037,1.0,0.013721527815777363,1.0,0.0,0.04497178926704037
Fear__Surprise,Fear,Surprise,Fear: correct,AU24,AU-related group,8,33,3,5.8558833609655124e-05,0.0001073134496657538,-4.875461605609868e-05,-0.001096526168124791,1.0,-1.1348045652919096e-11,0.0,1.0,0.001096526168124791
Fear__Surprise,Fear,Surprise,Fear: correct,AU26,AU-related group,8,33,3,0.19804923858367446,0.2488203237230044,-0.05077108513932993,-0.28435196774632565,1.0,0.05249588275910361,1.0,0.0,0.28435196774632565
Fear__Surprise,Fear,Surprise,Fear: correct,AU28,AU-related group,8,33,3,0.05467824227666916,0.029209797037578273,0.02546844523909089,0.3146897355856239,1.0,-0.005653912583979487,0.0,1.0,0.3146897355856239
Fear__Surprise,Fear,Surprise,Fear: correct,AU43,AU-related group,8,33,3,0.004947941297274748,0.0031247158729142102,0.001823225424360538,0.01744768318738735,1.0,-0.001365292564720015,0.0,1.0,0.01744768318738735
Fear__Surprise,Fear,Surprise,Fear: all,BrowLowererL,FEA,8,54,3,0.09966483080744046,0.06675630180789535,0.032908528999545106,0.22515256861585337,,,,,0.22515256861585337
Fear__Surprise,Fear,Surprise,Fear: all,BrowLowererR,FEA,8,54,3,0.07356403599541936,0.06361726683849464,0.009946769156924717,0.07044703803170742,,,,,0.07044703803170742
Fear__Surprise,Fear,Surprise,Fear: all,CheekPuffL,FEA,8,54,3,0.000572972319586872,0.0001668061940783621,0.00040616612550850985,0.042752566256580866,,,,,0.042752566256580866
Fear__Surprise,Fear,Surprise,Fear: all,CheekPuffR,FEA,8,54,3,0.0005503397421262663,0.00015284663082023713,0.0003974931113060292,0.03734857305585082,,,,,0.03734857305585082
Fear__Surprise,Fear,Surprise,Fear: all,CheekRaiserL,FEA,8,54,3,0.11438544906353149,0.09391164360504785,0.020473805458483638,0.09593597160372871,,,,,0.09593597160372871
Fear__Surprise,Fear,Surprise,Fear: all,CheekRaiserR,FEA,8,54,3,0.09326817549367657,0.08332194912688201,0.009946226366794556,0.04802359487667296,,,,,0.04802359487667296
Fear__Surprise,Fear,Surprise,Fear: all,CheekSuckL,FEA,8,54,3,1.401298464324817e-45,2.9816738396887935e-10,-2.9816738396887935e-10,-3.205996578808054e-08,,,,,3.205996578808054e-08
Fear__Surprise,Fear,Surprise,Fear: all,CheekSuckR,FEA,8,54,3,1.226136156284215e-45,1.242019499051857e-09,-1.242019499051857e-09,-1.5893714194824454e-07,,,,,1.5893714194824454e-07
Fear__Surprise,Fear,Surprise,Fear: all,ChinRaiserB,FEA,8,54,3,0.016801607437146558,0.008004723760171032,0.008796883676975526,0.042760593159440065,,,,,0.042760593159440065
Fear__Surprise,Fear,Surprise,Fear: all,ChinRaiserT,FEA,8,54,3,0.07471828890294852,0.04993407872335829,0.024784210179590226,0.13097152491397276,,,,,0.13097152491397276
Fear__Surprise,Fear,Surprise,Fear: all,DimplerL,FEA,8,54,3,0.11142526389412963,0.09110241199669565,0.020322851897433977,0.1777012061246265,,,,,0.1777012061246265
Fear__Surprise,Fear,Surprise,Fear: all,DimplerR,FEA,8,54,3,0.11346181672230382,0.09266286655063309,0.02079895017167073,0.1827225533113616,,,,,0.1827225533113616
Fear__Surprise,Fear,Surprise,Fear: all,EyesClosedL,FEA,8,54,3,0.004069922553230988,0.004800727607115374,-0.0007308050538843858,-0.00674369859794316,,,,,0.00674369859794316
Fear__Surprise,Fear,Surprise,Fear: all,EyesClosedR,FEA,8,54,3,0.005825960041318506,0.009327611738396337,-0.003501651697077831,-0.033183897329356477,,,,,0.033183897329356477
Fear__Surprise,Fear,Surprise,Fear: all,EyesLookDownL,FEA,8,54,3,0.0026061798372405643,0.005430092082023683,-0.0028239122447831187,-0.07412364483187216,,,,,0.07412364483187216
Fear__Surprise,Fear,Surprise,Fear: all,EyesLookDownR,FEA,8,54,3,0.00431488053014226,0.007603359133691111,-0.0032884786035488507,-0.072922577928086,,,,,0.072922577928086
Fear__Surprise,Fear,Surprise,Fear: all,EyesLookLeftL,FEA,8,54,3,0.015638972882879888,0.04182036352846166,-0.026181390645581774,-0.3225437282033154,,,,,0.3225437282033154
Fear__Surprise,Fear,Surprise,Fear: all,EyesLookLeftR,FEA,8,54,3,0.04576131599606012,0.08152406460840547,-0.03576274861234535,-0.33444334080805777,,,,,0.33444334080805777
Fear__Surprise,Fear,Surprise,Fear: all,EyesLookRightL,FEA,8,54,3,0.06946837555976038,0.08716889964771435,-0.017700524087953973,-0.19198253768046727,,,,,0.19198253768046727
Fear__Surprise,Fear,Surprise,Fear: all,EyesLookRightR,FEA,8,54,3,0.011750413508222344,0.04027761780735201,-0.02852720429912967,-0.4296579794997074,,,,,0.4296579794997074
Fear__Surprise,Fear,Surprise,Fear: all,EyesLookUpL,FEA,8,54,3,0.0016140156115094805,0.046388334406677764,-0.044774318795168286,-0.4316558228352946,,,,,0.4316558228352946
Fear__Surprise,Fear,Surprise,Fear: all,EyesLookUpR,FEA,8,54,3,0.0016222881696497386,0.04636362778370694,-0.0447413396140572,-0.43069842092931143,,,,,0.43069842092931143
Fear__Surprise,Fear,Surprise,Fear: all,InnerBrowRaiserL,FEA,8,54,3,0.19652348739323744,0.19252685401721106,0.003996633376026376,0.02602613792581755,,,,,0.02602613792581755
Fear__Surprise,Fear,Surprise,Fear: all,InnerBrowRaiserR,FEA,8,54,3,0.22160501425399903,0.20316566116276855,0.018439353091230487,0.1173256213311133,,,,,0.1173256213311133
Fear__Surprise,Fear,Surprise,Fear: all,JawDrop,FEA,8,54,3,0.19804923858367446,0.20471469390560035,-0.006665455321925889,-0.03733099916051665,,,,,0.03733099916051665
Fear__Surprise,Fear,Surprise,Fear: all,JawSidewaysLeft,FEA,8,54,3,0.0026944637651102822,0.0021341643582673225,0.0005602994068429597,0.026297028009841888,,,,,0.026297028009841888
Fear__Surprise,Fear,Surprise,Fear: all,JawSidewaysRight,FEA,8,54,3,0.005217121155081005,0.005021357985150021,0.00019576316993098405,0.00720707589508219,,,,,0.00720707589508219
Fear__Surprise,Fear,Surprise,Fear: all,JawThrust,FEA,8,54,3,0.037395153132149694,0.029766742873695476,0.0076284102584542185,0.11231918572462905,,,,,0.11231918572462905
Fear__Surprise,Fear,Surprise,Fear: all,LidTightenerL,FEA,8,54,3,0.12254117223920889,0.09506143356547765,0.02747973867373124,0.15268143762310224,,,,,0.15268143762310224
Fear__Surprise,Fear,Surprise,Fear: all,LidTightenerR,FEA,8,54,3,0.1525499431151291,0.1300746010557494,0.022475342059379705,0.1195339325200521,,,,,0.1195339325200521
Fear__Surprise,Fear,Surprise,Fear: all,LipCornerDepressorL,FEA,8,54,3,0.034967853546095246,0.03281908991693611,0.0021487636291591325,0.01289905643307117,,,,,0.01289905643307117
Fear__Surprise,Fear,Surprise,Fear: all,LipCornerDepressorR,FEA,8,54,3,0.029433194053516007,0.027182726721615747,0.00225046733190026,0.013926965521065864,,,,,0.013926965521065864
Fear__Surprise,Fear,Surprise,Fear: all,LipCornerPullerL,FEA,8,54,3,0.05544070161168081,0.05012560611577572,0.005315095495905094,0.02354683220579489,,,,,0.02354683220579489
Fear__Surprise,Fear,Surprise,Fear: all,LipCornerPullerR,FEA,8,54,3,0.05676829122397022,0.05079379094671078,0.005974500277259445,0.025877133303853703,,,,,0.025877133303853703
Fear__Surprise,Fear,Surprise,Fear: all,LipFunnelerLB,FEA,8,54,3,6.462582679179322e-15,2.832846168916966e-06,-2.8328461624543834e-06,-5.6514329007419387e-05,,,,,5.6514329007419387e-05
Fear__Surprise,Fear,Surprise,Fear: all,LipFunnelerLT,FEA,8,54,3,0.0015243158844410862,0.00041981976900909787,0.0011044961154319884,0.027303398899261623,,,,,0.027303398899261623
Fear__Surprise,Fear,Surprise,Fear: all,LipFunnelerRB,FEA,8,54,3,2.1588808644311597e-05,5.9505893416903475e-06,1.563821930262125e-05,0.0003148454450785069,,,,,0.0003148454450785069
Fear__Surprise,Fear,Surprise,Fear: all,LipFunnelerRT,FEA,8,54,3,0.0024384705770963805,0.0006229301079729737,0.0018155404691234068,0.04478376410535731,,,,,0.04478376410535731
Fear__Surprise,Fear,Surprise,Fear: all,LipPressorL,FEA,8,54,3,0.00011708299566417927,9.522745256642185e-05,2.1855543097757413e-05,0.0004932796046621643,,,,,0.0004932796046621643
Fear__Surprise,Fear,Surprise,Fear: all,LipPressorR,FEA,8,54,3,3.4671555130981424e-08,5.488069975873377e-05,-5.4846028203602786e-05,-0.0012287919960818714,,,,,0.0012287919960818714
Fear__Surprise,Fear,Surprise,Fear: all,LipPuckerL,FEA,8,54,3,0.0033512609915668993,0.003269350054805418,8.191093676148146e-05,0.0007590251797243178,,,,,0.0007590251797243178
Fear__Surprise,Fear,Surprise,Fear: all,LipPuckerR,FEA,8,54,3,0.002835787666168111,0.0026853359461595843,0.00015045172000852656,0.0014032836376085794,,,,,0.0014032836376085794
Fear__Surprise,Fear,Surprise,Fear: all,LipStretcherL,FEA,8,54,3,0.045164356923940156,0.07107840856589692,-0.025914051641956766,-0.24032288648773814,,,,,0.24032288648773814
Fear__Surprise,Fear,Surprise,Fear: all,LipStretcherR,FEA,8,54,3,0.048972531802127905,0.0774836073577629,-0.028511075555634993,-0.25109787307053444,,,,,0.25109787307053444
Fear__Surprise,Fear,Surprise,Fear: all,LipSuckLB,FEA,8,54,3,0.07430613248195025,0.05930284109455375,0.015003291387396506,0.12795785761339798,,,,,0.12795785761339798
Fear__Surprise,Fear,Surprise,Fear: all,LipSuckLT,FEA,8,54,3,0.044417680671688206,0.027449423761796845,0.01696825690989136,0.23439139756847419,,,,,0.23439139756847419
Fear__Surprise,Fear,Surprise,Fear: all,LipSuckRB,FEA,8,54,3,0.06066138365227829,0.04590828259281145,0.014753101059466846,0.14160250932988275,,,,,0.14160250932988275
Fear__Surprise,Fear,Surprise,Fear: all,LipSuckRT,FEA,8,54,3,0.039327772300759865,0.022890749095721082,0.016437023205038783,0.24375695979328385,,,,,0.24375695979328385
Fear__Surprise,Fear,Surprise,Fear: all,LipTightenerL,FEA,8,54,3,0.003976128676496303,0.001482832862651591,0.0024932958138447125,0.04230619721879525,,,,,0.04230619721879525
Fear__Surprise,Fear,Surprise,Fear: all,LipTightenerR,FEA,8,54,3,0.004063206860951919,0.0017648221696622943,0.0022983846912896246,0.04057048385232263,,,,,0.04057048385232263
Fear__Surprise,Fear,Surprise,Fear: all,LipsToward,FEA,8,54,3,0.03089389120383804,0.03406544003709882,-0.0031715488332607795,-0.07512408181802746,,,,,0.07512408181802746
Fear__Surprise,Fear,Surprise,Fear: all,LowerLipDepressorL,FEA,8,54,3,0.017218326891969647,0.05232198051772032,-0.03510365362575067,-0.2933207897843502,,,,,0.2933207897843502
Fear__Surprise,Fear,Surprise,Fear: all,LowerLipDepressorR,FEA,8,54,3,0.017215635250387114,0.051843893470766074,-0.03462825822037896,-0.2967245998913314,,,,,0.2967245998913314
Fear__Surprise,Fear,Surprise,Fear: all,MouthLeft,FEA,8,54,3,0.0023647470452810493,0.004999696337063135,-0.0026349492917820856,-0.22080442797003486,,,,,0.22080442797003486
Fear__Surprise,Fear,Surprise,Fear: all,MouthRight,FEA,8,54,3,9.512048010961494e-05,0.0006011796825310361,-0.0005060592024214212,-0.06960894614712768,,,,,0.06960894614712768
Fear__Surprise,Fear,Surprise,Fear: all,NoseWrinklerL,FEA,8,54,3,0.0150894053168137,0.01409529606911539,0.0009941092476983097,0.005758810889421103,,,,,0.005758810889421103
Fear__Surprise,Fear,Surprise,Fear: all,NoseWrinklerR,FEA,8,54,3,0.011933092810127425,0.012665004856558337,-0.0007319120464309124,-0.0041771602528569585,,,,,0.0041771602528569585
Fear__Surprise,Fear,Surprise,Fear: all,OuterBrowRaiserL,FEA,8,54,3,0.18320649069963993,0.19099858513603002,-0.00779209443639009,-0.049689977861386264,,,,,0.049689977861386264
Fear__Surprise,Fear,Surprise,Fear: all,OuterBrowRaiserR,FEA,8,54,3,0.19289988001448816,0.20069617813279594,-0.007796298118307787,-0.04866130584066264,,,,,0.04866130584066264
Fear__Surprise,Fear,Surprise,Fear: all,UpperLidRaiserL,FEA,8,54,3,0.09435562000336274,0.2216262090418408,-0.12727058903847804,-0.7111476836473715,,,,,0.7111476836473715
Fear__Surprise,Fear,Surprise,Fear: all,UpperLidRaiserR,FEA,8,54,3,0.11838257582584746,0.2799247355985454,-0.16154215977269795,-0.7507678663011769,,,,,0.7507678663011769
Fear__Surprise,Fear,Surprise,Fear: all,UpperLipRaiserL,FEA,8,54,3,0.17786794835675623,0.12005821189822165,0.057809736458534586,0.3152240664357844,,,,,0.3152240664357844
Fear__Surprise,Fear,Surprise,Fear: all,UpperLipRaiserR,FEA,8,54,3,0.20928768849910673,0.13358314127658028,0.07570454722252645,0.39457539483614346,,,,,0.39457539483614346
Fear__Surprise,Fear,Surprise,Fear: all,AU1,AU-related group,8,54,3,0.20906425082361824,0.19784625758998978,0.01121799323362846,0.07236500083052858,,,,,0.07236500083052858
Fear__Surprise,Fear,Surprise,Fear: all,AU2,AU-related group,8,54,3,0.18805318535706406,0.19584738163441298,-0.007794196277348925,-0.04931639707153079,,,,,0.04931639707153079
Fear__Surprise,Fear,Surprise,Fear: all,AU4,AU-related group,8,54,3,0.08661443340142991,0.06518678432319498,0.021427649078234925,0.15008180961956097,,,,,0.15008180961956097
Fear__Surprise,Fear,Surprise,Fear: all,AU5,AU-related group,8,54,3,0.10636909791460511,0.25077547232019315,-0.14440637440558804,-0.7706117234535268,,,,,0.7706117234535268
Fear__Surprise,Fear,Surprise,Fear: all,AU6,AU-related group,8,54,3,0.10382681227860403,0.08861679636596492,0.01521001591263911,0.07245718800736539,,,,,0.07245718800736539
Fear__Surprise,Fear,Surprise,Fear: all,AU7,AU-related group,8,54,3,0.13754555767716897,0.11256801731061351,0.02497754036655546,0.14219113308360973,,,,,0.14219113308360973
Fear__Surprise,Fear,Surprise,Fear: all,AU8,AU-related group,8,54,3,0.03089389120383804,0.03406544003709882,-0.0031715488332607795,-0.07512408181802746,,,,,0.07512408181802746
Fear__Surprise,Fear,Surprise,Fear: all,AU9,AU-related group,8,54,3,0.013511249063470562,0.013380150462836863,0.00013109860063369866,0.0007540971154173944,,,,,0.0007540971154173944
Fear__Surprise,Fear,Surprise,Fear: all,AU10,AU-related group,8,54,3,0.19357781842793148,0.12682067658740093,0.06675714184053055,0.356311247550994,,,,,0.356311247550994
Fear__Surprise,Fear,Surprise,Fear: all,AU12,AU-related group,8,54,3,0.056104496417825514,0.05045969853124325,0.005644797886582266,0.02472844351133934,,,,,0.02472844351133934
Fear__Surprise,Fear,Surprise,Fear: all,AU14,AU-related group,8,54,3,0.11244354030821674,0.09188263927366437,0.020560901034552367,0.18029131650202798,,,,,0.18029131650202798
Fear__Surprise,Fear,Surprise,Fear: all,AU15,AU-related group,8,54,3,0.03220052379980562,0.030000908319275932,0.0021996154805296875,0.013410997126700585,,,,,0.013410997126700585
Fear__Surprise,Fear,Surprise,Fear: all,AU16,AU-related group,8,54,3,0.01721698107117838,0.05208293699424319,-0.03486595592306481,-0.29506945069874774,,,,,0.29506945069874774
Fear__Surprise,Fear,Surprise,Fear: all,AU17,AU-related group,8,54,3,0.045759948170047526,0.028969401241764652,0.016790546928282874,0.08636581465788595,,,,,0.08636581465788595
Fear__Surprise,Fear,Surprise,Fear: all,AU18,AU-related group,8,54,3,0.003093524328867505,0.002977343000482502,0.00011618132838500314,0.0010803702100539415,,,,,0.0010803702100539415
Fear__Surprise,Fear,Surprise,Fear: all,AU20,AU-related group,8,54,3,0.04706844436303403,0.0742810079618299,-0.027212563598795876,-0.2459464429681134,,,,,0.2459464429681134
Fear__Surprise,Fear,Surprise,Fear: all,AU22,AU-related group,8,54,3,0.0009960938175470602,0.0002628833281231697,0.0007332104894238905,0.01740713418132613,,,,,0.01740713418132613
Fear__Surprise,Fear,Surprise,Fear: all,AU23,AU-related group,8,54,3,0.004019667768724111,0.0016238275161569425,0.0023958402525671683,0.04152314838340585,,,,,0.04152314838340585
Fear__Surprise,Fear,Surprise,Fear: all,AU24,AU-related group,8,54,3,5.8558833609655124e-05,7.505407616257781e-05,-1.6495242552922683e-05,-0.00037098979690524623,,,,,0.00037098979690524623
Fear__Surprise,Fear,Surprise,Fear: all,AU26,AU-related group,8,54,3,0.19804923858367446,0.20471469390560035,-0.006665455321925889,-0.03733099916051665,,,,,0.03733099916051665
Fear__Surprise,Fear,Surprise,Fear: all,AU28,AU-related group,8,54,3,0.05467824227666916,0.03888782413622078,0.015790418140448383,0.19510741479331523,,,,,0.19510741479331523
Fear__Surprise,Fear,Surprise,Fear: all,AU43,AU-related group,8,54,3,0.004947941297274748,0.007064169672755855,-0.0021162283754811067,-0.020251627557521527,,,,,0.020251627557521527
Fear__Surprise,Fear,Surprise,Surprise: correct,BrowLowererL,FEA,8,52,3,0.09966483080744046,0.03235837141835784,0.06730645938908261,0.46049527817241687,,,,,0.46049527817241687
Fear__Surprise,Fear,Surprise,Surprise: correct,BrowLowererR,FEA,8,52,3,0.07356403599541936,0.03170788381876023,0.041856152176659125,0.2964421811475599,,,,,0.2964421811475599
Fear__Surprise,Fear,Surprise,Surprise: correct,CheekPuffL,FEA,8,52,3,0.000572972319586872,0.0031389907862899155,-0.0025660184667030436,-0.2700960706065416,,,,,0.2700960706065416
Fear__Surprise,Fear,Surprise,Surprise: correct,CheekPuffR,FEA,8,52,3,0.0005503397421262663,0.004025957341052059,-0.003475617598925793,-0.3265700816327879,,,,,0.3265700816327879
Fear__Surprise,Fear,Surprise,Surprise: correct,CheekRaiserL,FEA,8,52,3,0.11438544906353149,0.06279170548542183,0.051593743578109655,0.2417574949061854,,,,,0.2417574949061854
Fear__Surprise,Fear,Surprise,Surprise: correct,CheekRaiserR,FEA,8,52,3,0.09326817549367657,0.05060127399863905,0.04266690149503752,0.20600958760412225,,,,,0.20600958760412225
Fear__Surprise,Fear,Surprise,Surprise: correct,CheekSuckL,FEA,8,52,3,1.401298464324817e-45,0.008819534978385129,-0.008819534978385129,-0.9483062362827679,,,,,0.9483062362827679
Fear__Surprise,Fear,Surprise,Surprise: correct,CheekSuckR,FEA,8,52,3,1.226136156284215e-45,0.0075628718156180354,-0.0075628718156180354,-0.9677957811555056,,,,,0.9677957811555056
Fear__Surprise,Fear,Surprise,Surprise: correct,ChinRaiserB,FEA,8,52,3,0.016801607437146558,0.017777933776028355,-0.0009763263388817972,-0.004745804866903015,,,,,0.004745804866903015
Fear__Surprise,Fear,Surprise,Surprise: correct,ChinRaiserT,FEA,8,52,3,0.07471828890294852,0.036091069998503617,0.0386272189044449,0.20412455052802614,,,,,0.20412455052802614
Fear__Surprise,Fear,Surprise,Surprise: correct,DimplerL,FEA,8,52,3,0.11142526389412963,0.037657017053805954,0.07376824684032368,0.6450229772564465,,,,,0.6450229772564465
Fear__Surprise,Fear,Surprise,Surprise: correct,DimplerR,FEA,8,52,3,0.11346181672230382,0.03795956760295342,0.0755022491193504,0.6633009659607263,,,,,0.6633009659607263
Fear__Surprise,Fear,Surprise,Surprise: correct,EyesClosedL,FEA,8,52,3,0.004069922553230988,0.009791066675440198,-0.00572114412220921,-0.052793383667098535,,,,,0.052793383667098535
Fear__Surprise,Fear,Surprise,Surprise: correct,EyesClosedR,FEA,8,52,3,0.005825960041318506,0.016932194718376595,-0.01110623467705809,-0.10524980298491479,,,,,0.10524980298491479
Fear__Surprise,Fear,Surprise,Surprise: correct,EyesLookDownL,FEA,8,52,3,0.0026061798372405643,0.00738912214692625,-0.004782942309685686,-0.12554537332717453,,,,,0.12554537332717453
Fear__Surprise,Fear,Surprise,Surprise: correct,EyesLookDownR,FEA,8,52,3,0.00431488053014226,0.01316778104677131,-0.00885290051662905,-0.19631458970625007,,,,,0.19631458970625007
Fear__Surprise,Fear,Surprise,Surprise: correct,EyesLookLeftL,FEA,8,52,3,0.015638972882879888,0.05892069017470184,-0.04328171729182195,-0.5332125648834475,,,,,0.5332125648834475
Fear__Surprise,Fear,Surprise,Surprise: correct,EyesLookLeftR,FEA,8,52,3,0.04576131599606012,0.1037822595771453,-0.058020943581085185,-0.5425958283697306,,,,,0.5425958283697306
Fear__Surprise,Fear,Surprise,Surprise: correct,EyesLookRightL,FEA,8,52,3,0.06946837555976038,0.08831741940808471,-0.018849043848324337,-0.20443955517195062,,,,,0.20443955517195062
Fear__Surprise,Fear,Surprise,Surprise: correct,EyesLookRightR,FEA,8,52,3,0.011750413508222344,0.04659258094386366,-0.03484216743564132,-0.5247697988493347,,,,,0.5247697988493347
Fear__Surprise,Fear,Surprise,Surprise: correct,EyesLookUpL,FEA,8,52,3,0.0016140156115094805,0.047570245777732896,-0.04595623016622342,-0.4430502770474321,,,,,0.4430502770474321
Fear__Surprise,Fear,Surprise,Surprise: correct,EyesLookUpR,FEA,8,52,3,0.0016222881696497386,0.04771592230096796,-0.04609363413131822,-0.4437161606358064,,,,,0.4437161606358064
Fear__Surprise,Fear,Surprise,Surprise: correct,InnerBrowRaiserL,FEA,8,52,3,0.19652348739323744,0.3060270400024499,-0.10950355260921246,-0.7130888163697238,,,,,0.7130888163697238
Fear__Surprise,Fear,Surprise,Surprise: correct,InnerBrowRaiserR,FEA,8,52,3,0.22160501425399903,0.31122807933864194,-0.0896230650846429,-0.570252207039485,,,,,0.570252207039485
Fear__Surprise,Fear,Surprise,Surprise: correct,JawDrop,FEA,8,52,3,0.19804923858367446,0.3963972868084584,-0.19834804822478397,-1.110881472329799,,,,,1.110881472329799
Fear__Surprise,Fear,Surprise,Surprise: correct,JawSidewaysLeft,FEA,8,52,3,0.0026944637651102822,0.01953679591604042,-0.016842332150930138,-0.7904760828137143,,,,,0.7904760828137143
Fear__Surprise,Fear,Surprise,Surprise: correct,JawSidewaysRight,FEA,8,52,3,0.005217121155081005,0.030358263037542785,-0.02514114188246178,-0.9255781754035308,,,,,0.9255781754035308
Fear__Surprise,Fear,Surprise,Surprise: correct,JawThrust,FEA,8,52,3,0.037395153132149694,0.08896996043875091,-0.05157480730660122,-0.7593771394455558,,,,,0.7593771394455558
Fear__Surprise,Fear,Surprise,Surprise: correct,LidTightenerL,FEA,8,52,3,0.12254117223920889,0.0725386126207941,0.050002559618414794,0.27782151708278346,,,,,0.27782151708278346
Fear__Surprise,Fear,Surprise,Surprise: correct,LidTightenerR,FEA,8,52,3,0.1525499431151291,0.10391952058368203,0.04863042253144706,0.25863836154029357,,,,,0.25863836154029357
Fear__Surprise,Fear,Surprise,Surprise: correct,LipCornerDepressorL,FEA,8,52,3,0.034967853546095246,0.02067525658224291,0.014292596963852336,0.08579864825989178,,,,,0.08579864825989178
Fear__Surprise,Fear,Surprise,Surprise: correct,LipCornerDepressorR,FEA,8,52,3,0.029433194053516007,0.018014941505856683,0.011418252547659324,0.07066159427775318,,,,,0.07066159427775318
Fear__Surprise,Fear,Surprise,Surprise: correct,LipCornerPullerL,FEA,8,52,3,0.05544070161168081,0.021283062872835875,0.034157638738844934,0.15132450368001868,,,,,0.15132450368001868
Fear__Surprise,Fear,Surprise,Surprise: correct,LipCornerPullerR,FEA,8,52,3,0.05676829122397022,0.021427884908856536,0.03534040631511369,0.15306860202340522,,,,,0.15306860202340522
Fear__Surprise,Fear,Surprise,Surprise: correct,LipFunnelerLB,FEA,8,52,3,6.462582679179322e-15,0.008817524470994178,-0.008817524470987716,-0.17590665020532884,,,,,0.17590665020532884
Fear__Surprise,Fear,Surprise,Surprise: correct,LipFunnelerLT,FEA,8,52,3,0.0015243158844410862,0.03569915543229994,-0.034174839547858854,-0.8448099214260287,,,,,0.8448099214260287
Fear__Surprise,Fear,Surprise,Surprise: correct,LipFunnelerRB,FEA,8,52,3,2.1588808644311597e-05,0.007875482615405681,-0.007853893806761368,-0.15812303455641089,,,,,0.15812303455641089
Fear__Surprise,Fear,Surprise,Surprise: correct,LipFunnelerRT,FEA,8,52,3,0.0024384705770963805,0.03588070735249424,-0.03344223677539786,-0.824916474391804,,,,,0.824916474391804
Fear__Surprise,Fear,Surprise,Surprise: correct,LipPressorL,FEA,8,52,3,0.00011708299566417927,0.003060540986348732,-0.0029434579906845526,-0.06643384643841445,,,,,0.06643384643841445
Fear__Surprise,Fear,Surprise,Surprise: correct,LipPressorR,FEA,8,52,3,3.4671555130981424e-08,0.0031412360459675062,-0.0031412013744123754,-0.07037671155749704,,,,,0.07037671155749704
Fear__Surprise,Fear,Surprise,Surprise: correct,LipPuckerL,FEA,8,52,3,0.0033512609915668993,0.0976736704051602,-0.09432240941359331,-0.874035709854681,,,,,0.874035709854681
Fear__Surprise,Fear,Surprise,Surprise: correct,LipPuckerR,FEA,8,52,3,0.002835787666168111,0.09927152728146237,-0.09643573961529425,-0.8994692481757904,,,,,0.8994692481757904
Fear__Surprise,Fear,Surprise,Surprise: correct,LipStretcherL,FEA,8,52,3,0.045164356923940156,0.008402702834761269,0.03676165408917889,0.3409218652814311,,,,,0.3409218652814311
Fear__Surprise,Fear,Surprise,Surprise: correct,LipStretcherR,FEA,8,52,3,0.048972531802127905,0.01148535457811702,0.03748717722401089,0.3301506619769355,,,,,0.3301506619769355
Fear__Surprise,Fear,Surprise,Surprise: correct,LipSuckLB,FEA,8,52,3,0.07430613248195025,0.037395875513200616,0.03691025696874964,0.3147947529465909,,,,,0.3147947529465909
Fear__Surprise,Fear,Surprise,Surprise: correct,LipSuckLT,FEA,8,52,3,0.044417680671688206,0.017769198944672323,0.026648481727015883,0.36810940029037964,,,,,0.36810940029037964
Fear__Surprise,Fear,Surprise,Surprise: correct,LipSuckRB,FEA,8,52,3,0.06066138365227829,0.02860277360263783,0.03205861004964046,0.3077034184446466,,,,,0.3077034184446466
Fear__Surprise,Fear,Surprise,Surprise: correct,LipSuckRT,FEA,8,52,3,0.039327772300759865,0.014343575808987673,0.024984196491772193,0.3705094105996943,,,,,0.3705094105996943
Fear__Surprise,Fear,Surprise,Surprise: correct,LipTightenerL,FEA,8,52,3,0.003976128676496303,0.03220499076979945,-0.028228862093303147,-0.47898680948727446,,,,,0.47898680948727446
Fear__Surprise,Fear,Surprise,Surprise: correct,LipTightenerR,FEA,8,52,3,0.004063206860951919,0.02424198681138257,-0.02017877995043065,-0.35619053209024215,,,,,0.35619053209024215
Fear__Surprise,Fear,Surprise,Surprise: correct,LipsToward,FEA,8,52,3,0.03089389120383804,0.07971810094615342,-0.04882420974231538,-1.1564929692762025,,,,,1.1564929692762025
Fear__Surprise,Fear,Surprise,Surprise: correct,LowerLipDepressorL,FEA,8,52,3,0.017218326891969647,0.014476709756445568,0.002741617135524078,0.022908535733964747,,,,,0.022908535733964747
Fear__Surprise,Fear,Surprise,Surprise: correct,LowerLipDepressorR,FEA,8,52,3,0.017215635250387114,0.015452531721019121,0.0017631035293679924,0.015107782377885553,,,,,0.015107782377885553
Fear__Surprise,Fear,Surprise,Surprise: correct,MouthLeft,FEA,8,52,3,0.0023647470452810493,0.0017829196710026814,0.0005818273742783679,0.04875617946634362,,,,,0.04875617946634362
Fear__Surprise,Fear,Surprise,Surprise: correct,MouthRight,FEA,8,52,3,9.512048010961494e-05,0.0042996872470928,-0.004204566766983185,-0.5783423367355536,,,,,0.5783423367355536
Fear__Surprise,Fear,Surprise,Surprise: correct,NoseWrinklerL,FEA,8,52,3,0.0150894053168137,0.003068632029652067,0.012020773287161633,0.06963556597592088,,,,,0.06963556597592088
Fear__Surprise,Fear,Surprise,Surprise: correct,NoseWrinklerR,FEA,8,52,3,0.011933092810127425,0.003008889592993775,0.00892420321713365,0.05093211287996973,,,,,0.05093211287996973
Fear__Surprise,Fear,Surprise,Surprise: correct,OuterBrowRaiserL,FEA,8,52,3,0.18320649069963993,0.3122887534152319,-0.12908226271559195,-0.8231541376963755,,,,,0.8231541376963755
Fear__Surprise,Fear,Surprise,Surprise: correct,OuterBrowRaiserR,FEA,8,52,3,0.19289988001448816,0.32272752546503963,-0.12982764545055148,-0.8103310912402168,,,,,0.8103310912402168
Fear__Surprise,Fear,Surprise,Surprise: correct,UpperLidRaiserL,FEA,8,52,3,0.09435562000336274,0.2696889446739539,-0.17533332467059115,-0.9797070057402361,,,,,0.9797070057402361
Fear__Surprise,Fear,Surprise,Surprise: correct,UpperLidRaiserR,FEA,8,52,3,0.11838257582584746,0.35328953612882513,-0.23490696030297767,-1.0917310850252002,,,,,1.0917310850252002
Fear__Surprise,Fear,Surprise,Surprise: correct,UpperLipRaiserL,FEA,8,52,3,0.17786794835675623,0.04239173153721377,0.13547621681954247,0.7387226890719979,,,,,0.7387226890719979
Fear__Surprise,Fear,Surprise,Surprise: correct,UpperLipRaiserR,FEA,8,52,3,0.20928768849910673,0.04298482452457361,0.16630286397453312,0.8667777646467111,,,,,0.8667777646467111
Fear__Surprise,Fear,Surprise,Surprise: correct,AU1,AU-related group,8,52,3,0.20906425082361824,0.3086275596705459,-0.09956330884692766,-0.6422627271515717,,,,,0.6422627271515717
Fear__Surprise,Fear,Surprise,Surprise: correct,AU2,AU-related group,8,52,3,0.18805318535706406,0.31750813944013573,-0.12945495408307167,-0.819103303440166,,,,,0.819103303440166
Fear__Surprise,Fear,Surprise,Surprise: correct,AU4,AU-related group,8,52,3,0.08661443340142991,0.03203312761855903,0.054581305782870876,0.3822939751058611,,,,,0.3822939751058611
Fear__Surprise,Fear,Surprise,Surprise: correct,AU5,AU-related group,8,52,3,0.10636909791460511,0.3114892404013895,-0.20512014248678437,-1.0946053258896666,,,,,1.0946053258896666
Fear__Surprise,Fear,Surprise,Surprise: correct,AU6,AU-related group,8,52,3,0.10382681227860403,0.05669648974203045,0.047130322536573586,0.22451854491766626,,,,,0.22451854491766626
Fear__Surprise,Fear,Surprise,Surprise: correct,AU7,AU-related group,8,52,3,0.13754555767716897,0.08822906660223806,0.04931649107493091,0.2807469287505028,,,,,0.2807469287505028
Fear__Surprise,Fear,Surprise,Surprise: correct,AU8,AU-related group,8,52,3,0.03089389120383804,0.07971810094615342,-0.04882420974231538,-1.1564929692762025,,,,,1.1564929692762025
Fear__Surprise,Fear,Surprise,Surprise: correct,AU9,AU-related group,8,52,3,0.013511249063470562,0.0030387608113229205,0.010472488252147642,0.06023918748189221,,,,,0.06023918748189221
Fear__Surprise,Fear,Surprise,Surprise: correct,AU10,AU-related group,8,52,3,0.19357781842793148,0.042688278030893693,0.15088954039703778,0.8053616272202788,,,,,0.8053616272202788
Fear__Surprise,Fear,Surprise,Surprise: correct,AU12,AU-related group,8,52,3,0.056104496417825514,0.021355473890846202,0.03474902252697931,0.15222675070000366,,,,,0.15222675070000366
Fear__Surprise,Fear,Surprise,Surprise: correct,AU14,AU-related group,8,52,3,0.11244354030821674,0.037808292328379685,0.07463524797983706,0.6544502642723362,,,,,0.6544502642723362
Fear__Surprise,Fear,Surprise,Surprise: correct,AU15,AU-related group,8,52,3,0.03220052379980562,0.019345099044049796,0.012855424755755823,0.07837918308359988,,,,,0.07837918308359988
Fear__Surprise,Fear,Surprise,Surprise: correct,AU16,AU-related group,8,52,3,0.01721698107117838,0.014964620738732344,0.0022523603324460344,0.019061652218485336,,,,,0.019061652218485336
Fear__Surprise,Fear,Surprise,Surprise: correct,AU17,AU-related group,8,52,3,0.045759948170047526,0.026934501887265982,0.018825446282781544,0.09683276021056766,,,,,0.09683276021056766
Fear__Surprise,Fear,Surprise,Surprise: correct,AU18,AU-related group,8,52,3,0.003093524328867505,0.09847259884331129,-0.09537907451444379,-0.8869300446148224,,,,,0.8869300446148224
Fear__Surprise,Fear,Surprise,Surprise: correct,AU20,AU-related group,8,52,3,0.04706844436303403,0.009944028706439144,0.037124415656594884,0.3355295044092527,,,,,0.3355295044092527
Fear__Surprise,Fear,Surprise,Surprise: correct,AU22,AU-related group,8,52,3,0.0009960938175470602,0.02206821746779851,-0.021072123650251448,-0.500272826366184,,,,,0.500272826366184
Fear__Surprise,Fear,Surprise,Surprise: correct,AU23,AU-related group,8,52,3,0.004019667768724111,0.028223488790591007,-0.024203821021866898,-0.41948491793619735,,,,,0.41948491793619735
Fear__Surprise,Fear,Surprise,Surprise: correct,AU24,AU-related group,8,52,3,5.8558833609655124e-05,0.0031008885161581193,-0.0030423296825484642,-0.06842416941892587,,,,,0.06842416941892587
Fear__Surprise,Fear,Surprise,Surprise: correct,AU26,AU-related group,8,52,3,0.19804923858367446,0.3963972868084584,-0.19834804822478397,-1.110881472329799,,,,,1.110881472329799
Fear__Surprise,Fear,Surprise,Surprise: correct,AU28,AU-related group,8,52,3,0.05467824227666916,0.02452785596737461,0.030150386309294553,0.3725400984004078,,,,,0.3725400984004078
Fear__Surprise,Fear,Surprise,Surprise: correct,AU43,AU-related group,8,52,3,0.004947941297274748,0.013361630696908395,-0.008413689399633648,-0.080516311982307,,,,,0.080516311982307
Fear__Surprise,Fear,Surprise,Surprise: all,BrowLowererL,FEA,8,54,3,0.09966483080744046,0.03898958633454363,0.06067524447289683,0.4151260344896127,,,,,0.4151260344896127
Fear__Surprise,Fear,Surprise,Surprise: all,BrowLowererR,FEA,8,54,3,0.07356403599541936,0.03682657805023787,0.03673745794518149,0.2601895204585816,,,,,0.2601895204585816
Fear__Surprise,Fear,Surprise,Surprise: all,CheekPuffL,FEA,8,54,3,0.000572972319586872,0.0037952206196071978,-0.003222248300020326,-0.3391700471557118,,,,,0.3391700471557118
Fear__Surprise,Fear,Surprise,Surprise: all,CheekPuffR,FEA,8,54,3,0.0005503397421262663,0.004931330658561372,-0.004380990916435106,-0.4116392325942016,,,,,0.4116392325942016
Fear__Surprise,Fear,Surprise,Surprise: all,CheekRaiserL,FEA,8,54,3,0.11438544906353149,0.06769845274862313,0.04668699631490836,0.21876550316025928,,,,,0.21876550316025928
Fear__Surprise,Fear,Surprise,Surprise: all,CheekRaiserR,FEA,8,54,3,0.09326817549367657,0.0552291472100015,0.038039028283675065,0.18366472031002473,,,,,0.18366472031002473
Fear__Surprise,Fear,Surprise,Surprise: all,CheekSuckL,FEA,8,54,3,1.401298464324817e-45,0.008492885534741236,-0.008492885534741236,-0.9131837830871099,,,,,0.9131837830871099
Fear__Surprise,Fear,Surprise,Surprise: all,CheekSuckR,FEA,8,54,3,1.226136156284215e-45,0.007282765452076627,-0.007282765452076627,-0.931951492964561,,,,,0.931951492964561
Fear__Surprise,Fear,Surprise,Surprise: all,ChinRaiserB,FEA,8,54,3,0.016801607437146558,0.018048954597240496,-0.0012473471600939375,-0.0060632044710289745,,,,,0.0060632044710289745
Fear__Surprise,Fear,Surprise,Surprise: all,ChinRaiserT,FEA,8,54,3,0.07471828890294852,0.0365552112935018,0.03816307760944671,0.2016718077235966,,,,,0.2016718077235966
Fear__Surprise,Fear,Surprise,Surprise: all,DimplerL,FEA,8,54,3,0.11142526389412963,0.036277916297907366,0.07514734759622227,0.6570817113813311,,,,,0.6570817113813311
Fear__Surprise,Fear,Surprise,Surprise: all,DimplerR,FEA,8,54,3,0.11346181672230382,0.036635124492297305,0.07682669223000652,0.674936439140731,,,,,0.674936439140731
Fear__Surprise,Fear,Surprise,Surprise: all,EyesClosedL,FEA,8,54,3,0.004069922553230988,0.011219065543378396,-0.007149142990147408,-0.06597062418068525,,,,,0.06597062418068525
Fear__Surprise,Fear,Surprise,Surprise: all,EyesClosedR,FEA,8,54,3,0.005825960041318506,0.019166569199230966,-0.01334060915791246,-0.1264241686221027,,,,,0.1264241686221027
Fear__Surprise,Fear,Surprise,Surprise: all,EyesLookDownL,FEA,8,54,3,0.0026061798372405643,0.010136141596128556,-0.0075299617588879915,-0.19765069259659648,,,,,0.19765069259659648
Fear__Surprise,Fear,Surprise,Surprise: all,EyesLookDownR,FEA,8,54,3,0.00431488053014226,0.01695280237257944,-0.012637921842437179,-0.28024808779647425,,,,,0.28024808779647425
Fear__Surprise,Fear,Surprise,Surprise: all,EyesLookLeftL,FEA,8,54,3,0.015638972882879888,0.060424286587954984,-0.044785313705075096,-0.5517362407037631,,,,,0.5517362407037631
Fear__Surprise,Fear,Surprise,Surprise: all,EyesLookLeftR,FEA,8,54,3,0.04576131599606012,0.1057462341632973,-0.05998491816723718,-0.5609623758902994,,,,,0.5609623758902994
Fear__Surprise,Fear,Surprise,Surprise: all,EyesLookRightL,FEA,8,54,3,0.06946837555976038,0.08675175682727077,-0.01728338126751039,-0.18745814411754178,,,,,0.18745814411754178
Fear__Surprise,Fear,Surprise,Surprise: all,EyesLookRightR,FEA,8,54,3,0.011750413508222344,0.045511861966525985,-0.033761448458303644,-0.5084927207543016,,,,,0.5084927207543016
Fear__Surprise,Fear,Surprise,Surprise: all,EyesLookUpL,FEA,8,54,3,0.0016140156115094805,0.045808384823002035,-0.04419436921149256,-0.42606470226705606,,,,,0.42606470226705606
Fear__Surprise,Fear,Surprise,Surprise: all,EyesLookUpR,FEA,8,54,3,0.0016222881696497386,0.04594866591945063,-0.044326377749800895,-0.4267038284288911,,,,,0.4267038284288911
Fear__Surprise,Fear,Surprise,Surprise: all,InnerBrowRaiserL,FEA,8,54,3,0.19652348739323744,0.29492175157563494,-0.0983982641823975,-0.6407710075769554,,,,,0.6407710075769554
Fear__Surprise,Fear,Surprise,Surprise: all,InnerBrowRaiserR,FEA,8,54,3,0.22160501425399903,0.2997110244490461,-0.0781060101950471,-0.4969716741411264,,,,,0.4969716741411264
Fear__Surprise,Fear,Surprise,Surprise: all,JawDrop,FEA,8,54,3,0.19804923858367446,0.3922261973857522,-0.19417695880207775,-1.0875205872563851,,,,,1.0875205872563851
Fear__Surprise,Fear,Surprise,Surprise: all,JawSidewaysLeft,FEA,8,54,3,0.0026944637651102822,0.0201077167114279,-0.01741325294631762,-0.817271613853628,,,,,0.817271613853628
Fear__Surprise,Fear,Surprise,Surprise: all,JawSidewaysRight,FEA,8,54,3,0.005217121155081005,0.03090975678743257,-0.025692635632351565,-0.945881572168716,,,,,0.945881572168716
Fear__Surprise,Fear,Surprise,Surprise: all,JawThrust,FEA,8,54,3,0.037395153132149694,0.09096844586200346,-0.05357329272985377,-0.7888024387959021,,,,,0.7888024387959021
Fear__Surprise,Fear,Surprise,Surprise: all,LidTightenerL,FEA,8,54,3,0.12254117223920889,0.08299550335361666,0.03954566888559223,0.21972150641269442,,,,,0.21972150641269442
Fear__Surprise,Fear,Surprise,Surprise: all,LidTightenerR,FEA,8,54,3,0.1525499431151291,0.11127848152097766,0.04127146159415143,0.21950011226371405,,,,,0.21950011226371405
Fear__Surprise,Fear,Surprise,Surprise: all,LipCornerDepressorL,FEA,8,54,3,0.034967853546095246,0.020871230003569167,0.014096623542526079,0.08462221722449742,,,,,0.08462221722449742
Fear__Surprise,Fear,Surprise,Surprise: all,LipCornerDepressorR,FEA,8,54,3,0.029433194053516007,0.017676399559179715,0.011756794494336292,0.07275665335813694,,,,,0.07275665335813694
Fear__Surprise,Fear,Surprise,Surprise: all,LipCornerPullerL,FEA,8,54,3,0.05544070161168081,0.020620762449804594,0.034819939161876215,0.15425861407238312,,,,,0.15425861407238312
Fear__Surprise,Fear,Surprise,Surprise: all,LipCornerPullerR,FEA,8,54,3,0.05676829122397022,0.020661842976082753,0.036106448247887474,0.1563865312711752,,,,,0.1563865312711752
Fear__Surprise,Fear,Surprise,Surprise: all,LipFunnelerLB,FEA,8,54,3,6.462582679179322e-15,0.010287479699315405,-0.010287479699308943,-0.20523176305492566,,,,,0.20523176305492566
Fear__Surprise,Fear,Surprise,Surprise: all,LipFunnelerLT,FEA,8,54,3,0.0015243158844410862,0.04151457433209566,-0.039990258447654574,-0.988568418870201,,,,,0.988568418870201
Fear__Surprise,Fear,Surprise,Surprise: all,LipFunnelerRB,FEA,8,54,3,2.1588808644311597e-05,0.009309002939056059,-0.009287414130411746,-0.18698420702079346,,,,,0.18698420702079346
Fear__Surprise,Fear,Surprise,Surprise: all,LipFunnelerRT,FEA,8,54,3,0.0024384705770963805,0.04168831403522205,-0.03924984345812567,-0.9681721561676865,,,,,0.9681721561676865
Fear__Surprise,Fear,Surprise,Surprise: all,LipPressorL,FEA,8,54,3,0.00011708299566417927,0.003011499177755403,-0.0028944161820912235,-0.0653269728253164,,,,,0.0653269728253164
Fear__Surprise,Fear,Surprise,Surprise: all,LipPressorR,FEA,8,54,3,3.4671555130981424e-08,0.003096950930309625,-0.0030969162587544943,-0.06938453040148053,,,,,0.06938453040148053
Fear__Surprise,Fear,Surprise,Surprise: all,LipPuckerL,FEA,8,54,3,0.0033512609915668993,0.10800241900322069,-0.1046511580116538,-0.9697467415060345,,,,,0.9697467415060345
Fear__Surprise,Fear,Surprise,Surprise: all,LipPuckerR,FEA,8,54,3,0.002835787666168111,0.10982939536024235,-0.10699360769407423,-0.9979439184696377,,,,,0.9979439184696377
Fear__Surprise,Fear,Surprise,Surprise: all,LipStretcherL,FEA,8,54,3,0.045164356923940156,0.008091832926185736,0.03707252399775442,0.34380482448762834,,,,,0.34380482448762834
Fear__Surprise,Fear,Surprise,Surprise: all,LipStretcherR,FEA,8,54,3,0.048972531802127905,0.011109937263780297,0.03786259453834761,0.3334569732018437,,,,,0.3334569732018437
Fear__Surprise,Fear,Surprise,Surprise: all,LipSuckLB,FEA,8,54,3,0.07430613248195025,0.0360927802672176,0.038213352214732654,0.32590839938834837,,,,,0.32590839938834837
Fear__Surprise,Fear,Surprise,Surprise: all,LipSuckLT,FEA,8,54,3,0.044417680671688206,0.01722281068964239,0.027194869982045816,0.37565694671141536,,,,,0.37565694671141536
Fear__Surprise,Fear,Surprise,Surprise: all,LipSuckRB,FEA,8,54,3,0.06066138365227829,0.027689065130617228,0.03297231852166106,0.3164733314217605,,,,,0.3164733314217605
Fear__Surprise,Fear,Surprise,Surprise: all,LipSuckRT,FEA,8,54,3,0.039327772300759865,0.0138537964431333,0.025473975857626563,0.3777727165950004,,,,,0.3777727165950004
Fear__Surprise,Fear,Surprise,Surprise: all,LipTightenerL,FEA,8,54,3,0.003976128676496303,0.0360342355347887,-0.03205810685829239,-0.5439613637808807,,,,,0.5439613637808807
Fear__Surprise,Fear,Surprise,Surprise: all,LipTightenerR,FEA,8,54,3,0.004063206860951919,0.027696226472003198,-0.023633019611051277,-0.41716386475485745,,,,,0.41716386475485745
Fear__Surprise,Fear,Surprise,Surprise: all,LipsToward,FEA,8,54,3,0.03089389120383804,0.08021129036992138,-0.04931739916608334,-1.1681750856713131,,,,,1.1681750856713131
Fear__Surprise,Fear,Surprise,Surprise: all,LowerLipDepressorL,FEA,8,54,3,0.017218326891969647,0.01722002714738363,-1.7002554139819437e-06,-1.420707559906127e-05,,,,,1.420707559906127e-05
Fear__Surprise,Fear,Surprise,Surprise: all,LowerLipDepressorR,FEA,8,54,3,0.017215635250387114,0.017686326476716346,-0.0004706912263292319,-0.0040332859052872394,,,,,0.0040332859052872394
Fear__Surprise,Fear,Surprise,Surprise: all,MouthLeft,FEA,8,54,3,0.0023647470452810493,0.0017293291929083637,0.0006354178523726856,0.053246973614512416,,,,,0.053246973614512416
Fear__Surprise,Fear,Surprise,Surprise: all,MouthRight,FEA,8,54,3,9.512048010961494e-05,0.004140439571274562,-0.004045319091164947,-0.5564376606876791,,,,,0.5564376606876791
Fear__Surprise,Fear,Surprise,Surprise: all,NoseWrinklerL,FEA,8,54,3,0.0150894053168137,0.004867840693956627,0.010221564622857074,0.05921286598361347,,,,,0.05921286598361347
Fear__Surprise,Fear,Surprise,Surprise: all,NoseWrinklerR,FEA,8,54,3,0.011933092810127425,0.0045334317559801865,0.007399661054147238,0.042231262882916794,,,,,0.042231262882916794
Fear__Surprise,Fear,Surprise,Surprise: all,OuterBrowRaiserL,FEA,8,54,3,0.18320649069963993,0.30072840101564774,-0.11752191031600781,-0.7494340795663713,,,,,0.7494340795663713
Fear__Surprise,Fear,Surprise,Surprise: all,OuterBrowRaiserR,FEA,8,54,3,0.19289988001448816,0.3108072311710618,-0.11790735115657364,-0.7359294871009611,,,,,0.7359294871009611
Fear__Surprise,Fear,Surprise,Surprise: all,UpperLidRaiserL,FEA,8,54,3,0.09435562000336274,0.25970046658122914,-0.1653448465778664,-0.9238945583203835,,,,,0.9238945583203835
Fear__Surprise,Fear,Surprise,Surprise: all,UpperLidRaiserR,FEA,8,54,3,0.11838257582584746,0.3402047468442469,-0.22182217101839943,-1.0309194718462882,,,,,1.0309194718462882
Fear__Surprise,Fear,Surprise,Surprise: all,UpperLipRaiserL,FEA,8,54,3,0.17786794835675623,0.041035801849937346,0.13683214650681888,0.7461162821933027,,,,,0.7461162821933027
Fear__Surprise,Fear,Surprise,Surprise: all,UpperLipRaiserR,FEA,8,54,3,0.20928768849910673,0.041681376943394695,0.16760631155571204,0.8735713901667229,,,,,0.8735713901667229
Fear__Surprise,Fear,Surprise,Surprise: all,AU1,AU-related group,8,54,3,0.20906425082361824,0.2973163880123405,-0.08825213718872227,-0.5692966511883105,,,,,0.5692966511883105
Fear__Surprise,Fear,Surprise,Surprise: all,AU2,AU-related group,8,54,3,0.18805318535706406,0.3057678160933548,-0.11771463073629074,-0.7448184859535135,,,,,0.7448184859535135
Fear__Surprise,Fear,Surprise,Surprise: all,AU4,AU-related group,8,54,3,0.08661443340142991,0.03790808219239076,0.04870635120903915,0.3411450926197749,,,,,0.3411450926197749
Fear__Surprise,Fear,Surprise,Surprise: all,AU5,AU-related group,8,54,3,0.10636909791460511,0.299952606712738,-0.19358350879813288,-1.033041110277591,,,,,1.033041110277591
Fear__Surprise,Fear,Surprise,Surprise: all,AU6,AU-related group,8,54,3,0.10382681227860403,0.061463799979312304,0.04236301229929173,0.20180812198739637,,,,,0.20180812198739637
Fear__Surprise,Fear,Surprise,Surprise: all,AU7,AU-related group,8,54,3,0.13754555767716897,0.09713699243729718,0.040408565239871796,0.23003624830224648,,,,,0.23003624830224648
Fear__Surprise,Fear,Surprise,Surprise: all,AU8,AU-related group,8,54,3,0.03089389120383804,0.08021129036992138,-0.04931739916608334,-1.1681750856713131,,,,,1.1681750856713131
Fear__Surprise,Fear,Surprise,Surprise: all,AU9,AU-related group,8,54,3,0.013511249063470562,0.004700636224968408,0.008810612838502154,0.05067985237415335,,,,,0.05067985237415335
Fear__Surprise,Fear,Surprise,Surprise: all,AU10,AU-related group,8,54,3,0.19357781842793148,0.041358589396666014,0.15221922903126547,0.8124587407732798,,,,,0.8124587407732798
Fear__Surprise,Fear,Surprise,Surprise: all,AU12,AU-related group,8,54,3,0.056104496417825514,0.02064130271294367,0.035463193704881844,0.15535535547647727,,,,,0.15535535547647727
Fear__Surprise,Fear,Surprise,Surprise: all,AU14,AU-related group,8,54,3,0.11244354030821674,0.03645652039510233,0.0759870199131144,0.6663034773709017,,,,,0.6663034773709017
Fear__Surprise,Fear,Surprise,Surprise: all,AU15,AU-related group,8,54,3,0.03220052379980562,0.01927381478137444,0.012926709018431178,0.07881380133864505,,,,,0.07881380133864505
Fear__Surprise,Fear,Surprise,Surprise: all,AU16,AU-related group,8,54,3,0.01721698107117838,0.017453176812049984,-0.0002361957408716052,-0.001998916870948709,,,,,0.001998916870948709
Fear__Surprise,Fear,Surprise,Surprise: all,AU17,AU-related group,8,54,3,0.045759948170047526,0.02730208294537115,0.018457865224676375,0.09494202742671859,,,,,0.09494202742671859
Fear__Surprise,Fear,Surprise,Surprise: all,AU18,AU-related group,8,54,3,0.003093524328867505,0.10891590718173155,-0.10582238285286405,-0.9840423722157655,,,,,0.9840423722157655
Fear__Surprise,Fear,Surprise,Surprise: all,AU20,AU-related group,8,54,3,0.04706844436303403,0.009600885094983016,0.03746755926805101,0.3386308274565455,,,,,0.3386308274565455
Fear__Surprise,Fear,Surprise,Surprise: all,AU22,AU-related group,8,54,3,0.0009960938175470602,0.025699842751422293,-0.02470374893387523,-0.5864911627377858,,,,,0.5864911627377858
Fear__Surprise,Fear,Surprise,Surprise: all,AU23,AU-related group,8,54,3,0.004019667768724111,0.03186523100339594,-0.027845563234671827,-0.48260123051771514,,,,,0.48260123051771514
Fear__Surprise,Fear,Surprise,Surprise: all,AU24,AU-related group,8,54,3,5.8558833609655124e-05,0.0030542250540325135,-0.0029956662204228585,-0.06737467479759296,,,,,0.06737467479759296
Fear__Surprise,Fear,Surprise,Surprise: all,AU26,AU-related group,8,54,3,0.19804923858367446,0.3922261973857522,-0.19417695880207775,-1.0875205872563851,,,,,1.0875205872563851
Fear__Surprise,Fear,Surprise,Surprise: all,AU28,AU-related group,8,54,3,0.05467824227666916,0.023714613132652624,0.030963629144016538,0.3825885787934222,,,,,0.3825885787934222
Fear__Surprise,Fear,Surprise,Surprise: all,AU43,AU-related group,8,54,3,0.004947941297274748,0.015192817371304679,-0.010244876074029931,-0.0980401817819165,,,,,0.0980401817819165
Fear__Surprise,Surprise,Fear,Surprise: correct,BrowLowererL,FEA,1,52,1,0.050394556795557294,0.03235837141835784,0.018036185377199455,0.12339942225203336,1.0,-0.011426707202723867,0.0,1.0,0.12339942225203336
Fear__Surprise,Surprise,Fear,Surprise: correct,BrowLowererR,FEA,1,52,1,0.0016737171443916067,0.03170788381876023,-0.030034166674368624,-0.21271410330126148,1.0,-0.06935246533917962,0.0,1.0,0.21271410330126148
Fear__Surprise,Surprise,Fear,Surprise: correct,CheekPuffL,FEA,1,52,1,0.0024773789330339237,0.0031389907862899155,-0.0006616118532559918,-0.06964048160602555,1.0,-0.0052243357977894075,0.0,1.0,0.06964048160602555
Fear__Surprise,Surprise,Fear,Surprise: correct,CheekPuffR,FEA,1,52,1,0.005955450177073798,0.004025957341052059,0.0019294928360217385,0.18129573091247084,1.0,-0.0046754245794438706,0.0,1.0,0.18129573091247084
Fear__Surprise,Surprise,Fear,Surprise: correct,CheekRaiserL,FEA,1,52,1,0.03381134650359547,0.06279170548542183,-0.02898035898182636,-0.1357959028175837,1.0,0.006017258462438713,1.0,0.0,0.1357959028175837
Fear__Surprise,Surprise,Fear,Surprise: correct,CheekRaiserR,FEA,1,52,1,0.03773449063301082,0.05060127399863905,-0.012866783365628229,-0.062124987802382264,1.0,0.010999760940555065,1.0,0.0,0.062124987802382264
Fear__Surprise,Surprise,Fear,Surprise: correct,CheekSuckL,FEA,1,52,1,1.401298464324817e-45,0.008819534978385129,-0.008819534978385129,-0.9483062362827679,1.0,-2.845163705000941e-41,0.0,1.0,0.9483062362827679
Fear__Surprise,Surprise,Fear,Surprise: correct,CheekSuckR,FEA,1,52,1,1.401298464324817e-45,0.0075628718156180354,-0.0075628718156180354,-0.9677957811555056,1.0,0.0,0.0,0.0,0.9677957811555056
Fear__Surprise,Surprise,Fear,Surprise: correct,ChinRaiserB,FEA,1,52,1,9.317322340009567e-05,0.017777933776028355,-0.01768476055262826,-0.0859634933098315,1.0,-0.003784170743908491,0.0,1.0,0.0859634933098315
Fear__Surprise,Surprise,Fear,Surprise: correct,ChinRaiserT,FEA,1,52,1,0.010709296934752834,0.036091069998503617,-0.025381773063750782,-0.13412933069448335,1.0,-0.0007548947122644756,0.0,1.0,0.13412933069448335
Fear__Surprise,Surprise,Fear,Surprise: correct,DimplerL,FEA,1,52,1,0.0008425918097298758,0.037657017053805954,-0.03681442524407608,-0.32190205398698124,1.0,-9.419631418730926e-05,0.0,1.0,0.32190205398698124
Fear__Surprise,Surprise,Fear,Surprise: correct,DimplerR,FEA,1,52,1,0.0026631494984032927,0.03795956760295342,-0.03529641810455013,-0.3100854411196804,1.0,0.001169548446095895,1.0,0.0,0.3100854411196804
Fear__Surprise,Surprise,Fear,Surprise: correct,EyesClosedL,FEA,1,52,1,4.517509052022935e-22,0.009791066675440198,-0.009791066675440198,-0.0903496797957007,1.0,-3.6072487488110046e-06,0.0,1.0,0.0903496797957007
Fear__Surprise,Surprise,Fear,Surprise: correct,EyesClosedR,FEA,1,52,1,0.022156724892556618,0.016932194718376595,0.005224530174180023,0.0495109987777466,1.0,-0.026263651711589103,0.0,1.0,0.0495109987777466
Fear__Surprise,Surprise,Fear,Surprise: correct,EyesLookDownL,FEA,1,52,1,5.821550938026213e-11,0.00738912214692625,-0.007389122088710741,-0.1939538533234418,1.0,-0.010129106001006001,0.0,1.0,0.1939538533234418
Fear__Surprise,Surprise,Fear,Surprise: correct,EyesLookDownR,FEA,1,52,1,0.022152876233061107,0.01316778104677131,0.008985095186289796,0.1992460292143588,1.0,-0.03592170859876433,0.0,1.0,0.1992460292143588
Fear__Surprise,Surprise,Fear,Surprise: correct,EyesLookLeftL,FEA,1,52,1,0.14224802205959952,0.05892069017470184,0.08332733188489769,1.0265577047155614,1.0,-0.03505157487234101,0.0,1.0,1.0265577047155614
Fear__Surprise,Surprise,Fear,Surprise: correct,EyesLookLeftR,FEA,1,52,1,0.21655541708072024,0.1037822595771453,0.11277315750357493,1.0546234003934807,1.0,-0.044864581425984706,0.0,1.0,1.0546234003934807
Fear__Surprise,Surprise,Fear,Surprise: correct,EyesLookRightL,FEA,1,52,1,0.02705877472956975,0.08831741940808471,-0.06125864467851497,-0.6644204432483998,1.0,0.02496948366286233,1.0,0.0,0.6644204432483998
Fear__Surprise,Surprise,Fear,Surprise: correct,EyesLookRightR,FEA,1,52,1,0.015621981024742122,0.04659258094386366,-0.03097059991912154,-0.4664587965091811,1.0,0.014944119155406948,1.0,0.0,0.4664587965091811
Fear__Surprise,Surprise,Fear,Surprise: correct,EyesLookUpL,FEA,1,52,1,0.0,0.047570245777732896,-0.047570245777732896,-0.45861051907014977,1.0,-0.00012215401045977933,0.0,1.0,0.45861051907014977
Fear__Surprise,Surprise,Fear,Surprise: correct,EyesLookUpR,FEA,1,52,1,0.0,0.04771592230096796,-0.04771592230096796,-0.4593329695867149,1.0,-0.00012116696375111667,0.0,1.0,0.4593329695867149
Fear__Surprise,Surprise,Fear,Surprise: correct,InnerBrowRaiserL,FEA,1,52,1,2.653315332630986e-07,0.3060270400024499,-0.30602677467091666,-1.9928510566804118,1.0,-0.01746842109052521,0.0,1.0,1.9928510566804118
Fear__Surprise,Surprise,Fear,Surprise: correct,InnerBrowRaiserR,FEA,1,52,1,0.0005351943513990631,0.31122807933864194,-0.3106928849872429,-1.9768717261355877,1.0,-0.018823306999695425,0.0,1.0,1.9768717261355877
Fear__Surprise,Surprise,Fear,Surprise: correct,JawDrop,FEA,1,52,1,0.3124451437344153,0.3963972868084584,-0.08395214307404314,-0.4701880413647643,1.0,0.052103631896898095,1.0,0.0,0.4701880413647643
Fear__Surprise,Surprise,Fear,Surprise: correct,JawSidewaysLeft,FEA,1,52,1,0.005599443414151464,0.01953679591604042,-0.013937352501888956,-0.6541341016053211,1.0,-0.009657386998731388,0.0,1.0,0.6541341016053211
Fear__Surprise,Surprise,Fear,Surprise: correct,JawSidewaysRight,FEA,1,52,1,0.01137800689515032,0.030358263037542785,-0.018980256142392467,-0.6987634424521643,1.0,-0.007772255918089539,0.0,1.0,0.6987634424521643
Fear__Surprise,Surprise,Fear,Surprise: correct,JawThrust,FEA,1,52,1,0.13266693612871067,0.08896996043875091,0.043696975689959755,0.6433855235677537,1.0,0.07948456992887562,1.0,0.0,0.6433855235677537
Fear__Surprise,Surprise,Fear,Surprise: correct,LidTightenerL,FEA,1,52,1,0.02488809346708266,0.0725386126207941,-0.047650519153711435,-0.26475323707610693,1.0,-0.04235776621082843,0.0,1.0,0.26475323707610693
Fear__Surprise,Surprise,Fear,Surprise: correct,LidTightenerR,FEA,1,52,1,0.062351868365658404,0.10391952058368203,-0.04156765221802363,-0.22107538662231876,1.0,0.01679145196217051,1.0,0.0,0.22107538662231876
Fear__Surprise,Surprise,Fear,Surprise: correct,LipCornerDepressorL,FEA,1,52,1,0.004393544427651342,0.02067525658224291,-0.016281712154591566,-0.0977393330095052,1.0,-0.015412051250490106,0.0,1.0,0.0977393330095052
Fear__Surprise,Surprise,Fear,Surprise: correct,LipCornerDepressorR,FEA,1,52,1,1.2596164096669605e-14,0.018014941505856683,-0.018014941505844085,-0.11148505275304679,1.0,-0.01248046922083003,0.0,1.0,0.11148505275304679
Fear__Surprise,Surprise,Fear,Surprise: correct,LipCornerPullerL,FEA,1,52,1,3.4664254705321766e-21,0.021283062872835875,-0.021283062872835875,-0.09428780925538385,1.0,-3.5336140917181836e-05,0.0,1.0,0.09428780925538385
Fear__Surprise,Surprise,Fear,Surprise: correct,LipCornerPullerR,FEA,1,52,1,2.8961027787116848e-21,0.021427884908856536,-0.021427884908856536,-0.09280980977047774,1.0,-4.5727392154982084e-08,0.0,1.0,0.09280980977047774
Fear__Surprise,Surprise,Fear,Surprise: correct,LipFunnelerLB,FEA,1,52,1,0.0037876021205296893,0.008817524470994178,-0.005029922350464488,-0.10034526066520907,1.0,-0.019803733520180722,0.0,1.0,0.10034526066520907
Fear__Surprise,Surprise,Fear,Surprise: correct,LipFunnelerLT,FEA,1,52,1,0.06577559880048886,0.03569915543229994,0.030076443368188918,0.7434966219247697,1.0,-0.04045410236327554,0.0,1.0,0.7434966219247697
Fear__Surprise,Surprise,Fear,Surprise: correct,LipFunnelerRB,FEA,1,52,1,0.004156525944933267,0.007875482615405681,-0.0037189566704724135,-0.07487403427999667,1.0,-0.01869585566653786,0.0,1.0,0.07487403427999667
Fear__Surprise,Surprise,Fear,Surprise: correct,LipFunnelerRT,FEA,1,52,1,0.07253081367768265,0.03588070735249424,0.036650106325188406,0.9040446875282162,1.0,-0.035942980436390076,0.0,1.0,0.9040446875282162
Fear__Surprise,Surprise,Fear,Surprise: correct,LipPressorL,FEA,1,52,1,2.2717014158524465e-33,0.003060540986348732,-0.003060540986348732,-0.06907640963419312,1.0,-6.459057543551207e-06,0.0,1.0,0.06907640963419312
Fear__Surprise,Surprise,Fear,Surprise: correct,LipPressorR,FEA,1,52,1,1.401298464324817e-45,0.0031412360459675062,-0.0031412360459675062,-0.07037748835266036,1.0,-2.4028135545649842e-08,0.0,1.0,0.07037748835266036
Fear__Surprise,Surprise,Fear,Surprise: correct,LipPuckerL,FEA,1,52,1,0.05292779911324028,0.0976736704051602,-0.04474587129191992,-0.41463624202185767,1.0,-0.14582960783417473,0.0,1.0,0.41463624202185767
Fear__Surprise,Surprise,Fear,Surprise: correct,LipPuckerR,FEA,1,52,1,0.05959847536772331,0.09927152728146237,-0.03967305191373906,-0.3700359464244784,1.0,-0.14408718561988182,0.0,1.0,0.3700359464244784
Fear__Surprise,Surprise,Fear,Surprise: correct,LipStretcherL,FEA,1,52,1,2.0806933015945125e-06,0.008402702834761269,-0.008400622141459674,-0.07790606383062486,1.0,-0.0009004035636661621,0.0,1.0,0.07790606383062486
Fear__Surprise,Surprise,Fear,Surprise: correct,LipStretcherR,FEA,1,52,1,0.00032452310998396747,0.01148535457811702,-0.011160831468133051,-0.0982937679035758,1.0,-0.0017882867333867945,0.0,1.0,0.0982937679035758
Fear__Surprise,Surprise,Fear,Surprise: correct,LipSuckLB,FEA,1,52,1,1.1506408386284473e-11,0.037395875513200616,-0.03739587550169421,-0.3189364246297222,1.0,-0.018210084433360703,0.0,1.0,0.3189364246297222
Fear__Surprise,Surprise,Fear,Surprise: correct,LipSuckLT,FEA,1,52,1,7.991821114336841e-08,0.017769198944672323,-0.01776911902646118,-0.24545412438592476,1.0,-0.027616650984289167,0.0,1.0,0.24545412438592476
Fear__Surprise,Surprise,Fear,Surprise: correct,LipSuckRB,FEA,1,52,1,2.3613871708202656e-10,0.02860277360263783,-0.028602773366499114,-0.2745337719957692,1.0,-0.015014126490737018,0.0,1.0,0.2745337719957692
Fear__Surprise,Surprise,Fear,Surprise: correct,LipSuckRT,FEA,1,52,1,4.1435898297942365e-08,0.014343575808987673,-0.014343534373089375,-0.21271104188761666,1.0,-0.02387183324321088,0.0,1.0,0.21271104188761666
Fear__Surprise,Surprise,Fear,Surprise: correct,LipTightenerL,FEA,1,52,1,0.003586850105181326,0.03220499076979945,-0.028618140664618125,-0.48559208107986057,1.0,-0.03935553591141683,0.0,1.0,0.48559208107986057
Fear__Surprise,Surprise,Fear,Surprise: correct,LipTightenerR,FEA,1,52,1,0.0031889454057012984,0.02424198681138257,-0.02105304140568127,-0.3716227660358361,1.0,-0.028629230409665495,0.0,1.0,0.3716227660358361
Fear__Surprise,Surprise,Fear,Surprise: correct,LipsToward,FEA,1,52,1,0.0619585724547505,0.07971810094615342,-0.017759528491402922,-0.420667737304249,1.0,-0.02561114179436117,0.0,1.0,0.420667737304249
Fear__Surprise,Surprise,Fear,Surprise: correct,LowerLipDepressorL,FEA,1,52,1,0.15702396258711812,0.014476709756445568,0.14254725283067254,1.1911031605898315,1.0,0.14270855367372376,1.0,0.0,1.1911031605898315
Fear__Surprise,Surprise,Fear,Surprise: correct,LowerLipDepressorR,FEA,1,52,1,0.1314723746851086,0.015452531721019121,0.11601984296408949,0.9941574671149546,1.0,0.11836162426302582,1.0,0.0,0.9941574671149546
Fear__Surprise,Surprise,Fear,Surprise: correct,MouthLeft,FEA,1,52,1,4.6282544636788713e-07,0.0017829196710026814,-0.0017824568455563135,-0.14936695950537623,1.0,-0.0002924850017044751,0.0,1.0,0.14936695950537623
Fear__Surprise,Surprise,Fear,Surprise: correct,MouthRight,FEA,1,52,1,1.401298464324817e-45,0.0042996872470928,-0.0042996872470928,-0.5914262532926629,1.0,-2.5814808162625015e-06,0.0,1.0,0.5914262532926629
Fear__Surprise,Surprise,Fear,Surprise: correct,NoseWrinklerL,FEA,1,52,1,8.537478699413815e-10,0.003068632029652067,-0.0030686311759041966,-0.01777638289989747,1.0,8.478510644635471e-10,1.0,0.0,0.01777638289989747
Fear__Surprise,Surprise,Fear,Surprise: correct,NoseWrinklerR,FEA,1,52,1,9.95622490343722e-09,0.003008889592993775,-0.0030088796367688715,-0.017172244241136427,1.0,-2.8640923319826956e-07,0.0,1.0,0.017172244241136427
Fear__Surprise,Surprise,Fear,Surprise: correct,OuterBrowRaiserL,FEA,1,52,1,0.0003184771623989443,0.3122887534152319,-0.3119702762528329,-1.9894261096244457,1.0,-0.018017450159194252,0.0,1.0,1.9894261096244457
Fear__Surprise,Surprise,Fear,Surprise: correct,OuterBrowRaiserR,FEA,1,52,1,0.0017591590552761855,0.32272752546503963,-0.32096836640976345,-2.003353335907769,1.0,-0.020760243178278657,0.0,1.0,2.003353335907769
Fear__Surprise,Surprise,Fear,Surprise: correct,UpperLidRaiserL,FEA,1,52,1,7.234000011212735e-08,0.2696889446739539,-0.2696888723339538,-1.5069358782316862,1.0,-0.0013539768226233347,0.0,1.0,1.5069358782316862
Fear__Surprise,Surprise,Fear,Surprise: correct,UpperLidRaiserR,FEA,1,52,1,4.508893630845538e-07,0.35328953612882513,-0.35328908523946206,-1.6419125080779877,1.0,-0.0009378974167065634,0.0,1.0,1.6419125080779877
Fear__Surprise,Surprise,Fear,Surprise: correct,UpperLipRaiserL,FEA,1,52,1,7.991854651474105e-20,0.04239173153721377,-0.04239173153721377,-0.2311529997719236,1.0,-0.0008108594219738454,0.0,1.0,0.2311529997719236
Fear__Surprise,Surprise,Fear,Surprise: correct,UpperLipRaiserR,FEA,1,52,1,1.2805915476008516e-19,0.04298482452457361,-0.04298482452457361,-0.22403877615028092,1.0,-0.0007303072186913608,0.0,1.0,0.22403877615028092
Fear__Surprise,Surprise,Fear,Surprise: correct,AU1,AU-related group,1,52,1,0.0002677298414661631,0.3086275596705459,-0.3083598298290797,-1.9891667677950091,1.0,-0.018145864045110316,0.0,1.0,1.9891667677950091
Fear__Surprise,Surprise,Fear,Surprise: correct,AU2,AU-related group,1,52,1,0.0010388181088375648,0.31750813944013573,-0.3164693213312982,-2.0024036034464214,1.0,-0.019388846668736453,0.0,1.0,2.0024036034464214
Fear__Surprise,Surprise,Fear,Surprise: correct,AU4,AU-related group,1,52,1,0.02603413696997445,0.03203312761855903,-0.005998990648584581,-0.04201764594627952,1.0,-0.04038958627095174,0.0,1.0,0.04201764594627952
Fear__Surprise,Surprise,Fear,Surprise: correct,AU5,AU-related group,1,52,1,2.616146815983406e-07,0.3114892404013895,-0.3114889787867079,-1.662233123486794,1.0,-0.0011459371196649488,0.0,1.0,1.662233123486794
Fear__Surprise,Surprise,Fear,Surprise: correct,AU6,AU-related group,1,52,1,0.03577291856830314,0.05669648974203045,-0.020923571173727305,-0.09967531520203361,1.0,0.008508509701496886,1.0,0.0,0.09967531520203361
Fear__Surprise,Surprise,Fear,Surprise: correct,AU7,AU-related group,1,52,1,0.04361998091637053,0.08822906660223806,-0.04460908568586753,-0.25394880145967214,1.0,-0.012783157124328967,0.0,1.0,0.25394880145967214
Fear__Surprise,Surprise,Fear,Surprise: correct,AU8,AU-related group,1,52,1,0.0619585724547505,0.07971810094615342,-0.017759528491402922,-0.420667737304249,1.0,-0.02561114179436117,0.0,1.0,0.420667737304249
Fear__Surprise,Surprise,Fear,Surprise: correct,AU9,AU-related group,1,52,1,5.404986386689301e-09,0.0030387608113229205,-0.0030387554063365336,-0.017479337500940204,1.0,-1.42780691066903e-07,0.0,1.0,0.017479337500940204
Fear__Surprise,Surprise,Fear,Surprise: correct,AU10,AU-related group,1,52,1,1.0398885063741311e-19,0.042688278030893693,-0.042688278030893693,-0.22784548861192735,1.0,-0.0007705833203326031,0.0,1.0,0.22784548861192735
Fear__Surprise,Surprise,Fear,Surprise: correct,AU12,AU-related group,1,52,1,3.181264124621931e-21,0.021355473890846202,-0.021355473890846202,-0.09355297397324737,1.0,-1.7690934154668413e-05,0.0,1.0,0.09355297397324737
Fear__Surprise,Surprise,Fear,Surprise: correct,AU14,AU-related group,1,52,1,0.0017528706540665842,0.037808292328379685,-0.0360554216743131,-0.31615732354208015,1.0,0.0005376760659542928,1.0,0.0,0.31615732354208015
Fear__Surprise,Surprise,Fear,Surprise: correct,AU15,AU-related group,1,52,1,0.002196772213831969,0.019345099044049796,-0.017148326830217827,-0.10455289294126692,1.0,-0.013946260235660066,0.0,1.0,0.10455289294126692
Fear__Surprise,Surprise,Fear,Surprise: correct,AU16,AU-related group,1,52,1,0.14424816863611337,0.014964620738732344,0.12928354789738103,1.0941224599331791,1.0,0.1305350889683748,1.0,0.0,1.0941224599331791
Fear__Surprise,Surprise,Fear,Surprise: correct,AU17,AU-related group,1,52,1,0.005401235079076465,0.026934501887265982,-0.021533266808189518,-0.11076102154851569,1.0,-0.002269532728086483,0.0,1.0,0.11076102154851569
Fear__Surprise,Surprise,Fear,Surprise: correct,AU18,AU-related group,1,52,1,0.05626313724048179,0.09847259884331129,-0.0422094616028295,-0.3925057970330372,1.0,-0.1449583967270283,0.0,1.0,0.3925057970330372
Fear__Surprise,Surprise,Fear,Surprise: correct,AU20,AU-related group,1,52,1,0.000163301901642781,0.009944028706439144,-0.009780726804796363,-0.0883979548104387,1.0,-0.001344345148526478,0.0,1.0,0.0883979548104387
Fear__Surprise,Surprise,Fear,Surprise: correct,AU22,AU-related group,1,52,1,0.036562635135908614,0.02206821746779851,0.014494417668110104,0.3441116526131845,1.0,-0.02872416799659605,0.0,1.0,0.3441116526131845
Fear__Surprise,Surprise,Fear,Surprise: correct,AU23,AU-related group,1,52,1,0.003387897755441312,0.028223488790591007,-0.024835591035149696,-0.4304343457945944,1.0,-0.03399238316054115,0.0,1.0,0.4304343457945944
Fear__Surprise,Surprise,Fear,Surprise: correct,AU24,AU-related group,1,52,1,1.135850707926924e-33,0.0031008885161581193,-0.0031008885161581193,-0.06974119944853309,1.0,-3.2415428395484287e-06,0.0,1.0,0.06974119944853309
Fear__Surprise,Surprise,Fear,Surprise: correct,AU26,AU-related group,1,52,1,0.3124451437344153,0.3963972868084584,-0.08395214307404314,-0.4701880413647643,1.0,0.052103631896898095,1.0,0.0,0.4701880413647643
Fear__Surprise,Surprise,Fear,Surprise: correct,AU28,AU-related group,1,52,1,3.040043864169477e-08,0.02452785596737461,-0.024527825566935967,-0.3030673788560211,1.0,-0.02117817378789944,0.0,1.0,0.3030673788560211
Fear__Surprise,Surprise,Fear,Surprise: correct,AU43,AU-related group,1,52,1,0.011078362446278309,0.013361630696908395,-0.002283268250630086,-0.021850145646573692,1.0,-0.013133629480168956,0.0,1.0,0.021850145646573692
Fear__Surprise,Surprise,Fear,Surprise: all,BrowLowererL,FEA,1,54,1,0.050394556795557294,0.03898958633454363,0.011404970461013665,0.07803017856922914,,,,,0.07803017856922914
Fear__Surprise,Surprise,Fear,Surprise: all,BrowLowererR,FEA,1,54,1,0.0016737171443916067,0.03682657805023787,-0.03515286090584626,-0.24896676399023976,,,,,0.24896676399023976
Fear__Surprise,Surprise,Fear,Surprise: all,CheekPuffL,FEA,1,54,1,0.0024773789330339237,0.0037952206196071978,-0.001317841686573274,-0.13871445815519576,,,,,0.13871445815519576
Fear__Surprise,Surprise,Fear,Surprise: all,CheekPuffR,FEA,1,54,1,0.005955450177073798,0.004931330658561372,0.0010241195185124253,0.09622657995105717,,,,,0.09622657995105717
Fear__Surprise,Surprise,Fear,Surprise: all,CheekRaiserL,FEA,1,54,1,0.03381134650359547,0.06769845274862313,-0.03388710624502766,-0.1587878945635098,,,,,0.1587878945635098
Fear__Surprise,Surprise,Fear,Surprise: all,CheekRaiserR,FEA,1,54,1,0.03773449063301082,0.0552291472100015,-0.01749465657699068,-0.08446985509647978,,,,,0.08446985509647978
Fear__Surprise,Surprise,Fear,Surprise: all,CheekSuckL,FEA,1,54,1,1.401298464324817e-45,0.008492885534741236,-0.008492885534741236,-0.9131837830871099,,,,,0.9131837830871099
Fear__Surprise,Surprise,Fear,Surprise: all,CheekSuckR,FEA,1,54,1,1.401298464324817e-45,0.007282765452076627,-0.007282765452076627,-0.931951492964561,,,,,0.931951492964561
Fear__Surprise,Surprise,Fear,Surprise: all,ChinRaiserB,FEA,1,54,1,9.317322340009567e-05,0.018048954597240496,-0.0179557813738404,-0.08728089291395745,,,,,0.08728089291395745
Fear__Surprise,Surprise,Fear,Surprise: all,ChinRaiserT,FEA,1,54,1,0.010709296934752834,0.0365552112935018,-0.02584591435874897,-0.13658207349891288,,,,,0.13658207349891288
Fear__Surprise,Surprise,Fear,Surprise: all,DimplerL,FEA,1,54,1,0.0008425918097298758,0.036277916297907366,-0.03543532448817749,-0.3098433198620966,,,,,0.3098433198620966
Fear__Surprise,Surprise,Fear,Surprise: all,DimplerR,FEA,1,54,1,0.0026631494984032927,0.036635124492297305,-0.03397197499389401,-0.2984499679396757,,,,,0.2984499679396757
Fear__Surprise,Surprise,Fear,Surprise: all,EyesClosedL,FEA,1,54,1,4.517509052022935e-22,0.011219065543378396,-0.011219065543378396,-0.10352692030928741,,,,,0.10352692030928741
Fear__Surprise,Surprise,Fear,Surprise: all,EyesClosedR,FEA,1,54,1,0.022156724892556618,0.019166569199230966,0.0029901556933256516,0.028336633140558665,,,,,0.028336633140558665
Fear__Surprise,Surprise,Fear,Surprise: all,EyesLookDownL,FEA,1,54,1,5.821550938026213e-11,0.010136141596128556,-0.010136141537913047,-0.26605917259286377,,,,,0.26605917259286377
Fear__Surprise,Surprise,Fear,Surprise: all,EyesLookDownR,FEA,1,54,1,0.022152876233061107,0.01695280237257944,0.005200073860481668,0.11531253112413457,,,,,0.11531253112413457
Fear__Surprise,Surprise,Fear,Surprise: all,EyesLookLeftL,FEA,1,54,1,0.14224802205959952,0.060424286587954984,0.08182373547164454,1.0080340288952456,,,,,1.0080340288952456
Fear__Surprise,Surprise,Fear,Surprise: all,EyesLookLeftR,FEA,1,54,1,0.21655541708072024,0.1057462341632973,0.11080918291742294,1.036256852872912,,,,,1.036256852872912
Fear__Surprise,Surprise,Fear,Surprise: all,EyesLookRightL,FEA,1,54,1,0.02705877472956975,0.08675175682727077,-0.05969298209770102,-0.6474390321939909,,,,,0.6474390321939909
Fear__Surprise,Surprise,Fear,Surprise: all,EyesLookRightR,FEA,1,54,1,0.015621981024742122,0.045511861966525985,-0.029889880941783863,-0.45018171841414806,,,,,0.45018171841414806
Fear__Surprise,Surprise,Fear,Surprise: all,EyesLookUpL,FEA,1,54,1,0.0,0.045808384823002035,-0.045808384823002035,-0.4416249442897737,,,,,0.4416249442897737
Fear__Surprise,Surprise,Fear,Surprise: all,EyesLookUpR,FEA,1,54,1,0.0,0.04594866591945063,-0.04594866591945063,-0.44232063737979954,,,,,0.44232063737979954
Fear__Surprise,Surprise,Fear,Surprise: all,InnerBrowRaiserL,FEA,1,54,1,2.653315332630986e-07,0.29492175157563494,-0.2949214862441017,-1.9205332478876433,,,,,1.9205332478876433
Fear__Surprise,Surprise,Fear,Surprise: all,InnerBrowRaiserR,FEA,1,54,1,0.0005351943513990631,0.2997110244490461,-0.2991758300976471,-1.9035911932372291,,,,,1.9035911932372291
Fear__Surprise,Surprise,Fear,Surprise: all,JawDrop,FEA,1,54,1,0.3124451437344153,0.3922261973857522,-0.07978105365133692,-0.4468271562913504,,,,,0.4468271562913504
Fear__Surprise,Surprise,Fear,Surprise: all,JawSidewaysLeft,FEA,1,54,1,0.005599443414151464,0.0201077167114279,-0.014508273297276436,-0.680929632645235,,,,,0.680929632645235
Fear__Surprise,Surprise,Fear,Surprise: all,JawSidewaysRight,FEA,1,54,1,0.01137800689515032,0.03090975678743257,-0.01953174989228225,-0.7190668392173494,,,,,0.7190668392173494
Fear__Surprise,Surprise,Fear,Surprise: all,JawThrust,FEA,1,54,1,0.13266693612871067,0.09096844586200346,0.0416984902667072,0.6139602242174075,,,,,0.6139602242174075
Fear__Surprise,Surprise,Fear,Surprise: all,LidTightenerL,FEA,1,54,1,0.02488809346708266,0.08299550335361666,-0.058107409886534,-0.32285324774619595,,,,,0.32285324774619595
Fear__Surprise,Surprise,Fear,Surprise: all,LidTightenerR,FEA,1,54,1,0.062351868365658404,0.11127848152097766,-0.04892661315531926,-0.2602136358988983,,,,,0.2602136358988983
Fear__Surprise,Surprise,Fear,Surprise: all,LipCornerDepressorL,FEA,1,54,1,0.004393544427651342,0.020871230003569167,-0.016477685575917826,-0.09891576404489959,,,,,0.09891576404489959
Fear__Surprise,Surprise,Fear,Surprise: all,LipCornerDepressorR,FEA,1,54,1,1.2596164096669605e-14,0.017676399559179715,-0.017676399559167118,-0.10938999367266303,,,,,0.10938999367266303
Fear__Surprise,Surprise,Fear,Surprise: all,LipCornerPullerL,FEA,1,54,1,3.4664254705321766e-21,0.020620762449804594,-0.020620762449804594,-0.09135369886301942,,,,,0.09135369886301942
Fear__Surprise,Surprise,Fear,Surprise: all,LipCornerPullerR,FEA,1,54,1,2.8961027787116848e-21,0.020661842976082753,-0.020661842976082753,-0.08949188052270776,,,,,0.08949188052270776
Fear__Surprise,Surprise,Fear,Surprise: all,LipFunnelerLB,FEA,1,54,1,0.0037876021205296893,0.010287479699315405,-0.006499877578785715,-0.1296703735148059,,,,,0.1296703735148059
Fear__Surprise,Surprise,Fear,Surprise: all,LipFunnelerLT,FEA,1,54,1,0.06577559880048886,0.04151457433209566,0.0242610244683932,0.5997381244805975,,,,,0.5997381244805975
Fear__Surprise,Surprise,Fear,Surprise: all,LipFunnelerRB,FEA,1,54,1,0.004156525944933267,0.009309002939056059,-0.0051524769941227915,-0.10373520674437925,,,,,0.10373520674437925
Fear__Surprise,Surprise,Fear,Surprise: all,LipFunnelerRT,FEA,1,54,1,0.07253081367768265,0.04168831403522205,0.030842499642460594,0.7607890057523339,,,,,0.7607890057523339
Fear__Surprise,Surprise,Fear,Surprise: all,LipPressorL,FEA,1,54,1,2.2717014158524465e-33,0.003011499177755403,-0.003011499177755403,-0.06796953602109507,,,,,0.06796953602109507
Fear__Surprise,Surprise,Fear,Surprise: all,LipPressorR,FEA,1,54,1,1.401298464324817e-45,0.003096950930309625,-0.003096950930309625,-0.06938530719664386,,,,,0.06938530719664386
Fear__Surprise,Surprise,Fear,Surprise: all,LipPuckerL,FEA,1,54,1,0.05292779911324028,0.10800241900322069,-0.05507461988998041,-0.5103472736732111,,,,,0.5103472736732111
Fear__Surprise,Surprise,Fear,Surprise: all,LipPuckerR,FEA,1,54,1,0.05959847536772331,0.10982939536024235,-0.05023091999251904,-0.46851061671832567,,,,,0.46851061671832567
Fear__Surprise,Surprise,Fear,Surprise: all,LipStretcherL,FEA,1,54,1,2.0806933015945125e-06,0.008091832926185736,-0.008089752232884141,-0.07502310462442757,,,,,0.07502310462442757
Fear__Surprise,Surprise,Fear,Surprise: all,LipStretcherR,FEA,1,54,1,0.00032452310998396747,0.011109937263780297,-0.010785414153796328,-0.09498745667866755,,,,,0.09498745667866755
Fear__Surprise,Surprise,Fear,Surprise: all,LipSuckLB,FEA,1,54,1,1.1506408386284473e-11,0.0360927802672176,-0.03609278025571119,-0.30782277818796466,,,,,0.30782277818796466
Fear__Surprise,Surprise,Fear,Surprise: all,LipSuckLT,FEA,1,54,1,7.991821114336841e-08,0.01722281068964239,-0.017222730771431247,-0.23790657796488898,,,,,0.23790657796488898
Fear__Surprise,Surprise,Fear,Surprise: all,LipSuckRB,FEA,1,54,1,2.3613871708202656e-10,0.027689065130617228,-0.02768906489447851,-0.2657638590186554,,,,,0.2657638590186554
Fear__Surprise,Surprise,Fear,Surprise: all,LipSuckRT,FEA,1,54,1,4.1435898297942365e-08,0.0138537964431333,-0.013853755007235003,-0.20544773589231052,,,,,0.20544773589231052
Fear__Surprise,Surprise,Fear,Surprise: all,LipTightenerL,FEA,1,54,1,0.003586850105181326,0.0360342355347887,-0.03244738542960737,-0.5505666353734667,,,,,0.5505666353734667
Fear__Surprise,Surprise,Fear,Surprise: all,LipTightenerR,FEA,1,54,1,0.0031889454057012984,0.027696226472003198,-0.0245072810663019,-0.4325960987004515,,,,,0.4325960987004515
Fear__Surprise,Surprise,Fear,Surprise: all,LipsToward,FEA,1,54,1,0.0619585724547505,0.08021129036992138,-0.018252717915170878,-0.43234985369935963,,,,,0.43234985369935963
Fear__Surprise,Surprise,Fear,Surprise: all,LowerLipDepressorL,FEA,1,54,1,0.15702396258711812,0.01722002714738363,0.1398039354397345,1.1681804177802677,,,,,1.1681804177802677
Fear__Surprise,Surprise,Fear,Surprise: all,LowerLipDepressorR,FEA,1,54,1,0.1314723746851086,0.017686326476716346,0.11378604820839226,0.9750163988317818,,,,,0.9750163988317818
Fear__Surprise,Surprise,Fear,Surprise: all,MouthLeft,FEA,1,54,1,4.6282544636788713e-07,0.0017293291929083637,-0.0017288663674619959,-0.14487616535720743,,,,,0.14487616535720743
Fear__Surprise,Surprise,Fear,Surprise: all,MouthRight,FEA,1,54,1,1.401298464324817e-45,0.004140439571274562,-0.004140439571274562,-0.5695215772447882,,,,,0.5695215772447882
Fear__Surprise,Surprise,Fear,Surprise: all,NoseWrinklerL,FEA,1,54,1,8.537478699413815e-10,0.004867840693956627,-0.004867839840208757,-0.028199082892204883,,,,,0.028199082892204883
Fear__Surprise,Surprise,Fear,Surprise: all,NoseWrinklerR,FEA,1,54,1,9.95622490343722e-09,0.0045334317559801865,-0.004533421799755283,-0.025873094238189363,,,,,0.025873094238189363
Fear__Surprise,Surprise,Fear,Surprise: all,OuterBrowRaiserL,FEA,1,54,1,0.0003184771623989443,0.30072840101564774,-0.3004099238532488,-1.9157060514944415,,,,,1.9157060514944415
Fear__Surprise,Surprise,Fear,Surprise: all,OuterBrowRaiserR,FEA,1,54,1,0.0017591590552761855,0.3108072311710618,-0.3090480721157856,-1.9289517317685132,,,,,1.9289517317685132
Fear__Surprise,Surprise,Fear,Surprise: all,UpperLidRaiserL,FEA,1,54,1,7.234000011212735e-08,0.25970046658122914,-0.25970039424122904,-1.4511234308118337,,,,,1.4511234308118337
Fear__Surprise,Surprise,Fear,Surprise: all,UpperLidRaiserR,FEA,1,54,1,4.508893630845538e-07,0.3402047468442469,-0.34020429595488383,-1.581100894899076,,,,,1.581100894899076
Fear__Surprise,Surprise,Fear,Surprise: all,UpperLipRaiserL,FEA,1,54,1,7.991854651474105e-20,0.041035801849937346,-0.041035801849937346,-0.2237594066506186,,,,,0.2237594066506186
Fear__Surprise,Surprise,Fear,Surprise: all,UpperLipRaiserR,FEA,1,54,1,1.2805915476008516e-19,0.041681376943394695,-0.041681376943394695,-0.21724515063026922,,,,,0.21724515063026922
Fear__Surprise,Surprise,Fear,Surprise: all,AU1,AU-related group,1,54,1,0.0002677298414661631,0.2973163880123405,-0.29704865817087434,-1.916200691831748,,,,,1.916200691831748
Fear__Surprise,Surprise,Fear,Surprise: all,AU2,AU-related group,1,54,1,0.0010388181088375648,0.3057678160933548,-0.30472899798451725,-1.9281187859597688,,,,,1.9281187859597688
Fear__Surprise,Surprise,Fear,Surprise: all,AU4,AU-related group,1,54,1,0.02603413696997445,0.03790808219239076,-0.011873945222416308,-0.08316652843236572,,,,,0.08316652843236572
Fear__Surprise,Surprise,Fear,Surprise: all,AU5,AU-related group,1,54,1,2.616146815983406e-07,0.299952606712738,-0.2999523450980564,-1.6006689078747183,,,,,1.6006689078747183
Fear__Surprise,Surprise,Fear,Surprise: all,AU6,AU-related group,1,54,1,0.03577291856830314,0.061463799979312304,-0.025690881411009163,-0.12238573813230352,,,,,0.12238573813230352
Fear__Surprise,Surprise,Fear,Surprise: all,AU7,AU-related group,1,54,1,0.04361998091637053,0.09713699243729718,-0.053517011520926645,-0.30465948190792846,,,,,0.30465948190792846
Fear__Surprise,Surprise,Fear,Surprise: all,AU8,AU-related group,1,54,1,0.0619585724547505,0.08021129036992138,-0.018252717915170878,-0.43234985369935963,,,,,0.43234985369935963
Fear__Surprise,Surprise,Fear,Surprise: all,AU9,AU-related group,1,54,1,5.404986386689301e-09,0.004700636224968408,-0.004700630819982021,-0.02703867260867906,,,,,0.02703867260867906
Fear__Surprise,Surprise,Fear,Surprise: all,AU10,AU-related group,1,54,1,1.0398885063741311e-19,0.041358589396666014,-0.041358589396666014,-0.2207483750589263,,,,,0.2207483750589263
Fear__Surprise,Surprise,Fear,Surprise: all,AU12,AU-related group,1,54,1,3.181264124621931e-21,0.02064130271294367,-0.02064130271294367,-0.09042436919677375,,,,,0.09042436919677375
Fear__Surprise,Surprise,Fear,Surprise: all,AU14,AU-related group,1,54,1,0.0017528706540665842,0.03645652039510233,-0.03470364974103575,-0.30430411044351463,,,,,0.30430411044351463
Fear__Surprise,Surprise,Fear,Surprise: all,AU15,AU-related group,1,54,1,0.002196772213831969,0.01927381478137444,-0.017077042567542472,-0.10411827468622176,,,,,0.10411827468622176
Fear__Surprise,Surprise,Fear,Surprise: all,AU16,AU-related group,1,54,1,0.14424816863611337,0.017453176812049984,0.1267949918240634,1.073061890843745,,,,,1.073061890843745
Fear__Surprise,Surprise,Fear,Surprise: all,AU17,AU-related group,1,54,1,0.005401235079076465,0.02730208294537115,-0.021900847866294686,-0.11265175433236475,,,,,0.11265175433236475
Fear__Surprise,Surprise,Fear,Surprise: all,AU18,AU-related group,1,54,1,0.05626313724048179,0.10891590718173155,-0.05265276994124976,-0.4896181246339803,,,,,0.4896181246339803
Fear__Surprise,Surprise,Fear,Surprise: all,AU20,AU-related group,1,54,1,0.000163301901642781,0.009600885094983016,-0.009437583193340236,-0.08529663176314589,,,,,0.08529663176314589
Fear__Surprise,Surprise,Fear,Surprise: all,AU22,AU-related group,1,54,1,0.036562635135908614,0.025699842751422293,0.01086279238448632,0.2578933162415827,,,,,0.2578933162415827
Fear__Surprise,Surprise,Fear,Surprise: all,AU23,AU-related group,1,54,1,0.003387897755441312,0.03186523100339594,-0.028477333247954626,-0.4935506583761122,,,,,0.4935506583761122
Fear__Surprise,Surprise,Fear,Surprise: all,AU24,AU-related group,1,54,1,1.135850707926924e-33,0.0030542250540325135,-0.0030542250540325135,-0.06869170482720018,,,,,0.06869170482720018
Fear__Surprise,Surprise,Fear,Surprise: all,AU26,AU-related group,1,54,1,0.3124451437344153,0.3922261973857522,-0.07978105365133692,-0.4468271562913504,,,,,0.4468271562913504
Fear__Surprise,Surprise,Fear,Surprise: all,AU28,AU-related group,1,54,1,3.040043864169477e-08,0.023714613132652624,-0.023714582732213982,-0.2930188984630067,,,,,0.2930188984630067
Fear__Surprise,Surprise,Fear,Surprise: all,AU43,AU-related group,1,54,1,0.011078362446278309,0.015192817371304679,-0.00411445492502637,-0.039374015446183165,,,,,0.039374015446183165
Fear__Surprise,Surprise,Fear,Fear: correct,BrowLowererL,FEA,1,33,1,0.050394556795557294,0.04345572338823085,0.006938833407326442,0.04747389848019758,,,,,0.04747389848019758
Fear__Surprise,Surprise,Fear,Fear: correct,BrowLowererR,FEA,1,33,1,0.0016737171443916067,0.046749502496631665,-0.04507578535224006,-0.31924492414782285,,,,,0.31924492414782285
Fear__Surprise,Surprise,Fear,Fear: correct,CheekPuffL,FEA,1,33,1,0.0024773789330339237,9.817972402605541e-05,0.002379199209007868,0.25043169637390783,,,,,0.25043169637390783
Fear__Surprise,Surprise,Fear,Fear: correct,CheekPuffR,FEA,1,33,1,0.005955450177073798,0.0001096511584566191,0.005845799018617179,0.5492730452592702,,,,,0.5492730452592702
Fear__Surprise,Surprise,Fear,Fear: correct,CheekRaiserL,FEA,1,33,1,0.03381134650359547,0.06352058604045843,-0.029709239536862962,-0.13921128470016997,,,,,0.13921128470016997
Fear__Surprise,Surprise,Fear,Fear: correct,CheekRaiserR,FEA,1,33,1,0.03773449063301082,0.05251000625174728,-0.01477551561873646,-0.07134096389933996,,,,,0.07134096389933996
Fear__Surprise,Surprise,Fear,Fear: correct,CheekSuckL,FEA,1,33,1,1.401298464324817e-45,4.787492417071824e-10,-4.787492417071824e-10,-5.147673801841371e-08,,,,,5.147673801841371e-08
Fear__Surprise,Surprise,Fear,Fear: correct,CheekSuckR,FEA,1,33,1,1.401298464324817e-45,1.443494598919296e-09,-1.443494598919296e-09,-1.847192464732645e-07,,,,,1.847192464732645e-07
Fear__Surprise,Surprise,Fear,Fear: correct,ChinRaiserB,FEA,1,33,1,9.317322340009567e-05,0.00876074528389746,-0.008667572060497364,-0.04213202494982685,,,,,0.04213202494982685
Fear__Surprise,Surprise,Fear,Fear: correct,ChinRaiserT,FEA,1,33,1,0.010709296934752834,0.04386433633227038,-0.033155039397517544,-0.17520695785785628,,,,,0.17520695785785628
Fear__Surprise,Surprise,Fear,Fear: correct,DimplerL,FEA,1,33,1,0.0008425918097298758,0.07451366063939736,-0.0736710688296675,-0.6441732613903098,,,,,0.6441732613903098
Fear__Surprise,Surprise,Fear,Fear: correct,DimplerR,FEA,1,33,1,0.0026631494984032927,0.07616677234245266,-0.07350362284404936,-0.6457426712812383,,,,,0.6457426712812383
Fear__Surprise,Surprise,Fear,Fear: correct,EyesClosedL,FEA,1,33,1,4.517509052022935e-22,0.003235995608610324,-0.003235995608610324,-0.02986101277316566,,,,,0.02986101277316566
Fear__Surprise,Surprise,Fear,Fear: correct,EyesClosedR,FEA,1,33,1,0.022156724892556618,0.0030134361372180967,0.019143288755338522,0.18141408214115082,,,,,0.18141408214115082
Fear__Surprise,Surprise,Fear,Fear: correct,EyesLookDownL,FEA,1,33,1,5.821550938026213e-11,0.0062430345150807426,-0.006243034456865233,-0.16387069733087933,,,,,0.16387069733087933
Fear__Surprise,Surprise,Fear,Fear: correct,EyesLookDownR,FEA,1,33,1,0.022152876233061107,0.005960628187650132,0.016192248045410973,0.3590658819090715,,,,,0.3590658819090715
Fear__Surprise,Surprise,Fear,Fear: correct,EyesLookLeftL,FEA,1,33,1,0.14224802205959952,0.03262345663270668,0.10962456542689283,1.350528568711656,,,,,1.350528568711656
Fear__Surprise,Surprise,Fear,Fear: correct,EyesLookLeftR,FEA,1,33,1,0.21655541708072024,0.07058599235818043,0.14596942472253982,1.3650657165423883,,,,,1.3650657165423883
Fear__Surprise,Surprise,Fear,Fear: correct,EyesLookRightL,FEA,1,33,1,0.02705877472956975,0.09732394151332564,-0.0702651667837559,-0.7621065321374914,,,,,0.7621065321374914
Fear__Surprise,Surprise,Fear,Fear: correct,EyesLookRightR,FEA,1,33,1,0.015621981024742122,0.04895663058157124,-0.03333464955682912,-0.5020645565452405,,,,,0.5020645565452405
Fear__Surprise,Surprise,Fear,Fear: correct,EyesLookUpL,FEA,1,33,1,0.0,0.051928626458546255,-0.051928626458546255,-0.5006283643357032,,,,,0.5006283643357032
Fear__Surprise,Surprise,Fear,Fear: correct,EyesLookUpR,FEA,1,33,1,0.0,0.051925939664649146,-0.051925939664649146,-0.4998603173653846,,,,,0.4998603173653846
Fear__Surprise,Surprise,Fear,Fear: correct,InnerBrowRaiserL,FEA,1,33,1,2.653315332630986e-07,0.24244784837996844,-0.24244758304843517,-1.57882238437225,,,,,1.57882238437225
Fear__Surprise,Surprise,Fear,Fear: correct,InnerBrowRaiserR,FEA,1,33,1,0.0005351943513990631,0.2540996504143313,-0.25356445606293226,-1.6133758710449462,,,,,1.6133758710449462
Fear__Surprise,Surprise,Fear,Fear: correct,JawDrop,FEA,1,33,1,0.3124451437344153,0.2488203237230044,0.0636248200114109,0.35634146321870913,,,,,0.35634146321870913
Fear__Surprise,Surprise,Fear,Fear: correct,JawSidewaysLeft,FEA,1,33,1,0.005599443414151464,0.0008595912879629647,0.004739852126188499,0.22245967531395713,,,,,0.22245967531395713
Fear__Surprise,Surprise,Fear,Fear: correct,JawSidewaysRight,FEA,1,33,1,0.01137800689515032,0.005941570585164876,0.005436436309985444,0.200143924409575,,,,,0.200143924409575
Fear__Surprise,Surprise,Fear,Fear: correct,JawThrust,FEA,1,33,1,0.13266693612871067,0.03429902658905681,0.09836790953965385,1.4483494105057118,,,,,1.4483494105057118
Fear__Surprise,Surprise,Fear,Fear: correct,LidTightenerL,FEA,1,33,1,0.02488809346708266,0.058707629018927086,-0.03381953555184443,-0.18790627411378147,,,,,0.18790627411378147
Fear__Surprise,Surprise,Fear,Fear: correct,LidTightenerR,FEA,1,33,1,0.062351868365658404,0.08617964988588568,-0.023827781520227277,-0.12672681113445977,,,,,0.12672681113445977
Fear__Surprise,Surprise,Fear,Fear: correct,LipCornerDepressorL,FEA,1,33,1,0.004393544427651342,0.038211939080122055,-0.03381839465247071,-0.20301226955744703,,,,,0.20301226955744703
Fear__Surprise,Surprise,Fear,Fear: correct,LipCornerDepressorR,FEA,1,33,1,1.2596164096669605e-14,0.03474891568108556,-0.03474891568107297,-0.2150428685299292,,,,,0.2150428685299292
Fear__Surprise,Surprise,Fear,Fear: correct,LipCornerPullerL,FEA,1,33,1,3.4664254705321766e-21,0.036914159466179056,-0.036914159466179056,-0.1635363879421808,,,,,0.1635363879421808
Fear__Surprise,Surprise,Fear,Fear: correct,LipCornerPullerR,FEA,1,33,1,2.8961027787116848e-21,0.036303894729555856,-0.036303894729555856,-0.1572417239549813,,,,,0.1572417239549813
Fear__Surprise,Surprise,Fear,Fear: correct,LipFunnelerLB,FEA,1,33,1,0.0037876021205296893,2.2869219483540714e-08,0.003787579251310206,0.07556093330700481,,,,,0.07556093330700481
Fear__Surprise,Surprise,Fear,Fear: correct,LipFunnelerLT,FEA,1,33,1,0.06577559880048886,0.0003142231504734636,0.06546137565001539,1.6182203150327328,,,,,1.6182203150327328
Fear__Surprise,Surprise,Fear,Fear: correct,LipFunnelerRB,FEA,1,33,1,0.004156525944933267,4.942101494691287e-08,0.00415647652391832,0.08368265438713189,,,,,0.08368265438713189
Fear__Surprise,Surprise,Fear,Fear: correct,LipFunnelerRT,FEA,1,33,1,0.07253081367768265,0.0003659942294027165,0.07216481944827993,1.7800827389090799,,,,,1.7800827389090799
Fear__Surprise,Surprise,Fear,Fear: correct,LipPressorL,FEA,1,33,1,2.2717014158524465e-33,0.00012491519230769605,-0.00012491519230769605,-0.0028193358729283256,,,,,0.0028193358729283256
Fear__Surprise,Surprise,Fear,Fear: correct,LipPressorR,FEA,1,33,1,1.401298464324817e-45,8.971170702381159e-05,-8.971170702381159e-05,-0.0020099363829313736,,,,,0.0020099363829313736
Fear__Surprise,Surprise,Fear,Fear: correct,LipPuckerL,FEA,1,33,1,0.05292779911324028,0.004395021893843386,0.048532777219396896,0.4497274894894847,,,,,0.4497274894894847
Fear__Surprise,Surprise,Fear,Fear: correct,LipPuckerR,FEA,1,33,1,0.05959847536772331,0.0036815407827129544,0.055916934585010354,0.5215448475027559,,,,,0.5215448475027559
Fear__Surprise,Surprise,Fear,Fear: correct,LipStretcherL,FEA,1,33,1,2.0806933015945125e-06,0.07570919566701599,-0.07570711497371439,-0.7020960153017688,,,,,0.7020960153017688
Fear__Surprise,Surprise,Fear,Fear: correct,LipStretcherR,FEA,1,33,1,0.00032452310998396747,0.08317420189712081,-0.08284967878713684,-0.7296595348510242,,,,,0.7296595348510242
Fear__Surprise,Surprise,Fear,Fear: correct,LipSuckLB,FEA,1,33,1,1.1506408386284473e-11,0.04769871249479792,-0.047698712483291515,-0.4068057403328578,,,,,0.4068057403328578
Fear__Surprise,Surprise,Fear,Fear: correct,LipSuckLT,FEA,1,33,1,7.991821114336841e-08,0.019092840778349704,-0.01909276086013856,-0.26373828055607823,,,,,0.26373828055607823
Fear__Surprise,Surprise,Fear,Fear: correct,LipSuckRB,FEA,1,33,1,2.3613871708202656e-10,0.03586009659282282,-0.0358600963566841,-0.34419066259018505,,,,,0.34419066259018505
Fear__Surprise,Surprise,Fear,Fear: correct,LipSuckRT,FEA,1,33,1,4.1435898297942365e-08,0.014187538284342651,-0.014187496848444354,-0.21039704426489136,,,,,0.21039704426489136
Fear__Surprise,Surprise,Fear,Fear: correct,LipTightenerL,FEA,1,33,1,0.003586850105181326,0.001459683769634523,0.002127166335546803,0.036093719008036616,,,,,0.036093719008036616
Fear__Surprise,Surprise,Fear,Fear: correct,LipTightenerR,FEA,1,33,1,0.0031889454057012984,0.001390005647482305,0.0017989397582189935,0.03175441286600877,,,,,0.03175441286600877
Fear__Surprise,Surprise,Fear,Fear: correct,LipsToward,FEA,1,33,1,0.0619585724547505,0.03881265294398638,0.02314591951076412,0.5482545098611598,,,,,0.5482545098611598
Fear__Surprise,Surprise,Fear,Fear: correct,LowerLipDepressorL,FEA,1,33,1,0.15702396258711812,0.051938074111461195,0.10508588847565692,0.8780816986029807,,,,,0.8780816986029807
Fear__Surprise,Surprise,Fear,Fear: correct,LowerLipDepressorR,FEA,1,33,1,0.1314723746851086,0.05235391512268718,0.07911845956242143,0.6779547821398065,,,,,0.6779547821398065
Fear__Surprise,Surprise,Fear,Fear: correct,MouthLeft,FEA,1,33,1,4.6282544636788713e-07,0.0014323435632085445,-0.0014318807377621766,-0.11998925679858444,,,,,0.11998925679858444
Fear__Surprise,Surprise,Fear,Fear: correct,MouthRight,FEA,1,33,1,1.401298464324817e-45,0.0009256617942857394,-0.0009256617942857394,-0.12732569960309084,,,,,0.12732569960309084
Fear__Surprise,Surprise,Fear,Fear: correct,NoseWrinklerL,FEA,1,33,1,8.537478699413815e-10,0.004686492965945049,-0.004686492112197179,-0.027148547175669845,,,,,0.027148547175669845
Fear__Surprise,Surprise,Fear,Fear: correct,NoseWrinklerR,FEA,1,33,1,9.95622490343722e-09,0.003268239147956739,-0.0032682291917318354,-0.018652401123196563,,,,,0.018652401123196563
Fear__Surprise,Surprise,Fear,Fear: correct,OuterBrowRaiserL,FEA,1,33,1,0.0003184771623989443,0.2503124271250901,-0.24999394996269117,-1.594204734110174,,,,,1.594204734110174
Fear__Surprise,Surprise,Fear,Fear: correct,OuterBrowRaiserR,FEA,1,33,1,0.0017591590552761855,0.260883637971358,-0.2591244789160818,-1.6173490710581875,,,,,1.6173490710581875
Fear__Surprise,Surprise,Fear,Fear: correct,UpperLidRaiserL,FEA,1,33,1,7.234000011212735e-08,0.29830145803169295,-0.29830138569169284,-1.6668135275095868,,,,,1.6668135275095868
Fear__Surprise,Surprise,Fear,Fear: correct,UpperLidRaiserR,FEA,1,33,1,4.508893630845538e-07,0.39541919596230585,-0.3954187450729428,-1.837710279171812,,,,,1.837710279171812
Fear__Surprise,Surprise,Fear,Fear: correct,UpperLipRaiserL,FEA,1,33,1,7.991854651474105e-20,0.09505058301952465,-0.09505058301952465,-0.5182903976391209,,,,,0.5182903976391209
Fear__Surprise,Surprise,Fear,Fear: correct,UpperLipRaiserR,FEA,1,33,1,1.2805915476008516e-19,0.10164539394867593,-0.10164539394867593,-0.5297802169357679,,,,,0.5297802169357679
Fear__Surprise,Surprise,Fear,Fear: correct,AU1,AU-related group,1,33,1,0.0002677298414661631,0.24827374939714986,-0.2480060195556837,-1.599836569460846,,,,,1.599836569460846
Fear__Surprise,Surprise,Fear,Fear: correct,AU2,AU-related group,1,33,1,0.0010388181088375648,0.255598032548224,-0.25455921443938645,-1.6106783625648913,,,,,1.6106783625648913
Fear__Surprise,Surprise,Fear,Fear: correct,AU4,AU-related group,1,33,1,0.02603413696997445,0.045102612942431265,-0.019068475972456814,-0.1335578798301459,,,,,0.1335578798301459
Fear__Surprise,Surprise,Fear,Fear: correct,AU5,AU-related group,1,33,1,2.616146815983406e-07,0.3468603269969995,-0.3468600653823179,-1.8509877689383192,,,,,1.8509877689383192
Fear__Surprise,Surprise,Fear,Fear: correct,AU6,AU-related group,1,33,1,0.03577291856830314,0.058015296146102846,-0.022242377577799705,-0.10595782036928897,,,,,0.10595782036928897
Fear__Surprise,Surprise,Fear,Fear: correct,AU7,AU-related group,1,33,1,0.04361998091637053,0.0724436394524064,-0.028823658536035864,-0.16408615927378442,,,,,0.16408615927378442
Fear__Surprise,Surprise,Fear,Fear: correct,AU8,AU-related group,1,33,1,0.0619585724547505,0.03881265294398638,0.02314591951076412,0.5482545098611598,,,,,0.5482545098611598
Fear__Surprise,Surprise,Fear,Fear: correct,AU9,AU-related group,1,33,1,5.404986386689301e-09,0.003977366056950894,-0.003977360651964508,-0.02287832349180784,,,,,0.02287832349180784
Fear__Surprise,Surprise,Fear,Fear: correct,AU10,AU-related group,1,33,1,1.0398885063741311e-19,0.09834798848410028,-0.09834798848410028,-0.5249250268175062,,,,,0.5249250268175062
Fear__Surprise,Surprise,Fear,Fear: correct,AU12,AU-related group,1,33,1,3.181264124621931e-21,0.03660902709786745,-0.03660902709786745,-0.16037496413229874,,,,,0.16037496413229874
Fear__Surprise,Surprise,Fear,Fear: correct,AU14,AU-related group,1,33,1,0.0017528706540665842,0.07534021649092501,-0.07358734583685843,-0.6452615785914206,,,,,0.6452615785914206
Fear__Surprise,Surprise,Fear,Fear: correct,AU15,AU-related group,1,33,1,0.002196772213831969,0.0364804273806038,-0.03428365516677183,-0.20902653441212002,,,,,0.20902653441212002
Fear__Surprise,Surprise,Fear,Fear: correct,AU16,AU-related group,1,33,1,0.14424816863611337,0.05214599461707419,0.09210217401903917,0.7794577024053518,,,,,0.7794577024053518
Fear__Surprise,Surprise,Fear,Fear: correct,AU17,AU-related group,1,33,1,0.005401235079076465,0.02631254080808392,-0.020911305729007457,-0.10756183003209319,,,,,0.10756183003209319
Fear__Surprise,Surprise,Fear,Fear: correct,AU18,AU-related group,1,33,1,0.05626313724048179,0.0040382813382781714,0.05222485590220362,0.4856389518471335,,,,,0.4856389518471335
Fear__Surprise,Surprise,Fear,Fear: correct,AU20,AU-related group,1,33,1,0.000163301901642781,0.0794416987820684,-0.07927839688042562,-0.716516091773795,,,,,0.716516091773795
Fear__Surprise,Surprise,Fear,Fear: correct,AU22,AU-related group,1,33,1,0.036562635135908614,0.00017007241752765265,0.03639256271838096,0.8639950349577513,,,,,0.8639950349577513
Fear__Surprise,Surprise,Fear,Fear: correct,AU23,AU-related group,1,33,1,0.003387897755441312,0.0014248447085584137,0.001963053046882898,0.034022361408643335,,,,,0.034022361408643335
Fear__Surprise,Surprise,Fear,Fear: correct,AU24,AU-related group,1,33,1,1.135850707926924e-33,0.0001073134496657538,-0.0001073134496657538,-0.0024135561977320125,,,,,0.0024135561977320125
Fear__Surprise,Surprise,Fear,Fear: correct,AU26,AU-related group,1,33,1,0.3124451437344153,0.2488203237230044,0.0636248200114109,0.35634146321870913,,,,,0.35634146321870913
Fear__Surprise,Surprise,Fear,Fear: correct,AU28,AU-related group,1,33,1,3.040043864169477e-08,0.029209797037578273,-0.02920976663713963,-0.360917741670805,,,,,0.360917741670805
Fear__Surprise,Surprise,Fear,Fear: correct,AU43,AU-related group,1,33,1,0.011078362446278309,0.0031247158729142102,0.0079536465733641,0.07611384952312067,,,,,0.07611384952312067
Fear__Surprise,Surprise,Fear,Fear: all,BrowLowererL,FEA,1,54,1,0.050394556795557294,0.06675630180789535,-0.016361745012338058,-0.1119432873045302,,,,,0.1119432873045302
Fear__Surprise,Surprise,Fear,Fear: all,BrowLowererR,FEA,1,54,1,0.0016737171443916067,0.06361726683849464,-0.06194354969410303,-0.43870924641711395,,,,,0.43870924641711395
Fear__Surprise,Surprise,Fear,Fear: all,CheekPuffL,FEA,1,54,1,0.0024773789330339237,0.0001668061940783621,0.0023105727389555616,0.2432081552570969,,,,,0.2432081552570969
Fear__Surprise,Surprise,Fear,Fear: all,CheekPuffR,FEA,1,54,1,0.005955450177073798,0.00015284663082023713,0.0058026035462535605,0.5452143856011096,,,,,0.5452143856011096
Fear__Surprise,Surprise,Fear,Fear: all,CheekRaiserL,FEA,1,54,1,0.03381134650359547,0.09391164360504785,-0.06010029710145238,-0.28161742612004037,,,,,0.28161742612004037
Fear__Surprise,Surprise,Fear,Fear: all,CheekRaiserR,FEA,1,54,1,0.03773449063301082,0.08332194912688201,-0.04558745849387119,-0.22011098052983155,,,,,0.22011098052983155
Fear__Surprise,Surprise,Fear,Fear: all,CheekSuckL,FEA,1,54,1,1.401298464324817e-45,2.9816738396887935e-10,-2.9816738396887935e-10,-3.205996578808054e-08,,,,,3.205996578808054e-08
Fear__Surprise,Surprise,Fear,Fear: all,CheekSuckR,FEA,1,54,1,1.401298464324817e-45,1.242019499051857e-09,-1.242019499051857e-09,-1.5893714194824454e-07,,,,,1.5893714194824454e-07
Fear__Surprise,Surprise,Fear,Fear: all,ChinRaiserB,FEA,1,54,1,9.317322340009567e-05,0.008004723760171032,-0.007911550536770937,-0.03845709528348841,,,,,0.03845709528348841
Fear__Surprise,Surprise,Fear,Fear: all,ChinRaiserT,FEA,1,54,1,0.010709296934752834,0.04993407872335829,-0.03922478178860546,-0.20728235630853675,,,,,0.20728235630853675
Fear__Surprise,Surprise,Fear,Fear: all,DimplerL,FEA,1,54,1,0.0008425918097298758,0.09110241199669565,-0.09025982018696578,-0.7892238251188013,,,,,0.7892238251188013
Fear__Surprise,Surprise,Fear,Fear: all,DimplerR,FEA,1,54,1,0.0026631494984032927,0.09266286655063309,-0.0899997170522298,-0.790663853769045,,,,,0.790663853769045
Fear__Surprise,Surprise,Fear,Fear: all,EyesClosedL,FEA,1,54,1,4.517509052022935e-22,0.004800727607115374,-0.004800727607115374,-0.044299994726545326,,,,,0.044299994726545326
Fear__Surprise,Surprise,Fear,Fear: all,EyesClosedR,FEA,1,54,1,0.022156724892556618,0.009327611738396337,0.012829113154160281,0.1215769044333049,,,,,0.1215769044333049
Fear__Surprise,Surprise,Fear,Fear: all,EyesLookDownL,FEA,1,54,1,5.821550938026213e-11,0.005430092082023683,-0.005430092023808173,-0.14253212482813946,,,,,0.14253212482813946
Fear__Surprise,Surprise,Fear,Fear: all,EyesLookDownR,FEA,1,54,1,0.022152876233061107,0.007603359133691111,0.014549517099369996,0.32263804099252286,,,,,0.32263804099252286
Fear__Surprise,Surprise,Fear,Fear: all,EyesLookLeftL,FEA,1,54,1,0.14224802205959952,0.04182036352846166,0.10042765853113786,1.2372265413956933,,,,,1.2372265413956933
Fear__Surprise,Surprise,Fear,Fear: all,EyesLookLeftR,FEA,1,54,1,0.21655541708072024,0.08152406460840547,0.13503135247231476,1.2627758879551536,,,,,1.2627758879551536
Fear__Surprise,Surprise,Fear,Fear: all,EyesLookRightL,FEA,1,54,1,0.02705877472956975,0.08716889964771435,-0.0601101249181446,-0.6519634257569165,,,,,0.6519634257569165
Fear__Surprise,Surprise,Fear,Fear: all,EyesLookRightR,FEA,1,54,1,0.015621981024742122,0.04027761780735201,-0.02465563678260989,-0.3713469771595539,,,,,0.3713469771595539
Fear__Surprise,Surprise,Fear,Fear: all,EyesLookUpL,FEA,1,54,1,0.0,0.046388334406677764,-0.046388334406677764,-0.44721606485801224,,,,,0.44721606485801224
Fear__Surprise,Surprise,Fear,Fear: all,EyesLookUpR,FEA,1,54,1,0.0,0.04636362778370694,-0.04636362778370694,-0.44631522988021993,,,,,0.44631522988021993
Fear__Surprise,Surprise,Fear,Fear: all,InnerBrowRaiserL,FEA,1,54,1,2.653315332630986e-07,0.19252685401721106,-0.1925265886856778,-1.2537361023848703,,,,,1.2537361023848703
Fear__Surprise,Surprise,Fear,Fear: all,InnerBrowRaiserR,FEA,1,54,1,0.0005351943513990631,0.20316566116276855,-0.20263046681136948,-1.2892938977649893,,,,,1.2892938977649893
Fear__Surprise,Surprise,Fear,Fear: all,JawDrop,FEA,1,54,1,0.3124451437344153,0.20471469390560035,0.10773044982881494,0.6033624318045181,,,,,0.6033624318045181
Fear__Surprise,Surprise,Fear,Fear: all,JawSidewaysLeft,FEA,1,54,1,0.005599443414151464,0.0021341643582673225,0.0034652790558841414,0.162639009218235,,,,,0.162639009218235
Fear__Surprise,Surprise,Fear,Fear: all,JawSidewaysRight,FEA,1,54,1,0.01137800689515032,0.005021357985150021,0.0063566489100002985,0.23402180884644883,,,,,0.23402180884644883
Fear__Surprise,Surprise,Fear,Fear: all,JawThrust,FEA,1,54,1,0.13266693612871067,0.029766742873695476,0.10290019325501519,1.5150818487379385,,,,,1.5150818487379385
Fear__Surprise,Surprise,Fear,Fear: all,LidTightenerL,FEA,1,54,1,0.02488809346708266,0.09506143356547765,-0.07017334009839499,-0.3898933165357881,,,,,0.3898933165357881
Fear__Surprise,Surprise,Fear,Fear: all,LidTightenerR,FEA,1,54,1,0.062351868365658404,0.1300746010557494,-0.06772273269009099,-0.3601798156425603,,,,,0.3601798156425603
Fear__Surprise,Surprise,Fear,Fear: all,LipCornerDepressorL,FEA,1,54,1,0.004393544427651342,0.03281908991693611,-0.02842554548928477,-0.1706389248363258,,,,,0.1706389248363258
Fear__Surprise,Surprise,Fear,Fear: all,LipCornerDepressorR,FEA,1,54,1,1.2596164096669605e-14,0.027182726721615747,-0.02718272672160315,-0.1682196815097341,,,,,0.1682196815097341
Fear__Surprise,Surprise,Fear,Fear: all,LipCornerPullerL,FEA,1,54,1,3.4664254705321766e-21,0.05012560611577572,-0.05012560611577572,-0.22206548072960766,,,,,0.22206548072960766
Fear__Surprise,Surprise,Fear,Fear: all,LipCornerPullerR,FEA,1,54,1,2.8961027787116848e-21,0.05079379094671078,-0.05079379094671078,-0.22000127849002926,,,,,0.22000127849002926
Fear__Surprise,Surprise,Fear,Fear: all,LipFunnelerLB,FEA,1,54,1,0.0037876021205296893,2.832846168916966e-06,0.0037847692743607723,0.07550487521111231,,,,,0.07550487521111231
Fear__Surprise,Surprise,Fear,Fear: all,LipFunnelerLT,FEA,1,54,1,0.06577559880048886,0.00041981976900909787,0.06535577903147977,1.6156099422500603,,,,,1.6156099422500603
Fear__Surprise,Surprise,Fear,Fear: all,LipFunnelerRB,FEA,1,54,1,0.004156525944933267,5.9505893416903475e-06,0.004150575355591577,0.08356384572149275,,,,,0.08356384572149275
Fear__Surprise,Surprise,Fear,Fear: all,LipFunnelerRT,FEA,1,54,1,0.07253081367768265,0.0006229301079729737,0.07190788356970967,1.7737449260253777,,,,,1.7737449260253777
Fear__Surprise,Surprise,Fear,Fear: all,LipPressorL,FEA,1,54,1,2.2717014158524465e-33,9.522745256642185e-05,-9.522745256642185e-05,-0.0021492835911165044,,,,,0.0021492835911165044
Fear__Surprise,Surprise,Fear,Fear: all,LipPressorR,FEA,1,54,1,1.401298464324817e-45,5.488069975873377e-05,-5.488069975873377e-05,-0.0012295687912452058,,,,,0.0012295687912452058
Fear__Surprise,Surprise,Fear,Fear: all,LipPuckerL,FEA,1,54,1,0.05292779911324028,0.003269350054805418,0.04965844905843486,0.46015849301254763,,,,,0.46015849301254763
Fear__Surprise,Surprise,Fear,Fear: all,LipPuckerR,FEA,1,54,1,0.05959847536772331,0.0026853359461595843,0.05691313942156372,0.5308365853889206,,,,,0.5308365853889206
Fear__Surprise,Surprise,Fear,Fear: all,LipStretcherL,FEA,1,54,1,2.0806933015945125e-06,0.07107840856589692,-0.07107632787259532,-0.659150815599794,,,,,0.659150815599794
Fear__Surprise,Surprise,Fear,Fear: all,LipStretcherR,FEA,1,54,1,0.00032452310998396747,0.0774836073577629,-0.07715908424777893,-0.6795423029510457,,,,,0.6795423029510457
Fear__Surprise,Surprise,Fear,Fear: all,LipSuckLB,FEA,1,54,1,1.1506408386284473e-11,0.05930284109455375,-0.05930284108304734,-0.5057733199629151,,,,,0.5057733199629151
Fear__Surprise,Surprise,Fear,Fear: all,LipSuckLT,FEA,1,54,1,7.991821114336841e-08,0.027449423761796845,-0.027449343843585702,-0.3791721271078302,,,,,0.3791721271078302
Fear__Surprise,Surprise,Fear,Fear: all,LipSuckRB,FEA,1,54,1,2.3613871708202656e-10,0.04590828259281145,-0.04590828235667273,-0.4406346811105331,,,,,0.4406346811105331
Fear__Surprise,Surprise,Fear,Fear: all,LipSuckRT,FEA,1,54,1,4.1435898297942365e-08,0.022890749095721082,-0.022890707659822783,-0.3394634926940271,,,,,0.3394634926940271
Fear__Surprise,Surprise,Fear,Fear: all,LipTightenerL,FEA,1,54,1,0.003586850105181326,0.001482832862651591,0.0021040172425297347,0.035700925626209155,,,,,0.035700925626209155
Fear__Surprise,Surprise,Fear,Fear: all,LipTightenerR,FEA,1,54,1,0.0031889454057012984,0.0017648221696622943,0.0014241232360390041,0.025138249906728603,,,,,0.025138249906728603
Fear__Surprise,Surprise,Fear,Fear: all,LipsToward,FEA,1,54,1,0.0619585724547505,0.03406544003709882,0.027893132417651678,0.6607011501539259,,,,,0.6607011501539259
Fear__Surprise,Surprise,Fear,Fear: all,LowerLipDepressorL,FEA,1,54,1,0.15702396258711812,0.05232198051772032,0.10470198206939779,0.8748738350715165,,,,,0.8748738350715165
Fear__Surprise,Surprise,Fear,Fear: all,LowerLipDepressorR,FEA,1,54,1,0.1314723746851086,0.051843893470766074,0.07962848121434254,0.6823250848457377,,,,,0.6823250848457377
Fear__Surprise,Surprise,Fear,Fear: all,MouthLeft,FEA,1,54,1,4.6282544636788713e-07,0.004999696337063135,-0.004999233511616767,-0.41892756694175465,,,,,0.41892756694175465
Fear__Surprise,Surprise,Fear,Fear: all,MouthRight,FEA,1,54,1,1.401298464324817e-45,0.0006011796825310361,-0.0006011796825310361,-0.0826928627042369,,,,,0.0826928627042369
Fear__Surprise,Surprise,Fear,Fear: all,NoseWrinklerL,FEA,1,54,1,8.537478699413815e-10,0.01409529606911539,-0.014095295215367521,-0.08165313798639726,,,,,0.08165313798639726
Fear__Surprise,Surprise,Fear,Fear: all,NoseWrinklerR,FEA,1,54,1,9.95622490343722e-09,0.012665004856558337,-0.012664994900333433,-0.07228151737396311,,,,,0.07228151737396311
Fear__Surprise,Surprise,Fear,Fear: all,OuterBrowRaiserL,FEA,1,54,1,0.0003184771623989443,0.19099858513603002,-0.19068010797363108,-1.2159619497894565,,,,,1.2159619497894565
Fear__Surprise,Surprise,Fear,Fear: all,OuterBrowRaiserR,FEA,1,54,1,0.0017591590552761855,0.20069617813279594,-0.19893701907751976,-1.2416835505082147,,,,,1.2416835505082147
Fear__Surprise,Surprise,Fear,Fear: all,UpperLidRaiserL,FEA,1,54,1,7.234000011212735e-08,0.2216262090418408,-0.2216261367018407,-1.2383765561388218,,,,,1.2383765561388218
Fear__Surprise,Surprise,Fear,Fear: all,UpperLidRaiserR,FEA,1,54,1,4.508893630845538e-07,0.2799247355985454,-0.27992428470918235,-1.3009492893539643,,,,,1.3009492893539643
Fear__Surprise,Surprise,Fear,Fear: all,UpperLipRaiserL,FEA,1,54,1,7.991854651474105e-20,0.12005821189822165,-0.12005821189822165,-0.654651622408137,,,,,0.654651622408137
Fear__Surprise,Surprise,Fear,Fear: all,UpperLipRaiserR,FEA,1,54,1,1.2805915476008516e-19,0.13358314127658028,-0.13358314127658028,-0.6962411459608486,,,,,0.6962411459608486
Fear__Surprise,Surprise,Fear,Fear: all,AU1,AU-related group,1,54,1,0.0002677298414661631,0.19784625758998978,-0.1975785277485236,-1.2745390398129088,,,,,1.2745390398129088
Fear__Surprise,Surprise,Fear,Fear: all,AU2,AU-related group,1,54,1,0.0010388181088375648,0.19584738163441298,-0.1948085635255754,-1.232616697077786,,,,,1.232616697077786
Fear__Surprise,Surprise,Fear,Fear: all,AU4,AU-related group,1,54,1,0.02603413696997445,0.06518678432319498,-0.039152647353220535,-0.27422981143257963,,,,,0.27422981143257963
Fear__Surprise,Surprise,Fear,Fear: all,AU5,AU-related group,1,54,1,2.616146815983406e-07,0.25077547232019315,-0.25077521070551156,-1.3382395210506544,,,,,1.3382395210506544
Fear__Surprise,Surprise,Fear,Fear: all,AU6,AU-related group,1,54,1,0.03577291856830314,0.08861679636596492,-0.05284387779766178,-0.25173667211233447,,,,,0.25173667211233447
Fear__Surprise,Surprise,Fear,Fear: all,AU7,AU-related group,1,54,1,0.04361998091637053,0.11256801731061351,-0.06894803639424299,-0.39250459712656527,,,,,0.39250459712656527
Fear__Surprise,Surprise,Fear,Fear: all,AU8,AU-related group,1,54,1,0.0619585724547505,0.03406544003709882,0.027893132417651678,0.6607011501539259,,,,,0.6607011501539259
Fear__Surprise,Surprise,Fear,Fear: all,AU9,AU-related group,1,54,1,5.404986386689301e-09,0.013380150462836863,-0.013380145057850476,-0.07696442786741502,,,,,0.07696442786741502
Fear__Surprise,Surprise,Fear,Fear: all,AU10,AU-related group,1,54,1,1.0398885063741311e-19,0.12682067658740093,-0.12682067658740093,-0.6768958682812122,,,,,0.6768958682812122
Fear__Surprise,Surprise,Fear,Fear: all,AU12,AU-related group,1,54,1,3.181264124621931e-21,0.05045969853124325,-0.05045969853124325,-0.2210512811619117,,,,,0.2210512811619117
Fear__Surprise,Surprise,Fear,Fear: all,AU14,AU-related group,1,54,1,0.0017528706540665842,0.09188263927366437,-0.09012976861959779,-0.7903162713123884,,,,,0.7903162713123884
Fear__Surprise,Surprise,Fear,Fear: all,AU15,AU-related group,1,54,1,0.002196772213831969,0.030000908319275932,-0.027804136105443963,-0.16952107889816623,,,,,0.16952107889816623
Fear__Surprise,Surprise,Fear,Fear: all,AU16,AU-related group,1,54,1,0.14424816863611337,0.05208293699424319,0.09216523164187018,0.7799913570159459,,,,,0.7799913570159459
Fear__Surprise,Surprise,Fear,Fear: all,AU17,AU-related group,1,54,1,0.005401235079076465,0.028969401241764652,-0.023568166162688187,-0.12122796710119739,,,,,0.12122796710119739
Fear__Surprise,Surprise,Fear,Fear: all,AU18,AU-related group,1,54,1,0.05626313724048179,0.002977343000482502,0.05328579423999929,0.4955046177918392,,,,,0.4955046177918392
Fear__Surprise,Surprise,Fear,Fear: all,AU20,AU-related group,1,54,1,0.000163301901642781,0.0742810079618299,-0.07411770606018712,-0.6698739021878048,,,,,0.6698739021878048
Fear__Surprise,Surprise,Fear,Fear: all,AU22,AU-related group,1,54,1,0.036562635135908614,0.0002628833281231697,0.03629975180778544,0.8617916131606945,,,,,0.8617916131606945
Fear__Surprise,Surprise,Fear,Fear: all,AU23,AU-related group,1,54,1,0.003387897755441312,0.0016238275161569425,0.0017640702392843694,0.030573720525008813,,,,,0.030573720525008813
Fear__Surprise,Surprise,Fear,Fear: all,AU24,AU-related group,1,54,1,1.135850707926924e-33,7.505407616257781e-05,-7.505407616257781e-05,-0.0016880198265124676,,,,,0.0016880198265124676
Fear__Surprise,Surprise,Fear,Fear: all,AU26,AU-related group,1,54,1,0.3124451437344153,0.20471469390560035,0.10773044982881494,0.6033624318045181,,,,,0.6033624318045181
Fear__Surprise,Surprise,Fear,Fear: all,AU28,AU-related group,1,54,1,3.040043864169477e-08,0.03888782413622078,-0.03888779373578214,-0.4805000624631137,,,,,0.4805000624631137
Fear__Surprise,Surprise,Fear,Fear: all,AU43,AU-related group,1,54,1,0.011078362446278309,0.007064169672755855,0.004014192773522454,0.038414538778211785,,,,,0.038414538778211785
Disgust__Happiness,Disgust,Happiness,Disgust: correct,BrowLowererL,FEA,10,30,3,0.19787755426097037,0.27429085437956846,-0.0764133001185981,-0.5228021829342258,3.0,-0.15029387514711104,1.0,2.0,0.5228021829342258
Disgust__Happiness,Disgust,Happiness,Disgust: correct,BrowLowererR,FEA,10,30,3,0.1624296851747203,0.2600669810520221,-0.09763729587730177,-0.6915067784792068,3.0,-0.17214123465370842,1.0,2.0,0.6915067784792068
Disgust__Happiness,Disgust,Happiness,Disgust: correct,CheekPuffL,FEA,10,30,3,1.0165244371577171e-19,0.0011963721404219191,-0.0011963721404219191,-0.1259287173121086,3.0,-0.0017656069822119364,0.0,3.0,0.1259287173121086
Disgust__Happiness,Disgust,Happiness,Disgust: correct,CheekPuffR,FEA,10,30,3,0.001252313571009756,0.001564301059297848,-0.00031198748828809193,-0.02931443883531388,3.0,-0.001300211917391535,0.0,3.0,0.02931443883531388
Disgust__Happiness,Disgust,Happiness,Disgust: correct,CheekRaiserL,FEA,10,30,3,0.5265626699943096,0.3030017535852549,0.22356091640905468,1.047559710959133,3.0,0.0853822882970174,2.0,1.0,1.047559710959133
Disgust__Happiness,Disgust,Happiness,Disgust: correct,CheekRaiserR,FEA,10,30,3,0.5001883039716633,0.27378535246203944,0.2264029515096238,1.0931466086956985,3.0,0.08734858500460786,2.0,1.0,1.0931466086956985
Disgust__Happiness,Disgust,Happiness,Disgust: correct,CheekSuckL,FEA,10,30,3,0.00013214200174843223,2.502851393756729e-22,0.00013214200174843223,0.014208355048201348,3.0,8.809466783228816e-05,1.0,0.0,0.014208355048201348
Disgust__Happiness,Disgust,Happiness,Disgust: correct,CheekSuckR,FEA,10,30,3,7.006492321624085e-46,1.5102296236078065e-21,-1.5102296236078065e-21,-1.932591076428632e-19,3.0,-2.3354974405413617e-46,0.0,1.0,1.932591076428632e-19
Disgust__Happiness,Disgust,Happiness,Disgust: correct,ChinRaiserB,FEA,10,30,3,0.02142994231629033,0.146572360430847,-0.12514241811455667,-0.6083022379835418,3.0,-0.18177286794787675,0.0,3.0,0.6083022379835418
Disgust__Happiness,Disgust,Happiness,Disgust: correct,ChinRaiserT,FEA,10,30,3,0.10179862977444969,0.2206446865057776,-0.1188460567313279,-0.6280389476737357,3.0,-0.12270756771591357,1.0,2.0,0.6280389476737357
Disgust__Happiness,Disgust,Happiness,Disgust: correct,DimplerL,FEA,10,30,3,0.24717078656917613,0.08208190472373685,0.1650888818454393,1.4435224726213072,3.0,0.14929737534754842,3.0,0.0,1.4435224726213072
Disgust__Happiness,Disgust,Happiness,Disgust: correct,DimplerR,FEA,10,30,3,0.24265139356262586,0.08216872351244245,0.1604826700501834,1.4098693920491652,3.0,0.14477721213864148,3.0,0.0,1.4098693920491652
Disgust__Happiness,Disgust,Happiness,Disgust: correct,EyesClosedL,FEA,10,30,3,0.06196621282488455,0.11425764075747528,-0.052291427932590735,-0.4825331014873436,3.0,-0.05046102871886742,1.0,2.0,0.4825331014873436
Disgust__Happiness,Disgust,Happiness,Disgust: correct,EyesClosedR,FEA,10,30,3,0.11864513932349889,0.09957692436876295,0.019068214954735943,0.1807026346566967,3.0,-0.02615712222516556,2.0,1.0,0.1807026346566967
Disgust__Happiness,Disgust,Happiness,Disgust: correct,EyesLookDownL,FEA,10,30,3,0.04435228695919948,0.06458730813391728,-0.020235021174717795,-0.5311402737429572,3.0,-0.02142385160083814,2.0,1.0,0.5311402737429572
Disgust__Happiness,Disgust,Happiness,Disgust: correct,EyesLookDownR,FEA,10,30,3,0.06552638991270213,0.0712395332249032,-0.005713143312201074,-0.1266899343510104,3.0,-0.023311008432243995,2.0,1.0,0.1266899343510104
Disgust__Happiness,Disgust,Happiness,Disgust: correct,EyesLookLeftL,FEA,10,30,3,0.02166157235148905,0.05204596568442259,-0.030384393332933538,-0.37432295470730415,3.0,-0.043183463991795325,0.0,3.0,0.37432295470730415
Disgust__Happiness,Disgust,Happiness,Disgust: correct,EyesLookLeftR,FEA,10,30,3,0.0581013458695573,0.0894363711694152,-0.031335025299857905,-0.29303649613698457,3.0,-0.0763916131645372,0.0,3.0,0.29303649613698457
Disgust__Happiness,Disgust,Happiness,Disgust: correct,EyesLookRightL,FEA,10,30,3,0.09362397911337512,0.13229923552408673,-0.03867525641071161,-0.41947762870050914,3.0,0.055405802525045976,3.0,0.0,0.41947762870050914
Disgust__Happiness,Disgust,Happiness,Disgust: correct,EyesLookRightR,FEA,10,30,3,0.04382642130057015,0.0833938120670306,-0.03956739076646045,-0.5959380033363956,3.0,0.022295772972930616,3.0,0.0,0.5959380033363956
Disgust__Happiness,Disgust,Happiness,Disgust: correct,EyesLookUpL,FEA,10,30,3,0.07379989164857154,0.04750171263441905,0.02629817901415249,0.2535328823952731,3.0,-0.01469314425954422,2.0,1.0,0.2535328823952731
Disgust__Happiness,Disgust,Happiness,Disgust: correct,EyesLookUpR,FEA,10,30,3,0.07406200415580919,0.047539925921268544,0.02652207823454064,0.2553123646702643,3.0,-0.014409026249028381,2.0,1.0,0.2553123646702643
Disgust__Happiness,Disgust,Happiness,Disgust: correct,InnerBrowRaiserL,FEA,10,30,3,0.03188427710722157,0.037634553747822604,-0.005750276640601036,-0.03744588979754886,3.0,0.009647531244254335,2.0,1.0,0.03744588979754886
Disgust__Happiness,Disgust,Happiness,Disgust: correct,InnerBrowRaiserR,FEA,10,30,3,0.01993252381023793,0.03920420848698498,-0.019271684676747048,-0.12262156744923845,3.0,0.002939186871000823,2.0,1.0,0.12262156744923845
Disgust__Happiness,Disgust,Happiness,Disgust: correct,JawDrop,FEA,10,30,3,0.1579529282418904,0.07967732745332241,0.07827560078856798,0.4383956153324971,3.0,0.11973428873970014,3.0,0.0,0.4383956153324971
Disgust__Happiness,Disgust,Happiness,Disgust: correct,JawSidewaysLeft,FEA,10,30,3,0.0020594138052363944,0.00540455552997686,-0.003345141724740466,-0.15700049751622572,3.0,-0.002391887971194892,0.0,3.0,0.15700049751622572
Disgust__Happiness,Disgust,Happiness,Disgust: correct,JawSidewaysRight,FEA,10,30,3,0.0064108628598636835,0.006960622455382143,-0.0005497595955184596,-0.020239553386615452,3.0,-0.00032983864772907046,2.0,1.0,0.020239553386615452
Disgust__Happiness,Disgust,Happiness,Disgust: correct,JawThrust,FEA,10,30,3,0.028450594366901526,0.031235084185679142,-0.0027844898187776163,-0.04099827074153667,3.0,0.034862279589285505,2.0,1.0,0.04099827074153667
Disgust__Happiness,Disgust,Happiness,Disgust: correct,LidTightenerL,FEA,10,30,3,0.41423456776887174,0.3302524058114626,0.08398216195740915,0.46661714562121687,3.0,0.14591029356880414,2.0,1.0,0.46661714562121687
Disgust__Happiness,Disgust,Happiness,Disgust: correct,LidTightenerR,FEA,10,30,3,0.4033475454489128,0.3340970049198887,0.06925054052902413,0.3683053818137067,3.0,0.1599343447988326,3.0,0.0,0.3683053818137067
Disgust__Happiness,Disgust,Happiness,Disgust: correct,LipCornerDepressorL,FEA,10,30,3,0.015781190644047406,0.14106567134155337,-0.12528448069750597,-0.7520843915891989,3.0,-0.02145003735213929,0.0,3.0,0.7520843915891989
Disgust__Happiness,Disgust,Happiness,Disgust: correct,LipCornerDepressorR,FEA,10,30,3,0.004625216815712685,0.1173338750109732,-0.11270865819526052,-0.6974949488760492,3.0,-0.020390660364319985,0.0,3.0,0.6974949488760492
Disgust__Happiness,Disgust,Happiness,Disgust: correct,LipCornerPullerL,FEA,10,30,3,0.39037639480705055,0.06321841641892155,0.327157978388129,1.4493688829913545,3.0,0.2259347717979691,3.0,0.0,1.4493688829913545
Disgust__Happiness,Disgust,Happiness,Disgust: correct,LipCornerPullerR,FEA,10,30,3,0.3946217119573533,0.06382223473119288,0.33079947722616043,1.4327796086324867,3.0,0.22374263081488843,3.0,0.0,1.4327796086324867
Disgust__Happiness,Disgust,Happiness,Disgust: correct,LipFunnelerLB,FEA,10,30,3,3.876847898070685e-32,0.0016048450578995954,-0.0016048450578995954,-0.03201611962207256,3.0,-0.008024225289472508,0.0,3.0,0.03201611962207256
Disgust__Happiness,Disgust,Happiness,Disgust: correct,LipFunnelerLT,FEA,10,30,3,0.003363830727153994,0.003033288954884653,0.0003305417722693411,0.008171068901957077,3.0,-0.005364305342427457,1.0,2.0,0.008171068901957077
Disgust__Happiness,Disgust,Happiness,Disgust: correct,LipFunnelerRB,FEA,10,30,3,2.7190276841105777e-32,0.001702861684957558,-0.001702861684957558,-0.03428384234372081,3.0,-0.008229151718844007,0.0,3.0,0.03428384234372081
Disgust__Happiness,Disgust,Happiness,Disgust: correct,LipFunnelerRT,FEA,10,30,3,0.001166349934277648,0.002584834192602648,-0.001418484258325,-0.034989616311147935,3.0,-0.005864121556081986,0.0,3.0,0.034989616311147935
Disgust__Happiness,Disgust,Happiness,Disgust: correct,LipPressorL,FEA,10,30,3,0.001268604351037805,0.03156230899864999,-0.030293704647612187,-0.6837289096631889,3.0,-0.06574247158686547,1.0,2.0,0.6837289096631889
Disgust__Happiness,Disgust,Happiness,Disgust: correct,LipPressorR,FEA,10,30,3,0.001539974679596681,0.03168112404604156,-0.030141149366444877,-0.6752941700117985,3.0,-0.06599144348365665,1.0,2.0,0.6752941700117985
Disgust__Happiness,Disgust,Happiness,Disgust: correct,LipPuckerL,FEA,10,30,3,0.0048579895558764005,0.06278937533131,-0.0579313857754336,-0.5368194070093308,3.0,-0.12337315538185335,1.0,2.0,0.5368194070093308
Disgust__Happiness,Disgust,Happiness,Disgust: correct,LipPuckerR,FEA,10,30,3,0.0034431990722452385,0.06036019088620097,-0.05691699181395573,-0.5308725171762677,3.0,-0.12009347620889615,0.0,3.0,0.5308725171762677
Disgust__Happiness,Disgust,Happiness,Disgust: correct,LipStretcherL,FEA,10,30,3,0.08397936814776506,0.12761503985444464,-0.04363567170667958,-0.4046704360734506,3.0,0.04293020647859603,3.0,0.0,0.4046704360734506
Disgust__Happiness,Disgust,Happiness,Disgust: correct,LipStretcherR,FEA,10,30,3,0.0909071003521253,0.13010947703013587,-0.03920237667801056,-0.345256473539556,3.0,0.047867651984369715,3.0,0.0,0.345256473539556
Disgust__Happiness,Disgust,Happiness,Disgust: correct,LipSuckLB,FEA,10,30,3,0.20081711565354982,0.13452331534001324,0.06629380031353657,0.5653967814220103,3.0,0.0019499092314294586,2.0,1.0,0.5653967814220103
Disgust__Happiness,Disgust,Happiness,Disgust: correct,LipSuckLT,FEA,10,30,3,0.14356537082054996,0.0633820068780138,0.08018336394253615,1.1076146970215208,3.0,0.052781912816689036,2.0,1.0,1.1076146970215208
Disgust__Happiness,Disgust,Happiness,Disgust: correct,LipSuckRB,FEA,10,30,3,0.16492937692580167,0.1207091938069073,0.04422018311889438,0.42443204770459647,3.0,-0.007034194050108004,2.0,1.0,0.42443204770459647
Disgust__Happiness,Disgust,Happiness,Disgust: correct,LipSuckRT,FEA,10,30,3,0.13035536817310373,0.05427878278109598,0.07607658539200775,1.1281968112647804,3.0,0.05435348463557721,2.0,1.0,1.1281968112647804
Disgust__Happiness,Disgust,Happiness,Disgust: correct,LipTightenerL,FEA,10,30,3,0.00043062046723133863,0.01172114771655257,-0.011290527249321232,-0.19157745738056073,3.0,-0.010022035378863457,0.0,3.0,0.19157745738056073
Disgust__Happiness,Disgust,Happiness,Disgust: correct,LipTightenerR,FEA,10,30,3,0.00045984357146651705,0.011153074078997152,-0.010693230507530634,-0.18875410077305785,3.0,-0.00865003445477673,0.0,3.0,0.18875410077305785
Disgust__Happiness,Disgust,Happiness,Disgust: correct,LipsToward,FEA,10,30,3,0.02034847178438208,0.04680573563660595,-0.02645726385222387,-0.6266899104536596,3.0,-0.002909251563121669,2.0,1.0,0.6266899104536596
Disgust__Happiness,Disgust,Happiness,Disgust: correct,LowerLipDepressorL,FEA,10,30,3,0.2046511470681683,0.10522865089944439,0.09942249616872392,0.8307592539925538,3.0,0.12787259244777047,3.0,0.0,0.8307592539925538
Disgust__Happiness,Disgust,Happiness,Disgust: correct,LowerLipDepressorR,FEA,10,30,3,0.19154969164015218,0.10466178877813244,0.08688790286201974,0.7445300323236277,3.0,0.12194659617814169,3.0,0.0,0.7445300323236277
Disgust__Happiness,Disgust,Happiness,Disgust: correct,MouthLeft,FEA,10,30,3,0.0034878017324882133,0.015137183651866995,-0.011649381919378782,-0.9761990938251521,3.0,-0.00430774829225081,1.0,2.0,0.9761990938251521
Disgust__Happiness,Disgust,Happiness,Disgust: correct,MouthRight,FEA,10,30,3,0.0006064735073310825,0.009346187553881507,-0.008739714046550424,-1.2021563514638147,3.0,-0.0016274962652111445,2.0,1.0,1.2021563514638147
Disgust__Happiness,Disgust,Happiness,Disgust: correct,NoseWrinklerL,FEA,10,30,3,0.0760312637844746,0.38990757741705734,-0.3138763136325827,-1.8182652832812434,3.0,-0.1640274511144452,0.0,3.0,1.8182652832812434
Disgust__Happiness,Disgust,Happiness,Disgust: correct,NoseWrinklerR,FEA,10,30,3,0.06205011203853987,0.39499705904284066,-0.3329469470043008,-1.9001910955262806,3.0,-0.16861619705339403,0.0,3.0,1.9001910955262806
Disgust__Happiness,Disgust,Happiness,Disgust: correct,OuterBrowRaiserL,FEA,10,30,3,0.009790236839634337,0.039968369491745544,-0.03017813265211121,-0.19244514496362977,3.0,0.007068496432144216,1.0,2.0,0.19244514496362977
Disgust__Happiness,Disgust,Happiness,Disgust: correct,OuterBrowRaiserR,FEA,10,30,3,0.006773957171030897,0.04868999031497523,-0.041916033143944334,-0.26162274421691156,3.0,-0.012162907685311593,0.0,3.0,0.26162274421691156
Disgust__Happiness,Disgust,Happiness,Disgust: correct,UpperLidRaiserL,FEA,10,30,3,0.014574944401338405,0.10409050786438198,-0.08951556346304358,-0.5001845759344022,3.0,-0.034423651399277354,2.0,1.0,0.5001845759344022
Disgust__Happiness,Disgust,Happiness,Disgust: correct,UpperLidRaiserR,FEA,10,30,3,0.042229246507030645,0.11682971680702113,-0.07460047029999048,-0.34670599917071276,3.0,-0.03427563409355946,1.0,2.0,0.34670599917071276
Disgust__Happiness,Disgust,Happiness,Disgust: correct,UpperLipRaiserL,FEA,10,30,3,0.33382173375536994,0.34382511416588035,-0.01000338041051041,-0.054546283105216045,3.0,0.07171411213359075,2.0,1.0,0.054546283105216045
Disgust__Happiness,Disgust,Happiness,Disgust: correct,UpperLipRaiserR,FEA,10,30,3,0.3352832941152155,0.36387214341973323,-0.028588849304517716,-0.14900632678091627,3.0,0.0699744769729644,2.0,1.0,0.14900632678091627
Disgust__Happiness,Disgust,Happiness,Disgust: correct,AU1,AU-related group,10,30,3,0.025908400458729754,0.03841938111740379,-0.012510980658674037,-0.08070580066331846,3.0,0.006293359057627579,2.0,1.0,0.08070580066331846
Disgust__Happiness,Disgust,Happiness,Disgust: correct,AU2,AU-related group,10,30,3,0.008282097005332617,0.044329179903360376,-0.03604708289802776,-0.228081535313117,3.0,-0.0025472056265836867,1.0,2.0,0.228081535313117
Disgust__Happiness,Disgust,Happiness,Disgust: correct,AU4,AU-related group,10,30,3,0.18015361971784535,0.26717891771579527,-0.08702529799794992,-0.6095355658722481,3.0,-0.1612175549004097,1.0,2.0,0.6095355658722481
Disgust__Happiness,Disgust,Happiness,Disgust: correct,AU5,AU-related group,10,30,3,0.02840209545418451,0.11046011233570158,-0.08205801688151707,-0.4378952804025076,3.0,-0.034349642746418406,1.0,2.0,0.4378952804025076
Disgust__Happiness,Disgust,Happiness,Disgust: correct,AU6,AU-related group,10,30,3,0.5133754869829863,0.2883935530236472,0.22498193395933908,1.0717647095691953,3.0,0.08636543665081269,2.0,1.0,1.0717647095691953
Disgust__Happiness,Disgust,Happiness,Disgust: correct,AU7,AU-related group,10,30,3,0.4087910566088923,0.33217470536567567,0.07661635124321664,0.4361584702147824,3.0,0.15292231918381835,3.0,0.0,0.4361584702147824
Disgust__Happiness,Disgust,Happiness,Disgust: correct,AU8,AU-related group,10,30,3,0.02034847178438208,0.04680573563660595,-0.02645726385222387,-0.6266899104536596,3.0,-0.002909251563121669,2.0,1.0,0.6266899104536596
Disgust__Happiness,Disgust,Happiness,Disgust: correct,AU9,AU-related group,10,30,3,0.06904068791150725,0.3924523182299489,-0.32341163031844167,-1.8603080150108307,3.0,-0.16632182408391957,0.0,3.0,1.8603080150108307
Disgust__Happiness,Disgust,Happiness,Disgust: correct,AU10,AU-related group,10,30,3,0.33455251393529273,0.35384862879280676,-0.019296114857514035,-0.10299156866529885,3.0,0.0708442945532776,2.0,1.0,0.10299156866529885
Disgust__Happiness,Disgust,Happiness,Disgust: correct,AU12,AU-related group,10,30,3,0.3924990533822019,0.06352032557505721,0.3289787278071447,1.4411732803309998,3.0,0.2248387013064288,3.0,0.0,1.4411732803309998
Disgust__Happiness,Disgust,Happiness,Disgust: correct,AU14,AU-related group,10,30,3,0.244911090065901,0.08212531411808964,0.16278577594781135,1.4274112697743466,3.0,0.14703729374309493,3.0,0.0,1.4274112697743466
Disgust__Happiness,Disgust,Happiness,Disgust: correct,AU15,AU-related group,10,30,3,0.010203203729880043,0.1291997731762633,-0.11899656944638326,-0.7255189214018325,3.0,-0.020920348858229642,0.0,3.0,0.7255189214018325
Disgust__Happiness,Disgust,Happiness,Disgust: correct,AU16,AU-related group,10,30,3,0.19810041935416023,0.1049452198387884,0.09315519951537182,0.7883694229232197,3.0,0.12490959431295608,3.0,0.0,0.7883694229232197
Disgust__Happiness,Disgust,Happiness,Disgust: correct,AU17,AU-related group,10,30,3,0.061614286045370004,0.1836085234683123,-0.1219942374229423,-0.6275037819555692,3.0,-0.15224021783189515,1.0,2.0,0.6275037819555692
Disgust__Happiness,Disgust,Happiness,Disgust: correct,AU18,AU-related group,10,30,3,0.0041505943140608195,0.0615747831087555,-0.05742418879469468,-0.5339875500882086,3.0,-0.12173331579537477,1.0,2.0,0.5339875500882086
Disgust__Happiness,Disgust,Happiness,Disgust: correct,AU20,AU-related group,10,30,3,0.08744323424994518,0.12886225844229024,-0.041419024192345055,-0.37434406480425314,3.0,0.045398929231482865,3.0,0.0,0.37434406480425314
Disgust__Happiness,Disgust,Happiness,Disgust: correct,AU22,AU-related group,10,30,3,0.0011325451653579105,0.002231457472586114,-0.0010989123072282034,-0.02608925303354878,3.0,-0.0068704509767064876,1.0,2.0,0.02608925303354878
Disgust__Happiness,Disgust,Happiness,Disgust: correct,AU23,AU-related group,10,30,3,0.00044523201934892784,0.01143711089777486,-0.010991878878425933,-0.19050411111185253,3.0,-0.009336034916820094,0.0,3.0,0.19050411111185253
Disgust__Happiness,Disgust,Happiness,Disgust: correct,AU24,AU-related group,10,30,3,0.0014042895153172428,0.03162171652234577,-0.03021742700702853,-0.6796115348028227,3.0,-0.06586695753526108,1.0,2.0,0.6796115348028227
Disgust__Happiness,Disgust,Happiness,Disgust: correct,AU26,AU-related group,10,30,3,0.1579529282418904,0.07967732745332241,0.07827560078856798,0.4383956153324971,3.0,0.11973428873970014,3.0,0.0,0.4383956153324971
Disgust__Happiness,Disgust,Happiness,Disgust: correct,AU28,AU-related group,10,30,3,0.1599168078932513,0.09322332470150758,0.06669348319174372,0.8240689368301326,3.0,0.025512778158396948,2.0,1.0,0.8240689368301326
Disgust__Happiness,Disgust,Happiness,Disgust: correct,AU43,AU-related group,10,30,3,0.09030567607419171,0.10691728256311912,-0.016611606488927413,-0.15896775208364994,3.0,-0.03830907547201648,1.0,2.0,0.15896775208364994
Disgust__Happiness,Disgust,Happiness,Disgust: all,BrowLowererL,FEA,10,54,3,0.19787755426097037,0.20364890998157592,-0.005771355720605553,-0.039486285300327516,,,,,0.039486285300327516
Disgust__Happiness,Disgust,Happiness,Disgust: all,BrowLowererR,FEA,10,54,3,0.1624296851747203,0.18631237832654704,-0.023882693151826728,-0.16914688239196154,,,,,0.16914688239196154
Disgust__Happiness,Disgust,Happiness,Disgust: all,CheekPuffL,FEA,10,54,3,1.0165244371577171e-19,0.0024551103065273104,-0.0024551103065273104,-0.25842200876701193,,,,,0.25842200876701193
Disgust__Happiness,Disgust,Happiness,Disgust: all,CheekPuffR,FEA,10,54,3,0.001252313571009756,0.0027735684401712334,-0.0015212548691614773,-0.1429375679763747,,,,,0.1429375679763747
Disgust__Happiness,Disgust,Happiness,Disgust: all,CheekRaiserL,FEA,10,54,3,0.5265626699943096,0.29181043352651315,0.23475223646779642,1.099999896812262,,,,,1.099999896812262
Disgust__Happiness,Disgust,Happiness,Disgust: all,CheekRaiserR,FEA,10,54,3,0.5001883039716633,0.2642519848114144,0.23593631916024888,1.1391767882814405,,,,,1.1391767882814405
Disgust__Happiness,Disgust,Happiness,Disgust: all,CheekSuckL,FEA,10,54,3,0.00013214200174843223,2.4470741064524488e-05,0.00010767126068390775,0.01157717818742332,,,,,0.01157717818742332
Disgust__Happiness,Disgust,Happiness,Disgust: all,CheekSuckR,FEA,10,54,3,7.006492321624085e-46,3.3311644922711e-21,-3.3311644922711e-21,-4.2627814149875783e-19,,,,,4.2627814149875783e-19
Disgust__Happiness,Disgust,Happiness,Disgust: all,ChinRaiserB,FEA,10,54,3,0.02142994231629033,0.11176969308846262,-0.09033975077217228,-0.4391306593043651,,,,,0.4391306593043651
Disgust__Happiness,Disgust,Happiness,Disgust: all,ChinRaiserT,FEA,10,54,3,0.10179862977444969,0.17200349018084143,-0.07020486040639175,-0.3709957895438466,,,,,0.3709957895438466
Disgust__Happiness,Disgust,Happiness,Disgust: all,DimplerL,FEA,10,54,3,0.24717078656917613,0.10341698908133092,0.14375379748784523,1.2569703960599554,,,,,1.2569703960599554
Disgust__Happiness,Disgust,Happiness,Disgust: all,DimplerR,FEA,10,54,3,0.24265139356262586,0.10316488143265676,0.1394865121299691,1.2254143328637452,,,,,1.2254143328637452
Disgust__Happiness,Disgust,Happiness,Disgust: all,EyesClosedL,FEA,10,54,3,0.06196621282488455,0.08110458807778993,-0.019138375252905383,-0.17660446335712682,,,,,0.17660446335712682
Disgust__Happiness,Disgust,Happiness,Disgust: all,EyesClosedR,FEA,10,54,3,0.11864513932349889,0.0811410500258168,0.03750408929768209,0.3554128041129493,,,,,0.3554128041129493
Disgust__Happiness,Disgust,Happiness,Disgust: all,EyesLookDownL,FEA,10,54,3,0.04435228695919948,0.04890534863136148,-0.004553061672161997,-0.11951133641224945,,,,,0.11951133641224945
Disgust__Happiness,Disgust,Happiness,Disgust: all,EyesLookDownR,FEA,10,54,3,0.06552638991270213,0.05540130715944406,0.010125082753258068,0.22452544933878352,,,,,0.22452544933878352
Disgust__Happiness,Disgust,Happiness,Disgust: all,EyesLookLeftL,FEA,10,54,3,0.02166157235148905,0.0452460316170609,-0.02358445926557185,-0.290550625142614,,,,,0.290550625142614
Disgust__Happiness,Disgust,Happiness,Disgust: all,EyesLookLeftR,FEA,10,54,3,0.0581013458695573,0.08538495368172593,-0.027283607812168625,-0.25514875953490324,,,,,0.25514875953490324
Disgust__Happiness,Disgust,Happiness,Disgust: all,EyesLookRightL,FEA,10,54,3,0.09362397911337512,0.10500805150592146,-0.011384072392546338,-0.12347335571530099,,,,,0.12347335571530099
Disgust__Happiness,Disgust,Happiness,Disgust: all,EyesLookRightR,FEA,10,54,3,0.04382642130057015,0.058790674164710136,-0.014964252864139986,-0.22538172976611145,,,,,0.22538172976611145
Disgust__Happiness,Disgust,Happiness,Disgust: all,EyesLookUpL,FEA,10,54,3,0.07379989164857154,0.0526659598651114,0.02113393178346014,0.20374591862509614,,,,,0.20374591862509614
Disgust__Happiness,Disgust,Happiness,Disgust: all,EyesLookUpR,FEA,10,54,3,0.07406200415580919,0.05271194991125669,0.021350054244552497,0.2055243479342493,,,,,0.2055243479342493
Disgust__Happiness,Disgust,Happiness,Disgust: all,InnerBrowRaiserL,FEA,10,54,3,0.03188427710722157,0.042870261616378136,-0.010985984509156568,-0.07154089984868225,,,,,0.07154089984868225
Disgust__Happiness,Disgust,Happiness,Disgust: all,InnerBrowRaiserR,FEA,10,54,3,0.01993252381023793,0.0402406018594224,-0.020308078049184473,-0.1292159146458599,,,,,0.1292159146458599
Disgust__Happiness,Disgust,Happiness,Disgust: all,JawDrop,FEA,10,54,3,0.1579529282418904,0.10876266707982257,0.049190261162067817,0.2754982982342111,,,,,0.2754982982342111
Disgust__Happiness,Disgust,Happiness,Disgust: all,JawSidewaysLeft,FEA,10,54,3,0.0020594138052363944,0.00488835742755227,-0.0028289436223158755,-0.13277331506287834,,,,,0.13277331506287834
Disgust__Happiness,Disgust,Happiness,Disgust: all,JawSidewaysRight,FEA,10,54,3,0.0064108628598636835,0.007897848655690156,-0.0014869857958264721,-0.05474379828038527,,,,,0.05474379828038527
Disgust__Happiness,Disgust,Happiness,Disgust: all,JawThrust,FEA,10,54,3,0.028450594366901526,0.03868223588235398,-0.010231641515452451,-0.15064864168367353,,,,,0.15064864168367353
Disgust__Happiness,Disgust,Happiness,Disgust: all,LidTightenerL,FEA,10,54,3,0.41423456776887174,0.2981366222858074,0.11609794548306435,0.6450571248840755,,,,,0.6450571248840755
Disgust__Happiness,Disgust,Happiness,Disgust: all,LidTightenerR,FEA,10,54,3,0.4033475454489128,0.2799414716760359,0.12340607377287693,0.6563287560188866,,,,,0.6563287560188866
Disgust__Happiness,Disgust,Happiness,Disgust: all,LipCornerDepressorL,FEA,10,54,3,0.015781190644047406,0.11643143957419168,-0.10065024893014426,-0.6042047730771802,,,,,0.6042047730771802
Disgust__Happiness,Disgust,Happiness,Disgust: all,LipCornerDepressorR,FEA,10,54,3,0.004625216815712685,0.09825104920742044,-0.09362583239170776,-0.5794013186138509,,,,,0.5794013186138509
Disgust__Happiness,Disgust,Happiness,Disgust: all,LipCornerPullerL,FEA,10,54,3,0.39037639480705055,0.12403860629879152,0.26633778850825907,1.1799244662486579,,,,,1.1799244662486579
Disgust__Happiness,Disgust,Happiness,Disgust: all,LipCornerPullerR,FEA,10,54,3,0.3946217119573533,0.12564717712488532,0.26897453483246797,1.16499950961498,,,,,1.16499950961498
Disgust__Happiness,Disgust,Happiness,Disgust: all,LipFunnelerLB,FEA,10,54,3,3.876847898070685e-32,0.0011374386064590776,-0.0011374386064590776,-0.022691517980445237,,,,,0.022691517980445237
Disgust__Happiness,Disgust,Happiness,Disgust: all,LipFunnelerLT,FEA,10,54,3,0.003363830727153994,0.0037054494070433144,-0.0003416186798893203,-0.00844489261495427,,,,,0.00844489261495427
Disgust__Happiness,Disgust,Happiness,Disgust: all,LipFunnelerRB,FEA,10,54,3,2.7190276841105777e-32,0.0011489397558673703,-0.0011489397558673703,-0.023131690495209984,,,,,0.023131690495209984
Disgust__Happiness,Disgust,Happiness,Disgust: all,LipFunnelerRT,FEA,10,54,3,0.001166349934277648,0.002962436235970985,-0.001796086301693337,-0.044303890007329066,,,,,0.044303890007329066
Disgust__Happiness,Disgust,Happiness,Disgust: all,LipPressorL,FEA,10,54,3,0.001268604351037805,0.018620562339771538,-0.01735195798873373,-0.39163368938085696,,,,,0.39163368938085696
Disgust__Happiness,Disgust,Happiness,Disgust: all,LipPressorR,FEA,10,54,3,0.001539974679596681,0.01871404361769316,-0.01717406893809648,-0.38477459795174335,,,,,0.38477459795174335
Disgust__Happiness,Disgust,Happiness,Disgust: all,LipPuckerL,FEA,10,54,3,0.0048579895558764005,0.04466690239111557,-0.03980891283523917,-0.3688880681145639,,,,,0.3688880681145639
Disgust__Happiness,Disgust,Happiness,Disgust: all,LipPuckerR,FEA,10,54,3,0.0034431990722452385,0.04324851318067585,-0.03980531410843061,-0.37126957388765625,,,,,0.37126957388765625
Disgust__Happiness,Disgust,Happiness,Disgust: all,LipStretcherL,FEA,10,54,3,0.08397936814776506,0.10378531040281726,-0.019805942255052195,-0.18367722956286398,,,,,0.18367722956286398
Disgust__Happiness,Disgust,Happiness,Disgust: all,LipStretcherR,FEA,10,54,3,0.0909071003521253,0.1078616965191718,-0.01695459616704649,-0.1493196224045569,,,,,0.1493196224045569
Disgust__Happiness,Disgust,Happiness,Disgust: all,LipSuckLB,FEA,10,54,3,0.20081711565354982,0.1284654985704303,0.07235161708311952,0.617061795160363,,,,,0.617061795160363
Disgust__Happiness,Disgust,Happiness,Disgust: all,LipSuckLT,FEA,10,54,3,0.14356537082054996,0.06836339055219018,0.07520198026835978,1.0388042418630803,,,,,1.0388042418630803
Disgust__Happiness,Disgust,Happiness,Disgust: all,LipSuckRB,FEA,10,54,3,0.16492937692580167,0.11156187647240445,0.05336750045339722,0.5122293916651175,,,,,0.5122293916651175
Disgust__Happiness,Disgust,Happiness,Disgust: all,LipSuckRT,FEA,10,54,3,0.13035536817310373,0.059501595236439185,0.07085377293666453,1.0507438035148924,,,,,1.0507438035148924
Disgust__Happiness,Disgust,Happiness,Disgust: all,LipTightenerL,FEA,10,54,3,0.00043062046723133863,0.01078156466892883,-0.010350944201697491,-0.17563462962001872,,,,,0.17563462962001872
Disgust__Happiness,Disgust,Happiness,Disgust: all,LipTightenerR,FEA,10,54,3,0.00045984357146651705,0.009758413720604316,-0.009298570149137798,-0.16413592185632359,,,,,0.16413592185632359
Disgust__Happiness,Disgust,Happiness,Disgust: all,LipsToward,FEA,10,54,3,0.02034847178438208,0.04191319725471171,-0.02156472547032963,-0.5108009637520651,,,,,0.5108009637520651
Disgust__Happiness,Disgust,Happiness,Disgust: all,LowerLipDepressorL,FEA,10,54,3,0.2046511470681683,0.13410445371033966,0.07054669335782865,0.5894774382462922,,,,,0.5894774382462922
Disgust__Happiness,Disgust,Happiness,Disgust: all,LowerLipDepressorR,FEA,10,54,3,0.19154969164015218,0.13049145148914582,0.06105824015100636,0.5231993409421306,,,,,0.5231993409421306
Disgust__Happiness,Disgust,Happiness,Disgust: all,MouthLeft,FEA,10,54,3,0.0034878017324882133,0.009755599564349559,-0.006267797831861346,-0.5252311758758599,,,,,0.5252311758758599
Disgust__Happiness,Disgust,Happiness,Disgust: all,MouthRight,FEA,10,54,3,0.0006064735073310825,0.005664014670412648,-0.005057541163081566,-0.695669812490943,,,,,0.695669812490943
Disgust__Happiness,Disgust,Happiness,Disgust: all,NoseWrinklerL,FEA,10,54,3,0.0760312637844746,0.24080601683053532,-0.1647747530460607,-0.9545295392235399,,,,,0.9545295392235399
Disgust__Happiness,Disgust,Happiness,Disgust: all,NoseWrinklerR,FEA,10,54,3,0.06205011203853987,0.24070146386259614,-0.17865135182405628,-1.0195969988438411,,,,,1.0195969988438411
Disgust__Happiness,Disgust,Happiness,Disgust: all,OuterBrowRaiserL,FEA,10,54,3,0.009790236839634337,0.0349691367786915,-0.025178899939057163,-0.16056517163124068,,,,,0.16056517163124068
Disgust__Happiness,Disgust,Happiness,Disgust: all,OuterBrowRaiserR,FEA,10,54,3,0.006773957171030897,0.03907723090189351,-0.032303273730862614,-0.20162382951735294,,,,,0.20162382951735294
Disgust__Happiness,Disgust,Happiness,Disgust: all,UpperLidRaiserL,FEA,10,54,3,0.014574944401338405,0.06525532418534884,-0.05068037978401043,-0.28318588734488886,,,,,0.28318588734488886
Disgust__Happiness,Disgust,Happiness,Disgust: all,UpperLidRaiserR,FEA,10,54,3,0.042229246507030645,0.07977094952988822,-0.03754170302285758,-0.17447522253906844,,,,,0.17447522253906844
Disgust__Happiness,Disgust,Happiness,Disgust: all,UpperLipRaiserL,FEA,10,54,3,0.33382173375536994,0.27941785154940696,0.05440388220596298,0.2966526753007755,,,,,0.2966526753007755
Disgust__Happiness,Disgust,Happiness,Disgust: all,UpperLipRaiserR,FEA,10,54,3,0.3352832941152155,0.29346367233183784,0.04181962178337767,0.21796568875276803,,,,,0.21796568875276803
Disgust__Happiness,Disgust,Happiness,Disgust: all,AU1,AU-related group,10,54,3,0.025908400458729754,0.04155543173790027,-0.01564703127917052,-0.1009358276414506,,,,,0.1009358276414506
Disgust__Happiness,Disgust,Happiness,Disgust: all,AU2,AU-related group,10,54,3,0.008282097005332617,0.03702318384029251,-0.028741086834959892,-0.18185413866717984,,,,,0.18185413866717984
Disgust__Happiness,Disgust,Happiness,Disgust: all,AU4,AU-related group,10,54,3,0.18015361971784535,0.1949806441540615,-0.01482702443621614,-0.10385024743200026,,,,,0.10385024743200026
Disgust__Happiness,Disgust,Happiness,Disgust: all,AU5,AU-related group,10,54,3,0.02840209545418451,0.07251313685761855,-0.04411104140343404,-0.23539463392216287,,,,,0.23539463392216287
Disgust__Happiness,Disgust,Happiness,Disgust: all,AU6,AU-related group,10,54,3,0.5133754869829863,0.27803120916896373,0.23534427781402256,1.1211286485149694,,,,,1.1211286485149694
Disgust__Happiness,Disgust,Happiness,Disgust: all,AU7,AU-related group,10,54,3,0.4087910566088923,0.28903904698092164,0.11975200962797067,0.681719404238869,,,,,0.681719404238869
Disgust__Happiness,Disgust,Happiness,Disgust: all,AU8,AU-related group,10,54,3,0.02034847178438208,0.04191319725471171,-0.02156472547032963,-0.5108009637520651,,,,,0.5108009637520651
Disgust__Happiness,Disgust,Happiness,Disgust: all,AU9,AU-related group,10,54,3,0.06904068791150725,0.24075374034656574,-0.1717130524350585,-0.9877170076177659,,,,,0.9877170076177659
Disgust__Happiness,Disgust,Happiness,Disgust: all,AU10,AU-related group,10,54,3,0.33455251393529273,0.2864407619406224,0.048111751994670326,0.25679287492618585,,,,,0.25679287492618585
Disgust__Happiness,Disgust,Happiness,Disgust: all,AU12,AU-related group,10,54,3,0.3924990533822019,0.12484289171183839,0.26765616167036355,1.1725345012015844,,,,,1.1725345012015844
Disgust__Happiness,Disgust,Happiness,Disgust: all,AU14,AU-related group,10,54,3,0.244911090065901,0.10329093525699384,0.14162015480890716,1.241817375163236,,,,,1.241817375163236
Disgust__Happiness,Disgust,Happiness,Disgust: all,AU15,AU-related group,10,54,3,0.010203203729880043,0.10734124439080601,-0.09713804066092598,-0.5922480523201702,,,,,0.5922480523201702
Disgust__Happiness,Disgust,Happiness,Disgust: all,AU16,AU-related group,10,54,3,0.19810041935416023,0.13229795259974272,0.0658024667544175,0.5568841354211704,,,,,0.5568841354211704
Disgust__Happiness,Disgust,Happiness,Disgust: all,AU17,AU-related group,10,54,3,0.061614286045370004,0.14188659163465203,-0.08027230558928203,-0.41289798934465755,,,,,0.41289798934465755
Disgust__Happiness,Disgust,Happiness,Disgust: all,AU18,AU-related group,10,54,3,0.0041505943140608195,0.04395770778589572,-0.0398071134718349,-0.37016636098954,,,,,0.37016636098954
Disgust__Happiness,Disgust,Happiness,Disgust: all,AU20,AU-related group,10,54,3,0.08744323424994518,0.10582350346099456,-0.018380269211049377,-0.16612039570773685,,,,,0.16612039570773685
Disgust__Happiness,Disgust,Happiness,Disgust: all,AU22,AU-related group,10,54,3,0.0011325451653579105,0.0022385660013351867,-0.0011060208359772762,-0.026258016458993158,,,,,0.026258016458993158
Disgust__Happiness,Disgust,Happiness,Disgust: all,AU23,AU-related group,10,54,3,0.00044523201934892784,0.010269989194766573,-0.009824757175417646,-0.1702763152045176,,,,,0.1702763152045176
Disgust__Happiness,Disgust,Happiness,Disgust: all,AU24,AU-related group,10,54,3,0.0014042895153172428,0.018667302978732352,-0.01726301346341511,-0.3882575135356315,,,,,0.3882575135356315
Disgust__Happiness,Disgust,Happiness,Disgust: all,AU26,AU-related group,10,54,3,0.1579529282418904,0.10876266707982257,0.049190261162067817,0.2754982982342111,,,,,0.2754982982342111
Disgust__Happiness,Disgust,Happiness,Disgust: all,AU28,AU-related group,10,54,3,0.1599168078932513,0.09197309020786604,0.06794371768538526,0.8395169140635528,,,,,0.8395169140635528
Disgust__Happiness,Disgust,Happiness,Disgust: all,AU43,AU-related group,10,54,3,0.09030567607419171,0.08112281905180335,0.009182857022388358,0.08787699970666064,,,,,0.08787699970666064
Disgust__Happiness,Disgust,Happiness,Happiness: correct,BrowLowererL,FEA,10,54,3,0.19787755426097037,0.0401343979717335,0.15774315628923685,1.0792423089037078,,,,,1.0792423089037078
Disgust__Happiness,Disgust,Happiness,Happiness: correct,BrowLowererR,FEA,10,54,3,0.1624296851747203,0.030609654324926926,0.13182003084979338,0.9336027186426966,,,,,0.9336027186426966
Disgust__Happiness,Disgust,Happiness,Happiness: correct,CheekPuffL,FEA,10,54,3,1.0165244371577171e-19,3.918751895460968e-05,-3.918751895460958e-05,-0.004124831922998126,,,,,0.004124831922998126
Disgust__Happiness,Disgust,Happiness,Happiness: correct,CheekPuffR,FEA,10,54,3,0.001252313571009756,0.0004681795873152672,0.0007841339836944889,0.07367746645813317,,,,,0.07367746645813317
Disgust__Happiness,Disgust,Happiness,Happiness: correct,CheekRaiserL,FEA,10,54,3,0.5265626699943096,0.44623198611766307,0.08033068387664649,0.3764127886691781,,,,,0.3764127886691781
Disgust__Happiness,Disgust,Happiness,Happiness: correct,CheekRaiserR,FEA,10,54,3,0.5001883039716633,0.43484947832357496,0.0653388256480883,0.31547696351622495,,,,,0.31547696351622495
Disgust__Happiness,Disgust,Happiness,Happiness: correct,CheekSuckL,FEA,10,54,3,0.00013214200174843223,5.718249835638568e-09,0.0001321362834985966,0.014207740202634881,,,,,0.014207740202634881
Disgust__Happiness,Disgust,Happiness,Happiness: correct,CheekSuckR,FEA,10,54,3,7.006492321624085e-46,2.6657177958763563e-08,-2.6657177958763563e-08,-3.4112312088545755e-06,,,,,3.4112312088545755e-06
Disgust__Happiness,Disgust,Happiness,Happiness: correct,ChinRaiserB,FEA,10,54,3,0.02142994231629033,0.026908567400396138,-0.0054786250841058065,-0.02663093737475634,,,,,0.02663093737475634
Disgust__Happiness,Disgust,Happiness,Happiness: correct,ChinRaiserT,FEA,10,54,3,0.10179862977444969,0.108763430574582,-0.006964800800132315,-0.0368053117249052,,,,,0.0368053117249052
Disgust__Happiness,Disgust,Happiness,Happiness: correct,DimplerL,FEA,10,54,3,0.24717078656917613,0.2612629382732594,-0.014092151704083289,-0.1232205188201464,,,,,0.1232205188201464
Disgust__Happiness,Disgust,Happiness,Happiness: correct,DimplerR,FEA,10,54,3,0.24265139356262586,0.2643406810798648,-0.021689287517238948,-0.19054432853308748,,,,,0.19054432853308748
Disgust__Happiness,Disgust,Happiness,Happiness: correct,EyesClosedL,FEA,10,54,3,0.06196621282488455,0.00850256318692013,0.05346364963796442,0.4933500899974663,,,,,0.4933500899974663
Disgust__Happiness,Disgust,Happiness,Happiness: correct,EyesClosedR,FEA,10,54,3,0.11864513932349889,0.018687341569142292,0.09995779775435659,0.9472642012674232,,,,,0.9472642012674232
Disgust__Happiness,Disgust,Happiness,Happiness: correct,EyesLookDownL,FEA,10,54,3,0.04435228695919948,0.011049522682592268,0.033302764276607215,0.8741497812898148,,,,,0.8741497812898148
Disgust__Happiness,Disgust,Happiness,Happiness: correct,EyesLookDownR,FEA,10,54,3,0.06552638991270213,0.01430572802461091,0.05122066188809121,1.1358269760464903,,,,,1.1358269760464903
Disgust__Happiness,Disgust,Happiness,Happiness: correct,EyesLookLeftL,FEA,10,54,3,0.02166157235148905,0.060349583459187485,-0.038688011107698435,-0.4766200355195474,,,,,0.4766200355195474
Disgust__Happiness,Disgust,Happiness,Happiness: correct,EyesLookLeftR,FEA,10,54,3,0.0581013458695573,0.11114809270233146,-0.05304674683277416,-0.4960785151627854,,,,,0.4960785151627854
Disgust__Happiness,Disgust,Happiness,Happiness: correct,EyesLookRightL,FEA,10,54,3,0.09362397911337512,0.07184653655050267,0.02177744256287245,0.23620140661576008,,,,,0.23620140661576008
Disgust__Happiness,Disgust,Happiness,Happiness: correct,EyesLookRightR,FEA,10,54,3,0.04382642130057015,0.03634323416289263,0.0074831871376775175,0.11270684053294396,,,,,0.11270684053294396
Disgust__Happiness,Disgust,Happiness,Happiness: correct,EyesLookUpL,FEA,10,54,3,0.07379989164857154,0.08420309690617736,-0.010403205257605824,-0.10029419199295328,,,,,0.10029419199295328
Disgust__Happiness,Disgust,Happiness,Happiness: correct,EyesLookUpR,FEA,10,54,3,0.07406200415580919,0.08416119565663394,-0.01009919150082475,-0.09721894493077084,,,,,0.09721894493077084
Disgust__Happiness,Disgust,Happiness,Happiness: correct,InnerBrowRaiserL,FEA,10,54,3,0.03188427710722157,0.038333600584075186,-0.006449323476853619,-0.04199809353133364,,,,,0.04199809353133364
Disgust__Happiness,Disgust,Happiness,Happiness: correct,InnerBrowRaiserR,FEA,10,54,3,0.01993252381023793,0.04732493757366336,-0.027392413763425428,-0.1742920127757239,,,,,0.1742920127757239
Disgust__Happiness,Disgust,Happiness,Happiness: correct,JawDrop,FEA,10,54,3,0.1579529282418904,0.08622985129238202,0.07172307694950837,0.4016971078606141,,,,,0.4016971078606141
Disgust__Happiness,Disgust,Happiness,Happiness: correct,JawSidewaysLeft,FEA,10,54,3,0.0020594138052363944,0.0016102913141820801,0.00044912249105431433,0.021079063412993277,,,,,0.021079063412993277
Disgust__Happiness,Disgust,Happiness,Happiness: correct,JawSidewaysRight,FEA,10,54,3,0.0064108628598636835,0.0070965104685830225,-0.000685647608719339,-0.025242308627634172,,,,,0.025242308627634172
Disgust__Happiness,Disgust,Happiness,Happiness: correct,JawThrust,FEA,10,54,3,0.028450594366901526,0.018395799434197137,0.010054794932704388,0.1480447879973262,,,,,0.1480447879973262
Disgust__Happiness,Disgust,Happiness,Happiness: correct,LidTightenerL,FEA,10,54,3,0.41423456776887174,0.25828635632148084,0.1559482114473909,0.8664710171097912,,,,,0.8664710171097912
Disgust__Happiness,Disgust,Happiness,Happiness: correct,LidTightenerR,FEA,10,54,3,0.4033475454489128,0.2551019273728762,0.14824561807603664,0.7884365746548928,,,,,0.7884365746548928
Disgust__Happiness,Disgust,Happiness,Happiness: correct,LipCornerDepressorL,FEA,10,54,3,0.015781190644047406,0.013155509647920711,0.002625680996126695,0.01576199768307439,,,,,0.01576199768307439
Disgust__Happiness,Disgust,Happiness,Happiness: correct,LipCornerDepressorR,FEA,10,54,3,0.004625216815712685,0.010825344423753023,-0.006200127608040338,-0.03836934764588412,,,,,0.03836934764588412
Disgust__Happiness,Disgust,Happiness,Happiness: correct,LipCornerPullerL,FEA,10,54,3,0.39037639480705055,0.5638468829400299,-0.17347048813297938,-0.7685055668090174,,,,,0.7685055668090174
Disgust__Happiness,Disgust,Happiness,Happiness: correct,LipCornerPullerR,FEA,10,54,3,0.3946217119573533,0.5786678711919011,-0.1840461592345478,-0.7971523601233004,,,,,0.7971523601233004
Disgust__Happiness,Disgust,Happiness,Happiness: correct,LipFunnelerLB,FEA,10,54,3,3.876847898070685e-32,4.936081126772768e-09,-4.936081126772768e-09,-9.847315978643144e-08,,,,,9.847315978643144e-08
Disgust__Happiness,Disgust,Happiness,Happiness: correct,LipFunnelerLT,FEA,10,54,3,0.003363830727153994,0.0009620250372259444,0.0024018056899280495,0.05937319100934391,,,,,0.05937319100934391
Disgust__Happiness,Disgust,Happiness,Happiness: correct,LipFunnelerRB,FEA,10,54,3,2.7190276841105777e-32,1.4360893328356138e-05,-1.4360893328356138e-05,-0.000289128945194762,,,,,0.000289128945194762
Disgust__Happiness,Disgust,Happiness,Happiness: correct,LipFunnelerRT,FEA,10,54,3,0.001166349934277648,0.0002537422950951208,0.0009126076391825272,0.02251120585245368,,,,,0.02251120585245368
Disgust__Happiness,Disgust,Happiness,Happiness: correct,LipPressorL,FEA,10,54,3,0.001268604351037805,4.03138603289666e-05,0.0012282904907088383,0.027722516203650037,,,,,0.027722516203650037
Disgust__Happiness,Disgust,Happiness,Happiness: correct,LipPressorR,FEA,10,54,3,0.001539974679596681,0.0011243130255077496,0.00041566165408893135,0.00931264724815714,,,,,0.00931264724815714
Disgust__Happiness,Disgust,Happiness,Happiness: correct,LipPuckerL,FEA,10,54,3,0.0048579895558764005,0.002996341461332872,0.0018616480945435284,0.01725090489025899,,,,,0.01725090489025899
Disgust__Happiness,Disgust,Happiness,Happiness: correct,LipPuckerR,FEA,10,54,3,0.0034431990722452385,0.0023661021756901687,0.0010770968965550698,0.010046229122332736,,,,,0.010046229122332736
Disgust__Happiness,Disgust,Happiness,Happiness: correct,LipStretcherL,FEA,10,54,3,0.08397936814776506,0.1267818891165058,-0.04280252096874075,-0.39694392564631736,,,,,0.39694392564631736
Disgust__Happiness,Disgust,Happiness,Happiness: correct,LipStretcherR,FEA,10,54,3,0.0909071003521253,0.13289521676764465,-0.04198811641551935,-0.3697905645685518,,,,,0.3697905645685518
Disgust__Happiness,Disgust,Happiness,Happiness: correct,LipSuckLB,FEA,10,54,3,0.20081711565354982,0.24228272989299138,-0.04146561423944156,-0.35364581182231286,,,,,0.35364581182231286
Disgust__Happiness,Disgust,Happiness,Happiness: correct,LipSuckLT,FEA,10,54,3,0.14356537082054996,0.1359407163446484,0.007624654475901549,0.10532333568933029,,,,,0.10532333568933029
Disgust__Happiness,Disgust,Happiness,Happiness: correct,LipSuckRB,FEA,10,54,3,0.16492937692580167,0.19223415828366416,-0.02730478135786249,-0.26207544714784586,,,,,0.26207544714784586
Disgust__Happiness,Disgust,Happiness,Happiness: correct,LipSuckRT,FEA,10,54,3,0.13035536817310373,0.12713040964365813,0.0032249585294455985,0.047825331679041315,,,,,0.047825331679041315
Disgust__Happiness,Disgust,Happiness,Happiness: correct,LipTightenerL,FEA,10,54,3,0.00043062046723133863,0.0009832878754531481,-0.0005526674082218095,-0.009377650352918985,,,,,0.009377650352918985
Disgust__Happiness,Disgust,Happiness,Happiness: correct,LipTightenerR,FEA,10,54,3,0.00045984357146651705,0.0010172310635292864,-0.0005573874920627693,-0.00983885784304052,,,,,0.00983885784304052
Disgust__Happiness,Disgust,Happiness,Happiness: correct,LipsToward,FEA,10,54,3,0.02034847178438208,0.032669016816944466,-0.012320545032562386,-0.2918352141900644,,,,,0.2918352141900644
Disgust__Happiness,Disgust,Happiness,Happiness: correct,LowerLipDepressorL,FEA,10,54,3,0.2046511470681683,0.16700282337968814,0.03764832368848017,0.31458366573732155,,,,,0.31458366573732155
Disgust__Happiness,Disgust,Happiness,Happiness: correct,LowerLipDepressorR,FEA,10,54,3,0.19154969164015218,0.16134597243128176,0.03020371920887041,0.2588113569110411,,,,,0.2588113569110411
Disgust__Happiness,Disgust,Happiness,Happiness: correct,MouthLeft,FEA,10,54,3,0.0034878017324882133,0.007159638523432539,-0.0036718367909443256,-0.3076938993673967,,,,,0.3076938993673967
Disgust__Happiness,Disgust,Happiness,Happiness: correct,MouthRight,FEA,10,54,3,0.0006064735073310825,0.0022894262370890713,-0.0016829527297579888,-0.23149182027190923,,,,,0.23149182027190923
Disgust__Happiness,Disgust,Happiness,Happiness: correct,NoseWrinklerL,FEA,10,54,3,0.0760312637844746,0.009612272926248082,0.06641899085822651,0.38476093920694937,,,,,0.38476093920694937
Disgust__Happiness,Disgust,Happiness,Happiness: correct,NoseWrinklerR,FEA,10,54,3,0.06205011203853987,0.0033470549814865686,0.0587030570570533,0.3350294312761576,,,,,0.3350294312761576
Disgust__Happiness,Disgust,Happiness,Happiness: correct,OuterBrowRaiserL,FEA,10,54,3,0.009790236839634337,0.050006969828956305,-0.04021673298932197,-0.256461030883308,,,,,0.256461030883308
Disgust__Happiness,Disgust,Happiness,Happiness: correct,OuterBrowRaiserR,FEA,10,54,3,0.006773957171030897,0.05343153223042745,-0.04665757505939656,-0.29121751057946604,,,,,0.29121751057946604
Disgust__Happiness,Disgust,Happiness,Happiness: correct,UpperLidRaiserL,FEA,10,54,3,0.014574944401338405,0.034327000879855976,-0.01975205647851757,-0.1103682266114371,,,,,0.1103682266114371
Disgust__Happiness,Disgust,Happiness,Happiness: correct,UpperLidRaiserR,FEA,10,54,3,0.042229246507030645,0.08343510837128953,-0.04120586186425889,-0.19150441615031039,,,,,0.19150441615031039
Disgust__Happiness,Disgust,Happiness,Happiness: correct,UpperLipRaiserL,FEA,10,54,3,0.33382173375536994,0.29253935144270415,0.04128238231266579,0.22510395691025575,,,,,0.22510395691025575
Disgust__Happiness,Disgust,Happiness,Happiness: correct,UpperLipRaiserR,FEA,10,54,3,0.3352832941152155,0.28540303344918233,0.04988026066603318,0.2599780894135434,,,,,0.2599780894135434
Disgust__Happiness,Disgust,Happiness,Happiness: correct,AU1,AU-related group,10,54,3,0.025908400458729754,0.042829269078869275,-0.01692086862013952,-0.10915309416295699,,,,,0.10915309416295699
Disgust__Happiness,Disgust,Happiness,Happiness: correct,AU2,AU-related group,10,54,3,0.008282097005332617,0.051719251029691875,-0.043437154024359256,-0.2748409020373255,,,,,0.2748409020373255
Disgust__Happiness,Disgust,Happiness,Happiness: correct,AU4,AU-related group,10,54,3,0.18015361971784535,0.03537202614833021,0.14478159356951514,1.014067548109507,,,,,1.014067548109507
Disgust__Happiness,Disgust,Happiness,Happiness: correct,AU5,AU-related group,10,54,3,0.02840209545418451,0.05888105462557277,-0.030478959171388258,-0.1626482442538513,,,,,0.1626482442538513
Disgust__Happiness,Disgust,Happiness,Happiness: correct,AU6,AU-related group,10,54,3,0.5133754869829863,0.440540732220619,0.07283475476236728,0.34696883616681956,,,,,0.34696883616681956
Disgust__Happiness,Disgust,Happiness,Happiness: correct,AU7,AU-related group,10,54,3,0.4087910566088923,0.2566941418471785,0.15209691476171383,0.8658511739389395,,,,,0.8658511739389395
Disgust__Happiness,Disgust,Happiness,Happiness: correct,AU8,AU-related group,10,54,3,0.02034847178438208,0.032669016816944466,-0.012320545032562386,-0.2918352141900644,,,,,0.2918352141900644
Disgust__Happiness,Disgust,Happiness,Happiness: correct,AU9,AU-related group,10,54,3,0.06904068791150725,0.0064796639538673255,0.06256102395763992,0.3598595826040265,,,,,0.3598595826040265
Disgust__Happiness,Disgust,Happiness,Happiness: correct,AU10,AU-related group,10,54,3,0.33455251393529273,0.2889711924459432,0.04558132148934951,0.24328689151626479,,,,,0.24328689151626479
Disgust__Happiness,Disgust,Happiness,Happiness: correct,AU12,AU-related group,10,54,3,0.3924990533822019,0.5712573770659657,-0.17875832368376376,-0.7830953735124921,,,,,0.7830953735124921
Disgust__Happiness,Disgust,Happiness,Happiness: correct,AU14,AU-related group,10,54,3,0.244911090065901,0.2628018096765622,-0.017890719610661188,-0.15687743384174985,,,,,0.15687743384174985
Disgust__Happiness,Disgust,Happiness,Happiness: correct,AU15,AU-related group,10,54,3,0.010203203729880043,0.011990427035836868,-0.001787223305956825,-0.010896652998271989,,,,,0.010896652998271989
Disgust__Happiness,Disgust,Happiness,Happiness: correct,AU16,AU-related group,10,54,3,0.19810041935416023,0.16417439790548494,0.03392602144867529,0.28711481582044635,,,,,0.28711481582044635
Disgust__Happiness,Disgust,Happiness,Happiness: correct,AU17,AU-related group,10,54,3,0.061614286045370004,0.06783599898748907,-0.0062217129421190676,-0.032002728029573387,,,,,0.032002728029573387
Disgust__Happiness,Disgust,Happiness,Happiness: correct,AU18,AU-related group,10,54,3,0.0041505943140608195,0.002681221818511521,0.0014693724955492987,0.013663695309142226,,,,,0.013663695309142226
Disgust__Happiness,Disgust,Happiness,Happiness: correct,AU20,AU-related group,10,54,3,0.08744323424994518,0.12983855294207522,-0.042395318692130035,-0.3831677891343664,,,,,0.3831677891343664
Disgust__Happiness,Disgust,Happiness,Happiness: correct,AU22,AU-related group,10,54,3,0.0011325451653579105,0.00030753329043263706,0.0008250118749252735,0.019586588865218916,,,,,0.019586588865218916
Disgust__Happiness,Disgust,Happiness,Happiness: correct,AU23,AU-related group,10,54,3,0.00044523201934892784,0.0010002594694912175,-0.0005550274501422896,-0.009619375559128838,,,,,0.009619375559128838
Disgust__Happiness,Disgust,Happiness,Happiness: correct,AU24,AU-related group,10,54,3,0.0014042895153172428,0.0005823134429183582,0.0008219760723988846,0.01848682947109517,,,,,0.01848682947109517
Disgust__Happiness,Disgust,Happiness,Happiness: correct,AU26,AU-related group,10,54,3,0.1579529282418904,0.08622985129238202,0.07172307694950837,0.4016971078606141,,,,,0.4016971078606141
Disgust__Happiness,Disgust,Happiness,Happiness: correct,AU28,AU-related group,10,54,3,0.1599168078932513,0.1743970035412405,-0.014480195647989191,-0.17891822201614993,,,,,0.17891822201614993
Disgust__Happiness,Disgust,Happiness,Happiness: correct,AU43,AU-related group,10,54,3,0.09030567607419171,0.013594952378031211,0.0767107236961605,0.7340970492418639,,,,,0.7340970492418639
Disgust__Happiness,Disgust,Happiness,Happiness: all,BrowLowererL,FEA,10,54,3,0.19787755426097037,0.0401343979717335,0.15774315628923685,1.0792423089037078,,,,,1.0792423089037078
Disgust__Happiness,Disgust,Happiness,Happiness: all,BrowLowererR,FEA,10,54,3,0.1624296851747203,0.030609654324926926,0.13182003084979338,0.9336027186426966,,,,,0.9336027186426966
Disgust__Happiness,Disgust,Happiness,Happiness: all,CheekPuffL,FEA,10,54,3,1.0165244371577171e-19,3.918751895460968e-05,-3.918751895460958e-05,-0.004124831922998126,,,,,0.004124831922998126
Disgust__Happiness,Disgust,Happiness,Happiness: all,CheekPuffR,FEA,10,54,3,0.001252313571009756,0.0004681795873152672,0.0007841339836944889,0.07367746645813317,,,,,0.07367746645813317
Disgust__Happiness,Disgust,Happiness,Happiness: all,CheekRaiserL,FEA,10,54,3,0.5265626699943096,0.44623198611766307,0.08033068387664649,0.3764127886691781,,,,,0.3764127886691781
Disgust__Happiness,Disgust,Happiness,Happiness: all,CheekRaiserR,FEA,10,54,3,0.5001883039716633,0.43484947832357496,0.0653388256480883,0.31547696351622495,,,,,0.31547696351622495
Disgust__Happiness,Disgust,Happiness,Happiness: all,CheekSuckL,FEA,10,54,3,0.00013214200174843223,5.718249835638568e-09,0.0001321362834985966,0.014207740202634881,,,,,0.014207740202634881
Disgust__Happiness,Disgust,Happiness,Happiness: all,CheekSuckR,FEA,10,54,3,7.006492321624085e-46,2.6657177958763563e-08,-2.6657177958763563e-08,-3.4112312088545755e-06,,,,,3.4112312088545755e-06
Disgust__Happiness,Disgust,Happiness,Happiness: all,ChinRaiserB,FEA,10,54,3,0.02142994231629033,0.026908567400396138,-0.0054786250841058065,-0.02663093737475634,,,,,0.02663093737475634
Disgust__Happiness,Disgust,Happiness,Happiness: all,ChinRaiserT,FEA,10,54,3,0.10179862977444969,0.108763430574582,-0.006964800800132315,-0.0368053117249052,,,,,0.0368053117249052
Disgust__Happiness,Disgust,Happiness,Happiness: all,DimplerL,FEA,10,54,3,0.24717078656917613,0.2612629382732594,-0.014092151704083289,-0.1232205188201464,,,,,0.1232205188201464
Disgust__Happiness,Disgust,Happiness,Happiness: all,DimplerR,FEA,10,54,3,0.24265139356262586,0.2643406810798648,-0.021689287517238948,-0.19054432853308748,,,,,0.19054432853308748
Disgust__Happiness,Disgust,Happiness,Happiness: all,EyesClosedL,FEA,10,54,3,0.06196621282488455,0.00850256318692013,0.05346364963796442,0.4933500899974663,,,,,0.4933500899974663
Disgust__Happiness,Disgust,Happiness,Happiness: all,EyesClosedR,FEA,10,54,3,0.11864513932349889,0.018687341569142292,0.09995779775435659,0.9472642012674232,,,,,0.9472642012674232
Disgust__Happiness,Disgust,Happiness,Happiness: all,EyesLookDownL,FEA,10,54,3,0.04435228695919948,0.011049522682592268,0.033302764276607215,0.8741497812898148,,,,,0.8741497812898148
Disgust__Happiness,Disgust,Happiness,Happiness: all,EyesLookDownR,FEA,10,54,3,0.06552638991270213,0.01430572802461091,0.05122066188809121,1.1358269760464903,,,,,1.1358269760464903
Disgust__Happiness,Disgust,Happiness,Happiness: all,EyesLookLeftL,FEA,10,54,3,0.02166157235148905,0.060349583459187485,-0.038688011107698435,-0.4766200355195474,,,,,0.4766200355195474
Disgust__Happiness,Disgust,Happiness,Happiness: all,EyesLookLeftR,FEA,10,54,3,0.0581013458695573,0.11114809270233146,-0.05304674683277416,-0.4960785151627854,,,,,0.4960785151627854
Disgust__Happiness,Disgust,Happiness,Happiness: all,EyesLookRightL,FEA,10,54,3,0.09362397911337512,0.07184653655050267,0.02177744256287245,0.23620140661576008,,,,,0.23620140661576008
Disgust__Happiness,Disgust,Happiness,Happiness: all,EyesLookRightR,FEA,10,54,3,0.04382642130057015,0.03634323416289263,0.0074831871376775175,0.11270684053294396,,,,,0.11270684053294396
Disgust__Happiness,Disgust,Happiness,Happiness: all,EyesLookUpL,FEA,10,54,3,0.07379989164857154,0.08420309690617736,-0.010403205257605824,-0.10029419199295328,,,,,0.10029419199295328
Disgust__Happiness,Disgust,Happiness,Happiness: all,EyesLookUpR,FEA,10,54,3,0.07406200415580919,0.08416119565663394,-0.01009919150082475,-0.09721894493077084,,,,,0.09721894493077084
Disgust__Happiness,Disgust,Happiness,Happiness: all,InnerBrowRaiserL,FEA,10,54,3,0.03188427710722157,0.038333600584075186,-0.006449323476853619,-0.04199809353133364,,,,,0.04199809353133364
Disgust__Happiness,Disgust,Happiness,Happiness: all,InnerBrowRaiserR,FEA,10,54,3,0.01993252381023793,0.04732493757366336,-0.027392413763425428,-0.1742920127757239,,,,,0.1742920127757239
Disgust__Happiness,Disgust,Happiness,Happiness: all,JawDrop,FEA,10,54,3,0.1579529282418904,0.08622985129238202,0.07172307694950837,0.4016971078606141,,,,,0.4016971078606141
Disgust__Happiness,Disgust,Happiness,Happiness: all,JawSidewaysLeft,FEA,10,54,3,0.0020594138052363944,0.0016102913141820801,0.00044912249105431433,0.021079063412993277,,,,,0.021079063412993277
Disgust__Happiness,Disgust,Happiness,Happiness: all,JawSidewaysRight,FEA,10,54,3,0.0064108628598636835,0.0070965104685830225,-0.000685647608719339,-0.025242308627634172,,,,,0.025242308627634172
Disgust__Happiness,Disgust,Happiness,Happiness: all,JawThrust,FEA,10,54,3,0.028450594366901526,0.018395799434197137,0.010054794932704388,0.1480447879973262,,,,,0.1480447879973262
Disgust__Happiness,Disgust,Happiness,Happiness: all,LidTightenerL,FEA,10,54,3,0.41423456776887174,0.25828635632148084,0.1559482114473909,0.8664710171097912,,,,,0.8664710171097912
Disgust__Happiness,Disgust,Happiness,Happiness: all,LidTightenerR,FEA,10,54,3,0.4033475454489128,0.2551019273728762,0.14824561807603664,0.7884365746548928,,,,,0.7884365746548928
Disgust__Happiness,Disgust,Happiness,Happiness: all,LipCornerDepressorL,FEA,10,54,3,0.015781190644047406,0.013155509647920711,0.002625680996126695,0.01576199768307439,,,,,0.01576199768307439
Disgust__Happiness,Disgust,Happiness,Happiness: all,LipCornerDepressorR,FEA,10,54,3,0.004625216815712685,0.010825344423753023,-0.006200127608040338,-0.03836934764588412,,,,,0.03836934764588412
Disgust__Happiness,Disgust,Happiness,Happiness: all,LipCornerPullerL,FEA,10,54,3,0.39037639480705055,0.5638468829400299,-0.17347048813297938,-0.7685055668090174,,,,,0.7685055668090174
Disgust__Happiness,Disgust,Happiness,Happiness: all,LipCornerPullerR,FEA,10,54,3,0.3946217119573533,0.5786678711919011,-0.1840461592345478,-0.7971523601233004,,,,,0.7971523601233004
Disgust__Happiness,Disgust,Happiness,Happiness: all,LipFunnelerLB,FEA,10,54,3,3.876847898070685e-32,4.936081126772768e-09,-4.936081126772768e-09,-9.847315978643144e-08,,,,,9.847315978643144e-08
Disgust__Happiness,Disgust,Happiness,Happiness: all,LipFunnelerLT,FEA,10,54,3,0.003363830727153994,0.0009620250372259444,0.0024018056899280495,0.05937319100934391,,,,,0.05937319100934391
Disgust__Happiness,Disgust,Happiness,Happiness: all,LipFunnelerRB,FEA,10,54,3,2.7190276841105777e-32,1.4360893328356138e-05,-1.4360893328356138e-05,-0.000289128945194762,,,,,0.000289128945194762
Disgust__Happiness,Disgust,Happiness,Happiness: all,LipFunnelerRT,FEA,10,54,3,0.001166349934277648,0.0002537422950951208,0.0009126076391825272,0.02251120585245368,,,,,0.02251120585245368
Disgust__Happiness,Disgust,Happiness,Happiness: all,LipPressorL,FEA,10,54,3,0.001268604351037805,4.03138603289666e-05,0.0012282904907088383,0.027722516203650037,,,,,0.027722516203650037
Disgust__Happiness,Disgust,Happiness,Happiness: all,LipPressorR,FEA,10,54,3,0.001539974679596681,0.0011243130255077496,0.00041566165408893135,0.00931264724815714,,,,,0.00931264724815714
Disgust__Happiness,Disgust,Happiness,Happiness: all,LipPuckerL,FEA,10,54,3,0.0048579895558764005,0.002996341461332872,0.0018616480945435284,0.01725090489025899,,,,,0.01725090489025899
Disgust__Happiness,Disgust,Happiness,Happiness: all,LipPuckerR,FEA,10,54,3,0.0034431990722452385,0.0023661021756901687,0.0010770968965550698,0.010046229122332736,,,,,0.010046229122332736
Disgust__Happiness,Disgust,Happiness,Happiness: all,LipStretcherL,FEA,10,54,3,0.08397936814776506,0.1267818891165058,-0.04280252096874075,-0.39694392564631736,,,,,0.39694392564631736
Disgust__Happiness,Disgust,Happiness,Happiness: all,LipStretcherR,FEA,10,54,3,0.0909071003521253,0.13289521676764465,-0.04198811641551935,-0.3697905645685518,,,,,0.3697905645685518
Disgust__Happiness,Disgust,Happiness,Happiness: all,LipSuckLB,FEA,10,54,3,0.20081711565354982,0.24228272989299138,-0.04146561423944156,-0.35364581182231286,,,,,0.35364581182231286
Disgust__Happiness,Disgust,Happiness,Happiness: all,LipSuckLT,FEA,10,54,3,0.14356537082054996,0.1359407163446484,0.007624654475901549,0.10532333568933029,,,,,0.10532333568933029
Disgust__Happiness,Disgust,Happiness,Happiness: all,LipSuckRB,FEA,10,54,3,0.16492937692580167,0.19223415828366416,-0.02730478135786249,-0.26207544714784586,,,,,0.26207544714784586
Disgust__Happiness,Disgust,Happiness,Happiness: all,LipSuckRT,FEA,10,54,3,0.13035536817310373,0.12713040964365813,0.0032249585294455985,0.047825331679041315,,,,,0.047825331679041315
Disgust__Happiness,Disgust,Happiness,Happiness: all,LipTightenerL,FEA,10,54,3,0.00043062046723133863,0.0009832878754531481,-0.0005526674082218095,-0.009377650352918985,,,,,0.009377650352918985
Disgust__Happiness,Disgust,Happiness,Happiness: all,LipTightenerR,FEA,10,54,3,0.00045984357146651705,0.0010172310635292864,-0.0005573874920627693,-0.00983885784304052,,,,,0.00983885784304052
Disgust__Happiness,Disgust,Happiness,Happiness: all,LipsToward,FEA,10,54,3,0.02034847178438208,0.032669016816944466,-0.012320545032562386,-0.2918352141900644,,,,,0.2918352141900644
Disgust__Happiness,Disgust,Happiness,Happiness: all,LowerLipDepressorL,FEA,10,54,3,0.2046511470681683,0.16700282337968814,0.03764832368848017,0.31458366573732155,,,,,0.31458366573732155
Disgust__Happiness,Disgust,Happiness,Happiness: all,LowerLipDepressorR,FEA,10,54,3,0.19154969164015218,0.16134597243128176,0.03020371920887041,0.2588113569110411,,,,,0.2588113569110411
Disgust__Happiness,Disgust,Happiness,Happiness: all,MouthLeft,FEA,10,54,3,0.0034878017324882133,0.007159638523432539,-0.0036718367909443256,-0.3076938993673967,,,,,0.3076938993673967
Disgust__Happiness,Disgust,Happiness,Happiness: all,MouthRight,FEA,10,54,3,0.0006064735073310825,0.0022894262370890713,-0.0016829527297579888,-0.23149182027190923,,,,,0.23149182027190923
Disgust__Happiness,Disgust,Happiness,Happiness: all,NoseWrinklerL,FEA,10,54,3,0.0760312637844746,0.009612272926248082,0.06641899085822651,0.38476093920694937,,,,,0.38476093920694937
Disgust__Happiness,Disgust,Happiness,Happiness: all,NoseWrinklerR,FEA,10,54,3,0.06205011203853987,0.0033470549814865686,0.0587030570570533,0.3350294312761576,,,,,0.3350294312761576
Disgust__Happiness,Disgust,Happiness,Happiness: all,OuterBrowRaiserL,FEA,10,54,3,0.009790236839634337,0.050006969828956305,-0.04021673298932197,-0.256461030883308,,,,,0.256461030883308
Disgust__Happiness,Disgust,Happiness,Happiness: all,OuterBrowRaiserR,FEA,10,54,3,0.006773957171030897,0.05343153223042745,-0.04665757505939656,-0.29121751057946604,,,,,0.29121751057946604
Disgust__Happiness,Disgust,Happiness,Happiness: all,UpperLidRaiserL,FEA,10,54,3,0.014574944401338405,0.034327000879855976,-0.01975205647851757,-0.1103682266114371,,,,,0.1103682266114371
Disgust__Happiness,Disgust,Happiness,Happiness: all,UpperLidRaiserR,FEA,10,54,3,0.042229246507030645,0.08343510837128953,-0.04120586186425889,-0.19150441615031039,,,,,0.19150441615031039
Disgust__Happiness,Disgust,Happiness,Happiness: all,UpperLipRaiserL,FEA,10,54,3,0.33382173375536994,0.29253935144270415,0.04128238231266579,0.22510395691025575,,,,,0.22510395691025575
Disgust__Happiness,Disgust,Happiness,Happiness: all,UpperLipRaiserR,FEA,10,54,3,0.3352832941152155,0.28540303344918233,0.04988026066603318,0.2599780894135434,,,,,0.2599780894135434
Disgust__Happiness,Disgust,Happiness,Happiness: all,AU1,AU-related group,10,54,3,0.025908400458729754,0.042829269078869275,-0.01692086862013952,-0.10915309416295699,,,,,0.10915309416295699
Disgust__Happiness,Disgust,Happiness,Happiness: all,AU2,AU-related group,10,54,3,0.008282097005332617,0.051719251029691875,-0.043437154024359256,-0.2748409020373255,,,,,0.2748409020373255
Disgust__Happiness,Disgust,Happiness,Happiness: all,AU4,AU-related group,10,54,3,0.18015361971784535,0.03537202614833021,0.14478159356951514,1.014067548109507,,,,,1.014067548109507
Disgust__Happiness,Disgust,Happiness,Happiness: all,AU5,AU-related group,10,54,3,0.02840209545418451,0.05888105462557277,-0.030478959171388258,-0.1626482442538513,,,,,0.1626482442538513
Disgust__Happiness,Disgust,Happiness,Happiness: all,AU6,AU-related group,10,54,3,0.5133754869829863,0.440540732220619,0.07283475476236728,0.34696883616681956,,,,,0.34696883616681956
Disgust__Happiness,Disgust,Happiness,Happiness: all,AU7,AU-related group,10,54,3,0.4087910566088923,0.2566941418471785,0.15209691476171383,0.8658511739389395,,,,,0.8658511739389395
Disgust__Happiness,Disgust,Happiness,Happiness: all,AU8,AU-related group,10,54,3,0.02034847178438208,0.032669016816944466,-0.012320545032562386,-0.2918352141900644,,,,,0.2918352141900644
Disgust__Happiness,Disgust,Happiness,Happiness: all,AU9,AU-related group,10,54,3,0.06904068791150725,0.0064796639538673255,0.06256102395763992,0.3598595826040265,,,,,0.3598595826040265
Disgust__Happiness,Disgust,Happiness,Happiness: all,AU10,AU-related group,10,54,3,0.33455251393529273,0.2889711924459432,0.04558132148934951,0.24328689151626479,,,,,0.24328689151626479
Disgust__Happiness,Disgust,Happiness,Happiness: all,AU12,AU-related group,10,54,3,0.3924990533822019,0.5712573770659657,-0.17875832368376376,-0.7830953735124921,,,,,0.7830953735124921
Disgust__Happiness,Disgust,Happiness,Happiness: all,AU14,AU-related group,10,54,3,0.244911090065901,0.2628018096765622,-0.017890719610661188,-0.15687743384174985,,,,,0.15687743384174985
Disgust__Happiness,Disgust,Happiness,Happiness: all,AU15,AU-related group,10,54,3,0.010203203729880043,0.011990427035836868,-0.001787223305956825,-0.010896652998271989,,,,,0.010896652998271989
Disgust__Happiness,Disgust,Happiness,Happiness: all,AU16,AU-related group,10,54,3,0.19810041935416023,0.16417439790548494,0.03392602144867529,0.28711481582044635,,,,,0.28711481582044635
Disgust__Happiness,Disgust,Happiness,Happiness: all,AU17,AU-related group,10,54,3,0.061614286045370004,0.06783599898748907,-0.0062217129421190676,-0.032002728029573387,,,,,0.032002728029573387
Disgust__Happiness,Disgust,Happiness,Happiness: all,AU18,AU-related group,10,54,3,0.0041505943140608195,0.002681221818511521,0.0014693724955492987,0.013663695309142226,,,,,0.013663695309142226
Disgust__Happiness,Disgust,Happiness,Happiness: all,AU20,AU-related group,10,54,3,0.08744323424994518,0.12983855294207522,-0.042395318692130035,-0.3831677891343664,,,,,0.3831677891343664
Disgust__Happiness,Disgust,Happiness,Happiness: all,AU22,AU-related group,10,54,3,0.0011325451653579105,0.00030753329043263706,0.0008250118749252735,0.019586588865218916,,,,,0.019586588865218916
Disgust__Happiness,Disgust,Happiness,Happiness: all,AU23,AU-related group,10,54,3,0.00044523201934892784,0.0010002594694912175,-0.0005550274501422896,-0.009619375559128838,,,,,0.009619375559128838
Disgust__Happiness,Disgust,Happiness,Happiness: all,AU24,AU-related group,10,54,3,0.0014042895153172428,0.0005823134429183582,0.0008219760723988846,0.01848682947109517,,,,,0.01848682947109517
Disgust__Happiness,Disgust,Happiness,Happiness: all,AU26,AU-related group,10,54,3,0.1579529282418904,0.08622985129238202,0.07172307694950837,0.4016971078606141,,,,,0.4016971078606141
Disgust__Happiness,Disgust,Happiness,Happiness: all,AU28,AU-related group,10,54,3,0.1599168078932513,0.1743970035412405,-0.014480195647989191,-0.17891822201614993,,,,,0.17891822201614993
Disgust__Happiness,Disgust,Happiness,Happiness: all,AU43,AU-related group,10,54,3,0.09030567607419171,0.013594952378031211,0.0767107236961605,0.7340970492418639,,,,,0.7340970492418639
Disgust__Happiness,Happiness,Disgust,Happiness: correct,BrowLowererL,FEA,0,54,0,,0.0401343979717335,,,0.0,,0.0,0.0,
Disgust__Happiness,Happiness,Disgust,Happiness: correct,BrowLowererR,FEA,0,54,0,,0.030609654324926926,,,0.0,,0.0,0.0,
Disgust__Happiness,Happiness,Disgust,Happiness: correct,CheekPuffL,FEA,0,54,0,,3.918751895460968e-05,,,0.0,,0.0,0.0,
Disgust__Happiness,Happiness,Disgust,Happiness: correct,CheekPuffR,FEA,0,54,0,,0.0004681795873152672,,,0.0,,0.0,0.0,
Disgust__Happiness,Happiness,Disgust,Happiness: correct,CheekRaiserL,FEA,0,54,0,,0.44623198611766307,,,0.0,,0.0,0.0,
Disgust__Happiness,Happiness,Disgust,Happiness: correct,CheekRaiserR,FEA,0,54,0,,0.43484947832357496,,,0.0,,0.0,0.0,
Disgust__Happiness,Happiness,Disgust,Happiness: correct,CheekSuckL,FEA,0,54,0,,5.718249835638568e-09,,,0.0,,0.0,0.0,
Disgust__Happiness,Happiness,Disgust,Happiness: correct,CheekSuckR,FEA,0,54,0,,2.6657177958763563e-08,,,0.0,,0.0,0.0,
Disgust__Happiness,Happiness,Disgust,Happiness: correct,ChinRaiserB,FEA,0,54,0,,0.026908567400396138,,,0.0,,0.0,0.0,
Disgust__Happiness,Happiness,Disgust,Happiness: correct,ChinRaiserT,FEA,0,54,0,,0.108763430574582,,,0.0,,0.0,0.0,
Disgust__Happiness,Happiness,Disgust,Happiness: correct,DimplerL,FEA,0,54,0,,0.2612629382732594,,,0.0,,0.0,0.0,
Disgust__Happiness,Happiness,Disgust,Happiness: correct,DimplerR,FEA,0,54,0,,0.2643406810798648,,,0.0,,0.0,0.0,
Disgust__Happiness,Happiness,Disgust,Happiness: correct,EyesClosedL,FEA,0,54,0,,0.00850256318692013,,,0.0,,0.0,0.0,
Disgust__Happiness,Happiness,Disgust,Happiness: correct,EyesClosedR,FEA,0,54,0,,0.018687341569142292,,,0.0,,0.0,0.0,
Disgust__Happiness,Happiness,Disgust,Happiness: correct,EyesLookDownL,FEA,0,54,0,,0.011049522682592268,,,0.0,,0.0,0.0,
Disgust__Happiness,Happiness,Disgust,Happiness: correct,EyesLookDownR,FEA,0,54,0,,0.01430572802461091,,,0.0,,0.0,0.0,
Disgust__Happiness,Happiness,Disgust,Happiness: correct,EyesLookLeftL,FEA,0,54,0,,0.060349583459187485,,,0.0,,0.0,0.0,
Disgust__Happiness,Happiness,Disgust,Happiness: correct,EyesLookLeftR,FEA,0,54,0,,0.11114809270233146,,,0.0,,0.0,0.0,
Disgust__Happiness,Happiness,Disgust,Happiness: correct,EyesLookRightL,FEA,0,54,0,,0.07184653655050267,,,0.0,,0.0,0.0,
Disgust__Happiness,Happiness,Disgust,Happiness: correct,EyesLookRightR,FEA,0,54,0,,0.03634323416289263,,,0.0,,0.0,0.0,
Disgust__Happiness,Happiness,Disgust,Happiness: correct,EyesLookUpL,FEA,0,54,0,,0.08420309690617736,,,0.0,,0.0,0.0,
Disgust__Happiness,Happiness,Disgust,Happiness: correct,EyesLookUpR,FEA,0,54,0,,0.08416119565663394,,,0.0,,0.0,0.0,
Disgust__Happiness,Happiness,Disgust,Happiness: correct,InnerBrowRaiserL,FEA,0,54,0,,0.038333600584075186,,,0.0,,0.0,0.0,
Disgust__Happiness,Happiness,Disgust,Happiness: correct,InnerBrowRaiserR,FEA,0,54,0,,0.04732493757366336,,,0.0,,0.0,0.0,
Disgust__Happiness,Happiness,Disgust,Happiness: correct,JawDrop,FEA,0,54,0,,0.08622985129238202,,,0.0,,0.0,0.0,
Disgust__Happiness,Happiness,Disgust,Happiness: correct,JawSidewaysLeft,FEA,0,54,0,,0.0016102913141820801,,,0.0,,0.0,0.0,
Disgust__Happiness,Happiness,Disgust,Happiness: correct,JawSidewaysRight,FEA,0,54,0,,0.0070965104685830225,,,0.0,,0.0,0.0,
Disgust__Happiness,Happiness,Disgust,Happiness: correct,JawThrust,FEA,0,54,0,,0.018395799434197137,,,0.0,,0.0,0.0,
Disgust__Happiness,Happiness,Disgust,Happiness: correct,LidTightenerL,FEA,0,54,0,,0.25828635632148084,,,0.0,,0.0,0.0,
Disgust__Happiness,Happiness,Disgust,Happiness: correct,LidTightenerR,FEA,0,54,0,,0.2551019273728762,,,0.0,,0.0,0.0,
Disgust__Happiness,Happiness,Disgust,Happiness: correct,LipCornerDepressorL,FEA,0,54,0,,0.013155509647920711,,,0.0,,0.0,0.0,
Disgust__Happiness,Happiness,Disgust,Happiness: correct,LipCornerDepressorR,FEA,0,54,0,,0.010825344423753023,,,0.0,,0.0,0.0,
Disgust__Happiness,Happiness,Disgust,Happiness: correct,LipCornerPullerL,FEA,0,54,0,,0.5638468829400299,,,0.0,,0.0,0.0,
Disgust__Happiness,Happiness,Disgust,Happiness: correct,LipCornerPullerR,FEA,0,54,0,,0.5786678711919011,,,0.0,,0.0,0.0,
Disgust__Happiness,Happiness,Disgust,Happiness: correct,LipFunnelerLB,FEA,0,54,0,,4.936081126772768e-09,,,0.0,,0.0,0.0,
Disgust__Happiness,Happiness,Disgust,Happiness: correct,LipFunnelerLT,FEA,0,54,0,,0.0009620250372259444,,,0.0,,0.0,0.0,
Disgust__Happiness,Happiness,Disgust,Happiness: correct,LipFunnelerRB,FEA,0,54,0,,1.4360893328356138e-05,,,0.0,,0.0,0.0,
Disgust__Happiness,Happiness,Disgust,Happiness: correct,LipFunnelerRT,FEA,0,54,0,,0.0002537422950951208,,,0.0,,0.0,0.0,
Disgust__Happiness,Happiness,Disgust,Happiness: correct,LipPressorL,FEA,0,54,0,,4.03138603289666e-05,,,0.0,,0.0,0.0,
Disgust__Happiness,Happiness,Disgust,Happiness: correct,LipPressorR,FEA,0,54,0,,0.0011243130255077496,,,0.0,,0.0,0.0,
Disgust__Happiness,Happiness,Disgust,Happiness: correct,LipPuckerL,FEA,0,54,0,,0.002996341461332872,,,0.0,,0.0,0.0,
Disgust__Happiness,Happiness,Disgust,Happiness: correct,LipPuckerR,FEA,0,54,0,,0.0023661021756901687,,,0.0,,0.0,0.0,
Disgust__Happiness,Happiness,Disgust,Happiness: correct,LipStretcherL,FEA,0,54,0,,0.1267818891165058,,,0.0,,0.0,0.0,
Disgust__Happiness,Happiness,Disgust,Happiness: correct,LipStretcherR,FEA,0,54,0,,0.13289521676764465,,,0.0,,0.0,0.0,
Disgust__Happiness,Happiness,Disgust,Happiness: correct,LipSuckLB,FEA,0,54,0,,0.24228272989299138,,,0.0,,0.0,0.0,
Disgust__Happiness,Happiness,Disgust,Happiness: correct,LipSuckLT,FEA,0,54,0,,0.1359407163446484,,,0.0,,0.0,0.0,
Disgust__Happiness,Happiness,Disgust,Happiness: correct,LipSuckRB,FEA,0,54,0,,0.19223415828366416,,,0.0,,0.0,0.0,
Disgust__Happiness,Happiness,Disgust,Happiness: correct,LipSuckRT,FEA,0,54,0,,0.12713040964365813,,,0.0,,0.0,0.0,
Disgust__Happiness,Happiness,Disgust,Happiness: correct,LipTightenerL,FEA,0,54,0,,0.0009832878754531481,,,0.0,,0.0,0.0,
Disgust__Happiness,Happiness,Disgust,Happiness: correct,LipTightenerR,FEA,0,54,0,,0.0010172310635292864,,,0.0,,0.0,0.0,
Disgust__Happiness,Happiness,Disgust,Happiness: correct,LipsToward,FEA,0,54,0,,0.032669016816944466,,,0.0,,0.0,0.0,
Disgust__Happiness,Happiness,Disgust,Happiness: correct,LowerLipDepressorL,FEA,0,54,0,,0.16700282337968814,,,0.0,,0.0,0.0,
Disgust__Happiness,Happiness,Disgust,Happiness: correct,LowerLipDepressorR,FEA,0,54,0,,0.16134597243128176,,,0.0,,0.0,0.0,
Disgust__Happiness,Happiness,Disgust,Happiness: correct,MouthLeft,FEA,0,54,0,,0.007159638523432539,,,0.0,,0.0,0.0,
Disgust__Happiness,Happiness,Disgust,Happiness: correct,MouthRight,FEA,0,54,0,,0.0022894262370890713,,,0.0,,0.0,0.0,
Disgust__Happiness,Happiness,Disgust,Happiness: correct,NoseWrinklerL,FEA,0,54,0,,0.009612272926248082,,,0.0,,0.0,0.0,
Disgust__Happiness,Happiness,Disgust,Happiness: correct,NoseWrinklerR,FEA,0,54,0,,0.0033470549814865686,,,0.0,,0.0,0.0,
Disgust__Happiness,Happiness,Disgust,Happiness: correct,OuterBrowRaiserL,FEA,0,54,0,,0.050006969828956305,,,0.0,,0.0,0.0,
Disgust__Happiness,Happiness,Disgust,Happiness: correct,OuterBrowRaiserR,FEA,0,54,0,,0.05343153223042745,,,0.0,,0.0,0.0,
Disgust__Happiness,Happiness,Disgust,Happiness: correct,UpperLidRaiserL,FEA,0,54,0,,0.034327000879855976,,,0.0,,0.0,0.0,
Disgust__Happiness,Happiness,Disgust,Happiness: correct,UpperLidRaiserR,FEA,0,54,0,,0.08343510837128953,,,0.0,,0.0,0.0,
Disgust__Happiness,Happiness,Disgust,Happiness: correct,UpperLipRaiserL,FEA,0,54,0,,0.29253935144270415,,,0.0,,0.0,0.0,
Disgust__Happiness,Happiness,Disgust,Happiness: correct,UpperLipRaiserR,FEA,0,54,0,,0.28540303344918233,,,0.0,,0.0,0.0,
Disgust__Happiness,Happiness,Disgust,Happiness: correct,AU1,AU-related group,0,54,0,,0.042829269078869275,,,0.0,,0.0,0.0,
Disgust__Happiness,Happiness,Disgust,Happiness: correct,AU2,AU-related group,0,54,0,,0.051719251029691875,,,0.0,,0.0,0.0,
Disgust__Happiness,Happiness,Disgust,Happiness: correct,AU4,AU-related group,0,54,0,,0.03537202614833021,,,0.0,,0.0,0.0,
Disgust__Happiness,Happiness,Disgust,Happiness: correct,AU5,AU-related group,0,54,0,,0.05888105462557277,,,0.0,,0.0,0.0,
Disgust__Happiness,Happiness,Disgust,Happiness: correct,AU6,AU-related group,0,54,0,,0.440540732220619,,,0.0,,0.0,0.0,
Disgust__Happiness,Happiness,Disgust,Happiness: correct,AU7,AU-related group,0,54,0,,0.2566941418471785,,,0.0,,0.0,0.0,
Disgust__Happiness,Happiness,Disgust,Happiness: correct,AU8,AU-related group,0,54,0,,0.032669016816944466,,,0.0,,0.0,0.0,
Disgust__Happiness,Happiness,Disgust,Happiness: correct,AU9,AU-related group,0,54,0,,0.0064796639538673255,,,0.0,,0.0,0.0,
Disgust__Happiness,Happiness,Disgust,Happiness: correct,AU10,AU-related group,0,54,0,,0.2889711924459432,,,0.0,,0.0,0.0,
Disgust__Happiness,Happiness,Disgust,Happiness: correct,AU12,AU-related group,0,54,0,,0.5712573770659657,,,0.0,,0.0,0.0,
Disgust__Happiness,Happiness,Disgust,Happiness: correct,AU14,AU-related group,0,54,0,,0.2628018096765622,,,0.0,,0.0,0.0,
Disgust__Happiness,Happiness,Disgust,Happiness: correct,AU15,AU-related group,0,54,0,,0.011990427035836868,,,0.0,,0.0,0.0,
Disgust__Happiness,Happiness,Disgust,Happiness: correct,AU16,AU-related group,0,54,0,,0.16417439790548494,,,0.0,,0.0,0.0,
Disgust__Happiness,Happiness,Disgust,Happiness: correct,AU17,AU-related group,0,54,0,,0.06783599898748907,,,0.0,,0.0,0.0,
Disgust__Happiness,Happiness,Disgust,Happiness: correct,AU18,AU-related group,0,54,0,,0.002681221818511521,,,0.0,,0.0,0.0,
Disgust__Happiness,Happiness,Disgust,Happiness: correct,AU20,AU-related group,0,54,0,,0.12983855294207522,,,0.0,,0.0,0.0,
Disgust__Happiness,Happiness,Disgust,Happiness: correct,AU22,AU-related group,0,54,0,,0.00030753329043263706,,,0.0,,0.0,0.0,
Disgust__Happiness,Happiness,Disgust,Happiness: correct,AU23,AU-related group,0,54,0,,0.0010002594694912175,,,0.0,,0.0,0.0,
Disgust__Happiness,Happiness,Disgust,Happiness: correct,AU24,AU-related group,0,54,0,,0.0005823134429183582,,,0.0,,0.0,0.0,
Disgust__Happiness,Happiness,Disgust,Happiness: correct,AU26,AU-related group,0,54,0,,0.08622985129238202,,,0.0,,0.0,0.0,
Disgust__Happiness,Happiness,Disgust,Happiness: correct,AU28,AU-related group,0,54,0,,0.1743970035412405,,,0.0,,0.0,0.0,
Disgust__Happiness,Happiness,Disgust,Happiness: correct,AU43,AU-related group,0,54,0,,0.013594952378031211,,,0.0,,0.0,0.0,
Disgust__Happiness,Happiness,Disgust,Happiness: all,BrowLowererL,FEA,0,54,0,,0.0401343979717335,,,,,,,
Disgust__Happiness,Happiness,Disgust,Happiness: all,BrowLowererR,FEA,0,54,0,,0.030609654324926926,,,,,,,
Disgust__Happiness,Happiness,Disgust,Happiness: all,CheekPuffL,FEA,0,54,0,,3.918751895460968e-05,,,,,,,
Disgust__Happiness,Happiness,Disgust,Happiness: all,CheekPuffR,FEA,0,54,0,,0.0004681795873152672,,,,,,,
Disgust__Happiness,Happiness,Disgust,Happiness: all,CheekRaiserL,FEA,0,54,0,,0.44623198611766307,,,,,,,
Disgust__Happiness,Happiness,Disgust,Happiness: all,CheekRaiserR,FEA,0,54,0,,0.43484947832357496,,,,,,,
Disgust__Happiness,Happiness,Disgust,Happiness: all,CheekSuckL,FEA,0,54,0,,5.718249835638568e-09,,,,,,,
Disgust__Happiness,Happiness,Disgust,Happiness: all,CheekSuckR,FEA,0,54,0,,2.6657177958763563e-08,,,,,,,
Disgust__Happiness,Happiness,Disgust,Happiness: all,ChinRaiserB,FEA,0,54,0,,0.026908567400396138,,,,,,,
Disgust__Happiness,Happiness,Disgust,Happiness: all,ChinRaiserT,FEA,0,54,0,,0.108763430574582,,,,,,,
Disgust__Happiness,Happiness,Disgust,Happiness: all,DimplerL,FEA,0,54,0,,0.2612629382732594,,,,,,,
Disgust__Happiness,Happiness,Disgust,Happiness: all,DimplerR,FEA,0,54,0,,0.2643406810798648,,,,,,,
Disgust__Happiness,Happiness,Disgust,Happiness: all,EyesClosedL,FEA,0,54,0,,0.00850256318692013,,,,,,,
Disgust__Happiness,Happiness,Disgust,Happiness: all,EyesClosedR,FEA,0,54,0,,0.018687341569142292,,,,,,,
Disgust__Happiness,Happiness,Disgust,Happiness: all,EyesLookDownL,FEA,0,54,0,,0.011049522682592268,,,,,,,
Disgust__Happiness,Happiness,Disgust,Happiness: all,EyesLookDownR,FEA,0,54,0,,0.01430572802461091,,,,,,,
Disgust__Happiness,Happiness,Disgust,Happiness: all,EyesLookLeftL,FEA,0,54,0,,0.060349583459187485,,,,,,,
Disgust__Happiness,Happiness,Disgust,Happiness: all,EyesLookLeftR,FEA,0,54,0,,0.11114809270233146,,,,,,,
Disgust__Happiness,Happiness,Disgust,Happiness: all,EyesLookRightL,FEA,0,54,0,,0.07184653655050267,,,,,,,
Disgust__Happiness,Happiness,Disgust,Happiness: all,EyesLookRightR,FEA,0,54,0,,0.03634323416289263,,,,,,,
Disgust__Happiness,Happiness,Disgust,Happiness: all,EyesLookUpL,FEA,0,54,0,,0.08420309690617736,,,,,,,
Disgust__Happiness,Happiness,Disgust,Happiness: all,EyesLookUpR,FEA,0,54,0,,0.08416119565663394,,,,,,,
Disgust__Happiness,Happiness,Disgust,Happiness: all,InnerBrowRaiserL,FEA,0,54,0,,0.038333600584075186,,,,,,,
Disgust__Happiness,Happiness,Disgust,Happiness: all,InnerBrowRaiserR,FEA,0,54,0,,0.04732493757366336,,,,,,,
Disgust__Happiness,Happiness,Disgust,Happiness: all,JawDrop,FEA,0,54,0,,0.08622985129238202,,,,,,,
Disgust__Happiness,Happiness,Disgust,Happiness: all,JawSidewaysLeft,FEA,0,54,0,,0.0016102913141820801,,,,,,,
Disgust__Happiness,Happiness,Disgust,Happiness: all,JawSidewaysRight,FEA,0,54,0,,0.0070965104685830225,,,,,,,
Disgust__Happiness,Happiness,Disgust,Happiness: all,JawThrust,FEA,0,54,0,,0.018395799434197137,,,,,,,
Disgust__Happiness,Happiness,Disgust,Happiness: all,LidTightenerL,FEA,0,54,0,,0.25828635632148084,,,,,,,
Disgust__Happiness,Happiness,Disgust,Happiness: all,LidTightenerR,FEA,0,54,0,,0.2551019273728762,,,,,,,
Disgust__Happiness,Happiness,Disgust,Happiness: all,LipCornerDepressorL,FEA,0,54,0,,0.013155509647920711,,,,,,,
Disgust__Happiness,Happiness,Disgust,Happiness: all,LipCornerDepressorR,FEA,0,54,0,,0.010825344423753023,,,,,,,
Disgust__Happiness,Happiness,Disgust,Happiness: all,LipCornerPullerL,FEA,0,54,0,,0.5638468829400299,,,,,,,
Disgust__Happiness,Happiness,Disgust,Happiness: all,LipCornerPullerR,FEA,0,54,0,,0.5786678711919011,,,,,,,
Disgust__Happiness,Happiness,Disgust,Happiness: all,LipFunnelerLB,FEA,0,54,0,,4.936081126772768e-09,,,,,,,
Disgust__Happiness,Happiness,Disgust,Happiness: all,LipFunnelerLT,FEA,0,54,0,,0.0009620250372259444,,,,,,,
Disgust__Happiness,Happiness,Disgust,Happiness: all,LipFunnelerRB,FEA,0,54,0,,1.4360893328356138e-05,,,,,,,
Disgust__Happiness,Happiness,Disgust,Happiness: all,LipFunnelerRT,FEA,0,54,0,,0.0002537422950951208,,,,,,,
Disgust__Happiness,Happiness,Disgust,Happiness: all,LipPressorL,FEA,0,54,0,,4.03138603289666e-05,,,,,,,
Disgust__Happiness,Happiness,Disgust,Happiness: all,LipPressorR,FEA,0,54,0,,0.0011243130255077496,,,,,,,
Disgust__Happiness,Happiness,Disgust,Happiness: all,LipPuckerL,FEA,0,54,0,,0.002996341461332872,,,,,,,
Disgust__Happiness,Happiness,Disgust,Happiness: all,LipPuckerR,FEA,0,54,0,,0.0023661021756901687,,,,,,,
Disgust__Happiness,Happiness,Disgust,Happiness: all,LipStretcherL,FEA,0,54,0,,0.1267818891165058,,,,,,,
Disgust__Happiness,Happiness,Disgust,Happiness: all,LipStretcherR,FEA,0,54,0,,0.13289521676764465,,,,,,,
Disgust__Happiness,Happiness,Disgust,Happiness: all,LipSuckLB,FEA,0,54,0,,0.24228272989299138,,,,,,,
Disgust__Happiness,Happiness,Disgust,Happiness: all,LipSuckLT,FEA,0,54,0,,0.1359407163446484,,,,,,,
Disgust__Happiness,Happiness,Disgust,Happiness: all,LipSuckRB,FEA,0,54,0,,0.19223415828366416,,,,,,,
Disgust__Happiness,Happiness,Disgust,Happiness: all,LipSuckRT,FEA,0,54,0,,0.12713040964365813,,,,,,,
Disgust__Happiness,Happiness,Disgust,Happiness: all,LipTightenerL,FEA,0,54,0,,0.0009832878754531481,,,,,,,
Disgust__Happiness,Happiness,Disgust,Happiness: all,LipTightenerR,FEA,0,54,0,,0.0010172310635292864,,,,,,,
Disgust__Happiness,Happiness,Disgust,Happiness: all,LipsToward,FEA,0,54,0,,0.032669016816944466,,,,,,,
Disgust__Happiness,Happiness,Disgust,Happiness: all,LowerLipDepressorL,FEA,0,54,0,,0.16700282337968814,,,,,,,
Disgust__Happiness,Happiness,Disgust,Happiness: all,LowerLipDepressorR,FEA,0,54,0,,0.16134597243128176,,,,,,,
Disgust__Happiness,Happiness,Disgust,Happiness: all,MouthLeft,FEA,0,54,0,,0.007159638523432539,,,,,,,
Disgust__Happiness,Happiness,Disgust,Happiness: all,MouthRight,FEA,0,54,0,,0.0022894262370890713,,,,,,,
Disgust__Happiness,Happiness,Disgust,Happiness: all,NoseWrinklerL,FEA,0,54,0,,0.009612272926248082,,,,,,,
Disgust__Happiness,Happiness,Disgust,Happiness: all,NoseWrinklerR,FEA,0,54,0,,0.0033470549814865686,,,,,,,
Disgust__Happiness,Happiness,Disgust,Happiness: all,OuterBrowRaiserL,FEA,0,54,0,,0.050006969828956305,,,,,,,
Disgust__Happiness,Happiness,Disgust,Happiness: all,OuterBrowRaiserR,FEA,0,54,0,,0.05343153223042745,,,,,,,
Disgust__Happiness,Happiness,Disgust,Happiness: all,UpperLidRaiserL,FEA,0,54,0,,0.034327000879855976,,,,,,,
Disgust__Happiness,Happiness,Disgust,Happiness: all,UpperLidRaiserR,FEA,0,54,0,,0.08343510837128953,,,,,,,
Disgust__Happiness,Happiness,Disgust,Happiness: all,UpperLipRaiserL,FEA,0,54,0,,0.29253935144270415,,,,,,,
Disgust__Happiness,Happiness,Disgust,Happiness: all,UpperLipRaiserR,FEA,0,54,0,,0.28540303344918233,,,,,,,
Disgust__Happiness,Happiness,Disgust,Happiness: all,AU1,AU-related group,0,54,0,,0.042829269078869275,,,,,,,
Disgust__Happiness,Happiness,Disgust,Happiness: all,AU2,AU-related group,0,54,0,,0.051719251029691875,,,,,,,
Disgust__Happiness,Happiness,Disgust,Happiness: all,AU4,AU-related group,0,54,0,,0.03537202614833021,,,,,,,
Disgust__Happiness,Happiness,Disgust,Happiness: all,AU5,AU-related group,0,54,0,,0.05888105462557277,,,,,,,
Disgust__Happiness,Happiness,Disgust,Happiness: all,AU6,AU-related group,0,54,0,,0.440540732220619,,,,,,,
Disgust__Happiness,Happiness,Disgust,Happiness: all,AU7,AU-related group,0,54,0,,0.2566941418471785,,,,,,,
Disgust__Happiness,Happiness,Disgust,Happiness: all,AU8,AU-related group,0,54,0,,0.032669016816944466,,,,,,,
Disgust__Happiness,Happiness,Disgust,Happiness: all,AU9,AU-related group,0,54,0,,0.0064796639538673255,,,,,,,
Disgust__Happiness,Happiness,Disgust,Happiness: all,AU10,AU-related group,0,54,0,,0.2889711924459432,,,,,,,
Disgust__Happiness,Happiness,Disgust,Happiness: all,AU12,AU-related group,0,54,0,,0.5712573770659657,,,,,,,
Disgust__Happiness,Happiness,Disgust,Happiness: all,AU14,AU-related group,0,54,0,,0.2628018096765622,,,,,,,
Disgust__Happiness,Happiness,Disgust,Happiness: all,AU15,AU-related group,0,54,0,,0.011990427035836868,,,,,,,
Disgust__Happiness,Happiness,Disgust,Happiness: all,AU16,AU-related group,0,54,0,,0.16417439790548494,,,,,,,
Disgust__Happiness,Happiness,Disgust,Happiness: all,AU17,AU-related group,0,54,0,,0.06783599898748907,,,,,,,
Disgust__Happiness,Happiness,Disgust,Happiness: all,AU18,AU-related group,0,54,0,,0.002681221818511521,,,,,,,
Disgust__Happiness,Happiness,Disgust,Happiness: all,AU20,AU-related group,0,54,0,,0.12983855294207522,,,,,,,
Disgust__Happiness,Happiness,Disgust,Happiness: all,AU22,AU-related group,0,54,0,,0.00030753329043263706,,,,,,,
Disgust__Happiness,Happiness,Disgust,Happiness: all,AU23,AU-related group,0,54,0,,0.0010002594694912175,,,,,,,
Disgust__Happiness,Happiness,Disgust,Happiness: all,AU24,AU-related group,0,54,0,,0.0005823134429183582,,,,,,,
Disgust__Happiness,Happiness,Disgust,Happiness: all,AU26,AU-related group,0,54,0,,0.08622985129238202,,,,,,,
Disgust__Happiness,Happiness,Disgust,Happiness: all,AU28,AU-related group,0,54,0,,0.1743970035412405,,,,,,,
Disgust__Happiness,Happiness,Disgust,Happiness: all,AU43,AU-related group,0,54,0,,0.013594952378031211,,,,,,,
Disgust__Happiness,Happiness,Disgust,Disgust: correct,BrowLowererL,FEA,0,30,0,,0.27429085437956846,,,,,,,
Disgust__Happiness,Happiness,Disgust,Disgust: correct,BrowLowererR,FEA,0,30,0,,0.2600669810520221,,,,,,,
Disgust__Happiness,Happiness,Disgust,Disgust: correct,CheekPuffL,FEA,0,30,0,,0.0011963721404219191,,,,,,,
Disgust__Happiness,Happiness,Disgust,Disgust: correct,CheekPuffR,FEA,0,30,0,,0.001564301059297848,,,,,,,
Disgust__Happiness,Happiness,Disgust,Disgust: correct,CheekRaiserL,FEA,0,30,0,,0.3030017535852549,,,,,,,
Disgust__Happiness,Happiness,Disgust,Disgust: correct,CheekRaiserR,FEA,0,30,0,,0.27378535246203944,,,,,,,
Disgust__Happiness,Happiness,Disgust,Disgust: correct,CheekSuckL,FEA,0,30,0,,2.502851393756729e-22,,,,,,,
Disgust__Happiness,Happiness,Disgust,Disgust: correct,CheekSuckR,FEA,0,30,0,,1.5102296236078065e-21,,,,,,,
Disgust__Happiness,Happiness,Disgust,Disgust: correct,ChinRaiserB,FEA,0,30,0,,0.146572360430847,,,,,,,
Disgust__Happiness,Happiness,Disgust,Disgust: correct,ChinRaiserT,FEA,0,30,0,,0.2206446865057776,,,,,,,
Disgust__Happiness,Happiness,Disgust,Disgust: correct,DimplerL,FEA,0,30,0,,0.08208190472373685,,,,,,,
Disgust__Happiness,Happiness,Disgust,Disgust: correct,DimplerR,FEA,0,30,0,,0.08216872351244245,,,,,,,
Disgust__Happiness,Happiness,Disgust,Disgust: correct,EyesClosedL,FEA,0,30,0,,0.11425764075747528,,,,,,,
Disgust__Happiness,Happiness,Disgust,Disgust: correct,EyesClosedR,FEA,0,30,0,,0.09957692436876295,,,,,,,
Disgust__Happiness,Happiness,Disgust,Disgust: correct,EyesLookDownL,FEA,0,30,0,,0.06458730813391728,,,,,,,
Disgust__Happiness,Happiness,Disgust,Disgust: correct,EyesLookDownR,FEA,0,30,0,,0.0712395332249032,,,,,,,
Disgust__Happiness,Happiness,Disgust,Disgust: correct,EyesLookLeftL,FEA,0,30,0,,0.05204596568442259,,,,,,,
Disgust__Happiness,Happiness,Disgust,Disgust: correct,EyesLookLeftR,FEA,0,30,0,,0.0894363711694152,,,,,,,
Disgust__Happiness,Happiness,Disgust,Disgust: correct,EyesLookRightL,FEA,0,30,0,,0.13229923552408673,,,,,,,
Disgust__Happiness,Happiness,Disgust,Disgust: correct,EyesLookRightR,FEA,0,30,0,,0.0833938120670306,,,,,,,
Disgust__Happiness,Happiness,Disgust,Disgust: correct,EyesLookUpL,FEA,0,30,0,,0.04750171263441905,,,,,,,
Disgust__Happiness,Happiness,Disgust,Disgust: correct,EyesLookUpR,FEA,0,30,0,,0.047539925921268544,,,,,,,
Disgust__Happiness,Happiness,Disgust,Disgust: correct,InnerBrowRaiserL,FEA,0,30,0,,0.037634553747822604,,,,,,,
Disgust__Happiness,Happiness,Disgust,Disgust: correct,InnerBrowRaiserR,FEA,0,30,0,,0.03920420848698498,,,,,,,
Disgust__Happiness,Happiness,Disgust,Disgust: correct,JawDrop,FEA,0,30,0,,0.07967732745332241,,,,,,,
Disgust__Happiness,Happiness,Disgust,Disgust: correct,JawSidewaysLeft,FEA,0,30,0,,0.00540455552997686,,,,,,,
Disgust__Happiness,Happiness,Disgust,Disgust: correct,JawSidewaysRight,FEA,0,30,0,,0.006960622455382143,,,,,,,
Disgust__Happiness,Happiness,Disgust,Disgust: correct,JawThrust,FEA,0,30,0,,0.031235084185679142,,,,,,,
Disgust__Happiness,Happiness,Disgust,Disgust: correct,LidTightenerL,FEA,0,30,0,,0.3302524058114626,,,,,,,
Disgust__Happiness,Happiness,Disgust,Disgust: correct,LidTightenerR,FEA,0,30,0,,0.3340970049198887,,,,,,,
Disgust__Happiness,Happiness,Disgust,Disgust: correct,LipCornerDepressorL,FEA,0,30,0,,0.14106567134155337,,,,,,,
Disgust__Happiness,Happiness,Disgust,Disgust: correct,LipCornerDepressorR,FEA,0,30,0,,0.1173338750109732,,,,,,,
Disgust__Happiness,Happiness,Disgust,Disgust: correct,LipCornerPullerL,FEA,0,30,0,,0.06321841641892155,,,,,,,
Disgust__Happiness,Happiness,Disgust,Disgust: correct,LipCornerPullerR,FEA,0,30,0,,0.06382223473119288,,,,,,,
Disgust__Happiness,Happiness,Disgust,Disgust: correct,LipFunnelerLB,FEA,0,30,0,,0.0016048450578995954,,,,,,,
Disgust__Happiness,Happiness,Disgust,Disgust: correct,LipFunnelerLT,FEA,0,30,0,,0.003033288954884653,,,,,,,
Disgust__Happiness,Happiness,Disgust,Disgust: correct,LipFunnelerRB,FEA,0,30,0,,0.001702861684957558,,,,,,,
Disgust__Happiness,Happiness,Disgust,Disgust: correct,LipFunnelerRT,FEA,0,30,0,,0.002584834192602648,,,,,,,
Disgust__Happiness,Happiness,Disgust,Disgust: correct,LipPressorL,FEA,0,30,0,,0.03156230899864999,,,,,,,
Disgust__Happiness,Happiness,Disgust,Disgust: correct,LipPressorR,FEA,0,30,0,,0.03168112404604156,,,,,,,
Disgust__Happiness,Happiness,Disgust,Disgust: correct,LipPuckerL,FEA,0,30,0,,0.06278937533131,,,,,,,
Disgust__Happiness,Happiness,Disgust,Disgust: correct,LipPuckerR,FEA,0,30,0,,0.06036019088620097,,,,,,,
Disgust__Happiness,Happiness,Disgust,Disgust: correct,LipStretcherL,FEA,0,30,0,,0.12761503985444464,,,,,,,
Disgust__Happiness,Happiness,Disgust,Disgust: correct,LipStretcherR,FEA,0,30,0,,0.13010947703013587,,,,,,,
Disgust__Happiness,Happiness,Disgust,Disgust: correct,LipSuckLB,FEA,0,30,0,,0.13452331534001324,,,,,,,
Disgust__Happiness,Happiness,Disgust,Disgust: correct,LipSuckLT,FEA,0,30,0,,0.0633820068780138,,,,,,,
Disgust__Happiness,Happiness,Disgust,Disgust: correct,LipSuckRB,FEA,0,30,0,,0.1207091938069073,,,,,,,
Disgust__Happiness,Happiness,Disgust,Disgust: correct,LipSuckRT,FEA,0,30,0,,0.05427878278109598,,,,,,,
Disgust__Happiness,Happiness,Disgust,Disgust: correct,LipTightenerL,FEA,0,30,0,,0.01172114771655257,,,,,,,
Disgust__Happiness,Happiness,Disgust,Disgust: correct,LipTightenerR,FEA,0,30,0,,0.011153074078997152,,,,,,,
Disgust__Happiness,Happiness,Disgust,Disgust: correct,LipsToward,FEA,0,30,0,,0.04680573563660595,,,,,,,
Disgust__Happiness,Happiness,Disgust,Disgust: correct,LowerLipDepressorL,FEA,0,30,0,,0.10522865089944439,,,,,,,
Disgust__Happiness,Happiness,Disgust,Disgust: correct,LowerLipDepressorR,FEA,0,30,0,,0.10466178877813244,,,,,,,
Disgust__Happiness,Happiness,Disgust,Disgust: correct,MouthLeft,FEA,0,30,0,,0.015137183651866995,,,,,,,
Disgust__Happiness,Happiness,Disgust,Disgust: correct,MouthRight,FEA,0,30,0,,0.009346187553881507,,,,,,,
Disgust__Happiness,Happiness,Disgust,Disgust: correct,NoseWrinklerL,FEA,0,30,0,,0.38990757741705734,,,,,,,
Disgust__Happiness,Happiness,Disgust,Disgust: correct,NoseWrinklerR,FEA,0,30,0,,0.39499705904284066,,,,,,,
Disgust__Happiness,Happiness,Disgust,Disgust: correct,OuterBrowRaiserL,FEA,0,30,0,,0.039968369491745544,,,,,,,
Disgust__Happiness,Happiness,Disgust,Disgust: correct,OuterBrowRaiserR,FEA,0,30,0,,0.04868999031497523,,,,,,,
Disgust__Happiness,Happiness,Disgust,Disgust: correct,UpperLidRaiserL,FEA,0,30,0,,0.10409050786438198,,,,,,,
Disgust__Happiness,Happiness,Disgust,Disgust: correct,UpperLidRaiserR,FEA,0,30,0,,0.11682971680702113,,,,,,,
Disgust__Happiness,Happiness,Disgust,Disgust: correct,UpperLipRaiserL,FEA,0,30,0,,0.34382511416588035,,,,,,,
Disgust__Happiness,Happiness,Disgust,Disgust: correct,UpperLipRaiserR,FEA,0,30,0,,0.36387214341973323,,,,,,,
Disgust__Happiness,Happiness,Disgust,Disgust: correct,AU1,AU-related group,0,30,0,,0.03841938111740379,,,,,,,
Disgust__Happiness,Happiness,Disgust,Disgust: correct,AU2,AU-related group,0,30,0,,0.044329179903360376,,,,,,,
Disgust__Happiness,Happiness,Disgust,Disgust: correct,AU4,AU-related group,0,30,0,,0.26717891771579527,,,,,,,
Disgust__Happiness,Happiness,Disgust,Disgust: correct,AU5,AU-related group,0,30,0,,0.11046011233570158,,,,,,,
Disgust__Happiness,Happiness,Disgust,Disgust: correct,AU6,AU-related group,0,30,0,,0.2883935530236472,,,,,,,
Disgust__Happiness,Happiness,Disgust,Disgust: correct,AU7,AU-related group,0,30,0,,0.33217470536567567,,,,,,,
Disgust__Happiness,Happiness,Disgust,Disgust: correct,AU8,AU-related group,0,30,0,,0.04680573563660595,,,,,,,
Disgust__Happiness,Happiness,Disgust,Disgust: correct,AU9,AU-related group,0,30,0,,0.3924523182299489,,,,,,,
Disgust__Happiness,Happiness,Disgust,Disgust: correct,AU10,AU-related group,0,30,0,,0.35384862879280676,,,,,,,
Disgust__Happiness,Happiness,Disgust,Disgust: correct,AU12,AU-related group,0,30,0,,0.06352032557505721,,,,,,,
Disgust__Happiness,Happiness,Disgust,Disgust: correct,AU14,AU-related group,0,30,0,,0.08212531411808964,,,,,,,
Disgust__Happiness,Happiness,Disgust,Disgust: correct,AU15,AU-related group,0,30,0,,0.1291997731762633,,,,,,,
Disgust__Happiness,Happiness,Disgust,Disgust: correct,AU16,AU-related group,0,30,0,,0.1049452198387884,,,,,,,
Disgust__Happiness,Happiness,Disgust,Disgust: correct,AU17,AU-related group,0,30,0,,0.1836085234683123,,,,,,,
Disgust__Happiness,Happiness,Disgust,Disgust: correct,AU18,AU-related group,0,30,0,,0.0615747831087555,,,,,,,
Disgust__Happiness,Happiness,Disgust,Disgust: correct,AU20,AU-related group,0,30,0,,0.12886225844229024,,,,,,,
Disgust__Happiness,Happiness,Disgust,Disgust: correct,AU22,AU-related group,0,30,0,,0.002231457472586114,,,,,,,
Disgust__Happiness,Happiness,Disgust,Disgust: correct,AU23,AU-related group,0,30,0,,0.01143711089777486,,,,,,,
Disgust__Happiness,Happiness,Disgust,Disgust: correct,AU24,AU-related group,0,30,0,,0.03162171652234577,,,,,,,
Disgust__Happiness,Happiness,Disgust,Disgust: correct,AU26,AU-related group,0,30,0,,0.07967732745332241,,,,,,,
Disgust__Happiness,Happiness,Disgust,Disgust: correct,AU28,AU-related group,0,30,0,,0.09322332470150758,,,,,,,
Disgust__Happiness,Happiness,Disgust,Disgust: correct,AU43,AU-related group,0,30,0,,0.10691728256311912,,,,,,,
Disgust__Happiness,Happiness,Disgust,Disgust: all,BrowLowererL,FEA,0,54,0,,0.20364890998157592,,,,,,,
Disgust__Happiness,Happiness,Disgust,Disgust: all,BrowLowererR,FEA,0,54,0,,0.18631237832654704,,,,,,,
Disgust__Happiness,Happiness,Disgust,Disgust: all,CheekPuffL,FEA,0,54,0,,0.0024551103065273104,,,,,,,
Disgust__Happiness,Happiness,Disgust,Disgust: all,CheekPuffR,FEA,0,54,0,,0.0027735684401712334,,,,,,,
Disgust__Happiness,Happiness,Disgust,Disgust: all,CheekRaiserL,FEA,0,54,0,,0.29181043352651315,,,,,,,
Disgust__Happiness,Happiness,Disgust,Disgust: all,CheekRaiserR,FEA,0,54,0,,0.2642519848114144,,,,,,,
Disgust__Happiness,Happiness,Disgust,Disgust: all,CheekSuckL,FEA,0,54,0,,2.4470741064524488e-05,,,,,,,
Disgust__Happiness,Happiness,Disgust,Disgust: all,CheekSuckR,FEA,0,54,0,,3.3311644922711e-21,,,,,,,
Disgust__Happiness,Happiness,Disgust,Disgust: all,ChinRaiserB,FEA,0,54,0,,0.11176969308846262,,,,,,,
Disgust__Happiness,Happiness,Disgust,Disgust: all,ChinRaiserT,FEA,0,54,0,,0.17200349018084143,,,,,,,
Disgust__Happiness,Happiness,Disgust,Disgust: all,DimplerL,FEA,0,54,0,,0.10341698908133092,,,,,,,
Disgust__Happiness,Happiness,Disgust,Disgust: all,DimplerR,FEA,0,54,0,,0.10316488143265676,,,,,,,
Disgust__Happiness,Happiness,Disgust,Disgust: all,EyesClosedL,FEA,0,54,0,,0.08110458807778993,,,,,,,
Disgust__Happiness,Happiness,Disgust,Disgust: all,EyesClosedR,FEA,0,54,0,,0.0811410500258168,,,,,,,
Disgust__Happiness,Happiness,Disgust,Disgust: all,EyesLookDownL,FEA,0,54,0,,0.04890534863136148,,,,,,,
Disgust__Happiness,Happiness,Disgust,Disgust: all,EyesLookDownR,FEA,0,54,0,,0.05540130715944406,,,,,,,
Disgust__Happiness,Happiness,Disgust,Disgust: all,EyesLookLeftL,FEA,0,54,0,,0.0452460316170609,,,,,,,
Disgust__Happiness,Happiness,Disgust,Disgust: all,EyesLookLeftR,FEA,0,54,0,,0.08538495368172593,,,,,,,
Disgust__Happiness,Happiness,Disgust,Disgust: all,EyesLookRightL,FEA,0,54,0,,0.10500805150592146,,,,,,,
Disgust__Happiness,Happiness,Disgust,Disgust: all,EyesLookRightR,FEA,0,54,0,,0.058790674164710136,,,,,,,
Disgust__Happiness,Happiness,Disgust,Disgust: all,EyesLookUpL,FEA,0,54,0,,0.0526659598651114,,,,,,,
Disgust__Happiness,Happiness,Disgust,Disgust: all,EyesLookUpR,FEA,0,54,0,,0.05271194991125669,,,,,,,
Disgust__Happiness,Happiness,Disgust,Disgust: all,InnerBrowRaiserL,FEA,0,54,0,,0.042870261616378136,,,,,,,
Disgust__Happiness,Happiness,Disgust,Disgust: all,InnerBrowRaiserR,FEA,0,54,0,,0.0402406018594224,,,,,,,
Disgust__Happiness,Happiness,Disgust,Disgust: all,JawDrop,FEA,0,54,0,,0.10876266707982257,,,,,,,
Disgust__Happiness,Happiness,Disgust,Disgust: all,JawSidewaysLeft,FEA,0,54,0,,0.00488835742755227,,,,,,,
Disgust__Happiness,Happiness,Disgust,Disgust: all,JawSidewaysRight,FEA,0,54,0,,0.007897848655690156,,,,,,,
Disgust__Happiness,Happiness,Disgust,Disgust: all,JawThrust,FEA,0,54,0,,0.03868223588235398,,,,,,,
Disgust__Happiness,Happiness,Disgust,Disgust: all,LidTightenerL,FEA,0,54,0,,0.2981366222858074,,,,,,,
Disgust__Happiness,Happiness,Disgust,Disgust: all,LidTightenerR,FEA,0,54,0,,0.2799414716760359,,,,,,,
Disgust__Happiness,Happiness,Disgust,Disgust: all,LipCornerDepressorL,FEA,0,54,0,,0.11643143957419168,,,,,,,
Disgust__Happiness,Happiness,Disgust,Disgust: all,LipCornerDepressorR,FEA,0,54,0,,0.09825104920742044,,,,,,,
Disgust__Happiness,Happiness,Disgust,Disgust: all,LipCornerPullerL,FEA,0,54,0,,0.12403860629879152,,,,,,,
Disgust__Happiness,Happiness,Disgust,Disgust: all,LipCornerPullerR,FEA,0,54,0,,0.12564717712488532,,,,,,,
Disgust__Happiness,Happiness,Disgust,Disgust: all,LipFunnelerLB,FEA,0,54,0,,0.0011374386064590776,,,,,,,
Disgust__Happiness,Happiness,Disgust,Disgust: all,LipFunnelerLT,FEA,0,54,0,,0.0037054494070433144,,,,,,,
Disgust__Happiness,Happiness,Disgust,Disgust: all,LipFunnelerRB,FEA,0,54,0,,0.0011489397558673703,,,,,,,
Disgust__Happiness,Happiness,Disgust,Disgust: all,LipFunnelerRT,FEA,0,54,0,,0.002962436235970985,,,,,,,
Disgust__Happiness,Happiness,Disgust,Disgust: all,LipPressorL,FEA,0,54,0,,0.018620562339771538,,,,,,,
Disgust__Happiness,Happiness,Disgust,Disgust: all,LipPressorR,FEA,0,54,0,,0.01871404361769316,,,,,,,
Disgust__Happiness,Happiness,Disgust,Disgust: all,LipPuckerL,FEA,0,54,0,,0.04466690239111557,,,,,,,
Disgust__Happiness,Happiness,Disgust,Disgust: all,LipPuckerR,FEA,0,54,0,,0.04324851318067585,,,,,,,
Disgust__Happiness,Happiness,Disgust,Disgust: all,LipStretcherL,FEA,0,54,0,,0.10378531040281726,,,,,,,
Disgust__Happiness,Happiness,Disgust,Disgust: all,LipStretcherR,FEA,0,54,0,,0.1078616965191718,,,,,,,
Disgust__Happiness,Happiness,Disgust,Disgust: all,LipSuckLB,FEA,0,54,0,,0.1284654985704303,,,,,,,
Disgust__Happiness,Happiness,Disgust,Disgust: all,LipSuckLT,FEA,0,54,0,,0.06836339055219018,,,,,,,
Disgust__Happiness,Happiness,Disgust,Disgust: all,LipSuckRB,FEA,0,54,0,,0.11156187647240445,,,,,,,
Disgust__Happiness,Happiness,Disgust,Disgust: all,LipSuckRT,FEA,0,54,0,,0.059501595236439185,,,,,,,
Disgust__Happiness,Happiness,Disgust,Disgust: all,LipTightenerL,FEA,0,54,0,,0.01078156466892883,,,,,,,
Disgust__Happiness,Happiness,Disgust,Disgust: all,LipTightenerR,FEA,0,54,0,,0.009758413720604316,,,,,,,
Disgust__Happiness,Happiness,Disgust,Disgust: all,LipsToward,FEA,0,54,0,,0.04191319725471171,,,,,,,
Disgust__Happiness,Happiness,Disgust,Disgust: all,LowerLipDepressorL,FEA,0,54,0,,0.13410445371033966,,,,,,,
Disgust__Happiness,Happiness,Disgust,Disgust: all,LowerLipDepressorR,FEA,0,54,0,,0.13049145148914582,,,,,,,
Disgust__Happiness,Happiness,Disgust,Disgust: all,MouthLeft,FEA,0,54,0,,0.009755599564349559,,,,,,,
Disgust__Happiness,Happiness,Disgust,Disgust: all,MouthRight,FEA,0,54,0,,0.005664014670412648,,,,,,,
Disgust__Happiness,Happiness,Disgust,Disgust: all,NoseWrinklerL,FEA,0,54,0,,0.24080601683053532,,,,,,,
Disgust__Happiness,Happiness,Disgust,Disgust: all,NoseWrinklerR,FEA,0,54,0,,0.24070146386259614,,,,,,,
Disgust__Happiness,Happiness,Disgust,Disgust: all,OuterBrowRaiserL,FEA,0,54,0,,0.0349691367786915,,,,,,,
Disgust__Happiness,Happiness,Disgust,Disgust: all,OuterBrowRaiserR,FEA,0,54,0,,0.03907723090189351,,,,,,,
Disgust__Happiness,Happiness,Disgust,Disgust: all,UpperLidRaiserL,FEA,0,54,0,,0.06525532418534884,,,,,,,
Disgust__Happiness,Happiness,Disgust,Disgust: all,UpperLidRaiserR,FEA,0,54,0,,0.07977094952988822,,,,,,,
Disgust__Happiness,Happiness,Disgust,Disgust: all,UpperLipRaiserL,FEA,0,54,0,,0.27941785154940696,,,,,,,
Disgust__Happiness,Happiness,Disgust,Disgust: all,UpperLipRaiserR,FEA,0,54,0,,0.29346367233183784,,,,,,,
Disgust__Happiness,Happiness,Disgust,Disgust: all,AU1,AU-related group,0,54,0,,0.04155543173790027,,,,,,,
Disgust__Happiness,Happiness,Disgust,Disgust: all,AU2,AU-related group,0,54,0,,0.03702318384029251,,,,,,,
Disgust__Happiness,Happiness,Disgust,Disgust: all,AU4,AU-related group,0,54,0,,0.1949806441540615,,,,,,,
Disgust__Happiness,Happiness,Disgust,Disgust: all,AU5,AU-related group,0,54,0,,0.07251313685761855,,,,,,,
Disgust__Happiness,Happiness,Disgust,Disgust: all,AU6,AU-related group,0,54,0,,0.27803120916896373,,,,,,,
Disgust__Happiness,Happiness,Disgust,Disgust: all,AU7,AU-related group,0,54,0,,0.28903904698092164,,,,,,,
Disgust__Happiness,Happiness,Disgust,Disgust: all,AU8,AU-related group,0,54,0,,0.04191319725471171,,,,,,,
Disgust__Happiness,Happiness,Disgust,Disgust: all,AU9,AU-related group,0,54,0,,0.24075374034656574,,,,,,,
Disgust__Happiness,Happiness,Disgust,Disgust: all,AU10,AU-related group,0,54,0,,0.2864407619406224,,,,,,,
Disgust__Happiness,Happiness,Disgust,Disgust: all,AU12,AU-related group,0,54,0,,0.12484289171183839,,,,,,,
Disgust__Happiness,Happiness,Disgust,Disgust: all,AU14,AU-related group,0,54,0,,0.10329093525699384,,,,,,,
Disgust__Happiness,Happiness,Disgust,Disgust: all,AU15,AU-related group,0,54,0,,0.10734124439080601,,,,,,,
Disgust__Happiness,Happiness,Disgust,Disgust: all,AU16,AU-related group,0,54,0,,0.13229795259974272,,,,,,,
Disgust__Happiness,Happiness,Disgust,Disgust: all,AU17,AU-related group,0,54,0,,0.14188659163465203,,,,,,,
Disgust__Happiness,Happiness,Disgust,Disgust: all,AU18,AU-related group,0,54,0,,0.04395770778589572,,,,,,,
Disgust__Happiness,Happiness,Disgust,Disgust: all,AU20,AU-related group,0,54,0,,0.10582350346099456,,,,,,,
Disgust__Happiness,Happiness,Disgust,Disgust: all,AU22,AU-related group,0,54,0,,0.0022385660013351867,,,,,,,
Disgust__Happiness,Happiness,Disgust,Disgust: all,AU23,AU-related group,0,54,0,,0.010269989194766573,,,,,,,
Disgust__Happiness,Happiness,Disgust,Disgust: all,AU24,AU-related group,0,54,0,,0.018667302978732352,,,,,,,
Disgust__Happiness,Happiness,Disgust,Disgust: all,AU26,AU-related group,0,54,0,,0.10876266707982257,,,,,,,
Disgust__Happiness,Happiness,Disgust,Disgust: all,AU28,AU-related group,0,54,0,,0.09197309020786604,,,,,,,
Disgust__Happiness,Happiness,Disgust,Disgust: all,AU43,AU-related group,0,54,0,,0.08112281905180335,,,,,,,
Disgust__Fear,Disgust,Fear,Disgust: correct,BrowLowererL,FEA,7,30,2,0.0334654457688506,0.27429085437956846,-0.24082540861071786,-1.6476719253362888,1.0,-0.17372034101519176,0.0,1.0,1.6476719253362888
Disgust__Fear,Disgust,Fear,Disgust: correct,BrowLowererR,FEA,7,30,2,0.030075547457550176,0.2600669810520221,-0.2299914335944719,-1.6288922577555804,1.0,-0.22395058728471767,0.0,1.0,1.6288922577555804
Disgust__Fear,Disgust,Fear,Disgust: correct,CheekPuffL,FEA,7,30,2,0.0022575164222506426,0.0011963721404219191,0.0010611442818287235,0.11169479276460222,1.0,-0.0004348526804411368,0.0,1.0,0.11169479276460222
Disgust__Fear,Disgust,Fear,Disgust: correct,CheekPuffR,FEA,7,30,2,0.0014095480938462288,0.001564301059297848,-0.00015475296545161923,-0.01454063547614414,1.0,-0.0004322435190493116,0.0,1.0,0.01454063547614414
Disgust__Fear,Disgust,Fear,Disgust: correct,CheekRaiserL,FEA,7,30,2,0.06591063056174394,0.3030017535852549,-0.23709112302351093,-1.1109594301852037,1.0,-0.24114325462530062,0.0,1.0,1.1109594301852037
Disgust__Fear,Disgust,Fear,Disgust: correct,CheekRaiserR,FEA,7,30,2,0.04341314672968121,0.27378535246203944,-0.23037220573235823,-1.1123114506895926,1.0,-0.21519082492838304,0.0,1.0,1.1123114506895926
Disgust__Fear,Disgust,Fear,Disgust: correct,CheekSuckL,FEA,7,30,2,6.847683381448985e-21,2.502851393756729e-22,6.597398242073312e-21,7.093745771780635e-19,1.0,0.0,0.0,0.0,7.093745771780635e-19
Disgust__Fear,Disgust,Fear,Disgust: correct,CheekSuckR,FEA,7,30,2,1.9225141982057882e-20,1.5102296236078065e-21,1.7714912358450076e-20,2.2669189511638545e-18,1.0,0.0,0.0,0.0,2.2669189511638545e-18
Disgust__Fear,Disgust,Fear,Disgust: correct,ChinRaiserB,FEA,7,30,2,0.02477068645978448,0.146572360430847,-0.12180167397106254,-0.5920632826426149,1.0,-0.05216757741451389,0.0,1.0,0.5920632826426149
Disgust__Fear,Disgust,Fear,Disgust: correct,ChinRaiserT,FEA,7,30,2,0.06310729476078494,0.2206446865057776,-0.15753739174499265,-0.8325023181413614,1.0,0.02367242995856536,1.0,0.0,0.8325023181413614
Disgust__Fear,Disgust,Fear,Disgust: correct,DimplerL,FEA,7,30,2,0.047355233457702026,0.08208190472373685,-0.03472667126603482,-0.3036469192321853,1.0,0.0525137818465576,1.0,0.0,0.3036469192321853
Disgust__Fear,Disgust,Fear,Disgust: correct,DimplerR,FEA,7,30,2,0.05033564426509529,0.08216872351244245,-0.03183307924734716,-0.2796593804893449,1.0,0.047659343313458516,1.0,0.0,0.2796593804893449
Disgust__Fear,Disgust,Fear,Disgust: correct,EyesClosedL,FEA,7,30,2,0.010337083008929175,0.11425764075747528,-0.10392055774854611,-0.9589546704164013,1.0,-0.07378838203294,0.0,1.0,0.9589546704164013
Disgust__Fear,Disgust,Fear,Disgust: correct,EyesClosedR,FEA,7,30,2,0.009408602008933937,0.09957692436876295,-0.09016832235982901,-0.8544928537712235,1.0,-0.05467993706688297,0.0,1.0,0.8544928537712235
Disgust__Fear,Disgust,Fear,Disgust: correct,EyesLookDownL,FEA,7,30,2,0.013276579506168326,0.06458730813391728,-0.05131072862774895,-1.346833008672315,1.0,-0.07108126120592304,0.0,1.0,1.346833008672315
Disgust__Fear,Disgust,Fear,Disgust: correct,EyesLookDownR,FEA,7,30,2,0.010925304799402973,0.0712395332249032,-0.06031422842550023,-1.3374783761051112,1.0,-0.0775962421787991,0.0,1.0,1.3374783761051112
Disgust__Fear,Disgust,Fear,Disgust: correct,EyesLookLeftL,FEA,7,30,2,0.04845646089608113,0.05204596568442259,-0.003589504788341455,-0.044221190253340675,1.0,0.07340333416230148,1.0,0.0,0.044221190253340675
Disgust__Fear,Disgust,Fear,Disgust: correct,EyesLookLeftR,FEA,7,30,2,0.1125428237774897,0.0894363711694152,0.023106452608074493,0.2160851585607669,1.0,0.10102796626096178,1.0,0.0,0.2160851585607669
Disgust__Fear,Disgust,Fear,Disgust: correct,EyesLookRightL,FEA,7,30,2,0.0324645947892263,0.13229923552408673,-0.09983464073486042,-1.0828214792656874,1.0,-0.022339406050741653,0.0,1.0,1.0828214792656874
Disgust__Fear,Disgust,Fear,Disgust: correct,EyesLookRightR,FEA,7,30,2,0.009868957310183233,0.0833938120670306,-0.07352485475684736,-1.1073829810515388,1.0,0.0067097373203271055,1.0,0.0,1.1073829810515388
Disgust__Fear,Disgust,Fear,Disgust: correct,EyesLookUpL,FEA,7,30,2,0.03689472007210409,0.04750171263441905,-0.010606992562314954,-0.10225884447823239,1.0,0.0,0.0,0.0,0.10225884447823239
Disgust__Fear,Disgust,Fear,Disgust: correct,EyesLookUpR,FEA,7,30,2,0.03673612461868849,0.047539925921268544,-0.010803801302580053,-0.10400180685679096,1.0,0.0,0.0,0.0,0.10400180685679096
Disgust__Fear,Disgust,Fear,Disgust: correct,InnerBrowRaiserL,FEA,7,30,2,0.06791827745318899,0.037634553747822604,0.030283723705366382,0.19720807387312733,1.0,-0.05768339924878461,0.0,1.0,0.19720807387312733
Disgust__Fear,Disgust,Fear,Disgust: correct,InnerBrowRaiserR,FEA,7,30,2,0.0589386472158574,0.03920420848698498,0.01973443872887242,0.12556597154088311,1.0,-0.04815898982195926,0.0,1.0,0.12556597154088311
Disgust__Fear,Disgust,Fear,Disgust: correct,JawDrop,FEA,7,30,2,0.15761194135550233,0.07967732745332241,0.07793461390217991,0.4364858611514696,1.0,0.046149839098668766,1.0,0.0,0.4364858611514696
Disgust__Fear,Disgust,Fear,Disgust: correct,JawSidewaysLeft,FEA,7,30,2,0.005285370125164085,0.00540455552997686,-0.00011918540481277527,-0.0055938341009244595,1.0,-0.0012431424479478368,0.0,1.0,0.0055938341009244595
Disgust__Fear,Disgust,Fear,Disgust: correct,JawSidewaysRight,FEA,7,30,2,0.00942644319731174,0.006960622455382143,0.0024658207419295964,0.09077988079688194,1.0,-0.003449667066646115,0.0,1.0,0.09077988079688194
Disgust__Fear,Disgust,Fear,Disgust: correct,JawThrust,FEA,7,30,2,0.08289652582819652,0.031235084185679142,0.05166144164251738,0.7606527260666495,1.0,0.08008729855027998,1.0,0.0,0.7606527260666495
Disgust__Fear,Disgust,Fear,Disgust: correct,LidTightenerL,FEA,7,30,2,0.07365293554233895,0.3302524058114626,-0.25659947026912366,-1.4257040970869115,1.0,-0.17548045843011803,0.0,1.0,1.4257040970869115
Disgust__Fear,Disgust,Fear,Disgust: correct,LidTightenerR,FEA,7,30,2,0.019198428205157055,0.3340970049198887,-0.31489857671473165,-1.6747716284019944,1.0,-0.2580972114991811,0.0,1.0,1.6747716284019944
Disgust__Fear,Disgust,Fear,Disgust: correct,LipCornerDepressorL,FEA,7,30,2,0.15886510030028317,0.14106567134155337,0.017799428958729796,0.10685020702111554,1.0,-0.03629226035839868,0.0,1.0,0.10685020702111554
Disgust__Fear,Disgust,Fear,Disgust: correct,LipCornerDepressorR,FEA,7,30,2,0.14545381078637076,0.1173338750109732,0.028119935775397564,0.17401957826593553,1.0,-0.023836993046179283,0.0,1.0,0.17401957826593553
Disgust__Fear,Disgust,Fear,Disgust: correct,LipCornerPullerL,FEA,7,30,2,0.05812370268421759,0.06321841641892155,-0.005094713734703958,-0.02257050123371383,1.0,-0.011062545437233257,0.0,1.0,0.02257050123371383
Disgust__Fear,Disgust,Fear,Disgust: correct,LipCornerPullerR,FEA,7,30,2,0.061205794432262185,0.06382223473119288,-0.0026164402989306904,-0.011332491631929694,1.0,-0.016229293818924254,0.0,1.0,0.011332491631929694
Disgust__Fear,Disgust,Fear,Disgust: correct,LipFunnelerLB,FEA,7,30,2,0.0013870933798184066,0.0016048450578995954,-0.00021775167808118882,-0.004344072805681745,1.0,0.0,0.0,0.0,0.004344072805681745
Disgust__Fear,Disgust,Fear,Disgust: correct,LipFunnelerLT,FEA,7,30,2,0.004785300477017474,0.003033288954884653,0.0017520115221328213,0.04331012920419868,1.0,-0.0003672364881478763,0.0,1.0,0.04331012920419868
Disgust__Fear,Disgust,Fear,Disgust: correct,LipFunnelerRB,FEA,7,30,2,0.0010556523832452008,0.001702861684957558,-0.0006472093017123573,-0.013030313535916526,1.0,-9.094210039213402e-32,0.0,1.0,0.013030313535916526
Disgust__Fear,Disgust,Fear,Disgust: correct,LipFunnelerRT,FEA,7,30,2,0.004662746587219526,0.002584834192602648,0.002077912394616878,0.051255667441580506,1.0,-0.00012813792675574038,0.0,1.0,0.051255667441580506
Disgust__Fear,Disgust,Fear,Disgust: correct,LipPressorL,FEA,7,30,2,0.0006422224370906404,0.03156230899864999,-0.030920086561559354,-0.6978663493734423,1.0,-0.018167064407514855,0.0,1.0,0.6978663493734423
Disgust__Fear,Disgust,Fear,Disgust: correct,LipPressorR,FEA,7,30,2,0.0006427359548047904,0.03168112404604156,-0.031038388091236768,-0.6953962594376023,1.0,-0.018485250978158,0.0,1.0,0.6953962594376023
Disgust__Fear,Disgust,Fear,Disgust: correct,LipPuckerL,FEA,7,30,2,0.02546751666546703,0.06278937533131,-0.03732185866584297,-0.34584185704012566,1.0,-0.027576497745250842,0.0,1.0,0.34584185704012566
Disgust__Fear,Disgust,Fear,Disgust: correct,LipPuckerR,FEA,7,30,2,0.026742181931792175,0.06036019088620097,-0.03361800895440879,-0.31355973791477415,1.0,-0.02589647266814586,0.0,1.0,0.31355973791477415
Disgust__Fear,Disgust,Fear,Disgust: correct,LipStretcherL,FEA,7,30,2,0.1077456285134931,0.12761503985444464,-0.019869411340951534,-0.18426583199897906,1.0,0.026200691263915762,1.0,0.0,0.18426583199897906
Disgust__Fear,Disgust,Fear,Disgust: correct,LipStretcherR,FEA,7,30,2,0.11508680679003838,0.13010947703013587,-0.015022670240097485,-0.13230509448048358,1.0,0.02298325723968446,1.0,0.0,0.13230509448048358
Disgust__Fear,Disgust,Fear,Disgust: correct,LipSuckLB,FEA,7,30,2,0.04890264938214854,0.13452331534001324,-0.0856206659578647,-0.7302289011465978,1.0,0.004756934249846578,1.0,0.0,0.7302289011465978
Disgust__Fear,Disgust,Fear,Disgust: correct,LipSuckLT,FEA,7,30,2,0.01758235121484008,0.0633820068780138,-0.045799655663173726,-0.632654571182757,1.0,0.00956017306138459,1.0,0.0,0.632654571182757
Disgust__Fear,Disgust,Fear,Disgust: correct,LipSuckRB,FEA,7,30,2,0.04055299506628859,0.1207091938069073,-0.08015619874061872,-0.7693513949552367,1.0,0.0060292876296444,1.0,0.0,0.7693513949552367
Disgust__Fear,Disgust,Fear,Disgust: correct,LipSuckRT,FEA,7,30,2,0.014182756126819277,0.05427878278109598,-0.0400960266542767,-0.5946140876677007,1.0,0.007736706340895377,1.0,0.0,0.5946140876677007
Disgust__Fear,Disgust,Fear,Disgust: correct,LipTightenerL,FEA,7,30,2,0.015131554863256567,0.01172114771655257,0.003410407146703997,0.05786772533916194,1.0,-3.2767586301551186e-05,0.0,1.0,0.05786772533916194
Disgust__Fear,Disgust,Fear,Disgust: correct,LipTightenerR,FEA,7,30,2,0.01257832541222499,0.011153074078997152,0.0014252513332278383,0.025158162782478646,1.0,-5.684983103708145e-14,0.0,1.0,0.025158162782478646
Disgust__Fear,Disgust,Fear,Disgust: correct,LipsToward,FEA,7,30,2,0.04235726248118134,0.04680573563660595,-0.004448473155424612,-0.10537042904360001,1.0,-0.00022962200972769659,0.0,1.0,0.10537042904360001
Disgust__Fear,Disgust,Fear,Disgust: correct,LowerLipDepressorL,FEA,7,30,2,0.25409799986277204,0.10522865089944439,0.14886934896332765,1.2439296341670054,1.0,-0.027743119636744112,0.0,1.0,1.2439296341670054
Disgust__Fear,Disgust,Fear,Disgust: correct,LowerLipDepressorR,FEA,7,30,2,0.24885572846973109,0.10466178877813244,0.14419393969159866,1.2355772788064923,1.0,-0.03191564357044431,0.0,1.0,1.2355772788064923
Disgust__Fear,Disgust,Fear,Disgust: correct,MouthLeft,FEA,7,30,2,0.002022542870313912,0.015137183651866995,-0.013114640781553083,-1.0989853826920644,1.0,-0.0018759020146862588,0.0,1.0,1.0989853826920644
Disgust__Fear,Disgust,Fear,Disgust: correct,MouthRight,FEA,7,30,2,0.0016056571545844964,0.009346187553881507,-0.007740530399297011,-1.0647176479288203,1.0,-0.001490027022972031,0.0,1.0,1.0647176479288203
Disgust__Fear,Disgust,Fear,Disgust: correct,NoseWrinklerL,FEA,7,30,2,0.01909421211251671,0.38990757741705734,-0.3708133653045406,-2.1480979590552347,1.0,-0.16390973340959236,0.0,1.0,2.1480979590552347
Disgust__Fear,Disgust,Fear,Disgust: correct,NoseWrinklerR,FEA,7,30,2,0.01887642395415026,0.39499705904284066,-0.3761206350886904,-2.1465914857299686,1.0,-0.1678816672720132,0.0,1.0,2.1465914857299686
Disgust__Fear,Disgust,Fear,Disgust: correct,OuterBrowRaiserL,FEA,7,30,2,0.040329358971073426,0.039968369491745544,0.000360989479327882,0.002302020256867664,1.0,-0.013547265245373346,0.0,1.0,0.002302020256867664
Disgust__Fear,Disgust,Fear,Disgust: correct,OuterBrowRaiserR,FEA,7,30,2,0.03814959539588358,0.04868999031497523,-0.010540394919091652,-0.06578883632410584,1.0,-0.0010265504098755061,0.0,1.0,0.06578883632410584
Disgust__Fear,Disgust,Fear,Disgust: correct,UpperLidRaiserL,FEA,7,30,2,2.8238478428886906e-24,0.10409050786438198,-0.10409050786438198,-0.5816247423436846,1.0,-0.00024106693362690678,0.0,1.0,0.5816247423436846
Disgust__Fear,Disgust,Fear,Disgust: correct,UpperLidRaiserR,FEA,7,30,2,0.00021475570163067854,0.11682971680702113,-0.11661496110539045,-0.5419685217226219,1.0,0.0011867126918823443,1.0,0.0,0.5419685217226219
Disgust__Fear,Disgust,Fear,Disgust: correct,UpperLipRaiserL,FEA,7,30,2,0.10760564922749749,0.34382511416588035,-0.23621946493838286,-1.2880539658327612,1.0,0.09456793082257109,1.0,0.0,1.2880539658327612
Disgust__Fear,Disgust,Fear,Disgust: correct,UpperLipRaiserR,FEA,7,30,2,0.12071048508056438,0.36387214341973323,-0.24316165833916886,-1.267369145821133,1.0,0.08492838910056483,1.0,0.0,1.267369145821133
Disgust__Fear,Disgust,Fear,Disgust: correct,AU1,AU-related group,7,30,2,0.06342846233452319,0.03841938111740379,0.0250090812171194,0.16132851441043597,1.0,-0.05292119453537194,0.0,1.0,0.16132851441043597
Disgust__Fear,Disgust,Fear,Disgust: correct,AU2,AU-related group,7,30,2,0.0392394771834785,0.044329179903360376,-0.005089702719881878,-0.032204192886340896,1.0,-0.007286907827624433,0.0,1.0,0.032204192886340896
Disgust__Fear,Disgust,Fear,Disgust: correct,AU4,AU-related group,7,30,2,0.03177049661320038,0.26717891771579527,-0.23540842110259488,-1.648828656366599,1.0,-0.1988354641499548,0.0,1.0,1.648828656366599
Disgust__Fear,Disgust,Fear,Disgust: correct,AU5,AU-related group,7,30,2,0.00010737785081533927,0.11046011233570158,-0.11035273448488624,-0.5888875145522448,1.0,0.00047282287912771883,1.0,0.0,0.5888875145522448
Disgust__Fear,Disgust,Fear,Disgust: correct,AU6,AU-related group,7,30,2,0.05466188864571258,0.2883935530236472,-0.23373166437793463,-1.1134465109292533,1.0,-0.22816703977684177,0.0,1.0,1.1134465109292533
Disgust__Fear,Disgust,Fear,Disgust: correct,AU7,AU-related group,7,30,2,0.046425681873748,0.33217470536567567,-0.28574902349192766,-1.6267005009931426,1.0,-0.21678883496464957,0.0,1.0,1.6267005009931426
Disgust__Fear,Disgust,Fear,Disgust: correct,AU8,AU-related group,7,30,2,0.04235726248118134,0.04680573563660595,-0.004448473155424612,-0.10537042904360001,1.0,-0.00022962200972769659,0.0,1.0,0.10537042904360001
Disgust__Fear,Disgust,Fear,Disgust: correct,AU9,AU-related group,7,30,2,0.018985318033333483,0.3924523182299489,-0.37346700019661544,-2.148233361687482,1.0,-0.16589570034080278,0.0,1.0,2.148233361687482
Disgust__Fear,Disgust,Fear,Disgust: correct,AU10,AU-related group,7,30,2,0.11415806715403094,0.35384862879280676,-0.23969056163877583,-1.2793304310080376,1.0,0.08974815996156799,1.0,0.0,1.2793304310080376
Disgust__Fear,Disgust,Fear,Disgust: correct,AU12,AU-related group,7,30,2,0.05966474855823989,0.06352032557505721,-0.0038555770168173242,-0.016890315717169473,1.0,-0.013645919628078748,0.0,1.0,0.016890315717169473
Disgust__Fear,Disgust,Fear,Disgust: correct,AU14,AU-related group,7,30,2,0.04884543886139865,0.08212531411808964,-0.03327987525669099,-0.2918195322748273,1.0,0.05008656258000804,1.0,0.0,0.2918195322748273
Disgust__Fear,Disgust,Fear,Disgust: correct,AU15,AU-related group,7,30,2,0.15215945554332697,0.1291997731762633,0.022959682367063666,0.13998457320390417,1.0,-0.030064626702288978,0.0,1.0,0.13998457320390417
Disgust__Fear,Disgust,Fear,Disgust: correct,AU16,AU-related group,7,30,2,0.25147686416625153,0.1049452198387884,0.14653164432746313,1.2400925388965551,1.0,-0.02982938160359422,0.0,1.0,1.2400925388965551
Disgust__Fear,Disgust,Fear,Disgust: correct,AU17,AU-related group,7,30,2,0.043938990610284716,0.1836085234683123,-0.13966953285802758,-0.7184204921789014,1.0,-0.014247573727974264,0.0,1.0,0.7184204921789014
Disgust__Fear,Disgust,Fear,Disgust: correct,AU18,AU-related group,7,30,2,0.026104849298629607,0.0615747831087555,-0.03546993381012589,-0.3298349259190567,1.0,-0.026736485206698347,0.0,1.0,0.3298349259190567
Disgust__Fear,Disgust,Fear,Disgust: correct,AU20,AU-related group,7,30,2,0.11141621765176575,0.12886225844229024,-0.01744604079052449,-0.1576768635093231,1.0,0.02459197425180011,1.0,0.0,0.1576768635093231
Disgust__Fear,Disgust,Fear,Disgust: correct,AU22,AU-related group,7,30,2,0.0029726982068251522,0.002231457472586114,0.0007412407342390383,0.017597780047721206,1.0,-0.00012384360372590418,0.0,1.0,0.017597780047721206
Disgust__Fear,Disgust,Fear,Disgust: correct,AU23,AU-related group,7,30,2,0.013854940137740782,0.01143711089777486,0.002417829239965922,0.04190424724238902,1.0,-1.6383793179200508e-05,0.0,1.0,0.04190424724238902
Disgust__Fear,Disgust,Fear,Disgust: correct,AU24,AU-related group,7,30,2,0.0006424791959477154,0.03162171652234577,-0.030979237326398058,-0.6967451934778294,1.0,-0.01832615769283643,0.0,1.0,0.6967451934778294
Disgust__Fear,Disgust,Fear,Disgust: correct,AU26,AU-related group,7,30,2,0.15761194135550233,0.07967732745332241,0.07793461390217991,0.4364858611514696,1.0,0.046149839098668766,1.0,0.0,0.4364858611514696
Disgust__Fear,Disgust,Fear,Disgust: correct,AU28,AU-related group,7,30,2,0.030305187947524116,0.09322332470150758,-0.06291813675398347,-0.7774205151817091,1.0,0.007020775320442735,1.0,0.0,0.7774205151817091
Disgust__Fear,Disgust,Fear,Disgust: correct,AU43,AU-related group,7,30,2,0.009872842508931556,0.10691728256311912,-0.09704444005418757,-0.9286842002857252,1.0,-0.06423415954991149,0.0,1.0,0.9286842002857252
Disgust__Fear,Disgust,Fear,Disgust: all,BrowLowererL,FEA,7,54,2,0.0334654457688506,0.20364890998157592,-0.17018346421272532,-1.1643560277023906,,,,,1.1643560277023906
Disgust__Fear,Disgust,Fear,Disgust: all,BrowLowererR,FEA,7,54,2,0.030075547457550176,0.18631237832654704,-0.15623683086899687,-1.1065323616683351,,,,,1.1065323616683351
Disgust__Fear,Disgust,Fear,Disgust: all,CheekPuffL,FEA,7,54,2,0.0022575164222506426,0.0024551103065273104,-0.00019759388427666776,-0.020798498690301093,,,,,0.020798498690301093
Disgust__Fear,Disgust,Fear,Disgust: all,CheekPuffR,FEA,7,54,2,0.0014095480938462288,0.0027735684401712334,-0.0013640203463250046,-0.12816376461720494,,,,,0.12816376461720494
Disgust__Fear,Disgust,Fear,Disgust: all,CheekRaiserL,FEA,7,54,2,0.06591063056174394,0.29181043352651315,-0.2258998029647692,-1.058519244332075,,,,,1.058519244332075
Disgust__Fear,Disgust,Fear,Disgust: all,CheekRaiserR,FEA,7,54,2,0.04341314672968121,0.2642519848114144,-0.22083883808173316,-1.0662812711038503,,,,,1.0662812711038503
Disgust__Fear,Disgust,Fear,Disgust: all,CheekSuckL,FEA,7,54,2,6.847683381448985e-21,2.4470741064524488e-05,-2.447074106452448e-05,-0.002631176860778027,,,,,0.002631176860778027
Disgust__Fear,Disgust,Fear,Disgust: all,CheekSuckR,FEA,7,54,2,1.9225141982057882e-20,3.3311644922711e-21,1.5893977489786782e-20,2.0338999173079595e-18,,,,,2.0338999173079595e-18
Disgust__Fear,Disgust,Fear,Disgust: all,ChinRaiserB,FEA,7,54,2,0.02477068645978448,0.11176969308846262,-0.08699900662867813,-0.4228917039634381,,,,,0.4228917039634381
Disgust__Fear,Disgust,Fear,Disgust: all,ChinRaiserT,FEA,7,54,2,0.06310729476078494,0.17200349018084143,-0.10889619542005649,-0.5754591600114723,,,,,0.5754591600114723
Disgust__Fear,Disgust,Fear,Disgust: all,DimplerL,FEA,7,54,2,0.047355233457702026,0.10341698908133092,-0.05606175562362889,-0.49019899579353715,,,,,0.49019899579353715
Disgust__Fear,Disgust,Fear,Disgust: all,DimplerR,FEA,7,54,2,0.05033564426509529,0.10316488143265676,-0.052829237167561466,-0.4641144396747649,,,,,0.4641144396747649
Disgust__Fear,Disgust,Fear,Disgust: all,EyesClosedL,FEA,7,54,2,0.010337083008929175,0.08110458807778993,-0.07076750506886076,-0.6530260322861845,,,,,0.6530260322861845
Disgust__Fear,Disgust,Fear,Disgust: all,EyesClosedR,FEA,7,54,2,0.009408602008933937,0.0811410500258168,-0.07173244801688286,-0.6797826843149709,,,,,0.6797826843149709
Disgust__Fear,Disgust,Fear,Disgust: all,EyesLookDownL,FEA,7,54,2,0.013276579506168326,0.04890534863136148,-0.03562876912519315,-0.9352040713416072,,,,,0.9352040713416072
Disgust__Fear,Disgust,Fear,Disgust: all,EyesLookDownR,FEA,7,54,2,0.010925304799402973,0.05540130715944406,-0.04447600236004109,-0.9862629924153172,,,,,0.9862629924153172
Disgust__Fear,Disgust,Fear,Disgust: all,EyesLookLeftL,FEA,7,54,2,0.04845646089608113,0.0452460316170609,0.0032104292790202313,0.0395511393113495,,,,,0.0395511393113495
Disgust__Fear,Disgust,Fear,Disgust: all,EyesLookLeftR,FEA,7,54,2,0.1125428237774897,0.08538495368172593,0.027157870095763773,0.25397289516284827,,,,,0.25397289516284827
Disgust__Fear,Disgust,Fear,Disgust: all,EyesLookRightL,FEA,7,54,2,0.0324645947892263,0.10500805150592146,-0.07254345671669515,-0.7868172062804794,,,,,0.7868172062804794
Disgust__Fear,Disgust,Fear,Disgust: all,EyesLookRightR,FEA,7,54,2,0.009868957310183233,0.058790674164710136,-0.048921716854526905,-0.7368267074812548,,,,,0.7368267074812548
Disgust__Fear,Disgust,Fear,Disgust: all,EyesLookUpL,FEA,7,54,2,0.03689472007210409,0.0526659598651114,-0.015771239793007305,-0.15204580824840938,,,,,0.15204580824840938
Disgust__Fear,Disgust,Fear,Disgust: all,EyesLookUpR,FEA,7,54,2,0.03673612461868849,0.05271194991125669,-0.015975825292568198,-0.15378982359280596,,,,,0.15378982359280596
Disgust__Fear,Disgust,Fear,Disgust: all,InnerBrowRaiserL,FEA,7,54,2,0.06791827745318899,0.042870261616378136,0.02504801583681085,0.16311306382199395,,,,,0.16311306382199395
Disgust__Fear,Disgust,Fear,Disgust: all,InnerBrowRaiserR,FEA,7,54,2,0.0589386472158574,0.0402406018594224,0.018698045356434996,0.11897162434426167,,,,,0.11897162434426167
Disgust__Fear,Disgust,Fear,Disgust: all,JawDrop,FEA,7,54,2,0.15761194135550233,0.10876266707982257,0.048849274275679755,0.27358854405318367,,,,,0.27358854405318367
Disgust__Fear,Disgust,Fear,Disgust: all,JawSidewaysLeft,FEA,7,54,2,0.005285370125164085,0.00488835742755227,0.0003970126976118151,0.018633348352422897,,,,,0.018633348352422897
Disgust__Fear,Disgust,Fear,Disgust: all,JawSidewaysRight,FEA,7,54,2,0.00942644319731174,0.007897848655690156,0.0015285945416215838,0.056275635903112124,,,,,0.056275635903112124
Disgust__Fear,Disgust,Fear,Disgust: all,JawThrust,FEA,7,54,2,0.08289652582819652,0.03868223588235398,0.04421428994584255,0.6510023551245125,,,,,0.6510023551245125
Disgust__Fear,Disgust,Fear,Disgust: all,LidTightenerL,FEA,7,54,2,0.07365293554233895,0.2981366222858074,-0.22448368674346844,-1.2472641178240527,,,,,1.2472641178240527
Disgust__Fear,Disgust,Fear,Disgust: all,LidTightenerR,FEA,7,54,2,0.019198428205157055,0.2799414716760359,-0.26074304347087884,-1.3867482541968146,,,,,1.3867482541968146
Disgust__Fear,Disgust,Fear,Disgust: all,LipCornerDepressorL,FEA,7,54,2,0.15886510030028317,0.11643143957419168,0.04243366072609149,0.2547298255331341,,,,,0.2547298255331341
Disgust__Fear,Disgust,Fear,Disgust: all,LipCornerDepressorR,FEA,7,54,2,0.14545381078637076,0.09825104920742044,0.04720276157895033,0.2921132085281339,,,,,0.2921132085281339
Disgust__Fear,Disgust,Fear,Disgust: all,LipCornerPullerL,FEA,7,54,2,0.05812370268421759,0.12403860629879152,-0.06591490361457392,-0.29201491797641055,,,,,0.29201491797641055
Disgust__Fear,Disgust,Fear,Disgust: all,LipCornerPullerR,FEA,7,54,2,0.061205794432262185,0.12564717712488532,-0.06444138269262314,-0.27911259064943644,,,,,0.27911259064943644
Disgust__Fear,Disgust,Fear,Disgust: all,LipFunnelerLB,FEA,7,54,2,0.0013870933798184066,0.0011374386064590776,0.00024965477335932903,0.004980528835945582,,,,,0.004980528835945582
Disgust__Fear,Disgust,Fear,Disgust: all,LipFunnelerLT,FEA,7,54,2,0.004785300477017474,0.0037054494070433144,0.0010798510699741599,0.026694167687287332,,,,,0.026694167687287332
Disgust__Fear,Disgust,Fear,Disgust: all,LipFunnelerRB,FEA,7,54,2,0.0010556523832452008,0.0011489397558673703,-9.32873726221695e-05,-0.0018781616874056974,,,,,0.0018781616874056974
Disgust__Fear,Disgust,Fear,Disgust: all,LipFunnelerRT,FEA,7,54,2,0.004662746587219526,0.002962436235970985,0.0017003103512485411,0.041941393745399375,,,,,0.041941393745399375
Disgust__Fear,Disgust,Fear,Disgust: all,LipPressorL,FEA,7,54,2,0.0006422224370906404,0.018620562339771538,-0.017978339902680898,-0.4057711290911103,,,,,0.4057711290911103
Disgust__Fear,Disgust,Fear,Disgust: all,LipPressorR,FEA,7,54,2,0.0006427359548047904,0.01871404361769316,-0.01807130766288837,-0.4048766873775472,,,,,0.4048766873775472
Disgust__Fear,Disgust,Fear,Disgust: all,LipPuckerL,FEA,7,54,2,0.02546751666546703,0.04466690239111557,-0.01919938572564854,-0.1779105181453588,,,,,0.1779105181453588
Disgust__Fear,Disgust,Fear,Disgust: all,LipPuckerR,FEA,7,54,2,0.026742181931792175,0.04324851318067585,-0.016506331248883677,-0.15395679462616269,,,,,0.15395679462616269
Disgust__Fear,Disgust,Fear,Disgust: all,LipStretcherL,FEA,7,54,2,0.1077456285134931,0.10378531040281726,0.003960318110675848,0.036727374511607576,,,,,0.036727374511607576
Disgust__Fear,Disgust,Fear,Disgust: all,LipStretcherR,FEA,7,54,2,0.11508680679003838,0.1078616965191718,0.007225110270866586,0.06363175665451555,,,,,0.06363175665451555
Disgust__Fear,Disgust,Fear,Disgust: all,LipSuckLB,FEA,7,54,2,0.04890264938214854,0.1284654985704303,-0.07956284918828176,-0.678563887408245,,,,,0.678563887408245
Disgust__Fear,Disgust,Fear,Disgust: all,LipSuckLT,FEA,7,54,2,0.01758235121484008,0.06836339055219018,-0.0507810393373501,-0.7014650263411977,,,,,0.7014650263411977
Disgust__Fear,Disgust,Fear,Disgust: all,LipSuckRB,FEA,7,54,2,0.04055299506628859,0.11156187647240445,-0.07100888140611586,-0.6815540509947156,,,,,0.6815540509947156
Disgust__Fear,Disgust,Fear,Disgust: all,LipSuckRT,FEA,7,54,2,0.014182756126819277,0.059501595236439185,-0.04531883910961991,-0.6720670954175887,,,,,0.6720670954175887
Disgust__Fear,Disgust,Fear,Disgust: all,LipTightenerL,FEA,7,54,2,0.015131554863256567,0.01078156466892883,0.004349990194327738,0.07381055309970395,,,,,0.07381055309970395
Disgust__Fear,Disgust,Fear,Disgust: all,LipTightenerR,FEA,7,54,2,0.01257832541222499,0.009758413720604316,0.0028199116916206735,0.0497763416992129,,,,,0.0497763416992129
Disgust__Fear,Disgust,Fear,Disgust: all,LipsToward,FEA,7,54,2,0.04235726248118134,0.04191319725471171,0.0004440652264696282,0.010518517657994463,,,,,0.010518517657994463
Disgust__Fear,Disgust,Fear,Disgust: all,LowerLipDepressorL,FEA,7,54,2,0.25409799986277204,0.13410445371033966,0.11999354615243238,1.0026478184207437,,,,,1.0026478184207437
Disgust__Fear,Disgust,Fear,Disgust: all,LowerLipDepressorR,FEA,7,54,2,0.24885572846973109,0.13049145148914582,0.11836427698058527,1.014246587424995,,,,,1.014246587424995
Disgust__Fear,Disgust,Fear,Disgust: all,MouthLeft,FEA,7,54,2,0.002022542870313912,0.009755599564349559,-0.007733056694035647,-0.648017464742772,,,,,0.648017464742772
Disgust__Fear,Disgust,Fear,Disgust: all,MouthRight,FEA,7,54,2,0.0016056571545844964,0.005664014670412648,-0.004058357515828152,-0.5582311089559484,,,,,0.5582311089559484
Disgust__Fear,Disgust,Fear,Disgust: all,NoseWrinklerL,FEA,7,54,2,0.01909421211251671,0.24080601683053532,-0.2217118047180186,-1.2843622149975313,,,,,1.2843622149975313
Disgust__Fear,Disgust,Fear,Disgust: all,NoseWrinklerR,FEA,7,54,2,0.01887642395415026,0.24070146386259614,-0.22182503990844588,-1.2659973890475287,,,,,1.2659973890475287
Disgust__Fear,Disgust,Fear,Disgust: all,OuterBrowRaiserL,FEA,7,54,2,0.040329358971073426,0.0349691367786915,0.005360222192381928,0.03418199358925676,,,,,0.03418199358925676
Disgust__Fear,Disgust,Fear,Disgust: all,OuterBrowRaiserR,FEA,7,54,2,0.03814959539588358,0.03907723090189351,-0.0009276355060099314,-0.005789921624547228,,,,,0.005789921624547228
Disgust__Fear,Disgust,Fear,Disgust: all,UpperLidRaiserL,FEA,7,54,2,2.8238478428886906e-24,0.06525532418534884,-0.06525532418534884,-0.3646260537541712,,,,,0.3646260537541712
Disgust__Fear,Disgust,Fear,Disgust: all,UpperLidRaiserR,FEA,7,54,2,0.00021475570163067854,0.07977094952988822,-0.07955619382825754,-0.36973774509097757,,,,,0.36973774509097757
Disgust__Fear,Disgust,Fear,Disgust: all,UpperLipRaiserL,FEA,7,54,2,0.10760564922749749,0.27941785154940696,-0.17181220232190947,-0.9368550074267696,,,,,0.9368550074267696
Disgust__Fear,Disgust,Fear,Disgust: all,UpperLipRaiserR,FEA,7,54,2,0.12071048508056438,0.29346367233183784,-0.17275318725127348,-0.9003971302874486,,,,,0.9003971302874486
Disgust__Fear,Disgust,Fear,Disgust: all,AU1,AU-related group,7,54,2,0.06342846233452319,0.04155543173790027,0.02187303059662292,0.14109848743230383,,,,,0.14109848743230383
Disgust__Fear,Disgust,Fear,Disgust: all,AU2,AU-related group,7,54,2,0.0392394771834785,0.03702318384029251,0.0022162933431859877,0.014023203759596262,,,,,0.014023203759596262
Disgust__Fear,Disgust,Fear,Disgust: all,AU4,AU-related group,7,54,2,0.03177049661320038,0.1949806441540615,-0.1632101475408611,-1.1431433379263511,,,,,1.1431433379263511
Disgust__Fear,Disgust,Fear,Disgust: all,AU5,AU-related group,7,54,2,0.00010737785081533927,0.07251313685761855,-0.07240575900680321,-0.38638686807190004,,,,,0.38638686807190004
Disgust__Fear,Disgust,Fear,Disgust: all,AU6,AU-related group,7,54,2,0.05466188864571258,0.27803120916896373,-0.22336932052325115,-1.0640825719834792,,,,,1.0640825719834792
Disgust__Fear,Disgust,Fear,Disgust: all,AU7,AU-related group,7,54,2,0.046425681873748,0.28903904698092164,-0.24261336510717363,-1.3811395669690558,,,,,1.3811395669690558
Disgust__Fear,Disgust,Fear,Disgust: all,AU8,AU-related group,7,54,2,0.04235726248118134,0.04191319725471171,0.0004440652264696282,0.010518517657994463,,,,,0.010518517657994463
Disgust__Fear,Disgust,Fear,Disgust: all,AU9,AU-related group,7,54,2,0.018985318033333483,0.24075374034656574,-0.22176842231323227,-1.2756423542944175,,,,,1.2756423542944175
Disgust__Fear,Disgust,Fear,Disgust: all,AU10,AU-related group,7,54,2,0.11415806715403094,0.2864407619406224,-0.17228269478659147,-0.9195459874165529,,,,,0.9195459874165529
Disgust__Fear,Disgust,Fear,Disgust: all,AU12,AU-related group,7,54,2,0.05966474855823989,0.12484289171183839,-0.0651781431535985,-0.2855290948465849,,,,,0.2855290948465849
Disgust__Fear,Disgust,Fear,Disgust: all,AU14,AU-related group,7,54,2,0.04884543886139865,0.10329093525699384,-0.05444549639559519,-0.47741342688593813,,,,,0.47741342688593813
Disgust__Fear,Disgust,Fear,Disgust: all,AU15,AU-related group,7,54,2,0.15215945554332697,0.10734124439080601,0.04481821115252095,0.2732554422855665,,,,,0.2732554422855665
Disgust__Fear,Disgust,Fear,Disgust: all,AU16,AU-related group,7,54,2,0.25147686416625153,0.13229795259974272,0.11917891156650881,1.008607251394506,,,,,1.008607251394506
Disgust__Fear,Disgust,Fear,Disgust: all,AU17,AU-related group,7,54,2,0.043938990610284716,0.14188659163465203,-0.09794760102436731,-0.5038146995679896,,,,,0.5038146995679896
Disgust__Fear,Disgust,Fear,Disgust: all,AU18,AU-related group,7,54,2,0.026104849298629607,0.04395770778589572,-0.017852858487266116,-0.166013736820388,,,,,0.166013736820388
Disgust__Fear,Disgust,Fear,Disgust: all,AU20,AU-related group,7,54,2,0.11141621765176575,0.10582350346099456,0.005592714190771189,0.05054680558719317,,,,,0.05054680558719317
Disgust__Fear,Disgust,Fear,Disgust: all,AU22,AU-related group,7,54,2,0.0029726982068251522,0.0022385660013351867,0.0007341322054899655,0.01742901662227683,,,,,0.01742901662227683
Disgust__Fear,Disgust,Fear,Disgust: all,AU23,AU-related group,7,54,2,0.013854940137740782,0.010269989194766573,0.003584950942974209,0.06213204314972394,,,,,0.06213204314972394
Disgust__Fear,Disgust,Fear,Disgust: all,AU24,AU-related group,7,54,2,0.0006424791959477154,0.018667302978732352,-0.018024823782784638,-0.4053911722106381,,,,,0.4053911722106381
Disgust__Fear,Disgust,Fear,Disgust: all,AU26,AU-related group,7,54,2,0.15761194135550233,0.10876266707982257,0.048849274275679755,0.27358854405318367,,,,,0.27358854405318367
Disgust__Fear,Disgust,Fear,Disgust: all,AU28,AU-related group,7,54,2,0.030305187947524116,0.09197309020786604,-0.061667902260341925,-0.7619725379482889,,,,,0.7619725379482889
Disgust__Fear,Disgust,Fear,Disgust: all,AU43,AU-related group,7,54,2,0.009872842508931556,0.08112281905180335,-0.0712499765428718,-0.6818394484954146,,,,,0.6818394484954146
Disgust__Fear,Disgust,Fear,Fear: correct,BrowLowererL,FEA,7,33,2,0.0334654457688506,0.04345572338823085,-0.009990277619380254,-0.06835117629293092,,,,,0.06835117629293092
Disgust__Fear,Disgust,Fear,Fear: correct,BrowLowererR,FEA,7,33,2,0.030075547457550176,0.046749502496631665,-0.01667395503908149,-0.11809168648087119,,,,,0.11809168648087119
Disgust__Fear,Disgust,Fear,Fear: correct,CheekPuffL,FEA,7,33,2,0.0022575164222506426,9.817972402605541e-05,0.002159336698224587,0.22728922838046725,,,,,0.22728922838046725
Disgust__Fear,Disgust,Fear,Fear: correct,CheekPuffR,FEA,7,33,2,0.0014095480938462288,0.0001096511584566191,0.0012998969353896098,0.12213870951614411,,,,,0.12213870951614411
Disgust__Fear,Disgust,Fear,Fear: correct,CheekRaiserL,FEA,7,33,2,0.06591063056174394,0.06352058604045843,0.0023900445212855087,0.011199248903221536,,,,,0.011199248903221536
Disgust__Fear,Disgust,Fear,Fear: correct,CheekRaiserR,FEA,7,33,2,0.04341314672968121,0.05251000625174728,-0.00909685952206607,-0.0439225772898327,,,,,0.0439225772898327
Disgust__Fear,Disgust,Fear,Fear: correct,CheekSuckL,FEA,7,33,2,6.847683381448985e-21,4.787492417071824e-10,-4.787492417003347e-10,-5.1476738017677426e-08,,,,,5.1476738017677426e-08
Disgust__Fear,Disgust,Fear,Fear: correct,CheekSuckR,FEA,7,33,2,1.9225141982057882e-20,1.443494598919296e-09,-1.4434945989000708e-09,-1.8471924647080433e-07,,,,,1.8471924647080433e-07
Disgust__Fear,Disgust,Fear,Fear: correct,ChinRaiserB,FEA,7,33,2,0.02477068645978448,0.00876074528389746,0.01600994117588702,0.07782239782486748,,,,,0.07782239782486748
Disgust__Fear,Disgust,Fear,Fear: correct,ChinRaiserT,FEA,7,33,2,0.06310729476078494,0.04386433633227038,0.01924295842851456,0.10168892173591172,,,,,0.10168892173591172
Disgust__Fear,Disgust,Fear,Fear: correct,DimplerL,FEA,7,33,2,0.047355233457702026,0.07451366063939736,-0.027158427181695338,-0.23747086732666975,,,,,0.23747086732666975
Disgust__Fear,Disgust,Fear,Fear: correct,DimplerR,FEA,7,33,2,0.05033564426509529,0.07616677234245266,-0.025831128077357365,-0.22693114980564427,,,,,0.22693114980564427
Disgust__Fear,Disgust,Fear,Fear: correct,EyesClosedL,FEA,7,33,2,0.010337083008929175,0.003235995608610324,0.007101087400318852,0.06552717840533427,,,,,0.06552717840533427
Disgust__Fear,Disgust,Fear,Fear: correct,EyesClosedR,FEA,7,33,2,0.009408602008933937,0.0030134361372180967,0.0063951658717158405,0.06060469345603965,,,,,0.06060469345603965
Disgust__Fear,Disgust,Fear,Fear: correct,EyesLookDownL,FEA,7,33,2,0.013276579506168326,0.0062430345150807426,0.007033544991087584,0.1846204646732605,,,,,0.1846204646732605
Disgust__Fear,Disgust,Fear,Fear: correct,EyesLookDownR,FEA,7,33,2,0.010925304799402973,0.005960628187650132,0.0049646766117528406,0.11009255669706668,,,,,0.11009255669706668
Disgust__Fear,Disgust,Fear,Fear: correct,EyesLookLeftL,FEA,7,33,2,0.04845646089608113,0.03262345663270668,0.015833004263374452,0.19505595760359598,,,,,0.19505595760359598
Disgust__Fear,Disgust,Fear,Fear: correct,EyesLookLeftR,FEA,7,33,2,0.1125428237774897,0.07058599235818043,0.04195683141930927,0.3923686912797957,,,,,0.3923686912797957
Disgust__Fear,Disgust,Fear,Fear: correct,EyesLookRightL,FEA,7,33,2,0.0324645947892263,0.09732394151332564,-0.06485934672409935,-0.7034741974032263,,,,,0.7034741974032263
Disgust__Fear,Disgust,Fear,Fear: correct,EyesLookRightR,FEA,7,33,2,0.009868957310183233,0.04895663058157124,-0.039087673271388006,-0.5887128140923947,,,,,0.5887128140923947
Disgust__Fear,Disgust,Fear,Fear: correct,EyesLookUpL,FEA,7,33,2,0.03689472007210409,0.051928626458546255,-0.015033906386442163,-0.14493739729143076,,,,,0.14493739729143076
Disgust__Fear,Disgust,Fear,Fear: correct,EyesLookUpR,FEA,7,33,2,0.03673612461868849,0.051925939664649146,-0.015189815045960654,-0.14622336771624198,,,,,0.14622336771624198
Disgust__Fear,Disgust,Fear,Fear: correct,InnerBrowRaiserL,FEA,7,33,2,0.06791827745318899,0.24244784837996844,-0.17452957092677945,-1.1365392463369501,,,,,1.1365392463369501
Disgust__Fear,Disgust,Fear,Fear: correct,InnerBrowRaiserR,FEA,7,33,2,0.0589386472158574,0.2540996504143313,-0.1951610031984739,-1.2417673139929206,,,,,1.2417673139929206
Disgust__Fear,Disgust,Fear,Fear: correct,JawDrop,FEA,7,33,2,0.15761194135550233,0.2488203237230044,-0.09120838236750206,-0.5108278251289071,,,,,0.5108278251289071
Disgust__Fear,Disgust,Fear,Fear: correct,JawSidewaysLeft,FEA,7,33,2,0.005285370125164085,0.0008595912879629647,0.00442577883720112,0.2077189956402427,,,,,0.2077189956402427
Disgust__Fear,Disgust,Fear,Fear: correct,JawSidewaysRight,FEA,7,33,2,0.00942644319731174,0.005941570585164876,0.0034848726121468636,0.12829656063134998,,,,,0.12829656063134998
Disgust__Fear,Disgust,Fear,Fear: correct,JawThrust,FEA,7,33,2,0.08289652582819652,0.03429902658905681,0.04859749923913972,0.7155398514053597,,,,,0.7155398514053597
Disgust__Fear,Disgust,Fear,Fear: correct,LidTightenerL,FEA,7,33,2,0.07365293554233895,0.058707629018927086,0.014945306523411868,0.0830383037046042,,,,,0.0830383037046042
Disgust__Fear,Disgust,Fear,Fear: correct,LidTightenerR,FEA,7,33,2,0.019198428205157055,0.08617964988588568,-0.06698122168072862,-0.3562361280794601,,,,,0.3562361280794601
Disgust__Fear,Disgust,Fear,Fear: correct,LipCornerDepressorL,FEA,7,33,2,0.15886510030028317,0.038211939080122055,0.12065316122016112,0.7242825196256314,,,,,0.7242825196256314
Disgust__Fear,Disgust,Fear,Fear: correct,LipCornerDepressorR,FEA,7,33,2,0.14545381078637076,0.03474891568108556,0.1107048951052852,0.6850947069036821,,,,,0.6850947069036821
Disgust__Fear,Disgust,Fear,Fear: correct,LipCornerPullerL,FEA,7,33,2,0.05812370268421759,0.036914159466179056,0.021209543218038536,0.09396210391731896,,,,,0.09396210391731896
Disgust__Fear,Disgust,Fear,Fear: correct,LipCornerPullerR,FEA,7,33,2,0.061205794432262185,0.036303894729555856,0.02490189970270633,0.10785668226995442,,,,,0.10785668226995442
Disgust__Fear,Disgust,Fear,Fear: correct,LipFunnelerLB,FEA,7,33,2,0.0013870933798184066,2.2869219483540714e-08,0.001387070510598923,0.027671590583146964,,,,,0.027671590583146964
Disgust__Fear,Disgust,Fear,Fear: correct,LipFunnelerLT,FEA,7,33,2,0.004785300477017474,0.0003142231504734636,0.004471077326544011,0.11052606346952101,,,,,0.11052606346952101
Disgust__Fear,Disgust,Fear,Fear: correct,LipFunnelerRB,FEA,7,33,2,0.0010556523832452008,4.942101494691287e-08,0.001055602962230254,0.021252533810794328,,,,,0.021252533810794328
Disgust__Fear,Disgust,Fear,Fear: correct,LipFunnelerRT,FEA,7,33,2,0.004662746587219526,0.0003659942294027165,0.00429675235781681,0.10598758181607146,,,,,0.10598758181607146
Disgust__Fear,Disgust,Fear,Fear: correct,LipPressorL,FEA,7,33,2,0.0006422224370906404,0.00012491519230769605,0.0005173072447829444,0.011675624442459539,,,,,0.011675624442459539
Disgust__Fear,Disgust,Fear,Fear: correct,LipPressorR,FEA,7,33,2,0.0006427359548047904,8.971170702381159e-05,0.0005530242477809788,0.01239017284514734,,,,,0.01239017284514734
Disgust__Fear,Disgust,Fear,Fear: correct,LipPuckerL,FEA,7,33,2,0.02546751666546703,0.004395021893843386,0.021072494771623644,0.19526762559005192,,,,,0.19526762559005192
Disgust__Fear,Disgust,Fear,Fear: correct,LipPuckerR,FEA,7,33,2,0.026742181931792175,0.0036815407827129544,0.02306064114907922,0.2150897337393817,,,,,0.2150897337393817
Disgust__Fear,Disgust,Fear,Fear: correct,LipStretcherL,FEA,7,33,2,0.1077456285134931,0.07570919566701599,0.032036432846477114,0.29710089803057166,,,,,0.29710089803057166
Disgust__Fear,Disgust,Fear,Fear: correct,LipStretcherR,FEA,7,33,2,0.11508680679003838,0.08317420189712081,0.03191260489291757,0.28105524104537644,,,,,0.28105524104537644
Disgust__Fear,Disgust,Fear,Fear: correct,LipSuckLB,FEA,7,33,2,0.04890264938214854,0.04769871249479792,0.0012039368873506193,0.010267959265027691,,,,,0.010267959265027691
Disgust__Fear,Disgust,Fear,Fear: correct,LipSuckLT,FEA,7,33,2,0.01758235121484008,0.019092840778349704,-0.0015104895635096247,-0.020865181478789987,,,,,0.020865181478789987
Disgust__Fear,Disgust,Fear,Fear: correct,LipSuckRB,FEA,7,33,2,0.04055299506628859,0.03586009659282282,0.0046928984734657675,0.04504315378811238,,,,,0.04504315378811238
Disgust__Fear,Disgust,Fear,Fear: correct,LipSuckRT,FEA,7,33,2,0.014182756126819277,0.014187538284342651,-4.782157523374603e-06,-7.091820487258492e-05,,,,,7.091820487258492e-05
Disgust__Fear,Disgust,Fear,Fear: correct,LipTightenerL,FEA,7,33,2,0.015131554863256567,0.001459683769634523,0.013671871093622045,0.2319840556523488,,,,,0.2319840556523488
Disgust__Fear,Disgust,Fear,Fear: correct,LipTightenerR,FEA,7,33,2,0.01257832541222499,0.001390005647482305,0.011188319764742684,0.19749328651132936,,,,,0.19749328651132936
Disgust__Fear,Disgust,Fear,Fear: correct,LipsToward,FEA,7,33,2,0.04235726248118134,0.03881265294398638,0.0035446095371949593,0.08396072420282338,,,,,0.08396072420282338
Disgust__Fear,Disgust,Fear,Fear: correct,LowerLipDepressorL,FEA,7,33,2,0.25409799986277204,0.051938074111461195,0.20215992575131084,1.6892175873289041,,,,,1.6892175873289041
Disgust__Fear,Disgust,Fear,Fear: correct,LowerLipDepressorR,FEA,7,33,2,0.24885572846973109,0.05235391512268718,0.19650181334704392,1.6837959787711378,,,,,1.6837959787711378
Disgust__Fear,Disgust,Fear,Fear: correct,MouthLeft,FEA,7,33,2,0.002022542870313912,0.0014323435632085445,0.0005901993071053676,0.04945773370294109,,,,,0.04945773370294109
Disgust__Fear,Disgust,Fear,Fear: correct,MouthRight,FEA,7,33,2,0.0016056571545844964,0.0009256617942857394,0.0006799953602987569,0.09353403749768319,,,,,0.09353403749768319
Disgust__Fear,Disgust,Fear,Fear: correct,NoseWrinklerL,FEA,7,33,2,0.01909421211251671,0.004686492965945049,0.01440771914657166,0.08346298971174823,,,,,0.08346298971174823
Disgust__Fear,Disgust,Fear,Fear: correct,NoseWrinklerR,FEA,7,33,2,0.01887642395415026,0.003268239147956739,0.015608184806193519,0.08907885791688729,,,,,0.08907885791688729
Disgust__Fear,Disgust,Fear,Fear: correct,OuterBrowRaiserL,FEA,7,33,2,0.040329358971073426,0.2503124271250901,-0.20998306815401668,-1.3390564107014242,,,,,1.3390564107014242
Disgust__Fear,Disgust,Fear,Fear: correct,OuterBrowRaiserR,FEA,7,33,2,0.03814959539588358,0.260883637971358,-0.2227340425754744,-1.3902148433037183,,,,,1.3902148433037183
Disgust__Fear,Disgust,Fear,Fear: correct,UpperLidRaiserL,FEA,7,33,2,2.8238478428886906e-24,0.29830145803169295,-0.29830145803169295,-1.6668139317225623,,,,,1.6668139317225623
Disgust__Fear,Disgust,Fear,Fear: correct,UpperLidRaiserR,FEA,7,33,2,0.00021475570163067854,0.39541919596230585,-0.3952044402606752,-1.8367142966563461,,,,,1.8367142966563461
Disgust__Fear,Disgust,Fear,Fear: correct,UpperLipRaiserL,FEA,7,33,2,0.10760564922749749,0.09505058301952465,0.012555066207972837,0.06846007726200977,,,,,0.06846007726200977
Disgust__Fear,Disgust,Fear,Fear: correct,UpperLipRaiserR,FEA,7,33,2,0.12071048508056438,0.10164539394867593,0.01906509113188845,0.09936808470487137,,,,,0.09936808470487137
Disgust__Fear,Disgust,Fear,Fear: correct,AU1,AU-related group,7,33,2,0.06342846233452319,0.24827374939714986,-0.18484528706262665,-1.1923994847587993,,,,,1.1923994847587993
Disgust__Fear,Disgust,Fear,Fear: correct,AU2,AU-related group,7,33,2,0.0392394771834785,0.255598032548224,-0.2163585553647455,-1.3689704552603095,,,,,1.3689704552603095
Disgust__Fear,Disgust,Fear,Fear: correct,AU4,AU-related group,7,33,2,0.03177049661320038,0.045102612942431265,-0.013332116329230884,-0.09337973276694579,,,,,0.09337973276694579
Disgust__Fear,Disgust,Fear,Fear: correct,AU5,AU-related group,7,33,2,0.00010737785081533927,0.3468603269969995,-0.34675294914618415,-1.8504161527082417,,,,,1.8504161527082417
Disgust__Fear,Disgust,Fear,Fear: correct,AU6,AU-related group,7,33,2,0.05466188864571258,0.058015296146102846,-0.0033534075003902666,-0.01597489963959724,,,,,0.01597489963959724
Disgust__Fear,Disgust,Fear,Fear: correct,AU7,AU-related group,7,33,2,0.046425681873748,0.0724436394524064,-0.026017957578658393,-0.14811397817153893,,,,,0.14811397817153893
Disgust__Fear,Disgust,Fear,Fear: correct,AU8,AU-related group,7,33,2,0.04235726248118134,0.03881265294398638,0.0035446095371949593,0.08396072420282338,,,,,0.08396072420282338
Disgust__Fear,Disgust,Fear,Fear: correct,AU9,AU-related group,7,33,2,0.018985318033333483,0.003977366056950894,0.015007951976382588,0.08632779632282178,,,,,0.08632779632282178
Disgust__Fear,Disgust,Fear,Fear: correct,AU10,AU-related group,7,33,2,0.11415806715403094,0.09834798848410028,0.015810078669930658,0.0843851114569764,,,,,0.0843851114569764
Disgust__Fear,Disgust,Fear,Fear: correct,AU12,AU-related group,7,33,2,0.05966474855823989,0.03660902709786745,0.023055721460372436,0.1010013320585318,,,,,0.1010013320585318
Disgust__Fear,Disgust,Fear,Fear: correct,AU14,AU-related group,7,33,2,0.04884543886139865,0.07534021649092501,-0.02649477762952636,-0.23232339532340845,,,,,0.23232339532340845
Disgust__Fear,Disgust,Fear,Fear: correct,AU15,AU-related group,7,33,2,0.15215945554332697,0.0364804273806038,0.11567902816272316,0.705291960364005,,,,,0.705291960364005
Disgust__Fear,Disgust,Fear,Fear: correct,AU16,AU-related group,7,33,2,0.25147686416625153,0.05214599461707419,0.19933086954917734,1.6869306642549493,,,,,1.6869306642549493
Disgust__Fear,Disgust,Fear,Fear: correct,AU17,AU-related group,7,33,2,0.043938990610284716,0.02631254080808392,0.017626449802200794,0.09066546213149998,,,,,0.09066546213149998
Disgust__Fear,Disgust,Fear,Fear: correct,AU18,AU-related group,7,33,2,0.026104849298629607,0.0040382813382781714,0.022066567960351436,0.20519702256711128,,,,,0.20519702256711128
Disgust__Fear,Disgust,Fear,Fear: correct,AU20,AU-related group,7,33,2,0.11141621765176575,0.0794416987820684,0.03197451886969735,0.28898487101622644,,,,,0.28898487101622644
Disgust__Fear,Disgust,Fear,Fear: correct,AU22,AU-related group,7,33,2,0.0029726982068251522,0.00017007241752765265,0.0028026257892974997,0.06653707752146219,,,,,0.06653707752146219
Disgust__Fear,Disgust,Fear,Fear: correct,AU23,AU-related group,7,33,2,0.013854940137740782,0.0014248447085584137,0.012430095429182369,0.2154303469827708,,,,,0.2154303469827708
Disgust__Fear,Disgust,Fear,Fear: correct,AU24,AU-related group,7,33,2,0.0006424791959477154,0.0001073134496657538,0.0005351657462819616,0.012036260205741035,,,,,0.012036260205741035
Disgust__Fear,Disgust,Fear,Fear: correct,AU26,AU-related group,7,33,2,0.15761194135550233,0.2488203237230044,-0.09120838236750206,-0.5108278251289071,,,,,0.5108278251289071
Disgust__Fear,Disgust,Fear,Fear: correct,AU28,AU-related group,7,33,2,0.030305187947524116,0.029209797037578273,0.0010953909099458425,0.013534720026202028,,,,,0.013534720026202028
Disgust__Fear,Disgust,Fear,Fear: correct,AU43,AU-related group,7,33,2,0.009872842508931556,0.0031247158729142102,0.0067481266360173466,0.06457740994638413,,,,,0.06457740994638413
Disgust__Fear,Disgust,Fear,Fear: all,BrowLowererL,FEA,7,54,2,0.0334654457688506,0.06675630180789535,-0.033290856039044754,-0.2277683620776587,,,,,0.2277683620776587
Disgust__Fear,Disgust,Fear,Fear: all,BrowLowererR,FEA,7,54,2,0.030075547457550176,0.06361726683849464,-0.03354171938094447,-0.2375560087501623,,,,,0.2375560087501623
Disgust__Fear,Disgust,Fear,Fear: all,CheekPuffL,FEA,7,54,2,0.0022575164222506426,0.0001668061940783621,0.0020907102281722805,0.22006568726365636,,,,,0.22006568726365636
Disgust__Fear,Disgust,Fear,Fear: all,CheekPuffR,FEA,7,54,2,0.0014095480938462288,0.00015284663082023713,0.0012567014630259917,0.11808004985798337,,,,,0.11808004985798337
Disgust__Fear,Disgust,Fear,Fear: all,CheekRaiserL,FEA,7,54,2,0.06591063056174394,0.09391164360504785,-0.028001013043303907,-0.13120689251664885,,,,,0.13120689251664885
Disgust__Fear,Disgust,Fear,Fear: all,CheekRaiserR,FEA,7,54,2,0.04341314672968121,0.08332194912688201,-0.0399088023972008,-0.1926925939203243,,,,,0.1926925939203243
Disgust__Fear,Disgust,Fear,Fear: all,CheekSuckL,FEA,7,54,2,6.847683381448985e-21,2.9816738396887935e-10,-2.981673839620317e-10,-3.205996578734426e-08,,,,,3.205996578734426e-08
Disgust__Fear,Disgust,Fear,Fear: all,CheekSuckR,FEA,7,54,2,1.9225141982057882e-20,1.242019499051857e-09,-1.2420194990326318e-09,-1.5893714194578436e-07,,,,,1.5893714194578436e-07
Disgust__Fear,Disgust,Fear,Fear: all,ChinRaiserB,FEA,7,54,2,0.02477068645978448,0.008004723760171032,0.01676596269961345,0.08149732749120592,,,,,0.08149732749120592
Disgust__Fear,Disgust,Fear,Fear: all,ChinRaiserT,FEA,7,54,2,0.06310729476078494,0.04993407872335829,0.013173216037426654,0.06961352328523128,,,,,0.06961352328523128
Disgust__Fear,Disgust,Fear,Fear: all,DimplerL,FEA,7,54,2,0.047355233457702026,0.09110241199669565,-0.043747178538993625,-0.38252143105516123,,,,,0.38252143105516123
Disgust__Fear,Disgust,Fear,Fear: all,DimplerR,FEA,7,54,2,0.05033564426509529,0.09266286655063309,-0.0423272222855378,-0.371852332293451,,,,,0.371852332293451
Disgust__Fear,Disgust,Fear,Fear: all,EyesClosedL,FEA,7,54,2,0.010337083008929175,0.004800727607115374,0.005536355401813802,0.0510881964519546,,,,,0.0510881964519546
Disgust__Fear,Disgust,Fear,Fear: all,EyesClosedR,FEA,7,54,2,0.009408602008933937,0.009327611738396337,8.099027053760054e-05,0.0007675157481937314,,,,,0.0007675157481937314
Disgust__Fear,Disgust,Fear,Fear: all,EyesLookDownL,FEA,7,54,2,0.013276579506168326,0.005430092082023683,0.007846487424144642,0.20595903717600034,,,,,0.20595903717600034
Disgust__Fear,Disgust,Fear,Fear: all,EyesLookDownR,FEA,7,54,2,0.010925304799402973,0.007603359133691111,0.003321945665711862,0.073664715780518,,,,,0.073664715780518
Disgust__Fear,Disgust,Fear,Fear: all,EyesLookLeftL,FEA,7,54,2,0.04845646089608113,0.04182036352846166,0.00663609736761947,0.08175393028763346,,,,,0.08175393028763346
Disgust__Fear,Disgust,Fear,Fear: all,EyesLookLeftR,FEA,7,54,2,0.1125428237774897,0.08152406460840547,0.031018759169084226,0.29007886269256095,,,,,0.29007886269256095
Disgust__Fear,Disgust,Fear,Fear: all,EyesLookRightL,FEA,7,54,2,0.0324645947892263,0.08716889964771435,-0.05470430485848805,-0.5933310910226512,,,,,0.5933310910226512
Disgust__Fear,Disgust,Fear,Fear: all,EyesLookRightR,FEA,7,54,2,0.009868957310183233,0.04027761780735201,-0.030408660497168782,-0.45799523470670817,,,,,0.45799523470670817
Disgust__Fear,Disgust,Fear,Fear: all,EyesLookUpL,FEA,7,54,2,0.03689472007210409,0.046388334406677764,-0.009493614334573672,-0.0915250978137398,,,,,0.0915250978137398
Disgust__Fear,Disgust,Fear,Fear: all,EyesLookUpR,FEA,7,54,2,0.03673612461868849,0.04636362778370694,-0.009627503165018446,-0.0926782802310773,,,,,0.0926782802310773
Disgust__Fear,Disgust,Fear,Fear: all,InnerBrowRaiserL,FEA,7,54,2,0.06791827745318899,0.19252685401721106,-0.12460857656402208,-0.8114529643495705,,,,,0.8114529643495705
Disgust__Fear,Disgust,Fear,Fear: all,InnerBrowRaiserR,FEA,7,54,2,0.0589386472158574,0.20316566116276855,-0.14422701394691115,-0.9176853407129639,,,,,0.9176853407129639
Disgust__Fear,Disgust,Fear,Fear: all,JawDrop,FEA,7,54,2,0.15761194135550233,0.20471469390560035,-0.04710275255009802,-0.2638068565430981,,,,,0.2638068565430981
Disgust__Fear,Disgust,Fear,Fear: all,JawSidewaysLeft,FEA,7,54,2,0.005285370125164085,0.0021341643582673225,0.0031512057668967625,0.14789832954452056,,,,,0.14789832954452056
Disgust__Fear,Disgust,Fear,Fear: all,JawSidewaysRight,FEA,7,54,2,0.00942644319731174,0.005021357985150021,0.004405085212161718,0.1621744450682238,,,,,0.1621744450682238
Disgust__Fear,Disgust,Fear,Fear: all,JawThrust,FEA,7,54,2,0.08289652582819652,0.029766742873695476,0.05312978295450105,0.7822722896375864,,,,,0.7822722896375864
Disgust__Fear,Disgust,Fear,Fear: all,LidTightenerL,FEA,7,54,2,0.07365293554233895,0.09506143356547765,-0.021408498023138697,-0.11894873871740252,,,,,0.11894873871740252
Disgust__Fear,Disgust,Fear,Fear: all,LidTightenerR,FEA,7,54,2,0.019198428205157055,0.1300746010557494,-0.11087617285059234,-0.5896891325875606,,,,,0.5896891325875606
Disgust__Fear,Disgust,Fear,Fear: all,LipCornerDepressorL,FEA,7,54,2,0.15886510030028317,0.03281908991693611,0.12604601038334706,0.7566558643467526,,,,,0.7566558643467526
Disgust__Fear,Disgust,Fear,Fear: all,LipCornerDepressorR,FEA,7,54,2,0.14545381078637076,0.027182726721615747,0.11827108406475502,0.7319178939238773,,,,,0.7319178939238773
Disgust__Fear,Disgust,Fear,Fear: all,LipCornerPullerL,FEA,7,54,2,0.05812370268421759,0.05012560611577572,0.007998096568441873,0.035433011129892125,,,,,0.035433011129892125
Disgust__Fear,Disgust,Fear,Fear: all,LipCornerPullerR,FEA,7,54,2,0.061205794432262185,0.05079379094671078,0.010412003485551408,0.04509712773490644,,,,,0.04509712773490644
Disgust__Fear,Disgust,Fear,Fear: all,LipFunnelerLB,FEA,7,54,2,0.0013870933798184066,2.832846168916966e-06,0.0013842605336494896,0.027615532487254475,,,,,0.027615532487254475
Disgust__Fear,Disgust,Fear,Fear: all,LipFunnelerLT,FEA,7,54,2,0.004785300477017474,0.00041981976900909787,0.0043654807080083765,0.10791569068684813,,,,,0.10791569068684813
Disgust__Fear,Disgust,Fear,Fear: all,LipFunnelerRB,FEA,7,54,2,0.0010556523832452008,5.9505893416903475e-06,0.0010497017939035105,0.021133725145155186,,,,,0.021133725145155186
Disgust__Fear,Disgust,Fear,Fear: all,LipFunnelerRT,FEA,7,54,2,0.004662746587219526,0.0006229301079729737,0.004039816479246552,0.09964976893236921,,,,,0.09964976893236921
Disgust__Fear,Disgust,Fear,Fear: all,LipPressorL,FEA,7,54,2,0.0006422224370906404,9.522745256642185e-05,0.0005469949845242185,0.012345676724271358,,,,,0.012345676724271358
Disgust__Fear,Disgust,Fear,Fear: all,LipPressorR,FEA,7,54,2,0.0006427359548047904,5.488069975873377e-05,0.0005878552550460566,0.013170540436833508,,,,,0.013170540436833508
Disgust__Fear,Disgust,Fear,Fear: all,LipPuckerL,FEA,7,54,2,0.02546751666546703,0.003269350054805418,0.022198166610661613,0.20569862911311484,,,,,0.20569862911311484
Disgust__Fear,Disgust,Fear,Fear: all,LipPuckerR,FEA,7,54,2,0.026742181931792175,0.0026853359461595843,0.02405684598563259,0.2243814716255464,,,,,0.2243814716255464
Disgust__Fear,Disgust,Fear,Fear: all,LipStretcherL,FEA,7,54,2,0.1077456285134931,0.07107840856589692,0.03666721994759618,0.3400460977325464,,,,,0.3400460977325464
Disgust__Fear,Disgust,Fear,Fear: all,LipStretcherR,FEA,7,54,2,0.11508680679003838,0.0774836073577629,0.03760319943227548,0.331172472945355,,,,,0.331172472945355
Disgust__Fear,Disgust,Fear,Fear: all,LipSuckLB,FEA,7,54,2,0.04890264938214854,0.05930284109455375,-0.010400191712405207,-0.08869962036502954,,,,,0.08869962036502954
Disgust__Fear,Disgust,Fear,Fear: all,LipSuckLT,FEA,7,54,2,0.01758235121484008,0.027449423761796845,-0.009867072546956766,-0.13629902803054197,,,,,0.13629902803054197
Disgust__Fear,Disgust,Fear,Fear: all,LipSuckRB,FEA,7,54,2,0.04055299506628859,0.04590828259281145,-0.00535528752652286,-0.051400864732235665,,,,,0.051400864732235665
Disgust__Fear,Disgust,Fear,Fear: all,LipSuckRT,FEA,7,54,2,0.014182756126819277,0.022890749095721082,-0.008707992968901805,-0.12913736663400832,,,,,0.12913736663400832
Disgust__Fear,Disgust,Fear,Fear: all,LipTightenerL,FEA,7,54,2,0.015131554863256567,0.001482832862651591,0.013648722000604976,0.23159126227052135,,,,,0.23159126227052135
Disgust__Fear,Disgust,Fear,Fear: all,LipTightenerR,FEA,7,54,2,0.01257832541222499,0.0017648221696622943,0.010813503242562696,0.19087712355204922,,,,,0.19087712355204922
Disgust__Fear,Disgust,Fear,Fear: all,LipsToward,FEA,7,54,2,0.04235726248118134,0.03406544003709882,0.008291822444082518,0.19640736449558951,,,,,0.19640736449558951
Disgust__Fear,Disgust,Fear,Fear: all,LowerLipDepressorL,FEA,7,54,2,0.25409799986277204,0.05232198051772032,0.2017760193450517,1.68600972379744,,,,,1.68600972379744
Disgust__Fear,Disgust,Fear,Fear: all,LowerLipDepressorR,FEA,7,54,2,0.24885572846973109,0.051843893470766074,0.19701183499896502,1.6881662814770688,,,,,1.6881662814770688
Disgust__Fear,Disgust,Fear,Fear: all,MouthLeft,FEA,7,54,2,0.002022542870313912,0.004999696337063135,-0.0029771534667492228,-0.24948057644022917,,,,,0.24948057644022917
Disgust__Fear,Disgust,Fear,Fear: all,MouthRight,FEA,7,54,2,0.0016056571545844964,0.0006011796825310361,0.0010044774720534603,0.13816687439653713,,,,,0.13816687439653713
Disgust__Fear,Disgust,Fear,Fear: all,NoseWrinklerL,FEA,7,54,2,0.01909421211251671,0.01409529606911539,0.00499891604340132,0.028958398901020827,,,,,0.028958398901020827
Disgust__Fear,Disgust,Fear,Fear: all,NoseWrinklerR,FEA,7,54,2,0.01887642395415026,0.012665004856558337,0.006211419097591922,0.03544974166612074,,,,,0.03544974166612074
Disgust__Fear,Disgust,Fear,Fear: all,OuterBrowRaiserL,FEA,7,54,2,0.040329358971073426,0.19099858513603002,-0.1506692261649566,-0.9608136263807069,,,,,0.9608136263807069
Disgust__Fear,Disgust,Fear,Fear: all,OuterBrowRaiserR,FEA,7,54,2,0.03814959539588358,0.20069617813279594,-0.16254658273691236,-1.0145493227537454,,,,,1.0145493227537454
Disgust__Fear,Disgust,Fear,Fear: all,UpperLidRaiserL,FEA,7,54,2,2.8238478428886906e-24,0.2216262090418408,-0.2216262090418408,-1.2383769603517973,,,,,1.2383769603517973
Disgust__Fear,Disgust,Fear,Fear: all,UpperLidRaiserR,FEA,7,54,2,0.00021475570163067854,0.2799247355985454,-0.27970997989691476,-1.2999533068384985,,,,,1.2999533068384985
Disgust__Fear,Disgust,Fear,Fear: all,UpperLipRaiserL,FEA,7,54,2,0.10760564922749749,0.12005821189822165,-0.012452562670724157,-0.06790114750700635,,,,,0.06790114750700635
Disgust__Fear,Disgust,Fear,Fear: all,UpperLipRaiserR,FEA,7,54,2,0.12071048508056438,0.13358314127658028,-0.012872656196015894,-0.06709284432020929,,,,,0.06709284432020929
Disgust__Fear,Disgust,Fear,Fear: all,AU1,AU-related group,7,54,2,0.06342846233452319,0.19784625758998978,-0.1344177952554666,-0.8671019551108623,,,,,0.8671019551108623
Disgust__Fear,Disgust,Fear,Fear: all,AU2,AU-related group,7,54,2,0.0392394771834785,0.19584738163441298,-0.15660790445093448,-0.9909087897732045,,,,,0.9909087897732045
Disgust__Fear,Disgust,Fear,Fear: all,AU4,AU-related group,7,54,2,0.03177049661320038,0.06518678432319498,-0.0334162877099946,-0.23405166436937952,,,,,0.23405166436937952
Disgust__Fear,Disgust,Fear,Fear: all,AU5,AU-related group,7,54,2,0.00010737785081533927,0.25077547232019315,-0.2506680944693778,-1.3376679048205768,,,,,1.3376679048205768
Disgust__Fear,Disgust,Fear,Fear: all,AU6,AU-related group,7,54,2,0.05466188864571258,0.08861679636596492,-0.03395490772025234,-0.16175375138264275,,,,,0.16175375138264275
Disgust__Fear,Disgust,Fear,Fear: all,AU7,AU-related group,7,54,2,0.046425681873748,0.11256801731061351,-0.06614233543686551,-0.3765324160243197,,,,,0.3765324160243197
Disgust__Fear,Disgust,Fear,Fear: all,AU8,AU-related group,7,54,2,0.04235726248118134,0.03406544003709882,0.008291822444082518,0.19640736449558951,,,,,0.19640736449558951
Disgust__Fear,Disgust,Fear,Fear: all,AU9,AU-related group,7,54,2,0.018985318033333483,0.013380150462836863,0.00560516757049662,0.03224169194721461,,,,,0.03224169194721461
Disgust__Fear,Disgust,Fear,Fear: all,AU10,AU-related group,7,54,2,0.11415806715403094,0.12682067658740093,-0.012662609433369984,-0.06758573000672952,,,,,0.06758573000672952
Disgust__Fear,Disgust,Fear,Fear: all,AU12,AU-related group,7,54,2,0.05966474855823989,0.05045969853124325,0.00920505002699664,0.040325015028918824,,,,,0.040325015028918824
Disgust__Fear,Disgust,Fear,Fear: all,AU14,AU-related group,7,54,2,0.04884543886139865,0.09188263927366437,-0.04303720041226572,-0.37737808804437617,,,,,0.37737808804437617
Disgust__Fear,Disgust,Fear,Fear: all,AU15,AU-related group,7,54,2,0.15215945554332697,0.030000908319275932,0.12215854722405103,0.7447974158779589,,,,,0.7447974158779589
Disgust__Fear,Disgust,Fear,Fear: all,AU16,AU-related group,7,54,2,0.25147686416625153,0.05208293699424319,0.19939392717200835,1.6874643188655434,,,,,1.6874643188655434
Disgust__Fear,Disgust,Fear,Fear: all,AU17,AU-related group,7,54,2,0.043938990610284716,0.028969401241764652,0.014969589368520064,0.07699932506239578,,,,,0.07699932506239578
Disgust__Fear,Disgust,Fear,Fear: all,AU18,AU-related group,7,54,2,0.026104849298629607,0.002977343000482502,0.023127506298147103,0.2150626885118169,,,,,0.2150626885118169
Disgust__Fear,Disgust,Fear,Fear: all,AU20,AU-related group,7,54,2,0.11141621765176575,0.0742810079618299,0.03713520968993585,0.3356270606022167,,,,,0.3356270606022167
Disgust__Fear,Disgust,Fear,Fear: all,AU22,AU-related group,7,54,2,0.0029726982068251522,0.0002628833281231697,0.0027098148787019823,0.06433365572440546,,,,,0.06433365572440546
Disgust__Fear,Disgust,Fear,Fear: all,AU23,AU-related group,7,54,2,0.013854940137740782,0.0016238275161569425,0.012231112621583839,0.21198170609913625,,,,,0.21198170609913625
Disgust__Fear,Disgust,Fear,Fear: all,AU24,AU-related group,7,54,2,0.0006424791959477154,7.505407616257781e-05,0.0005674251197851375,0.012761796576960579,,,,,0.012761796576960579
Disgust__Fear,Disgust,Fear,Fear: all,AU26,AU-related group,7,54,2,0.15761194135550233,0.20471469390560035,-0.04710275255009802,-0.2638068565430981,,,,,0.2638068565430981
Disgust__Fear,Disgust,Fear,Fear: all,AU28,AU-related group,7,54,2,0.030305187947524116,0.03888782413622078,-0.008582636188696664,-0.10604760076610664,,,,,0.10604760076610664
Disgust__Fear,Disgust,Fear,Fear: all,AU43,AU-related group,7,54,2,0.009872842508931556,0.007064169672755855,0.0028086728361757015,0.026878099201475242,,,,,0.026878099201475242
Disgust__Fear,Fear,Disgust,Fear: correct,BrowLowererL,FEA,3,33,2,0.2523187174772223,0.04345572338823085,0.20886299408899145,1.42899245385852,1.0,0.18163850637235257,1.0,0.0,1.42899245385852
Disgust__Fear,Fear,Disgust,Fear: correct,BrowLowererR,FEA,3,33,2,0.2345780182836784,0.046749502496631665,0.18782851578704673,1.3302774384662825,1.0,0.13849805313253055,1.0,0.0,1.3302774384662825
Disgust__Fear,Fear,Disgust,Fear: correct,CheekPuffL,FEA,3,33,2,0.00036261689137016324,9.817972402605541e-05,0.0002644371673441078,0.02783434365292648,1.0,0.001058596246623894,1.0,0.0,0.02783434365292648
Disgust__Fear,Fear,Disgust,Fear: correct,CheekPuffR,FEA,3,33,2,9.131015951878766e-07,0.0001096511584566191,-0.00010873805686143121,-0.010217060736717284,1.0,-6.973524355522859e-05,0.0,1.0,0.010217060736717284
Disgust__Fear,Fear,Disgust,Fear: correct,CheekRaiserL,FEA,3,33,2,0.23726213789648476,0.06352058604045843,0.17374155185602633,0.8141165851676505,1.0,-0.012103592024909127,0.0,1.0,0.8141165851676505
Disgust__Fear,Fear,Disgust,Fear: correct,CheekRaiserR,FEA,3,33,2,0.21397488957477936,0.05251000625174728,0.16146488332303208,0.7796046317024996,1.0,0.034339678535858814,1.0,0.0,0.7796046317024996
Disgust__Fear,Fear,Disgust,Fear: correct,CheekSuckL,FEA,3,33,2,8.553939741575623e-20,4.787492417071824e-10,-4.787492416216431e-10,-5.147673800921623e-08,1.0,0.0,0.0,0.0,5.147673800921623e-08
Disgust__Fear,Fear,Disgust,Fear: correct,CheekSuckR,FEA,3,33,2,9.341989762165447e-46,1.443494598919296e-09,-1.443494598919296e-09,-1.847192464732645e-07,1.0,-4.670994881082723e-46,0.0,1.0,1.847192464732645e-07
Disgust__Fear,Fear,Disgust,Fear: correct,ChinRaiserB,FEA,3,33,2,0.001614945426191195,0.00876074528389746,-0.007145799857706265,-0.034734873363611085,1.0,-1.2676720891741147e-05,0.0,1.0,0.034734873363611085
Disgust__Fear,Fear,Disgust,Fear: correct,ChinRaiserT,FEA,3,33,2,0.08831072593094941,0.04386433633227038,0.044446389598679026,0.23487580925428447,1.0,0.09975773556349787,1.0,0.0,0.23487580925428447
Disgust__Fear,Fear,Disgust,Fear: correct,DimplerL,FEA,3,33,2,0.08721001194264516,0.07451366063939736,0.012696351303247796,0.11101576448795437,1.0,0.10169017232126534,1.0,0.0,0.11101576448795437
Disgust__Fear,Fear,Disgust,Fear: correct,DimplerR,FEA,3,33,2,0.0934641950429876,0.07616677234245266,0.017297422700534942,0.15196099877447644,1.0,0.09574347955898968,1.0,0.0,0.15196099877447644
Disgust__Fear,Fear,Disgust,Fear: correct,EyesClosedL,FEA,3,33,2,0.01707061986865784,0.003235995608610324,0.013834624260047515,0.12766268614271578,1.0,0.015382735806827356,1.0,0.0,0.12766268614271578
Disgust__Fear,Fear,Disgust,Fear: correct,EyesClosedR,FEA,3,33,2,0.056033505305836374,0.0030134361372180967,0.053020069168618275,0.5024521808251396,1.0,0.06002729291448365,1.0,0.0,0.5024521808251396
Disgust__Fear,Fear,Disgust,Fear: correct,EyesLookDownL,FEA,3,33,2,0.003270991108712024,0.0062430345150807426,-0.0029720434063687184,-0.07801187529306589,1.0,-0.0014548270325029824,0.0,1.0,0.07801187529306589
Disgust__Fear,Fear,Disgust,Fear: correct,EyesLookDownR,FEA,3,33,2,0.009806052998707545,0.005960628187650132,0.0038454248110574123,0.08527295575172925,1.0,-0.001456908469643957,0.0,1.0,0.08527295575172925
Disgust__Fear,Fear,Disgust,Fear: correct,EyesLookLeftL,FEA,3,33,2,0.11529719009995458,0.03262345663270668,0.0826737334672479,1.0185056469303069,1.0,0.07302479681610648,1.0,0.0,1.0185056469303069
Disgust__Fear,Fear,Disgust,Fear: correct,EyesLookLeftR,FEA,3,33,2,0.1800169208242247,0.07058599235818043,0.10943092846604428,1.0233677981696743,1.0,0.07084488625534707,1.0,0.0,1.0233677981696743
Disgust__Fear,Fear,Disgust,Fear: correct,EyesLookRightL,FEA,3,33,2,0.032982701684037836,0.09732394151332564,-0.0643412398292878,-0.6978547323545411,1.0,-0.042251388956275254,0.0,1.0,0.6978547323545411
Disgust__Fear,Fear,Disgust,Fear: correct,EyesLookRightR,FEA,3,33,2,0.012087045366772338,0.04895663058157124,-0.0368695852147989,-0.5553054313445668,1.0,-0.04363773809228507,0.0,1.0,0.5553054313445668
Disgust__Fear,Fear,Disgust,Fear: correct,EyesLookUpL,FEA,3,33,2,0.07837092610489987,0.051928626458546255,0.02644229964635362,0.25492230632743657,1.0,0.0190958516180722,1.0,0.0,0.25492230632743657
Disgust__Fear,Fear,Disgust,Fear: correct,EyesLookUpR,FEA,3,33,2,0.07798983832407325,0.051925939664649146,0.0260638986594241,0.2509017408220066,1.0,0.018948947066544625,1.0,0.0,0.2509017408220066
Disgust__Fear,Fear,Disgust,Fear: correct,InnerBrowRaiserL,FEA,3,33,2,0.1430154545465484,0.24244784837996844,-0.09943239383342004,-0.6475052757467943,1.0,-0.06612376405133136,0.0,1.0,0.6475052757467943
Disgust__Fear,Fear,Disgust,Fear: correct,InnerBrowRaiserR,FEA,3,33,2,0.1374011196299559,0.2540996504143313,-0.11669853078437539,-0.7425275477379139,1.0,-0.09617395864592665,0.0,1.0,0.7425275477379139
Disgust__Fear,Fear,Disgust,Fear: correct,JawDrop,FEA,3,33,2,0.16116912489136057,0.2488203237230044,-0.08765119883164382,-0.4909052228193384,1.0,0.00047524174054469626,1.0,0.0,0.4909052228193384
Disgust__Fear,Fear,Disgust,Fear: correct,JawSidewaysLeft,FEA,3,33,2,0.020552799547688877,0.0008595912879629647,0.01969320825972591,0.9242787746780731,1.0,0.005616383786820669,1.0,0.0,0.9242787746780731
Disgust__Fear,Fear,Disgust,Fear: correct,JawSidewaysRight,FEA,3,33,2,0.0020238298714661453,0.005941570585164876,-0.003917740713698731,-0.144232720949679,1.0,-0.0045216347493710896,0.0,1.0,0.144232720949679
Disgust__Fear,Fear,Disgust,Fear: correct,JawThrust,FEA,3,33,2,0.027882803981709763,0.03429902658905681,-0.006416222607347043,-0.09447117738410782,1.0,0.0025652133716278017,1.0,0.0,0.09447117738410782
Disgust__Fear,Fear,Disgust,Fear: correct,LidTightenerL,FEA,3,33,2,0.3632194923678778,0.058707629018927086,0.30451186334895075,1.6919123439063812,1.0,0.022146312442563904,1.0,0.0,1.6919123439063812
Disgust__Fear,Fear,Disgust,Fear: correct,LidTightenerR,FEA,3,33,2,0.4107446916815307,0.08617964988588568,0.32456504179564505,1.7261822179110038,1.0,0.0880825754668978,1.0,0.0,1.7261822179110038
Disgust__Fear,Fear,Disgust,Fear: correct,LipCornerDepressorL,FEA,3,33,2,0.04031654441625703,0.038211939080122055,0.0021046053361349765,0.01263397361708476,1.0,0.021010369641913315,1.0,0.0,0.01263397361708476
Disgust__Fear,Fear,Disgust,Fear: correct,LipCornerDepressorR,FEA,3,33,2,0.011059956248411329,0.03474891568108556,-0.023688959432674232,-0.14659858269091453,1.0,0.01064477800132913,1.0,0.0,0.14659858269091453
Disgust__Fear,Fear,Disgust,Fear: correct,LipCornerPullerL,FEA,3,33,2,0.0867390592819352,0.036914159466179056,0.04982489981575615,0.22073329755524299,1.0,0.026700065243575266,1.0,0.0,0.22073329755524299
Disgust__Fear,Fear,Disgust,Fear: correct,LipCornerPullerR,FEA,3,33,2,0.0893471208709604,0.036303894729555856,0.05304322614140455,0.22974417441272751,1.0,0.01960945850134721,1.0,0.0,0.22974417441272751
Disgust__Fear,Fear,Disgust,Fear: correct,LipFunnelerLB,FEA,3,33,2,1.3566319814286775e-23,2.2869219483540714e-08,-2.28692194835407e-08,-4.562332438539245e-07,1.0,0.0,0.0,0.0,4.562332438539245e-07
Disgust__Fear,Fear,Disgust,Fear: correct,LipFunnelerLT,FEA,3,33,2,2.958338029764018e-07,0.0003142231504734636,-0.0003139273166704872,-0.00776035572481552,1.0,-2.8099403001515795e-05,0.0,1.0,0.00776035572481552
Disgust__Fear,Fear,Disgust,Fear: correct,LipFunnelerRB,FEA,3,33,2,1.341030679535521e-23,4.942101494691287e-08,-4.9421014946912856e-08,-9.949970099590677e-07,1.0,0.0,0.0,0.0,9.949970099590677e-07
Disgust__Fear,Fear,Disgust,Fear: correct,LipFunnelerRT,FEA,3,33,2,1.0311373641374239e-07,0.0003659942294027165,-0.0003658911156663028,-0.009025401356190819,1.0,-1.4579427928865981e-05,0.0,1.0,0.009025401356190819
Disgust__Fear,Fear,Disgust,Fear: correct,LipPressorL,FEA,3,33,2,7.821670152252122e-07,0.00012491519230769605,-0.00012413302529247082,-0.002801682363503997,1.0,2.3464860293552583e-06,1.0,0.0,0.002801682363503997
Disgust__Fear,Fear,Disgust,Fear: correct,LipPressorR,FEA,3,33,2,9.28245710703243e-07,8.971170702381159e-05,-8.878346131310835e-05,-0.0019891396007929263,1.0,2.7847156441604617e-06,1.0,0.0,0.0019891396007929263
Disgust__Fear,Fear,Disgust,Fear: correct,LipPuckerL,FEA,3,33,2,0.0010943330148072304,0.004395021893843386,-0.003300688879036156,-0.03058573212170359,1.0,0.002046110892635669,1.0,0.0,0.03058573212170359
Disgust__Fear,Fear,Disgust,Fear: correct,LipPuckerR,FEA,3,33,2,0.00017020700413071963,0.0036815407827129544,-0.003511333778582235,-0.0327506873127639,1.0,-1.2942755566870104e-05,0.0,1.0,0.0327506873127639
Disgust__Fear,Fear,Disgust,Fear: correct,LipStretcherL,FEA,3,33,2,0.09040264909336754,0.07570919566701599,0.014693453426351546,0.13626480292169826,1.0,0.16644192240553068,1.0,0.0,0.13626480292169826
Disgust__Fear,Fear,Disgust,Fear: correct,LipStretcherR,FEA,3,33,2,0.1006838505971245,0.08317420189712081,0.017509648700003683,0.1542079862334135,1.0,0.16399367688291275,1.0,0.0,0.1542079862334135
Disgust__Fear,Fear,Disgust,Fear: correct,LipSuckLB,FEA,3,33,2,0.04448384539619682,0.04769871249479792,-0.0032148670986011027,-0.02741848410638525,1.0,0.012868879886710934,1.0,0.0,0.02741848410638525
Disgust__Fear,Fear,Disgust,Fear: correct,LipSuckLT,FEA,3,33,2,0.02675898361409489,0.019092840778349704,0.007666142835745186,0.1058964360789705,1.0,0.05306052883936835,1.0,0.0,0.1058964360789705
Disgust__Fear,Fear,Disgust,Fear: correct,LipSuckRB,FEA,3,33,2,0.032907670489323304,0.03586009659282282,-0.0029524261034995156,-0.028337835088461598,1.0,0.016548167799739943,1.0,0.0,0.028337835088461598
Disgust__Fear,Fear,Disgust,Fear: correct,LipSuckRT,FEA,3,33,2,0.023718272059140247,0.014187538284342651,0.009530733774797595,0.14133840784696686,1.0,0.035686984280874946,1.0,0.0,0.14133840784696686
Disgust__Fear,Fear,Disgust,Fear: correct,LipTightenerL,FEA,3,33,2,3.8061054777552946e-11,0.001459683769634523,-0.0014596837315734683,-0.02476788653881736,1.0,-2.872463752598119e-05,0.0,1.0,0.02476788653881736
Disgust__Fear,Fear,Disgust,Fear: correct,LipTightenerR,FEA,3,33,2,0.005639287957184024,0.001390005647482305,0.004249282309701719,0.07500721701769716,1.0,-2.4604084101800607e-05,0.0,1.0,0.07500721701769716
Disgust__Fear,Fear,Disgust,Fear: correct,LipsToward,FEA,3,33,2,0.024183701553071497,0.03881265294398638,-0.014628951390914881,-0.3465141478124838,1.0,-0.011800929293450373,0.0,1.0,0.3465141478124838
Disgust__Fear,Fear,Disgust,Fear: correct,LowerLipDepressorL,FEA,3,33,2,0.056033254660898535,0.051938074111461195,0.00409518054943734,0.034218705718692344,1.0,0.09150788795405748,1.0,0.0,0.034218705718692344
Disgust__Fear,Fear,Disgust,Fear: correct,LowerLipDepressorR,FEA,3,33,2,0.05096807423798027,0.05235391512268718,-0.0013858408847069112,-0.011875072647624687,1.0,0.08691001669751267,1.0,0.0,0.011875072647624687
Disgust__Fear,Fear,Disgust,Fear: correct,MouthLeft,FEA,3,33,2,0.060204375092651474,0.0014323435632085445,0.05877203152944293,4.924999825601474,1.0,-0.00011407009001994699,0.0,1.0,4.924999825601474
Disgust__Fear,Fear,Disgust,Fear: correct,MouthRight,FEA,3,33,2,2.5887548198261925e-28,0.0009256617942857394,-0.0009256617942857394,-0.12732569960309084,1.0,-0.00327376626910556,0.0,1.0,0.12732569960309084
Disgust__Fear,Fear,Disgust,Fear: correct,NoseWrinklerL,FEA,3,33,2,0.07482891726928456,0.004686492965945049,0.07014242430333952,0.4063305495082297,1.0,0.11806889492695014,1.0,0.0,0.4063305495082297
Disgust__Fear,Fear,Disgust,Fear: correct,NoseWrinklerR,FEA,3,33,2,0.06891065367316426,0.003268239147956739,0.06564241452520753,0.37463365467662063,1.0,0.13065795479931208,1.0,0.0,0.37463365467662063
Disgust__Fear,Fear,Disgust,Fear: correct,OuterBrowRaiserL,FEA,3,33,2,0.07832058226403492,0.2503124271250901,-0.17199184486105518,-1.096787395642001,1.0,-0.07805630018313728,0.0,1.0,1.096787395642001
Disgust__Fear,Fear,Disgust,Fear: correct,OuterBrowRaiserR,FEA,3,33,2,0.06774074499484815,0.260883637971358,-0.19314289297650983,-1.2055189839405873,1.0,-0.1298247369627158,0.0,1.0,1.2055189839405873
Disgust__Fear,Fear,Disgust,Fear: correct,UpperLidRaiserL,FEA,3,33,2,0.12218052027071998,0.29830145803169295,-0.17612093776097298,-0.9841079378728441,1.0,-0.17017445564423253,0.0,1.0,0.9841079378728441
Disgust__Fear,Fear,Disgust,Fear: correct,UpperLidRaiserR,FEA,3,33,2,0.12603501631593741,0.39541919596230585,-0.2693841796463684,-1.251964106787794,1.0,-0.285528857066917,0.0,1.0,1.251964106787794
Disgust__Fear,Fear,Disgust,Fear: correct,UpperLipRaiserL,FEA,3,33,2,0.2331953154592459,0.09505058301952465,0.13814473243972125,0.7532735311389483,1.0,0.29763280490620253,1.0,0.0,0.7532735311389483
Disgust__Fear,Fear,Disgust,Fear: correct,UpperLipRaiserR,FEA,3,33,2,0.2677576091115396,0.10164539394867593,0.16611221516286367,0.8657840947431267,1.0,0.3129342238405824,1.0,0.0,0.8657840947431267
Disgust__Fear,Fear,Disgust,Fear: correct,AU1,AU-related group,3,33,2,0.14020828708825217,0.24827374939714986,-0.10806546230889769,-0.6971083960268539,1.0,-0.08114886134862892,0.0,1.0,0.6971083960268539
Disgust__Fear,Fear,Disgust,Fear: correct,AU2,AU-related group,3,33,2,0.07303066362944154,0.255598032548224,-0.18256736891878245,-1.155162705366941,1.0,-0.10394051857292652,0.0,1.0,1.155162705366941
Disgust__Fear,Fear,Disgust,Fear: correct,AU4,AU-related group,3,33,2,0.24344836788045032,0.045102612942431265,0.19834575493801906,1.3892373224318262,1.0,0.16006827975244148,1.0,0.0,1.3892373224318262
Disgust__Fear,Fear,Disgust,Fear: correct,AU5,AU-related group,3,33,2,0.12410776829332872,0.3468603269969995,-0.22275255870367078,-1.1886991406916463,1.0,-0.22785165635557475,0.0,1.0,1.1886991406916463
Disgust__Fear,Fear,Disgust,Fear: correct,AU6,AU-related group,3,33,2,0.22561851373563205,0.058015296146102846,0.1676032175895292,0.7984250586767964,1.0,0.01111804325547483,1.0,0.0,0.7984250586767964
Disgust__Fear,Fear,Disgust,Fear: correct,AU7,AU-related group,3,33,2,0.3869820920247043,0.0724436394524064,0.3145384525722979,1.7905918002040664,1.0,0.05511444395473081,1.0,0.0,1.7905918002040664
Disgust__Fear,Fear,Disgust,Fear: correct,AU8,AU-related group,3,33,2,0.024183701553071497,0.03881265294398638,-0.014628951390914881,-0.3465141478124838,1.0,-0.011800929293450373,0.0,1.0,0.3465141478124838
Disgust__Fear,Fear,Disgust,Fear: correct,AU9,AU-related group,3,33,2,0.07186978547122441,0.003977366056950894,0.06789241941427351,0.3905264998370344,1.0,0.12436342486313111,1.0,0.0,0.3905264998370344
Disgust__Fear,Fear,Disgust,Fear: correct,AU10,AU-related group,3,33,2,0.2504764622853928,0.09834798848410028,0.1521284738012925,0.811974341526669,1.0,0.3052835143733924,1.0,0.0,0.811974341526669
Disgust__Fear,Fear,Disgust,Fear: correct,AU12,AU-related group,3,33,2,0.0880430900764478,0.03660902709786745,0.051434062978580344,0.225319727380811,1.0,0.023154761872461252,1.0,0.0,0.225319727380811
Disgust__Fear,Fear,Disgust,Fear: correct,AU14,AU-related group,3,33,2,0.09033710349281637,0.07534021649092501,0.014996887001891362,0.1315024325276127,1.0,0.09871682594012751,1.0,0.0,0.1315024325276127
Disgust__Fear,Fear,Disgust,Fear: correct,AU15,AU-related group,3,33,2,0.025688250332334173,0.0364804273806038,-0.010792177048269628,-0.06579961664496685,1.0,0.015827573821621227,1.0,0.0,0.06579961664496685
Disgust__Fear,Fear,Disgust,Fear: correct,AU16,AU-related group,3,33,2,0.0535006644494394,0.05214599461707419,0.0013546698323652073,0.01146452672045453,1.0,0.08920895232578506,1.0,0.0,0.01146452672045453
Disgust__Fear,Fear,Disgust,Fear: correct,AU17,AU-related group,3,33,2,0.0449628356785703,0.02631254080808392,0.018650294870486375,0.09593183098676313,1.0,0.049872529421303075,1.0,0.0,0.09593183098676313
Disgust__Fear,Fear,Disgust,Fear: correct,AU18,AU-related group,3,33,2,0.0006322700094689751,0.0040382813382781714,-0.0034060113288091965,-0.03167250044308052,1.0,0.0010165840685343996,1.0,0.0,0.03167250044308052
Disgust__Fear,Fear,Disgust,Fear: correct,AU20,AU-related group,3,33,2,0.09554324984524602,0.0794416987820684,0.01610155106317762,0.14552540027626104,1.0,0.16521779964422173,1.0,0.0,0.14552540027626104
Disgust__Fear,Fear,Disgust,Fear: correct,AU22,AU-related group,3,33,2,9.973688484753608e-08,0.00017007241752765265,-0.00016997268064280512,-0.004035317690877265,1.0,-1.0669707732595445e-05,0.0,1.0,0.004035317690877265
Disgust__Fear,Fear,Disgust,Fear: correct,AU23,AU-related group,3,33,2,0.002819643997622539,0.0014248447085584137,0.0013947992890641252,0.02417375606859454,1.0,-2.66643608138909e-05,0.0,1.0,0.02417375606859454
Disgust__Fear,Fear,Disgust,Fear: correct,AU24,AU-related group,3,33,2,8.552063629642276e-07,0.0001073134496657538,-0.00010645824330278958,-0.002394321995270894,1.0,2.56560083675786e-06,1.0,0.0,0.002394321995270894
Disgust__Fear,Fear,Disgust,Fear: correct,AU26,AU-related group,3,33,2,0.16116912489136057,0.2488203237230044,-0.08765119883164382,-0.4909052228193384,1.0,0.00047524174054469626,1.0,0.0,0.4909052228193384
Disgust__Fear,Fear,Disgust,Fear: correct,AU28,AU-related group,3,33,2,0.03196719288968881,0.029209797037578273,0.002757395852110534,0.03407055921394494,1.0,0.029541140201673543,1.0,0.0,0.03407055921394494
Disgust__Fear,Fear,Disgust,Fear: correct,AU43,AU-related group,3,33,2,0.0365520625872471,0.0031247158729142102,0.03342734671433289,0.31988899862516484,1.0,0.03770501436065551,1.0,0.0,0.31988899862516484
Disgust__Fear,Fear,Disgust,Fear: all,BrowLowererL,FEA,3,54,2,0.2523187174772223,0.06675630180789535,0.18556241566932694,1.269575268073792,,,,,1.269575268073792
Disgust__Fear,Fear,Disgust,Fear: all,BrowLowererR,FEA,3,54,2,0.2345780182836784,0.06361726683849464,0.17096075144518377,1.2108131161969915,,,,,1.2108131161969915
Disgust__Fear,Fear,Disgust,Fear: all,CheekPuffL,FEA,3,54,2,0.00036261689137016324,0.0001668061940783621,0.00019581069729180113,0.020610802536115566,,,,,0.020610802536115566
Disgust__Fear,Fear,Disgust,Fear: all,CheekPuffR,FEA,3,54,2,9.131015951878766e-07,0.00015284663082023713,-0.00015193352922504927,-0.014275720394878016,,,,,0.014275720394878016
Disgust__Fear,Fear,Disgust,Fear: all,CheekRaiserL,FEA,3,54,2,0.23726213789648476,0.09391164360504785,0.14335049429143693,0.6717104437477802,,,,,0.6717104437477802
Disgust__Fear,Fear,Disgust,Fear: all,CheekRaiserR,FEA,3,54,2,0.21397488957477936,0.08332194912688201,0.13065294044789735,0.630834615072008,,,,,0.630834615072008
Disgust__Fear,Fear,Disgust,Fear: all,CheekSuckL,FEA,3,54,2,8.553939741575623e-20,2.9816738396887935e-10,-2.9816738388333993e-10,-3.2059965778883055e-08,,,,,3.2059965778883055e-08
Disgust__Fear,Fear,Disgust,Fear: all,CheekSuckR,FEA,3,54,2,9.341989762165447e-46,1.242019499051857e-09,-1.242019499051857e-09,-1.5893714194824454e-07,,,,,1.5893714194824454e-07
Disgust__Fear,Fear,Disgust,Fear: all,ChinRaiserB,FEA,3,54,2,0.001614945426191195,0.008004723760171032,-0.006389778333979837,-0.031059943697272642,,,,,0.031059943697272642
Disgust__Fear,Fear,Disgust,Fear: all,ChinRaiserT,FEA,3,54,2,0.08831072593094941,0.04993407872335829,0.03837664720759112,0.20280041080360406,,,,,0.20280041080360406
Disgust__Fear,Fear,Disgust,Fear: all,DimplerL,FEA,3,54,2,0.08721001194264516,0.09110241199669565,-0.0038924000540504905,-0.03403479924053709,,,,,0.03403479924053709
Disgust__Fear,Fear,Disgust,Fear: all,DimplerR,FEA,3,54,2,0.0934641950429876,0.09266286655063309,0.0008013284923545083,0.007039816286669724,,,,,0.007039816286669724
Disgust__Fear,Fear,Disgust,Fear: all,EyesClosedL,FEA,3,54,2,0.01707061986865784,0.004800727607115374,0.012269892261542466,0.11322370418933612,,,,,0.11322370418933612
Disgust__Fear,Fear,Disgust,Fear: all,EyesClosedR,FEA,3,54,2,0.056033505305836374,0.009327611738396337,0.04670589356744004,0.4426150031172938,,,,,0.4426150031172938
Disgust__Fear,Fear,Disgust,Fear: all,EyesLookDownL,FEA,3,54,2,0.003270991108712024,0.005430092082023683,-0.002159100973311659,-0.05667330279032601,,,,,0.05667330279032601
Disgust__Fear,Fear,Disgust,Fear: all,EyesLookDownR,FEA,3,54,2,0.009806052998707545,0.007603359133691111,0.002202693865016434,0.04884511483518057,,,,,0.04884511483518057
Disgust__Fear,Fear,Disgust,Fear: all,EyesLookLeftL,FEA,3,54,2,0.11529719009995458,0.04182036352846166,0.07347682657149292,0.9052036196143443,,,,,0.9052036196143443
Disgust__Fear,Fear,Disgust,Fear: all,EyesLookLeftR,FEA,3,54,2,0.1800169208242247,0.08152406460840547,0.09849285621581924,0.9210779695824395,,,,,0.9210779695824395
Disgust__Fear,Fear,Disgust,Fear: all,EyesLookRightL,FEA,3,54,2,0.032982701684037836,0.08716889964771435,-0.05418619796367651,-0.5877116259739662,,,,,0.5877116259739662
Disgust__Fear,Fear,Disgust,Fear: all,EyesLookRightR,FEA,3,54,2,0.012087045366772338,0.04027761780735201,-0.028190572440579674,-0.42458785195888016,,,,,0.42458785195888016
Disgust__Fear,Fear,Disgust,Fear: all,EyesLookUpL,FEA,3,54,2,0.07837092610489987,0.046388334406677764,0.03198259169822211,0.3083346058051275,,,,,0.3083346058051275
Disgust__Fear,Fear,Disgust,Fear: all,EyesLookUpR,FEA,3,54,2,0.07798983832407325,0.04636362778370694,0.03162621054036631,0.3044468283071713,,,,,0.3044468283071713
Disgust__Fear,Fear,Disgust,Fear: all,InnerBrowRaiserL,FEA,3,54,2,0.1430154545465484,0.19252685401721106,-0.04951139947066266,-0.32241899375941463,,,,,0.32241899375941463
Disgust__Fear,Fear,Disgust,Fear: all,InnerBrowRaiserR,FEA,3,54,2,0.1374011196299559,0.20316566116276855,-0.06576454153281264,-0.41844557445795716,,,,,0.41844557445795716
Disgust__Fear,Fear,Disgust,Fear: all,JawDrop,FEA,3,54,2,0.16116912489136057,0.20471469390560035,-0.04354556901423978,-0.2438842542335294,,,,,0.2438842542335294
Disgust__Fear,Fear,Disgust,Fear: all,JawSidewaysLeft,FEA,3,54,2,0.020552799547688877,0.0021341643582673225,0.018418635189421554,0.864458108582351,,,,,0.864458108582351
Disgust__Fear,Fear,Disgust,Fear: all,JawSidewaysRight,FEA,3,54,2,0.0020238298714661453,0.005021357985150021,-0.002997528113683876,-0.1103548365128052,,,,,0.1103548365128052
Disgust__Fear,Fear,Disgust,Fear: all,JawThrust,FEA,3,54,2,0.027882803981709763,0.029766742873695476,-0.0018839388919857127,-0.027738739151881058,,,,,0.027738739151881058
Disgust__Fear,Fear,Disgust,Fear: all,LidTightenerL,FEA,3,54,2,0.3632194923678778,0.09506143356547765,0.2681580588024002,1.4899253014843745,,,,,1.4899253014843745
Disgust__Fear,Fear,Disgust,Fear: all,LidTightenerR,FEA,3,54,2,0.4107446916815307,0.1300746010557494,0.2806700906257813,1.492729213402903,,,,,1.492729213402903
Disgust__Fear,Fear,Disgust,Fear: all,LipCornerDepressorL,FEA,3,54,2,0.04031654441625703,0.03281908991693611,0.0074974544993209186,0.04500731833820599,,,,,0.04500731833820599
Disgust__Fear,Fear,Disgust,Fear: all,LipCornerDepressorR,FEA,3,54,2,0.011059956248411329,0.027182726721615747,-0.016122770473204418,-0.09977539567071943,,,,,0.09977539567071943
Disgust__Fear,Fear,Disgust,Fear: all,LipCornerPullerL,FEA,3,54,2,0.0867390592819352,0.05012560611577572,0.036613453166159486,0.16220420476781613,,,,,0.16220420476781613
Disgust__Fear,Fear,Disgust,Fear: all,LipCornerPullerR,FEA,3,54,2,0.0893471208709604,0.05079379094671078,0.038553329924249626,0.16698461987767954,,,,,0.16698461987767954
Disgust__Fear,Fear,Disgust,Fear: all,LipFunnelerLB,FEA,3,54,2,1.3566319814286775e-23,2.832846168916966e-06,-2.832846168916966e-06,-5.6514329136345736e-05,,,,,5.6514329136345736e-05
Disgust__Fear,Fear,Disgust,Fear: all,LipFunnelerLT,FEA,3,54,2,2.958338029764018e-07,0.00041981976900909787,-0.00041952393520612146,-0.010370728507488401,,,,,0.010370728507488401
Disgust__Fear,Fear,Disgust,Fear: all,LipFunnelerRB,FEA,3,54,2,1.341030679535521e-23,5.9505893416903475e-06,-5.9505893416903475e-06,-0.00011980366264910234,,,,,0.00011980366264910234
Disgust__Fear,Fear,Disgust,Fear: all,LipFunnelerRT,FEA,3,54,2,1.0311373641374239e-07,0.0006229301079729737,-0.00062282699423656,-0.015363214239893053,,,,,0.015363214239893053
Disgust__Fear,Fear,Disgust,Fear: all,LipPressorL,FEA,3,54,2,7.821670152252122e-07,9.522745256642185e-05,-9.444528555119664e-05,-0.002131630081692176,,,,,0.002131630081692176
Disgust__Fear,Fear,Disgust,Fear: all,LipPressorR,FEA,3,54,2,9.28245710703243e-07,5.488069975873377e-05,-5.3952454048030525e-05,-0.0012087720091067584,,,,,0.0012087720091067584
Disgust__Fear,Fear,Disgust,Fear: all,LipPuckerL,FEA,3,54,2,0.0010943330148072304,0.003269350054805418,-0.0021750170399981875,-0.02015472859864067,,,,,0.02015472859864067
Disgust__Fear,Fear,Disgust,Fear: all,LipPuckerR,FEA,3,54,2,0.00017020700413071963,0.0026853359461595843,-0.002515128942028865,-0.023458949426599172,,,,,0.023458949426599172
Disgust__Fear,Fear,Disgust,Fear: all,LipStretcherL,FEA,3,54,2,0.09040264909336754,0.07107840856589692,0.019324240527470615,0.179210002623673,,,,,0.179210002623673
Disgust__Fear,Fear,Disgust,Fear: all,LipStretcherR,FEA,3,54,2,0.1006838505971245,0.0774836073577629,0.023200243239361595,0.20432521813339208,,,,,0.20432521813339208
Disgust__Fear,Fear,Disgust,Fear: all,LipSuckLB,FEA,3,54,2,0.04448384539619682,0.05930284109455375,-0.01481899569835693,-0.12638606373644248,,,,,0.12638606373644248
Disgust__Fear,Fear,Disgust,Fear: all,LipSuckLT,FEA,3,54,2,0.02675898361409489,0.027449423761796845,-0.0006904401477019553,-0.009537410472781506,,,,,0.009537410472781506
Disgust__Fear,Fear,Disgust,Fear: all,LipSuckRB,FEA,3,54,2,0.032907670489323304,0.04590828259281145,-0.013000612103488143,-0.12478185360880965,,,,,0.12478185360880965
Disgust__Fear,Fear,Disgust,Fear: all,LipSuckRT,FEA,3,54,2,0.023718272059140247,0.022890749095721082,0.0008275229634191646,0.012271959417831123,,,,,0.012271959417831123
Disgust__Fear,Fear,Disgust,Fear: all,LipTightenerL,FEA,3,54,2,3.8061054777552946e-11,0.001482832862651591,-0.0014828328245905362,-0.02516067992064482,,,,,0.02516067992064482
Disgust__Fear,Fear,Disgust,Fear: all,LipTightenerR,FEA,3,54,2,0.005639287957184024,0.0017648221696622943,0.0038744657875217294,0.068391054058417,,,,,0.068391054058417
Disgust__Fear,Fear,Disgust,Fear: all,LipsToward,FEA,3,54,2,0.024183701553071497,0.03406544003709882,-0.009881738484027323,-0.23406750751971767,,,,,0.23406750751971767
Disgust__Fear,Fear,Disgust,Fear: all,LowerLipDepressorL,FEA,3,54,2,0.056033254660898535,0.05232198051772032,0.003711274143178213,0.031010842187228084,,,,,0.031010842187228084
Disgust__Fear,Fear,Disgust,Fear: all,LowerLipDepressorR,FEA,3,54,2,0.05096807423798027,0.051843893470766074,-0.0008758192327858044,-0.007504769941693494,,,,,0.007504769941693494
Disgust__Fear,Fear,Disgust,Fear: all,MouthLeft,FEA,3,54,2,0.060204375092651474,0.004999696337063135,0.05520467875558834,4.626061515458304,,,,,4.626061515458304
Disgust__Fear,Fear,Disgust,Fear: all,MouthRight,FEA,3,54,2,2.5887548198261925e-28,0.0006011796825310361,-0.0006011796825310361,-0.0826928627042369,,,,,0.0826928627042369
Disgust__Fear,Fear,Disgust,Fear: all,NoseWrinklerL,FEA,3,54,2,0.07482891726928456,0.01409529606911539,0.060733621200169174,0.3518259586975023,,,,,0.3518259586975023
Disgust__Fear,Fear,Disgust,Fear: all,NoseWrinklerR,FEA,3,54,2,0.06891065367316426,0.012665004856558337,0.056245648816605924,0.321004538425854,,,,,0.321004538425854
Disgust__Fear,Fear,Disgust,Fear: all,OuterBrowRaiserL,FEA,3,54,2,0.07832058226403492,0.19099858513603002,-0.1126780028719951,-0.7185446113212837,,,,,0.7185446113212837
Disgust__Fear,Fear,Disgust,Fear: all,OuterBrowRaiserR,FEA,3,54,2,0.06774074499484815,0.20069617813279594,-0.13295543313794778,-0.8298534633906146,,,,,0.8298534633906146
Disgust__Fear,Fear,Disgust,Fear: all,UpperLidRaiserL,FEA,3,54,2,0.12218052027071998,0.2216262090418408,-0.09944568877112082,-0.555670966502079,,,,,0.555670966502079
Disgust__Fear,Fear,Disgust,Fear: all,UpperLidRaiserR,FEA,3,54,2,0.12603501631593741,0.2799247355985454,-0.153889719282608,-0.7152031169699465,,,,,0.7152031169699465
Disgust__Fear,Fear,Disgust,Fear: all,UpperLipRaiserL,FEA,3,54,2,0.2331953154592459,0.12005821189822165,0.11313710356102426,0.6169123063699322,,,,,0.6169123063699322
Disgust__Fear,Fear,Disgust,Fear: all,UpperLipRaiserR,FEA,3,54,2,0.2677576091115396,0.13358314127658028,0.13417446783495934,0.6993231657180461,,,,,0.6993231657180461
Disgust__Fear,Fear,Disgust,Fear: all,AU1,AU-related group,3,54,2,0.14020828708825217,0.19784625758998978,-0.057637970501737606,-0.3718108663789168,,,,,0.3718108663789168
Disgust__Fear,Fear,Disgust,Fear: all,AU2,AU-related group,3,54,2,0.07303066362944154,0.19584738163441298,-0.12281671800497145,-0.7771010398798361,,,,,0.7771010398798361
Disgust__Fear,Fear,Disgust,Fear: all,AU4,AU-related group,3,54,2,0.24344836788045032,0.06518678432319498,0.17826158355725535,1.2485653908293926,,,,,1.2485653908293926
Disgust__Fear,Fear,Disgust,Fear: all,AU5,AU-related group,3,54,2,0.12410776829332872,0.25077547232019315,-0.12666770402686445,-0.6759508928039815,,,,,0.6759508928039815
Disgust__Fear,Fear,Disgust,Fear: all,AU6,AU-related group,3,54,2,0.22561851373563205,0.08861679636596492,0.13700171736966713,0.6526462069337509,,,,,0.6526462069337509
Disgust__Fear,Fear,Disgust,Fear: all,AU7,AU-related group,3,54,2,0.3869820920247043,0.11256801731061351,0.2744140747140908,1.5621733623512857,,,,,1.5621733623512857
Disgust__Fear,Fear,Disgust,Fear: all,AU8,AU-related group,3,54,2,0.024183701553071497,0.03406544003709882,-0.009881738484027323,-0.23406750751971767,,,,,0.23406750751971767
Disgust__Fear,Fear,Disgust,Fear: all,AU9,AU-related group,3,54,2,0.07186978547122441,0.013380150462836863,0.05848963500838755,0.3364403954614273,,,,,0.3364403954614273
Disgust__Fear,Fear,Disgust,Fear: all,AU10,AU-related group,3,54,2,0.2504764622853928,0.12682067658740093,0.12365578569799185,0.660003500062963,,,,,0.660003500062963
Disgust__Fear,Fear,Disgust,Fear: all,AU12,AU-related group,3,54,2,0.0880430900764478,0.05045969853124325,0.03758339154520455,0.164643410351198,,,,,0.164643410351198
Disgust__Fear,Fear,Disgust,Fear: all,AU14,AU-related group,3,54,2,0.09033710349281637,0.09188263927366437,-0.001545535780847998,-0.013552260193354985,,,,,0.013552260193354985
Disgust__Fear,Fear,Disgust,Fear: all,AU15,AU-related group,3,54,2,0.025688250332334173,0.030000908319275932,-0.0043126579869417585,-0.026294161131013027,,,,,0.026294161131013027
Disgust__Fear,Fear,Disgust,Fear: all,AU16,AU-related group,3,54,2,0.0535006644494394,0.05208293699424319,0.0014177274551962077,0.01199818133104857,,,,,0.01199818133104857
Disgust__Fear,Fear,Disgust,Fear: all,AU17,AU-related group,3,54,2,0.0449628356785703,0.028969401241764652,0.015993434436805645,0.08226569391765891,,,,,0.08226569391765891
Disgust__Fear,Fear,Disgust,Fear: all,AU18,AU-related group,3,54,2,0.0006322700094689751,0.002977343000482502,-0.002345072991013527,-0.021806834498374894,,,,,0.021806834498374894
Disgust__Fear,Fear,Disgust,Fear: all,AU20,AU-related group,3,54,2,0.09554324984524602,0.0742810079618299,0.02126224188341612,0.1921675898622513,,,,,0.1921675898622513
Disgust__Fear,Fear,Disgust,Fear: all,AU22,AU-related group,3,54,2,9.973688484753608e-08,0.0002628833281231697,-0.00026278359123832213,-0.006238739487933988,,,,,0.006238739487933988
Disgust__Fear,Fear,Disgust,Fear: all,AU23,AU-related group,3,54,2,0.002819643997622539,0.0016238275161569425,0.0011958164814655965,0.020725115184960015,,,,,0.020725115184960015
Disgust__Fear,Fear,Disgust,Fear: all,AU24,AU-related group,3,54,2,8.552063629642276e-07,7.505407616257781e-05,-7.419886979961358e-05,-0.0016687856240513493,,,,,0.0016687856240513493
Disgust__Fear,Fear,Disgust,Fear: all,AU26,AU-related group,3,54,2,0.16116912489136057,0.20471469390560035,-0.04354556901423978,-0.2438842542335294,,,,,0.2438842542335294
Disgust__Fear,Fear,Disgust,Fear: all,AU28,AU-related group,3,54,2,0.03196719288968881,0.03888782413622078,-0.006920631246531972,-0.08551176157836374,,,,,0.08551176157836374
Disgust__Fear,Fear,Disgust,Fear: all,AU43,AU-related group,3,54,2,0.0365520625872471,0.007064169672755855,0.02948789291449125,0.28218968788025606,,,,,0.28218968788025606
Disgust__Fear,Fear,Disgust,Disgust: correct,BrowLowererL,FEA,3,30,2,0.2523187174772223,0.27429085437956846,-0.021972136902346173,-0.15032829518483806,,,,,0.15032829518483806
Disgust__Fear,Fear,Disgust,Disgust: correct,BrowLowererR,FEA,3,30,2,0.2345780182836784,0.2600669810520221,-0.02548896276834367,-0.18052313280842647,,,,,0.18052313280842647
Disgust__Fear,Fear,Disgust,Disgust: correct,CheekPuffL,FEA,3,30,2,0.00036261689137016324,0.0011963721404219191,-0.0008337552490517558,-0.08776009196293857,,,,,0.08776009196293857
Disgust__Fear,Fear,Disgust,Disgust: correct,CheekPuffR,FEA,3,30,2,9.131015951878766e-07,0.001564301059297848,-0.00156338795770266,-0.14689640572900553,,,,,0.14689640572900553
Disgust__Fear,Fear,Disgust,Disgust: correct,CheekRaiserL,FEA,3,30,2,0.23726213789648476,0.3030017535852549,-0.06573961568877013,-0.30804209392077486,,,,,0.30804209392077486
Disgust__Fear,Fear,Disgust,Disgust: correct,CheekRaiserR,FEA,3,30,2,0.21397488957477936,0.27378535246203944,-0.05981046288726008,-0.28878424169726025,,,,,0.28878424169726025
Disgust__Fear,Fear,Disgust,Disgust: correct,CheekSuckL,FEA,3,30,2,8.553939741575623e-20,2.502851393756729e-22,8.528911227638056e-20,9.170573874578834e-18,,,,,9.170573874578834e-18
Disgust__Fear,Fear,Disgust,Disgust: correct,CheekSuckR,FEA,3,30,2,9.341989762165447e-46,1.5102296236078065e-21,-1.5102296236078065e-21,-1.932591076428632e-19,,,,,1.932591076428632e-19
Disgust__Fear,Fear,Disgust,Disgust: correct,ChinRaiserB,FEA,3,30,2,0.001614945426191195,0.146572360430847,-0.1449574150046558,-0.7046205538310933,,,,,0.7046205538310933
Disgust__Fear,Fear,Disgust,Disgust: correct,ChinRaiserT,FEA,3,30,2,0.08831072593094941,0.2206446865057776,-0.13233396057482819,-0.6993154306229887,,,,,0.6993154306229887
Disgust__Fear,Fear,Disgust,Disgust: correct,DimplerL,FEA,3,30,2,0.08721001194264516,0.08208190472373685,0.005128107218908315,0.04483971258243886,,,,,0.04483971258243886
Disgust__Fear,Fear,Disgust,Disgust: correct,DimplerR,FEA,3,30,2,0.0934641950429876,0.08216872351244245,0.01129547153054515,0.09923276809077583,,,,,0.09923276809077583
Disgust__Fear,Fear,Disgust,Disgust: correct,EyesClosedL,FEA,3,30,2,0.01707061986865784,0.11425764075747528,-0.09718702088881745,-0.8968191626790197,,,,,0.8968191626790197
Disgust__Fear,Fear,Disgust,Disgust: correct,EyesClosedR,FEA,3,30,2,0.056033505305836374,0.09957692436876295,-0.043543419062926574,-0.41264536640212346,,,,,0.41264536640212346
Disgust__Fear,Fear,Disgust,Disgust: correct,EyesLookDownL,FEA,3,30,2,0.003270991108712024,0.06458730813391728,-0.06131631702520525,-1.6094653486386412,,,,,1.6094653486386412
Disgust__Fear,Fear,Disgust,Disgust: correct,EyesLookDownR,FEA,3,30,2,0.009806052998707545,0.0712395332249032,-0.06143348022619566,-1.3622979770504486,,,,,1.3622979770504486
Disgust__Fear,Fear,Disgust,Disgust: correct,EyesLookLeftL,FEA,3,30,2,0.11529719009995458,0.05204596568442259,0.06325122441553199,0.7792284990733701,,,,,0.7792284990733701
Disgust__Fear,Fear,Disgust,Disgust: correct,EyesLookLeftR,FEA,3,30,2,0.1800169208242247,0.0894363711694152,0.09058054965480951,0.8470842654506455,,,,,0.8470842654506455
Disgust__Fear,Fear,Disgust,Disgust: correct,EyesLookRightL,FEA,3,30,2,0.032982701684037836,0.13229923552408673,-0.0993165338400489,-1.0772020142170027,,,,,1.0772020142170027
Disgust__Fear,Fear,Disgust,Disgust: correct,EyesLookRightR,FEA,3,30,2,0.012087045366772338,0.0833938120670306,-0.07130676670025826,-1.073975598303711,,,,,1.073975598303711
Disgust__Fear,Fear,Disgust,Disgust: correct,EyesLookUpL,FEA,3,30,2,0.07837092610489987,0.04750171263441905,0.030869213470480827,0.29760085914063494,,,,,0.29760085914063494
Disgust__Fear,Fear,Disgust,Disgust: correct,EyesLookUpR,FEA,3,30,2,0.07798983832407325,0.047539925921268544,0.030449912402804702,0.29312330168145767,,,,,0.29312330168145767
Disgust__Fear,Fear,Disgust,Disgust: correct,InnerBrowRaiserL,FEA,3,30,2,0.1430154545465484,0.037634553747822604,0.10538090079872581,0.6862420444632833,,,,,0.6862420444632833
Disgust__Fear,Fear,Disgust,Disgust: correct,InnerBrowRaiserR,FEA,3,30,2,0.1374011196299559,0.03920420848698498,0.09819691114297094,0.62480573779589,,,,,0.62480573779589
Disgust__Fear,Fear,Disgust,Disgust: correct,JawDrop,FEA,3,30,2,0.16116912489136057,0.07967732745332241,0.08149179743803815,0.45640846346103825,,,,,0.45640846346103825
Disgust__Fear,Fear,Disgust,Disgust: correct,JawSidewaysLeft,FEA,3,30,2,0.020552799547688877,0.00540455552997686,0.015148244017712018,0.7109659449369059,,,,,0.7109659449369059
Disgust__Fear,Fear,Disgust,Disgust: correct,JawSidewaysRight,FEA,3,30,2,0.0020238298714661453,0.006960622455382143,-0.004936792583915998,-0.18174940078414706,,,,,0.18174940078414706
Disgust__Fear,Fear,Disgust,Disgust: correct,JawThrust,FEA,3,30,2,0.027882803981709763,0.031235084185679142,-0.0033522802039693787,-0.04935830272281805,,,,,0.04935830272281805
Disgust__Fear,Fear,Disgust,Disgust: correct,LidTightenerL,FEA,3,30,2,0.3632194923678778,0.3302524058114626,0.032967086556415226,0.18316994311486562,,,,,0.18316994311486562
Disgust__Fear,Fear,Disgust,Disgust: correct,LidTightenerR,FEA,3,30,2,0.4107446916815307,0.3340970049198887,0.07664768676164202,0.40764671758846943,,,,,0.40764671758846943
Disgust__Fear,Fear,Disgust,Disgust: correct,LipCornerDepressorL,FEA,3,30,2,0.04031654441625703,0.14106567134155337,-0.10074912692529633,-0.604798338987431,,,,,0.604798338987431
Disgust__Fear,Fear,Disgust,Disgust: correct,LipCornerDepressorR,FEA,3,30,2,0.011059956248411329,0.1173338750109732,-0.10627391876256187,-0.6576737113286611,,,,,0.6576737113286611
Disgust__Fear,Fear,Disgust,Disgust: correct,LipCornerPullerL,FEA,3,30,2,0.0867390592819352,0.06321841641892155,0.023520642863013655,0.10420069240421019,,,,,0.10420069240421019
Disgust__Fear,Fear,Disgust,Disgust: correct,LipCornerPullerR,FEA,3,30,2,0.0893471208709604,0.06382223473119288,0.025524886139767528,0.11055500051084341,,,,,0.11055500051084341
Disgust__Fear,Fear,Disgust,Disgust: correct,LipFunnelerLB,FEA,3,30,2,1.3566319814286775e-23,0.0016048450578995954,-0.0016048450578995954,-0.03201611962207256,,,,,0.03201611962207256
Disgust__Fear,Fear,Disgust,Disgust: correct,LipFunnelerLT,FEA,3,30,2,2.958338029764018e-07,0.003033288954884653,-0.0030329931210816767,-0.07497628999013785,,,,,0.07497628999013785
Disgust__Fear,Fear,Disgust,Disgust: correct,LipFunnelerRB,FEA,3,30,2,1.341030679535521e-23,0.001702861684957558,-0.001702861684957558,-0.03428384234372081,,,,,0.03428384234372081
Disgust__Fear,Fear,Disgust,Disgust: correct,LipFunnelerRT,FEA,3,30,2,1.0311373641374239e-07,0.002584834192602648,-0.002584731078866234,-0.06375731573068176,,,,,0.06375731573068176
Disgust__Fear,Fear,Disgust,Disgust: correct,LipPressorL,FEA,3,30,2,7.821670152252122e-07,0.03156230899864999,-0.03156152683163477,-0.7123436561794058,,,,,0.7123436561794058
Disgust__Fear,Fear,Disgust,Disgust: correct,LipPressorR,FEA,3,30,2,9.28245710703243e-07,0.03168112404604156,-0.03168019580033085,-0.7097755718835425,,,,,0.7097755718835425
Disgust__Fear,Fear,Disgust,Disgust: correct,LipPuckerL,FEA,3,30,2,0.0010943330148072304,0.06278937533131,-0.061695042316502774,-0.5716952147518812,,,,,0.5716952147518812
Disgust__Fear,Fear,Disgust,Disgust: correct,LipPuckerR,FEA,3,30,2,0.00017020700413071963,0.06036019088620097,-0.060189983882070246,-0.5614001589669197,,,,,0.5614001589669197
Disgust__Fear,Fear,Disgust,Disgust: correct,LipStretcherL,FEA,3,30,2,0.09040264909336754,0.12761503985444464,-0.0372123907610771,-0.3451019271078524,,,,,0.3451019271078524
Disgust__Fear,Fear,Disgust,Disgust: correct,LipStretcherR,FEA,3,30,2,0.1006838505971245,0.13010947703013587,-0.029425626433011373,-0.2591523492924465,,,,,0.2591523492924465
Disgust__Fear,Fear,Disgust,Disgust: correct,LipSuckLB,FEA,3,30,2,0.04448384539619682,0.13452331534001324,-0.09003946994381642,-0.7679153445180107,,,,,0.7679153445180107
Disgust__Fear,Fear,Disgust,Disgust: correct,LipSuckLT,FEA,3,30,2,0.02675898361409489,0.0633820068780138,-0.03662302326391892,-0.5058929536249965,,,,,0.5058929536249965
Disgust__Fear,Fear,Disgust,Disgust: correct,LipSuckRB,FEA,3,30,2,0.032907670489323304,0.1207091938069073,-0.087801523317584,-0.8427323838318106,,,,,0.8427323838318106
Disgust__Fear,Fear,Disgust,Disgust: correct,LipSuckRT,FEA,3,30,2,0.023718272059140247,0.05427878278109598,-0.03056051072195573,-0.4532047616158613,,,,,0.4532047616158613
Disgust__Fear,Fear,Disgust,Disgust: correct,LipTightenerL,FEA,3,30,2,3.8061054777552946e-11,0.01172114771655257,-0.011721147678491516,-0.19888421685200422,,,,,0.19888421685200422
Disgust__Fear,Fear,Disgust,Disgust: correct,LipTightenerR,FEA,3,30,2,0.005639287957184024,0.011153074078997152,-0.005513786121813128,-0.09732790671115357,,,,,0.09732790671115357
Disgust__Fear,Fear,Disgust,Disgust: correct,LipsToward,FEA,3,30,2,0.024183701553071497,0.04680573563660595,-0.022622034083534453,-0.5358453010589072,,,,,0.5358453010589072
Disgust__Fear,Fear,Disgust,Disgust: correct,LowerLipDepressorL,FEA,3,30,2,0.056033254660898535,0.10522865089944439,-0.04919539623854585,-0.4110692474432066,,,,,0.4110692474432066
Disgust__Fear,Fear,Disgust,Disgust: correct,LowerLipDepressorR,FEA,3,30,2,0.05096807423798027,0.10466178877813244,-0.05369371454015217,-0.46009377261227025,,,,,0.46009377261227025
Disgust__Fear,Fear,Disgust,Disgust: correct,MouthLeft,FEA,3,30,2,0.060204375092651474,0.015137183651866995,0.04506719144078448,3.776556709206468,,,,,3.776556709206468
Disgust__Fear,Fear,Disgust,Disgust: correct,MouthRight,FEA,3,30,2,2.5887548198261925e-28,0.009346187553881507,-0.009346187553881507,-1.2855773850295944,,,,,1.2855773850295944
Disgust__Fear,Fear,Disgust,Disgust: correct,NoseWrinklerL,FEA,3,30,2,0.07482891726928456,0.38990757741705734,-0.31507866014777275,-1.825230399258753,,,,,1.825230399258753
Disgust__Fear,Fear,Disgust,Disgust: correct,NoseWrinklerR,FEA,3,30,2,0.06891065367316426,0.39499705904284066,-0.32608640536967637,-1.8610366889702348,,,,,1.8610366889702348
Disgust__Fear,Fear,Disgust,Disgust: correct,OuterBrowRaiserL,FEA,3,30,2,0.07832058226403492,0.039968369491745544,0.038352212772289375,0.2445710353162909,,,,,0.2445710353162909
Disgust__Fear,Fear,Disgust,Disgust: correct,OuterBrowRaiserR,FEA,3,30,2,0.06774074499484815,0.04868999031497523,0.019050754679872925,0.11890702303902502,,,,,0.11890702303902502
Disgust__Fear,Fear,Disgust,Disgust: correct,UpperLidRaiserL,FEA,3,30,2,0.12218052027071998,0.10409050786438198,0.018090012406337994,0.10108125150603388,,,,,0.10108125150603388
Disgust__Fear,Fear,Disgust,Disgust: correct,UpperLidRaiserR,FEA,3,30,2,0.12603501631593741,0.11682971680702113,0.009205299508916284,0.042781668145929895,,,,,0.042781668145929895
Disgust__Fear,Fear,Disgust,Disgust: correct,UpperLipRaiserL,FEA,3,30,2,0.2331953154592459,0.34382511416588035,-0.11062979870663445,-0.6032405119558226,,,,,0.6032405119558226
Disgust__Fear,Fear,Disgust,Disgust: correct,UpperLipRaiserR,FEA,3,30,2,0.2677576091115396,0.36387214341973323,-0.09611453430819361,-0.5009531357828775,,,,,0.5009531357828775
Disgust__Fear,Fear,Disgust,Disgust: correct,AU1,AU-related group,3,30,2,0.14020828708825217,0.03841938111740379,0.10178890597084839,0.6566196031423814,,,,,0.6566196031423814
Disgust__Fear,Fear,Disgust,Disgust: correct,AU2,AU-related group,3,30,2,0.07303066362944154,0.044329179903360376,0.02870148372608116,0.18160355700702757,,,,,0.18160355700702757
Disgust__Fear,Fear,Disgust,Disgust: correct,AU4,AU-related group,3,30,2,0.24344836788045032,0.26717891771579527,-0.02373054983534495,-0.16621160116782727,,,,,0.16621160116782727
Disgust__Fear,Fear,Disgust,Disgust: correct,AU5,AU-related group,3,30,2,0.12410776829332872,0.11046011233570158,0.013647655957627139,0.07282949746435063,,,,,0.07282949746435063
Disgust__Fear,Fear,Disgust,Disgust: correct,AU6,AU-related group,3,30,2,0.22561851373563205,0.2883935530236472,-0.06277503928801517,-0.2990465526128597,,,,,0.2990465526128597
Disgust__Fear,Fear,Disgust,Disgust: correct,AU7,AU-related group,3,30,2,0.3869820920247043,0.33217470536567567,0.05480738665902862,0.3120052773824627,,,,,0.3120052773824627
Disgust__Fear,Fear,Disgust,Disgust: correct,AU8,AU-related group,3,30,2,0.024183701553071497,0.04680573563660595,-0.022622034083534453,-0.5358453010589072,,,,,0.5358453010589072
Disgust__Fear,Fear,Disgust,Disgust: correct,AU9,AU-related group,3,30,2,0.07186978547122441,0.3924523182299489,-0.3205825327587245,-1.8440346581732696,,,,,1.8440346581732696
Disgust__Fear,Fear,Disgust,Disgust: correct,AU10,AU-related group,3,30,2,0.2504764622853928,0.35384862879280676,-0.10337216650741399,-0.5517412009383449,,,,,0.5517412009383449
Disgust__Fear,Fear,Disgust,Disgust: correct,AU12,AU-related group,3,30,2,0.0880430900764478,0.06352032557505721,0.024522764501390584,0.10742807960510972,,,,,0.10742807960510972
Disgust__Fear,Fear,Disgust,Disgust: correct,AU14,AU-related group,3,30,2,0.09033710349281637,0.08212531411808964,0.008211789374726733,0.07200629557619385,,,,,0.07200629557619385
Disgust__Fear,Fear,Disgust,Disgust: correct,AU15,AU-related group,3,30,2,0.025688250332334173,0.1291997731762633,-0.10351152284392913,-0.6311070038050678,,,,,0.6311070038050678
Disgust__Fear,Fear,Disgust,Disgust: correct,AU16,AU-related group,3,30,2,0.0535006644494394,0.1049452198387884,-0.05144455538934901,-0.4353735986379397,,,,,0.4353735986379397
Disgust__Fear,Fear,Disgust,Disgust: correct,AU17,AU-related group,3,30,2,0.0449628356785703,0.1836085234683123,-0.138645687789742,-0.7131541233236383,,,,,0.7131541233236383
Disgust__Fear,Fear,Disgust,Disgust: correct,AU18,AU-related group,3,30,2,0.0006322700094689751,0.0615747831087555,-0.06094251309928652,-0.5667044489292484,,,,,0.5667044489292484
Disgust__Fear,Fear,Disgust,Disgust: correct,AU20,AU-related group,3,30,2,0.09554324984524602,0.12886225844229024,-0.03331900859704422,-0.3011363342492885,,,,,0.3011363342492885
Disgust__Fear,Fear,Disgust,Disgust: correct,AU22,AU-related group,3,30,2,9.973688484753608e-08,0.002231457472586114,-0.0022313577357012666,-0.052974615164618245,,,,,0.052974615164618245
Disgust__Fear,Fear,Disgust,Disgust: correct,AU23,AU-related group,3,30,2,0.002819643997622539,0.01143711089777486,-0.008617466900152321,-0.14935234367178724,,,,,0.14935234367178724
Disgust__Fear,Fear,Disgust,Disgust: correct,AU24,AU-related group,3,30,2,8.552063629642276e-07,0.03162171652234577,-0.03162086131598281,-0.7111757756788413,,,,,0.7111757756788413
Disgust__Fear,Fear,Disgust,Disgust: correct,AU26,AU-related group,3,30,2,0.16116912489136057,0.07967732745332241,0.08149179743803815,0.45640846346103825,,,,,0.45640846346103825
Disgust__Fear,Fear,Disgust,Disgust: correct,AU28,AU-related group,3,30,2,0.03196719288968881,0.09322332470150758,-0.06125613181181878,-0.7568846759939661,,,,,0.7568846759939661
Disgust__Fear,Fear,Disgust,Disgust: correct,AU43,AU-related group,3,30,2,0.0365520625872471,0.10691728256311912,-0.07036521997587203,-0.6733726116069445,,,,,0.6733726116069445
Disgust__Fear,Fear,Disgust,Disgust: all,BrowLowererL,FEA,3,54,2,0.2523187174772223,0.20364890998157592,0.04866980749564637,0.33298760244906017,,,,,0.33298760244906017
Disgust__Fear,Fear,Disgust,Disgust: all,BrowLowererR,FEA,3,54,2,0.2345780182836784,0.18631237832654704,0.04826563995713137,0.34183676327881884,,,,,0.34183676327881884
Disgust__Fear,Fear,Disgust,Disgust: all,CheekPuffL,FEA,3,54,2,0.00036261689137016324,0.0024551103065273104,-0.0020924934151571473,-0.2202533834178419,,,,,0.2202533834178419
Disgust__Fear,Fear,Disgust,Disgust: all,CheekPuffR,FEA,3,54,2,9.131015951878766e-07,0.0027735684401712334,-0.0027726553385760454,-0.26051953487006635,,,,,0.26051953487006635
Disgust__Fear,Fear,Disgust,Disgust: all,CheekRaiserL,FEA,3,54,2,0.23726213789648476,0.29181043352651315,-0.05454829563002839,-0.255601908067646,,,,,0.255601908067646
Disgust__Fear,Fear,Disgust,Disgust: all,CheekRaiserR,FEA,3,54,2,0.21397488957477936,0.2642519848114144,-0.05027709523663501,-0.242754062111518,,,,,0.242754062111518
Disgust__Fear,Fear,Disgust,Disgust: all,CheekSuckL,FEA,3,54,2,8.553939741575623e-20,2.4470741064524488e-05,-2.4470741064524403e-05,-0.002631176860778018,,,,,0.002631176860778018
Disgust__Fear,Fear,Disgust,Disgust: all,CheekSuckR,FEA,3,54,2,9.341989762165447e-46,3.3311644922711e-21,-3.3311644922711e-21,-4.2627814149875783e-19,,,,,4.2627814149875783e-19
Disgust__Fear,Fear,Disgust,Disgust: all,ChinRaiserB,FEA,3,54,2,0.001614945426191195,0.11176969308846262,-0.11015474766227142,-0.5354489751519167,,,,,0.5354489751519167
Disgust__Fear,Fear,Disgust,Disgust: all,ChinRaiserT,FEA,3,54,2,0.08831072593094941,0.17200349018084143,-0.08369276424989203,-0.44227227249309964,,,,,0.44227227249309964
Disgust__Fear,Fear,Disgust,Disgust: all,DimplerL,FEA,3,54,2,0.08721001194264516,0.10341698908133092,-0.016206977138685755,-0.14171236397891301,,,,,0.14171236397891301
Disgust__Fear,Fear,Disgust,Disgust: all,DimplerR,FEA,3,54,2,0.0934641950429876,0.10316488143265676,-0.009700686389669158,-0.08522229109464419,,,,,0.08522229109464419
Disgust__Fear,Fear,Disgust,Disgust: all,EyesClosedL,FEA,3,54,2,0.01707061986865784,0.08110458807778993,-0.0640339682091321,-0.590890524548803,,,,,0.590890524548803
Disgust__Fear,Fear,Disgust,Disgust: all,EyesClosedR,FEA,3,54,2,0.056033505305836374,0.0811410500258168,-0.025107544719980425,-0.23793519694587087,,,,,0.23793519694587087
Disgust__Fear,Fear,Disgust,Disgust: all,EyesLookDownL,FEA,3,54,2,0.003270991108712024,0.04890534863136148,-0.04563435752264945,-1.1978364113079334,,,,,1.1978364113079334
Disgust__Fear,Fear,Disgust,Disgust: all,EyesLookDownR,FEA,3,54,2,0.009806052998707545,0.05540130715944406,-0.045595254160736516,-1.0110825933606546,,,,,1.0110825933606546
Disgust__Fear,Fear,Disgust,Disgust: all,EyesLookLeftL,FEA,3,54,2,0.11529719009995458,0.0452460316170609,0.07005115848289367,0.8630008286380602,,,,,0.8630008286380602
Disgust__Fear,Fear,Disgust,Disgust: all,EyesLookLeftR,FEA,3,54,2,0.1800169208242247,0.08538495368172593,0.09463196714249879,0.8849720020527269,,,,,0.8849720020527269
Disgust__Fear,Fear,Disgust,Disgust: all,EyesLookRightL,FEA,3,54,2,0.032982701684037836,0.10500805150592146,-0.07202534982188363,-0.7811977412317944,,,,,0.7811977412317944
Disgust__Fear,Fear,Disgust,Disgust: all,EyesLookRightR,FEA,3,54,2,0.012087045366772338,0.058790674164710136,-0.046703628797937796,-0.7034193247334268,,,,,0.7034193247334268
Disgust__Fear,Fear,Disgust,Disgust: all,EyesLookUpL,FEA,3,54,2,0.07837092610489987,0.0526659598651114,0.025704966239788477,0.24781389537045795,,,,,0.24781389537045795
Disgust__Fear,Fear,Disgust,Disgust: all,EyesLookUpR,FEA,3,54,2,0.07798983832407325,0.05271194991125669,0.025277888412816557,0.24333528494544265,,,,,0.24333528494544265
Disgust__Fear,Fear,Disgust,Disgust: all,InnerBrowRaiserL,FEA,3,54,2,0.1430154545465484,0.042870261616378136,0.10014519293017027,0.6521470344121498,,,,,0.6521470344121498
Disgust__Fear,Fear,Disgust,Disgust: all,InnerBrowRaiserR,FEA,3,54,2,0.1374011196299559,0.0402406018594224,0.0971605177705335,0.6182113905992684,,,,,0.6182113905992684
Disgust__Fear,Fear,Disgust,Disgust: all,JawDrop,FEA,3,54,2,0.16116912489136057,0.10876266707982257,0.05240645781153799,0.29351114636275233,,,,,0.29351114636275233
Disgust__Fear,Fear,Disgust,Disgust: all,JawSidewaysLeft,FEA,3,54,2,0.020552799547688877,0.00488835742755227,0.015664442120136606,0.7351931273902532,,,,,0.7351931273902532
Disgust__Fear,Fear,Disgust,Disgust: all,JawSidewaysRight,FEA,3,54,2,0.0020238298714661453,0.007897848655690156,-0.00587401878422401,-0.21625364567791688,,,,,0.21625364567791688
Disgust__Fear,Fear,Disgust,Disgust: all,JawThrust,FEA,3,54,2,0.027882803981709763,0.03868223588235398,-0.010799431900644214,-0.1590086736649549,,,,,0.1590086736649549
Disgust__Fear,Fear,Disgust,Disgust: all,LidTightenerL,FEA,3,54,2,0.3632194923678778,0.2981366222858074,0.06508287008207042,0.36160992237772427,,,,,0.36160992237772427
Disgust__Fear,Fear,Disgust,Disgust: all,LidTightenerR,FEA,3,54,2,0.4107446916815307,0.2799414716760359,0.13080322000549482,0.6956700917936494,,,,,0.6956700917936494
Disgust__Fear,Fear,Disgust,Disgust: all,LipCornerDepressorL,FEA,3,54,2,0.04031654441625703,0.11643143957419168,-0.07611489515793465,-0.45691872047541254,,,,,0.45691872047541254
Disgust__Fear,Fear,Disgust,Disgust: all,LipCornerDepressorR,FEA,3,54,2,0.011059956248411329,0.09825104920742044,-0.0871910929590091,-0.5395800810664628,,,,,0.5395800810664628
Disgust__Fear,Fear,Disgust,Disgust: all,LipCornerPullerL,FEA,3,54,2,0.0867390592819352,0.12403860629879152,-0.03729954701685631,-0.16524372433848658,,,,,0.16524372433848658
Disgust__Fear,Fear,Disgust,Disgust: all,LipCornerPullerR,FEA,3,54,2,0.0893471208709604,0.12564717712488532,-0.03630005625392492,-0.1572250985066633,,,,,0.1572250985066633
Disgust__Fear,Fear,Disgust,Disgust: all,LipFunnelerLB,FEA,3,54,2,1.3566319814286775e-23,0.0011374386064590776,-0.0011374386064590776,-0.022691517980445237,,,,,0.022691517980445237
Disgust__Fear,Fear,Disgust,Disgust: all,LipFunnelerLT,FEA,3,54,2,2.958338029764018e-07,0.0037054494070433144,-0.003705153573240338,-0.0915922515070492,,,,,0.0915922515070492
Disgust__Fear,Fear,Disgust,Disgust: all,LipFunnelerRB,FEA,3,54,2,1.341030679535521e-23,0.0011489397558673703,-0.0011489397558673703,-0.023131690495209984,,,,,0.023131690495209984
Disgust__Fear,Fear,Disgust,Disgust: all,LipFunnelerRT,FEA,3,54,2,1.0311373641374239e-07,0.002962436235970985,-0.002962333122234571,-0.0730715894268629,,,,,0.0730715894268629
Disgust__Fear,Fear,Disgust,Disgust: all,LipPressorL,FEA,3,54,2,7.821670152252122e-07,0.018620562339771538,-0.01861978017275631,-0.4202484358970738,,,,,0.4202484358970738
Disgust__Fear,Fear,Disgust,Disgust: all,LipPressorR,FEA,3,54,2,9.28245710703243e-07,0.01871404361769316,-0.018713115371982458,-0.41925599982348744,,,,,0.41925599982348744
Disgust__Fear,Fear,Disgust,Disgust: all,LipPuckerL,FEA,3,54,2,0.0010943330148072304,0.04466690239111557,-0.043572569376308344,-0.4037638758571143,,,,,0.4037638758571143
Disgust__Fear,Fear,Disgust,Disgust: all,LipPuckerR,FEA,3,54,2,0.00017020700413071963,0.04324851318067585,-0.04307830617654513,-0.40179721567830823,,,,,0.40179721567830823
Disgust__Fear,Fear,Disgust,Disgust: all,LipStretcherL,FEA,3,54,2,0.09040264909336754,0.10378531040281726,-0.01338266130944972,-0.12410872059726583,,,,,0.12410872059726583
Disgust__Fear,Fear,Disgust,Disgust: all,LipStretcherR,FEA,3,54,2,0.1006838505971245,0.1078616965191718,-0.007177845922047302,-0.06321549815744737,,,,,0.06321549815744737
Disgust__Fear,Fear,Disgust,Disgust: all,LipSuckLB,FEA,3,54,2,0.04448384539619682,0.1284654985704303,-0.08398165317423348,-0.7162503307796579,,,,,0.7162503307796579
Disgust__Fear,Fear,Disgust,Disgust: all,LipSuckLT,FEA,3,54,2,0.02675898361409489,0.06836339055219018,-0.04160440693809529,-0.5747034087834373,,,,,0.5747034087834373
Disgust__Fear,Fear,Disgust,Disgust: all,LipSuckRB,FEA,3,54,2,0.032907670489323304,0.11156187647240445,-0.07865420598308115,-0.7549350398712896,,,,,0.7549350398712896
Disgust__Fear,Fear,Disgust,Disgust: all,LipSuckRT,FEA,3,54,2,0.023718272059140247,0.059501595236439185,-0.03578332317729894,-0.5306577693657493,,,,,0.5306577693657493
Disgust__Fear,Fear,Disgust,Disgust: all,LipTightenerL,FEA,3,54,2,3.8061054777552946e-11,0.01078156466892883,-0.010781564630867775,-0.1829413890914622,,,,,0.1829413890914622
Disgust__Fear,Fear,Disgust,Disgust: all,LipTightenerR,FEA,3,54,2,0.005639287957184024,0.009758413720604316,-0.004119125763420293,-0.07270972779441932,,,,,0.07270972779441932
Disgust__Fear,Fear,Disgust,Disgust: all,LipsToward,FEA,3,54,2,0.024183701553071497,0.04191319725471171,-0.017729495701640213,-0.4199563543573127,,,,,0.4199563543573127
Disgust__Fear,Fear,Disgust,Disgust: all,LowerLipDepressorL,FEA,3,54,2,0.056033254660898535,0.13410445371033966,-0.07807119904944113,-0.6523510631894682,,,,,0.6523510631894682
Disgust__Fear,Fear,Disgust,Disgust: all,LowerLipDepressorR,FEA,3,54,2,0.05096807423798027,0.13049145148914582,-0.07952337725116554,-0.6814244639937673,,,,,0.6814244639937673
Disgust__Fear,Fear,Disgust,Disgust: all,MouthLeft,FEA,3,54,2,0.060204375092651474,0.009755599564349559,0.05044877552830192,4.227524627155761,,,,,4.227524627155761
Disgust__Fear,Fear,Disgust,Disgust: all,MouthRight,FEA,3,54,2,2.5887548198261925e-28,0.005664014670412648,-0.005664014670412648,-0.7790908460567224,,,,,0.7790908460567224
Disgust__Fear,Fear,Disgust,Disgust: all,NoseWrinklerL,FEA,3,54,2,0.07482891726928456,0.24080601683053532,-0.16597709956125076,-0.9614946552010499,,,,,0.9614946552010499
Disgust__Fear,Fear,Disgust,Disgust: all,NoseWrinklerR,FEA,3,54,2,0.06891065367316426,0.24070146386259614,-0.17179081018943188,-0.9804425922877954,,,,,0.9804425922877954
Disgust__Fear,Fear,Disgust,Disgust: all,OuterBrowRaiserL,FEA,3,54,2,0.07832058226403492,0.0349691367786915,0.04335144548534342,0.27645100864868,,,,,0.27645100864868
Disgust__Fear,Fear,Disgust,Disgust: all,OuterBrowRaiserR,FEA,3,54,2,0.06774074499484815,0.03907723090189351,0.028663514092954645,0.17890593773858363,,,,,0.17890593773858363
Disgust__Fear,Fear,Disgust,Disgust: all,UpperLidRaiserL,FEA,3,54,2,0.12218052027071998,0.06525532418534884,0.05692519608537114,0.31807994009554724,,,,,0.31807994009554724
Disgust__Fear,Fear,Disgust,Disgust: all,UpperLidRaiserR,FEA,3,54,2,0.12603501631593741,0.07977094952988822,0.04626406678604919,0.21501244477757425,,,,,0.21501244477757425
Disgust__Fear,Fear,Disgust,Disgust: all,UpperLipRaiserL,FEA,3,54,2,0.2331953154592459,0.27941785154940696,-0.046222536090161054,-0.2520415535498311,,,,,0.2520415535498311
Disgust__Fear,Fear,Disgust,Disgust: all,UpperLipRaiserR,FEA,3,54,2,0.2677576091115396,0.29346367233183784,-0.025706063220298225,-0.13398112024919315,,,,,0.13398112024919315
Disgust__Fear,Fear,Disgust,Disgust: all,AU1,AU-related group,3,54,2,0.14020828708825217,0.04155543173790027,0.0986528553503519,0.6363895761642493,,,,,0.6363895761642493
Disgust__Fear,Fear,Disgust,Disgust: all,AU2,AU-related group,3,54,2,0.07303066362944154,0.03702318384029251,0.036007479789149026,0.22783095365296474,,,,,0.22783095365296474
Disgust__Fear,Fear,Disgust,Disgust: all,AU4,AU-related group,3,54,2,0.24344836788045032,0.1949806441540615,0.04846772372638883,0.3394737172724206,,,,,0.3394737172724206
Disgust__Fear,Fear,Disgust,Disgust: all,AU5,AU-related group,3,54,2,0.12410776829332872,0.07251313685761855,0.051594631435710164,0.27533014394469535,,,,,0.27533014394469535
Disgust__Fear,Fear,Disgust,Disgust: all,AU6,AU-related group,3,54,2,0.22561851373563205,0.27803120916896373,-0.052412695433331685,-0.2496826136670856,,,,,0.2496826136670856
Disgust__Fear,Fear,Disgust,Disgust: all,AU7,AU-related group,3,54,2,0.3869820920247043,0.28903904698092164,0.09794304504378265,0.5575662114065493,,,,,0.5575662114065493
Disgust__Fear,Fear,Disgust,Disgust: all,AU8,AU-related group,3,54,2,0.024183701553071497,0.04191319725471171,-0.017729495701640213,-0.4199563543573127,,,,,0.4199563543573127
Disgust__Fear,Fear,Disgust,Disgust: all,AU9,AU-related group,3,54,2,0.07186978547122441,0.24075374034656574,-0.16888395487534133,-0.9714436507802048,,,,,0.9714436507802048
Disgust__Fear,Fear,Disgust,Disgust: all,AU10,AU-related group,3,54,2,0.2504764622853928,0.2864407619406224,-0.035964299655229626,-0.1919567573468602,,,,,0.1919567573468602
Disgust__Fear,Fear,Disgust,Disgust: all,AU12,AU-related group,3,54,2,0.0880430900764478,0.12484289171183839,-0.036799801635390594,-0.1612106995243057,,,,,0.1612106995243057
Disgust__Fear,Fear,Disgust,Disgust: all,AU14,AU-related group,3,54,2,0.09033710349281637,0.10329093525699384,-0.01295383176417747,-0.11358759903491697,,,,,0.11358759903491697
Disgust__Fear,Fear,Disgust,Disgust: all,AU15,AU-related group,3,54,2,0.025688250332334173,0.10734124439080601,-0.08165299405847184,-0.4978361347234055,,,,,0.4978361347234055
Disgust__Fear,Fear,Disgust,Disgust: all,AU16,AU-related group,3,54,2,0.0535006644494394,0.13229795259974272,-0.07879728815030332,-0.6668588861399888,,,,,0.6668588861399888
Disgust__Fear,Fear,Disgust,Disgust: all,AU17,AU-related group,3,54,2,0.0449628356785703,0.14188659163465203,-0.09692375595608174,-0.4985483307127266,,,,,0.4985483307127266
Disgust__Fear,Fear,Disgust,Disgust: all,AU18,AU-related group,3,54,2,0.0006322700094689751,0.04395770778589572,-0.043325437776426744,-0.40288325983057977,,,,,0.40288325983057977
Disgust__Fear,Fear,Disgust,Disgust: all,AU20,AU-related group,3,54,2,0.09554324984524602,0.10582350346099456,-0.010280253615748539,-0.09291266515277223,,,,,0.09291266515277223
Disgust__Fear,Fear,Disgust,Disgust: all,AU22,AU-related group,3,54,2,9.973688484753608e-08,0.0022385660013351867,-0.0022384662644503394,-0.05314337859006262,,,,,0.05314337859006262
Disgust__Fear,Fear,Disgust,Disgust: all,AU23,AU-related group,3,54,2,0.002819643997622539,0.010269989194766573,-0.007450345197144034,-0.1291245477644523,,,,,0.1291245477644523
Disgust__Fear,Fear,Disgust,Disgust: all,AU24,AU-related group,3,54,2,8.552063629642276e-07,0.018667302978732352,-0.018666447772369386,-0.41982175441165,,,,,0.41982175441165
Disgust__Fear,Fear,Disgust,Disgust: all,AU26,AU-related group,3,54,2,0.16116912489136057,0.10876266707982257,0.05240645781153799,0.29351114636275233,,,,,0.29351114636275233
Disgust__Fear,Fear,Disgust,Disgust: all,AU28,AU-related group,3,54,2,0.03196719288968881,0.09197309020786604,-0.06000589731817723,-0.7414366987605459,,,,,0.7414366987605459
Disgust__Fear,Fear,Disgust,Disgust: all,AU43,AU-related group,3,54,2,0.0365520625872471,0.08112281905180335,-0.04457075646455625,-0.4265278598166338,,,,,0.4265278598166338
Disgust__Sadness,Disgust,Sadness,Disgust: correct,BrowLowererL,FEA,2,30,2,0.03126415589975026,0.27429085437956846,-0.2430266984798182,-1.6627326431308413,1.0,-0.1788643096496041,0.0,1.0,1.6627326431308413
Disgust__Sadness,Disgust,Sadness,Disgust: correct,BrowLowererR,FEA,2,30,2,0.015928579909200772,0.2600669810520221,-0.24413840114282132,-1.7290867978307445,1.0,-0.1634985025370649,0.0,1.0,1.7290867978307445
Disgust__Sadness,Disgust,Sadness,Disgust: correct,CheekPuffL,FEA,2,30,2,0.003565018157690245,0.0011963721404219191,0.002368646017268326,0.24932087988595397,1.0,0.0029401888821848814,1.0,0.0,0.24932087988595397
Disgust__Sadness,Disgust,Sadness,Disgust: correct,CheekPuffR,FEA,2,30,2,0.003976029759824441,0.001564301059297848,0.002411728700526593,0.22660675870974112,1.0,0.0018855009005398337,1.0,0.0,0.22660675870974112
Disgust__Sadness,Disgust,Sadness,Disgust: correct,CheekRaiserL,FEA,2,30,2,0.034161681567009154,0.3030017535852549,-0.2688400720182457,-1.2597283669314014,1.0,-0.2975746662286092,0.0,1.0,1.2597283669314014
Disgust__Sadness,Disgust,Sadness,Disgust: correct,CheekRaiserR,FEA,2,30,2,0.0222147092850736,0.27378535246203944,-0.25157064317696587,-1.2146643566376218,1.0,-0.28792333550327387,0.0,1.0,1.2146643566376218
Disgust__Sadness,Disgust,Sadness,Disgust: correct,CheekSuckL,FEA,2,30,2,1.401298464324817e-45,2.502851393756729e-22,-2.502851393756729e-22,-2.6911504869649144e-20,1.0,0.0,0.0,0.0,2.6911504869649144e-20
Disgust__Sadness,Disgust,Sadness,Disgust: correct,CheekSuckR,FEA,2,30,2,1.401298464324817e-45,1.5102296236078065e-21,-1.5102296236078065e-21,-1.932591076428632e-19,1.0,0.0,0.0,0.0,1.932591076428632e-19
Disgust__Sadness,Disgust,Sadness,Disgust: correct,ChinRaiserB,FEA,2,30,2,0.28226192717750864,0.146572360430847,0.13568956674666163,0.6595706585072795,1.0,0.07256972309719123,1.0,0.0,0.6595706585072795
Disgust__Sadness,Disgust,Sadness,Disgust: correct,ChinRaiserT,FEA,2,30,2,0.22646758474511441,0.2206446865057776,0.005822898239336821,0.030770956843033024,1.0,-0.09616356882852928,0.0,1.0,0.030770956843033024
Disgust__Sadness,Disgust,Sadness,Disgust: correct,DimplerL,FEA,2,30,2,0.00017290771891003326,0.08208190472373685,-0.08190899700482682,-0.716204971313792,1.0,-0.0761301824932828,0.0,1.0,0.716204971313792
Disgust__Sadness,Disgust,Sadness,Disgust: correct,DimplerR,FEA,2,30,2,0.0001360459240307698,0.08216872351244245,-0.08203267758841168,-0.7206719656619209,1.0,-0.06838458097111312,0.0,1.0,0.7206719656619209
Disgust__Sadness,Disgust,Sadness,Disgust: correct,EyesClosedL,FEA,2,30,2,0.0789550465873877,0.11425764075747528,-0.03530259417008759,-0.3257641056847959,1.0,-0.09165822459762485,0.0,1.0,0.3257641056847959
Disgust__Sadness,Disgust,Sadness,Disgust: correct,EyesClosedR,FEA,2,30,2,0.03605614628883667,0.09957692436876295,-0.06352077807992629,-0.6019636332888707,1.0,-0.04336134510089332,0.0,1.0,0.6019636332888707
Disgust__Sadness,Disgust,Sadness,Disgust: correct,EyesLookDownL,FEA,2,30,2,0.007893285108730193,0.06458730813391728,-0.056694023025187085,-1.4881367629508966,1.0,-0.02108973533301409,0.0,1.0,1.4881367629508966
Disgust__Sadness,Disgust,Sadness,Disgust: correct,EyesLookDownR,FEA,2,30,2,0.00393491029196108,0.0712395332249032,-0.06730462293294212,-1.4924915751166166,1.0,-0.044615797817354606,0.0,1.0,1.4924915751166166
Disgust__Sadness,Disgust,Sadness,Disgust: correct,EyesLookLeftL,FEA,2,30,2,0.10580039198199906,0.05204596568442259,0.05375442629757647,0.6622319379500395,1.0,0.10321185624537366,1.0,0.0,0.6622319379500395
Disgust__Sadness,Disgust,Sadness,Disgust: correct,EyesLookLeftR,FEA,2,30,2,0.14797055280456942,0.0894363711694152,0.05853418163515421,0.5473954888011276,1.0,0.1405393615054588,1.0,0.0,0.5473954888011276
Disgust__Sadness,Disgust,Sadness,Disgust: correct,EyesLookRightL,FEA,2,30,2,0.07710691013683874,0.13229923552408673,-0.055192325387248,-0.5986242348350009,1.0,-0.08955207151205588,0.0,1.0,0.5986242348350009
Disgust__Sadness,Disgust,Sadness,Disgust: correct,EyesLookRightR,FEA,2,30,2,0.03362456038594244,0.0833938120670306,-0.04976925168108816,-0.7495917193386226,1.0,-0.05183635208134848,0.0,1.0,0.7495917193386226
Disgust__Sadness,Disgust,Sadness,Disgust: correct,EyesLookUpL,FEA,2,30,2,0.10373278238500155,0.04750171263441905,0.05623106975058251,0.5421069339577722,1.0,0.027421893598511812,1.0,0.0,0.5421069339577722
Disgust__Sadness,Disgust,Sadness,Disgust: correct,EyesLookUpR,FEA,2,30,2,0.10343830461303388,0.047539925921268544,0.05589837869176534,0.5381006389779133,1.0,0.026544828806072437,1.0,0.0,0.5381006389779133
Disgust__Sadness,Disgust,Sadness,Disgust: correct,InnerBrowRaiserL,FEA,2,30,2,0.028985462759984353,0.037634553747822604,-0.00864909098783825,-0.05632301334735645,1.0,-0.01871287593967283,0.0,1.0,0.05632301334735645
Disgust__Sadness,Disgust,Sadness,Disgust: correct,InnerBrowRaiserR,FEA,2,30,2,0.03346619120178564,0.03920420848698498,-0.005738017285199334,-0.03650976473327867,1.0,-0.018916496721794823,0.0,1.0,0.03650976473327867
Disgust__Sadness,Disgust,Sadness,Disgust: correct,JawDrop,FEA,2,30,2,0.12802108214527833,0.07967732745332241,0.04834375469195591,0.2707572969373952,1.0,-0.006813231751757742,0.0,1.0,0.2707572969373952
Disgust__Sadness,Disgust,Sadness,Disgust: correct,JawSidewaysLeft,FEA,2,30,2,0.009883479335178398,0.00540455552997686,0.0044789238052015375,0.2102132954646236,1.0,0.00199153952189126,1.0,0.0,0.2102132954646236
Disgust__Sadness,Disgust,Sadness,Disgust: correct,JawSidewaysRight,FEA,2,30,2,0.013765748474128692,0.006960622455382143,0.006805126018746549,0.25053261913359715,1.0,0.0016941417132624245,1.0,0.0,0.25053261913359715
Disgust__Sadness,Disgust,Sadness,Disgust: correct,JawThrust,FEA,2,30,2,0.017947548450579234,0.031235084185679142,-0.013287535735099908,-0.19564301649866342,1.0,-0.022514133137369254,0.0,1.0,0.19564301649866342
Disgust__Sadness,Disgust,Sadness,Disgust: correct,LidTightenerL,FEA,2,30,2,0.24417825747126098,0.3302524058114626,-0.0860741483402016,-0.4782405272044645,1.0,-0.001515057698513067,0.0,1.0,0.4782405272044645
Disgust__Sadness,Disgust,Sadness,Disgust: correct,LidTightenerR,FEA,2,30,2,0.1314189113138127,0.3340970049198887,-0.202678093606076,-1.0779328519403244,1.0,-0.1875693699354694,0.0,1.0,1.0779328519403244
Disgust__Sadness,Disgust,Sadness,Disgust: correct,LipCornerDepressorL,FEA,2,30,2,0.21158887699050222,0.14106567134155337,0.07052320564894884,0.4233517345334337,1.0,-0.05941365535481327,0.0,1.0,0.4233517345334337
Disgust__Sadness,Disgust,Sadness,Disgust: correct,LipCornerDepressorR,FEA,2,30,2,0.19927072786000277,0.1173338750109732,0.08193685284902957,0.5070643365302833,1.0,-0.05178581960879872,0.0,1.0,0.5070643365302833
Disgust__Sadness,Disgust,Sadness,Disgust: correct,LipCornerPullerL,FEA,2,30,2,0.0037238908606423986,0.06321841641892155,-0.05949452555827915,-0.26357148456946355,1.0,-0.04447935956675542,0.0,1.0,0.26357148456946355
Disgust__Sadness,Disgust,Sadness,Disgust: correct,LipCornerPullerR,FEA,2,30,2,0.0029912054119324446,0.06382223473119288,-0.06083102931926043,-0.26347519987516066,1.0,-0.040968709899476596,0.0,1.0,0.26347519987516066
Disgust__Sadness,Disgust,Sadness,Disgust: correct,LipFunnelerLB,FEA,2,30,2,1.401298464324817e-45,0.0016048450578995954,-0.0016048450578995954,-0.03201611962207256,1.0,-6.715557173462497e-26,0.0,1.0,0.03201611962207256
Disgust__Sadness,Disgust,Sadness,Disgust: correct,LipFunnelerLT,FEA,2,30,2,0.008610985866994702,0.003033288954884653,0.005577696912110049,0.1378819550406088,1.0,0.002342069118362459,1.0,0.0,0.1378819550406088
Disgust__Sadness,Disgust,Sadness,Disgust: correct,LipFunnelerRB,FEA,2,30,2,3.2511652812925357e-07,0.001702861684957558,-0.001702536568429429,-0.03427729674821404,1.0,-0.0004267181922632827,0.0,1.0,0.03427729674821404
Disgust__Sadness,Disgust,Sadness,Disgust: correct,LipFunnelerRT,FEA,2,30,2,0.011392914365858039,0.002584834192602648,0.00880808017325539,0.21726807604051915,1.0,0.00872996005808989,1.0,0.0,0.21726807604051915
Disgust__Sadness,Disgust,Sadness,Disgust: correct,LipPressorL,FEA,2,30,2,0.016137863406160084,0.03156230899864999,-0.01542444559248991,-0.3481297348669957,1.0,-0.016931344546762893,0.0,1.0,0.3481297348669957
Disgust__Sadness,Disgust,Sadness,Disgust: correct,LipPressorR,FEA,2,30,2,0.01543002048777966,0.03168112404604156,-0.016251103558261898,-0.3640961184237235,1.0,-0.01746464348126172,0.0,1.0,0.3640961184237235
Disgust__Sadness,Disgust,Sadness,Disgust: correct,LipPuckerL,FEA,2,30,2,0.08994698295914097,0.06278937533131,0.027157607627830968,0.2516551369766569,1.0,0.003107216709500496,1.0,0.0,0.2516551369766569
Disgust__Sadness,Disgust,Sadness,Disgust: correct,LipPuckerR,FEA,2,30,2,0.09299771701142474,0.06036019088620097,0.032637526125223776,0.30441464132781904,1.0,0.005946708317374885,1.0,0.0,0.30441464132781904
Disgust__Sadness,Disgust,Sadness,Disgust: correct,LipStretcherL,FEA,2,30,2,0.010544948983267431,0.12761503985444464,-0.1170700908711772,-1.0856898237399155,1.0,-0.22559656454540808,0.0,1.0,1.0856898237399155
Disgust__Sadness,Disgust,Sadness,Disgust: correct,LipStretcherR,FEA,2,30,2,0.01009809813738416,0.13010947703013587,-0.12001137889275171,-1.056943710363677,1.0,-0.22488432825888344,0.0,1.0,1.056943710363677
Disgust__Sadness,Disgust,Sadness,Disgust: correct,LipSuckLB,FEA,2,30,2,0.01211824929436393,0.13452331534001324,-0.12240506604564931,-1.0439502644989747,1.0,-0.11015748082482099,0.0,1.0,1.0439502644989747
Disgust__Sadness,Disgust,Sadness,Disgust: correct,LipSuckLT,FEA,2,30,2,0.005893692651736123,0.0633820068780138,-0.05748831422627768,-0.7941161185211625,1.0,-0.056088634532202794,0.0,1.0,0.7941161185211625
Disgust__Sadness,Disgust,Sadness,Disgust: correct,LipSuckRB,FEA,2,30,2,0.00978719064703889,0.1207091938069073,-0.1109220031598684,-1.0646462681997089,1.0,-0.10413842968467689,0.0,1.0,1.0646462681997089
Disgust__Sadness,Disgust,Sadness,Disgust: correct,LipSuckRT,FEA,2,30,2,0.004021699496814884,0.05427878278109598,-0.05025708328428109,-0.7453000264487561,1.0,-0.05237256417405446,0.0,1.0,0.7453000264487561
Disgust__Sadness,Disgust,Sadness,Disgust: correct,LipTightenerL,FEA,2,30,2,0.04570457839028485,0.01172114771655257,0.03398343067373228,0.5766302226438171,1.0,-0.0157841409223511,0.0,1.0,0.5766302226438171
Disgust__Sadness,Disgust,Sadness,Disgust: correct,LipTightenerR,FEA,2,30,2,0.036731494993591976,0.011153074078997152,0.025578420914594825,0.4515035784115019,1.0,-0.02475540945560894,0.0,1.0,0.4515035784115019
Disgust__Sadness,Disgust,Sadness,Disgust: correct,LipsToward,FEA,2,30,2,0.09233811883411056,0.04680573563660595,0.045532383197504606,1.0785198842996528,1.0,-0.024082319287117585,0.0,1.0,1.0785198842996528
Disgust__Sadness,Disgust,Sadness,Disgust: correct,LowerLipDepressorL,FEA,2,30,2,3.486535507206877e-16,0.10522865089944439,-0.10522865089944404,-0.8792745996993512,1.0,-0.1540343910572119,0.0,1.0,0.8792745996993512
Disgust__Sadness,Disgust,Sadness,Disgust: correct,LowerLipDepressorR,FEA,2,30,2,1.5325555985546276e-15,0.10466178877813244,-0.10466178877813091,-0.896831922687507,1.0,-0.15439156738963597,0.0,1.0,0.896831922687507
Disgust__Sadness,Disgust,Sadness,Disgust: correct,MouthLeft,FEA,2,30,2,0.00107372651259726,0.015137183651866995,-0.014063457139269734,-1.178494636918564,1.0,-0.009284318245259188,0.0,1.0,1.178494636918564
Disgust__Sadness,Disgust,Sadness,Disgust: correct,MouthRight,FEA,2,30,2,1.526948723135158e-05,0.009346187553881507,-0.009330918066650156,-1.2834770518881446,1.0,-0.0032025504470739852,0.0,1.0,1.2834770518881446
Disgust__Sadness,Disgust,Sadness,Disgust: correct,NoseWrinklerL,FEA,2,30,2,0.004283275796311169,0.38990757741705734,-0.3856243016207462,-2.2338967598789563,1.0,-0.3420635809806766,0.0,1.0,2.2338967598789563
Disgust__Sadness,Disgust,Sadness,Disgust: correct,NoseWrinklerR,FEA,2,30,2,0.006599495848521134,0.39499705904284066,-0.3883975631943195,-2.216658232629532,1.0,-0.3568468795491325,0.0,1.0,2.216658232629532
Disgust__Sadness,Disgust,Sadness,Disgust: correct,OuterBrowRaiserL,FEA,2,30,2,0.04050293240613312,0.039968369491745544,0.0005345629143875749,0.0034088934109148855,1.0,0.034233970024555076,1.0,0.0,0.0034088934109148855
Disgust__Sadness,Disgust,Sadness,Disgust: correct,OuterBrowRaiserR,FEA,2,30,2,0.06120471414142226,0.04868999031497523,0.012514723826447034,0.07811179028674044,1.0,0.020803521397950428,1.0,0.0,0.07811179028674044
Disgust__Sadness,Disgust,Sadness,Disgust: correct,UpperLidRaiserL,FEA,2,30,2,0.03464855436322976,0.10409050786438198,-0.06944195350115223,-0.38801961044874755,1.0,0.044607042524759166,1.0,0.0,0.38801961044874755
Disgust__Sadness,Disgust,Sadness,Disgust: correct,UpperLidRaiserR,FEA,2,30,2,0.07113817583061365,0.11682971680702113,-0.045691540976407485,-0.21235162867166194,1.0,0.0815949417498454,1.0,0.0,0.21235162867166194
Disgust__Sadness,Disgust,Sadness,Disgust: correct,UpperLipRaiserL,FEA,2,30,2,0.0039509030666569816,0.34382511416588035,-0.3398742110992234,-1.8532610155764615,1.0,-0.29638465237912726,0.0,1.0,1.8532610155764615
Disgust__Sadness,Disgust,Sadness,Disgust: correct,UpperLipRaiserR,FEA,2,30,2,0.001420256009428286,0.36387214341973323,-0.36245188741030493,-1.889115011330144,1.0,-0.30317490285306364,0.0,1.0,1.889115011330144
Disgust__Sadness,Disgust,Sadness,Disgust: correct,AU1,AU-related group,2,30,2,0.031225826980885,0.03841938111740379,-0.007193554136518791,-0.046404159836995994,1.0,-0.01881468633073382,0.0,1.0,0.046404159836995994
Disgust__Sadness,Disgust,Sadness,Disgust: correct,AU2,AU-related group,2,30,2,0.05085382327377769,0.044329179903360376,0.0065246433704173115,0.04128352581275729,1.0,0.02751874571125275,1.0,0.0,0.04128352581275729
Disgust__Sadness,Disgust,Sadness,Disgust: correct,AU4,AU-related group,2,30,2,0.02359636790447552,0.26717891771579527,-0.24358254981131974,-1.706081228694505,1.0,-0.1711814060933345,0.0,1.0,1.706081228694505
Disgust__Sadness,Disgust,Sadness,Disgust: correct,AU5,AU-related group,2,30,2,0.052893365096921705,0.11046011233570158,-0.05756674723877987,-0.3071998066975433,1.0,0.06310099213730229,1.0,0.0,0.3071998066975433
Disgust__Sadness,Disgust,Sadness,Disgust: correct,AU6,AU-related group,2,30,2,0.02818819542604138,0.2883935530236472,-0.2602053575976058,-1.239561393246572,1.0,-0.2927490008659415,0.0,1.0,1.239561393246572
Disgust__Sadness,Disgust,Sadness,Disgust: correct,AU7,AU-related group,2,30,2,0.18779858439253685,0.33217470536567567,-0.14437612097313882,-0.8218985508627158,1.0,-0.09454221381699124,0.0,1.0,0.8218985508627158
Disgust__Sadness,Disgust,Sadness,Disgust: correct,AU8,AU-related group,2,30,2,0.09233811883411056,0.04680573563660595,0.045532383197504606,1.0785198842996528,1.0,-0.024082319287117585,0.0,1.0,1.0785198842996528
Disgust__Sadness,Disgust,Sadness,Disgust: correct,AU9,AU-related group,2,30,2,0.005441385822416151,0.3924523182299489,-0.38701093240753276,-2.2261399157032553,1.0,-0.34945523026490455,0.0,1.0,2.2261399157032553
Disgust__Sadness,Disgust,Sadness,Disgust: correct,AU10,AU-related group,2,30,2,0.0026855795380426335,0.35384862879280676,-0.3511630492547641,-1.874306489523934,1.0,-0.2997797776160955,0.0,1.0,1.874306489523934
Disgust__Sadness,Disgust,Sadness,Disgust: correct,AU12,AU-related group,2,30,2,0.0033575481362874216,0.06352032557505721,-0.06016277743876979,-0.263558035783044,1.0,-0.042724034733116006,0.0,1.0,0.263558035783044
Disgust__Sadness,Disgust,Sadness,Disgust: correct,AU14,AU-related group,2,30,2,0.00015447682147040154,0.08212531411808964,-0.08197083729661923,-0.7187734694187621,1.0,-0.07225738173219796,0.0,1.0,0.7187734694187621
Disgust__Sadness,Disgust,Sadness,Disgust: correct,AU15,AU-related group,2,30,2,0.2054298024252525,0.1291997731762633,0.0762300292489892,0.464772462403434,1.0,-0.055599737481805994,0.0,1.0,0.464772462403434
Disgust__Sadness,Disgust,Sadness,Disgust: correct,AU16,AU-related group,2,30,2,9.406045746376578e-16,0.1049452198387884,-0.10494521983878746,-0.8881479813609635,1.0,-0.15421297922342395,0.0,1.0,0.8881479813609635
Disgust__Sadness,Disgust,Sadness,Disgust: correct,AU17,AU-related group,2,30,2,0.2543647559613116,0.1836085234683123,0.07075623249299928,0.3639500063626344,1.0,-0.011796922865668913,0.0,1.0,0.3639500063626344
Disgust__Sadness,Disgust,Sadness,Disgust: correct,AU18,AU-related group,2,30,2,0.09147234998528286,0.0615747831087555,0.029897566876527365,0.2780174840096339,1.0,0.0045269625134377045,1.0,0.0,0.2780174840096339
Disgust__Sadness,Disgust,Sadness,Disgust: correct,AU20,AU-related group,2,30,2,0.010321523560325795,0.12886225844229024,-0.11854073488196444,-1.0713680828047887,1.0,-0.22524044640214577,0.0,1.0,1.0713680828047887
Disgust__Sadness,Disgust,Sadness,Disgust: correct,AU22,AU-related group,2,30,2,0.005001056337345217,0.002231457472586114,0.002769598864759103,0.06575298602887031,1.0,0.0026613277460472663,1.0,0.0,0.06575298602887031
Disgust__Sadness,Disgust,Sadness,Disgust: correct,AU23,AU-related group,2,30,2,0.041218036691938416,0.01143711089777486,0.029780925794163554,0.5161436783697178,1.0,-0.020269775188980016,0.0,1.0,0.5161436783697178
Disgust__Sadness,Disgust,Sadness,Disgust: correct,AU24,AU-related group,2,30,2,0.015783941946969873,0.03162171652234577,-0.0158377745753759,-0.356202872088638,1.0,-0.01719799401401231,0.0,1.0,0.356202872088638
Disgust__Sadness,Disgust,Sadness,Disgust: correct,AU26,AU-related group,2,30,2,0.12802108214527833,0.07967732745332241,0.04834375469195591,0.2707572969373952,1.0,-0.006813231751757742,0.0,1.0,0.2707572969373952
Disgust__Sadness,Disgust,Sadness,Disgust: correct,AU28,AU-related group,2,30,2,0.007955208022488456,0.09322332470150758,-0.08526811667901912,-1.0535782942265883,1.0,-0.0806892773039388,0.0,1.0,1.0535782942265883
Disgust__Sadness,Disgust,Sadness,Disgust: correct,AU43,AU-related group,2,30,2,0.057505596438112185,0.10691728256311912,-0.04941168612500694,-0.47285400573333747,1.0,-0.0675097848492591,0.0,1.0,0.47285400573333747
Disgust__Sadness,Disgust,Sadness,Disgust: all,BrowLowererL,FEA,2,54,2,0.03126415589975026,0.20364890998157592,-0.17238475408182566,-1.179416745496943,,,,,1.179416745496943
Disgust__Sadness,Disgust,Sadness,Disgust: all,BrowLowererR,FEA,2,54,2,0.015928579909200772,0.18631237832654704,-0.17038379841734627,-1.2067269017434994,,,,,1.2067269017434994
Disgust__Sadness,Disgust,Sadness,Disgust: all,CheekPuffL,FEA,2,54,2,0.003565018157690245,0.0024551103065273104,0.0011099078511629347,0.11682758843105066,,,,,0.11682758843105066
Disgust__Sadness,Disgust,Sadness,Disgust: all,CheekPuffR,FEA,2,54,2,0.003976029759824441,0.0027735684401712334,0.0012024613196532077,0.11298362956868031,,,,,0.11298362956868031
Disgust__Sadness,Disgust,Sadness,Disgust: all,CheekRaiserL,FEA,2,54,2,0.034161681567009154,0.29181043352651315,-0.257648751959504,-1.2072881810782725,,,,,1.2072881810782725
Disgust__Sadness,Disgust,Sadness,Disgust: all,CheekRaiserR,FEA,2,54,2,0.0222147092850736,0.2642519848114144,-0.24203727552634077,-1.1686341770518793,,,,,1.1686341770518793
Disgust__Sadness,Disgust,Sadness,Disgust: all,CheekSuckL,FEA,2,54,2,1.401298464324817e-45,2.4470741064524488e-05,-2.4470741064524488e-05,-0.0026311768607780272,,,,,0.0026311768607780272
Disgust__Sadness,Disgust,Sadness,Disgust: all,CheekSuckR,FEA,2,54,2,1.401298464324817e-45,3.3311644922711e-21,-3.3311644922711e-21,-4.2627814149875783e-19,,,,,4.2627814149875783e-19
Disgust__Sadness,Disgust,Sadness,Disgust: all,ChinRaiserB,FEA,2,54,2,0.28226192717750864,0.11176969308846262,0.170492234089046,0.8287422371864561,,,,,0.8287422371864561
Disgust__Sadness,Disgust,Sadness,Disgust: all,ChinRaiserT,FEA,2,54,2,0.22646758474511441,0.17200349018084143,0.05446409456427298,0.2878141149729221,,,,,0.2878141149729221
Disgust__Sadness,Disgust,Sadness,Disgust: all,DimplerL,FEA,2,54,2,0.00017290771891003326,0.10341698908133092,-0.10324408136242089,-0.9027570478751439,,,,,0.9027570478751439
Disgust__Sadness,Disgust,Sadness,Disgust: all,DimplerR,FEA,2,54,2,0.0001360459240307698,0.10316488143265676,-0.10302883550862599,-0.905127024847341,,,,,0.905127024847341
Disgust__Sadness,Disgust,Sadness,Disgust: all,EyesClosedL,FEA,2,54,2,0.0789550465873877,0.08110458807778993,-0.0021495414904022375,-0.019835467554579173,,,,,0.019835467554579173
Disgust__Sadness,Disgust,Sadness,Disgust: all,EyesClosedR,FEA,2,54,2,0.03605614628883667,0.0811410500258168,-0.04508490373698013,-0.4272534638326181,,,,,0.4272534638326181
Disgust__Sadness,Disgust,Sadness,Disgust: all,EyesLookDownL,FEA,2,54,2,0.007893285108730193,0.04890534863136148,-0.04101206352263129,-1.0765078256201888,,,,,1.0765078256201888
Disgust__Sadness,Disgust,Sadness,Disgust: all,EyesLookDownR,FEA,2,54,2,0.00393491029196108,0.05540130715944406,-0.05146639686748298,-1.1412761914268228,,,,,1.1412761914268228
Disgust__Sadness,Disgust,Sadness,Disgust: all,EyesLookLeftL,FEA,2,54,2,0.10580039198199906,0.0452460316170609,0.06055436036493816,0.7460042675147297,,,,,0.7460042675147297
Disgust__Sadness,Disgust,Sadness,Disgust: all,EyesLookLeftR,FEA,2,54,2,0.14797055280456942,0.08538495368172593,0.06258559912284349,0.585283225403209,,,,,0.585283225403209
Disgust__Sadness,Disgust,Sadness,Disgust: all,EyesLookRightL,FEA,2,54,2,0.07710691013683874,0.10500805150592146,-0.027901141369082727,-0.30261996184979273,,,,,0.30261996184979273
Disgust__Sadness,Disgust,Sadness,Disgust: all,EyesLookRightR,FEA,2,54,2,0.03362456038594244,0.058790674164710136,-0.025166113778767693,-0.37903544576833836,,,,,0.37903544576833836
Disgust__Sadness,Disgust,Sadness,Disgust: all,EyesLookUpL,FEA,2,54,2,0.10373278238500155,0.0526659598651114,0.051066822519890157,0.49231997018759527,,,,,0.49231997018759527
Disgust__Sadness,Disgust,Sadness,Disgust: all,EyesLookUpR,FEA,2,54,2,0.10343830461303388,0.05271194991125669,0.05072635470177719,0.48831262224189825,,,,,0.48831262224189825
Disgust__Sadness,Disgust,Sadness,Disgust: all,InnerBrowRaiserL,FEA,2,54,2,0.028985462759984353,0.042870261616378136,-0.013884798856393783,-0.09041802339848985,,,,,0.09041802339848985
Disgust__Sadness,Disgust,Sadness,Disgust: all,InnerBrowRaiserR,FEA,2,54,2,0.03346619120178564,0.0402406018594224,-0.006774410657636759,-0.043104111929900116,,,,,0.043104111929900116
Disgust__Sadness,Disgust,Sadness,Disgust: all,JawDrop,FEA,2,54,2,0.12802108214527833,0.10876266707982257,0.019258415065455753,0.10785997983910926,,,,,0.10785997983910926
Disgust__Sadness,Disgust,Sadness,Disgust: all,JawSidewaysLeft,FEA,2,54,2,0.009883479335178398,0.00488835742755227,0.004995121907626128,0.23444047791797099,,,,,0.23444047791797099
Disgust__Sadness,Disgust,Sadness,Disgust: all,JawSidewaysRight,FEA,2,54,2,0.013765748474128692,0.007897848655690156,0.005867899818438537,0.21602837423982735,,,,,0.21602837423982735
Disgust__Sadness,Disgust,Sadness,Disgust: all,JawThrust,FEA,2,54,2,0.017947548450579234,0.03868223588235398,-0.020734687431774743,-0.30529338744080026,,,,,0.30529338744080026
Disgust__Sadness,Disgust,Sadness,Disgust: all,LidTightenerL,FEA,2,54,2,0.24417825747126098,0.2981366222858074,-0.05395836481454641,-0.2998005479416058,,,,,0.2998005479416058
Disgust__Sadness,Disgust,Sadness,Disgust: all,LidTightenerR,FEA,2,54,2,0.1314189113138127,0.2799414716760359,-0.1485225603622232,-0.7899094777351446,,,,,0.7899094777351446
Disgust__Sadness,Disgust,Sadness,Disgust: all,LipCornerDepressorL,FEA,2,54,2,0.21158887699050222,0.11643143957419168,0.09515743741631054,0.5712313530454523,,,,,0.5712313530454523
Disgust__Sadness,Disgust,Sadness,Disgust: all,LipCornerDepressorR,FEA,2,54,2,0.19927072786000277,0.09825104920742044,0.10101967865258234,0.6251579667924817,,,,,0.6251579667924817
Disgust__Sadness,Disgust,Sadness,Disgust: all,LipCornerPullerL,FEA,2,54,2,0.0037238908606423986,0.12403860629879152,-0.12031471543814912,-0.5330159013121604,,,,,0.5330159013121604
Disgust__Sadness,Disgust,Sadness,Disgust: all,LipCornerPullerR,FEA,2,54,2,0.0029912054119324446,0.12564717712488532,-0.12265597171295288,-0.5312552988926674,,,,,0.5312552988926674
Disgust__Sadness,Disgust,Sadness,Disgust: all,LipFunnelerLB,FEA,2,54,2,1.401298464324817e-45,0.0011374386064590776,-0.0011374386064590776,-0.022691517980445237,,,,,0.022691517980445237
Disgust__Sadness,Disgust,Sadness,Disgust: all,LipFunnelerLT,FEA,2,54,2,0.008610985866994702,0.0037054494070433144,0.004905536459951387,0.12126599352369742,,,,,0.12126599352369742
Disgust__Sadness,Disgust,Sadness,Disgust: all,LipFunnelerRB,FEA,2,54,2,3.2511652812925357e-07,0.0011489397558673703,-0.0011486146393392411,-0.023125144899703208,,,,,0.023125144899703208
Disgust__Sadness,Disgust,Sadness,Disgust: all,LipFunnelerRT,FEA,2,54,2,0.011392914365858039,0.002962436235970985,0.008430478129887054,0.20795380234433802,,,,,0.20795380234433802
Disgust__Sadness,Disgust,Sadness,Disgust: all,LipPressorL,FEA,2,54,2,0.016137863406160084,0.018620562339771538,-0.002482698933611454,-0.056034514584663755,,,,,0.056034514584663755
Disgust__Sadness,Disgust,Sadness,Disgust: all,LipPressorR,FEA,2,54,2,0.01543002048777966,0.01871404361769316,-0.0032840231299135006,-0.07357654636366841,,,,,0.07357654636366841
Disgust__Sadness,Disgust,Sadness,Disgust: all,LipPuckerL,FEA,2,54,2,0.08994698295914097,0.04466690239111557,0.0452800805680254,0.41958647587142384,,,,,0.41958647587142384
Disgust__Sadness,Disgust,Sadness,Disgust: all,LipPuckerR,FEA,2,54,2,0.09299771701142474,0.04324851318067585,0.04974920383074889,0.4640175846164305,,,,,0.4640175846164305
Disgust__Sadness,Disgust,Sadness,Disgust: all,LipStretcherL,FEA,2,54,2,0.010544948983267431,0.10378531040281726,-0.09324036141954983,-0.864696617229329,,,,,0.864696617229329
Disgust__Sadness,Disgust,Sadness,Disgust: all,LipStretcherR,FEA,2,54,2,0.01009809813738416,0.1078616965191718,-0.09776359838178764,-0.8610068592286779,,,,,0.8610068592286779
Disgust__Sadness,Disgust,Sadness,Disgust: all,LipSuckLB,FEA,2,54,2,0.01211824929436393,0.1284654985704303,-0.11634724927606636,-0.992285250760622,,,,,0.992285250760622
Disgust__Sadness,Disgust,Sadness,Disgust: all,LipSuckLT,FEA,2,54,2,0.005893692651736123,0.06836339055219018,-0.062469697900454056,-0.8629265736796031,,,,,0.8629265736796031
Disgust__Sadness,Disgust,Sadness,Disgust: all,LipSuckRB,FEA,2,54,2,0.00978719064703889,0.11156187647240445,-0.10177468582536556,-0.976848924239188,,,,,0.976848924239188
Disgust__Sadness,Disgust,Sadness,Disgust: all,LipSuckRT,FEA,2,54,2,0.004021699496814884,0.059501595236439185,-0.0554798957396243,-0.8227530341986441,,,,,0.8227530341986441
Disgust__Sadness,Disgust,Sadness,Disgust: all,LipTightenerL,FEA,2,54,2,0.04570457839028485,0.01078156466892883,0.03492301372135602,0.5925730504043591,,,,,0.5925730504043591
Disgust__Sadness,Disgust,Sadness,Disgust: all,LipTightenerR,FEA,2,54,2,0.036731494993591976,0.009758413720604316,0.02697308127298766,0.47612175732823614,,,,,0.47612175732823614
Disgust__Sadness,Disgust,Sadness,Disgust: all,LipsToward,FEA,2,54,2,0.09233811883411056,0.04191319725471171,0.050424921579398846,1.1944088310012473,,,,,1.1944088310012473
Disgust__Sadness,Disgust,Sadness,Disgust: all,LowerLipDepressorL,FEA,2,54,2,3.486535507206877e-16,0.13410445371033966,-0.1341044537103393,-1.1205564154456127,,,,,1.1205564154456127
Disgust__Sadness,Disgust,Sadness,Disgust: all,LowerLipDepressorR,FEA,2,54,2,1.5325555985546276e-15,0.13049145148914582,-0.1304914514891443,-1.1181626140690042,,,,,1.1181626140690042
Disgust__Sadness,Disgust,Sadness,Disgust: all,MouthLeft,FEA,2,54,2,0.00107372651259726,0.009755599564349559,-0.008681873051752298,-0.7275267189692717,,,,,0.7275267189692717
Disgust__Sadness,Disgust,Sadness,Disgust: all,MouthRight,FEA,2,54,2,1.526948723135158e-05,0.005664014670412648,-0.005648745183181297,-0.7769905129152725,,,,,0.7769905129152725
Disgust__Sadness,Disgust,Sadness,Disgust: all,NoseWrinklerL,FEA,2,54,2,0.004283275796311169,0.24080601683053532,-0.23652274103422416,-1.370161015821253,,,,,1.370161015821253
Disgust__Sadness,Disgust,Sadness,Disgust: all,NoseWrinklerR,FEA,2,54,2,0.006599495848521134,0.24070146386259614,-0.234101968014075,-1.3360641359470924,,,,,1.3360641359470924
Disgust__Sadness,Disgust,Sadness,Disgust: all,OuterBrowRaiserL,FEA,2,54,2,0.04050293240613312,0.0349691367786915,0.005533795627441621,0.03528886674330398,,,,,0.03528886674330398
Disgust__Sadness,Disgust,Sadness,Disgust: all,OuterBrowRaiserR,FEA,2,54,2,0.06120471414142226,0.03907723090189351,0.022127483239528754,0.13811070498629904,,,,,0.13811070498629904
Disgust__Sadness,Disgust,Sadness,Disgust: all,UpperLidRaiserL,FEA,2,54,2,0.03464855436322976,0.06525532418534884,-0.03060676982211908,-0.17102092185923415,,,,,0.17102092185923415
Disgust__Sadness,Disgust,Sadness,Disgust: all,UpperLidRaiserR,FEA,2,54,2,0.07113817583061365,0.07977094952988822,-0.008632773699274579,-0.04012085204001757,,,,,0.04012085204001757
Disgust__Sadness,Disgust,Sadness,Disgust: all,UpperLipRaiserL,FEA,2,54,2,0.0039509030666569816,0.27941785154940696,-0.27546694848275,-1.50206205717047,,,,,1.50206205717047
Disgust__Sadness,Disgust,Sadness,Disgust: all,UpperLipRaiserR,FEA,2,54,2,0.001420256009428286,0.29346367233183784,-0.29204341632240954,-1.5221429957964596,,,,,1.5221429957964596
Disgust__Sadness,Disgust,Sadness,Disgust: all,AU1,AU-related group,2,54,2,0.031225826980885,0.04155543173790027,-0.010329604757015273,-0.06663418681512814,,,,,0.06663418681512814
Disgust__Sadness,Disgust,Sadness,Disgust: all,AU2,AU-related group,2,54,2,0.05085382327377769,0.03702318384029251,0.013830639433485177,0.08751092245869445,,,,,0.08751092245869445
Disgust__Sadness,Disgust,Sadness,Disgust: all,AU4,AU-related group,2,54,2,0.02359636790447552,0.1949806441540615,-0.17138427624958597,-1.2003959102542572,,,,,1.2003959102542572
Disgust__Sadness,Disgust,Sadness,Disgust: all,AU5,AU-related group,2,54,2,0.052893365096921705,0.07251313685761855,-0.019619771760696847,-0.10469916021719863,,,,,0.10469916021719863
Disgust__Sadness,Disgust,Sadness,Disgust: all,AU6,AU-related group,2,54,2,0.02818819542604138,0.27803120916896373,-0.24984301374292237,-1.1901974543007983,,,,,1.1901974543007983
Disgust__Sadness,Disgust,Sadness,Disgust: all,AU7,AU-related group,2,54,2,0.18779858439253685,0.28903904698092164,-0.10124046258838479,-0.5763376168386292,,,,,0.5763376168386292
Disgust__Sadness,Disgust,Sadness,Disgust: all,AU8,AU-related group,2,54,2,0.09233811883411056,0.04191319725471171,0.050424921579398846,1.1944088310012473,,,,,1.1944088310012473
Disgust__Sadness,Disgust,Sadness,Disgust: all,AU9,AU-related group,2,54,2,0.005441385822416151,0.24075374034656574,-0.2353123545241496,-1.3535489083101904,,,,,1.3535489083101904
Disgust__Sadness,Disgust,Sadness,Disgust: all,AU10,AU-related group,2,54,2,0.0026855795380426335,0.2864407619406224,-0.28375518240257974,-1.5145220459324493,,,,,1.5145220459324493
Disgust__Sadness,Disgust,Sadness,Disgust: all,AU12,AU-related group,2,54,2,0.0033575481362874216,0.12484289171183839,-0.12148534357555096,-0.5321968149124593,,,,,0.5321968149124593
Disgust__Sadness,Disgust,Sadness,Disgust: all,AU14,AU-related group,2,54,2,0.00015447682147040154,0.10329093525699384,-0.10313645843552344,-0.9043673640298728,,,,,0.9043673640298728
Disgust__Sadness,Disgust,Sadness,Disgust: all,AU15,AU-related group,2,54,2,0.2054298024252525,0.10734124439080601,0.09808855803444648,0.5980433314850963,,,,,0.5980433314850963
Disgust__Sadness,Disgust,Sadness,Disgust: all,AU16,AU-related group,2,54,2,9.406045746376578e-16,0.13229795259974272,-0.13229795259974178,-1.1196332688630128,,,,,1.1196332688630128
Disgust__Sadness,Disgust,Sadness,Disgust: all,AU17,AU-related group,2,54,2,0.2543647559613116,0.14188659163465203,0.11247816432665955,0.5785557989735461,,,,,0.5785557989735461
Disgust__Sadness,Disgust,Sadness,Disgust: all,AU18,AU-related group,2,54,2,0.09147234998528286,0.04395770778589572,0.04751464219938714,0.44183867310830255,,,,,0.44183867310830255
Disgust__Sadness,Disgust,Sadness,Disgust: all,AU20,AU-related group,2,54,2,0.010321523560325795,0.10582350346099456,-0.09550197990066876,-0.8631444137082724,,,,,0.8631444137082724
Disgust__Sadness,Disgust,Sadness,Disgust: all,AU22,AU-related group,2,54,2,0.005001056337345217,0.0022385660013351867,0.0027624903360100304,0.06558422260342593,,,,,0.06558422260342593
Disgust__Sadness,Disgust,Sadness,Disgust: all,AU23,AU-related group,2,54,2,0.041218036691938416,0.010269989194766573,0.030948047497171845,0.5363714742770528,,,,,0.5363714742770528
Disgust__Sadness,Disgust,Sadness,Disgust: all,AU24,AU-related group,2,54,2,0.015783941946969873,0.018667302978732352,-0.002883361031762479,-0.06484885082144674,,,,,0.06484885082144674
Disgust__Sadness,Disgust,Sadness,Disgust: all,AU26,AU-related group,2,54,2,0.12802108214527833,0.10876266707982257,0.019258415065455753,0.10785997983910926,,,,,0.10785997983910926
Disgust__Sadness,Disgust,Sadness,Disgust: all,AU28,AU-related group,2,54,2,0.007955208022488456,0.09197309020786604,-0.08401788218537758,-1.0381303169931682,,,,,1.0381303169931682
Disgust__Sadness,Disgust,Sadness,Disgust: all,AU43,AU-related group,2,54,2,0.057505596438112185,0.08112281905180335,-0.023617222613691168,-0.22600925394302687,,,,,0.22600925394302687
Disgust__Sadness,Disgust,Sadness,Sadness: correct,BrowLowererL,FEA,2,48,2,0.03126415589975026,0.11313697026578794,-0.08187281436603767,-0.5601549207677176,,,,,0.5601549207677176
Disgust__Sadness,Disgust,Sadness,Sadness: correct,BrowLowererR,FEA,2,48,2,0.015928579909200772,0.09718928717835246,-0.08126070726915169,-0.5755211612092205,,,,,0.5755211612092205
Disgust__Sadness,Disgust,Sadness,Sadness: correct,CheekPuffL,FEA,2,48,2,0.003565018157690245,0.017059979315833012,-0.013494961158142766,-1.4204636595953544,,,,,1.4204636595953544
Disgust__Sadness,Disgust,Sadness,Sadness: correct,CheekPuffR,FEA,2,48,2,0.003976029759824441,0.018930664062466615,-0.014954634302642173,-1.4051419657075501,,,,,1.4051419657075501
Disgust__Sadness,Disgust,Sadness,Sadness: correct,CheekRaiserL,FEA,2,48,2,0.034161681567009154,0.10671044127759545,-0.0725487597105863,-0.33994831911409745,,,,,0.33994831911409745
Disgust__Sadness,Disgust,Sadness,Sadness: correct,CheekRaiserR,FEA,2,48,2,0.0222147092850736,0.09157939733200948,-0.06936468804693588,-0.3349151280764988,,,,,0.3349151280764988
Disgust__Sadness,Disgust,Sadness,Sadness: correct,CheekSuckL,FEA,2,48,2,1.401298464324817e-45,5.2978004756035915e-14,-5.2978004756035915e-14,-5.696374289471428e-12,,,,,5.696374289471428e-12
Disgust__Sadness,Disgust,Sadness,Sadness: correct,CheekSuckR,FEA,2,48,2,1.401298464324817e-45,4.5033727365835503e-14,-4.5033727365835503e-14,-5.762817672561758e-12,,,,,5.762817672561758e-12
Disgust__Sadness,Disgust,Sadness,Sadness: correct,ChinRaiserB,FEA,2,48,2,0.28226192717750864,0.45153692659163996,-0.16927499941413132,-0.8228254058829091,,,,,0.8228254058829091
Disgust__Sadness,Disgust,Sadness,Sadness: correct,ChinRaiserT,FEA,2,48,2,0.22646758474511441,0.4118311212608156,-0.1853635365157012,-0.9795488686139625,,,,,0.9795488686139625
Disgust__Sadness,Disgust,Sadness,Sadness: correct,DimplerL,FEA,2,48,2,0.00017290771891003326,0.017516500922194134,-0.017343593203284102,-0.15165083356965264,,,,,0.15165083356965264
Disgust__Sadness,Disgust,Sadness,Sadness: correct,DimplerR,FEA,2,48,2,0.0001360459240307698,0.01736142770768686,-0.01722538178365609,-0.15132810624065401,,,,,0.15132810624065401
Disgust__Sadness,Disgust,Sadness,Sadness: correct,EyesClosedL,FEA,2,48,2,0.0789550465873877,0.04819431704906877,0.030760729538318925,0.28385283812239137,,,,,0.28385283812239137
Disgust__Sadness,Disgust,Sadness,Sadness: correct,EyesClosedR,FEA,2,48,2,0.03605614628883667,0.053750508818949515,-0.017694362530112848,-0.16768312793578968,,,,,0.16768312793578968
Disgust__Sadness,Disgust,Sadness,Sadness: correct,EyesLookDownL,FEA,2,48,2,0.007893285108730193,0.015851129193976795,-0.007957844085246602,-0.20888198976152544,,,,,0.20888198976152544
Disgust__Sadness,Disgust,Sadness,Sadness: correct,EyesLookDownR,FEA,2,48,2,0.00393491029196108,0.02397506325104452,-0.02004015295908344,-0.44439383436232127,,,,,0.44439383436232127
Disgust__Sadness,Disgust,Sadness,Sadness: correct,EyesLookLeftL,FEA,2,48,2,0.10580039198199906,0.06886564045323916,0.0369347515287599,0.4550206144362964,,,,,0.4550206144362964
Disgust__Sadness,Disgust,Sadness,Sadness: correct,EyesLookLeftR,FEA,2,48,2,0.14797055280456942,0.12472972211738424,0.023240830687185174,0.2173418252167977,,,,,0.2173418252167977
Disgust__Sadness,Disgust,Sadness,Sadness: correct,EyesLookRightL,FEA,2,48,2,0.07710691013683874,0.04658668652377348,0.030520223613065257,0.33102692048531757,,,,,0.33102692048531757
Disgust__Sadness,Disgust,Sadness,Sadness: correct,EyesLookRightR,FEA,2,48,2,0.03362456038594244,0.015880532893101585,0.017744027492840857,0.2672488660584892,,,,,0.2672488660584892
Disgust__Sadness,Disgust,Sadness,Sadness: correct,EyesLookUpL,FEA,2,48,2,0.10373278238500155,0.06370668793663044,0.040026094448371116,0.3858796113244119,,,,,0.3858796113244119
Disgust__Sadness,Disgust,Sadness,Sadness: correct,EyesLookUpR,FEA,2,48,2,0.10343830461303388,0.06355988611806726,0.03987841849496662,0.3838859547590303,,,,,0.3838859547590303
Disgust__Sadness,Disgust,Sadness,Sadness: correct,InnerBrowRaiserL,FEA,2,48,2,0.028985462759984353,0.06815198918579414,-0.03916652642580978,-0.25505302161260235,,,,,0.25505302161260235
Disgust__Sadness,Disgust,Sadness,Sadness: correct,InnerBrowRaiserR,FEA,2,48,2,0.03346619120178564,0.06801807406221809,-0.03455188286043245,-0.2198461683934034,,,,,0.2198461683934034
Disgust__Sadness,Disgust,Sadness,Sadness: correct,JawDrop,FEA,2,48,2,0.12802108214527833,0.014374776323082109,0.11364630582219622,0.6364951743489305,,,,,0.6364951743489305
Disgust__Sadness,Disgust,Sadness,Sadness: correct,JawSidewaysLeft,FEA,2,48,2,0.009883479335178398,0.029257525119272182,-0.019374045784093782,-0.9092992397028719,,,,,0.9092992397028719
Disgust__Sadness,Disgust,Sadness,Sadness: correct,JawSidewaysRight,FEA,2,48,2,0.013765748474128692,0.027673411996788938,-0.013907663522660246,-0.5120145253390394,,,,,0.5120145253390394
Disgust__Sadness,Disgust,Sadness,Sadness: correct,JawThrust,FEA,2,48,2,0.017947548450579234,0.06785640854360553,-0.049908860093026294,-0.7348480661328592,,,,,0.7348480661328592
Disgust__Sadness,Disgust,Sadness,Sadness: correct,LidTightenerL,FEA,2,48,2,0.24417825747126098,0.1312686630490114,0.11290959442224957,0.6273421811798368,,,,,0.6273421811798368
Disgust__Sadness,Disgust,Sadness,Sadness: correct,LidTightenerR,FEA,2,48,2,0.1314189113138127,0.16213133491834406,-0.030712423604531358,-0.16334242037216082,,,,,0.16334242037216082
Disgust__Sadness,Disgust,Sadness,Sadness: correct,LipCornerDepressorL,FEA,2,48,2,0.21158887699050222,0.43158931206122925,-0.22000043507072703,-1.3206655160986798,,,,,1.3206655160986798
Disgust__Sadness,Disgust,Sadness,Sadness: correct,LipCornerDepressorR,FEA,2,48,2,0.19927072786000277,0.41735706256475485,-0.21808633470475208,-1.3496222855561644,,,,,1.3496222855561644
Disgust__Sadness,Disgust,Sadness,Sadness: correct,LipCornerPullerL,FEA,2,48,2,0.0037238908606423986,0.023762648212702662,-0.020038757352060264,-0.08877531125172226,,,,,0.08877531125172226
Disgust__Sadness,Disgust,Sadness,Sadness: correct,LipCornerPullerR,FEA,2,48,2,0.0029912054119324446,0.0223025446740229,-0.019311339262090457,-0.08364249345893167,,,,,0.08364249345893167
Disgust__Sadness,Disgust,Sadness,Sadness: correct,LipFunnelerLB,FEA,2,48,2,1.401298464324817e-45,0.0645054749354325,-0.0645054749354325,-1.2868625489082057,,,,,1.2868625489082057
Disgust__Sadness,Disgust,Sadness,Sadness: correct,LipFunnelerLT,FEA,2,48,2,0.008610985866994702,0.050248698348218344,-0.041637712481223645,-1.0292938628244706,,,,,1.0292938628244706
Disgust__Sadness,Disgust,Sadness,Sadness: correct,LipFunnelerRB,FEA,2,48,2,3.2511652812925357e-07,0.06541710044347908,-0.06541677532695095,-1.3170408564332043,,,,,1.3170408564332043
Disgust__Sadness,Disgust,Sadness,Sadness: correct,LipFunnelerRT,FEA,2,48,2,0.011392914365858039,0.0519998213956136,-0.04060690702975556,-1.001646714240848,,,,,1.001646714240848
Disgust__Sadness,Disgust,Sadness,Sadness: correct,LipPressorL,FEA,2,48,2,0.016137863406160084,0.004360145372096087,0.011777718034063998,0.2658230943829377,,,,,0.2658230943829377
Disgust__Sadness,Disgust,Sadness,Sadness: correct,LipPressorR,FEA,2,48,2,0.01543002048777966,0.0020603697240320867,0.013369650763747572,0.29953891625325973,,,,,0.29953891625325973
Disgust__Sadness,Disgust,Sadness,Sadness: correct,LipPuckerL,FEA,2,48,2,0.08994698295914097,0.053674745872767306,0.036272237086373664,0.336115570911582,,,,,0.336115570911582
Disgust__Sadness,Disgust,Sadness,Sadness: correct,LipPuckerR,FEA,2,48,2,0.09299771701142474,0.05889572082351654,0.034101996187908205,0.3180739526113072,,,,,0.3180739526113072
Disgust__Sadness,Disgust,Sadness,Sadness: correct,LipStretcherL,FEA,2,48,2,0.010544948983267431,0.06729650323546198,-0.056751554252194546,-0.5263050918857785,,,,,0.5263050918857785
Disgust__Sadness,Disgust,Sadness,Sadness: correct,LipStretcherR,FEA,2,48,2,0.01009809813738416,0.07040037414043022,-0.060302276003046065,-0.5310839016272938,,,,,0.5310839016272938
Disgust__Sadness,Disgust,Sadness,Sadness: correct,LipSuckLB,FEA,2,48,2,0.01211824929436393,0.04327351366689477,-0.031155264372530838,-0.2657124213315604,,,,,0.2657124213315604
Disgust__Sadness,Disgust,Sadness,Sadness: correct,LipSuckLT,FEA,2,48,2,0.005893692651736123,0.027643671063074995,-0.021749978411338872,-0.3004438148237879,,,,,0.3004438148237879
Disgust__Sadness,Disgust,Sadness,Sadness: correct,LipSuckRB,FEA,2,48,2,0.00978719064703889,0.04119024708420951,-0.03140305643717062,-0.3014113150996056,,,,,0.3014113150996056
Disgust__Sadness,Disgust,Sadness,Sadness: correct,LipSuckRT,FEA,2,48,2,0.004021699496814884,0.018741810193957622,-0.014720110697142737,-0.21829557497103036,,,,,0.21829557497103036
Disgust__Sadness,Disgust,Sadness,Sadness: correct,LipTightenerL,FEA,2,48,2,0.04570457839028485,0.07560637378927325,-0.0299017953989884,-0.5073731108524038,,,,,0.5073731108524038
Disgust__Sadness,Disgust,Sadness,Sadness: correct,LipTightenerR,FEA,2,48,2,0.036731494993591976,0.07310564760253578,-0.036374152608943805,-0.6420670032548155,,,,,0.6420670032548155
Disgust__Sadness,Disgust,Sadness,Sadness: correct,LipsToward,FEA,2,48,2,0.09233811883411056,0.019841113846659143,0.07249700498745142,1.7172275189720931,,,,,1.7172275189720931
Disgust__Sadness,Disgust,Sadness,Sadness: correct,LowerLipDepressorL,FEA,2,48,2,3.486535507206877e-16,0.01864573166193959,-0.01864573166193924,-0.1558008974078728,,,,,0.1558008974078728
Disgust__Sadness,Disgust,Sadness,Sadness: correct,LowerLipDepressorR,FEA,2,48,2,1.5325555985546276e-15,0.016442194016462703,-0.01644219401646117,-0.14089081263691383,,,,,0.14089081263691383
Disgust__Sadness,Disgust,Sadness,Sadness: correct,MouthLeft,FEA,2,48,2,0.00107372651259726,0.002771360203097787,-0.0016976336905005268,-0.1422589182655999,,,,,0.1422589182655999
Disgust__Sadness,Disgust,Sadness,Sadness: correct,MouthRight,FEA,2,48,2,1.526948723135158e-05,0.00016100728946145447,-0.00014573780223010288,-0.020046379511518116,,,,,0.020046379511518116
Disgust__Sadness,Disgust,Sadness,Sadness: correct,NoseWrinklerL,FEA,2,48,2,0.004283275796311169,0.02033747524846067,-0.0160541994521495,-0.09300094415179842,,,,,0.09300094415179842
Disgust__Sadness,Disgust,Sadness,Sadness: correct,NoseWrinklerR,FEA,2,48,2,0.006599495848521134,0.023684971170157925,-0.01708547532163679,-0.0975100338390815,,,,,0.0975100338390815
Disgust__Sadness,Disgust,Sadness,Sadness: correct,OuterBrowRaiserL,FEA,2,48,2,0.04050293240613312,0.029000876066434058,0.01150205633969906,0.07334830571494519,,,,,0.07334830571494519
Disgust__Sadness,Disgust,Sadness,Sadness: correct,OuterBrowRaiserR,FEA,2,48,2,0.06120471414142226,0.03773414149746184,0.023470572643960422,0.14649372001325503,,,,,0.14649372001325503
Disgust__Sadness,Disgust,Sadness,Sadness: correct,UpperLidRaiserL,FEA,2,48,2,0.03464855436322976,0.05462729580510675,-0.019978741441876995,-0.11163487028637135,,,,,0.11163487028637135
Disgust__Sadness,Disgust,Sadness,Sadness: correct,UpperLidRaiserR,FEA,2,48,2,0.07113817583061365,0.09181371234617997,-0.02067553651556632,-0.09608964282924759,,,,,0.09608964282924759
Disgust__Sadness,Disgust,Sadness,Sadness: correct,UpperLipRaiserL,FEA,2,48,2,0.0039509030666569816,0.03494419657169139,-0.030993293505034412,-0.1689997673298922,,,,,0.1689997673298922
Disgust__Sadness,Disgust,Sadness,Sadness: correct,UpperLipRaiserR,FEA,2,48,2,0.001420256009428286,0.039802190121601355,-0.03838193411217307,-0.20004831099999174,,,,,0.20004831099999174
Disgust__Sadness,Disgust,Sadness,Sadness: correct,AU1,AU-related group,2,48,2,0.031225826980885,0.0680850316240061,-0.036859204643121105,-0.23777125899988963,,,,,0.23777125899988963
Disgust__Sadness,Disgust,Sadness,Sadness: correct,AU2,AU-related group,2,48,2,0.05085382327377769,0.03336750878194795,0.01748631449182974,0.11064155919487027,,,,,0.11064155919487027
Disgust__Sadness,Disgust,Sadness,Sadness: correct,AU4,AU-related group,2,48,2,0.02359636790447552,0.10516312872207019,-0.08156676081759467,-0.571303320472285,,,,,0.571303320472285
Disgust__Sadness,Disgust,Sadness,Sadness: correct,AU5,AU-related group,2,48,2,0.052893365096921705,0.07322050407564336,-0.020327138978721654,-0.10847396221773642,,,,,0.10847396221773642
Disgust__Sadness,Disgust,Sadness,Sadness: correct,AU6,AU-related group,2,48,2,0.02818819542604138,0.09914491930480246,-0.07095672387876108,-0.33802230793182825,,,,,0.33802230793182825
Disgust__Sadness,Disgust,Sadness,Sadness: correct,AU7,AU-related group,2,48,2,0.18779858439253685,0.14669999898367772,0.041098585408859134,0.23396436725387182,,,,,0.23396436725387182
Disgust__Sadness,Disgust,Sadness,Sadness: correct,AU8,AU-related group,2,48,2,0.09233811883411056,0.019841113846659143,0.07249700498745142,1.7172275189720931,,,,,1.7172275189720931
Disgust__Sadness,Disgust,Sadness,Sadness: correct,AU9,AU-related group,2,48,2,0.005441385822416151,0.0220112232093093,-0.016569837386893146,-0.0953119752307984,,,,,0.0953119752307984
Disgust__Sadness,Disgust,Sadness,Sadness: correct,AU10,AU-related group,2,48,2,0.0026855795380426335,0.03737319334664637,-0.03468761380860374,-0.185142542205226,,,,,0.185142542205226
Disgust__Sadness,Disgust,Sadness,Sadness: correct,AU12,AU-related group,2,48,2,0.0033575481362874216,0.02303259644336278,-0.01967504830707536,-0.08619145103509901,,,,,0.08619145103509901
Disgust__Sadness,Disgust,Sadness,Sadness: correct,AU14,AU-related group,2,48,2,0.00015447682147040154,0.0174389643149405,-0.017284487493470096,-0.15156159742336922,,,,,0.15156159742336922
Disgust__Sadness,Disgust,Sadness,Sadness: correct,AU15,AU-related group,2,48,2,0.2054298024252525,0.42447318731299205,-0.21904338488773956,-1.3355016962532227,,,,,1.3355016962532227
Disgust__Sadness,Disgust,Sadness,Sadness: correct,AU16,AU-related group,2,48,2,9.406045746376578e-16,0.017543962839201146,-0.017543962839200206,-0.14847398675845636,,,,,0.14847398675845636
Disgust__Sadness,Disgust,Sadness,Sadness: correct,AU17,AU-related group,2,48,2,0.2543647559613116,0.4316840239262277,-0.1773192679649161,-0.9120800589606591,,,,,0.9120800589606591
Disgust__Sadness,Disgust,Sadness,Sadness: correct,AU18,AU-related group,2,48,2,0.09147234998528286,0.056285233348141915,0.03518711663714095,0.3272050089364235,,,,,0.3272050089364235
Disgust__Sadness,Disgust,Sadness,Sadness: correct,AU20,AU-related group,2,48,2,0.010321523560325795,0.06884843868794609,-0.05852691512762029,-0.5289647387051699,,,,,0.5289647387051699
Disgust__Sadness,Disgust,Sadness,Sadness: correct,AU22,AU-related group,2,48,2,0.005001056337345217,0.058042773780685876,-0.05304171744334066,-1.2592622528759654,,,,,1.2592622528759654
Disgust__Sadness,Disgust,Sadness,Sadness: correct,AU23,AU-related group,2,48,2,0.041218036691938416,0.0743560106959045,-0.033137974003966085,-0.5743258592544884,,,,,0.5743258592544884
Disgust__Sadness,Disgust,Sadness,Sadness: correct,AU24,AU-related group,2,48,2,0.015783941946969873,0.003210257548064087,0.012573684398905787,0.2827911506323508,,,,,0.2827911506323508
Disgust__Sadness,Disgust,Sadness,Sadness: correct,AU26,AU-related group,2,48,2,0.12802108214527833,0.014374776323082109,0.11364630582219622,0.6364951743489305,,,,,0.6364951743489305
Disgust__Sadness,Disgust,Sadness,Sadness: correct,AU28,AU-related group,2,48,2,0.007955208022488456,0.03271231050203422,-0.024757102479545767,-0.3059003390280195,,,,,0.3059003390280195
Disgust__Sadness,Disgust,Sadness,Sadness: correct,AU43,AU-related group,2,48,2,0.057505596438112185,0.05097241293400915,0.006533183504103035,0.06252047303730113,,,,,0.06252047303730113
Disgust__Sadness,Disgust,Sadness,Sadness: all,BrowLowererL,FEA,2,54,2,0.03126415589975026,0.15206117447685366,-0.1207970185771034,-0.8264653523148282,,,,,0.8264653523148282
Disgust__Sadness,Disgust,Sadness,Sadness: all,BrowLowererR,FEA,2,54,2,0.015928579909200772,0.13754015648598628,-0.12161157657678551,-0.8613023208884296,,,,,0.8613023208884296
Disgust__Sadness,Disgust,Sadness,Sadness: all,CheekPuffL,FEA,2,54,2,0.003565018157690245,0.01566530823518096,-0.012100290077490715,-1.2736622302367044,,,,,1.2736622302367044
Disgust__Sadness,Disgust,Sadness,Sadness: all,CheekPuffR,FEA,2,54,2,0.003976029759824441,0.016978732522093566,-0.013002702762269124,-1.2217378873422393,,,,,1.2217378873422393
Disgust__Sadness,Disgust,Sadness,Sadness: all,CheekRaiserL,FEA,2,54,2,0.034161681567009154,0.13991933787689279,-0.10575765630988362,-0.4955582650814805,,,,,0.4955582650814805
Disgust__Sadness,Disgust,Sadness,Sadness: all,CheekRaiserR,FEA,2,54,2,0.0222147092850736,0.12560749906996088,-0.10339278978488728,-0.4992137989514348,,,,,0.4992137989514348
Disgust__Sadness,Disgust,Sadness,Sadness: all,CheekSuckL,FEA,2,54,2,1.401298464324817e-45,4.709155980148458e-14,-4.709155980148458e-14,-5.063443814835637e-12,,,,,5.063443814835637e-12
Disgust__Sadness,Disgust,Sadness,Sadness: all,CheekSuckR,FEA,2,54,2,1.401298464324817e-45,4.0029979980931785e-14,-4.0029979980931785e-14,-5.122504610653544e-12,,,,,5.122504610653544e-12
Disgust__Sadness,Disgust,Sadness,Sadness: all,ChinRaiserB,FEA,2,54,2,0.28226192717750864,0.44205789114317,-0.15979596396566137,-0.776748955035114,,,,,0.776748955035114
Disgust__Sadness,Disgust,Sadness,Sadness: all,ChinRaiserT,FEA,2,54,2,0.22646758474511441,0.40432134353127497,-0.17785375878616055,-0.9398636402417105,,,,,0.9398636402417105
Disgust__Sadness,Disgust,Sadness,Sadness: all,DimplerL,FEA,2,54,2,0.00017290771891003326,0.015570232638655602,-0.015397324919745568,-0.1346328371205139,,,,,0.1346328371205139
Disgust__Sadness,Disgust,Sadness,Sadness: all,DimplerR,FEA,2,54,2,0.0001360459240307698,0.015503785960049742,-0.015367740036018972,-0.1350083862324605,,,,,0.1350083862324605
Disgust__Sadness,Disgust,Sadness,Sadness: all,EyesClosedL,FEA,2,54,2,0.0789550465873877,0.10237660129301634,-0.02342155470562865,-0.21612864441819318,,,,,0.21612864441819318
Disgust__Sadness,Disgust,Sadness,Sadness: all,EyesClosedR,FEA,2,54,2,0.03605614628883667,0.10504462754507614,-0.06898848125623946,-0.653779095398248,,,,,0.653779095398248
Disgust__Sadness,Disgust,Sadness,Sadness: all,EyesLookDownL,FEA,2,54,2,0.007893285108730193,0.014796037149295069,-0.006902752040564876,-0.18118733737655782,,,,,0.18118733737655782
Disgust__Sadness,Disgust,Sadness,Sadness: all,EyesLookDownR,FEA,2,54,2,0.00393491029196108,0.022042477793729646,-0.018107567501768566,-0.4015384198671069,,,,,0.4015384198671069
Disgust__Sadness,Disgust,Sadness,Sadness: all,EyesLookLeftL,FEA,2,54,2,0.10580039198199906,0.06406275536545211,0.04173763661654695,0.5141901399713491,,,,,0.5141901399713491
Disgust__Sadness,Disgust,Sadness,Sadness: all,EyesLookLeftR,FEA,2,54,2,0.14797055280456942,0.11680823571923404,0.031162317085335373,0.29142137664837875,,,,,0.29142137664837875
Disgust__Sadness,Disgust,Sadness,Sadness: all,EyesLookRightL,FEA,2,54,2,0.07710691013683874,0.0507876331445633,0.026319276992275438,0.2854628236872866,,,,,0.2854628236872866
Disgust__Sadness,Disgust,Sadness,Sadness: all,EyesLookRightR,FEA,2,54,2,0.03362456038594244,0.017012990056573012,0.01661157032936943,0.2501925414490024,,,,,0.2501925414490024
Disgust__Sadness,Disgust,Sadness,Sadness: all,EyesLookUpL,FEA,2,54,2,0.10373278238500155,0.06081375842303163,0.04291902396196992,0.41376947996339064,,,,,0.41376947996339064
Disgust__Sadness,Disgust,Sadness,Sadness: all,EyesLookUpR,FEA,2,54,2,0.10343830461303388,0.06069337614154603,0.04274492847148785,0.4114801513368617,,,,,0.4114801513368617
Disgust__Sadness,Disgust,Sadness,Sadness: all,InnerBrowRaiserL,FEA,2,54,2,0.028985462759984353,0.07288532748694784,-0.043899864726963486,-0.28587659332531784,,,,,0.28587659332531784
Disgust__Sadness,Disgust,Sadness,Sadness: all,InnerBrowRaiserR,FEA,2,54,2,0.03346619120178564,0.07179117991281299,-0.038324988711027345,-0.24385362603461744,,,,,0.24385362603461744
Disgust__Sadness,Disgust,Sadness,Sadness: all,JawDrop,FEA,2,54,2,0.12802108214527833,0.015128780183265036,0.11289230196201329,0.632272249415517,,,,,0.632272249415517
Disgust__Sadness,Disgust,Sadness,Sadness: all,JawSidewaysLeft,FEA,2,54,2,0.009883479335178398,0.026705016144112442,-0.016821536808934043,-0.7895000766208347,,,,,0.7895000766208347
Disgust__Sadness,Disgust,Sadness,Sadness: all,JawSidewaysRight,FEA,2,54,2,0.013765748474128692,0.02514205178580488,-0.01137630331167619,-0.4188217906444329,,,,,0.4188217906444329
Disgust__Sadness,Disgust,Sadness,Sadness: all,JawThrust,FEA,2,54,2,0.017947548450579234,0.060414831563909754,-0.04246728311333052,-0.6252797762076734,,,,,0.6252797762076734
Disgust__Sadness,Disgust,Sadness,Sadness: all,LidTightenerL,FEA,2,54,2,0.24417825747126098,0.1348564043065435,0.10932185316471749,0.6074081672678574,,,,,0.6074081672678574
Disgust__Sadness,Disgust,Sadness,Sadness: all,LidTightenerR,FEA,2,54,2,0.1314189113138127,0.16275011951462393,-0.03133120820081123,-0.16663339391911502,,,,,0.16663339391911502
Disgust__Sadness,Disgust,Sadness,Sadness: all,LipCornerDepressorL,FEA,2,54,2,0.21158887699050222,0.40429157055371645,-0.19270269356321423,-1.1567968134538062,,,,,1.1567968134538062
Disgust__Sadness,Disgust,Sadness,Sadness: all,LipCornerDepressorR,FEA,2,54,2,0.19927072786000277,0.3898863216691902,-0.1906155938091874,-1.1796202349298106,,,,,1.1796202349298106
Disgust__Sadness,Disgust,Sadness,Sadness: all,LipCornerPullerL,FEA,2,54,2,0.0037238908606423986,0.021122675681586656,-0.017398784820944257,-0.07707975653102374,,,,,0.07707975653102374
Disgust__Sadness,Disgust,Sadness,Sadness: all,LipCornerPullerR,FEA,2,54,2,0.0029912054119324446,0.019835476874816318,-0.016844271462883875,-0.07295697344101346,,,,,0.07295697344101346
Disgust__Sadness,Disgust,Sadness,Sadness: all,LipFunnelerLB,FEA,2,54,2,1.401298464324817e-45,0.05733819994260666,-0.05733819994260666,-1.1438778212517384,,,,,1.1438778212517384
Disgust__Sadness,Disgust,Sadness,Sadness: all,LipFunnelerLT,FEA,2,54,2,0.008610985866994702,0.04511122864654253,-0.03650024277954783,-0.9022944260334566,,,,,0.9022944260334566
Disgust__Sadness,Disgust,Sadness,Sadness: all,LipFunnelerRB,FEA,2,54,2,3.2511652812925357e-07,0.058148543553481744,-0.058148218436953614,-1.1707024540342772,,,,,1.1707024540342772
Disgust__Sadness,Disgust,Sadness,Sadness: all,LipFunnelerRT,FEA,2,54,2,0.011392914365858039,0.04653523264518865,-0.035142318279330606,-0.8668522231822268,,,,,0.8668522231822268
Disgust__Sadness,Disgust,Sadness,Sadness: all,LipPressorL,FEA,2,54,2,0.016137863406160084,0.02461912411310366,-0.008481260706943577,-0.19142205297049594,,,,,0.19142205297049594
Disgust__Sadness,Disgust,Sadness,Sadness: all,LipPressorR,FEA,2,54,2,0.01543002048777966,0.0226986635807724,-0.00726864309299274,-0.16284953984067246,,,,,0.16284953984067246
Disgust__Sadness,Disgust,Sadness,Sadness: all,LipPuckerL,FEA,2,54,2,0.08994698295914097,0.07639362172086955,0.013553361238271416,0.12559180564255462,,,,,0.12559180564255462
Disgust__Sadness,Disgust,Sadness,Sadness: all,LipPuckerR,FEA,2,54,2,0.09299771701142474,0.0803302139148255,0.012667503096599239,0.11815152278622205,,,,,0.11815152278622205
Disgust__Sadness,Disgust,Sadness,Sadness: all,LipStretcherL,FEA,2,54,2,0.010544948983267431,0.06295883545712773,-0.0524138864738603,-0.48607823521677523,,,,,0.48607823521677523
Disgust__Sadness,Disgust,Sadness,Sadness: all,LipStretcherR,FEA,2,54,2,0.01009809813738416,0.06636442516532824,-0.05626632702794408,-0.4955391814187636,,,,,0.4955391814187636
Disgust__Sadness,Disgust,Sadness,Sadness: all,LipSuckLB,FEA,2,54,2,0.01211824929436393,0.04912541271534349,-0.037007163420979566,-0.31562123439629947,,,,,0.31562123439629947
Disgust__Sadness,Disgust,Sadness,Sadness: all,LipSuckLT,FEA,2,54,2,0.005893692651736123,0.025694764551476252,-0.01980107189974013,-0.2735225509951126,,,,,0.2735225509951126
Disgust__Sadness,Disgust,Sadness,Sadness: all,LipSuckRB,FEA,2,54,2,0.00978719064703889,0.04646256017740286,-0.036675369530363974,-0.35201577859237826,,,,,0.35201577859237826
Disgust__Sadness,Disgust,Sadness,Sadness: all,LipSuckRT,FEA,2,54,2,0.004021699496814884,0.017336428013223264,-0.01331472851640838,-0.19745410730075008,,,,,0.19745410730075008
Disgust__Sadness,Disgust,Sadness,Sadness: all,LipTightenerL,FEA,2,54,2,0.04570457839028485,0.06738493574066845,-0.0216803573503836,-0.3678719022212307,,,,,0.3678719022212307
Disgust__Sadness,Disgust,Sadness,Sadness: all,LipTightenerR,FEA,2,54,2,0.036731494993591976,0.065088178701159,-0.028356683707567026,-0.5005447446735966,,,,,0.5005447446735966
Disgust__Sadness,Disgust,Sadness,Sadness: all,LipsToward,FEA,2,54,2,0.09233811883411056,0.020787766099827513,0.07155035273428303,1.6948042850699607,,,,,1.6948042850699607
Disgust__Sadness,Disgust,Sadness,Sadness: all,LowerLipDepressorL,FEA,2,54,2,3.486535507206877e-16,0.01659912541592593,-0.01659912541592558,-0.1386997669426968,,,,,0.1386997669426968
Disgust__Sadness,Disgust,Sadness,Sadness: all,LowerLipDepressorR,FEA,2,54,2,1.5325555985546276e-15,0.014615311554358327,-0.014615311554356795,-0.12523651769182784,,,,,0.12523651769182784
Disgust__Sadness,Disgust,Sadness,Sadness: all,MouthLeft,FEA,2,54,2,0.00107372651259726,0.003118032618817557,-0.0020443061062202965,-0.17130949798063616,,,,,0.17130949798063616
Disgust__Sadness,Disgust,Sadness,Sadness: all,MouthRight,FEA,2,54,2,1.526948723135158e-05,0.0002932113994814446,-0.00027794191225009304,-0.03823118621155906,,,,,0.03823118621155906
Disgust__Sadness,Disgust,Sadness,Sadness: all,NoseWrinklerL,FEA,2,54,2,0.004283275796311169,0.0520256701596803,-0.047742394363369134,-0.27656861776850195,,,,,0.27656861776850195
Disgust__Sadness,Disgust,Sadness,Sadness: all,NoseWrinklerR,FEA,2,54,2,0.006599495848521134,0.05594276478586144,-0.049343268937340305,-0.281611353107501,,,,,0.281611353107501
Disgust__Sadness,Disgust,Sadness,Sadness: all,OuterBrowRaiserL,FEA,2,54,2,0.04050293240613312,0.03552493571472919,0.004977996691403926,0.031744551790174415,,,,,0.031744551790174415
Disgust__Sadness,Disgust,Sadness,Sadness: all,OuterBrowRaiserR,FEA,2,54,2,0.06120471414142226,0.0439129123867056,0.01729180175471666,0.10792835791469349,,,,,0.10792835791469349
Disgust__Sadness,Disgust,Sadness,Sadness: all,UpperLidRaiserL,FEA,2,54,2,0.03464855436322976,0.05195376980573881,-0.017305215442509056,-0.09669605499537967,,,,,0.09669605499537967
Disgust__Sadness,Disgust,Sadness,Sadness: all,UpperLidRaiserR,FEA,2,54,2,0.07113817583061365,0.08508678628461429,-0.013948610454000643,-0.06482622569335142,,,,,0.06482622569335142
Disgust__Sadness,Disgust,Sadness,Sadness: all,UpperLipRaiserL,FEA,2,54,2,0.0039509030666569816,0.03642289898041061,-0.032471995913753625,-0.17706281371065535,,,,,0.17706281371065535
Disgust__Sadness,Disgust,Sadness,Sadness: all,UpperLipRaiserR,FEA,2,54,2,0.001420256009428286,0.04317897365155212,-0.041758717642123834,-0.21764825371796423,,,,,0.21764825371796423
Disgust__Sadness,Disgust,Sadness,Sadness: all,AU1,AU-related group,2,54,2,0.031225826980885,0.07233825369988041,-0.04111242671899541,-0.26520793262262043,,,,,0.26520793262262043
Disgust__Sadness,Disgust,Sadness,Sadness: all,AU2,AU-related group,2,54,2,0.05085382327377769,0.039718924050717405,0.011134899223060282,0.07045410352723369,,,,,0.07045410352723369
Disgust__Sadness,Disgust,Sadness,Sadness: all,AU4,AU-related group,2,54,2,0.02359636790447552,0.14480066548141998,-0.12120429757694447,-0.8489293551336253,,,,,0.8489293551336253
Disgust__Sadness,Disgust,Sadness,Sadness: all,AU5,AU-related group,2,54,2,0.052893365096921705,0.06852027804517655,-0.015626912948254842,-0.08339162567360256,,,,,0.08339162567360256
Disgust__Sadness,Disgust,Sadness,Sadness: all,AU6,AU-related group,2,54,2,0.02818819542604138,0.13276341847342682,-0.10457522304738544,-0.4981734825773659,,,,,0.4981734825773659
Disgust__Sadness,Disgust,Sadness,Sadness: all,AU7,AU-related group,2,54,2,0.18779858439253685,0.14880326191058374,0.038995322481953115,0.22199099700361452,,,,,0.22199099700361452
Disgust__Sadness,Disgust,Sadness,Sadness: all,AU8,AU-related group,2,54,2,0.09233811883411056,0.020787766099827513,0.07155035273428303,1.6948042850699607,,,,,1.6948042850699607
Disgust__Sadness,Disgust,Sadness,Sadness: all,AU9,AU-related group,2,54,2,0.005441385822416151,0.05398421747277087,-0.04854283165035472,-0.27922501952561024,,,,,0.27922501952561024
Disgust__Sadness,Disgust,Sadness,Sadness: all,AU10,AU-related group,2,54,2,0.0026855795380426335,0.03980093631598137,-0.037115356777938736,-0.19810043857837054,,,,,0.19810043857837054
Disgust__Sadness,Disgust,Sadness,Sadness: all,AU12,AU-related group,2,54,2,0.0033575481362874216,0.020479076278201485,-0.017121528141914064,-0.07500511975663957,,,,,0.07500511975663957
Disgust__Sadness,Disgust,Sadness,Sadness: all,AU14,AU-related group,2,54,2,0.00015447682147040154,0.015537009299352674,-0.015382532477882273,-0.13488402219883436,,,,,0.13488402219883436
Disgust__Sadness,Disgust,Sadness,Sadness: all,AU15,AU-related group,2,54,2,0.2054298024252525,0.3970889461114532,-0.19165914368620068,-1.1685407054248274,,,,,1.1685407054248274
Disgust__Sadness,Disgust,Sadness,Sadness: all,AU16,AU-related group,2,54,2,9.406045746376578e-16,0.015607218485142129,-0.015607218485141188,-0.1320833822972705,,,,,0.1320833822972705
Disgust__Sadness,Disgust,Sadness,Sadness: all,AU17,AU-related group,2,54,2,0.2543647559613116,0.42318961733722266,-0.16882486137591107,-0.8683872389335179,,,,,0.8683872389335179
Disgust__Sadness,Disgust,Sadness,Sadness: all,AU18,AU-related group,2,54,2,0.09147234998528286,0.07836191781784754,0.01311043216743532,0.12191391294557082,,,,,0.12191391294557082
Disgust__Sadness,Disgust,Sadness,Sadness: all,AU20,AU-related group,2,54,2,0.010321523560325795,0.06466163031122799,-0.05434010675090219,-0.491124473347426,,,,,0.491124473347426
Disgust__Sadness,Disgust,Sadness,Sadness: all,AU22,AU-related group,2,54,2,0.005001056337345217,0.051783301196954894,-0.046782244859609676,-1.110656251269318,,,,,1.110656251269318
Disgust__Sadness,Disgust,Sadness,Sadness: all,AU23,AU-related group,2,54,2,0.041218036691938416,0.06623655722091375,-0.02501852052897533,-0.43360476106234197,,,,,0.43360476106234197
Disgust__Sadness,Disgust,Sadness,Sadness: all,AU24,AU-related group,2,54,2,0.015783941946969873,0.02365889384693803,-0.007874951899968157,-0.1771132977665808,,,,,0.1771132977665808
Disgust__Sadness,Disgust,Sadness,Sadness: all,AU26,AU-related group,2,54,2,0.12802108214527833,0.015128780183265036,0.11289230196201329,0.632272249415517,,,,,0.632272249415517
Disgust__Sadness,Disgust,Sadness,Sadness: all,AU28,AU-related group,2,54,2,0.007955208022488456,0.034654791364361476,-0.026699583341873022,-0.32990175659424226,,,,,0.32990175659424226
Disgust__Sadness,Disgust,Sadness,Sadness: all,AU43,AU-related group,2,54,2,0.057505596438112185,0.10371061441904621,-0.04620501798093402,-0.44216721894475663,,,,,0.44216721894475663
Disgust__Sadness,Sadness,Disgust,Sadness: correct,BrowLowererL,FEA,4,48,1,0.690946897882653,0.11313697026578794,0.577809927616865,3.9532423152817247,1.0,0.3105532452647216,1.0,0.0,3.9532423152817247
Disgust__Sadness,Sadness,Disgust,Sadness: correct,BrowLowererR,FEA,4,48,1,0.6885463623896093,0.09718928717835246,0.5913570752112569,4.188229736760742,1.0,0.3631471284299941,1.0,0.0,4.188229736760742
Disgust__Sadness,Sadness,Disgust,Sadness: correct,CheekPuffL,FEA,4,48,1,0.005080793742960572,0.017059979315833012,-0.01197918557287244,-1.2609149132338866,1.0,-0.027652233482710082,0.0,1.0,1.2609149132338866
Disgust__Sadness,Sadness,Disgust,Sadness: correct,CheekPuffR,FEA,4,48,1,0.0018089126590796305,0.018930664062466615,-0.017121751403386985,-1.6087649444600969,1.0,-0.024944560461739478,0.0,1.0,1.6087649444600969
Disgust__Sadness,Sadness,Disgust,Sadness: correct,CheekRaiserL,FEA,4,48,1,0.6012319802931101,0.10671044127759545,0.49452153901551466,2.3172245345706433,1.0,0.17793852714857966,1.0,0.0,2.3172245345706433
Disgust__Sadness,Sadness,Disgust,Sadness: correct,CheekRaiserR,FEA,4,48,1,0.5954100080888175,0.09157939733200948,0.503830610756808,2.4326569942374436,1.0,0.20407315540415505,1.0,0.0,2.4326569942374436
Disgust__Sadness,Sadness,Disgust,Sadness: correct,CheekSuckL,FEA,4,48,1,3.4787446008361027e-32,5.2978004756035915e-14,-5.2978004756035915e-14,-5.696374289471428e-12,1.0,3.4787446008359626e-32,1.0,0.0,5.696374289471428e-12
Disgust__Sadness,Sadness,Disgust,Sadness: correct,CheekSuckR,FEA,4,48,1,1.3047483839125412e-31,4.5033727365835503e-14,-4.5033727365835503e-14,-5.762817672561758e-12,1.0,1.3047483839125272e-31,1.0,0.0,5.762817672561758e-12
Disgust__Sadness,Sadness,Disgust,Sadness: correct,ChinRaiserB,FEA,4,48,1,0.4861065693270705,0.45153692659163996,0.03456964273543056,0.1680388741010576,1.0,-0.03763399595304906,0.0,1.0,0.1680388741010576
Disgust__Sadness,Sadness,Disgust,Sadness: correct,ChinRaiserT,FEA,4,48,1,0.46442182733935294,0.4118311212608156,0.05259070607853733,0.27791424142621,1.0,-0.06445546647586248,0.0,1.0,0.27791424142621
Disgust__Sadness,Sadness,Disgust,Sadness: correct,DimplerL,FEA,4,48,1,1.7999388342286112e-18,0.017516500922194134,-0.01751650092219413,-0.15316272325686972,1.0,-2.994044597255574e-08,0.0,1.0,0.15316272325686972
Disgust__Sadness,Sadness,Disgust,Sadness: correct,DimplerR,FEA,4,48,1,0.0009638057172272343,0.01736142770768686,-0.016397621990459625,-0.14405608617748017,1.0,0.0009637524300306355,1.0,0.0,0.14405608617748017
Disgust__Sadness,Sadness,Disgust,Sadness: correct,EyesClosedL,FEA,4,48,1,0.7452994382959617,0.04819431704906877,0.697105121246893,6.432723479106348,1.0,0.35171831886788335,1.0,0.0,6.432723479106348
Disgust__Sadness,Sadness,Disgust,Sadness: correct,EyesClosedR,FEA,4,48,1,0.7138029358720227,0.053750508818949515,0.6600524270530732,6.255080135354449,1.0,0.32895285183543405,1.0,0.0,6.255080135354449
Disgust__Sadness,Sadness,Disgust,Sadness: correct,EyesLookDownL,FEA,4,48,1,0.007014297286756777,0.015851129193976795,-0.008836831907220018,-0.2319541589650349,1.0,-0.013042229682018482,0.0,1.0,0.2319541589650349
Disgust__Sadness,Sadness,Disgust,Sadness: correct,EyesLookDownR,FEA,4,48,1,0.007877766170573444,0.02397506325104452,-0.016097297080471078,-0.35696032795086596,1.0,-0.043373007277011655,0.0,1.0,0.35696032795086596
Disgust__Sadness,Sadness,Disgust,Sadness: correct,EyesLookLeftL,FEA,4,48,1,0.014673979853008248,0.06886564045323916,-0.05419166060023091,-0.6676184807806183,1.0,0.014673979853008248,1.0,0.0,0.6676184807806183
Disgust__Sadness,Sadness,Disgust,Sadness: correct,EyesLookLeftR,FEA,4,48,1,0.04348478706759685,0.12472972211738424,-0.08124493504978739,-0.7597801778693488,1.0,0.03853619525415177,1.0,0.0,0.7597801778693488
Disgust__Sadness,Sadness,Disgust,Sadness: correct,EyesLookRightL,FEA,4,48,1,0.07764245316963445,0.04658668652377348,0.031055766645860967,0.3368355005003683,1.0,-0.05867861538548219,0.0,1.0,0.3368355005003683
Disgust__Sadness,Sadness,Disgust,Sadness: correct,EyesLookRightR,FEA,4,48,1,0.02033052317177254,0.015880532893101585,0.004449990278670955,0.06702282536622191,1.0,-0.033761887787841255,0.0,1.0,0.06702282536622191
Disgust__Sadness,Sadness,Disgust,Sadness: correct,EyesLookUpL,FEA,4,48,1,0.03523308778821953,0.06370668793663044,-0.02847360014841091,-0.27450546723832703,1.0,0.021299821896051653,1.0,0.0,0.27450546723832703
Disgust__Sadness,Sadness,Disgust,Sadness: correct,EyesLookUpR,FEA,4,48,1,0.03530386994449748,0.06355988611806726,-0.02825601617356978,-0.2720039599325268,1.0,0.021345574385607788,1.0,0.0,0.2720039599325268
Disgust__Sadness,Sadness,Disgust,Sadness: correct,InnerBrowRaiserL,FEA,4,48,1,0.04053918677382167,0.06815198918579414,-0.02761280241197247,-0.17981499338997667,1.0,-0.11281697171119355,0.0,1.0,0.17981499338997667
Disgust__Sadness,Sadness,Disgust,Sadness: correct,InnerBrowRaiserR,FEA,4,48,1,0.01601225090804893,0.06801807406221809,-0.052005823154169156,-0.3309018209158727,1.0,-0.1575933476012627,0.0,1.0,0.3309018209158727
Disgust__Sadness,Sadness,Disgust,Sadness: correct,JawDrop,FEA,4,48,1,0.013049879562210315,0.014374776323082109,-0.0013248967608717934,-0.007420306262526333,1.0,-0.0069007844313178236,0.0,1.0,0.007420306262526333
Disgust__Sadness,Sadness,Disgust,Sadness: correct,JawSidewaysLeft,FEA,4,48,1,0.0068326432994344965,0.029257525119272182,-0.022424881819837685,-1.0524868278130242,1.0,-0.04389892737777634,0.0,1.0,1.0524868278130242
Disgust__Sadness,Sadness,Disgust,Sadness: correct,JawSidewaysRight,FEA,4,48,1,0.004882107650654035,0.027673411996788938,-0.022791304346134904,-0.8390682487845896,1.0,-0.03525051573250038,0.0,1.0,0.8390682487845896
Disgust__Sadness,Sadness,Disgust,Sadness: correct,JawThrust,FEA,4,48,1,3.353670646928754e-11,0.06785640854360553,-0.06785640851006883,-0.9991041766011568,1.0,-0.006000880310474991,0.0,1.0,0.9991041766011568
Disgust__Sadness,Sadness,Disgust,Sadness: correct,LidTightenerL,FEA,4,48,1,0.24025609111195362,0.1312686630490114,0.1089874280629422,0.605550052606632,1.0,-0.20676003323775474,0.0,1.0,0.605550052606632
Disgust__Sadness,Sadness,Disgust,Sadness: correct,LidTightenerR,FEA,4,48,1,0.24719637446793968,0.16213133491834406,0.08506503954959563,0.4524139686271612,1.0,-0.14911910130458333,0.0,1.0,0.4524139686271612
Disgust__Sadness,Sadness,Disgust,Sadness: correct,LipCornerDepressorL,FEA,4,48,1,0.1000292545186696,0.43158931206122925,-0.3315600575425596,-1.9903594025683642,1.0,-0.6048077319436056,0.0,1.0,1.9903594025683642
Disgust__Sadness,Sadness,Disgust,Sadness: correct,LipCornerDepressorR,FEA,4,48,1,0.08105944213469292,0.41735706256475485,-0.33629762043006195,-2.081170118826477,1.0,-0.5681577392697387,0.0,1.0,2.081170118826477
Disgust__Sadness,Sadness,Disgust,Sadness: correct,LipCornerPullerL,FEA,4,48,1,8.458942344815911e-15,0.023762648212702662,-0.023762648212694203,-0.10527281977543482,1.0,-3.9025031052717245e-10,0.0,1.0,0.10527281977543482
Disgust__Sadness,Sadness,Disgust,Sadness: correct,LipCornerPullerR,FEA,4,48,1,0.00014385498625461168,0.0223025446740229,-0.02215868968776829,-0.09597511762977665,1.0,0.00014385353597110338,1.0,0.0,0.09597511762977665
Disgust__Sadness,Sadness,Disgust,Sadness: correct,LipFunnelerLB,FEA,4,48,1,6.1637366750342635e-28,0.0645054749354325,-0.0645054749354325,-1.2868625489082057,1.0,6.1637366750342635e-28,1.0,0.0,1.2868625489082057
Disgust__Sadness,Sadness,Disgust,Sadness: correct,LipFunnelerLT,FEA,4,48,1,0.004386333968428736,0.050248698348218344,-0.045862364379789605,-1.1337282328375828,1.0,-0.03335392240157857,0.0,1.0,1.1337282328375828
Disgust__Sadness,Sadness,Disgust,Sadness: correct,LipFunnelerRB,FEA,4,48,1,1.3265025454838041e-07,0.06541710044347908,-0.06541696779322453,-1.3170447313711624,1.0,-0.001954886443281166,0.0,1.0,1.3170447313711624
Disgust__Sadness,Sadness,Disgust,Sadness: correct,LipFunnelerRT,FEA,4,48,1,0.002601297594715548,0.0519998213956136,-0.04939852380089805,-1.2185086891070147,1.0,-0.032365842145263266,0.0,1.0,1.2185086891070147
Disgust__Sadness,Sadness,Disgust,Sadness: correct,LipPressorL,FEA,4,48,1,0.28003643106174636,0.004360145372096087,0.27567628568965025,6.222013729490802,1.0,0.23391879825325712,1.0,0.0,6.222013729490802
Disgust__Sadness,Sadness,Disgust,Sadness: correct,LipPressorR,FEA,4,48,1,0.2817075216520424,0.0020603697240320867,0.2796471519280103,6.265324824262435,1.0,0.235795879442191,1.0,0.0,6.265324824262435
Disgust__Sadness,Sadness,Disgust,Sadness: correct,LipPuckerL,FEA,4,48,1,0.3855494645747065,0.053674745872767306,0.3318747187019392,3.0753068877995435,1.0,0.30557507928585215,1.0,0.0,3.0753068877995435
Disgust__Sadness,Sadness,Disgust,Sadness: correct,LipPuckerR,FEA,4,48,1,0.37487145666731836,0.05889572082351654,0.31597573584380184,2.947148626588043,1.0,0.287687131961966,1.0,0.0,2.947148626588043
Disgust__Sadness,Sadness,Disgust,Sadness: correct,LipStretcherL,FEA,4,48,1,0.019951096163674117,0.06729650323546198,-0.04734540707178786,-0.4390739451567236,1.0,-0.12156846928200728,0.0,1.0,0.4390739451567236
Disgust__Sadness,Sadness,Disgust,Sadness: correct,LipStretcherR,FEA,4,48,1,0.025988708815179763,0.07040037414043022,-0.04441166532525046,-0.39113483042511016,1.0,-0.12406304608414317,0.0,1.0,0.39113483042511016
Disgust__Sadness,Sadness,Disgust,Sadness: correct,LipSuckLB,FEA,4,48,1,0.13529551712833177,0.04327351366689477,0.09202200346143699,0.7848236838291158,1.0,0.08330448247740407,1.0,0.0,0.7848236838291158
Disgust__Sadness,Sadness,Disgust,Sadness: correct,LipSuckLT,FEA,4,48,1,0.013523827325729692,0.027643671063074995,-0.014119843737345303,-0.1950447782951456,1.0,0.003640521350234148,1.0,0.0,0.1950447782951456
Disgust__Sadness,Sadness,Disgust,Sadness: correct,LipSuckRB,FEA,4,48,1,0.1258783658795287,0.04119024708420951,0.08468811879531918,0.8128494533797884,1.0,0.07223621410022757,1.0,0.0,0.8128494533797884
Disgust__Sadness,Sadness,Disgust,Sadness: correct,LipSuckRT,FEA,4,48,1,0.009138102829467096,0.018741810193957622,-0.009603707364490526,-0.14242058800494695,1.0,-0.0023776559067805667,0.0,1.0,0.14242058800494695
Disgust__Sadness,Sadness,Disgust,Sadness: correct,LipTightenerL,FEA,4,48,1,2.687503721716345e-34,0.07560637378927325,-0.07560637378927325,-1.2828875509940443,1.0,2.687503721702332e-34,1.0,0.0,1.2828875509940443
Disgust__Sadness,Sadness,Disgust,Sadness: correct,LipTightenerR,FEA,4,48,1,4.305682721632451e-34,0.07310564760253578,-0.07310564760253578,-1.2904417205755407,1.0,4.305682721618438e-34,1.0,0.0,1.2904417205755407
Disgust__Sadness,Sadness,Disgust,Sadness: correct,LipsToward,FEA,4,48,1,0.031134705210570192,0.019841113846659143,0.01129359136391105,0.26750989067052494,1.0,-0.01132543447505064,0.0,1.0,0.26750989067052494
Disgust__Sadness,Sadness,Disgust,Sadness: correct,LowerLipDepressorL,FEA,4,48,1,0.00033905628176107656,0.01864573166193959,-0.01830667538017851,-0.15296779469418695,1.0,-0.0002173276521121444,0.0,1.0,0.15296779469418695
Disgust__Sadness,Sadness,Disgust,Sadness: correct,LowerLipDepressorR,FEA,4,48,1,7.386852026315377e-17,0.016442194016462703,-0.01644219401646263,-0.14089081263692635,1.0,-0.00025277014100706717,0.0,1.0,0.14089081263692635
Disgust__Sadness,Sadness,Disgust,Sadness: correct,MouthLeft,FEA,4,48,1,0.008156727843937846,0.002771360203097787,0.005385367640840058,0.4512849735107413,1.0,-0.009684956682321505,0.0,1.0,0.4512849735107413
Disgust__Sadness,Sadness,Disgust,Sadness: correct,MouthRight,FEA,4,48,1,0.0019473814574787166,0.00016100728946145447,0.001786374168017262,0.24571754187088773,1.0,-0.00011913813060842444,0.0,1.0,0.24571754187088773
Disgust__Sadness,Sadness,Disgust,Sadness: correct,NoseWrinklerL,FEA,4,48,1,0.4567974431530396,0.02033747524846067,0.4364599679045789,2.52838450279467,1.0,-0.1066037500497441,0.0,1.0,2.52838450279467
Disgust__Sadness,Sadness,Disgust,Sadness: correct,NoseWrinklerR,FEA,4,48,1,0.4680929356785131,0.023684971170157925,0.4444079645083552,2.5363201691374204,1.0,-0.13694821044464783,0.0,1.0,2.5363201691374204
Disgust__Sadness,Sadness,Disgust,Sadness: correct,OuterBrowRaiserL,FEA,4,48,1,0.011027263770392162,0.029000876066434058,-0.017973612296041896,-0.11461724500007724,1.0,-0.13059246139797998,0.0,1.0,0.11461724500007724
Disgust__Sadness,Sadness,Disgust,Sadness: correct,OuterBrowRaiserR,FEA,4,48,1,0.009519646076192574,0.03773414149746184,-0.02821449542126927,-0.17610334674225667,1.0,-0.17783492795034733,0.0,1.0,0.17610334674225667
Disgust__Sadness,Sadness,Disgust,Sadness: correct,UpperLidRaiserL,FEA,4,48,1,0.010955816041436037,0.05462729580510675,-0.043671479763670716,-0.24402237712593586,1.0,-0.28936254949133555,0.0,1.0,0.24402237712593586
Disgust__Sadness,Sadness,Disgust,Sadness: correct,UpperLidRaiserR,FEA,4,48,1,0.01037913949052884,0.09181371234617997,-0.08143457285565113,-0.3784675195132427,1.0,-0.23303546268249667,0.0,1.0,0.3784675195132427
Disgust__Sadness,Sadness,Disgust,Sadness: correct,UpperLipRaiserL,FEA,4,48,1,0.07190980693771395,0.03494419657169139,0.03696561036602256,0.20156552739548317,1.0,-0.1151937463933658,0.0,1.0,0.20156552739548317
Disgust__Sadness,Sadness,Disgust,Sadness: correct,UpperLipRaiserR,FEA,4,48,1,0.10490056631290892,0.039802190121601355,0.06509837619130757,0.33929556983380066,1.0,-0.08598175258443358,0.0,1.0,0.33929556983380066
Disgust__Sadness,Sadness,Disgust,Sadness: correct,AU1,AU-related group,4,48,1,0.0282757188409353,0.0680850316240061,-0.0398093127830708,-0.2568018087204618,1.0,-0.13520515965622812,0.0,1.0,0.2568018087204618
Disgust__Sadness,Sadness,Disgust,Sadness: correct,AU2,AU-related group,4,48,1,0.010273454923292367,0.03336750878194795,-0.02309405385865558,-0.14612353725227983,1.0,-0.15421369467416365,0.0,1.0,0.14612353725227983
Disgust__Sadness,Sadness,Disgust,Sadness: correct,AU4,AU-related group,4,48,1,0.689746630136131,0.10516312872207019,0.5845835014140608,4.094492561719165,1.0,0.33685018684735785,1.0,0.0,4.094492561719165
Disgust__Sadness,Sadness,Disgust,Sadness: correct,AU5,AU-related group,4,48,1,0.010667477765982439,0.07322050407564336,-0.06255302630966092,-0.3338086397511291,1.0,-0.26119900608691615,0.0,1.0,0.3338086397511291
Disgust__Sadness,Sadness,Disgust,Sadness: correct,AU6,AU-related group,4,48,1,0.5983209941909637,0.09914491930480246,0.4991760748861613,2.3779656059892695,1.0,0.19100584127636733,1.0,0.0,2.3779656059892695
Disgust__Sadness,Sadness,Disgust,Sadness: correct,AU7,AU-related group,4,48,1,0.24372623278994665,0.14669999898367772,0.09702623380626893,0.5523470254189484,1.0,-0.177939567271169,0.0,1.0,0.5523470254189484
Disgust__Sadness,Sadness,Disgust,Sadness: correct,AU8,AU-related group,4,48,1,0.031134705210570192,0.019841113846659143,0.01129359136391105,0.26750989067052494,1.0,-0.01132543447505064,0.0,1.0,0.26750989067052494
Disgust__Sadness,Sadness,Disgust,Sadness: correct,AU9,AU-related group,4,48,1,0.4624451894157764,0.0220112232093093,0.4404339662064671,2.5334365267264762,1.0,-0.12177598024719594,0.0,1.0,2.5334365267264762
Disgust__Sadness,Sadness,Disgust,Sadness: correct,AU10,AU-related group,4,48,1,0.08840518662531144,0.03737319334664637,0.05103199327866507,0.27237944418847787,1.0,-0.1005877494888997,0.0,1.0,0.27237944418847787
Disgust__Sadness,Sadness,Disgust,Sadness: correct,AU12,AU-related group,4,48,1,7.19274931315353e-05,0.02303259644336278,-0.022960668950231244,-0.1005849308560681,1.0,7.192657286039641e-05,1.0,0.0,0.1005849308560681
Disgust__Sadness,Sadness,Disgust,Sadness: correct,AU14,AU-related group,4,48,1,0.000481902858613618,0.0174389643149405,-0.01695706145632688,-0.14869051355431165,1.0,0.0004818612447923314,1.0,0.0,0.14869051355431165
Disgust__Sadness,Sadness,Disgust,Sadness: correct,AU15,AU-related group,4,48,1,0.09054434832668126,0.42447318731299205,-0.33392883898631076,-2.0359552566385175,1.0,-0.5864827356066722,0.0,1.0,2.0359552566385175
Disgust__Sadness,Sadness,Disgust,Sadness: correct,AU16,AU-related group,4,48,1,0.00016952814088057523,0.017543962839201146,-0.01737443469832057,-0.14703927561737323,1.0,-0.00023504889655960576,0.0,1.0,0.14703927561737323
Disgust__Sadness,Sadness,Disgust,Sadness: correct,AU17,AU-related group,4,48,1,0.4752641983332117,0.4316840239262277,0.04358017440698403,0.22416406574891992,1.0,-0.051044731214455796,0.0,1.0,0.22416406574891992
Disgust__Sadness,Sadness,Disgust,Sadness: correct,AU18,AU-related group,4,48,1,0.3802104606210124,0.056285233348141915,0.3239252272728705,3.012180792690395,1.0,0.29663110562390904,1.0,0.0,3.012180792690395
Disgust__Sadness,Sadness,Disgust,Sadness: correct,AU20,AU-related group,4,48,1,0.02296990248942694,0.06884843868794609,-0.04587853619851914,-0.414649018481629,1.0,-0.12281575768307522,0.0,1.0,0.414649018481629
Disgust__Sadness,Sadness,Disgust,Sadness: correct,AU22,AU-related group,4,48,1,0.001746941053349708,0.058042773780685876,-0.05629583272733617,-1.3365181326091127,1.0,-0.016918662747530754,0.0,1.0,1.3365181326091127
Disgust__Sadness,Sadness,Disgust,Sadness: correct,AU23,AU-related group,4,48,1,3.496593221674398e-34,0.0743560106959045,-0.0743560106959045,-1.2886901211447093,1.0,3.496593221660385e-34,1.0,0.0,1.2886901211447093
Disgust__Sadness,Sadness,Disgust,Sadness: correct,AU24,AU-related group,4,48,1,0.28087197635689437,0.003210257548064087,0.2776617188088303,6.244810546965733,1.0,0.23485733884772408,1.0,0.0,6.244810546965733
Disgust__Sadness,Sadness,Disgust,Sadness: correct,AU26,AU-related group,4,48,1,0.013049879562210315,0.014374776323082109,-0.0013248967608717934,-0.007420306262526333,1.0,-0.0069007844313178236,0.0,1.0,0.007420306262526333
Disgust__Sadness,Sadness,Disgust,Sadness: correct,AU28,AU-related group,4,48,1,0.07095895329076432,0.03271231050203422,0.0382466427887301,0.4725779604225621,1.0,0.03920089050527131,1.0,0.0,0.4725779604225621
Disgust__Sadness,Sadness,Disgust,Sadness: correct,AU43,AU-related group,4,48,1,0.7295511870839921,0.05097241293400915,0.678578774149983,6.493781466001169,1.0,0.34033558535165864,1.0,0.0,6.493781466001169
Disgust__Sadness,Sadness,Disgust,Sadness: all,BrowLowererL,FEA,4,54,1,0.690946897882653,0.15206117447685366,0.5388857234057993,3.686931883734614,,,,,3.686931883734614
Disgust__Sadness,Sadness,Disgust,Sadness: all,BrowLowererR,FEA,4,54,1,0.6885463623896093,0.13754015648598628,0.551006205903623,3.9024485770815325,,,,,3.9024485770815325
Disgust__Sadness,Sadness,Disgust,Sadness: all,CheekPuffL,FEA,4,54,1,0.005080793742960572,0.01566530823518096,-0.01058451449222039,-1.1141134838752367,,,,,1.1141134838752367
Disgust__Sadness,Sadness,Disgust,Sadness: all,CheekPuffR,FEA,4,54,1,0.0018089126590796305,0.016978732522093566,-0.015169819863013936,-1.4253608660947858,,,,,1.4253608660947858
Disgust__Sadness,Sadness,Disgust,Sadness: all,CheekRaiserL,FEA,4,54,1,0.6012319802931101,0.13991933787689279,0.4613126424162173,2.1616145886032596,,,,,2.1616145886032596
Disgust__Sadness,Sadness,Disgust,Sadness: all,CheekRaiserR,FEA,4,54,1,0.5954100080888175,0.12560749906996088,0.4698025090188566,2.2683583233625075,,,,,2.2683583233625075
Disgust__Sadness,Sadness,Disgust,Sadness: all,CheekSuckL,FEA,4,54,1,3.4787446008361027e-32,4.709155980148458e-14,-4.709155980148458e-14,-5.063443814835637e-12,,,,,5.063443814835637e-12
Disgust__Sadness,Sadness,Disgust,Sadness: all,CheekSuckR,FEA,4,54,1,1.3047483839125412e-31,4.0029979980931785e-14,-4.0029979980931785e-14,-5.122504610653544e-12,,,,,5.122504610653544e-12
Disgust__Sadness,Sadness,Disgust,Sadness: all,ChinRaiserB,FEA,4,54,1,0.4861065693270705,0.44205789114317,0.044048678183900514,0.21411532494885274,,,,,0.21411532494885274
Disgust__Sadness,Sadness,Disgust,Sadness: all,ChinRaiserT,FEA,4,54,1,0.46442182733935294,0.40432134353127497,0.060100483808077976,0.31759946979846204,,,,,0.31759946979846204
Disgust__Sadness,Sadness,Disgust,Sadness: all,DimplerL,FEA,4,54,1,1.7999388342286112e-18,0.015570232638655602,-0.0155702326386556,-0.136144726807731,,,,,0.136144726807731
Disgust__Sadness,Sadness,Disgust,Sadness: all,DimplerR,FEA,4,54,1,0.0009638057172272343,0.015503785960049742,-0.014539980242822508,-0.12773636616928669,,,,,0.12773636616928669
Disgust__Sadness,Sadness,Disgust,Sadness: all,EyesClosedL,FEA,4,54,1,0.7452994382959617,0.10237660129301634,0.6429228370029454,5.932741996565763,,,,,5.932741996565763
Disgust__Sadness,Sadness,Disgust,Sadness: all,EyesClosedR,FEA,4,54,1,0.7138029358720227,0.10504462754507614,0.6087583083269466,5.768984167891991,,,,,5.768984167891991
Disgust__Sadness,Sadness,Disgust,Sadness: all,EyesLookDownL,FEA,4,54,1,0.007014297286756777,0.014796037149295069,-0.007781739862538292,-0.2042595065800673,,,,,0.2042595065800673
Disgust__Sadness,Sadness,Disgust,Sadness: all,EyesLookDownR,FEA,4,54,1,0.007877766170573444,0.022042477793729646,-0.014164711623156202,-0.3141049134556516,,,,,0.3141049134556516
Disgust__Sadness,Sadness,Disgust,Sadness: all,EyesLookLeftL,FEA,4,54,1,0.014673979853008248,0.06406275536545211,-0.04938877551244386,-0.6084489552455655,,,,,0.6084489552455655
Disgust__Sadness,Sadness,Disgust,Sadness: all,EyesLookLeftR,FEA,4,54,1,0.04348478706759685,0.11680823571923404,-0.0733234486516372,-0.6857006264377679,,,,,0.6857006264377679
Disgust__Sadness,Sadness,Disgust,Sadness: all,EyesLookRightL,FEA,4,54,1,0.07764245316963445,0.0507876331445633,0.026854820025071148,0.2912714037023374,,,,,0.2912714037023374
Disgust__Sadness,Sadness,Disgust,Sadness: all,EyesLookRightR,FEA,4,54,1,0.02033052317177254,0.017012990056573012,0.003317533115199528,0.049966500756735095,,,,,0.049966500756735095
Disgust__Sadness,Sadness,Disgust,Sadness: all,EyesLookUpL,FEA,4,54,1,0.03523308778821953,0.06081375842303163,-0.025580670634812105,-0.24661559859934826,,,,,0.24661559859934826
Disgust__Sadness,Sadness,Disgust,Sadness: all,EyesLookUpR,FEA,4,54,1,0.03530386994449748,0.06069337614154603,-0.02538950619704855,-0.2444097633546954,,,,,0.2444097633546954
Disgust__Sadness,Sadness,Disgust,Sadness: all,InnerBrowRaiserL,FEA,4,54,1,0.04053918677382167,0.07288532748694784,-0.03234614071312617,-0.21063856510269216,,,,,0.21063856510269216
Disgust__Sadness,Sadness,Disgust,Sadness: all,InnerBrowRaiserR,FEA,4,54,1,0.01601225090804893,0.07179117991281299,-0.055778929004764055,-0.35490927855708676,,,,,0.35490927855708676
Disgust__Sadness,Sadness,Disgust,Sadness: all,JawDrop,FEA,4,54,1,0.013049879562210315,0.015128780183265036,-0.0020789006210547214,-0.011643231195939931,,,,,0.011643231195939931
Disgust__Sadness,Sadness,Disgust,Sadness: all,JawSidewaysLeft,FEA,4,54,1,0.0068326432994344965,0.026705016144112442,-0.019872372844677945,-0.932687664730987,,,,,0.932687664730987
Disgust__Sadness,Sadness,Disgust,Sadness: all,JawSidewaysRight,FEA,4,54,1,0.004882107650654035,0.02514205178580488,-0.020259944135150847,-0.7458755140899831,,,,,0.7458755140899831
Disgust__Sadness,Sadness,Disgust,Sadness: all,JawThrust,FEA,4,54,1,3.353670646928754e-11,0.060414831563909754,-0.060414831530373046,-0.8895358866759708,,,,,0.8895358866759708
Disgust__Sadness,Sadness,Disgust,Sadness: all,LidTightenerL,FEA,4,54,1,0.24025609111195362,0.1348564043065435,0.10539968680541012,0.5856160386946526,,,,,0.5856160386946526
Disgust__Sadness,Sadness,Disgust,Sadness: all,LidTightenerR,FEA,4,54,1,0.24719637446793968,0.16275011951462393,0.08444625495331576,0.44912299508020703,,,,,0.44912299508020703
Disgust__Sadness,Sadness,Disgust,Sadness: all,LipCornerDepressorL,FEA,4,54,1,0.1000292545186696,0.40429157055371645,-0.30426231603504683,-1.826490699923491,,,,,1.826490699923491
Disgust__Sadness,Sadness,Disgust,Sadness: all,LipCornerDepressorR,FEA,4,54,1,0.08105944213469292,0.3898863216691902,-0.3088268795344973,-1.911168068200123,,,,,1.911168068200123
Disgust__Sadness,Sadness,Disgust,Sadness: all,LipCornerPullerL,FEA,4,54,1,8.458942344815911e-15,0.021122675681586656,-0.021122675681578197,-0.0935772650547363,,,,,0.0935772650547363
Disgust__Sadness,Sadness,Disgust,Sadness: all,LipCornerPullerR,FEA,4,54,1,0.00014385498625461168,0.019835476874816318,-0.019691621888561706,-0.08528959761185842,,,,,0.08528959761185842
Disgust__Sadness,Sadness,Disgust,Sadness: all,LipFunnelerLB,FEA,4,54,1,6.1637366750342635e-28,0.05733819994260666,-0.05733819994260666,-1.1438778212517384,,,,,1.1438778212517384
Disgust__Sadness,Sadness,Disgust,Sadness: all,LipFunnelerLT,FEA,4,54,1,0.004386333968428736,0.04511122864654253,-0.0407248946781138,-1.006728796046569,,,,,1.006728796046569
Disgust__Sadness,Sadness,Disgust,Sadness: all,LipFunnelerRB,FEA,4,54,1,1.3265025454838041e-07,0.058148543553481744,-0.05814841090322719,-1.170706328972235,,,,,1.170706328972235
Disgust__Sadness,Sadness,Disgust,Sadness: all,LipFunnelerRT,FEA,4,54,1,0.002601297594715548,0.04653523264518865,-0.0439339350504731,-1.0837141980483933,,,,,1.0837141980483933
Disgust__Sadness,Sadness,Disgust,Sadness: all,LipPressorL,FEA,4,54,1,0.28003643106174636,0.02461912411310366,0.2554173069486427,5.764768582137368,,,,,5.764768582137368
Disgust__Sadness,Sadness,Disgust,Sadness: all,LipPressorR,FEA,4,54,1,0.2817075216520424,0.0226986635807724,0.25900885807127,5.802936368168502,,,,,5.802936368168502
Disgust__Sadness,Sadness,Disgust,Sadness: all,LipPuckerL,FEA,4,54,1,0.3855494645747065,0.07639362172086955,0.30915584285383696,2.8647831225305165,,,,,2.8647831225305165
Disgust__Sadness,Sadness,Disgust,Sadness: all,LipPuckerR,FEA,4,54,1,0.37487145666731836,0.0803302139148255,0.2945412427524928,2.7472261967629574,,,,,2.7472261967629574
Disgust__Sadness,Sadness,Disgust,Sadness: all,LipStretcherL,FEA,4,54,1,0.019951096163674117,0.06295883545712773,-0.04300773929345361,-0.39884708848772044,,,,,0.39884708848772044
Disgust__Sadness,Sadness,Disgust,Sadness: all,LipStretcherR,FEA,4,54,1,0.025988708815179763,0.06636442516532824,-0.04037571635014848,-0.35559011021657994,,,,,0.35559011021657994
Disgust__Sadness,Sadness,Disgust,Sadness: all,LipSuckLB,FEA,4,54,1,0.13529551712833177,0.04912541271534349,0.08617010441298828,0.7349148707643769,,,,,0.7349148707643769
Disgust__Sadness,Sadness,Disgust,Sadness: all,LipSuckLT,FEA,4,54,1,0.013523827325729692,0.025694764551476252,-0.01217093722574656,-0.16812351446647025,,,,,0.16812351446647025
Disgust__Sadness,Sadness,Disgust,Sadness: all,LipSuckRB,FEA,4,54,1,0.1258783658795287,0.04646256017740286,0.07941580570212584,0.762244989887016,,,,,0.762244989887016
Disgust__Sadness,Sadness,Disgust,Sadness: all,LipSuckRT,FEA,4,54,1,0.009138102829467096,0.017336428013223264,-0.008198325183756168,-0.12157912033466667,,,,,0.12157912033466667
Disgust__Sadness,Sadness,Disgust,Sadness: all,LipTightenerL,FEA,4,54,1,2.687503721716345e-34,0.06738493574066845,-0.06738493574066845,-1.1433863423628712,,,,,1.1433863423628712
Disgust__Sadness,Sadness,Disgust,Sadness: all,LipTightenerR,FEA,4,54,1,4.305682721632451e-34,0.065088178701159,-0.065088178701159,-1.1489194619943217,,,,,1.1489194619943217
Disgust__Sadness,Sadness,Disgust,Sadness: all,LipsToward,FEA,4,54,1,0.031134705210570192,0.020787766099827513,0.010346939110742678,0.2450866567683928,,,,,0.2450866567683928
Disgust__Sadness,Sadness,Disgust,Sadness: all,LowerLipDepressorL,FEA,4,54,1,0.00033905628176107656,0.01659912541592593,-0.01626006913416485,-0.13586666422901095,,,,,0.13586666422901095
Disgust__Sadness,Sadness,Disgust,Sadness: all,LowerLipDepressorR,FEA,4,54,1,7.386852026315377e-17,0.014615311554358327,-0.014615311554358253,-0.12523651769184033,,,,,0.12523651769184033
Disgust__Sadness,Sadness,Disgust,Sadness: all,MouthLeft,FEA,4,54,1,0.008156727843937846,0.003118032618817557,0.005038695225120289,0.4222343937957051,,,,,0.4222343937957051
Disgust__Sadness,Sadness,Disgust,Sadness: all,MouthRight,FEA,4,54,1,0.0019473814574787166,0.0002932113994814446,0.0016541700579972719,0.22753273517084677,,,,,0.22753273517084677
Disgust__Sadness,Sadness,Disgust,Sadness: all,NoseWrinklerL,FEA,4,54,1,0.4567974431530396,0.0520256701596803,0.4047717729933593,2.3448168291779665,,,,,2.3448168291779665
Disgust__Sadness,Sadness,Disgust,Sadness: all,NoseWrinklerR,FEA,4,54,1,0.4680929356785131,0.05594276478586144,0.4121501708926517,2.352218849869001,,,,,2.352218849869001
Disgust__Sadness,Sadness,Disgust,Sadness: all,OuterBrowRaiserL,FEA,4,54,1,0.011027263770392162,0.03552493571472919,-0.02449767194433703,-0.156220998924848,,,,,0.156220998924848
Disgust__Sadness,Sadness,Disgust,Sadness: all,OuterBrowRaiserR,FEA,4,54,1,0.009519646076192574,0.0439129123867056,-0.03439326631051303,-0.2146687088408182,,,,,0.2146687088408182
Disgust__Sadness,Sadness,Disgust,Sadness: all,UpperLidRaiserL,FEA,4,54,1,0.010955816041436037,0.05195376980573881,-0.04099795376430278,-0.2290835618349442,,,,,0.2290835618349442
Disgust__Sadness,Sadness,Disgust,Sadness: all,UpperLidRaiserR,FEA,4,54,1,0.01037913949052884,0.08508678628461429,-0.07470764679408545,-0.3472041023773465,,,,,0.3472041023773465
Disgust__Sadness,Sadness,Disgust,Sadness: all,UpperLipRaiserL,FEA,4,54,1,0.07190980693771395,0.03642289898041061,0.035486907957303346,0.19350248101471998,,,,,0.19350248101471998
Disgust__Sadness,Sadness,Disgust,Sadness: all,UpperLipRaiserR,FEA,4,54,1,0.10490056631290892,0.04317897365155212,0.0617215926613568,0.32169562711582816,,,,,0.32169562711582816
Disgust__Sadness,Sadness,Disgust,Sadness: all,AU1,AU-related group,4,54,1,0.0282757188409353,0.07233825369988041,-0.04406253485894511,-0.28423848234319266,,,,,0.28423848234319266
Disgust__Sadness,Sadness,Disgust,Sadness: all,AU2,AU-related group,4,54,1,0.010273454923292367,0.039718924050717405,-0.029445469127425038,-0.18631099291991643,,,,,0.18631099291991643
Disgust__Sadness,Sadness,Disgust,Sadness: all,AU4,AU-related group,4,54,1,0.689746630136131,0.14480066548141998,0.544945964654711,3.816866527057825,,,,,3.816866527057825
Disgust__Sadness,Sadness,Disgust,Sadness: all,AU5,AU-related group,4,54,1,0.010667477765982439,0.06852027804517655,-0.05785280027919411,-0.30872630320699523,,,,,0.30872630320699523
Disgust__Sadness,Sadness,Disgust,Sadness: all,AU6,AU-related group,4,54,1,0.5983209941909637,0.13276341847342682,0.4655575757175369,2.217814431343732,,,,,2.217814431343732
Disgust__Sadness,Sadness,Disgust,Sadness: all,AU7,AU-related group,4,54,1,0.24372623278994665,0.14880326191058374,0.09492297087936291,0.5403736551686911,,,,,0.5403736551686911
Disgust__Sadness,Sadness,Disgust,Sadness: all,AU8,AU-related group,4,54,1,0.031134705210570192,0.020787766099827513,0.010346939110742678,0.2450866567683928,,,,,0.2450866567683928
Disgust__Sadness,Sadness,Disgust,Sadness: all,AU9,AU-related group,4,54,1,0.4624451894157764,0.05398421747277087,0.4084609719430055,2.349523482431665,,,,,2.349523482431665
Disgust__Sadness,Sadness,Disgust,Sadness: all,AU10,AU-related group,4,54,1,0.08840518662531144,0.03980093631598137,0.04860425030933007,0.25942154781533333,,,,,0.25942154781533333
Disgust__Sadness,Sadness,Disgust,Sadness: all,AU12,AU-related group,4,54,1,7.19274931315353e-05,0.020479076278201485,-0.02040714878506995,-0.08939859957760865,,,,,0.08939859957760865
Disgust__Sadness,Sadness,Disgust,Sadness: all,AU14,AU-related group,4,54,1,0.000481902858613618,0.015537009299352674,-0.015055106440739055,-0.13201293832977676,,,,,0.13201293832977676
Disgust__Sadness,Sadness,Disgust,Sadness: all,AU15,AU-related group,4,54,1,0.09054434832668126,0.3970889461114532,-0.30654459778477194,-1.8689942658101224,,,,,1.8689942658101224
Disgust__Sadness,Sadness,Disgust,Sadness: all,AU16,AU-related group,4,54,1,0.00016952814088057523,0.015607218485142129,-0.015437690344261554,-0.1306486711561874,,,,,0.1306486711561874
Disgust__Sadness,Sadness,Disgust,Sadness: all,AU17,AU-related group,4,54,1,0.4752641983332117,0.42318961733722266,0.05207458099598905,0.26785688577606115,,,,,0.26785688577606115
Disgust__Sadness,Sadness,Disgust,Sadness: all,AU18,AU-related group,4,54,1,0.3802104606210124,0.07836191781784754,0.30184854280316487,2.806889696699542,,,,,2.806889696699542
Disgust__Sadness,Sadness,Disgust,Sadness: all,AU20,AU-related group,4,54,1,0.02296990248942694,0.06466163031122799,-0.04169172782180104,-0.3768087531238851,,,,,0.3768087531238851
Disgust__Sadness,Sadness,Disgust,Sadness: all,AU22,AU-related group,4,54,1,0.001746941053349708,0.051783301196954894,-0.050036360143605185,-1.1879121310024652,,,,,1.1879121310024652
Disgust__Sadness,Sadness,Disgust,Sadness: all,AU23,AU-related group,4,54,1,3.496593221674398e-34,0.06623655722091375,-0.06623655722091375,-1.147969022952563,,,,,1.147969022952563
Disgust__Sadness,Sadness,Disgust,Sadness: all,AU24,AU-related group,4,54,1,0.28087197635689437,0.02365889384693803,0.25721308250995634,5.784906098566801,,,,,5.784906098566801
Disgust__Sadness,Sadness,Disgust,Sadness: all,AU26,AU-related group,4,54,1,0.013049879562210315,0.015128780183265036,-0.0020789006210547214,-0.011643231195939931,,,,,0.011643231195939931
Disgust__Sadness,Sadness,Disgust,Sadness: all,AU28,AU-related group,4,54,1,0.07095895329076432,0.034654791364361476,0.036304161926402845,0.44857654285633936,,,,,0.44857654285633936
Disgust__Sadness,Sadness,Disgust,Sadness: all,AU43,AU-related group,4,54,1,0.7295511870839921,0.10371061441904621,0.625840572664946,5.9890937740191115,,,,,5.9890937740191115
Disgust__Sadness,Sadness,Disgust,Disgust: correct,BrowLowererL,FEA,4,30,1,0.690946897882653,0.27429085437956846,0.4166560435030845,2.850664592918601,,,,,2.850664592918601
Disgust__Sadness,Sadness,Disgust,Disgust: correct,BrowLowererR,FEA,4,30,1,0.6885463623896093,0.2600669810520221,0.42847938133758723,3.0346641001392176,,,,,3.0346641001392176
Disgust__Sadness,Sadness,Disgust,Disgust: correct,CheekPuffL,FEA,4,30,1,0.005080793742960572,0.0011963721404219191,0.0038844216025386525,0.4088696262474216,,,,,0.4088696262474216
Disgust__Sadness,Sadness,Disgust,Disgust: correct,CheekPuffR,FEA,4,30,1,0.0018089126590796305,0.001564301059297848,0.00024461159978178245,0.02298377995719462,,,,,0.02298377995719462
Disgust__Sadness,Sadness,Disgust,Disgust: correct,CheekRaiserL,FEA,4,30,1,0.6012319802931101,0.3030017535852549,0.2982302267078552,1.3974444867533389,,,,,1.3974444867533389
Disgust__Sadness,Sadness,Disgust,Disgust: correct,CheekRaiserR,FEA,4,30,1,0.5954100080888175,0.27378535246203944,0.32162465562677806,1.5529077656763208,,,,,1.5529077656763208
Disgust__Sadness,Sadness,Disgust,Disgust: correct,CheekSuckL,FEA,4,30,1,3.4787446008361027e-32,2.502851393756729e-22,-2.5028513934088545e-22,-2.6911504865908682e-20,,,,,2.6911504865908682e-20
Disgust__Sadness,Sadness,Disgust,Disgust: correct,CheekSuckR,FEA,4,30,1,1.3047483839125412e-31,1.5102296236078065e-21,-1.5102296234773317e-21,-1.932591076261668e-19,,,,,1.932591076261668e-19
Disgust__Sadness,Sadness,Disgust,Disgust: correct,ChinRaiserB,FEA,4,30,1,0.4861065693270705,0.146572360430847,0.33953420889622354,1.6504349384912465,,,,,1.6504349384912465
Disgust__Sadness,Sadness,Disgust,Disgust: correct,ChinRaiserT,FEA,4,30,1,0.46442182733935294,0.2206446865057776,0.24377714083357535,1.2882340668832055,,,,,1.2882340668832055
Disgust__Sadness,Sadness,Disgust,Disgust: correct,DimplerL,FEA,4,30,1,1.7999388342286112e-18,0.08208190472373685,-0.08208190472373685,-0.7177168610010091,,,,,0.7177168610010091
Disgust__Sadness,Sadness,Disgust,Disgust: correct,DimplerR,FEA,4,30,1,0.0009638057172272343,0.08216872351244245,-0.08120491779521521,-0.7133999455987471,,,,,0.7133999455987471
Disgust__Sadness,Sadness,Disgust,Disgust: correct,EyesClosedL,FEA,4,30,1,0.7452994382959617,0.11425764075747528,0.6310417975384864,5.823106535299161,,,,,5.823106535299161
Disgust__Sadness,Sadness,Disgust,Disgust: correct,EyesClosedR,FEA,4,30,1,0.7138029358720227,0.09957692436876295,0.6142260115032597,5.820799630001368,,,,,5.820799630001368
Disgust__Sadness,Sadness,Disgust,Disgust: correct,EyesLookDownL,FEA,4,30,1,0.007014297286756777,0.06458730813391728,-0.0575730108471605,-1.511208932154406,,,,,1.511208932154406
Disgust__Sadness,Sadness,Disgust,Disgust: correct,EyesLookDownR,FEA,4,30,1,0.007877766170573444,0.0712395332249032,-0.06336176705432976,-1.4050580687051615,,,,,1.4050580687051615
Disgust__Sadness,Sadness,Disgust,Disgust: correct,EyesLookLeftL,FEA,4,30,1,0.014673979853008248,0.05204596568442259,-0.03737198583141434,-0.4604071572668751,,,,,0.4604071572668751
Disgust__Sadness,Sadness,Disgust,Disgust: correct,EyesLookLeftR,FEA,4,30,1,0.04348478706759685,0.0894363711694152,-0.045951584101818356,-0.4297265142850189,,,,,0.4297265142850189
Disgust__Sadness,Sadness,Disgust,Disgust: correct,EyesLookRightL,FEA,4,30,1,0.07764245316963445,0.13229923552408673,-0.05465678235445229,-0.5928156548199501,,,,,0.5928156548199501
Disgust__Sadness,Sadness,Disgust,Disgust: correct,EyesLookRightR,FEA,4,30,1,0.02033052317177254,0.0833938120670306,-0.06306328889525806,-0.9498177600308898,,,,,0.9498177600308898
Disgust__Sadness,Sadness,Disgust,Disgust: correct,EyesLookUpL,FEA,4,30,1,0.03523308778821953,0.04750171263441905,-0.012268624846199519,-0.11827814460496669,,,,,0.11827814460496669
Disgust__Sadness,Sadness,Disgust,Disgust: correct,EyesLookUpR,FEA,4,30,1,0.03530386994449748,0.047539925921268544,-0.012236055976771062,-0.11778927571364387,,,,,0.11778927571364387
Disgust__Sadness,Sadness,Disgust,Disgust: correct,InnerBrowRaiserL,FEA,4,30,1,0.04053918677382167,0.037634553747822604,0.0029046330259990677,0.018915014875269264,,,,,0.018915014875269264
Disgust__Sadness,Sadness,Disgust,Disgust: correct,InnerBrowRaiserR,FEA,4,30,1,0.01601225090804893,0.03920420848698498,-0.023191957578936048,-0.147565417255748,,,,,0.147565417255748
Disgust__Sadness,Sadness,Disgust,Disgust: correct,JawDrop,FEA,4,30,1,0.013049879562210315,0.07967732745332241,-0.0666274478911121,-0.3731581836740616,,,,,0.3731581836740616
Disgust__Sadness,Sadness,Disgust,Disgust: correct,JawSidewaysLeft,FEA,4,30,1,0.0068326432994344965,0.00540455552997686,0.0014280877694576363,0.06702570735447133,,,,,0.06702570735447133
Disgust__Sadness,Sadness,Disgust,Disgust: correct,JawSidewaysRight,FEA,4,30,1,0.004882107650654035,0.006960622455382143,-0.002078514804728108,-0.076521104311953,,,,,0.076521104311953
Disgust__Sadness,Sadness,Disgust,Disgust: correct,JawThrust,FEA,4,30,1,3.353670646928754e-11,0.031235084185679142,-0.031235084152142434,-0.4598991269669609,,,,,0.4598991269669609
Disgust__Sadness,Sadness,Disgust,Disgust: correct,LidTightenerL,FEA,4,30,1,0.24025609111195362,0.3302524058114626,-0.08999631469950897,-0.5000326557776692,,,,,0.5000326557776692
Disgust__Sadness,Sadness,Disgust,Disgust: correct,LidTightenerR,FEA,4,30,1,0.24719637446793968,0.3340970049198887,-0.08690063045194901,-0.46217646294100245,,,,,0.46217646294100245
Disgust__Sadness,Sadness,Disgust,Disgust: correct,LipCornerDepressorL,FEA,4,30,1,0.1000292545186696,0.14106567134155337,-0.04103641682288377,-0.24634215193625086,,,,,0.24634215193625086
Disgust__Sadness,Sadness,Disgust,Disgust: correct,LipCornerDepressorR,FEA,4,30,1,0.08105944213469292,0.1173338750109732,-0.03627443287628028,-0.22448349674002888,,,,,0.22448349674002888
Disgust__Sadness,Sadness,Disgust,Disgust: correct,LipCornerPullerL,FEA,4,30,1,8.458942344815911e-15,0.06321841641892155,-0.06321841641891308,-0.2800689930931761,,,,,0.2800689930931761
Disgust__Sadness,Sadness,Disgust,Disgust: correct,LipCornerPullerR,FEA,4,30,1,0.00014385498625461168,0.06382223473119288,-0.06367837974493826,-0.2758078240460056,,,,,0.2758078240460056
Disgust__Sadness,Sadness,Disgust,Disgust: correct,LipFunnelerLB,FEA,4,30,1,6.1637366750342635e-28,0.0016048450578995954,-0.0016048450578995954,-0.03201611962207256,,,,,0.03201611962207256
Disgust__Sadness,Sadness,Disgust,Disgust: correct,LipFunnelerLT,FEA,4,30,1,0.004386333968428736,0.003033288954884653,0.0013530450135440827,0.033447585027496424,,,,,0.033447585027496424
Disgust__Sadness,Sadness,Disgust,Disgust: correct,LipFunnelerRB,FEA,4,30,1,1.3265025454838041e-07,0.001702861684957558,-0.0017027290347030096,-0.034281171686171834,,,,,0.034281171686171834
Disgust__Sadness,Sadness,Disgust,Disgust: correct,LipFunnelerRT,FEA,4,30,1,0.002601297594715548,0.002584834192602648,1.6463402112899816e-05,0.0004061011743526334,,,,,0.0004061011743526334
Disgust__Sadness,Sadness,Disgust,Disgust: correct,LipPressorL,FEA,4,30,1,0.28003643106174636,0.03156230899864999,0.24847412206309638,5.6080609002408695,,,,,5.6080609002408695
Disgust__Sadness,Sadness,Disgust,Disgust: correct,LipPressorR,FEA,4,30,1,0.2817075216520424,0.03168112404604156,0.2500263976060008,5.601689789585451,,,,,5.601689789585451
Disgust__Sadness,Sadness,Disgust,Disgust: correct,LipPuckerL,FEA,4,30,1,0.3855494645747065,0.06278937533131,0.3227600892433965,2.9908464538646187,,,,,2.9908464538646187
Disgust__Sadness,Sadness,Disgust,Disgust: correct,LipPuckerR,FEA,4,30,1,0.37487145666731836,0.06036019088620097,0.3145112657811174,2.9334893153045547,,,,,2.9334893153045547
Disgust__Sadness,Sadness,Disgust,Disgust: correct,LipStretcherL,FEA,4,30,1,0.019951096163674117,0.12761503985444464,-0.10766394369077052,-0.9984586770108607,,,,,0.9984586770108607
Disgust__Sadness,Sadness,Disgust,Disgust: correct,LipStretcherR,FEA,4,30,1,0.025988708815179763,0.13010947703013587,-0.10412076821495611,-0.9169946391614935,,,,,0.9169946391614935
Disgust__Sadness,Sadness,Disgust,Disgust: correct,LipSuckLB,FEA,4,30,1,0.13529551712833177,0.13452331534001324,0.0007722017883185217,0.006585840661701559,,,,,0.006585840661701559
Disgust__Sadness,Sadness,Disgust,Disgust: correct,LipSuckLT,FEA,4,30,1,0.013523827325729692,0.0633820068780138,-0.04985817955228411,-0.6887170819925201,,,,,0.6887170819925201
Disgust__Sadness,Sadness,Disgust,Disgust: correct,LipSuckRB,FEA,4,30,1,0.1258783658795287,0.1207091938069073,0.005169172072621395,0.0496145002796851,,,,,0.0496145002796851
Disgust__Sadness,Sadness,Disgust,Disgust: correct,LipSuckRT,FEA,4,30,1,0.009138102829467096,0.05427878278109598,-0.04514067995162888,-0.6694250394826727,,,,,0.6694250394826727
Disgust__Sadness,Sadness,Disgust,Disgust: correct,LipTightenerL,FEA,4,30,1,2.687503721716345e-34,0.01172114771655257,-0.01172114771655257,-0.19888421749782348,,,,,0.19888421749782348
Disgust__Sadness,Sadness,Disgust,Disgust: correct,LipTightenerR,FEA,4,30,1,4.305682721632451e-34,0.011153074078997152,-0.011153074078997152,-0.19687113890922328,,,,,0.19687113890922328
Disgust__Sadness,Sadness,Disgust,Disgust: correct,LipsToward,FEA,4,30,1,0.031134705210570192,0.04680573563660595,-0.015671030426035758,-0.3711977440019153,,,,,0.3711977440019153
Disgust__Sadness,Sadness,Disgust,Disgust: correct,LowerLipDepressorL,FEA,4,30,1,0.00033905628176107656,0.10522865089944439,-0.10488959461768331,-0.8764414969856653,,,,,0.8764414969856653
Disgust__Sadness,Sadness,Disgust,Disgust: correct,LowerLipDepressorR,FEA,4,30,1,7.386852026315377e-17,0.10466178877813244,-0.10466178877813237,-0.8968319226875195,,,,,0.8968319226875195
Disgust__Sadness,Sadness,Disgust,Disgust: correct,MouthLeft,FEA,4,30,1,0.008156727843937846,0.015137183651866995,-0.006980455807929149,-0.5849507451422228,,,,,0.5849507451422228
Disgust__Sadness,Sadness,Disgust,Disgust: correct,MouthRight,FEA,4,30,1,0.0019473814574787166,0.009346187553881507,-0.007398806096402791,-1.0177131305057388,,,,,1.0177131305057388
Disgust__Sadness,Sadness,Disgust,Disgust: correct,NoseWrinklerL,FEA,4,30,1,0.4567974431530396,0.38990757741705734,0.06688986573598227,0.3874886870675121,,,,,0.3874886870675121
Disgust__Sadness,Sadness,Disgust,Disgust: correct,NoseWrinklerR,FEA,4,30,1,0.4680929356785131,0.39499705904284066,0.07309587663567246,0.4171719703469699,,,,,0.4171719703469699
Disgust__Sadness,Sadness,Disgust,Disgust: correct,OuterBrowRaiserL,FEA,4,30,1,0.011027263770392162,0.039968369491745544,-0.02894110572135338,-0.18455665730410753,,,,,0.18455665730410753
Disgust__Sadness,Sadness,Disgust,Disgust: correct,OuterBrowRaiserR,FEA,4,30,1,0.009519646076192574,0.04868999031497523,-0.039170344238782656,-0.24448527646877127,,,,,0.24448527646877127
Disgust__Sadness,Sadness,Disgust,Disgust: correct,UpperLidRaiserL,FEA,4,30,1,0.010955816041436037,0.10409050786438198,-0.09313469182294594,-0.520407117288312,,,,,0.520407117288312
Disgust__Sadness,Sadness,Disgust,Disgust: correct,UpperLidRaiserR,FEA,4,30,1,0.01037913949052884,0.11682971680702113,-0.1064505773164923,-0.494729505355657,,,,,0.494729505355657
Disgust__Sadness,Sadness,Disgust,Disgust: correct,UpperLipRaiserL,FEA,4,30,1,0.07190980693771395,0.34382511416588035,-0.27191530722816637,-1.4826957208510858,,,,,1.4826957208510858
Disgust__Sadness,Sadness,Disgust,Disgust: correct,UpperLipRaiserR,FEA,4,30,1,0.10490056631290892,0.36387214341973323,-0.2589715771068243,-1.3497711304963516,,,,,1.3497711304963516
Disgust__Sadness,Sadness,Disgust,Disgust: correct,AU1,AU-related group,4,30,1,0.0282757188409353,0.03841938111740379,-0.010143662276468492,-0.06543470955756822,,,,,0.06543470955756822
Disgust__Sadness,Sadness,Disgust,Disgust: correct,AU2,AU-related group,4,30,1,0.010273454923292367,0.044329179903360376,-0.03405572498006801,-0.21548157063439283,,,,,0.21548157063439283
Disgust__Sadness,Sadness,Disgust,Disgust: correct,AU4,AU-related group,4,30,1,0.689746630136131,0.26717891771579527,0.42256771242033575,2.9597146534969454,,,,,2.9597146534969454
Disgust__Sadness,Sadness,Disgust,Disgust: correct,AU5,AU-related group,4,30,1,0.010667477765982439,0.11046011233570158,-0.09979263456971914,-0.5325344842309361,,,,,0.5325344842309361
Disgust__Sadness,Sadness,Disgust,Disgust: correct,AU6,AU-related group,4,30,1,0.5983209941909637,0.2883935530236472,0.3099274411673165,1.4764265206745255,,,,,1.4764265206745255
Disgust__Sadness,Sadness,Disgust,Disgust: correct,AU7,AU-related group,4,30,1,0.24372623278994665,0.33217470536567567,-0.08844847257572902,-0.5035158926976392,,,,,0.5035158926976392
Disgust__Sadness,Sadness,Disgust,Disgust: correct,AU8,AU-related group,4,30,1,0.031134705210570192,0.04680573563660595,-0.015671030426035758,-0.3711977440019153,,,,,0.3711977440019153
Disgust__Sadness,Sadness,Disgust,Disgust: correct,AU9,AU-related group,4,30,1,0.4624451894157764,0.3924523182299489,0.06999287118582748,0.4026085862540198,,,,,0.4026085862540198
Disgust__Sadness,Sadness,Disgust,Disgust: correct,AU10,AU-related group,4,30,1,0.08840518662531144,0.35384862879280676,-0.2654434421674953,-1.4167845031302304,,,,,1.4167845031302304
Disgust__Sadness,Sadness,Disgust,Disgust: correct,AU12,AU-related group,4,30,1,7.19274931315353e-05,0.06352032557505721,-0.06344839808192568,-0.27795151560401304,,,,,0.27795151560401304
Disgust__Sadness,Sadness,Disgust,Disgust: correct,AU14,AU-related group,4,30,1,0.000481902858613618,0.08212531411808964,-0.08164341125947602,-0.7159023855497045,,,,,0.7159023855497045
Disgust__Sadness,Sadness,Disgust,Disgust: correct,AU15,AU-related group,4,30,1,0.09054434832668126,0.1291997731762633,-0.03865542484958204,-0.2356810979818608,,,,,0.2356810979818608
Disgust__Sadness,Sadness,Disgust,Disgust: correct,AU16,AU-related group,4,30,1,0.00016952814088057523,0.1049452198387884,-0.10477569169790783,-0.8867132702198804,,,,,0.8867132702198804
Disgust__Sadness,Sadness,Disgust,Disgust: correct,AU17,AU-related group,4,30,1,0.4752641983332117,0.1836085234683123,0.2916556748648994,1.5001941310722136,,,,,1.5001941310722136
Disgust__Sadness,Sadness,Disgust,Disgust: correct,AU18,AU-related group,4,30,1,0.3802104606210124,0.0615747831087555,0.31863567751225685,2.9629932677636046,,,,,2.9629932677636046
Disgust__Sadness,Sadness,Disgust,Disgust: correct,AU20,AU-related group,4,30,1,0.02296990248942694,0.12886225844229024,-0.1058923559528633,-0.9570523625812478,,,,,0.9570523625812478
Disgust__Sadness,Sadness,Disgust,Disgust: correct,AU22,AU-related group,4,30,1,0.001746941053349708,0.002231457472586114,-0.00048451641923640595,-0.011502893704276802,,,,,0.011502893704276802
Disgust__Sadness,Sadness,Disgust,Disgust: correct,AU23,AU-related group,4,30,1,3.496593221674398e-34,0.01143711089777486,-0.01143711089777486,-0.1982205835205031,,,,,0.1982205835205031
Disgust__Sadness,Sadness,Disgust,Disgust: correct,AU24,AU-related group,4,30,1,0.28087197635689437,0.03162171652234577,0.2492502598345486,5.605816524244744,,,,,5.605816524244744
Disgust__Sadness,Sadness,Disgust,Disgust: correct,AU26,AU-related group,4,30,1,0.013049879562210315,0.07967732745332241,-0.0666274478911121,-0.3731581836740616,,,,,0.3731581836740616
Disgust__Sadness,Sadness,Disgust,Disgust: correct,AU28,AU-related group,4,30,1,0.07095895329076432,0.09322332470150758,-0.022264371410743264,-0.27509999477600694,,,,,0.27509999477600694
Disgust__Sadness,Sadness,Disgust,Disgust: correct,AU43,AU-related group,4,30,1,0.7295511870839921,0.10691728256311912,0.622633904520873,5.958406987230529,,,,,5.958406987230529
Disgust__Sadness,Sadness,Disgust,Disgust: all,BrowLowererL,FEA,4,54,1,0.690946897882653,0.20364890998157592,0.48729798790107703,3.333980490552499,,,,,3.333980490552499
Disgust__Sadness,Sadness,Disgust,Disgust: all,BrowLowererR,FEA,4,54,1,0.6885463623896093,0.18631237832654704,0.5022339840630623,3.557023996226463,,,,,3.557023996226463
Disgust__Sadness,Sadness,Disgust,Disgust: all,CheekPuffL,FEA,4,54,1,0.005080793742960572,0.0024551103065273104,0.0026256834364332612,0.27637633479251833,,,,,0.27637633479251833
Disgust__Sadness,Sadness,Disgust,Disgust: all,CheekPuffR,FEA,4,54,1,0.0018089126590796305,0.0027735684401712334,-0.0009646557810916029,-0.09063934918386618,,,,,0.09063934918386618
Disgust__Sadness,Sadness,Disgust,Disgust: all,CheekRaiserL,FEA,4,54,1,0.6012319802931101,0.29181043352651315,0.30942154676659694,1.4498846726064678,,,,,1.4498846726064678
Disgust__Sadness,Sadness,Disgust,Disgust: all,CheekRaiserR,FEA,4,54,1,0.5954100080888175,0.2642519848114144,0.3311580232774031,1.5989379452620631,,,,,1.5989379452620631
Disgust__Sadness,Sadness,Disgust,Disgust: all,CheekSuckL,FEA,4,54,1,3.4787446008361027e-32,2.4470741064524488e-05,-2.4470741064524488e-05,-0.0026311768607780272,,,,,0.0026311768607780272
Disgust__Sadness,Sadness,Disgust,Disgust: all,CheekSuckR,FEA,4,54,1,1.3047483839125412e-31,3.3311644922711e-21,-3.331164492140625e-21,-4.2627814148206136e-19,,,,,4.2627814148206136e-19
Disgust__Sadness,Sadness,Disgust,Disgust: all,ChinRaiserB,FEA,4,54,1,0.4861065693270705,0.11176969308846262,0.3743368762386079,1.8196065171704228,,,,,1.8196065171704228
Disgust__Sadness,Sadness,Disgust,Disgust: all,ChinRaiserT,FEA,4,54,1,0.46442182733935294,0.17200349018084143,0.2924183371585115,1.5452772250130946,,,,,1.5452772250130946
Disgust__Sadness,Sadness,Disgust,Disgust: all,DimplerL,FEA,4,54,1,1.7999388342286112e-18,0.10341698908133092,-0.10341698908133092,-0.9042689375623609,,,,,0.9042689375623609
Disgust__Sadness,Sadness,Disgust,Disgust: all,DimplerR,FEA,4,54,1,0.0009638057172272343,0.10316488143265676,-0.10220107571542952,-0.8978550047841671,,,,,0.8978550047841671
Disgust__Sadness,Sadness,Disgust,Disgust: all,EyesClosedL,FEA,4,54,1,0.7452994382959617,0.08110458807778993,0.6641948502181717,6.129035173429377,,,,,6.129035173429377
Disgust__Sadness,Sadness,Disgust,Disgust: all,EyesClosedR,FEA,4,54,1,0.7138029358720227,0.0811410500258168,0.6326618858462059,5.99550979945762,,,,,5.99550979945762
Disgust__Sadness,Sadness,Disgust,Disgust: all,EyesLookDownL,FEA,4,54,1,0.007014297286756777,0.04890534863136148,-0.041891051344604704,-1.0995799948236984,,,,,1.0995799948236984
Disgust__Sadness,Sadness,Disgust,Disgust: all,EyesLookDownR,FEA,4,54,1,0.007877766170573444,0.05540130715944406,-0.04752354098887061,-1.0538426850153675,,,,,1.0538426850153675
Disgust__Sadness,Sadness,Disgust,Disgust: all,EyesLookLeftL,FEA,4,54,1,0.014673979853008248,0.0452460316170609,-0.030572051764052654,-0.376634827702185,,,,,0.376634827702185
Disgust__Sadness,Sadness,Disgust,Disgust: all,EyesLookLeftR,FEA,4,54,1,0.04348478706759685,0.08538495368172593,-0.04190016661412908,-0.39183877768293757,,,,,0.39183877768293757
Disgust__Sadness,Sadness,Disgust,Disgust: all,EyesLookRightL,FEA,4,54,1,0.07764245316963445,0.10500805150592146,-0.027365598336287017,-0.296811381834742,,,,,0.296811381834742
Disgust__Sadness,Sadness,Disgust,Disgust: all,EyesLookRightR,FEA,4,54,1,0.02033052317177254,0.058790674164710136,-0.03846015099293759,-0.5792614864606056,,,,,0.5792614864606056
Disgust__Sadness,Sadness,Disgust,Disgust: all,EyesLookUpL,FEA,4,54,1,0.03523308778821953,0.0526659598651114,-0.01743287207689187,-0.16806510837514368,,,,,0.16806510837514368
Disgust__Sadness,Sadness,Disgust,Disgust: all,EyesLookUpR,FEA,4,54,1,0.03530386994449748,0.05271194991125669,-0.017408079966759207,-0.16757729244965888,,,,,0.16757729244965888
Disgust__Sadness,Sadness,Disgust,Disgust: all,InnerBrowRaiserL,FEA,4,54,1,0.04053918677382167,0.042870261616378136,-0.0023310748425564645,-0.015179995175864132,,,,,0.015179995175864132
Disgust__Sadness,Sadness,Disgust,Disgust: all,InnerBrowRaiserR,FEA,4,54,1,0.01601225090804893,0.0402406018594224,-0.024228350951373472,-0.15415976445236945,,,,,0.15415976445236945
Disgust__Sadness,Sadness,Disgust,Disgust: all,JawDrop,FEA,4,54,1,0.013049879562210315,0.10876266707982257,-0.09571278751761225,-0.5360555007723475,,,,,0.5360555007723475
Disgust__Sadness,Sadness,Disgust,Disgust: all,JawSidewaysLeft,FEA,4,54,1,0.0068326432994344965,0.00488835742755227,0.0019442858718822266,0.09125288980781868,,,,,0.09125288980781868
Disgust__Sadness,Sadness,Disgust,Disgust: all,JawSidewaysRight,FEA,4,54,1,0.004882107650654035,0.007897848655690156,-0.0030157410050361206,-0.11102534920572282,,,,,0.11102534920572282
Disgust__Sadness,Sadness,Disgust,Disgust: all,JawThrust,FEA,4,54,1,3.353670646928754e-11,0.03868223588235398,-0.03868223584881727,-0.5695494979090977,,,,,0.5695494979090977
Disgust__Sadness,Sadness,Disgust,Disgust: all,LidTightenerL,FEA,4,54,1,0.24025609111195362,0.2981366222858074,-0.05788053117385378,-0.32159267651481055,,,,,0.32159267651481055
Disgust__Sadness,Sadness,Disgust,Disgust: all,LidTightenerR,FEA,4,54,1,0.24719637446793968,0.2799414716760359,-0.03274509720809621,-0.17415308873582255,,,,,0.17415308873582255
Disgust__Sadness,Sadness,Disgust,Disgust: all,LipCornerDepressorL,FEA,4,54,1,0.1000292545186696,0.11643143957419168,-0.016402185055522073,-0.0984625334242323,,,,,0.0984625334242323
Disgust__Sadness,Sadness,Disgust,Disgust: all,LipCornerDepressorR,FEA,4,54,1,0.08105944213469292,0.09825104920742044,-0.017191607072727516,-0.10638986647783052,,,,,0.10638986647783052
Disgust__Sadness,Sadness,Disgust,Disgust: all,LipCornerPullerL,FEA,4,54,1,8.458942344815911e-15,0.12403860629879152,-0.12403860629878305,-0.5495134098358728,,,,,0.5495134098358728
Disgust__Sadness,Sadness,Disgust,Disgust: all,LipCornerPullerR,FEA,4,54,1,0.00014385498625461168,0.12564717712488532,-0.12550332213863072,-0.5435879230635123,,,,,0.5435879230635123
Disgust__Sadness,Sadness,Disgust,Disgust: all,LipFunnelerLB,FEA,4,54,1,6.1637366750342635e-28,0.0011374386064590776,-0.0011374386064590776,-0.022691517980445237,,,,,0.022691517980445237
Disgust__Sadness,Sadness,Disgust,Disgust: all,LipFunnelerLT,FEA,4,54,1,0.004386333968428736,0.0037054494070433144,0.0006808845613854213,0.016831623510585078,,,,,0.016831623510585078
Disgust__Sadness,Sadness,Disgust,Disgust: all,LipFunnelerRB,FEA,4,54,1,1.3265025454838041e-07,0.0011489397558673703,-0.0011488071056128218,-0.023129019837661007,,,,,0.023129019837661007
Disgust__Sadness,Sadness,Disgust,Disgust: all,LipFunnelerRT,FEA,4,54,1,0.002601297594715548,0.002962436235970985,-0.0003611386412554372,-0.008908172521828501,,,,,0.008908172521828501
Disgust__Sadness,Sadness,Disgust,Disgust: all,LipPressorL,FEA,4,54,1,0.28003643106174636,0.018620562339771538,0.2614158687219748,5.9001561205232,,,,,5.9001561205232
Disgust__Sadness,Sadness,Disgust,Disgust: all,LipPressorR,FEA,4,54,1,0.2817075216520424,0.01871404361769316,0.26299347803434925,5.892209361645507,,,,,5.892209361645507
Disgust__Sadness,Sadness,Disgust,Disgust: all,LipPuckerL,FEA,4,54,1,0.3855494645747065,0.04466690239111557,0.3408825621835909,3.1587777927593854,,,,,3.1587777927593854
Disgust__Sadness,Sadness,Disgust,Disgust: all,LipPuckerR,FEA,4,54,1,0.37487145666731836,0.04324851318067585,0.3316229434866425,3.0930922585931664,,,,,3.0930922585931664
Disgust__Sadness,Sadness,Disgust,Disgust: all,LipStretcherL,FEA,4,54,1,0.019951096163674117,0.10378531040281726,-0.08383421423914314,-0.777465470500274,,,,,0.777465470500274
Disgust__Sadness,Sadness,Disgust,Disgust: all,LipStretcherR,FEA,4,54,1,0.025988708815179763,0.1078616965191718,-0.08187298770399204,-0.7210577880264943,,,,,0.7210577880264943
Disgust__Sadness,Sadness,Disgust,Disgust: all,LipSuckLB,FEA,4,54,1,0.13529551712833177,0.1284654985704303,0.006830018557901468,0.058250854400054265,,,,,0.058250854400054265
Disgust__Sadness,Sadness,Disgust,Disgust: all,LipSuckLT,FEA,4,54,1,0.013523827325729692,0.06836339055219018,-0.05483956322646048,-0.7575275371509608,,,,,0.7575275371509608
Disgust__Sadness,Sadness,Disgust,Disgust: all,LipSuckRB,FEA,4,54,1,0.1258783658795287,0.11156187647240445,0.014316489407124239,0.13741184424020608,,,,,0.13741184424020608
Disgust__Sadness,Sadness,Disgust,Disgust: all,LipSuckRT,FEA,4,54,1,0.009138102829467096,0.059501595236439185,-0.05036349240697209,-0.7468780472325607,,,,,0.7468780472325607
Disgust__Sadness,Sadness,Disgust,Disgust: all,LipTightenerL,FEA,4,54,1,2.687503721716345e-34,0.01078156466892883,-0.01078156466892883,-0.18294138973728147,,,,,0.18294138973728147
Disgust__Sadness,Sadness,Disgust,Disgust: all,LipTightenerR,FEA,4,54,1,4.305682721632451e-34,0.009758413720604316,-0.009758413720604316,-0.17225295999248902,,,,,0.17225295999248902
Disgust__Sadness,Sadness,Disgust,Disgust: all,LipsToward,FEA,4,54,1,0.031134705210570192,0.04191319725471171,-0.010778492044141517,-0.25530879730032086,,,,,0.25530879730032086
Disgust__Sadness,Sadness,Disgust,Disgust: all,LowerLipDepressorL,FEA,4,54,1,0.00033905628176107656,0.13410445371033966,-0.1337653974285786,-1.117723312731927,,,,,1.117723312731927
Disgust__Sadness,Sadness,Disgust,Disgust: all,LowerLipDepressorR,FEA,4,54,1,7.386852026315377e-17,0.13049145148914582,-0.13049145148914573,-1.1181626140690164,,,,,1.1181626140690164
Disgust__Sadness,Sadness,Disgust,Disgust: all,MouthLeft,FEA,4,54,1,0.008156727843937846,0.009755599564349559,-0.001598871720411713,-0.13398282719293048,,,,,0.13398282719293048
Disgust__Sadness,Sadness,Disgust,Disgust: all,MouthRight,FEA,4,54,1,0.0019473814574787166,0.005664014670412648,-0.0037166332129339318,-0.5112265915328666,,,,,0.5112265915328666
Disgust__Sadness,Sadness,Disgust,Disgust: all,NoseWrinklerL,FEA,4,54,1,0.4567974431530396,0.24080601683053532,0.2159914263225043,1.2512244311252154,,,,,1.2512244311252154
Disgust__Sadness,Sadness,Disgust,Disgust: all,NoseWrinklerR,FEA,4,54,1,0.4680929356785131,0.24070146386259614,0.22739147181591698,1.2977660670294096,,,,,1.2977660670294096
Disgust__Sadness,Sadness,Disgust,Disgust: all,OuterBrowRaiserL,FEA,4,54,1,0.011027263770392162,0.0349691367786915,-0.023941873008299336,-0.15267668397171844,,,,,0.15267668397171844
Disgust__Sadness,Sadness,Disgust,Disgust: all,OuterBrowRaiserR,FEA,4,54,1,0.009519646076192574,0.03907723090189351,-0.029557584825700936,-0.18448636176921265,,,,,0.18448636176921265
Disgust__Sadness,Sadness,Disgust,Disgust: all,UpperLidRaiserL,FEA,4,54,1,0.010955816041436037,0.06525532418534884,-0.0542995081439128,-0.3034084286987987,,,,,0.3034084286987987
Disgust__Sadness,Sadness,Disgust,Disgust: all,UpperLidRaiserR,FEA,4,54,1,0.01037913949052884,0.07977094952988822,-0.06939181003935939,-0.3224987287240127,,,,,0.3224987287240127
Disgust__Sadness,Sadness,Disgust,Disgust: all,UpperLipRaiserL,FEA,4,54,1,0.07190980693771395,0.27941785154940696,-0.207508044611693,-1.1314967624450945,,,,,1.1314967624450945
Disgust__Sadness,Sadness,Disgust,Disgust: all,UpperLipRaiserR,FEA,4,54,1,0.10490056631290892,0.29346367233183784,-0.18856310601892892,-0.9827991149626674,,,,,0.9827991149626674
Disgust__Sadness,Sadness,Disgust,Disgust: all,AU1,AU-related group,4,54,1,0.0282757188409353,0.04155543173790027,-0.013279712896964974,-0.08566473653570036,,,,,0.08566473653570036
Disgust__Sadness,Sadness,Disgust,Disgust: all,AU2,AU-related group,4,54,1,0.010273454923292367,0.03702318384029251,-0.026749728917000143,-0.16925417398845566,,,,,0.16925417398845566
Disgust__Sadness,Sadness,Disgust,Disgust: all,AU4,AU-related group,4,54,1,0.689746630136131,0.1949806441540615,0.49476598598206956,3.4653999719371935,,,,,3.4653999719371935
Disgust__Sadness,Sadness,Disgust,Disgust: all,AU5,AU-related group,4,54,1,0.010667477765982439,0.07251313685761855,-0.06184565909163611,-0.3300338377505913,,,,,0.3300338377505913
Disgust__Sadness,Sadness,Disgust,Disgust: all,AU6,AU-related group,4,54,1,0.5983209941909637,0.27803120916896373,0.320289785022,1.5257904596202996,,,,,1.5257904596202996
Disgust__Sadness,Sadness,Disgust,Disgust: all,AU7,AU-related group,4,54,1,0.24372623278994665,0.28903904698092164,-0.04531281419097499,-0.25795495867355256,,,,,0.25795495867355256
Disgust__Sadness,Sadness,Disgust,Disgust: all,AU8,AU-related group,4,54,1,0.031134705210570192,0.04191319725471171,-0.010778492044141517,-0.25530879730032086,,,,,0.25530879730032086
Disgust__Sadness,Sadness,Disgust,Disgust: all,AU9,AU-related group,4,54,1,0.4624451894157764,0.24075374034656574,0.22169144906921065,1.2751995936470846,,,,,1.2751995936470846
Disgust__Sadness,Sadness,Disgust,Disgust: all,AU10,AU-related group,4,54,1,0.08840518662531144,0.2864407619406224,-0.19803557531531096,-1.0570000595387457,,,,,1.0570000595387457
Disgust__Sadness,Sadness,Disgust,Disgust: all,AU12,AU-related group,4,54,1,7.19274931315353e-05,0.12484289171183839,-0.12477096421870686,-0.5465902947334285,,,,,0.5465902947334285
Disgust__Sadness,Sadness,Disgust,Disgust: all,AU14,AU-related group,4,54,1,0.000481902858613618,0.10329093525699384,-0.10280903239838023,-0.9014962801608153,,,,,0.9014962801608153
Disgust__Sadness,Sadness,Disgust,Disgust: all,AU15,AU-related group,4,54,1,0.09054434832668126,0.10734124439080601,-0.016796896064124753,-0.1024102289001985,,,,,0.1024102289001985
Disgust__Sadness,Sadness,Disgust,Disgust: all,AU16,AU-related group,4,54,1,0.00016952814088057523,0.13229795259974272,-0.13212842445886214,-1.1181985577219296,,,,,1.1181985577219296
Disgust__Sadness,Sadness,Disgust,Disgust: all,AU17,AU-related group,4,54,1,0.4752641983332117,0.14188659163465203,0.33337760669855965,1.714799923683125,,,,,1.714799923683125
Disgust__Sadness,Sadness,Disgust,Disgust: all,AU18,AU-related group,4,54,1,0.3802104606210124,0.04395770778589572,0.3362527528351167,3.1268144568622738,,,,,3.1268144568622738
Disgust__Sadness,Sadness,Disgust,Disgust: all,AU20,AU-related group,4,54,1,0.02296990248942694,0.10582350346099456,-0.08285360097156762,-0.7488286934847316,,,,,0.7488286934847316
Disgust__Sadness,Sadness,Disgust,Disgust: all,AU22,AU-related group,4,54,1,0.001746941053349708,0.0022385660013351867,-0.0004916249479854787,-0.01167165712972118,,,,,0.01167165712972118
Disgust__Sadness,Sadness,Disgust,Disgust: all,AU23,AU-related group,4,54,1,3.496593221674398e-34,0.010269989194766573,-0.010269989194766573,-0.17799278761316817,,,,,0.17799278761316817
Disgust__Sadness,Sadness,Disgust,Disgust: all,AU24,AU-related group,4,54,1,0.28087197635689437,0.018667302978732352,0.262204673378162,5.897170545511935,,,,,5.897170545511935
Disgust__Sadness,Sadness,Disgust,Disgust: all,AU26,AU-related group,4,54,1,0.013049879562210315,0.10876266707982257,-0.09571278751761225,-0.5360555007723475,,,,,0.5360555007723475
Disgust__Sadness,Sadness,Disgust,Disgust: all,AU28,AU-related group,4,54,1,0.07095895329076432,0.09197309020786604,-0.021014136917101717,-0.2596520175425867,,,,,0.2596520175425867
Disgust__Sadness,Sadness,Disgust,Disgust: all,AU43,AU-related group,4,54,1,0.7295511870839921,0.08112281905180335,0.6484283680321887,6.20525173902084,,,,,6.20525173902084
Fear__Neutral,Fear,Neutral,Fear: correct,BrowLowererL,FEA,6,33,3,0.046708169123538035,0.04345572338823085,0.003252445735307183,0.02225248389553397,1.0,-0.03848840884553892,0.0,1.0,0.02225248389553397
Fear__Neutral,Fear,Neutral,Fear: correct,BrowLowererR,FEA,6,33,3,0.03646264030610505,0.046749502496631665,-0.010286862190526616,-0.07285571430583129,1.0,-0.030229086941431477,0.0,1.0,0.07285571430583129
Fear__Neutral,Fear,Neutral,Fear: correct,CheekPuffL,FEA,6,33,3,1.599453857650217e-05,9.817972402605541e-05,-8.218518544955324e-05,-0.008650715472252732,1.0,-5.457461869120078e-08,0.0,1.0,0.008650715472252732
Fear__Neutral,Fear,Neutral,Fear: correct,CheekPuffR,FEA,6,33,3,3.829427021190602e-05,0.0001096511584566191,-7.135688824471306e-05,-0.006704714818551938,1.0,-1.4472242447917342e-09,0.0,1.0,0.006704714818551938
Fear__Neutral,Fear,Neutral,Fear: correct,CheekRaiserL,FEA,6,33,3,0.05282429438844292,0.06352058604045843,-0.010696291652015515,-0.050120586242444545,1.0,-0.08545958696243666,0.0,1.0,0.050120586242444545
Fear__Neutral,Fear,Neutral,Fear: correct,CheekRaiserR,FEA,6,33,3,0.05715094116102485,0.05251000625174728,0.004640934909277569,0.022407933392328605,1.0,-0.06617332129842707,0.0,1.0,0.022407933392328605
Fear__Neutral,Fear,Neutral,Fear: correct,CheekSuckL,FEA,6,33,3,1.167748720270681e-45,4.787492417071824e-10,-4.787492417071824e-10,-5.147673801841371e-08,1.0,0.0,0.0,0.0,5.147673801841371e-08
Fear__Neutral,Fear,Neutral,Fear: correct,CheekSuckR,FEA,6,33,3,1.167748720270681e-45,1.443494598919296e-09,-1.443494598919296e-09,-1.847192464732645e-07,1.0,0.0,0.0,0.0,1.847192464732645e-07
Fear__Neutral,Fear,Neutral,Fear: correct,ChinRaiserB,FEA,6,33,3,0.00011423817699887846,0.00876074528389746,-0.008646507106898581,-0.04202963074480654,1.0,-0.0003070789744137444,0.0,1.0,0.04202963074480654
Fear__Neutral,Fear,Neutral,Fear: correct,ChinRaiserT,FEA,6,33,3,0.008150860866538509,0.04386433633227038,-0.03571347546573187,-0.1887269478361885,1.0,-0.005083853160235301,0.0,1.0,0.1887269478361885
Fear__Neutral,Fear,Neutral,Fear: correct,DimplerL,FEA,6,33,3,0.025584649356466916,0.07451366063939736,-0.04892901128293045,-0.4278309148412396,1.0,-0.05740773991730269,0.0,1.0,0.4278309148412396
Fear__Neutral,Fear,Neutral,Fear: correct,DimplerR,FEA,6,33,3,0.0270291226312455,0.07616677234245266,-0.049137649711207154,-0.4316831736623097,1.0,-0.05674679184320233,0.0,1.0,0.4316831736623097
Fear__Neutral,Fear,Neutral,Fear: correct,EyesClosedL,FEA,6,33,3,0.011185313113085129,0.003235995608610324,0.007949317504474805,0.07335444798116103,1.0,4.4445718791197556e-07,1.0,0.0,0.07335444798116103
Fear__Neutral,Fear,Neutral,Fear: correct,EyesClosedR,FEA,6,33,3,0.02517999479922535,0.0030134361372180967,0.022166558662007254,0.21006452680575005,1.0,-0.001095773659022165,0.0,1.0,0.21006452680575005
Fear__Neutral,Fear,Neutral,Fear: correct,EyesLookDownL,FEA,6,33,3,0.008112748586228914,0.0062430345150807426,0.0018697140711481713,0.04907731180491579,1.0,-6.843915933759647e-11,0.0,1.0,0.04907731180491579
Fear__Neutral,Fear,Neutral,Fear: correct,EyesLookDownR,FEA,6,33,3,0.022287316445218874,0.005960628187650132,0.016326688257568743,0.3620471167077907,1.0,-0.0005770902104750827,0.0,1.0,0.3620471167077907
Fear__Neutral,Fear,Neutral,Fear: correct,EyesLookLeftL,FEA,6,33,3,0.05292891539607403,0.03262345663270668,0.020305458763367347,0.2501547171834597,1.0,-0.010258943364412198,0.0,1.0,0.2501547171834597
Fear__Neutral,Fear,Neutral,Fear: correct,EyesLookLeftR,FEA,6,33,3,0.09347434599314712,0.07058599235818043,0.02288835363496669,0.2140455572431042,1.0,-0.051134687598742935,0.0,1.0,0.2140455572431042
Fear__Neutral,Fear,Neutral,Fear: correct,EyesLookRightL,FEA,6,33,3,0.09404524397856827,0.09732394151332564,-0.0032786975347573744,-0.03556124495984752,1.0,0.10767067955182737,1.0,0.0,0.03556124495984752
Fear__Neutral,Fear,Neutral,Fear: correct,EyesLookRightR,FEA,6,33,3,0.048190929734199806,0.04895663058157124,-0.0007657008473714311,-0.011532482311730069,1.0,0.06665645048293903,1.0,0.0,0.011532482311730069
Fear__Neutral,Fear,Neutral,Fear: correct,EyesLookUpL,FEA,6,33,3,0.05201408250205631,0.051928626458546255,8.545604351005431e-05,0.0008238561695674947,1.0,0.10622534611805654,1.0,0.0,0.0008238561695674947
Fear__Neutral,Fear,Neutral,Fear: correct,EyesLookUpR,FEA,6,33,3,0.05215122357993903,0.051925939664649146,0.00022528391528988528,0.0021686750422117637,1.0,0.10747899886919185,1.0,0.0,0.0021686750422117637
Fear__Neutral,Fear,Neutral,Fear: correct,InnerBrowRaiserL,FEA,6,33,3,0.008063940316142425,0.24244784837996844,-0.234383908063826,-1.526311609028863,1.0,-0.13548217351239042,0.0,1.0,1.526311609028863
Fear__Neutral,Fear,Neutral,Fear: correct,InnerBrowRaiserR,FEA,6,33,3,0.010970663364309984,0.2540996504143313,-0.2431289870500213,-1.546977235487409,1.0,-0.13252175229459276,0.0,1.0,1.546977235487409
Fear__Neutral,Fear,Neutral,Fear: correct,JawDrop,FEA,6,33,3,0.04073493142146383,0.2488203237230044,-0.20808539230154055,-1.1654170990797557,1.0,-0.005183874904051505,0.0,1.0,1.1654170990797557
Fear__Neutral,Fear,Neutral,Fear: correct,JawSidewaysLeft,FEA,6,33,3,0.0006107087626344961,0.0008595912879629647,-0.0002488825253284686,-0.01168102385936902,1.0,-5.516178286363056e-07,0.0,1.0,0.01168102385936902
Fear__Neutral,Fear,Neutral,Fear: correct,JawSidewaysRight,FEA,6,33,3,0.0008185029071950223,0.005941570585164876,-0.005123067677969854,-0.1886071705101022,1.0,-0.0005834651632131267,0.0,1.0,0.1886071705101022
Fear__Neutral,Fear,Neutral,Fear: correct,JawThrust,FEA,6,33,3,0.007448756294058531,0.03429902658905681,-0.026850270294998275,-0.39533800540920405,1.0,-0.002656263560591474,0.0,1.0,0.39533800540920405
Fear__Neutral,Fear,Neutral,Fear: correct,LidTightenerL,FEA,6,33,3,0.04762488081791175,0.058707629018927086,-0.01108274820101534,-0.061577366081848266,1.0,-0.11601914181716495,0.0,1.0,0.061577366081848266
Fear__Neutral,Fear,Neutral,Fear: correct,LidTightenerR,FEA,6,33,3,0.09527846836086874,0.08617964988588568,0.009098818474983061,0.04839159069202819,1.0,-0.1639855641068632,0.0,1.0,0.04839159069202819
Fear__Neutral,Fear,Neutral,Fear: correct,LipCornerDepressorL,FEA,6,33,3,0.007567152589682398,0.038211939080122055,-0.030644786490439658,-0.1839610578639052,1.0,-0.010157004011295084,0.0,1.0,0.1839610578639052
Fear__Neutral,Fear,Neutral,Fear: correct,LipCornerDepressorR,FEA,6,33,3,0.0021427161010536756,0.03474891568108556,-0.032606199580031886,-0.20178271903225395,1.0,-0.004119492573134657,0.0,1.0,0.20178271903225395
Fear__Neutral,Fear,Neutral,Fear: correct,LipCornerPullerL,FEA,6,33,3,0.013253313530930627,0.036914159466179056,-0.023660845935248427,-0.10482181731517229,1.0,-0.05154301774446811,0.0,1.0,0.10482181731517229
Fear__Neutral,Fear,Neutral,Fear: correct,LipCornerPullerR,FEA,6,33,3,0.015004584469561428,0.036303894729555856,-0.02129931025999443,-0.09225291912294277,1.0,-0.05289934337848565,0.0,1.0,0.09225291912294277
Fear__Neutral,Fear,Neutral,Fear: correct,LipFunnelerLB,FEA,6,33,3,2.53692897153138e-05,2.2869219483540714e-08,2.5346420495830258e-05,0.0005056525716245332,1.0,-1.8161215414109365e-14,0.0,1.0,0.0005056525716245332
Fear__Neutral,Fear,Neutral,Fear: correct,LipFunnelerLT,FEA,6,33,3,1.7581476385695076e-05,0.0003142231504734636,-0.0002966416740877685,-0.007333050650517961,1.0,-2.133113185094577e-07,0.0,1.0,0.007333050650517961
Fear__Neutral,Fear,Neutral,Fear: correct,LipFunnelerRB,FEA,6,33,3,2.4497643726124278e-05,4.942101494691287e-08,2.4448222711177364e-05,0.0004922179061390238,1.0,-1.752319279940751e-14,0.0,1.0,0.0004922179061390238
Fear__Neutral,Fear,Neutral,Fear: correct,LipFunnelerRT,FEA,6,33,3,0.0003420570444165766,0.0003659942294027165,-2.393718498613993e-05,-0.0005904562657769789,1.0,-5.3258800982148476e-08,0.0,1.0,0.0005904562657769789
Fear__Neutral,Fear,Neutral,Fear: correct,LipPressorL,FEA,6,33,3,1.3511405335385365e-05,0.00012491519230769605,-0.00011140378697231069,-0.0025143834563968403,1.0,-1.1302202344882818e-09,0.0,1.0,0.0025143834563968403
Fear__Neutral,Fear,Neutral,Fear: correct,LipPressorR,FEA,6,33,3,7.760188913947225e-15,8.971170702381159e-05,-8.97117070160514e-05,-0.0020099363827575114,1.0,-2.426297994024963e-10,0.0,1.0,0.0020099363827575114
Fear__Neutral,Fear,Neutral,Fear: correct,LipPuckerL,FEA,6,33,3,3.5467657948536634e-05,0.004395021893843386,-0.0043595542358948495,-0.040397675429516736,1.0,-0.0003173341703178119,0.0,1.0,0.040397675429516736
Fear__Neutral,Fear,Neutral,Fear: correct,LipPuckerR,FEA,6,33,3,5.3393290312373454e-05,0.0036815407827129544,-0.0036281474924005808,-0.033840224695522204,1.0,-1.6184827445983616e-07,0.0,1.0,0.033840224695522204
Fear__Neutral,Fear,Neutral,Fear: correct,LipStretcherL,FEA,6,33,3,0.006118410363494028,0.07570919566701599,-0.06959078530352196,-0.645374124747558,1.0,-0.04479390323749632,0.0,1.0,0.645374124747558
Fear__Neutral,Fear,Neutral,Fear: correct,LipStretcherR,FEA,6,33,3,0.007952375480198422,0.08317420189712081,-0.07522182641692239,-0.6624808167939171,1.0,-0.04490934583388168,0.0,1.0,0.6624808167939171
Fear__Neutral,Fear,Neutral,Fear: correct,LipSuckLB,FEA,6,33,3,0.03353151870496745,0.04769871249479792,-0.014167193789830473,-0.12082707180261708,1.0,-0.028107725071738227,0.0,1.0,0.12082707180261708
Fear__Neutral,Fear,Neutral,Fear: correct,LipSuckLT,FEA,6,33,3,0.027130292549622074,0.019092840778349704,0.00803745177127237,0.11102552039152268,1.0,-0.012430029078153467,0.0,1.0,0.11102552039152268
Fear__Neutral,Fear,Neutral,Fear: correct,LipSuckRB,FEA,6,33,3,0.024150842501360483,0.03586009659282282,-0.011709254091462337,-0.1123872028700238,1.0,-0.024858356741882585,0.0,1.0,0.1123872028700238
Fear__Neutral,Fear,Neutral,Fear: correct,LipSuckRT,FEA,6,33,3,0.025129021340675576,0.014187538284342651,0.010941483056332925,0.16225946828522156,1.0,-0.00821328131901222,0.0,1.0,0.16225946828522156
Fear__Neutral,Fear,Neutral,Fear: correct,LipTightenerL,FEA,6,33,3,1.573006465179896e-05,0.001459683769634523,-0.001443953704982724,-0.024500979738785986,1.0,-3.961208017186665e-08,0.0,1.0,0.024500979738785986
Fear__Neutral,Fear,Neutral,Fear: correct,LipTightenerR,FEA,6,33,3,1.115012830396765e-06,0.001390005647482305,-0.0013888906346519081,-0.02451633326628646,1.0,-2.3285740650687103e-09,0.0,1.0,0.02451633326628646
Fear__Neutral,Fear,Neutral,Fear: correct,LipsToward,FEA,6,33,3,0.01804272918185836,0.03881265294398638,-0.02076992376212802,-0.4919745947774285,1.0,-0.004432052817557843,0.0,1.0,0.4919745947774285
Fear__Neutral,Fear,Neutral,Fear: correct,LowerLipDepressorL,FEA,6,33,3,0.033704419988573285,0.051938074111461195,-0.01823365412288791,-0.15235764017614517,1.0,-0.0272881992455484,0.0,1.0,0.15235764017614517
Fear__Neutral,Fear,Neutral,Fear: correct,LowerLipDepressorR,FEA,6,33,3,0.03011138276449288,0.05235391512268718,-0.0222425323581943,-0.19059308361837,1.0,-0.02882144711613796,0.0,1.0,0.19059308361837
Fear__Neutral,Fear,Neutral,Fear: correct,MouthLeft,FEA,6,33,3,0.0005615839010200935,0.0014323435632085445,-0.0008707596621884509,-0.07296823119463755,1.0,-0.0008431526093872874,0.0,1.0,0.07296823119463755
Fear__Neutral,Fear,Neutral,Fear: correct,MouthRight,FEA,6,33,3,1.1014984811748496e-05,0.0009256617942857394,-0.000914646809473991,-0.12581057749701377,1.0,-0.0003668304713856827,0.0,1.0,0.12581057749701377
Fear__Neutral,Fear,Neutral,Fear: correct,NoseWrinklerL,FEA,6,33,3,0.0006657560278061021,0.004686492965945049,-0.004020736938138947,-0.023291870301441118,1.0,-0.003680850823077236,0.0,1.0,0.023291870301441118
Fear__Neutral,Fear,Neutral,Fear: correct,NoseWrinklerR,FEA,6,33,3,0.0007920979513307107,0.003268239147956739,-0.0024761411966260282,-0.014131805368480493,1.0,-0.0007108221612393561,0.0,1.0,0.014131805368480493
Fear__Neutral,Fear,Neutral,Fear: correct,OuterBrowRaiserL,FEA,6,33,3,0.021478827948935384,0.2503124271250901,-0.22883359917615473,-1.4592657429691374,1.0,-0.15972239202338562,0.0,1.0,1.4592657429691374
Fear__Neutral,Fear,Neutral,Fear: correct,OuterBrowRaiserR,FEA,6,33,3,0.019668982485392065,0.260883637971358,-0.24121465548596593,-1.5055632744839667,1.0,-0.13017716807131657,0.0,1.0,1.5055632744839667
Fear__Neutral,Fear,Neutral,Fear: correct,UpperLidRaiserL,FEA,6,33,3,0.10182031557638453,0.29830145803169295,-0.1964811424553084,-1.0978743038207965,1.0,0.0880786248172653,1.0,0.0,1.0978743038207965
Fear__Neutral,Fear,Neutral,Fear: correct,UpperLidRaiserR,FEA,6,33,3,0.06957521014400624,0.39541919596230585,-0.3258439858182996,-1.5143612932010637,1.0,0.019407912535291172,1.0,0.0,1.5143612932010637
Fear__Neutral,Fear,Neutral,Fear: correct,UpperLipRaiserL,FEA,6,33,3,0.029499457317296376,0.09505058301952465,-0.06555112570222828,-0.35743619793390513,1.0,-0.041634837468719633,0.0,1.0,0.35743619793390513
Fear__Neutral,Fear,Neutral,Fear: correct,UpperLipRaiserR,FEA,6,33,3,0.036371454495039736,0.10164539394867593,-0.06527393945363619,-0.3402106131976876,1.0,-0.03915113304609544,0.0,1.0,0.3402106131976876
Fear__Neutral,Fear,Neutral,Fear: correct,AU1,AU-related group,6,33,3,0.009517301840226205,0.24827374939714986,-0.23875644755692366,-1.5401694550819756,1.0,-0.1340019629034916,0.0,1.0,1.5401694550819756
Fear__Neutral,Fear,Neutral,Fear: correct,AU2,AU-related group,6,33,3,0.020573905217163724,0.255598032548224,-0.23502412733106026,-1.4870735573509222,1.0,-0.1449497800473511,0.0,1.0,1.4870735573509222
Fear__Neutral,Fear,Neutral,Fear: correct,AU4,AU-related group,6,33,3,0.04158540471482154,0.045102612942431265,-0.0035172082276097236,-0.02463494589075838,1.0,-0.034358747893485184,0.0,1.0,0.02463494589075838
Fear__Neutral,Fear,Neutral,Fear: correct,AU5,AU-related group,6,33,3,0.08569776286019537,0.3468603269969995,-0.2611625641368041,-1.393670705184722,1.0,0.053743268676278266,1.0,0.0,1.393670705184722
Fear__Neutral,Fear,Neutral,Fear: correct,AU6,AU-related group,6,33,3,0.054987617774733884,0.058015296146102846,-0.0030276783713689623,-0.014423197335238709,1.0,-0.07581645413043187,0.0,1.0,0.014423197335238709
Fear__Neutral,Fear,Neutral,Fear: correct,AU7,AU-related group,6,33,3,0.07145167458939024,0.0724436394524064,-0.0009919648630161565,-0.005647017511790589,1.0,-0.1400023529620141,0.0,1.0,0.005647017511790589
Fear__Neutral,Fear,Neutral,Fear: correct,AU8,AU-related group,6,33,3,0.01804272918185836,0.03881265294398638,-0.02076992376212802,-0.4919745947774285,1.0,-0.004432052817557843,0.0,1.0,0.4919745947774285
Fear__Neutral,Fear,Neutral,Fear: correct,AU9,AU-related group,6,33,3,0.0007289269895684064,0.003977366056950894,-0.0032484390673824877,-0.018685466652438313,1.0,-0.002195836492158296,0.0,1.0,0.018685466652438313
Fear__Neutral,Fear,Neutral,Fear: correct,AU10,AU-related group,6,33,3,0.03293545590616806,0.09834798848410028,-0.06541253257793223,-0.34913449626092974,1.0,-0.04039298525740753,0.0,1.0,0.34913449626092974
Fear__Neutral,Fear,Neutral,Fear: correct,AU12,AU-related group,6,33,3,0.014128949000246027,0.03660902709786745,-0.022480078097621425,-0.09847958288974368,1.0,-0.05222118056147687,0.0,1.0,0.09847958288974368
Fear__Neutral,Fear,Neutral,Fear: correct,AU14,AU-related group,6,33,3,0.026306885993856208,0.07534021649092501,-0.0490333304970688,-0.42995604584349556,1.0,-0.05707726588025251,0.0,1.0,0.42995604584349556
Fear__Neutral,Fear,Neutral,Fear: correct,AU15,AU-related group,6,33,3,0.004854934345368036,0.0364804273806038,-0.03162549303523576,-0.1928197905408003,1.0,-0.00713824829221487,0.0,1.0,0.1928197905408003
Fear__Neutral,Fear,Neutral,Fear: correct,AU16,AU-related group,6,33,3,0.03190790137653308,0.05214599461707419,-0.020238093240541113,-0.171274324698096,1.0,-0.028054823180843187,0.0,1.0,0.171274324698096
Fear__Neutral,Fear,Neutral,Fear: correct,AU17,AU-related group,6,33,3,0.0041325495217686935,0.02631254080808392,-0.022179991286315228,-0.11408758897071432,1.0,-0.0026954660673245224,0.0,1.0,0.11408758897071432
Fear__Neutral,Fear,Neutral,Fear: correct,AU18,AU-related group,6,33,3,4.443047413045504e-05,0.0040382813382781714,-0.003993850864147716,-0.03713882047143428,1.0,-0.00015874800929613586,0.0,1.0,0.03713882047143428
Fear__Neutral,Fear,Neutral,Fear: correct,AU20,AU-related group,6,33,3,0.007035392921846226,0.0794416987820684,-0.07240630586022218,-0.654406311633605,1.0,-0.04485162453568901,0.0,1.0,0.654406311633605
Fear__Neutral,Fear,Neutral,Fear: correct,AU22,AU-related group,6,33,3,0.00010237636356092744,0.00017007241752765265,-6.769605396672521e-05,-0.0016071705355320094,1.0,-6.664253879400359e-08,0.0,1.0,0.0016071705355320094
Fear__Neutral,Fear,Neutral,Fear: correct,AU23,AU-related group,6,33,3,8.422538741097862e-06,0.0014248447085584137,-0.0014164221698173159,-0.024548509804796014,1.0,-2.097032711846768e-08,0.0,1.0,0.024548509804796014
Fear__Neutral,Fear,Neutral,Fear: correct,AU24,AU-related group,6,33,3,6.755702671572778e-06,0.0001073134496657538,-0.00010055774699418102,-0.002261615615225395,1.0,-6.86425016945389e-10,0.0,1.0,0.002261615615225395
Fear__Neutral,Fear,Neutral,Fear: correct,AU26,AU-related group,6,33,3,0.04073493142146383,0.2488203237230044,-0.20808539230154055,-1.1654170990797557,1.0,-0.005183874904051505,0.0,1.0,1.1654170990797557
Fear__Neutral,Fear,Neutral,Fear: correct,AU28,AU-related group,6,33,3,0.027485418774156393,0.029209797037578273,-0.0017243782634218802,-0.021306527927858653,1.0,-0.018402348052696624,0.0,1.0,0.021306527927858653
Fear__Neutral,Fear,Neutral,Fear: correct,AU43,AU-related group,6,33,3,0.018182653956155242,0.0031247158729142102,0.015057938083241032,0.14409964320447677,1.0,-0.0005476646009171265,0.0,1.0,0.14409964320447677
Fear__Neutral,Fear,Neutral,Fear: all,BrowLowererL,FEA,6,54,3,0.046708169123538035,0.06675630180789535,-0.020048132684357317,-0.1371647018891938,,,,,0.1371647018891938
Fear__Neutral,Fear,Neutral,Fear: all,BrowLowererR,FEA,6,54,3,0.03646264030610505,0.06361726683849464,-0.027154626532389592,-0.1923200365751224,,,,,0.1923200365751224
Fear__Neutral,Fear,Neutral,Fear: all,CheekPuffL,FEA,6,54,3,1.599453857650217e-05,0.0001668061940783621,-0.00015081165550185995,-0.01587425658906365,,,,,0.01587425658906365
Fear__Neutral,Fear,Neutral,Fear: all,CheekPuffR,FEA,6,54,3,3.829427021190602e-05,0.00015284663082023713,-0.00011455236060833112,-0.010763374476712669,,,,,0.010763374476712669
Fear__Neutral,Fear,Neutral,Fear: all,CheekRaiserL,FEA,6,54,3,0.05282429438844292,0.09391164360504785,-0.04108734921660493,-0.19252672766231493,,,,,0.19252672766231493
Fear__Neutral,Fear,Neutral,Fear: all,CheekRaiserR,FEA,6,54,3,0.05715094116102485,0.08332194912688201,-0.02617100796585716,-0.126362083238163,,,,,0.126362083238163
Fear__Neutral,Fear,Neutral,Fear: all,CheekSuckL,FEA,6,54,3,1.167748720270681e-45,2.9816738396887935e-10,-2.9816738396887935e-10,-3.205996578808054e-08,,,,,3.205996578808054e-08
Fear__Neutral,Fear,Neutral,Fear: all,CheekSuckR,FEA,6,54,3,1.167748720270681e-45,1.242019499051857e-09,-1.242019499051857e-09,-1.5893714194824454e-07,,,,,1.5893714194824454e-07
Fear__Neutral,Fear,Neutral,Fear: all,ChinRaiserB,FEA,6,54,3,0.00011423817699887846,0.008004723760171032,-0.007890485583172154,-0.038354701078468105,,,,,0.038354701078468105
Fear__Neutral,Fear,Neutral,Fear: all,ChinRaiserT,FEA,6,54,3,0.008150860866538509,0.04993407872335829,-0.04178321785681978,-0.22080234628686893,,,,,0.22080234628686893
Fear__Neutral,Fear,Neutral,Fear: all,DimplerL,FEA,6,54,3,0.025584649356466916,0.09110241199669565,-0.06551776264022874,-0.572881478569731,,,,,0.572881478569731
Fear__Neutral,Fear,Neutral,Fear: all,DimplerR,FEA,6,54,3,0.0270291226312455,0.09266286655063309,-0.06563374391938759,-0.5766043561501164,,,,,0.5766043561501164
Fear__Neutral,Fear,Neutral,Fear: all,EyesClosedL,FEA,6,54,3,0.011185313113085129,0.004800727607115374,0.006384585505969755,0.05891546602778135,,,,,0.05891546602778135
Fear__Neutral,Fear,Neutral,Fear: all,EyesClosedR,FEA,6,54,3,0.02517999479922535,0.009327611738396337,0.015852383060829013,0.1502273490979041,,,,,0.1502273490979041
Fear__Neutral,Fear,Neutral,Fear: all,EyesLookDownL,FEA,6,54,3,0.008112748586228914,0.005430092082023683,0.002682656504205231,0.07041588430765566,,,,,0.07041588430765566
Fear__Neutral,Fear,Neutral,Fear: all,EyesLookDownR,FEA,6,54,3,0.022287316445218874,0.007603359133691111,0.014683957311527763,0.325619275791242,,,,,0.325619275791242
Fear__Neutral,Fear,Neutral,Fear: all,EyesLookLeftL,FEA,6,54,3,0.05292891539607403,0.04182036352846166,0.011108551867612365,0.13685268986749718,,,,,0.13685268986749718
Fear__Neutral,Fear,Neutral,Fear: all,EyesLookLeftR,FEA,6,54,3,0.09347434599314712,0.08152406460840547,0.011950281384741648,0.11175572865586945,,,,,0.11175572865586945
Fear__Neutral,Fear,Neutral,Fear: all,EyesLookRightL,FEA,6,54,3,0.09404524397856827,0.08716889964771435,0.00687634433085392,0.07458186142072738,,,,,0.07458186142072738
Fear__Neutral,Fear,Neutral,Fear: all,EyesLookRightR,FEA,6,54,3,0.048190929734199806,0.04027761780735201,0.007913311926847792,0.1191850970739565,,,,,0.1191850970739565
Fear__Neutral,Fear,Neutral,Fear: all,EyesLookUpL,FEA,6,54,3,0.05201408250205631,0.046388334406677764,0.005625748095378545,0.05423615564725846,,,,,0.05423615564725846
Fear__Neutral,Fear,Neutral,Fear: all,EyesLookUpR,FEA,6,54,3,0.05215122357993903,0.04636362778370694,0.005787595796232094,0.055713762527376455,,,,,0.055713762527376455
Fear__Neutral,Fear,Neutral,Fear: all,InnerBrowRaiserL,FEA,6,54,3,0.008063940316142425,0.19252685401721106,-0.18446291370106863,-1.2012253270414834,,,,,1.2012253270414834
Fear__Neutral,Fear,Neutral,Fear: all,InnerBrowRaiserR,FEA,6,54,3,0.010970663364309984,0.20316566116276855,-0.19219499779845856,-1.2228952622074523,,,,,1.2228952622074523
Fear__Neutral,Fear,Neutral,Fear: all,JawDrop,FEA,6,54,3,0.04073493142146383,0.20471469390560035,-0.1639797624841365,-0.9183961304939466,,,,,0.9183961304939466
Fear__Neutral,Fear,Neutral,Fear: all,JawSidewaysLeft,FEA,6,54,3,0.0006107087626344961,0.0021341643582673225,-0.0015234555956328264,-0.07150168995509118,,,,,0.07150168995509118
Fear__Neutral,Fear,Neutral,Fear: all,JawSidewaysRight,FEA,6,54,3,0.0008185029071950223,0.005021357985150021,-0.0042028550779549985,-0.15472928607322836,,,,,0.15472928607322836
Fear__Neutral,Fear,Neutral,Fear: all,JawThrust,FEA,6,54,3,0.007448756294058531,0.029766742873695476,-0.022317986579636944,-0.3286055671769773,,,,,0.3286055671769773
Fear__Neutral,Fear,Neutral,Fear: all,LidTightenerL,FEA,6,54,3,0.04762488081791175,0.09506143356547765,-0.047436552747565905,-0.263564408503855,,,,,0.263564408503855
Fear__Neutral,Fear,Neutral,Fear: all,LidTightenerR,FEA,6,54,3,0.09527846836086874,0.1300746010557494,-0.034796132694880647,-0.18506141381607227,,,,,0.18506141381607227
Fear__Neutral,Fear,Neutral,Fear: all,LipCornerDepressorL,FEA,6,54,3,0.007567152589682398,0.03281908991693611,-0.025251937327253716,-0.151587713142784,,,,,0.151587713142784
Fear__Neutral,Fear,Neutral,Fear: all,LipCornerDepressorR,FEA,6,54,3,0.0021427161010536756,0.027182726721615747,-0.025040010620562072,-0.15495953201205886,,,,,0.15495953201205886
Fear__Neutral,Fear,Neutral,Fear: all,LipCornerPullerL,FEA,6,54,3,0.013253313530930627,0.05012560611577572,-0.03687229258484509,-0.16335091010259914,,,,,0.16335091010259914
Fear__Neutral,Fear,Neutral,Fear: all,LipCornerPullerR,FEA,6,54,3,0.015004584469561428,0.05079379094671078,-0.03578920647714935,-0.15501247365799076,,,,,0.15501247365799076
Fear__Neutral,Fear,Neutral,Fear: all,LipFunnelerLB,FEA,6,54,3,2.53692897153138e-05,2.832846168916966e-06,2.253644354639683e-05,0.00044959447573204137,,,,,0.00044959447573204137
Fear__Neutral,Fear,Neutral,Fear: all,LipFunnelerLT,FEA,6,54,3,1.7581476385695076e-05,0.00041981976900909787,-0.0004022382926234028,-0.009943423433190842,,,,,0.009943423433190842
Fear__Neutral,Fear,Neutral,Fear: all,LipFunnelerRB,FEA,6,54,3,2.4497643726124278e-05,5.9505893416903475e-06,1.854705438443393e-05,0.00037340924049988065,,,,,0.00037340924049988065
Fear__Neutral,Fear,Neutral,Fear: all,LipFunnelerRT,FEA,6,54,3,0.0003420570444165766,0.0006229301079729737,-0.00028087306355639713,-0.0069282691494792145,,,,,0.0069282691494792145
Fear__Neutral,Fear,Neutral,Fear: all,LipPressorL,FEA,6,54,3,1.3511405335385365e-05,9.522745256642185e-05,-8.17160472310365e-05,-0.0018443311745850188,,,,,0.0018443311745850188
Fear__Neutral,Fear,Neutral,Fear: all,LipPressorR,FEA,6,54,3,7.760188913947225e-15,5.488069975873377e-05,-5.488069975097358e-05,-0.0012295687910713435,,,,,0.0012295687910713435
Fear__Neutral,Fear,Neutral,Fear: all,LipPuckerL,FEA,6,54,3,3.5467657948536634e-05,0.003269350054805418,-0.003233882396856881,-0.029966671906453815,,,,,0.029966671906453815
Fear__Neutral,Fear,Neutral,Fear: all,LipPuckerR,FEA,6,54,3,5.3393290312373454e-05,0.0026853359461595843,-0.0026319426558472107,-0.02454848680935748,,,,,0.02454848680935748
Fear__Neutral,Fear,Neutral,Fear: all,LipStretcherL,FEA,6,54,3,0.006118410363494028,0.07107840856589692,-0.06495999820240289,-0.6024289250455832,,,,,0.6024289250455832
Fear__Neutral,Fear,Neutral,Fear: all,LipStretcherR,FEA,6,54,3,0.007952375480198422,0.0774836073577629,-0.06953123187756448,-0.6123635848939385,,,,,0.6123635848939385
Fear__Neutral,Fear,Neutral,Fear: all,LipSuckLB,FEA,6,54,3,0.03353151870496745,0.05930284109455375,-0.0257713223895863,-0.21979465143267432,,,,,0.21979465143267432
Fear__Neutral,Fear,Neutral,Fear: all,LipSuckLT,FEA,6,54,3,0.027130292549622074,0.027449423761796845,-0.0003191312121747711,-0.0044083261602293105,,,,,0.0044083261602293105
Fear__Neutral,Fear,Neutral,Fear: all,LipSuckRB,FEA,6,54,3,0.024150842501360483,0.04590828259281145,-0.021757440091450964,-0.20883122139037186,,,,,0.20883122139037186
Fear__Neutral,Fear,Neutral,Fear: all,LipSuckRT,FEA,6,54,3,0.025129021340675576,0.022890749095721082,0.0022382722449544937,0.03319301985608582,,,,,0.03319301985608582
Fear__Neutral,Fear,Neutral,Fear: all,LipTightenerL,FEA,6,54,3,1.573006465179896e-05,0.001482832862651591,-0.001467102797999792,-0.024893773120613444,,,,,0.024893773120613444
Fear__Neutral,Fear,Neutral,Fear: all,LipTightenerR,FEA,6,54,3,1.115012830396765e-06,0.0017648221696622943,-0.0017637071568318975,-0.031132496225566623,,,,,0.031132496225566623
Fear__Neutral,Fear,Neutral,Fear: all,LipsToward,FEA,6,54,3,0.01804272918185836,0.03406544003709882,-0.01602271085524046,-0.37952795448466237,,,,,0.37952795448466237
Fear__Neutral,Fear,Neutral,Fear: all,LowerLipDepressorL,FEA,6,54,3,0.033704419988573285,0.05232198051772032,-0.018617560529147037,-0.15556550370760944,,,,,0.15556550370760944
Fear__Neutral,Fear,Neutral,Fear: all,LowerLipDepressorR,FEA,6,54,3,0.03011138276449288,0.051843893470766074,-0.021732510706273193,-0.1862227809124388,,,,,0.1862227809124388
Fear__Neutral,Fear,Neutral,Fear: all,MouthLeft,FEA,6,54,3,0.0005615839010200935,0.004999696337063135,-0.004438112436043041,-0.37190654133780776,,,,,0.37190654133780776
Fear__Neutral,Fear,Neutral,Fear: all,MouthRight,FEA,6,54,3,1.1014984811748496e-05,0.0006011796825310361,-0.0005901646977192876,-0.08117774059815981,,,,,0.08117774059815981
Fear__Neutral,Fear,Neutral,Fear: all,NoseWrinklerL,FEA,6,54,3,0.0006657560278061021,0.01409529606911539,-0.013429540041309288,-0.07779646111216852,,,,,0.07779646111216852
Fear__Neutral,Fear,Neutral,Fear: all,NoseWrinklerR,FEA,6,54,3,0.0007920979513307107,0.012665004856558337,-0.011872906905227626,-0.06776092161924704,,,,,0.06776092161924704
Fear__Neutral,Fear,Neutral,Fear: all,OuterBrowRaiserL,FEA,6,54,3,0.021478827948935384,0.19099858513603002,-0.16951975718709464,-1.08102295864842,,,,,1.08102295864842
Fear__Neutral,Fear,Neutral,Fear: all,OuterBrowRaiserR,FEA,6,54,3,0.019668982485392065,0.20069617813279594,-0.18102719564740388,-1.129897753933994,,,,,1.129897753933994
Fear__Neutral,Fear,Neutral,Fear: all,UpperLidRaiserL,FEA,6,54,3,0.10182031557638453,0.2216262090418408,-0.11980589346545627,-0.6694373324500317,,,,,0.6694373324500317
Fear__Neutral,Fear,Neutral,Fear: all,UpperLidRaiserR,FEA,6,54,3,0.06957521014400624,0.2799247355985454,-0.21034952545453917,-0.9776003033832159,,,,,0.9776003033832159
Fear__Neutral,Fear,Neutral,Fear: all,UpperLipRaiserL,FEA,6,54,3,0.029499457317296376,0.12005821189822165,-0.09055875458092527,-0.4937974227029212,,,,,0.4937974227029212
Fear__Neutral,Fear,Neutral,Fear: all,UpperLipRaiserR,FEA,6,54,3,0.036371454495039736,0.13358314127658028,-0.09721168678154055,-0.5066715422227683,,,,,0.5066715422227683
Fear__Neutral,Fear,Neutral,Fear: all,AU1,AU-related group,6,54,3,0.009517301840226205,0.19784625758998978,-0.18832895574976358,-1.2148719254340385,,,,,1.2148719254340385
Fear__Neutral,Fear,Neutral,Fear: all,AU2,AU-related group,6,54,3,0.020573905217163724,0.19584738163441298,-0.17527347641724925,-1.1090118918638172,,,,,1.1090118918638172
Fear__Neutral,Fear,Neutral,Fear: all,AU4,AU-related group,6,54,3,0.04158540471482154,0.06518678432319498,-0.02360137960837344,-0.1653068774931921,,,,,0.1653068774931921
Fear__Neutral,Fear,Neutral,Fear: all,AU5,AU-related group,6,54,3,0.08569776286019537,0.25077547232019315,-0.16507770945999778,-0.8809224572970571,,,,,0.8809224572970571
Fear__Neutral,Fear,Neutral,Fear: all,AU6,AU-related group,6,54,3,0.054987617774733884,0.08861679636596492,-0.03362917859123104,-0.16020204907828423,,,,,0.16020204907828423
Fear__Neutral,Fear,Neutral,Fear: all,AU7,AU-related group,6,54,3,0.07145167458939024,0.11256801731061351,-0.041116342721223276,-0.23406545536457138,,,,,0.23406545536457138
Fear__Neutral,Fear,Neutral,Fear: all,AU8,AU-related group,6,54,3,0.01804272918185836,0.03406544003709882,-0.01602271085524046,-0.37952795448466237,,,,,0.37952795448466237
Fear__Neutral,Fear,Neutral,Fear: all,AU9,AU-related group,6,54,3,0.0007289269895684064,0.013380150462836863,-0.012651223473268457,-0.0727715710280455,,,,,0.0727715710280455
Fear__Neutral,Fear,Neutral,Fear: all,AU10,AU-related group,6,54,3,0.03293545590616806,0.12682067658740093,-0.09388522068123287,-0.5011053377246356,,,,,0.5011053377246356
Fear__Neutral,Fear,Neutral,Fear: all,AU12,AU-related group,6,54,3,0.014128949000246027,0.05045969853124325,-0.03633074953099722,-0.15915589991935666,,,,,0.15915589991935666
Fear__Neutral,Fear,Neutral,Fear: all,AU14,AU-related group,6,54,3,0.026306885993856208,0.09188263927366437,-0.06557575327980816,-0.5750107385644633,,,,,0.5750107385644633
Fear__Neutral,Fear,Neutral,Fear: all,AU15,AU-related group,6,54,3,0.004854934345368036,0.030000908319275932,-0.025145973973907894,-0.1533143350268465,,,,,0.1533143350268465
Fear__Neutral,Fear,Neutral,Fear: all,AU16,AU-related group,6,54,3,0.03190790137653308,0.05208293699424319,-0.020175035617710113,-0.17074067008750196,,,,,0.17074067008750196
Fear__Neutral,Fear,Neutral,Fear: all,AU17,AU-related group,6,54,3,0.0041325495217686935,0.028969401241764652,-0.02483685171999596,-0.12775372603981855,,,,,0.12775372603981855
Fear__Neutral,Fear,Neutral,Fear: all,AU18,AU-related group,6,54,3,4.443047413045504e-05,0.002977343000482502,-0.0029329125263520468,-0.027273154526728658,,,,,0.027273154526728658
Fear__Neutral,Fear,Neutral,Fear: all,AU20,AU-related group,6,54,3,0.007035392921846226,0.0742810079618299,-0.06724561503998368,-0.6077641220476148,,,,,0.6077641220476148
Fear__Neutral,Fear,Neutral,Fear: all,AU22,AU-related group,6,54,3,0.00010237636356092744,0.0002628833281231697,-0.00016050696456224224,-0.003810592332588732,,,,,0.003810592332588732
Fear__Neutral,Fear,Neutral,Fear: all,AU23,AU-related group,6,54,3,8.422538741097862e-06,0.0016238275161569425,-0.0016154049774158446,-0.02799715068843054,,,,,0.02799715068843054
Fear__Neutral,Fear,Neutral,Fear: all,AU24,AU-related group,6,54,3,6.755702671572778e-06,7.505407616257781e-05,-6.829837349100503e-05,-0.0015360792440058503,,,,,0.0015360792440058503
Fear__Neutral,Fear,Neutral,Fear: all,AU26,AU-related group,6,54,3,0.04073493142146383,0.20471469390560035,-0.1639797624841365,-0.9183961304939466,,,,,0.9183961304939466
Fear__Neutral,Fear,Neutral,Fear: all,AU28,AU-related group,6,54,3,0.027485418774156393,0.03888782413622078,-0.011402405362064386,-0.14088884872016733,,,,,0.14088884872016733
Fear__Neutral,Fear,Neutral,Fear: all,AU43,AU-related group,6,54,3,0.018182653956155242,0.007064169672755855,0.011118484283399387,0.10640033245956788,,,,,0.10640033245956788
Fear__Neutral,Fear,Neutral,Neutral: correct,BrowLowererL,FEA,6,51,3,0.046708169123538035,0.03678443468049367,0.009923734443044362,0.0678959032214396,,,,,0.0678959032214396
Fear__Neutral,Fear,Neutral,Neutral: correct,BrowLowererR,FEA,6,51,3,0.03646264030610505,0.03211573618336465,0.0043469041227404,0.030786531307172307,,,,,0.030786531307172307
Fear__Neutral,Fear,Neutral,Neutral: correct,CheekPuffL,FEA,6,51,3,1.599453857650217e-05,6.327296151236722e-05,-4.7278422935865044e-05,-0.0049764709120969615,,,,,0.0049764709120969615
Fear__Neutral,Fear,Neutral,Neutral: correct,CheekPuffR,FEA,6,51,3,3.829427021190602e-05,0.00014416507992662923,-0.00010587080971472321,-0.009947653326923062,,,,,0.009947653326923062
Fear__Neutral,Fear,Neutral,Neutral: correct,CheekRaiserL,FEA,6,51,3,0.05282429438844292,0.07218360041436268,-0.019359306025919766,-0.09071366028834425,,,,,0.09071366028834425
Fear__Neutral,Fear,Neutral,Neutral: correct,CheekRaiserR,FEA,6,51,3,0.05715094116102485,0.0579492942846146,-0.0007983531235897512,-0.0038547068568435044,,,,,0.0038547068568435044
Fear__Neutral,Fear,Neutral,Neutral: correct,CheekSuckL,FEA,6,51,3,1.167748720270681e-45,3.617060174137656e-17,-3.617060174137656e-17,-3.889185459949076e-15,,,,,3.889185459949076e-15
Fear__Neutral,Fear,Neutral,Neutral: correct,CheekSuckR,FEA,6,51,3,1.167748720270681e-45,1.4432004452063663e-16,-1.4432004452063663e-16,-1.8468160459206844e-14,,,,,1.8468160459206844e-14
Fear__Neutral,Fear,Neutral,Neutral: correct,ChinRaiserB,FEA,6,51,3,0.00011423817699887846,0.0036660449147034287,-0.0035518067377045505,-0.017264905217453053,,,,,0.017264905217453053
Fear__Neutral,Fear,Neutral,Neutral: correct,ChinRaiserT,FEA,6,51,3,0.008150860866538509,0.008148131090742436,2.7297757960731417e-06,1.442543038871471e-05,,,,,1.442543038871471e-05
Fear__Neutral,Fear,Neutral,Neutral: correct,DimplerL,FEA,6,51,3,0.025584649356466916,0.021052156432660507,0.004532492923806409,0.03963171425824491,,,,,0.03963171425824491
Fear__Neutral,Fear,Neutral,Neutral: correct,DimplerR,FEA,6,51,3,0.0270291226312455,0.0195628276441534,0.007466294987092101,0.0655927569688341,,,,,0.0655927569688341
Fear__Neutral,Fear,Neutral,Neutral: correct,EyesClosedL,FEA,6,51,3,0.011185313113085129,0.017220477977501602,-0.006035164864416473,-0.05569109383986262,,,,,0.05569109383986262
Fear__Neutral,Fear,Neutral,Neutral: correct,EyesClosedR,FEA,6,51,3,0.02517999479922535,0.02790769704713976,-0.0027277022479144097,-0.025849455962562787,,,,,0.025849455962562787
Fear__Neutral,Fear,Neutral,Neutral: correct,EyesLookDownL,FEA,6,51,3,0.008112748586228914,0.009690827624646688,-0.0015780790384177738,-0.04142231061761805,,,,,0.04142231061761805
Fear__Neutral,Fear,Neutral,Neutral: correct,EyesLookDownR,FEA,6,51,3,0.022287316445218874,0.01706188196218998,0.005225434483028892,0.11587490728556343,,,,,0.11587490728556343
Fear__Neutral,Fear,Neutral,Neutral: correct,EyesLookLeftL,FEA,6,51,3,0.05292891539607403,0.07399581251086827,-0.021066897114794245,-0.25953531762561627,,,,,0.25953531762561627
Fear__Neutral,Fear,Neutral,Neutral: correct,EyesLookLeftR,FEA,6,51,3,0.09347434599314712,0.11904371092505896,-0.025569364931911837,-0.2391176339062764,,,,,0.2391176339062764
Fear__Neutral,Fear,Neutral,Neutral: correct,EyesLookRightL,FEA,6,51,3,0.09404524397856827,0.08040907887115713,0.013636165107411141,0.1478998909039218,,,,,0.1478998909039218
Fear__Neutral,Fear,Neutral,Neutral: correct,EyesLookRightR,FEA,6,51,3,0.048190929734199806,0.039320649353907514,0.008870280380292292,0.13359832620922327,,,,,0.13359832620922327
Fear__Neutral,Fear,Neutral,Neutral: correct,EyesLookUpL,FEA,6,51,3,0.05201408250205631,0.08224956522596043,-0.030235482723904118,-0.2914912504580096,,,,,0.2914912504580096
Fear__Neutral,Fear,Neutral,Neutral: correct,EyesLookUpR,FEA,6,51,3,0.05215122357993903,0.0822765498592524,-0.030125326279313365,-0.28999870299824426,,,,,0.28999870299824426
Fear__Neutral,Fear,Neutral,Neutral: correct,InnerBrowRaiserL,FEA,6,51,3,0.008063940316142425,0.02616642199652981,-0.018102481680387382,-0.11788363872439375,,,,,0.11788363872439375
Fear__Neutral,Fear,Neutral,Neutral: correct,InnerBrowRaiserR,FEA,6,51,3,0.010970663364309984,0.028823857784461965,-0.017853194420151982,-0.1135960203010418,,,,,0.1135960203010418
Fear__Neutral,Fear,Neutral,Neutral: correct,JawDrop,FEA,6,51,3,0.04073493142146383,0.026461910065886773,0.014273021355577058,0.07993844718910077,,,,,0.07993844718910077
Fear__Neutral,Fear,Neutral,Neutral: correct,JawSidewaysLeft,FEA,6,51,3,0.0006107087626344961,0.00028547818589784744,0.00032523057673664865,0.015264334535513433,,,,,0.015264334535513433
Fear__Neutral,Fear,Neutral,Neutral: correct,JawSidewaysRight,FEA,6,51,3,0.0008185029071950223,0.0005423945441904528,0.0002761083630045695,0.01016500666669008,,,,,0.01016500666669008
Fear__Neutral,Fear,Neutral,Neutral: correct,JawThrust,FEA,6,51,3,0.007448756294058531,0.0006000241196218353,0.006848732174436696,0.10083936167778598,,,,,0.10083936167778598
Fear__Neutral,Fear,Neutral,Neutral: correct,LidTightenerL,FEA,6,51,3,0.04762488081791175,0.06032106000502735,-0.012696179187115603,-0.07054182405534905,,,,,0.07054182405534905
Fear__Neutral,Fear,Neutral,Neutral: correct,LidTightenerR,FEA,6,51,3,0.09527846836086874,0.08494988249864197,0.010328585862226777,0.05493204429196811,,,,,0.05493204429196811
Fear__Neutral,Fear,Neutral,Neutral: correct,LipCornerDepressorL,FEA,6,51,3,0.007567152589682398,0.00954496242830289,-0.001977809838620492,-0.011872818571595322,,,,,0.011872818571595322
Fear__Neutral,Fear,Neutral,Neutral: correct,LipCornerDepressorR,FEA,6,51,3,0.0021427161010536756,0.006704691384664708,-0.004561975283611032,-0.02823167951927477,,,,,0.02823167951927477
Fear__Neutral,Fear,Neutral,Neutral: correct,LipCornerPullerL,FEA,6,51,3,0.013253313530930627,0.02207935717290182,-0.008826043641971192,-0.03910096607645776,,,,,0.03910096607645776
Fear__Neutral,Fear,Neutral,Neutral: correct,LipCornerPullerR,FEA,6,51,3,0.015004584469561428,0.02263621370435085,-0.007631629234789423,-0.033054595007035614,,,,,0.033054595007035614
Fear__Neutral,Fear,Neutral,Neutral: correct,LipFunnelerLB,FEA,6,51,3,2.53692897153138e-05,2.1825679668674032e-05,3.543610046639767e-06,7.069382965585635e-05,,,,,7.069382965585635e-05
Fear__Neutral,Fear,Neutral,Neutral: correct,LipFunnelerLT,FEA,6,51,3,1.7581476385695076e-05,0.00032336415115174995,-0.0003057826747660549,-0.007559018297095024,,,,,0.007559018297095024
Fear__Neutral,Fear,Neutral,Neutral: correct,LipFunnelerRB,FEA,6,51,3,2.4497643726124278e-05,4.56561878516533e-05,-2.115854412552902e-05,-0.00042598655981878925,,,,,0.00042598655981878925
Fear__Neutral,Fear,Neutral,Neutral: correct,LipFunnelerRT,FEA,6,51,3,0.0003420570444165766,0.0007118335922781046,-0.00036977654786152805,-0.009121242942670211,,,,,0.009121242942670211
Fear__Neutral,Fear,Neutral,Neutral: correct,LipPressorL,FEA,6,51,3,1.3511405335385365e-05,2.509907734284223e-05,-1.1587672007456864e-05,-0.0002615337555889729,,,,,0.0002615337555889729
Fear__Neutral,Fear,Neutral,Neutral: correct,LipPressorR,FEA,6,51,3,7.760188913947225e-15,1.8587062160146683e-05,-1.8587062152386492e-05,-0.00041643185389363325,,,,,0.00041643185389363325
Fear__Neutral,Fear,Neutral,Neutral: correct,LipPuckerL,FEA,6,51,3,3.5467657948536634e-05,0.000996733770718566,-0.0009612661127700294,-0.008907542910085157,,,,,0.008907542910085157
Fear__Neutral,Fear,Neutral,Neutral: correct,LipPuckerR,FEA,6,51,3,5.3393290312373454e-05,0.0012040719424197797,-0.0011506786521074063,-0.010732536155494311,,,,,0.010732536155494311
Fear__Neutral,Fear,Neutral,Neutral: correct,LipStretcherL,FEA,6,51,3,0.006118410363494028,0.0053490539929888494,0.0007693563705051783,0.007134891380635253,,,,,0.007134891380635253
Fear__Neutral,Fear,Neutral,Neutral: correct,LipStretcherR,FEA,6,51,3,0.007952375480198422,0.005608626375382504,0.002343749104815918,0.020641466649753647,,,,,0.020641466649753647
Fear__Neutral,Fear,Neutral,Neutral: correct,LipSuckLB,FEA,6,51,3,0.03353151870496745,0.05683788304859746,-0.02330636434363001,-0.19877188099362017,,,,,0.19877188099362017
Fear__Neutral,Fear,Neutral,Neutral: correct,LipSuckLT,FEA,6,51,3,0.027130292549622074,0.015903217366154222,0.011227075183467852,0.15508545496652382,,,,,0.15508545496652382
Fear__Neutral,Fear,Neutral,Neutral: correct,LipSuckRB,FEA,6,51,3,0.024150842501360483,0.04609924065906965,-0.02194839815770917,-0.21066406597334802,,,,,0.21066406597334802
Fear__Neutral,Fear,Neutral,Neutral: correct,LipSuckRT,FEA,6,51,3,0.025129021340675576,0.012178996370447732,0.012950024970227843,0.19204564455577175,,,,,0.19204564455577175
Fear__Neutral,Fear,Neutral,Neutral: correct,LipTightenerL,FEA,6,51,3,1.573006465179896e-05,0.0006741358081783555,-0.0006584057435265565,-0.011171816469169617,,,,,0.011171816469169617
Fear__Neutral,Fear,Neutral,Neutral: correct,LipTightenerR,FEA,6,51,3,1.115012830396765e-06,0.0005839125274463002,-0.0005827975146159034,-0.010287388897735564,,,,,0.010287388897735564
Fear__Neutral,Fear,Neutral,Neutral: correct,LipsToward,FEA,6,51,3,0.01804272918185836,0.017542466621613243,0.0005002625602451155,0.01184965689704069,,,,,0.01184965689704069
Fear__Neutral,Fear,Neutral,Neutral: correct,LowerLipDepressorL,FEA,6,51,3,0.033704419988573285,0.00440798784713312,0.029296432141440166,0.2447965304468244,,,,,0.2447965304468244
Fear__Neutral,Fear,Neutral,Neutral: correct,LowerLipDepressorR,FEA,6,51,3,0.03011138276449288,0.003992704038953218,0.026118678725539662,0.22380722833945563,,,,,0.22380722833945563
Fear__Neutral,Fear,Neutral,Neutral: correct,MouthLeft,FEA,6,51,3,0.0005615839010200935,0.0018138072467764517,-0.0012522233457563582,-0.1049342620796524,,,,,0.1049342620796524
Fear__Neutral,Fear,Neutral,Neutral: correct,MouthRight,FEA,6,51,3,1.1014984811748496e-05,0.0003128988514374678,-0.00030188386662571934,-0.041524425826243744,,,,,0.041524425826243744
Fear__Neutral,Fear,Neutral,Neutral: correct,NoseWrinklerL,FEA,6,51,3,0.0006657560278061021,0.0018905956750934526,-0.0012248396472873506,-0.007095417244054967,,,,,0.007095417244054967
Fear__Neutral,Fear,Neutral,Neutral: correct,NoseWrinklerR,FEA,6,51,3,0.0007920979513307107,0.0008072560858445335,-1.5158134513822857e-05,-8.651033591722262e-05,,,,,8.651033591722262e-05
Fear__Neutral,Fear,Neutral,Neutral: correct,OuterBrowRaiserL,FEA,6,51,3,0.021478827948935384,0.01914713989107507,0.0023316880578603157,0.01486911239597527,,,,,0.01486911239597527
Fear__Neutral,Fear,Neutral,Neutral: correct,OuterBrowRaiserR,FEA,6,51,3,0.019668982485392065,0.021395897858073453,-0.0017269153726813882,-0.010778699818271032,,,,,0.010778699818271032
Fear__Neutral,Fear,Neutral,Neutral: correct,UpperLidRaiserL,FEA,6,51,3,0.10182031557638453,0.053044130850111955,0.04877618472627258,0.27254584933804316,,,,,0.27254584933804316
Fear__Neutral,Fear,Neutral,Neutral: correct,UpperLidRaiserR,FEA,6,51,3,0.06957521014400624,0.08556303404680177,-0.01598782390279553,-0.07430347876486292,,,,,0.07430347876486292
Fear__Neutral,Fear,Neutral,Neutral: correct,UpperLipRaiserL,FEA,6,51,3,0.029499457317296376,0.023580652406320488,0.005918804910975888,0.032273970904817456,,,,,0.032273970904817456
Fear__Neutral,Fear,Neutral,Neutral: correct,UpperLipRaiserR,FEA,6,51,3,0.036371454495039736,0.0231710470974498,0.013200407397589937,0.06880109784676387,,,,,0.06880109784676387
Fear__Neutral,Fear,Neutral,Neutral: correct,AU1,AU-related group,6,51,3,0.009517301840226205,0.027495139890495887,-0.01797783805026968,-0.11597138974366061,,,,,0.11597138974366061
Fear__Neutral,Fear,Neutral,Neutral: correct,AU2,AU-related group,6,51,3,0.020573905217163724,0.020271518874574262,0.000302386342589462,0.0019132960486879273,,,,,0.0019132960486879273
Fear__Neutral,Fear,Neutral,Neutral: correct,AU4,AU-related group,6,51,3,0.04158540471482154,0.03445008543192916,0.007135319282892384,0.04997662722027599,,,,,0.04997662722027599
Fear__Neutral,Fear,Neutral,Neutral: correct,AU5,AU-related group,6,51,3,0.08569776286019537,0.06930358244845687,0.0163941804117385,0.08748607998573904,,,,,0.08748607998573904
Fear__Neutral,Fear,Neutral,Neutral: correct,AU6,AU-related group,6,51,3,0.054987617774733884,0.06506644734948863,-0.010078829574754748,-0.04801333894630271,,,,,0.04801333894630271
Fear__Neutral,Fear,Neutral,Neutral: correct,AU7,AU-related group,6,51,3,0.07145167458939024,0.07263547125183467,-0.0011837966624444335,-0.006739069832470556,,,,,0.006739069832470556
Fear__Neutral,Fear,Neutral,Neutral: correct,AU8,AU-related group,6,51,3,0.01804272918185836,0.017542466621613243,0.0005002625602451155,0.01184965689704069,,,,,0.01184965689704069
Fear__Neutral,Fear,Neutral,Neutral: correct,AU9,AU-related group,6,51,3,0.0007289269895684064,0.001348925880468993,-0.0006199988909005867,-0.00356631857952827,,,,,0.00356631857952827
Fear__Neutral,Fear,Neutral,Neutral: correct,AU10,AU-related group,6,51,3,0.03293545590616806,0.02337584975188514,0.009559606154282918,0.051023682276054076,,,,,0.051023682276054076
Fear__Neutral,Fear,Neutral,Neutral: correct,AU12,AU-related group,6,51,3,0.014128949000246027,0.022357785438626335,-0.008228836438380308,-0.03604846818594285,,,,,0.03604846818594285
Fear__Neutral,Fear,Neutral,Neutral: correct,AU14,AU-related group,6,51,3,0.026306885993856208,0.020307492038406948,0.00599939395544926,0.05260657753395993,,,,,0.05260657753395993
Fear__Neutral,Fear,Neutral,Neutral: correct,AU15,AU-related group,6,51,3,0.004854934345368036,0.008124826906483798,-0.0032698925611157614,-0.0199364480428111,,,,,0.0199364480428111
Fear__Neutral,Fear,Neutral,Neutral: correct,AU16,AU-related group,6,51,3,0.03190790137653308,0.004200345943043169,0.02770755543348991,0.23448814023643466,,,,,0.23448814023643466
Fear__Neutral,Fear,Neutral,Neutral: correct,AU17,AU-related group,6,51,3,0.0041325495217686935,0.005907088002722931,-0.0017745384809542374,-0.009127723010095753,,,,,0.009127723010095753
Fear__Neutral,Fear,Neutral,Neutral: correct,AU18,AU-related group,6,51,3,4.443047413045504e-05,0.001100402856569173,-0.001055972382438718,-0.009819487524242667,,,,,0.009819487524242667
Fear__Neutral,Fear,Neutral,Neutral: correct,AU20,AU-related group,6,51,3,0.007035392921846226,0.005478840184185677,0.001556552737660549,0.014068083212006926,,,,,0.014068083212006926
Fear__Neutral,Fear,Neutral,Neutral: correct,AU22,AU-related group,6,51,3,0.00010237636356092744,0.00027566990273754556,-0.0001732935391766181,-0.004114158120643491,,,,,0.004114158120643491
Fear__Neutral,Fear,Neutral,Neutral: correct,AU23,AU-related group,6,51,3,8.422538741097862e-06,0.0006290241678123277,-0.0006206016290712298,-0.010755864671401175,,,,,0.010755864671401175
Fear__Neutral,Fear,Neutral,Neutral: correct,AU24,AU-related group,6,51,3,6.755702671572778e-06,2.184306975149445e-05,-1.5087367079921672e-05,-0.000339325671074979,,,,,0.000339325671074979
Fear__Neutral,Fear,Neutral,Neutral: correct,AU26,AU-related group,6,51,3,0.04073493142146383,0.026461910065886773,0.014273021355577058,0.07993844718910077,,,,,0.07993844718910077
Fear__Neutral,Fear,Neutral,Neutral: correct,AU28,AU-related group,6,51,3,0.027485418774156393,0.03275483436106727,-0.005269415586910877,-0.06510923545464688,,,,,0.06510923545464688
Fear__Neutral,Fear,Neutral,Neutral: correct,AU43,AU-related group,6,51,3,0.018182653956155242,0.02256408751232068,-0.004381433556165437,-0.04192891541174862,,,,,0.04192891541174862
Fear__Neutral,Fear,Neutral,Neutral: all,BrowLowererL,FEA,6,54,3,0.046708169123538035,0.035213486190360806,0.011494682933177229,0.07864397062127691,,,,,0.07864397062127691
Fear__Neutral,Fear,Neutral,Neutral: all,BrowLowererR,FEA,6,54,3,0.03646264030610505,0.03416419538152002,0.0022984449245850302,0.016278515612609987,,,,,0.016278515612609987
Fear__Neutral,Fear,Neutral,Neutral: all,CheekPuffL,FEA,6,54,3,1.599453857650217e-05,6.473889480519815e-05,-4.8744356228695975e-05,-0.005130773317673048,,,,,0.005130773317673048
Fear__Neutral,Fear,Neutral,Neutral: all,CheekPuffR,FEA,6,54,3,3.829427021190602e-05,0.0001411380598702317,-0.00010284378965832568,-0.009663233606172612,,,,,0.009663233606172612
Fear__Neutral,Fear,Neutral,Neutral: all,CheekRaiserL,FEA,6,54,3,0.05282429438844292,0.07664415369342734,-0.02381985930498442,-0.11161488031727382,,,,,0.11161488031727382
Fear__Neutral,Fear,Neutral,Neutral: all,CheekRaiserR,FEA,6,54,3,0.05715094116102485,0.06046393929173118,-0.003312998130706332,-0.015996225522010788,,,,,0.015996225522010788
Fear__Neutral,Fear,Neutral,Neutral: all,CheekSuckL,FEA,6,54,3,1.167748720270681e-45,2.673785896828264e-09,-2.673785896828264e-09,-2.874945047172343e-07,,,,,2.874945047172343e-07
Fear__Neutral,Fear,Neutral,Neutral: all,CheekSuckR,FEA,6,54,3,1.167748720270681e-45,1.6126258925646445e-09,-1.6126258925646445e-09,-2.0636242071209233e-07,,,,,2.0636242071209233e-07
Fear__Neutral,Fear,Neutral,Neutral: all,ChinRaiserB,FEA,6,54,3,0.00011423817699887846,0.003570986374028626,-0.0034567481970297475,-0.016802837088171745,,,,,0.016802837088171745
Fear__Neutral,Fear,Neutral,Neutral: all,ChinRaiserT,FEA,6,54,3,0.008150860866538509,0.008092537079991543,5.832378654696546e-05,0.00030821055855568977,,,,,0.00030821055855568977
Fear__Neutral,Fear,Neutral,Neutral: all,DimplerL,FEA,6,54,3,0.025584649356466916,0.02043967821789157,0.005144971138575347,0.04498716919334881,,,,,0.04498716919334881
Fear__Neutral,Fear,Neutral,Neutral: all,DimplerR,FEA,6,54,3,0.0270291226312455,0.01909103433997524,0.00793808829127026,0.0697375468002005,,,,,0.0697375468002005
Fear__Neutral,Fear,Neutral,Neutral: all,EyesClosedL,FEA,6,54,3,0.011185313113085129,0.017316467718587414,-0.006131154605502285,-0.05657686478375065,,,,,0.05657686478375065
Fear__Neutral,Fear,Neutral,Neutral: all,EyesClosedR,FEA,6,54,3,0.02517999479922535,0.02775537453562009,-0.0025753797363947395,-0.024405950148596017,,,,,0.024405950148596017
Fear__Neutral,Fear,Neutral,Neutral: all,EyesLookDownL,FEA,6,54,3,0.008112748586228914,0.009533914379960944,-0.00142116579373203,-0.03730356307509447,,,,,0.03730356307509447
Fear__Neutral,Fear,Neutral,Neutral: all,EyesLookDownR,FEA,6,54,3,0.022287316445218874,0.01654949394177561,0.005737822503443263,0.1272371996561939,,,,,0.1272371996561939
Fear__Neutral,Fear,Neutral,Neutral: all,EyesLookLeftL,FEA,6,54,3,0.05292891539607403,0.06997373618132975,-0.017044820785255724,-0.2099850278030019,,,,,0.2099850278030019
Fear__Neutral,Fear,Neutral,Neutral: all,EyesLookLeftR,FEA,6,54,3,0.09347434599314712,0.11326119507400476,-0.019786849080857635,-0.18504114385610942,,,,,0.18504114385610942
Fear__Neutral,Fear,Neutral,Neutral: all,EyesLookRightL,FEA,6,54,3,0.09404524397856827,0.08181374751877203,0.012231496459796237,0.13266464418301688,,,,,0.13266464418301688
Fear__Neutral,Fear,Neutral,Neutral: all,EyesLookRightR,FEA,6,54,3,0.048190929734199806,0.0389519437983781,0.009238985935821703,0.13915152666861486,,,,,0.13915152666861486
Fear__Neutral,Fear,Neutral,Neutral: all,EyesLookUpL,FEA,6,54,3,0.05201408250205631,0.07954438679803444,-0.02753030429597813,-0.26541143391038874,,,,,0.26541143391038874
Fear__Neutral,Fear,Neutral,Neutral: all,EyesLookUpR,FEA,6,54,3,0.05215122357993903,0.07956883542851922,-0.027417611848580194,-0.2639331372439753,,,,,0.2639331372439753
Fear__Neutral,Fear,Neutral,Neutral: all,InnerBrowRaiserL,FEA,6,54,3,0.008063940316142425,0.028003211675290116,-0.019939271359147692,-0.12984484132228208,,,,,0.12984484132228208
Fear__Neutral,Fear,Neutral,Neutral: all,InnerBrowRaiserR,FEA,6,54,3,0.010970663364309984,0.032033003473703366,-0.021062340109393382,-0.1340151212353027,,,,,0.1340151212353027
Fear__Neutral,Fear,Neutral,Neutral: all,JawDrop,FEA,6,54,3,0.04073493142146383,0.02597834514776122,0.014756586273702611,0.08264673352225176,,,,,0.08264673352225176
Fear__Neutral,Fear,Neutral,Neutral: all,JawSidewaysLeft,FEA,6,54,3,0.0006107087626344961,0.00032571293577221414,0.00028499582686228195,0.013375961405909614,,,,,0.013375961405909614
Fear__Neutral,Fear,Neutral,Neutral: all,JawSidewaysRight,FEA,6,54,3,0.0008185029071950223,0.0005679855431086271,0.00025051736408639516,0.009222866878601896,,,,,0.009222866878601896
Fear__Neutral,Fear,Neutral,Neutral: all,JawThrust,FEA,6,54,3,0.007448756294058531,0.0007379640964604785,0.006710792197598053,0.09880836106920964,,,,,0.09880836106920964
Fear__Neutral,Fear,Neutral,Neutral: all,LidTightenerL,FEA,6,54,3,0.04762488081791175,0.06549473242476607,-0.017869851606854323,-0.0992875029067937,,,,,0.0992875029067937
Fear__Neutral,Fear,Neutral,Neutral: all,LidTightenerR,FEA,6,54,3,0.09527846836086874,0.09200099764717473,0.0032774707136940112,0.017431056759541007,,,,,0.017431056759541007
Fear__Neutral,Fear,Neutral,Neutral: all,LipCornerDepressorL,FEA,6,54,3,0.007567152589682398,0.009601306737260411,-0.002034154147578013,-0.012211054202105259,,,,,0.012211054202105259
Fear__Neutral,Fear,Neutral,Neutral: all,LipCornerDepressorR,FEA,6,54,3,0.0021427161010536756,0.006737998246198869,-0.004595282145145194,-0.028437798268756687,,,,,0.028437798268756687
Fear__Neutral,Fear,Neutral,Neutral: all,LipCornerPullerL,FEA,6,54,3,0.013253313530930627,0.022502599062619536,-0.00924928553168891,-0.04097600402588402,,,,,0.04097600402588402
Fear__Neutral,Fear,Neutral,Neutral: all,LipCornerPullerR,FEA,6,54,3,0.015004584469561428,0.023060865434461175,-0.008056280964899748,-0.03489387342662213,,,,,0.03489387342662213
Fear__Neutral,Fear,Neutral,Neutral: all,LipFunnelerLB,FEA,6,54,3,2.53692897153138e-05,2.0613142107568935e-05,4.756147607744864e-06,9.488354654566321e-05,,,,,9.488354654566321e-05
Fear__Neutral,Fear,Neutral,Neutral: all,LipFunnelerLT,FEA,6,54,3,1.7581476385695076e-05,0.0003416778635835594,-0.00032409638719786433,-0.008011737495348148,,,,,0.008011737495348148
Fear__Neutral,Fear,Neutral,Neutral: all,LipFunnelerRB,FEA,6,54,3,2.4497643726124278e-05,4.311973333517993e-05,-1.8622089609055655e-05,-0.00037491993031918967,,,,,0.00037491993031918967
Fear__Neutral,Fear,Neutral,Neutral: all,LipFunnelerRT,FEA,6,54,3,0.0003420570444165766,0.0006931533921076274,-0.00035109634769105077,-0.008660460221434903,,,,,0.008660460221434903
Fear__Neutral,Fear,Neutral,Neutral: all,LipPressorL,FEA,6,54,3,1.3511405335385365e-05,2.3704684157131865e-05,-1.01932788217465e-05,-0.00023006230158235057,,,,,0.00023006230158235057
Fear__Neutral,Fear,Neutral,Neutral: all,LipPressorR,FEA,6,54,3,7.760188913947225e-15,1.7554447595757348e-05,-1.7554447587997158e-05,-0.00039329675089130075,,,,,0.00039329675089130075
Fear__Neutral,Fear,Neutral,Neutral: all,LipPuckerL,FEA,6,54,3,3.5467657948536634e-05,0.001128529528264097,-0.0010930618703155605,-0.01012882424946475,,,,,0.01012882424946475
Fear__Neutral,Fear,Neutral,Neutral: all,LipPuckerR,FEA,6,54,3,5.3393290312373454e-05,0.001282052149001642,-0.0012286588586892687,-0.011459868139119775,,,,,0.011459868139119775
Fear__Neutral,Fear,Neutral,Neutral: all,LipStretcherL,FEA,6,54,3,0.006118410363494028,0.005343808767008905,0.0007746015964851223,0.007183534790982546,,,,,0.007183534790982546
Fear__Neutral,Fear,Neutral,Neutral: all,LipStretcherR,FEA,6,54,3,0.007952375480198422,0.0055936091226809,0.0023587663575175217,0.020773724031814777,,,,,0.020773724031814777
Fear__Neutral,Fear,Neutral,Neutral: all,LipSuckLB,FEA,6,54,3,0.03353151870496745,0.05743564112044931,-0.023904122415481864,-0.20386995182823267,,,,,0.20386995182823267
Fear__Neutral,Fear,Neutral,Neutral: all,LipSuckLT,FEA,6,54,3,0.027130292549622074,0.0154641070284149,0.011666185521207174,0.16115111546990096,,,,,0.16115111546990096
Fear__Neutral,Fear,Neutral,Neutral: all,LipSuckRB,FEA,6,54,3,0.024150842501360483,0.04678244450239256,-0.022631602001032074,-0.2172215604423678,,,,,0.2172215604423678
Fear__Neutral,Fear,Neutral,Neutral: all,LipSuckRT,FEA,6,54,3,0.025129021340675576,0.01187723882126779,0.013251782519407786,0.1965206338446003,,,,,0.1965206338446003
Fear__Neutral,Fear,Neutral,Neutral: all,LipTightenerL,FEA,6,54,3,1.573006465179896e-05,0.000964402811536854,-0.0009486727468850551,-0.01609706160935906,,,,,0.01609706160935906
Fear__Neutral,Fear,Neutral,Neutral: all,LipTightenerR,FEA,6,54,3,1.115012830396765e-06,0.0009419898956133795,-0.0009408748827829827,-0.016608076699982176,,,,,0.016608076699982176
Fear__Neutral,Fear,Neutral,Neutral: all,LipsToward,FEA,6,54,3,0.01804272918185836,0.01788257328658749,0.00016015589527086996,0.003793592724725037,,,,,0.003793592724725037
Fear__Neutral,Fear,Neutral,Neutral: all,LowerLipDepressorL,FEA,6,54,3,0.033704419988573285,0.004163099640428,0.029541320348145286,0.24684277905004462,,,,,0.24684277905004462
Fear__Neutral,Fear,Neutral,Neutral: all,LowerLipDepressorR,FEA,6,54,3,0.03011138276449288,0.003770887171838346,0.026340495592654535,0.22570794539905856,,,,,0.22570794539905856
Fear__Neutral,Fear,Neutral,Neutral: all,MouthLeft,FEA,6,54,3,0.0005615839010200935,0.0019260320839164834,-0.0013644481828963897,-0.11433851932514033,,,,,0.11433851932514033
Fear__Neutral,Fear,Neutral,Neutral: all,MouthRight,FEA,6,54,3,1.1014984811748496e-05,0.0003290231009257119,-0.00031800811611396344,-0.04374233236547779,,,,,0.04374233236547779
Fear__Neutral,Fear,Neutral,Neutral: all,NoseWrinklerL,FEA,6,54,3,0.0006657560278061021,0.0019940913081899275,-0.0013283352803838255,-0.007694960785434825,,,,,0.007694960785434825
Fear__Neutral,Fear,Neutral,Neutral: all,NoseWrinklerR,FEA,6,54,3,0.0007920979513307107,0.0008211375615553491,-2.9039610224638416e-05,-0.0001657345389795662,,,,,0.0001657345389795662
Fear__Neutral,Fear,Neutral,Neutral: all,OuterBrowRaiserL,FEA,6,54,3,0.021478827948935384,0.01873546388541344,0.002743364063521943,0.017494359275922876,,,,,0.017494359275922876
Fear__Neutral,Fear,Neutral,Neutral: all,OuterBrowRaiserR,FEA,6,54,3,0.019668982485392065,0.02130337041971469,-0.0016343879343226238,-0.010201181371913033,,,,,0.010201181371913033
Fear__Neutral,Fear,Neutral,Neutral: all,UpperLidRaiserL,FEA,6,54,3,0.10182031557638453,0.05013636503706803,0.0516839505393165,0.28879352241127787,,,,,0.28879352241127787
Fear__Neutral,Fear,Neutral,Neutral: all,UpperLidRaiserR,FEA,6,54,3,0.06957521014400624,0.0837804665621628,-0.014205256418156564,-0.06601898889012474,,,,,0.06601898889012474
Fear__Neutral,Fear,Neutral,Neutral: all,UpperLipRaiserL,FEA,6,54,3,0.029499457317296376,0.024446595171917756,0.005052862145378621,0.027552171142453702,,,,,0.027552171142453702
Fear__Neutral,Fear,Neutral,Neutral: all,UpperLipRaiserR,FEA,6,54,3,0.036371454495039736,0.023648121665969052,0.012723332829070684,0.06631456443303843,,,,,0.06631456443303843
Fear__Neutral,Fear,Neutral,Neutral: all,AU1,AU-related group,6,54,3,0.009517301840226205,0.030018107574496737,-0.02050080573427053,-0.1322465429502796,,,,,0.1322465429502796
Fear__Neutral,Fear,Neutral,Neutral: all,AU2,AU-related group,6,54,3,0.020573905217163724,0.02001941715256406,0.0005544880645996647,0.003508425062978114,,,,,0.003508425062978114
Fear__Neutral,Fear,Neutral,Neutral: all,AU4,AU-related group,6,54,3,0.04158540471482154,0.0346888407859404,0.00689656392888114,0.048304356246659776,,,,,0.048304356246659776
Fear__Neutral,Fear,Neutral,Neutral: all,AU5,AU-related group,6,54,3,0.08569776286019537,0.06695841579961541,0.01873934706057996,0.10000085241519988,,,,,0.10000085241519988
Fear__Neutral,Fear,Neutral,Neutral: all,AU6,AU-related group,6,54,3,0.054987617774733884,0.06855404649257926,-0.013566428717845379,-0.06462749821192558,,,,,0.06462749821192558
Fear__Neutral,Fear,Neutral,Neutral: all,AU7,AU-related group,6,54,3,0.07145167458939024,0.07874786503597041,-0.00729619044658017,-0.041535458318473065,,,,,0.041535458318473065
Fear__Neutral,Fear,Neutral,Neutral: all,AU8,AU-related group,6,54,3,0.01804272918185836,0.01788257328658749,0.00016015589527086996,0.003793592724725037,,,,,0.003793592724725037
Fear__Neutral,Fear,Neutral,Neutral: all,AU9,AU-related group,6,54,3,0.0007289269895684064,0.0014076144348726383,-0.0006786874453042319,-0.0039039031866093437,,,,,0.0039039031866093437
Fear__Neutral,Fear,Neutral,Neutral: all,AU10,AU-related group,6,54,3,0.03293545590616806,0.024047358418943402,0.008888097487224658,0.04743955503057684,,,,,0.04743955503057684
Fear__Neutral,Fear,Neutral,Neutral: all,AU12,AU-related group,6,54,3,0.014128949000246027,0.022781732248540357,-0.00865278324829433,-0.03790567281069849,,,,,0.03790567281069849
Fear__Neutral,Fear,Neutral,Neutral: all,AU14,AU-related group,6,54,3,0.026306885993856208,0.019765356278933405,0.006541529714922802,0.05736037551363295,,,,,0.05736037551363295
Fear__Neutral,Fear,Neutral,Neutral: all,AU15,AU-related group,6,54,3,0.004854934345368036,0.008169652491729639,-0.003314718146361603,-0.020209748444747665,,,,,0.020209748444747665
Fear__Neutral,Fear,Neutral,Neutral: all,AU16,AU-related group,6,54,3,0.03190790137653308,0.003966993406133173,0.027940907970399904,0.23646299516475291,,,,,0.23646299516475291
Fear__Neutral,Fear,Neutral,Neutral: all,AU17,AU-related group,6,54,3,0.0041325495217686935,0.005831761727010084,-0.0016992122052413901,-0.008740265996642177,,,,,0.008740265996642177
Fear__Neutral,Fear,Neutral,Neutral: all,AU18,AU-related group,6,54,3,4.443047413045504e-05,0.0012052908386328694,-0.0011608603645024145,-0.010794840903219156,,,,,0.010794840903219156
Fear__Neutral,Fear,Neutral,Neutral: all,AU20,AU-related group,6,54,3,0.007035392921846226,0.005468708944844903,0.0015666839770013229,0.014159649090013075,,,,,0.014159649090013075
Fear__Neutral,Fear,Neutral,Neutral: all,AU22,AU-related group,6,54,3,0.00010237636356092744,0.00027464103278348394,-0.00017226466922255648,-0.004089731741583424,,,,,0.004089731741583424
Fear__Neutral,Fear,Neutral,Neutral: all,AU23,AU-related group,6,54,3,8.422538741097862e-06,0.0009531963535751169,-0.000944773814834019,-0.016374206610843118,,,,,0.016374206610843118
Fear__Neutral,Fear,Neutral,Neutral: all,AU24,AU-related group,6,54,3,6.755702671572778e-06,2.0629565876444612e-05,-1.3873863204871833e-05,-0.00031203310143230334,,,,,0.00031203310143230334
Fear__Neutral,Fear,Neutral,Neutral: all,AU26,AU-related group,6,54,3,0.04073493142146383,0.02597834514776122,0.014756586273702611,0.08264673352225176,,,,,0.08264673352225176
Fear__Neutral,Fear,Neutral,Neutral: all,AU28,AU-related group,6,54,3,0.027485418774156393,0.03288985786813115,-0.005404439093974759,-0.0667775945294505,,,,,0.0667775945294505
Fear__Neutral,Fear,Neutral,Neutral: all,AU43,AU-related group,6,54,3,0.018182653956155242,0.022535921127103748,-0.004353267170948506,-0.04165937212915026,,,,,0.04165937212915026
Fear__Neutral,Neutral,Fear,Neutral: correct,BrowLowererL,FEA,0,51,0,,0.03678443468049367,,,0.0,,0.0,0.0,
Fear__Neutral,Neutral,Fear,Neutral: correct,BrowLowererR,FEA,0,51,0,,0.03211573618336465,,,0.0,,0.0,0.0,
Fear__Neutral,Neutral,Fear,Neutral: correct,CheekPuffL,FEA,0,51,0,,6.327296151236722e-05,,,0.0,,0.0,0.0,
Fear__Neutral,Neutral,Fear,Neutral: correct,CheekPuffR,FEA,0,51,0,,0.00014416507992662923,,,0.0,,0.0,0.0,
Fear__Neutral,Neutral,Fear,Neutral: correct,CheekRaiserL,FEA,0,51,0,,0.07218360041436268,,,0.0,,0.0,0.0,
Fear__Neutral,Neutral,Fear,Neutral: correct,CheekRaiserR,FEA,0,51,0,,0.0579492942846146,,,0.0,,0.0,0.0,
Fear__Neutral,Neutral,Fear,Neutral: correct,CheekSuckL,FEA,0,51,0,,3.617060174137656e-17,,,0.0,,0.0,0.0,
Fear__Neutral,Neutral,Fear,Neutral: correct,CheekSuckR,FEA,0,51,0,,1.4432004452063663e-16,,,0.0,,0.0,0.0,
Fear__Neutral,Neutral,Fear,Neutral: correct,ChinRaiserB,FEA,0,51,0,,0.0036660449147034287,,,0.0,,0.0,0.0,
Fear__Neutral,Neutral,Fear,Neutral: correct,ChinRaiserT,FEA,0,51,0,,0.008148131090742436,,,0.0,,0.0,0.0,
Fear__Neutral,Neutral,Fear,Neutral: correct,DimplerL,FEA,0,51,0,,0.021052156432660507,,,0.0,,0.0,0.0,
Fear__Neutral,Neutral,Fear,Neutral: correct,DimplerR,FEA,0,51,0,,0.0195628276441534,,,0.0,,0.0,0.0,
Fear__Neutral,Neutral,Fear,Neutral: correct,EyesClosedL,FEA,0,51,0,,0.017220477977501602,,,0.0,,0.0,0.0,
Fear__Neutral,Neutral,Fear,Neutral: correct,EyesClosedR,FEA,0,51,0,,0.02790769704713976,,,0.0,,0.0,0.0,
Fear__Neutral,Neutral,Fear,Neutral: correct,EyesLookDownL,FEA,0,51,0,,0.009690827624646688,,,0.0,,0.0,0.0,
Fear__Neutral,Neutral,Fear,Neutral: correct,EyesLookDownR,FEA,0,51,0,,0.01706188196218998,,,0.0,,0.0,0.0,
Fear__Neutral,Neutral,Fear,Neutral: correct,EyesLookLeftL,FEA,0,51,0,,0.07399581251086827,,,0.0,,0.0,0.0,
Fear__Neutral,Neutral,Fear,Neutral: correct,EyesLookLeftR,FEA,0,51,0,,0.11904371092505896,,,0.0,,0.0,0.0,
Fear__Neutral,Neutral,Fear,Neutral: correct,EyesLookRightL,FEA,0,51,0,,0.08040907887115713,,,0.0,,0.0,0.0,
Fear__Neutral,Neutral,Fear,Neutral: correct,EyesLookRightR,FEA,0,51,0,,0.039320649353907514,,,0.0,,0.0,0.0,
Fear__Neutral,Neutral,Fear,Neutral: correct,EyesLookUpL,FEA,0,51,0,,0.08224956522596043,,,0.0,,0.0,0.0,
Fear__Neutral,Neutral,Fear,Neutral: correct,EyesLookUpR,FEA,0,51,0,,0.0822765498592524,,,0.0,,0.0,0.0,
Fear__Neutral,Neutral,Fear,Neutral: correct,InnerBrowRaiserL,FEA,0,51,0,,0.02616642199652981,,,0.0,,0.0,0.0,
Fear__Neutral,Neutral,Fear,Neutral: correct,InnerBrowRaiserR,FEA,0,51,0,,0.028823857784461965,,,0.0,,0.0,0.0,
Fear__Neutral,Neutral,Fear,Neutral: correct,JawDrop,FEA,0,51,0,,0.026461910065886773,,,0.0,,0.0,0.0,
Fear__Neutral,Neutral,Fear,Neutral: correct,JawSidewaysLeft,FEA,0,51,0,,0.00028547818589784744,,,0.0,,0.0,0.0,
Fear__Neutral,Neutral,Fear,Neutral: correct,JawSidewaysRight,FEA,0,51,0,,0.0005423945441904528,,,0.0,,0.0,0.0,
Fear__Neutral,Neutral,Fear,Neutral: correct,JawThrust,FEA,0,51,0,,0.0006000241196218353,,,0.0,,0.0,0.0,
Fear__Neutral,Neutral,Fear,Neutral: correct,LidTightenerL,FEA,0,51,0,,0.06032106000502735,,,0.0,,0.0,0.0,
Fear__Neutral,Neutral,Fear,Neutral: correct,LidTightenerR,FEA,0,51,0,,0.08494988249864197,,,0.0,,0.0,0.0,
Fear__Neutral,Neutral,Fear,Neutral: correct,LipCornerDepressorL,FEA,0,51,0,,0.00954496242830289,,,0.0,,0.0,0.0,
Fear__Neutral,Neutral,Fear,Neutral: correct,LipCornerDepressorR,FEA,0,51,0,,0.006704691384664708,,,0.0,,0.0,0.0,
Fear__Neutral,Neutral,Fear,Neutral: correct,LipCornerPullerL,FEA,0,51,0,,0.02207935717290182,,,0.0,,0.0,0.0,
Fear__Neutral,Neutral,Fear,Neutral: correct,LipCornerPullerR,FEA,0,51,0,,0.02263621370435085,,,0.0,,0.0,0.0,
Fear__Neutral,Neutral,Fear,Neutral: correct,LipFunnelerLB,FEA,0,51,0,,2.1825679668674032e-05,,,0.0,,0.0,0.0,
Fear__Neutral,Neutral,Fear,Neutral: correct,LipFunnelerLT,FEA,0,51,0,,0.00032336415115174995,,,0.0,,0.0,0.0,
Fear__Neutral,Neutral,Fear,Neutral: correct,LipFunnelerRB,FEA,0,51,0,,4.56561878516533e-05,,,0.0,,0.0,0.0,
Fear__Neutral,Neutral,Fear,Neutral: correct,LipFunnelerRT,FEA,0,51,0,,0.0007118335922781046,,,0.0,,0.0,0.0,
Fear__Neutral,Neutral,Fear,Neutral: correct,LipPressorL,FEA,0,51,0,,2.509907734284223e-05,,,0.0,,0.0,0.0,
Fear__Neutral,Neutral,Fear,Neutral: correct,LipPressorR,FEA,0,51,0,,1.8587062160146683e-05,,,0.0,,0.0,0.0,
Fear__Neutral,Neutral,Fear,Neutral: correct,LipPuckerL,FEA,0,51,0,,0.000996733770718566,,,0.0,,0.0,0.0,
Fear__Neutral,Neutral,Fear,Neutral: correct,LipPuckerR,FEA,0,51,0,,0.0012040719424197797,,,0.0,,0.0,0.0,
Fear__Neutral,Neutral,Fear,Neutral: correct,LipStretcherL,FEA,0,51,0,,0.0053490539929888494,,,0.0,,0.0,0.0,
Fear__Neutral,Neutral,Fear,Neutral: correct,LipStretcherR,FEA,0,51,0,,0.005608626375382504,,,0.0,,0.0,0.0,
Fear__Neutral,Neutral,Fear,Neutral: correct,LipSuckLB,FEA,0,51,0,,0.05683788304859746,,,0.0,,0.0,0.0,
Fear__Neutral,Neutral,Fear,Neutral: correct,LipSuckLT,FEA,0,51,0,,0.015903217366154222,,,0.0,,0.0,0.0,
Fear__Neutral,Neutral,Fear,Neutral: correct,LipSuckRB,FEA,0,51,0,,0.04609924065906965,,,0.0,,0.0,0.0,
Fear__Neutral,Neutral,Fear,Neutral: correct,LipSuckRT,FEA,0,51,0,,0.012178996370447732,,,0.0,,0.0,0.0,
Fear__Neutral,Neutral,Fear,Neutral: correct,LipTightenerL,FEA,0,51,0,,0.0006741358081783555,,,0.0,,0.0,0.0,
Fear__Neutral,Neutral,Fear,Neutral: correct,LipTightenerR,FEA,0,51,0,,0.0005839125274463002,,,0.0,,0.0,0.0,
Fear__Neutral,Neutral,Fear,Neutral: correct,LipsToward,FEA,0,51,0,,0.017542466621613243,,,0.0,,0.0,0.0,
Fear__Neutral,Neutral,Fear,Neutral: correct,LowerLipDepressorL,FEA,0,51,0,,0.00440798784713312,,,0.0,,0.0,0.0,
Fear__Neutral,Neutral,Fear,Neutral: correct,LowerLipDepressorR,FEA,0,51,0,,0.003992704038953218,,,0.0,,0.0,0.0,
Fear__Neutral,Neutral,Fear,Neutral: correct,MouthLeft,FEA,0,51,0,,0.0018138072467764517,,,0.0,,0.0,0.0,
Fear__Neutral,Neutral,Fear,Neutral: correct,MouthRight,FEA,0,51,0,,0.0003128988514374678,,,0.0,,0.0,0.0,
Fear__Neutral,Neutral,Fear,Neutral: correct,NoseWrinklerL,FEA,0,51,0,,0.0018905956750934526,,,0.0,,0.0,0.0,
Fear__Neutral,Neutral,Fear,Neutral: correct,NoseWrinklerR,FEA,0,51,0,,0.0008072560858445335,,,0.0,,0.0,0.0,
Fear__Neutral,Neutral,Fear,Neutral: correct,OuterBrowRaiserL,FEA,0,51,0,,0.01914713989107507,,,0.0,,0.0,0.0,
Fear__Neutral,Neutral,Fear,Neutral: correct,OuterBrowRaiserR,FEA,0,51,0,,0.021395897858073453,,,0.0,,0.0,0.0,
Fear__Neutral,Neutral,Fear,Neutral: correct,UpperLidRaiserL,FEA,0,51,0,,0.053044130850111955,,,0.0,,0.0,0.0,
Fear__Neutral,Neutral,Fear,Neutral: correct,UpperLidRaiserR,FEA,0,51,0,,0.08556303404680177,,,0.0,,0.0,0.0,
Fear__Neutral,Neutral,Fear,Neutral: correct,UpperLipRaiserL,FEA,0,51,0,,0.023580652406320488,,,0.0,,0.0,0.0,
Fear__Neutral,Neutral,Fear,Neutral: correct,UpperLipRaiserR,FEA,0,51,0,,0.0231710470974498,,,0.0,,0.0,0.0,
Fear__Neutral,Neutral,Fear,Neutral: correct,AU1,AU-related group,0,51,0,,0.027495139890495887,,,0.0,,0.0,0.0,
Fear__Neutral,Neutral,Fear,Neutral: correct,AU2,AU-related group,0,51,0,,0.020271518874574262,,,0.0,,0.0,0.0,
Fear__Neutral,Neutral,Fear,Neutral: correct,AU4,AU-related group,0,51,0,,0.03445008543192916,,,0.0,,0.0,0.0,
Fear__Neutral,Neutral,Fear,Neutral: correct,AU5,AU-related group,0,51,0,,0.06930358244845687,,,0.0,,0.0,0.0,
Fear__Neutral,Neutral,Fear,Neutral: correct,AU6,AU-related group,0,51,0,,0.06506644734948863,,,0.0,,0.0,0.0,
Fear__Neutral,Neutral,Fear,Neutral: correct,AU7,AU-related group,0,51,0,,0.07263547125183467,,,0.0,,0.0,0.0,
Fear__Neutral,Neutral,Fear,Neutral: correct,AU8,AU-related group,0,51,0,,0.017542466621613243,,,0.0,,0.0,0.0,
Fear__Neutral,Neutral,Fear,Neutral: correct,AU9,AU-related group,0,51,0,,0.001348925880468993,,,0.0,,0.0,0.0,
Fear__Neutral,Neutral,Fear,Neutral: correct,AU10,AU-related group,0,51,0,,0.02337584975188514,,,0.0,,0.0,0.0,
Fear__Neutral,Neutral,Fear,Neutral: correct,AU12,AU-related group,0,51,0,,0.022357785438626335,,,0.0,,0.0,0.0,
Fear__Neutral,Neutral,Fear,Neutral: correct,AU14,AU-related group,0,51,0,,0.020307492038406948,,,0.0,,0.0,0.0,
Fear__Neutral,Neutral,Fear,Neutral: correct,AU15,AU-related group,0,51,0,,0.008124826906483798,,,0.0,,0.0,0.0,
Fear__Neutral,Neutral,Fear,Neutral: correct,AU16,AU-related group,0,51,0,,0.004200345943043169,,,0.0,,0.0,0.0,
Fear__Neutral,Neutral,Fear,Neutral: correct,AU17,AU-related group,0,51,0,,0.005907088002722931,,,0.0,,0.0,0.0,
Fear__Neutral,Neutral,Fear,Neutral: correct,AU18,AU-related group,0,51,0,,0.001100402856569173,,,0.0,,0.0,0.0,
Fear__Neutral,Neutral,Fear,Neutral: correct,AU20,AU-related group,0,51,0,,0.005478840184185677,,,0.0,,0.0,0.0,
Fear__Neutral,Neutral,Fear,Neutral: correct,AU22,AU-related group,0,51,0,,0.00027566990273754556,,,0.0,,0.0,0.0,
Fear__Neutral,Neutral,Fear,Neutral: correct,AU23,AU-related group,0,51,0,,0.0006290241678123277,,,0.0,,0.0,0.0,
Fear__Neutral,Neutral,Fear,Neutral: correct,AU24,AU-related group,0,51,0,,2.184306975149445e-05,,,0.0,,0.0,0.0,
Fear__Neutral,Neutral,Fear,Neutral: correct,AU26,AU-related group,0,51,0,,0.026461910065886773,,,0.0,,0.0,0.0,
Fear__Neutral,Neutral,Fear,Neutral: correct,AU28,AU-related group,0,51,0,,0.03275483436106727,,,0.0,,0.0,0.0,
Fear__Neutral,Neutral,Fear,Neutral: correct,AU43,AU-related group,0,51,0,,0.02256408751232068,,,0.0,,0.0,0.0,
Fear__Neutral,Neutral,Fear,Neutral: all,BrowLowererL,FEA,0,54,0,,0.035213486190360806,,,,,,,
Fear__Neutral,Neutral,Fear,Neutral: all,BrowLowererR,FEA,0,54,0,,0.03416419538152002,,,,,,,
Fear__Neutral,Neutral,Fear,Neutral: all,CheekPuffL,FEA,0,54,0,,6.473889480519815e-05,,,,,,,
Fear__Neutral,Neutral,Fear,Neutral: all,CheekPuffR,FEA,0,54,0,,0.0001411380598702317,,,,,,,
Fear__Neutral,Neutral,Fear,Neutral: all,CheekRaiserL,FEA,0,54,0,,0.07664415369342734,,,,,,,
Fear__Neutral,Neutral,Fear,Neutral: all,CheekRaiserR,FEA,0,54,0,,0.06046393929173118,,,,,,,
Fear__Neutral,Neutral,Fear,Neutral: all,CheekSuckL,FEA,0,54,0,,2.673785896828264e-09,,,,,,,
Fear__Neutral,Neutral,Fear,Neutral: all,CheekSuckR,FEA,0,54,0,,1.6126258925646445e-09,,,,,,,
Fear__Neutral,Neutral,Fear,Neutral: all,ChinRaiserB,FEA,0,54,0,,0.003570986374028626,,,,,,,
Fear__Neutral,Neutral,Fear,Neutral: all,ChinRaiserT,FEA,0,54,0,,0.008092537079991543,,,,,,,
Fear__Neutral,Neutral,Fear,Neutral: all,DimplerL,FEA,0,54,0,,0.02043967821789157,,,,,,,
Fear__Neutral,Neutral,Fear,Neutral: all,DimplerR,FEA,0,54,0,,0.01909103433997524,,,,,,,
Fear__Neutral,Neutral,Fear,Neutral: all,EyesClosedL,FEA,0,54,0,,0.017316467718587414,,,,,,,
Fear__Neutral,Neutral,Fear,Neutral: all,EyesClosedR,FEA,0,54,0,,0.02775537453562009,,,,,,,
Fear__Neutral,Neutral,Fear,Neutral: all,EyesLookDownL,FEA,0,54,0,,0.009533914379960944,,,,,,,
Fear__Neutral,Neutral,Fear,Neutral: all,EyesLookDownR,FEA,0,54,0,,0.01654949394177561,,,,,,,
Fear__Neutral,Neutral,Fear,Neutral: all,EyesLookLeftL,FEA,0,54,0,,0.06997373618132975,,,,,,,
Fear__Neutral,Neutral,Fear,Neutral: all,EyesLookLeftR,FEA,0,54,0,,0.11326119507400476,,,,,,,
Fear__Neutral,Neutral,Fear,Neutral: all,EyesLookRightL,FEA,0,54,0,,0.08181374751877203,,,,,,,
Fear__Neutral,Neutral,Fear,Neutral: all,EyesLookRightR,FEA,0,54,0,,0.0389519437983781,,,,,,,
Fear__Neutral,Neutral,Fear,Neutral: all,EyesLookUpL,FEA,0,54,0,,0.07954438679803444,,,,,,,
Fear__Neutral,Neutral,Fear,Neutral: all,EyesLookUpR,FEA,0,54,0,,0.07956883542851922,,,,,,,
Fear__Neutral,Neutral,Fear,Neutral: all,InnerBrowRaiserL,FEA,0,54,0,,0.028003211675290116,,,,,,,
Fear__Neutral,Neutral,Fear,Neutral: all,InnerBrowRaiserR,FEA,0,54,0,,0.032033003473703366,,,,,,,
Fear__Neutral,Neutral,Fear,Neutral: all,JawDrop,FEA,0,54,0,,0.02597834514776122,,,,,,,
Fear__Neutral,Neutral,Fear,Neutral: all,JawSidewaysLeft,FEA,0,54,0,,0.00032571293577221414,,,,,,,
Fear__Neutral,Neutral,Fear,Neutral: all,JawSidewaysRight,FEA,0,54,0,,0.0005679855431086271,,,,,,,
Fear__Neutral,Neutral,Fear,Neutral: all,JawThrust,FEA,0,54,0,,0.0007379640964604785,,,,,,,
Fear__Neutral,Neutral,Fear,Neutral: all,LidTightenerL,FEA,0,54,0,,0.06549473242476607,,,,,,,
Fear__Neutral,Neutral,Fear,Neutral: all,LidTightenerR,FEA,0,54,0,,0.09200099764717473,,,,,,,
Fear__Neutral,Neutral,Fear,Neutral: all,LipCornerDepressorL,FEA,0,54,0,,0.009601306737260411,,,,,,,
Fear__Neutral,Neutral,Fear,Neutral: all,LipCornerDepressorR,FEA,0,54,0,,0.006737998246198869,,,,,,,
Fear__Neutral,Neutral,Fear,Neutral: all,LipCornerPullerL,FEA,0,54,0,,0.022502599062619536,,,,,,,
Fear__Neutral,Neutral,Fear,Neutral: all,LipCornerPullerR,FEA,0,54,0,,0.023060865434461175,,,,,,,
Fear__Neutral,Neutral,Fear,Neutral: all,LipFunnelerLB,FEA,0,54,0,,2.0613142107568935e-05,,,,,,,
Fear__Neutral,Neutral,Fear,Neutral: all,LipFunnelerLT,FEA,0,54,0,,0.0003416778635835594,,,,,,,
Fear__Neutral,Neutral,Fear,Neutral: all,LipFunnelerRB,FEA,0,54,0,,4.311973333517993e-05,,,,,,,
Fear__Neutral,Neutral,Fear,Neutral: all,LipFunnelerRT,FEA,0,54,0,,0.0006931533921076274,,,,,,,
Fear__Neutral,Neutral,Fear,Neutral: all,LipPressorL,FEA,0,54,0,,2.3704684157131865e-05,,,,,,,
Fear__Neutral,Neutral,Fear,Neutral: all,LipPressorR,FEA,0,54,0,,1.7554447595757348e-05,,,,,,,
Fear__Neutral,Neutral,Fear,Neutral: all,LipPuckerL,FEA,0,54,0,,0.001128529528264097,,,,,,,
Fear__Neutral,Neutral,Fear,Neutral: all,LipPuckerR,FEA,0,54,0,,0.001282052149001642,,,,,,,
Fear__Neutral,Neutral,Fear,Neutral: all,LipStretcherL,FEA,0,54,0,,0.005343808767008905,,,,,,,
Fear__Neutral,Neutral,Fear,Neutral: all,LipStretcherR,FEA,0,54,0,,0.0055936091226809,,,,,,,
Fear__Neutral,Neutral,Fear,Neutral: all,LipSuckLB,FEA,0,54,0,,0.05743564112044931,,,,,,,
Fear__Neutral,Neutral,Fear,Neutral: all,LipSuckLT,FEA,0,54,0,,0.0154641070284149,,,,,,,
Fear__Neutral,Neutral,Fear,Neutral: all,LipSuckRB,FEA,0,54,0,,0.04678244450239256,,,,,,,
Fear__Neutral,Neutral,Fear,Neutral: all,LipSuckRT,FEA,0,54,0,,0.01187723882126779,,,,,,,
Fear__Neutral,Neutral,Fear,Neutral: all,LipTightenerL,FEA,0,54,0,,0.000964402811536854,,,,,,,
Fear__Neutral,Neutral,Fear,Neutral: all,LipTightenerR,FEA,0,54,0,,0.0009419898956133795,,,,,,,
Fear__Neutral,Neutral,Fear,Neutral: all,LipsToward,FEA,0,54,0,,0.01788257328658749,,,,,,,
Fear__Neutral,Neutral,Fear,Neutral: all,LowerLipDepressorL,FEA,0,54,0,,0.004163099640428,,,,,,,
Fear__Neutral,Neutral,Fear,Neutral: all,LowerLipDepressorR,FEA,0,54,0,,0.003770887171838346,,,,,,,
Fear__Neutral,Neutral,Fear,Neutral: all,MouthLeft,FEA,0,54,0,,0.0019260320839164834,,,,,,,
Fear__Neutral,Neutral,Fear,Neutral: all,MouthRight,FEA,0,54,0,,0.0003290231009257119,,,,,,,
Fear__Neutral,Neutral,Fear,Neutral: all,NoseWrinklerL,FEA,0,54,0,,0.0019940913081899275,,,,,,,
Fear__Neutral,Neutral,Fear,Neutral: all,NoseWrinklerR,FEA,0,54,0,,0.0008211375615553491,,,,,,,
Fear__Neutral,Neutral,Fear,Neutral: all,OuterBrowRaiserL,FEA,0,54,0,,0.01873546388541344,,,,,,,
Fear__Neutral,Neutral,Fear,Neutral: all,OuterBrowRaiserR,FEA,0,54,0,,0.02130337041971469,,,,,,,
Fear__Neutral,Neutral,Fear,Neutral: all,UpperLidRaiserL,FEA,0,54,0,,0.05013636503706803,,,,,,,
Fear__Neutral,Neutral,Fear,Neutral: all,UpperLidRaiserR,FEA,0,54,0,,0.0837804665621628,,,,,,,
Fear__Neutral,Neutral,Fear,Neutral: all,UpperLipRaiserL,FEA,0,54,0,,0.024446595171917756,,,,,,,
Fear__Neutral,Neutral,Fear,Neutral: all,UpperLipRaiserR,FEA,0,54,0,,0.023648121665969052,,,,,,,
Fear__Neutral,Neutral,Fear,Neutral: all,AU1,AU-related group,0,54,0,,0.030018107574496737,,,,,,,
Fear__Neutral,Neutral,Fear,Neutral: all,AU2,AU-related group,0,54,0,,0.02001941715256406,,,,,,,
Fear__Neutral,Neutral,Fear,Neutral: all,AU4,AU-related group,0,54,0,,0.0346888407859404,,,,,,,
Fear__Neutral,Neutral,Fear,Neutral: all,AU5,AU-related group,0,54,0,,0.06695841579961541,,,,,,,
Fear__Neutral,Neutral,Fear,Neutral: all,AU6,AU-related group,0,54,0,,0.06855404649257926,,,,,,,
Fear__Neutral,Neutral,Fear,Neutral: all,AU7,AU-related group,0,54,0,,0.07874786503597041,,,,,,,
Fear__Neutral,Neutral,Fear,Neutral: all,AU8,AU-related group,0,54,0,,0.01788257328658749,,,,,,,
Fear__Neutral,Neutral,Fear,Neutral: all,AU9,AU-related group,0,54,0,,0.0014076144348726383,,,,,,,
Fear__Neutral,Neutral,Fear,Neutral: all,AU10,AU-related group,0,54,0,,0.024047358418943402,,,,,,,
Fear__Neutral,Neutral,Fear,Neutral: all,AU12,AU-related group,0,54,0,,0.022781732248540357,,,,,,,
Fear__Neutral,Neutral,Fear,Neutral: all,AU14,AU-related group,0,54,0,,0.019765356278933405,,,,,,,
Fear__Neutral,Neutral,Fear,Neutral: all,AU15,AU-related group,0,54,0,,0.008169652491729639,,,,,,,
Fear__Neutral,Neutral,Fear,Neutral: all,AU16,AU-related group,0,54,0,,0.003966993406133173,,,,,,,
Fear__Neutral,Neutral,Fear,Neutral: all,AU17,AU-related group,0,54,0,,0.005831761727010084,,,,,,,
Fear__Neutral,Neutral,Fear,Neutral: all,AU18,AU-related group,0,54,0,,0.0012052908386328694,,,,,,,
Fear__Neutral,Neutral,Fear,Neutral: all,AU20,AU-related group,0,54,0,,0.005468708944844903,,,,,,,
Fear__Neutral,Neutral,Fear,Neutral: all,AU22,AU-related group,0,54,0,,0.00027464103278348394,,,,,,,
Fear__Neutral,Neutral,Fear,Neutral: all,AU23,AU-related group,0,54,0,,0.0009531963535751169,,,,,,,
Fear__Neutral,Neutral,Fear,Neutral: all,AU24,AU-related group,0,54,0,,2.0629565876444612e-05,,,,,,,
Fear__Neutral,Neutral,Fear,Neutral: all,AU26,AU-related group,0,54,0,,0.02597834514776122,,,,,,,
Fear__Neutral,Neutral,Fear,Neutral: all,AU28,AU-related group,0,54,0,,0.03288985786813115,,,,,,,
Fear__Neutral,Neutral,Fear,Neutral: all,AU43,AU-related group,0,54,0,,0.022535921127103748,,,,,,,
Fear__Neutral,Neutral,Fear,Fear: correct,BrowLowererL,FEA,0,33,0,,0.04345572338823085,,,,,,,
Fear__Neutral,Neutral,Fear,Fear: correct,BrowLowererR,FEA,0,33,0,,0.046749502496631665,,,,,,,
Fear__Neutral,Neutral,Fear,Fear: correct,CheekPuffL,FEA,0,33,0,,9.817972402605541e-05,,,,,,,
Fear__Neutral,Neutral,Fear,Fear: correct,CheekPuffR,FEA,0,33,0,,0.0001096511584566191,,,,,,,
Fear__Neutral,Neutral,Fear,Fear: correct,CheekRaiserL,FEA,0,33,0,,0.06352058604045843,,,,,,,
Fear__Neutral,Neutral,Fear,Fear: correct,CheekRaiserR,FEA,0,33,0,,0.05251000625174728,,,,,,,
Fear__Neutral,Neutral,Fear,Fear: correct,CheekSuckL,FEA,0,33,0,,4.787492417071824e-10,,,,,,,
Fear__Neutral,Neutral,Fear,Fear: correct,CheekSuckR,FEA,0,33,0,,1.443494598919296e-09,,,,,,,
Fear__Neutral,Neutral,Fear,Fear: correct,ChinRaiserB,FEA,0,33,0,,0.00876074528389746,,,,,,,
Fear__Neutral,Neutral,Fear,Fear: correct,ChinRaiserT,FEA,0,33,0,,0.04386433633227038,,,,,,,
Fear__Neutral,Neutral,Fear,Fear: correct,DimplerL,FEA,0,33,0,,0.07451366063939736,,,,,,,
Fear__Neutral,Neutral,Fear,Fear: correct,DimplerR,FEA,0,33,0,,0.07616677234245266,,,,,,,
Fear__Neutral,Neutral,Fear,Fear: correct,EyesClosedL,FEA,0,33,0,,0.003235995608610324,,,,,,,
Fear__Neutral,Neutral,Fear,Fear: correct,EyesClosedR,FEA,0,33,0,,0.0030134361372180967,,,,,,,
Fear__Neutral,Neutral,Fear,Fear: correct,EyesLookDownL,FEA,0,33,0,,0.0062430345150807426,,,,,,,
Fear__Neutral,Neutral,Fear,Fear: correct,EyesLookDownR,FEA,0,33,0,,0.005960628187650132,,,,,,,
Fear__Neutral,Neutral,Fear,Fear: correct,EyesLookLeftL,FEA,0,33,0,,0.03262345663270668,,,,,,,
Fear__Neutral,Neutral,Fear,Fear: correct,EyesLookLeftR,FEA,0,33,0,,0.07058599235818043,,,,,,,
Fear__Neutral,Neutral,Fear,Fear: correct,EyesLookRightL,FEA,0,33,0,,0.09732394151332564,,,,,,,
Fear__Neutral,Neutral,Fear,Fear: correct,EyesLookRightR,FEA,0,33,0,,0.04895663058157124,,,,,,,
Fear__Neutral,Neutral,Fear,Fear: correct,EyesLookUpL,FEA,0,33,0,,0.051928626458546255,,,,,,,
Fear__Neutral,Neutral,Fear,Fear: correct,EyesLookUpR,FEA,0,33,0,,0.051925939664649146,,,,,,,
Fear__Neutral,Neutral,Fear,Fear: correct,InnerBrowRaiserL,FEA,0,33,0,,0.24244784837996844,,,,,,,
Fear__Neutral,Neutral,Fear,Fear: correct,InnerBrowRaiserR,FEA,0,33,0,,0.2540996504143313,,,,,,,
Fear__Neutral,Neutral,Fear,Fear: correct,JawDrop,FEA,0,33,0,,0.2488203237230044,,,,,,,
Fear__Neutral,Neutral,Fear,Fear: correct,JawSidewaysLeft,FEA,0,33,0,,0.0008595912879629647,,,,,,,
Fear__Neutral,Neutral,Fear,Fear: correct,JawSidewaysRight,FEA,0,33,0,,0.005941570585164876,,,,,,,
Fear__Neutral,Neutral,Fear,Fear: correct,JawThrust,FEA,0,33,0,,0.03429902658905681,,,,,,,
Fear__Neutral,Neutral,Fear,Fear: correct,LidTightenerL,FEA,0,33,0,,0.058707629018927086,,,,,,,
Fear__Neutral,Neutral,Fear,Fear: correct,LidTightenerR,FEA,0,33,0,,0.08617964988588568,,,,,,,
Fear__Neutral,Neutral,Fear,Fear: correct,LipCornerDepressorL,FEA,0,33,0,,0.038211939080122055,,,,,,,
Fear__Neutral,Neutral,Fear,Fear: correct,LipCornerDepressorR,FEA,0,33,0,,0.03474891568108556,,,,,,,
Fear__Neutral,Neutral,Fear,Fear: correct,LipCornerPullerL,FEA,0,33,0,,0.036914159466179056,,,,,,,
Fear__Neutral,Neutral,Fear,Fear: correct,LipCornerPullerR,FEA,0,33,0,,0.036303894729555856,,,,,,,
Fear__Neutral,Neutral,Fear,Fear: correct,LipFunnelerLB,FEA,0,33,0,,2.2869219483540714e-08,,,,,,,
Fear__Neutral,Neutral,Fear,Fear: correct,LipFunnelerLT,FEA,0,33,0,,0.0003142231504734636,,,,,,,
Fear__Neutral,Neutral,Fear,Fear: correct,LipFunnelerRB,FEA,0,33,0,,4.942101494691287e-08,,,,,,,
Fear__Neutral,Neutral,Fear,Fear: correct,LipFunnelerRT,FEA,0,33,0,,0.0003659942294027165,,,,,,,
Fear__Neutral,Neutral,Fear,Fear: correct,LipPressorL,FEA,0,33,0,,0.00012491519230769605,,,,,,,
Fear__Neutral,Neutral,Fear,Fear: correct,LipPressorR,FEA,0,33,0,,8.971170702381159e-05,,,,,,,
Fear__Neutral,Neutral,Fear,Fear: correct,LipPuckerL,FEA,0,33,0,,0.004395021893843386,,,,,,,
Fear__Neutral,Neutral,Fear,Fear: correct,LipPuckerR,FEA,0,33,0,,0.0036815407827129544,,,,,,,
Fear__Neutral,Neutral,Fear,Fear: correct,LipStretcherL,FEA,0,33,0,,0.07570919566701599,,,,,,,
Fear__Neutral,Neutral,Fear,Fear: correct,LipStretcherR,FEA,0,33,0,,0.08317420189712081,,,,,,,
Fear__Neutral,Neutral,Fear,Fear: correct,LipSuckLB,FEA,0,33,0,,0.04769871249479792,,,,,,,
Fear__Neutral,Neutral,Fear,Fear: correct,LipSuckLT,FEA,0,33,0,,0.019092840778349704,,,,,,,
Fear__Neutral,Neutral,Fear,Fear: correct,LipSuckRB,FEA,0,33,0,,0.03586009659282282,,,,,,,
Fear__Neutral,Neutral,Fear,Fear: correct,LipSuckRT,FEA,0,33,0,,0.014187538284342651,,,,,,,
Fear__Neutral,Neutral,Fear,Fear: correct,LipTightenerL,FEA,0,33,0,,0.001459683769634523,,,,,,,
Fear__Neutral,Neutral,Fear,Fear: correct,LipTightenerR,FEA,0,33,0,,0.001390005647482305,,,,,,,
Fear__Neutral,Neutral,Fear,Fear: correct,LipsToward,FEA,0,33,0,,0.03881265294398638,,,,,,,
Fear__Neutral,Neutral,Fear,Fear: correct,LowerLipDepressorL,FEA,0,33,0,,0.051938074111461195,,,,,,,
Fear__Neutral,Neutral,Fear,Fear: correct,LowerLipDepressorR,FEA,0,33,0,,0.05235391512268718,,,,,,,
Fear__Neutral,Neutral,Fear,Fear: correct,MouthLeft,FEA,0,33,0,,0.0014323435632085445,,,,,,,
Fear__Neutral,Neutral,Fear,Fear: correct,MouthRight,FEA,0,33,0,,0.0009256617942857394,,,,,,,
Fear__Neutral,Neutral,Fear,Fear: correct,NoseWrinklerL,FEA,0,33,0,,0.004686492965945049,,,,,,,
Fear__Neutral,Neutral,Fear,Fear: correct,NoseWrinklerR,FEA,0,33,0,,0.003268239147956739,,,,,,,
Fear__Neutral,Neutral,Fear,Fear: correct,OuterBrowRaiserL,FEA,0,33,0,,0.2503124271250901,,,,,,,
Fear__Neutral,Neutral,Fear,Fear: correct,OuterBrowRaiserR,FEA,0,33,0,,0.260883637971358,,,,,,,
Fear__Neutral,Neutral,Fear,Fear: correct,UpperLidRaiserL,FEA,0,33,0,,0.29830145803169295,,,,,,,
Fear__Neutral,Neutral,Fear,Fear: correct,UpperLidRaiserR,FEA,0,33,0,,0.39541919596230585,,,,,,,
Fear__Neutral,Neutral,Fear,Fear: correct,UpperLipRaiserL,FEA,0,33,0,,0.09505058301952465,,,,,,,
Fear__Neutral,Neutral,Fear,Fear: correct,UpperLipRaiserR,FEA,0,33,0,,0.10164539394867593,,,,,,,
Fear__Neutral,Neutral,Fear,Fear: correct,AU1,AU-related group,0,33,0,,0.24827374939714986,,,,,,,
Fear__Neutral,Neutral,Fear,Fear: correct,AU2,AU-related group,0,33,0,,0.255598032548224,,,,,,,
Fear__Neutral,Neutral,Fear,Fear: correct,AU4,AU-related group,0,33,0,,0.045102612942431265,,,,,,,
Fear__Neutral,Neutral,Fear,Fear: correct,AU5,AU-related group,0,33,0,,0.3468603269969995,,,,,,,
Fear__Neutral,Neutral,Fear,Fear: correct,AU6,AU-related group,0,33,0,,0.058015296146102846,,,,,,,
Fear__Neutral,Neutral,Fear,Fear: correct,AU7,AU-related group,0,33,0,,0.0724436394524064,,,,,,,
Fear__Neutral,Neutral,Fear,Fear: correct,AU8,AU-related group,0,33,0,,0.03881265294398638,,,,,,,
Fear__Neutral,Neutral,Fear,Fear: correct,AU9,AU-related group,0,33,0,,0.003977366056950894,,,,,,,
Fear__Neutral,Neutral,Fear,Fear: correct,AU10,AU-related group,0,33,0,,0.09834798848410028,,,,,,,
Fear__Neutral,Neutral,Fear,Fear: correct,AU12,AU-related group,0,33,0,,0.03660902709786745,,,,,,,
Fear__Neutral,Neutral,Fear,Fear: correct,AU14,AU-related group,0,33,0,,0.07534021649092501,,,,,,,
Fear__Neutral,Neutral,Fear,Fear: correct,AU15,AU-related group,0,33,0,,0.0364804273806038,,,,,,,
Fear__Neutral,Neutral,Fear,Fear: correct,AU16,AU-related group,0,33,0,,0.05214599461707419,,,,,,,
Fear__Neutral,Neutral,Fear,Fear: correct,AU17,AU-related group,0,33,0,,0.02631254080808392,,,,,,,
Fear__Neutral,Neutral,Fear,Fear: correct,AU18,AU-related group,0,33,0,,0.0040382813382781714,,,,,,,
Fear__Neutral,Neutral,Fear,Fear: correct,AU20,AU-related group,0,33,0,,0.0794416987820684,,,,,,,
Fear__Neutral,Neutral,Fear,Fear: correct,AU22,AU-related group,0,33,0,,0.00017007241752765265,,,,,,,
Fear__Neutral,Neutral,Fear,Fear: correct,AU23,AU-related group,0,33,0,,0.0014248447085584137,,,,,,,
Fear__Neutral,Neutral,Fear,Fear: correct,AU24,AU-related group,0,33,0,,0.0001073134496657538,,,,,,,
Fear__Neutral,Neutral,Fear,Fear: correct,AU26,AU-related group,0,33,0,,0.2488203237230044,,,,,,,
Fear__Neutral,Neutral,Fear,Fear: correct,AU28,AU-related group,0,33,0,,0.029209797037578273,,,,,,,
Fear__Neutral,Neutral,Fear,Fear: correct,AU43,AU-related group,0,33,0,,0.0031247158729142102,,,,,,,
Fear__Neutral,Neutral,Fear,Fear: all,BrowLowererL,FEA,0,54,0,,0.06675630180789535,,,,,,,
Fear__Neutral,Neutral,Fear,Fear: all,BrowLowererR,FEA,0,54,0,,0.06361726683849464,,,,,,,
Fear__Neutral,Neutral,Fear,Fear: all,CheekPuffL,FEA,0,54,0,,0.0001668061940783621,,,,,,,
Fear__Neutral,Neutral,Fear,Fear: all,CheekPuffR,FEA,0,54,0,,0.00015284663082023713,,,,,,,
Fear__Neutral,Neutral,Fear,Fear: all,CheekRaiserL,FEA,0,54,0,,0.09391164360504785,,,,,,,
Fear__Neutral,Neutral,Fear,Fear: all,CheekRaiserR,FEA,0,54,0,,0.08332194912688201,,,,,,,
Fear__Neutral,Neutral,Fear,Fear: all,CheekSuckL,FEA,0,54,0,,2.9816738396887935e-10,,,,,,,
Fear__Neutral,Neutral,Fear,Fear: all,CheekSuckR,FEA,0,54,0,,1.242019499051857e-09,,,,,,,
Fear__Neutral,Neutral,Fear,Fear: all,ChinRaiserB,FEA,0,54,0,,0.008004723760171032,,,,,,,
Fear__Neutral,Neutral,Fear,Fear: all,ChinRaiserT,FEA,0,54,0,,0.04993407872335829,,,,,,,
Fear__Neutral,Neutral,Fear,Fear: all,DimplerL,FEA,0,54,0,,0.09110241199669565,,,,,,,
Fear__Neutral,Neutral,Fear,Fear: all,DimplerR,FEA,0,54,0,,0.09266286655063309,,,,,,,
Fear__Neutral,Neutral,Fear,Fear: all,EyesClosedL,FEA,0,54,0,,0.004800727607115374,,,,,,,
Fear__Neutral,Neutral,Fear,Fear: all,EyesClosedR,FEA,0,54,0,,0.009327611738396337,,,,,,,
Fear__Neutral,Neutral,Fear,Fear: all,EyesLookDownL,FEA,0,54,0,,0.005430092082023683,,,,,,,
Fear__Neutral,Neutral,Fear,Fear: all,EyesLookDownR,FEA,0,54,0,,0.007603359133691111,,,,,,,
Fear__Neutral,Neutral,Fear,Fear: all,EyesLookLeftL,FEA,0,54,0,,0.04182036352846166,,,,,,,
Fear__Neutral,Neutral,Fear,Fear: all,EyesLookLeftR,FEA,0,54,0,,0.08152406460840547,,,,,,,
Fear__Neutral,Neutral,Fear,Fear: all,EyesLookRightL,FEA,0,54,0,,0.08716889964771435,,,,,,,
Fear__Neutral,Neutral,Fear,Fear: all,EyesLookRightR,FEA,0,54,0,,0.04027761780735201,,,,,,,
Fear__Neutral,Neutral,Fear,Fear: all,EyesLookUpL,FEA,0,54,0,,0.046388334406677764,,,,,,,
Fear__Neutral,Neutral,Fear,Fear: all,EyesLookUpR,FEA,0,54,0,,0.04636362778370694,,,,,,,
Fear__Neutral,Neutral,Fear,Fear: all,InnerBrowRaiserL,FEA,0,54,0,,0.19252685401721106,,,,,,,
Fear__Neutral,Neutral,Fear,Fear: all,InnerBrowRaiserR,FEA,0,54,0,,0.20316566116276855,,,,,,,
Fear__Neutral,Neutral,Fear,Fear: all,JawDrop,FEA,0,54,0,,0.20471469390560035,,,,,,,
Fear__Neutral,Neutral,Fear,Fear: all,JawSidewaysLeft,FEA,0,54,0,,0.0021341643582673225,,,,,,,
Fear__Neutral,Neutral,Fear,Fear: all,JawSidewaysRight,FEA,0,54,0,,0.005021357985150021,,,,,,,
Fear__Neutral,Neutral,Fear,Fear: all,JawThrust,FEA,0,54,0,,0.029766742873695476,,,,,,,
Fear__Neutral,Neutral,Fear,Fear: all,LidTightenerL,FEA,0,54,0,,0.09506143356547765,,,,,,,
Fear__Neutral,Neutral,Fear,Fear: all,LidTightenerR,FEA,0,54,0,,0.1300746010557494,,,,,,,
Fear__Neutral,Neutral,Fear,Fear: all,LipCornerDepressorL,FEA,0,54,0,,0.03281908991693611,,,,,,,
Fear__Neutral,Neutral,Fear,Fear: all,LipCornerDepressorR,FEA,0,54,0,,0.027182726721615747,,,,,,,
Fear__Neutral,Neutral,Fear,Fear: all,LipCornerPullerL,FEA,0,54,0,,0.05012560611577572,,,,,,,
Fear__Neutral,Neutral,Fear,Fear: all,LipCornerPullerR,FEA,0,54,0,,0.05079379094671078,,,,,,,
Fear__Neutral,Neutral,Fear,Fear: all,LipFunnelerLB,FEA,0,54,0,,2.832846168916966e-06,,,,,,,
Fear__Neutral,Neutral,Fear,Fear: all,LipFunnelerLT,FEA,0,54,0,,0.00041981976900909787,,,,,,,
Fear__Neutral,Neutral,Fear,Fear: all,LipFunnelerRB,FEA,0,54,0,,5.9505893416903475e-06,,,,,,,
Fear__Neutral,Neutral,Fear,Fear: all,LipFunnelerRT,FEA,0,54,0,,0.0006229301079729737,,,,,,,
Fear__Neutral,Neutral,Fear,Fear: all,LipPressorL,FEA,0,54,0,,9.522745256642185e-05,,,,,,,
Fear__Neutral,Neutral,Fear,Fear: all,LipPressorR,FEA,0,54,0,,5.488069975873377e-05,,,,,,,
Fear__Neutral,Neutral,Fear,Fear: all,LipPuckerL,FEA,0,54,0,,0.003269350054805418,,,,,,,
Fear__Neutral,Neutral,Fear,Fear: all,LipPuckerR,FEA,0,54,0,,0.0026853359461595843,,,,,,,
Fear__Neutral,Neutral,Fear,Fear: all,LipStretcherL,FEA,0,54,0,,0.07107840856589692,,,,,,,
Fear__Neutral,Neutral,Fear,Fear: all,LipStretcherR,FEA,0,54,0,,0.0774836073577629,,,,,,,
Fear__Neutral,Neutral,Fear,Fear: all,LipSuckLB,FEA,0,54,0,,0.05930284109455375,,,,,,,
Fear__Neutral,Neutral,Fear,Fear: all,LipSuckLT,FEA,0,54,0,,0.027449423761796845,,,,,,,
Fear__Neutral,Neutral,Fear,Fear: all,LipSuckRB,FEA,0,54,0,,0.04590828259281145,,,,,,,
Fear__Neutral,Neutral,Fear,Fear: all,LipSuckRT,FEA,0,54,0,,0.022890749095721082,,,,,,,
Fear__Neutral,Neutral,Fear,Fear: all,LipTightenerL,FEA,0,54,0,,0.001482832862651591,,,,,,,
Fear__Neutral,Neutral,Fear,Fear: all,LipTightenerR,FEA,0,54,0,,0.0017648221696622943,,,,,,,
Fear__Neutral,Neutral,Fear,Fear: all,LipsToward,FEA,0,54,0,,0.03406544003709882,,,,,,,
Fear__Neutral,Neutral,Fear,Fear: all,LowerLipDepressorL,FEA,0,54,0,,0.05232198051772032,,,,,,,
Fear__Neutral,Neutral,Fear,Fear: all,LowerLipDepressorR,FEA,0,54,0,,0.051843893470766074,,,,,,,
Fear__Neutral,Neutral,Fear,Fear: all,MouthLeft,FEA,0,54,0,,0.004999696337063135,,,,,,,
Fear__Neutral,Neutral,Fear,Fear: all,MouthRight,FEA,0,54,0,,0.0006011796825310361,,,,,,,
Fear__Neutral,Neutral,Fear,Fear: all,NoseWrinklerL,FEA,0,54,0,,0.01409529606911539,,,,,,,
Fear__Neutral,Neutral,Fear,Fear: all,NoseWrinklerR,FEA,0,54,0,,0.012665004856558337,,,,,,,
Fear__Neutral,Neutral,Fear,Fear: all,OuterBrowRaiserL,FEA,0,54,0,,0.19099858513603002,,,,,,,
Fear__Neutral,Neutral,Fear,Fear: all,OuterBrowRaiserR,FEA,0,54,0,,0.20069617813279594,,,,,,,
Fear__Neutral,Neutral,Fear,Fear: all,UpperLidRaiserL,FEA,0,54,0,,0.2216262090418408,,,,,,,
Fear__Neutral,Neutral,Fear,Fear: all,UpperLidRaiserR,FEA,0,54,0,,0.2799247355985454,,,,,,,
Fear__Neutral,Neutral,Fear,Fear: all,UpperLipRaiserL,FEA,0,54,0,,0.12005821189822165,,,,,,,
Fear__Neutral,Neutral,Fear,Fear: all,UpperLipRaiserR,FEA,0,54,0,,0.13358314127658028,,,,,,,
Fear__Neutral,Neutral,Fear,Fear: all,AU1,AU-related group,0,54,0,,0.19784625758998978,,,,,,,
Fear__Neutral,Neutral,Fear,Fear: all,AU2,AU-related group,0,54,0,,0.19584738163441298,,,,,,,
Fear__Neutral,Neutral,Fear,Fear: all,AU4,AU-related group,0,54,0,,0.06518678432319498,,,,,,,
Fear__Neutral,Neutral,Fear,Fear: all,AU5,AU-related group,0,54,0,,0.25077547232019315,,,,,,,
Fear__Neutral,Neutral,Fear,Fear: all,AU6,AU-related group,0,54,0,,0.08861679636596492,,,,,,,
Fear__Neutral,Neutral,Fear,Fear: all,AU7,AU-related group,0,54,0,,0.11256801731061351,,,,,,,
Fear__Neutral,Neutral,Fear,Fear: all,AU8,AU-related group,0,54,0,,0.03406544003709882,,,,,,,
Fear__Neutral,Neutral,Fear,Fear: all,AU9,AU-related group,0,54,0,,0.013380150462836863,,,,,,,
Fear__Neutral,Neutral,Fear,Fear: all,AU10,AU-related group,0,54,0,,0.12682067658740093,,,,,,,
Fear__Neutral,Neutral,Fear,Fear: all,AU12,AU-related group,0,54,0,,0.05045969853124325,,,,,,,
Fear__Neutral,Neutral,Fear,Fear: all,AU14,AU-related group,0,54,0,,0.09188263927366437,,,,,,,
Fear__Neutral,Neutral,Fear,Fear: all,AU15,AU-related group,0,54,0,,0.030000908319275932,,,,,,,
Fear__Neutral,Neutral,Fear,Fear: all,AU16,AU-related group,0,54,0,,0.05208293699424319,,,,,,,
Fear__Neutral,Neutral,Fear,Fear: all,AU17,AU-related group,0,54,0,,0.028969401241764652,,,,,,,
Fear__Neutral,Neutral,Fear,Fear: all,AU18,AU-related group,0,54,0,,0.002977343000482502,,,,,,,
Fear__Neutral,Neutral,Fear,Fear: all,AU20,AU-related group,0,54,0,,0.0742810079618299,,,,,,,
Fear__Neutral,Neutral,Fear,Fear: all,AU22,AU-related group,0,54,0,,0.0002628833281231697,,,,,,,
Fear__Neutral,Neutral,Fear,Fear: all,AU23,AU-related group,0,54,0,,0.0016238275161569425,,,,,,,
Fear__Neutral,Neutral,Fear,Fear: all,AU24,AU-related group,0,54,0,,7.505407616257781e-05,,,,,,,
Fear__Neutral,Neutral,Fear,Fear: all,AU26,AU-related group,0,54,0,,0.20471469390560035,,,,,,,
Fear__Neutral,Neutral,Fear,Fear: all,AU28,AU-related group,0,54,0,,0.03888782413622078,,,,,,,
Fear__Neutral,Neutral,Fear,Fear: all,AU43,AU-related group,0,54,0,,0.007064169672755855,,,,,,,
