pair,subset,feature,mean,sd,q25,median,q75,n
Anger__Disgust,Anger: all,BrowLowererL,0.20824838085213812,0.18595016447831095,0.08582394380047476,0.1557053865602938,0.24948537278299526,54
Anger__Disgust,Anger: all,BrowLowererR,0.20171234012918707,0.18432621681086345,0.08314516504696813,0.15451997783346175,0.24402566684875635,54
Anger__Disgust,Anger: all,CheekPuffL,0.006783752600886666,0.009843672304536531,1.1981447642527609e-15,0.001823130579757744,0.010195080656565587,54
Anger__Disgust,Anger: all,CheekPuffR,0.008759453753449173,0.012349322190659864,1.2872816580886776e-12,0.0021216583466044836,0.012674783061577634,54
Anger__Disgust,Anger: all,CheekRaiserL,0.23089111430153106,0.2095179517199661,0.08857385473481065,0.1321418043832333,0.30042479878757145,54
Anger__Disgust,Anger: all,CheekRaiserR,0.20643269171412623,0.19462395513243422,0.08400605845963578,0.12900639163951078,0.2441054962402025,54
Anger__Disgust,Anger: all,CheekSuckL,1.8357239969374448e-10,1.2932146129320236e-09,1.401298464324817e-45,1.401298464324817e-45,1.401298464324817e-45,54
Anger__Disgust,Anger: all,CheekSuckR,6.985645504375821e-10,5.0902048072044705e-09,1.401298464324817e-45,1.401298464324817e-45,1.401298464324817e-45,54
Anger__Disgust,Anger: all,ChinRaiserB,0.2583817705794435,0.24775091617640446,0.01143865854061,0.23729783641950536,0.3797296245043715,54
Anger__Disgust,Anger: all,ChinRaiserT,0.29446230141041074,0.22883363198971216,0.08329415631749945,0.2520208947054319,0.4207435953586051,54
Anger__Disgust,Anger: all,DimplerL,0.05873094700403696,0.0871048624830206,2.1348854096990944e-07,0.015345783769108062,0.0934250409384649,54
Anger__Disgust,Anger: all,DimplerR,0.05962189176079601,0.08572568354846337,2.1421215110109156e-07,0.019386860829079495,0.09769183225106065,54
Anger__Disgust,Anger: all,EyesClosedL,0.07840049635426105,0.11289787679053603,0.010054494639587965,0.04531587014645299,0.08071692925877864,54
Anger__Disgust,Anger: all,EyesClosedR,0.07858952900881225,0.11682609449770996,0.009857981403001715,0.03500808620204525,0.08241193482050838,54
Anger__Disgust,Anger: all,EyesLookDownL,0.03292889735622855,0.051489847795252994,0.0,0.008943986892700324,0.04621608224917445,54
Anger__Disgust,Anger: all,EyesLookDownR,0.03742261066573517,0.05805929283550719,0.0,0.009536723233759398,0.0523896846478648,54
Anger__Disgust,Anger: all,EyesLookLeftL,0.0364163654489352,0.06423099033393166,0.0,0.0032920821919105864,0.04475046234147155,54
Anger__Disgust,Anger: all,EyesLookLeftR,0.07770282589946063,0.0905305904132036,0.002054402144858606,0.04857285822824145,0.11781622249012187,54
Anger__Disgust,Anger: all,EyesLookRightL,0.08598314338804933,0.09185548492081307,0.007032450586363336,0.0553012357248614,0.14940472133457655,54
Anger__Disgust,Anger: all,EyesLookRightR,0.040731402668461654,0.06666401901231755,0.0,0.006243003728256237,0.06559811637271193,54
Anger__Disgust,Anger: all,EyesLookUpL,0.13424231255176877,0.1465132657998907,0.005730863691618042,0.09145470603058731,0.22499313863615192,54
Anger__Disgust,Anger: all,EyesLookUpR,0.13438379802189526,0.14681274106716263,0.005722661704445873,0.09107880744462207,0.2256240961141884,54
Anger__Disgust,Anger: all,InnerBrowRaiserL,0.03187041349085065,0.030453317554863576,0.007657432395626486,0.02566481495474966,0.04622681081139787,54
Anger__Disgust,Anger: all,InnerBrowRaiserR,0.03333720068378754,0.032355321549336596,0.0035879223342513886,0.028032086331707687,0.054776968923397326,54
Anger__Disgust,Anger: all,JawDrop,0.07026062641632723,0.10352465326389446,0.008491026031811053,0.024145785343474273,0.06133395341554808,54
Anger__Disgust,Anger: all,JawSidewaysLeft,0.0120902777868537,0.013557957244737271,0.0009730644100959653,0.006783079925008876,0.019496567287341775,54
Anger__Disgust,Anger: all,JawSidewaysRight,0.014801889300217332,0.015111150885307165,0.00261809546015109,0.009808953141136525,0.02339054147286443,54
Anger__Disgust,Anger: all,JawThrust,0.026546060733569146,0.0375617035215896,0.003395621116356488,0.01160671621109936,0.03045832928832696,54
Anger__Disgust,Anger: all,LidTightenerL,0.31185318954019686,0.18034674480344434,0.14728729123786713,0.32269734711353715,0.4193423230201006,54
Anger__Disgust,Anger: all,LidTightenerR,0.324328427773792,0.17363413225644053,0.20389161312486972,0.3453958329123755,0.44160239646832145,54
Anger__Disgust,Anger: all,LipCornerDepressorL,0.05100690249252134,0.054171437651874314,0.016429868996305944,0.02294093842695772,0.06863991809015031,54
Anger__Disgust,Anger: all,LipCornerDepressorR,0.04364429197609729,0.05104843139354899,0.011797381428186735,0.01962491864881785,0.06071604131639576,54
Anger__Disgust,Anger: all,LipCornerPullerL,0.054254591934525774,0.0677392763373192,0.009860995082029395,0.025589403168608707,0.07559193723129982,54
Anger__Disgust,Anger: all,LipCornerPullerR,0.05524612677173709,0.07315054769640325,0.007750404776500808,0.022699899598756602,0.0701536824615504,54
Anger__Disgust,Anger: all,LipFunnelerLB,0.00045657099648984404,0.001658275494053799,1.401298464324817e-45,1.401298464324817e-45,1.753558840058091e-30,54
Anger__Disgust,Anger: all,LipFunnelerLT,0.012028947594385346,0.014510212595436993,0.000597762603512808,0.004336927417405753,0.020279079349711775,54
Anger__Disgust,Anger: all,LipFunnelerRB,0.001244079652927468,0.0028597995421521063,1.401298464324817e-45,6.904557721150146e-38,3.363866880586329e-13,54
Anger__Disgust,Anger: all,LipFunnelerRT,0.010241380414275513,0.014391101339580749,1.8605647723458638e-17,0.0018221557125098578,0.014954835781827523,54
Anger__Disgust,Anger: all,LipPressorL,0.02541927840510191,0.06672759177287088,1.2225456710004242e-24,0.0043424552880853146,0.010744521530189807,54
Anger__Disgust,Anger: all,LipPressorR,0.025695584280022565,0.06719849129397722,5.75600497461234e-14,0.004760402906686043,0.010813803800071235,54
Anger__Disgust,Anger: all,LipPuckerL,0.1310608997179559,0.14114007528577885,0.006713990062865014,0.10141813587072142,0.22196063292907456,54
Anger__Disgust,Anger: all,LipPuckerR,0.12706923783207089,0.13765631529444178,0.005551260211517174,0.09589971583774735,0.21572859811882136,54
Anger__Disgust,Anger: all,LipStretcherL,0.04390483907283193,0.08804402783777317,0.005839842138943338,0.012126823128649706,0.027929518905471316,54
Anger__Disgust,Anger: all,LipStretcherR,0.04531090430678511,0.09149201465715587,0.003027391543855579,0.013840243948596231,0.030172546706555028,54
Anger__Disgust,Anger: all,LipSuckLB,0.18614587400851204,0.15437040035191843,0.05360141623350521,0.14519913561137698,0.2983604206393162,54
Anger__Disgust,Anger: all,LipSuckLT,0.05913160903296514,0.053917307077757264,0.01706326107175824,0.0448153687638498,0.08016429037042481,54
Anger__Disgust,Anger: all,LipSuckRB,0.16973843748821657,0.1446785232372768,0.04751431769303352,0.13109684209339317,0.26910357872645063,54
Anger__Disgust,Anger: all,LipSuckRT,0.0505574357248938,0.047413316619003755,0.010867418232373846,0.042810702063017875,0.06989163006655867,54
Anger__Disgust,Anger: all,LipTightenerL,0.0732732756817844,0.09544775379992063,4.927785837122898e-05,0.026514337113312903,0.13304623256747927,54
Anger__Disgust,Anger: all,LipTightenerR,0.07107579064224269,0.09504916970980518,0.0002721726661472144,0.020954202787729255,0.11261607789201658,54
Anger__Disgust,Anger: all,LipsToward,0.04084228127663928,0.018475452888745518,0.027086483885068402,0.03942947833760016,0.055319061409681985,54
Anger__Disgust,Anger: all,LowerLipDepressorL,0.038018378126912125,0.06808656830772064,6.848000393653339e-12,0.006074032917366808,0.05851053852917287,54
Anger__Disgust,Anger: all,LowerLipDepressorR,0.03630743658623484,0.06687726327634982,6.362331718363655e-12,0.003932095225322822,0.056419720194845466,54
Anger__Disgust,Anger: all,MouthLeft,0.01344867564861497,0.010438068810711005,0.005046288909066702,0.01355367748959295,0.020439374540001106,54
Anger__Disgust,Anger: all,MouthRight,0.0068554035242390605,0.008472299294532111,9.625255311287985e-05,0.004425794778398971,0.010750654801571917,54
Anger__Disgust,Anger: all,NoseWrinklerL,0.23793327475590179,0.23224188492127718,0.03201285275875607,0.18235171487989038,0.32969610109383807,54
Anger__Disgust,Anger: all,NoseWrinklerR,0.2386257057103733,0.23459532959114926,0.03620037459823497,0.17912868328309436,0.3376157160537952,54
Anger__Disgust,Anger: all,OuterBrowRaiserL,0.027041548122824312,0.033010136179225276,0.0015517829781477258,0.014996504530184465,0.041197264857085684,54
Anger__Disgust,Anger: all,OuterBrowRaiserR,0.028603585881042157,0.03464946013447084,0.003332127326021222,0.014204600098309993,0.04083584703330411,54
Anger__Disgust,Anger: all,UpperLidRaiserL,0.11974129365987585,0.1309141505981337,0.0035622499570476082,0.05734620499006629,0.21061599910076428,54
Anger__Disgust,Anger: all,UpperLidRaiserR,0.1467544994565451,0.18046660851457144,0.0018964708947640644,0.04837770492279859,0.2520371060158747,54
Anger__Disgust,Anger: all,UpperLipRaiserL,0.24126174927626146,0.21162923145285442,0.056912932226195305,0.2327025119894339,0.35621134961644807,54
Anger__Disgust,Anger: all,UpperLipRaiserR,0.2571182106607485,0.22885231068888648,0.04440599375502667,0.24868779672348557,0.3981383531664809,54
Anger__Disgust,Anger: all,AU1,0.0326038070873191,0.030956094987285798,0.006304579673504385,0.026337298954604148,0.04987332041734281,54
Anger__Disgust,Anger: all,AU2,0.027822567001933238,0.03242037338778061,0.003589274151355874,0.016544483418086457,0.046250988319904186,54
Anger__Disgust,Anger: all,AU4,0.20498036049066262,0.1845811617699177,0.08327063358604143,0.16010977998034492,0.244388150361677,54
Anger__Disgust,Anger: all,AU5,0.13324789655821045,0.14475630519874985,0.0046360480290402045,0.0879838536845812,0.2307098900862987,54
Anger__Disgust,Anger: all,AU6,0.21866190300782867,0.20172852574162412,0.08727288392838087,0.12710195947438474,0.28291702055109147,54
Anger__Disgust,Anger: all,AU7,0.3180908086569944,0.17250455108222015,0.18545124386264136,0.32215359511503705,0.4351444009691477,54
Anger__Disgust,Anger: all,AU8,0.04084228127663928,0.018475452888745518,0.027086483885068402,0.03942947833760016,0.055319061409681985,54
Anger__Disgust,Anger: all,AU9,0.23827949023313758,0.23332738280352172,0.034337003356725404,0.17568324313674563,0.33259773503914614,54
Anger__Disgust,Anger: all,AU10,0.249189979968505,0.220037189955211,0.05344475013786869,0.2416038536807415,0.3700261845447434,54
Anger__Disgust,Anger: all,AU12,0.054750359353131446,0.07036195281489245,0.008733751077185496,0.025051504431612952,0.0726762051348131,54
Anger__Disgust,Anger: all,AU14,0.059176419382416474,0.08637459744310864,2.138503460355005e-07,0.017876773919710168,0.09497829754123296,54
Anger__Disgust,Anger: all,AU15,0.04732559723430931,0.05254941297572885,0.01378321604115622,0.021431713848501913,0.06461698709498521,54
Anger__Disgust,Anger: all,AU16,0.037162907356573474,0.06745747017994518,5.903852943182215e-12,0.005645627989616706,0.05754917704890797,54
Anger__Disgust,Anger: all,AU17,0.2764220359949271,0.23629805096068043,0.06790215230600323,0.227829115430571,0.39583132360403783,54
Anger__Disgust,Anger: all,AU18,0.1290650687750134,0.13938163301630518,0.0061326251371910945,0.09865892585423439,0.21957053491271844,54
Anger__Disgust,Anger: all,AU20,0.04460787168980852,0.0897336106119025,0.004168726306319532,0.01269968604225743,0.0290847592109362,54
Anger__Disgust,Anger: all,AU22,0.005992744664519541,0.008022274708333338,0.0001494406509846306,0.0019552625169727104,0.008844312705454611,54
Anger__Disgust,Anger: all,AU23,0.07217453316201355,0.09517250594143654,0.0003071828531877417,0.02373426995052108,0.12437539981328878,54
Anger__Disgust,Anger: all,AU24,0.025557431342562234,0.06696167419148151,5.191508530123424e-14,0.004760402906864445,0.010634847928304188,54
Anger__Disgust,Anger: all,AU26,0.07026062641632723,0.10352465326389446,0.008491026031811053,0.024145785343474273,0.06133395341554808,54
Anger__Disgust,Anger: all,AU28,0.11639333906364688,0.0918018529941919,0.0321437045100468,0.09699488865911307,0.18432782786694868,54
Anger__Disgust,Anger: all,AU43,0.07849501268153664,0.1102189055134266,0.01280252720075023,0.04402972000526394,0.08215336980453378,54
Anger__Disgust,Anger: correct,BrowLowererL,0.1577809692136015,0.10037450305531527,0.08186805751174683,0.13367888608557743,0.20274466235423458,28
Anger__Disgust,Anger: correct,BrowLowererR,0.15085032779468546,0.10075776952117861,0.06727278983841335,0.12489251591685481,0.21436895982672768,28
Anger__Disgust,Anger: correct,CheekPuffL,0.012309040807325618,0.010896754733841536,0.004198083850094897,0.008570472477024901,0.0219849066168535,28
Anger__Disgust,Anger: correct,CheekPuffR,0.01599650324206389,0.013395436525427932,0.005208834381342639,0.01153675166226523,0.02896723327205017,28
Anger__Disgust,Anger: correct,CheekRaiserL,0.17582146558840508,0.13086571495856952,0.08993824443314222,0.1194373686383518,0.24075822643935677,28
Anger__Disgust,Anger: correct,CheekRaiserR,0.15299894803737554,0.11447916407365791,0.0870638353245643,0.1222473905732234,0.19014598882446684,28
Anger__Disgust,Anger: correct,CheekSuckL,4.594011454984756e-33,2.4309223660128503e-32,1.401298464324817e-45,1.401298464324817e-45,1.401298464324817e-45,28
Anger__Disgust,Anger: correct,CheekSuckR,1.5052942977760944e-33,7.965268723701816e-33,1.401298464324817e-45,1.401298464324817e-45,1.401298464324817e-45,28
Anger__Disgust,Anger: correct,ChinRaiserB,0.3388009425074617,0.21165969113387917,0.1887363867220469,0.33018501209351003,0.4631431370487353,28
Anger__Disgust,Anger: correct,ChinRaiserT,0.34535166678641566,0.21006802162829583,0.17211739077077554,0.3629476351353029,0.48562418545285857,28
Anger__Disgust,Anger: correct,DimplerL,0.027820300210835546,0.04814582671817168,2.562279081929543e-15,1.0618874030228804e-06,0.028963799098399415,28
Anger__Disgust,Anger: correct,DimplerR,0.027944834785116696,0.04746147999640675,2.634114696644145e-15,1.249702148372251e-06,0.028496021473670936,28
Anger__Disgust,Anger: correct,EyesClosedL,0.039077221763228885,0.035999449776201065,0.007650810560989228,0.034051406078772065,0.05844327493041815,28
Anger__Disgust,Anger: correct,EyesClosedR,0.04399097983934375,0.0884746418013105,0.008860820390755992,0.024443782198553303,0.03943515597102126,28
Anger__Disgust,Anger: correct,EyesLookDownL,0.02000118320101511,0.03127554774553773,0.0,0.0,0.029341728841705102,28
Anger__Disgust,Anger: correct,EyesLookDownR,0.020653250003265233,0.03159828501860547,0.0,0.0,0.03795417764702841,28
Anger__Disgust,Anger: correct,EyesLookLeftL,0.038935487430648015,0.06518883403201976,0.0,0.01124390971381216,0.0490288642167191,28
Anger__Disgust,Anger: correct,EyesLookLeftR,0.0825269362964155,0.09406196842798849,0.001106009705108586,0.05595064019629108,0.13612719960510727,28
Anger__Disgust,Anger: correct,EyesLookRightL,0.0727948855964877,0.07553244320850636,0.0005996668711304601,0.05228522455048125,0.11551117282360787,28
Anger__Disgust,Anger: correct,EyesLookRightR,0.02949099444089195,0.04637622224836652,0.0,0.002824731388439723,0.04035290593941074,28
Anger__Disgust,Anger: correct,EyesLookUpL,0.18019962500486925,0.165112279102019,0.0017535881061727767,0.18140747807919977,0.32321561537683,28
Anger__Disgust,Anger: correct,EyesLookUpR,0.18037981361320424,0.165356121667151,0.0017535513422141452,0.1821304183453321,0.32343514574070775,28
Anger__Disgust,Anger: correct,InnerBrowRaiserL,0.039286406268873426,0.03685103150042535,0.007222179500700988,0.03543551493979364,0.06358071064266063,28
Anger__Disgust,Anger: correct,InnerBrowRaiserR,0.04451280256789982,0.03829378175824772,0.005411964440626545,0.05362628645574048,0.06621928876860081,28
Anger__Disgust,Anger: correct,JawDrop,0.01894688492262926,0.0217885260225707,0.0010649434368576623,0.01110618618549775,0.027201213027971433,28
Anger__Disgust,Anger: correct,JawSidewaysLeft,0.019986334645927566,0.014543241012391362,0.007726541953375425,0.018308271615174468,0.033469345280900537,28
Anger__Disgust,Anger: correct,JawSidewaysRight,0.023787915332161597,0.015738405768784162,0.010374907020075323,0.02066061766406589,0.03697273177870855,28
Anger__Disgust,Anger: correct,JawThrust,0.02836131272361509,0.034092526609182404,0.00922398660859696,0.017210637246413734,0.03173636442309789,28
Anger__Disgust,Anger: correct,LidTightenerL,0.3650646685646959,0.1843842261024835,0.23770086268583934,0.3787969671810667,0.5221816050509611,28
Anger__Disgust,Anger: correct,LidTightenerR,0.35547475016535957,0.17469742482602996,0.2659663848533171,0.37528980105386534,0.5076564617455005,28
Anger__Disgust,Anger: correct,LipCornerDepressorL,0.044288359102527534,0.048011696010598695,0.020955634754500307,0.02294093842695772,0.05414222567751491,28
Anger__Disgust,Anger: correct,LipCornerDepressorR,0.03778279821891768,0.04546512204878708,0.013326821259973521,0.01962491864881785,0.0463005884022917,28
Anger__Disgust,Anger: correct,LipCornerPullerL,0.050135219449108405,0.06985492890286524,0.006293499543842445,0.022256749919679818,0.0759056485990034,28
Anger__Disgust,Anger: correct,LipCornerPullerR,0.051367726695978035,0.07539653534896647,0.0043187964979248565,0.015015311498318234,0.0738601618500979,28
Anger__Disgust,Anger: correct,LipFunnelerLB,0.0008805019998637755,0.0022384870004192895,1.401298464324817e-45,1.401298464324817e-45,0.0001310284273137376,28
Anger__Disgust,Anger: correct,LipFunnelerLT,0.01971393557928808,0.015049390459187554,0.0059077557178976794,0.017038564689916942,0.031205083967264083,28
Anger__Disgust,Anger: correct,LipFunnelerRB,0.0023991288303936,0.0036304918904602403,1.401298464324817e-45,1.8714361377785595e-14,0.0057064138204925945,28
Anger__Disgust,Anger: correct,LipFunnelerRT,0.017964146359028647,0.015481821564176814,0.003624545160370423,0.013774297903771267,0.032115628535393584,28
Anger__Disgust,Anger: correct,LipPressorL,0.005985838529154572,0.005128376377282126,0.0006939042191693878,0.005603718396120372,0.009253426110583215,28
Anger__Disgust,Anger: correct,LipPressorR,0.0061809846040379824,0.00530335433305331,0.000501513484600294,0.005747778031460828,0.009680537684587737,28
Anger__Disgust,Anger: correct,LipPuckerL,0.15151135799281584,0.10214261432577737,0.05585400164709421,0.1429698973530738,0.24860696556667483,28
Anger__Disgust,Anger: correct,LipPuckerR,0.147450196358841,0.1022717099591292,0.04849939331124911,0.13967378186051815,0.24040178140600493,28
Anger__Disgust,Anger: correct,LipStretcherL,0.012035460250428865,0.010193640616228503,0.005419179253029405,0.00838580428777879,0.017344575523505476,28
Anger__Disgust,Anger: correct,LipStretcherR,0.010600098734694722,0.013081650046977405,0.0009167195477174937,0.004447523781686835,0.018553580756229586,28
Anger__Disgust,Anger: correct,LipSuckLB,0.1606331951345418,0.15480913305346455,0.02440400527173109,0.10090899642218641,0.31287323795259,28
Anger__Disgust,Anger: correct,LipSuckLT,0.05035207428572787,0.0553024257951425,0.012693211666570833,0.02290742357163248,0.06096567376516755,28
Anger__Disgust,Anger: correct,LipSuckRB,0.14783853100689032,0.14320530965658712,0.026448833641901086,0.0828112246712199,0.283438016846776,28
Anger__Disgust,Anger: correct,LipSuckRT,0.042459216713595725,0.04912405082418278,0.009169716168616966,0.013484409042090754,0.05346268760473924,28
Anger__Disgust,Anger: correct,LipTightenerL,0.1291609308118089,0.10423021913769613,0.029021553623418815,0.1310318127274515,0.19352613050335393,28
Anger__Disgust,Anger: correct,LipTightenerR,0.12719506334182287,0.10365499582739134,0.028617768975521388,0.1116587465551371,0.20494393471405295,28
Anger__Disgust,Anger: correct,LipsToward,0.035907496776659734,0.01595638122081481,0.026188375490407104,0.030801765232657343,0.045393912711491145,28
Anger__Disgust,Anger: correct,LowerLipDepressorL,0.006213143776942351,0.017438650583980524,2.337779815894233e-15,3.589546084365441e-11,1.5474496451584729e-06,28
Anger__Disgust,Anger: correct,LowerLipDepressorR,0.005778283833081687,0.016481003922585984,1.613422825313986e-18,7.496784472826476e-11,0.00013621741741584275,28
Anger__Disgust,Anger: correct,MouthLeft,0.009699918147822542,0.007418609286255346,0.002489606233514017,0.008682401934527502,0.015998218468640007,28
Anger__Disgust,Anger: correct,MouthRight,0.002771830203999821,0.0034813150364327305,5.234266604026958e-09,0.0014167013034845348,0.005154285341753441,28
Anger__Disgust,Anger: correct,NoseWrinklerL,0.11117312634056198,0.12062866618147737,0.006005883455328137,0.057637686466478,0.2049405604293497,28
Anger__Disgust,Anger: correct,NoseWrinklerR,0.11076392223282175,0.11833741281605363,0.006356966333388874,0.06445447513663866,0.20600986755406056,28
Anger__Disgust,Anger: correct,OuterBrowRaiserL,0.023513137252867366,0.033945499740457935,0.0015498101105094575,0.010950597148863945,0.027935476971712538,28
Anger__Disgust,Anger: correct,OuterBrowRaiserR,0.024423266355036853,0.03175475981372083,0.005198902575254228,0.011471522766805672,0.03197315159583615,28
Anger__Disgust,Anger: correct,UpperLidRaiserL,0.10315888795815431,0.11301541307150749,0.010868032980460022,0.04656429543083596,0.16336861732925168,28
Anger__Disgust,Anger: correct,UpperLidRaiserR,0.12754064196102435,0.18079497061238267,0.002289641214219466,0.04136420212148688,0.1470132319023832,28
Anger__Disgust,Anger: correct,UpperLipRaiserL,0.15344132144131525,0.15051253590580416,0.0286754408004745,0.0660279489941081,0.30791140894095104,28
Anger__Disgust,Anger: correct,UpperLipRaiserR,0.1627081619386747,0.16811100471358434,0.02214840358737997,0.05619361415366414,0.3436418265725175,28
Anger__Disgust,Anger: correct,AU1,0.04189960441838664,0.03728811312852822,0.0066384028751722375,0.044530900697767065,0.06414573750613874,28
Anger__Disgust,Anger: correct,AU2,0.02396820180395211,0.030485377968587152,0.003661574066253059,0.013152965715319882,0.03588554990080103,28
Anger__Disgust,Anger: correct,AU4,0.15431564850414348,0.09881670177031408,0.07612222380315259,0.1387344134886234,0.19482686064256993,28
Anger__Disgust,Anger: correct,AU5,0.11534976495958933,0.12640274781788996,0.005927608183566301,0.06877293461044162,0.21384903793881066,28
Anger__Disgust,Anger: correct,AU6,0.1644102068128903,0.12214618707272389,0.08791908919035143,0.12136551234933433,0.21742209459965423,28
Anger__Disgust,Anger: correct,AU7,0.3602697093650277,0.17656956746944374,0.27648282047205913,0.37882447528342406,0.513857900351286,28
Anger__Disgust,Anger: correct,AU8,0.035907496776659734,0.01595638122081481,0.026188375490407104,0.030801765232657343,0.045393912711491145,28
Anger__Disgust,Anger: correct,AU9,0.11096852428669186,0.11937171132681249,0.006017287477505776,0.06104608080155832,0.20547521399170512,28
Anger__Disgust,Anger: correct,AU10,0.158074741689995,0.1591325040999203,0.025411922193927235,0.06111078157388613,0.3257766177567343,28
Anger__Disgust,Anger: correct,AU12,0.050751473072543206,0.07256721793848839,0.005197852113795582,0.018385572723371636,0.07563051388520606,28
Anger__Disgust,Anger: correct,AU14,0.027882567497976123,0.04776775650631426,2.598196889286844e-15,1.1557947756975657e-06,0.02872991028603518,28
Anger__Disgust,Anger: correct,AU15,0.04103557866072262,0.046707228800505284,0.01699145374214286,0.021536391387538316,0.0502214070399033,28
Anger__Disgust,Anger: correct,AU16,0.0059957138050120195,0.016947278733563702,3.984287673416605e-15,5.543165278595959e-11,6.966252987057885e-05,28
Anger__Disgust,Anger: correct,AU17,0.34207630464693867,0.21025520772640094,0.17708319227620076,0.3475516545499375,0.480968268083376,28
Anger__Disgust,Anger: correct,AU18,0.14948077717582842,0.10218198615267736,0.052144554387814374,0.141321839606796,0.2461655917070904,28
Anger__Disgust,Anger: correct,AU20,0.011317779492561792,0.011409272945350091,0.0036582104792638173,0.005435225364484073,0.018027485520360587,28
Anger__Disgust,Anger: correct,AU22,0.010239428192143527,0.008699581270372523,0.002013977642574783,0.008021704113573839,0.017449691452066818,28
Anger__Disgust,Anger: correct,AU23,0.12817799707681593,0.10381703866135063,0.028819661299470105,0.12435594348159304,0.19542616253529554,28
Anger__Disgust,Anger: correct,AU24,0.006083411566596276,0.005196883977260389,0.0005773727604139166,0.005980022593030262,0.009598923871119098,28
Anger__Disgust,Anger: correct,AU26,0.01894688492262926,0.0217885260225707,0.0010649434368576623,0.01110618618549775,0.027201213027971433,28
Anger__Disgust,Anger: correct,AU28,0.10032075428518891,0.09236165803288668,0.018178242605008183,0.061549474164677195,0.17709090362356406,28
Anger__Disgust,Anger: correct,AU43,0.04153410080128631,0.056206335546363305,0.011288965715914001,0.025746801274246556,0.05350669074168431,28
Anger__Disgust,Anger → Disgust,BrowLowererL,0.2939776790135188,0.23504884602258908,0.1333542332623134,0.22456730622798202,0.3630806288124101,23
Anger__Disgust,Anger → Disgust,BrowLowererR,0.28775733322181407,0.23167969457022705,0.13224561703567206,0.21921600401401514,0.3432089051254782,23
Anger__Disgust,Anger → Disgust,CheekPuffL,0.0008515656701334998,0.0026224655941677368,4.984241369615512e-35,6.2128686013997134e-18,0.00024993757936844633,23
Anger__Disgust,Anger → Disgust,CheekPuffR,0.000871339336345118,0.0029064169410436174,3.624591394078991e-26,9.885549336547606e-14,1.1359628001502174e-05,23
Anger__Disgust,Anger → Disgust,CheekRaiserL,0.3226058757081524,0.2592260269677582,0.1187293734546983,0.2288525621096293,0.4695585625867049,23
Anger__Disgust,Anger → Disgust,CheekRaiserR,0.29511325210988976,0.24254965932357314,0.10999526736285972,0.2349971681833267,0.4150250622381767,23
Anger__Disgust,Anger → Disgust,CheekSuckL,4.131311516196766e-10,1.9813074002001314e-09,1.401298464324817e-45,1.401298464324817e-45,1.401298464324817e-45,23
Anger__Disgust,Anger → Disgust,CheekSuckR,1.626513328735012e-09,7.800483895035676e-09,0.0,1.401298464324817e-45,1.401298464324817e-45,23
Anger__Disgust,Anger → Disgust,ChinRaiserB,0.19250618540560605,0.2680811949819255,0.0012970591616401706,0.03452727745092707,0.31725646069375424,23
Anger__Disgust,Anger → Disgust,ChinRaiserT,0.2658926444436703,0.2426119533086835,0.08381568822568466,0.20076954793184992,0.3395194342623654,23
Anger__Disgust,Anger → Disgust,DimplerL,0.09715619394886339,0.11084600330234627,0.007783617395614287,0.06003264517833785,0.13953329319023194,23
Anger__Disgust,Anger → Disgust,DimplerR,0.09889272500497735,0.10800347273342235,0.012247489520950647,0.04976668607754009,0.14206682529008102,23
Anger__Disgust,Anger → Disgust,EyesClosedL,0.13568968037961704,0.15166885551830547,0.04218208423505223,0.07818523617461318,0.14884366073335206,23
Anger__Disgust,Anger → Disgust,EyesClosedR,0.1309384568190877,0.13433591935026729,0.029868394633134183,0.08509669452905651,0.16643009899804986,23
Anger__Disgust,Anger → Disgust,EyesLookDownL,0.05142596116109701,0.06739683308050913,0.006868549063945432,0.015367208917935684,0.06987653869698342,23
Anger__Disgust,Anger → Disgust,EyesLookDownR,0.06185149809914324,0.07597623442267633,0.003500925345967212,0.036018849660952874,0.07751572498430806,23
Anger__Disgust,Anger → Disgust,EyesLookLeftL,0.03429501284039545,0.06712475386832005,0.0,0.00151641260211666,0.027404328874157103,23
Anger__Disgust,Anger → Disgust,EyesLookLeftR,0.0711341181303673,0.09048749524876831,0.011441482184454772,0.035932466574013194,0.09348022105017051,23
Anger__Disgust,Anger → Disgust,EyesLookRightL,0.10693843357376348,0.10931285533787201,0.031164594274014225,0.06570326449970401,0.16843460388481615,23
Anger__Disgust,Anger → Disgust,EyesLookRightR,0.05765120674521944,0.08633357753541282,0.0032815751852467616,0.009316568076610559,0.08964019678533074,23
Anger__Disgust,Anger → Disgust,EyesLookUpL,0.08701740182426664,0.10724602040050937,0.01615697137701013,0.0487387937493622,0.1189865752123296,23
Anger__Disgust,Anger → Disgust,EyesLookUpR,0.08709329709805466,0.10768413696633218,0.01606589183211326,0.048875636545320324,0.1189681263019641,23
Anger__Disgust,Anger → Disgust,InnerBrowRaiserL,0.024675507163675413,0.020090860349291733,0.0074438016398743895,0.023700296172561704,0.03762327785758918,23
Anger__Disgust,Anger → Disgust,InnerBrowRaiserR,0.0210078852361868,0.019090215686102027,0.0020952102023935547,0.015366075149116363,0.03484986489444655,23
Anger__Disgust,Anger → Disgust,JawDrop,0.12994700599964082,0.13143059754074188,0.022194814035395853,0.0443942232031986,0.24266864626357948,23
Anger__Disgust,Anger → Disgust,JawSidewaysLeft,0.0035679965729844133,0.004166764157177111,1.5749777546854808e-07,0.00221077096648513,0.005591369858844517,23
Anger__Disgust,Anger → Disgust,JawSidewaysRight,0.0052120835819280485,0.005610230040135611,0.0013290509527672583,0.00271886629057449,0.008918478201461688,23
Anger__Disgust,Anger → Disgust,JawThrust,0.02714050951114228,0.04363434116556799,0.0022137228741327527,0.008712951792404,0.025083680035398438,23
Anger__Disgust,Anger → Disgust,LidTightenerL,0.27613729449832297,0.15786559402635802,0.16336924813888487,0.2632808806995551,0.360781529545784,23
Anger__Disgust,Anger → Disgust,LidTightenerR,0.3233933910201377,0.15011868231861422,0.20627798597949243,0.32543765302737787,0.40699017196893694,23
Anger__Disgust,Anger → Disgust,LipCornerDepressorL,0.06336427841462132,0.06213010733734496,0.016609224405464917,0.025530380755662888,0.09368825995673732,23
Anger__Disgust,Anger → Disgust,LipCornerDepressorR,0.05463152377630105,0.058501404326769556,0.008673060499182362,0.020252342460056097,0.09142810968283288,23
Anger__Disgust,Anger → Disgust,LipCornerPullerL,0.06441717310421458,0.06860156892578761,0.01651992784657823,0.03503104228365049,0.09868668481547968,23
Anger__Disgust,Anger → Disgust,LipCornerPullerR,0.06532850133901177,0.07446200744387013,0.012705748128791987,0.02913361072229837,0.1007089168997481,23
Anger__Disgust,Anger → Disgust,LipFunnelerLB,3.3818010420793026e-08,1.6218548043118997e-07,1.401298464324817e-45,1.401298464324817e-45,7.746611460531641e-42,23
Anger__Disgust,Anger → Disgust,LipFunnelerLT,0.003889190751584971,0.008513485820109887,4.927638049876231e-18,0.0009564857762282063,0.004330432087835015,23
Anger__Disgust,Anger → Disgust,LipFunnelerRB,2.040872619643605e-07,7.771546735130287e-07,1.401298464324817e-45,1.401298464324817e-45,9.148913886449103e-36,23
Anger__Disgust,Anger → Disgust,LipFunnelerRT,0.0018318036706946696,0.006822833491159683,2.504550789651345e-29,2.0563595946560127e-17,2.0400077929601846e-05,23
Anger__Disgust,Anger → Disgust,LipPressorL,0.05239293717648587,0.0967727007472719,1.0118829150118379e-32,0.0016273372651388032,0.05084175846228995,23
Anger__Disgust,Anger → Disgust,LipPressorR,0.05279438440557321,0.09747893209029555,1.0111656941039851e-32,0.00139138457986215,0.051037334293747925,23
Anger__Disgust,Anger → Disgust,LipPuckerL,0.11853255055727964,0.18213610870832903,0.0003778362312264691,0.013560920053472087,0.18744351311695945,23
Anger__Disgust,Anger → Disgust,LipPuckerR,0.11433546543579434,0.17568529242290637,0.000377836235105745,0.01038388307982432,0.1824431026761507,23
Anger__Disgust,Anger → Disgust,LipStretcherL,0.08434387364244389,0.12376430750992734,0.009133318440826543,0.027194314969051357,0.1207468037648747,23
Anger__Disgust,Anger → Disgust,LipStretcherR,0.08916471139010693,0.12710074120360723,0.010817930306338468,0.02901345283415774,0.12986216899783656,23
Anger__Disgust,Anger → Disgust,LipSuckLB,0.2283919910622288,0.1536255222852555,0.1129278526951869,0.20415217428855983,0.2739763675878445,23
Anger__Disgust,Anger → Disgust,LipSuckLT,0.0754312519008231,0.05113751951576878,0.03567466558392214,0.06897823003431157,0.09506715966148246,23
Anger__Disgust,Anger → Disgust,LipSuckRB,0.20753581349952388,0.14689418549484334,0.09740151461834705,0.18675787299871438,0.24388725496828556,23
Anger__Disgust,Anger → Disgust,LipSuckRT,0.06531287467425616,0.04405591067655151,0.029204092517565457,0.05908984736603691,0.08555276050853228,23
Anger__Disgust,Anger → Disgust,LipTightenerL,0.012458218794432591,0.018017743090544863,1.401298464324817e-45,0.002605408908344609,0.018222469241232383,23
Anger__Disgust,Anger → Disgust,LipTightenerR,0.01029142512485242,0.015247904685050271,1.401298464324817e-45,0.0018350171573335427,0.014783393705040913,23
Anger__Disgust,Anger → Disgust,LipsToward,0.04794384243398684,0.020116090827787196,0.036471168401961476,0.04487936670581495,0.06065509387602404,23
Anger__Disgust,Anger → Disgust,LowerLipDepressorL,0.07806194991269319,0.08796742143609283,0.012811329701090089,0.0617470710693548,0.10348882272706172,23
Anger__Disgust,Anger → Disgust,LowerLipDepressorR,0.07463947351044987,0.08737886791495605,0.013610854176059596,0.05644095999756091,0.09704359996767159,23
Anger__Disgust,Anger → Disgust,MouthLeft,0.019157176383423864,0.011259232754112614,0.010036256439405866,0.020478338996569267,0.02577018346055406,23
Anger__Disgust,Anger → Disgust,MouthRight,0.012349208021768327,0.01008854807221572,0.005072261843801417,0.0115301480588651,0.017855532663935574,23
Anger__Disgust,Anger → Disgust,NoseWrinklerL,0.4165877800742588,0.22976927090934027,0.26480712189028655,0.3617921782036622,0.6373864613783856,23
Anger__Disgust,Anger → Disgust,NoseWrinklerR,0.41830989090894816,0.2353759379259491,0.26695710275926765,0.36744894882043205,0.6530628377402232,23
Anger__Disgust,Anger → Disgust,OuterBrowRaiserL,0.031954542717139746,0.03355019349760999,0.00370879233443395,0.021427882478261943,0.050307836231271066,23
Anger__Disgust,Anger → Disgust,OuterBrowRaiserR,0.03350732026434726,0.03881186123638127,0.0014120627104905776,0.019500773776477784,0.05402222114304697,23
Anger__Disgust,Anger → Disgust,UpperLidRaiserL,0.1442085509108688,0.1497645016618261,0.009383760862462478,0.07295447563131646,0.23954507392191865,23
Anger__Disgust,Anger → Disgust,UpperLidRaiserR,0.17755821511796535,0.1850311810468575,0.0024320715861230156,0.15935033522546288,0.2664722706036021,23
Anger__Disgust,Anger → Disgust,UpperLipRaiserL,0.3672474762333993,0.223091633372767,0.22218074637542784,0.3438725053584373,0.5256374417493741,23
Anger__Disgust,Anger → Disgust,UpperLipRaiserR,0.3926932306046406,0.23774222142608165,0.24078261813483548,0.3740996758143107,0.5996638463907099,23
Anger__Disgust,Anger → Disgust,AU1,0.022841696199931105,0.018841331192092338,0.006208594681644735,0.02480323969114878,0.037968040108292626,23
Anger__Disgust,Anger → Disgust,AU2,0.032730931490743506,0.03578701342611087,0.0032591027812946707,0.02127336534516261,0.05029440036305455,23
Anger__Disgust,Anger → Disgust,AU4,0.29086750611766643,0.23322259699880019,0.13144062941367637,0.21883785311753548,0.35314476696894415,23
Anger__Disgust,Anger → Disgust,AU5,0.1608833830144171,0.1651045817211605,0.010363910818921154,0.15206816140562293,0.2569104013033211,23
Anger__Disgust,Anger → Disgust,AU6,0.30885956390902103,0.250596014937649,0.11518439579134182,0.23192486514647798,0.44229181241244075,23
Anger__Disgust,Anger → Disgust,AU7,0.2997653427592303,0.14815710599481674,0.18727907441770786,0.3011312109124821,0.3831858138243357,23
Anger__Disgust,Anger → Disgust,AU8,0.04794384243398684,0.020116090827787196,0.036471168401961476,0.04487936670581495,0.06065509387602404,23
Anger__Disgust,Anger → Disgust,AU9,0.4174488354916035,0.23243862268303492,0.2658821123247771,0.36076990167299905,0.6452246495593044,23
Anger__Disgust,Anger → Disgust,AU10,0.37997035341901997,0.23013239483713116,0.23148168225513166,0.36031066682189705,0.5668555986136198,23
Anger__Disgust,Anger → Disgust,AU12,0.06487283722161317,0.07141215823122954,0.015110979915804474,0.03145378139990948,0.0995318240803242,23
Anger__Disgust,Anger → Disgust,AU14,0.09802445947692033,0.10937343350277597,0.010015553458282467,0.054899665627938965,0.14080005924015648,23
Anger__Disgust,Anger → Disgust,AU15,0.0589979010954612,0.060221915740248315,0.013122431087087286,0.02155341667117526,0.0925581848197851,23
Anger__Disgust,Anger → Disgust,AU16,0.07635071171157154,0.08763569570064206,0.012998796509411832,0.0598739928100258,0.10026621134736666,23
Anger__Disgust,Anger → Disgust,AU17,0.22919941492463813,0.25269817791845695,0.05544511968169663,0.11204309138411189,0.32838794747805977,23
Anger__Disgust,Anger → Disgust,AU18,0.116434007996537,0.17890671339813075,0.0003778362331661071,0.011972401566648205,0.18522720288037342,23
Anger__Disgust,Anger → Disgust,AU20,0.08675429251627542,0.12541530254476185,0.009469604329721375,0.02850132958655516,0.12530448638135563,23
Anger__Disgust,Anger → Disgust,AU22,0.0014303080818880063,0.003790019510405077,3.693138483426059e-18,0.00023912144405705156,0.0013395121163365556,23
Anger__Disgust,Anger → Disgust,AU23,0.011374821959642505,0.016622929831899887,1.401298464324817e-45,0.002220213032839076,0.01650293147313665,23
Anger__Disgust,Anger → Disgust,AU24,0.052593660791029534,0.09712483779919338,1.0115243045579115e-32,0.0015093609225004766,0.05093954637801894,23
Anger__Disgust,Anger → Disgust,AU26,0.12994700599964082,0.13143059754074188,0.022194814035395853,0.0443942232031986,0.24266864626357948,23
Anger__Disgust,Anger → Disgust,AU28,0.14416798278420798,0.08928370570954525,0.07684932759157564,0.13033949594757624,0.18959829807281492,23
Anger__Disgust,Anger → Disgust,AU43,0.13331406859935238,0.14048019778090842,0.04380598411894171,0.08387019435564672,0.14378817860415435,23
Anger__Disgust,Disgust: all,BrowLowererL,0.20364890998157592,0.16631305008775768,0.0640377252287957,0.16652873956287897,0.2831928343997181,54
Anger__Disgust,Disgust: all,BrowLowererR,0.18631237832654704,0.15881316827048333,0.06579381906290105,0.1403420028325854,0.2651783250349884,54
Anger__Disgust,Disgust: all,CheekPuffL,0.0024551103065273104,0.00945766691958726,1.401298464324817e-45,3.455903464155635e-21,0.0011299907762764533,54
Anger__Disgust,Disgust: all,CheekPuffR,0.0027735684401712334,0.009968113785269683,1.322272587753835e-40,4.646789944782485e-06,0.001380765990711608,54
Anger__Disgust,Disgust: all,CheekRaiserL,0.29181043352651315,0.2296428072042262,0.12740234389590716,0.25676804656783736,0.35953628694017725,54
Anger__Disgust,Disgust: all,CheekRaiserR,0.2642519848114144,0.22787594440484002,0.11418558425923478,0.20511942924931642,0.32090551468233264,54
Anger__Disgust,Disgust: all,CheekSuckL,2.4470741064524488e-05,0.00017982248770756756,1.401298464324817e-45,1.401298464324817e-45,1.401298464324817e-45,54
Anger__Disgust,Disgust: all,CheekSuckR,3.3311644922711e-21,1.9212904871307615e-20,3.503246160812043e-46,1.401298464324817e-45,1.401298464324817e-45,54
Anger__Disgust,Disgust: all,ChinRaiserB,0.11176969308846262,0.18237478437345392,0.0051228235481662774,0.03133387290689234,0.160632462692513,54
Anger__Disgust,Disgust: all,ChinRaiserT,0.17200349018084143,0.17195124896397143,0.05083907114652292,0.11644971372710032,0.23906646530764797,54
Anger__Disgust,Disgust: all,DimplerL,0.10341698908133092,0.11597957506561565,0.024295014092842158,0.07340461374648534,0.14396203835273502,54
Anger__Disgust,Disgust: all,DimplerR,0.10316488143265676,0.11271261023637433,0.024724410701624844,0.08512178594246503,0.149087896664696,54
Anger__Disgust,Disgust: all,EyesClosedL,0.08110458807778993,0.11325605815264372,0.004576677334504555,0.028325274808690473,0.15351900769159693,54
Anger__Disgust,Disgust: all,EyesClosedR,0.0811410500258168,0.10497866633761282,0.005809698455656551,0.036268194050838524,0.12630748612226697,54
Anger__Disgust,Disgust: all,EyesLookDownL,0.04890534863136148,0.059955559003208383,1.3476726660992486e-12,0.024485725894919555,0.08257423614999783,54
Anger__Disgust,Disgust: all,EyesLookDownR,0.05540130715944406,0.0677494456064653,9.760068383477673e-29,0.02644523784207799,0.10886213891208167,54
Anger__Disgust,Disgust: all,EyesLookLeftL,0.0452460316170609,0.06964806970853966,0.0,0.00650017064375181,0.06955870583963886,54
Anger__Disgust,Disgust: all,EyesLookLeftR,0.08538495368172593,0.09990275501541945,3.2920413650571664e-05,0.04310235042745865,0.1521566274265448,54
Anger__Disgust,Disgust: all,EyesLookRightL,0.10500805150592146,0.11186274564252897,0.007676565281238361,0.06659870296716686,0.15673311896001296,54
Anger__Disgust,Disgust: all,EyesLookRightR,0.058790674164710136,0.08459775814178495,0.0,0.02514621664304283,0.07558778788467554,54
Anger__Disgust,Disgust: all,EyesLookUpL,0.0526659598651114,0.07700989683678884,0.0,0.010691281997909143,0.0928365180793965,54
Anger__Disgust,Disgust: all,EyesLookUpR,0.05271194991125669,0.07717948976251723,0.0,0.010642481874674554,0.09310008467655276,54
Anger__Disgust,Disgust: all,InnerBrowRaiserL,0.042870261616378136,0.04988864940904516,0.005988669440133237,0.026169854183293206,0.054438400107998504,54
Anger__Disgust,Disgust: all,InnerBrowRaiserR,0.0402406018594224,0.04670575944736881,0.005844565362237004,0.02431136626352473,0.06180794692287839,54
Anger__Disgust,Disgust: all,JawDrop,0.10876266707982257,0.09761784489997939,0.032049174190857795,0.09381988152272161,0.1324269353916558,54
Anger__Disgust,Disgust: all,JawSidewaysLeft,0.00488835742755227,0.004859068109923494,8.688923306007455e-07,0.004008458237998001,0.008203491701636902,54
Anger__Disgust,Disgust: all,JawSidewaysRight,0.007897848655690156,0.00655257689419411,0.0018834495276704132,0.007921328571205732,0.010933495691426804,54
Anger__Disgust,Disgust: all,JawThrust,0.03868223588235398,0.05698296762780175,0.0016263167459977087,0.008939226345436636,0.04970708840144384,54
Anger__Disgust,Disgust: all,LidTightenerL,0.2981366222858074,0.18919629892621223,0.15418947992535922,0.28213558296362556,0.42126372034351034,54
Anger__Disgust,Disgust: all,LidTightenerR,0.2799414716760359,0.18818990664940596,0.12619762965948023,0.287866102073652,0.4159729747877767,54
Anger__Disgust,Disgust: all,LipCornerDepressorL,0.11643143957419168,0.11786504912917378,0.023020023084245583,0.05965628465837649,0.20351800215042504,54
Anger__Disgust,Disgust: all,LipCornerDepressorR,0.09825104920742044,0.10765389765703642,0.009568744758143972,0.04033862996060039,0.1831943317390596,54
Anger__Disgust,Disgust: all,LipCornerPullerL,0.12403860629879152,0.20766752399905375,0.016707341023720755,0.041919917209694735,0.12319351567033052,54
Anger__Disgust,Disgust: all,LipCornerPullerR,0.12564717712488532,0.21075516307965875,0.00958072841112876,0.03889185159205222,0.12536269910826345,54
Anger__Disgust,Disgust: all,LipFunnelerLB,0.0011374386064590776,0.0066070050570772535,1.401298464324817e-45,1.401298464324817e-45,2.0695696794109426e-28,54
Anger__Disgust,Disgust: all,LipFunnelerLT,0.0037054494070433144,0.00655361284244816,3.268505312331287e-21,0.00017652995071675335,0.00648399434559011,54
Anger__Disgust,Disgust: all,LipFunnelerRB,0.0011489397558673703,0.006772507186858893,1.401298464324817e-45,1.5277306182685237e-41,1.0504204090184295e-14,54
Anger__Disgust,Disgust: all,LipFunnelerRT,0.002962436235970985,0.006422091308666312,6.44186105910034e-39,7.660894708120064e-08,0.002601988821367183,54
Anger__Disgust,Disgust: all,LipPressorL,0.018620562339771538,0.054418851475357875,1.6097416108931336e-43,1.3639608847326026e-15,0.004245629118031475,54
Anger__Disgust,Disgust: all,LipPressorR,0.01871404361769316,0.05491310674292795,6.541055455459756e-38,3.783031461863737e-09,0.004440219022474542,54
Anger__Disgust,Disgust: all,LipPuckerL,0.04466690239111557,0.09894536543441633,1.1412128419971456e-09,0.00233218872053837,0.04077323818825948,54
Anger__Disgust,Disgust: all,LipPuckerR,0.04324851318067585,0.09588900280702861,9.291568838471303e-13,0.0017306261323568246,0.04254241320422122,54
Anger__Disgust,Disgust: all,LipStretcherL,0.10378531040281726,0.1446679093324298,0.01854848196380767,0.040784756450921084,0.12371854924907283,54
Anger__Disgust,Disgust: all,LipStretcherR,0.1078616965191718,0.14780605722725015,0.015873784736424035,0.043983485832237976,0.13182319384068247,54
Anger__Disgust,Disgust: all,LipSuckLB,0.1284654985704303,0.11012671069799632,0.06554844052500353,0.09627310149470009,0.17687347319442775,54
Anger__Disgust,Disgust: all,LipSuckLT,0.06836339055219018,0.09793309029247158,0.021533051050734723,0.04049946715434388,0.07927524290334317,54
Anger__Disgust,Disgust: all,LipSuckRB,0.11156187647240445,0.10398705182747156,0.05423255750080329,0.08000029341492332,0.15514563697700695,54
Anger__Disgust,Disgust: all,LipSuckRT,0.059501595236439185,0.09267149577845336,0.019542161580809736,0.03804819898990289,0.06690000786358749,54
Anger__Disgust,Disgust: all,LipTightenerL,0.01078156466892883,0.024313654255671106,1.401298464324817e-45,1.8872271664609155e-18,0.004278575340210641,54
Anger__Disgust,Disgust: all,LipTightenerR,0.009758413720604316,0.02233177892932066,1.401298464324817e-45,3.6463969849342677e-23,0.0038632429348543123,54
Anger__Disgust,Disgust: all,LipsToward,0.04191319725471171,0.04794904862243715,0.023043009506848896,0.03534018434584136,0.04504643489296233,54
Anger__Disgust,Disgust: all,LowerLipDepressorL,0.13410445371033966,0.1608825146977133,0.003144933538539518,0.07487421146127073,0.21578588178535935,54
Anger__Disgust,Disgust: all,LowerLipDepressorR,0.13049145148914582,0.15652536575151926,0.005034166219244505,0.0724448556701342,0.21227837344301098,54
Anger__Disgust,Disgust: all,MouthLeft,0.009755599564349559,0.0111392179343926,0.002001899404762183,0.006018035885559488,0.01176249156346781,54
Anger__Disgust,Disgust: all,MouthRight,0.005664014670412648,0.009952490107263812,6.32456335468993e-11,0.0016436527424848303,0.005026430900818423,54
Anger__Disgust,Disgust: all,NoseWrinklerL,0.24080601683053532,0.2508259446300533,0.035943414346578315,0.1585846400432594,0.39034991464046126,54
Anger__Disgust,Disgust: all,NoseWrinklerR,0.24070146386259614,0.25619692655479137,0.02392469237250524,0.14838287125009564,0.381477568934982,54
Anger__Disgust,Disgust: all,OuterBrowRaiserL,0.0349691367786915,0.04127935098484689,0.0022040208054628385,0.015724938504687654,0.058908461042079696,54
Anger__Disgust,Disgust: all,OuterBrowRaiserR,0.03907723090189351,0.04721082576497574,0.0013927764080562694,0.021617122732019763,0.05703004539876319,54
Anger__Disgust,Disgust: all,UpperLidRaiserL,0.06525532418534884,0.10980988682419106,1.0745167929228136e-19,0.004027300833617991,0.06789577277241517,54
Anger__Disgust,Disgust: all,UpperLidRaiserR,0.07977094952988822,0.11829837206712339,5.7198182509170595e-08,0.009154220517927834,0.14753587724286865,54
Anger__Disgust,Disgust: all,UpperLipRaiserL,0.27941785154940696,0.20442985478490835,0.07799923072296432,0.2505592817181119,0.43678644456182764,54
Anger__Disgust,Disgust: all,UpperLipRaiserR,0.29346367233183784,0.2118754028707113,0.0901851706052216,0.2753960109880912,0.4750087556429298,54
Anger__Disgust,Disgust: all,AU1,0.04155543173790027,0.047524980794965976,0.006002868013978439,0.028051092042005572,0.05436732589078016,54
Anger__Disgust,Disgust: all,AU2,0.03702318384029251,0.04187181738815475,0.0026279849046651517,0.0215348197666268,0.06367123018171691,54
Anger__Disgust,Disgust: all,AU4,0.1949806441540615,0.16144323811428418,0.058284122029624505,0.14782346721040082,0.28844926360082657,54
Anger__Disgust,Disgust: all,AU5,0.07251313685761855,0.10854444433856576,1.1421708097828243e-05,0.009913544576439587,0.10232616764924331,54
Anger__Disgust,Disgust: all,AU6,0.27803120916896373,0.22830716623414135,0.1173259035443758,0.23328517725070314,0.3337684315939744,54
Anger__Disgust,Disgust: all,AU7,0.28903904698092164,0.17987947072229715,0.1708460405692998,0.2819414645608049,0.38038189033989817,54
Anger__Disgust,Disgust: all,AU8,0.04191319725471171,0.04794904862243715,0.023043009506848896,0.03534018434584136,0.04504643489296233,54
Anger__Disgust,Disgust: all,AU9,0.24075374034656574,0.2533543835191957,0.029052536516367838,0.14959046805880077,0.38416341716002667,54
Anger__Disgust,Disgust: all,AU10,0.2864407619406224,0.20794090808602048,0.08072102987229562,0.26684164094403967,0.45764898802396753,54
Anger__Disgust,Disgust: all,AU12,0.12484289171183839,0.20918428263098982,0.013059852796141018,0.03909313857305577,0.1240493352427923,54
Anger__Disgust,Disgust: all,AU14,0.10329093525699384,0.11428562339556403,0.025178330517257697,0.08072845973268458,0.14652496750871552,54
Anger__Disgust,Disgust: all,AU15,0.10734124439080601,0.1125902592427885,0.017880770235205953,0.05176532082929054,0.19451874020918844,54
Anger__Disgust,Disgust: all,AU16,0.13229795259974272,0.15866195458179086,0.004291625596272744,0.07356400486702716,0.21403212761418516,54
Anger__Disgust,Disgust: all,AU17,0.14188659163465203,0.173469864733417,0.03353834145632576,0.07240339368710544,0.19778952588584137,54
Anger__Disgust,Disgust: all,AU18,0.04395770778589572,0.09740426779397961,1.0356209269155036e-08,0.002630959634855846,0.04175427148399898,54
Anger__Disgust,Disgust: all,AU20,0.10582350346099456,0.14620193031858214,0.016827645571959194,0.04238412114157954,0.1276731108198873,54
Anger__Disgust,Disgust: all,AU22,0.0022385660013351867,0.006076793935697215,2.274339361346904e-21,0.00012127580081715636,0.0026149320975353443,54
Anger__Disgust,Disgust: all,AU23,0.010269989194766573,0.023290284967531577,1.401298464324817e-45,5.022777297152134e-16,0.004035416694580332,54
Anger__Disgust,Disgust: all,AU24,0.018667302978732352,0.0546649951753389,2.1355322643918998e-27,1.7970144578241127e-07,0.004285613845248086,54
Anger__Disgust,Disgust: all,AU26,0.10876266707982257,0.09761784489997939,0.032049174190857795,0.09381988152272161,0.1324269353916558,54
Anger__Disgust,Disgust: all,AU28,0.09197309020786604,0.09596911403313191,0.04376415475947931,0.07215227637625499,0.11585387836365153,54
Anger__Disgust,Disgust: all,AU43,0.08112281905180335,0.10074364442823344,0.008461494353890368,0.03633110306918995,0.12179363863977158,54
Anger__Disgust,Disgust: correct,BrowLowererL,0.27429085437956846,0.1650296999493,0.13678457940691258,0.25550745233780087,0.34262888443966705,30
Anger__Disgust,Disgust: correct,BrowLowererR,0.2600669810520221,0.1612163420376523,0.12258420596159943,0.2495473467973493,0.3522329870611429,30
Anger__Disgust,Disgust: correct,CheekPuffL,0.0011963721404219191,0.0031861424015095386,1.401298464324817e-45,3.455903464155635e-21,0.0005522477381632983,30
Anger__Disgust,Disgust: correct,CheekPuffR,0.001564301059297848,0.004253826466766328,6.373960919491238e-26,8.97825262854177e-08,0.0010100941599238142,30
Anger__Disgust,Disgust: correct,CheekRaiserL,0.3030017535852549,0.16373036337831834,0.19443926750323343,0.2770427137613296,0.3698803481956323,30
Anger__Disgust,Disgust: correct,CheekRaiserR,0.27378535246203944,0.15427487467666523,0.17793836188366183,0.23576228345433864,0.3392503502468268,30
Anger__Disgust,Disgust: correct,CheekSuckL,2.502851393756729e-22,1.370868166443805e-21,1.401298464324817e-45,1.401298464324817e-45,1.401298464324817e-45,30
Anger__Disgust,Disgust: correct,CheekSuckR,1.5102296236078065e-21,8.271868318625322e-21,1.401298464324817e-45,1.401298464324817e-45,1.401298464324817e-45,30
Anger__Disgust,Disgust: correct,ChinRaiserB,0.146572360430847,0.21128472590651345,0.00797818359763668,0.06565827791734286,0.20188053569291975,30
Anger__Disgust,Disgust: correct,ChinRaiserT,0.2206446865057776,0.19492630673959718,0.0929007799072318,0.19995553344488143,0.2704759412868014,30
Anger__Disgust,Disgust: correct,DimplerL,0.08208190472373685,0.06364848346390531,0.035424327535307026,0.07660411633551117,0.11550883152989723,30
Anger__Disgust,Disgust: correct,DimplerR,0.08216872351244245,0.06168970691519796,0.039348620092607076,0.07993219444445757,0.12099069905006801,30
Anger__Disgust,Disgust: correct,EyesClosedL,0.11425764075747528,0.1334956972174398,0.006877974135083262,0.05481332837750992,0.17578828353434797,30
Anger__Disgust,Disgust: correct,EyesClosedR,0.09957692436876295,0.12015364822657046,0.011372128921730947,0.06156623259513817,0.14857405821254713,30
Anger__Disgust,Disgust: correct,EyesLookDownL,0.06458730813391728,0.06370755151382738,0.014578891354536442,0.04837078346563155,0.10432931879010551,30
Anger__Disgust,Disgust: correct,EyesLookDownR,0.0712395332249032,0.06665179921907163,0.01086246288053869,0.05151097423419643,0.11665439920273925,30
Anger__Disgust,Disgust: correct,EyesLookLeftL,0.05204596568442259,0.0777578568420925,0.0,0.00650017064375181,0.0901163617148995,30
Anger__Disgust,Disgust: correct,EyesLookLeftR,0.0894363711694152,0.11129487582488572,3.2920413650571664e-05,0.02383905403160798,0.17527486886829136,30
Anger__Disgust,Disgust: correct,EyesLookRightL,0.13229923552408673,0.13092532212145677,0.002489256461347119,0.10727868791048722,0.20132526741363105,30
Anger__Disgust,Disgust: correct,EyesLookRightR,0.0833938120670306,0.1010567441742414,0.0,0.04318009006480373,0.1377357779225955,30
Anger__Disgust,Disgust: correct,EyesLookUpL,0.04750171263441905,0.07712684972166715,0.0,0.0006292768598844566,0.06230528293332701,30
Anger__Disgust,Disgust: correct,EyesLookUpR,0.047539925921268544,0.07717862914989206,0.0,0.0006277859210967984,0.06291487511868274,30
Anger__Disgust,Disgust: correct,InnerBrowRaiserL,0.037634553747822604,0.0396446904955095,0.008124218108335123,0.030136612746476457,0.04860568794732288,30
Anger__Disgust,Disgust: correct,InnerBrowRaiserR,0.03920420848698498,0.04099087563980257,0.008033304208984375,0.032862825918709815,0.05109569413277006,30
Anger__Disgust,Disgust: correct,JawDrop,0.07967732745332241,0.08285915370738832,0.01909198959929194,0.059658243566065125,0.10731057065228616,30
Anger__Disgust,Disgust: correct,JawSidewaysLeft,0.00540455552997686,0.0045356738529306224,0.00101330668646065,0.004683646446524354,0.008618311990762632,30
Anger__Disgust,Disgust: correct,JawSidewaysRight,0.006960622455382143,0.006487907415999284,0.001650032975904107,0.0046349082884284435,0.010933495691426804,30
Anger__Disgust,Disgust: correct,JawThrust,0.031235084185679142,0.053981549848097984,0.00041934777400455834,0.0042799239878945385,0.04912363845021784,30
Anger__Disgust,Disgust: correct,LidTightenerL,0.3302524058114626,0.15357019642847616,0.220116813577867,0.3074096613874038,0.45807341213027636,30
Anger__Disgust,Disgust: correct,LidTightenerR,0.3340970049198887,0.14830620550401433,0.21831731145004502,0.3318922869861126,0.4178175220886866,30
Anger__Disgust,Disgust: correct,LipCornerDepressorL,0.14106567134155337,0.12646602013020392,0.028857079443203808,0.09631893749659257,0.222786367115645,30
Anger__Disgust,Disgust: correct,LipCornerDepressorR,0.1173338750109732,0.11313036795590324,0.020895523814870812,0.055673170213897984,0.19844617983116988,30
Anger__Disgust,Disgust: correct,LipCornerPullerL,0.06321841641892155,0.07979044030749907,0.017384087457321534,0.03770238713987051,0.06789431000555243,30
Anger__Disgust,Disgust: correct,LipCornerPullerR,0.06382223473119288,0.08432485335202704,0.01043358336901287,0.034252938038359035,0.0742421672795899,30
Anger__Disgust,Disgust: correct,LipFunnelerLB,0.0016048450578995954,0.008783013423186681,1.401298464324817e-45,1.401298464324817e-45,1.2861805786863668e-38,30
Anger__Disgust,Disgust: correct,LipFunnelerLT,0.003033288954884653,0.007560248829976836,2.366537776501759e-27,5.762899759719615e-08,0.0011547205644871928,30
Anger__Disgust,Disgust: correct,LipFunnelerRB,0.001702861684957558,0.009006713046887483,1.401298464324817e-45,1.5277306182685237e-41,1.4596943820533333e-23,30
Anger__Disgust,Disgust: correct,LipFunnelerRT,0.002584834192602648,0.007291085993784861,4.994834956188189e-42,1.0667663036506993e-16,0.0015801270440743208,30
Anger__Disgust,Disgust: correct,LipPressorL,0.03156230899864999,0.0707306085574216,8.9990989049082e-28,0.0007590342178945535,0.022167224715645948,30
Anger__Disgust,Disgust: correct,LipPressorR,0.03168112404604156,0.07141903440196365,3.598338039638594e-22,1.9502987843696257e-07,0.021633234448413818,30
Anger__Disgust,Disgust: correct,LipPuckerL,0.06278937533131,0.12782122453196668,1.0549020610079191e-12,0.006280690558560808,0.0403862878474828,30
Anger__Disgust,Disgust: correct,LipPuckerR,0.06036019088620097,0.12355667440898664,1.5780405781040427e-11,0.005272228067527356,0.037935920927367646,30
Anger__Disgust,Disgust: correct,LipStretcherL,0.12761503985444464,0.1781749629026857,0.01854848196380767,0.04490897775297825,0.1304267306113615,30
Anger__Disgust,Disgust: correct,LipStretcherR,0.13010947703013587,0.18062418163516825,0.014787730634869413,0.048391081050794996,0.13667646376416084,30
Anger__Disgust,Disgust: correct,LipSuckLB,0.13452331534001324,0.08956615565310423,0.07144263296431431,0.11493143641079462,0.17930919756957636,30
Anger__Disgust,Disgust: correct,LipSuckLT,0.0633820068780138,0.051468990958378154,0.030552545674436216,0.03974127179834996,0.08036653529852623,30
Anger__Disgust,Disgust: correct,LipSuckRB,0.1207091938069073,0.08428266537245634,0.061419405992516315,0.09468637200382844,0.16397896840547518,30
Anger__Disgust,Disgust: correct,LipSuckRT,0.05427878278109598,0.04196576634527695,0.02206285221009993,0.03845281836305119,0.0675123535695604,30
Anger__Disgust,Disgust: correct,LipTightenerL,0.01172114771655257,0.02823393404847906,1.401298464324817e-45,2.2483219798864463e-21,0.0016974685558162938,30
Anger__Disgust,Disgust: correct,LipTightenerR,0.011153074078997152,0.0265812579454411,1.401298464324817e-45,4.8838339372979033e-26,0.0015421142203706213,30
Anger__Disgust,Disgust: correct,LipsToward,0.04680573563660595,0.060195056676750514,0.027675754607965505,0.03857957761113838,0.04504643489296233,30
Anger__Disgust,Disgust: correct,LowerLipDepressorL,0.10522865089944439,0.13367126897938053,0.0014653985078143662,0.0508715466751851,0.14422793997218833,30
Anger__Disgust,Disgust: correct,LowerLipDepressorR,0.10466178877813244,0.13402882045285824,0.002074527372420823,0.048320858615369576,0.14341341528731089,30
Anger__Disgust,Disgust: correct,MouthLeft,0.015137183651866995,0.012337879663145163,0.006402728731216995,0.010100842655325879,0.024007566878572056,30
Anger__Disgust,Disgust: correct,MouthRight,0.009346187553881507,0.012110181092309474,0.0016460450700810474,0.004093149225389066,0.01187813643853238,30
Anger__Disgust,Disgust: correct,NoseWrinklerL,0.38990757741705734,0.2398416981990764,0.20089556986737683,0.3469816166985159,0.5748114120312191,30
Anger__Disgust,Disgust: correct,NoseWrinklerR,0.39499705904284066,0.24408673425608,0.2108229360868184,0.3574093490761394,0.557452281867154,30
Anger__Disgust,Disgust: correct,OuterBrowRaiserL,0.039968369491745544,0.034631427775763966,0.009205311483916932,0.039404710875472385,0.06231326727624118,30
Anger__Disgust,Disgust: correct,OuterBrowRaiserR,0.04868999031497523,0.0477266328558894,0.0060632176281192034,0.04080512139723088,0.07253554910324353,30
Anger__Disgust,Disgust: correct,UpperLidRaiserL,0.10409050786438198,0.13213597605159327,0.0014818349229805876,0.037749711022236884,0.1936753953186174,30
Anger__Disgust,Disgust: correct,UpperLidRaiserR,0.11682971680702113,0.13380260778150152,0.0003768850673931205,0.07472628326373996,0.2032356103058861,30
Anger__Disgust,Disgust: correct,UpperLipRaiserL,0.34382511416588035,0.1790171206612847,0.22715412027863138,0.34525536631845166,0.4657230125119289,30
Anger__Disgust,Disgust: correct,UpperLipRaiserR,0.36387214341973323,0.18851021338089274,0.23741517628313882,0.36134624034390683,0.5042342009410883,30
Anger__Disgust,Disgust: correct,AU1,0.03841938111740379,0.0392845110106353,0.009043295082826227,0.029806121605994405,0.04930485711641567,30
Anger__Disgust,Disgust: correct,AU2,0.044329179903360376,0.03770602574612822,0.008233642454494315,0.043261667062544466,0.06527233885184004,30
Anger__Disgust,Disgust: correct,AU4,0.26717891771579527,0.16190594462136348,0.1374269219651296,0.24826303136689398,0.338800328695145,30
Anger__Disgust,Disgust: correct,AU5,0.11046011233570158,0.12642525308667513,0.001474161470540914,0.07376799237945092,0.19500555729415886,30
Anger__Disgust,Disgust: correct,AU6,0.2883935530236472,0.15809126076917213,0.18876722177120325,0.2620852543661991,0.3337684315939744,30
Anger__Disgust,Disgust: correct,AU7,0.33217470536567567,0.13794282385239134,0.2226989984349224,0.3246286441882451,0.40504667234684655,30
Anger__Disgust,Disgust: correct,AU8,0.04680573563660595,0.060195056676750514,0.027675754607965505,0.03857957761113838,0.04504643489296233,30
Anger__Disgust,Disgust: correct,AU9,0.3924523182299489,0.2417147452923415,0.2079934629880881,0.3487142776643547,0.5661318469491865,30
Anger__Disgust,Disgust: correct,AU10,0.35384862879280676,0.1835495150382982,0.2338868825156396,0.35330080333117925,0.4837114639463834,30
Anger__Disgust,Disgust: correct,AU12,0.06352032557505721,0.08202053800249429,0.014604443170052592,0.03528203739551823,0.070723781978207,30
Anger__Disgust,Disgust: correct,AU14,0.08212531411808964,0.06256511839887904,0.03803150684600759,0.07803558774498565,0.11824976528998263,30
Anger__Disgust,Disgust: correct,AU15,0.1291997731762633,0.1196242189005933,0.02382082228825045,0.07599605385524527,0.20763657195886032,30
Anger__Disgust,Disgust: correct,AU16,0.1049452198387884,0.13383340168057808,0.001871000798807961,0.04959620264527734,0.1438206776297496,30
Anger__Disgust,Disgust: correct,AU17,0.1836085234683123,0.2003232190313764,0.05048010954468791,0.14124121757597463,0.22861711100752774,30
Anger__Disgust,Disgust: correct,AU18,0.0615747831087555,0.12568139296848946,7.607357069507289e-10,0.005776459313044083,0.03899692939998488,30
Anger__Disgust,Disgust: correct,AU20,0.12886225844229024,0.17938437314586606,0.016827645571959194,0.04665002940188662,0.13355159718776116,30
Anger__Disgust,Disgust: correct,AU22,0.002231457472586114,0.007848461465178747,3.0518434994196465e-27,5.656078291708047e-07,0.0005871013731215437,30
Anger__Disgust,Disgust: correct,AU23,0.01143711089777486,0.02737991635459392,1.401298464324817e-45,9.441586803712698e-21,0.0017106564843544264,30
Anger__Disgust,Disgust: correct,AU24,0.03162171652234577,0.07107378301165451,5.6693491072074884e-21,0.0004570600477510421,0.021900229582029883,30
Anger__Disgust,Disgust: correct,AU26,0.07967732745332241,0.08285915370738832,0.01909198959929194,0.059658243566065125,0.10731057065228616,30
Anger__Disgust,Disgust: correct,AU28,0.09322332470150758,0.05783383517189499,0.0517904728820056,0.07802729770161625,0.12331736775462708,30
Anger__Disgust,Disgust: correct,AU43,0.10691728256311912,0.11808051484885498,0.016647729190210583,0.04929222820226421,0.17977298696159,30
Anger__Disgust,Disgust → Anger,BrowLowererL,0.20540636419924943,0.18915847226404983,0.13852874497085088,0.20540636419924943,0.272283983427648,2
Anger__Disgust,Disgust → Anger,BrowLowererR,0.16111893472188962,0.1276853817901961,0.11597533506076914,0.16111893472188962,0.20626253438301012,2
Anger__Disgust,Disgust → Anger,CheekPuffL,0.03625086126270686,0.044484558457012026,0.020523194791185563,0.03625086126270686,0.05197852773422815,2
Anger__Disgust,Disgust → Anger,CheekPuffR,0.036243235296571974,0.04744540919331841,0.019468750008188963,0.036243235296571974,0.05301772058495498,2
Anger__Disgust,Disgust → Anger,CheekRaiserL,0.19789584490160145,0.10347959556448709,0.16131028303255635,0.19789584490160145,0.23448140677064655,2
Anger__Disgust,Disgust → Anger,CheekRaiserR,0.15432847773966685,0.10968535762044172,0.11554884765452392,0.15432847773966685,0.1931081078248098,2
Anger__Disgust,Disgust → Anger,CheekSuckL,5.930119569612569e-36,8.386455519858461e-36,2.9650597855069337e-36,5.930119569612569e-36,8.895179353718205e-36,2
Anger__Disgust,Disgust → Anger,CheekSuckR,0.0,0.0,0.0,0.0,0.0,2
Anger__Disgust,Disgust → Anger,ChinRaiserB,0.33900842345319687,0.1807316190885256,0.2751101467370366,0.33900842345319687,0.40290670016935715,2
Anger__Disgust,Disgust → Anger,ChinRaiserT,0.3324269812476511,0.11319968566662332,0.2924048485661236,0.3324269812476511,0.37244911392917857,2
Anger__Disgust,Disgust → Anger,DimplerL,0.06294275362066623,0.08901449582345441,0.031471376810333115,0.06294275362066623,0.09441413043099935,2
Anger__Disgust,Disgust → Anger,DimplerR,0.06421011797472512,0.09080681968143271,0.03210505898736256,0.06421011797472512,0.09631517696208768,2
Anger__Disgust,Disgust → Anger,EyesClosedL,0.044877322198917255,0.0038561417591240787,0.04351397020537062,0.044877322198917255,0.04624067419246389,2
Anger__Disgust,Disgust → Anger,EyesClosedR,0.032901129187394185,0.04652922153721032,0.0164505651512479,0.032901129187394185,0.04935169322354047,2
Anger__Disgust,Disgust → Anger,EyesLookDownL,0.07479026123535046,0.0602930244045639,0.053473458027993886,0.07479026123535046,0.09610706444270703,2
Anger__Disgust,Disgust → Anger,EyesLookDownR,0.057403250515327256,0.08118045528404279,0.028701625299748283,0.057403250515327256,0.08610487573090622,2
Anger__Disgust,Disgust → Anger,EyesLookLeftL,0.051377205985287805,0.07265834150123017,0.025688602992643902,0.051377205985287805,0.07706580897793171,2
Anger__Disgust,Disgust → Anger,EyesLookLeftR,0.09528816243012744,0.13475781164229664,0.04764408121506372,0.09528816243012744,0.14293224364519116,2
Anger__Disgust,Disgust → Anger,EyesLookRightL,0.06429811553098258,0.09047727596208831,0.032309567842942956,0.06429811553098258,0.09628666321902221,2
Anger__Disgust,Disgust → Anger,EyesLookRightR,0.021080270037054996,0.02981200378489036,0.010540135018527498,0.021080270037054996,0.031620405055582494,2
Anger__Disgust,Disgust → Anger,EyesLookUpL,0.01311099862214177,0.018541752067687853,0.006555499311070885,0.01311099862214177,0.019666497933212658,2
Anger__Disgust,Disgust → Anger,EyesLookUpR,0.01316323414600143,0.01861562425396785,0.006581617073000715,0.01316323414600143,0.019744851219002147,2
Anger__Disgust,Disgust → Anger,InnerBrowRaiserL,0.0728276059349672,0.10299378598471538,0.03641380369003308,0.0728276059349672,0.10924140817990133,2
Anger__Disgust,Disgust → Anger,InnerBrowRaiserR,0.06536966075452276,0.09244596424803266,0.032685076647966244,0.06536966075452276,0.09805424486107928,2
Anger__Disgust,Disgust → Anger,JawDrop,0.01858334829409686,0.02475230329857894,0.009832087537891204,0.01858334829409686,0.027334609050302522,2
Anger__Disgust,Disgust → Anger,JawSidewaysLeft,0.011875444757867667,0.007601312718698969,0.009187974873211869,0.011875444757867667,0.014562914642523463,2
Anger__Disgust,Disgust → Anger,JawSidewaysRight,0.01835425086076911,0.014433004579110988,0.013251413155376176,0.01835425086076911,0.02345708856616205,2
Anger__Disgust,Disgust → Anger,JawThrust,0.0009364798742863172,0.001324382539105161,0.0004682399371431586,0.0009364798742863172,0.0014047198114294757,2
Anger__Disgust,Disgust → Anger,LidTightenerL,0.3450231211880843,0.04892239449236348,0.32772644273936746,0.3450231211880843,0.3623197996368011,2
Anger__Disgust,Disgust → Anger,LidTightenerR,0.2251163190851609,0.14077070917067844,0.17534635756164785,0.2251163190851609,0.27488628060867387,2
Anger__Disgust,Disgust → Anger,LipCornerDepressorL,0.10275215470852946,0.07221685989242665,0.07721963903556261,0.10275215470852946,0.1282846703814963,2
Anger__Disgust,Disgust → Anger,LipCornerDepressorR,0.09143670085274298,0.07952523146393004,0.06332028563095563,0.09143670085274298,0.11955311607453034,2
Anger__Disgust,Disgust → Anger,LipCornerPullerL,0.06723656853816157,0.07137909702957777,0.04200024676586808,0.06723656853816157,0.09247289031045507,2
Anger__Disgust,Disgust → Anger,LipCornerPullerR,0.06753979613228388,0.08373517481102562,0.03793494116592528,0.06753979613228388,0.09714465109864248,2
Anger__Disgust,Disgust → Anger,LipFunnelerLB,1.2130095548007445e-12,1.7154545636873628e-12,6.065047774003722e-13,1.2130095548007445e-12,1.819514332201117e-12,2
Anger__Disgust,Disgust → Anger,LipFunnelerLT,0.007492326987874491,0.004741243918346235,0.00581604412491344,0.007492326987874491,0.00916860985083554,2
Anger__Disgust,Disgust → Anger,LipFunnelerRB,9.560121049093697e-13,1.3520052845556808e-12,4.780060524546849e-13,9.560121049093697e-13,1.4340181573640547e-12,2
Anger__Disgust,Disgust → Anger,LipFunnelerRT,0.0020745465426555056,0.0016142992130801532,0.0015038055824389638,0.0020745465426555056,0.0026452875028720475,2
Anger__Disgust,Disgust → Anger,LipPressorL,0.004591884502914023,0.0028711472058402087,0.003576780673396813,0.004591884502914023,0.005606988332431233,2
Anger__Disgust,Disgust → Anger,LipPressorR,0.004634065670036856,0.002422143701677549,0.0037777085518046153,0.004634065670036856,0.005490422788269097,2
Anger__Disgust,Disgust → Anger,LipPuckerL,0.04889291382084604,0.009919782276478814,0.04538574116304989,0.04889291382084604,0.052400086478642194,2
Anger__Disgust,Disgust → Anger,LipPuckerR,0.04691670127213002,0.004580057461337122,0.045297406427562255,0.04691670127213002,0.048535996116697774,2
Anger__Disgust,Disgust → Anger,LipStretcherL,0.02158831028888621,0.030530481199261505,0.010794155144443105,0.02158831028888621,0.032382465433329316,2
Anger__Disgust,Disgust → Anger,LipStretcherR,0.024468552026276767,0.034603758127192276,0.012234276013138383,0.024468552026276767,0.03670282803941515,2
Anger__Disgust,Disgust → Anger,LipSuckLB,0.15862929146581634,0.06036746187609974,0.1372861706380111,0.15862929146581634,0.1799724122936216,2
Anger__Disgust,Disgust → Anger,LipSuckLT,0.05888903464997379,0.01485759244547618,0.05363608246482268,0.05888903464997379,0.06414198683512491,2
Anger__Disgust,Disgust → Anger,LipSuckRB,0.14502616875494515,0.046753022398619865,0.12849647916542983,0.14502616875494515,0.16155585834446046,2
Anger__Disgust,Disgust → Anger,LipSuckRT,0.04643560553079923,0.007271696489820979,0.04386467258145781,0.04643560553079923,0.04900653848014064,2
Anger__Disgust,Disgust → Anger,LipTightenerL,0.013740717770097995,0.00955328372397894,0.010363121918185704,0.013740717770097995,0.017118313622010287,2
Anger__Disgust,Disgust → Anger,LipTightenerR,0.012209013985811912,0.009107127680426893,0.008989158115831127,0.012209013985811912,0.015428869855792697,2
Anger__Disgust,Disgust → Anger,LipsToward,0.03265323466621335,0.012164064181185128,0.028352588531561158,0.03265323466621335,0.03695388080086555,2
Anger__Disgust,Disgust → Anger,LowerLipDepressorL,0.014681142855288543,0.02076227133708592,0.007340571427644271,0.014681142855288543,0.022021714282932814,2
Anger__Disgust,Disgust → Anger,LowerLipDepressorR,0.01239516767398849,0.017529414232443093,0.006197583836994245,0.01239516767398849,0.018592751510982736,2
Anger__Disgust,Disgust → Anger,MouthLeft,0.007024444090317616,0.000813715317528383,0.006736752280827774,0.007024444090317616,0.007312135899807459,2
Anger__Disgust,Disgust → Anger,MouthRight,0.0010117202751340757,0.0014307885344224491,0.0005058601375670379,0.0010117202751340757,0.0015175804127011134,2
Anger__Disgust,Disgust → Anger,NoseWrinklerL,0.18728034726809709,0.19396345994608133,0.11870390835295738,0.18728034726809709,0.25585678618323676,2
Anger__Disgust,Disgust → Anger,NoseWrinklerR,0.17979629395122174,0.18260574658292186,0.11523541310501359,0.17979629395122174,0.24435717479742985,2
Anger__Disgust,Disgust → Anger,OuterBrowRaiserL,0.006727324653713654,0.00951331885620466,0.0033638585163075717,0.006727324653713654,0.010090790791119738,2
Anger__Disgust,Disgust → Anger,OuterBrowRaiserR,0.00270492136232384,0.0038130759874587085,0.0013567954183680184,0.00270492136232384,0.004053047306279662,2
Anger__Disgust,Disgust → Anger,UpperLidRaiserL,0.01582316722099977,0.02237733768363527,0.007911583610499885,0.01582316722099977,0.023734750831499653,2
Anger__Disgust,Disgust → Anger,UpperLidRaiserR,0.010723879680153897,0.01516585608493087,0.0053619398400769555,0.010723879680153897,0.01608581952023084,2
Anger__Disgust,Disgust → Anger,UpperLipRaiserL,0.20113953764860826,0.041338637865768135,0.18652412206865843,0.20113953764860826,0.2157549532285581,2
Anger__Disgust,Disgust → Anger,UpperLipRaiserR,0.21964839153612653,0.07554726777351846,0.1929383988647411,0.21964839153612653,0.24635838420751194,2
Anger__Disgust,Disgust → Anger,AU1,0.06909863334474498,0.097719875116374,0.034549440168999655,0.06909863334474498,0.10364782652049029,2
Anger__Disgust,Disgust → Anger,AU2,0.004716123008018747,0.006663197421831685,0.002360326967337795,0.004716123008018747,0.0070719190486997,2
Anger__Disgust,Disgust → Anger,AU4,0.18326264946056953,0.158421927027123,0.12725204001581,0.18326264946056953,0.23927325890532905,2
Anger__Disgust,Disgust → Anger,AU5,0.013273523450576833,0.018771596884283072,0.00663676172528842,0.013273523450576833,0.019910285175865246,2
Anger__Disgust,Disgust → Anger,AU6,0.17611216132063418,0.10658247659246443,0.13842956534354012,0.17611216132063418,0.2137947572977282,2
Anger__Disgust,Disgust → Anger,AU7,0.2850697201366226,0.09484655183152098,0.25153640015050766,0.2850697201366226,0.3186030401227375,2
Anger__Disgust,Disgust → Anger,AU8,0.03265323466621335,0.012164064181185128,0.028352588531561158,0.03265323466621335,0.03695388080086555,2
Anger__Disgust,Disgust → Anger,AU9,0.1835383206096594,0.1882846032645016,0.1169696607289855,0.1835383206096594,0.2501069804903333,2
Anger__Disgust,Disgust → Anger,AU10,0.21039396459236737,0.05844295281964328,0.18973126046669977,0.21039396459236737,0.23105666871803499,2
Anger__Disgust,Disgust → Anger,AU12,0.06738818233522273,0.0775571359203017,0.03996759396589668,0.06738818233522273,0.09480877070454877,2
Anger__Disgust,Disgust → Anger,AU14,0.06357643579769567,0.08991065775244356,0.03178821789884784,0.06357643579769567,0.09536465369654351,2
Anger__Disgust,Disgust → Anger,AU15,0.09709442778063622,0.07587104567817834,0.07026996233325912,0.09709442778063622,0.12391889322801333,2
Anger__Disgust,Disgust → Anger,AU16,0.013538155264638516,0.019145842784764507,0.006769077632319258,0.013538155264638516,0.020307232896957773,2
Anger__Disgust,Disgust → Anger,AU17,0.335717702350424,0.14696565237757447,0.2837574976515801,0.335717702350424,0.38767790704926786,2
Anger__Disgust,Disgust → Anger,AU18,0.04790480754648803,0.007249919868907969,0.045341573795306074,0.04790480754648803,0.050468041297669984,2
Anger__Disgust,Disgust → Anger,AU20,0.023028431157581488,0.032567119663226896,0.011514215578790744,0.023028431157581488,0.03454264673637223,2
Anger__Disgust,Disgust → Anger,AU22,0.0023917183831747547,0.001588885783623462,0.0018299624271092287,0.0023917183831747547,0.00295347433924028,2
Anger__Disgust,Disgust → Anger,AU23,0.012974865877954954,0.009330205702202917,0.009676140017008417,0.012974865877954954,0.016273591738901493,2
Anger__Disgust,Disgust → Anger,AU24,0.00461297508647544,0.002646645453758879,0.003677244612600714,0.00461297508647544,0.005548705560350165,2
Anger__Disgust,Disgust → Anger,AU26,0.01858334829409686,0.02475230329857894,0.009832087537891204,0.01858334829409686,0.027334609050302522,2
Anger__Disgust,Disgust → Anger,AU28,0.10224502510038364,0.021247798834855617,0.09473279377967661,0.10224502510038364,0.10975725642109065,2
Anger__Disgust,Disgust → Anger,AU43,0.03888922569315573,0.025192681648167202,0.029982267678309263,0.03888922569315573,0.047796183708002184,2
Fear__Surprise,Fear: all,BrowLowererL,0.06675630180789535,0.09849841098540196,0.0001792049632906237,0.027902042315208424,0.092285033592816,54
Fear__Surprise,Fear: all,BrowLowererR,0.06361726683849464,0.09360588423911656,0.0004451910674622482,0.0332635527515473,0.06565890386700626,54
Fear__Surprise,Fear: all,CheekPuffL,0.0001668061940783621,0.0005402188686996755,4.125073880392028e-27,1.799318382092121e-12,1.0986525589663672e-07,54
Fear__Surprise,Fear: all,CheekPuffR,0.00015284663082023713,0.0005305110305176077,2.8097489820941085e-22,1.9952957581006875e-10,9.814376647098987e-08,54
Fear__Surprise,Fear: all,CheekRaiserL,0.09391164360504785,0.11518183695640362,0.00653929686583672,0.04635758862686615,0.1530732914494971,54
Fear__Surprise,Fear: all,CheekRaiserR,0.08332194912688201,0.10841682365952801,0.0036746688824260843,0.03764196652925113,0.1281211349414661,54
Fear__Surprise,Fear: all,CheekSuckL,2.9816738396887935e-10,1.888186757470434e-09,1.401298464324817e-45,1.401298464324817e-45,8.369711904564531e-33,54
Fear__Surprise,Fear: all,CheekSuckR,1.242019499051857e-09,5.7786094685767275e-09,0.0,1.401298464324817e-45,2.4430938076271027e-42,54
Fear__Surprise,Fear: all,ChinRaiserB,0.008004723760171032,0.021121899944622463,1.348976608168859e-13,9.273171442830782e-05,0.0025549623526753607,54
Fear__Surprise,Fear: all,ChinRaiserT,0.04993407872335829,0.06524475194884023,0.003782179944825585,0.02017510460440139,0.07008922328595751,54
Fear__Surprise,Fear: all,DimplerL,0.09110241199669565,0.11510451433579771,0.003380710621129552,0.049174306405954854,0.13344055650134878,54
Fear__Surprise,Fear: all,DimplerR,0.09266286655063309,0.11386128441588705,0.004300449512365661,0.051145029787827874,0.14236585367470977,54
Fear__Surprise,Fear: all,EyesClosedL,0.004800727607115374,0.013315312525899039,9.748366740153113e-20,1.9967348538632647e-10,9.363692243266783e-05,54
Fear__Surprise,Fear: all,EyesClosedR,0.009327611738396337,0.021561509580857577,1.4751711423957978e-21,1.1109092047188047e-07,0.003483203893255077,54
Fear__Surprise,Fear: all,EyesLookDownL,0.005430092082023683,0.01822493790096901,5.3569159305335516e-24,1.8228869922635657e-14,3.4234009954662445e-05,54
Fear__Surprise,Fear: all,EyesLookDownR,0.007603359133691111,0.01991673315132576,1.396248180038115e-23,9.658633413214506e-10,0.003286262464015947,54
Fear__Surprise,Fear: all,EyesLookLeftL,0.04182036352846166,0.06782276451040475,0.0,0.004164899097910757,0.059082654073912,54
Fear__Surprise,Fear: all,EyesLookLeftR,0.08152406460840547,0.0930593355888567,0.004631255251782312,0.05204728538325674,0.13482186222293724,54
Fear__Surprise,Fear: all,EyesLookRightL,0.08716889964771435,0.08433004899313754,0.005920521073373168,0.072377598825066,0.14648071325694517,54
Fear__Surprise,Fear: all,EyesLookRightR,0.04027761780735201,0.05820821799015277,0.0,0.005704429322698436,0.0681338186220576,54
Fear__Surprise,Fear: all,EyesLookUpL,0.046388334406677764,0.07050887338891124,0.0,0.0,0.08157111238688228,54
Fear__Surprise,Fear: all,EyesLookUpR,0.04636362778370694,0.07052723476023436,0.0,0.0,0.08133900910615917,54
Fear__Surprise,Fear: all,InnerBrowRaiserL,0.19252685401721106,0.18529192490556368,0.035683869906112345,0.1435338264952103,0.2883873161626096,54
Fear__Surprise,Fear: all,InnerBrowRaiserR,0.20316566116276855,0.1938839134207584,0.039562087975658224,0.14135603531807037,0.3176538108188879,54
Fear__Surprise,Fear: all,JawDrop,0.20471469390560035,0.21238064016300812,0.05123518075716023,0.11938226501470692,0.2732378841688235,54
Fear__Surprise,Fear: all,JawSidewaysLeft,0.0021341643582673225,0.0073655207986749105,1.49388470552434e-09,1.9402996370085055e-05,0.0018964680894015817,54
Fear__Surprise,Fear: all,JawSidewaysRight,0.005021357985150021,0.005800098904028013,0.0010310034859353798,0.0043592851424063914,0.00620330891083016,54
Fear__Surprise,Fear: all,JawThrust,0.029766742873695476,0.044499050224668234,0.00361915907740426,0.013818627145803935,0.038317886510103344,54
Fear__Surprise,Fear: all,LidTightenerL,0.09506143356547765,0.12812105802914991,3.963251412145214e-05,0.027363815333341198,0.16178761507211065,54
Fear__Surprise,Fear: all,LidTightenerR,0.1300746010557494,0.16702416391464087,0.003602150217393871,0.07531856420816133,0.18809409107392028,54
Fear__Surprise,Fear: all,LipCornerDepressorL,0.03281908991693611,0.04486052176734788,0.009882082731928631,0.015589181225151991,0.03396588806256959,54
Fear__Surprise,Fear: all,LipCornerDepressorR,0.027182726721615747,0.044423925303963156,0.004134467135130203,0.008616496649725938,0.02754429067549729,54
Fear__Surprise,Fear: all,LipCornerPullerL,0.05012560611577572,0.08104089086360218,0.00021649379213267537,0.014483774022152247,0.0744437747107739,54
Fear__Surprise,Fear: all,LipCornerPullerR,0.05079379094671078,0.08378942669609073,8.506217261474163e-05,0.011644977244935382,0.06686222280065215,54
Fear__Surprise,Fear: all,LipFunnelerLB,2.832846168916966e-06,2.071213159283122e-05,1.401298464324817e-45,1.401298464324817e-45,1.6472864688811993e-14,54
Fear__Surprise,Fear: all,LipFunnelerLT,0.00041981976900909787,0.0012286527476927233,5.768876610604477e-23,6.428864910425822e-12,9.33331551883224e-08,54
Fear__Surprise,Fear: all,LipFunnelerRB,5.9505893416903475e-06,3.0567714865732115e-05,1.401298464324817e-45,1.5464094121996362e-29,9.114204657830605e-14,54
Fear__Surprise,Fear: all,LipFunnelerRT,0.0006229301079729737,0.0018295428963873205,2.2127534777994514e-23,1.3165352652020902e-13,3.169998408205273e-07,54
Fear__Surprise,Fear: all,LipPressorL,9.522745256642185e-05,0.00032426665629180235,6.322525524172567e-31,1.6907242528807978e-15,1.6772780602738666e-08,54
Fear__Surprise,Fear: all,LipPressorR,5.488069975873377e-05,0.00028512766310862577,2.0875971091979353e-30,7.760347536376388e-16,1.1647605492265433e-09,54
Fear__Surprise,Fear: all,LipPuckerL,0.003269350054805418,0.005117392336127254,8.631964635519137e-12,0.00011912813709250475,0.005557259169245911,54
Fear__Surprise,Fear: all,LipPuckerR,0.0026853359461595843,0.005298694279690679,2.764941992735514e-15,2.7317642704079854e-08,0.005091353649710343,54
Fear__Surprise,Fear: all,LipStretcherL,0.07107840856589692,0.13019929848832748,0.0013820729928148239,0.012112719507054143,0.05320468804590795,54
Fear__Surprise,Fear: all,LipStretcherR,0.0774836073577629,0.14067225614557494,0.0022966348788028617,0.014543486162579333,0.052465564988405426,54
Fear__Surprise,Fear: all,LipSuckLB,0.05930284109455375,0.049856320813104274,0.027384292031638283,0.04857142785209964,0.06984988667536522,54
Fear__Surprise,Fear: all,LipSuckLT,0.027449423761796845,0.042891433129059534,0.0021717001404873014,0.006313426726559657,0.0359573970036611,54
Fear__Surprise,Fear: all,LipSuckRB,0.04590828259281145,0.04084481196580578,0.01645137337870626,0.03525686108817652,0.06093504316619748,54
Fear__Surprise,Fear: all,LipSuckRT,0.022890749095721082,0.03833466019257421,0.0017669288141026274,0.005588796981891386,0.021857121416804046,54
Fear__Surprise,Fear: all,LipTightenerL,0.001482832862651591,0.005987163975951683,9.28593095463116e-27,6.891433512623617e-14,1.8097473128094587e-07,54
Fear__Surprise,Fear: all,LipTightenerR,0.0017648221696622943,0.006542405968178349,4.464371347881827e-33,9.498982512798128e-15,1.6578828031360098e-09,54
Fear__Surprise,Fear: all,LipsToward,0.03406544003709882,0.02570874610323866,0.017930939902240983,0.026677706992874493,0.03574297134764489,54
Fear__Surprise,Fear: all,LowerLipDepressorL,0.05232198051772032,0.09420709794124013,1.0910990376274296e-05,0.015599952815039862,0.051802394740909655,54
Fear__Surprise,Fear: all,LowerLipDepressorR,0.051843893470766074,0.09590191692026927,3.0506904203787747e-05,0.014266524596937988,0.04883588658025368,54
Fear__Surprise,Fear: all,MouthLeft,0.004999696337063135,0.024215801707922976,1.1688597467618642e-06,0.0005663630068132178,0.0031974173384232323,54
Fear__Surprise,Fear: all,MouthRight,0.0006011796825310361,0.0017853332983872952,8.967966673685446e-31,1.9444917457816258e-12,2.1954460102655286e-05,54
Fear__Surprise,Fear: all,NoseWrinklerL,0.01409529606911539,0.037200955753535006,1.2102982573639554e-24,3.283229684238471e-10,0.0074250173896870325,54
Fear__Surprise,Fear: all,NoseWrinklerR,0.012665004856558337,0.03779876690102974,1.0552285739338513e-17,7.490075984183255e-09,0.0030184343552425007,54
Fear__Surprise,Fear: all,OuterBrowRaiserL,0.19099858513603002,0.1873422670677009,0.04098184733496353,0.13773373380924261,0.27734676251808804,54
Fear__Surprise,Fear: all,OuterBrowRaiserR,0.20069617813279594,0.19116925443192462,0.0566753218513137,0.14410268793095987,0.29811738850518543,54
Fear__Surprise,Fear: all,UpperLidRaiserL,0.2216262090418408,0.23071451205521956,0.029301060063668734,0.14609286993948695,0.3549957208369646,54
Fear__Surprise,Fear: all,UpperLidRaiserR,0.2799247355985454,0.2741786250689359,0.016391460785719857,0.1807303010387451,0.4582825815305114,54
Fear__Surprise,Fear: all,UpperLipRaiserL,0.12005821189822165,0.1629029089786266,0.0046733461895287435,0.06031130056052677,0.1625860305037349,54
Fear__Surprise,Fear: all,UpperLipRaiserR,0.13358314127658028,0.18587250776839376,0.0025099457351155387,0.060837762771795145,0.19219127662945534,54
Fear__Surprise,Fear: all,AU1,0.19784625758998978,0.18931544373169668,0.037076119823037317,0.1402715070173144,0.2972284005479322,54
Fear__Surprise,Fear: all,AU2,0.19584738163441298,0.18871033534301027,0.04844519113244128,0.14224877896873897,0.2880945988803129,54
Fear__Surprise,Fear: all,AU4,0.06518678432319498,0.09423009244708098,0.0006248841784391266,0.03160169692127961,0.07473568868202465,54
Fear__Surprise,Fear: all,AU5,0.25077547232019315,0.24166355826284577,0.03321528643546089,0.1737961538590219,0.4332662214622663,54
Fear__Surprise,Fear: all,AU6,0.08861679636596492,0.11140688467749131,0.004888095213432047,0.04199977757805864,0.1397466730015973,54
Fear__Surprise,Fear: all,AU7,0.11256801731061351,0.1422968127064943,0.003926651097316949,0.0692711975373828,0.16671985690374963,54
Fear__Surprise,Fear: all,AU8,0.03406544003709882,0.02570874610323866,0.017930939902240983,0.026677706992874493,0.03574297134764489,54
Fear__Surprise,Fear: all,AU9,0.013380150462836863,0.03741804316366407,8.877157947444876e-17,3.8499142376162866e-07,0.004924562189224672,54
Fear__Surprise,Fear: all,AU10,0.12682067658740093,0.17414157110112305,0.00355211078226102,0.0602234768060346,0.17738865356659514,54
Fear__Surprise,Fear: all,AU12,0.05045969853124325,0.0823705207666641,0.0002616350638177025,0.013102239113578922,0.07138482347751653,54
Fear__Surprise,Fear: all,AU14,0.09188263927366437,0.11445093054184191,0.0038405800667476063,0.04994190595558996,0.13474420206621288,54
Fear__Surprise,Fear: all,AU15,0.030000908319275932,0.044466290876098734,0.006221731506104184,0.012696031109438335,0.03101546585809648,54
Fear__Surprise,Fear: all,AU16,0.05208293699424319,0.09502328455086265,1.713014637964308e-05,0.014933238705988925,0.04932897622833894,54
Fear__Surprise,Fear: all,AU17,0.028969401241764652,0.03534428470660092,0.002324031429441439,0.013330244872615037,0.04700936862644161,54
Fear__Surprise,Fear: all,AU18,0.002977343000482502,0.005142154936720697,3.750889211747238e-11,0.0002104946327122961,0.004942042113803404,54
Fear__Surprise,Fear: all,AU20,0.0742810079618299,0.13540525493260436,0.002051791061237918,0.013785472807163942,0.052747608598137825,54
Fear__Surprise,Fear: all,AU22,0.0002628833281231697,0.0007540366996965844,6.788080581885423e-18,1.1686084029905497e-10,6.38618710504303e-07,54
Fear__Surprise,Fear: all,AU23,0.0016238275161569425,0.006161067432361275,6.305979202724039e-26,3.687929041792493e-13,5.813200059855159e-07,54
Fear__Surprise,Fear: all,AU24,7.505407616257781e-05,0.0002934822001492171,5.443182465729926e-27,1.071263462680276e-14,2.7915101716688167e-08,54
Fear__Surprise,Fear: all,AU26,0.20471469390560035,0.21238064016300812,0.05123518075716023,0.11938226501470692,0.2732378841688235,54
Fear__Surprise,Fear: all,AU28,0.03888782413622078,0.0364327825407663,0.015273835059518449,0.026503974541095,0.04951270013027307,54
Fear__Surprise,Fear: all,AU43,0.007064169672755855,0.01652721290544948,5.991528748180372e-14,3.3354959007979953e-06,0.004677942380415794,54
Fear__Surprise,Fear: correct,BrowLowererL,0.04345572338823085,0.08656003666370099,7.837155327668673e-07,0.0017953374438850899,0.03407384250313039,33
Fear__Surprise,Fear: correct,BrowLowererR,0.046749502496631665,0.08501882313656707,1.0391163908588889e-07,0.0038563713187613293,0.058574155997484875,33
Fear__Surprise,Fear: correct,CheekPuffL,9.817972402605541e-05,0.0003857044934160758,1.2205560592153122e-36,1.9213719634647117e-16,1.1023229593912221e-07,33
Fear__Surprise,Fear: correct,CheekPuffR,0.0001096511584566191,0.0004079859584077588,2.5951589898559354e-32,8.431419063817516e-12,8.334483859728792e-08,33
Fear__Surprise,Fear: correct,CheekRaiserL,0.06352058604045843,0.09445791771487157,0.0007778015385409006,0.02127639620957775,0.09454470795268809,33
Fear__Surprise,Fear: correct,CheekRaiserR,0.05251000625174728,0.08308596849893159,1.0454802613487265e-06,0.010533970637091699,0.08673336748033757,33
Fear__Surprise,Fear: correct,CheekSuckL,4.787492417071824e-10,2.41160215643299e-09,1.401298464324817e-45,1.401298464324817e-45,2.334631526778096e-19,33
Fear__Surprise,Fear: correct,CheekSuckR,1.443494598919296e-09,6.630099890362614e-09,0.0,1.401298464324817e-45,1.1204915257940456e-18,33
Fear__Surprise,Fear: correct,ChinRaiserB,0.00876074528389746,0.021971265645485745,2.6054619916939174e-15,0.0004781887866573735,0.003861231893744214,33
Fear__Surprise,Fear: correct,ChinRaiserT,0.04386433633227038,0.06076779265428304,0.0035967779587830415,0.01142102193552995,0.06582700237631794,33
Fear__Surprise,Fear: correct,DimplerL,0.07451366063939736,0.10486902193798497,0.0003871537536494544,0.0504812937850753,0.10335788552959756,33
Fear__Surprise,Fear: correct,DimplerR,0.07616677234245266,0.10431386700938677,0.0014143922004525927,0.053856958324710484,0.1016349318126837,33
Fear__Surprise,Fear: correct,EyesClosedL,0.003235995608610324,0.01020171015990264,5.753128051742755e-25,5.389854986692864e-15,3.641754335353641e-05,33
Fear__Surprise,Fear: correct,EyesClosedR,0.0030134361372180967,0.011244638921086837,5.283948200549707e-24,1.894780629575927e-15,0.0001447351821606473,33
Fear__Surprise,Fear: correct,EyesLookDownL,0.0062430345150807426,0.021836889095848123,6.388740695517057e-27,2.2476085429841864e-18,3.034109437696312e-07,33
Fear__Surprise,Fear: correct,EyesLookDownR,0.005960628187650132,0.022320472950302088,2.731817889637074e-27,1.936889856273776e-18,1.2469865851016948e-07,33
Fear__Surprise,Fear: correct,EyesLookLeftL,0.03262345663270668,0.06949978797379466,0.0,0.0,0.026275274483486995,33
Fear__Surprise,Fear: correct,EyesLookLeftR,0.07058599235818043,0.09382716628352449,0.0,0.046930138510651837,0.08373008916775383,33
Fear__Surprise,Fear: correct,EyesLookRightL,0.09732394151332564,0.0919298046236612,0.012553889226789258,0.07408130516608552,0.15737493832906085,33
Fear__Surprise,Fear: correct,EyesLookRightR,0.04895663058157124,0.06448828544409779,0.0,0.017940672114491442,0.08836621766289073,33
Fear__Surprise,Fear: correct,EyesLookUpL,0.051928626458546255,0.07056206175641144,0.0,0.00047458419576287006,0.10069202333688733,33
Fear__Surprise,Fear: correct,EyesLookUpR,0.051925939664649146,0.07059079128690707,0.0,0.0004748150783901367,0.09963193386793133,33
Fear__Surprise,Fear: correct,InnerBrowRaiserL,0.24244784837996844,0.1955381565920242,0.09900262742691358,0.16808225382119416,0.36697500937928756,33
Fear__Surprise,Fear: correct,InnerBrowRaiserR,0.2540996504143313,0.20521228505528818,0.10864833022157346,0.1598939165472984,0.39457275681197646,33
Fear__Surprise,Fear: correct,JawDrop,0.2488203237230044,0.21524762143091258,0.06100224833935494,0.2152447334801157,0.3317884167035421,33
Fear__Surprise,Fear: correct,JawSidewaysLeft,0.0008595912879629647,0.001388617172887433,1.2527721535098765e-09,2.6048270448744283e-05,0.0010116675321720729,33
Fear__Surprise,Fear: correct,JawSidewaysRight,0.005941570585164876,0.006982624260776014,0.000286036345434307,0.004362183002700669,0.007623895258681493,33
Fear__Surprise,Fear: correct,JawThrust,0.03429902658905681,0.05384922762306654,0.0030302253820028474,0.006380694898931896,0.0501107144599757,33
Fear__Surprise,Fear: correct,LidTightenerL,0.058707629018927086,0.09864978611796119,9.71386372726942e-07,0.0011528387534179496,0.06328974947876603,33
Fear__Surprise,Fear: correct,LidTightenerR,0.08617964988588568,0.14169894466296915,0.00028616851595867135,0.007067326950830899,0.12670465906461076,33
Fear__Surprise,Fear: correct,LipCornerDepressorL,0.038211939080122055,0.05078764977778993,0.010860053667177707,0.018181926788141293,0.039500452430608596,33
Fear__Surprise,Fear: correct,LipCornerDepressorR,0.03474891568108556,0.04990294856657818,0.005339268847334654,0.015170946800839925,0.03267409172840411,33
Fear__Surprise,Fear: correct,LipCornerPullerL,0.036914159466179056,0.07291543481133746,8.24275840281706e-05,0.009807159368847301,0.024666394945234003,33
Fear__Surprise,Fear: correct,LipCornerPullerR,0.036303894729555856,0.0738435585125478,1.2362298309466965e-06,0.007869190033640398,0.025439402973279308,33
Fear__Surprise,Fear: correct,LipFunnelerLB,2.2869219483540714e-08,9.679820980693844e-08,1.401298464324817e-45,2.849306877460461e-45,1.0896729248465618e-13,33
Fear__Surprise,Fear: correct,LipFunnelerLT,0.0003142231504734636,0.001065624664125341,1.9613513754412695e-23,1.5216492328654268e-10,1.088721834758416e-07,33
Fear__Surprise,Fear: correct,LipFunnelerRB,4.942101494691287e-08,1.4775165474604476e-07,1.401298464324817e-45,8.687579874221889e-27,3.6300028076761817e-13,33
Fear__Surprise,Fear: correct,LipFunnelerRT,0.0003659942294027165,0.0012032096304126823,1.6380997658866418e-30,8.389028352125763e-13,3.1955280578264503e-07,33
Fear__Surprise,Fear: correct,LipPressorL,0.00012491519230769605,0.0003817734547188865,7.041744247396135e-33,2.7394296590483633e-15,2.0103267001341658e-08,33
Fear__Surprise,Fear: correct,LipPressorR,8.971170702381159e-05,0.00036253562821787554,1.9125277912598584e-30,2.717852554232027e-15,2.709565725934025e-09,33
Fear__Surprise,Fear: correct,LipPuckerL,0.004395021893843386,0.005955036707190079,5.023843736673966e-09,0.0026999467417944383,0.006493169638055933,33
Fear__Surprise,Fear: correct,LipPuckerR,0.0036815407827129544,0.00625463758857499,4.2025823598418506e-16,3.882886028814437e-05,0.005520207035681915,33
Fear__Surprise,Fear: correct,LipStretcherL,0.07570919566701599,0.13402670097086516,1.9916298441756077e-05,0.004991720586379685,0.09113303987930214,33
Fear__Surprise,Fear: correct,LipStretcherR,0.08317420189712081,0.1469804263657115,0.0014660758645052075,0.005776823432051935,0.10846666426708297,33
Fear__Surprise,Fear: correct,LipSuckLB,0.04769871249479792,0.03457144732674057,0.026727496491124193,0.0397963691877214,0.0605752716461817,33
Fear__Surprise,Fear: correct,LipSuckLT,0.019092840778349704,0.030800125260649156,0.0014468446985602995,0.0047200062199711295,0.022153978981077627,33
Fear__Surprise,Fear: correct,LipSuckRB,0.03586009659282282,0.027671886437440216,0.015215816719318287,0.03313497575505072,0.046936449222266634,33
Fear__Surprise,Fear: correct,LipSuckRT,0.014187538284342651,0.0244043651813977,0.0015480952080183577,0.0036600205930101587,0.01180655910427178,33
Fear__Surprise,Fear: correct,LipTightenerL,0.001459683769634523,0.006136767743631724,7.40132468149728e-34,1.2563235523784388e-11,9.379916347575697e-07,33
Fear__Surprise,Fear: correct,LipTightenerR,0.001390005647482305,0.0063075766302589445,1.1011058379692443e-38,1.899085257683706e-14,4.8804502090918714e-09,33
Fear__Surprise,Fear: correct,LipsToward,0.03881265294398638,0.03099680972853247,0.018010156756887788,0.02637209954361116,0.052232310300072,33
Fear__Surprise,Fear: correct,LowerLipDepressorL,0.051938074111461195,0.08379638560061756,1.25471103052311e-13,0.007888434148729377,0.05517288219804561,33
Fear__Surprise,Fear: correct,LowerLipDepressorR,0.05235391512268718,0.08680673728234178,8.934394006797794e-10,0.006345650392086835,0.0539689551107585,33
Fear__Surprise,Fear: correct,MouthLeft,0.0014323435632085445,0.0018016777773802116,5.93168373046457e-09,0.0003824292041715507,0.0028895337287697643,33
Fear__Surprise,Fear: correct,MouthRight,0.0009256617942857394,0.002225138148673485,7.706998415437368e-25,1.481545857243384e-09,0.0002888073415720649,33
Fear__Surprise,Fear: correct,NoseWrinklerL,0.004686492965945049,0.015921014337922677,3.242742776723258e-30,4.647524483265398e-17,0.001562964053649796,33
Fear__Surprise,Fear: correct,NoseWrinklerR,0.003268239147956739,0.014277239680734391,3.487500919622528e-19,4.563413371876062e-11,1.8288719400075747e-05,33
Fear__Surprise,Fear: correct,OuterBrowRaiserL,0.2503124271250901,0.2033910935427647,0.08904168878992395,0.19837983709876422,0.38175459190194183,33
Fear__Surprise,Fear: correct,OuterBrowRaiserR,0.260883637971358,0.20872222382515837,0.08536326896137322,0.21692272946238514,0.38813746174176533,33
Fear__Surprise,Fear: correct,UpperLidRaiserL,0.29830145803169295,0.2525698172249581,0.0774576455714739,0.26257798771063484,0.5073632127719369,33
Fear__Surprise,Fear: correct,UpperLidRaiserR,0.39541919596230585,0.2868480728454243,0.11576623212974188,0.4316372886300087,0.6844719707965851,33
Fear__Surprise,Fear: correct,UpperLipRaiserL,0.09505058301952465,0.14814235513177315,0.003094951337731889,0.03656276346494794,0.0915162152300278,33
Fear__Surprise,Fear: correct,UpperLipRaiserR,0.10164539394867593,0.1667399299652794,0.001973546727291828,0.05072090318814537,0.08286727956712805,33
Fear__Surprise,Fear: correct,AU1,0.24827374939714986,0.20018083762370356,0.10382547882424352,0.17429927097012596,0.380773883095632,33
Fear__Surprise,Fear: correct,AU2,0.255598032548224,0.20546958929077136,0.08629019993046916,0.20642893966287368,0.3562449480096499,33
Fear__Surprise,Fear: correct,AU4,0.045102612942431265,0.08491978999008414,5.234991103775233e-07,0.005316122151452827,0.05319709604082159,33
Fear__Surprise,Fear: correct,AU5,0.3468603269969995,0.25460191621988143,0.12984857012576567,0.35569089231022666,0.5335522758225124,33
Fear__Surprise,Fear: correct,AU6,0.058015296146102846,0.0883717349524981,0.0003923300457889944,0.016616502300894308,0.09063903771651283,33
Fear__Surprise,Fear: correct,AU7,0.0724436394524064,0.11343897848645879,0.0028227039360774497,0.014980385100055012,0.09961484892034297,33
Fear__Surprise,Fear: correct,AU8,0.03881265294398638,0.03099680972853247,0.018010156756887788,0.02637209954361116,0.052232310300072,33
Fear__Surprise,Fear: correct,AU9,0.003977366056950894,0.015016805091822624,1.141329809244311e-17,1.4938664421468875e-08,0.0016359278328194398,33
Fear__Surprise,Fear: correct,AU10,0.09834798848410028,0.15709050340178193,0.00241159500772212,0.043641833326546656,0.089466400607489,33
Fear__Surprise,Fear: correct,AU12,0.03660902709786745,0.07333281028442398,7.976366856658575e-05,0.008838174701243848,0.025052898959256657,33
Fear__Surprise,Fear: correct,AU14,0.07534021649092501,0.10454639174367879,0.0009015922505148607,0.05216912605489289,0.10249640867114063,33
Fear__Surprise,Fear: correct,AU15,0.0364804273806038,0.05030099713653275,0.008103325095786762,0.016676436794490608,0.036941329953359955,33
Fear__Surprise,Fear: correct,AU16,0.05214599461707419,0.08527094133770426,8.634220138819648e-10,0.006984937799826792,0.054570918654402056,33
Fear__Surprise,Fear: correct,AU17,0.02631254080808392,0.033486202032205745,0.0035441037389835565,0.009679686067533989,0.04703987068688347,33
Fear__Surprise,Fear: correct,AU18,0.0040382813382781714,0.0060548466205981415,5.131665353870251e-09,0.0013693878010412914,0.006134806845998845,33
Fear__Surprise,Fear: correct,AU20,0.0794416987820684,0.14047557895783094,0.0008810351292292233,0.004117265919477093,0.09979985207319256,33
Fear__Surprise,Fear: correct,AU22,0.00017007241752765265,0.0005664563774628826,2.7152036866714968e-17,2.1095662494677877e-09,7.182065364361281e-07,33
Fear__Surprise,Fear: correct,AU23,0.0014248447085584137,0.006219611409454541,1.8238912873232885e-33,2.6649548509257215e-11,1.7524377487878004e-06,33
Fear__Surprise,Fear: correct,AU24,0.0001073134496657538,0.0003652152496238636,9.562638956299299e-31,1.8696628146965323e-14,1.4969228320807813e-08,33
Fear__Surprise,Fear: correct,AU26,0.2488203237230044,0.21524762143091258,0.06100224833935494,0.2152447334801157,0.3317884167035421,33
Fear__Surprise,Fear: correct,AU28,0.029209797037578273,0.023849999088504676,0.013581633519555325,0.0236929405302826,0.03982901244874783,33
Fear__Surprise,Fear: correct,AU43,0.0031247158729142102,0.010549493184689857,3.2646614674613346e-18,4.0179908768357195e-08,0.0009300823596011652,33
Fear__Surprise,Fear → Surprise,BrowLowererL,0.09966483080744046,0.08527396112530776,0.05375413581302074,0.07285007892436014,0.12471077854667476,8
Fear__Surprise,Fear → Surprise,BrowLowererR,0.07356403599541936,0.07419953471133048,0.019031782080613333,0.054381404392188366,0.09091407342299739,8
Fear__Surprise,Fear → Surprise,CheekPuffL,0.000572972319586872,0.001073855936865201,3.352927467091308e-23,3.082589356363457e-08,0.0004951587106319954,8
Fear__Surprise,Fear → Surprise,CheekPuffR,0.0005503397421262663,0.0010676364791418836,1.2306007081751769e-12,9.525616713604186e-08,0.0004014038854903708,8
Fear__Surprise,Fear → Surprise,CheekRaiserL,0.11438544906353149,0.08523961978545828,0.04188545978644807,0.10732885816444948,0.18279279569784795,8
Fear__Surprise,Fear → Surprise,CheekRaiserR,0.09326817549367657,0.06975715759337843,0.034375581336492614,0.07746828617528076,0.16831447106475628,8
Fear__Surprise,Fear → Surprise,CheekSuckL,1.401298464324817e-45,0.0,1.401298464324817e-45,1.401298464324817e-45,1.401298464324817e-45,8
Fear__Surprise,Fear → Surprise,CheekSuckR,1.226136156284215e-45,4.954338232951868e-46,1.401298464324817e-45,1.401298464324817e-45,1.401298464324817e-45,8
Fear__Surprise,Fear → Surprise,ChinRaiserB,0.016801607437146558,0.031253276330621235,8.512878330053436e-11,7.765398632323187e-08,0.014867900456558317,8
Fear__Surprise,Fear → Surprise,ChinRaiserT,0.07471828890294852,0.0752221609392975,0.036029280842437054,0.06411777436733243,0.07691611571696268,8
Fear__Surprise,Fear → Surprise,DimplerL,0.11142526389412963,0.10016562412860448,0.03190521956873361,0.08609918306275985,0.1842061439529061,8
Fear__Surprise,Fear → Surprise,DimplerR,0.11346181672230382,0.10053552176643503,0.03463515094503122,0.08567824113917479,0.18804150521755217,8
Fear__Surprise,Fear → Surprise,EyesClosedL,0.004069922553230988,0.0111944215475,9.43457348594772e-09,7.365907423279296e-07,0.00022811791169032253,8
Fear__Surprise,Fear → Surprise,EyesClosedR,0.005825960041318506,0.01161410260564033,1.1275723769672927e-17,1.2904679073669327e-09,0.0045142200373610546,8
Fear__Surprise,Fear → Surprise,EyesLookDownL,0.0026061798372405643,0.0067804993799687515,1.005525634962634e-08,8.238717067295956e-07,0.0007260146951931607,8
Fear__Surprise,Fear → Surprise,EyesLookDownR,0.00431488053014226,0.00751973594989639,4.280433929317001e-09,2.0401739851833054e-05,0.0050015600006445785,8
Fear__Surprise,Fear → Surprise,EyesLookLeftL,0.015638972882879888,0.029829156835578102,0.0,0.0,0.015480530514226598,8
Fear__Surprise,Fear → Surprise,EyesLookLeftR,0.04576131599606012,0.05701502094291098,0.00740584420564117,0.02512291613384147,0.05903134477363585,8
Fear__Surprise,Fear → Surprise,EyesLookRightL,0.06946837555976038,0.0374193078138108,0.05006086722326772,0.08186709604730515,0.09751256893699364,8
Fear__Surprise,Fear → Surprise,EyesLookRightR,0.011750413508222344,0.014266593550738334,0.0010708875648560924,0.007199516818703438,0.015531001426279509,8
Fear__Surprise,Fear → Surprise,EyesLookUpL,0.0016140156115094805,0.0045651255353572244,0.0,0.0,0.0,8
Fear__Surprise,Fear → Surprise,EyesLookUpR,0.0016222881696497386,0.00458852386319217,0.0,0.0,0.0,8
Fear__Surprise,Fear → Surprise,InnerBrowRaiserL,0.19652348739323744,0.1531643579472817,0.1263622968205204,0.1872470667299922,0.2768029902769765,8
Fear__Surprise,Fear → Surprise,InnerBrowRaiserR,0.22160501425399903,0.15222401034812008,0.14336391256958234,0.24324111457099207,0.3102263783610776,8
Fear__Surprise,Fear → Surprise,JawDrop,0.19804923858367446,0.2768897124811801,0.08172138693723048,0.1028189427219331,0.14358978749563292,8
Fear__Surprise,Fear → Surprise,JawSidewaysLeft,0.0026944637651102822,0.002968962460262126,7.939994450398396e-08,0.002167801983111548,0.004933976994043328,8
Fear__Surprise,Fear → Surprise,JawSidewaysRight,0.005217121155081005,0.0017669062375914603,0.004778169391493941,0.005502659369684162,0.006324907637205451,8
Fear__Surprise,Fear → Surprise,JawThrust,0.037395153132149694,0.026324707888553532,0.020139313743647323,0.024773127032226942,0.0454206808783164,8
Fear__Surprise,Fear → Surprise,LidTightenerL,0.12254117223920889,0.1136064618423351,0.036960830719965004,0.09204371978703416,0.18378463517874474,8
Fear__Surprise,Fear → Surprise,LidTightenerR,0.1525499431151291,0.13711928566637016,0.0663257680744209,0.1210108135183778,0.20877052079886194,8
Fear__Surprise,Fear → Surprise,LipCornerDepressorL,0.034967853546095246,0.04987228381493348,0.010380307309484693,0.013662396408835728,0.02782177308108653,8
Fear__Surprise,Fear → Surprise,LipCornerDepressorR,0.029433194053516007,0.049187526202642905,0.004171432982031101,0.008116670506327217,0.02332119444617999,8
Fear__Surprise,Fear → Surprise,LipCornerPullerL,0.05544070161168081,0.055117685469916904,0.004029482171558697,0.05572514974816489,0.07926076961836463,8
Fear__Surprise,Fear → Surprise,LipCornerPullerR,0.05676829122397022,0.05545837199925207,0.007572686689873216,0.0582342717486123,0.0757265132774288,8
Fear__Surprise,Fear → Surprise,LipFunnelerLB,6.462582679179322e-15,1.2424640677306188e-14,1.401298464324817e-45,1.401298464324817e-45,4.898908375698544e-15,8
Fear__Surprise,Fear → Surprise,LipFunnelerLT,0.0015243158844410862,0.002115589890948975,4.136775705136355e-16,2.3358037751968357e-08,0.0037453744259911357,8
Fear__Surprise,Fear → Surprise,LipFunnelerRB,2.1588808644311597e-05,6.106237193274817e-05,1.401298464324817e-45,1.401298464324817e-45,2.6984527609788446e-14,8
Fear__Surprise,Fear → Surprise,LipFunnelerRT,0.0024384705770963805,0.0037002243984441264,4.946189548012639e-16,3.615788098978845e-08,0.004651889185911114,8
Fear__Surprise,Fear → Surprise,LipPressorL,0.00011708299566417927,0.0003311008555980916,1.5904504496201928e-24,1.1021977251412695e-15,3.704357119626096e-08,8
Fear__Surprise,Fear → Surprise,LipPressorR,3.4671555130981424e-08,6.470154544186342e-08,9.202568114447206e-21,1.1498635529916687e-15,3.090621244399062e-08,8
Fear__Surprise,Fear → Surprise,LipPuckerL,0.0033512609915668993,0.0036016849681702666,1.3063318880820773e-07,0.002868605730755755,0.006953601279989601,8
Fear__Surprise,Fear → Surprise,LipPuckerR,0.002835787666168111,0.0040293883024541816,6.970648818742124e-14,2.7211632637229177e-08,0.006240416170082923,8
Fear__Surprise,Fear → Surprise,LipStretcherL,0.045164356923940156,0.07149252370128563,0.012840228810849376,0.023187065567722952,0.02994121030593908,8
Fear__Surprise,Fear → Surprise,LipStretcherR,0.048972531802127905,0.07579412211708539,0.013952628216035576,0.02544801175361737,0.03568044352189944,8
Fear__Surprise,Fear → Surprise,LipSuckLB,0.07430613248195025,0.04410018669893836,0.0531813810363081,0.0758230186416767,0.09271550058620129,8
Fear__Surprise,Fear → Surprise,LipSuckLT,0.044417680671688206,0.07047261961438726,0.005180363281887599,0.017979712374130905,0.04464471881898737,8
Fear__Surprise,Fear → Surprise,LipSuckRB,0.06066138365227829,0.03471730826583832,0.044545284800364925,0.06082793419191144,0.07433527324028741,8
Fear__Surprise,Fear → Surprise,LipSuckRT,0.039327772300759865,0.0671720558674998,0.005470584903683573,0.013218561715135947,0.0308130538834594,8
Fear__Surprise,Fear → Surprise,LipTightenerL,0.003976128676496303,0.009385889404704105,1.2089167124040186e-23,2.4611839126709563e-18,0.0012533425496318313,8
Fear__Surprise,Fear → Surprise,LipTightenerR,0.004063206860951919,0.009867430980978949,5.003687347411906e-24,3.856702955431032e-18,0.0010771362862290073,8
Fear__Surprise,Fear → Surprise,LipsToward,0.03089389120383804,0.01165885614822394,0.025050927201906794,0.030679968185722772,0.036029033145556805,8
Fear__Surprise,Fear → Surprise,LowerLipDepressorL,0.017218326891969647,0.015004094784381023,0.005483756828052509,0.013393750705290548,0.025150311648998967,8
Fear__Surprise,Fear → Surprise,LowerLipDepressorR,0.017215635250387114,0.017014909705665687,0.00521679460823445,0.012901806598529183,0.024027948759396588,8
Fear__Surprise,Fear → Surprise,MouthLeft,0.0023647470452810493,0.002299103937626118,0.0006010984350120931,0.0016777275222110894,0.004055488814338037,8
Fear__Surprise,Fear → Surprise,MouthRight,9.512048010961494e-05,0.00025894322222954274,8.569803499737378e-16,3.450058783189222e-07,6.527686542295415e-06,8
Fear__Surprise,Fear → Surprise,NoseWrinklerL,0.0150894053168137,0.020648510495831822,3.961523854299379e-07,0.00572880966182912,0.02398734206247653,8
Fear__Surprise,Fear → Surprise,NoseWrinklerR,0.011933092810127425,0.017674921692261668,1.9327620268446364e-11,0.0016672601605627212,0.01917439177278761,8
Fear__Surprise,Fear → Surprise,OuterBrowRaiserL,0.18320649069963993,0.12356224746349892,0.1015274244418833,0.21959878623573936,0.2699182253330946,8
Fear__Surprise,Fear → Surprise,OuterBrowRaiserR,0.19289988001448816,0.11536359363208183,0.13768878234356327,0.2278163236755669,0.2563811269938014,8
Fear__Surprise,Fear → Surprise,UpperLidRaiserL,0.09435562000336274,0.09687245288840877,0.02306171254410097,0.05560644501892205,0.1623847844895188,8
Fear__Surprise,Fear → Surprise,UpperLidRaiserR,0.11838257582584746,0.09000040985028969,0.06839534090836559,0.12344978789333252,0.16320314757745508,8
Fear__Surprise,Fear → Surprise,UpperLipRaiserL,0.17786794835675623,0.1900887394051123,0.0458700940478593,0.09852827478898685,0.2684536663194497,8
Fear__Surprise,Fear → Surprise,UpperLipRaiserR,0.20928768849910673,0.2186546806972233,0.056796652625858667,0.12143078281854586,0.3285770342374841,8
Fear__Surprise,Fear → Surprise,AU1,0.20906425082361824,0.15194271372995857,0.13486310469505136,0.21524409065049213,0.29565248232969843,8
Fear__Surprise,Fear → Surprise,AU2,0.18805318535706406,0.11871908589975891,0.11960810339272326,0.23033805344082714,0.2595508141753574,8
Fear__Surprise,Fear → Surprise,AU4,0.08661443340142991,0.07721583458943757,0.03543453937212078,0.050779622134715846,0.10781242598483606,8
Fear__Surprise,Fear → Surprise,AU5,0.10636909791460511,0.09107302840817554,0.04802796807877408,0.08783245049841067,0.16279396603348695,8
Fear__Surprise,Fear → Surprise,AU6,0.10382681227860403,0.07704610713105196,0.03813052056147035,0.09239857216986513,0.17627530060708518,8
Fear__Surprise,Fear → Surprise,AU7,0.13754555767716897,0.1246690698047711,0.05003199993200427,0.1047152494945597,0.19627757798880333,8
Fear__Surprise,Fear → Surprise,AU8,0.03089389120383804,0.01165885614822394,0.025050927201906794,0.030679968185722772,0.036029033145556805,8
Fear__Surprise,Fear → Surprise,AU9,0.013511249063470562,0.019039411315368834,1.980794136969174e-07,0.0036980349111959206,0.021580866917632068,8
Fear__Surprise,Fear → Surprise,AU10,0.19357781842793148,0.20429108592640172,0.05086353610778095,0.10997952880376635,0.29851535027846693,8
Fear__Surprise,Fear → Surprise,AU12,0.056104496417825514,0.05524338545291735,0.005739065603023946,0.0569797107483886,0.07874599157366896,8
Fear__Surprise,Fear → Surprise,AU14,0.11244354030821674,0.10033758670426972,0.03332952744406027,0.08584915064284876,0.18612382458522914,8
Fear__Surprise,Fear → Surprise,AU15,0.03220052379980562,0.04947799586097936,0.008098334860626343,0.009954314035348903,0.024875994579633656,8
Fear__Surprise,Fear → Surprise,AU16,0.01721698107117838,0.015815011806959874,0.005350275718143479,0.013147778651909865,0.024589130204197777,8
Fear__Surprise,Fear → Surprise,AU17,0.045759948170047526,0.041742160156119104,0.018014697073473827,0.03250739890577378,0.06855775900232519,8
Fear__Surprise,Fear → Surprise,AU18,0.003093524328867505,0.003567102667618411,8.566018141099363e-08,0.0017603668379465032,0.006128414490036248,8
Fear__Surprise,Fear → Surprise,AU20,0.04706844436303403,0.07363761944381862,0.013396428513442476,0.02431753866067016,0.03281082691391926,8
Fear__Surprise,Fear → Surprise,AU22,0.0009960938175470602,0.0014307675590507255,2.270741313287248e-16,1.4878984584368161e-08,0.002149185693215484,8
Fear__Surprise,Fear → Surprise,AU23,0.004019667768724111,0.009625218765759273,8.546427235726047e-24,3.158943434050994e-18,0.0011652394179304194,8
Fear__Surprise,Fear → Surprise,AU24,5.8558833609655124e-05,0.00016554342878476977,9.688738768162236e-21,1.5936706465132384e-12,9.16305765836951e-08,8
Fear__Surprise,Fear → Surprise,AU26,0.19804923858367446,0.2768897124811801,0.08172138693723048,0.1028189427219331,0.14358978749563292,8
Fear__Surprise,Fear → Surprise,AU28,0.05467824227666916,0.047682467077859614,0.0280288917187703,0.037098509732081286,0.05984731472667918,8
Fear__Surprise,Fear → Surprise,AU43,0.004947941297274748,0.011218771597376104,1.2268899291920993e-08,0.00018263957670255036,0.002280029768385044,8
Fear__Surprise,Surprise: all,BrowLowererL,0.03898958633454363,0.06363145032472659,0.0005972780794653103,0.011549802765997156,0.05758896303753615,54
Fear__Surprise,Surprise: all,BrowLowererR,0.03682657805023787,0.05942477066447807,5.638833396516473e-05,0.007405115426566477,0.060211053226763955,54
Fear__Surprise,Surprise: all,CheekPuffL,0.0037952206196071978,0.007373769097666596,2.9539091598112694e-13,3.645477557624559e-07,0.004938449463831134,54
Fear__Surprise,Surprise: all,CheekPuffR,0.004931330658561372,0.009573841683144138,1.3745978356926235e-12,8.129727944173435e-06,0.005829422089678186,54
Fear__Surprise,Surprise: all,CheekRaiserL,0.06769845274862313,0.08579626487382626,0.00460502400381026,0.03314094628152206,0.10056079116184259,54
Fear__Surprise,Surprise: all,CheekRaiserR,0.0552291472100015,0.0733015101995478,0.005357796091103648,0.020720383564510985,0.08831428829870756,54
Fear__Surprise,Surprise: all,CheekSuckL,0.008492885534741236,0.023501012053373693,1.401298464324817e-45,1.401298464324817e-45,0.00014745463849976498,54
Fear__Surprise,Surprise: all,CheekSuckR,0.007282765452076627,0.019699296083006693,0.0,1.401298464324817e-45,1.401298464324817e-45,54
Fear__Surprise,Surprise: all,ChinRaiserB,0.018048954597240496,0.03981625559873926,4.094729909054076e-05,0.003960115618514205,0.009894229346914512,54
Fear__Surprise,Surprise: all,ChinRaiserT,0.0365552112935018,0.03762879649625779,0.020815262801261225,0.02770268697033687,0.03867620338666404,54
Fear__Surprise,Surprise: all,DimplerL,0.036277916297907366,0.05827624049553128,1.1367424584390668e-05,0.008899237094147206,0.05955505546492831,54
Fear__Surprise,Surprise: all,DimplerR,0.036635124492297305,0.05732816659266946,0.00022180498089998863,0.008640315093334783,0.05542362335836511,54
Fear__Surprise,Surprise: all,EyesClosedL,0.011219065543378396,0.03727354061519426,5.155395850920372e-22,7.577595759444925e-09,0.00020649219247937363,54
Fear__Surprise,Surprise: all,EyesClosedR,0.019166569199230966,0.04400151616329644,4.992779782426246e-22,6.493139594345124e-05,0.015174686923652762,54
Fear__Surprise,Surprise: all,EyesLookDownL,0.010136141596128556,0.030009994970134287,2.8137491676652635e-23,1.2301980727145711e-12,0.0020187123015609505,54
Fear__Surprise,Surprise: all,EyesLookDownR,0.01695280237257944,0.039942631598605845,5.046209713369553e-22,4.9091393618813524e-11,0.008584373628523937,54
Fear__Surprise,Surprise: all,EyesLookLeftL,0.060424286587954984,0.08921088249476364,0.0,0.0018839546639355736,0.10262868963181969,54
Fear__Surprise,Surprise: all,EyesLookLeftR,0.1057462341632973,0.11714865042526146,0.005924977927740339,0.0600103419894973,0.18411183108886078,54
Fear__Surprise,Surprise: all,EyesLookRightL,0.08675175682727077,0.10628825547403348,0.001259088462878321,0.04758533320855345,0.13000379831840592,54
Fear__Surprise,Surprise: all,EyesLookRightR,0.045511861966525985,0.08046537856564201,0.0,0.005453365133143954,0.06648326133533065,54
Fear__Surprise,Surprise: all,EyesLookUpL,0.045808384823002035,0.0872418206578223,0.0,0.00019989661911191665,0.03293541963988293,54
Fear__Surprise,Surprise: all,EyesLookUpR,0.04594866591945063,0.08772517220859485,0.0,0.00016965118244532292,0.03323167826165445,54
Fear__Surprise,Surprise: all,InnerBrowRaiserL,0.29492175157563494,0.2262548492107312,0.09915226656497297,0.2681741362189972,0.42519239855742935,54
Fear__Surprise,Surprise: all,InnerBrowRaiserR,0.2997110244490461,0.2303646402709435,0.10156810962362212,0.27085465683291354,0.401976916504403,54
Fear__Surprise,Surprise: all,JawDrop,0.3922261973857522,0.20725410333386918,0.2313220938377033,0.33795568157608313,0.5316243697180445,54
Fear__Surprise,Surprise: all,JawSidewaysLeft,0.0201077167114279,0.041628154398910246,1.7631349937859372e-07,0.0055505940296900775,0.016776493900882334,54
Fear__Surprise,Surprise: all,JawSidewaysRight,0.03090975678743257,0.060110412371286316,0.0037813087256480106,0.01085922027317181,0.02325452061968459,54
Fear__Surprise,Surprise: all,JawThrust,0.09096844586200346,0.0772059010067249,0.031980916259644575,0.0684469643266861,0.13345766570879888,54
Fear__Surprise,Surprise: all,LidTightenerL,0.08299550335361666,0.1204435060215188,0.0020321950880060873,0.03399180027966693,0.11884447198438765,54
Fear__Surprise,Surprise: all,LidTightenerR,0.11127848152097766,0.16171789098811773,0.005903864796846819,0.022071910530610677,0.1525660038889024,54
Fear__Surprise,Surprise: all,LipCornerDepressorL,0.020871230003569167,0.03939074553601269,0.004207100890266411,0.010408349932792235,0.020836240906889188,54
Fear__Surprise,Surprise: all,LipCornerDepressorR,0.017676399559179715,0.03888055780090566,9.478092782656304e-05,0.00635724417561398,0.014156845337900523,54
Fear__Surprise,Surprise: all,LipCornerPullerL,0.020620762449804594,0.047066884543803346,0.0001513662108394019,0.004227535037731455,0.010191199952290196,54
Fear__Surprise,Surprise: all,LipCornerPullerR,0.020661842976082753,0.04921677508289848,5.085317189904953e-09,0.0015680506418829076,0.009282896121129328,54
Fear__Surprise,Surprise: all,LipFunnelerLB,0.010287479699315405,0.023821302781042983,1.401298464324817e-45,7.000351051624199e-30,0.009217698886034931,54
Fear__Surprise,Surprise: all,LipFunnelerLT,0.04151457433209566,0.07030659163963367,6.190099440925843e-12,0.0014134952450383874,0.06272295540585729,54
Fear__Surprise,Surprise: all,LipFunnelerRB,0.009309002939056059,0.02173494445617279,1.401298464324817e-45,4.8971887990902255e-12,0.008478814677800964,54
Fear__Surprise,Surprise: all,LipFunnelerRT,0.04168831403522205,0.06992275348885788,3.5456245877734833e-10,0.0033130958113476608,0.06690436760107257,54
Fear__Surprise,Surprise: all,LipPressorL,0.003011499177755403,0.01458603057047844,2.996960589518636e-34,1.2822593925627153e-13,1.3474484573880452e-06,54
Fear__Surprise,Surprise: all,LipPressorR,0.003096950930309625,0.01460925226194773,2.43647334767525e-33,4.903098861300242e-18,1.3474484573880452e-06,54
Fear__Surprise,Surprise: all,LipPuckerL,0.10800241900322069,0.15857103781756987,0.002558208397004121,0.013636227291309571,0.19636129214832226,54
Fear__Surprise,Surprise: all,LipPuckerR,0.10982939536024235,0.16239408773693675,0.000602382727007737,0.012863480386198113,0.2042037341879221,54
Fear__Surprise,Surprise: all,LipStretcherL,0.008091832926185736,0.025052037076955146,1.7541592666560214e-05,0.001801830690609468,0.005839316960411175,54
Fear__Surprise,Surprise: all,LipStretcherR,0.011109937263780297,0.026125622401862742,0.002339021090772506,0.004517165941174961,0.010535201022867065,54
Fear__Surprise,Surprise: all,LipSuckLB,0.0360927802672176,0.04530972868267765,0.003195145857688399,0.018190696369239333,0.050561395714369864,54
Fear__Surprise,Surprise: all,LipSuckLT,0.01722281068964239,0.03066709044674461,3.2629898483838266e-06,0.00475425625703562,0.024524684667560775,54
Fear__Surprise,Surprise: all,LipSuckRB,0.027689065130617228,0.03652975535203926,0.002522507775945474,0.011825415067142787,0.03784467524971791,54
Fear__Surprise,Surprise: all,LipSuckRT,0.0138537964431333,0.0263718513617509,3.1506429696406006e-05,0.0034839490961122072,0.020482461192106137,54
Fear__Surprise,Surprise: all,LipTightenerL,0.0360342355347887,0.059137506354897396,1.0892583001359195e-14,0.0004424919334117998,0.05693988135043542,54
Fear__Surprise,Surprise: all,LipTightenerR,0.027696226472003198,0.04746167546198633,2.691029724040232e-13,0.0006216138370828917,0.042257653901061426,54
Fear__Surprise,Surprise: all,LipsToward,0.08021129036992138,0.07759144339431134,0.024408354113499276,0.04079980907651281,0.12403714526833198,54
Fear__Surprise,Surprise: all,LowerLipDepressorL,0.01722002714738363,0.034911021934703225,0.0012381604343777602,0.006478655633206138,0.018511020529683786,54
Fear__Surprise,Surprise: all,LowerLipDepressorR,0.017686326476716346,0.03306704333384443,0.0017045413549264094,0.007823673162331676,0.020228884074185022,54
Fear__Surprise,Surprise: all,MouthLeft,0.0017293291929083637,0.0026914194006700085,5.841974800302652e-11,7.869869682862417e-05,0.002781897163955605,54
Fear__Surprise,Surprise: all,MouthRight,0.004140439571274562,0.012017891817208746,2.3801945489567425e-29,7.597837075531539e-12,0.0006413452601713867,54
Fear__Surprise,Surprise: all,NoseWrinklerL,0.004867840693956627,0.014814169377397352,6.040978144256793e-23,1.713308371566994e-11,0.0045851110786296135,54
Fear__Surprise,Surprise: all,NoseWrinklerR,0.0045334317559801865,0.012671302341443067,6.300643280654554e-17,9.218363979617931e-07,0.004610672172086737,54
Fear__Surprise,Surprise: all,OuterBrowRaiserL,0.30072840101564774,0.23118599036636692,0.10562944024585835,0.27642762257407105,0.4155758552949313,54
Fear__Surprise,Surprise: all,OuterBrowRaiserR,0.3108072311710618,0.2342428050987177,0.10742270865011956,0.3124200224255522,0.4258774675894529,54
Fear__Surprise,Surprise: all,UpperLidRaiserL,0.25970046658122914,0.2613396280549425,0.010499268762332193,0.19889220358964066,0.4231406972792235,54
Fear__Surprise,Surprise: all,UpperLidRaiserR,0.3402047468442469,0.26400484766141313,0.10217503981640648,0.31419374189497473,0.5336228163330816,54
Fear__Surprise,Surprise: all,UpperLipRaiserL,0.041035801849937346,0.0711537690272655,0.001982690628689894,0.014114640046227693,0.05890139084168998,54
Fear__Surprise,Surprise: all,UpperLipRaiserR,0.041681376943394695,0.07122488519354604,0.001492132013027148,0.013650397535335847,0.051023843521640286,54
Fear__Surprise,Surprise: all,AU1,0.2973163880123405,0.22795314896195276,0.09955972174793712,0.2612255752707521,0.4189955508917358,54
Fear__Surprise,Surprise: all,AU2,0.3057678160933548,0.2323775863850213,0.10456373760874148,0.28900485973184303,0.42072666144219206,54
Fear__Surprise,Surprise: all,AU4,0.03790808219239076,0.06090788396537237,0.00035810295999635786,0.008746675207839828,0.05931848870306829,54
Fear__Surprise,Surprise: all,AU5,0.299952606712738,0.2446803613714901,0.07977430372830333,0.2797163125237916,0.49212222956120966,54
Fear__Surprise,Surprise: all,AU6,0.061463799979312304,0.07923622935738088,0.0050000634925636556,0.030659932386045773,0.09773254550618546,54
Fear__Surprise,Surprise: all,AU7,0.09713699243729718,0.12935366811014404,0.007861351880284011,0.038607345959862,0.15375589961778738,54
Fear__Surprise,Surprise: all,AU8,0.08021129036992138,0.07759144339431134,0.024408354113499276,0.04079980907651281,0.12403714526833198,54
Fear__Surprise,Surprise: all,AU9,0.004700636224968408,0.01363912755374965,5.472710220018066e-15,0.0006551654768740124,0.0038375124086667575,54
Fear__Surprise,Surprise: all,AU10,0.041358589396666014,0.07088902724942875,0.003919272907764754,0.01333135804226378,0.056751768450802306,54
Fear__Surprise,Surprise: all,AU12,0.02064130271294367,0.048113188359314,0.00010536937943560114,0.003775272585909443,0.009992099239876567,54
Fear__Surprise,Surprise: all,AU14,0.03645652039510233,0.05779206944390753,0.00020597972822711404,0.008769776093740994,0.05775188506037614,54
Fear__Surprise,Surprise: all,AU15,0.01927381478137444,0.03900140496410205,0.002619597398708359,0.00791765345519641,0.016021207541446786,54
Fear__Surprise,Surprise: all,AU16,0.017453176812049984,0.03392644668595633,0.0014561497133869276,0.007309875765683177,0.019946642173161576,54
Fear__Surprise,Surprise: all,AU17,0.02730208294537115,0.037468406644989495,0.010623838377753877,0.016177207208013883,0.02770042255024182,54
Fear__Surprise,Surprise: all,AU18,0.10891590718173155,0.1604712976384453,0.002762913866154234,0.013249853838753841,0.20028251316812218,54
Fear__Surprise,Surprise: all,AU20,0.009600885094983016,0.02553016067025844,0.0013416062738690747,0.0037911398070411186,0.009113313160707948,54
Fear__Surprise,Surprise: all,AU22,0.025699842751422293,0.04383636100596249,3.2442858441654416e-10,0.0011958936779992426,0.040365284962211555,54
Fear__Surprise,Surprise: all,AU23,0.03186523100339594,0.05321371217046183,2.323660412923685e-13,0.0006101573268026632,0.04910454621452833,54
Fear__Surprise,Surprise: all,AU24,0.0030542250540325135,0.014596884154584586,5.793086397113674e-31,7.6495483133464e-13,3.827689999548583e-06,54
Fear__Surprise,Surprise: all,AU26,0.3922261973857522,0.20725410333386918,0.2313220938377033,0.33795568157608313,0.5316243697180445,54
Fear__Surprise,Surprise: all,AU28,0.023714613132652624,0.028981215389371602,0.0027372211564871693,0.016347858859870126,0.0294523215232549,54
Fear__Surprise,Surprise: all,AU43,0.015192817371304679,0.039865426396583095,5.579913128347881e-15,8.192567126824836e-05,0.009610205249117565,54
Fear__Surprise,Surprise: correct,BrowLowererL,0.03235837141835784,0.04450392986609231,0.0004976197443586915,0.009631541884906811,0.05673773211977575,52
Fear__Surprise,Surprise: correct,BrowLowererR,0.03170788381876023,0.04287788616521495,2.9988426767240665e-05,0.007405115426566477,0.05616858857683832,52
Fear__Surprise,Surprise: correct,CheekPuffL,0.0031389907862899155,0.005603728439120126,3.8576727675766664e-14,6.344364769080823e-08,0.004660988111254045,52
Fear__Surprise,Surprise: correct,CheekPuffR,0.004025957341052059,0.007266811860163377,8.921898193117347e-13,1.8218105781282282e-06,0.004328625936673645,52
Fear__Surprise,Surprise: correct,CheekRaiserL,0.06279170548542183,0.07723020200366917,0.004282102387036062,0.0319932978377437,0.09862068789855882,52
Fear__Surprise,Surprise: correct,CheekRaiserR,0.05060127399863905,0.06518702934878959,0.005151974592786636,0.020535163322370147,0.08647245099999755,52
Fear__Surprise,Surprise: correct,CheekSuckL,0.008819534978385129,0.023896001994409135,1.401298464324817e-45,1.401298464324817e-45,0.0006717086086988826,52
Fear__Surprise,Surprise: correct,CheekSuckR,0.0075628718156180354,0.02002799161939849,0.0,1.401298464324817e-45,4.915154616658833e-05,52
Fear__Surprise,Surprise: correct,ChinRaiserB,0.017777933776028355,0.040261243426029124,1.7874028253939056e-05,0.003960115618514205,0.00971926217914969,52
Fear__Surprise,Surprise: correct,ChinRaiserT,0.036091069998503617,0.03753867423873904,0.020854059734968625,0.02770268697033687,0.036323880071480096,52
Fear__Surprise,Surprise: correct,DimplerL,0.037657017053805954,0.0589655469072837,1.5229048782323578e-05,0.010265072200511132,0.061578697257209526,52
Fear__Surprise,Surprise: correct,DimplerR,0.03795956760295342,0.058026740721366335,0.00015041965506560815,0.01017599396213198,0.057129209369304546,52
Fear__Surprise,Surprise: correct,EyesClosedL,0.009791066675440198,0.035999975596879556,5.50812980790105e-22,7.577595759444925e-09,0.00017492037902209242,52
Fear__Surprise,Surprise: correct,EyesClosedR,0.016932194718376595,0.04189924691757874,1.0683440099704367e-22,2.518776170440527e-05,0.009378079456320474,52
Fear__Surprise,Surprise: correct,EyesLookDownL,0.00738912214692625,0.021617629320096095,2.127714035814162e-23,6.816042466281379e-13,0.0019345605164065626,52
Fear__Surprise,Surprise: correct,EyesLookDownR,0.01316778104677131,0.030378752397794844,1.4541528981833389e-24,3.640242886636018e-11,0.005539125579399993,52
Fear__Surprise,Surprise: correct,EyesLookLeftL,0.05892069017470184,0.09020444222951714,0.0,0.00062907836399972,0.10036165403823054,52
Fear__Surprise,Surprise: correct,EyesLookLeftR,0.1037822595771453,0.11838845156063359,0.003987610898911944,0.050942639168351844,0.1818502103288968,52
Fear__Surprise,Surprise: correct,EyesLookRightL,0.08831741940808471,0.1079750062141489,0.0010832269986470492,0.04758533320855345,0.13522577950110035,52
Fear__Surprise,Surprise: correct,EyesLookRightR,0.04659258094386366,0.08183096702756608,0.0,0.00249227727763354,0.0673709576328595,52
Fear__Surprise,Surprise: correct,EyesLookUpL,0.047570245777732896,0.08845425727683628,0.0,0.000438763839580735,0.039920091279782334,52
Fear__Surprise,Surprise: correct,EyesLookUpR,0.04771592230096796,0.0889467171988181,0.0,0.00040657979288690794,0.04005665548417406,52
Fear__Surprise,Surprise: correct,InnerBrowRaiserL,0.3060270400024499,0.22316389885518279,0.1075148835208286,0.28451400433596585,0.4342610918652034,52
Fear__Surprise,Surprise: correct,InnerBrowRaiserR,0.31122807933864194,0.226930355072848,0.11793106190161776,0.28773279782154426,0.41479055181772917,52
Fear__Surprise,Surprise: correct,JawDrop,0.3963972868084584,0.21006560874657146,0.22665437516023224,0.34389711304878195,0.5540182221593057,52
Fear__Surprise,Surprise: correct,JawSidewaysLeft,0.01953679591604042,0.04192971059030955,9.405046330589196e-08,0.0050011313648686065,0.016096018116028617,52
Fear__Surprise,Surprise: correct,JawSidewaysRight,0.030358263037542785,0.06084074604394518,0.003642563933920355,0.010849399305880018,0.02271238347157119,52
Fear__Surprise,Surprise: correct,JawThrust,0.08896996043875091,0.07797708197140642,0.03131732092734614,0.06547488649711677,0.12835160562995332,52
Fear__Surprise,Surprise: correct,LidTightenerL,0.0725386126207941,0.08828951646867632,0.0014978396850933526,0.03399180027966693,0.10978217928592732,52
Fear__Surprise,Surprise: correct,LidTightenerR,0.10391952058368203,0.15304810521095297,0.005701302098762022,0.019391572982927957,0.14521603305805303,52
Fear__Surprise,Surprise: correct,LipCornerDepressorL,0.02067525658224291,0.039914547098214855,0.003931496673607711,0.010408349932792235,0.02078251455289616,52
Fear__Surprise,Surprise: correct,LipCornerDepressorR,0.018014941505856683,0.03955675049590563,0.00028129602891599617,0.00635724417561398,0.012879086920065078,52
Fear__Surprise,Surprise: correct,LipCornerPullerL,0.021283062872835875,0.04785014798992278,0.0001681662821806247,0.004227535037731455,0.01068896012729961,52
Fear__Surprise,Surprise: correct,LipCornerPullerR,0.021427884908856536,0.050011060618318795,1.150681537257426e-08,0.002703905560697094,0.009622430577369495,52
Fear__Surprise,Surprise: correct,LipFunnelerLB,0.008817524470994178,0.021255606519866622,1.401298464324817e-45,3.726816453631757e-33,0.006010563914242059,52
Fear__Surprise,Surprise: correct,LipFunnelerLT,0.03569915543229994,0.05978235363160754,4.04212466183529e-12,0.0005824019076334311,0.04738775116494763,52
Fear__Surprise,Surprise: correct,LipFunnelerRB,0.007875482615405681,0.019073042694827257,1.401298464324817e-45,1.9008949501209396e-12,0.00561756269307805,52
Fear__Surprise,Surprise: correct,LipFunnelerRT,0.03588070735249424,0.05988519091416332,1.535150977053351e-10,0.0024399034531306,0.04937932069476955,52
Fear__Surprise,Surprise: correct,LipPressorL,0.003060540986348732,0.01486307718926325,1.8792288277632795e-35,1.2822593925627153e-13,5.841939886873833e-07,52
Fear__Surprise,Surprise: correct,LipPressorR,0.0031412360459675062,0.014886155969694366,4.566262760770564e-33,4.903098861300242e-18,5.841939886873833e-07,52
Fear__Surprise,Surprise: correct,LipPuckerL,0.0976736704051602,0.1381550364710411,0.0019587752748823875,0.011989509280982665,0.1861840339893523,52
Fear__Surprise,Surprise: correct,LipPuckerR,0.09927152728146237,0.14213355668810093,0.0005518584358479488,0.011259101580685594,0.1892611901449523,52
Fear__Surprise,Surprise: correct,LipStretcherL,0.008402702834761269,0.02548638966581497,2.9214291958770936e-05,0.0020549485526704632,0.00614233197383096,52
Fear__Surprise,Surprise: correct,LipStretcherR,0.01148535457811702,0.026559247528276864,0.002567772807136547,0.004684907458619502,0.010719911949126939,52
Fear__Surprise,Surprise: correct,LipSuckLB,0.037395875513200616,0.045678679389889905,0.005540571540805721,0.019902383257183194,0.051009855352943556,52
Fear__Surprise,Surprise: correct,LipSuckLT,0.017769198944672323,0.0311251687482023,3.2785624890035466e-06,0.00475425625703562,0.025068278070796132,52
Fear__Surprise,Surprise: correct,LipSuckRB,0.02860277360263783,0.036921044825549,0.0033583009320991525,0.012425010520599234,0.038010284946544536,52
Fear__Surprise,Surprise: correct,LipSuckRT,0.014343575808987673,0.02675995230997021,3.856016391422228e-05,0.004006348545444367,0.021427979038874848,52
Fear__Surprise,Surprise: correct,LipTightenerL,0.03220499076979945,0.05047128109551304,3.2185616994983977e-15,9.03602160710785e-05,0.0521643004151144,52
Fear__Surprise,Surprise: correct,LipTightenerR,0.02424198681138257,0.03872962315916167,2.478991541963505e-14,0.0003184547306727761,0.03810510892678337,52
Fear__Surprise,Surprise: correct,LipsToward,0.07971810094615342,0.07881599400032456,0.023914876161143135,0.03962932654346024,0.12407367493337833,52
Fear__Surprise,Surprise: correct,LowerLipDepressorL,0.014476709756445568,0.029588920547905476,0.001018642111703481,0.005719125420121859,0.017825769340076122,52
Fear__Surprise,Surprise: correct,LowerLipDepressorR,0.015452531721019121,0.02961828941013193,0.0015556274794671487,0.007091391909247062,0.020040014630588337,52
Fear__Surprise,Surprise: correct,MouthLeft,0.0017829196710026814,0.0027284298172316683,1.5577725030785208e-11,7.869869682862417e-05,0.00304771482904961,52
Fear__Surprise,Surprise: correct,MouthRight,0.0042996872470928,0.012222744923933876,7.140212693939493e-29,5.964999432396637e-10,0.0007155804538196853,52
Fear__Surprise,Surprise: correct,NoseWrinklerL,0.003068632029652067,0.005860332622812294,1.2472879676628847e-27,2.5200376116527006e-12,0.004047204194890504,52
Fear__Surprise,Surprise: correct,NoseWrinklerR,0.003008889592993775,0.005134118104772254,5.369842221020707e-17,9.218363979617931e-07,0.004413304829132508,52
Fear__Surprise,Surprise: correct,OuterBrowRaiserL,0.3122887534152319,0.22773634261631745,0.12505740586220002,0.2823449810345967,0.4276651240157805,52
Fear__Surprise,Surprise: correct,OuterBrowRaiserR,0.32272752546503963,0.23045534460833092,0.12314824290806424,0.32313048013650136,0.43754869940076824,52
Fear__Surprise,Surprise: correct,UpperLidRaiserL,0.2696889446739539,0.2612090520283741,0.02944002660850892,0.20710943758337458,0.4329619277627753,52
Fear__Surprise,Surprise: correct,UpperLidRaiserR,0.35328953612882513,0.26022774401414833,0.1490300994036867,0.37684598881812204,0.5383277599290522,52
Fear__Surprise,Surprise: correct,UpperLipRaiserL,0.04239173153721377,0.07217670945350507,0.0030173880074755334,0.015100881640683045,0.059885920669770346,52
Fear__Surprise,Surprise: correct,UpperLipRaiserR,0.04298482452457361,0.07226874981580754,0.0017084101661567117,0.013650397535335847,0.05390592047284974,52
Fear__Surprise,Surprise: correct,AU1,0.3086275596705459,0.22467278613013972,0.1092059944563516,0.27369280634142396,0.43056102141659247,52
Fear__Surprise,Surprise: correct,AU2,0.31750813944013573,0.2287409705118731,0.12206967811410621,0.3019149294433494,0.43260691170827437,52
Fear__Surprise,Surprise: correct,AU4,0.03203312761855903,0.04292202926087682,0.00029003911181453205,0.008331232908191506,0.05789231153990117,52
Fear__Surprise,Surprise: correct,AU5,0.3114892404013895,0.24197575395014184,0.11706557361384251,0.28391926582868715,0.5007478762883693,52
Fear__Surprise,Surprise: correct,AU6,0.05669648974203045,0.07085752914124668,0.004637664034444147,0.028201043465090416,0.09570057627309564,52
Fear__Surprise,Surprise: correct,AU7,0.08822906660223806,0.1096175470359693,0.006620790295164499,0.03436418207176663,0.14202433676759935,52
Fear__Surprise,Surprise: correct,AU8,0.07971810094615342,0.07881599400032456,0.023914876161143135,0.03962932654346024,0.12407367493337833,52
Fear__Surprise,Surprise: correct,AU9,0.0030387608113229205,0.0052227606220813134,3.158981668992752e-15,0.0006551654768740124,0.003823974147591233,52
Fear__Surprise,Surprise: correct,AU10,0.042688278030893693,0.07191552515721354,0.004239382612644916,0.015596664568111908,0.05771899015572516,52
Fear__Surprise,Surprise: correct,AU12,0.021355473890846202,0.04890244212473464,0.00013953994588746874,0.003775272585909443,0.010482030935114944,52
Fear__Surprise,Surprise: correct,AU14,0.037808292328379685,0.058485800434820816,0.00015108216431744407,0.010141789597730592,0.05952898374574332,52
Fear__Surprise,Surprise: correct,AU15,0.019345099044049796,0.03964255851624403,0.0031589206867810465,0.00791765345519641,0.015067763537293359,52
Fear__Surprise,Surprise: correct,AU16,0.014964620738732344,0.029571245820071125,0.0012502651832027845,0.006539540881803275,0.01882446210432247,52
Fear__Surprise,Surprise: correct,AU17,0.026934501887265982,0.037635197014654634,0.010677586799641432,0.016177207208013883,0.02717544576695804,52
Fear__Surprise,Surprise: correct,AU18,0.09847259884331129,0.14013279370240705,0.0022045350403156138,0.011559582640761764,0.1877226120671523,52
Fear__Surprise,Surprise: correct,AU20,0.009944028706439144,0.025963387781435213,0.001880939782580934,0.003926989350507938,0.010101458120768271,52
Fear__Surprise,Surprise: correct,AU22,0.02206821746779851,0.0368794806337382,2.378571333618627e-10,0.0007597652651261063,0.02831276164355815,52
Fear__Surprise,Surprise: correct,AU23,0.028223488790591007,0.04452840872606936,2.4330204188784064e-14,0.00030585612242628446,0.04365204043728862,52
Fear__Surprise,Surprise: correct,AU24,0.0031008885161581193,0.014873863689606767,1.7266589288611665e-30,7.6495483133464e-13,2.4286137943417784e-06,52
Fear__Surprise,Surprise: correct,AU26,0.3963972868084584,0.21006560874657146,0.22665437516023224,0.34389711304878195,0.5540182221593057,52
Fear__Surprise,Surprise: correct,AU28,0.02452785596737461,0.02922982203821621,0.0030940265137913985,0.018046677281998907,0.03024089567727518,52
Fear__Surprise,Surprise: correct,AU43,0.013361630696908395,0.038135824651503336,1.0080728168759795e-16,4.7289984673767634e-05,0.0060942653404128765,52
Fear__Surprise,Surprise → Fear,BrowLowererL,0.050394556795557294,,0.050394556795557294,0.050394556795557294,0.050394556795557294,1
Fear__Surprise,Surprise → Fear,BrowLowererR,0.0016737171443916067,,0.0016737171443916067,0.0016737171443916067,0.0016737171443916067,1
Fear__Surprise,Surprise → Fear,CheekPuffL,0.0024773789330339237,,0.0024773789330339237,0.0024773789330339237,0.0024773789330339237,1
Fear__Surprise,Surprise → Fear,CheekPuffR,0.005955450177073798,,0.005955450177073798,0.005955450177073798,0.005955450177073798,1
Fear__Surprise,Surprise → Fear,CheekRaiserL,0.03381134650359547,,0.03381134650359547,0.03381134650359547,0.03381134650359547,1
Fear__Surprise,Surprise → Fear,CheekRaiserR,0.03773449063301082,,0.03773449063301082,0.03773449063301082,0.03773449063301082,1
Fear__Surprise,Surprise → Fear,CheekSuckL,1.401298464324817e-45,,1.401298464324817e-45,1.401298464324817e-45,1.401298464324817e-45,1
Fear__Surprise,Surprise → Fear,CheekSuckR,1.401298464324817e-45,,1.401298464324817e-45,1.401298464324817e-45,1.401298464324817e-45,1
Fear__Surprise,Surprise → Fear,ChinRaiserB,9.317322340009567e-05,,9.317322340009567e-05,9.317322340009567e-05,9.317322340009567e-05,1
Fear__Surprise,Surprise → Fear,ChinRaiserT,0.010709296934752834,,0.010709296934752834,0.010709296934752834,0.010709296934752834,1
Fear__Surprise,Surprise → Fear,DimplerL,0.0008425918097298758,,0.0008425918097298758,0.0008425918097298758,0.0008425918097298758,1
Fear__Surprise,Surprise → Fear,DimplerR,0.0026631494984032927,,0.0026631494984032927,0.0026631494984032927,0.0026631494984032927,1
Fear__Surprise,Surprise → Fear,EyesClosedL,4.517509052022935e-22,,4.517509052022935e-22,4.517509052022935e-22,4.517509052022935e-22,1
Fear__Surprise,Surprise → Fear,EyesClosedR,0.022156724892556618,,0.022156724892556618,0.022156724892556618,0.022156724892556618,1
Fear__Surprise,Surprise → Fear,EyesLookDownL,5.821550938026213e-11,,5.821550938026213e-11,5.821550938026213e-11,5.821550938026213e-11,1
Fear__Surprise,Surprise → Fear,EyesLookDownR,0.022152876233061107,,0.022152876233061107,0.022152876233061107,0.022152876233061107,1
Fear__Surprise,Surprise → Fear,EyesLookLeftL,0.14224802205959952,,0.14224802205959952,0.14224802205959952,0.14224802205959952,1
Fear__Surprise,Surprise → Fear,EyesLookLeftR,0.21655541708072024,,0.21655541708072024,0.21655541708072024,0.21655541708072024,1
Fear__Surprise,Surprise → Fear,EyesLookRightL,0.02705877472956975,,0.02705877472956975,0.02705877472956975,0.02705877472956975,1
Fear__Surprise,Surprise → Fear,EyesLookRightR,0.015621981024742122,,0.015621981024742122,0.015621981024742122,0.015621981024742122,1
Fear__Surprise,Surprise → Fear,EyesLookUpL,0.0,,0.0,0.0,0.0,1
Fear__Surprise,Surprise → Fear,EyesLookUpR,0.0,,0.0,0.0,0.0,1
Fear__Surprise,Surprise → Fear,InnerBrowRaiserL,2.653315332630986e-07,,2.653315332630986e-07,2.653315332630986e-07,2.653315332630986e-07,1
Fear__Surprise,Surprise → Fear,InnerBrowRaiserR,0.0005351943513990631,,0.0005351943513990631,0.0005351943513990631,0.0005351943513990631,1
Fear__Surprise,Surprise → Fear,JawDrop,0.3124451437344153,,0.3124451437344153,0.3124451437344153,0.3124451437344153,1
Fear__Surprise,Surprise → Fear,JawSidewaysLeft,0.005599443414151464,,0.005599443414151464,0.005599443414151464,0.005599443414151464,1
Fear__Surprise,Surprise → Fear,JawSidewaysRight,0.01137800689515032,,0.01137800689515032,0.01137800689515032,0.01137800689515032,1
Fear__Surprise,Surprise → Fear,JawThrust,0.13266693612871067,,0.13266693612871067,0.13266693612871067,0.13266693612871067,1
Fear__Surprise,Surprise → Fear,LidTightenerL,0.02488809346708266,,0.02488809346708266,0.02488809346708266,0.02488809346708266,1
Fear__Surprise,Surprise → Fear,LidTightenerR,0.062351868365658404,,0.062351868365658404,0.062351868365658404,0.062351868365658404,1
Fear__Surprise,Surprise → Fear,LipCornerDepressorL,0.004393544427651342,,0.004393544427651342,0.004393544427651342,0.004393544427651342,1
Fear__Surprise,Surprise → Fear,LipCornerDepressorR,1.2596164096669605e-14,,1.2596164096669605e-14,1.2596164096669605e-14,1.2596164096669605e-14,1
Fear__Surprise,Surprise → Fear,LipCornerPullerL,3.4664254705321766e-21,,3.4664254705321766e-21,3.4664254705321766e-21,3.4664254705321766e-21,1
Fear__Surprise,Surprise → Fear,LipCornerPullerR,2.8961027787116848e-21,,2.8961027787116848e-21,2.8961027787116848e-21,2.8961027787116848e-21,1
Fear__Surprise,Surprise → Fear,LipFunnelerLB,0.0037876021205296893,,0.0037876021205296893,0.0037876021205296893,0.0037876021205296893,1
Fear__Surprise,Surprise → Fear,LipFunnelerLT,0.06577559880048886,,0.06577559880048886,0.06577559880048886,0.06577559880048886,1
Fear__Surprise,Surprise → Fear,LipFunnelerRB,0.004156525944933267,,0.004156525944933267,0.004156525944933267,0.004156525944933267,1
Fear__Surprise,Surprise → Fear,LipFunnelerRT,0.07253081367768265,,0.07253081367768265,0.07253081367768265,0.07253081367768265,1
Fear__Surprise,Surprise → Fear,LipPressorL,2.2717014158524465e-33,,2.2717014158524465e-33,2.2717014158524465e-33,2.2717014158524465e-33,1
Fear__Surprise,Surprise → Fear,LipPressorR,1.401298464324817e-45,,1.401298464324817e-45,1.401298464324817e-45,1.401298464324817e-45,1
Fear__Surprise,Surprise → Fear,LipPuckerL,0.05292779911324028,,0.05292779911324028,0.05292779911324028,0.05292779911324028,1
Fear__Surprise,Surprise → Fear,LipPuckerR,0.05959847536772331,,0.05959847536772331,0.05959847536772331,0.05959847536772331,1
Fear__Surprise,Surprise → Fear,LipStretcherL,2.0806933015945125e-06,,2.0806933015945125e-06,2.0806933015945125e-06,2.0806933015945125e-06,1
Fear__Surprise,Surprise → Fear,LipStretcherR,0.00032452310998396747,,0.00032452310998396747,0.00032452310998396747,0.00032452310998396747,1
Fear__Surprise,Surprise → Fear,LipSuckLB,1.1506408386284473e-11,,1.1506408386284473e-11,1.1506408386284473e-11,1.1506408386284473e-11,1
Fear__Surprise,Surprise → Fear,LipSuckLT,7.991821114336841e-08,,7.991821114336841e-08,7.991821114336841e-08,7.991821114336841e-08,1
Fear__Surprise,Surprise → Fear,LipSuckRB,2.3613871708202656e-10,,2.3613871708202656e-10,2.3613871708202656e-10,2.3613871708202656e-10,1
Fear__Surprise,Surprise → Fear,LipSuckRT,4.1435898297942365e-08,,4.1435898297942365e-08,4.1435898297942365e-08,4.1435898297942365e-08,1
Fear__Surprise,Surprise → Fear,LipTightenerL,0.003586850105181326,,0.003586850105181326,0.003586850105181326,0.003586850105181326,1
Fear__Surprise,Surprise → Fear,LipTightenerR,0.0031889454057012984,,0.0031889454057012984,0.0031889454057012984,0.0031889454057012984,1
Fear__Surprise,Surprise → Fear,LipsToward,0.0619585724547505,,0.0619585724547505,0.0619585724547505,0.0619585724547505,1
Fear__Surprise,Surprise → Fear,LowerLipDepressorL,0.15702396258711812,,0.15702396258711812,0.15702396258711812,0.15702396258711812,1
Fear__Surprise,Surprise → Fear,LowerLipDepressorR,0.1314723746851086,,0.1314723746851086,0.1314723746851086,0.1314723746851086,1
Fear__Surprise,Surprise → Fear,MouthLeft,4.6282544636788713e-07,,4.6282544636788713e-07,4.6282544636788713e-07,4.6282544636788713e-07,1
Fear__Surprise,Surprise → Fear,MouthRight,1.401298464324817e-45,,1.401298464324817e-45,1.401298464324817e-45,1.401298464324817e-45,1
Fear__Surprise,Surprise → Fear,NoseWrinklerL,8.537478699413815e-10,,8.537478699413815e-10,8.537478699413815e-10,8.537478699413815e-10,1
Fear__Surprise,Surprise → Fear,NoseWrinklerR,9.95622490343722e-09,,9.95622490343722e-09,9.95622490343722e-09,9.95622490343722e-09,1
Fear__Surprise,Surprise → Fear,OuterBrowRaiserL,0.0003184771623989443,,0.0003184771623989443,0.0003184771623989443,0.0003184771623989443,1
Fear__Surprise,Surprise → Fear,OuterBrowRaiserR,0.0017591590552761855,,0.0017591590552761855,0.0017591590552761855,0.0017591590552761855,1
Fear__Surprise,Surprise → Fear,UpperLidRaiserL,7.234000011212735e-08,,7.234000011212735e-08,7.234000011212735e-08,7.234000011212735e-08,1
Fear__Surprise,Surprise → Fear,UpperLidRaiserR,4.508893630845538e-07,,4.508893630845538e-07,4.508893630845538e-07,4.508893630845538e-07,1
Fear__Surprise,Surprise → Fear,UpperLipRaiserL,7.991854651474105e-20,,7.991854651474105e-20,7.991854651474105e-20,7.991854651474105e-20,1
Fear__Surprise,Surprise → Fear,UpperLipRaiserR,1.2805915476008516e-19,,1.2805915476008516e-19,1.2805915476008516e-19,1.2805915476008516e-19,1
Fear__Surprise,Surprise → Fear,AU1,0.0002677298414661631,,0.0002677298414661631,0.0002677298414661631,0.0002677298414661631,1
Fear__Surprise,Surprise → Fear,AU2,0.0010388181088375648,,0.0010388181088375648,0.0010388181088375648,0.0010388181088375648,1
Fear__Surprise,Surprise → Fear,AU4,0.02603413696997445,,0.02603413696997445,0.02603413696997445,0.02603413696997445,1
Fear__Surprise,Surprise → Fear,AU5,2.616146815983406e-07,,2.616146815983406e-07,2.616146815983406e-07,2.616146815983406e-07,1
Fear__Surprise,Surprise → Fear,AU6,0.03577291856830314,,0.03577291856830314,0.03577291856830314,0.03577291856830314,1
Fear__Surprise,Surprise → Fear,AU7,0.04361998091637053,,0.04361998091637053,0.04361998091637053,0.04361998091637053,1
Fear__Surprise,Surprise → Fear,AU8,0.0619585724547505,,0.0619585724547505,0.0619585724547505,0.0619585724547505,1
Fear__Surprise,Surprise → Fear,AU9,5.404986386689301e-09,,5.404986386689301e-09,5.404986386689301e-09,5.404986386689301e-09,1
Fear__Surprise,Surprise → Fear,AU10,1.0398885063741311e-19,,1.0398885063741311e-19,1.0398885063741311e-19,1.0398885063741311e-19,1
Fear__Surprise,Surprise → Fear,AU12,3.181264124621931e-21,,3.181264124621931e-21,3.181264124621931e-21,3.181264124621931e-21,1
Fear__Surprise,Surprise → Fear,AU14,0.0017528706540665842,,0.0017528706540665842,0.0017528706540665842,0.0017528706540665842,1
Fear__Surprise,Surprise → Fear,AU15,0.002196772213831969,,0.002196772213831969,0.002196772213831969,0.002196772213831969,1
Fear__Surprise,Surprise → Fear,AU16,0.14424816863611337,,0.14424816863611337,0.14424816863611337,0.14424816863611337,1
Fear__Surprise,Surprise → Fear,AU17,0.005401235079076465,,0.005401235079076465,0.005401235079076465,0.005401235079076465,1
Fear__Surprise,Surprise → Fear,AU18,0.05626313724048179,,0.05626313724048179,0.05626313724048179,0.05626313724048179,1
Fear__Surprise,Surprise → Fear,AU20,0.000163301901642781,,0.000163301901642781,0.000163301901642781,0.000163301901642781,1
Fear__Surprise,Surprise → Fear,AU22,0.036562635135908614,,0.036562635135908614,0.036562635135908614,0.036562635135908614,1
Fear__Surprise,Surprise → Fear,AU23,0.003387897755441312,,0.003387897755441312,0.003387897755441312,0.003387897755441312,1
Fear__Surprise,Surprise → Fear,AU24,1.135850707926924e-33,,1.135850707926924e-33,1.135850707926924e-33,1.135850707926924e-33,1
Fear__Surprise,Surprise → Fear,AU26,0.3124451437344153,,0.3124451437344153,0.3124451437344153,0.3124451437344153,1
Fear__Surprise,Surprise → Fear,AU28,3.040043864169477e-08,,3.040043864169477e-08,3.040043864169477e-08,3.040043864169477e-08,1
Fear__Surprise,Surprise → Fear,AU43,0.011078362446278309,,0.011078362446278309,0.011078362446278309,0.011078362446278309,1
Disgust__Happiness,Disgust: all,BrowLowererL,0.20364890998157592,0.16631305008775768,0.0640377252287957,0.16652873956287897,0.2831928343997181,54
Disgust__Happiness,Disgust: all,BrowLowererR,0.18631237832654704,0.15881316827048333,0.06579381906290105,0.1403420028325854,0.2651783250349884,54
Disgust__Happiness,Disgust: all,CheekPuffL,0.0024551103065273104,0.00945766691958726,1.401298464324817e-45,3.455903464155635e-21,0.0011299907762764533,54
Disgust__Happiness,Disgust: all,CheekPuffR,0.0027735684401712334,0.009968113785269683,1.322272587753835e-40,4.646789944782485e-06,0.001380765990711608,54
Disgust__Happiness,Disgust: all,CheekRaiserL,0.29181043352651315,0.2296428072042262,0.12740234389590716,0.25676804656783736,0.35953628694017725,54
Disgust__Happiness,Disgust: all,CheekRaiserR,0.2642519848114144,0.22787594440484002,0.11418558425923478,0.20511942924931642,0.32090551468233264,54
Disgust__Happiness,Disgust: all,CheekSuckL,2.4470741064524488e-05,0.00017982248770756756,1.401298464324817e-45,1.401298464324817e-45,1.401298464324817e-45,54
Disgust__Happiness,Disgust: all,CheekSuckR,3.3311644922711e-21,1.9212904871307615e-20,3.503246160812043e-46,1.401298464324817e-45,1.401298464324817e-45,54
Disgust__Happiness,Disgust: all,ChinRaiserB,0.11176969308846262,0.18237478437345392,0.0051228235481662774,0.03133387290689234,0.160632462692513,54
Disgust__Happiness,Disgust: all,ChinRaiserT,0.17200349018084143,0.17195124896397143,0.05083907114652292,0.11644971372710032,0.23906646530764797,54
Disgust__Happiness,Disgust: all,DimplerL,0.10341698908133092,0.11597957506561565,0.024295014092842158,0.07340461374648534,0.14396203835273502,54
Disgust__Happiness,Disgust: all,DimplerR,0.10316488143265676,0.11271261023637433,0.024724410701624844,0.08512178594246503,0.149087896664696,54
Disgust__Happiness,Disgust: all,EyesClosedL,0.08110458807778993,0.11325605815264372,0.004576677334504555,0.028325274808690473,0.15351900769159693,54
Disgust__Happiness,Disgust: all,EyesClosedR,0.0811410500258168,0.10497866633761282,0.005809698455656551,0.036268194050838524,0.12630748612226697,54
Disgust__Happiness,Disgust: all,EyesLookDownL,0.04890534863136148,0.059955559003208383,1.3476726660992486e-12,0.024485725894919555,0.08257423614999783,54
Disgust__Happiness,Disgust: all,EyesLookDownR,0.05540130715944406,0.0677494456064653,9.760068383477673e-29,0.02644523784207799,0.10886213891208167,54
Disgust__Happiness,Disgust: all,EyesLookLeftL,0.0452460316170609,0.06964806970853966,0.0,0.00650017064375181,0.06955870583963886,54
Disgust__Happiness,Disgust: all,EyesLookLeftR,0.08538495368172593,0.09990275501541945,3.2920413650571664e-05,0.04310235042745865,0.1521566274265448,54
Disgust__Happiness,Disgust: all,EyesLookRightL,0.10500805150592146,0.11186274564252897,0.007676565281238361,0.06659870296716686,0.15673311896001296,54
Disgust__Happiness,Disgust: all,EyesLookRightR,0.058790674164710136,0.08459775814178495,0.0,0.02514621664304283,0.07558778788467554,54
Disgust__Happiness,Disgust: all,EyesLookUpL,0.0526659598651114,0.07700989683678884,0.0,0.010691281997909143,0.0928365180793965,54
Disgust__Happiness,Disgust: all,EyesLookUpR,0.05271194991125669,0.07717948976251723,0.0,0.010642481874674554,0.09310008467655276,54
Disgust__Happiness,Disgust: all,InnerBrowRaiserL,0.042870261616378136,0.04988864940904516,0.005988669440133237,0.026169854183293206,0.054438400107998504,54
Disgust__Happiness,Disgust: all,InnerBrowRaiserR,0.0402406018594224,0.04670575944736881,0.005844565362237004,0.02431136626352473,0.06180794692287839,54
Disgust__Happiness,Disgust: all,JawDrop,0.10876266707982257,0.09761784489997939,0.032049174190857795,0.09381988152272161,0.1324269353916558,54
Disgust__Happiness,Disgust: all,JawSidewaysLeft,0.00488835742755227,0.004859068109923494,8.688923306007455e-07,0.004008458237998001,0.008203491701636902,54
Disgust__Happiness,Disgust: all,JawSidewaysRight,0.007897848655690156,0.00655257689419411,0.0018834495276704132,0.007921328571205732,0.010933495691426804,54
Disgust__Happiness,Disgust: all,JawThrust,0.03868223588235398,0.05698296762780175,0.0016263167459977087,0.008939226345436636,0.04970708840144384,54
Disgust__Happiness,Disgust: all,LidTightenerL,0.2981366222858074,0.18919629892621223,0.15418947992535922,0.28213558296362556,0.42126372034351034,54
Disgust__Happiness,Disgust: all,LidTightenerR,0.2799414716760359,0.18818990664940596,0.12619762965948023,0.287866102073652,0.4159729747877767,54
Disgust__Happiness,Disgust: all,LipCornerDepressorL,0.11643143957419168,0.11786504912917378,0.023020023084245583,0.05965628465837649,0.20351800215042504,54
Disgust__Happiness,Disgust: all,LipCornerDepressorR,0.09825104920742044,0.10765389765703642,0.009568744758143972,0.04033862996060039,0.1831943317390596,54
Disgust__Happiness,Disgust: all,LipCornerPullerL,0.12403860629879152,0.20766752399905375,0.016707341023720755,0.041919917209694735,0.12319351567033052,54
Disgust__Happiness,Disgust: all,LipCornerPullerR,0.12564717712488532,0.21075516307965875,0.00958072841112876,0.03889185159205222,0.12536269910826345,54
Disgust__Happiness,Disgust: all,LipFunnelerLB,0.0011374386064590776,0.0066070050570772535,1.401298464324817e-45,1.401298464324817e-45,2.0695696794109426e-28,54
Disgust__Happiness,Disgust: all,LipFunnelerLT,0.0037054494070433144,0.00655361284244816,3.268505312331287e-21,0.00017652995071675335,0.00648399434559011,54
Disgust__Happiness,Disgust: all,LipFunnelerRB,0.0011489397558673703,0.006772507186858893,1.401298464324817e-45,1.5277306182685237e-41,1.0504204090184295e-14,54
Disgust__Happiness,Disgust: all,LipFunnelerRT,0.002962436235970985,0.006422091308666312,6.44186105910034e-39,7.660894708120064e-08,0.002601988821367183,54
Disgust__Happiness,Disgust: all,LipPressorL,0.018620562339771538,0.054418851475357875,1.6097416108931336e-43,1.3639608847326026e-15,0.004245629118031475,54
Disgust__Happiness,Disgust: all,LipPressorR,0.01871404361769316,0.05491310674292795,6.541055455459756e-38,3.783031461863737e-09,0.004440219022474542,54
Disgust__Happiness,Disgust: all,LipPuckerL,0.04466690239111557,0.09894536543441633,1.1412128419971456e-09,0.00233218872053837,0.04077323818825948,54
Disgust__Happiness,Disgust: all,LipPuckerR,0.04324851318067585,0.09588900280702861,9.291568838471303e-13,0.0017306261323568246,0.04254241320422122,54
Disgust__Happiness,Disgust: all,LipStretcherL,0.10378531040281726,0.1446679093324298,0.01854848196380767,0.040784756450921084,0.12371854924907283,54
Disgust__Happiness,Disgust: all,LipStretcherR,0.1078616965191718,0.14780605722725015,0.015873784736424035,0.043983485832237976,0.13182319384068247,54
Disgust__Happiness,Disgust: all,LipSuckLB,0.1284654985704303,0.11012671069799632,0.06554844052500353,0.09627310149470009,0.17687347319442775,54
Disgust__Happiness,Disgust: all,LipSuckLT,0.06836339055219018,0.09793309029247158,0.021533051050734723,0.04049946715434388,0.07927524290334317,54
Disgust__Happiness,Disgust: all,LipSuckRB,0.11156187647240445,0.10398705182747156,0.05423255750080329,0.08000029341492332,0.15514563697700695,54
Disgust__Happiness,Disgust: all,LipSuckRT,0.059501595236439185,0.09267149577845336,0.019542161580809736,0.03804819898990289,0.06690000786358749,54
Disgust__Happiness,Disgust: all,LipTightenerL,0.01078156466892883,0.024313654255671106,1.401298464324817e-45,1.8872271664609155e-18,0.004278575340210641,54
Disgust__Happiness,Disgust: all,LipTightenerR,0.009758413720604316,0.02233177892932066,1.401298464324817e-45,3.6463969849342677e-23,0.0038632429348543123,54
Disgust__Happiness,Disgust: all,LipsToward,0.04191319725471171,0.04794904862243715,0.023043009506848896,0.03534018434584136,0.04504643489296233,54
Disgust__Happiness,Disgust: all,LowerLipDepressorL,0.13410445371033966,0.1608825146977133,0.003144933538539518,0.07487421146127073,0.21578588178535935,54
Disgust__Happiness,Disgust: all,LowerLipDepressorR,0.13049145148914582,0.15652536575151926,0.005034166219244505,0.0724448556701342,0.21227837344301098,54
Disgust__Happiness,Disgust: all,MouthLeft,0.009755599564349559,0.0111392179343926,0.002001899404762183,0.006018035885559488,0.01176249156346781,54
Disgust__Happiness,Disgust: all,MouthRight,0.005664014670412648,0.009952490107263812,6.32456335468993e-11,0.0016436527424848303,0.005026430900818423,54
Disgust__Happiness,Disgust: all,NoseWrinklerL,0.24080601683053532,0.2508259446300533,0.035943414346578315,0.1585846400432594,0.39034991464046126,54
Disgust__Happiness,Disgust: all,NoseWrinklerR,0.24070146386259614,0.25619692655479137,0.02392469237250524,0.14838287125009564,0.381477568934982,54
Disgust__Happiness,Disgust: all,OuterBrowRaiserL,0.0349691367786915,0.04127935098484689,0.0022040208054628385,0.015724938504687654,0.058908461042079696,54
Disgust__Happiness,Disgust: all,OuterBrowRaiserR,0.03907723090189351,0.04721082576497574,0.0013927764080562694,0.021617122732019763,0.05703004539876319,54
Disgust__Happiness,Disgust: all,UpperLidRaiserL,0.06525532418534884,0.10980988682419106,1.0745167929228136e-19,0.004027300833617991,0.06789577277241517,54
Disgust__Happiness,Disgust: all,UpperLidRaiserR,0.07977094952988822,0.11829837206712339,5.7198182509170595e-08,0.009154220517927834,0.14753587724286865,54
Disgust__Happiness,Disgust: all,UpperLipRaiserL,0.27941785154940696,0.20442985478490835,0.07799923072296432,0.2505592817181119,0.43678644456182764,54
Disgust__Happiness,Disgust: all,UpperLipRaiserR,0.29346367233183784,0.2118754028707113,0.0901851706052216,0.2753960109880912,0.4750087556429298,54
Disgust__Happiness,Disgust: all,AU1,0.04155543173790027,0.047524980794965976,0.006002868013978439,0.028051092042005572,0.05436732589078016,54
Disgust__Happiness,Disgust: all,AU2,0.03702318384029251,0.04187181738815475,0.0026279849046651517,0.0215348197666268,0.06367123018171691,54
Disgust__Happiness,Disgust: all,AU4,0.1949806441540615,0.16144323811428418,0.058284122029624505,0.14782346721040082,0.28844926360082657,54
Disgust__Happiness,Disgust: all,AU5,0.07251313685761855,0.10854444433856576,1.1421708097828243e-05,0.009913544576439587,0.10232616764924331,54
Disgust__Happiness,Disgust: all,AU6,0.27803120916896373,0.22830716623414135,0.1173259035443758,0.23328517725070314,0.3337684315939744,54
Disgust__Happiness,Disgust: all,AU7,0.28903904698092164,0.17987947072229715,0.1708460405692998,0.2819414645608049,0.38038189033989817,54
Disgust__Happiness,Disgust: all,AU8,0.04191319725471171,0.04794904862243715,0.023043009506848896,0.03534018434584136,0.04504643489296233,54
Disgust__Happiness,Disgust: all,AU9,0.24075374034656574,0.2533543835191957,0.029052536516367838,0.14959046805880077,0.38416341716002667,54
Disgust__Happiness,Disgust: all,AU10,0.2864407619406224,0.20794090808602048,0.08072102987229562,0.26684164094403967,0.45764898802396753,54
Disgust__Happiness,Disgust: all,AU12,0.12484289171183839,0.20918428263098982,0.013059852796141018,0.03909313857305577,0.1240493352427923,54
Disgust__Happiness,Disgust: all,AU14,0.10329093525699384,0.11428562339556403,0.025178330517257697,0.08072845973268458,0.14652496750871552,54
Disgust__Happiness,Disgust: all,AU15,0.10734124439080601,0.1125902592427885,0.017880770235205953,0.05176532082929054,0.19451874020918844,54
Disgust__Happiness,Disgust: all,AU16,0.13229795259974272,0.15866195458179086,0.004291625596272744,0.07356400486702716,0.21403212761418516,54
Disgust__Happiness,Disgust: all,AU17,0.14188659163465203,0.173469864733417,0.03353834145632576,0.07240339368710544,0.19778952588584137,54
Disgust__Happiness,Disgust: all,AU18,0.04395770778589572,0.09740426779397961,1.0356209269155036e-08,0.002630959634855846,0.04175427148399898,54
Disgust__Happiness,Disgust: all,AU20,0.10582350346099456,0.14620193031858214,0.016827645571959194,0.04238412114157954,0.1276731108198873,54
Disgust__Happiness,Disgust: all,AU22,0.0022385660013351867,0.006076793935697215,2.274339361346904e-21,0.00012127580081715636,0.0026149320975353443,54
Disgust__Happiness,Disgust: all,AU23,0.010269989194766573,0.023290284967531577,1.401298464324817e-45,5.022777297152134e-16,0.004035416694580332,54
Disgust__Happiness,Disgust: all,AU24,0.018667302978732352,0.0546649951753389,2.1355322643918998e-27,1.7970144578241127e-07,0.004285613845248086,54
Disgust__Happiness,Disgust: all,AU26,0.10876266707982257,0.09761784489997939,0.032049174190857795,0.09381988152272161,0.1324269353916558,54
Disgust__Happiness,Disgust: all,AU28,0.09197309020786604,0.09596911403313191,0.04376415475947931,0.07215227637625499,0.11585387836365153,54
Disgust__Happiness,Disgust: all,AU43,0.08112281905180335,0.10074364442823344,0.008461494353890368,0.03633110306918995,0.12179363863977158,54
Disgust__Happiness,Disgust: correct,BrowLowererL,0.27429085437956846,0.1650296999493,0.13678457940691258,0.25550745233780087,0.34262888443966705,30
Disgust__Happiness,Disgust: correct,BrowLowererR,0.2600669810520221,0.1612163420376523,0.12258420596159943,0.2495473467973493,0.3522329870611429,30
Disgust__Happiness,Disgust: correct,CheekPuffL,0.0011963721404219191,0.0031861424015095386,1.401298464324817e-45,3.455903464155635e-21,0.0005522477381632983,30
Disgust__Happiness,Disgust: correct,CheekPuffR,0.001564301059297848,0.004253826466766328,6.373960919491238e-26,8.97825262854177e-08,0.0010100941599238142,30
Disgust__Happiness,Disgust: correct,CheekRaiserL,0.3030017535852549,0.16373036337831834,0.19443926750323343,0.2770427137613296,0.3698803481956323,30
Disgust__Happiness,Disgust: correct,CheekRaiserR,0.27378535246203944,0.15427487467666523,0.17793836188366183,0.23576228345433864,0.3392503502468268,30
Disgust__Happiness,Disgust: correct,CheekSuckL,2.502851393756729e-22,1.370868166443805e-21,1.401298464324817e-45,1.401298464324817e-45,1.401298464324817e-45,30
Disgust__Happiness,Disgust: correct,CheekSuckR,1.5102296236078065e-21,8.271868318625322e-21,1.401298464324817e-45,1.401298464324817e-45,1.401298464324817e-45,30
Disgust__Happiness,Disgust: correct,ChinRaiserB,0.146572360430847,0.21128472590651345,0.00797818359763668,0.06565827791734286,0.20188053569291975,30
Disgust__Happiness,Disgust: correct,ChinRaiserT,0.2206446865057776,0.19492630673959718,0.0929007799072318,0.19995553344488143,0.2704759412868014,30
Disgust__Happiness,Disgust: correct,DimplerL,0.08208190472373685,0.06364848346390531,0.035424327535307026,0.07660411633551117,0.11550883152989723,30
Disgust__Happiness,Disgust: correct,DimplerR,0.08216872351244245,0.06168970691519796,0.039348620092607076,0.07993219444445757,0.12099069905006801,30
Disgust__Happiness,Disgust: correct,EyesClosedL,0.11425764075747528,0.1334956972174398,0.006877974135083262,0.05481332837750992,0.17578828353434797,30
Disgust__Happiness,Disgust: correct,EyesClosedR,0.09957692436876295,0.12015364822657046,0.011372128921730947,0.06156623259513817,0.14857405821254713,30
Disgust__Happiness,Disgust: correct,EyesLookDownL,0.06458730813391728,0.06370755151382738,0.014578891354536442,0.04837078346563155,0.10432931879010551,30
Disgust__Happiness,Disgust: correct,EyesLookDownR,0.0712395332249032,0.06665179921907163,0.01086246288053869,0.05151097423419643,0.11665439920273925,30
Disgust__Happiness,Disgust: correct,EyesLookLeftL,0.05204596568442259,0.0777578568420925,0.0,0.00650017064375181,0.0901163617148995,30
Disgust__Happiness,Disgust: correct,EyesLookLeftR,0.0894363711694152,0.11129487582488572,3.2920413650571664e-05,0.02383905403160798,0.17527486886829136,30
Disgust__Happiness,Disgust: correct,EyesLookRightL,0.13229923552408673,0.13092532212145677,0.002489256461347119,0.10727868791048722,0.20132526741363105,30
Disgust__Happiness,Disgust: correct,EyesLookRightR,0.0833938120670306,0.1010567441742414,0.0,0.04318009006480373,0.1377357779225955,30
Disgust__Happiness,Disgust: correct,EyesLookUpL,0.04750171263441905,0.07712684972166715,0.0,0.0006292768598844566,0.06230528293332701,30
Disgust__Happiness,Disgust: correct,EyesLookUpR,0.047539925921268544,0.07717862914989206,0.0,0.0006277859210967984,0.06291487511868274,30
Disgust__Happiness,Disgust: correct,InnerBrowRaiserL,0.037634553747822604,0.0396446904955095,0.008124218108335123,0.030136612746476457,0.04860568794732288,30
Disgust__Happiness,Disgust: correct,InnerBrowRaiserR,0.03920420848698498,0.04099087563980257,0.008033304208984375,0.032862825918709815,0.05109569413277006,30
Disgust__Happiness,Disgust: correct,JawDrop,0.07967732745332241,0.08285915370738832,0.01909198959929194,0.059658243566065125,0.10731057065228616,30
Disgust__Happiness,Disgust: correct,JawSidewaysLeft,0.00540455552997686,0.0045356738529306224,0.00101330668646065,0.004683646446524354,0.008618311990762632,30
Disgust__Happiness,Disgust: correct,JawSidewaysRight,0.006960622455382143,0.006487907415999284,0.001650032975904107,0.0046349082884284435,0.010933495691426804,30
Disgust__Happiness,Disgust: correct,JawThrust,0.031235084185679142,0.053981549848097984,0.00041934777400455834,0.0042799239878945385,0.04912363845021784,30
Disgust__Happiness,Disgust: correct,LidTightenerL,0.3302524058114626,0.15357019642847616,0.220116813577867,0.3074096613874038,0.45807341213027636,30
Disgust__Happiness,Disgust: correct,LidTightenerR,0.3340970049198887,0.14830620550401433,0.21831731145004502,0.3318922869861126,0.4178175220886866,30
Disgust__Happiness,Disgust: correct,LipCornerDepressorL,0.14106567134155337,0.12646602013020392,0.028857079443203808,0.09631893749659257,0.222786367115645,30
Disgust__Happiness,Disgust: correct,LipCornerDepressorR,0.1173338750109732,0.11313036795590324,0.020895523814870812,0.055673170213897984,0.19844617983116988,30
Disgust__Happiness,Disgust: correct,LipCornerPullerL,0.06321841641892155,0.07979044030749907,0.017384087457321534,0.03770238713987051,0.06789431000555243,30
Disgust__Happiness,Disgust: correct,LipCornerPullerR,0.06382223473119288,0.08432485335202704,0.01043358336901287,0.034252938038359035,0.0742421672795899,30
Disgust__Happiness,Disgust: correct,LipFunnelerLB,0.0016048450578995954,0.008783013423186681,1.401298464324817e-45,1.401298464324817e-45,1.2861805786863668e-38,30
Disgust__Happiness,Disgust: correct,LipFunnelerLT,0.003033288954884653,0.007560248829976836,2.366537776501759e-27,5.762899759719615e-08,0.0011547205644871928,30
Disgust__Happiness,Disgust: correct,LipFunnelerRB,0.001702861684957558,0.009006713046887483,1.401298464324817e-45,1.5277306182685237e-41,1.4596943820533333e-23,30
Disgust__Happiness,Disgust: correct,LipFunnelerRT,0.002584834192602648,0.007291085993784861,4.994834956188189e-42,1.0667663036506993e-16,0.0015801270440743208,30
Disgust__Happiness,Disgust: correct,LipPressorL,0.03156230899864999,0.0707306085574216,8.9990989049082e-28,0.0007590342178945535,0.022167224715645948,30
Disgust__Happiness,Disgust: correct,LipPressorR,0.03168112404604156,0.07141903440196365,3.598338039638594e-22,1.9502987843696257e-07,0.021633234448413818,30
Disgust__Happiness,Disgust: correct,LipPuckerL,0.06278937533131,0.12782122453196668,1.0549020610079191e-12,0.006280690558560808,0.0403862878474828,30
Disgust__Happiness,Disgust: correct,LipPuckerR,0.06036019088620097,0.12355667440898664,1.5780405781040427e-11,0.005272228067527356,0.037935920927367646,30
Disgust__Happiness,Disgust: correct,LipStretcherL,0.12761503985444464,0.1781749629026857,0.01854848196380767,0.04490897775297825,0.1304267306113615,30
Disgust__Happiness,Disgust: correct,LipStretcherR,0.13010947703013587,0.18062418163516825,0.014787730634869413,0.048391081050794996,0.13667646376416084,30
Disgust__Happiness,Disgust: correct,LipSuckLB,0.13452331534001324,0.08956615565310423,0.07144263296431431,0.11493143641079462,0.17930919756957636,30
Disgust__Happiness,Disgust: correct,LipSuckLT,0.0633820068780138,0.051468990958378154,0.030552545674436216,0.03974127179834996,0.08036653529852623,30
Disgust__Happiness,Disgust: correct,LipSuckRB,0.1207091938069073,0.08428266537245634,0.061419405992516315,0.09468637200382844,0.16397896840547518,30
Disgust__Happiness,Disgust: correct,LipSuckRT,0.05427878278109598,0.04196576634527695,0.02206285221009993,0.03845281836305119,0.0675123535695604,30
Disgust__Happiness,Disgust: correct,LipTightenerL,0.01172114771655257,0.02823393404847906,1.401298464324817e-45,2.2483219798864463e-21,0.0016974685558162938,30
Disgust__Happiness,Disgust: correct,LipTightenerR,0.011153074078997152,0.0265812579454411,1.401298464324817e-45,4.8838339372979033e-26,0.0015421142203706213,30
Disgust__Happiness,Disgust: correct,LipsToward,0.04680573563660595,0.060195056676750514,0.027675754607965505,0.03857957761113838,0.04504643489296233,30
Disgust__Happiness,Disgust: correct,LowerLipDepressorL,0.10522865089944439,0.13367126897938053,0.0014653985078143662,0.0508715466751851,0.14422793997218833,30
Disgust__Happiness,Disgust: correct,LowerLipDepressorR,0.10466178877813244,0.13402882045285824,0.002074527372420823,0.048320858615369576,0.14341341528731089,30
Disgust__Happiness,Disgust: correct,MouthLeft,0.015137183651866995,0.012337879663145163,0.006402728731216995,0.010100842655325879,0.024007566878572056,30
Disgust__Happiness,Disgust: correct,MouthRight,0.009346187553881507,0.012110181092309474,0.0016460450700810474,0.004093149225389066,0.01187813643853238,30
Disgust__Happiness,Disgust: correct,NoseWrinklerL,0.38990757741705734,0.2398416981990764,0.20089556986737683,0.3469816166985159,0.5748114120312191,30
Disgust__Happiness,Disgust: correct,NoseWrinklerR,0.39499705904284066,0.24408673425608,0.2108229360868184,0.3574093490761394,0.557452281867154,30
Disgust__Happiness,Disgust: correct,OuterBrowRaiserL,0.039968369491745544,0.034631427775763966,0.009205311483916932,0.039404710875472385,0.06231326727624118,30
Disgust__Happiness,Disgust: correct,OuterBrowRaiserR,0.04868999031497523,0.0477266328558894,0.0060632176281192034,0.04080512139723088,0.07253554910324353,30
Disgust__Happiness,Disgust: correct,UpperLidRaiserL,0.10409050786438198,0.13213597605159327,0.0014818349229805876,0.037749711022236884,0.1936753953186174,30
Disgust__Happiness,Disgust: correct,UpperLidRaiserR,0.11682971680702113,0.13380260778150152,0.0003768850673931205,0.07472628326373996,0.2032356103058861,30
Disgust__Happiness,Disgust: correct,UpperLipRaiserL,0.34382511416588035,0.1790171206612847,0.22715412027863138,0.34525536631845166,0.4657230125119289,30
Disgust__Happiness,Disgust: correct,UpperLipRaiserR,0.36387214341973323,0.18851021338089274,0.23741517628313882,0.36134624034390683,0.5042342009410883,30
Disgust__Happiness,Disgust: correct,AU1,0.03841938111740379,0.0392845110106353,0.009043295082826227,0.029806121605994405,0.04930485711641567,30
Disgust__Happiness,Disgust: correct,AU2,0.044329179903360376,0.03770602574612822,0.008233642454494315,0.043261667062544466,0.06527233885184004,30
Disgust__Happiness,Disgust: correct,AU4,0.26717891771579527,0.16190594462136348,0.1374269219651296,0.24826303136689398,0.338800328695145,30
Disgust__Happiness,Disgust: correct,AU5,0.11046011233570158,0.12642525308667513,0.001474161470540914,0.07376799237945092,0.19500555729415886,30
Disgust__Happiness,Disgust: correct,AU6,0.2883935530236472,0.15809126076917213,0.18876722177120325,0.2620852543661991,0.3337684315939744,30
Disgust__Happiness,Disgust: correct,AU7,0.33217470536567567,0.13794282385239134,0.2226989984349224,0.3246286441882451,0.40504667234684655,30
Disgust__Happiness,Disgust: correct,AU8,0.04680573563660595,0.060195056676750514,0.027675754607965505,0.03857957761113838,0.04504643489296233,30
Disgust__Happiness,Disgust: correct,AU9,0.3924523182299489,0.2417147452923415,0.2079934629880881,0.3487142776643547,0.5661318469491865,30
Disgust__Happiness,Disgust: correct,AU10,0.35384862879280676,0.1835495150382982,0.2338868825156396,0.35330080333117925,0.4837114639463834,30
Disgust__Happiness,Disgust: correct,AU12,0.06352032557505721,0.08202053800249429,0.014604443170052592,0.03528203739551823,0.070723781978207,30
Disgust__Happiness,Disgust: correct,AU14,0.08212531411808964,0.06256511839887904,0.03803150684600759,0.07803558774498565,0.11824976528998263,30
Disgust__Happiness,Disgust: correct,AU15,0.1291997731762633,0.1196242189005933,0.02382082228825045,0.07599605385524527,0.20763657195886032,30
Disgust__Happiness,Disgust: correct,AU16,0.1049452198387884,0.13383340168057808,0.001871000798807961,0.04959620264527734,0.1438206776297496,30
Disgust__Happiness,Disgust: correct,AU17,0.1836085234683123,0.2003232190313764,0.05048010954468791,0.14124121757597463,0.22861711100752774,30
Disgust__Happiness,Disgust: correct,AU18,0.0615747831087555,0.12568139296848946,7.607357069507289e-10,0.005776459313044083,0.03899692939998488,30
Disgust__Happiness,Disgust: correct,AU20,0.12886225844229024,0.17938437314586606,0.016827645571959194,0.04665002940188662,0.13355159718776116,30
Disgust__Happiness,Disgust: correct,AU22,0.002231457472586114,0.007848461465178747,3.0518434994196465e-27,5.656078291708047e-07,0.0005871013731215437,30
Disgust__Happiness,Disgust: correct,AU23,0.01143711089777486,0.02737991635459392,1.401298464324817e-45,9.441586803712698e-21,0.0017106564843544264,30
Disgust__Happiness,Disgust: correct,AU24,0.03162171652234577,0.07107378301165451,5.6693491072074884e-21,0.0004570600477510421,0.021900229582029883,30
Disgust__Happiness,Disgust: correct,AU26,0.07967732745332241,0.08285915370738832,0.01909198959929194,0.059658243566065125,0.10731057065228616,30
Disgust__Happiness,Disgust: correct,AU28,0.09322332470150758,0.05783383517189499,0.0517904728820056,0.07802729770161625,0.12331736775462708,30
Disgust__Happiness,Disgust: correct,AU43,0.10691728256311912,0.11808051484885498,0.016647729190210583,0.04929222820226421,0.17977298696159,30
Disgust__Happiness,Disgust → Happiness,BrowLowererL,0.19787755426097037,0.11178687211705758,0.1315168891412516,0.19273078004286312,0.24228081392745174,10
Disgust__Happiness,Disgust → Happiness,BrowLowererR,0.1624296851747203,0.09268369759784943,0.10291412502216792,0.16379087844203843,0.21258502112080652,10
Disgust__Happiness,Disgust → Happiness,CheekPuffL,1.0165244371577171e-19,3.214483666360285e-19,1.401298464324817e-45,1.1058270029904035e-35,2.7005192077131005e-26,10
Disgust__Happiness,Disgust → Happiness,CheekPuffR,0.001252313571009756,0.003393176774937517,1.401298464324817e-45,5.082552667356982e-19,0.00035864065037080324,10
Disgust__Happiness,Disgust → Happiness,CheekRaiserL,0.5265626699943096,0.3060168310640556,0.30357995198573917,0.3876056003073851,0.7702684427301089,10
Disgust__Happiness,Disgust → Happiness,CheekRaiserR,0.5001883039716633,0.3192637179908636,0.2754337208888804,0.3423149554679791,0.7573924735188484,10
Disgust__Happiness,Disgust → Happiness,CheekSuckL,0.00013214200174843223,0.0004178697000989982,0.0,1.401298464324817e-45,1.401298464324817e-45,10
Disgust__Happiness,Disgust → Happiness,CheekSuckR,7.006492321624085e-46,7.385491381604377e-46,0.0,7.006492321624085e-46,1.401298464324817e-45,10
Disgust__Happiness,Disgust → Happiness,ChinRaiserB,0.02142994231629033,0.023506072246142175,0.0008877894398058816,0.016963585742690634,0.03319484654838716,10
Disgust__Happiness,Disgust → Happiness,ChinRaiserT,0.10179862977444969,0.09257910207511816,0.03570686033081177,0.06380416549121337,0.1732708464323271,10
Disgust__Happiness,Disgust → Happiness,DimplerL,0.24717078656917613,0.17933514905084152,0.12593083317112622,0.20141547707219914,0.28703387777010597,10
Disgust__Happiness,Disgust → Happiness,DimplerR,0.24265139356262586,0.17353671026141093,0.11438997696774697,0.19131503555338106,0.2850138713295261,10
Disgust__Happiness,Disgust → Happiness,EyesClosedL,0.06196621282488455,0.0800901238245576,0.011788795073519855,0.026936971279615564,0.08325760646257546,10
Disgust__Happiness,Disgust → Happiness,EyesClosedR,0.11864513932349889,0.08861703692659165,0.02693409470788728,0.13980777088436297,0.1911540180134276,10
Disgust__Happiness,Disgust → Happiness,EyesLookDownL,0.04435228695919948,0.06507964262617745,0.0010136172485848331,0.01687968949166481,0.06723070054491949,10
Disgust__Happiness,Disgust → Happiness,EyesLookDownR,0.06552638991270213,0.08718253365236131,0.000632046698592617,0.022367158881388592,0.10042315082003668,10
Disgust__Happiness,Disgust → Happiness,EyesLookLeftL,0.02166157235148905,0.040210743224865834,0.0,8.904552426732167e-05,0.024132725208376813,10
Disgust__Happiness,Disgust → Happiness,EyesLookLeftR,0.0581013458695573,0.06274876461654212,0.0045626613602507745,0.0564094420832892,0.08087068740278479,10
Disgust__Happiness,Disgust → Happiness,EyesLookRightL,0.09362397911337512,0.08412763314433709,0.02450022510602135,0.07936265729755781,0.1322212365766366,10
Disgust__Happiness,Disgust → Happiness,EyesLookRightR,0.04382642130057015,0.05924442375945009,0.0020789576073487583,0.03142396523617205,0.0580918239196762,10
Disgust__Happiness,Disgust → Happiness,EyesLookUpL,0.07379989164857154,0.0941910276713086,0.024881702661514273,0.035539108328521224,0.0928365180793965,10
Disgust__Happiness,Disgust → Happiness,EyesLookUpR,0.07406200415580919,0.094906197878597,0.024874841421842573,0.03562117330729958,0.09310008467655276,10
Disgust__Happiness,Disgust → Happiness,InnerBrowRaiserL,0.03188427710722157,0.027519399032577076,0.010015599644005559,0.02413521690371752,0.041220621187873945,10
Disgust__Happiness,Disgust → Happiness,InnerBrowRaiserR,0.01993252381023793,0.022973787849446748,0.006059907655808062,0.00919348320167041,0.02855595292288125,10
Disgust__Happiness,Disgust → Happiness,JawDrop,0.1579529282418904,0.1263178215501575,0.07511878117772232,0.12535912382105982,0.23403242708494262,10
Disgust__Happiness,Disgust → Happiness,JawSidewaysLeft,0.0020594138052363944,0.004149253779099746,1.401298464324817e-45,7.061826084209005e-33,0.002372696155907716,10
Disgust__Happiness,Disgust → Happiness,JawSidewaysRight,0.0064108628598636835,0.00495184954008688,0.0015900539942473617,0.00793005243306951,0.010864279900367011,10
Disgust__Happiness,Disgust → Happiness,JawThrust,0.028450594366901526,0.04651335985715511,0.005342461801431341,0.011594789045193453,0.02374408390993868,10
Disgust__Happiness,Disgust → Happiness,LidTightenerL,0.41423456776887174,0.21178720521758718,0.22900671927879251,0.30720562953501934,0.6273878055314224,10
Disgust__Happiness,Disgust → Happiness,LidTightenerR,0.4033475454489128,0.16743660274276,0.25400061060984924,0.3914528712630272,0.5317872854570548,10
Disgust__Happiness,Disgust → Happiness,LipCornerDepressorL,0.015781190644047406,0.011618426761584314,0.010865618474781458,0.010865642673646356,0.013394851586781394,10
Disgust__Happiness,Disgust → Happiness,LipCornerDepressorR,0.004625216815712685,0.00411485152536741,0.0020428348592206992,0.00417937466251407,0.005836212762777882,10
Disgust__Happiness,Disgust → Happiness,LipCornerPullerL,0.39037639480705055,0.3534440699259531,0.11284974057537811,0.2483470453880727,0.5916413651158412,10
Disgust__Happiness,Disgust → Happiness,LipCornerPullerR,0.3946217119573533,0.3566920616510545,0.11764254864326044,0.25567452254164585,0.6152812708169222,10
Disgust__Happiness,Disgust → Happiness,LipFunnelerLB,3.876847898070685e-32,1.2259238100802536e-31,1.401298464324817e-45,1.401298464324817e-45,1.401298464324817e-45,10
Disgust__Happiness,Disgust → Happiness,LipFunnelerLT,0.003363830727153994,0.004515541789344695,4.91517789972325e-05,0.0011343482873418733,0.0068064933008523554,10
Disgust__Happiness,Disgust → Happiness,LipFunnelerRB,2.7190276841105777e-32,8.597659298708409e-32,1.401298464324817e-45,1.401298464324817e-45,1.401298464324817e-45,10
Disgust__Happiness,Disgust → Happiness,LipFunnelerRT,0.001166349934277648,0.0029362260260918493,1.401298464324817e-45,1.2853760114955874e-38,0.0006901881430747166,10
Disgust__Happiness,Disgust → Happiness,LipPressorL,0.001268604351037805,0.0027207410543491828,1.401298464324817e-45,5.361794262699559e-34,0.0008540526381693725,10
Disgust__Happiness,Disgust → Happiness,LipPressorR,0.001539974679596681,0.003254922140971821,1.401298464324817e-45,1.401298464324817e-45,0.0008540528592614533,10
Disgust__Happiness,Disgust → Happiness,LipPuckerL,0.0048579895558764005,0.007044940196283652,6.495724322763227e-08,0.0018207836443298797,0.006196454368121781,10
Disgust__Happiness,Disgust → Happiness,LipPuckerR,0.0034431990722452385,0.005849400832061263,1.401298464324817e-45,7.773856571300922e-08,0.0031781580099049978,10
Disgust__Happiness,Disgust → Happiness,LipStretcherL,0.08397936814776506,0.07183319719818408,0.027860035429087722,0.06258573752524697,0.12371854924907283,10
Disgust__Happiness,Disgust → Happiness,LipStretcherR,0.0909071003521253,0.07659840968803537,0.03088822685363429,0.06943755230298236,0.14066335720320539,10
Disgust__Happiness,Disgust → Happiness,LipSuckLB,0.20081711565354982,0.16910444698052546,0.10108233224600549,0.14812994686265785,0.20999390327682094,10
Disgust__Happiness,Disgust → Happiness,LipSuckLT,0.14356537082054996,0.19408074983058796,0.051581707224249804,0.08040351910249818,0.11728580816028014,10
Disgust__Happiness,Disgust → Happiness,LipSuckRB,0.16492937692580167,0.16902880843519244,0.07512938791842852,0.10237997459868585,0.1657935997160772,10
Disgust__Happiness,Disgust → Happiness,LipSuckRT,0.13035536817310373,0.1899919150072469,0.04331225149023031,0.06546264219585167,0.10198966736594832,10
Disgust__Happiness,Disgust → Happiness,LipTightenerL,0.00043062046723133863,0.0013617414835369306,1.401298464324817e-45,7.363513392741682e-39,1.2218611820322946e-25,10
Disgust__Happiness,Disgust → Happiness,LipTightenerR,0.00045984357146651705,0.0014541530532206084,1.401298464324817e-45,1.401298464324817e-45,1.5771289651896503e-38,10
Disgust__Happiness,Disgust → Happiness,LipsToward,0.02034847178438208,0.012980913701512768,0.012893587560392866,0.018447256274521304,0.023107049490014665,10
Disgust__Happiness,Disgust → Happiness,LowerLipDepressorL,0.2046511470681683,0.19608840078419837,0.046827186861385886,0.10329240734378783,0.4071993744621674,10
Disgust__Happiness,Disgust → Happiness,LowerLipDepressorR,0.19154969164015218,0.18416168095416302,0.04155596004178125,0.09396487136837654,0.3836409072081248,10
Disgust__Happiness,Disgust → Happiness,MouthLeft,0.0034878017324882133,0.003438629381226631,0.0007257801694625552,0.003299607880241911,0.0040048651703007716,10
Disgust__Happiness,Disgust → Happiness,MouthRight,0.0006064735073310825,0.0010654597246676956,1.401298464324817e-45,3.4970802390403674e-12,0.0010076131884897044,10
Disgust__Happiness,Disgust → Happiness,NoseWrinklerL,0.0760312637844746,0.08253828702355157,0.0300762000571315,0.0450121529710789,0.09376009571133177,10
Disgust__Happiness,Disgust → Happiness,NoseWrinklerR,0.06205011203853987,0.076943775408953,0.014237984566716438,0.03165030649349012,0.08201716714926681,10
Disgust__Happiness,Disgust → Happiness,OuterBrowRaiserL,0.009790236839634337,0.022093780666917282,3.2835669836113164e-05,0.0009341821153923184,0.004104190373861103,10
Disgust__Happiness,Disgust → Happiness,OuterBrowRaiserR,0.006773957171030897,0.009787630178328134,1.3037720426097716e-08,9.855924082177852e-05,0.013281561714632961,10
Disgust__Happiness,Disgust → Happiness,UpperLidRaiserL,0.014574944401338405,0.026018725900296132,0.0002364694524568544,0.0021537390419310914,0.017336629918908872,10
Disgust__Happiness,Disgust → Happiness,UpperLidRaiserR,0.042229246507030645,0.08934592214194914,0.0006003668929527717,0.00674786706243624,0.02073603218932944,10
Disgust__Happiness,Disgust → Happiness,UpperLipRaiserL,0.33382173375536994,0.2341045944778024,0.17247185533245402,0.25448209264626104,0.556516557916378,10
Disgust__Happiness,Disgust → Happiness,UpperLipRaiserR,0.3352832941152155,0.234494571816117,0.17400280876706042,0.23951104097068304,0.5644228411372751,10
Disgust__Happiness,Disgust → Happiness,AU1,0.025908400458729754,0.02368895611082137,0.0075149255967788655,0.015975905739469404,0.036957408143696885,10
Disgust__Happiness,Disgust → Happiness,AU2,0.008282097005332617,0.013862704903761043,5.9134970237074005e-05,0.001959995795834559,0.010781709955567317,10
Disgust__Happiness,Disgust → Happiness,AU4,0.18015361971784535,0.10165087316851303,0.12041436696890737,0.1782608292424508,0.2282257552879552,10
Disgust__Happiness,Disgust → Happiness,AU5,0.02840209545418451,0.05254129445723956,0.0004024093499841229,0.005272921989662112,0.015278887241156664,10
Disgust__Happiness,Disgust → Happiness,AU6,0.5133754869829863,0.31248991363982986,0.2895068364373098,0.36496027788768215,0.7638304581244786,10
Disgust__Happiness,Disgust → Happiness,AU7,0.4087910566088923,0.1838222390989765,0.26625703968601133,0.3187458666662375,0.5786401289204757,10
Disgust__Happiness,Disgust → Happiness,AU8,0.02034847178438208,0.012980913701512768,0.012893587560392866,0.018447256274521304,0.023107049490014665,10
Disgust__Happiness,Disgust → Happiness,AU9,0.06904068791150725,0.0796449625992013,0.02409913062486639,0.03644133833756006,0.08788863143029929,10
Disgust__Happiness,Disgust → Happiness,AU10,0.33455251393529273,0.2340778214352852,0.1733303363823021,0.24681055814338226,0.5604696995268266,10
Disgust__Happiness,Disgust → Happiness,AU12,0.3924990533822019,0.355027601618836,0.11524614460931928,0.2520107839648593,0.6034613179663817,10
Disgust__Happiness,Disgust → Happiness,AU14,0.244911090065901,0.1763446118301166,0.11903812936066069,0.19480369283507265,0.28602387454981604,10
Disgust__Happiness,Disgust → Happiness,AU15,0.010203203729880043,0.007282849596574888,0.0057402521587498825,0.00818210723282386,0.010147869322673007,10
Disgust__Happiness,Disgust → Happiness,AU16,0.19810041935416023,0.19009183488088155,0.04419157345158356,0.09862863935608218,0.3954201408351461,10
Disgust__Happiness,Disgust → Happiness,AU17,0.061614286045370004,0.05268212125110756,0.019528512085961205,0.0445464174437802,0.10452216689769035,10
Disgust__Happiness,Disgust → Happiness,AU18,0.0041505943140608195,0.006345245466456456,5.161938803346229e-08,0.0015842127262723376,0.0034937496631755305,10
Disgust__Happiness,Disgust → Happiness,AU20,0.08744323424994518,0.07417193862774683,0.029286231015318548,0.06601164491411467,0.1321909532261391,10
Disgust__Happiness,Disgust → Happiness,AU22,0.0011325451653579105,0.001249357814841009,1.2287944749308125e-05,0.0005444120812590725,0.0023927336103287114,10
Disgust__Happiness,Disgust → Happiness,AU23,0.00044523201934892784,0.0014079472683787696,1.401298464324817e-45,8.92064012322517e-39,7.131912217732763e-26,10
Disgust__Happiness,Disgust → Happiness,AU24,0.0014042895153172428,0.002985942174079442,1.401298464324817e-45,4.521001225084335e-26,0.0008540527487154129,10
Disgust__Happiness,Disgust → Happiness,AU26,0.1579529282418904,0.1263178215501575,0.07511878117772232,0.12535912382105982,0.23403242708494262,10
Disgust__Happiness,Disgust → Happiness,AU28,0.1599168078932513,0.17982127235142883,0.07491673723885461,0.09384836460230868,0.14876574462978165,10
Disgust__Happiness,Disgust → Happiness,AU43,0.09030567607419171,0.07130489743006871,0.02310190781019619,0.09651353907926627,0.1314038314077876,10
Disgust__Happiness,Happiness: all,BrowLowererL,0.0401343979717335,0.05944401817462794,0.002167716202529797,0.013408911308700481,0.04929454705561507,54
Disgust__Happiness,Happiness: all,BrowLowererR,0.030609654324926926,0.04403462137250635,0.005504241389045652,0.016053197245870815,0.03019292909666542,54
Disgust__Happiness,Happiness: all,CheekPuffL,3.918751895460968e-05,0.0002868312952206155,6.1746366697428984e-24,4.744261925223253e-13,1.87504743007444e-09,54
Disgust__Happiness,Happiness: all,CheekPuffR,0.0004681795873152672,0.0011045619733679422,5.070770325821345e-16,1.1762407204808763e-10,0.00041430461271007955,54
Disgust__Happiness,Happiness: all,CheekRaiserL,0.44623198611766307,0.22166559923095344,0.3294394929679887,0.4393346900741259,0.5798799708485604,54
Disgust__Happiness,Happiness: all,CheekRaiserR,0.43484947832357496,0.2172030666264344,0.29105642090241113,0.44299863620350755,0.5687228658547003,54
Disgust__Happiness,Happiness: all,CheekSuckL,5.718249835638568e-09,4.2020382957204476e-08,1.401298464324817e-45,1.401298464324817e-45,1.401298464324817e-45,54
Disgust__Happiness,Happiness: all,CheekSuckR,2.6657177958763563e-08,1.9588945194461123e-07,0.0,1.401298464324817e-45,1.401298464324817e-45,54
Disgust__Happiness,Happiness: all,ChinRaiserB,0.026908567400396138,0.045120122506342376,1.258158874738274e-08,0.004351414852966187,0.03412166729879873,54
Disgust__Happiness,Happiness: all,ChinRaiserT,0.108763430574582,0.09197035987775172,0.04306442669282352,0.07396566026533641,0.14056804515421387,54
Disgust__Happiness,Happiness: all,DimplerL,0.2612629382732594,0.08717519101953636,0.2010753914732774,0.26098585389554496,0.32429596247772374,54
Disgust__Happiness,Happiness: all,DimplerR,0.2643406810798648,0.08320631156411605,0.20044813753161664,0.264582368483146,0.3257875468581915,54
Disgust__Happiness,Happiness: all,EyesClosedL,0.00850256318692013,0.012750830679527677,2.7967234931628986e-08,0.0027047846610988133,0.00997026060141096,54
Disgust__Happiness,Happiness: all,EyesClosedR,0.018687341569142292,0.030681163780515813,1.8366254036135861e-09,0.009958786549926565,0.02239704627960841,54
Disgust__Happiness,Happiness: all,EyesLookDownL,0.011049522682592268,0.025614360755976232,0.0,0.0016677315856374732,0.009781110540855741,54
Disgust__Happiness,Happiness: all,EyesLookDownR,0.01430572802461091,0.03078266721757717,0.0,0.0001176655350139309,0.01483662609360751,54
Disgust__Happiness,Happiness: all,EyesLookLeftL,0.060349583459187485,0.07728679390684645,0.0,0.03188958430352307,0.0970284756273031,54
Disgust__Happiness,Happiness: all,EyesLookLeftR,0.11114809270233146,0.1023299622759331,0.02218431070505174,0.08495250158011908,0.1706995024035374,54
Disgust__Happiness,Happiness: all,EyesLookRightL,0.07184653655050267,0.09737959233711643,0.0,0.03571399833696582,0.116445989596347,54
Disgust__Happiness,Happiness: all,EyesLookRightR,0.03634323416289263,0.072338087083725,0.0,0.00017835764059175835,0.050283065573118284,54
Disgust__Happiness,Happiness: all,EyesLookUpL,0.08420309690617736,0.11692781015449141,0.0,0.02143378937616943,0.14721246212720868,54
Disgust__Happiness,Happiness: all,EyesLookUpR,0.08416119565663394,0.1169724590627727,0.0,0.02147469380094357,0.1471936454996466,54
Disgust__Happiness,Happiness: all,InnerBrowRaiserL,0.038333600584075186,0.03557202491156947,0.01303241883794419,0.028004415074368155,0.04817904805143671,54
Disgust__Happiness,Happiness: all,InnerBrowRaiserR,0.04732493757366336,0.04426470003424603,0.014314948421849008,0.03381205851655974,0.06918971252938108,54
Disgust__Happiness,Happiness: all,JawDrop,0.08622985129238202,0.10114927542588602,0.013113772787319875,0.05976647133938963,0.11508517808591322,54
Disgust__Happiness,Happiness: all,JawSidewaysLeft,0.0016102913141820801,0.003097201901792171,1.0431091606200595e-12,2.63664945463386e-09,0.0013424565081322439,54
Disgust__Happiness,Happiness: all,JawSidewaysRight,0.0070965104685830225,0.003529244099088066,0.004582000660670061,0.007280913304066376,0.010604405293903055,54
Disgust__Happiness,Happiness: all,JawThrust,0.018395799434197137,0.04310981089034888,4.851467822715912e-07,0.004191624217170804,0.021127005905316864,54
Disgust__Happiness,Happiness: all,LidTightenerL,0.25828635632148084,0.16882865567360247,0.1355794934422495,0.23941812912623084,0.3499122622112433,54
Disgust__Happiness,Happiness: all,LidTightenerR,0.2551019273728762,0.1897698588688617,0.116072575541087,0.21752553122738993,0.36900578141212464,54
Disgust__Happiness,Happiness: all,LipCornerDepressorL,0.013155509647920711,0.029219823900866533,0.0011359477091371277,0.006856993838755394,0.01006117145007006,54
Disgust__Happiness,Happiness: all,LipCornerDepressorR,0.010825344423753023,0.028226953305527148,1.1378766016309958e-07,0.0025595588068144113,0.007542495483401661,54
Disgust__Happiness,Happiness: all,LipCornerPullerL,0.5638468829400299,0.24086188673778872,0.37051768535748125,0.5613359237710636,0.720152784511447,54
Disgust__Happiness,Happiness: all,LipCornerPullerR,0.5786678711919011,0.2417396086991157,0.3780449577995265,0.5788479123342162,0.7297515275577704,54
Disgust__Happiness,Happiness: all,LipFunnelerLB,4.936081126772768e-09,3.260097917051655e-08,1.401298464324817e-45,2.326789383701018e-36,2.8366024682244852e-21,54
Disgust__Happiness,Happiness: all,LipFunnelerLT,0.0009620250372259444,0.0019463837412354856,2.660146752321833e-17,7.775494285467744e-10,0.0014128935727243093,54
Disgust__Happiness,Happiness: all,LipFunnelerRB,1.4360893328356138e-05,0.00010522254076891554,1.401298464324817e-45,3.0058165345036644e-24,8.712597780329379e-15,54
Disgust__Happiness,Happiness: all,LipFunnelerRT,0.0002537422950951208,0.0011440223046182952,2.3248936747968164e-24,4.9487083233420295e-14,2.2060128572928395e-09,54
Disgust__Happiness,Happiness: all,LipPressorL,4.03138603289666e-05,0.0002892133043297218,1.7453864448046264e-23,2.1178511832198204e-14,1.1521768754146744e-09,54
Disgust__Happiness,Happiness: all,LipPressorR,0.0011243130255077496,0.002379250849864502,5.156323025584238e-20,6.344977475840358e-13,0.0007654735458017402,54
Disgust__Happiness,Happiness: all,LipPuckerL,0.002996341461332872,0.004487029444671187,6.117112455885636e-12,5.8388971216225604e-05,0.005163644926627315,54
Disgust__Happiness,Happiness: all,LipPuckerR,0.0023661021756901687,0.004306509064551965,4.720409476082198e-13,2.3717120943321107e-06,0.003082519723115922,54
Disgust__Happiness,Happiness: all,LipStretcherL,0.1267818891165058,0.1461039039163342,0.03696210137589632,0.06744200002770712,0.14273410966854047,54
Disgust__Happiness,Happiness: all,LipStretcherR,0.13289521676764465,0.15625776264468785,0.03956977166623493,0.06200202110543572,0.15738662938432146,54
Disgust__Happiness,Happiness: all,LipSuckLB,0.24228272989299138,0.09517214046870776,0.1779203540727773,0.24272121594597895,0.27754464137057455,54
Disgust__Happiness,Happiness: all,LipSuckLT,0.1359407163446484,0.09059015398215406,0.07135347512716478,0.10416342236470272,0.19527696075189543,54
Disgust__Happiness,Happiness: all,LipSuckRB,0.19223415828366416,0.088140601739876,0.13375495147628763,0.1919319964324434,0.22537574252734577,54
Disgust__Happiness,Happiness: all,LipSuckRT,0.12713040964365813,0.08371735995459434,0.0661250869510695,0.09628055728001826,0.18365031065962717,54
Disgust__Happiness,Happiness: all,LipTightenerL,0.0009832878754531481,0.00650068340604898,2.512544187603993e-27,4.945511727585363e-16,7.566242943650429e-13,54
Disgust__Happiness,Happiness: all,LipTightenerR,0.0010172310635292864,0.006756902767936256,8.287108167950388e-28,4.213268901062622e-16,6.8727039586319195e-12,54
Disgust__Happiness,Happiness: all,LipsToward,0.032669016816944466,0.02072169647810831,0.019003095702889015,0.025929514287660473,0.0428622915099064,54
Disgust__Happiness,Happiness: all,LowerLipDepressorL,0.16700282337968814,0.18527464809055139,5.207150104932015e-06,0.11069803386926655,0.28312316613949823,54
Disgust__Happiness,Happiness: all,LowerLipDepressorR,0.16134597243128176,0.18008901761591728,2.6192231069686285e-08,0.1078181701401871,0.27713203120657887,54
Disgust__Happiness,Happiness: all,MouthLeft,0.007159638523432539,0.006506957144536739,0.0017847909286231572,0.006503015771005158,0.010826109939565221,54
Disgust__Happiness,Happiness: all,MouthRight,0.0022894262370890713,0.0033103663495928273,3.184179896996599e-18,0.0005067428984136003,0.003209624292881888,54
Disgust__Happiness,Happiness: all,NoseWrinklerL,0.009612272926248082,0.010085799023851308,3.7251290298846214e-17,0.007533218991011357,0.015421808180265794,54
Disgust__Happiness,Happiness: all,NoseWrinklerR,0.0033470549814865686,0.006207438818374027,3.096077135428802e-20,1.607460055844759e-05,0.0032224770854933317,54
Disgust__Happiness,Happiness: all,OuterBrowRaiserL,0.050006969828956305,0.054008770892674335,0.00917368126683864,0.02633019195345692,0.0877019003188858,54
Disgust__Happiness,Happiness: all,OuterBrowRaiserR,0.05343153223042745,0.05318696206713306,0.013313828446553048,0.038620745137257155,0.07348093079247817,54
Disgust__Happiness,Happiness: all,UpperLidRaiserL,0.034327000879855976,0.06476062572630863,7.052791357465705e-12,0.004622201063398144,0.023783276758081045,54
Disgust__Happiness,Happiness: all,UpperLidRaiserR,0.08343510837128953,0.166591829247523,1.9723458563700038e-14,0.003932134799274897,0.04614302472909908,54
Disgust__Happiness,Happiness: all,UpperLipRaiserL,0.29253935144270415,0.1596582458738088,0.16626806492126164,0.2517668949376568,0.42630995842628183,54
Disgust__Happiness,Happiness: all,UpperLipRaiserR,0.28540303344918233,0.16059748492299086,0.16086747572860322,0.23285165931139695,0.410360283156236,54
Disgust__Happiness,Happiness: all,AU1,0.042829269078869275,0.0390563980378476,0.013080412318883293,0.030312719776796983,0.0625340582280273,54
Disgust__Happiness,Happiness: all,AU2,0.051719251029691875,0.051113875943634826,0.010901019311312096,0.036385524612463346,0.08215423748285196,54
Disgust__Happiness,Happiness: all,AU4,0.03537202614833021,0.04862869327107809,0.005645646766692967,0.017573359070561845,0.038426619281049644,54
Disgust__Happiness,Happiness: all,AU5,0.05888105462557277,0.11086469880145185,9.976394688600447e-07,0.007172360397410869,0.036740650521347465,54
Disgust__Happiness,Happiness: all,AU6,0.440540732220619,0.2191864621285694,0.3242457188044985,0.43619720529144007,0.5744005181275695,54
Disgust__Happiness,Happiness: all,AU7,0.2566941418471785,0.1682151672001423,0.14342694673202153,0.24241225734973945,0.36338528705139955,54
Disgust__Happiness,Happiness: all,AU8,0.032669016816944466,0.02072169647810831,0.019003095702889015,0.025929514287660473,0.0428622915099064,54
Disgust__Happiness,Happiness: all,AU9,0.0064796639538673255,0.0076293168019107615,5.414576665541797e-10,0.004196925540842713,0.008402912055090382,54
Disgust__Happiness,Happiness: all,AU10,0.2889711924459432,0.15971299746567688,0.16633114159728085,0.24112171946714317,0.4117106747503082,54
Disgust__Happiness,Happiness: all,AU12,0.5712573770659657,0.24119989395718866,0.3742813215785039,0.5677757982242231,0.7234481828287245,54
Disgust__Happiness,Happiness: all,AU14,0.2628018096765622,0.08495083636866387,0.2007768038969575,0.2601375704475989,0.32250892569621403,54
Disgust__Happiness,Happiness: all,AU15,0.011990427035836868,0.02866211577875459,0.0005811713230667199,0.004852886511382435,0.008498882387762212,54
Disgust__Happiness,Happiness: all,AU16,0.16417439790548494,0.18265944705808795,5.530533697267817e-06,0.10938629247248183,0.28012759867303855,54
Disgust__Happiness,Happiness: all,AU17,0.06783599898748907,0.04939334656151707,0.025659041710608337,0.0547541680242752,0.0906087461878839,54
Disgust__Happiness,Happiness: all,AU18,0.002681221818511521,0.004273172254963895,1.645622975459691e-10,9.31956816696185e-05,0.0042746759443796295,54
Disgust__Happiness,Happiness: all,AU20,0.12983855294207522,0.15111815104895224,0.03754277540137987,0.06435553143921402,0.15112171855679735,54
Disgust__Happiness,Happiness: all,AU22,0.00030753329043263706,0.0006184690148566948,6.572918998593926e-15,3.0882687171230086e-09,0.00040572379163299606,54
Disgust__Happiness,Happiness: all,AU23,0.0010002594694912175,0.006628774772611365,5.347098350853945e-26,2.089143949159183e-15,1.535247913704559e-11,54
Disgust__Happiness,Happiness: all,AU24,0.0005823134429183582,0.0012405857247025107,5.827209600445785e-17,2.0467465376904222e-10,0.0003827367729008701,54
Disgust__Happiness,Happiness: all,AU26,0.08622985129238202,0.10114927542588602,0.013113772787319875,0.05976647133938963,0.11508517808591322,54
Disgust__Happiness,Happiness: all,AU28,0.1743970035412405,0.06312922060127897,0.12288634865435633,0.17121329453081363,0.22380657660930103,54
Disgust__Happiness,Happiness: all,AU43,0.013594952378031211,0.019711385633388298,0.002515758003015683,0.006176349190701296,0.014606698811935942,54
Disgust__Happiness,Happiness: correct,BrowLowererL,0.0401343979717335,0.05944401817462794,0.002167716202529797,0.013408911308700481,0.04929454705561507,54
Disgust__Happiness,Happiness: correct,BrowLowererR,0.030609654324926926,0.04403462137250635,0.005504241389045652,0.016053197245870815,0.03019292909666542,54
Disgust__Happiness,Happiness: correct,CheekPuffL,3.918751895460968e-05,0.0002868312952206155,6.1746366697428984e-24,4.744261925223253e-13,1.87504743007444e-09,54
Disgust__Happiness,Happiness: correct,CheekPuffR,0.0004681795873152672,0.0011045619733679422,5.070770325821345e-16,1.1762407204808763e-10,0.00041430461271007955,54
Disgust__Happiness,Happiness: correct,CheekRaiserL,0.44623198611766307,0.22166559923095344,0.3294394929679887,0.4393346900741259,0.5798799708485604,54
Disgust__Happiness,Happiness: correct,CheekRaiserR,0.43484947832357496,0.2172030666264344,0.29105642090241113,0.44299863620350755,0.5687228658547003,54
Disgust__Happiness,Happiness: correct,CheekSuckL,5.718249835638568e-09,4.2020382957204476e-08,1.401298464324817e-45,1.401298464324817e-45,1.401298464324817e-45,54
Disgust__Happiness,Happiness: correct,CheekSuckR,2.6657177958763563e-08,1.9588945194461123e-07,0.0,1.401298464324817e-45,1.401298464324817e-45,54
Disgust__Happiness,Happiness: correct,ChinRaiserB,0.026908567400396138,0.045120122506342376,1.258158874738274e-08,0.004351414852966187,0.03412166729879873,54
Disgust__Happiness,Happiness: correct,ChinRaiserT,0.108763430574582,0.09197035987775172,0.04306442669282352,0.07396566026533641,0.14056804515421387,54
Disgust__Happiness,Happiness: correct,DimplerL,0.2612629382732594,0.08717519101953636,0.2010753914732774,0.26098585389554496,0.32429596247772374,54
Disgust__Happiness,Happiness: correct,DimplerR,0.2643406810798648,0.08320631156411605,0.20044813753161664,0.264582368483146,0.3257875468581915,54
Disgust__Happiness,Happiness: correct,EyesClosedL,0.00850256318692013,0.012750830679527677,2.7967234931628986e-08,0.0027047846610988133,0.00997026060141096,54
Disgust__Happiness,Happiness: correct,EyesClosedR,0.018687341569142292,0.030681163780515813,1.8366254036135861e-09,0.009958786549926565,0.02239704627960841,54
Disgust__Happiness,Happiness: correct,EyesLookDownL,0.011049522682592268,0.025614360755976232,0.0,0.0016677315856374732,0.009781110540855741,54
Disgust__Happiness,Happiness: correct,EyesLookDownR,0.01430572802461091,0.03078266721757717,0.0,0.0001176655350139309,0.01483662609360751,54
Disgust__Happiness,Happiness: correct,EyesLookLeftL,0.060349583459187485,0.07728679390684645,0.0,0.03188958430352307,0.0970284756273031,54
Disgust__Happiness,Happiness: correct,EyesLookLeftR,0.11114809270233146,0.1023299622759331,0.02218431070505174,0.08495250158011908,0.1706995024035374,54
Disgust__Happiness,Happiness: correct,EyesLookRightL,0.07184653655050267,0.09737959233711643,0.0,0.03571399833696582,0.116445989596347,54
Disgust__Happiness,Happiness: correct,EyesLookRightR,0.03634323416289263,0.072338087083725,0.0,0.00017835764059175835,0.050283065573118284,54
Disgust__Happiness,Happiness: correct,EyesLookUpL,0.08420309690617736,0.11692781015449141,0.0,0.02143378937616943,0.14721246212720868,54
Disgust__Happiness,Happiness: correct,EyesLookUpR,0.08416119565663394,0.1169724590627727,0.0,0.02147469380094357,0.1471936454996466,54
Disgust__Happiness,Happiness: correct,InnerBrowRaiserL,0.038333600584075186,0.03557202491156947,0.01303241883794419,0.028004415074368155,0.04817904805143671,54
Disgust__Happiness,Happiness: correct,InnerBrowRaiserR,0.04732493757366336,0.04426470003424603,0.014314948421849008,0.03381205851655974,0.06918971252938108,54
Disgust__Happiness,Happiness: correct,JawDrop,0.08622985129238202,0.10114927542588602,0.013113772787319875,0.05976647133938963,0.11508517808591322,54
Disgust__Happiness,Happiness: correct,JawSidewaysLeft,0.0016102913141820801,0.003097201901792171,1.0431091606200595e-12,2.63664945463386e-09,0.0013424565081322439,54
Disgust__Happiness,Happiness: correct,JawSidewaysRight,0.0070965104685830225,0.003529244099088066,0.004582000660670061,0.007280913304066376,0.010604405293903055,54
Disgust__Happiness,Happiness: correct,JawThrust,0.018395799434197137,0.04310981089034888,4.851467822715912e-07,0.004191624217170804,0.021127005905316864,54
Disgust__Happiness,Happiness: correct,LidTightenerL,0.25828635632148084,0.16882865567360247,0.1355794934422495,0.23941812912623084,0.3499122622112433,54
Disgust__Happiness,Happiness: correct,LidTightenerR,0.2551019273728762,0.1897698588688617,0.116072575541087,0.21752553122738993,0.36900578141212464,54
Disgust__Happiness,Happiness: correct,LipCornerDepressorL,0.013155509647920711,0.029219823900866533,0.0011359477091371277,0.006856993838755394,0.01006117145007006,54
Disgust__Happiness,Happiness: correct,LipCornerDepressorR,0.010825344423753023,0.028226953305527148,1.1378766016309958e-07,0.0025595588068144113,0.007542495483401661,54
Disgust__Happiness,Happiness: correct,LipCornerPullerL,0.5638468829400299,0.24086188673778872,0.37051768535748125,0.5613359237710636,0.720152784511447,54
Disgust__Happiness,Happiness: correct,LipCornerPullerR,0.5786678711919011,0.2417396086991157,0.3780449577995265,0.5788479123342162,0.7297515275577704,54
Disgust__Happiness,Happiness: correct,LipFunnelerLB,4.936081126772768e-09,3.260097917051655e-08,1.401298464324817e-45,2.326789383701018e-36,2.8366024682244852e-21,54
Disgust__Happiness,Happiness: correct,LipFunnelerLT,0.0009620250372259444,0.0019463837412354856,2.660146752321833e-17,7.775494285467744e-10,0.0014128935727243093,54
Disgust__Happiness,Happiness: correct,LipFunnelerRB,1.4360893328356138e-05,0.00010522254076891554,1.401298464324817e-45,3.0058165345036644e-24,8.712597780329379e-15,54
Disgust__Happiness,Happiness: correct,LipFunnelerRT,0.0002537422950951208,0.0011440223046182952,2.3248936747968164e-24,4.9487083233420295e-14,2.2060128572928395e-09,54
Disgust__Happiness,Happiness: correct,LipPressorL,4.03138603289666e-05,0.0002892133043297218,1.7453864448046264e-23,2.1178511832198204e-14,1.1521768754146744e-09,54
Disgust__Happiness,Happiness: correct,LipPressorR,0.0011243130255077496,0.002379250849864502,5.156323025584238e-20,6.344977475840358e-13,0.0007654735458017402,54
Disgust__Happiness,Happiness: correct,LipPuckerL,0.002996341461332872,0.004487029444671187,6.117112455885636e-12,5.8388971216225604e-05,0.005163644926627315,54
Disgust__Happiness,Happiness: correct,LipPuckerR,0.0023661021756901687,0.004306509064551965,4.720409476082198e-13,2.3717120943321107e-06,0.003082519723115922,54
Disgust__Happiness,Happiness: correct,LipStretcherL,0.1267818891165058,0.1461039039163342,0.03696210137589632,0.06744200002770712,0.14273410966854047,54
Disgust__Happiness,Happiness: correct,LipStretcherR,0.13289521676764465,0.15625776264468785,0.03956977166623493,0.06200202110543572,0.15738662938432146,54
Disgust__Happiness,Happiness: correct,LipSuckLB,0.24228272989299138,0.09517214046870776,0.1779203540727773,0.24272121594597895,0.27754464137057455,54
Disgust__Happiness,Happiness: correct,LipSuckLT,0.1359407163446484,0.09059015398215406,0.07135347512716478,0.10416342236470272,0.19527696075189543,54
Disgust__Happiness,Happiness: correct,LipSuckRB,0.19223415828366416,0.088140601739876,0.13375495147628763,0.1919319964324434,0.22537574252734577,54
Disgust__Happiness,Happiness: correct,LipSuckRT,0.12713040964365813,0.08371735995459434,0.0661250869510695,0.09628055728001826,0.18365031065962717,54
Disgust__Happiness,Happiness: correct,LipTightenerL,0.0009832878754531481,0.00650068340604898,2.512544187603993e-27,4.945511727585363e-16,7.566242943650429e-13,54
Disgust__Happiness,Happiness: correct,LipTightenerR,0.0010172310635292864,0.006756902767936256,8.287108167950388e-28,4.213268901062622e-16,6.8727039586319195e-12,54
Disgust__Happiness,Happiness: correct,LipsToward,0.032669016816944466,0.02072169647810831,0.019003095702889015,0.025929514287660473,0.0428622915099064,54
Disgust__Happiness,Happiness: correct,LowerLipDepressorL,0.16700282337968814,0.18527464809055139,5.207150104932015e-06,0.11069803386926655,0.28312316613949823,54
Disgust__Happiness,Happiness: correct,LowerLipDepressorR,0.16134597243128176,0.18008901761591728,2.6192231069686285e-08,0.1078181701401871,0.27713203120657887,54
Disgust__Happiness,Happiness: correct,MouthLeft,0.007159638523432539,0.006506957144536739,0.0017847909286231572,0.006503015771005158,0.010826109939565221,54
Disgust__Happiness,Happiness: correct,MouthRight,0.0022894262370890713,0.0033103663495928273,3.184179896996599e-18,0.0005067428984136003,0.003209624292881888,54
Disgust__Happiness,Happiness: correct,NoseWrinklerL,0.009612272926248082,0.010085799023851308,3.7251290298846214e-17,0.007533218991011357,0.015421808180265794,54
Disgust__Happiness,Happiness: correct,NoseWrinklerR,0.0033470549814865686,0.006207438818374027,3.096077135428802e-20,1.607460055844759e-05,0.0032224770854933317,54
Disgust__Happiness,Happiness: correct,OuterBrowRaiserL,0.050006969828956305,0.054008770892674335,0.00917368126683864,0.02633019195345692,0.0877019003188858,54
Disgust__Happiness,Happiness: correct,OuterBrowRaiserR,0.05343153223042745,0.05318696206713306,0.013313828446553048,0.038620745137257155,0.07348093079247817,54
Disgust__Happiness,Happiness: correct,UpperLidRaiserL,0.034327000879855976,0.06476062572630863,7.052791357465705e-12,0.004622201063398144,0.023783276758081045,54
Disgust__Happiness,Happiness: correct,UpperLidRaiserR,0.08343510837128953,0.166591829247523,1.9723458563700038e-14,0.003932134799274897,0.04614302472909908,54
Disgust__Happiness,Happiness: correct,UpperLipRaiserL,0.29253935144270415,0.1596582458738088,0.16626806492126164,0.2517668949376568,0.42630995842628183,54
Disgust__Happiness,Happiness: correct,UpperLipRaiserR,0.28540303344918233,0.16059748492299086,0.16086747572860322,0.23285165931139695,0.410360283156236,54
Disgust__Happiness,Happiness: correct,AU1,0.042829269078869275,0.0390563980378476,0.013080412318883293,0.030312719776796983,0.0625340582280273,54
Disgust__Happiness,Happiness: correct,AU2,0.051719251029691875,0.051113875943634826,0.010901019311312096,0.036385524612463346,0.08215423748285196,54
Disgust__Happiness,Happiness: correct,AU4,0.03537202614833021,0.04862869327107809,0.005645646766692967,0.017573359070561845,0.038426619281049644,54
Disgust__Happiness,Happiness: correct,AU5,0.05888105462557277,0.11086469880145185,9.976394688600447e-07,0.007172360397410869,0.036740650521347465,54
Disgust__Happiness,Happiness: correct,AU6,0.440540732220619,0.2191864621285694,0.3242457188044985,0.43619720529144007,0.5744005181275695,54
Disgust__Happiness,Happiness: correct,AU7,0.2566941418471785,0.1682151672001423,0.14342694673202153,0.24241225734973945,0.36338528705139955,54
Disgust__Happiness,Happiness: correct,AU8,0.032669016816944466,0.02072169647810831,0.019003095702889015,0.025929514287660473,0.0428622915099064,54
Disgust__Happiness,Happiness: correct,AU9,0.0064796639538673255,0.0076293168019107615,5.414576665541797e-10,0.004196925540842713,0.008402912055090382,54
Disgust__Happiness,Happiness: correct,AU10,0.2889711924459432,0.15971299746567688,0.16633114159728085,0.24112171946714317,0.4117106747503082,54
Disgust__Happiness,Happiness: correct,AU12,0.5712573770659657,0.24119989395718866,0.3742813215785039,0.5677757982242231,0.7234481828287245,54
Disgust__Happiness,Happiness: correct,AU14,0.2628018096765622,0.08495083636866387,0.2007768038969575,0.2601375704475989,0.32250892569621403,54
Disgust__Happiness,Happiness: correct,AU15,0.011990427035836868,0.02866211577875459,0.0005811713230667199,0.004852886511382435,0.008498882387762212,54
Disgust__Happiness,Happiness: correct,AU16,0.16417439790548494,0.18265944705808795,5.530533697267817e-06,0.10938629247248183,0.28012759867303855,54
Disgust__Happiness,Happiness: correct,AU17,0.06783599898748907,0.04939334656151707,0.025659041710608337,0.0547541680242752,0.0906087461878839,54
Disgust__Happiness,Happiness: correct,AU18,0.002681221818511521,0.004273172254963895,1.645622975459691e-10,9.31956816696185e-05,0.0042746759443796295,54
Disgust__Happiness,Happiness: correct,AU20,0.12983855294207522,0.15111815104895224,0.03754277540137987,0.06435553143921402,0.15112171855679735,54
Disgust__Happiness,Happiness: correct,AU22,0.00030753329043263706,0.0006184690148566948,6.572918998593926e-15,3.0882687171230086e-09,0.00040572379163299606,54
Disgust__Happiness,Happiness: correct,AU23,0.0010002594694912175,0.006628774772611365,5.347098350853945e-26,2.089143949159183e-15,1.535247913704559e-11,54
Disgust__Happiness,Happiness: correct,AU24,0.0005823134429183582,0.0012405857247025107,5.827209600445785e-17,2.0467465376904222e-10,0.0003827367729008701,54
Disgust__Happiness,Happiness: correct,AU26,0.08622985129238202,0.10114927542588602,0.013113772787319875,0.05976647133938963,0.11508517808591322,54
Disgust__Happiness,Happiness: correct,AU28,0.1743970035412405,0.06312922060127897,0.12288634865435633,0.17121329453081363,0.22380657660930103,54
Disgust__Happiness,Happiness: correct,AU43,0.013594952378031211,0.019711385633388298,0.002515758003015683,0.006176349190701296,0.014606698811935942,54
Disgust__Happiness,Happiness → Disgust,BrowLowererL,,,,,,0
Disgust__Happiness,Happiness → Disgust,BrowLowererR,,,,,,0
Disgust__Happiness,Happiness → Disgust,CheekPuffL,,,,,,0
Disgust__Happiness,Happiness → Disgust,CheekPuffR,,,,,,0
Disgust__Happiness,Happiness → Disgust,CheekRaiserL,,,,,,0
Disgust__Happiness,Happiness → Disgust,CheekRaiserR,,,,,,0
Disgust__Happiness,Happiness → Disgust,CheekSuckL,,,,,,0
Disgust__Happiness,Happiness → Disgust,CheekSuckR,,,,,,0
Disgust__Happiness,Happiness → Disgust,ChinRaiserB,,,,,,0
Disgust__Happiness,Happiness → Disgust,ChinRaiserT,,,,,,0
Disgust__Happiness,Happiness → Disgust,DimplerL,,,,,,0
Disgust__Happiness,Happiness → Disgust,DimplerR,,,,,,0
Disgust__Happiness,Happiness → Disgust,EyesClosedL,,,,,,0
Disgust__Happiness,Happiness → Disgust,EyesClosedR,,,,,,0
Disgust__Happiness,Happiness → Disgust,EyesLookDownL,,,,,,0
Disgust__Happiness,Happiness → Disgust,EyesLookDownR,,,,,,0
Disgust__Happiness,Happiness → Disgust,EyesLookLeftL,,,,,,0
Disgust__Happiness,Happiness → Disgust,EyesLookLeftR,,,,,,0
Disgust__Happiness,Happiness → Disgust,EyesLookRightL,,,,,,0
Disgust__Happiness,Happiness → Disgust,EyesLookRightR,,,,,,0
Disgust__Happiness,Happiness → Disgust,EyesLookUpL,,,,,,0
Disgust__Happiness,Happiness → Disgust,EyesLookUpR,,,,,,0
Disgust__Happiness,Happiness → Disgust,InnerBrowRaiserL,,,,,,0
Disgust__Happiness,Happiness → Disgust,InnerBrowRaiserR,,,,,,0
Disgust__Happiness,Happiness → Disgust,JawDrop,,,,,,0
Disgust__Happiness,Happiness → Disgust,JawSidewaysLeft,,,,,,0
Disgust__Happiness,Happiness → Disgust,JawSidewaysRight,,,,,,0
Disgust__Happiness,Happiness → Disgust,JawThrust,,,,,,0
Disgust__Happiness,Happiness → Disgust,LidTightenerL,,,,,,0
Disgust__Happiness,Happiness → Disgust,LidTightenerR,,,,,,0
Disgust__Happiness,Happiness → Disgust,LipCornerDepressorL,,,,,,0
Disgust__Happiness,Happiness → Disgust,LipCornerDepressorR,,,,,,0
Disgust__Happiness,Happiness → Disgust,LipCornerPullerL,,,,,,0
Disgust__Happiness,Happiness → Disgust,LipCornerPullerR,,,,,,0
Disgust__Happiness,Happiness → Disgust,LipFunnelerLB,,,,,,0
Disgust__Happiness,Happiness → Disgust,LipFunnelerLT,,,,,,0
Disgust__Happiness,Happiness → Disgust,LipFunnelerRB,,,,,,0
Disgust__Happiness,Happiness → Disgust,LipFunnelerRT,,,,,,0
Disgust__Happiness,Happiness → Disgust,LipPressorL,,,,,,0
Disgust__Happiness,Happiness → Disgust,LipPressorR,,,,,,0
Disgust__Happiness,Happiness → Disgust,LipPuckerL,,,,,,0
Disgust__Happiness,Happiness → Disgust,LipPuckerR,,,,,,0
Disgust__Happiness,Happiness → Disgust,LipStretcherL,,,,,,0
Disgust__Happiness,Happiness → Disgust,LipStretcherR,,,,,,0
Disgust__Happiness,Happiness → Disgust,LipSuckLB,,,,,,0
Disgust__Happiness,Happiness → Disgust,LipSuckLT,,,,,,0
Disgust__Happiness,Happiness → Disgust,LipSuckRB,,,,,,0
Disgust__Happiness,Happiness → Disgust,LipSuckRT,,,,,,0
Disgust__Happiness,Happiness → Disgust,LipTightenerL,,,,,,0
Disgust__Happiness,Happiness → Disgust,LipTightenerR,,,,,,0
Disgust__Happiness,Happiness → Disgust,LipsToward,,,,,,0
Disgust__Happiness,Happiness → Disgust,LowerLipDepressorL,,,,,,0
Disgust__Happiness,Happiness → Disgust,LowerLipDepressorR,,,,,,0
Disgust__Happiness,Happiness → Disgust,MouthLeft,,,,,,0
Disgust__Happiness,Happiness → Disgust,MouthRight,,,,,,0
Disgust__Happiness,Happiness → Disgust,NoseWrinklerL,,,,,,0
Disgust__Happiness,Happiness → Disgust,NoseWrinklerR,,,,,,0
Disgust__Happiness,Happiness → Disgust,OuterBrowRaiserL,,,,,,0
Disgust__Happiness,Happiness → Disgust,OuterBrowRaiserR,,,,,,0
Disgust__Happiness,Happiness → Disgust,UpperLidRaiserL,,,,,,0
Disgust__Happiness,Happiness → Disgust,UpperLidRaiserR,,,,,,0
Disgust__Happiness,Happiness → Disgust,UpperLipRaiserL,,,,,,0
Disgust__Happiness,Happiness → Disgust,UpperLipRaiserR,,,,,,0
Disgust__Happiness,Happiness → Disgust,AU1,,,,,,0
Disgust__Happiness,Happiness → Disgust,AU2,,,,,,0
Disgust__Happiness,Happiness → Disgust,AU4,,,,,,0
Disgust__Happiness,Happiness → Disgust,AU5,,,,,,0
Disgust__Happiness,Happiness → Disgust,AU6,,,,,,0
Disgust__Happiness,Happiness → Disgust,AU7,,,,,,0
Disgust__Happiness,Happiness → Disgust,AU8,,,,,,0
Disgust__Happiness,Happiness → Disgust,AU9,,,,,,0
Disgust__Happiness,Happiness → Disgust,AU10,,,,,,0
Disgust__Happiness,Happiness → Disgust,AU12,,,,,,0
Disgust__Happiness,Happiness → Disgust,AU14,,,,,,0
Disgust__Happiness,Happiness → Disgust,AU15,,,,,,0
Disgust__Happiness,Happiness → Disgust,AU16,,,,,,0
Disgust__Happiness,Happiness → Disgust,AU17,,,,,,0
Disgust__Happiness,Happiness → Disgust,AU18,,,,,,0
Disgust__Happiness,Happiness → Disgust,AU20,,,,,,0
Disgust__Happiness,Happiness → Disgust,AU22,,,,,,0
Disgust__Happiness,Happiness → Disgust,AU23,,,,,,0
Disgust__Happiness,Happiness → Disgust,AU24,,,,,,0
Disgust__Happiness,Happiness → Disgust,AU26,,,,,,0
Disgust__Happiness,Happiness → Disgust,AU28,,,,,,0
Disgust__Happiness,Happiness → Disgust,AU43,,,,,,0
Disgust__Fear,Disgust: all,BrowLowererL,0.20364890998157592,0.16631305008775768,0.0640377252287957,0.16652873956287897,0.2831928343997181,54
Disgust__Fear,Disgust: all,BrowLowererR,0.18631237832654704,0.15881316827048333,0.06579381906290105,0.1403420028325854,0.2651783250349884,54
Disgust__Fear,Disgust: all,CheekPuffL,0.0024551103065273104,0.00945766691958726,1.401298464324817e-45,3.455903464155635e-21,0.0011299907762764533,54
Disgust__Fear,Disgust: all,CheekPuffR,0.0027735684401712334,0.009968113785269683,1.322272587753835e-40,4.646789944782485e-06,0.001380765990711608,54
Disgust__Fear,Disgust: all,CheekRaiserL,0.29181043352651315,0.2296428072042262,0.12740234389590716,0.25676804656783736,0.35953628694017725,54
Disgust__Fear,Disgust: all,CheekRaiserR,0.2642519848114144,0.22787594440484002,0.11418558425923478,0.20511942924931642,0.32090551468233264,54
Disgust__Fear,Disgust: all,CheekSuckL,2.4470741064524488e-05,0.00017982248770756756,1.401298464324817e-45,1.401298464324817e-45,1.401298464324817e-45,54
Disgust__Fear,Disgust: all,CheekSuckR,3.3311644922711e-21,1.9212904871307615e-20,3.503246160812043e-46,1.401298464324817e-45,1.401298464324817e-45,54
Disgust__Fear,Disgust: all,ChinRaiserB,0.11176969308846262,0.18237478437345392,0.0051228235481662774,0.03133387290689234,0.160632462692513,54
Disgust__Fear,Disgust: all,ChinRaiserT,0.17200349018084143,0.17195124896397143,0.05083907114652292,0.11644971372710032,0.23906646530764797,54
Disgust__Fear,Disgust: all,DimplerL,0.10341698908133092,0.11597957506561565,0.024295014092842158,0.07340461374648534,0.14396203835273502,54
Disgust__Fear,Disgust: all,DimplerR,0.10316488143265676,0.11271261023637433,0.024724410701624844,0.08512178594246503,0.149087896664696,54
Disgust__Fear,Disgust: all,EyesClosedL,0.08110458807778993,0.11325605815264372,0.004576677334504555,0.028325274808690473,0.15351900769159693,54
Disgust__Fear,Disgust: all,EyesClosedR,0.0811410500258168,0.10497866633761282,0.005809698455656551,0.036268194050838524,0.12630748612226697,54
Disgust__Fear,Disgust: all,EyesLookDownL,0.04890534863136148,0.059955559003208383,1.3476726660992486e-12,0.024485725894919555,0.08257423614999783,54
Disgust__Fear,Disgust: all,EyesLookDownR,0.05540130715944406,0.0677494456064653,9.760068383477673e-29,0.02644523784207799,0.10886213891208167,54
Disgust__Fear,Disgust: all,EyesLookLeftL,0.0452460316170609,0.06964806970853966,0.0,0.00650017064375181,0.06955870583963886,54
Disgust__Fear,Disgust: all,EyesLookLeftR,0.08538495368172593,0.09990275501541945,3.2920413650571664e-05,0.04310235042745865,0.1521566274265448,54
Disgust__Fear,Disgust: all,EyesLookRightL,0.10500805150592146,0.11186274564252897,0.007676565281238361,0.06659870296716686,0.15673311896001296,54
Disgust__Fear,Disgust: all,EyesLookRightR,0.058790674164710136,0.08459775814178495,0.0,0.02514621664304283,0.07558778788467554,54
Disgust__Fear,Disgust: all,EyesLookUpL,0.0526659598651114,0.07700989683678884,0.0,0.010691281997909143,0.0928365180793965,54
Disgust__Fear,Disgust: all,EyesLookUpR,0.05271194991125669,0.07717948976251723,0.0,0.010642481874674554,0.09310008467655276,54
Disgust__Fear,Disgust: all,InnerBrowRaiserL,0.042870261616378136,0.04988864940904516,0.005988669440133237,0.026169854183293206,0.054438400107998504,54
Disgust__Fear,Disgust: all,InnerBrowRaiserR,0.0402406018594224,0.04670575944736881,0.005844565362237004,0.02431136626352473,0.06180794692287839,54
Disgust__Fear,Disgust: all,JawDrop,0.10876266707982257,0.09761784489997939,0.032049174190857795,0.09381988152272161,0.1324269353916558,54
Disgust__Fear,Disgust: all,JawSidewaysLeft,0.00488835742755227,0.004859068109923494,8.688923306007455e-07,0.004008458237998001,0.008203491701636902,54
Disgust__Fear,Disgust: all,JawSidewaysRight,0.007897848655690156,0.00655257689419411,0.0018834495276704132,0.007921328571205732,0.010933495691426804,54
Disgust__Fear,Disgust: all,JawThrust,0.03868223588235398,0.05698296762780175,0.0016263167459977087,0.008939226345436636,0.04970708840144384,54
Disgust__Fear,Disgust: all,LidTightenerL,0.2981366222858074,0.18919629892621223,0.15418947992535922,0.28213558296362556,0.42126372034351034,54
Disgust__Fear,Disgust: all,LidTightenerR,0.2799414716760359,0.18818990664940596,0.12619762965948023,0.287866102073652,0.4159729747877767,54
Disgust__Fear,Disgust: all,LipCornerDepressorL,0.11643143957419168,0.11786504912917378,0.023020023084245583,0.05965628465837649,0.20351800215042504,54
Disgust__Fear,Disgust: all,LipCornerDepressorR,0.09825104920742044,0.10765389765703642,0.009568744758143972,0.04033862996060039,0.1831943317390596,54
Disgust__Fear,Disgust: all,LipCornerPullerL,0.12403860629879152,0.20766752399905375,0.016707341023720755,0.041919917209694735,0.12319351567033052,54
Disgust__Fear,Disgust: all,LipCornerPullerR,0.12564717712488532,0.21075516307965875,0.00958072841112876,0.03889185159205222,0.12536269910826345,54
Disgust__Fear,Disgust: all,LipFunnelerLB,0.0011374386064590776,0.0066070050570772535,1.401298464324817e-45,1.401298464324817e-45,2.0695696794109426e-28,54
Disgust__Fear,Disgust: all,LipFunnelerLT,0.0037054494070433144,0.00655361284244816,3.268505312331287e-21,0.00017652995071675335,0.00648399434559011,54
Disgust__Fear,Disgust: all,LipFunnelerRB,0.0011489397558673703,0.006772507186858893,1.401298464324817e-45,1.5277306182685237e-41,1.0504204090184295e-14,54
Disgust__Fear,Disgust: all,LipFunnelerRT,0.002962436235970985,0.006422091308666312,6.44186105910034e-39,7.660894708120064e-08,0.002601988821367183,54
Disgust__Fear,Disgust: all,LipPressorL,0.018620562339771538,0.054418851475357875,1.6097416108931336e-43,1.3639608847326026e-15,0.004245629118031475,54
Disgust__Fear,Disgust: all,LipPressorR,0.01871404361769316,0.05491310674292795,6.541055455459756e-38,3.783031461863737e-09,0.004440219022474542,54
Disgust__Fear,Disgust: all,LipPuckerL,0.04466690239111557,0.09894536543441633,1.1412128419971456e-09,0.00233218872053837,0.04077323818825948,54
Disgust__Fear,Disgust: all,LipPuckerR,0.04324851318067585,0.09588900280702861,9.291568838471303e-13,0.0017306261323568246,0.04254241320422122,54
Disgust__Fear,Disgust: all,LipStretcherL,0.10378531040281726,0.1446679093324298,0.01854848196380767,0.040784756450921084,0.12371854924907283,54
Disgust__Fear,Disgust: all,LipStretcherR,0.1078616965191718,0.14780605722725015,0.015873784736424035,0.043983485832237976,0.13182319384068247,54
Disgust__Fear,Disgust: all,LipSuckLB,0.1284654985704303,0.11012671069799632,0.06554844052500353,0.09627310149470009,0.17687347319442775,54
Disgust__Fear,Disgust: all,LipSuckLT,0.06836339055219018,0.09793309029247158,0.021533051050734723,0.04049946715434388,0.07927524290334317,54
Disgust__Fear,Disgust: all,LipSuckRB,0.11156187647240445,0.10398705182747156,0.05423255750080329,0.08000029341492332,0.15514563697700695,54
Disgust__Fear,Disgust: all,LipSuckRT,0.059501595236439185,0.09267149577845336,0.019542161580809736,0.03804819898990289,0.06690000786358749,54
Disgust__Fear,Disgust: all,LipTightenerL,0.01078156466892883,0.024313654255671106,1.401298464324817e-45,1.8872271664609155e-18,0.004278575340210641,54
Disgust__Fear,Disgust: all,LipTightenerR,0.009758413720604316,0.02233177892932066,1.401298464324817e-45,3.6463969849342677e-23,0.0038632429348543123,54
Disgust__Fear,Disgust: all,LipsToward,0.04191319725471171,0.04794904862243715,0.023043009506848896,0.03534018434584136,0.04504643489296233,54
Disgust__Fear,Disgust: all,LowerLipDepressorL,0.13410445371033966,0.1608825146977133,0.003144933538539518,0.07487421146127073,0.21578588178535935,54
Disgust__Fear,Disgust: all,LowerLipDepressorR,0.13049145148914582,0.15652536575151926,0.005034166219244505,0.0724448556701342,0.21227837344301098,54
Disgust__Fear,Disgust: all,MouthLeft,0.009755599564349559,0.0111392179343926,0.002001899404762183,0.006018035885559488,0.01176249156346781,54
Disgust__Fear,Disgust: all,MouthRight,0.005664014670412648,0.009952490107263812,6.32456335468993e-11,0.0016436527424848303,0.005026430900818423,54
Disgust__Fear,Disgust: all,NoseWrinklerL,0.24080601683053532,0.2508259446300533,0.035943414346578315,0.1585846400432594,0.39034991464046126,54
Disgust__Fear,Disgust: all,NoseWrinklerR,0.24070146386259614,0.25619692655479137,0.02392469237250524,0.14838287125009564,0.381477568934982,54
Disgust__Fear,Disgust: all,OuterBrowRaiserL,0.0349691367786915,0.04127935098484689,0.0022040208054628385,0.015724938504687654,0.058908461042079696,54
Disgust__Fear,Disgust: all,OuterBrowRaiserR,0.03907723090189351,0.04721082576497574,0.0013927764080562694,0.021617122732019763,0.05703004539876319,54
Disgust__Fear,Disgust: all,UpperLidRaiserL,0.06525532418534884,0.10980988682419106,1.0745167929228136e-19,0.004027300833617991,0.06789577277241517,54
Disgust__Fear,Disgust: all,UpperLidRaiserR,0.07977094952988822,0.11829837206712339,5.7198182509170595e-08,0.009154220517927834,0.14753587724286865,54
Disgust__Fear,Disgust: all,UpperLipRaiserL,0.27941785154940696,0.20442985478490835,0.07799923072296432,0.2505592817181119,0.43678644456182764,54
Disgust__Fear,Disgust: all,UpperLipRaiserR,0.29346367233183784,0.2118754028707113,0.0901851706052216,0.2753960109880912,0.4750087556429298,54
Disgust__Fear,Disgust: all,AU1,0.04155543173790027,0.047524980794965976,0.006002868013978439,0.028051092042005572,0.05436732589078016,54
Disgust__Fear,Disgust: all,AU2,0.03702318384029251,0.04187181738815475,0.0026279849046651517,0.0215348197666268,0.06367123018171691,54
Disgust__Fear,Disgust: all,AU4,0.1949806441540615,0.16144323811428418,0.058284122029624505,0.14782346721040082,0.28844926360082657,54
Disgust__Fear,Disgust: all,AU5,0.07251313685761855,0.10854444433856576,1.1421708097828243e-05,0.009913544576439587,0.10232616764924331,54
Disgust__Fear,Disgust: all,AU6,0.27803120916896373,0.22830716623414135,0.1173259035443758,0.23328517725070314,0.3337684315939744,54
Disgust__Fear,Disgust: all,AU7,0.28903904698092164,0.17987947072229715,0.1708460405692998,0.2819414645608049,0.38038189033989817,54
Disgust__Fear,Disgust: all,AU8,0.04191319725471171,0.04794904862243715,0.023043009506848896,0.03534018434584136,0.04504643489296233,54
Disgust__Fear,Disgust: all,AU9,0.24075374034656574,0.2533543835191957,0.029052536516367838,0.14959046805880077,0.38416341716002667,54
Disgust__Fear,Disgust: all,AU10,0.2864407619406224,0.20794090808602048,0.08072102987229562,0.26684164094403967,0.45764898802396753,54
Disgust__Fear,Disgust: all,AU12,0.12484289171183839,0.20918428263098982,0.013059852796141018,0.03909313857305577,0.1240493352427923,54
Disgust__Fear,Disgust: all,AU14,0.10329093525699384,0.11428562339556403,0.025178330517257697,0.08072845973268458,0.14652496750871552,54
Disgust__Fear,Disgust: all,AU15,0.10734124439080601,0.1125902592427885,0.017880770235205953,0.05176532082929054,0.19451874020918844,54
Disgust__Fear,Disgust: all,AU16,0.13229795259974272,0.15866195458179086,0.004291625596272744,0.07356400486702716,0.21403212761418516,54
Disgust__Fear,Disgust: all,AU17,0.14188659163465203,0.173469864733417,0.03353834145632576,0.07240339368710544,0.19778952588584137,54
Disgust__Fear,Disgust: all,AU18,0.04395770778589572,0.09740426779397961,1.0356209269155036e-08,0.002630959634855846,0.04175427148399898,54
Disgust__Fear,Disgust: all,AU20,0.10582350346099456,0.14620193031858214,0.016827645571959194,0.04238412114157954,0.1276731108198873,54
Disgust__Fear,Disgust: all,AU22,0.0022385660013351867,0.006076793935697215,2.274339361346904e-21,0.00012127580081715636,0.0026149320975353443,54
Disgust__Fear,Disgust: all,AU23,0.010269989194766573,0.023290284967531577,1.401298464324817e-45,5.022777297152134e-16,0.004035416694580332,54
Disgust__Fear,Disgust: all,AU24,0.018667302978732352,0.0546649951753389,2.1355322643918998e-27,1.7970144578241127e-07,0.004285613845248086,54
Disgust__Fear,Disgust: all,AU26,0.10876266707982257,0.09761784489997939,0.032049174190857795,0.09381988152272161,0.1324269353916558,54
Disgust__Fear,Disgust: all,AU28,0.09197309020786604,0.09596911403313191,0.04376415475947931,0.07215227637625499,0.11585387836365153,54
Disgust__Fear,Disgust: all,AU43,0.08112281905180335,0.10074364442823344,0.008461494353890368,0.03633110306918995,0.12179363863977158,54
Disgust__Fear,Disgust: correct,BrowLowererL,0.27429085437956846,0.1650296999493,0.13678457940691258,0.25550745233780087,0.34262888443966705,30
Disgust__Fear,Disgust: correct,BrowLowererR,0.2600669810520221,0.1612163420376523,0.12258420596159943,0.2495473467973493,0.3522329870611429,30
Disgust__Fear,Disgust: correct,CheekPuffL,0.0011963721404219191,0.0031861424015095386,1.401298464324817e-45,3.455903464155635e-21,0.0005522477381632983,30
Disgust__Fear,Disgust: correct,CheekPuffR,0.001564301059297848,0.004253826466766328,6.373960919491238e-26,8.97825262854177e-08,0.0010100941599238142,30
Disgust__Fear,Disgust: correct,CheekRaiserL,0.3030017535852549,0.16373036337831834,0.19443926750323343,0.2770427137613296,0.3698803481956323,30
Disgust__Fear,Disgust: correct,CheekRaiserR,0.27378535246203944,0.15427487467666523,0.17793836188366183,0.23576228345433864,0.3392503502468268,30
Disgust__Fear,Disgust: correct,CheekSuckL,2.502851393756729e-22,1.370868166443805e-21,1.401298464324817e-45,1.401298464324817e-45,1.401298464324817e-45,30
Disgust__Fear,Disgust: correct,CheekSuckR,1.5102296236078065e-21,8.271868318625322e-21,1.401298464324817e-45,1.401298464324817e-45,1.401298464324817e-45,30
Disgust__Fear,Disgust: correct,ChinRaiserB,0.146572360430847,0.21128472590651345,0.00797818359763668,0.06565827791734286,0.20188053569291975,30
Disgust__Fear,Disgust: correct,ChinRaiserT,0.2206446865057776,0.19492630673959718,0.0929007799072318,0.19995553344488143,0.2704759412868014,30
Disgust__Fear,Disgust: correct,DimplerL,0.08208190472373685,0.06364848346390531,0.035424327535307026,0.07660411633551117,0.11550883152989723,30
Disgust__Fear,Disgust: correct,DimplerR,0.08216872351244245,0.06168970691519796,0.039348620092607076,0.07993219444445757,0.12099069905006801,30
Disgust__Fear,Disgust: correct,EyesClosedL,0.11425764075747528,0.1334956972174398,0.006877974135083262,0.05481332837750992,0.17578828353434797,30
Disgust__Fear,Disgust: correct,EyesClosedR,0.09957692436876295,0.12015364822657046,0.011372128921730947,0.06156623259513817,0.14857405821254713,30
Disgust__Fear,Disgust: correct,EyesLookDownL,0.06458730813391728,0.06370755151382738,0.014578891354536442,0.04837078346563155,0.10432931879010551,30
Disgust__Fear,Disgust: correct,EyesLookDownR,0.0712395332249032,0.06665179921907163,0.01086246288053869,0.05151097423419643,0.11665439920273925,30
Disgust__Fear,Disgust: correct,EyesLookLeftL,0.05204596568442259,0.0777578568420925,0.0,0.00650017064375181,0.0901163617148995,30
Disgust__Fear,Disgust: correct,EyesLookLeftR,0.0894363711694152,0.11129487582488572,3.2920413650571664e-05,0.02383905403160798,0.17527486886829136,30
Disgust__Fear,Disgust: correct,EyesLookRightL,0.13229923552408673,0.13092532212145677,0.002489256461347119,0.10727868791048722,0.20132526741363105,30
Disgust__Fear,Disgust: correct,EyesLookRightR,0.0833938120670306,0.1010567441742414,0.0,0.04318009006480373,0.1377357779225955,30
Disgust__Fear,Disgust: correct,EyesLookUpL,0.04750171263441905,0.07712684972166715,0.0,0.0006292768598844566,0.06230528293332701,30
Disgust__Fear,Disgust: correct,EyesLookUpR,0.047539925921268544,0.07717862914989206,0.0,0.0006277859210967984,0.06291487511868274,30
Disgust__Fear,Disgust: correct,InnerBrowRaiserL,0.037634553747822604,0.0396446904955095,0.008124218108335123,0.030136612746476457,0.04860568794732288,30
Disgust__Fear,Disgust: correct,InnerBrowRaiserR,0.03920420848698498,0.04099087563980257,0.008033304208984375,0.032862825918709815,0.05109569413277006,30
Disgust__Fear,Disgust: correct,JawDrop,0.07967732745332241,0.08285915370738832,0.01909198959929194,0.059658243566065125,0.10731057065228616,30
Disgust__Fear,Disgust: correct,JawSidewaysLeft,0.00540455552997686,0.0045356738529306224,0.00101330668646065,0.004683646446524354,0.008618311990762632,30
Disgust__Fear,Disgust: correct,JawSidewaysRight,0.006960622455382143,0.006487907415999284,0.001650032975904107,0.0046349082884284435,0.010933495691426804,30
Disgust__Fear,Disgust: correct,JawThrust,0.031235084185679142,0.053981549848097984,0.00041934777400455834,0.0042799239878945385,0.04912363845021784,30
Disgust__Fear,Disgust: correct,LidTightenerL,0.3302524058114626,0.15357019642847616,0.220116813577867,0.3074096613874038,0.45807341213027636,30
Disgust__Fear,Disgust: correct,LidTightenerR,0.3340970049198887,0.14830620550401433,0.21831731145004502,0.3318922869861126,0.4178175220886866,30
Disgust__Fear,Disgust: correct,LipCornerDepressorL,0.14106567134155337,0.12646602013020392,0.028857079443203808,0.09631893749659257,0.222786367115645,30
Disgust__Fear,Disgust: correct,LipCornerDepressorR,0.1173338750109732,0.11313036795590324,0.020895523814870812,0.055673170213897984,0.19844617983116988,30
Disgust__Fear,Disgust: correct,LipCornerPullerL,0.06321841641892155,0.07979044030749907,0.017384087457321534,0.03770238713987051,0.06789431000555243,30
Disgust__Fear,Disgust: correct,LipCornerPullerR,0.06382223473119288,0.08432485335202704,0.01043358336901287,0.034252938038359035,0.0742421672795899,30
Disgust__Fear,Disgust: correct,LipFunnelerLB,0.0016048450578995954,0.008783013423186681,1.401298464324817e-45,1.401298464324817e-45,1.2861805786863668e-38,30
Disgust__Fear,Disgust: correct,LipFunnelerLT,0.003033288954884653,0.007560248829976836,2.366537776501759e-27,5.762899759719615e-08,0.0011547205644871928,30
Disgust__Fear,Disgust: correct,LipFunnelerRB,0.001702861684957558,0.009006713046887483,1.401298464324817e-45,1.5277306182685237e-41,1.4596943820533333e-23,30
Disgust__Fear,Disgust: correct,LipFunnelerRT,0.002584834192602648,0.007291085993784861,4.994834956188189e-42,1.0667663036506993e-16,0.0015801270440743208,30
Disgust__Fear,Disgust: correct,LipPressorL,0.03156230899864999,0.0707306085574216,8.9990989049082e-28,0.0007590342178945535,0.022167224715645948,30
Disgust__Fear,Disgust: correct,LipPressorR,0.03168112404604156,0.07141903440196365,3.598338039638594e-22,1.9502987843696257e-07,0.021633234448413818,30
Disgust__Fear,Disgust: correct,LipPuckerL,0.06278937533131,0.12782122453196668,1.0549020610079191e-12,0.006280690558560808,0.0403862878474828,30
Disgust__Fear,Disgust: correct,LipPuckerR,0.06036019088620097,0.12355667440898664,1.5780405781040427e-11,0.005272228067527356,0.037935920927367646,30
Disgust__Fear,Disgust: correct,LipStretcherL,0.12761503985444464,0.1781749629026857,0.01854848196380767,0.04490897775297825,0.1304267306113615,30
Disgust__Fear,Disgust: correct,LipStretcherR,0.13010947703013587,0.18062418163516825,0.014787730634869413,0.048391081050794996,0.13667646376416084,30
Disgust__Fear,Disgust: correct,LipSuckLB,0.13452331534001324,0.08956615565310423,0.07144263296431431,0.11493143641079462,0.17930919756957636,30
Disgust__Fear,Disgust: correct,LipSuckLT,0.0633820068780138,0.051468990958378154,0.030552545674436216,0.03974127179834996,0.08036653529852623,30
Disgust__Fear,Disgust: correct,LipSuckRB,0.1207091938069073,0.08428266537245634,0.061419405992516315,0.09468637200382844,0.16397896840547518,30
Disgust__Fear,Disgust: correct,LipSuckRT,0.05427878278109598,0.04196576634527695,0.02206285221009993,0.03845281836305119,0.0675123535695604,30
Disgust__Fear,Disgust: correct,LipTightenerL,0.01172114771655257,0.02823393404847906,1.401298464324817e-45,2.2483219798864463e-21,0.0016974685558162938,30
Disgust__Fear,Disgust: correct,LipTightenerR,0.011153074078997152,0.0265812579454411,1.401298464324817e-45,4.8838339372979033e-26,0.0015421142203706213,30
Disgust__Fear,Disgust: correct,LipsToward,0.04680573563660595,0.060195056676750514,0.027675754607965505,0.03857957761113838,0.04504643489296233,30
Disgust__Fear,Disgust: correct,LowerLipDepressorL,0.10522865089944439,0.13367126897938053,0.0014653985078143662,0.0508715466751851,0.14422793997218833,30
Disgust__Fear,Disgust: correct,LowerLipDepressorR,0.10466178877813244,0.13402882045285824,0.002074527372420823,0.048320858615369576,0.14341341528731089,30
Disgust__Fear,Disgust: correct,MouthLeft,0.015137183651866995,0.012337879663145163,0.006402728731216995,0.010100842655325879,0.024007566878572056,30
Disgust__Fear,Disgust: correct,MouthRight,0.009346187553881507,0.012110181092309474,0.0016460450700810474,0.004093149225389066,0.01187813643853238,30
Disgust__Fear,Disgust: correct,NoseWrinklerL,0.38990757741705734,0.2398416981990764,0.20089556986737683,0.3469816166985159,0.5748114120312191,30
Disgust__Fear,Disgust: correct,NoseWrinklerR,0.39499705904284066,0.24408673425608,0.2108229360868184,0.3574093490761394,0.557452281867154,30
Disgust__Fear,Disgust: correct,OuterBrowRaiserL,0.039968369491745544,0.034631427775763966,0.009205311483916932,0.039404710875472385,0.06231326727624118,30
Disgust__Fear,Disgust: correct,OuterBrowRaiserR,0.04868999031497523,0.0477266328558894,0.0060632176281192034,0.04080512139723088,0.07253554910324353,30
Disgust__Fear,Disgust: correct,UpperLidRaiserL,0.10409050786438198,0.13213597605159327,0.0014818349229805876,0.037749711022236884,0.1936753953186174,30
Disgust__Fear,Disgust: correct,UpperLidRaiserR,0.11682971680702113,0.13380260778150152,0.0003768850673931205,0.07472628326373996,0.2032356103058861,30
Disgust__Fear,Disgust: correct,UpperLipRaiserL,0.34382511416588035,0.1790171206612847,0.22715412027863138,0.34525536631845166,0.4657230125119289,30
Disgust__Fear,Disgust: correct,UpperLipRaiserR,0.36387214341973323,0.18851021338089274,0.23741517628313882,0.36134624034390683,0.5042342009410883,30
Disgust__Fear,Disgust: correct,AU1,0.03841938111740379,0.0392845110106353,0.009043295082826227,0.029806121605994405,0.04930485711641567,30
Disgust__Fear,Disgust: correct,AU2,0.044329179903360376,0.03770602574612822,0.008233642454494315,0.043261667062544466,0.06527233885184004,30
Disgust__Fear,Disgust: correct,AU4,0.26717891771579527,0.16190594462136348,0.1374269219651296,0.24826303136689398,0.338800328695145,30
Disgust__Fear,Disgust: correct,AU5,0.11046011233570158,0.12642525308667513,0.001474161470540914,0.07376799237945092,0.19500555729415886,30
Disgust__Fear,Disgust: correct,AU6,0.2883935530236472,0.15809126076917213,0.18876722177120325,0.2620852543661991,0.3337684315939744,30
Disgust__Fear,Disgust: correct,AU7,0.33217470536567567,0.13794282385239134,0.2226989984349224,0.3246286441882451,0.40504667234684655,30
Disgust__Fear,Disgust: correct,AU8,0.04680573563660595,0.060195056676750514,0.027675754607965505,0.03857957761113838,0.04504643489296233,30
Disgust__Fear,Disgust: correct,AU9,0.3924523182299489,0.2417147452923415,0.2079934629880881,0.3487142776643547,0.5661318469491865,30
Disgust__Fear,Disgust: correct,AU10,0.35384862879280676,0.1835495150382982,0.2338868825156396,0.35330080333117925,0.4837114639463834,30
Disgust__Fear,Disgust: correct,AU12,0.06352032557505721,0.08202053800249429,0.014604443170052592,0.03528203739551823,0.070723781978207,30
Disgust__Fear,Disgust: correct,AU14,0.08212531411808964,0.06256511839887904,0.03803150684600759,0.07803558774498565,0.11824976528998263,30
Disgust__Fear,Disgust: correct,AU15,0.1291997731762633,0.1196242189005933,0.02382082228825045,0.07599605385524527,0.20763657195886032,30
Disgust__Fear,Disgust: correct,AU16,0.1049452198387884,0.13383340168057808,0.001871000798807961,0.04959620264527734,0.1438206776297496,30
Disgust__Fear,Disgust: correct,AU17,0.1836085234683123,0.2003232190313764,0.05048010954468791,0.14124121757597463,0.22861711100752774,30
Disgust__Fear,Disgust: correct,AU18,0.0615747831087555,0.12568139296848946,7.607357069507289e-10,0.005776459313044083,0.03899692939998488,30
Disgust__Fear,Disgust: correct,AU20,0.12886225844229024,0.17938437314586606,0.016827645571959194,0.04665002940188662,0.13355159718776116,30
Disgust__Fear,Disgust: correct,AU22,0.002231457472586114,0.007848461465178747,3.0518434994196465e-27,5.656078291708047e-07,0.0005871013731215437,30
Disgust__Fear,Disgust: correct,AU23,0.01143711089777486,0.02737991635459392,1.401298464324817e-45,9.441586803712698e-21,0.0017106564843544264,30
Disgust__Fear,Disgust: correct,AU24,0.03162171652234577,0.07107378301165451,5.6693491072074884e-21,0.0004570600477510421,0.021900229582029883,30
Disgust__Fear,Disgust: correct,AU26,0.07967732745332241,0.08285915370738832,0.01909198959929194,0.059658243566065125,0.10731057065228616,30
Disgust__Fear,Disgust: correct,AU28,0.09322332470150758,0.05783383517189499,0.0517904728820056,0.07802729770161625,0.12331736775462708,30
Disgust__Fear,Disgust: correct,AU43,0.10691728256311912,0.11808051484885498,0.016647729190210583,0.04929222820226421,0.17977298696159,30
Disgust__Fear,Disgust → Fear,BrowLowererL,0.0334654457688506,0.051801633479264066,0.002344656149072665,0.008945245497549546,0.040582005295630066,7
Disgust__Fear,Disgust → Fear,BrowLowererR,0.030075547457550176,0.0337371847490763,0.0009586808449948022,0.01087134913208651,0.06516849908172537,7
Disgust__Fear,Disgust → Fear,CheekPuffL,0.0022575164222506426,0.0023688930473260254,0.00033834045081545757,0.001677566487853582,0.0035274925747154195,7
Disgust__Fear,Disgust → Fear,CheekPuffR,0.0014095480938462288,0.0012132589544186822,0.0003398241482632062,0.0014347927881491957,0.002490737514926837,7
Disgust__Fear,Disgust → Fear,CheekRaiserL,0.06591063056174394,0.05435585069545593,0.02196382000111039,0.03879301793252424,0.11646234241003788,7
Disgust__Fear,Disgust → Fear,CheekRaiserR,0.04341314672968121,0.047898958754211615,0.006355852273767602,0.01376801008979475,0.08156677913854457,7
Disgust__Fear,Disgust → Fear,CheekSuckL,6.847683381448985e-21,1.8117267284223837e-20,1.401298464324817e-45,2.2887874917305345e-45,3.2140330102709473e-35,7
Disgust__Fear,Disgust → Fear,CheekSuckR,1.9225141982057882e-20,5.086494460443247e-20,1.401298464324817e-45,1.9151079012439167e-45,9.023520656569462e-35,7
Disgust__Fear,Disgust → Fear,ChinRaiserB,0.02477068645978448,0.02379708167868753,0.004262380255281974,0.0186460945148572,0.04375315101382389,7
Disgust__Fear,Disgust → Fear,ChinRaiserT,0.06310729476078494,0.04999187918531031,0.03594446088099797,0.049924109627803116,0.06657971983974367,7
Disgust__Fear,Disgust → Fear,DimplerL,0.047355233457702026,0.05218304224503867,0.014843526395010572,0.03378444234840568,0.0518690311048872,7
Disgust__Fear,Disgust → Fear,DimplerR,0.05033564426509529,0.05243850386413984,0.016168625129475044,0.038328746954599965,0.05662156603162134,7
Disgust__Fear,Disgust → Fear,EyesClosedL,0.010337083008929175,0.010060294803555251,0.0035490814712829596,0.00641688875669477,0.014954350086321684,7
Disgust__Fear,Disgust → Fear,EyesClosedR,0.009408602008933937,0.017653293029897644,9.130290963405951e-05,0.00265270958871798,0.007113977982082043,7
Disgust__Fear,Disgust → Fear,EyesLookDownL,0.013276579506168326,0.021320747840223708,2.780177617561339e-32,0.00336508367519455,0.015724016540661946,7
Disgust__Fear,Disgust → Fear,EyesLookDownR,0.010925304799402973,0.020436972225248692,1.5522124434344266e-28,0.0009139336226744315,0.009775944433351245,7
Disgust__Fear,Disgust → Fear,EyesLookLeftL,0.04845646089608113,0.0575713010354175,0.004741215853330972,0.033880552308013005,0.07070456814641751,7
Disgust__Fear,Disgust → Fear,EyesLookLeftR,0.1125428237774897,0.07938375986229668,0.06322570643387732,0.11688672179977094,0.15652909191946185,7
Disgust__Fear,Disgust → Fear,EyesLookRightL,0.0324645947892263,0.04519744840155759,0.0021357156433320216,0.011630054516717774,0.04282894125208256,7
Disgust__Fear,Disgust → Fear,EyesLookRightR,0.009868957310183233,0.016991937905462526,0.0,0.0,0.01495945849261867,7
Disgust__Fear,Disgust → Fear,EyesLookUpL,0.03689472007210409,0.060540160920575084,0.0,0.0,0.06329768613601722,7
Disgust__Fear,Disgust → Fear,EyesLookUpR,0.03673612461868849,0.06027370766085148,0.0,0.0,0.06308184939747052,7
Disgust__Fear,Disgust → Fear,InnerBrowRaiserL,0.06791827745318899,0.07766492173236017,0.005335794901732479,0.016218985304294574,0.13742330366124705,7
Disgust__Fear,Disgust → Fear,InnerBrowRaiserR,0.0589386472158574,0.06246977687595237,0.006778332778148533,0.027149357191713786,0.11470675629874066,7
Disgust__Fear,Disgust → Fear,JawDrop,0.15761194135550233,0.0714065046935548,0.09341201358474788,0.1560946333222091,0.21078636177505053,7
Disgust__Fear,Disgust → Fear,JawSidewaysLeft,0.005285370125164085,0.004529340437792861,0.0019428446551809937,0.004994473606348016,0.008149057913889588,7
Disgust__Fear,Disgust → Fear,JawSidewaysRight,0.00942644319731174,0.0036173649450589418,0.006623744117996424,0.009385484049562326,0.011901745433594079,7
Disgust__Fear,Disgust → Fear,JawThrust,0.08289652582819652,0.0731098262738626,0.029297000401222642,0.042520290018243596,0.1493718007123312,7
Disgust__Fear,Disgust → Fear,LidTightenerL,0.07365293554233895,0.07966671447327837,0.0005134085419735324,0.05574240772984917,0.13305381104970965,7
Disgust__Fear,Disgust → Fear,LidTightenerR,0.019198428205157055,0.045556669534402384,1.8659810624929614e-06,1.8549739046996894e-05,0.006192292166614817,7
Disgust__Fear,Disgust → Fear,LipCornerDepressorL,0.15886510030028317,0.12709501779100899,0.04776017595528774,0.19073603209108111,0.20380405883770433,7
Disgust__Fear,Disgust → Fear,LipCornerDepressorR,0.14545381078637076,0.12082631668808498,0.044441095038352266,0.18233869989247367,0.18303657443651292,7
Disgust__Fear,Disgust → Fear,LipCornerPullerL,0.05812370268421759,0.0609364162557356,0.006559555355248901,0.028846772286730448,0.10850191333053685,7
Disgust__Fear,Disgust → Fear,LipCornerPullerR,0.061205794432262185,0.06293407067774028,0.006778268278296302,0.037473470846695466,0.11116405514757757,7
Disgust__Fear,Disgust → Fear,LipFunnelerLB,0.0013870933798184066,0.002673732956438158,3.0101722277240196e-39,2.7581339975085917e-28,0.0013530694317452734,7
Disgust__Fear,Disgust → Fear,LipFunnelerLT,0.004785300477017474,0.0063393918075448,1.544343166000759e-07,5.917326639922245e-06,0.009114865172525844,7
Disgust__Fear,Disgust → Fear,LipFunnelerRB,0.0010556523832452008,0.0026522615626149377,1.4096665049443278e-39,3.684967573683708e-28,0.0001626719604781718,7
Disgust__Fear,Disgust → Fear,LipFunnelerRT,0.004662746587219526,0.006382883970686369,1.100128754189661e-06,5.845400854901743e-06,0.008272187425949241,7
Disgust__Fear,Disgust → Fear,LipPressorL,0.0006422224370906404,0.0016961165883331575,1.3082018425220864e-37,5.4016380612968805e-34,3.4540894066403815e-06,7
Disgust__Fear,Disgust → Fear,LipPressorR,0.0006427359548047904,0.001695892711365433,9.75522292648983e-23,3.7000679509411524e-17,5.251401406147304e-06,7
Disgust__Fear,Disgust → Fear,LipPuckerL,0.02546751666546703,0.033633441780340875,1.6637037664533358e-07,0.0016769825699876853,0.04697764662028658,7
Disgust__Fear,Disgust → Fear,LipPuckerR,0.026742181931792175,0.036199955928945565,2.0290209052351124e-07,2.3701847908751734e-05,0.04853743047097982,7
Disgust__Fear,Disgust → Fear,LipStretcherL,0.1077456285134931,0.10768739082226969,0.040784756450921084,0.07478780437959354,0.11920752308020985,7
Disgust__Fear,Disgust → Fear,LipStretcherR,0.11508680679003838,0.11879783305308322,0.043983485832237976,0.08014069252240001,0.12265759172538912,7
Disgust__Fear,Disgust → Fear,LipSuckLB,0.04890264938214854,0.04252385188213119,0.01033097709303359,0.05457140629490211,0.08132092528057909,7
Disgust__Fear,Disgust → Fear,LipSuckLT,0.01758235121484008,0.0182020620013134,0.005011165050026007,0.006761559224448622,0.028557442989264603,7
Disgust__Fear,Disgust → Fear,LipSuckRB,0.04055299506628859,0.036142964187803106,0.007610334260893011,0.046569998189806894,0.06583235062552753,7
Disgust__Fear,Disgust → Fear,LipSuckRT,0.014182756126819277,0.01561075067497149,0.0032140014594050255,0.005673282341179679,0.022227048861428927,7
Disgust__Fear,Disgust → Fear,LipTightenerL,0.015131554863256567,0.025993578952302025,1.5443719809126123e-07,1.9853316767293182e-06,0.018772013505280127,7
Disgust__Fear,Disgust → Fear,LipTightenerR,0.01257832541222499,0.02241820118260173,6.636734639669018e-14,1.294724807578946e-10,0.014177467164429951,7
Disgust__Fear,Disgust → Fear,LipsToward,0.04235726248118134,0.024440553970358953,0.030322406503061408,0.033329578737417806,0.04422748071762418,7
Disgust__Fear,Disgust → Fear,LowerLipDepressorL,0.25409799986277204,0.1926249522411457,0.1206264808308333,0.17737261532383852,0.37375191292867843,7
Disgust__Fear,Disgust → Fear,LowerLipDepressorR,0.24885572846973109,0.1881704154109063,0.11886480438212552,0.18009722460216526,0.3618667231003912,7
Disgust__Fear,Disgust → Fear,MouthLeft,0.002022542870313912,0.00263884624788907,2.026919570682501e-08,1.4228697425427984e-07,0.004149496599586626,7
Disgust__Fear,Disgust → Fear,MouthRight,0.0016056571545844964,0.0026959527641735367,2.1465969506769035e-06,0.0009898281011070601,0.001349843071004157,7
Disgust__Fear,Disgust → Fear,NoseWrinklerL,0.01909421211251671,0.03254680095522353,1.401298464324817e-45,0.0020226932663765075,0.022671304547443066,7
Disgust__Fear,Disgust → Fear,NoseWrinklerR,0.01887642395415026,0.031550250062994535,9.084690691373955e-08,0.0009502468282711456,0.02436460203100723,7
Disgust__Fear,Disgust → Fear,OuterBrowRaiserL,0.040329358971073426,0.03864872960350766,0.01753980141947973,0.02857171061138307,0.048248232264692534,7
Disgust__Fear,Disgust → Fear,OuterBrowRaiserR,0.03814959539588358,0.03517199729962242,0.012528837262652765,0.026902303444997666,0.054620920773595524,7
Disgust__Fear,Disgust → Fear,UpperLidRaiserL,2.8238478428886906e-24,7.471196612290643e-24,1.401298464324817e-45,1.401298464324817e-45,2.8577281464960145e-30,7
Disgust__Fear,Disgust → Fear,UpperLidRaiserR,0.00021475570163067854,0.0005681901791479638,1.401298464324817e-45,1.401298464324817e-45,3.086167274854126e-31,7
Disgust__Fear,Disgust → Fear,UpperLipRaiserL,0.10760564922749749,0.15193887493312708,0.024607011096997707,0.058851343082884894,0.09602038849529557,7
Disgust__Fear,Disgust → Fear,UpperLipRaiserR,0.12071048508056438,0.16148762014150067,0.033470884777451734,0.06703057646810434,0.10459741161515311,7
Disgust__Fear,Disgust → Fear,AU1,0.06342846233452319,0.07000891425464494,0.006057063839940506,0.021684171248004182,0.12606502997999386,7
Disgust__Fear,Disgust → Fear,AU2,0.0392394771834785,0.0366514476249086,0.013848313668616611,0.027737007028190368,0.05143457651914403,7
Disgust__Fear,Disgust → Fear,AU4,0.03177049661320038,0.03599516025609289,0.002715651796884899,0.035434576096160186,0.03985962073516776,7
Disgust__Fear,Disgust → Fear,AU5,0.00010737785081533927,0.0002840950895739819,1.401298464324817e-45,1.401298464324817e-45,1.5831724369907135e-30,7
Disgust__Fear,Disgust → Fear,AU6,0.05466188864571258,0.050749649553993234,0.014159836137438998,0.026280514011159495,0.10209713158043689,7
Disgust__Fear,Disgust → Fear,AU7,0.046425681873748,0.05798154632869221,0.0002663997446931162,0.027873057089535958,0.0696179999474432,7
Disgust__Fear,Disgust → Fear,AU8,0.04235726248118134,0.024440553970358953,0.030322406503061408,0.033329578737417806,0.04422748071762418,7
Disgust__Fear,Disgust → Fear,AU9,0.018985318033333483,0.032037643000117313,4.542345345686978e-08,0.0014864700473238267,0.023517953289225152,7
Disgust__Fear,Disgust → Fear,AU10,0.11415806715403094,0.15659403886090176,0.029038947937224724,0.06923032178724578,0.09716421904934877,7
Disgust__Fear,Disgust → Fear,AU12,0.05966474855823989,0.06191004404587348,0.006668911816772602,0.033160121566712955,0.10983298423905721,7
Disgust__Fear,Disgust → Fear,AU14,0.04884543886139865,0.05230090683942653,0.015506075762242808,0.03605659465150282,0.054245298568254274,7
Disgust__Fear,Disgust → Fear,AU15,0.15215945554332697,0.12392173566897037,0.04610063549682,0.1865373659917774,0.19342031663710862,7
Disgust__Fear,Disgust → Fear,AU16,0.25147686416625153,0.19037678023239532,0.11974564260647941,0.1787349199630019,0.36780931801453476,7
Disgust__Fear,Disgust → Fear,AU17,0.043938990610284716,0.0279848359497507,0.022878856948569705,0.0469226337212435,0.05862045513511201,7
Disgust__Fear,Disgust → Fear,AU18,0.026104849298629607,0.034904887577613786,1.846362335844224e-07,0.0008503422089482186,0.047757538545633194,7
Disgust__Fear,Disgust → Fear,AU20,0.11141621765176575,0.11322562826491486,0.04238412114157954,0.07746424845099678,0.12093255740279947,7
Disgust__Fear,Disgust → Fear,AU22,0.0029726982068251522,0.0037721504486193293,8.278259281691815e-07,2.940681873705997e-06,0.006483651507138957,7
Disgust__Fear,Disgust → Fear,AU23,0.013854940137740782,0.02419562244218205,7.721863222930381e-08,9.927305746050382e-07,0.01647474033485504,7
Disgust__Fear,Disgust → Fear,AU24,0.0006424791959477154,0.0016960045174962554,9.755220461083796e-23,1.8500339754705762e-17,4.352745406393843e-06,7
Disgust__Fear,Disgust → Fear,AU26,0.15761194135550233,0.0714065046935548,0.09341201358474788,0.1560946333222091,0.21078636177505053,7
Disgust__Fear,Disgust → Fear,AU28,0.030305187947524116,0.02708198790055455,0.007196073934532867,0.02528535269119955,0.049484441939200034,7
Disgust__Fear,Disgust → Fear,AU43,0.009872842508931556,0.013284850716334591,0.002925450824383966,0.005930450157097739,0.009231079908080725,7
Disgust__Fear,Fear: all,BrowLowererL,0.06675630180789535,0.09849841098540196,0.0001792049632906237,0.027902042315208424,0.092285033592816,54
Disgust__Fear,Fear: all,BrowLowererR,0.06361726683849464,0.09360588423911656,0.0004451910674622482,0.0332635527515473,0.06565890386700626,54
Disgust__Fear,Fear: all,CheekPuffL,0.0001668061940783621,0.0005402188686996755,4.125073880392028e-27,1.799318382092121e-12,1.0986525589663672e-07,54
Disgust__Fear,Fear: all,CheekPuffR,0.00015284663082023713,0.0005305110305176077,2.8097489820941085e-22,1.9952957581006875e-10,9.814376647098987e-08,54
Disgust__Fear,Fear: all,CheekRaiserL,0.09391164360504785,0.11518183695640362,0.00653929686583672,0.04635758862686615,0.1530732914494971,54
Disgust__Fear,Fear: all,CheekRaiserR,0.08332194912688201,0.10841682365952801,0.0036746688824260843,0.03764196652925113,0.1281211349414661,54
Disgust__Fear,Fear: all,CheekSuckL,2.9816738396887935e-10,1.888186757470434e-09,1.401298464324817e-45,1.401298464324817e-45,8.369711904564531e-33,54
Disgust__Fear,Fear: all,CheekSuckR,1.242019499051857e-09,5.7786094685767275e-09,0.0,1.401298464324817e-45,2.4430938076271027e-42,54
Disgust__Fear,Fear: all,ChinRaiserB,0.008004723760171032,0.021121899944622463,1.348976608168859e-13,9.273171442830782e-05,0.0025549623526753607,54
Disgust__Fear,Fear: all,ChinRaiserT,0.04993407872335829,0.06524475194884023,0.003782179944825585,0.02017510460440139,0.07008922328595751,54
Disgust__Fear,Fear: all,DimplerL,0.09110241199669565,0.11510451433579771,0.003380710621129552,0.049174306405954854,0.13344055650134878,54
Disgust__Fear,Fear: all,DimplerR,0.09266286655063309,0.11386128441588705,0.004300449512365661,0.051145029787827874,0.14236585367470977,54
Disgust__Fear,Fear: all,EyesClosedL,0.004800727607115374,0.013315312525899039,9.748366740153113e-20,1.9967348538632647e-10,9.363692243266783e-05,54
Disgust__Fear,Fear: all,EyesClosedR,0.009327611738396337,0.021561509580857577,1.4751711423957978e-21,1.1109092047188047e-07,0.003483203893255077,54
Disgust__Fear,Fear: all,EyesLookDownL,0.005430092082023683,0.01822493790096901,5.3569159305335516e-24,1.8228869922635657e-14,3.4234009954662445e-05,54
Disgust__Fear,Fear: all,EyesLookDownR,0.007603359133691111,0.01991673315132576,1.396248180038115e-23,9.658633413214506e-10,0.003286262464015947,54
Disgust__Fear,Fear: all,EyesLookLeftL,0.04182036352846166,0.06782276451040475,0.0,0.004164899097910757,0.059082654073912,54
Disgust__Fear,Fear: all,EyesLookLeftR,0.08152406460840547,0.0930593355888567,0.004631255251782312,0.05204728538325674,0.13482186222293724,54
Disgust__Fear,Fear: all,EyesLookRightL,0.08716889964771435,0.08433004899313754,0.005920521073373168,0.072377598825066,0.14648071325694517,54
Disgust__Fear,Fear: all,EyesLookRightR,0.04027761780735201,0.05820821799015277,0.0,0.005704429322698436,0.0681338186220576,54
Disgust__Fear,Fear: all,EyesLookUpL,0.046388334406677764,0.07050887338891124,0.0,0.0,0.08157111238688228,54
Disgust__Fear,Fear: all,EyesLookUpR,0.04636362778370694,0.07052723476023436,0.0,0.0,0.08133900910615917,54
Disgust__Fear,Fear: all,InnerBrowRaiserL,0.19252685401721106,0.18529192490556368,0.035683869906112345,0.1435338264952103,0.2883873161626096,54
Disgust__Fear,Fear: all,InnerBrowRaiserR,0.20316566116276855,0.1938839134207584,0.039562087975658224,0.14135603531807037,0.3176538108188879,54
Disgust__Fear,Fear: all,JawDrop,0.20471469390560035,0.21238064016300812,0.05123518075716023,0.11938226501470692,0.2732378841688235,54
Disgust__Fear,Fear: all,JawSidewaysLeft,0.0021341643582673225,0.0073655207986749105,1.49388470552434e-09,1.9402996370085055e-05,0.0018964680894015817,54
Disgust__Fear,Fear: all,JawSidewaysRight,0.005021357985150021,0.005800098904028013,0.0010310034859353798,0.0043592851424063914,0.00620330891083016,54
Disgust__Fear,Fear: all,JawThrust,0.029766742873695476,0.044499050224668234,0.00361915907740426,0.013818627145803935,0.038317886510103344,54
Disgust__Fear,Fear: all,LidTightenerL,0.09506143356547765,0.12812105802914991,3.963251412145214e-05,0.027363815333341198,0.16178761507211065,54
Disgust__Fear,Fear: all,LidTightenerR,0.1300746010557494,0.16702416391464087,0.003602150217393871,0.07531856420816133,0.18809409107392028,54
Disgust__Fear,Fear: all,LipCornerDepressorL,0.03281908991693611,0.04486052176734788,0.009882082731928631,0.015589181225151991,0.03396588806256959,54
Disgust__Fear,Fear: all,LipCornerDepressorR,0.027182726721615747,0.044423925303963156,0.004134467135130203,0.008616496649725938,0.02754429067549729,54
Disgust__Fear,Fear: all,LipCornerPullerL,0.05012560611577572,0.08104089086360218,0.00021649379213267537,0.014483774022152247,0.0744437747107739,54
Disgust__Fear,Fear: all,LipCornerPullerR,0.05079379094671078,0.08378942669609073,8.506217261474163e-05,0.011644977244935382,0.06686222280065215,54
Disgust__Fear,Fear: all,LipFunnelerLB,2.832846168916966e-06,2.071213159283122e-05,1.401298464324817e-45,1.401298464324817e-45,1.6472864688811993e-14,54
Disgust__Fear,Fear: all,LipFunnelerLT,0.00041981976900909787,0.0012286527476927233,5.768876610604477e-23,6.428864910425822e-12,9.33331551883224e-08,54
Disgust__Fear,Fear: all,LipFunnelerRB,5.9505893416903475e-06,3.0567714865732115e-05,1.401298464324817e-45,1.5464094121996362e-29,9.114204657830605e-14,54
Disgust__Fear,Fear: all,LipFunnelerRT,0.0006229301079729737,0.0018295428963873205,2.2127534777994514e-23,1.3165352652020902e-13,3.169998408205273e-07,54
Disgust__Fear,Fear: all,LipPressorL,9.522745256642185e-05,0.00032426665629180235,6.322525524172567e-31,1.6907242528807978e-15,1.6772780602738666e-08,54
Disgust__Fear,Fear: all,LipPressorR,5.488069975873377e-05,0.00028512766310862577,2.0875971091979353e-30,7.760347536376388e-16,1.1647605492265433e-09,54
Disgust__Fear,Fear: all,LipPuckerL,0.003269350054805418,0.005117392336127254,8.631964635519137e-12,0.00011912813709250475,0.005557259169245911,54
Disgust__Fear,Fear: all,LipPuckerR,0.0026853359461595843,0.005298694279690679,2.764941992735514e-15,2.7317642704079854e-08,0.005091353649710343,54
Disgust__Fear,Fear: all,LipStretcherL,0.07107840856589692,0.13019929848832748,0.0013820729928148239,0.012112719507054143,0.05320468804590795,54
Disgust__Fear,Fear: all,LipStretcherR,0.0774836073577629,0.14067225614557494,0.0022966348788028617,0.014543486162579333,0.052465564988405426,54
Disgust__Fear,Fear: all,LipSuckLB,0.05930284109455375,0.049856320813104274,0.027384292031638283,0.04857142785209964,0.06984988667536522,54
Disgust__Fear,Fear: all,LipSuckLT,0.027449423761796845,0.042891433129059534,0.0021717001404873014,0.006313426726559657,0.0359573970036611,54
Disgust__Fear,Fear: all,LipSuckRB,0.04590828259281145,0.04084481196580578,0.01645137337870626,0.03525686108817652,0.06093504316619748,54
Disgust__Fear,Fear: all,LipSuckRT,0.022890749095721082,0.03833466019257421,0.0017669288141026274,0.005588796981891386,0.021857121416804046,54
Disgust__Fear,Fear: all,LipTightenerL,0.001482832862651591,0.005987163975951683,9.28593095463116e-27,6.891433512623617e-14,1.8097473128094587e-07,54
Disgust__Fear,Fear: all,LipTightenerR,0.0017648221696622943,0.006542405968178349,4.464371347881827e-33,9.498982512798128e-15,1.6578828031360098e-09,54
Disgust__Fear,Fear: all,LipsToward,0.03406544003709882,0.02570874610323866,0.017930939902240983,0.026677706992874493,0.03574297134764489,54
Disgust__Fear,Fear: all,LowerLipDepressorL,0.05232198051772032,0.09420709794124013,1.0910990376274296e-05,0.015599952815039862,0.051802394740909655,54
Disgust__Fear,Fear: all,LowerLipDepressorR,0.051843893470766074,0.09590191692026927,3.0506904203787747e-05,0.014266524596937988,0.04883588658025368,54
Disgust__Fear,Fear: all,MouthLeft,0.004999696337063135,0.024215801707922976,1.1688597467618642e-06,0.0005663630068132178,0.0031974173384232323,54
Disgust__Fear,Fear: all,MouthRight,0.0006011796825310361,0.0017853332983872952,8.967966673685446e-31,1.9444917457816258e-12,2.1954460102655286e-05,54
Disgust__Fear,Fear: all,NoseWrinklerL,0.01409529606911539,0.037200955753535006,1.2102982573639554e-24,3.283229684238471e-10,0.0074250173896870325,54
Disgust__Fear,Fear: all,NoseWrinklerR,0.012665004856558337,0.03779876690102974,1.0552285739338513e-17,7.490075984183255e-09,0.0030184343552425007,54
Disgust__Fear,Fear: all,OuterBrowRaiserL,0.19099858513603002,0.1873422670677009,0.04098184733496353,0.13773373380924261,0.27734676251808804,54
Disgust__Fear,Fear: all,OuterBrowRaiserR,0.20069617813279594,0.19116925443192462,0.0566753218513137,0.14410268793095987,0.29811738850518543,54
Disgust__Fear,Fear: all,UpperLidRaiserL,0.2216262090418408,0.23071451205521956,0.029301060063668734,0.14609286993948695,0.3549957208369646,54
Disgust__Fear,Fear: all,UpperLidRaiserR,0.2799247355985454,0.2741786250689359,0.016391460785719857,0.1807303010387451,0.4582825815305114,54
Disgust__Fear,Fear: all,UpperLipRaiserL,0.12005821189822165,0.1629029089786266,0.0046733461895287435,0.06031130056052677,0.1625860305037349,54
Disgust__Fear,Fear: all,UpperLipRaiserR,0.13358314127658028,0.18587250776839376,0.0025099457351155387,0.060837762771795145,0.19219127662945534,54
Disgust__Fear,Fear: all,AU1,0.19784625758998978,0.18931544373169668,0.037076119823037317,0.1402715070173144,0.2972284005479322,54
Disgust__Fear,Fear: all,AU2,0.19584738163441298,0.18871033534301027,0.04844519113244128,0.14224877896873897,0.2880945988803129,54
Disgust__Fear,Fear: all,AU4,0.06518678432319498,0.09423009244708098,0.0006248841784391266,0.03160169692127961,0.07473568868202465,54
Disgust__Fear,Fear: all,AU5,0.25077547232019315,0.24166355826284577,0.03321528643546089,0.1737961538590219,0.4332662214622663,54
Disgust__Fear,Fear: all,AU6,0.08861679636596492,0.11140688467749131,0.004888095213432047,0.04199977757805864,0.1397466730015973,54
Disgust__Fear,Fear: all,AU7,0.11256801731061351,0.1422968127064943,0.003926651097316949,0.0692711975373828,0.16671985690374963,54
Disgust__Fear,Fear: all,AU8,0.03406544003709882,0.02570874610323866,0.017930939902240983,0.026677706992874493,0.03574297134764489,54
Disgust__Fear,Fear: all,AU9,0.013380150462836863,0.03741804316366407,8.877157947444876e-17,3.8499142376162866e-07,0.004924562189224672,54
Disgust__Fear,Fear: all,AU10,0.12682067658740093,0.17414157110112305,0.00355211078226102,0.0602234768060346,0.17738865356659514,54
Disgust__Fear,Fear: all,AU12,0.05045969853124325,0.0823705207666641,0.0002616350638177025,0.013102239113578922,0.07138482347751653,54
Disgust__Fear,Fear: all,AU14,0.09188263927366437,0.11445093054184191,0.0038405800667476063,0.04994190595558996,0.13474420206621288,54
Disgust__Fear,Fear: all,AU15,0.030000908319275932,0.044466290876098734,0.006221731506104184,0.012696031109438335,0.03101546585809648,54
Disgust__Fear,Fear: all,AU16,0.05208293699424319,0.09502328455086265,1.713014637964308e-05,0.014933238705988925,0.04932897622833894,54
Disgust__Fear,Fear: all,AU17,0.028969401241764652,0.03534428470660092,0.002324031429441439,0.013330244872615037,0.04700936862644161,54
Disgust__Fear,Fear: all,AU18,0.002977343000482502,0.005142154936720697,3.750889211747238e-11,0.0002104946327122961,0.004942042113803404,54
Disgust__Fear,Fear: all,AU20,0.0742810079618299,0.13540525493260436,0.002051791061237918,0.013785472807163942,0.052747608598137825,54
Disgust__Fear,Fear: all,AU22,0.0002628833281231697,0.0007540366996965844,6.788080581885423e-18,1.1686084029905497e-10,6.38618710504303e-07,54
Disgust__Fear,Fear: all,AU23,0.0016238275161569425,0.006161067432361275,6.305979202724039e-26,3.687929041792493e-13,5.813200059855159e-07,54
Disgust__Fear,Fear: all,AU24,7.505407616257781e-05,0.0002934822001492171,5.443182465729926e-27,1.071263462680276e-14,2.7915101716688167e-08,54
Disgust__Fear,Fear: all,AU26,0.20471469390560035,0.21238064016300812,0.05123518075716023,0.11938226501470692,0.2732378841688235,54
Disgust__Fear,Fear: all,AU28,0.03888782413622078,0.0364327825407663,0.015273835059518449,0.026503974541095,0.04951270013027307,54
Disgust__Fear,Fear: all,AU43,0.007064169672755855,0.01652721290544948,5.991528748180372e-14,3.3354959007979953e-06,0.004677942380415794,54
Disgust__Fear,Fear: correct,BrowLowererL,0.04345572338823085,0.08656003666370099,7.837155327668673e-07,0.0017953374438850899,0.03407384250313039,33
Disgust__Fear,Fear: correct,BrowLowererR,0.046749502496631665,0.08501882313656707,1.0391163908588889e-07,0.0038563713187613293,0.058574155997484875,33
Disgust__Fear,Fear: correct,CheekPuffL,9.817972402605541e-05,0.0003857044934160758,1.2205560592153122e-36,1.9213719634647117e-16,1.1023229593912221e-07,33
Disgust__Fear,Fear: correct,CheekPuffR,0.0001096511584566191,0.0004079859584077588,2.5951589898559354e-32,8.431419063817516e-12,8.334483859728792e-08,33
Disgust__Fear,Fear: correct,CheekRaiserL,0.06352058604045843,0.09445791771487157,0.0007778015385409006,0.02127639620957775,0.09454470795268809,33
Disgust__Fear,Fear: correct,CheekRaiserR,0.05251000625174728,0.08308596849893159,1.0454802613487265e-06,0.010533970637091699,0.08673336748033757,33
Disgust__Fear,Fear: correct,CheekSuckL,4.787492417071824e-10,2.41160215643299e-09,1.401298464324817e-45,1.401298464324817e-45,2.334631526778096e-19,33
Disgust__Fear,Fear: correct,CheekSuckR,1.443494598919296e-09,6.630099890362614e-09,0.0,1.401298464324817e-45,1.1204915257940456e-18,33
Disgust__Fear,Fear: correct,ChinRaiserB,0.00876074528389746,0.021971265645485745,2.6054619916939174e-15,0.0004781887866573735,0.003861231893744214,33
Disgust__Fear,Fear: correct,ChinRaiserT,0.04386433633227038,0.06076779265428304,0.0035967779587830415,0.01142102193552995,0.06582700237631794,33
Disgust__Fear,Fear: correct,DimplerL,0.07451366063939736,0.10486902193798497,0.0003871537536494544,0.0504812937850753,0.10335788552959756,33
Disgust__Fear,Fear: correct,DimplerR,0.07616677234245266,0.10431386700938677,0.0014143922004525927,0.053856958324710484,0.1016349318126837,33
Disgust__Fear,Fear: correct,EyesClosedL,0.003235995608610324,0.01020171015990264,5.753128051742755e-25,5.389854986692864e-15,3.641754335353641e-05,33
Disgust__Fear,Fear: correct,EyesClosedR,0.0030134361372180967,0.011244638921086837,5.283948200549707e-24,1.894780629575927e-15,0.0001447351821606473,33
Disgust__Fear,Fear: correct,EyesLookDownL,0.0062430345150807426,0.021836889095848123,6.388740695517057e-27,2.2476085429841864e-18,3.034109437696312e-07,33
Disgust__Fear,Fear: correct,EyesLookDownR,0.005960628187650132,0.022320472950302088,2.731817889637074e-27,1.936889856273776e-18,1.2469865851016948e-07,33
Disgust__Fear,Fear: correct,EyesLookLeftL,0.03262345663270668,0.06949978797379466,0.0,0.0,0.026275274483486995,33
Disgust__Fear,Fear: correct,EyesLookLeftR,0.07058599235818043,0.09382716628352449,0.0,0.046930138510651837,0.08373008916775383,33
Disgust__Fear,Fear: correct,EyesLookRightL,0.09732394151332564,0.0919298046236612,0.012553889226789258,0.07408130516608552,0.15737493832906085,33
Disgust__Fear,Fear: correct,EyesLookRightR,0.04895663058157124,0.06448828544409779,0.0,0.017940672114491442,0.08836621766289073,33
Disgust__Fear,Fear: correct,EyesLookUpL,0.051928626458546255,0.07056206175641144,0.0,0.00047458419576287006,0.10069202333688733,33
Disgust__Fear,Fear: correct,EyesLookUpR,0.051925939664649146,0.07059079128690707,0.0,0.0004748150783901367,0.09963193386793133,33
Disgust__Fear,Fear: correct,InnerBrowRaiserL,0.24244784837996844,0.1955381565920242,0.09900262742691358,0.16808225382119416,0.36697500937928756,33
Disgust__Fear,Fear: correct,InnerBrowRaiserR,0.2540996504143313,0.20521228505528818,0.10864833022157346,0.1598939165472984,0.39457275681197646,33
Disgust__Fear,Fear: correct,JawDrop,0.2488203237230044,0.21524762143091258,0.06100224833935494,0.2152447334801157,0.3317884167035421,33
Disgust__Fear,Fear: correct,JawSidewaysLeft,0.0008595912879629647,0.001388617172887433,1.2527721535098765e-09,2.6048270448744283e-05,0.0010116675321720729,33
Disgust__Fear,Fear: correct,JawSidewaysRight,0.005941570585164876,0.006982624260776014,0.000286036345434307,0.004362183002700669,0.007623895258681493,33
Disgust__Fear,Fear: correct,JawThrust,0.03429902658905681,0.05384922762306654,0.0030302253820028474,0.006380694898931896,0.0501107144599757,33
Disgust__Fear,Fear: correct,LidTightenerL,0.058707629018927086,0.09864978611796119,9.71386372726942e-07,0.0011528387534179496,0.06328974947876603,33
Disgust__Fear,Fear: correct,LidTightenerR,0.08617964988588568,0.14169894466296915,0.00028616851595867135,0.007067326950830899,0.12670465906461076,33
Disgust__Fear,Fear: correct,LipCornerDepressorL,0.038211939080122055,0.05078764977778993,0.010860053667177707,0.018181926788141293,0.039500452430608596,33
Disgust__Fear,Fear: correct,LipCornerDepressorR,0.03474891568108556,0.04990294856657818,0.005339268847334654,0.015170946800839925,0.03267409172840411,33
Disgust__Fear,Fear: correct,LipCornerPullerL,0.036914159466179056,0.07291543481133746,8.24275840281706e-05,0.009807159368847301,0.024666394945234003,33
Disgust__Fear,Fear: correct,LipCornerPullerR,0.036303894729555856,0.0738435585125478,1.2362298309466965e-06,0.007869190033640398,0.025439402973279308,33
Disgust__Fear,Fear: correct,LipFunnelerLB,2.2869219483540714e-08,9.679820980693844e-08,1.401298464324817e-45,2.849306877460461e-45,1.0896729248465618e-13,33
Disgust__Fear,Fear: correct,LipFunnelerLT,0.0003142231504734636,0.001065624664125341,1.9613513754412695e-23,1.5216492328654268e-10,1.088721834758416e-07,33
Disgust__Fear,Fear: correct,LipFunnelerRB,4.942101494691287e-08,1.4775165474604476e-07,1.401298464324817e-45,8.687579874221889e-27,3.6300028076761817e-13,33
Disgust__Fear,Fear: correct,LipFunnelerRT,0.0003659942294027165,0.0012032096304126823,1.6380997658866418e-30,8.389028352125763e-13,3.1955280578264503e-07,33
Disgust__Fear,Fear: correct,LipPressorL,0.00012491519230769605,0.0003817734547188865,7.041744247396135e-33,2.7394296590483633e-15,2.0103267001341658e-08,33
Disgust__Fear,Fear: correct,LipPressorR,8.971170702381159e-05,0.00036253562821787554,1.9125277912598584e-30,2.717852554232027e-15,2.709565725934025e-09,33
Disgust__Fear,Fear: correct,LipPuckerL,0.004395021893843386,0.005955036707190079,5.023843736673966e-09,0.0026999467417944383,0.006493169638055933,33
Disgust__Fear,Fear: correct,LipPuckerR,0.0036815407827129544,0.00625463758857499,4.2025823598418506e-16,3.882886028814437e-05,0.005520207035681915,33
Disgust__Fear,Fear: correct,LipStretcherL,0.07570919566701599,0.13402670097086516,1.9916298441756077e-05,0.004991720586379685,0.09113303987930214,33
Disgust__Fear,Fear: correct,LipStretcherR,0.08317420189712081,0.1469804263657115,0.0014660758645052075,0.005776823432051935,0.10846666426708297,33
Disgust__Fear,Fear: correct,LipSuckLB,0.04769871249479792,0.03457144732674057,0.026727496491124193,0.0397963691877214,0.0605752716461817,33
Disgust__Fear,Fear: correct,LipSuckLT,0.019092840778349704,0.030800125260649156,0.0014468446985602995,0.0047200062199711295,0.022153978981077627,33
Disgust__Fear,Fear: correct,LipSuckRB,0.03586009659282282,0.027671886437440216,0.015215816719318287,0.03313497575505072,0.046936449222266634,33
Disgust__Fear,Fear: correct,LipSuckRT,0.014187538284342651,0.0244043651813977,0.0015480952080183577,0.0036600205930101587,0.01180655910427178,33
Disgust__Fear,Fear: correct,LipTightenerL,0.001459683769634523,0.006136767743631724,7.40132468149728e-34,1.2563235523784388e-11,9.379916347575697e-07,33
Disgust__Fear,Fear: correct,LipTightenerR,0.001390005647482305,0.0063075766302589445,1.1011058379692443e-38,1.899085257683706e-14,4.8804502090918714e-09,33
Disgust__Fear,Fear: correct,LipsToward,0.03881265294398638,0.03099680972853247,0.018010156756887788,0.02637209954361116,0.052232310300072,33
Disgust__Fear,Fear: correct,LowerLipDepressorL,0.051938074111461195,0.08379638560061756,1.25471103052311e-13,0.007888434148729377,0.05517288219804561,33
Disgust__Fear,Fear: correct,LowerLipDepressorR,0.05235391512268718,0.08680673728234178,8.934394006797794e-10,0.006345650392086835,0.0539689551107585,33
Disgust__Fear,Fear: correct,MouthLeft,0.0014323435632085445,0.0018016777773802116,5.93168373046457e-09,0.0003824292041715507,0.0028895337287697643,33
Disgust__Fear,Fear: correct,MouthRight,0.0009256617942857394,0.002225138148673485,7.706998415437368e-25,1.481545857243384e-09,0.0002888073415720649,33
Disgust__Fear,Fear: correct,NoseWrinklerL,0.004686492965945049,0.015921014337922677,3.242742776723258e-30,4.647524483265398e-17,0.001562964053649796,33
Disgust__Fear,Fear: correct,NoseWrinklerR,0.003268239147956739,0.014277239680734391,3.487500919622528e-19,4.563413371876062e-11,1.8288719400075747e-05,33
Disgust__Fear,Fear: correct,OuterBrowRaiserL,0.2503124271250901,0.2033910935427647,0.08904168878992395,0.19837983709876422,0.38175459190194183,33
Disgust__Fear,Fear: correct,OuterBrowRaiserR,0.260883637971358,0.20872222382515837,0.08536326896137322,0.21692272946238514,0.38813746174176533,33
Disgust__Fear,Fear: correct,UpperLidRaiserL,0.29830145803169295,0.2525698172249581,0.0774576455714739,0.26257798771063484,0.5073632127719369,33
Disgust__Fear,Fear: correct,UpperLidRaiserR,0.39541919596230585,0.2868480728454243,0.11576623212974188,0.4316372886300087,0.6844719707965851,33
Disgust__Fear,Fear: correct,UpperLipRaiserL,0.09505058301952465,0.14814235513177315,0.003094951337731889,0.03656276346494794,0.0915162152300278,33
Disgust__Fear,Fear: correct,UpperLipRaiserR,0.10164539394867593,0.1667399299652794,0.001973546727291828,0.05072090318814537,0.08286727956712805,33
Disgust__Fear,Fear: correct,AU1,0.24827374939714986,0.20018083762370356,0.10382547882424352,0.17429927097012596,0.380773883095632,33
Disgust__Fear,Fear: correct,AU2,0.255598032548224,0.20546958929077136,0.08629019993046916,0.20642893966287368,0.3562449480096499,33
Disgust__Fear,Fear: correct,AU4,0.045102612942431265,0.08491978999008414,5.234991103775233e-07,0.005316122151452827,0.05319709604082159,33
Disgust__Fear,Fear: correct,AU5,0.3468603269969995,0.25460191621988143,0.12984857012576567,0.35569089231022666,0.5335522758225124,33
Disgust__Fear,Fear: correct,AU6,0.058015296146102846,0.0883717349524981,0.0003923300457889944,0.016616502300894308,0.09063903771651283,33
Disgust__Fear,Fear: correct,AU7,0.0724436394524064,0.11343897848645879,0.0028227039360774497,0.014980385100055012,0.09961484892034297,33
Disgust__Fear,Fear: correct,AU8,0.03881265294398638,0.03099680972853247,0.018010156756887788,0.02637209954361116,0.052232310300072,33
Disgust__Fear,Fear: correct,AU9,0.003977366056950894,0.015016805091822624,1.141329809244311e-17,1.4938664421468875e-08,0.0016359278328194398,33
Disgust__Fear,Fear: correct,AU10,0.09834798848410028,0.15709050340178193,0.00241159500772212,0.043641833326546656,0.089466400607489,33
Disgust__Fear,Fear: correct,AU12,0.03660902709786745,0.07333281028442398,7.976366856658575e-05,0.008838174701243848,0.025052898959256657,33
Disgust__Fear,Fear: correct,AU14,0.07534021649092501,0.10454639174367879,0.0009015922505148607,0.05216912605489289,0.10249640867114063,33
Disgust__Fear,Fear: correct,AU15,0.0364804273806038,0.05030099713653275,0.008103325095786762,0.016676436794490608,0.036941329953359955,33
Disgust__Fear,Fear: correct,AU16,0.05214599461707419,0.08527094133770426,8.634220138819648e-10,0.006984937799826792,0.054570918654402056,33
Disgust__Fear,Fear: correct,AU17,0.02631254080808392,0.033486202032205745,0.0035441037389835565,0.009679686067533989,0.04703987068688347,33
Disgust__Fear,Fear: correct,AU18,0.0040382813382781714,0.0060548466205981415,5.131665353870251e-09,0.0013693878010412914,0.006134806845998845,33
Disgust__Fear,Fear: correct,AU20,0.0794416987820684,0.14047557895783094,0.0008810351292292233,0.004117265919477093,0.09979985207319256,33
Disgust__Fear,Fear: correct,AU22,0.00017007241752765265,0.0005664563774628826,2.7152036866714968e-17,2.1095662494677877e-09,7.182065364361281e-07,33
Disgust__Fear,Fear: correct,AU23,0.0014248447085584137,0.006219611409454541,1.8238912873232885e-33,2.6649548509257215e-11,1.7524377487878004e-06,33
Disgust__Fear,Fear: correct,AU24,0.0001073134496657538,0.0003652152496238636,9.562638956299299e-31,1.8696628146965323e-14,1.4969228320807813e-08,33
Disgust__Fear,Fear: correct,AU26,0.2488203237230044,0.21524762143091258,0.06100224833935494,0.2152447334801157,0.3317884167035421,33
Disgust__Fear,Fear: correct,AU28,0.029209797037578273,0.023849999088504676,0.013581633519555325,0.0236929405302826,0.03982901244874783,33
Disgust__Fear,Fear: correct,AU43,0.0031247158729142102,0.010549493184689857,3.2646614674613346e-18,4.0179908768357195e-08,0.0009300823596011652,33
Disgust__Fear,Fear → Disgust,BrowLowererL,0.2523187174772223,0.20025241971558852,0.15791223511720695,0.273511888521413,0.35732178535933296,3
Disgust__Fear,Fear → Disgust,BrowLowererR,0.2345780182836784,0.17459233817968964,0.15350125168139733,0.25724207442253827,0.32698681295538945,3
Disgust__Fear,Fear → Disgust,CheekPuffL,0.00036261689137016324,0.000628070879535807,1.1378044183501763e-23,2.2756088367003525e-23,0.0005439253370552448,3
Disgust__Fear,Fear → Disgust,CheekPuffR,9.131015951878766e-07,1.5815268112998812e-06,6.664961387959428e-12,1.3329922775853937e-11,1.3696523927818149e-06,3
Disgust__Fear,Fear → Disgust,CheekRaiserL,0.23726213789648476,0.1231485896389346,0.1882898020247618,0.2775686129927635,0.3063877113163471,3
Disgust__Fear,Fear → Disgust,CheekRaiserR,0.21397488957477936,0.11425707505310276,0.1732339948415756,0.26309620986382165,0.2792764444525043,3
Disgust__Fear,Fear → Disgust,CheekSuckL,8.553939741575623e-20,1.4815858237291571e-19,1.401298464324817e-45,1.401298464324817e-45,1.2830909612363435e-19,3
Disgust__Fear,Fear → Disgust,CheekSuckR,9.341989762165447e-46,8.090400455929424e-46,7.006492321624085e-46,1.401298464324817e-45,1.401298464324817e-45,3
Disgust__Fear,Fear → Disgust,ChinRaiserB,0.001614945426191195,0.002670505062394862,7.37161228154926e-05,0.00014743173530515604,0.002422417884123878,3
Disgust__Fear,Fear → Disgust,ChinRaiserT,0.08831072593094941,0.13179730092977943,0.012426164910624963,0.022179560659429873,0.13112970431551407,3
Disgust__Fear,Fear → Disgust,DimplerL,0.08721001194264516,0.1264024019922166,0.014245921443095185,0.016754251987974044,0.12494622246485956,3
Disgust__Fear,Fear → Disgust,DimplerR,0.0934641950429876,0.12419166595107717,0.02178770660381507,0.025106276595761257,0.13096172425854696,3
Disgust__Fear,Fear → Disgust,EyesClosedL,0.01707061986865784,0.016999902638009646,0.008606474025873445,0.01721294805174689,0.02560592980298676,3
Disgust__Fear,Fear → Disgust,EyesClosedR,0.056033505305836374,0.05313855111818165,0.03119235987034967,0.06237662024796003,0.0840462082123849,3
Disgust__Fear,Fear → Disgust,EyesLookDownL,0.003270991108712024,0.005665522791395278,3.3245329391794374e-19,6.649065878358875e-19,0.004906486663068036,3
Disgust__Fear,Fear → Disgust,EyesLookDownR,0.009806052998707545,0.0169780011845341,3.7996899967150546e-06,7.599379993430109e-06,0.014709079498061316,3
Disgust__Fear,Fear → Disgust,EyesLookLeftL,0.11529719009995458,0.011717174938552493,0.1096516771862904,0.11610742968817549,0.12134782280772921,3
Disgust__Fear,Fear → Disgust,EyesLookLeftR,0.1800169208242247,0.043783035634971455,0.16575296705899137,0.20189951707919435,0.20522217271694287,3
Disgust__Fear,Fear → Disgust,EyesLookRightL,0.032982701684037836,0.05383870952344891,0.0019186527157823232,0.0038373054315646465,0.04947405252605675,3
Disgust__Fear,Fear → Disgust,EyesLookRightR,0.012087045366772338,0.020935376688639682,0.0,0.0,0.018130568050158506,3
Disgust__Fear,Fear → Disgust,EyesLookUpL,0.07837092610489987,0.016715719592280687,0.06878286853122212,0.0706862175216277,0.08411662938694155,3
Disgust__Fear,Fear → Disgust,EyesLookUpR,0.07798983832407325,0.01693159642864018,0.0682769686138878,0.07018993583818274,0.08380275679131345,3
Disgust__Fear,Fear → Disgust,InnerBrowRaiserL,0.1430154545465484,0.20339661578444798,0.025600332025593718,0.028954482101835263,0.20340009084514651,3
Disgust__Fear,Fear → Disgust,InnerBrowRaiserR,0.1374011196299559,0.20228746394124777,0.020704708139722493,0.02883248173942164,0.1998132121749222,3
Disgust__Fear,Fear → Disgust,JawDrop,0.16116912489136057,0.22569332449508625,0.030979285513361245,0.04042882993817325,0.23098881679276623,3
Disgust__Fear,Fear → Disgust,JawSidewaysLeft,0.020552799547688877,0.028592640255306938,0.004150621945624652,0.007382461437373373,0.03036980809459535,3
Disgust__Fear,Fear → Disgust,JawSidewaysRight,0.0020238298714661453,0.0026897383915835357,0.0004977281608448736,0.0009954563212646642,0.003035744806986677,3
Disgust__Fear,Fear → Disgust,JawThrust,0.027882803981709763,0.027408127838580293,0.012190610581698465,0.015721994234869825,0.03749459250830109,3
Disgust__Fear,Fear → Disgust,LidTightenerL,0.3632194923678778,0.13651428726619508,0.2878462500870228,0.3277558187643687,0.42086089784697833,3
Disgust__Fear,Fear → Disgust,LidTightenerR,0.4107446916815307,0.20981602387029868,0.31961177779982486,0.45784035623073577,0.5254254378378391,3
Disgust__Fear,Fear → Disgust,LipCornerDepressorL,0.04031654441625703,0.012964233778903605,0.03361971556053802,0.03941012204935149,0.04656016208852326,3
Disgust__Fear,Fear → Disgust,LipCornerDepressorR,0.011059956248411329,0.009462640743229325,0.005617137107340707,0.0064348957686885715,0.01419024514962057,3
Disgust__Fear,Fear → Disgust,LipCornerPullerL,0.0867390592819352,0.02582349522636153,0.07251383710790166,0.08024572355326992,0.09771761359163611,3
Disgust__Fear,Fear → Disgust,LipCornerPullerR,0.0893471208709604,0.023545821702481064,0.07733428664477565,0.08835613590919775,0.1008644626162638,3
Disgust__Fear,Fear → Disgust,LipFunnelerLB,1.3566319814286775e-23,2.349755519007307e-23,1.401298464324817e-45,1.401298464324817e-45,2.0349479721430162e-23,3
Disgust__Fear,Fear → Disgust,LipFunnelerLT,2.958338029764018e-07,5.123892496361331e-07,5.731787103514477e-12,1.1383136752162397e-11,4.4375066424587536e-07,3
Disgust__Fear,Fear → Disgust,LipFunnelerRB,1.341030679535521e-23,2.3227332714641395e-23,1.401298464324817e-45,1.401298464324817e-45,2.0115460193032815e-23,3
Disgust__Fear,Fear → Disgust,LipFunnelerRT,1.0311373641374239e-07,1.785980023962719e-07,1.3165352652020902e-13,1.581195215592864e-13,1.5467055202684786e-07,3
Disgust__Fear,Fear → Disgust,LipPressorL,7.821670152252122e-07,1.3547512488970393e-06,1.016989745191963e-12,2.033979490383926e-12,1.1732505228378182e-06,3
Disgust__Fear,Fear → Disgust,LipPressorR,9.28245710703243e-07,1.6077585361013753e-06,5.887099418278548e-12,1.1774198836557096e-11,1.3923685660548646e-06,3
Disgust__Fear,Fear → Disgust,LipPuckerL,0.0010943330148072304,0.0018954403679353332,8.146882502237319e-12,1.6167930512684487e-11,0.0016414995221479284,3
Disgust__Fear,Fear → Disgust,LipPuckerR,0.00017020700413071963,0.0002948069978647016,1.0455455726575295e-10,1.9788755294606718e-10,0.00025531050058529866,3
Disgust__Fear,Fear → Disgust,LipStretcherL,0.09040264909336754,0.12784027335585743,0.016664437575188106,0.02224690817529331,0.13006299015250986,3
Disgust__Fear,Fear → Disgust,LipStretcherR,0.1006838505971245,0.12902104629026195,0.02639410503325047,0.035856213571969366,0.14255977764842095,3
Disgust__Fear,Fear → Disgust,LipSuckLB,0.04448384539619682,0.007916636257740967,0.041405510847800954,0.04725740787883595,0.04894896118591224,3
Disgust__Fear,Fear → Disgust,LipSuckLT,0.02675898361409489,0.03533538771299987,0.006391502803138673,0.0084130866065,0.037953515921253664,3
Disgust__Fear,Fear → Disgust,LipSuckRB,0.032907670489323304,0.013502759383605994,0.025137948433119322,0.026241926910976522,0.03734452075635389,3
Disgust__Fear,Fear → Disgust,LipSuckRT,0.023718272059140247,0.022898701763572425,0.01084449777475644,0.016054905578494025,0.03276036310320094,3
Disgust__Fear,Fear → Disgust,LipTightenerL,3.8061054777552946e-11,6.592368066438174e-11,1.2205114637789737e-24,2.441022927204099e-24,5.709158216632942e-11,3
Disgust__Fear,Fear → Disgust,LipTightenerR,0.005639287957184024,0.009767533250978637,5.412887226409614e-12,1.0825774452819229e-11,0.008458931935776036,3
Disgust__Fear,Fear → Disgust,LipsToward,0.024183701553071497,0.009873127107800379,0.018486606321918425,0.01881517392272746,0.027196532969052552,3
Disgust__Fear,Fear → Disgust,LowerLipDepressorL,0.056033254660898535,0.059215810706665394,0.025052933826149655,0.050096324183201986,0.08404511025679914,3
Disgust__Fear,Fear → Disgust,LowerLipDepressorR,0.05096807423798027,0.05606351074641872,0.02094127097826873,0.041876659563664924,0.07644917016053414,3
Disgust__Fear,Fear → Disgust,MouthLeft,0.060204375092651474,0.10277291173652663,0.0008705192125827576,0.0017377135469728625,0.09030490019988088,3
Disgust__Fear,Fear → Disgust,MouthRight,2.5887548198261925e-28,4.483854876277781e-28,1.401298464324817e-45,1.401298464324817e-45,3.883132229739289e-28,3
Disgust__Fear,Fear → Disgust,NoseWrinklerL,0.07482891726928456,0.08026233578953992,0.03244407509919263,0.06488815019838526,0.11224337590392684,3
Disgust__Fear,Fear → Disgust,NoseWrinklerR,0.06891065367316426,0.08396690222521457,0.02214939909560316,0.04429879819120632,0.1033659805097464,3
Disgust__Fear,Fear → Disgust,OuterBrowRaiserL,0.07832058226403492,0.11008209304966157,0.015142120997164128,0.02712182491862521,0.11589966485820086,3
Disgust__Fear,Fear → Disgust,OuterBrowRaiserR,0.06774074499484815,0.10519801840746001,0.007124077499065571,0.013718161360641985,0.10134612067352765,3
Disgust__Fear,Fear → Disgust,UpperLidRaiserL,0.12218052027071998,0.13555753874346751,0.04431963728038697,0.058063545388479985,0.16798291581993302,3
Disgust__Fear,Fear → Disgust,UpperLidRaiserR,0.12603501631593741,0.1275050311593522,0.05383530302012024,0.07871777015971015,0.17457610653364097,3
Disgust__Fear,Fear → Disgust,UpperLipRaiserL,0.2331953154592459,0.31259251990521986,0.05319084672958823,0.07575757473247596,0.3344809138255186,3
Disgust__Fear,Fear → Disgust,UpperLipRaiserR,0.2677576091115396,0.36347276242689225,0.0601666857140344,0.11336889050997644,0.3981541732082633,3
Disgust__Fear,Fear → Disgust,AU1,0.14020828708825217,0.20282779989594327,0.023152520082658105,0.02889348192062845,0.20160665151003437,3
Disgust__Fear,Fear → Disgust,AU2,0.07303066362944154,0.10761120679173602,0.011133099248114849,0.020419993139633597,0.10862289276586426,3
Disgust__Fear,Fear → Disgust,AU4,0.24344836788045032,0.18741221710093864,0.15570674339930213,0.26537698147197564,0.3421542991573612,3
Disgust__Fear,Fear → Disgust,AU5,0.12410776829332872,0.13138354590476664,0.04907747015025361,0.06839065777409507,0.171279511176787,3
Disgust__Fear,Fear → Disgust,AU6,0.22561851373563205,0.11857160118421792,0.1807618984331687,0.27033241142829256,0.29283207788442567,3
Disgust__Fear,Fear → Disgust,AU7,0.3869820920247043,0.1523478977529842,0.30372901394342383,0.35288851882020633,0.45318838350373575,3
Disgust__Fear,Fear → Disgust,AU8,0.024183701553071497,0.009873127107800379,0.018486606321918425,0.01881517392272746,0.027196532969052552,3
Disgust__Fear,Fear → Disgust,AU9,0.07186978547122441,0.08188639557442308,0.027296737097397897,0.054593474194795794,0.10780467820683662,3
Disgust__Fear,Fear → Disgust,AU10,0.2504764622853928,0.3377985698504736,0.05667876622181132,0.0945632326212262,0.36631754351689094,3
Disgust__Fear,Fear → Disgust,AU12,0.0880430900764478,0.024581544978173022,0.07492406187633865,0.08430092973123383,0.09929103810394996,3
Disgust__Fear,Fear → Disgust,AU14,0.09033710349281637,0.1252962928392661,0.01801681402345513,0.020930264291867652,0.12795397336170328,3
Disgust__Fear,Fear → Disgust,AU15,0.025688250332334173,0.007443925775827014,0.02319344635352525,0.02925479028684394,0.029966324288397985,3
Disgust__Fear,Fear → Disgust,AU16,0.0535006644494394,0.05761869419699918,0.02299710240220919,0.045986491873433455,0.08024714020866663,3
Disgust__Fear,Fear → Disgust,AU17,0.0449628356785703,0.06529622816842241,0.007424291397374419,0.013438482346186236,0.06673920329357415,3
Disgust__Fear,Fear → Disgust,AU18,0.0006322700094689751,0.0008832916523157421,0.00012765520769959275,0.0002553104017044394,0.0009484050073560895,3
Disgust__Fear,Fear → Disgust,AU20,0.09554324984524602,0.12841647829924624,0.021529271304219288,0.029051560873631338,0.1363113839004654,3
Disgust__Fear,Fear → Disgust,AU22,9.973688484753608e-08,1.7274681300614116e-07,1.4658601575187877e-12,2.8853140684304208e-12,1.496053040681808e-07,3
Disgust__Fear,Fear → Disgust,AU23,0.002819643997622539,0.004883766609008399,3.1252234696368906e-11,6.250446939273781e-11,0.004229465996433809,3
Disgust__Fear,Fear → Disgust,AU24,8.552063629642276e-07,1.4812548924976498e-06,3.4520445817352552e-12,6.9040891634705105e-12,1.2828095444463414e-06,3
Disgust__Fear,Fear → Disgust,AU26,0.16116912489136057,0.22569332449508625,0.030979285513361245,0.04042882993817325,0.23098881679276623,3
Disgust__Fear,Fear → Disgust,AU28,0.03196719288968881,0.018783080390326407,0.02136775329147292,0.02533760839723977,0.039251840241680186,3
Disgust__Fear,Fear → Disgust,AU43,0.0365520625872471,0.035039370091940976,0.01989941694811156,0.03979478414985346,0.05482606900768583,3
Disgust__Sadness,Disgust: all,BrowLowererL,0.20364890998157592,0.16631305008775768,0.0640377252287957,0.16652873956287897,0.2831928343997181,54
Disgust__Sadness,Disgust: all,BrowLowererR,0.18631237832654704,0.15881316827048333,0.06579381906290105,0.1403420028325854,0.2651783250349884,54
Disgust__Sadness,Disgust: all,CheekPuffL,0.0024551103065273104,0.00945766691958726,1.401298464324817e-45,3.455903464155635e-21,0.0011299907762764533,54
Disgust__Sadness,Disgust: all,CheekPuffR,0.0027735684401712334,0.009968113785269683,1.322272587753835e-40,4.646789944782485e-06,0.001380765990711608,54
Disgust__Sadness,Disgust: all,CheekRaiserL,0.29181043352651315,0.2296428072042262,0.12740234389590716,0.25676804656783736,0.35953628694017725,54
Disgust__Sadness,Disgust: all,CheekRaiserR,0.2642519848114144,0.22787594440484002,0.11418558425923478,0.20511942924931642,0.32090551468233264,54
Disgust__Sadness,Disgust: all,CheekSuckL,2.4470741064524488e-05,0.00017982248770756756,1.401298464324817e-45,1.401298464324817e-45,1.401298464324817e-45,54
Disgust__Sadness,Disgust: all,CheekSuckR,3.3311644922711e-21,1.9212904871307615e-20,3.503246160812043e-46,1.401298464324817e-45,1.401298464324817e-45,54
Disgust__Sadness,Disgust: all,ChinRaiserB,0.11176969308846262,0.18237478437345392,0.0051228235481662774,0.03133387290689234,0.160632462692513,54
Disgust__Sadness,Disgust: all,ChinRaiserT,0.17200349018084143,0.17195124896397143,0.05083907114652292,0.11644971372710032,0.23906646530764797,54
Disgust__Sadness,Disgust: all,DimplerL,0.10341698908133092,0.11597957506561565,0.024295014092842158,0.07340461374648534,0.14396203835273502,54
Disgust__Sadness,Disgust: all,DimplerR,0.10316488143265676,0.11271261023637433,0.024724410701624844,0.08512178594246503,0.149087896664696,54
Disgust__Sadness,Disgust: all,EyesClosedL,0.08110458807778993,0.11325605815264372,0.004576677334504555,0.028325274808690473,0.15351900769159693,54
Disgust__Sadness,Disgust: all,EyesClosedR,0.0811410500258168,0.10497866633761282,0.005809698455656551,0.036268194050838524,0.12630748612226697,54
Disgust__Sadness,Disgust: all,EyesLookDownL,0.04890534863136148,0.059955559003208383,1.3476726660992486e-12,0.024485725894919555,0.08257423614999783,54
Disgust__Sadness,Disgust: all,EyesLookDownR,0.05540130715944406,0.0677494456064653,9.760068383477673e-29,0.02644523784207799,0.10886213891208167,54
Disgust__Sadness,Disgust: all,EyesLookLeftL,0.0452460316170609,0.06964806970853966,0.0,0.00650017064375181,0.06955870583963886,54
Disgust__Sadness,Disgust: all,EyesLookLeftR,0.08538495368172593,0.09990275501541945,3.2920413650571664e-05,0.04310235042745865,0.1521566274265448,54
Disgust__Sadness,Disgust: all,EyesLookRightL,0.10500805150592146,0.11186274564252897,0.007676565281238361,0.06659870296716686,0.15673311896001296,54
Disgust__Sadness,Disgust: all,EyesLookRightR,0.058790674164710136,0.08459775814178495,0.0,0.02514621664304283,0.07558778788467554,54
Disgust__Sadness,Disgust: all,EyesLookUpL,0.0526659598651114,0.07700989683678884,0.0,0.010691281997909143,0.0928365180793965,54
Disgust__Sadness,Disgust: all,EyesLookUpR,0.05271194991125669,0.07717948976251723,0.0,0.010642481874674554,0.09310008467655276,54
Disgust__Sadness,Disgust: all,InnerBrowRaiserL,0.042870261616378136,0.04988864940904516,0.005988669440133237,0.026169854183293206,0.054438400107998504,54
Disgust__Sadness,Disgust: all,InnerBrowRaiserR,0.0402406018594224,0.04670575944736881,0.005844565362237004,0.02431136626352473,0.06180794692287839,54
Disgust__Sadness,Disgust: all,JawDrop,0.10876266707982257,0.09761784489997939,0.032049174190857795,0.09381988152272161,0.1324269353916558,54
Disgust__Sadness,Disgust: all,JawSidewaysLeft,0.00488835742755227,0.004859068109923494,8.688923306007455e-07,0.004008458237998001,0.008203491701636902,54
Disgust__Sadness,Disgust: all,JawSidewaysRight,0.007897848655690156,0.00655257689419411,0.0018834495276704132,0.007921328571205732,0.010933495691426804,54
Disgust__Sadness,Disgust: all,JawThrust,0.03868223588235398,0.05698296762780175,0.0016263167459977087,0.008939226345436636,0.04970708840144384,54
Disgust__Sadness,Disgust: all,LidTightenerL,0.2981366222858074,0.18919629892621223,0.15418947992535922,0.28213558296362556,0.42126372034351034,54
Disgust__Sadness,Disgust: all,LidTightenerR,0.2799414716760359,0.18818990664940596,0.12619762965948023,0.287866102073652,0.4159729747877767,54
Disgust__Sadness,Disgust: all,LipCornerDepressorL,0.11643143957419168,0.11786504912917378,0.023020023084245583,0.05965628465837649,0.20351800215042504,54
Disgust__Sadness,Disgust: all,LipCornerDepressorR,0.09825104920742044,0.10765389765703642,0.009568744758143972,0.04033862996060039,0.1831943317390596,54
Disgust__Sadness,Disgust: all,LipCornerPullerL,0.12403860629879152,0.20766752399905375,0.016707341023720755,0.041919917209694735,0.12319351567033052,54
Disgust__Sadness,Disgust: all,LipCornerPullerR,0.12564717712488532,0.21075516307965875,0.00958072841112876,0.03889185159205222,0.12536269910826345,54
Disgust__Sadness,Disgust: all,LipFunnelerLB,0.0011374386064590776,0.0066070050570772535,1.401298464324817e-45,1.401298464324817e-45,2.0695696794109426e-28,54
Disgust__Sadness,Disgust: all,LipFunnelerLT,0.0037054494070433144,0.00655361284244816,3.268505312331287e-21,0.00017652995071675335,0.00648399434559011,54
Disgust__Sadness,Disgust: all,LipFunnelerRB,0.0011489397558673703,0.006772507186858893,1.401298464324817e-45,1.5277306182685237e-41,1.0504204090184295e-14,54
Disgust__Sadness,Disgust: all,LipFunnelerRT,0.002962436235970985,0.006422091308666312,6.44186105910034e-39,7.660894708120064e-08,0.002601988821367183,54
Disgust__Sadness,Disgust: all,LipPressorL,0.018620562339771538,0.054418851475357875,1.6097416108931336e-43,1.3639608847326026e-15,0.004245629118031475,54
Disgust__Sadness,Disgust: all,LipPressorR,0.01871404361769316,0.05491310674292795,6.541055455459756e-38,3.783031461863737e-09,0.004440219022474542,54
Disgust__Sadness,Disgust: all,LipPuckerL,0.04466690239111557,0.09894536543441633,1.1412128419971456e-09,0.00233218872053837,0.04077323818825948,54
Disgust__Sadness,Disgust: all,LipPuckerR,0.04324851318067585,0.09588900280702861,9.291568838471303e-13,0.0017306261323568246,0.04254241320422122,54
Disgust__Sadness,Disgust: all,LipStretcherL,0.10378531040281726,0.1446679093324298,0.01854848196380767,0.040784756450921084,0.12371854924907283,54
Disgust__Sadness,Disgust: all,LipStretcherR,0.1078616965191718,0.14780605722725015,0.015873784736424035,0.043983485832237976,0.13182319384068247,54
Disgust__Sadness,Disgust: all,LipSuckLB,0.1284654985704303,0.11012671069799632,0.06554844052500353,0.09627310149470009,0.17687347319442775,54
Disgust__Sadness,Disgust: all,LipSuckLT,0.06836339055219018,0.09793309029247158,0.021533051050734723,0.04049946715434388,0.07927524290334317,54
Disgust__Sadness,Disgust: all,LipSuckRB,0.11156187647240445,0.10398705182747156,0.05423255750080329,0.08000029341492332,0.15514563697700695,54
Disgust__Sadness,Disgust: all,LipSuckRT,0.059501595236439185,0.09267149577845336,0.019542161580809736,0.03804819898990289,0.06690000786358749,54
Disgust__Sadness,Disgust: all,LipTightenerL,0.01078156466892883,0.024313654255671106,1.401298464324817e-45,1.8872271664609155e-18,0.004278575340210641,54
Disgust__Sadness,Disgust: all,LipTightenerR,0.009758413720604316,0.02233177892932066,1.401298464324817e-45,3.6463969849342677e-23,0.0038632429348543123,54
Disgust__Sadness,Disgust: all,LipsToward,0.04191319725471171,0.04794904862243715,0.023043009506848896,0.03534018434584136,0.04504643489296233,54
Disgust__Sadness,Disgust: all,LowerLipDepressorL,0.13410445371033966,0.1608825146977133,0.003144933538539518,0.07487421146127073,0.21578588178535935,54
Disgust__Sadness,Disgust: all,LowerLipDepressorR,0.13049145148914582,0.15652536575151926,0.005034166219244505,0.0724448556701342,0.21227837344301098,54
Disgust__Sadness,Disgust: all,MouthLeft,0.009755599564349559,0.0111392179343926,0.002001899404762183,0.006018035885559488,0.01176249156346781,54
Disgust__Sadness,Disgust: all,MouthRight,0.005664014670412648,0.009952490107263812,6.32456335468993e-11,0.0016436527424848303,0.005026430900818423,54
Disgust__Sadness,Disgust: all,NoseWrinklerL,0.24080601683053532,0.2508259446300533,0.035943414346578315,0.1585846400432594,0.39034991464046126,54
Disgust__Sadness,Disgust: all,NoseWrinklerR,0.24070146386259614,0.25619692655479137,0.02392469237250524,0.14838287125009564,0.381477568934982,54
Disgust__Sadness,Disgust: all,OuterBrowRaiserL,0.0349691367786915,0.04127935098484689,0.0022040208054628385,0.015724938504687654,0.058908461042079696,54
Disgust__Sadness,Disgust: all,OuterBrowRaiserR,0.03907723090189351,0.04721082576497574,0.0013927764080562694,0.021617122732019763,0.05703004539876319,54
Disgust__Sadness,Disgust: all,UpperLidRaiserL,0.06525532418534884,0.10980988682419106,1.0745167929228136e-19,0.004027300833617991,0.06789577277241517,54
Disgust__Sadness,Disgust: all,UpperLidRaiserR,0.07977094952988822,0.11829837206712339,5.7198182509170595e-08,0.009154220517927834,0.14753587724286865,54
Disgust__Sadness,Disgust: all,UpperLipRaiserL,0.27941785154940696,0.20442985478490835,0.07799923072296432,0.2505592817181119,0.43678644456182764,54
Disgust__Sadness,Disgust: all,UpperLipRaiserR,0.29346367233183784,0.2118754028707113,0.0901851706052216,0.2753960109880912,0.4750087556429298,54
Disgust__Sadness,Disgust: all,AU1,0.04155543173790027,0.047524980794965976,0.006002868013978439,0.028051092042005572,0.05436732589078016,54
Disgust__Sadness,Disgust: all,AU2,0.03702318384029251,0.04187181738815475,0.0026279849046651517,0.0215348197666268,0.06367123018171691,54
Disgust__Sadness,Disgust: all,AU4,0.1949806441540615,0.16144323811428418,0.058284122029624505,0.14782346721040082,0.28844926360082657,54
Disgust__Sadness,Disgust: all,AU5,0.07251313685761855,0.10854444433856576,1.1421708097828243e-05,0.009913544576439587,0.10232616764924331,54
Disgust__Sadness,Disgust: all,AU6,0.27803120916896373,0.22830716623414135,0.1173259035443758,0.23328517725070314,0.3337684315939744,54
Disgust__Sadness,Disgust: all,AU7,0.28903904698092164,0.17987947072229715,0.1708460405692998,0.2819414645608049,0.38038189033989817,54
Disgust__Sadness,Disgust: all,AU8,0.04191319725471171,0.04794904862243715,0.023043009506848896,0.03534018434584136,0.04504643489296233,54
Disgust__Sadness,Disgust: all,AU9,0.24075374034656574,0.2533543835191957,0.029052536516367838,0.14959046805880077,0.38416341716002667,54
Disgust__Sadness,Disgust: all,AU10,0.2864407619406224,0.20794090808602048,0.08072102987229562,0.26684164094403967,0.45764898802396753,54
Disgust__Sadness,Disgust: all,AU12,0.12484289171183839,0.20918428263098982,0.013059852796141018,0.03909313857305577,0.1240493352427923,54
Disgust__Sadness,Disgust: all,AU14,0.10329093525699384,0.11428562339556403,0.025178330517257697,0.08072845973268458,0.14652496750871552,54
Disgust__Sadness,Disgust: all,AU15,0.10734124439080601,0.1125902592427885,0.017880770235205953,0.05176532082929054,0.19451874020918844,54
Disgust__Sadness,Disgust: all,AU16,0.13229795259974272,0.15866195458179086,0.004291625596272744,0.07356400486702716,0.21403212761418516,54
Disgust__Sadness,Disgust: all,AU17,0.14188659163465203,0.173469864733417,0.03353834145632576,0.07240339368710544,0.19778952588584137,54
Disgust__Sadness,Disgust: all,AU18,0.04395770778589572,0.09740426779397961,1.0356209269155036e-08,0.002630959634855846,0.04175427148399898,54
Disgust__Sadness,Disgust: all,AU20,0.10582350346099456,0.14620193031858214,0.016827645571959194,0.04238412114157954,0.1276731108198873,54
Disgust__Sadness,Disgust: all,AU22,0.0022385660013351867,0.006076793935697215,2.274339361346904e-21,0.00012127580081715636,0.0026149320975353443,54
Disgust__Sadness,Disgust: all,AU23,0.010269989194766573,0.023290284967531577,1.401298464324817e-45,5.022777297152134e-16,0.004035416694580332,54
Disgust__Sadness,Disgust: all,AU24,0.018667302978732352,0.0546649951753389,2.1355322643918998e-27,1.7970144578241127e-07,0.004285613845248086,54
Disgust__Sadness,Disgust: all,AU26,0.10876266707982257,0.09761784489997939,0.032049174190857795,0.09381988152272161,0.1324269353916558,54
Disgust__Sadness,Disgust: all,AU28,0.09197309020786604,0.09596911403313191,0.04376415475947931,0.07215227637625499,0.11585387836365153,54
Disgust__Sadness,Disgust: all,AU43,0.08112281905180335,0.10074364442823344,0.008461494353890368,0.03633110306918995,0.12179363863977158,54
Disgust__Sadness,Disgust: correct,BrowLowererL,0.27429085437956846,0.1650296999493,0.13678457940691258,0.25550745233780087,0.34262888443966705,30
Disgust__Sadness,Disgust: correct,BrowLowererR,0.2600669810520221,0.1612163420376523,0.12258420596159943,0.2495473467973493,0.3522329870611429,30
Disgust__Sadness,Disgust: correct,CheekPuffL,0.0011963721404219191,0.0031861424015095386,1.401298464324817e-45,3.455903464155635e-21,0.0005522477381632983,30
Disgust__Sadness,Disgust: correct,CheekPuffR,0.001564301059297848,0.004253826466766328,6.373960919491238e-26,8.97825262854177e-08,0.0010100941599238142,30
Disgust__Sadness,Disgust: correct,CheekRaiserL,0.3030017535852549,0.16373036337831834,0.19443926750323343,0.2770427137613296,0.3698803481956323,30
Disgust__Sadness,Disgust: correct,CheekRaiserR,0.27378535246203944,0.15427487467666523,0.17793836188366183,0.23576228345433864,0.3392503502468268,30
Disgust__Sadness,Disgust: correct,CheekSuckL,2.502851393756729e-22,1.370868166443805e-21,1.401298464324817e-45,1.401298464324817e-45,1.401298464324817e-45,30
Disgust__Sadness,Disgust: correct,CheekSuckR,1.5102296236078065e-21,8.271868318625322e-21,1.401298464324817e-45,1.401298464324817e-45,1.401298464324817e-45,30
Disgust__Sadness,Disgust: correct,ChinRaiserB,0.146572360430847,0.21128472590651345,0.00797818359763668,0.06565827791734286,0.20188053569291975,30
Disgust__Sadness,Disgust: correct,ChinRaiserT,0.2206446865057776,0.19492630673959718,0.0929007799072318,0.19995553344488143,0.2704759412868014,30
Disgust__Sadness,Disgust: correct,DimplerL,0.08208190472373685,0.06364848346390531,0.035424327535307026,0.07660411633551117,0.11550883152989723,30
Disgust__Sadness,Disgust: correct,DimplerR,0.08216872351244245,0.06168970691519796,0.039348620092607076,0.07993219444445757,0.12099069905006801,30
Disgust__Sadness,Disgust: correct,EyesClosedL,0.11425764075747528,0.1334956972174398,0.006877974135083262,0.05481332837750992,0.17578828353434797,30
Disgust__Sadness,Disgust: correct,EyesClosedR,0.09957692436876295,0.12015364822657046,0.011372128921730947,0.06156623259513817,0.14857405821254713,30
Disgust__Sadness,Disgust: correct,EyesLookDownL,0.06458730813391728,0.06370755151382738,0.014578891354536442,0.04837078346563155,0.10432931879010551,30
Disgust__Sadness,Disgust: correct,EyesLookDownR,0.0712395332249032,0.06665179921907163,0.01086246288053869,0.05151097423419643,0.11665439920273925,30
Disgust__Sadness,Disgust: correct,EyesLookLeftL,0.05204596568442259,0.0777578568420925,0.0,0.00650017064375181,0.0901163617148995,30
Disgust__Sadness,Disgust: correct,EyesLookLeftR,0.0894363711694152,0.11129487582488572,3.2920413650571664e-05,0.02383905403160798,0.17527486886829136,30
Disgust__Sadness,Disgust: correct,EyesLookRightL,0.13229923552408673,0.13092532212145677,0.002489256461347119,0.10727868791048722,0.20132526741363105,30
Disgust__Sadness,Disgust: correct,EyesLookRightR,0.0833938120670306,0.1010567441742414,0.0,0.04318009006480373,0.1377357779225955,30
Disgust__Sadness,Disgust: correct,EyesLookUpL,0.04750171263441905,0.07712684972166715,0.0,0.0006292768598844566,0.06230528293332701,30
Disgust__Sadness,Disgust: correct,EyesLookUpR,0.047539925921268544,0.07717862914989206,0.0,0.0006277859210967984,0.06291487511868274,30
Disgust__Sadness,Disgust: correct,InnerBrowRaiserL,0.037634553747822604,0.0396446904955095,0.008124218108335123,0.030136612746476457,0.04860568794732288,30
Disgust__Sadness,Disgust: correct,InnerBrowRaiserR,0.03920420848698498,0.04099087563980257,0.008033304208984375,0.032862825918709815,0.05109569413277006,30
Disgust__Sadness,Disgust: correct,JawDrop,0.07967732745332241,0.08285915370738832,0.01909198959929194,0.059658243566065125,0.10731057065228616,30
Disgust__Sadness,Disgust: correct,JawSidewaysLeft,0.00540455552997686,0.0045356738529306224,0.00101330668646065,0.004683646446524354,0.008618311990762632,30
Disgust__Sadness,Disgust: correct,JawSidewaysRight,0.006960622455382143,0.006487907415999284,0.001650032975904107,0.0046349082884284435,0.010933495691426804,30
Disgust__Sadness,Disgust: correct,JawThrust,0.031235084185679142,0.053981549848097984,0.00041934777400455834,0.0042799239878945385,0.04912363845021784,30
Disgust__Sadness,Disgust: correct,LidTightenerL,0.3302524058114626,0.15357019642847616,0.220116813577867,0.3074096613874038,0.45807341213027636,30
Disgust__Sadness,Disgust: correct,LidTightenerR,0.3340970049198887,0.14830620550401433,0.21831731145004502,0.3318922869861126,0.4178175220886866,30
Disgust__Sadness,Disgust: correct,LipCornerDepressorL,0.14106567134155337,0.12646602013020392,0.028857079443203808,0.09631893749659257,0.222786367115645,30
Disgust__Sadness,Disgust: correct,LipCornerDepressorR,0.1173338750109732,0.11313036795590324,0.020895523814870812,0.055673170213897984,0.19844617983116988,30
Disgust__Sadness,Disgust: correct,LipCornerPullerL,0.06321841641892155,0.07979044030749907,0.017384087457321534,0.03770238713987051,0.06789431000555243,30
Disgust__Sadness,Disgust: correct,LipCornerPullerR,0.06382223473119288,0.08432485335202704,0.01043358336901287,0.034252938038359035,0.0742421672795899,30
Disgust__Sadness,Disgust: correct,LipFunnelerLB,0.0016048450578995954,0.008783013423186681,1.401298464324817e-45,1.401298464324817e-45,1.2861805786863668e-38,30
Disgust__Sadness,Disgust: correct,LipFunnelerLT,0.003033288954884653,0.007560248829976836,2.366537776501759e-27,5.762899759719615e-08,0.0011547205644871928,30
Disgust__Sadness,Disgust: correct,LipFunnelerRB,0.001702861684957558,0.009006713046887483,1.401298464324817e-45,1.5277306182685237e-41,1.4596943820533333e-23,30
Disgust__Sadness,Disgust: correct,LipFunnelerRT,0.002584834192602648,0.007291085993784861,4.994834956188189e-42,1.0667663036506993e-16,0.0015801270440743208,30
Disgust__Sadness,Disgust: correct,LipPressorL,0.03156230899864999,0.0707306085574216,8.9990989049082e-28,0.0007590342178945535,0.022167224715645948,30
Disgust__Sadness,Disgust: correct,LipPressorR,0.03168112404604156,0.07141903440196365,3.598338039638594e-22,1.9502987843696257e-07,0.021633234448413818,30
Disgust__Sadness,Disgust: correct,LipPuckerL,0.06278937533131,0.12782122453196668,1.0549020610079191e-12,0.006280690558560808,0.0403862878474828,30
Disgust__Sadness,Disgust: correct,LipPuckerR,0.06036019088620097,0.12355667440898664,1.5780405781040427e-11,0.005272228067527356,0.037935920927367646,30
Disgust__Sadness,Disgust: correct,LipStretcherL,0.12761503985444464,0.1781749629026857,0.01854848196380767,0.04490897775297825,0.1304267306113615,30
Disgust__Sadness,Disgust: correct,LipStretcherR,0.13010947703013587,0.18062418163516825,0.014787730634869413,0.048391081050794996,0.13667646376416084,30
Disgust__Sadness,Disgust: correct,LipSuckLB,0.13452331534001324,0.08956615565310423,0.07144263296431431,0.11493143641079462,0.17930919756957636,30
Disgust__Sadness,Disgust: correct,LipSuckLT,0.0633820068780138,0.051468990958378154,0.030552545674436216,0.03974127179834996,0.08036653529852623,30
Disgust__Sadness,Disgust: correct,LipSuckRB,0.1207091938069073,0.08428266537245634,0.061419405992516315,0.09468637200382844,0.16397896840547518,30
Disgust__Sadness,Disgust: correct,LipSuckRT,0.05427878278109598,0.04196576634527695,0.02206285221009993,0.03845281836305119,0.0675123535695604,30
Disgust__Sadness,Disgust: correct,LipTightenerL,0.01172114771655257,0.02823393404847906,1.401298464324817e-45,2.2483219798864463e-21,0.0016974685558162938,30
Disgust__Sadness,Disgust: correct,LipTightenerR,0.011153074078997152,0.0265812579454411,1.401298464324817e-45,4.8838339372979033e-26,0.0015421142203706213,30
Disgust__Sadness,Disgust: correct,LipsToward,0.04680573563660595,0.060195056676750514,0.027675754607965505,0.03857957761113838,0.04504643489296233,30
Disgust__Sadness,Disgust: correct,LowerLipDepressorL,0.10522865089944439,0.13367126897938053,0.0014653985078143662,0.0508715466751851,0.14422793997218833,30
Disgust__Sadness,Disgust: correct,LowerLipDepressorR,0.10466178877813244,0.13402882045285824,0.002074527372420823,0.048320858615369576,0.14341341528731089,30
Disgust__Sadness,Disgust: correct,MouthLeft,0.015137183651866995,0.012337879663145163,0.006402728731216995,0.010100842655325879,0.024007566878572056,30
Disgust__Sadness,Disgust: correct,MouthRight,0.009346187553881507,0.012110181092309474,0.0016460450700810474,0.004093149225389066,0.01187813643853238,30
Disgust__Sadness,Disgust: correct,NoseWrinklerL,0.38990757741705734,0.2398416981990764,0.20089556986737683,0.3469816166985159,0.5748114120312191,30
Disgust__Sadness,Disgust: correct,NoseWrinklerR,0.39499705904284066,0.24408673425608,0.2108229360868184,0.3574093490761394,0.557452281867154,30
Disgust__Sadness,Disgust: correct,OuterBrowRaiserL,0.039968369491745544,0.034631427775763966,0.009205311483916932,0.039404710875472385,0.06231326727624118,30
Disgust__Sadness,Disgust: correct,OuterBrowRaiserR,0.04868999031497523,0.0477266328558894,0.0060632176281192034,0.04080512139723088,0.07253554910324353,30
Disgust__Sadness,Disgust: correct,UpperLidRaiserL,0.10409050786438198,0.13213597605159327,0.0014818349229805876,0.037749711022236884,0.1936753953186174,30
Disgust__Sadness,Disgust: correct,UpperLidRaiserR,0.11682971680702113,0.13380260778150152,0.0003768850673931205,0.07472628326373996,0.2032356103058861,30
Disgust__Sadness,Disgust: correct,UpperLipRaiserL,0.34382511416588035,0.1790171206612847,0.22715412027863138,0.34525536631845166,0.4657230125119289,30
Disgust__Sadness,Disgust: correct,UpperLipRaiserR,0.36387214341973323,0.18851021338089274,0.23741517628313882,0.36134624034390683,0.5042342009410883,30
Disgust__Sadness,Disgust: correct,AU1,0.03841938111740379,0.0392845110106353,0.009043295082826227,0.029806121605994405,0.04930485711641567,30
Disgust__Sadness,Disgust: correct,AU2,0.044329179903360376,0.03770602574612822,0.008233642454494315,0.043261667062544466,0.06527233885184004,30
Disgust__Sadness,Disgust: correct,AU4,0.26717891771579527,0.16190594462136348,0.1374269219651296,0.24826303136689398,0.338800328695145,30
Disgust__Sadness,Disgust: correct,AU5,0.11046011233570158,0.12642525308667513,0.001474161470540914,0.07376799237945092,0.19500555729415886,30
Disgust__Sadness,Disgust: correct,AU6,0.2883935530236472,0.15809126076917213,0.18876722177120325,0.2620852543661991,0.3337684315939744,30
Disgust__Sadness,Disgust: correct,AU7,0.33217470536567567,0.13794282385239134,0.2226989984349224,0.3246286441882451,0.40504667234684655,30
Disgust__Sadness,Disgust: correct,AU8,0.04680573563660595,0.060195056676750514,0.027675754607965505,0.03857957761113838,0.04504643489296233,30
Disgust__Sadness,Disgust: correct,AU9,0.3924523182299489,0.2417147452923415,0.2079934629880881,0.3487142776643547,0.5661318469491865,30
Disgust__Sadness,Disgust: correct,AU10,0.35384862879280676,0.1835495150382982,0.2338868825156396,0.35330080333117925,0.4837114639463834,30
Disgust__Sadness,Disgust: correct,AU12,0.06352032557505721,0.08202053800249429,0.014604443170052592,0.03528203739551823,0.070723781978207,30
Disgust__Sadness,Disgust: correct,AU14,0.08212531411808964,0.06256511839887904,0.03803150684600759,0.07803558774498565,0.11824976528998263,30
Disgust__Sadness,Disgust: correct,AU15,0.1291997731762633,0.1196242189005933,0.02382082228825045,0.07599605385524527,0.20763657195886032,30
Disgust__Sadness,Disgust: correct,AU16,0.1049452198387884,0.13383340168057808,0.001871000798807961,0.04959620264527734,0.1438206776297496,30
Disgust__Sadness,Disgust: correct,AU17,0.1836085234683123,0.2003232190313764,0.05048010954468791,0.14124121757597463,0.22861711100752774,30
Disgust__Sadness,Disgust: correct,AU18,0.0615747831087555,0.12568139296848946,7.607357069507289e-10,0.005776459313044083,0.03899692939998488,30
Disgust__Sadness,Disgust: correct,AU20,0.12886225844229024,0.17938437314586606,0.016827645571959194,0.04665002940188662,0.13355159718776116,30
Disgust__Sadness,Disgust: correct,AU22,0.002231457472586114,0.007848461465178747,3.0518434994196465e-27,5.656078291708047e-07,0.0005871013731215437,30
Disgust__Sadness,Disgust: correct,AU23,0.01143711089777486,0.02737991635459392,1.401298464324817e-45,9.441586803712698e-21,0.0017106564843544264,30
Disgust__Sadness,Disgust: correct,AU24,0.03162171652234577,0.07107378301165451,5.6693491072074884e-21,0.0004570600477510421,0.021900229582029883,30
Disgust__Sadness,Disgust: correct,AU26,0.07967732745332241,0.08285915370738832,0.01909198959929194,0.059658243566065125,0.10731057065228616,30
Disgust__Sadness,Disgust: correct,AU28,0.09322332470150758,0.05783383517189499,0.0517904728820056,0.07802729770161625,0.12331736775462708,30
Disgust__Sadness,Disgust: correct,AU43,0.10691728256311912,0.11808051484885498,0.016647729190210583,0.04929222820226421,0.17977298696159,30
Disgust__Sadness,Disgust → Sadness,BrowLowererL,0.03126415589975026,0.04421419304164947,0.015632078037529556,0.03126415589975026,0.04689623376197096,2
Disgust__Sadness,Disgust → Sadness,BrowLowererR,0.015928579909200772,0.022526413609019587,0.007964289999825432,0.015928579909200772,0.023892869818576114,2
Disgust__Sadness,Disgust → Sadness,CheekPuffL,0.003565018157690245,0.00504169702871189,0.0017825090788451225,0.003565018157690245,0.005347527236535367,2
Disgust__Sadness,Disgust → Sadness,CheekPuffR,0.003976029759824441,0.005622955210742764,0.0019880148799122205,0.003976029759824441,0.005964044639736661,2
Disgust__Sadness,Disgust → Sadness,CheekRaiserL,0.034161681567009154,0.03285986224152996,0.022543965857088347,0.034161681567009154,0.045779397276929965,2
Disgust__Sadness,Disgust → Sadness,CheekRaiserR,0.0222147092850736,0.03052135681926147,0.011423780096116566,0.0222147092850736,0.03300563847403063,2
Disgust__Sadness,Disgust → Sadness,CheekSuckL,1.401298464324817e-45,0.0,1.401298464324817e-45,1.401298464324817e-45,1.401298464324817e-45,2
Disgust__Sadness,Disgust → Sadness,CheekSuckR,1.401298464324817e-45,0.0,1.401298464324817e-45,1.401298464324817e-45,1.401298464324817e-45,2
Disgust__Sadness,Disgust → Sadness,ChinRaiserB,0.28226192717750864,0.24314129049561348,0.19629849952956038,0.28226192717750864,0.36822535482545693,2
Disgust__Sadness,Disgust → Sadness,ChinRaiserT,0.22646758474511441,0.19504849395106452,0.15750752837860393,0.22646758474511441,0.2954276411116249,2
Disgust__Sadness,Disgust → Sadness,DimplerL,0.00017290771891003326,0.00024452844112134707,8.645385945509328e-05,0.00017290771891003326,0.0002593615783649732,2
Disgust__Sadness,Disgust → Sadness,DimplerR,0.0001360459240307698,0.00019239799086975617,6.802296201543378e-05,0.0001360459240307698,0.0002040688860461058,2
Disgust__Sadness,Disgust → Sadness,EyesClosedL,0.0789550465873877,0.11165929769991315,0.03947752329431966,0.0789550465873877,0.11843256988045572,2
Disgust__Sadness,Disgust → Sadness,EyesClosedR,0.03605614628883667,0.05099109108858115,0.018028073144418334,0.03605614628883667,0.054084219433255004,2
Disgust__Sadness,Disgust → Sadness,EyesLookDownL,0.007893285108730193,0.01116279085244383,0.003946642554365097,0.007893285108730193,0.01183992766309529,2
Disgust__Sadness,Disgust → Sadness,EyesLookDownR,0.00393491029196108,0.005564803501612835,0.00196745514598054,0.00393491029196108,0.00590236543794162,2
Disgust__Sadness,Disgust → Sadness,EyesLookLeftL,0.10580039198199906,0.14962434924533272,0.05290019599099953,0.10580039198199906,0.15870058797299857,2
Disgust__Sadness,Disgust → Sadness,EyesLookLeftR,0.14797055280456942,0.2092619626080663,0.07398527640228471,0.14797055280456942,0.22195582920685414,2
Disgust__Sadness,Disgust → Sadness,EyesLookRightL,0.07710691013683874,0.10782219390565867,0.0389860079002877,0.07710691013683874,0.11522781237338978,2
Disgust__Sadness,Disgust → Sadness,EyesLookRightR,0.03362456038594244,0.047552309326632916,0.01681228019297122,0.03362456038594244,0.050436840578913664,2
Disgust__Sadness,Disgust → Sadness,EyesLookUpL,0.10373278238500155,0.012312581399628217,0.09937962748420731,0.10373278238500155,0.10808593728579578,2
Disgust__Sadness,Disgust → Sadness,EyesLookUpR,0.10343830461303388,0.011305066034816506,0.09944136018554364,0.10343830461303388,0.10743524904052412,2
Disgust__Sadness,Disgust → Sadness,InnerBrowRaiserL,0.028985462759984353,0.0371890335367627,0.015837153860174934,0.028985462759984353,0.042133771659793776,2
Disgust__Sadness,Disgust → Sadness,InnerBrowRaiserR,0.03346619120178564,0.04498385524392402,0.017561996658339286,0.03346619120178564,0.049370385745232004,2
Disgust__Sadness,Disgust → Sadness,JawDrop,0.12802108214527833,0.007809261711027168,0.12526009118931444,0.12802108214527833,0.1307820731012422,2
Disgust__Sadness,Disgust → Sadness,JawSidewaysLeft,0.009883479335178398,0.004141491859720038,0.008419240846059935,0.009883479335178398,0.01134771782429686,2
Disgust__Sadness,Disgust → Sadness,JawSidewaysRight,0.013765748474128692,0.005833053424966892,0.011703452658219938,0.013765748474128692,0.015828044290037445,2
Disgust__Sadness,Disgust → Sadness,JawThrust,0.017947548450579234,0.010081897965378716,0.014383059241304163,0.017947548450579234,0.021512037659854308,2
Disgust__Sadness,Disgust → Sadness,LidTightenerL,0.24417825747126098,0.3453202033524867,0.12208912873563052,0.24417825747126098,0.3662673862068914,2
Disgust__Sadness,Disgust → Sadness,LidTightenerR,0.1314189113138127,0.1858544067323009,0.06570945565690636,0.1314189113138127,0.19712836697071906,2
Disgust__Sadness,Disgust → Sadness,LipCornerDepressorL,0.21158887699050222,0.02782317204280127,0.20175190017770983,0.21158887699050222,0.2214258538032946,2
Disgust__Sadness,Disgust → Sadness,LipCornerDepressorR,0.19927072786000277,0.020508499836707213,0.19201987820675334,0.19927072786000277,0.20652157751325223,2
Disgust__Sadness,Disgust → Sadness,LipCornerPullerL,0.0037238908606423986,0.004773296642916291,0.002036275648231853,0.0037238908606423986,0.005411506073052945,2
Disgust__Sadness,Disgust → Sadness,LipCornerPullerR,0.0029912054119324446,0.00377714899520658,0.0016557815779011814,0.0029912054119324446,0.004326629245963708,2
Disgust__Sadness,Disgust → Sadness,LipFunnelerLB,1.401298464324817e-45,0.0,1.401298464324817e-45,1.401298464324817e-45,1.401298464324817e-45,2
Disgust__Sadness,Disgust → Sadness,LipFunnelerLT,0.008610985866994702,0.0028256156971749784,0.007611979856744911,0.008610985866994702,0.009609991877244492,2
Disgust__Sadness,Disgust → Sadness,LipFunnelerRB,3.2511652812925357e-07,4.5978420343204425e-07,1.6255826406462678e-07,3.2511652812925357e-07,4.876747921938804e-07,2
Disgust__Sadness,Disgust → Sadness,LipFunnelerRT,0.011392914365858039,0.005821101008806244,0.009334844367208665,0.011392914365858039,0.013450984364507413,2
Disgust__Sadness,Disgust → Sadness,LipPressorL,0.016137863406160084,0.0060582427720216984,0.013995951133074619,0.016137863406160084,0.018279775679245547,2
Disgust__Sadness,Disgust → Sadness,LipPressorR,0.01543002048777966,0.005979195002909483,0.013316055821482651,0.01543002048777966,0.017543985154076666,2
Disgust__Sadness,Disgust → Sadness,LipPuckerL,0.08994698295914097,0.030595406152917233,0.07912987337719878,0.08994698295914097,0.10076409254108318,2
Disgust__Sadness,Disgust → Sadness,LipPuckerR,0.09299771701142474,0.028183574978252583,0.08303331851882378,0.09299771701142474,0.1029621155040257,2
Disgust__Sadness,Disgust → Sadness,LipStretcherL,0.010544948983267431,0.006321550622310833,0.008309943326942416,0.010544948983267431,0.012779954639592445,2
Disgust__Sadness,Disgust → Sadness,LipStretcherR,0.01009809813738416,0.008370402433281915,0.007138713976467148,0.01009809813738416,0.013057482298301169,2
Disgust__Sadness,Disgust → Sadness,LipSuckLB,0.01211824929436393,0.006998191811659381,0.00964401485132967,0.01211824929436393,0.01459248373739819,2
Disgust__Sadness,Disgust → Sadness,LipSuckLT,0.005893692651736123,0.004988880089318824,0.004129857180894179,0.005893692651736123,0.007657528122578068,2
Disgust__Sadness,Disgust → Sadness,LipSuckRB,0.00978719064703889,0.005634265431636363,0.007795177000181379,0.00978719064703889,0.011779204293896402,2
Disgust__Sadness,Disgust → Sadness,LipSuckRT,0.004021699496814884,0.0016989584301161714,0.003421026983370286,0.004021699496814884,0.004622372010259482,2
Disgust__Sadness,Disgust → Sadness,LipTightenerL,0.04570457839028485,0.006774511233398563,0.043309426974104566,0.04570457839028485,0.04809972980646513,2
Disgust__Sadness,Disgust → Sadness,LipTightenerR,0.036731494993591976,0.011243638101564533,0.03275626862018012,0.036731494993591976,0.04070672136700384,2
Disgust__Sadness,Disgust → Sadness,LipsToward,0.09233811883411056,0.005204630720385004,0.09049800399613253,0.09233811883411056,0.09417823367208858,2
Disgust__Sadness,Disgust → Sadness,LowerLipDepressorL,3.486535507206877e-16,4.920211086668038e-16,1.7469781950807759e-16,3.486535507206877e-16,5.226092819332978e-16,2
Disgust__Sadness,Disgust → Sadness,LowerLipDepressorR,1.5325555985546276e-15,2.166617276703989e-15,7.66540714257967e-16,1.5325555985546276e-15,2.298570482851288e-15,2
Disgust__Sadness,Disgust → Sadness,MouthLeft,0.00107372651259726,0.0002598301172088173,0.000981862693679835,0.00107372651259726,0.001165590331514685,2
Disgust__Sadness,Disgust → Sadness,MouthRight,1.526948723135158e-05,2.1594315932425695e-05,7.634743615900122e-06,1.526948723135158e-05,2.2904230846803034e-05,2
Disgust__Sadness,Disgust → Sadness,NoseWrinklerL,0.004283275796311169,0.006057466722527674,0.0021416378981555847,0.004283275796311169,0.006424913694466754,2
Disgust__Sadness,Disgust → Sadness,NoseWrinklerR,0.006599495848521134,0.008059959148046181,0.003749869963686132,0.006599495848521134,0.009449121733356136,2
Disgust__Sadness,Disgust → Sadness,OuterBrowRaiserL,0.04050293240613312,0.057261294071216294,0.02025800773749608,0.04050293240613312,0.060747857074770165,2
Disgust__Sadness,Disgust → Sadness,OuterBrowRaiserR,0.06120471414142226,0.08636361330978737,0.03067056583186055,0.06120471414142226,0.09173886245098398,2
Disgust__Sadness,Disgust → Sadness,UpperLidRaiserL,0.03464855436322976,0.049000455497101005,0.01732427718161488,0.03464855436322976,0.05197283154484464,2
Disgust__Sadness,Disgust → Sadness,UpperLidRaiserR,0.07113817583061365,0.10060457306213573,0.03556908791530682,0.07113817583061365,0.10670726374592046,2
Disgust__Sadness,Disgust → Sadness,UpperLipRaiserL,0.0039509030666569816,0.0024454477690415413,0.0030863067163935873,0.0039509030666569816,0.004815499416920375,2
Disgust__Sadness,Disgust → Sadness,UpperLipRaiserR,0.001420256009428286,0.00019792368313351435,0.0013502794201777231,0.001420256009428286,0.0014902325986788489,2
Disgust__Sadness,Disgust → Sadness,AU1,0.031225826980885,0.04108644439034336,0.01669957525925711,0.031225826980885,0.04575207870251289,2
Disgust__Sadness,Disgust → Sadness,AU2,0.05085382327377769,0.07181245369050182,0.02546428678467831,0.05085382327377769,0.07624335976287706,2
Disgust__Sadness,Disgust → Sadness,AU4,0.02359636790447552,0.03337030332533453,0.011798184018677495,0.02359636790447552,0.03539455179027354,2
Disgust__Sadness,Disgust → Sadness,AU5,0.052893365096921705,0.07480251427961837,0.026446682548460852,0.052893365096921705,0.07934004764538255,2
Disgust__Sadness,Disgust → Sadness,AU6,0.02818819542604138,0.031690609530395715,0.01698387297660246,0.02818819542604138,0.0393925178754803,2
Disgust__Sadness,Disgust → Sadness,AU7,0.18779858439253685,0.2655873050423938,0.09389929219626844,0.18779858439253685,0.28169787658880524,2
Disgust__Sadness,Disgust → Sadness,AU8,0.09233811883411056,0.005204630720385004,0.09049800399613253,0.09233811883411056,0.09417823367208858,2
Disgust__Sadness,Disgust → Sadness,AU9,0.005441385822416151,0.007058712935286928,0.0029457539309208584,0.005441385822416151,0.007937017713911445,2
Disgust__Sadness,Disgust → Sadness,AU10,0.0026855795380426335,0.0013216857260875277,0.0022182930682856554,0.0026855795380426335,0.003152866007799612,2
Disgust__Sadness,Disgust → Sadness,AU12,0.0033575481362874216,0.004275222819061435,0.0018460286130665172,0.0033575481362874216,0.004869067659508326,2
Disgust__Sadness,Disgust → Sadness,AU14,0.00015447682147040154,0.00021846321599555162,7.723841073526353e-05,0.00015447682147040154,0.00023171523220553953,2
Disgust__Sadness,Disgust → Sadness,AU15,0.2054298024252525,0.024165835939754233,0.1968858891922316,0.2054298024252525,0.21397371565827342,2
Disgust__Sadness,Disgust → Sadness,AU16,9.406045746376578e-16,1.3293191926853967e-15,4.706192668830223e-16,9.406045746376578e-16,1.4105898823922932e-15,2
Disgust__Sadness,Disgust → Sadness,AU17,0.2543647559613116,0.21909489222333903,0.17690301395408214,0.2543647559613116,0.33182649796854097,2
Disgust__Sadness,Disgust → Sadness,AU18,0.09147234998528286,0.029389490565584913,0.08108159594801129,0.09147234998528286,0.10186310402255444,2
Disgust__Sadness,Disgust → Sadness,AU20,0.010321523560325795,0.007345976527796375,0.007724328651704782,0.010321523560325795,0.012918718468946808,2
Disgust__Sadness,Disgust → Sadness,AU22,0.005001056337345217,0.0021617941225461636,0.00423674669555441,0.005001056337345217,0.005765365979136025,2
Disgust__Sadness,Disgust → Sadness,AU23,0.041218036691938416,0.00900907466748155,0.03803284779714235,0.041218036691938416,0.044403225586734485,2
Disgust__Sadness,Disgust → Sadness,AU24,0.015783941946969873,0.00601871888746559,0.013656003477278637,0.015783941946969873,0.017911880416661106,2
Disgust__Sadness,Disgust → Sadness,AU26,0.12802108214527833,0.007809261711027168,0.12526009118931444,0.12802108214527833,0.1307820731012422,2
Disgust__Sadness,Disgust → Sadness,AU28,0.007955208022488456,0.004830073940682684,0.006247519003943878,0.007955208022488456,0.009662897041033035,2
Disgust__Sadness,Disgust → Sadness,AU43,0.057505596438112185,0.08132519439424717,0.028752798219368998,0.057505596438112185,0.08625839465685536,2
Disgust__Sadness,Sadness: all,BrowLowererL,0.15206117447685366,0.17873124488443748,0.03426442987547484,0.09942085958706832,0.18348304379420974,54
Disgust__Sadness,Sadness: all,BrowLowererR,0.13754015648598628,0.17911571918613395,0.023830085447358772,0.06638703068601895,0.18232780961940684,54
Disgust__Sadness,Sadness: all,CheekPuffL,0.01566530823518096,0.014326997319755385,0.004457571677424858,0.013432188102667702,0.02187932838690657,54
Disgust__Sadness,Sadness: all,CheekPuffR,0.016978732522093566,0.01503220063987714,0.005374319288057415,0.01432385542030076,0.025761161381527748,54
Disgust__Sadness,Sadness: all,CheekRaiserL,0.13991933787689279,0.16999282816854155,0.039464415278048136,0.07361130596448974,0.164382009456555,54
Disgust__Sadness,Sadness: all,CheekRaiserR,0.12560749906996088,0.16427580716488235,0.02484685199165895,0.06728663307925062,0.13249902160217364,54
Disgust__Sadness,Sadness: all,CheekSuckL,4.709155980148458e-14,3.4605087796495295e-13,1.401298464324817e-45,1.401298464324817e-45,1.401298464324817e-45,54
Disgust__Sadness,Sadness: all,CheekSuckR,4.0029979980931785e-14,2.9415907535119724e-13,0.0,1.401298464324817e-45,1.401298464324817e-45,54
Disgust__Sadness,Sadness: all,ChinRaiserB,0.44205789114317,0.17572138549122823,0.33357568249340014,0.4393931038114729,0.5893531495084365,54
Disgust__Sadness,Sadness: all,ChinRaiserT,0.40432134353127497,0.15823983225467114,0.2897297192364931,0.39945775579854703,0.5308579153691728,54
Disgust__Sadness,Sadness: all,DimplerL,0.015570232638655602,0.042011781075869996,6.671894104731622e-14,4.536732446235326e-07,0.002291932399175341,54
Disgust__Sadness,Sadness: all,DimplerR,0.015503785960049742,0.042443815708474095,1.5844441862236518e-15,8.652118677489762e-07,0.002836853260052668,54
Disgust__Sadness,Sadness: all,EyesClosedL,0.10237660129301634,0.20947260143190485,5.8990064025019025e-08,0.004966980361138733,0.07782837947285837,54
Disgust__Sadness,Sadness: all,EyesClosedR,0.10504462754507614,0.19918921844298296,4.170323149025125e-06,0.009438661000028005,0.12018962938821282,54
Disgust__Sadness,Sadness: all,EyesLookDownL,0.014796037149295069,0.017465274529416132,3.077466227609647e-13,0.010471491535887853,0.019604954981479582,54
Disgust__Sadness,Sadness: all,EyesLookDownR,0.022042477793729646,0.030564437086051867,1.5073393333267527e-11,0.009436829428012324,0.03669997754125247,54
Disgust__Sadness,Sadness: all,EyesLookLeftL,0.06406275536545211,0.09508691098521865,0.000688646811371045,0.02001156039962852,0.0760446342018743,54
Disgust__Sadness,Sadness: all,EyesLookLeftR,0.11680823571923404,0.11610522402949774,0.025352840879228677,0.09262936570060748,0.153185087069869,54
Disgust__Sadness,Sadness: all,EyesLookRightL,0.0507876331445633,0.05683414744497426,0.0,0.029871119471014593,0.0909495395608246,54
Disgust__Sadness,Sadness: all,EyesLookRightR,0.017012990056573012,0.02841229879214905,0.0,7.349736794518668e-05,0.025591239977317513,54
Disgust__Sadness,Sadness: all,EyesLookUpL,0.06081375842303163,0.08313502932734237,0.0,0.034623785534252695,0.08830012115649877,54
Disgust__Sadness,Sadness: all,EyesLookUpR,0.06069337614154603,0.08301344030972162,0.0,0.03468822178741293,0.08810578123666343,54
Disgust__Sadness,Sadness: all,InnerBrowRaiserL,0.07288532748694784,0.09721008818010919,0.015287878767564168,0.03649637922644611,0.06888011706826846,54
Disgust__Sadness,Sadness: all,InnerBrowRaiserR,0.07179117991281299,0.09242829230303808,0.019328993032104284,0.04592964125913564,0.07721391264966537,54
Disgust__Sadness,Sadness: all,JawDrop,0.015128780183265036,0.021827541326426607,0.0013559336497978949,0.01059693105338317,0.01682000293864117,54
Disgust__Sadness,Sadness: all,JawSidewaysLeft,0.026705016144112442,0.023981653933458597,0.009776604662571678,0.024668915778966002,0.03413352586018537,54
Disgust__Sadness,Sadness: all,JawSidewaysRight,0.02514205178580488,0.02348368826937837,0.010361604899317377,0.021982675306541404,0.03221534786280239,54
Disgust__Sadness,Sadness: all,JawThrust,0.060414831563909754,0.11388360482386548,0.005960674748143191,0.013449444027099584,0.053906300566966235,54
Disgust__Sadness,Sadness: all,LidTightenerL,0.1348564043065435,0.15283142329994573,0.005419916316104676,0.051034023370125164,0.24746257110188402,54
Disgust__Sadness,Sadness: all,LidTightenerR,0.16275011951462393,0.16362326391002696,0.007031590800157056,0.149965922255069,0.271861862981071,54
Disgust__Sadness,Sadness: all,LipCornerDepressorL,0.40429157055371645,0.22833069317856128,0.20830535464043198,0.3510868742150099,0.5673761723877143,54
Disgust__Sadness,Sadness: all,LipCornerDepressorR,0.3898863216691902,0.22447544745301168,0.19008823600985725,0.3450167053392831,0.5548093025070048,54
Disgust__Sadness,Sadness: all,LipCornerPullerL,0.021122675681586656,0.06070132730559758,2.0461244240326324e-05,0.003830135109112001,0.009959852740636611,54
Disgust__Sadness,Sadness: all,LipCornerPullerR,0.019835476874816318,0.06086415475549261,6.008384792400255e-07,0.0008795286469745228,0.007888710203542312,54
Disgust__Sadness,Sadness: all,LipFunnelerLB,0.05733819994260666,0.12040680104582932,1.401298464324817e-45,6.273331385654969e-28,0.06536193589370944,54
Disgust__Sadness,Sadness: all,LipFunnelerLT,0.04511122864654253,0.06342025863602785,0.006106355251914757,0.02645829214404026,0.047351209489519264,54
Disgust__Sadness,Sadness: all,LipFunnelerRB,0.058148543553481744,0.1191528437982295,1.8875577685414536e-38,0.0005313142522936534,0.06614862429394562,54
Disgust__Sadness,Sadness: all,LipFunnelerRT,0.04653523264518865,0.06318740248404044,0.0070090821271958075,0.028275042438447858,0.05066311662085382,54
Disgust__Sadness,Sadness: all,LipPressorL,0.02461912411310366,0.07382003842032175,1.6855190469132368e-10,0.00230623360645645,0.008220406828106548,54
Disgust__Sadness,Sadness: all,LipPressorR,0.0226986635807724,0.07481432522792639,1.9823747462018035e-21,3.185647121076799e-08,0.001826398904957645,54
Disgust__Sadness,Sadness: all,LipPuckerL,0.07639362172086955,0.10094003734893015,0.024748320625318815,0.0418705165133996,0.07207529259224729,54
Disgust__Sadness,Sadness: all,LipPuckerR,0.0803302139148255,0.09761400570082934,0.027892618498299247,0.05161020954449967,0.08414944030218974,54
Disgust__Sadness,Sadness: all,LipStretcherL,0.06295883545712773,0.04847050528097035,0.033023755271915395,0.05180552198730761,0.0796382879606047,54
Disgust__Sadness,Sadness: all,LipStretcherR,0.06636442516532824,0.05346891293352558,0.03248285425059201,0.0522844689393726,0.08024221502496398,54
Disgust__Sadness,Sadness: all,LipSuckLB,0.04912541271534349,0.0671952751090403,0.00633826561752666,0.014638784257578011,0.07677843767063067,54
Disgust__Sadness,Sadness: all,LipSuckLT,0.025694764551476252,0.03538698947173134,0.008585980225225812,0.011190481869743914,0.023648943329559753,54
Disgust__Sadness,Sadness: all,LipSuckRB,0.04646256017740286,0.061665604265275745,0.008833629474800748,0.014457859713487127,0.06466336529701944,54
Disgust__Sadness,Sadness: all,LipSuckRT,0.017336428013223264,0.03106118413504168,0.0012458644093902517,0.007527040289711394,0.01724120978812341,54
Disgust__Sadness,Sadness: all,LipTightenerL,0.06738493574066845,0.07197355389387032,0.007750704744830691,0.038936819980881374,0.11736290279370806,54
Disgust__Sadness,Sadness: all,LipTightenerR,0.065088178701159,0.07192629670665417,0.005634923338677136,0.03812594631065923,0.11106531381447171,54
Disgust__Sadness,Sadness: all,LipsToward,0.020787766099827513,0.009679240990860455,0.01386912127491081,0.01975603340348845,0.02936492209555576,54
Disgust__Sadness,Sadness: all,LowerLipDepressorL,0.01659912541592593,0.04255950517955709,4.23332901124755e-23,3.782024397572277e-07,0.0018413724223323184,54
Disgust__Sadness,Sadness: all,LowerLipDepressorR,0.014615311554358327,0.03942504694991828,1.1340745635361165e-22,1.961185887443074e-09,0.0017251067701468134,54
Disgust__Sadness,Sadness: all,MouthLeft,0.003118032618817557,0.004084457136865158,9.251531107553243e-07,0.0012463543173803495,0.005564236390985827,54
Disgust__Sadness,Sadness: all,MouthRight,0.0002932113994814446,0.0008770041755001537,4.223739138485531e-34,8.031581243080933e-18,2.4360589455901803e-06,54
Disgust__Sadness,Sadness: all,NoseWrinklerL,0.0520256701596803,0.1393162725722138,4.439986817203218e-12,0.0008040718554174434,0.01658149341833825,54
Disgust__Sadness,Sadness: all,NoseWrinklerR,0.05594276478586144,0.14399816166318433,2.242882092393008e-08,0.0034949525905138244,0.02713350253144796,54
Disgust__Sadness,Sadness: all,OuterBrowRaiserL,0.03552493571472919,0.07473675471680077,0.0003233997109835491,0.005377506551061088,0.03244655129813808,54
Disgust__Sadness,Sadness: all,OuterBrowRaiserR,0.0439129123867056,0.08100384611360827,0.0011268409544299691,0.015941087615991924,0.04090949887953073,54
Disgust__Sadness,Sadness: all,UpperLidRaiserL,0.05195376980573881,0.10898971489989928,3.508173174610899e-15,0.006962949009815592,0.042303164295897776,54
Disgust__Sadness,Sadness: all,UpperLidRaiserR,0.08508678628461429,0.14772060014331156,1.9990037101154637e-09,0.012681253143062229,0.09328750482602946,54
Disgust__Sadness,Sadness: all,UpperLipRaiserL,0.03642289898041061,0.06844753435096888,0.0011319326854284176,0.006722442390130313,0.04107953926844246,54
Disgust__Sadness,Sadness: all,UpperLipRaiserR,0.04317897365155212,0.07421048799514512,0.0022839725232399457,0.00854039668301989,0.057020999392134744,54
Disgust__Sadness,Sadness: all,AU1,0.07233825369988041,0.09381731748557975,0.017422227136663977,0.043732471910576914,0.07619892779988122,54
Disgust__Sadness,Sadness: all,AU2,0.039718924050717405,0.07744304896019301,0.0010855032783799031,0.01194938012940833,0.036130779747509174,54
Disgust__Sadness,Sadness: all,AU4,0.14480066548141998,0.17831110269226388,0.03192769068045886,0.083828538476276,0.1881337744586801,54
Disgust__Sadness,Sadness: all,AU5,0.06852027804517655,0.12063748107253426,2.4214401294607907e-07,0.011558826676241096,0.057611772939232794,54
Disgust__Sadness,Sadness: all,AU6,0.13276341847342682,0.1665670784787924,0.03292069974122564,0.0704144478309899,0.15541688331092396,54
Disgust__Sadness,Sadness: all,AU7,0.14880326191058374,0.14548370754070714,0.012287680302830641,0.12049540357987723,0.24291005202879506,54
Disgust__Sadness,Sadness: all,AU8,0.020787766099827513,0.009679240990860455,0.01386912127491081,0.01975603340348845,0.02936492209555576,54
Disgust__Sadness,Sadness: all,AU9,0.05398421747277087,0.14159875756025334,3.8294688422303635e-08,0.0023165044677037516,0.025633743032773926,54
Disgust__Sadness,Sadness: all,AU10,0.03980093631598137,0.07103700466703936,0.0025361647202489686,0.009168990413297468,0.049318042093314744,54
Disgust__Sadness,Sadness: all,AU12,0.020479076278201485,0.06076047410163348,1.89096266082913e-05,0.0028141624758998697,0.008396942856673636,54
Disgust__Sadness,Sadness: all,AU14,0.015537009299352674,0.04220728181625113,1.0106213554550745e-11,5.875246773897037e-07,0.0024294271865562297,54
Disgust__Sadness,Sadness: all,AU15,0.3970889461114532,0.22631184573645083,0.19728976998826223,0.3477312670370525,0.5598288718782323,54
Disgust__Sadness,Sadness: all,AU16,0.015607218485142129,0.04095071895661825,8.156188797921868e-22,3.1760064980095124e-07,0.0018487109787103434,54
Disgust__Sadness,Sadness: all,AU17,0.42318961733722266,0.1663887823465997,0.3165790791720553,0.41964773740645567,0.5518004476643183,54
Disgust__Sadness,Sadness: all,AU18,0.07836191781784754,0.09923922115133804,0.026816612094019827,0.04713172922700734,0.07518460849866335,54
Disgust__Sadness,Sadness: all,AU20,0.06466163031122799,0.05091371329820698,0.032540267601727124,0.05210504061542447,0.07994025149278433,54
Disgust__Sadness,Sadness: all,AU22,0.051783301196954894,0.09077045717432124,0.0032686237097866405,0.014858363550956691,0.052434506154851394,54
Disgust__Sadness,Sadness: all,AU23,0.06623655722091375,0.07187312507330375,0.0069289178677573796,0.039260789691616046,0.1142141083040899,54
Disgust__Sadness,Sadness: all,AU24,0.02365889384693803,0.0743057478618797,1.3957709019669008e-09,0.0011531168032282448,0.004691432769684988,54
Disgust__Sadness,Sadness: all,AU26,0.015128780183265036,0.021827541326426607,0.0013559336497978949,0.01059693105338317,0.01682000293864117,54
Disgust__Sadness,Sadness: all,AU28,0.034654791364361476,0.04022419466522884,0.007434132993700774,0.011749022626331821,0.053038081478490755,54
Disgust__Sadness,Sadness: all,AU43,0.10371061441904621,0.20338971319127408,0.001567230129553117,0.014098931657824037,0.0790807259172046,54
Disgust__Sadness,Sadness: correct,BrowLowererL,0.11313697026578794,0.08977987026784093,0.03495864355403071,0.0916270774323493,0.15591301477502,48
Disgust__Sadness,Sadness: correct,BrowLowererR,0.09718928717835246,0.08489583578953717,0.02514889950519617,0.06145498318170814,0.16622005049139257,48
Disgust__Sadness,Sadness: correct,CheekPuffL,0.017059979315833012,0.014411764753407452,0.005616582580549304,0.014557203642713491,0.022928882183196088,48
Disgust__Sadness,Sadness: correct,CheekPuffR,0.018930664062466615,0.014795229009589454,0.007193443247003563,0.018183933136363788,0.026804703344040483,48
Disgust__Sadness,Sadness: correct,CheekRaiserL,0.10671044127759545,0.11082324361402403,0.039880162408289226,0.0713182050424317,0.11513742115348573,48
Disgust__Sadness,Sadness: correct,CheekRaiserR,0.09157939733200948,0.09737416458135072,0.025073019064294943,0.06312714102677996,0.10226682939877108,48
Disgust__Sadness,Sadness: correct,CheekSuckL,5.2978004756035915e-14,3.670423836695273e-13,1.401298464324817e-45,1.401298464324817e-45,1.401298464324817e-45,48
Disgust__Sadness,Sadness: correct,CheekSuckR,4.5033727365835503e-14,3.120028154073282e-13,0.0,1.401298464324817e-45,1.401298464324817e-45,48
Disgust__Sadness,Sadness: correct,ChinRaiserB,0.45153692659163996,0.16867988674829557,0.3366267805802662,0.43983771901436436,0.5898693412542344,48
Disgust__Sadness,Sadness: correct,ChinRaiserT,0.4118311212608156,0.15072950773953714,0.30276938043534757,0.39945775579854703,0.5316552494963009,48
Disgust__Sadness,Sadness: correct,DimplerL,0.017516500922194134,0.044220929358288925,2.037690167723045e-11,1.321271915368886e-06,0.0031314312048632254,48
Disgust__Sadness,Sadness: correct,DimplerR,0.01736142770768686,0.044715450835147975,4.519719114208506e-12,2.1306482531448697e-06,0.0030857482160105104,48
Disgust__Sadness,Sadness: correct,EyesClosedL,0.04819431704906877,0.09262901306327571,1.351988053282317e-08,0.004228003599376652,0.04091807708221794,48
Disgust__Sadness,Sadness: correct,EyesClosedR,0.053750508818949515,0.08894884079376336,1.7988273360938355e-06,0.005688421592670406,0.06738774001472236,48
Disgust__Sadness,Sadness: correct,EyesLookDownL,0.015851129193976795,0.01819327116849528,8.183549360785181e-13,0.011631362593760759,0.022170052126314732,48
Disgust__Sadness,Sadness: correct,EyesLookDownR,0.02397506325104452,0.03187246056458628,2.8419862380110127e-11,0.010735049299700917,0.04487369705306031,48
Disgust__Sadness,Sadness: correct,EyesLookLeftL,0.06886564045323916,0.09906084465206076,0.001149814420690135,0.026351355505175852,0.08361732584113872,48
Disgust__Sadness,Sadness: correct,EyesLookLeftR,0.12472972211738424,0.11948531085563457,0.03547077587960906,0.1011399709930022,0.1704385960047754,48
Disgust__Sadness,Sadness: correct,EyesLookRightL,0.04658668652377348,0.05670625583145662,0.0,0.01872673196097214,0.08500684760510917,48
Disgust__Sadness,Sadness: correct,EyesLookRightR,0.015880532893101585,0.028522342658255626,0.0,0.0,0.016965210825825704,48
Disgust__Sadness,Sadness: correct,EyesLookUpL,0.06370668793663044,0.08767688658144712,0.0,0.02138511709248024,0.09815676269742346,48
Disgust__Sadness,Sadness: correct,EyesLookUpR,0.06355988611806726,0.08755336256450538,0.0,0.0213348565623164,0.0983664608870943,48
Disgust__Sadness,Sadness: correct,InnerBrowRaiserL,0.06815198918579414,0.08196353355356828,0.01491677184643167,0.03503926222523049,0.07157215960323807,48
Disgust__Sadness,Sadness: correct,InnerBrowRaiserR,0.06801807406221809,0.07019597096666684,0.019746186338791875,0.05115614393725987,0.08039425006136294,48
Disgust__Sadness,Sadness: correct,JawDrop,0.014374776323082109,0.021929860194222123,0.000925151019773166,0.009787677874011963,0.0161024865120642,48
Disgust__Sadness,Sadness: correct,JawSidewaysLeft,0.029257525119272182,0.024128293223817317,0.011884917652544826,0.025783705092945253,0.03475889770611393,48
Disgust__Sadness,Sadness: correct,JawSidewaysRight,0.027673411996788938,0.02362918582731904,0.010863368934951672,0.024056214063663553,0.03338451871143959,48
Disgust__Sadness,Sadness: correct,JawThrust,0.06785640854360553,0.11880933735769558,0.00852174315223232,0.014516590488938426,0.07335428780879735,48
Disgust__Sadness,Sadness: correct,LidTightenerL,0.1312686630490114,0.15698051115191516,0.004414845896269852,0.045545107807789545,0.2611404716968536,48
Disgust__Sadness,Sadness: correct,LidTightenerR,0.16213133491834406,0.16878927768324234,0.00679916987640415,0.13082646184290445,0.2804119559004903,48
Disgust__Sadness,Sadness: correct,LipCornerDepressorL,0.43158931206122925,0.21879391184321823,0.2827653503317076,0.38331836953917675,0.5861076451838017,48
Disgust__Sadness,Sadness: correct,LipCornerDepressorR,0.41735706256475485,0.2137570594612217,0.27526940405440686,0.36916244691016875,0.5797867422302564,48
Disgust__Sadness,Sadness: correct,LipCornerPullerL,0.023762648212702662,0.06396071025490203,0.0007041608110940646,0.006241111395117505,0.01050035287634134,48
Disgust__Sadness,Sadness: correct,LipCornerPullerR,0.0223025446740229,0.06419816313297509,3.499083276996736e-06,0.0014713765739081065,0.00839013206231827,48
Disgust__Sadness,Sadness: correct,LipFunnelerLB,0.0645054749354325,0.12600164750724008,1.401298464324817e-45,1.0808094567800527e-12,0.07356747157732188,48
Disgust__Sadness,Sadness: correct,LipFunnelerLT,0.050248698348218344,0.06547973075065017,0.00914115818352247,0.031459107157883956,0.05128725188939516,48
Disgust__Sadness,Sadness: correct,LipFunnelerRB,0.06541710044347908,0.12459626891496939,2.5924021590009117e-45,0.001702096845231882,0.07556387467188866,48
Disgust__Sadness,Sadness: correct,LipFunnelerRT,0.0519998213956136,0.06500525949129664,0.010772251456049202,0.03514144422664602,0.05386969798717151,48
Disgust__Sadness,Sadness: correct,LipPressorL,0.004360145372096087,0.0071392700617447236,5.05412256944504e-10,0.0022165567866371167,0.007334874068677055,48
Disgust__Sadness,Sadness: correct,LipPressorR,0.0020603697240320867,0.006862713651972449,4.543601777892663e-22,1.305168241558328e-08,0.000741183359528772,48
Disgust__Sadness,Sadness: correct,LipPuckerL,0.053674745872767306,0.04801124382646518,0.02541903156864765,0.04173940779308111,0.0650689158683538,48
Disgust__Sadness,Sadness: correct,LipPuckerR,0.05889572082351654,0.048486705312839495,0.030143065614780994,0.05093953901866918,0.06894484409247445,48
Disgust__Sadness,Sadness: correct,LipStretcherL,0.06729650323546198,0.04886774774274557,0.03697183966292712,0.054358880966901724,0.08225206173180288,48
Disgust__Sadness,Sadness: correct,LipStretcherR,0.07040037414043022,0.054675036776638083,0.03961843634024258,0.054745835120168784,0.08388988648229463,48
Disgust__Sadness,Sadness: correct,LipSuckLB,0.04327351366689477,0.06267444482256988,0.004512888509817454,0.012750324894239478,0.06902870788083718,48
Disgust__Sadness,Sadness: correct,LipSuckLT,0.027643671063074995,0.03705118256367223,0.008649455017648652,0.011190481869743914,0.0254132195301957,48
Disgust__Sadness,Sadness: correct,LipSuckRB,0.04119024708420951,0.057167935874165424,0.008343449941821707,0.013990574625434682,0.056630680337548214,48
Disgust__Sadness,Sadness: correct,LipSuckRT,0.018741810193957622,0.03265893522510485,0.0012632589874006527,0.0077458928836979645,0.020908114470974654,48
Disgust__Sadness,Sadness: correct,LipTightenerL,0.07560637378927325,0.07223960467579595,0.013524404773488612,0.053381049859968506,0.13028082158416504,48
Disgust__Sadness,Sadness: correct,LipTightenerR,0.07310564760253578,0.07240458461633942,0.012270666003071983,0.04714589888850876,0.12207455036793055,48
Disgust__Sadness,Sadness: correct,LipsToward,0.019841113846659143,0.0097232792874606,0.013149319984950069,0.019052222518560733,0.02664418079269424,48
Disgust__Sadness,Sadness: correct,LowerLipDepressorL,0.01864573166193959,0.044766177961485694,1.598567409348286e-19,9.350677934424617e-06,0.0035981496713389724,48
Disgust__Sadness,Sadness: correct,LowerLipDepressorR,0.016442194016462703,0.041497992653877824,3.1257297999065994e-20,6.15815142753045e-08,0.0019047238376507453,48
Disgust__Sadness,Sadness: correct,MouthLeft,0.002771360203097787,0.004019026209335667,6.68197293212548e-07,0.0007874771042641984,0.004553488399248274,48
Disgust__Sadness,Sadness: correct,MouthRight,0.00016100728946145447,0.0005147065044471916,1.7025360922179334e-36,3.937007650758748e-19,6.845622154848587e-07,48
Disgust__Sadness,Sadness: correct,NoseWrinklerL,0.02033747524846067,0.08163209576003598,1.4457482418784226e-17,0.00016917307444100214,0.011139601600977251,48
Disgust__Sadness,Sadness: correct,NoseWrinklerR,0.023684971170157925,0.08736667318398807,1.2958090718234328e-08,0.002981797482414915,0.018001275490428216,48
Disgust__Sadness,Sadness: correct,OuterBrowRaiserL,0.029000876066434058,0.04494908686996585,0.00020892388310280325,0.005377506551061088,0.032159005506158134,48
Disgust__Sadness,Sadness: correct,OuterBrowRaiserR,0.03773414149746184,0.04977464198326624,0.0011852565552695738,0.01787790197413409,0.041323882457436366,48
Disgust__Sadness,Sadness: correct,UpperLidRaiserL,0.05462729580510675,0.1140348980940056,1.6041285827232565e-15,0.008289850157374778,0.04455320858775341,48
Disgust__Sadness,Sadness: correct,UpperLidRaiserR,0.09181371234617997,0.15437105658072706,4.544330118167317e-09,0.014269209712984553,0.10311808702857989,48
Disgust__Sadness,Sadness: correct,UpperLipRaiserL,0.03494419657169139,0.07114325339245425,0.0011299717430612397,0.006308158415840103,0.026642048517051795,48
Disgust__Sadness,Sadness: correct,UpperLipRaiserR,0.039802190121601355,0.0752148878129384,0.0024289361587638133,0.0076529766284996,0.041906018174874236,48
Disgust__Sadness,Sadness: correct,AU1,0.0680850316240061,0.07499169456385486,0.016027414749623804,0.04630258845087757,0.07887239594883791,48
Disgust__Sadness,Sadness: correct,AU2,0.03336750878194795,0.04659091688863727,0.0011745279009223123,0.012674603663314526,0.03820085804612361,48
Disgust__Sadness,Sadness: correct,AU4,0.10516312872207019,0.08598599492607073,0.03250125690901763,0.07168991035093006,0.17702129810738063,48
Disgust__Sadness,Sadness: correct,AU5,0.07322050407564336,0.12595775003640525,1.4434312560633124e-07,0.013404292920661746,0.05948981003592885,48
Disgust__Sadness,Sadness: correct,AU6,0.09914491930480246,0.10325786204422802,0.03375658429771036,0.06497610890461748,0.11021443520051734,48
Disgust__Sadness,Sadness: correct,AU7,0.14669999898367772,0.14900850940116878,0.011196706530733711,0.09175302183125691,0.2239287577647095,48
Disgust__Sadness,Sadness: correct,AU8,0.019841113846659143,0.0097232792874606,0.013149319984950069,0.019052222518560733,0.02664418079269424,48
Disgust__Sadness,Sadness: correct,AU9,0.0220112232093093,0.08441921342618805,3.594908837511697e-08,0.0017617291443471543,0.011529887199067886,48
Disgust__Sadness,Sadness: correct,AU10,0.03737319334664637,0.07296320828424481,0.002638113660948051,0.00834667598245435,0.03494662835874081,48
Disgust__Sadness,Sadness: correct,AU12,0.02303259644336278,0.0640562182892994,0.0006254387159961994,0.0032502401955519507,0.0087264088986106,48
Disgust__Sadness,Sadness: correct,AU14,0.0174389643149405,0.04444725987981359,4.211090757414005e-09,3.047781906444225e-06,0.0032132076406422693,48
Disgust__Sadness,Sadness: correct,AU15,0.42447318731299205,0.2161783256138033,0.27959849669168324,0.37624040822467275,0.5847010628630718,48
Disgust__Sadness,Sadness: correct,AU16,0.017543962839201146,0.04308777474840181,1.5364141731273943e-18,9.740748621652855e-06,0.0027346396745864584,48
Disgust__Sadness,Sadness: correct,AU17,0.4316840239262277,0.15906140292192222,0.32136497848145856,0.41964773740645567,0.5551896849378352,48
Disgust__Sadness,Sadness: correct,AU18,0.056285233348141915,0.048182250859119584,0.029269476188346712,0.04671822525680769,0.0687319075260101,48
Disgust__Sadness,Sadness: correct,AU20,0.06884843868794609,0.05172733720426557,0.03838995156728606,0.05394637028997138,0.08307097410704875,48
Disgust__Sadness,Sadness: correct,AU22,0.058042773780685876,0.09449906991889437,0.005184433487232977,0.01798989723333781,0.06060616624582446,48
Disgust__Sadness,Sadness: correct,AU23,0.0743560106959045,0.07223712336459973,0.012897535388280297,0.05071928278343614,0.12794231324508773,48
Disgust__Sadness,Sadness: correct,AU24,0.003210257548064087,0.006869719713626205,1.660275688620405e-09,0.001108278393318578,0.004283416680327969,48
Disgust__Sadness,Sadness: correct,AU26,0.014374776323082109,0.021929860194222123,0.000925151019773166,0.009787677874011963,0.0161024865120642,48
Disgust__Sadness,Sadness: correct,AU28,0.03271231050203422,0.03958030575401822,0.007058535410103119,0.011612457040920864,0.050887189826606005,48
Disgust__Sadness,Sadness: correct,AU43,0.05097241293400915,0.08838515056711058,0.0012650813338814962,0.008383675653274688,0.05433667363617745,48
Disgust__Sadness,Sadness → Disgust,BrowLowererL,0.690946897882653,0.11334564930400995,0.6678763632129024,0.7305785338345838,0.7536490685043342,4
Disgust__Sadness,Sadness → Disgust,BrowLowererR,0.6885463623896093,0.10538332933362676,0.661560695184116,0.7221684630087111,0.7491541302142044,4
Disgust__Sadness,Sadness → Disgust,CheekPuffL,0.005080793742960572,0.009133205778055898,9.95908446527872e-12,0.0007943546153001764,0.005875148348301663,4
Disgust__Sadness,Sadness → Disgust,CheekPuffR,0.0018089126590796305,0.0036168944722598157,6.264911695914113e-37,6.98179348427678e-07,0.0018096108384280582,4
Disgust__Sadness,Sadness → Disgust,CheekRaiserL,0.6012319802931101,0.0785187753861509,0.5617269957774982,0.5929887071714632,0.632493691687075,4
Disgust__Sadness,Sadness → Disgust,CheekRaiserR,0.5954100080888175,0.07296098022800757,0.5633490365913837,0.592175557189115,0.6242365286865488,4
Disgust__Sadness,Sadness → Disgust,CheekSuckL,3.4787446008361027e-32,6.957489201368073e-32,1.401298464324817e-45,2.280286281046964e-42,3.4787446010639916e-32,4
Disgust__Sadness,Sadness → Disgust,CheekSuckR,1.3047483839125412e-31,2.6094967677110623e-31,1.401298464324817e-45,8.55079329423325e-42,1.3047483839980349e-31,4
Disgust__Sadness,Sadness → Disgust,ChinRaiserB,0.4861065693270705,0.14539180757236017,0.423059935383966,0.45089142745403177,0.5139380613971363,4
Disgust__Sadness,Sadness → Disgust,ChinRaiserT,0.46442182733935294,0.12328588041497213,0.40749409811635245,0.42987985814023166,0.48680758736323215,4
Disgust__Sadness,Sadness → Disgust,DimplerL,1.7999388342286112e-18,2.4521157013466176e-18,1.7320863234506448e-19,9.45107369562269e-19,2.5718375714458155e-18,4
Disgust__Sadness,Sadness → Disgust,DimplerR,0.0009638057172272343,0.0019276114344544573,3.732986250134874e-18,7.693194293942238e-18,0.0009638057172272382,4
Disgust__Sadness,Sadness → Disgust,EyesClosedL,0.7452994382959617,0.1827920443856821,0.7049842788322412,0.8207314698603985,0.8610466293241189,4
Disgust__Sadness,Sadness → Disgust,EyesClosedR,0.7138029358720227,0.17687642195212228,0.671033334517845,0.782179611235434,0.8249492125896116,4
Disgust__Sadness,Sadness → Disgust,EyesLookDownL,0.007014297286756777,0.00494155032663244,0.005335654556438552,0.008659607226824653,0.010338249957142878,4
Disgust__Sadness,Sadness → Disgust,EyesLookDownR,0.007877766170573444,0.005808211112867647,0.005928168938407906,0.008833740528121022,0.01078333776028656,4
Disgust__Sadness,Sadness → Disgust,EyesLookLeftL,0.014673979853008248,0.026159645322242575,0.0,0.0024690710493208163,0.017143050902329066,4
Disgust__Sadness,Sadness → Disgust,EyesLookLeftR,0.04348478706759685,0.03830549536171773,0.017666322930914403,0.040219184996870626,0.06603764913355308,4
Disgust__Sadness,Sadness → Disgust,EyesLookRightL,0.07764245316963445,0.0360183882603075,0.05562307153474342,0.08236588388681407,0.1043852655217051,4
Disgust__Sadness,Sadness → Disgust,EyesLookRightR,0.02033052317177254,0.01668384686166933,0.009893141764526546,0.021129897593830993,0.03156727900107699,4
Disgust__Sadness,Sadness → Disgust,EyesLookUpL,0.03523308778821953,0.019944212691652592,0.028735547563216307,0.035005409024112505,0.04150294924911573,4
Disgust__Sadness,Sadness → Disgust,EyesLookUpR,0.03530386994449748,0.020013095287428662,0.02880496023378022,0.03505147826726895,0.041550387977986214,4
Disgust__Sadness,Sadness → Disgust,InnerBrowRaiserL,0.04053918677382167,0.003635215951022932,0.04029260780662293,0.04227039868322507,0.0425169776504238,4
Disgust__Sadness,Sadness → Disgust,InnerBrowRaiserR,0.01601225090804893,0.01025463171768957,0.009371954890957518,0.016053776187860982,0.022694072204952398,4
Disgust__Sadness,Sadness → Disgust,JawDrop,0.013049879562210315,0.00998495268644332,0.007179730964806714,0.011881894535845039,0.01775204313324864,4
Disgust__Sadness,Sadness → Disgust,JawSidewaysLeft,0.0068326432994344965,0.009075046093007579,0.0025973456465171784,0.0035603593582739486,0.007795657011191266,4
Disgust__Sadness,Sadness → Disgust,JawSidewaysRight,0.004882107650654035,0.008108735683647282,2.3372994753348283e-11,0.001312883595009651,0.006194991222290692,4
Disgust__Sadness,Sadness → Disgust,JawThrust,3.353670646928754e-11,6.676935482712455e-11,3.2800019785777374e-21,2.283037965632728e-13,3.376501026257082e-11,4
Disgust__Sadness,Sadness → Disgust,LidTightenerL,0.24025609111195362,0.03442304858486161,0.22691758650011487,0.23432345718951136,0.24766196180135008,4
Disgust__Sadness,Sadness → Disgust,LidTightenerR,0.24719637446793968,0.03546067802252309,0.24223263383371596,0.26067071517700857,0.2656344558112323,4
Disgust__Sadness,Sadness → Disgust,LipCornerDepressorL,0.1000292545186696,0.07747029153952086,0.07094912119289315,0.09180890282908374,0.1208890361548602,4
Disgust__Sadness,Sadness → Disgust,LipCornerDepressorR,0.08105944213469292,0.0714484578318277,0.051744095774256454,0.06718610825890416,0.09650145461934062,4
Disgust__Sadness,Sadness → Disgust,LipCornerPullerL,8.458942344815911e-15,1.6916686355516312e-14,4.834236681016333e-21,8.987663328698415e-19,8.459836276912102e-15,4
Disgust__Sadness,Sadness → Disgust,LipCornerPullerR,0.00014385498625461168,0.00028770997239178307,2.8111282021974524e-19,8.808017869026629e-14,0.00014385498634269156,4
Disgust__Sadness,Sadness → Disgust,LipFunnelerLB,6.1637366750342635e-28,1.2327473349529984e-27,1.401298464324817e-45,4.0390706038350197e-38,6.16373667543817e-28,4
Disgust__Sadness,Sadness → Disgust,LipFunnelerLT,0.004386333968428736,0.008772667899354956,1.401298464324817e-45,2.812688694562148e-11,0.004386333996555624,4
Disgust__Sadness,Sadness → Disgust,LipFunnelerRB,1.3265025454838041e-07,2.6530050909676083e-07,5.66267266803356e-38,1.152187517168861e-27,1.3265025454838041e-07,4
Disgust__Sadness,Sadness → Disgust,LipFunnelerRT,0.002601297594715548,0.005202595023469341,1.7341068496019613e-43,1.2447131719843666e-10,0.0026012977191868653,4
Disgust__Sadness,Sadness → Disgust,LipPressorL,0.28003643106174636,0.03897812495227547,0.2627456285979737,0.2690470182479543,0.286337820711727,4
Disgust__Sadness,Sadness → Disgust,LipPressorR,0.2817075216520424,0.03923972524760406,0.26450087891953955,0.27036997611040453,0.2875766188429073,4
Disgust__Sadness,Sadness → Disgust,LipPuckerL,0.3855494645747065,0.06808066401342651,0.3545866552566743,0.36749055926714236,0.39845336858517455,4
Disgust__Sadness,Sadness → Disgust,LipPuckerR,0.37487145666731836,0.06892203611887056,0.3437932218355054,0.3567183961094774,0.38779663094129035,4
Disgust__Sadness,Sadness → Disgust,LipStretcherL,0.019951096163674117,0.004807062510457583,0.018723793629399896,0.021825177369767988,0.02305247990404221,4
Disgust__Sadness,Sadness → Disgust,LipStretcherR,0.025988708815179763,0.007319998462903483,0.02384154895447834,0.02812572651894201,0.030272886379643434,4
Disgust__Sadness,Sadness → Disgust,LipSuckLB,0.13529551712833177,0.08424988372353667,0.09653067265829526,0.1093008819657067,0.14806572643574323,4
Disgust__Sadness,Sadness → Disgust,LipSuckLT,0.013523827325729692,0.0038737804486441685,0.011267443113310602,0.013842144552520806,0.016098528764939897,4
Disgust__Sadness,Sadness → Disgust,LipSuckRB,0.1258783658795287,0.08018375212007889,0.08742072600906203,0.09935951665393072,0.1378171565243974,4
Disgust__Sadness,Sadness → Disgust,LipSuckRT,0.009138102829467096,0.0036183596770226517,0.00728340499345119,0.007758999013121598,0.009613696849137505,4
Disgust__Sadness,Sadness → Disgust,LipTightenerL,2.687503721716345e-34,5.37500744317672e-34,1.401298464324817e-45,1.8497139729087587e-44,2.6875037218873033e-34,4
Disgust__Sadness,Sadness → Disgust,LipTightenerR,4.305682721632451e-34,8.611365442865376e-34,1.401298464324817e-45,2.9263782929983263e-44,4.305682721911076e-34,4
Disgust__Sadness,Sadness → Disgust,LipsToward,0.031134705210570192,0.0024384465169421986,0.029480247257742977,0.030212562329446226,0.031867020282273444,4
Disgust__Sadness,Sadness → Disgust,LowerLipDepressorL,0.00033905628176107656,0.0006781125635221531,2.902088882054824e-33,5.904901995587415e-23,0.00033905628176107656,4
Disgust__Sadness,Sadness → Disgust,LowerLipDepressorR,7.386852026315377e-17,1.4773675742591453e-16,1.04351881507703e-32,2.1232539648210364e-22,7.386873258855025e-17,4
Disgust__Sadness,Sadness → Disgust,MouthLeft,0.008156727843937846,0.0016140184047429668,0.007649302038132423,0.008260780165952948,0.008768205971758373,4
Disgust__Sadness,Sadness → Disgust,MouthRight,0.0019473814574787166,0.0023411081641952994,8.763828320300976e-12,0.0015484478448886808,0.003495829293603569,4
Disgust__Sadness,Sadness → Disgust,NoseWrinklerL,0.4567974431530396,0.048630917232796056,0.43526787456132243,0.44931607559211073,0.47084564418382796,4
Disgust__Sadness,Sadness → Disgust,NoseWrinklerR,0.4680929356785131,0.0436773467893886,0.4459469761199262,0.4593234114889553,0.48146937104754217,4
Disgust__Sadness,Sadness → Disgust,OuterBrowRaiserL,0.011027263770392162,0.015228951946082207,0.0010486197057306267,0.005587800705143265,0.015566444769804802,4
Disgust__Sadness,Sadness → Disgust,OuterBrowRaiserR,0.009519646076192574,0.012210079023902346,1.2303386074800453e-05,0.0062487651332330295,0.015756107823350803,4
Disgust__Sadness,Sadness → Disgust,UpperLidRaiserL,0.010955816041436037,0.017756775461562683,0.00022231011556188307,0.0032916467245652768,0.01402515265043943,4
Disgust__Sadness,Sadness → Disgust,UpperLidRaiserR,0.01037913949052884,0.018638851212996976,9.747915192971613e-06,0.00163700735875145,0.01200639893408732,4
Disgust__Sadness,Sadness → Disgust,UpperLipRaiserL,0.07190980693771395,0.03035216823953948,0.0488714360730742,0.06967412252744992,0.09271249339208969,4
Disgust__Sadness,Sadness → Disgust,UpperLipRaiserR,0.10490056631290892,0.0469289946293908,0.06910061577441909,0.10343108978442975,0.13923104032291955,4
Disgust__Sadness,Sadness → Disgust,AU1,0.0282757188409353,0.005902992999108406,0.023383116351760644,0.027651880728080825,0.032544483217255483,4
Disgust__Sadness,Sadness → Disgust,AU2,0.010273454923292367,0.013637226187025833,0.0005304615459027135,0.005918282919188147,0.015661276296577802,4
Disgust__Sadness,Sadness → Disgust,AU4,0.689746630136131,0.10932715926739858,0.6647185291985092,0.7263734984216474,0.7514015993592693,4
Disgust__Sadness,Sadness → Disgust,AU5,0.010667477765982439,0.018182681096789954,0.00011277992553180584,0.002461077951812742,0.013015775792263375,4
Disgust__Sadness,Sadness → Disgust,AU6,0.5983209941909637,0.07567671633151142,0.562538016184441,0.5925821321802891,0.628365110186812,4
Disgust__Sadness,Sadness → Disgust,AU7,0.24372623278994665,0.03179115105404527,0.2345751101669154,0.249839084334453,0.25899020695748426,4
Disgust__Sadness,Sadness → Disgust,AU8,0.031134705210570192,0.0024384465169421986,0.029480247257742977,0.030212562329446226,0.031867020282273444,4
Disgust__Sadness,Sadness → Disgust,AU9,0.4624451894157764,0.045923021166477306,0.4437812502891645,0.45431974354053306,0.47298368266714486,4
Disgust__Sadness,Sadness → Disgust,AU10,0.08840518662531144,0.03862345766503466,0.058986025923746646,0.08655260615593983,0.11597176685750463,4
Disgust__Sadness,Sadness → Disgust,AU12,7.19274931315353e-05,0.0001438549861930719,8.130197475352659e-19,5.249903007853683e-14,7.192749318403353e-05,4
Disgust__Sadness,Sadness → Disgust,AU14,0.000481902858613618,0.000963805717227228,4.0649795861803864e-18,5.231718507142295e-18,0.0004819028586136192,4
Disgust__Sadness,Sadness → Disgust,AU15,0.09054434832668126,0.07434798728607446,0.0624086583061617,0.07949750554399396,0.1076331955645135,4
Disgust__Sadness,Sadness → Disgust,AU16,0.00016952814088057523,0.00033905628176115045,6.668638516412563e-33,1.356872082189889e-22,0.00016952814088057523,4
Disgust__Sadness,Sadness → Disgust,AU17,0.4752641983332117,0.13425239087331176,0.41798515132081465,0.4403856427971317,0.4976646898095288,4
Disgust__Sadness,Sadness → Disgust,AU18,0.3802104606210124,0.06850120123871735,0.3491899385460899,0.3621044776883099,0.39312499976323245,4
Disgust__Sadness,Sadness → Disgust,AU20,0.02296990248942694,0.005861501759719536,0.022166150577569804,0.02560250634791255,0.026406258259769683,4
Disgust__Sadness,Sadness → Disgust,AU22,0.001746941053349708,0.0034937936228895917,5.7224326554021806e-11,6.636327682522622e-08,0.0017470073594022069,4
Disgust__Sadness,Sadness → Disgust,AU23,3.496593221674398e-34,6.993186443021047e-34,1.401298464324817e-45,2.3880461329535426e-44,3.4965932218991894e-34,4
Disgust__Sadness,Sadness → Disgust,AU24,0.28087197635689437,0.03910822086132275,0.2636232537587566,0.26970849717917944,0.28695721977731714,4
Disgust__Sadness,Sadness → Disgust,AU26,0.013049879562210315,0.00998495268644332,0.007179730964806714,0.011881894535845039,0.01775204313324864,4
Disgust__Sadness,Sadness → Disgust,AU28,0.07095895329076432,0.042107018562979374,0.05065245182232603,0.05653749999863155,0.07684400146706984,4
Disgust__Sadness,Sadness → Disgust,AU43,0.7295511870839921,0.17979490727372854,0.6880088066750432,0.801982367301692,0.843524747710641,4
Fear__Neutral,Fear: all,BrowLowererL,0.06675630180789535,0.09849841098540196,0.0001792049632906237,0.027902042315208424,0.092285033592816,54
Fear__Neutral,Fear: all,BrowLowererR,0.06361726683849464,0.09360588423911656,0.0004451910674622482,0.0332635527515473,0.06565890386700626,54
Fear__Neutral,Fear: all,CheekPuffL,0.0001668061940783621,0.0005402188686996755,4.125073880392028e-27,1.799318382092121e-12,1.0986525589663672e-07,54
Fear__Neutral,Fear: all,CheekPuffR,0.00015284663082023713,0.0005305110305176077,2.8097489820941085e-22,1.9952957581006875e-10,9.814376647098987e-08,54
Fear__Neutral,Fear: all,CheekRaiserL,0.09391164360504785,0.11518183695640362,0.00653929686583672,0.04635758862686615,0.1530732914494971,54
Fear__Neutral,Fear: all,CheekRaiserR,0.08332194912688201,0.10841682365952801,0.0036746688824260843,0.03764196652925113,0.1281211349414661,54
Fear__Neutral,Fear: all,CheekSuckL,2.9816738396887935e-10,1.888186757470434e-09,1.401298464324817e-45,1.401298464324817e-45,8.369711904564531e-33,54
Fear__Neutral,Fear: all,CheekSuckR,1.242019499051857e-09,5.7786094685767275e-09,0.0,1.401298464324817e-45,2.4430938076271027e-42,54
Fear__Neutral,Fear: all,ChinRaiserB,0.008004723760171032,0.021121899944622463,1.348976608168859e-13,9.273171442830782e-05,0.0025549623526753607,54
Fear__Neutral,Fear: all,ChinRaiserT,0.04993407872335829,0.06524475194884023,0.003782179944825585,0.02017510460440139,0.07008922328595751,54
Fear__Neutral,Fear: all,DimplerL,0.09110241199669565,0.11510451433579771,0.003380710621129552,0.049174306405954854,0.13344055650134878,54
Fear__Neutral,Fear: all,DimplerR,0.09266286655063309,0.11386128441588705,0.004300449512365661,0.051145029787827874,0.14236585367470977,54
Fear__Neutral,Fear: all,EyesClosedL,0.004800727607115374,0.013315312525899039,9.748366740153113e-20,1.9967348538632647e-10,9.363692243266783e-05,54
Fear__Neutral,Fear: all,EyesClosedR,0.009327611738396337,0.021561509580857577,1.4751711423957978e-21,1.1109092047188047e-07,0.003483203893255077,54
Fear__Neutral,Fear: all,EyesLookDownL,0.005430092082023683,0.01822493790096901,5.3569159305335516e-24,1.8228869922635657e-14,3.4234009954662445e-05,54
Fear__Neutral,Fear: all,EyesLookDownR,0.007603359133691111,0.01991673315132576,1.396248180038115e-23,9.658633413214506e-10,0.003286262464015947,54
Fear__Neutral,Fear: all,EyesLookLeftL,0.04182036352846166,0.06782276451040475,0.0,0.004164899097910757,0.059082654073912,54
Fear__Neutral,Fear: all,EyesLookLeftR,0.08152406460840547,0.0930593355888567,0.004631255251782312,0.05204728538325674,0.13482186222293724,54
Fear__Neutral,Fear: all,EyesLookRightL,0.08716889964771435,0.08433004899313754,0.005920521073373168,0.072377598825066,0.14648071325694517,54
Fear__Neutral,Fear: all,EyesLookRightR,0.04027761780735201,0.05820821799015277,0.0,0.005704429322698436,0.0681338186220576,54
Fear__Neutral,Fear: all,EyesLookUpL,0.046388334406677764,0.07050887338891124,0.0,0.0,0.08157111238688228,54
Fear__Neutral,Fear: all,EyesLookUpR,0.04636362778370694,0.07052723476023436,0.0,0.0,0.08133900910615917,54
Fear__Neutral,Fear: all,InnerBrowRaiserL,0.19252685401721106,0.18529192490556368,0.035683869906112345,0.1435338264952103,0.2883873161626096,54
Fear__Neutral,Fear: all,InnerBrowRaiserR,0.20316566116276855,0.1938839134207584,0.039562087975658224,0.14135603531807037,0.3176538108188879,54
Fear__Neutral,Fear: all,JawDrop,0.20471469390560035,0.21238064016300812,0.05123518075716023,0.11938226501470692,0.2732378841688235,54
Fear__Neutral,Fear: all,JawSidewaysLeft,0.0021341643582673225,0.0073655207986749105,1.49388470552434e-09,1.9402996370085055e-05,0.0018964680894015817,54
Fear__Neutral,Fear: all,JawSidewaysRight,0.005021357985150021,0.005800098904028013,0.0010310034859353798,0.0043592851424063914,0.00620330891083016,54
Fear__Neutral,Fear: all,JawThrust,0.029766742873695476,0.044499050224668234,0.00361915907740426,0.013818627145803935,0.038317886510103344,54
Fear__Neutral,Fear: all,LidTightenerL,0.09506143356547765,0.12812105802914991,3.963251412145214e-05,0.027363815333341198,0.16178761507211065,54
Fear__Neutral,Fear: all,LidTightenerR,0.1300746010557494,0.16702416391464087,0.003602150217393871,0.07531856420816133,0.18809409107392028,54
Fear__Neutral,Fear: all,LipCornerDepressorL,0.03281908991693611,0.04486052176734788,0.009882082731928631,0.015589181225151991,0.03396588806256959,54
Fear__Neutral,Fear: all,LipCornerDepressorR,0.027182726721615747,0.044423925303963156,0.004134467135130203,0.008616496649725938,0.02754429067549729,54
Fear__Neutral,Fear: all,LipCornerPullerL,0.05012560611577572,0.08104089086360218,0.00021649379213267537,0.014483774022152247,0.0744437747107739,54
Fear__Neutral,Fear: all,LipCornerPullerR,0.05079379094671078,0.08378942669609073,8.506217261474163e-05,0.011644977244935382,0.06686222280065215,54
Fear__Neutral,Fear: all,LipFunnelerLB,2.832846168916966e-06,2.071213159283122e-05,1.401298464324817e-45,1.401298464324817e-45,1.6472864688811993e-14,54
Fear__Neutral,Fear: all,LipFunnelerLT,0.00041981976900909787,0.0012286527476927233,5.768876610604477e-23,6.428864910425822e-12,9.33331551883224e-08,54
Fear__Neutral,Fear: all,LipFunnelerRB,5.9505893416903475e-06,3.0567714865732115e-05,1.401298464324817e-45,1.5464094121996362e-29,9.114204657830605e-14,54
Fear__Neutral,Fear: all,LipFunnelerRT,0.0006229301079729737,0.0018295428963873205,2.2127534777994514e-23,1.3165352652020902e-13,3.169998408205273e-07,54
Fear__Neutral,Fear: all,LipPressorL,9.522745256642185e-05,0.00032426665629180235,6.322525524172567e-31,1.6907242528807978e-15,1.6772780602738666e-08,54
Fear__Neutral,Fear: all,LipPressorR,5.488069975873377e-05,0.00028512766310862577,2.0875971091979353e-30,7.760347536376388e-16,1.1647605492265433e-09,54
Fear__Neutral,Fear: all,LipPuckerL,0.003269350054805418,0.005117392336127254,8.631964635519137e-12,0.00011912813709250475,0.005557259169245911,54
Fear__Neutral,Fear: all,LipPuckerR,0.0026853359461595843,0.005298694279690679,2.764941992735514e-15,2.7317642704079854e-08,0.005091353649710343,54
Fear__Neutral,Fear: all,LipStretcherL,0.07107840856589692,0.13019929848832748,0.0013820729928148239,0.012112719507054143,0.05320468804590795,54
Fear__Neutral,Fear: all,LipStretcherR,0.0774836073577629,0.14067225614557494,0.0022966348788028617,0.014543486162579333,0.052465564988405426,54
Fear__Neutral,Fear: all,LipSuckLB,0.05930284109455375,0.049856320813104274,0.027384292031638283,0.04857142785209964,0.06984988667536522,54
Fear__Neutral,Fear: all,LipSuckLT,0.027449423761796845,0.042891433129059534,0.0021717001404873014,0.006313426726559657,0.0359573970036611,54
Fear__Neutral,Fear: all,LipSuckRB,0.04590828259281145,0.04084481196580578,0.01645137337870626,0.03525686108817652,0.06093504316619748,54
Fear__Neutral,Fear: all,LipSuckRT,0.022890749095721082,0.03833466019257421,0.0017669288141026274,0.005588796981891386,0.021857121416804046,54
Fear__Neutral,Fear: all,LipTightenerL,0.001482832862651591,0.005987163975951683,9.28593095463116e-27,6.891433512623617e-14,1.8097473128094587e-07,54
Fear__Neutral,Fear: all,LipTightenerR,0.0017648221696622943,0.006542405968178349,4.464371347881827e-33,9.498982512798128e-15,1.6578828031360098e-09,54
Fear__Neutral,Fear: all,LipsToward,0.03406544003709882,0.02570874610323866,0.017930939902240983,0.026677706992874493,0.03574297134764489,54
Fear__Neutral,Fear: all,LowerLipDepressorL,0.05232198051772032,0.09420709794124013,1.0910990376274296e-05,0.015599952815039862,0.051802394740909655,54
Fear__Neutral,Fear: all,LowerLipDepressorR,0.051843893470766074,0.09590191692026927,3.0506904203787747e-05,0.014266524596937988,0.04883588658025368,54
Fear__Neutral,Fear: all,MouthLeft,0.004999696337063135,0.024215801707922976,1.1688597467618642e-06,0.0005663630068132178,0.0031974173384232323,54
Fear__Neutral,Fear: all,MouthRight,0.0006011796825310361,0.0017853332983872952,8.967966673685446e-31,1.9444917457816258e-12,2.1954460102655286e-05,54
Fear__Neutral,Fear: all,NoseWrinklerL,0.01409529606911539,0.037200955753535006,1.2102982573639554e-24,3.283229684238471e-10,0.0074250173896870325,54
Fear__Neutral,Fear: all,NoseWrinklerR,0.012665004856558337,0.03779876690102974,1.0552285739338513e-17,7.490075984183255e-09,0.0030184343552425007,54
Fear__Neutral,Fear: all,OuterBrowRaiserL,0.19099858513603002,0.1873422670677009,0.04098184733496353,0.13773373380924261,0.27734676251808804,54
Fear__Neutral,Fear: all,OuterBrowRaiserR,0.20069617813279594,0.19116925443192462,0.0566753218513137,0.14410268793095987,0.29811738850518543,54
Fear__Neutral,Fear: all,UpperLidRaiserL,0.2216262090418408,0.23071451205521956,0.029301060063668734,0.14609286993948695,0.3549957208369646,54
Fear__Neutral,Fear: all,UpperLidRaiserR,0.2799247355985454,0.2741786250689359,0.016391460785719857,0.1807303010387451,0.4582825815305114,54
Fear__Neutral,Fear: all,UpperLipRaiserL,0.12005821189822165,0.1629029089786266,0.0046733461895287435,0.06031130056052677,0.1625860305037349,54
Fear__Neutral,Fear: all,UpperLipRaiserR,0.13358314127658028,0.18587250776839376,0.0025099457351155387,0.060837762771795145,0.19219127662945534,54
Fear__Neutral,Fear: all,AU1,0.19784625758998978,0.18931544373169668,0.037076119823037317,0.1402715070173144,0.2972284005479322,54
Fear__Neutral,Fear: all,AU2,0.19584738163441298,0.18871033534301027,0.04844519113244128,0.14224877896873897,0.2880945988803129,54
Fear__Neutral,Fear: all,AU4,0.06518678432319498,0.09423009244708098,0.0006248841784391266,0.03160169692127961,0.07473568868202465,54
Fear__Neutral,Fear: all,AU5,0.25077547232019315,0.24166355826284577,0.03321528643546089,0.1737961538590219,0.4332662214622663,54
Fear__Neutral,Fear: all,AU6,0.08861679636596492,0.11140688467749131,0.004888095213432047,0.04199977757805864,0.1397466730015973,54
Fear__Neutral,Fear: all,AU7,0.11256801731061351,0.1422968127064943,0.003926651097316949,0.0692711975373828,0.16671985690374963,54
Fear__Neutral,Fear: all,AU8,0.03406544003709882,0.02570874610323866,0.017930939902240983,0.026677706992874493,0.03574297134764489,54
Fear__Neutral,Fear: all,AU9,0.013380150462836863,0.03741804316366407,8.877157947444876e-17,3.8499142376162866e-07,0.004924562189224672,54
Fear__Neutral,Fear: all,AU10,0.12682067658740093,0.17414157110112305,0.00355211078226102,0.0602234768060346,0.17738865356659514,54
Fear__Neutral,Fear: all,AU12,0.05045969853124325,0.0823705207666641,0.0002616350638177025,0.013102239113578922,0.07138482347751653,54
Fear__Neutral,Fear: all,AU14,0.09188263927366437,0.11445093054184191,0.0038405800667476063,0.04994190595558996,0.13474420206621288,54
Fear__Neutral,Fear: all,AU15,0.030000908319275932,0.044466290876098734,0.006221731506104184,0.012696031109438335,0.03101546585809648,54
Fear__Neutral,Fear: all,AU16,0.05208293699424319,0.09502328455086265,1.713014637964308e-05,0.014933238705988925,0.04932897622833894,54
Fear__Neutral,Fear: all,AU17,0.028969401241764652,0.03534428470660092,0.002324031429441439,0.013330244872615037,0.04700936862644161,54
Fear__Neutral,Fear: all,AU18,0.002977343000482502,0.005142154936720697,3.750889211747238e-11,0.0002104946327122961,0.004942042113803404,54
Fear__Neutral,Fear: all,AU20,0.0742810079618299,0.13540525493260436,0.002051791061237918,0.013785472807163942,0.052747608598137825,54
Fear__Neutral,Fear: all,AU22,0.0002628833281231697,0.0007540366996965844,6.788080581885423e-18,1.1686084029905497e-10,6.38618710504303e-07,54
Fear__Neutral,Fear: all,AU23,0.0016238275161569425,0.006161067432361275,6.305979202724039e-26,3.687929041792493e-13,5.813200059855159e-07,54
Fear__Neutral,Fear: all,AU24,7.505407616257781e-05,0.0002934822001492171,5.443182465729926e-27,1.071263462680276e-14,2.7915101716688167e-08,54
Fear__Neutral,Fear: all,AU26,0.20471469390560035,0.21238064016300812,0.05123518075716023,0.11938226501470692,0.2732378841688235,54
Fear__Neutral,Fear: all,AU28,0.03888782413622078,0.0364327825407663,0.015273835059518449,0.026503974541095,0.04951270013027307,54
Fear__Neutral,Fear: all,AU43,0.007064169672755855,0.01652721290544948,5.991528748180372e-14,3.3354959007979953e-06,0.004677942380415794,54
Fear__Neutral,Fear: correct,BrowLowererL,0.04345572338823085,0.08656003666370099,7.837155327668673e-07,0.0017953374438850899,0.03407384250313039,33
Fear__Neutral,Fear: correct,BrowLowererR,0.046749502496631665,0.08501882313656707,1.0391163908588889e-07,0.0038563713187613293,0.058574155997484875,33
Fear__Neutral,Fear: correct,CheekPuffL,9.817972402605541e-05,0.0003857044934160758,1.2205560592153122e-36,1.9213719634647117e-16,1.1023229593912221e-07,33
Fear__Neutral,Fear: correct,CheekPuffR,0.0001096511584566191,0.0004079859584077588,2.5951589898559354e-32,8.431419063817516e-12,8.334483859728792e-08,33
Fear__Neutral,Fear: correct,CheekRaiserL,0.06352058604045843,0.09445791771487157,0.0007778015385409006,0.02127639620957775,0.09454470795268809,33
Fear__Neutral,Fear: correct,CheekRaiserR,0.05251000625174728,0.08308596849893159,1.0454802613487265e-06,0.010533970637091699,0.08673336748033757,33
Fear__Neutral,Fear: correct,CheekSuckL,4.787492417071824e-10,2.41160215643299e-09,1.401298464324817e-45,1.401298464324817e-45,2.334631526778096e-19,33
Fear__Neutral,Fear: correct,CheekSuckR,1.443494598919296e-09,6.630099890362614e-09,0.0,1.401298464324817e-45,1.1204915257940456e-18,33
Fear__Neutral,Fear: correct,ChinRaiserB,0.00876074528389746,0.021971265645485745,2.6054619916939174e-15,0.0004781887866573735,0.003861231893744214,33
Fear__Neutral,Fear: correct,ChinRaiserT,0.04386433633227038,0.06076779265428304,0.0035967779587830415,0.01142102193552995,0.06582700237631794,33
Fear__Neutral,Fear: correct,DimplerL,0.07451366063939736,0.10486902193798497,0.0003871537536494544,0.0504812937850753,0.10335788552959756,33
Fear__Neutral,Fear: correct,DimplerR,0.07616677234245266,0.10431386700938677,0.0014143922004525927,0.053856958324710484,0.1016349318126837,33
Fear__Neutral,Fear: correct,EyesClosedL,0.003235995608610324,0.01020171015990264,5.753128051742755e-25,5.389854986692864e-15,3.641754335353641e-05,33
Fear__Neutral,Fear: correct,EyesClosedR,0.0030134361372180967,0.011244638921086837,5.283948200549707e-24,1.894780629575927e-15,0.0001447351821606473,33
Fear__Neutral,Fear: correct,EyesLookDownL,0.0062430345150807426,0.021836889095848123,6.388740695517057e-27,2.2476085429841864e-18,3.034109437696312e-07,33
Fear__Neutral,Fear: correct,EyesLookDownR,0.005960628187650132,0.022320472950302088,2.731817889637074e-27,1.936889856273776e-18,1.2469865851016948e-07,33
Fear__Neutral,Fear: correct,EyesLookLeftL,0.03262345663270668,0.06949978797379466,0.0,0.0,0.026275274483486995,33
Fear__Neutral,Fear: correct,EyesLookLeftR,0.07058599235818043,0.09382716628352449,0.0,0.046930138510651837,0.08373008916775383,33
Fear__Neutral,Fear: correct,EyesLookRightL,0.09732394151332564,0.0919298046236612,0.012553889226789258,0.07408130516608552,0.15737493832906085,33
Fear__Neutral,Fear: correct,EyesLookRightR,0.04895663058157124,0.06448828544409779,0.0,0.017940672114491442,0.08836621766289073,33
Fear__Neutral,Fear: correct,EyesLookUpL,0.051928626458546255,0.07056206175641144,0.0,0.00047458419576287006,0.10069202333688733,33
Fear__Neutral,Fear: correct,EyesLookUpR,0.051925939664649146,0.07059079128690707,0.0,0.0004748150783901367,0.09963193386793133,33
Fear__Neutral,Fear: correct,InnerBrowRaiserL,0.24244784837996844,0.1955381565920242,0.09900262742691358,0.16808225382119416,0.36697500937928756,33
Fear__Neutral,Fear: correct,InnerBrowRaiserR,0.2540996504143313,0.20521228505528818,0.10864833022157346,0.1598939165472984,0.39457275681197646,33
Fear__Neutral,Fear: correct,JawDrop,0.2488203237230044,0.21524762143091258,0.06100224833935494,0.2152447334801157,0.3317884167035421,33
Fear__Neutral,Fear: correct,JawSidewaysLeft,0.0008595912879629647,0.001388617172887433,1.2527721535098765e-09,2.6048270448744283e-05,0.0010116675321720729,33
Fear__Neutral,Fear: correct,JawSidewaysRight,0.005941570585164876,0.006982624260776014,0.000286036345434307,0.004362183002700669,0.007623895258681493,33
Fear__Neutral,Fear: correct,JawThrust,0.03429902658905681,0.05384922762306654,0.0030302253820028474,0.006380694898931896,0.0501107144599757,33
Fear__Neutral,Fear: correct,LidTightenerL,0.058707629018927086,0.09864978611796119,9.71386372726942e-07,0.0011528387534179496,0.06328974947876603,33
Fear__Neutral,Fear: correct,LidTightenerR,0.08617964988588568,0.14169894466296915,0.00028616851595867135,0.007067326950830899,0.12670465906461076,33
Fear__Neutral,Fear: correct,LipCornerDepressorL,0.038211939080122055,0.05078764977778993,0.010860053667177707,0.018181926788141293,0.039500452430608596,33
Fear__Neutral,Fear: correct,LipCornerDepressorR,0.03474891568108556,0.04990294856657818,0.005339268847334654,0.015170946800839925,0.03267409172840411,33
Fear__Neutral,Fear: correct,LipCornerPullerL,0.036914159466179056,0.07291543481133746,8.24275840281706e-05,0.009807159368847301,0.024666394945234003,33
Fear__Neutral,Fear: correct,LipCornerPullerR,0.036303894729555856,0.0738435585125478,1.2362298309466965e-06,0.007869190033640398,0.025439402973279308,33
Fear__Neutral,Fear: correct,LipFunnelerLB,2.2869219483540714e-08,9.679820980693844e-08,1.401298464324817e-45,2.849306877460461e-45,1.0896729248465618e-13,33
Fear__Neutral,Fear: correct,LipFunnelerLT,0.0003142231504734636,0.001065624664125341,1.9613513754412695e-23,1.5216492328654268e-10,1.088721834758416e-07,33
Fear__Neutral,Fear: correct,LipFunnelerRB,4.942101494691287e-08,1.4775165474604476e-07,1.401298464324817e-45,8.687579874221889e-27,3.6300028076761817e-13,33
Fear__Neutral,Fear: correct,LipFunnelerRT,0.0003659942294027165,0.0012032096304126823,1.6380997658866418e-30,8.389028352125763e-13,3.1955280578264503e-07,33
Fear__Neutral,Fear: correct,LipPressorL,0.00012491519230769605,0.0003817734547188865,7.041744247396135e-33,2.7394296590483633e-15,2.0103267001341658e-08,33
Fear__Neutral,Fear: correct,LipPressorR,8.971170702381159e-05,0.00036253562821787554,1.9125277912598584e-30,2.717852554232027e-15,2.709565725934025e-09,33
Fear__Neutral,Fear: correct,LipPuckerL,0.004395021893843386,0.005955036707190079,5.023843736673966e-09,0.0026999467417944383,0.006493169638055933,33
Fear__Neutral,Fear: correct,LipPuckerR,0.0036815407827129544,0.00625463758857499,4.2025823598418506e-16,3.882886028814437e-05,0.005520207035681915,33
Fear__Neutral,Fear: correct,LipStretcherL,0.07570919566701599,0.13402670097086516,1.9916298441756077e-05,0.004991720586379685,0.09113303987930214,33
Fear__Neutral,Fear: correct,LipStretcherR,0.08317420189712081,0.1469804263657115,0.0014660758645052075,0.005776823432051935,0.10846666426708297,33
Fear__Neutral,Fear: correct,LipSuckLB,0.04769871249479792,0.03457144732674057,0.026727496491124193,0.0397963691877214,0.0605752716461817,33
Fear__Neutral,Fear: correct,LipSuckLT,0.019092840778349704,0.030800125260649156,0.0014468446985602995,0.0047200062199711295,0.022153978981077627,33
Fear__Neutral,Fear: correct,LipSuckRB,0.03586009659282282,0.027671886437440216,0.015215816719318287,0.03313497575505072,0.046936449222266634,33
Fear__Neutral,Fear: correct,LipSuckRT,0.014187538284342651,0.0244043651813977,0.0015480952080183577,0.0036600205930101587,0.01180655910427178,33
Fear__Neutral,Fear: correct,LipTightenerL,0.001459683769634523,0.006136767743631724,7.40132468149728e-34,1.2563235523784388e-11,9.379916347575697e-07,33
Fear__Neutral,Fear: correct,LipTightenerR,0.001390005647482305,0.0063075766302589445,1.1011058379692443e-38,1.899085257683706e-14,4.8804502090918714e-09,33
Fear__Neutral,Fear: correct,LipsToward,0.03881265294398638,0.03099680972853247,0.018010156756887788,0.02637209954361116,0.052232310300072,33
Fear__Neutral,Fear: correct,LowerLipDepressorL,0.051938074111461195,0.08379638560061756,1.25471103052311e-13,0.007888434148729377,0.05517288219804561,33
Fear__Neutral,Fear: correct,LowerLipDepressorR,0.05235391512268718,0.08680673728234178,8.934394006797794e-10,0.006345650392086835,0.0539689551107585,33
Fear__Neutral,Fear: correct,MouthLeft,0.0014323435632085445,0.0018016777773802116,5.93168373046457e-09,0.0003824292041715507,0.0028895337287697643,33
Fear__Neutral,Fear: correct,MouthRight,0.0009256617942857394,0.002225138148673485,7.706998415437368e-25,1.481545857243384e-09,0.0002888073415720649,33
Fear__Neutral,Fear: correct,NoseWrinklerL,0.004686492965945049,0.015921014337922677,3.242742776723258e-30,4.647524483265398e-17,0.001562964053649796,33
Fear__Neutral,Fear: correct,NoseWrinklerR,0.003268239147956739,0.014277239680734391,3.487500919622528e-19,4.563413371876062e-11,1.8288719400075747e-05,33
Fear__Neutral,Fear: correct,OuterBrowRaiserL,0.2503124271250901,0.2033910935427647,0.08904168878992395,0.19837983709876422,0.38175459190194183,33
Fear__Neutral,Fear: correct,OuterBrowRaiserR,0.260883637971358,0.20872222382515837,0.08536326896137322,0.21692272946238514,0.38813746174176533,33
Fear__Neutral,Fear: correct,UpperLidRaiserL,0.29830145803169295,0.2525698172249581,0.0774576455714739,0.26257798771063484,0.5073632127719369,33
Fear__Neutral,Fear: correct,UpperLidRaiserR,0.39541919596230585,0.2868480728454243,0.11576623212974188,0.4316372886300087,0.6844719707965851,33
Fear__Neutral,Fear: correct,UpperLipRaiserL,0.09505058301952465,0.14814235513177315,0.003094951337731889,0.03656276346494794,0.0915162152300278,33
Fear__Neutral,Fear: correct,UpperLipRaiserR,0.10164539394867593,0.1667399299652794,0.001973546727291828,0.05072090318814537,0.08286727956712805,33
Fear__Neutral,Fear: correct,AU1,0.24827374939714986,0.20018083762370356,0.10382547882424352,0.17429927097012596,0.380773883095632,33
Fear__Neutral,Fear: correct,AU2,0.255598032548224,0.20546958929077136,0.08629019993046916,0.20642893966287368,0.3562449480096499,33
Fear__Neutral,Fear: correct,AU4,0.045102612942431265,0.08491978999008414,5.234991103775233e-07,0.005316122151452827,0.05319709604082159,33
Fear__Neutral,Fear: correct,AU5,0.3468603269969995,0.25460191621988143,0.12984857012576567,0.35569089231022666,0.5335522758225124,33
Fear__Neutral,Fear: correct,AU6,0.058015296146102846,0.0883717349524981,0.0003923300457889944,0.016616502300894308,0.09063903771651283,33
Fear__Neutral,Fear: correct,AU7,0.0724436394524064,0.11343897848645879,0.0028227039360774497,0.014980385100055012,0.09961484892034297,33
Fear__Neutral,Fear: correct,AU8,0.03881265294398638,0.03099680972853247,0.018010156756887788,0.02637209954361116,0.052232310300072,33
Fear__Neutral,Fear: correct,AU9,0.003977366056950894,0.015016805091822624,1.141329809244311e-17,1.4938664421468875e-08,0.0016359278328194398,33
Fear__Neutral,Fear: correct,AU10,0.09834798848410028,0.15709050340178193,0.00241159500772212,0.043641833326546656,0.089466400607489,33
Fear__Neutral,Fear: correct,AU12,0.03660902709786745,0.07333281028442398,7.976366856658575e-05,0.008838174701243848,0.025052898959256657,33
Fear__Neutral,Fear: correct,AU14,0.07534021649092501,0.10454639174367879,0.0009015922505148607,0.05216912605489289,0.10249640867114063,33
Fear__Neutral,Fear: correct,AU15,0.0364804273806038,0.05030099713653275,0.008103325095786762,0.016676436794490608,0.036941329953359955,33
Fear__Neutral,Fear: correct,AU16,0.05214599461707419,0.08527094133770426,8.634220138819648e-10,0.006984937799826792,0.054570918654402056,33
Fear__Neutral,Fear: correct,AU17,0.02631254080808392,0.033486202032205745,0.0035441037389835565,0.009679686067533989,0.04703987068688347,33
Fear__Neutral,Fear: correct,AU18,0.0040382813382781714,0.0060548466205981415,5.131665353870251e-09,0.0013693878010412914,0.006134806845998845,33
Fear__Neutral,Fear: correct,AU20,0.0794416987820684,0.14047557895783094,0.0008810351292292233,0.004117265919477093,0.09979985207319256,33
Fear__Neutral,Fear: correct,AU22,0.00017007241752765265,0.0005664563774628826,2.7152036866714968e-17,2.1095662494677877e-09,7.182065364361281e-07,33
Fear__Neutral,Fear: correct,AU23,0.0014248447085584137,0.006219611409454541,1.8238912873232885e-33,2.6649548509257215e-11,1.7524377487878004e-06,33
Fear__Neutral,Fear: correct,AU24,0.0001073134496657538,0.0003652152496238636,9.562638956299299e-31,1.8696628146965323e-14,1.4969228320807813e-08,33
Fear__Neutral,Fear: correct,AU26,0.2488203237230044,0.21524762143091258,0.06100224833935494,0.2152447334801157,0.3317884167035421,33
Fear__Neutral,Fear: correct,AU28,0.029209797037578273,0.023849999088504676,0.013581633519555325,0.0236929405302826,0.03982901244874783,33
Fear__Neutral,Fear: correct,AU43,0.0031247158729142102,0.010549493184689857,3.2646614674613346e-18,4.0179908768357195e-08,0.0009300823596011652,33
Fear__Neutral,Fear → Neutral,BrowLowererL,0.046708169123538035,0.039776896573692676,0.017674080187584464,0.037300776127570566,0.07500829951216773,6
Fear__Neutral,Fear → Neutral,BrowLowererR,0.03646264030610505,0.03299660200774787,0.014876230969093695,0.03740423925919455,0.04164715533843261,6
Fear__Neutral,Fear → Neutral,CheekPuffL,1.599453857650217e-05,3.917836751957749e-05,2.992995767512757e-20,1.7992223733404467e-12,1.3700139102306435e-10,6
Fear__Neutral,Fear → Neutral,CheekPuffR,3.829427021190602e-05,9.380120381517702e-05,3.9626574495195263e-20,1.0468099121005749e-10,2.2948501010645678e-10,6
Fear__Neutral,Fear → Neutral,CheekRaiserL,0.05282429438844292,0.027286847389469137,0.030996771599166043,0.054417970838646045,0.06203577614699797,6
Fear__Neutral,Fear → Neutral,CheekRaiserR,0.05715094116102485,0.022820901723677307,0.046782308553035015,0.05886707001676157,0.06325418390333648,6
Fear__Neutral,Fear → Neutral,CheekSuckL,1.167748720270681e-45,5.720777024902431e-46,1.401298464324817e-45,1.401298464324817e-45,1.401298464324817e-45,6
Fear__Neutral,Fear → Neutral,CheekSuckR,1.167748720270681e-45,5.720777024902431e-46,1.401298464324817e-45,1.401298464324817e-45,1.401298464324817e-45,6
Fear__Neutral,Fear → Neutral,ChinRaiserB,0.00011423817699887846,0.0001877596884186795,2.5501431762351343e-09,1.426332852939954e-06,0.00017872127009200926,6
Fear__Neutral,Fear → Neutral,ChinRaiserT,0.008150860866538509,0.014963127309052592,0.00040377216507327823,0.002632537863893682,0.004857220681663904,6
Fear__Neutral,Fear → Neutral,DimplerL,0.025584649356466916,0.04179685513591668,0.001197395841269417,0.007317279769738618,0.025920425303478094,6
Fear__Neutral,Fear → Neutral,DimplerR,0.0270291226312455,0.04142027124745089,0.0029377687510192454,0.010621494071596547,0.02680046728237769,6
Fear__Neutral,Fear → Neutral,EyesClosedL,0.011185313113085129,0.02738717768639053,7.275398296870185e-15,2.554133128897989e-07,1.6789176921247646e-05,6
Fear__Neutral,Fear → Neutral,EyesClosedR,0.02517999479922535,0.028282472737676288,0.004592698279182018,0.016884766919035087,0.037193592809489875,6
Fear__Neutral,Fear → Neutral,EyesLookDownL,0.008112748586228914,0.01868225515860086,1.6224130461187238e-10,1.3322606376305532e-09,0.0018619954864453104,6
Fear__Neutral,Fear → Neutral,EyesLookDownR,0.022287316445218874,0.0222928958127854,0.004157132956500682,0.018088423167421257,0.03773268124539106,6
Fear__Neutral,Fear → Neutral,EyesLookLeftL,0.05292891539607403,0.05367733024886802,0.006838387312988438,0.04397271189761036,0.09024877834405436,6
Fear__Neutral,Fear → Neutral,EyesLookLeftR,0.09347434599314712,0.08741975454953234,0.012451580539345737,0.09653535808126129,0.17318235163887338,6
Fear__Neutral,Fear → Neutral,EyesLookRightL,0.09404524397856827,0.09650683125086251,0.012017002453406644,0.07171315425075588,0.16353177837251373,6
Fear__Neutral,Fear → Neutral,EyesLookRightR,0.048190929734199806,0.05960125430141833,0.002148811695709201,0.02446259754942728,0.08278186439226067,6
Fear__Neutral,Fear → Neutral,EyesLookUpL,0.05201408250205631,0.09222842607476726,0.0,0.00012608101436247332,0.06358816877861193,6
Fear__Neutral,Fear → Neutral,EyesLookUpR,0.05215122357993903,0.09269042222591346,0.0,0.00012526734887311665,0.06322860428675385,6
Fear__Neutral,Fear → Neutral,InnerBrowRaiserL,0.008063940316142425,0.01705112482196613,0.000347041784444451,0.000678156132543984,0.0032062116233705484,6
Fear__Neutral,Fear → Neutral,InnerBrowRaiserR,0.010970663364309984,0.02185555161497493,0.00036597488582185324,0.00169454435854273,0.005866046825819123,6
Fear__Neutral,Fear → Neutral,JawDrop,0.04073493142146383,0.01427615413554186,0.032912142194497035,0.04180804473968838,0.05032635285440417,6
Fear__Neutral,Fear → Neutral,JawSidewaysLeft,0.0006107087626344961,0.0014702568686562267,1.483180259751176e-07,2.830025785966611e-06,3.646872019530594e-05,6
Fear__Neutral,Fear → Neutral,JawSidewaysRight,0.0008185029071950223,0.0007222224391160122,0.00014269552290213037,0.0009532834698297943,0.0014266390776247148,6
Fear__Neutral,Fear → Neutral,JawThrust,0.007448756294058531,0.007156397057689515,0.0024946247183611258,0.004696647404671197,0.010088019673877183,6
Fear__Neutral,Fear → Neutral,LidTightenerL,0.04762488081791175,0.07426173867680104,0.0023669880963845817,0.008506534322084652,0.06493135232368946,6
Fear__Neutral,Fear → Neutral,LidTightenerR,0.09527846836086874,0.08901792665594738,0.029063332017526464,0.08163190389509033,0.1415967216627905,6
Fear__Neutral,Fear → Neutral,LipCornerDepressorL,0.007567152589682398,0.003944471351760841,0.005625562187014978,0.009164659959606022,0.010371524805668697,6
Fear__Neutral,Fear → Neutral,LipCornerDepressorR,0.0021427161010536756,0.002886637561008046,1.3842573904967561e-05,0.0006021490657324059,0.004627011551107997,6
Fear__Neutral,Fear → Neutral,LipCornerPullerL,0.013253313530930627,0.024565042140687245,8.3615615796851e-05,0.0008741466405635699,0.012361684310483607,6
Fear__Neutral,Fear → Neutral,LipCornerPullerR,0.015004584469561428,0.02656009096075198,5.287070416267129e-05,0.0008480268482253478,0.016929342415232317,6
Fear__Neutral,Fear → Neutral,LipFunnelerLB,2.53692897153138e-05,6.214181460420325e-05,9.56257510058787e-33,2.6941809099581304e-21,5.130956572239185e-13,6
Fear__Neutral,Fear → Neutral,LipFunnelerLT,1.7581476385695076e-05,4.30656345794772e-05,2.549094374052231e-22,7.399995945293493e-18,1.7590801979744578e-11,6
Fear__Neutral,Fear → Neutral,LipFunnelerRB,2.4497643726124278e-05,6.000672677604334e-05,3.65450274142224e-32,3.728977317893729e-21,3.880217453212809e-13,6
Fear__Neutral,Fear → Neutral,LipFunnelerRT,0.0003420570444165766,0.0008363390970219607,3.1615557555838857e-15,2.1222989111202504e-12,2.3378125109227794e-06,6
Fear__Neutral,Fear → Neutral,LipPressorL,1.3511405335385365e-05,3.3036097112188916e-05,2.4595357096085133e-42,6.279850280363412e-23,9.183745864928265e-08,6
Fear__Neutral,Fear → Neutral,LipPressorR,7.760188913947225e-15,1.900850310524451e-14,1.401298464324817e-45,1.6071455065292938e-25,6.341725030343417e-23,6
Fear__Neutral,Fear → Neutral,LipPuckerL,3.5467657948536634e-05,5.54927956656761e-05,2.3620090214222956e-11,2.0761513791584246e-10,7.058778456704873e-05,6
Fear__Neutral,Fear → Neutral,LipPuckerR,5.3393290312373454e-05,8.91294934207195e-05,8.520262000833996e-12,7.875129924842505e-11,8.076786852002807e-05,6
Fear__Neutral,Fear → Neutral,LipStretcherL,0.006118410363494028,0.008390356195985002,0.0015975767029424522,0.0035338984068810954,0.005359921927060255,6
Fear__Neutral,Fear → Neutral,LipStretcherR,0.007952375480198422,0.0077024617749729025,0.004360508865759465,0.00554973942475949,0.007384660434452856,6
Fear__Neutral,Fear → Neutral,LipSuckLB,0.03353151870496745,0.03863655755750019,0.0077718939140333804,0.0288990058153795,0.034599074627890004,6
Fear__Neutral,Fear → Neutral,LipSuckLT,0.027130292549622074,0.05645278145115596,0.0006400663051550741,0.0037046122960644207,0.011305797659467293,6
Fear__Neutral,Fear → Neutral,LipSuckRB,0.024150842501360483,0.03001683084340293,0.004575404224425026,0.018026718027734458,0.024945552558396228,6
Fear__Neutral,Fear → Neutral,LipSuckRT,0.025129021340675576,0.05245427257502359,0.0005234563460981436,0.002910381437785145,0.010848829368743065,6
Fear__Neutral,Fear → Neutral,LipTightenerL,1.573006465179896e-05,3.853063021204197e-05,6.673065632361483e-22,2.4173117371802575e-13,2.5229096821451975e-12,6
Fear__Neutral,Fear → Neutral,LipTightenerR,1.115012830396765e-06,2.731210828669413e-06,5.103948018593466e-22,3.0723251189216657e-13,2.23787813643185e-12,6
Fear__Neutral,Fear → Neutral,LipsToward,0.01804272918185836,0.007853424965657049,0.014713443939884462,0.015175900910980953,0.01602327747192851,6
Fear__Neutral,Fear → Neutral,LowerLipDepressorL,0.033704419988573285,0.0250065826665533,0.015435613546121623,0.0372147731562583,0.04513306810314888,6
Fear__Neutral,Fear → Neutral,LowerLipDepressorR,0.03011138276449288,0.02187557536968157,0.014800358050499417,0.03250371191275883,0.04049068263744074,6
Fear__Neutral,Fear → Neutral,MouthLeft,0.0005615839010200935,0.001331138306456602,1.5937908058800616e-06,8.325418830084068e-06,5.86030989957675e-05,6
Fear__Neutral,Fear → Neutral,MouthRight,1.1014984811748496e-05,2.698109229084064e-05,1.401298464324817e-45,4.396720007602818e-23,3.4369090185220296e-14,6
Fear__Neutral,Fear → Neutral,NoseWrinklerL,0.0006657560278061021,0.0016307625610499068,7.062051295863974e-19,4.4323800914383406e-18,3.9376976985163556e-13,6
Fear__Neutral,Fear → Neutral,NoseWrinklerR,0.0007920979513307107,0.001940178126631264,9.392533385943279e-18,2.444458746796226e-12,8.830319848064244e-08,6
Fear__Neutral,Fear → Neutral,OuterBrowRaiserL,0.021478827948935384,0.02573122333576672,0.003729138197754985,0.009236588494935739,0.03246209108571439,6
Fear__Neutral,Fear → Neutral,OuterBrowRaiserR,0.019668982485392065,0.0304573507204663,0.00446048096904021,0.008173304510273698,0.014950622275379483,6
Fear__Neutral,Fear → Neutral,UpperLidRaiserL,0.10182031557638453,0.17513616820512642,0.0052380815793362494,0.03674820146212981,0.07658710388156276,6
Fear__Neutral,Fear → Neutral,UpperLidRaiserR,0.06957521014400624,0.1450222540756352,0.0012339494803402693,0.00855554817650496,0.030055874989678863,6
Fear__Neutral,Fear → Neutral,UpperLipRaiserL,0.029499457317296376,0.05866995298511589,0.0007538694301176598,0.006372498154831318,0.014195010620672056,6
Fear__Neutral,Fear → Neutral,UpperLipRaiserR,0.036371454495039736,0.07108360357402702,0.0005868072360239913,0.009138954839500541,0.018624021452160154,6
Fear__Neutral,Fear → Neutral,AU1,0.009517301840226205,0.01944734141300712,0.0005356791531845415,0.0010484590487028946,0.004494849603383908,6
Fear__Neutral,Fear → Neutral,AU2,0.020573905217163724,0.027475373939924184,0.004627534998508005,0.008704946502604716,0.023088305502998018,6
Fear__Neutral,Fear → Neutral,AU4,0.04158540471482154,0.023267839492602745,0.034780606022104574,0.045259262664088314,0.052825741899730244,6
Fear__Neutral,Fear → Neutral,AU5,0.08569776286019537,0.15951504798339966,0.004148212424241111,0.02829460666407534,0.046766560696460006,6
Fear__Neutral,Fear → Neutral,AU6,0.054987617774733884,0.02484724825626139,0.03888954007610053,0.056642520427703805,0.06264498002516723,6
Fear__Neutral,Fear → Neutral,AU7,0.07145167458939024,0.07737739724101074,0.015715160056955522,0.050863196580849736,0.09377111257897071,6
Fear__Neutral,Fear → Neutral,AU8,0.01804272918185836,0.007853424965657049,0.014713443939884462,0.015175900910980953,0.01602327747192851,6
Fear__Neutral,Fear → Neutral,AU9,0.0007289269895684064,0.0017854703437100773,5.049369257764839e-18,1.3534861662254825e-12,4.415166487062951e-08,6
Fear__Neutral,Fear → Neutral,AU10,0.03293545590616806,0.06487486094132043,0.0006703383330708256,0.007755726497165929,0.016409516036416102,6
Fear__Neutral,Fear → Neutral,AU12,0.014128949000246027,0.02554382448083519,8.021296534321958e-05,0.0008491169390310004,0.014645513362857961,6
Fear__Neutral,Fear → Neutral,AU14,0.026306885993856208,0.04159312608388701,0.002067582296144331,0.008969386920667581,0.026360446292927893,6
Fear__Neutral,Fear → Neutral,AU15,0.004854934345368036,0.0022906571378339116,0.004943406478999889,0.00533368799400096,0.005770152143898892,6
Fear__Neutral,Fear → Neutral,AU16,0.03190790137653308,0.023431313834626103,0.015117985798310519,0.03485924253450856,0.04281187537029481,6
Fear__Neutral,Fear → Neutral,AU17,0.0041325495217686935,0.007558997820111016,0.00029124671758264375,0.0013169795484659717,0.0024286141658108793,6
Fear__Neutral,Fear → Neutral,AU18,4.443047413045504e-05,7.181453794073842e-05,2.7237926242552012e-11,1.4318321858213376e-10,7.567781537578826e-05,6
Fear__Neutral,Fear → Neutral,AU20,0.007035392921846226,0.00797699681853987,0.0023640378584748258,0.004505052854567131,0.006079018974683931,6
Fear__Neutral,Fear → Neutral,AU22,0.00010237636356092744,0.0002503882799203925,7.903890026233307e-16,5.305765793848385e-13,5.844577507105404e-07,6
Fear__Neutral,Fear → Neutral,AU23,8.422538741097862e-06,2.0630920520355603e-05,5.888506825477474e-22,2.7448184280509616e-13,2.3803939092885237e-12,6
Fear__Neutral,Fear → Neutral,AU24,6.755702671572778e-06,1.6518048554207418e-05,4.017863766323235e-26,5.259190635317942e-23,4.5918746785066354e-08,6
Fear__Neutral,Fear → Neutral,AU26,0.04073493142146383,0.01427615413554186,0.032912142194497035,0.04180804473968838,0.05032635285440417,6
Fear__Neutral,Fear → Neutral,AU28,0.027485418774156393,0.033437625359820616,0.004985690027407865,0.012453701233463378,0.043849084642615055,6
Fear__Neutral,Fear → Neutral,AU43,0.018182653956155242,0.0265950282710944,0.0022963491395946462,0.008447937282948846,0.018599573316456952,6
Fear__Neutral,Neutral: all,BrowLowererL,0.035213486190360806,0.04791401772430199,0.00020218817036074635,0.010207441429762747,0.055244059763693516,54
Fear__Neutral,Neutral: all,BrowLowererR,0.03416419538152002,0.044778662423511355,0.0001445649166744834,0.010424000946189414,0.05343298549608633,54
Fear__Neutral,Neutral: all,CheekPuffL,6.473889480519815e-05,0.00022830391572144871,4.514902127393778e-34,4.197014088323142e-21,2.494011565033963e-08,54
Fear__Neutral,Neutral: all,CheekPuffR,0.0001411380598702317,0.0004817193111383957,1.6587858103039556e-32,3.3499127777445023e-14,1.000644727844798e-06,54
Fear__Neutral,Neutral: all,CheekRaiserL,0.07664415369342734,0.09623669441092383,0.0014511403282350505,0.04869966503853594,0.12098698088278369,54
Fear__Neutral,Neutral: all,CheekRaiserR,0.06046393929173118,0.08413652734968441,0.003993339843085129,0.029164230216216874,0.09407560843198245,54
Fear__Neutral,Neutral: all,CheekSuckL,2.673785896828264e-09,1.9648233130269048e-08,1.401298464324817e-45,1.401298464324817e-45,1.401298464324817e-45,54
Fear__Neutral,Neutral: all,CheekSuckR,1.6126258925646445e-09,1.1850330727839681e-08,0.0,1.401298464324817e-45,1.401298464324817e-45,54
Fear__Neutral,Neutral: all,ChinRaiserB,0.003570986374028626,0.0176915472335279,1.0805793363915562e-28,2.90224046305308e-16,3.197571560925825e-07,54
Fear__Neutral,Neutral: all,ChinRaiserT,0.008092537079991543,0.02190479061271191,4.919720854451658e-14,1.6094586257868374e-05,0.0031499423049107136,54
Fear__Neutral,Neutral: all,DimplerL,0.02043967821789157,0.04098838842121029,1.7928522046118118e-14,0.0011386150841571807,0.019669783004655245,54
Fear__Neutral,Neutral: all,DimplerR,0.01909103433997524,0.03982365369550147,1.733485571972406e-14,0.0010808081382912417,0.015173422606920246,54
Fear__Neutral,Neutral: all,EyesClosedL,0.017316467718587414,0.040090597840084806,1.5937456848104101e-18,1.3417465621987605e-05,0.008014553237550555,54
Fear__Neutral,Neutral: all,EyesClosedR,0.02775537453562009,0.0496830533268987,2.1491037849153757e-16,6.972040709605198e-05,0.03079563086512278,54
Fear__Neutral,Neutral: all,EyesLookDownL,0.009533914379960944,0.018279823418575866,2.0820346856302153e-27,1.9109587847755897e-09,0.009772963406328864,54
Fear__Neutral,Neutral: all,EyesLookDownR,0.01654949394177561,0.031024587199764923,1.9643432678276204e-27,3.632700779306898e-11,0.01682558797328961,54
Fear__Neutral,Neutral: all,EyesLookLeftL,0.06997373618132975,0.09657875769792064,0.0,0.024113792879506935,0.11796067352406678,54
Fear__Neutral,Neutral: all,EyesLookLeftR,0.11326119507400476,0.12302398716934675,0.003830143554053682,0.07482196806619562,0.19205735189219308,54
Fear__Neutral,Neutral: all,EyesLookRightL,0.08181374751877203,0.0818155257754887,0.0037204079378473738,0.06478520259261128,0.12731728623621164,54
Fear__Neutral,Neutral: all,EyesLookRightR,0.0389519437983781,0.05394292274525931,0.0,0.01842273588602739,0.06380596244707698,54
Fear__Neutral,Neutral: all,EyesLookUpL,0.07954438679803444,0.0996872023331056,0.0016575107583776032,0.025889286167997218,0.12664324532379392,54
Fear__Neutral,Neutral: all,EyesLookUpR,0.07956883542851922,0.09980723068161415,0.0016366928097947008,0.025829226686619196,0.12533087660315986,54
Fear__Neutral,Neutral: all,InnerBrowRaiserL,0.028003211675290116,0.05186596470786567,4.06008473007023e-05,0.0038653690542638725,0.02857798705887637,54
Fear__Neutral,Neutral: all,InnerBrowRaiserR,0.032033003473703366,0.05856087586870803,0.0002653032140416062,0.004951241044909643,0.03714531161361563,54
Fear__Neutral,Neutral: all,JawDrop,0.02597834514776122,0.0387092487500397,0.0036124992491598142,0.01030255429601914,0.02373095898268119,54
Fear__Neutral,Neutral: all,JawSidewaysLeft,0.00032571293577221414,0.0009747887938743111,4.551099527674827e-25,1.159306146186121e-13,5.099239896882759e-07,54
Fear__Neutral,Neutral: all,JawSidewaysRight,0.0005679855431086271,0.0011814555692227014,4.0935055644017364e-19,3.9176488197077237e-07,0.0003757278716197451,54
Fear__Neutral,Neutral: all,JawThrust,0.0007379640964604785,0.0021856890658863664,2.198507660411449e-18,1.5599941651099495e-08,5.266474824222947e-06,54
Fear__Neutral,Neutral: all,LidTightenerL,0.06549473242476607,0.09376441017416848,0.0011966285922171151,0.012991804607732582,0.10162523234394406,54
Fear__Neutral,Neutral: all,LidTightenerR,0.09200099764717473,0.13308456531048882,0.0020372647499073675,0.01782738287060203,0.13851825595678136,54
Fear__Neutral,Neutral: all,LipCornerDepressorL,0.009601306737260411,0.01878189113083792,1.72985332342271e-06,0.007533541270095119,0.010865511947000967,54
Fear__Neutral,Neutral: all,LipCornerDepressorR,0.006737998246198869,0.019216880425247378,7.200182258247359e-11,0.0014262333937202264,0.006429414018505931,54
Fear__Neutral,Neutral: all,LipCornerPullerL,0.022502599062619536,0.06671523006776603,8.812412921713666e-12,0.0008874162795379407,0.007299377695006597,54
Fear__Neutral,Neutral: all,LipCornerPullerR,0.023060865434461175,0.06785399221469968,1.605894642035278e-15,9.605162463767526e-05,0.008246102251654118,54
Fear__Neutral,Neutral: all,LipFunnelerLB,2.0613142107568935e-05,0.0001514749193884443,1.401298464324817e-45,1.401298464324817e-45,6.138043202472614e-31,54
Fear__Neutral,Neutral: all,LipFunnelerLT,0.0003416778635835594,0.0010187108462188768,1.0377086925458404e-28,3.3681636371007436e-17,5.125276451047738e-07,54
Fear__Neutral,Neutral: all,LipFunnelerRB,4.311973333517993e-05,0.00018959673527626017,1.401298464324817e-45,2.638334387164038e-41,4.461052987344233e-17,54
Fear__Neutral,Neutral: all,LipFunnelerRT,0.0006931533921076274,0.0024439771603597476,6.077854717166469e-29,2.245714052237725e-14,6.76448584501869e-07,54
Fear__Neutral,Neutral: all,LipPressorL,2.3704684157131865e-05,0.0001731043627896702,1.401298464324817e-45,1.2706087842255417e-29,5.12224605252593e-16,54
Fear__Neutral,Neutral: all,LipPressorR,1.7554447595757348e-05,0.0001285773345276982,1.401298464324817e-45,2.520056929534904e-31,5.034994547817874e-16,54
Fear__Neutral,Neutral: all,LipPuckerL,0.001128529528264097,0.004748013257382744,7.907230405344976e-28,1.1995270379351644e-12,1.1566556665892959e-07,54
Fear__Neutral,Neutral: all,LipPuckerR,0.001282052149001642,0.004689936087852108,6.517569860017071e-25,1.9653659792393011e-13,8.236055194589935e-08,54
Fear__Neutral,Neutral: all,LipStretcherL,0.005343808767008905,0.008265205644370523,5.343241581376997e-12,0.00011426198835056569,0.009322152797055075,54
Fear__Neutral,Neutral: all,LipStretcherR,0.0055936091226809,0.008672524595426197,2.235758184578007e-10,0.000594066724213381,0.00919641453462337,54
Fear__Neutral,Neutral: all,LipSuckLB,0.05743564112044931,0.06987138552283557,2.0567712390725385e-06,0.01976494899330036,0.11502743853876984,54
Fear__Neutral,Neutral: all,LipSuckLT,0.0154641070284149,0.03402846290230292,1.1482825994992182e-07,0.002683784547687836,0.015963315863978356,54
Fear__Neutral,Neutral: all,LipSuckRB,0.04678244450239256,0.05947671336476331,1.9875050624946583e-06,0.010611182106913433,0.09431797017653779,54
Fear__Neutral,Neutral: all,LipSuckRT,0.01187723882126779,0.029798246347132844,1.924164492549125e-09,0.0014591532764942456,0.012545585216801193,54
Fear__Neutral,Neutral: all,LipTightenerL,0.000964402811536854,0.0033951867872275567,1.524945935173937e-35,2.4569468326850345e-21,1.974418392224708e-10,54
Fear__Neutral,Neutral: all,LipTightenerR,0.0009419898956133795,0.0034883017715029194,1.244833635537265e-35,1.8880428040899783e-20,6.625617121681436e-10,54
Fear__Neutral,Neutral: all,LipsToward,0.01788257328658749,0.015353243916844731,0.0048682687823505015,0.013604013513152748,0.03154567225525772,54
Fear__Neutral,Neutral: all,LowerLipDepressorL,0.004163099640428,0.01917420437460584,4.057744306278833e-24,8.479940887987035e-13,3.3631250940979673e-07,54
Fear__Neutral,Neutral: all,LowerLipDepressorR,0.003770887171838346,0.017825334958754758,5.734855078721373e-25,9.617744637751001e-13,6.977640720674747e-07,54
Fear__Neutral,Neutral: all,MouthLeft,0.0019260320839164834,0.0031646110737625745,3.0862033556152334e-19,4.061063405515286e-05,0.0027033453099391774,54
Fear__Neutral,Neutral: all,MouthRight,0.0003290231009257119,0.001033505436875796,3.102553272729147e-40,6.394674269760191e-22,1.6630383997785654e-09,54
Fear__Neutral,Neutral: all,NoseWrinklerL,0.0019940913081899275,0.004625117692493846,3.390681005755644e-37,4.356498527566707e-19,0.001094480948082621,54
Fear__Neutral,Neutral: all,NoseWrinklerR,0.0008211375615553491,0.003937203032644767,1.273958950458579e-30,7.911435117577908e-15,5.644031738808085e-08,54
Fear__Neutral,Neutral: all,OuterBrowRaiserL,0.01873546388541344,0.051023655446667496,0.0005774732690472819,0.0034699331931771007,0.016925308705943536,54
Fear__Neutral,Neutral: all,OuterBrowRaiserR,0.02130337041971469,0.04522571444850686,0.0012884650372446064,0.005681113925523541,0.022247915167827113,54
Fear__Neutral,Neutral: all,UpperLidRaiserL,0.05013636503706803,0.10295899725286879,8.97541152200716e-16,0.001642688582780447,0.04669832820848867,54
Fear__Neutral,Neutral: all,UpperLidRaiserR,0.0837804665621628,0.12765032942636553,2.0543317263368672e-12,0.013580870123890493,0.1319026513646046,54
Fear__Neutral,Neutral: all,UpperLipRaiserL,0.024446595171917756,0.04947813127779794,6.485369063422617e-11,0.0015899264731046585,0.021713304410998977,54
Fear__Neutral,Neutral: all,UpperLipRaiserR,0.023648121665969052,0.048126083594056325,1.3291607235023785e-07,0.00199624393772408,0.01769882384687657,54
Fear__Neutral,Neutral: all,AU1,0.030018107574496737,0.054690008659022134,0.0003308532563153001,0.004480945548853731,0.03132553274699598,54
Fear__Neutral,Neutral: all,AU2,0.02001941715256406,0.04772024550072439,0.0012153725848406435,0.005269155291246789,0.018855977093092655,54
Fear__Neutral,Neutral: all,AU4,0.0346888407859404,0.04394099350029161,0.0002291032820958356,0.00951301416936224,0.06050805962198254,54
Fear__Neutral,Neutral: all,AU5,0.06695841579961541,0.10703052812007348,7.436346695503499e-11,0.020233862774737543,0.0947285384405319,54
Fear__Neutral,Neutral: all,AU6,0.06855404649257926,0.08966599720623078,0.0026466097189431093,0.04007732581715871,0.11155316942216204,54
Fear__Neutral,Neutral: all,AU7,0.07874786503597041,0.10285780198397232,0.003824947698881869,0.03701027387203559,0.1231636193735608,54
Fear__Neutral,Neutral: all,AU8,0.01788257328658749,0.015353243916844731,0.0048682687823505015,0.013604013513152748,0.03154567225525772,54
Fear__Neutral,Neutral: all,AU9,0.0014076144348726383,0.004057098243463261,3.26808076545122e-27,1.9074723903511994e-11,0.0005472404740420888,54
Fear__Neutral,Neutral: all,AU10,0.024047358418943402,0.04855478922106269,2.339396670454334e-05,0.0011933303753737365,0.023875664671262058,54
Fear__Neutral,Neutral: all,AU12,0.022781732248540357,0.06726844254926294,2.1463588446314172e-11,0.0006948391325259967,0.007772739973330357,54
Fear__Neutral,Neutral: all,AU14,0.019765356278933405,0.0403429931188201,6.941004770779886e-13,0.0016296664827550392,0.018636299146404127,54
Fear__Neutral,Neutral: all,AU15,0.008169652491729639,0.018921458154354746,7.395965648073437e-05,0.005264943113496831,0.00812528448698085,54
Fear__Neutral,Neutral: all,AU16,0.003966993406133173,0.018497908583366793,2.88859743519239e-24,8.260901058716333e-13,7.354007567018552e-07,54
Fear__Neutral,Neutral: all,AU17,0.005831761727010084,0.018225594476945283,3.9606315467615706e-14,8.04729312893999e-06,0.002888531251892337,54
Fear__Neutral,Neutral: all,AU18,0.0012052908386328694,0.004701124595294186,6.60003313829458e-25,1.2480548749280414e-10,1.6820421406879585e-07,54
Fear__Neutral,Neutral: all,AU20,0.005468708944844903,0.00838558474129955,2.3624546364455944e-09,0.0005833440234838125,0.008093009235380986,54
Fear__Neutral,Neutral: all,AU22,0.00027464103278348394,0.0008319915600400636,6.240503989511074e-26,5.786142111205405e-13,3.797727997358392e-07,54
Fear__Neutral,Neutral: all,AU23,0.0009531963535751169,0.003426294009068993,1.347873310317671e-32,2.658035592336478e-20,4.862750712460068e-10,54
Fear__Neutral,Neutral: all,AU24,2.0629565876444612e-05,0.00015084058045659933,1.401298464324817e-45,4.699663691308381e-26,4.541595807053935e-15,54
Fear__Neutral,Neutral: all,AU26,0.02597834514776122,0.0387092487500397,0.0036124992491598142,0.01030255429601914,0.02373095898268119,54
Fear__Neutral,Neutral: all,AU28,0.03288985786813115,0.040315054448702065,0.001146346463744575,0.015430891234891322,0.0597911953183492,54
Fear__Neutral,Neutral: all,AU43,0.022535921127103748,0.043460098743513774,1.1125110424216367e-15,0.0008391542667014765,0.02230894815240936,54
Fear__Neutral,Neutral: correct,BrowLowererL,0.03678443468049367,0.048844862530791185,0.00021140190277717604,0.009868377237580673,0.056943809186729255,51
Fear__Neutral,Neutral: correct,BrowLowererR,0.03211573618336465,0.04253971318035645,0.0001638362811225412,0.006743925856941704,0.050243119103833986,51
Fear__Neutral,Neutral: correct,CheekPuffL,6.327296151236722e-05,0.0002329703330507914,6.979956985947209e-35,1.4038580764720171e-21,1.227859247560891e-08,51
Fear__Neutral,Neutral: correct,CheekPuffR,0.00014416507992662923,0.0004948467090986103,1.0385773980302264e-33,4.454024854253631e-15,4.549946474308175e-07,51
Fear__Neutral,Neutral: correct,CheekRaiserL,0.07218360041436268,0.09610599645856081,0.001028402030189982,0.04584387491146719,0.11886149415125447,51
Fear__Neutral,Neutral: correct,CheekRaiserR,0.0579492942846146,0.08494587186364308,0.003209956849684413,0.028694888638953323,0.07739171677579479,51
Fear__Neutral,Neutral: correct,CheekSuckL,3.617060174137656e-17,1.9877378284425144e-16,1.401298464324817e-45,1.401298464324817e-45,1.401298464324817e-45,51
Fear__Neutral,Neutral: correct,CheekSuckR,1.4432004452063663e-16,1.0070753415474588e-15,0.0,1.401298464324817e-45,1.401298464324817e-45,51
Fear__Neutral,Neutral: correct,ChinRaiserB,0.0036660449147034287,0.018205813248810165,8.242428142921514e-31,1.541222510047959e-17,1.3289387187481177e-08,51
Fear__Neutral,Neutral: correct,ChinRaiserT,0.008148131090742436,0.022476977140605005,2.8451759866401666e-14,6.136258633377782e-07,0.0029010272463702866,51
Fear__Neutral,Neutral: correct,DimplerL,0.021052156432660507,0.04207568604348448,2.8955295267848373e-15,0.0007112666577919585,0.020273813087242673,51
Fear__Neutral,Neutral: correct,DimplerR,0.0195628276441534,0.04089931601884231,6.493316831281952e-15,0.0005956527660600801,0.01398306103662127,51
Fear__Neutral,Neutral: correct,EyesClosedL,0.017220477977501602,0.04085866394283791,7.160088653212374e-19,2.7729611776032095e-06,0.007239673174144083,51
Fear__Neutral,Neutral: correct,EyesClosedR,0.02790769704713976,0.050479885216484575,2.6977226789227305e-17,1.5351518077625335e-09,0.030410573604422068,51
Fear__Neutral,Neutral: correct,EyesLookDownL,0.009690827624646688,0.018751880826149574,6.038940053716729e-29,9.26647273603688e-15,0.008303112188919506,51
Fear__Neutral,Neutral: correct,EyesLookDownR,0.01706188196218998,0.031805868820165596,9.313615643186452e-30,1.6228046574078035e-13,0.016655970361898604,51
Fear__Neutral,Neutral: correct,EyesLookLeftL,0.07399581251086827,0.0979274512319374,0.0,0.02684924018879729,0.12164686669905977,51
Fear__Neutral,Neutral: correct,EyesLookLeftR,0.11904371092505896,0.12410573176179189,0.008548520800347119,0.08072441692153608,0.19653071860472357,51
Fear__Neutral,Neutral: correct,EyesLookRightL,0.08040907887115713,0.08338128642455718,0.001664690891144945,0.062451709558566396,0.1269180659515162,51
Fear__Neutral,Neutral: correct,EyesLookRightR,0.039320649353907514,0.055192257843681064,0.0,0.017497262482841783,0.06507328491037087,51
Fear__Neutral,Neutral: correct,EyesLookUpL,0.08224956522596043,0.1014480623083414,0.0018911333056166667,0.02710290728524944,0.133743746986147,51
Fear__Neutral,Neutral: correct,EyesLookUpR,0.0822765498592524,0.10157351835904561,0.001865018675258985,0.027100990169371134,0.13330618662391008,51
Fear__Neutral,Neutral: correct,InnerBrowRaiserL,0.02616642199652981,0.050971111128079595,3.4230084499613e-05,0.0026271214783870293,0.028402932847651104,51
Fear__Neutral,Neutral: correct,InnerBrowRaiserR,0.028823857784461965,0.05606644911312148,0.00023149241085830492,0.003885996053660745,0.03337659005289116,51
Fear__Neutral,Neutral: correct,JawDrop,0.026461910065886773,0.03971867407222591,0.003262471199347251,0.00973946497154728,0.023470785127331764,51
Fear__Neutral,Neutral: correct,JawSidewaysLeft,0.00028547818589784744,0.0009247846484773006,9.985202220631325e-31,5.5377620420918464e-14,4.845104881472569e-07,51
Fear__Neutral,Neutral: correct,JawSidewaysRight,0.0005423945441904528,0.0011914919755975396,2.6564138764390575e-21,2.4511796796721406e-07,0.0002596708914018274,51
Fear__Neutral,Neutral: correct,JawThrust,0.0006000241196218353,0.0018904978553014732,2.3587612562736623e-18,2.7068810702624393e-08,4.117724045157636e-06,51
Fear__Neutral,Neutral: correct,LidTightenerL,0.06032106000502735,0.09234763731193028,0.000978040998424783,0.011346314638885555,0.08838626823077596,51
Fear__Neutral,Neutral: correct,LidTightenerR,0.08494988249864197,0.12346254232588795,0.0020443070369403475,0.017271643428057325,0.1344899684966852,51
Fear__Neutral,Neutral: correct,LipCornerDepressorL,0.00954496242830289,0.019334944538407717,2.9631580263505783e-07,0.006739326958389284,0.010590616065383026,51
Fear__Neutral,Neutral: correct,LipCornerDepressorR,0.006704691384664708,0.019781757509547443,3.035901913469178e-11,0.0007365150772772605,0.006180013560515318,51
Fear__Neutral,Neutral: correct,LipCornerPullerL,0.02207935717290182,0.06834285834076873,2.3723305681220277e-12,0.00048386932462561534,0.006799386213676453,51
Fear__Neutral,Neutral: correct,LipCornerPullerR,0.02263621370435085,0.06945545861690855,1.2896401852598496e-17,3.0067645030093098e-05,0.007204429589165109,51
Fear__Neutral,Neutral: correct,LipFunnelerLB,2.1825679668674032e-05,0.00015586640604970287,1.401298464324817e-45,1.401298464324817e-45,4.484405035625684e-31,51
Fear__Neutral,Neutral: correct,LipFunnelerLT,0.00032336415115174995,0.0010211314968456857,2.036515299236987e-28,7.553697121259352e-18,4.934574518049294e-07,51
Fear__Neutral,Neutral: correct,LipFunnelerRB,4.56561878516533e-05,0.0001948989903136024,1.401298464324817e-45,5.276528644481643e-41,2.99772431076958e-17,51
Fear__Neutral,Neutral: correct,LipFunnelerRT,0.0007118335922781046,0.002511587344846138,1.2148673846911234e-28,1.171473696184153e-16,6.027402567979993e-07,51
Fear__Neutral,Neutral: correct,LipPressorL,2.509907734284223e-05,0.0001781216710559502,1.401298464324817e-45,2.5050382279374826e-29,3.320845747320101e-15,51
Fear__Neutral,Neutral: correct,LipPressorR,1.8587062160146683e-05,0.0001323045036081009,1.401298464324817e-45,4.471147541290674e-31,3.62498926987758e-16,51
Fear__Neutral,Neutral: correct,LipPuckerL,0.000996733770718566,0.004729487492017888,1.456904648258217e-28,6.878677955829838e-15,6.536526201471233e-08,51
Fear__Neutral,Neutral: correct,LipPuckerR,0.0012040719424197797,0.004731549774323725,2.478912499506811e-25,3.680933010465475e-15,7.474963248062123e-08,51
Fear__Neutral,Neutral: correct,LipStretcherL,0.0053490539929888494,0.008378990191672505,2.6637285523572603e-12,3.879917506636558e-06,0.009238707883438672,51
Fear__Neutral,Neutral: correct,LipStretcherR,0.005608626375382504,0.008791619816384488,2.0676597187473154e-10,3.663809523706727e-05,0.009026068185145605,51
Fear__Neutral,Neutral: correct,LipSuckLB,0.05683788304859746,0.0687018410089678,1.1107350028106977e-06,0.01978197260759767,0.11316251717507836,51
Fear__Neutral,Neutral: correct,LipSuckLT,0.015903217366154222,0.03497081202289474,5.801993909085851e-08,0.0010745641569147905,0.01876612876377708,51
Fear__Neutral,Neutral: correct,LipSuckRB,0.04609924065906965,0.058106605460354566,1.4856653924766778e-06,0.010865148529410307,0.09298949837684627,51
Fear__Neutral,Neutral: correct,LipSuckRT,0.012178996370447732,0.030630156567313625,7.282977795727344e-11,0.0007452957875211364,0.012245793927154643,51
Fear__Neutral,Neutral: correct,LipTightenerL,0.0006741358081783555,0.0025487857428461184,1.0443365980673382e-40,3.3963969391719847e-23,8.569428274461687e-11,51
Fear__Neutral,Neutral: correct,LipTightenerR,0.0005839125274463002,0.0021482320575580975,1.8240235010628034e-43,4.804216001524292e-21,1.2258019335848713e-10,51
Fear__Neutral,Neutral: correct,LipsToward,0.017542466621613243,0.015473778703308584,0.004662762316487063,0.013584288302808953,0.03134180723379051,51
Fear__Neutral,Neutral: correct,LowerLipDepressorL,0.00440798784713312,0.019713144516054312,4.3334124687137264e-21,9.208381023139457e-13,6.462810933867412e-07,51
Fear__Neutral,Neutral: correct,LowerLipDepressorR,0.003992704038953218,0.018327677386661405,9.843364997050021e-21,1.5322683956105414e-12,5.558249536649796e-06,51
Fear__Neutral,Neutral: correct,MouthLeft,0.0018138072467764517,0.0030702236110070956,7.199991386099226e-26,1.3742954653052826e-06,0.002542579892101043,51
Fear__Neutral,Neutral: correct,MouthRight,0.0003128988514374678,0.001041054938949426,3.857316447688387e-40,4.771935728159626e-23,1.3724825183043104e-09,51
Fear__Neutral,Neutral: correct,NoseWrinklerL,0.0018905956750934526,0.004661309087743212,1.3731125576045453e-37,7.623671152637318e-21,0.0005185014454863042,51
Fear__Neutral,Neutral: correct,NoseWrinklerR,0.0008072560858445335,0.004036585549848072,2.459583060792506e-30,7.083660744486238e-15,4.0016059225507085e-08,51
Fear__Neutral,Neutral: correct,OuterBrowRaiserL,0.01914713989107507,0.05246762873139561,0.00048600701561007313,0.0034633178135360233,0.016231039194917637,51
Fear__Neutral,Neutral: correct,OuterBrowRaiserR,0.021395897858073453,0.046545601161942486,0.001160387629397473,0.004539827232656476,0.021853613473164495,51
Fear__Neutral,Neutral: correct,UpperLidRaiserL,0.053044130850111955,0.10526772162753739,4.7278820432086443e-14,0.0021873611956844544,0.05793540156446393,51
Fear__Neutral,Neutral: correct,UpperLidRaiserR,0.08556303404680177,0.130446683549441,4.059455694459618e-12,0.011272264590176403,0.13968494856380853,51
Fear__Neutral,Neutral: correct,UpperLipRaiserL,0.023580652406320488,0.04945284858223104,8.89894294983713e-11,0.0013308700574649523,0.021300295057396043,51
Fear__Neutral,Neutral: correct,UpperLipRaiserR,0.0231710470974498,0.04877310108265201,1.3469808951412406e-08,0.0019656387556794062,0.016940859301636562,51
Fear__Neutral,Neutral: correct,AU1,0.027495139890495887,0.053027311905158483,0.00030518981455616745,0.00395946209270425,0.029720343354953556,51
Fear__Neutral,Neutral: correct,AU2,0.020271518874574262,0.04910274042170902,0.0011214625955482185,0.0050477780587091705,0.01863798157088841,51
Fear__Neutral,Neutral: correct,AU4,0.03445008543192916,0.04443372690416909,0.00024210237537732507,0.008063847345592855,0.05937396249695055,51
Fear__Neutral,Neutral: correct,AU5,0.06930358244845687,0.10951267207189307,1.3549351796067404e-10,0.020345398752639673,0.09915532201737542,51
Fear__Neutral,Neutral: correct,AU6,0.06506644734948863,0.09004073014318344,0.002294160530682733,0.035421663103625135,0.10359584419056769,51
Fear__Neutral,Neutral: correct,AU7,0.07263547125183467,0.09672963822861988,0.003393887574287085,0.03393222317294611,0.11520642144059536,51
Fear__Neutral,Neutral: correct,AU8,0.017542466621613243,0.015473778703308584,0.004662762316487063,0.013584288302808953,0.03134180723379051,51
Fear__Neutral,Neutral: correct,AU9,0.001348925880468993,0.004124663854168319,1.0099498508032107e-27,7.2826158615256e-13,0.0002592507227460953,51
Fear__Neutral,Neutral: correct,AU10,0.02337584975188514,0.04888171678021052,8.790743034321555e-07,0.0011773906741119027,0.02240562057122583,51
Fear__Neutral,Neutral: correct,AU12,0.022357785438626335,0.06888296575179684,2.4244170989424684e-12,0.0002978263830300616,0.007001907901420781,51
Fear__Neutral,Neutral: correct,AU14,0.020307492038406948,0.0414234649852969,2.6951757613732567e-14,0.001565963510522403,0.018289157168116264,51
Fear__Neutral,Neutral: correct,AU15,0.008124826906483798,0.019478405451005973,2.4070622660661075e-06,0.0045104110915227275,0.00792981455567007,51
Fear__Neutral,Neutral: correct,AU16,0.004200345943043169,0.019018496647555904,1.0267254006420552e-20,9.961208946164643e-13,4.363524700477292e-06,51
Fear__Neutral,Neutral: correct,AU17,0.005907088002722931,0.018746532375723865,1.872271257969754e-14,2.499543249669376e-06,0.0025861177458515175,51
Fear__Neutral,Neutral: correct,AU18,0.001100402856569173,0.004714013450169729,2.4817276028243364e-25,1.1657003902152367e-10,1.0646316455148116e-07,51
Fear__Neutral,Neutral: correct,AU20,0.005478840184185677,0.008498248523141768,1.1605892038473307e-09,6.280281211739841e-05,0.008072327658373932,51
Fear__Neutral,Neutral: correct,AU22,0.00027566990273754556,0.0008519319087032065,1.168709914748447e-25,2.504402097861381e-14,3.290707022397899e-07,51
Fear__Neutral,Neutral: correct,AU23,0.0006290241678123277,0.0023452643660007316,4.106895250387297e-34,2.2747223377699727e-20,1.3730222624856326e-10,51
Fear__Neutral,Neutral: correct,AU24,2.184306975149445e-05,0.00015521281123815597,1.401298464324817e-45,9.231122087229044e-26,2.5415688851486405e-14,51
Fear__Neutral,Neutral: correct,AU26,0.026461910065886773,0.03971867407222591,0.003262471199347251,0.00973946497154728,0.023470785127331764,51
Fear__Neutral,Neutral: correct,AU28,0.03275483436106727,0.04013077749032977,0.0006477363091647477,0.015463480831621777,0.05715456146175269,51
Fear__Neutral,Neutral: correct,AU43,0.02256408751232068,0.04418794548813007,4.125497186221497e-16,0.0005465285945615401,0.02216714851564154,51
Fear__Neutral,Neutral → Fear,BrowLowererL,,,,,,0
Fear__Neutral,Neutral → Fear,BrowLowererR,,,,,,0
Fear__Neutral,Neutral → Fear,CheekPuffL,,,,,,0
Fear__Neutral,Neutral → Fear,CheekPuffR,,,,,,0
Fear__Neutral,Neutral → Fear,CheekRaiserL,,,,,,0
Fear__Neutral,Neutral → Fear,CheekRaiserR,,,,,,0
Fear__Neutral,Neutral → Fear,CheekSuckL,,,,,,0
Fear__Neutral,Neutral → Fear,CheekSuckR,,,,,,0
Fear__Neutral,Neutral → Fear,ChinRaiserB,,,,,,0
Fear__Neutral,Neutral → Fear,ChinRaiserT,,,,,,0
Fear__Neutral,Neutral → Fear,DimplerL,,,,,,0
Fear__Neutral,Neutral → Fear,DimplerR,,,,,,0
Fear__Neutral,Neutral → Fear,EyesClosedL,,,,,,0
Fear__Neutral,Neutral → Fear,EyesClosedR,,,,,,0
Fear__Neutral,Neutral → Fear,EyesLookDownL,,,,,,0
Fear__Neutral,Neutral → Fear,EyesLookDownR,,,,,,0
Fear__Neutral,Neutral → Fear,EyesLookLeftL,,,,,,0
Fear__Neutral,Neutral → Fear,EyesLookLeftR,,,,,,0
Fear__Neutral,Neutral → Fear,EyesLookRightL,,,,,,0
Fear__Neutral,Neutral → Fear,EyesLookRightR,,,,,,0
Fear__Neutral,Neutral → Fear,EyesLookUpL,,,,,,0
Fear__Neutral,Neutral → Fear,EyesLookUpR,,,,,,0
Fear__Neutral,Neutral → Fear,InnerBrowRaiserL,,,,,,0
Fear__Neutral,Neutral → Fear,InnerBrowRaiserR,,,,,,0
Fear__Neutral,Neutral → Fear,JawDrop,,,,,,0
Fear__Neutral,Neutral → Fear,JawSidewaysLeft,,,,,,0
Fear__Neutral,Neutral → Fear,JawSidewaysRight,,,,,,0
Fear__Neutral,Neutral → Fear,JawThrust,,,,,,0
Fear__Neutral,Neutral → Fear,LidTightenerL,,,,,,0
Fear__Neutral,Neutral → Fear,LidTightenerR,,,,,,0
Fear__Neutral,Neutral → Fear,LipCornerDepressorL,,,,,,0
Fear__Neutral,Neutral → Fear,LipCornerDepressorR,,,,,,0
Fear__Neutral,Neutral → Fear,LipCornerPullerL,,,,,,0
Fear__Neutral,Neutral → Fear,LipCornerPullerR,,,,,,0
Fear__Neutral,Neutral → Fear,LipFunnelerLB,,,,,,0
Fear__Neutral,Neutral → Fear,LipFunnelerLT,,,,,,0
Fear__Neutral,Neutral → Fear,LipFunnelerRB,,,,,,0
Fear__Neutral,Neutral → Fear,LipFunnelerRT,,,,,,0
Fear__Neutral,Neutral → Fear,LipPressorL,,,,,,0
Fear__Neutral,Neutral → Fear,LipPressorR,,,,,,0
Fear__Neutral,Neutral → Fear,LipPuckerL,,,,,,0
Fear__Neutral,Neutral → Fear,LipPuckerR,,,,,,0
Fear__Neutral,Neutral → Fear,LipStretcherL,,,,,,0
Fear__Neutral,Neutral → Fear,LipStretcherR,,,,,,0
Fear__Neutral,Neutral → Fear,LipSuckLB,,,,,,0
Fear__Neutral,Neutral → Fear,LipSuckLT,,,,,,0
Fear__Neutral,Neutral → Fear,LipSuckRB,,,,,,0
Fear__Neutral,Neutral → Fear,LipSuckRT,,,,,,0
Fear__Neutral,Neutral → Fear,LipTightenerL,,,,,,0
Fear__Neutral,Neutral → Fear,LipTightenerR,,,,,,0
Fear__Neutral,Neutral → Fear,LipsToward,,,,,,0
Fear__Neutral,Neutral → Fear,LowerLipDepressorL,,,,,,0
Fear__Neutral,Neutral → Fear,LowerLipDepressorR,,,,,,0
Fear__Neutral,Neutral → Fear,MouthLeft,,,,,,0
Fear__Neutral,Neutral → Fear,MouthRight,,,,,,0
Fear__Neutral,Neutral → Fear,NoseWrinklerL,,,,,,0
Fear__Neutral,Neutral → Fear,NoseWrinklerR,,,,,,0
Fear__Neutral,Neutral → Fear,OuterBrowRaiserL,,,,,,0
Fear__Neutral,Neutral → Fear,OuterBrowRaiserR,,,,,,0
Fear__Neutral,Neutral → Fear,UpperLidRaiserL,,,,,,0
Fear__Neutral,Neutral → Fear,UpperLidRaiserR,,,,,,0
Fear__Neutral,Neutral → Fear,UpperLipRaiserL,,,,,,0
Fear__Neutral,Neutral → Fear,UpperLipRaiserR,,,,,,0
Fear__Neutral,Neutral → Fear,AU1,,,,,,0
Fear__Neutral,Neutral → Fear,AU2,,,,,,0
Fear__Neutral,Neutral → Fear,AU4,,,,,,0
Fear__Neutral,Neutral → Fear,AU5,,,,,,0
Fear__Neutral,Neutral → Fear,AU6,,,,,,0
Fear__Neutral,Neutral → Fear,AU7,,,,,,0
Fear__Neutral,Neutral → Fear,AU8,,,,,,0
Fear__Neutral,Neutral → Fear,AU9,,,,,,0
Fear__Neutral,Neutral → Fear,AU10,,,,,,0
Fear__Neutral,Neutral → Fear,AU12,,,,,,0
Fear__Neutral,Neutral → Fear,AU14,,,,,,0
Fear__Neutral,Neutral → Fear,AU15,,,,,,0
Fear__Neutral,Neutral → Fear,AU16,,,,,,0
Fear__Neutral,Neutral → Fear,AU17,,,,,,0
Fear__Neutral,Neutral → Fear,AU18,,,,,,0
Fear__Neutral,Neutral → Fear,AU20,,,,,,0
Fear__Neutral,Neutral → Fear,AU22,,,,,,0
Fear__Neutral,Neutral → Fear,AU23,,,,,,0
Fear__Neutral,Neutral → Fear,AU24,,,,,,0
Fear__Neutral,Neutral → Fear,AU26,,,,,,0
Fear__Neutral,Neutral → Fear,AU28,,,,,,0
Fear__Neutral,Neutral → Fear,AU43,,,,,,0
