reenactment_id,true_label,fea_name,max_positive_step_change,step_of_max_positive_change,max_absolute_step_change,step_of_max_absolute_change,step_of_max_value,max_value,mean_curve_max_positive_step_change,mean_curve_max_absolute_step_change
1700478995850-2-1-1-0-0,Anger,BrowLowererL,0.0217724442481993,21.0,0.1261552572250366,29,1,0.2998585402965545,,
1700479004312-2-1-1-3-0,Anger,BrowLowererL,0.1076350361108779,28.0,0.1076350361108779,28,30,0.244739830493927,,
1700479005401-2-1-1-4-0,Anger,BrowLowererL,0.0223159492015839,12.0,0.0810232311487198,29,21,0.3236370980739593,,
1700479253441-2-1-3-8-0,Anger,BrowLowererL,0.0752986818552017,15.0,0.0752986818552017,15,30,0.3168025314807892,,
1700479258342-2-1-3-10-0,Anger,BrowLowererL,-1.193245111608121e-07,,5.4439966334e-05,2,1,0.0002283666399307,,
1700479424021-2-1-4-7-0,Anger,BrowLowererL,0.1833627074956894,18.0,0.1833627074956894,18,24,0.3459590673446655,,
1700485984070-1-2-1-3-0,Anger,BrowLowererL,0.1085500097833574,23.0,0.1085500097833574,23,30,0.2852759957313537,,
1700485986655-1-2-1-4-0,Anger,BrowLowererL,0.150759719479538,19.0,0.150759719479538,19,30,0.3302911818027496,,
1700486194530-1-2-3-2-0,Anger,BrowLowererL,0.0691365823149681,15.0,0.0691365823149681,15,26,0.2990485429763794,,
1700486206530-1-2-3-8-0,Anger,BrowLowererL,0.19458369910717,27.0,0.19458369910717,27,28,0.4288065731525421,,
1700486210764-1-2-3-10-0,Anger,BrowLowererL,0.0581356734037399,4.0,0.07659762352705,29,23,0.2379009872674942,,
1700486374506-1-2-4-7-0,Anger,BrowLowererL,0.0773817747831345,13.0,0.0773817747831345,13,19,0.2542758882045746,,
1700486387051-1-2-4-14-0,Anger,BrowLowererL,0.0363225713372231,8.0,0.1040559858083725,28,23,0.240362673997879,,
1700486401119-1-2-4-22-0,Anger,BrowLowererL,0.0339870452880859,18.0,0.0339870452880859,18,26,0.2543498575687408,,
1700487866802-0-3-1-0-0,Anger,BrowLowererL,0.0112340897321701,2.0,0.0151851177215576,30,18,0.2910582721233368,,
1700488090511-0-3-3-8-0,Anger,BrowLowererL,0.0580776035785675,20.0,0.0580776035785675,20,22,0.307133287191391,,
1700489641802-0-4-1-3-0,Anger,BrowLowererL,0.1441647112369538,23.0,0.1441647112369538,23,29,0.5936650037765503,,
1700489860330-0-4-3-2-0,Anger,BrowLowererL,0.0076853930950164,19.0,0.0153030157089232,27,25,0.5061356425285339,,
1700489872365-0-4-3-8-0,Anger,BrowLowererL,0.0663675963878631,8.0,0.0663675963878631,8,12,0.4947876036167145,,
1700489875595-0-4-3-10-0,Anger,BrowLowererL,0.0451743602752685,21.0,0.0451743602752685,21,30,0.4093528687953949,,
1700490066629-0-4-4-14-0,Anger,BrowLowererL,0.0568857192993163,23.0,0.0568857192993163,23,30,0.3622900545597076,,
1700490080899-0-4-4-22-0,Anger,BrowLowererL,0.1132951527833938,19.0,0.1132951527833938,19,28,0.3079967498779297,,
1700491410885-1-5-1-0-0,Anger,BrowLowererL,0.2021410055458546,6.0,0.2021410055458546,6,30,0.9743616580963136,,
1700491418662-1-5-1-3-0,Anger,BrowLowererL,0.2004797011613845,7.0,0.2004797011613845,7,22,0.8841062784194946,,
1700491618203-1-5-3-2-0,Anger,BrowLowererL,0.0081216096878051,27.0,0.039293348789215,24,21,0.999954342842102,,
1700491630998-1-5-3-8-0,Anger,BrowLowererL,0.0178366303443908,9.0,0.1146806478500366,24,15,0.8024398684501648,,
1700491802418-1-5-4-7-0,Anger,BrowLowererL,0.0145054459571838,5.0,0.0161009430885314,2,20,0.8696956634521484,,
1700491807581-1-5-4-10-0,Anger,BrowLowererL,0.2539626955986023,13.0,0.2539626955986023,13,24,0.8889141082763672,,
1700491814844-1-5-4-14-0,Anger,BrowLowererL,0.0258182883262635,2.0,0.0258182883262635,2,19,0.9999980926513672,,
1700491829230-1-5-4-22-0,Anger,BrowLowererL,0.0106439590454103,12.0,0.0443965196609498,26,24,0.9987608194351196,,
1700496706993-1-6-1-0-0,Anger,BrowLowererL,0.3219756186008454,7.0,0.3219756186008454,7,29,0.9186734557151794,,
1700496714816-1-6-1-3-0,Anger,BrowLowererL,0.115161120891571,2.0,0.115161120891571,2,24,0.8028011918067932,,
1700496716876-1-6-1-4-0,Anger,BrowLowererL,0.2391776144504547,14.0,0.2391776144504547,14,30,0.8288618326187134,,
1700496936841-1-6-3-10-0,Anger,BrowLowererL,0.1923427879810333,22.0,0.1923427879810333,22,30,0.6579256057739258,,
1700497103064-1-6-4-7-0,Anger,BrowLowererL,0.0048869848251342,10.0,0.1743888854980468,30,3,0.7606431841850281,,
1700497107393-1-6-4-10-0,Anger,BrowLowererL,0.3219281733036042,11.0,0.3219281733036042,11,13,0.7685251235961914,,
1700497114611-1-6-4-14-0,Anger,BrowLowererL,0.2229691818356515,2.0,0.2229691818356515,2,30,0.8710302114486694,,
1700497129100-1-6-4-22-0,Anger,BrowLowererL,0.0277013778686523,7.0,0.2909587919712067,30,27,0.8570940494537354,,
1700567688235-2-8-1-0-0,Anger,BrowLowererL,0.0444573163986206,2.0,0.0444573163986206,2,3,0.2462574988603592,,
1700567695958-2-8-1-3-0,Anger,BrowLowererL,0.0959336012601852,20.0,0.0959336012601852,20,25,0.2661636471748352,,
1700567698824-2-8-1-4-0,Anger,BrowLowererL,0.0862395465373993,15.0,0.0862395465373993,15,27,0.2272680252790451,,
1700567906760-2-8-3-2-0,Anger,BrowLowererL,0.0096783787012101,11.0,0.1275682561099529,30,1,0.3342701196670532,,
1700567918385-2-8-3-8-0,Anger,BrowLowererL,0.1165099740028382,10.0,0.1165099740028382,10,14,0.2820613980293274,,
1700567922812-2-8-3-10-0,Anger,BrowLowererL,0.0054333955049515,12.0,0.024196058511734,4,1,0.3016926348209381,,
1700568088202-2-8-4-7-0,Anger,BrowLowererL,0.0850748568773269,6.0,0.0850748568773269,6,10,0.2316789031028747,,
1700568092978-2-8-4-10-0,Anger,BrowLowererL,0.0558687970042228,20.0,0.0558687970042228,20,23,0.1948580890893936,,
1700568100175-2-8-4-14-0,Anger,BrowLowererL,0.084548114798963,24.0,0.084548114798963,24,30,0.1577647030353546,,
1700568114265-2-8-4-22-0,Anger,BrowLowererL,0.043614324182272,21.0,0.043614324182272,21,29,0.1308989226818084,,
1700570965881-1-9-1-0-0,Anger,BrowLowererL,0.0283259153366088,18.0,0.0283259153366088,18,18,0.7807946801185608,,
1700570973287-1-9-1-3-0,Anger,BrowLowererL,0.1306729912757874,11.0,0.1306729912757874,11,27,0.6515963077545166,,
1700570976307-1-9-1-4-0,Anger,BrowLowererL,0.1255849599838256,6.0,0.1255849599838256,6,10,0.8451118469238281,,
1700571169233-1-9-3-2-0,Anger,BrowLowererL,0.1209728717803955,8.0,0.1209728717803955,8,14,0.795059859752655,,
1700571182001-1-9-3-8-0,Anger,BrowLowererL,0.2841473072767258,13.0,0.2841473072767258,13,29,0.7923235297203064,,
1700571359644-1-9-4-7-0,Anger,BrowLowererL,0.0433380603790283,9.0,0.0433380603790283,9,18,0.6288862824440002,,
1700571365685-1-9-4-10-0,Anger,BrowLowererL,0.348529502749443,16.0,0.348529502749443,16,20,0.6727727055549622,,
1700571386521-1-9-4-22-0,Anger,BrowLowererL,0.2062542624771595,6.0,0.2062542624771595,6,28,0.7888056039810181,,
1700577843732-2-10-3-2-0,Anger,BrowLowererL,0.1508018970489502,8.0,0.1508018970489502,8,10,0.4894781112670898,,
1700577855799-2-10-3-8-0,Anger,BrowLowererL,0.0744414627552033,10.0,0.0744414627552033,10,14,0.3354727327823639,,
1700578045766-2-10-4-22-0,Anger,BrowLowererL,0.1206739246845245,26.0,0.1206739246845245,26,30,0.4651305079460144,,
1700580278194-0-11-1-0-0,Anger,BrowLowererL,0.0518465787172318,27.0,0.0518465787172318,27,28,0.2953062653541565,,
1700580285249-0-11-1-3-0,Anger,BrowLowererL,0.0656412951648235,26.0,0.0656412951648235,26,30,0.163607507944107,,
1700580487810-0-11-3-2-0,Anger,BrowLowererL,0.088845670223236,22.0,0.088845670223236,22,26,0.4444875121116638,,
1700580499741-0-11-3-8-0,Anger,BrowLowererL,0.0521500334143638,26.0,0.0521500334143638,26,29,0.2452124655246734,,
1700580678854-0-11-4-7-0,Anger,BrowLowererL,0.0563639998435973,5.0,0.0563639998435973,5,30,0.2704788148403168,,
1700580691344-0-11-4-14-0,Anger,BrowLowererL,0.1219245493412018,30.0,0.1219245493412018,30,30,0.2924591302871704,,
1700582345005-0-12-4-10-0,Anger,BrowLowererL,0.0348946750164032,16.0,0.0348946750164032,16,29,0.4799456596374511,,
1700583797412-2-13-1-0-0,Anger,BrowLowererL,0.0368738621473311,11.0,0.0368738621473311,11,25,0.2990902066230774,,
1700583805997-2-13-1-3-0,Anger,BrowLowererL,0.1274617165327072,3.0,0.1274617165327072,3,18,0.4064139425754547,,
1700583807891-2-13-1-4-0,Anger,BrowLowererL,0.2539015151560306,23.0,0.2539015151560306,23,29,0.414321094751358,,
1700584020161-2-13-3-10-0,Anger,BrowLowererL,0.1104574054479598,12.0,0.1104574054479598,12,19,0.334926962852478,,
1700584214184-2-13-4-7-0,Anger,BrowLowererL,0.0436480939388275,13.0,0.0436480939388275,13,24,0.3172172605991363,,
1700584219640-2-13-4-10-0,Anger,BrowLowererL,0.1821045614778995,19.0,0.1821045614778995,19,29,0.3445479571819305,,
1700584240494-2-13-4-22-0,Anger,BrowLowererL,0.0664440095424652,22.0,0.0664440095424652,22,29,0.3386333882808685,,
1700745032110-1-14-1-4-0,Anger,BrowLowererL,0.2310065031051635,22.0,0.2310065031051635,22,25,0.5013008117675781,,
1700745238681-1-14-3-8-0,Anger,BrowLowererL,0.0343682169914245,9.0,0.0547361969947815,17,12,0.5745823979377747,,
1700745241981-1-14-3-10-0,Anger,BrowLowererL,0.200136698782444,25.0,0.200136698782444,25,30,0.5218449234962463,,
1700745418145-1-14-4-14-0,Anger,BrowLowererL,0.1216947734355927,11.0,0.1216947734355927,11,30,0.3407289385795593,,
1700745431720-1-14-4-22-0,Anger,BrowLowererL,0.166255995631218,16.0,0.166255995631218,16,17,0.2673112452030182,,
1700747144334-2-15-1-0-0,Anger,BrowLowererL,0.1847269982099534,19.0,0.1847269982099534,19,30,0.6463972330093384,,
1700747151558-2-15-1-3-0,Anger,BrowLowererL,0.1626829579472542,27.0,0.1626829579472542,27,30,0.5623956918716431,,
1700747153913-2-15-1-4-0,Anger,BrowLowererL,0.2943446709020101,26.0,0.2943446709020101,26,30,0.6848251223564148,,
1700747349900-2-15-3-2-0,Anger,BrowLowererL,0.3839662671089173,15.0,0.3839662671089173,15,25,0.7997918725013733,,
1700747526081-2-15-4-7-0,Anger,BrowLowererL,0.010166972875595,20.0,0.1183480322360993,30,24,0.4838733375072479,,
1700747538056-2-15-4-14-0,Anger,BrowLowererL,0.3583504222333432,4.0,0.3583504222333432,4,20,0.7364068031311035,,
1700748599521-0-16-1-0-0,Anger,BrowLowererL,0.123339831829071,11.0,0.123339831829071,11,27,0.9333465695381165,,
1700748607910-0-16-1-3-0,Anger,BrowLowererL,0.0359120965003967,17.0,0.0359120965003967,17,30,0.6668934226036072,,
1700748805468-0-16-3-2-0,Anger,BrowLowererL,0.0368629693984985,29.0,0.0368629693984985,29,5,0.9022013545036316,,
1700748989881-0-16-4-10-0,Anger,BrowLowererL,0.3139628469944,3.0,0.3139628469944,3,22,0.891409158706665,,
1700749011751-0-16-4-22-0,Anger,BrowLowererL,0.0364273190498352,10.0,0.1345022916793823,30,13,0.8057879209518433,,
1700753809986-0-17-1-0-0,Anger,BrowLowererL,0.0812479853630065,19.0,0.0812479853630065,19,25,0.5282387733459473,,
1700753820381-0-17-1-4-0,Anger,BrowLowererL,0.0533022582530976,20.0,0.0533022582530976,20,29,0.4607087075710296,,
1700754011891-0-17-3-2-0,Anger,BrowLowererL,0.0667828917503357,2.0,0.0667828917503357,2,4,0.4963540434837341,,
1700754024129-0-17-3-8-0,Anger,BrowLowererL,0.0213845074176788,21.0,0.0213845074176788,21,22,0.4082548320293426,,
1700756274306-2-18-1-0-0,Anger,BrowLowererL,0.0114250034093857,30.0,0.0145833119750022,2,1,0.1343093812465667,,
1700756280474-2-18-1-3-0,Anger,BrowLowererL,0.0120794475078582,2.0,0.0120794475078582,2,19,0.062510535120964,,
1700756283788-2-18-1-4-0,Anger,BrowLowererL,0.1411848720163107,5.0,0.1411848720163107,5,5,0.1659259349107742,,
1700756486528-2-18-3-2-0,Anger,BrowLowererL,0.0965956822037697,15.0,0.0965956822037697,15,17,0.2309721559286117,,
1700756499157-2-18-3-8-0,Anger,BrowLowererL,0.0003853105008602,20.0,0.072231501340866,4,1,0.2367627322673797,,
1700756716598-2-18-4-7-0,Anger,BrowLowererL,0.0643755346536636,6.0,0.0643755346536636,6,13,0.1576476842164993,,
1700756722474-2-18-4-10-0,Anger,BrowLowererL,0.0026113539934159,2.0,0.0083857364952563,6,2,0.0732482001185417,,
1700756728630-2-18-4-14-0,Anger,BrowLowererL,0.0009271949529648,25.0,0.0126669704914092,12,1,0.1477168053388595,,
1700756743678-2-18-4-22-0,Anger,BrowLowererL,0.004828192293644,12.0,0.0100750979036093,30,19,0.060730192810297,,
1700824359287-0-19-1-0-0,Anger,BrowLowererL,0.0302560143172741,24.0,0.0302560143172741,24,28,0.1146682277321815,,
1700824368612-0-19-1-4-0,Anger,BrowLowererL,0.1299248719587923,18.0,0.1299248719587923,18,22,0.233363002538681,,
1700824556780-0-19-3-2-0,Anger,BrowLowererL,0.0993810296058654,24.0,0.0993810296058654,24,24,0.3343634903430938,,
1700824572875-0-19-3-10-0,Anger,BrowLowererL,0.2122113553773487,24.0,0.2122113553773487,24,24,0.212214320898056,,
1700825730003-0-20-1-3-0,Anger,BrowLowererL,0.1392994076013566,20.0,0.1392994076013566,20,28,0.5516502857208252,,
1700825936279-0-20-3-8-0,Anger,BrowLowererL,0.0971573404967785,7.0,0.0971573404967785,7,11,0.3862417638301849,,
1700826107312-0-20-4-10-0,Anger,BrowLowererL,0.1204952597618103,18.0,0.1204952597618103,18,26,0.5379481315612793,,
1700826128825-0-20-4-22-0,Anger,BrowLowererL,0.1175061911344528,7.0,0.1175061911344528,7,20,0.7715891003608704,,
1700828006807-0-21-4-22-0,Anger,BrowLowererL,0.0566187612712383,9.0,0.0566187612712383,9,24,0.3146350979804992,,
1700830341752-0-22-4-7-0,Anger,BrowLowererL,0.0246318280696869,19.0,0.0246318280696869,19,29,0.1381050050258636,,
1701085606801-2-23-3-2-0,Anger,BrowLowererL,0.0768675357103348,19.0,0.0768675357103348,19,28,0.3999741077423095,,
1701085619479-2-23-3-8-0,Anger,BrowLowererL,0.173661233857274,15.0,0.173661233857274,15,20,0.438498318195343,,
1701085622872-2-23-3-10-0,Anger,BrowLowererL,0.0556180216372013,7.0,0.0851493179798126,28,25,0.2808083891868591,,
1701085795548-2-23-4-7-0,Anger,BrowLowererL,0.0551663637161255,2.0,0.0616407990455628,21,4,0.3493035435676574,,
1701085800908-2-23-4-10-0,Anger,BrowLowererL,0.0405707061290741,10.0,0.0405707061290741,10,16,0.3390940129756927,,
1701085807269-2-23-4-14-0,Anger,BrowLowererL,0.0294858515262602,19.0,0.0294858515262602,19,23,0.2680445611476898,,
1701085821482-2-23-4-22-0,Anger,BrowLowererL,0.0336251556873321,21.0,0.0459905117750168,3,23,0.2420080453157425,,
1701087195801-0-24-1-0-0,Anger,BrowLowererL,0.0317476391792297,24.0,0.0739832520484924,30,21,0.6326489448547363,,
1701087401006-0-24-3-2-0,Anger,BrowLowererL,0.020511656999588,22.0,0.0241294503211975,14,8,0.4226922690868377,,
1701087413830-0-24-3-8-0,Anger,BrowLowererL,0.0542614459991455,21.0,0.0542614459991455,21,30,0.561089277267456,,
1701087416827-0-24-3-10-0,Anger,BrowLowererL,0.0775687694549561,5.0,0.0775687694549561,5,30,0.559943675994873,,
1701091104451-0-25-3-2-0,Anger,BrowLowererL,0.0265209078788757,25.0,0.0265209078788757,25,30,0.2169889211654663,,
1701091116536-0-25-3-8-0,Anger,BrowLowererL,0.0193139910697937,5.0,0.0317355692386626,12,5,0.3519670367240906,,
1701091293398-0-25-4-7-0,Anger,BrowLowererL,0.0130704864859581,15.0,0.0167479068040846,8,22,0.1563518047332763,,
1701092560877-0-26-1-0-0,Anger,BrowLowererL,0.0627618692815304,22.0,0.0627618692815304,22,30,0.3346976041793823,,
1701092571473-0-26-1-4-0,Anger,BrowLowererL,0.0603615939617157,17.0,0.0603615939617157,17,27,0.3355326950550079,,
1701092766619-0-26-3-2-0,Anger,BrowLowererL,0.1160345673561095,14.0,0.1160345673561095,14,15,0.3641134202480316,,
1701092778965-0-26-3-8-0,Anger,BrowLowererL,0.0974221155047417,15.0,0.0974221155047417,15,21,0.3510005176067352,,
1701092782217-0-26-3-10-0,Anger,BrowLowererL,0.0904498808085917,4.0,0.0904498808085917,4,14,0.3455921411514282,,
1701092964618-0-26-4-10-0,Anger,BrowLowererL,0.1220720037817955,12.0,0.1220720037817955,12,18,0.3131212592124939,,
1701094438118-2-27-1-0-0,Anger,BrowLowererL,0.4378939270973205,26.0,0.4378939270973205,26,30,0.8814817667007446,,
1701094445452-2-27-1-3-0,Anger,BrowLowererL,0.2830389142036438,23.0,0.2830389142036438,23,26,0.869002103805542,,
1701094448444-2-27-1-4-0,Anger,BrowLowererL,0.3618938326835633,17.0,0.3618938326835633,17,28,0.8535969853401184,,
1701094656847-2-27-3-2-0,Anger,BrowLowererL,0.0613316297531127,27.0,0.3412756174802781,29,1,0.9130781292915344,,
1701094668813-2-27-3-8-0,Anger,BrowLowererL,0.2962522804737091,2.0,0.2962522804737091,2,5,0.9389382004737854,,
1701094672347-2-27-3-10-0,Anger,BrowLowererL,0.2638944685459137,9.0,0.2638944685459137,9,11,0.9520379900932312,,
1701170400711-0-28-1-0-0,Anger,BrowLowererL,0.1827983856201172,24.0,0.1827983856201172,24,26,0.4266514778137207,,
1701170409101-0-28-1-3-0,Anger,BrowLowererL,0.0694228410720825,2.0,0.0694228410720825,2,30,0.5737634301185608,,
1701170410785-0-28-1-4-0,Anger,BrowLowererL,0.1310093402862548,25.0,0.1310093402862548,25,26,0.4687700271606445,,
1701175858358-1-29-1-3-0,Anger,BrowLowererL,0.1331676170229912,13.0,0.1331676170229912,13,22,0.7429141402244568,,
1701175860649-1-29-1-4-0,Anger,BrowLowererL,0.1119645237922669,13.0,0.1119645237922669,13,28,0.5984500050544739,,
1701176255746-1-29-4-7-0,Anger,BrowLowererL,0.064224898815155,2.0,0.064224898815155,2,28,0.7310442924499512,,
1701176260535-1-29-4-10-0,Anger,BrowLowererL,0.3007500767707825,20.0,0.3007500767707825,20,27,0.936971127986908,,
1701176267507-1-29-4-14-0,Anger,BrowLowererL,0.1652713119983673,18.0,0.1652713119983673,18,30,0.7326638698577881,,
1701176281589-1-29-4-22-0,Anger,BrowLowererL,0.1030503511428833,18.0,0.1030503511428833,18,28,0.7182878851890564,,
1701177607915-0-30-1-4-0,Anger,BrowLowererL,0.0668589770793914,8.0,0.0668589770793914,8,18,0.4760565161705017,,
1701177816921-0-30-3-8-0,Anger,BrowLowererL,0.0552426874637603,2.0,0.0939969420433044,23,12,0.6229628920555115,,
1701187988220-0-31-1-4-0,Anger,BrowLowererL,0.2745570540428161,3.0,0.2745570540428161,3,3,0.6688171029090881,,
1701188200639-0-31-3-8-0,Anger,BrowLowererL,0.0177563428878784,9.0,0.0301319062709807,27,21,0.4093553125858307,,
1701188204154-0-31-3-10-0,Anger,BrowLowererL,0.0627034194767475,9.0,0.0627034194767475,9,27,0.4573578834533691,,
1701188391169-0-31-4-22-0,Anger,BrowLowererL,0.0132942497730254,24.0,0.014153555035591,14,30,0.2418324500322342,,
1701346698325-1-32-1-0-0,Anger,BrowLowererL,0.1718853563070297,25.0,0.1718853563070297,25,30,0.4761222600936889,,
1701346706341-1-32-1-3-0,Anger,BrowLowererL,0.0737974345684051,22.0,0.0737974345684051,22,24,0.2792444825172424,,
1701346708500-1-32-1-4-0,Anger,BrowLowererL,0.0340257734060286,29.0,0.0543227791786193,5,1,0.3965406715869903,,
1701346917938-1-32-3-2-0,Anger,BrowLowererL,0.145640343427658,2.0,0.145640343427658,2,6,0.6282356977462769,,
1701347173070-1-32-4-7-0,Anger,BrowLowererL,0.1466304361820221,16.0,0.1466304361820221,16,17,0.5529078245162964,,
1701347178333-1-32-4-10-0,Anger,BrowLowererL,0.1420804560184478,10.0,0.1420804560184478,10,18,0.512200117111206,,
1701347185192-1-32-4-14-0,Anger,BrowLowererL,0.1693966891616583,11.0,0.1693966891616583,11,25,0.4039863049983978,,
1701350207668-0-33-1-3-0,Anger,BrowLowererL,0.2753728553652764,18.0,0.2753728553652764,18,25,0.8202393054962158,,
1701350425522-0-33-3-10-0,Anger,BrowLowererL,0.2382469177246093,14.0,0.2382469177246093,14,27,0.855673611164093,,
1701350635707-0-33-4-22-0,Anger,BrowLowererL,0.4859184175729752,12.0,0.4859184175729752,12,25,0.999877393245697,,
1701357349539-0-34-1-0-0,Anger,BrowLowererL,0.0502040646970272,26.0,0.0502040646970272,26,27,0.150312066078186,,
1701429262678-0-35-1-0-0,Anger,BrowLowererL,0.0377913862466813,21.0,0.0392772257328034,25,23,0.1476224809885025,,
1701429623151-0-35-4-7-0,Anger,BrowLowererL,0.0862103402614593,2.0,0.0862103402614593,2,18,0.430830180644989,,
1701429635504-0-35-4-14-0,Anger,BrowLowererL,0.1467038542032241,5.0,0.1467038542032241,5,29,0.5670962333679199,,
1701429649394-0-35-4-22-0,Anger,BrowLowererL,0.0570666491985321,24.0,0.0570666491985321,24,24,0.311892032623291,,
1701438037349-1-36-1-3-0,Anger,BrowLowererL,0.0258359611034392,26.0,0.0271307528018951,4,1,0.5008513927459717,,
1701438040455-1-36-1-4-0,Anger,BrowLowererL,0.0180680751800537,19.0,0.034361720085144,3,1,0.7156306505203247,,
1701438250884-1-36-3-8-0,Anger,BrowLowererL,0.0253926515579223,21.0,0.0253926515579223,21,25,0.4431696236133575,,
1701438255549-1-36-3-10-0,Anger,BrowLowererL,0.0315396785736084,30.0,0.0315396785736084,30,30,0.4406910836696625,,
1701438450422-1-36-4-14-0,Anger,BrowLowererL,0.0503716468811035,3.0,0.0503716468811035,3,14,0.5317661166191101,,
1701440193727-0-37-1-4-0,Anger,BrowLowererL,0.0484291613101959,11.0,0.0484291613101959,11,23,0.441490888595581,,
1701440591278-0-37-4-10-0,Anger,BrowLowererL,0.0704078525304794,5.0,0.0803993046283722,30,13,0.3166688978672027,0.0146864448261645,0.0146864448261645
1700479106931-2-1-2-1-1,Disgust,NoseWrinklerR,0.0058981655165553,19.0,0.0058981655165553,19,19,0.0058981655165553,,
1700479113933-2-1-2-4-1,Disgust,NoseWrinklerR,0.0,,9.097254020882205e-22,2,1,1.807575632897155e-21,,
1700479117593-2-1-2-5-1,Disgust,NoseWrinklerR,0.0,,4.836328070647e-37,3,1,1.638230098355959e-36,,
1700479240547-2-1-3-1-1,Disgust,NoseWrinklerR,0.0,,0.0,2,1,1.401298464324817e-45,,
1700479274174-2-1-3-18-1,Disgust,NoseWrinklerR,0.0058981175534423,17.0,0.0058981175534423,17,18,0.0084475325420498,,
1700479411435-2-1-4-0-1,Disgust,NoseWrinklerR,0.0,,1.1278068541287212e-06,2,1,2.132775534846587e-06,,
1700479432977-2-1-4-12-1,Disgust,NoseWrinklerR,0.0,,1.6594043847351078e-11,3,1,3.2970667862564085e-11,,
1700479438658-2-1-4-15-1,Disgust,NoseWrinklerR,0.0482079498469829,20.0,0.0482079498469829,20,30,0.1566934883594513,,
1700479457287-2-1-4-26-1,Disgust,NoseWrinklerR,0.064985032659024,26.0,0.064985032659024,26,26,0.0708832144737243,,
1700486073568-1-2-2-1-1,Disgust,NoseWrinklerR,0.1959547996520996,20.0,0.1959547996520996,20,20,0.7550424933433533,,
1700486081556-1-2-2-4-1,Disgust,NoseWrinklerR,0.3594652116298676,9.0,0.3594652116298676,9,28,1.0,,
1700486083662-1-2-2-5-1,Disgust,NoseWrinklerR,0.5899614412337543,7.0,0.5899614412337543,7,23,1.0,,
1700486192396-1-2-3-1-1,Disgust,NoseWrinklerR,0.1860850900411605,9.0,0.1860850900411605,9,17,1.0,,
1700486226762-1-2-3-18-1,Disgust,NoseWrinklerR,0.3611145592294634,5.0,0.3611145592294634,5,21,1.0,,
1700486361862-1-2-4-0-1,Disgust,NoseWrinklerR,0.2228692173957824,11.0,0.2228692173957824,11,15,0.999997615814209,,
1700486383298-1-2-4-12-1,Disgust,NoseWrinklerR,0.2419592635706068,22.0,0.2419592635706068,22,28,0.8353813886642456,,
1700486388492-1-2-4-15-1,Disgust,NoseWrinklerR,0.3346534073352813,16.0,0.3346534073352813,16,28,1.0,,
1700487963017-0-3-2-4-1,Disgust,NoseWrinklerR,0.1197259463369845,19.0,0.1197259463369845,19,27,0.5821782350540161,,
1700488092770-0-3-3-9-1,Disgust,NoseWrinklerR,0.1315776593983174,9.0,0.1315776593983174,9,29,0.4780771732330322,,
1700488251925-0-3-4-0-1,Disgust,NoseWrinklerR,0.0412952899932861,27.0,0.0758947730064392,11,4,0.8673904538154602,,
1700488273233-0-3-4-12-1,Disgust,NoseWrinklerR,0.0,,8.963872460299172e-06,2,1,2.6922954930341803e-05,,
1700489724732-0-4-2-1-1,Disgust,NoseWrinklerR,0.561772808432579,5.0,0.561772808432579,5,10,1.0,,
1700489734119-0-4-2-5-1,Disgust,NoseWrinklerR,0.3125631436705589,24.0,0.3125631436705589,24,30,0.9526281952857972,,
1700489858468-0-4-3-1-1,Disgust,NoseWrinklerR,0.0565047860145568,21.0,0.1678225994110107,30,1,1.0,,
1700489873966-0-4-3-9-1,Disgust,NoseWrinklerR,0.374992698431015,22.0,0.374992698431015,22,27,1.0,,
1700489892426-0-4-3-18-1,Disgust,NoseWrinklerR,0.0,,0.0,2,1,1.0,,
1700490042794-0-4-4-0-1,Disgust,NoseWrinklerR,0.1548333764076233,3.0,0.1548333764076233,3,9,1.0,,
1700490063437-0-4-4-12-1,Disgust,NoseWrinklerR,0.4976838885324923,8.0,0.4976838885324923,8,15,1.0,,
1700490068842-0-4-4-15-1,Disgust,NoseWrinklerR,0.3382203280925751,21.0,0.3382203280925751,21,27,1.0,,
1700490088390-0-4-4-26-1,Disgust,NoseWrinklerR,0.4194344878196716,18.0,0.4194344878196716,18,29,0.967036783695221,,
1700491502988-1-5-2-1-1,Disgust,NoseWrinklerR,0.0,,0.0,2,1,1.0,,
1700491509590-1-5-2-4-1,Disgust,NoseWrinklerR,0.200267732143402,8.0,0.200267732143402,8,13,1.0,,
1700491512412-1-5-2-5-1,Disgust,NoseWrinklerR,0.108546257019043,7.0,0.108546257019043,7,12,1.0,,
1700491615944-1-5-3-1-1,Disgust,NoseWrinklerR,0.0,,0.0,2,1,1.0,,
1700491632381-1-5-3-9-1,Disgust,NoseWrinklerR,0.3178046345710754,4.0,0.3178046345710754,4,10,1.0,,
1700491650295-1-5-3-18-1,Disgust,NoseWrinklerR,0.016617774963379,2.0,0.016617774963379,2,9,1.0,,
1700491790127-1-5-4-0-1,Disgust,NoseWrinklerR,0.0,,0.0,2,1,1.0,,
1700491811175-1-5-4-12-1,Disgust,NoseWrinklerR,0.1205998659133911,3.0,0.1205998659133911,3,8,1.0,,
1700496796273-1-6-2-1-1,Disgust,NoseWrinklerR,0.1525721848011017,13.0,0.1555605083703995,8,7,0.3252406120300293,,
1700496803832-1-6-2-4-1,Disgust,NoseWrinklerR,0.0621375441551207,6.0,0.2330740131437779,14,11,0.2936387360095978,,
1700496806559-1-6-2-5-1,Disgust,NoseWrinklerR,0.0859519839286804,7.0,0.0859519839286804,7,7,0.3810809552669525,,
1700496918574-1-6-3-1-1,Disgust,NoseWrinklerR,0.2397865103557706,14.0,0.2397865103557706,14,30,0.4135680794715881,,
1700496952599-1-6-3-18-1,Disgust,NoseWrinklerR,0.2092529982328415,26.0,0.3065911978483201,28,26,0.4470952451229095,,
1700497111362-1-6-4-12-1,Disgust,NoseWrinklerR,0.1187191307544708,9.0,0.1299940496683121,19,11,0.584749162197113,,
1700567787758-2-8-2-1-1,Disgust,NoseWrinklerR,0.17196124792099,3.0,0.17196124792099,3,25,0.9622204899787904,,
1700567795123-2-8-2-4-1,Disgust,NoseWrinklerR,0.3268671706318856,7.0,0.3268671706318856,7,12,1.0,,
1700567903352-2-8-3-1-1,Disgust,NoseWrinklerR,0.1063320655375718,7.0,0.1063320655375718,7,29,0.5573863387107849,,
1700567920333-2-8-3-9-1,Disgust,NoseWrinklerR,0.3681744933128357,17.0,0.3681744933128357,17,30,0.9999880790710448,,
1700567938373-2-8-3-18-1,Disgust,NoseWrinklerR,0.3470461666584015,6.0,0.3470461666584015,6,10,0.9998182654380798,,
1700568075798-2-8-4-0-1,Disgust,NoseWrinklerR,0.1549284160137177,6.0,0.1549284160137177,6,16,0.8908296823501587,,
1700568096451-2-8-4-12-1,Disgust,NoseWrinklerR,0.2624312490224838,19.0,0.2624312490224838,19,29,0.9941314458847046,,
1700568102387-2-8-4-15-1,Disgust,NoseWrinklerR,0.2751223742961883,16.0,0.2751223742961883,16,22,1.0,,
1700568121727-2-8-4-26-1,Disgust,NoseWrinklerR,0.4918669164180755,13.0,0.6000053882598878,28,19,1.0,,
1700571053713-1-9-2-1-1,Disgust,NoseWrinklerR,0.1768029518425465,15.0,0.1768029518425465,15,23,0.6288675665855408,,
1700571062496-1-9-2-4-1,Disgust,NoseWrinklerR,0.2029820531606674,30.0,0.2029820531606674,30,30,0.4054285287857055,,
1700571063767-1-9-2-5-1,Disgust,NoseWrinklerR,0.1042544543743134,22.0,0.2220146656036377,2,30,0.583557665348053,,
1700571167398-1-9-3-1-1,Disgust,NoseWrinklerR,0.2669238005764783,8.0,0.2669238005764783,8,26,0.7028192281723022,,
1700571348120-1-9-4-0-1,Disgust,NoseWrinklerR,0.0507560372352599,13.0,0.0961704105138779,19,17,0.2533692419528961,,
1700571368874-1-9-4-12-1,Disgust,NoseWrinklerR,0.3652443587779999,21.0,0.3652443587779999,21,21,0.7926198244094849,,
1700571374457-1-9-4-15-1,Disgust,NoseWrinklerR,0.1037073796615005,12.0,0.1037073796615005,12,17,0.3887356519699096,,
1700571393508-1-9-4-26-1,Disgust,NoseWrinklerR,0.1373838484287262,30.0,0.1373838484287262,30,30,0.3965672254562378,,
1700577733309-2-10-2-1-1,Disgust,NoseWrinklerR,0.1125410627573729,28.0,0.1125410627573729,28,30,0.1559435278177261,,
1700577740656-2-10-2-4-1,Disgust,NoseWrinklerR,0.0572011135518551,18.0,0.0572011135518551,18,21,0.1288879066705703,,
1700577744274-2-10-2-5-1,Disgust,NoseWrinklerR,0.0199599992483853,20.0,0.0782766472548246,29,27,0.1019821390509605,,
1700577841033-2-10-3-1-1,Disgust,NoseWrinklerR,0.0462890192866326,20.0,0.0462890192866326,20,29,0.0873460844159126,,
1700577857687-2-10-3-9-1,Disgust,NoseWrinklerR,0.1258464939892292,28.0,0.1258464939892292,28,29,0.1917302310466766,,
1700578007024-2-10-4-0-1,Disgust,NoseWrinklerR,0.021862804889679,16.0,0.0265607312321663,15,10,0.118599034845829,,
1700578027679-2-10-4-12-1,Disgust,NoseWrinklerR,0.0996328443288803,27.0,0.0996328443288803,27,30,0.296408087015152,,
1700578052853-2-10-4-26-1,Disgust,NoseWrinklerR,0.0440020337697807,8.0,0.0440020337697807,8,23,0.2070094048976898,,
1700580376133-0-11-2-4-1,Disgust,NoseWrinklerR,0.0058981077739272,22.0,0.0058981077739272,22,30,0.0108142886310815,,
1700580379024-0-11-2-5-1,Disgust,NoseWrinklerR,0.0058981063742237,13.0,0.0058981063742237,13,28,0.0096076289191842,,
1700580485070-0-11-3-1-1,Disgust,NoseWrinklerR,0.1585939079523086,6.0,0.1585939079523086,6,22,0.6408122181892395,,
1700580688535-0-11-4-12-1,Disgust,NoseWrinklerR,0.2275412827730179,16.0,0.2275412827730179,16,20,0.6294730305671692,,
1700580713105-0-11-4-26-1,Disgust,NoseWrinklerR,0.1868608295917511,26.0,0.1868608295917511,26,26,0.4701053500175476,,
1700582060835-0-12-2-4-1,Disgust,NoseWrinklerR,0.2084771171212195,19.0,0.2084771171212195,19,27,0.7862861156463623,,
1700582195137-0-12-3-18-1,Disgust,NoseWrinklerR,0.144122302532196,22.0,0.144122302532196,22,28,0.9463354349136353,,
1700582326463-0-12-4-0-1,Disgust,NoseWrinklerR,0.0840204358100891,5.0,0.0895893573760986,30,28,0.8493772745132446,,
1700583893370-2-13-2-4-1,Disgust,NoseWrinklerR,0.0951840206980705,11.0,0.2492857277393341,29,25,0.7569159269332886,,
1700584001197-2-13-3-1-1,Disgust,NoseWrinklerR,0.1407456696033478,8.0,0.1407456696033478,8,14,0.5213731527328491,,
1700584035954-2-13-3-18-1,Disgust,NoseWrinklerR,0.3067965507507324,17.0,0.3067965507507324,17,27,0.7591553330421448,,
1700584201525-2-13-4-0-1,Disgust,NoseWrinklerR,0.0391448736190795,7.0,0.2846363782882691,29,1,0.8835897445678711,,
1700584223413-2-13-4-12-1,Disgust,NoseWrinklerR,0.3618803918361664,2.0,0.3618803918361664,2,24,0.7966938018798828,,
1700745110139-1-14-2-1-1,Disgust,NoseWrinklerR,0.2654378935694694,12.0,0.2654378935694694,12,28,0.6621147394180298,,
1700745121238-1-14-2-5-1,Disgust,NoseWrinklerR,0.0504065155982971,16.0,0.1486669182777404,29,1,0.8232885003089905,,
1700745223978-1-14-3-1-1,Disgust,NoseWrinklerR,0.3303331285715103,11.0,0.3303331285715103,11,17,0.9814454913139344,,
1700745258978-1-14-3-18-1,Disgust,NoseWrinklerR,0.2356683611869812,17.0,0.2356683611869812,17,19,0.7956753373146057,,
1700745393712-1-14-4-0-1,Disgust,NoseWrinklerR,0.0264526605606079,7.0,0.0718560218811035,6,1,0.9023640751838684,,
1700745414805-1-14-4-12-1,Disgust,NoseWrinklerR,0.2661629542708397,9.0,0.2661629542708397,9,16,0.8789458274841309,,
1700745420373-1-14-4-15-1,Disgust,NoseWrinklerR,0.1602825447916985,18.0,0.1602825447916985,18,29,0.9160522818565368,,
1700745439044-1-14-4-26-1,Disgust,NoseWrinklerR,0.4533120230771602,22.0,0.4533120230771602,22,28,0.7317109107971191,,
1700747230387-2-15-2-1-1,Disgust,NoseWrinklerR,0.0596345975063741,23.0,0.0596345975063741,23,29,0.2091200798749923,,
1700747237919-2-15-2-4-1,Disgust,NoseWrinklerR,0.5372651387006044,27.0,0.5372651387006044,27,27,0.5431632995605469,,
1700747240521-2-15-2-5-1,Disgust,NoseWrinklerR,0.0058975890278813,30.0,0.0058975890278813,30,30,0.0058975890278816,,
1700747349332-2-15-3-1-1,Disgust,NoseWrinklerR,0.0,,3.4005707971740394e-11,4,1,9.586807736550183e-11,,
1700747382885-2-15-3-18-1,Disgust,NoseWrinklerR,0.0125544182956217,27.0,0.0125544182956217,27,27,0.0312347598373889,,
1700747534547-2-15-4-12-1,Disgust,NoseWrinklerR,0.0317968130111694,9.0,0.1298430934548379,26,9,0.3195135295391083,,
1700747558772-2-15-4-26-1,Disgust,NoseWrinklerR,0.2362661361694336,20.0,0.2362661361694336,20,23,0.7955487966537476,,
1700748695589-0-16-2-4-1,Disgust,NoseWrinklerR,0.0268291085958481,20.0,0.0268291085958481,20,10,0.1647781282663345,,
1700748819058-0-16-3-9-1,Disgust,NoseWrinklerR,0.0947654992341995,25.0,0.0947654992341995,25,30,0.2563659250736236,,
1700749018794-0-16-4-26-1,Disgust,NoseWrinklerR,0.0934845954179764,7.0,0.2228236347436905,30,29,0.4523835182189941,,
1700753897855-0-17-2-1-1,Disgust,NoseWrinklerR,0.1860295832157135,23.0,0.1860295832157135,23,27,0.639824628829956,,
1700753905468-0-17-2-4-1,Disgust,NoseWrinklerR,0.1584256887435912,22.0,0.1584256887435912,22,30,0.5734662413597107,,
1700753907881-0-17-2-5-1,Disgust,NoseWrinklerR,0.1954425871372223,21.0,0.1954425871372223,21,26,0.5866872668266296,,
1700754009369-0-17-3-1-1,Disgust,NoseWrinklerR,0.1515967100858689,21.0,0.1515967100858689,21,29,0.4834590256214142,,
1700754025753-0-17-3-9-1,Disgust,NoseWrinklerR,0.0912946836323626,16.0,0.0912946836323626,16,28,0.2717166543006897,,
1700754043824-0-17-3-18-1,Disgust,NoseWrinklerR,0.1107972711324692,22.0,0.1107972711324692,22,25,0.3135952651500702,,
1700754177302-0-17-4-0-1,Disgust,NoseWrinklerR,0.1948484247550369,11.0,0.1948484247550369,11,26,0.3591579496860504,,
1700754198777-0-17-4-12-1,Disgust,NoseWrinklerR,0.1227964162826538,24.0,0.1227964162826538,24,28,0.3238911032676697,,
1700754224042-0-17-4-26-1,Disgust,NoseWrinklerR,0.0411595143377781,21.0,0.0411595143377781,21,26,0.1574185043573379,,
1700756363513-2-18-2-1-1,Disgust,NoseWrinklerR,0.281250298023224,24.0,0.281250298023224,24,30,1.0,,
1700756370115-2-18-2-4-1,Disgust,NoseWrinklerR,0.3531613349914551,20.0,0.3531613349914551,20,22,0.9997937083244324,,
1700756373040-2-18-2-5-1,Disgust,NoseWrinklerR,0.2802883051335812,8.0,0.2802883051335812,8,10,0.4673676788806915,,
1700756725541-2-18-4-12-1,Disgust,NoseWrinklerR,0.1218924373388291,26.0,0.128773957490921,28,26,0.3061375617980957,,
1700756730921-2-18-4-15-1,Disgust,NoseWrinklerR,0.0442785918712616,27.0,0.0442785918712616,27,30,0.0911442637443542,,
1700824760644-0-19-4-12-1,Disgust,NoseWrinklerR,0.1190479472279549,15.0,0.1190479472279549,15,23,0.2885232865810394,,
1700825813580-0-20-2-1-1,Disgust,NoseWrinklerR,0.0508297011256217,16.0,0.0508297011256217,16,18,0.1282837837934494,,
1700825938150-0-20-3-9-1,Disgust,NoseWrinklerR,0.4754825383424759,22.0,0.4754825383424759,22,27,1.0,,
1700826090300-0-20-4-0-1,Disgust,NoseWrinklerR,0.6146213412284851,4.0,0.6146213412284851,4,9,1.0,,
1700826111196-0-20-4-12-1,Disgust,NoseWrinklerR,0.4718018174171448,10.0,0.4718018174171448,10,14,1.0,,
1700827668398-0-21-2-4-1,Disgust,NoseWrinklerR,0.1953859776258469,14.0,0.1953859776258469,14,30,0.7580074071884155,,
1700827807807-0-21-3-9-1,Disgust,NoseWrinklerR,0.2922767698764801,12.0,0.2922767698764801,12,18,1.0,,
1700827988431-0-21-4-12-1,Disgust,NoseWrinklerR,0.180235356092453,22.0,0.180235356092453,22,29,0.9670408368110656,,
1700830033883-0-22-2-1-1,Disgust,NoseWrinklerR,0.0,,0.0,2,1,1.401298464324817e-45,,
1701085495679-2-23-2-5-1,Disgust,NoseWrinklerR,0.0678044706583023,28.0,0.0678044706583023,28,29,0.2101499587297439,,
1701085605407-2-23-3-1-1,Disgust,NoseWrinklerR,0.0755923092365264,27.0,0.0755923092365264,27,30,0.6284637451171875,,
1701085621175-2-23-3-9-1,Disgust,NoseWrinklerR,0.1594293564558029,18.0,0.1594293564558029,18,30,0.980438470840454,,
1701085639668-2-23-3-18-1,Disgust,NoseWrinklerR,0.067092590034008,10.0,0.067092590034008,10,17,0.3637981414794922,,
1701085783312-2-23-4-0-1,Disgust,NoseWrinklerR,0.0676101744174956,10.0,0.1004012525081635,29,27,0.3890855610370636,,
1701085804610-2-23-4-12-1,Disgust,NoseWrinklerR,0.1023078560829162,8.0,0.2212872058153153,30,15,0.585231363773346,,
1701085809428-2-23-4-15-1,Disgust,NoseWrinklerR,0.0905886739492416,26.0,0.0905886739492416,26,28,0.3148060441017151,,
1701085829241-2-23-4-26-1,Disgust,NoseWrinklerR,0.1526596317999065,11.0,0.1526596317999065,11,13,0.2286824882030487,,
1701087616815-0-24-4-12-1,Disgust,NoseWrinklerR,0.2283115386962891,6.0,0.2645738124847412,23,17,1.0,,
1701087622004-0-24-4-15-1,Disgust,NoseWrinklerR,0.0678285285830498,18.0,0.0678285285830498,18,22,0.1027904748916626,,
1701087641290-0-24-4-26-1,Disgust,NoseWrinklerR,0.2103774547576904,13.0,0.2103774547576904,13,25,0.9159356951713562,,
1701090996306-0-25-2-5-1,Disgust,NoseWrinklerR,0.0058217412428829,23.0,0.0058217412428829,23,30,0.0106747867539525,,
1701091119011-0-25-3-9-1,Disgust,NoseWrinklerR,0.0868605598807335,20.0,0.1009218357503414,22,6,0.2563830316066742,,
1701091136841-0-25-3-18-1,Disgust,NoseWrinklerR,0.1589289903640747,17.0,0.1589289903640747,17,19,0.6128109693527222,,
1701091280708-0-25-4-0-1,Disgust,NoseWrinklerR,0.0462940633296966,2.0,0.0462940633296966,2,2,0.2611687183380127,,
1701091307460-0-25-4-15-1,Disgust,NoseWrinklerR,0.0058896553000841,8.0,0.0058896553000841,8,23,0.0092927394434809,,
1701091327274-0-25-4-26-1,Disgust,NoseWrinklerR,0.2304558604955673,6.0,0.2304558604955673,6,11,0.6011843681335449,,
1701092665216-0-26-2-5-1,Disgust,NoseWrinklerR,0.053747083991766,14.0,0.0587198287248611,9,23,0.2041568905115127,,
1701092763620-0-26-3-1-1,Disgust,NoseWrinklerR,0.1069286949932575,3.0,0.1069286949932575,3,17,0.4452913701534271,,
1701092947353-0-26-4-0-1,Disgust,NoseWrinklerR,0.133557915687561,19.0,0.133557915687561,19,29,0.4451154172420501,,
1701092968808-0-26-4-12-1,Disgust,NoseWrinklerR,0.0468099638819693,11.0,0.0499847643077372,25,19,0.1813896298408508,,
1701094669809-2-27-3-9-1,Disgust,NoseWrinklerR,0.2120398283004761,19.0,0.4349245876073837,3,1,0.584308385848999,,
1701094688507-2-27-3-18-1,Disgust,NoseWrinklerR,0.0243037715554237,29.0,0.2132149338722229,24,2,0.9997954368591307,,
1701094865205-2-27-4-26-1,Disgust,NoseWrinklerR,0.5640096440911294,13.0,0.5640096440911294,13,18,0.9447369575500488,,
1701170496806-0-28-2-4-1,Disgust,NoseWrinklerR,0.0939245522022247,10.0,0.0939245522022247,10,26,0.3060450851917267,,
1701170499176-0-28-2-5-1,Disgust,NoseWrinklerR,0.2237399518489837,4.0,0.2237399518489837,4,21,0.6871801614761353,,
1701170600723-0-28-3-1-1,Disgust,NoseWrinklerR,0.1647164653986693,8.0,0.1647164653986693,8,23,0.8504584431648254,,
1701175938949-1-29-2-1-1,Disgust,NoseWrinklerR,0.0,,0.0,2,1,1.0,,
1701175946689-1-29-2-4-1,Disgust,NoseWrinklerR,0.5603779256343843,19.0,0.5603779256343843,19,24,1.0,,
1701175949795-1-29-2-5-1,Disgust,NoseWrinklerR,0.0452119708061219,21.0,0.0452119708061219,21,30,0.9999996423721312,,
1701176065041-1-29-3-1-1,Disgust,NoseWrinklerR,0.0739344358444212,3.0,0.0739344358444212,3,30,0.9999982714653016,,
1701176080429-1-29-3-9-1,Disgust,NoseWrinklerR,0.206681489944458,28.0,0.206681489944458,28,29,0.7434118390083313,,
1701176099222-1-29-3-18-1,Disgust,NoseWrinklerR,0.029286742210388,19.0,0.029286742210388,19,25,0.9637669920921326,,
1701176264239-1-29-4-12-1,Disgust,NoseWrinklerR,0.5198708474636078,13.0,0.5198708474636078,13,18,1.0,,
1701176269578-1-29-4-15-1,Disgust,NoseWrinklerR,0.5119744092226028,20.0,0.5119744092226028,20,26,1.0,,
1701176288555-1-29-4-26-1,Disgust,NoseWrinklerR,0.599072912707925,18.0,0.599072912707925,18,23,1.0,,
1701177687818-0-30-2-1-1,Disgust,NoseWrinklerR,0.0856813341379166,15.0,0.0856813341379166,15,16,0.2176620662212371,,
1701177695486-0-30-2-4-1,Disgust,NoseWrinklerR,0.0251438394188881,26.0,0.0618638098239899,27,26,0.1155334934592247,,
1701177818799-0-30-3-9-1,Disgust,NoseWrinklerR,0.0806954327106267,21.0,0.0806954327106267,21,25,0.230413407087326,,
1701178059050-0-30-4-0-1,Disgust,NoseWrinklerR,0.0386602431535721,6.0,0.0386602431535721,6,7,0.102310262620449,,
1701178079978-0-30-4-12-1,Disgust,NoseWrinklerR,0.0950325727462769,12.0,0.0950325727462769,12,14,0.245877057313919,,
1701188185950-0-31-3-1-1,Disgust,NoseWrinklerR,0.025880217552185,27.0,0.0872781872749328,10,3,0.8353769183158875,,
1701188201669-0-31-3-9-1,Disgust,NoseWrinklerR,0.0764806270599365,23.0,0.0764806270599365,23,30,0.8862922787666321,,
1701188219709-0-31-3-18-1,Disgust,NoseWrinklerR,0.2612388730049133,8.0,0.2612388730049133,8,12,0.797588050365448,,
1701188373564-0-31-4-12-1,Disgust,NoseWrinklerR,0.1597383469343186,4.0,0.1597383469343186,4,15,0.9149876832962036,,
1701346801987-1-32-2-4-1,Disgust,NoseWrinklerR,0.1966128200292587,2.0,0.1966128200292587,2,6,0.5861158967018127,,
1701346914839-1-32-3-1-1,Disgust,NoseWrinklerR,0.1860012114048004,23.0,0.1860012114048004,23,26,0.6953582167625427,,
1701347181669-1-32-4-12-1,Disgust,NoseWrinklerR,0.0920808017253874,25.0,0.0920808017253874,25,27,0.1791633665561676,,
1701350296214-0-33-2-4-1,Disgust,NoseWrinklerR,0.063468337059021,10.0,0.2366635799407959,30,17,0.9954290986061096,,
1701350297604-0-33-2-5-1,Disgust,NoseWrinklerR,0.3547680526971817,20.0,0.3547680526971817,20,24,0.9181102514266968,,
1701350408668-0-33-3-1-1,Disgust,NoseWrinklerR,0.0354428887367249,3.0,0.1606434285640716,28,15,0.9995288848876952,,
1701350424755-0-33-3-9-1,Disgust,NoseWrinklerR,0.2405284345149994,11.0,0.2405284345149994,11,22,1.0,,
1701350597285-0-33-4-0-1,Disgust,NoseWrinklerR,0.3066053986549377,10.0,0.3066053986549377,10,19,1.0,,
1701350618361-0-33-4-12-1,Disgust,NoseWrinklerR,0.3859399855136872,2.0,0.4344065934419632,27,14,1.0,,
1701357435954-0-34-2-1-1,Disgust,NoseWrinklerR,0.0591825917363166,29.0,0.0591825917363166,29,29,0.1097137555480003,,
1701357443474-0-34-2-4-1,Disgust,NoseWrinklerR,0.1414274249607102,22.0,0.1414274249607102,22,24,0.1460982263088226,,
1701357445964-0-34-2-5-1,Disgust,NoseWrinklerR,0.0058981324546037,25.0,0.0058981324546037,25,27,0.0096218762919306,,
1701357565849-0-34-3-1-1,Disgust,NoseWrinklerR,0.0647186841815709,14.0,0.0647186841815709,14,19,0.1561619341373443,,
1701357582043-0-34-3-9-1,Disgust,NoseWrinklerR,0.150816485285759,27.0,0.150816485285759,27,29,0.3500047624111175,,
1701357599915-0-34-3-18-1,Disgust,NoseWrinklerR,0.0166100924834608,29.0,0.0166100924834608,29,29,0.0318785980343818,,
1701357744592-0-34-4-0-1,Disgust,NoseWrinklerR,0.112007975578308,21.0,0.112007975578308,21,22,0.2572493851184845,,
1701357766192-0-34-4-12-1,Disgust,NoseWrinklerR,0.0830490291118622,30.0,0.0830490291118622,30,30,0.2533400654792785,,
1701357771395-0-34-4-15-1,Disgust,NoseWrinklerR,0.2041262281127274,24.0,0.2041262281127274,24,29,0.4060198366641998,,
1701429344312-0-35-2-1-1,Disgust,NoseWrinklerR,0.0282018184661865,2.0,0.0282018184661865,2,26,0.8524629473686218,,
1701429352803-0-35-2-4-1,Disgust,NoseWrinklerR,0.1713028550148009,14.0,0.1713028550148009,14,22,0.9999998807907104,,
1701429354835-0-35-2-5-1,Disgust,NoseWrinklerR,0.358892098069191,20.0,0.358892098069191,20,23,0.7211902737617493,,
1701429451762-0-35-3-1-1,Disgust,NoseWrinklerR,0.1053433418273926,10.0,0.1053433418273926,10,27,0.5831739902496338,,
1701429468360-0-35-3-9-1,Disgust,NoseWrinklerR,0.3568166196346283,24.0,0.3568166196346283,24,29,1.0,,
1701429485284-0-35-3-18-1,Disgust,NoseWrinklerR,0.3308156728744507,14.0,0.3308156728744507,14,17,0.7699534893035889,,
1701429610043-0-35-4-0-1,Disgust,NoseWrinklerR,0.3321102242916822,5.0,0.3321102242916822,5,8,0.8784279227256775,,
1701429632184-0-35-4-12-1,Disgust,NoseWrinklerR,0.4648618325591088,8.0,0.4648618325591088,8,28,0.999999225139618,,
1701429637213-0-35-4-15-1,Disgust,NoseWrinklerR,0.4011270701885223,23.0,0.4011270701885223,23,29,1.0,,
1701429656472-0-35-4-26-1,Disgust,NoseWrinklerR,0.4048348367214203,22.0,0.4048348367214203,22,29,1.0,,
1701438118692-1-36-2-1-1,Disgust,NoseWrinklerR,0.3882239595986902,11.0,0.3882239595986902,11,19,1.0,,
1701438129454-1-36-2-5-1,Disgust,NoseWrinklerR,0.047293297946453,22.0,0.047293297946453,22,4,0.2977959811687469,,
1701438271356-1-36-3-18-1,Disgust,NoseWrinklerR,0.1466270163655281,7.0,0.1466270163655281,7,11,0.3911190032958984,,
1701438424827-1-36-4-0-1,Disgust,NoseWrinklerR,0.0350375268608332,23.0,0.0350375268608332,23,30,0.048396673053503,,
1701438452174-1-36-4-15-1,Disgust,NoseWrinklerR,0.0877315700054169,18.0,0.0877315700054169,18,30,0.3081852495670318,,
1701440282185-0-37-2-1-1,Disgust,NoseWrinklerR,0.0271790400147437,14.0,0.0307417735457419,15,14,0.083381101489067,,
1701440289273-0-37-2-4-1,Disgust,NoseWrinklerR,0.1209709644317627,10.0,0.1209709644317627,10,26,0.4834464788436889,,
1701440291783-0-37-2-5-1,Disgust,NoseWrinklerR,0.122145727276802,27.0,0.122145727276802,27,29,0.3788185119628906,,
1701440395316-0-37-3-1-1,Disgust,NoseWrinklerR,0.0044765397906303,10.0,0.0187473967671394,7,1,0.062215082347393,,
1701440412003-0-37-3-9-1,Disgust,NoseWrinklerR,0.0244864076375961,15.0,0.0536340773105621,6,1,0.4433895349502563,,
1701440430010-0-37-3-18-1,Disgust,NoseWrinklerR,0.1653806567192078,10.0,0.1769058406352996,13,11,0.5796894431114197,,
1701440573008-0-37-4-0-1,Disgust,NoseWrinklerR,0.1930751949548721,11.0,0.1930751949548721,11,13,0.3801034688949585,,
1701440594034-0-37-4-12-1,Disgust,NoseWrinklerR,0.1220036745071411,2.0,0.1736465096473693,7,6,0.759899914264679,,
1701440599296-0-37-4-15-1,Disgust,NoseWrinklerR,0.1206313669681549,3.0,0.1227000951766967,14,10,0.5361304879188538,,
1701440618619-0-37-4-26-1,Disgust,NoseWrinklerR,0.0257079601287841,3.0,0.0638165771961213,4,3,0.2581564486026764,0.0248365810201944,0.0248365810201944
1700479111705-2-1-2-3-2,Fear,UpperLidRaiserR,0.0,,0.0,2,1,1.401298464324817e-45,,
1700479119890-2-1-2-6-2,Fear,UpperLidRaiserR,0.0,,0.0,2,1,1.401298464324817e-45,,
1700479129747-2-1-2-10-2,Fear,UpperLidRaiserR,0.0,,1.9038558413221152e-23,3,1,5.367461979487871e-23,,
1700479248151-2-1-3-5-2,Fear,UpperLidRaiserR,0.0,,0.0,2,1,1.401298464324817e-45,,
1700479278671-2-1-3-20-2,Fear,UpperLidRaiserR,0.0,,0.0,2,1,1.401298464324817e-45,,
1700479427742-2-1-4-9-2,Fear,UpperLidRaiserR,0.0,,0.0,2,1,1.401298464324817e-45,,
1700479452800-2-1-4-23-2,Fear,UpperLidRaiserR,0.0,,0.0,2,1,1.401298464324817e-45,,
1700486096508-1-2-2-10-2,Fear,UpperLidRaiserR,0.2798477709293363,2.0,0.2798477709293363,2,14,0.7850680947303772,,
1700486200867-1-2-3-5-2,Fear,UpperLidRaiserR,0.0892725903540849,21.0,0.0892725903540849,21,21,0.1079485043883323,,
1700486222597-1-2-3-16-2,Fear,UpperLidRaiserR,0.3223228454589844,19.0,0.3223228454589844,19,23,0.7569736838340759,,
1700486230297-1-2-3-20-2,Fear,UpperLidRaiserR,0.22242421656847,18.0,0.22242421656847,18,30,0.3652680814266205,,
1700486377855-1-2-4-9-2,Fear,UpperLidRaiserR,0.2757437229156494,26.0,0.2757437229156494,26,28,0.7162685394287109,,
1700486389926-1-2-4-16-2,Fear,UpperLidRaiserR,0.3172176592051983,23.0,0.3172176592051983,23,24,0.4999849796295166,,
1700486402581-1-2-4-23-2,Fear,UpperLidRaiserR,0.22843898832798,13.0,0.22843898832798,13,22,0.7177424430847168,,
1700487960368-0-3-2-3-2,Fear,UpperLidRaiserR,0.0556803792715073,15.0,0.0695216953754425,24,23,0.1497797220945358,,
1700487977854-0-3-2-10-2,Fear,UpperLidRaiserR,0.0108520798385143,16.0,0.0108520798385143,16,2,0.0402600206434726,,
1700488106464-0-3-3-16-2,Fear,UpperLidRaiserR,0.0083640293360076,23.0,0.0093929176218807,14,4,0.0245072934776544,,
1700488114760-0-3-3-20-2,Fear,UpperLidRaiserR,0.0062225425208453,8.0,0.0137594453990459,4,3,0.0208962131291627,,
1700488292404-0-3-4-23-2,Fear,UpperLidRaiserR,0.038030356168747,25.0,0.0644645690917969,3,1,0.3017455041408539,,
1700489728898-0-4-2-3-2,Fear,UpperLidRaiserR,0.3344942033290863,18.0,0.3344942033290863,18,26,0.9823152422904968,,
1700489747611-0-4-2-10-2,Fear,UpperLidRaiserR,0.0218994617462158,7.0,0.8444596892222763,28,20,0.9621228575706482,,
1700489865682-0-4-3-5-2,Fear,UpperLidRaiserR,0.3127876222133637,27.0,0.3127876222133637,27,30,0.9160970449447632,,
1700489888262-0-4-3-16-2,Fear,UpperLidRaiserR,0.0151708126068114,12.0,0.0523395538330078,25,22,0.964746356010437,,
1700490058429-0-4-4-9-2,Fear,UpperLidRaiserR,0.435940325260161,7.0,0.435940325260161,7,30,0.9982522130012512,,
1700490082831-0-4-4-23-2,Fear,UpperLidRaiserR,0.4359400038782706,13.0,0.4359400038782706,13,29,0.9625953435897828,,
1700490086566-0-4-4-25-2,Fear,UpperLidRaiserR,0.6265692710876465,4.0,0.6265692710876465,4,16,0.9932076334953308,,
1700491508000-1-5-2-3-2,Fear,UpperLidRaiserR,0.0241458415985107,11.0,0.3580985814332962,25,1,0.8154184222221375,,
1700491625143-1-5-3-5-2,Fear,UpperLidRaiserR,0.0116322040557861,4.0,0.3854628503322602,29,11,0.8765605092048645,,
1700491646962-1-5-3-16-2,Fear,UpperLidRaiserR,0.02522873878479,10.0,0.0615727305412292,17,10,0.8446775674819946,,
1700491655095-1-5-3-20-2,Fear,UpperLidRaiserR,0.1141522033140063,26.0,0.3883918607607484,22,1,0.8750750422477722,,
1700491818051-1-5-4-16-2,Fear,UpperLidRaiserR,0.1218323111534118,2.0,0.1218323111534118,2,6,0.9145504236221312,,
1700491834563-1-5-4-25-2,Fear,UpperLidRaiserR,0.0243350863456726,7.0,0.0277127027511596,27,7,0.8451269268989563,,
1700496800866-1-6-2-3-2,Fear,UpperLidRaiserR,0.0,,1.879117778065287e-18,2,1,6.3651585359083044e-18,,
1700496819284-1-6-2-10-2,Fear,UpperLidRaiserR,0.1798323169350623,18.0,0.1798323169350623,18,18,0.2345984429121017,,
1700496927077-1-6-3-5-2,Fear,UpperLidRaiserR,0.0,,0.0,2,1,1.401298464324817e-45,,
1700496949437-1-6-3-16-2,Fear,UpperLidRaiserR,0.0,,3.822021769270257e-17,2,1,1.294611641679475e-16,,
1700497106379-1-6-4-9-2,Fear,UpperLidRaiserR,0.0,,0.0,2,1,1.401298464324817e-45,,
1700497118520-1-6-4-16-2,Fear,UpperLidRaiserR,0.0,,7.050963642018363e-18,2,1,2.3883736728531528e-17,,
1700497130577-1-6-4-23-2,Fear,UpperLidRaiserR,0.0184987764805555,25.0,0.0184987764805555,25,25,0.0363792069256305,,
1700567792669-2-8-2-3-2,Fear,UpperLidRaiserR,0.092375099658966,10.0,0.092375099658966,10,16,0.8991142511367798,,
1700567799982-2-8-2-6-2,Fear,UpperLidRaiserR,0.1656554937362671,10.0,0.1656554937362671,10,23,0.8731857538223267,,
1700567809324-2-8-2-10-2,Fear,UpperLidRaiserR,0.3378467261791229,27.0,0.3378467261791229,27,30,0.7681616544723511,,
1700567911689-2-8-3-5-2,Fear,UpperLidRaiserR,0.3659481182694435,8.0,0.3659481182694435,8,30,0.8863927125930786,,
1700567934618-2-8-3-16-2,Fear,UpperLidRaiserR,0.0553781390190124,19.0,0.0553781390190124,19,1,0.8505499958992004,,
1700567942412-2-8-3-20-2,Fear,UpperLidRaiserR,0.4707323014736176,4.0,0.4707323014736176,4,27,0.8466897010803223,,
1700568090919-2-8-4-9-2,Fear,UpperLidRaiserR,0.3128300905227661,11.0,0.3128300905227661,11,25,0.8763822317123413,,
1700568103657-2-8-4-16-2,Fear,UpperLidRaiserR,0.3684469312429428,17.0,0.3684469312429428,17,29,0.7960566878318787,,
1700568116382-2-8-4-23-2,Fear,UpperLidRaiserR,0.5371513776481152,4.0,0.5371513776481152,4,30,0.8870149254798889,,
1700568119916-2-8-4-25-2,Fear,UpperLidRaiserR,0.5035506784915924,7.0,0.5035506784915924,7,28,0.8889319896697998,,
1700571058419-1-9-2-3-2,Fear,UpperLidRaiserR,0.1097615063190459,2.0,0.1097615063190459,2,23,0.6604753732681274,,
1700571175890-1-9-3-5-2,Fear,UpperLidRaiserR,0.081275701522827,25.0,0.10721917450428,21,2,0.6980228424072266,,
1700571363263-1-9-4-9-2,Fear,UpperLidRaiserR,0.1840554177761078,23.0,0.3019416481256485,7,28,0.5514047145843506,,
1700571375987-1-9-4-16-2,Fear,UpperLidRaiserR,0.1445751190185547,11.0,0.1445751190185547,11,23,0.5352417826652527,,
1700571388602-1-9-4-23-2,Fear,UpperLidRaiserR,0.1090093851089477,2.0,0.3269270658493042,9,7,0.7181118130683899,,
1700571391762-1-9-4-25-2,Fear,UpperLidRaiserR,0.0234637856483459,14.0,0.0635338425636291,25,4,0.7849451303482056,,
1700577738960-2-10-2-3-2,Fear,UpperLidRaiserR,0.2139897793531418,9.0,0.2139897793531418,9,12,0.4402598440647125,,
1700577756759-2-10-2-10-2,Fear,UpperLidRaiserR,0.1237556636333466,2.0,0.1237556636333466,2,6,0.6216957569122314,,
1700577849695-2-10-3-5-2,Fear,UpperLidRaiserR,0.0358353108167648,12.0,0.0358353108167648,12,20,0.1087726205587387,,
1700577880261-2-10-3-20-2,Fear,UpperLidRaiserR,0.1246497035026549,14.0,0.1246497035026549,14,14,0.4539728462696075,,
1700578022517-2-10-4-9-2,Fear,UpperLidRaiserR,0.0639681220054627,24.0,0.1630927324295044,6,3,0.5680426359176636,,
1700578035450-2-10-4-16-2,Fear,UpperLidRaiserR,0.1192897558212279,30.0,0.1192897558212279,30,13,0.5478188991546631,,
1700578047686-2-10-4-23-2,Fear,UpperLidRaiserR,0.1665915548801421,21.0,0.2023690044879913,4,2,0.6571469902992249,,
1700578050680-2-10-4-25-2,Fear,UpperLidRaiserR,0.195535659790039,18.0,0.195535659790039,18,25,0.6802647113800049,,
1700580373458-0-11-2-3-2,Fear,UpperLidRaiserR,0.0,,1.6858322737789422e-08,2,1,5.694697691183138e-08,,
1700580381214-0-11-2-6-2,Fear,UpperLidRaiserR,0.007999214285519,4.0,0.009609017521143,14,9,0.0146563779562711,,
1700580391543-0-11-2-10-2,Fear,UpperLidRaiserR,0.0,,8.936070633458469e-12,2,1,3.026782297022024e-11,,
1700580494213-0-11-3-5-2,Fear,UpperLidRaiserR,0.0088355140760411,11.0,0.0088355140760411,11,17,0.0090746991336345,,
1700580515530-0-11-3-16-2,Fear,UpperLidRaiserR,0.0,,4.991446380304481e-25,2,1,1.6907279100519703e-24,,
1700580524093-0-11-3-20-2,Fear,UpperLidRaiserR,0.0088331537202073,17.0,0.0088331537202073,17,24,0.0138607239350676,,
1700580682776-0-11-4-9-2,Fear,UpperLidRaiserR,0.0,,0.0,2,1,1.401298464324817e-45,,
1700582057784-0-12-2-3-2,Fear,UpperLidRaiserR,0.068110167980194,20.0,0.3808774799108505,30,21,0.7563338875770569,,
1700582169785-0-12-3-5-2,Fear,UpperLidRaiserR,0.3760970532894135,7.0,0.3760970532894135,7,19,0.6673635840415955,,
1700582191310-0-12-3-16-2,Fear,UpperLidRaiserR,0.0979746282100678,21.0,0.0979746282100678,21,28,0.7499812245368958,,
1700582354642-0-12-4-16-2,Fear,UpperLidRaiserR,0.3861194774508477,17.0,0.3861194774508477,17,29,0.7065508961677551,,
1700583891213-2-13-2-3-2,Fear,UpperLidRaiserR,0.1142607480287551,2.0,0.1142607480287551,2,11,0.4901301562786102,,
1700583897868-2-13-2-6-2,Fear,UpperLidRaiserR,0.2728445529937744,23.0,0.2728445529937744,23,25,0.9412294030189514,,
1700584009992-2-13-3-5-2,Fear,UpperLidRaiserR,0.1166726946830749,11.0,0.1166726946830749,11,25,0.8854227662086487,,
1700584032421-2-13-3-16-2,Fear,UpperLidRaiserR,0.1241922378540039,9.0,0.1241922378540039,9,17,0.8618948459625244,,
1700584217663-2-13-4-9-2,Fear,UpperLidRaiserR,0.2153704762458801,22.0,0.2153704762458801,22,30,0.7876929044723511,,
1700584242638-2-13-4-23-2,Fear,UpperLidRaiserR,0.0667853951454162,12.0,0.0667853951454162,12,17,0.8986663818359375,,
1700745115681-1-14-2-3-2,Fear,UpperLidRaiserR,0.0532541871070861,15.0,0.0532541871070861,15,18,0.9170423746109008,,
1700745123799-1-14-2-6-2,Fear,UpperLidRaiserR,0.0197529196739196,4.0,0.0794528722763061,29,9,0.8841619491577148,,
1700745132889-1-14-2-10-2,Fear,UpperLidRaiserR,0.3884870857000351,24.0,0.5323035418987275,14,30,0.8620727062225342,,
1700745231984-1-14-3-5-2,Fear,UpperLidRaiserR,0.2189772725105285,15.0,0.5337299089878798,8,30,0.918273389339447,,
1700745254634-1-14-3-16-2,Fear,UpperLidRaiserR,0.0731130838394165,8.0,0.0731130838394165,8,13,0.9151492714881896,,
1700745409833-1-14-4-9-2,Fear,UpperLidRaiserR,0.4405672103166581,7.0,0.8176597245037557,2,17,0.9534392952919006,,
1700745434141-1-14-4-23-2,Fear,UpperLidRaiserR,0.0468358993530273,13.0,0.0574316978454589,3,27,0.8023677468299866,,
1700745437874-1-14-4-25-2,Fear,UpperLidRaiserR,0.0303534269332885,14.0,0.0303534269332885,14,22,0.8978214859962463,,
1700747235785-2-15-2-3-2,Fear,UpperLidRaiserR,0.008835595101118,28.0,0.008835595101118,28,30,0.0108259171247482,,
1700747244029-2-15-2-6-2,Fear,UpperLidRaiserR,0.0164215359836817,13.0,0.0164215359836817,13,24,0.0527111180126667,,
1700747253760-2-15-2-10-2,Fear,UpperLidRaiserR,0.0722109749913216,4.0,0.0777316987514495,21,16,0.4100557565689087,,
1700747378458-2-15-3-16-2,Fear,UpperLidRaiserR,0.0327627994120121,24.0,0.0327627994120121,24,30,0.0635081008076667,,
1700747386351-2-15-3-20-2,Fear,UpperLidRaiserR,0.0273704919964075,7.0,0.0273704919964075,7,25,0.0556005053222179,,
1700747528937-2-15-4-9-2,Fear,UpperLidRaiserR,0.0047822538763283,5.0,0.010628234129399,8,1,0.0281233750283718,,
1700747556782-2-15-4-25-2,Fear,UpperLidRaiserR,-3.88685573068234e-24,,6.984065565074511e-20,2,1,2.3657176818439362e-19,,
1700748692860-0-16-2-3-2,Fear,UpperLidRaiserR,0.2737431526184082,23.0,0.4207048267126083,9,24,0.6243084073066711,,
1700748700613-0-16-2-6-2,Fear,UpperLidRaiserR,0.1532986611127854,22.0,0.1532986611127854,22,29,0.4646698236465454,,
1700748711597-0-16-2-10-2,Fear,UpperLidRaiserR,0.0665778666734695,18.0,0.1446425905451179,28,18,0.2715421020984649,,
1700748833455-0-16-3-16-2,Fear,UpperLidRaiserR,0.0801642443984747,4.0,0.0801642443984747,4,13,0.2741894721984863,,
1700748841210-0-16-3-20-2,Fear,UpperLidRaiserR,0.1651792526245117,15.0,0.5356082525104284,23,18,0.5965166687965393,,
1700749000251-0-16-4-16-2,Fear,UpperLidRaiserR,0.1005325019359588,19.0,0.4249693304300309,29,23,0.6069329380989075,,
1700749012601-0-16-4-23-2,Fear,UpperLidRaiserR,0.0614053644239902,21.0,0.0676385201513768,29,25,0.107369340956211,,
1700749016625-0-16-4-25-2,Fear,UpperLidRaiserR,0.0,,4.81942695984214e-20,2,1,1.6324970320586889e-19,,
1700753902964-0-17-2-3-2,Fear,UpperLidRaiserR,0.0,,0.0,2,1,1.401298464324817e-45,,
1700754039690-0-17-3-16-2,Fear,UpperLidRaiserR,0.0,,0.0,2,1,1.401298464324817e-45,,
1700754193806-0-17-4-9-2,Fear,UpperLidRaiserR,0.0,,0.0,2,1,1.401298464324817e-45,,
1700754218629-0-17-4-23-2,Fear,UpperLidRaiserR,0.0,,0.0,2,1,1.401298464324817e-45,,
1700754222320-0-17-4-25-2,Fear,UpperLidRaiserR,0.0,,0.0,2,1,1.401298464324817e-45,,
1700756720027-2-18-4-9-2,Fear,UpperLidRaiserR,0.1258654743432999,19.0,0.1258654743432999,19,22,0.444126158952713,,
1700824563148-0-19-3-5-2,Fear,UpperLidRaiserR,0.055637713521719,8.0,0.055637713521719,8,11,0.1351046115159988,,
1700824592603-0-19-3-20-2,Fear,UpperLidRaiserR,0.0121900355443358,25.0,0.0147705096751451,29,27,0.0250926930457353,,
1700824755053-0-19-4-9-2,Fear,UpperLidRaiserR,0.1441489979624748,18.0,0.1441489979624748,18,18,0.1905076056718826,,
1700824767681-0-19-4-16-2,Fear,UpperLidRaiserR,0.0349780116230249,12.0,0.0349780116230249,12,29,0.1068071275949478,,
1700824783839-0-19-4-25-2,Fear,UpperLidRaiserR,0.0287348125129938,11.0,0.0317368023097515,8,7,0.0663907900452613,,
1700825817672-0-20-2-3-2,Fear,UpperLidRaiserR,0.0,,2.0439523884053776e-21,2,1,3.4907890227822235e-21,,
1700825952607-0-20-3-16-2,Fear,UpperLidRaiserR,0.2662171721458435,9.0,0.3677589893341065,29,25,0.9003342390060425,,
1700825960070-0-20-3-20-2,Fear,UpperLidRaiserR,-6.646427852530229e-11,,1.5108284969755914e-06,2,1,4.788430942426203e-06,,
1700826130392-0-20-4-23-2,Fear,UpperLidRaiserR,0.2373947948217392,19.0,0.2373947948217392,19,26,0.6914239525794983,,
1700826133775-0-20-4-25-2,Fear,UpperLidRaiserR,0.0,,4.2982073941545785e-29,2,1,1.4557925097397043e-28,,
1700827984113-0-21-4-9-2,Fear,UpperLidRaiserR,0.1593618392944336,13.0,0.1593618392944336,13,13,0.471199482679367,,
1701085490489-2-23-2-3-2,Fear,UpperLidRaiserR,0.1185818463563919,24.0,0.1185818463563919,24,28,0.3772342503070831,,
1701085508188-2-23-2-10-2,Fear,UpperLidRaiserR,0.0603023832663894,30.0,0.0603023832663894,30,30,0.0706062018871307,,
1701085612711-2-23-3-5-2,Fear,UpperLidRaiserR,0.1971665620803833,24.0,0.1971665620803833,24,28,0.4454484283924103,,
1701085635772-2-23-3-16-2,Fear,UpperLidRaiserR,0.1034606099128723,5.0,0.1034606099128723,5,8,0.3393911123275757,,
1701085643199-2-23-3-20-2,Fear,UpperLidRaiserR,0.0,,4.923541200691865e-05,2,1,0.0001055556494975,,
1701085798672-2-23-4-9-2,Fear,UpperLidRaiserR,0.0178917106240985,27.0,0.0178917106240985,27,30,0.0248350668698549,,
1701085810970-2-23-4-16-2,Fear,UpperLidRaiserR,0.203356932848692,22.0,0.203356932848692,22,29,0.6232460737228394,,
1701085823245-2-23-4-23-2,Fear,UpperLidRaiserR,0.2948650792241096,22.0,0.2948650792241096,22,30,0.7555249929428101,,
1701085827129-2-23-4-25-2,Fear,UpperLidRaiserR,0.2502156011760235,18.0,0.2502156011760235,18,26,0.7167977094650269,,
1701087298299-0-24-2-6-2,Fear,UpperLidRaiserR,0.2578457985073328,14.0,0.2578457985073328,14,19,0.4479540288448334,,
1701087611416-0-24-4-9-2,Fear,UpperLidRaiserR,0.2550689876079559,20.0,0.2550689876079559,20,27,0.7684869766235352,,
1701087623549-0-24-4-16-2,Fear,UpperLidRaiserR,0.5779277244582773,11.0,0.5779277244582773,11,28,0.7535533308982849,,
1701087636407-0-24-4-23-2,Fear,UpperLidRaiserR,0.1653368175029754,5.0,0.1653368175029754,5,24,0.6997449398040771,,
1701087638925-0-24-4-25-2,Fear,UpperLidRaiserR,0.1808211281895637,2.0,0.1808211281895637,2,19,0.7817668914794922,,
1701090990821-0-25-2-3-2,Fear,UpperLidRaiserR,0.0,,0.0,2,1,1.401298464324817e-45,,
1701090998411-0-25-2-6-2,Fear,UpperLidRaiserR,0.0,,0.0,2,1,1.401298464324817e-45,,
1701091008703-0-25-2-10-2,Fear,UpperLidRaiserR,0.0,,0.0,2,1,1.401298464324817e-45,,
1701091109837-0-25-3-5-2,Fear,UpperLidRaiserR,0.0,,0.0,2,1,1.401298464324817e-45,,
1701091132266-0-25-3-16-2,Fear,UpperLidRaiserR,0.3595335781574249,15.0,0.3595335781574249,15,23,0.7684906721115112,,
1701091140174-0-25-3-20-2,Fear,UpperLidRaiserR,0.0,,0.0,2,1,1.401298464324817e-45,,
1701091297196-0-25-4-9-2,Fear,UpperLidRaiserR,0.0,,0.0,2,1,1.401298464324817e-45,,
1701091308687-0-25-4-16-2,Fear,UpperLidRaiserR,0.0,,0.0,2,1,1.401298464324817e-45,,
1701091321073-0-25-4-23-2,Fear,UpperLidRaiserR,0.0,,0.0,2,1,1.401298464324817e-45,,
1701091325431-0-25-4-25-2,Fear,UpperLidRaiserR,0.0,,0.0,2,1,1.401298464324817e-45,,
1701092667428-0-26-2-6-2,Fear,UpperLidRaiserR,0.0654032528400421,17.0,0.0654032528400421,17,17,0.0654032528400421,,
1701092794824-0-26-3-16-2,Fear,UpperLidRaiserR,0.0695398822426796,16.0,0.0695398822426796,16,16,0.0695398822426796,,
1701092963038-0-26-4-9-2,Fear,UpperLidRaiserR,0.0,,3.465632822149132e-18,2,1,1.173921407727395e-17,,
1701094539306-2-27-2-3-2,Fear,UpperLidRaiserR,0.101776748895645,21.0,0.1410070061683654,17,15,0.5779277086257935,,
1701094661584-2-27-3-5-2,Fear,UpperLidRaiserR,0.2149408459663391,24.0,0.2149408459663391,24,29,0.6876729726791382,,
1701094684847-2-27-3-16-2,Fear,UpperLidRaiserR,0.0532784610986709,2.0,0.0671083182096482,11,3,0.2499930560588836,,
1701094692584-2-27-3-20-2,Fear,UpperLidRaiserR,0.0984467752277851,22.0,0.0984467752277851,22,24,0.1972935646772384,,
1701094835647-2-27-4-9-2,Fear,UpperLidRaiserR,0.3312039487063885,27.0,0.3312039487063885,27,27,0.3668434619903564,,
1701094848288-2-27-4-16-2,Fear,UpperLidRaiserR,0.0869258642196655,4.0,0.0869258642196655,4,19,0.5546298027038574,,
1701170493968-0-28-2-3-2,Fear,UpperLidRaiserR,0.0,,4.135180967177605e-14,3,1,1.400598251743643e-13,,
1701170501787-0-28-2-6-2,Fear,UpperLidRaiserR,0.2109334766864776,9.0,0.2109334766864776,9,12,0.4248420596122741,,
1701170511673-0-28-2-10-2,Fear,UpperLidRaiserR,0.0178910735994577,12.0,0.0178910735994577,12,15,0.0190963596105575,,
1701170609420-0-28-3-5-2,Fear,UpperLidRaiserR,0.0,,0.0,2,1,1.401298464324817e-45,,
1701170781287-0-28-4-9-2,Fear,UpperLidRaiserR,0.0,,0.0,2,1,1.401298464324817e-45,,
1701170809558-0-28-4-25-2,Fear,UpperLidRaiserR,0.2068753540515899,16.0,0.2068753540515899,16,18,0.2747279107570648,,
1701175944238-1-29-2-3-2,Fear,UpperLidRaiserR,0.0484333336353302,23.0,0.0545433368533848,29,25,0.1081380024552345,,
1701176073032-1-29-3-5-2,Fear,UpperLidRaiserR,0.0,,2.856548325972513e-23,3,1,8.053399570955891e-23,,
1701176094965-1-29-3-16-2,Fear,UpperLidRaiserR,0.0705135539174079,9.0,0.0795642733573914,11,10,0.1838843822479248,,
1701176103156-1-29-3-20-2,Fear,UpperLidRaiserR,0.0,,7.08105461981847e-16,2,1,2.395671966807047e-15,,
1701176259071-1-29-4-9-2,Fear,UpperLidRaiserR,0.1851420477032662,16.0,0.1851420477032662,16,19,0.4340434968471527,,
1701176283916-1-29-4-23-2,Fear,UpperLidRaiserR,0.027498260140419,5.0,0.1139409542083741,3,1,0.355822890996933,,
1701177692679-0-30-2-3-2,Fear,UpperLidRaiserR,0.2835499346256256,19.0,0.2835499346256256,19,23,0.5979102253913879,,
1701177699973-0-30-2-6-2,Fear,UpperLidRaiserR,0.2480175271630287,18.0,0.2480175271630287,18,28,0.7950382232666016,,
1701177709968-0-30-2-10-2,Fear,UpperLidRaiserR,0.1577073819935321,9.0,0.1577073819935321,9,26,0.4477932155132293,,
1701178074936-0-30-4-9-2,Fear,UpperLidRaiserR,0.1355360001325606,23.0,0.1355360001325606,23,27,0.4462505578994751,,
1701178087808-0-30-4-16-2,Fear,UpperLidRaiserR,0.4904177188873291,4.0,0.5570558086037637,29,7,0.7947040796279907,,
1701178100021-0-30-4-23-2,Fear,UpperLidRaiserR,0.338143140077591,25.0,0.338143140077591,25,30,0.6520087718963623,,
1701178102747-0-30-4-25-2,Fear,UpperLidRaiserR,0.31907719373703,13.0,0.31907719373703,13,19,0.8328511714935303,,
1701188069803-0-31-2-3-2,Fear,UpperLidRaiserR,0.0088354106992483,15.0,0.0088354106992483,15,25,0.0088412659242749,,
1701188086516-0-31-2-10-2,Fear,UpperLidRaiserR,0.060473620891571,7.0,0.1512904539704323,19,12,0.2749763429164886,,
1701188193604-0-31-3-5-2,Fear,UpperLidRaiserR,0.0435058884322644,28.0,0.0435058884322644,28,28,0.0837697833776474,,
1701188216034-0-31-3-16-2,Fear,UpperLidRaiserR,0.0332462787628174,18.0,0.0692417994141578,16,1,0.4610083997249603,,
1701188224270-0-31-3-20-2,Fear,UpperLidRaiserR,0.0294830501079559,6.0,0.1090927422046661,4,1,0.4048482477664947,,
1701188368228-0-31-4-9-2,Fear,UpperLidRaiserR,0.0595670193433761,28.0,0.0595670193433761,28,28,0.1107651218771934,,
1701188393051-0-31-4-23-2,Fear,UpperLidRaiserR,0.0749725848436355,26.0,0.0749725848436355,26,30,0.2878762483596802,,
1701346798129-1-32-2-3-2,Fear,UpperLidRaiserR,0.0,,0.0,2,1,1.401298464324817e-45,,
1701346806591-1-32-2-6-2,Fear,UpperLidRaiserR,0.0,,0.0005682898918167,3,1,0.0015580580802634,,
1701347175965-1-32-4-9-2,Fear,UpperLidRaiserR,0.0,,1.8118605574213304e-12,2,1,6.136928638877937e-12,,
1701347188648-1-32-4-16-2,Fear,UpperLidRaiserR,0.0073408928001299,5.0,0.0085473321378232,15,14,0.014795514754951,,
1701347204509-1-32-4-25-2,Fear,UpperLidRaiserR,0.0088355755433439,14.0,0.0088355755433439,14,16,0.0136192385107278,,
1701350292769-0-33-2-3-2,Fear,UpperLidRaiserR,0.3041296005249023,22.0,0.3041296005249023,22,25,0.7675809860229492,,
1701350300445-0-33-2-6-2,Fear,UpperLidRaiserR,0.4823191063478589,11.0,0.4823191063478589,11,14,0.7956835031509399,,
1701350310248-0-33-2-10-2,Fear,UpperLidRaiserR,0.1686929017305374,20.0,0.3060000985860825,24,22,0.5024236440658569,,
1701350416230-0-33-3-5-2,Fear,UpperLidRaiserR,0.410601794719696,20.0,0.410601794719696,20,23,0.7181422710418701,,
1701350438825-0-33-3-16-2,Fear,UpperLidRaiserR,0.0710974931716919,2.0,0.0710974931716919,2,23,0.5897879600524902,,
1701350445818-0-33-3-20-2,Fear,UpperLidRaiserR,0.2807662487030029,29.0,0.2807662487030029,29,30,0.6741405129432678,,
1701350613292-0-33-4-9-2,Fear,UpperLidRaiserR,0.1296672523021698,2.0,0.1296672523021698,2,13,0.6750105619430542,,
1701350624988-0-33-4-16-2,Fear,UpperLidRaiserR,0.1512953042984008,24.0,0.1512953042984008,24,27,0.5689139366149902,,
1701350637398-0-33-4-23-2,Fear,UpperLidRaiserR,0.3605942577123642,26.0,0.3605942577123642,26,29,0.6900960803031921,,
1701350640984-0-33-4-25-2,Fear,UpperLidRaiserR,0.2645297646522522,19.0,0.2645297646522522,19,24,0.6634555459022522,,
1701357760799-0-34-4-9-2,Fear,UpperLidRaiserR,0.0,,0.0,2,1,1.401298464324817e-45,,
1701429349912-0-35-2-3-2,Fear,UpperLidRaiserR,0.1136114597320557,28.0,0.1136114597320557,28,28,0.4042280912399292,,
1701429358306-0-35-2-6-2,Fear,UpperLidRaiserR,0.0744275748729706,3.0,0.0744275748729706,3,3,0.2202715277671814,,
1701429367035-0-35-2-10-2,Fear,UpperLidRaiserR,0.0751018822193145,10.0,0.0751018822193145,10,17,0.5429185032844543,,
1701429481658-0-35-3-16-2,Fear,UpperLidRaiserR,0.0572653710842132,13.0,0.0572653710842132,13,22,0.1952514499425888,,
1701429490253-0-35-3-20-2,Fear,UpperLidRaiserR,0.3719391226768493,21.0,0.3719391226768493,21,27,0.6894542574882507,,
1701429639116-0-35-4-16-2,Fear,UpperLidRaiserR,0.0485735535621643,4.0,0.0485735535621643,4,18,0.7180583477020264,,
1701429654349-0-35-4-25-2,Fear,UpperLidRaiserR,0.0696099400520325,7.0,0.2224814211949706,12,9,0.4044693410396576,,
1701438123470-1-36-2-3-2,Fear,UpperLidRaiserR,0.1033246889710427,28.0,0.1033246889710427,28,28,0.1376306414604187,,
1701438131767-1-36-2-6-2,Fear,UpperLidRaiserR,0.3351768986468641,4.0,0.3351768986468641,4,26,0.4655387997627258,,
1701438141762-1-36-2-10-2,Fear,UpperLidRaiserR,0.1467640548944473,6.0,0.1467640548944473,6,8,0.3049895763397217,,
1701438245552-1-36-3-5-2,Fear,UpperLidRaiserR,0.0471164025366306,9.0,0.0523311682045459,15,13,0.1013028621673584,,
1701438267489-1-36-3-16-2,Fear,UpperLidRaiserR,0.0122200119256914,9.0,0.0122200119256914,9,9,0.0122200138866901,,
1701438275481-1-36-3-20-2,Fear,UpperLidRaiserR,0.0700570344924927,13.0,0.109067976474762,24,19,0.2752407491207123,,
1701438441438-1-36-4-9-2,Fear,UpperLidRaiserR,0.014311235398054,14.0,0.0160351973026991,25,4,0.0372966192662715,,
1701438453301-1-36-4-16-2,Fear,UpperLidRaiserR,0.0082817824441008,18.0,0.0082817824441008,18,4,0.0145489703863859,,
1701438466137-1-36-4-23-2,Fear,UpperLidRaiserR,0.0234436430037021,26.0,0.0427021123468875,9,2,0.1119217500090599,,
1701438469635-1-36-4-25-2,Fear,UpperLidRaiserR,0.0453609824180603,24.0,0.0453609824180603,24,25,0.2639278173446655,,
1701440295066-0-37-2-6-2,Fear,UpperLidRaiserR,0.1723302602767945,20.0,0.1984686553478241,26,24,0.5789667963981628,,
1701440602128-0-37-4-16-2,Fear,UpperLidRaiserR,0.0606837570667266,21.0,0.2447103802114726,29,1,0.5803578495979309,0.0125038882331852,0.0125038882331852
1700479001137-2-1-1-2-3,Happiness,LipCornerPullerR,0.1132150441408158,22.0,0.1567486524581909,12,1,0.5522475242614746,,
1700479015441-2-1-1-8-3,Happiness,LipCornerPullerR,0.5193183906376362,3.0,0.5193183906376362,3,15,1.0,,
1700479245714-2-1-3-4-3,Happiness,LipCornerPullerR,0.3409038186073303,19.0,0.3409038186073303,19,28,0.7714580297470093,,
1700479260806-2-1-3-11-3,Happiness,LipCornerPullerR,0.1110590696334838,20.0,0.1110590696334838,20,30,0.915422797203064,,
1700479422411-2-1-4-6-3,Happiness,LipCornerPullerR,0.3653708398342133,10.0,0.3653708398342133,10,21,0.9941314458847046,,
1700479435090-2-1-4-13-3,Happiness,LipCornerPullerR,0.0715240240097045,15.0,0.0715240240097045,15,23,0.8256253004074097,,
1700485991927-1-2-1-6-3,Happiness,LipCornerPullerR,0.2470106706023216,8.0,0.2470106706023216,8,16,0.9436240792274476,,
1700486224796-1-2-3-17-3,Happiness,LipCornerPullerR,0.1854140758514404,10.0,0.1854140758514404,10,30,0.9403247833251952,,
1700486372493-1-2-4-6-3,Happiness,LipCornerPullerR,0.332821249961853,20.0,0.332821249961853,20,29,0.9996113181114196,,
1700486381822-1-2-4-11-3,Happiness,LipCornerPullerR,0.1213120520114899,5.0,0.1213120520114899,5,12,0.9527150988578796,,
1700486385344-1-2-4-13-3,Happiness,LipCornerPullerR,0.5260649397969246,6.0,0.5260649397969246,6,12,1.0,,
1700486404513-1-2-4-24-3,Happiness,LipCornerPullerR,0.3225991129875183,7.0,0.3225991129875183,7,27,0.9260060787200928,,
1700487871181-0-3-1-2-3,Happiness,LipCornerPullerR,0.1415457129478454,27.0,0.1415457129478454,27,28,0.5835575461387634,,
1700487882143-0-3-1-6-3,Happiness,LipCornerPullerR,0.0457651019096373,10.0,0.0457651019096373,10,24,0.4145275056362152,,
1700487887156-0-3-1-8-3,Happiness,LipCornerPullerR,0.0636020451784133,10.0,0.0636020451784133,10,18,0.379893958568573,,
1700488081973-0-3-3-4-3,Happiness,LipCornerPullerR,0.1187000721693039,21.0,0.1187000721693039,21,24,0.3901978135108948,,
1700488095341-0-3-3-11-3,Happiness,LipCornerPullerR,0.039779894053936,9.0,0.0536364689469338,20,2,0.1499908119440078,,
1700488108469-0-3-3-17-3,Happiness,LipCornerPullerR,0.0808478817343712,12.0,0.0808478817343712,12,20,0.4544733762741089,,
1700488271464-0-3-4-11-3,Happiness,LipCornerPullerR,0.0551047474145889,22.0,0.0551047474145889,22,28,0.3129599392414093,,
1700488274752-0-3-4-13-3,Happiness,LipCornerPullerR,0.0962477922439576,15.0,0.0962477922439576,15,23,0.4344405829906463,,
1700488293420-0-3-4-24-3,Happiness,LipCornerPullerR,0.0347480550408364,13.0,0.0347480550408364,13,21,0.2082035839557647,,
1700489639217-0-4-1-2-3,Happiness,LipCornerPullerR,0.2365661263465882,26.0,0.2365661263465882,26,30,0.999984323978424,,
1700489650155-0-4-1-6-3,Happiness,LipCornerPullerR,0.9977545142173768,3.0,0.9977545142173768,3,10,1.0,,
1700489654363-0-4-1-8-3,Happiness,LipCornerPullerR,0.5925622954964639,22.0,0.5925622954964639,22,27,1.0,,
1700489863634-0-4-3-4-3,Happiness,LipCornerPullerR,0.4429100155830383,26.0,0.4429100155830383,26,30,0.999999225139618,,
1700489877695-0-4-3-11-3,Happiness,LipCornerPullerR,0.556718572974205,21.0,0.556718572974205,21,27,1.0,,
1700489889727-0-4-3-17-3,Happiness,LipCornerPullerR,0.487753838300705,22.0,0.487753838300705,22,28,1.0,,
1700490052802-0-4-4-6-3,Happiness,LipCornerPullerR,0.6908644884824755,17.0,0.6908644884824755,17,22,1.0,,
1700490061672-0-4-4-11-3,Happiness,LipCornerPullerR,0.5350742340087891,13.0,0.5350742340087891,13,19,1.0,,
1700490065224-0-4-4-13-3,Happiness,LipCornerPullerR,0.7482185363769531,15.0,0.7482185363769531,15,20,1.0,,
1700490084295-0-4-4-24-3,Happiness,LipCornerPullerR,0.6249235365539789,25.0,0.6249235365539789,25,30,0.9999999403953552,,
1700491426514-1-5-1-6-3,Happiness,LipCornerPullerR,0.1849617063999176,17.0,0.1849617063999176,17,28,1.0,,
1700491432012-1-5-1-8-3,Happiness,LipCornerPullerR,0.2370769679546356,4.0,0.2370769679546356,4,26,0.8593244552612305,,
1700491622476-1-5-3-4-3,Happiness,LipCornerPullerR,0.0251358151435852,6.0,0.0251358151435852,6,27,0.9176762700080872,,
1700491636900-1-5-3-11-3,Happiness,LipCornerPullerR,0.0676665306091308,2.0,0.0676665306091308,2,7,1.0,,
1700491648470-1-5-3-17-3,Happiness,LipCornerPullerR,0.2022501379251479,15.0,0.2022501379251479,15,30,0.7062668204307556,,
1700491809351-1-5-4-11-3,Happiness,LipCornerPullerR,0.1420680880546569,2.0,0.1420680880546569,2,12,1.0,,
1700491813190-1-5-4-13-3,Happiness,LipCornerPullerR,0.2422663569450379,6.0,0.2732611298561097,29,16,0.91803240776062,,
1700496712574-1-6-1-2-3,Happiness,LipCornerPullerR,0.475150465965271,14.0,0.475150465965271,14,20,1.0,,
1700496726497-1-6-1-8-3,Happiness,LipCornerPullerR,0.0,,0.0,2,1,1.0,,
1700496924776-1-6-3-4-3,Happiness,LipCornerPullerR,0.4101060628890992,9.0,0.4101060628890992,9,13,1.0,,
1700496938747-1-6-3-11-3,Happiness,LipCornerPullerR,0.2144415676593781,18.0,0.2144415676593781,18,26,1.0,,
1700496951478-1-6-3-17-3,Happiness,LipCornerPullerR,0.1676115989685058,2.0,0.1676115989685058,2,6,1.0,,
1700497109218-1-6-4-11-3,Happiness,LipCornerPullerR,0.2778084576129914,11.0,0.2778084576129914,11,20,1.0,,
1700497131969-1-6-4-24-3,Happiness,LipCornerPullerR,0.340198665857315,5.0,0.340198665857315,5,16,1.0,,
1700567693686-2-8-1-2-3,Happiness,LipCornerPullerR,0.1031081229448318,19.0,0.1031081229448318,19,30,0.4320924580097198,,
1700567702985-2-8-1-6-3,Happiness,LipCornerPullerR,0.1304199695587159,9.0,0.1304199695587159,9,30,0.3214115798473358,,
1700567708570-2-8-1-8-3,Happiness,LipCornerPullerR,0.1188342869281769,25.0,0.1188342869281769,25,27,0.4988612830638885,,
1700568086128-2-8-4-6-3,Happiness,LipCornerPullerR,0.0934565700590611,20.0,0.0934565700590611,20,25,0.3768783211708069,,
1700568095008-2-8-4-11-3,Happiness,LipCornerPullerR,0.1465101838111877,11.0,0.1465101838111877,11,16,0.4165108501911163,,
1700568118260-2-8-4-24-3,Happiness,LipCornerPullerR,0.097995325922966,6.0,0.097995325922966,6,29,0.3278867304325104,,
1700570981390-1-9-1-6-3,Happiness,LipCornerPullerR,0.2728185653686523,6.0,0.2728185653686523,6,14,1.0,,
1700571173468-1-9-3-4-3,Happiness,LipCornerPullerR,0.513037070631981,21.0,0.513037070631981,21,27,0.956161081790924,,
1700571187794-1-9-3-11-3,Happiness,LipCornerPullerR,0.340457409620285,21.0,0.340457409620285,21,28,0.7699739336967468,,
1700571358608-1-9-4-6-3,Happiness,LipCornerPullerR,0.0564820170402526,2.0,0.1101271510124206,30,28,0.9553005695343018,,
1700571367301-1-9-4-11-3,Happiness,LipCornerPullerR,0.1827574968338012,14.0,0.1827574968338012,14,29,0.5649624466896057,,
1700571370738-1-9-4-13-3,Happiness,LipCornerPullerR,0.1614041253924369,8.0,0.1614041253924369,8,13,0.6772505044937134,,
1700571390048-1-9-4-24-3,Happiness,LipCornerPullerR,0.1369179785251618,11.0,0.1369179785251618,11,27,0.4325128197669983,,
1700577644246-2-10-1-2-3,Happiness,LipCornerPullerR,0.1749185621738433,8.0,0.1749185621738433,8,26,0.6918309926986694,,
1700577653948-2-10-1-6-3,Happiness,LipCornerPullerR,0.1558611392974854,18.0,0.1558611392974854,18,25,0.7632540464401245,,
1700577659103-2-10-1-8-3,Happiness,LipCornerPullerR,0.1942277252674102,10.0,0.1942277252674102,10,30,0.8617971539497375,,
1700577847201-2-10-3-4-3,Happiness,LipCornerPullerR,0.2433700710535049,16.0,0.2433700710535049,16,30,0.8074002265930176,,
1700578017539-2-10-4-6-3,Happiness,LipCornerPullerR,0.4682440012693405,11.0,0.4682440012693405,11,27,0.8529525995254517,,
1700578026276-2-10-4-11-3,Happiness,LipCornerPullerR,0.1668976843357086,20.0,0.1668976843357086,20,29,0.8636062145233154,,
1700578029507-2-10-4-13-3,Happiness,LipCornerPullerR,0.2131939232349395,2.0,0.2131939232349395,2,22,0.9168136119842528,,
1700580283368-0-11-1-2-3,Happiness,LipCornerPullerR,0.1577782183885574,14.0,0.1577782183885574,14,30,0.880000650882721,,
1700580293340-0-11-1-6-3,Happiness,LipCornerPullerR,0.059726595878601,2.0,0.059726595878601,2,8,0.4008013010025024,,
1700580297765-0-11-1-8-3,Happiness,LipCornerPullerR,0.1546043753623961,10.0,0.1546043753623961,10,25,0.7182947397232056,,
1700580491541-0-11-3-4-3,Happiness,LipCornerPullerR,0.0932519435882567,16.0,0.0932519435882567,16,20,0.4174933731555938,,
1700580505437-0-11-3-11-3,Happiness,LipCornerPullerR,0.3413293361663819,23.0,0.3413293361663819,23,30,0.8257381916046143,,
1700580518439-0-11-3-17-3,Happiness,LipCornerPullerR,0.4161090478301049,26.0,0.4161090478301049,26,30,0.7977126836776733,,
1700580676935-0-11-4-6-3,Happiness,LipCornerPullerR,0.1492894887924194,13.0,0.1492894887924194,13,27,0.6369233131408691,,
1700580686765-0-11-4-11-3,Happiness,LipCornerPullerR,0.2763896733522415,27.0,0.2763896733522415,27,30,0.5467696785926819,,
1700580690290-0-11-4-13-3,Happiness,LipCornerPullerR,0.1420390903949737,9.0,0.3081198036670685,29,18,0.9167189002037048,,
1700580709019-0-11-4-24-3,Happiness,LipCornerPullerR,0.3792881518602371,17.0,0.3792881518602371,17,28,0.8529530167579651,,
1700581970470-0-12-1-2-3,Happiness,LipCornerPullerR,0.1606737226247787,9.0,0.176115870475769,25,19,0.9012093544006348,,
1700581981147-0-12-1-6-3,Happiness,LipCornerPullerR,0.1866637468338013,7.0,0.1866637468338013,7,30,0.6546504497528076,,
1700581986437-0-12-1-8-3,Happiness,LipCornerPullerR,0.2312653213739395,20.0,0.2312653213739395,20,30,0.5630253553390503,,
1700582167043-0-12-3-4-3,Happiness,LipCornerPullerR,0.2142815440893173,21.0,0.2142815440893173,21,29,0.7442378997802734,,
1700582192675-0-12-3-17-3,Happiness,LipCornerPullerR,0.1201691031455993,26.0,0.1590247154235839,15,11,0.8637595176696777,,
1700582337973-0-12-4-6-3,Happiness,LipCornerPullerR,0.1899965703487396,24.0,0.1899965703487396,24,28,0.9167931079864502,,
1700582346757-0-12-4-11-3,Happiness,LipCornerPullerR,0.1890354901552201,21.0,0.1890354901552201,21,27,0.5867010951042175,,
1700582349697-0-12-4-13-3,Happiness,LipCornerPullerR,0.1427809000015258,19.0,0.1427809000015258,19,26,0.999999701976776,,
1700582369367-0-12-4-24-3,Happiness,LipCornerPullerR,0.1700820922851562,21.0,0.1700820922851562,21,25,0.8800860643386841,,
1700583813812-2-13-1-6-3,Happiness,LipCornerPullerR,0.0252385735511779,20.0,0.0518164038658142,30,26,0.929011881351471,,
1700584007863-2-13-3-4-3,Happiness,LipCornerPullerR,0.1168323457241058,2.0,0.1168323457241058,2,23,0.8980324864387512,,
1700584022622-2-13-3-11-3,Happiness,LipCornerPullerR,0.1186161041259765,28.0,0.1186161041259765,28,29,0.7685894966125488,,
1700584034051-2-13-3-17-3,Happiness,LipCornerPullerR,0.2734051942825318,18.0,0.2734051942825318,18,24,0.8792689442634583,,
1700584212931-2-13-4-6-3,Happiness,LipCornerPullerR,0.1587668955326081,9.0,0.1587668955326081,9,19,0.85286945104599,,
1700584221354-2-13-4-11-3,Happiness,LipCornerPullerR,0.2071316242218018,16.0,0.2331730127334594,30,24,0.9018134474754332,,
1700584244435-2-13-4-24-3,Happiness,LipCornerPullerR,0.1825228333473205,12.0,0.1825228333473205,12,17,0.8621644973754883,,
1700745038103-1-14-1-6-3,Happiness,LipCornerPullerR,0.1954315453767776,23.0,0.1954315453767776,23,27,0.6301606297492981,,
1700745244540-1-14-3-11-3,Happiness,LipCornerPullerR,0.3030596971511841,21.0,0.3030596971511841,21,22,0.5485405325889587,,
1700745256570-1-14-3-17-3,Happiness,LipCornerPullerR,0.236220058053732,24.0,0.236220058053732,24,29,0.6789820790290833,,
1700745403916-1-14-4-6-3,Happiness,LipCornerPullerR,0.093456096947193,17.0,0.093456096947193,17,23,0.3521336019039154,,
1700745412966-1-14-4-11-3,Happiness,LipCornerPullerR,0.1208101287484169,22.0,0.1208101287484169,22,27,0.3139275312423706,,
1700745416289-1-14-4-13-3,Happiness,LipCornerPullerR,0.1188385561108588,17.0,0.1188385561108588,17,25,0.6116207838058472,,
1700745435771-1-14-4-24-3,Happiness,LipCornerPullerR,0.0392223466187715,23.0,0.0392223466187715,23,24,0.0885240882635116,,
1700747149418-2-15-1-2-3,Happiness,LipCornerPullerR,0.3443727493286133,12.0,0.3443727493286133,12,19,1.0,,
1700747159259-2-15-1-6-3,Happiness,LipCornerPullerR,0.2278109788894654,20.0,0.2278109788894654,20,27,0.8366318941116333,,
1700747164257-2-15-1-8-3,Happiness,LipCornerPullerR,0.3104858808219433,18.0,0.3104858808219433,18,30,1.0,,
1700747368098-2-15-3-11-3,Happiness,LipCornerPullerR,0.4220763444900511,16.0,0.4220763444900511,16,18,0.99999737739563,,
1700747380059-2-15-3-17-3,Happiness,LipCornerPullerR,0.487777091562748,11.0,0.487777091562748,11,16,0.9942063689231871,,
1700747523299-2-15-4-6-3,Happiness,LipCornerPullerR,0.0,,0.0,2,1,1.0,,
1700747535828-2-15-4-13-3,Happiness,LipCornerPullerR,0.0317646861076355,5.0,0.0317646861076355,5,7,0.6265896558761597,,
1700748615383-0-16-1-6-3,Happiness,LipCornerPullerR,0.0559873282909393,3.0,0.0559873282909393,3,22,0.4057272672653198,,
1700748619561-0-16-1-8-3,Happiness,LipCornerPullerR,0.0647244527935982,26.0,0.0647244527935982,26,28,0.1937339454889297,,
1700748808258-0-16-3-4-3,Happiness,LipCornerPullerR,0.1617743223905564,5.0,0.1617743223905564,5,19,0.6284975409507751,,
1700748834625-0-16-3-17-3,Happiness,LipCornerPullerR,0.0793720185756683,17.0,0.0793720185756683,17,30,0.4413758814334869,,
1700748982693-0-16-4-6-3,Happiness,LipCornerPullerR,0.0373937487602233,7.0,0.0373937487602233,7,11,0.5103338360786438,,
1700753815635-0-17-1-2-3,Happiness,LipCornerPullerR,0.3674744963645936,12.0,0.3674744963645936,12,29,0.7818301916122437,,
1700753825738-0-17-1-6-3,Happiness,LipCornerPullerR,0.2218695729970932,20.0,0.2218695729970932,20,28,0.7198401689529419,,
1700753830627-0-17-1-8-3,Happiness,LipCornerPullerR,0.2982241958379745,19.0,0.2982241958379745,19,30,0.7333261370658875,,
1700754015427-0-17-3-4-3,Happiness,LipCornerPullerR,0.1621987223625183,24.0,0.1621987223625183,24,30,0.7042909264564514,,
1700754030029-0-17-3-11-3,Happiness,LipCornerPullerR,0.2240268066525459,11.0,0.2240268066525459,11,16,0.695358157157898,,
1700754041283-0-17-3-17-3,Happiness,LipCornerPullerR,0.1056165844202042,13.0,0.1056165844202042,13,18,0.5480735301971436,,
1700754188596-0-17-4-6-3,Happiness,LipCornerPullerR,0.1983243376016617,23.0,0.1983243376016617,23,27,0.4816851913928985,,
1700754197592-0-17-4-11-3,Happiness,LipCornerPullerR,0.2255403622984887,10.0,0.2255403622984887,10,19,0.6402944326400757,,
1700754201057-0-17-4-13-3,Happiness,LipCornerPullerR,0.1306558251380919,11.0,0.1306558251380919,11,20,0.6287213563919067,,
1700754220466-0-17-4-24-3,Happiness,LipCornerPullerR,0.2151888012886048,18.0,0.2151888012886048,18,25,0.5485875010490417,,
1700756278030-2-18-1-2-3,Happiness,LipCornerPullerR,0.3572367727756501,15.0,0.3572367727756501,15,18,0.7215802073478699,,
1700756292963-2-18-1-8-3,Happiness,LipCornerPullerR,0.2199423611164093,18.0,0.2199423611164093,18,30,0.9533305764198304,,
1700756490593-2-18-3-4-3,Happiness,LipCornerPullerR,0.3506009578704834,6.0,0.3506009578704834,6,26,0.822900116443634,,
1700756505088-2-18-3-11-3,Happiness,LipCornerPullerR,0.0450900197029113,23.0,0.2872623205184936,8,3,1.0,,
1700756516990-2-18-3-17-3,Happiness,LipCornerPullerR,0.3950120061635971,9.0,0.3950120061635971,9,18,1.0,,
1700756727000-2-18-4-13-3,Happiness,LipCornerPullerR,0.4963182955980302,2.0,0.4963182955980302,2,8,1.0,,
1700756746478-2-18-4-24-3,Happiness,LipCornerPullerR,0.5133429020643234,4.0,0.5133429020643234,4,11,1.0,,
1700824364321-0-19-1-2-3,Happiness,LipCornerPullerR,0.221618365496397,15.0,0.221618365496397,15,22,0.7597916722297668,,
1700824373977-0-19-1-6-3,Happiness,LipCornerPullerR,0.3687239736318587,14.0,0.3687239736318587,14,23,0.6773082613945007,,
1700824379019-0-19-1-8-3,Happiness,LipCornerPullerR,0.2621902525424957,22.0,0.2621902525424957,22,27,0.7871218323707581,,
1700824560735-0-19-3-4-3,Happiness,LipCornerPullerR,0.1716174483299256,18.0,0.1716174483299256,18,24,0.7699378728866577,,
1700824574500-0-19-3-11-3,Happiness,LipCornerPullerR,0.1464334428310394,15.0,0.1464334428310394,15,18,0.6668630838394165,,
1700824586999-0-19-3-17-3,Happiness,LipCornerPullerR,0.3212072961032391,16.0,0.3212072961032391,16,20,0.4726477563381195,,
1700824749953-0-19-4-6-3,Happiness,LipCornerPullerR,0.3289113342761993,20.0,0.3289113342761993,20,27,0.9174541234970092,,
1700824758611-0-19-4-11-3,Happiness,LipCornerPullerR,0.2157234251499176,18.0,0.2157234251499176,18,20,0.5858874320983887,,
1700824761953-0-19-4-13-3,Happiness,LipCornerPullerR,0.3701780140399933,16.0,0.3701780140399933,16,23,0.8637412190437317,,
1700824781306-0-19-4-24-3,Happiness,LipCornerPullerR,0.301985889673233,16.0,0.301985889673233,16,23,0.5750225782394409,,
1700825727753-0-20-1-2-3,Happiness,LipCornerPullerR,0.4102649688720703,18.0,0.4102649688720703,18,24,1.0,,
1700825737631-0-20-1-6-3,Happiness,LipCornerPullerR,0.4734721183560001,19.0,0.4734721183560001,19,30,0.999866545200348,,
1700825742948-0-20-1-8-3,Happiness,LipCornerPullerR,0.1918506622314453,27.0,0.1918506622314453,27,28,0.8078013062477112,,
1700825928719-0-20-3-4-3,Happiness,LipCornerPullerR,0.0,,0.0450416803359987,30,1,1.0,,
1700825942878-0-20-3-11-3,Happiness,LipCornerPullerR,0.8201239702480037,10.0,0.8201239702480037,10,22,0.9159569144248962,,
1700825954513-0-20-3-17-3,Happiness,LipCornerPullerR,0.139586329460144,3.0,0.139586329460144,3,10,1.0,,
1700826100390-0-20-4-6-3,Happiness,LipCornerPullerR,0.3767979927361012,15.0,0.3767979927361012,15,24,0.9924006462097168,,
1700826109535-0-20-4-11-3,Happiness,LipCornerPullerR,0.3950008302927017,10.0,0.3950008302927017,10,20,1.0,,
1700826112906-0-20-4-13-3,Happiness,LipCornerPullerR,0.6165038975797223,17.0,0.6165038975797223,17,21,1.0,,
1700826132330-0-20-4-24-3,Happiness,LipCornerPullerR,0.299923062324524,9.0,0.299923062324524,9,29,0.999999463558197,,
1700827573138-0-21-1-2-3,Happiness,LipCornerPullerR,0.0824984908103942,2.0,0.2551835179328918,27,11,0.8515098690986633,,
1700827583373-0-21-1-6-3,Happiness,LipCornerPullerR,0.0319235324859619,26.0,0.0319235324859619,26,28,0.8929221034049988,,
1700827588343-0-21-1-8-3,Happiness,LipCornerPullerR,0.1759012192487717,2.0,0.1759012192487717,2,28,0.8213062286376953,,
1700827797519-0-21-3-4-3,Happiness,LipCornerPullerR,0.178223118185997,20.0,0.178223118185997,20,30,0.8257004022598267,,
1700827811945-0-21-3-11-3,Happiness,LipCornerPullerR,0.1746899485588074,5.0,0.1746899485588074,5,30,0.9229801297187804,,
1700827824071-0-21-3-17-3,Happiness,LipCornerPullerR,0.2631286233663559,17.0,0.2631286233663559,17,30,0.9017460346221924,,
1700827978518-0-21-4-6-3,Happiness,LipCornerPullerR,0.2480803430080413,5.0,0.2480803430080413,5,11,0.8522714972496033,,
1700827987637-0-21-4-11-3,Happiness,LipCornerPullerR,0.3003846555948257,8.0,0.3003846555948257,8,19,0.8984012007713318,,
1700827991208-0-21-4-13-3,Happiness,LipCornerPullerR,0.3000785112380982,16.0,0.3000785112380982,16,18,0.7865234017372131,,
1700828010479-0-21-4-24-3,Happiness,LipCornerPullerR,0.3178654536604881,23.0,0.3178654536604881,23,29,0.8790774345397949,,
1700829950699-0-22-1-2-3,Happiness,LipCornerPullerR,0.0645932257175445,22.0,0.0645932257175445,22,30,0.2606655657291412,,
1700829960945-0-22-1-6-3,Happiness,LipCornerPullerR,0.1691353768110275,20.0,0.1691353768110275,20,24,0.4828334748744964,,
1700829966413-0-22-1-8-3,Happiness,LipCornerPullerR,0.167786419391632,2.0,0.167786419391632,2,21,0.6533273458480835,,
1700830151296-0-22-3-4-3,Happiness,LipCornerPullerR,0.1497691124677658,21.0,0.1497691124677658,21,29,0.5858085751533508,,
1700830165492-0-22-3-11-3,Happiness,LipCornerPullerR,0.2962167523801327,17.0,0.2962167523801327,17,21,0.6791000962257385,,
1700830177822-0-22-3-17-3,Happiness,LipCornerPullerR,0.0189773221500218,4.0,0.0189773221500218,4,30,0.0923196449875831,,
1700830340495-0-22-4-6-3,Happiness,LipCornerPullerR,0.1424698457121849,2.0,0.1424698457121849,2,3,0.3379508256912231,,
1700830348817-0-22-4-11-3,Happiness,LipCornerPullerR,0.2995623499155044,18.0,0.2995623499155044,18,30,0.863191545009613,,
1700830371971-0-22-4-24-3,Happiness,LipCornerPullerR,0.0830151289701462,24.0,0.0830151289701462,24,29,0.2585553228855133,,
1701085399209-2-23-1-2-3,Happiness,LipCornerPullerR,0.2661630809307099,5.0,0.2661630809307099,5,11,1.0,,
1701085409026-2-23-1-6-3,Happiness,LipCornerPullerR,0.2528055608272552,20.0,0.2528055608272552,20,27,0.9999994039535522,,
1701085611540-2-23-3-4-3,Happiness,LipCornerPullerR,0.1151553392410278,3.0,0.2338120937347412,28,3,0.9786962270736694,,
1701085625896-2-23-3-11-3,Happiness,LipCornerPullerR,2.980232239879755e-07,2.0,0.2283356785774231,30,2,1.0,,
1701085793939-2-23-4-6-3,Happiness,LipCornerPullerR,0.3350495398044587,3.0,0.350986123085022,29,28,0.8806345462799072,,
1701085802372-2-23-4-11-3,Happiness,LipCornerPullerR,0.3268990218639374,20.0,0.3268990218639374,20,27,1.0,,
1701085805933-2-23-4-13-3,Happiness,LipCornerPullerR,0.1463832259178161,18.0,0.1463832259178161,18,27,1.0,,
1701087200709-0-24-1-2-3,Happiness,LipCornerPullerR,0.4730659350752831,4.0,0.4730659350752831,4,6,0.9990617632865906,,
1701087210632-0-24-1-6-3,Happiness,LipCornerPullerR,0.403755784034729,12.0,0.403755784034729,12,18,1.0,,
1701087215061-0-24-1-8-3,Happiness,LipCornerPullerR,0.0389472842216491,26.0,0.0389472842216491,26,29,0.995268166065216,,
1701087405297-0-24-3-4-3,Happiness,LipCornerPullerR,0.0143755674362183,13.0,0.0914928913116455,25,19,0.9552268385887146,,
1701087419458-0-24-3-11-3,Happiness,LipCornerPullerR,0.0123137235641479,9.0,0.5111302137374878,29,6,0.9999525547027588,,
1701087431810-0-24-3-17-3,Happiness,LipCornerPullerR,0.0172997713088988,5.0,0.5008328817784786,29,2,0.9833394885063172,,
1701087606104-0-24-4-6-3,Happiness,LipCornerPullerR,0.0279828310012816,27.0,0.213838517665863,30,5,0.9999893307685852,,
1701087614475-0-24-4-11-3,Happiness,LipCornerPullerR,0.4952345192432404,14.0,0.4952345192432404,14,29,0.9999797344207764,,
1701087618852-0-24-4-13-3,Happiness,LipCornerPullerR,0.0,,0.410126093775034,30,1,1.0,,
1701087638139-0-24-4-24-3,Happiness,LipCornerPullerR,0.3733865618705749,2.0,0.3733865618705749,2,8,1.0,,
1701090900762-0-25-1-2-3,Happiness,LipCornerPullerR,0.3099314719438553,6.0,0.3099314719438553,6,12,0.7592677474021912,,
1701090910740-0-25-1-6-3,Happiness,LipCornerPullerR,0.1285587586462498,23.0,0.1285587586462498,23,28,0.2579777240753174,,
1701090915636-0-25-1-8-3,Happiness,LipCornerPullerR,0.070641964673996,21.0,0.070641964673996,21,26,0.2174624651670456,,
1701091107905-0-25-3-4-3,Happiness,LipCornerPullerR,0.2511104941368103,20.0,0.2511104941368103,20,22,0.5205288529396057,,
1701091122339-0-25-3-11-3,Happiness,LipCornerPullerR,0.2085889354348182,23.0,0.2085889354348182,23,28,0.6573689579963684,,
1701091135134-0-25-3-17-3,Happiness,LipCornerPullerR,0.0501163005828857,22.0,0.0924367308616638,13,2,0.8521530628204346,,
1701091291841-0-25-4-6-3,Happiness,LipCornerPullerR,0.0099387988448142,4.0,0.0271759564056992,30,4,0.0711919590830802,,
1701091300109-0-25-4-11-3,Happiness,LipCornerPullerR,0.1064656153321265,21.0,0.1064656153321265,21,21,0.2050244063138961,,
1701091304058-0-25-4-13-3,Happiness,LipCornerPullerR,0.2986925095319749,20.0,0.2986925095319749,20,27,0.9018121361732484,,
1701091323219-0-25-4-24-3,Happiness,LipCornerPullerR,0.0258383937180042,6.0,0.0258383937180042,6,27,0.1925425231456756,,
1701092566237-0-26-1-2-3,Happiness,LipCornerPullerR,0.343079537153244,23.0,0.343079537153244,23,30,1.0,,
1701092576554-0-26-1-6-3,Happiness,LipCornerPullerR,0.5825468953698875,8.0,0.5825468953698875,8,15,1.0,,
1701092581548-0-26-1-8-3,Happiness,LipCornerPullerR,0.4859439134597778,14.0,0.4859439134597778,14,20,1.0,,
1701092769963-0-26-3-4-3,Happiness,LipCornerPullerR,0.2085445523262024,2.0,0.2085445523262024,2,13,0.8782939314842224,,
1701092785055-0-26-3-11-3,Happiness,LipCornerPullerR,0.4974300712347031,18.0,0.4974300712347031,18,29,0.9999642968177797,,
1701092797053-0-26-3-17-3,Happiness,LipCornerPullerR,0.0528868436813354,15.0,0.0528868436813354,15,21,0.954840898513794,,
1701092957476-0-26-4-6-3,Happiness,LipCornerPullerR,0.0,,0.0,2,1,1.0,,
1701092966570-0-26-4-11-3,Happiness,LipCornerPullerR,0.3298620581626892,20.0,0.3298620581626892,20,26,0.9442423582077026,,
1701092970479-0-26-4-13-3,Happiness,LipCornerPullerR,0.306140661239624,16.0,0.306140661239624,16,21,1.0,,
1701092989427-0-26-4-24-3,Happiness,LipCornerPullerR,0.2960892431437969,17.0,0.2960892431437969,17,25,1.0,,
1701094443379-2-27-1-2-3,Happiness,LipCornerPullerR,0.2608270794153213,5.0,0.2608270794153213,5,13,0.9996541142463684,,
1701094458007-2-27-1-8-3,Happiness,LipCornerPullerR,0.0440831780433655,2.0,0.0440831780433655,2,30,0.9999650716781616,,
1701094686349-2-27-3-17-3,Happiness,LipCornerPullerR,0.6749386340379716,17.0,0.6749386340379716,17,28,0.999999701976776,,
1701094830423-2-27-4-6-3,Happiness,LipCornerPullerR,0.0341055989265441,22.0,0.0727227926254272,18,1,1.0,,
1701094839307-2-27-4-11-3,Happiness,LipCornerPullerR,0.4246623367071152,12.0,0.4246623367071152,12,30,0.991150438785553,,
1701094842669-2-27-4-13-3,Happiness,LipCornerPullerR,0.0209676027297971,5.0,0.0209676027297971,5,17,0.9522578120231628,,
1701094862346-2-27-4-24-3,Happiness,LipCornerPullerR,0.7208890467882156,8.0,0.7208890467882156,8,17,1.0,,
1701170406317-0-28-1-2-3,Happiness,LipCornerPullerR,0.1075035408139229,11.0,0.1075035408139229,11,20,0.4074223637580871,,
1701170416342-0-28-1-6-3,Happiness,LipCornerPullerR,0.1445134282112122,21.0,0.1445134282112122,21,28,0.4552886486053467,,
1701170421094-0-28-1-8-3,Happiness,LipCornerPullerR,0.0756744816899299,18.0,0.0756744816899299,18,27,0.3637392520904541,,
1701170606531-0-28-3-4-3,Happiness,LipCornerPullerR,0.1474056541919708,24.0,0.1474056541919708,24,27,0.4176600277423858,,
1701170620860-0-28-3-11-3,Happiness,LipCornerPullerR,0.0886838845908642,18.0,0.0886838845908642,18,24,0.3247853517532348,,
1701170632817-0-28-3-17-3,Happiness,LipCornerPullerR,0.089983630925417,19.0,0.089983630925417,19,23,0.2596113979816437,,
1701170775743-0-28-4-6-3,Happiness,LipCornerPullerR,0.0408573970198632,15.0,0.0467374324798584,30,20,0.2224529236555099,,
1701170784833-0-28-4-11-3,Happiness,LipCornerPullerR,0.1263667494058609,15.0,0.1263667494058609,15,17,0.2467577457427978,,
1701170788149-0-28-4-13-3,Happiness,LipCornerPullerR,0.1201209053397178,19.0,0.1201209053397178,19,27,0.3259689509868622,,
1701170807440-0-28-4-24-3,Happiness,LipCornerPullerR,0.1200323440134525,18.0,0.1200323440134525,18,25,0.3405809104442596,,
1701175856081-1-29-1-2-3,Happiness,LipCornerPullerR,0.13375324010849,5.0,0.13375324010849,5,17,1.0,,
1701175866954-1-29-1-6-3,Happiness,LipCornerPullerR,0.2793616056442261,3.0,0.2793616056442261,3,17,1.0,,
1701175871777-1-29-1-8-3,Happiness,LipCornerPullerR,0.0286517143249511,4.0,0.0286517143249511,4,16,1.0,,
1701176096361-1-29-3-17-3,Happiness,LipCornerPullerR,0.3830121457576752,10.0,0.3830121457576752,10,21,1.0,,
1701176253903-1-29-4-6-3,Happiness,LipCornerPullerR,0.4506031274795532,7.0,0.4506031274795532,7,18,1.0,,
1701176266194-1-29-4-13-3,Happiness,LipCornerPullerR,0.2136833071708679,8.0,0.2136833071708679,8,14,1.0,,
1701176285711-1-29-4-24-3,Happiness,LipCornerPullerR,0.0515677332878112,4.0,0.0515677332878112,4,24,0.9998171329498292,,
1701177603091-0-30-1-2-3,Happiness,LipCornerPullerR,0.3466105163097381,7.0,0.3466105163097381,7,17,1.0,,
1701177613122-0-30-1-6-3,Happiness,LipCornerPullerR,0.2447530627250671,16.0,0.2447530627250671,16,24,0.6763727068901062,,
1701177618243-0-30-1-8-3,Happiness,LipCornerPullerR,0.0811009984463454,7.0,0.0811009984463454,7,28,0.7843228578567505,,
1701177808761-0-30-3-4-3,Happiness,LipCornerPullerR,0.103089690208435,3.0,0.1693363189697265,28,13,0.8501943945884705,,
1701177823102-0-30-3-11-3,Happiness,LipCornerPullerR,0.3611148023046553,6.0,0.3611148023046553,6,30,0.8214139342308044,,
1701177834428-0-30-3-17-3,Happiness,LipCornerPullerR,0.2015369534492492,19.0,0.2015369534492492,19,29,0.8909768462181091,,
1701178069847-0-30-4-6-3,Happiness,LipCornerPullerR,0.2673809118568898,2.0,0.2673809118568898,2,11,0.8909544348716736,,
1701178078591-0-30-4-11-3,Happiness,LipCornerPullerR,0.4648652970790863,20.0,0.4648652970790863,20,30,0.916976273059845,,
1701178082268-0-30-4-13-3,Happiness,LipCornerPullerR,0.1746271252632141,9.0,0.1746271252632141,9,20,0.9831658601760864,,
1701178101198-0-30-4-24-3,Happiness,LipCornerPullerR,0.3481827676296234,18.0,0.3481827676296234,18,26,0.8536334037780762,,
1701187983622-0-31-1-2-3,Happiness,LipCornerPullerR,0.4839830696582794,15.0,0.4839830696582794,15,22,1.0,,
1701187993857-0-31-1-6-3,Happiness,LipCornerPullerR,0.2417604923248291,8.0,0.2417604923248291,8,24,0.950246810913086,,
1701187998863-0-31-1-8-3,Happiness,LipCornerPullerR,0.3308584690093993,5.0,0.3308584690093993,5,30,0.9664155840873718,,
1701188192146-0-31-3-4-3,Happiness,LipCornerPullerR,0.3847458660602569,3.0,0.3847458660602569,3,14,1.0,,
1701188205706-0-31-3-11-3,Happiness,LipCornerPullerR,0.2531342208385468,21.0,0.2531342208385468,21,25,0.8914570808410645,,
1701188218206-0-31-3-17-3,Happiness,LipCornerPullerR,0.2926183640956879,7.0,0.2926183640956879,7,14,1.0,,
1701188362869-0-31-4-6-3,Happiness,LipCornerPullerR,0.4175566956400872,3.0,0.6323836445808411,30,20,0.9670344591140748,,
1701188372439-0-31-4-11-3,Happiness,LipCornerPullerR,0.0759086012840271,2.0,0.4025348126888275,29,25,0.7329697012901306,,
1701188375722-0-31-4-13-3,Happiness,LipCornerPullerR,0.1348700970411301,5.0,0.1348700970411301,5,23,0.8066834211349487,,
1701188394426-0-31-4-24-3,Happiness,LipCornerPullerR,0.3185981810092926,16.0,0.3185981810092926,16,20,0.6953641176223755,,
1701346703651-1-32-1-2-3,Happiness,LipCornerPullerR,0.2905485928058624,9.0,0.2905485928058624,9,25,0.9449611902236938,,
1701346713430-1-32-1-6-3,Happiness,LipCornerPullerR,0.2255384176969528,17.0,0.2255384176969528,17,23,0.8069192171096802,,
1701346719137-1-32-1-8-3,Happiness,LipCornerPullerR,0.7892786096781493,3.0,0.7892786096781493,3,5,0.8903087973594666,,
1701346921333-1-32-3-4-3,Happiness,LipCornerPullerR,0.3187088370323181,24.0,0.3187088370323181,24,27,0.7058899998664856,,
1701346935701-1-32-3-11-3,Happiness,LipCornerPullerR,0.3130155988037587,18.0,0.3130155988037587,18,22,0.8779568076133728,,
1701347170578-1-32-4-6-3,Happiness,LipCornerPullerR,0.2956797778606415,21.0,0.2956797778606415,21,26,0.7225320935249329,,
1701347183087-1-32-4-13-3,Happiness,LipCornerPullerR,0.2692053914070129,17.0,0.2692053914070129,17,21,0.6783314347267151,,
1701350205989-0-33-1-2-3,Happiness,LipCornerPullerR,0.0213592052459717,3.0,0.0213592052459717,3,15,0.9662025570869446,,
1701350215835-0-33-1-6-3,Happiness,LipCornerPullerR,0.0758057832717895,2.0,0.0758057832717895,2,5,0.954451620578766,,
1701350220726-0-33-1-8-3,Happiness,LipCornerPullerR,0.2780250310897827,7.0,0.2780250310897827,7,18,0.8328549861907959,,
1701350414565-0-33-3-4-3,Happiness,LipCornerPullerR,0.0371105074882507,2.0,0.0371105074882507,2,11,0.9016352891921996,,
1701350428721-0-33-3-11-3,Happiness,LipCornerPullerR,0.0160813331604003,2.0,0.0378147959709167,25,9,1.0,,
1701350440026-0-33-3-17-3,Happiness,LipCornerPullerR,0.3004675060510635,20.0,0.3004675060510635,20,30,0.8637580871582031,,
1701350607639-0-33-4-6-3,Happiness,LipCornerPullerR,0.0003312230110167,2.0,0.0003312230110167,2,4,1.0,,
1701350616112-0-33-4-11-3,Happiness,LipCornerPullerR,0.2996534705162049,17.0,0.2996534705162049,17,23,1.0,,
1701350619988-0-33-4-13-3,Happiness,LipCornerPullerR,0.0937365889549255,12.0,0.1442182064056396,14,13,0.9159249663352966,,
1701350639091-0-33-4-24-3,Happiness,LipCornerPullerR,0.3349512368440628,19.0,0.3349512368440628,19,26,0.8633063435554504,,
1701357355094-0-34-1-2-3,Happiness,LipCornerPullerR,0.1110952496528625,10.0,0.1110952496528625,10,15,0.8629958033561707,,
1701357364564-0-34-1-6-3,Happiness,LipCornerPullerR,0.1773868352174759,21.0,0.1773868352174759,21,24,0.6774721145629883,,
1701357370719-0-34-1-8-3,Happiness,LipCornerPullerR,0.0247794389724732,19.0,0.0252730846405029,27,7,0.9453110098838806,,
1701357572514-0-34-3-4-3,Happiness,LipCornerPullerR,0.1742097735404968,2.0,0.1742097735404968,2,3,0.8884705305099487,,
1701357586980-0-34-3-11-3,Happiness,LipCornerPullerR,0.1578193753957749,6.0,0.1578193753957749,6,20,0.8489364981651306,,
1701357598871-0-34-3-17-3,Happiness,LipCornerPullerR,0.1053584218025208,6.0,0.2581627964973449,29,12,0.9625813364982604,,
1701357755832-0-34-4-6-3,Happiness,LipCornerPullerR,0.0245267748832701,12.0,0.0278385877609251,22,2,0.9676888585090636,,
1701357764370-0-34-4-11-3,Happiness,LipCornerPullerR,0.2111325711011887,14.0,0.2111325711011887,14,19,0.9833050966262816,,
1701357768034-0-34-4-13-3,Happiness,LipCornerPullerR,0.4877817928791046,13.0,0.4877817928791046,13,25,0.9560752511024476,,
1701357787473-0-34-4-24-3,Happiness,LipCornerPullerR,0.1278426051139831,25.0,0.1278426051139831,25,30,0.8365938663482666,,
1701429268173-0-35-1-2-3,Happiness,LipCornerPullerR,0.0840918123722077,5.0,0.1185898184776306,27,19,0.7947878837585449,,
1701429278152-0-35-1-6-3,Happiness,LipCornerPullerR,0.0266897082328796,4.0,0.060004711151123,29,11,0.8221461772918701,,
1701429283682-0-35-1-8-3,Happiness,LipCornerPullerR,0.01417937874794,21.0,0.0345075130462645,19,1,0.4666406512260437,,
1701429457562-0-35-3-4-3,Happiness,LipCornerPullerR,0.2137404084205627,10.0,0.2137404084205627,10,16,0.8791166543960571,,
1701429471531-0-35-3-11-3,Happiness,LipCornerPullerR,0.0285386331379412,26.0,0.0285386331379412,26,27,0.099898412823677,,
1701429484024-0-35-3-17-3,Happiness,LipCornerPullerR,0.0159379243850708,2.0,0.2124449908733368,29,2,0.8520146012306213,,
1701429621361-0-35-4-6-3,Happiness,LipCornerPullerR,0.0544928312301635,5.0,0.3258509188890457,29,16,0.6122087836265564,,
1701429629873-0-35-4-11-3,Happiness,LipCornerPullerR,0.3826387375593185,21.0,0.3826387375593185,21,24,0.7713912725448608,,
1701429633191-0-35-4-13-3,Happiness,LipCornerPullerR,0.1178549230098723,14.0,0.1178549230098723,14,27,0.693657636642456,,
1701429652594-0-35-4-24-3,Happiness,LipCornerPullerR,0.1179646849632263,26.0,0.1179646849632263,26,29,0.5839158296585083,,
1701438034604-1-36-1-2-3,Happiness,LipCornerPullerR,0.226670891046524,19.0,0.226670891046524,19,28,0.916696310043335,,
1701438045011-1-36-1-6-3,Happiness,LipCornerPullerR,0.3051669597625733,13.0,0.3051669597625733,13,30,0.9999989867210388,,
1701438050468-1-36-1-8-3,Happiness,LipCornerPullerR,0.0780617594718933,2.0,0.0780617594718933,2,26,1.0,,
1701438243088-1-36-3-4-3,Happiness,LipCornerPullerR,0.2221635282039643,12.0,0.2221635282039643,12,14,0.8891396522521973,,
1701438256926-1-36-3-11-3,Happiness,LipCornerPullerR,0.202542245388031,22.0,0.202542245388031,22,30,0.9010059237480164,,
1701438436422-1-36-4-6-3,Happiness,LipCornerPullerR,0.514547809958458,5.0,0.514547809958458,5,7,0.9277681708335876,,
1701438467947-1-36-4-24-3,Happiness,LipCornerPullerR,0.4171302020549775,5.0,0.4171302020549775,5,14,1.0,,
1701440188990-0-37-1-2-3,Happiness,LipCornerPullerR,0.2698760754428804,9.0,0.2698760754428804,9,22,0.8886306285858154,,
1701440198407-0-37-1-6-3,Happiness,LipCornerPullerR,0.2689191550016404,21.0,0.2689191550016404,21,25,0.8514336943626404,,
1701440203645-0-37-1-8-3,Happiness,LipCornerPullerR,0.3526733815670014,21.0,0.3526733815670014,21,30,0.8891069293022156,,
1701440415377-0-37-3-11-3,Happiness,LipCornerPullerR,0.2764902338385583,8.0,0.2764902338385583,8,25,1.0,,
1701440427610-0-37-3-17-3,Happiness,LipCornerPullerR,0.3281685262918473,5.0,0.3281685262918473,5,18,0.8637135028839111,,
1701440583588-0-37-4-6-3,Happiness,LipCornerPullerR,0.0956549048423767,2.0,0.0956549048423767,2,24,0.9135591387748718,,
1701440593141-0-37-4-11-3,Happiness,LipCornerPullerR,0.0821911692619323,9.0,0.0821911692619323,9,29,0.9497501254081726,,
1701440596133-0-37-4-13-3,Happiness,LipCornerPullerR,0.0185768604278564,12.0,0.0185768604278564,12,8,0.8862103819847107,,
1701440615891-0-37-4-24-3,Happiness,LipCornerPullerR,0.0542577505111694,2.0,0.0542577505111694,2,9,0.8799558877944946,0.0366025161869664,0.0366025161869664
1700478998549-2-1-1-1-5,Sadness,LipCornerDepressorL,0.0166964530944824,16.0,0.1234797239303587,20,16,0.961988627910614,,
1700479007738-2-1-1-5-5,Sadness,LipCornerDepressorL,0.1433292031288147,2.0,0.1433292031288147,2,28,0.945300281047821,,
1700479250572-2-1-3-6-5,Sadness,LipCornerDepressorL,0.081480622291565,3.0,0.3402296304702759,24,14,0.8241917490959167,,
1700479413527-2-1-4-1-5,Sadness,LipCornerDepressorL,0.2508182972669601,2.0,0.2508182972669601,2,3,0.4849077761173248,,
1700479426367-2-1-4-8-5,Sadness,LipCornerDepressorL,0.4632783830165864,6.0,0.4632783830165864,6,23,0.7601508498191833,,
1700479442178-2-1-4-17-5,Sadness,LipCornerDepressorL,0.2908828295767307,16.0,0.2908828295767307,16,27,0.8887552618980408,,
1700479447373-2-1-4-20-5,Sadness,LipCornerDepressorL,0.0258596539497375,23.0,0.191161036491394,26,1,0.8992160558700562,,
1700485979873-1-2-1-1-5,Sadness,LipCornerDepressorL,0.4275330752134323,23.0,0.4275330752134323,23,4,0.7216512560844421,,
1700485989602-1-2-1-5-5,Sadness,LipCornerDepressorL,0.1305148601531982,29.0,0.1305148601531982,29,29,0.6333838701248169,,
1700486202703-1-2-3-6-5,Sadness,LipCornerDepressorL,0.1920222043991089,29.0,0.1920222043991089,29,30,0.4979530572891235,,
1700486203970-1-2-3-7-5,Sadness,LipCornerDepressorL,0.2445546984672547,14.0,0.3669860548980069,3,1,0.4864688813686371,,
1700486220495-1-2-3-15-5,Sadness,LipCornerDepressorL,0.0827132165431976,30.0,0.0827132165431976,30,30,0.4661480188369751,,
1700486364234-1-2-4-1-5,Sadness,LipCornerDepressorL,0.29511196911335,7.0,0.29511196911335,7,30,0.6658022999763489,,
1700486376407-1-2-4-8-5,Sadness,LipCornerDepressorL,0.2927650511264801,18.0,0.2927650511264801,18,20,0.5378385782241821,,
1700486391891-1-2-4-17-5,Sadness,LipCornerDepressorL,0.1660254895687103,14.0,0.1660254895687103,14,29,0.6733642816543579,,
1700486396928-1-2-4-20-5,Sadness,LipCornerDepressorL,0.1741571426391602,21.0,0.1741571426391602,21,30,0.6927167773246765,,
1700487868986-0-3-1-1-5,Sadness,LipCornerDepressorL,0.4132431969046593,15.0,0.4132431969046593,15,18,0.7323876619338989,,
1700487879248-0-3-1-5-5,Sadness,LipCornerDepressorL,0.362551897764206,18.0,0.362551897764206,18,21,0.6663724780082703,,
1700487884247-0-3-1-7-5,Sadness,LipCornerDepressorL,0.0829185694456099,28.0,0.0829185694456099,28,30,0.3120245039463043,,
1700488086375-0-3-3-6-5,Sadness,LipCornerDepressorL,0.0889617055654526,21.0,0.0889617055654526,21,29,0.4454536437988281,,
1700488088436-0-3-3-7-5,Sadness,LipCornerDepressorL,0.0058653946106785,21.0,0.0058653946106785,21,30,0.0059646046720445,,
1700488253631-0-3-4-1-5,Sadness,LipCornerDepressorL,0.1570375263690948,16.0,0.1570375263690948,16,19,0.6134322881698608,,
1700488281821-0-3-4-17-5,Sadness,LipCornerDepressorL,0.2524796426296234,16.0,0.2524796426296234,16,27,0.757564902305603,,
1700488287195-0-3-4-20-5,Sadness,LipCornerDepressorL,0.0610420107841491,9.0,0.0610420107841491,9,20,0.5482521653175354,,
1700489636544-0-4-1-1-5,Sadness,LipCornerDepressorL,0.1763901263475417,17.0,0.1763901263475417,17,1,0.3188526928424835,,
1700489647471-0-4-1-5-5,Sadness,LipCornerDepressorL,0.0671044439077377,22.0,0.0877884626388549,28,25,0.2466641366481781,,
1700489652694-0-4-1-7-5,Sadness,LipCornerDepressorL,0.0657352879643441,28.0,0.0657352879643441,28,30,0.2312698811292648,,
1700489867325-0-4-3-6-5,Sadness,LipCornerDepressorL,0.1087128818035126,21.0,0.1087128818035126,21,22,0.3129522800445556,,
1700489870288-0-4-3-7-5,Sadness,LipCornerDepressorL,0.1049453914165497,27.0,0.1049453914165497,27,27,0.4267180562019348,,
1700489885562-0-4-3-15-5,Sadness,LipCornerDepressorL,0.0758270621299743,2.0,0.1122215390205383,13,9,0.3473372459411621,,
1700490043467-0-4-4-1-5,Sadness,LipCornerDepressorL,0.1334348390316568,11.0,0.1334348390316568,11,30,0.2320642173290252,,
1700490055922-0-4-4-8-5,Sadness,LipCornerDepressorL,0.1588836014270783,17.0,0.1588836014270783,17,17,0.2236565798521042,,
1700490072127-0-4-4-17-5,Sadness,LipCornerDepressorL,0.1074080999484338,23.0,0.1074080999484338,23,27,0.2223261445760727,,
1700490076928-0-4-4-20-5,Sadness,LipCornerDepressorL,0.1985867354087532,14.0,0.1985867354087532,14,14,0.2027674913406372,,
1700491414884-1-5-1-1-5,Sadness,LipCornerDepressorL,0.2898252606391907,5.0,0.2898252606391907,5,17,0.998875379562378,,
1700491424133-1-5-1-5-5,Sadness,LipCornerDepressorL,0.419741153717041,21.0,0.419741153717041,21,28,0.918116331100464,,
1700491627937-1-5-3-7-5,Sadness,LipCornerDepressorL,0.0179187655448915,2.0,0.0179187655448915,2,6,1.0,,
1700491791918-1-5-4-1-5,Sadness,LipCornerDepressorL,0.1137400269508361,2.0,0.1137400269508361,2,15,1.0,,
1700491804087-1-5-4-8-5,Sadness,LipCornerDepressorL,0.1463897824287414,14.0,0.1463897824287414,14,25,1.0,,
1700491820637-1-5-4-17-5,Sadness,LipCornerDepressorL,0.1968119740486145,5.0,0.1968119740486145,5,19,0.999999701976776,,
1700491825430-1-5-4-20-5,Sadness,LipCornerDepressorL,0.3569310605525971,8.0,0.3569310605525971,8,30,0.9999731183052064,,
1700496928044-1-6-3-6-5,Sadness,LipCornerDepressorL,0.3242640569806099,17.0,0.3242640569806099,17,27,0.7577773332595825,,
1700496930909-1-6-3-7-5,Sadness,LipCornerDepressorL,0.440610721707344,3.0,0.440610721707344,3,8,0.7055384516716003,,
1700497104598-1-6-4-8-5,Sadness,LipCornerDepressorL,0.525608828291297,8.0,0.525608828291297,8,14,0.8626604080200195,,
1700497120522-1-6-4-17-5,Sadness,LipCornerDepressorL,0.4102528989315034,6.0,0.7599231675267221,25,12,0.9289596676826476,,
1700497125118-1-6-4-20-5,Sadness,LipCornerDepressorL,0.0473055243492126,14.0,0.0725625157356262,3,2,0.900933027267456,,
1700567691497-2-8-1-1-5,Sadness,LipCornerDepressorL,0.0617627464234829,17.0,0.1361392177641391,29,21,0.2483152747154235,,
1700567706828-2-8-1-7-5,Sadness,LipCornerDepressorL,0.0766466874629259,6.0,0.085640236735344,19,14,0.2281994521617889,,
1700567914515-2-8-3-6-5,Sadness,LipCornerDepressorL,0.1350197196006775,7.0,0.1350197196006775,7,16,0.3103767335414886,,
1700567916813-2-8-3-7-5,Sadness,LipCornerDepressorL,0.0093596633523702,17.0,0.0093596633523702,17,1,0.0323717966675758,,
1700567932221-2-8-3-15-5,Sadness,LipCornerDepressorL,0.1262562498450279,14.0,0.1262562498450279,14,18,0.310257226228714,,
1700568077758-2-8-4-1-5,Sadness,LipCornerDepressorL,0.1951519846916198,14.0,0.1951519846916198,14,18,0.8888421058654785,,
1700571177836-1-9-3-6-5,Sadness,LipCornerDepressorL,0.1964545547962188,14.0,0.2206754684448242,30,6,0.8086010217666626,,
1700571349647-1-9-4-1-5,Sadness,LipCornerDepressorL,0.1462646126747131,3.0,0.2353505492210388,27,3,0.59800124168396,,
1700571361673-1-9-4-8-5,Sadness,LipCornerDepressorL,0.4921180419623853,6.0,0.4921180419623853,6,18,0.5413551330566406,,
1700571378228-1-9-4-17-5,Sadness,LipCornerDepressorL,0.4317528903484345,4.0,0.4317528903484345,4,23,0.7857615351676941,,
1700571383269-1-9-4-20-5,Sadness,LipCornerDepressorL,0.5802875002846122,12.0,0.5802875002846122,12,12,0.5893905758857727,,
1700577641790-2-10-1-1-5,Sadness,LipCornerDepressorL,0.0245692729949951,10.0,0.0245692729949951,10,11,0.6258028745651245,,
1700577851526-2-10-3-6-5,Sadness,LipCornerDepressorL,0.4970801500603557,20.0,0.4970801500603557,20,23,0.7985862493515015,,
1700577854173-2-10-3-7-5,Sadness,LipCornerDepressorL,0.0950955078005791,9.0,0.0950955078005791,9,21,0.510526716709137,,
1700577870256-2-10-3-15-5,Sadness,LipCornerDepressorL,0.0337541699409484,25.0,0.0860584080219268,10,7,0.601553738117218,,
1700578020748-2-10-4-8-5,Sadness,LipCornerDepressorL,0.4319547284394503,15.0,0.4319547284394503,15,30,0.44290491938591,,
1700578036809-2-10-4-17-5,Sadness,LipCornerDepressorL,0.562215362675488,20.0,0.562215362675488,20,30,0.6561897397041321,,
1700578042343-2-10-4-20-5,Sadness,LipCornerDepressorL,0.6630375961540268,9.0,0.6630375961540268,9,30,0.8525465130805969,,
1700580290717-0-11-1-5-5,Sadness,LipCornerDepressorL,0.0675262920558452,9.0,0.0675262920558452,9,21,0.2048224806785583,,
1700580295660-0-11-1-7-5,Sadness,LipCornerDepressorL,0.0259497612714766,11.0,0.0259497612714766,11,2,0.2192385494709015,,
1700580495753-0-11-3-6-5,Sadness,LipCornerDepressorL,0.0534169040620327,22.0,0.0534169040620327,22,24,0.1401530653238296,,
1700580513563-0-11-3-15-5,Sadness,LipCornerDepressorL,0.0719581916928291,17.0,0.0719581916928291,17,21,0.1466722041368484,,
1700580681391-0-11-4-8-5,Sadness,LipCornerDepressorL,0.0680816471576691,26.0,0.0680816471576691,26,29,0.2594949305057525,,
1700582329161-0-12-4-1-5,Sadness,LipCornerDepressorL,0.510140471160412,22.0,0.510140471160412,22,24,0.7978801727294922,,
1700582340968-0-12-4-8-5,Sadness,LipCornerDepressorL,0.0971421636641026,29.0,0.4356069192290307,9,1,0.7726293802261353,,
1700582357226-0-12-4-17-5,Sadness,LipCornerDepressorL,0.2078067064285279,23.0,0.2078067064285279,23,24,0.5436511039733887,,
1700582362281-0-12-4-20-5,Sadness,LipCornerDepressorL,0.280859112739563,14.0,0.280859112739563,14,26,0.8529524207115173,,
1700583815717-2-13-1-7-5,Sadness,LipCornerDepressorL,0.1608850583434105,5.0,0.1608850583434105,5,10,0.4344179928302765,,
1700584012456-2-13-3-6-5,Sadness,LipCornerDepressorL,0.1624270454049109,8.0,0.1624270454049109,8,26,0.7580984234809875,,
1700584030294-2-13-3-15-5,Sadness,LipCornerDepressorL,0.0444440841674805,20.0,0.1984032690525055,16,12,0.8092586994171143,,
1700584204317-2-13-4-1-5,Sadness,LipCornerDepressorL,0.1830760836601257,12.0,0.2350857257843017,7,16,0.720766544342041,,
1700584216493-2-13-4-8-5,Sadness,LipCornerDepressorL,0.3125717048878869,16.0,0.3125717048878869,16,19,0.7224953174591064,,
1700584232123-2-13-4-17-5,Sadness,LipCornerDepressorL,0.1624642815440893,17.0,0.1624642815440893,17,19,0.2604409754276275,,
1700584237227-2-13-4-20-5,Sadness,LipCornerDepressorL,0.279306411743164,19.0,0.279306411743164,19,30,0.6410727500915527,,
1700745025508-1-14-1-1-5,Sadness,LipCornerDepressorL,0.2855308672273793,11.0,0.2855308672273793,11,14,0.8073063492774963,,
1700745035202-1-14-1-5-5,Sadness,LipCornerDepressorL,0.4624236421659589,15.0,0.4624236421659589,15,17,0.6903054118156433,,
1700745040741-1-14-1-7-5,Sadness,LipCornerDepressorL,0.2476463907643621,20.0,0.2476463907643621,20,23,0.4762459695339203,,
1700745234646-1-14-3-6-5,Sadness,LipCornerDepressorL,0.2909458950161934,12.0,0.4701970517635346,18,15,0.7435592412948608,,
1700745236100-1-14-3-7-5,Sadness,LipCornerDepressorL,0.3959429934620857,13.0,0.3959429934620857,13,15,0.6397761702537537,,
1700745252436-1-14-3-15-5,Sadness,LipCornerDepressorL,0.4213059097528457,9.0,0.4213059097528457,9,30,0.825787365436554,,
1700745394756-1-14-4-1-5,Sadness,LipCornerDepressorL,0.3179617822170257,8.0,0.3179617822170257,8,12,0.5694876909255981,,
1700745407522-1-14-4-8-5,Sadness,LipCornerDepressorL,0.1430267244577407,21.0,0.1430267244577407,21,24,0.5181565880775452,,
1700745428809-1-14-4-20-5,Sadness,LipCornerDepressorL,0.3450623699463904,20.0,0.3450623699463904,20,22,0.7197582125663757,,
1700747147435-2-15-1-1-5,Sadness,LipCornerDepressorL,0.0715150833129882,2.0,0.0715150833129882,2,24,0.384901225566864,,
1700747157106-2-15-1-5-5,Sadness,LipCornerDepressorL,0.4681865386664868,7.0,0.4681865386664868,7,7,0.4974956512451172,,
1700747359928-2-15-3-7-5,Sadness,LipCornerDepressorL,0.1455794423818588,13.0,0.1455794423818588,13,29,0.2959755361080169,,
1700747376723-2-15-3-15-5,Sadness,LipCornerDepressorL,0.0244475305080414,23.0,0.1065653264522552,2,1,0.4672419130802154,,
1700747514980-2-15-4-1-5,Sadness,LipCornerDepressorL,0.1450094887986779,8.0,0.1450094887986779,8,14,0.2060000747442245,,
1700747527030-2-15-4-8-5,Sadness,LipCornerDepressorL,0.4912146627902984,2.0,0.4912146627902984,2,2,0.5021290183067322,,
1700747543178-2-15-4-17-5,Sadness,LipCornerDepressorL,0.2096373438835144,4.0,0.2096373438835144,4,6,0.4798304140567779,,
1700748813184-0-16-3-6-5,Sadness,LipCornerDepressorL,0.0257152616977691,15.0,0.0257152616977691,15,17,0.1533201038837433,,
1700754021356-0-17-3-7-5,Sadness,LipCornerDepressorL,0.2092743664979935,16.0,0.2092743664979935,16,22,0.6132237911224365,,
1700754213546-0-17-4-20-5,Sadness,LipCornerDepressorL,0.2279940154403449,24.0,0.2279940154403449,24,28,0.4571575224399566,,
1700756276004-2-18-1-1-5,Sadness,LipCornerDepressorL,0.3681306168437004,9.0,0.3681306168437004,9,10,0.5450283885002136,,
1700756285404-2-18-1-5-5,Sadness,LipCornerDepressorL,0.3079049736261368,8.0,0.3079049736261368,8,11,0.7330082058906555,,
1700756494467-2-18-3-6-5,Sadness,LipCornerDepressorL,0.2414047941565514,4.0,0.2414047941565514,4,4,0.3321019113063812,,
1700756512745-2-18-3-15-5,Sadness,LipCornerDepressorL,0.0223877429962158,8.0,0.0233574509620666,23,17,0.5271292328834534,,
1700756706103-2-18-4-1-5,Sadness,LipCornerDepressorL,0.1857383847236632,16.0,0.2437449917197227,10,1,0.7420512437820435,,
1700756719177-2-18-4-8-5,Sadness,LipCornerDepressorL,0.0315074026584624,11.0,0.0516726970672607,6,26,0.6919007301330566,,
1700756739446-2-18-4-20-5,Sadness,LipCornerDepressorL,0.3451011776924134,4.0,0.3451011776924134,4,4,0.6492067575454712,,
1700824361442-0-19-1-1-5,Sadness,LipCornerDepressorL,0.1305514648556709,17.0,0.1305514648556709,17,28,0.19357430934906,,
1700824371517-0-19-1-5-5,Sadness,LipCornerDepressorL,0.2137574423104525,11.0,0.2137574423104525,11,25,0.3150343000888824,,
1700824376390-0-19-1-7-5,Sadness,LipCornerDepressorL,0.2885359078645706,13.0,0.2885359078645706,13,28,0.6569900512695312,,
1700824565238-0-19-3-6-5,Sadness,LipCornerDepressorL,0.3310089325532317,5.0,0.3310089325532317,5,16,0.4143653213977813,,
1700824566938-0-19-3-7-5,Sadness,LipCornerDepressorL,0.0138330459594726,26.0,0.0332669615745543,21,7,0.472541481256485,,
1700824582702-0-19-3-15-5,Sadness,LipCornerDepressorL,0.4235152304172516,15.0,0.4235152304172516,15,19,0.6963889598846436,,
1700824741060-0-19-4-1-5,Sadness,LipCornerDepressorL,0.2758544385433197,14.0,0.2758544385433197,14,14,0.4470986425876617,,
1700824753632-0-19-4-8-5,Sadness,LipCornerDepressorL,0.3394125401973724,10.0,0.3394125401973724,10,18,0.3529835045337677,,
1700824769641-0-19-4-17-5,Sadness,LipCornerDepressorL,0.3442940190434456,7.0,0.3442940190434456,7,7,0.4356792271137237,,
1700824774956-0-19-4-20-5,Sadness,LipCornerDepressorL,0.060972847044468,11.0,0.060972847044468,11,19,0.1679207682609558,,
1700825725786-0-20-1-1-5,Sadness,LipCornerDepressorL,0.2310030162334442,20.0,0.3944976031780243,9,1,0.7160160541534424,,
1700825735489-0-20-1-5-5,Sadness,LipCornerDepressorL,0.5539194401353598,9.0,0.5539194401353598,9,10,0.8476186990737915,,
1700825740957-0-20-1-7-5,Sadness,LipCornerDepressorL,0.0367641746997833,26.0,0.0367641746997833,26,26,0.5316550135612488,,
1700825931746-0-20-3-6-5,Sadness,LipCornerDepressorL,0.3685534298419953,24.0,0.3685534298419953,24,25,0.7683839201927185,,
1700825933717-0-20-3-7-5,Sadness,LipCornerDepressorL,0.393431382253766,17.0,0.393431382253766,17,18,0.7967591285705566,,
1700825949713-0-20-3-15-5,Sadness,LipCornerDepressorL,0.5310855209827423,18.0,0.5310855209827423,18,20,0.9446883797645568,,
1700826091437-0-20-4-1-5,Sadness,LipCornerDepressorL,0.3583227694034576,20.0,0.3583227694034576,20,20,0.7368102669715881,,
1700826104247-0-20-4-8-5,Sadness,LipCornerDepressorL,0.2536744177341461,2.0,0.2536744177341461,2,16,0.6918662786483765,,
1700826119685-0-20-4-17-5,Sadness,LipCornerDepressorL,0.417499921284616,23.0,0.417499921284616,23,25,0.6386839151382446,,
1700826125129-0-20-4-20-5,Sadness,LipCornerDepressorL,0.3424532115459442,10.0,0.3424532115459442,10,11,0.7851925492286682,,
1700827570195-0-21-1-1-5,Sadness,LipCornerDepressorL,0.59416076913476,18.0,0.59416076913476,18,19,0.8484461307525635,,
1700827580897-0-21-1-5-5,Sadness,LipCornerDepressorL,0.1889486610889435,7.0,0.1889486610889435,7,16,0.7333187460899353,,
1700827585898-0-21-1-7-5,Sadness,LipCornerDepressorL,0.2266827523708344,17.0,0.2266827523708344,17,30,0.7458545565605164,,
1700827802046-0-21-3-6-5,Sadness,LipCornerDepressorL,0.4960201624780894,11.0,0.4960201624780894,11,17,0.8523141145706177,,
1700827804218-0-21-3-7-5,Sadness,LipCornerDepressorL,0.1974670588970184,15.0,0.1974670588970184,15,29,0.7407235503196716,,
1700827819680-0-21-3-15-5,Sadness,LipCornerDepressorL,0.1461067721247673,3.0,0.1461067721247673,3,28,0.6350842118263245,,
1700827969427-0-21-4-1-5,Sadness,LipCornerDepressorL,0.5841390639543533,4.0,0.5841390639543533,4,7,0.8355599641799927,,
1700827982043-0-21-4-8-5,Sadness,LipCornerDepressorL,0.3958970372923254,5.0,0.3958970372923254,5,8,0.8257352113723755,,
1700827997982-0-21-4-17-5,Sadness,LipCornerDepressorL,0.3398900628089905,14.0,0.3398900628089905,14,16,0.6155775785446167,,
1700828002492-0-21-4-20-5,Sadness,LipCornerDepressorL,0.0645574331283569,3.0,0.0789538025856018,19,7,0.8088381886482239,,
1700830157857-0-22-3-7-5,Sadness,LipCornerDepressorL,0.0210271477699279,11.0,0.0247989892959594,15,14,0.6951843500137329,,
1701085397170-2-23-1-1-5,Sadness,LipCornerDepressorL,0.4415456056594848,26.0,0.6031156927347183,22,29,0.8908950686454773,,
1701085406198-2-23-1-5-5,Sadness,LipCornerDepressorL,0.4116761181503534,19.0,0.4116761181503534,19,28,0.8630841374397278,,
1701085411341-2-23-1-7-5,Sadness,LipCornerDepressorL,0.4139770129695535,26.0,0.4139770129695535,26,29,0.8787323832511902,,
1701085617891-2-23-3-7-5,Sadness,LipCornerDepressorL,0.0380846858024597,20.0,0.3346662223339081,25,1,0.7233157753944397,,
1701085633973-2-23-3-15-5,Sadness,LipCornerDepressorL,0.0190864205360412,16.0,0.2965847104787827,25,5,0.7431097626686096,,
1701085784771-2-23-4-1-5,Sadness,LipCornerDepressorL,0.6458416655659677,11.0,0.6458416655659677,11,17,0.8366544842720032,,
1701085796688-2-23-4-8-5,Sadness,LipCornerDepressorL,0.4318037778139114,7.0,0.4318037778139114,7,22,0.8366489410400391,,
1701085812843-2-23-4-17-5,Sadness,LipCornerDepressorL,0.3948188722133637,24.0,0.3948188722133637,24,29,0.7442952990531921,,
1701087207767-0-24-1-5-5,Sadness,LipCornerDepressorL,0.2722798883914948,24.0,0.2722798883914948,24,29,0.9999996423721312,,
1701087212205-0-24-1-7-5,Sadness,LipCornerDepressorL,0.5815109238028526,16.0,0.5815109238028526,16,21,1.0,,
1701087427827-0-24-3-15-5,Sadness,LipCornerDepressorL,0.0380122065544128,4.0,0.1457918882369995,24,17,0.8463534116744995,,
1701087597572-0-24-4-1-5,Sadness,LipCornerDepressorL,0.034775972366333,11.0,0.0967558622360229,28,19,0.9971005320549012,,
1701087625068-0-24-4-17-5,Sadness,LipCornerDepressorL,0.302939236164093,18.0,0.302939236164093,18,21,0.92633455991745,,
1701087630998-0-24-4-20-5,Sadness,LipCornerDepressorL,0.0092650651931762,9.0,0.1563591957092285,29,1,0.9835313558578492,,
1701090908417-0-25-1-5-5,Sadness,LipCornerDepressorL,0.3283179849386215,26.0,0.3283179849386215,26,30,0.835136353969574,,
1701090913255-0-25-1-7-5,Sadness,LipCornerDepressorL,0.1787798106670379,27.0,0.1787798106670379,27,29,0.5832217335700989,,
1701091112114-0-25-3-6-5,Sadness,LipCornerDepressorL,0.009960132651031,28.0,0.009960132651031,28,30,0.0259531661868095,,
1701091130978-0-25-3-15-5,Sadness,LipCornerDepressorL,0.2263459414243698,11.0,0.2263459414243698,11,24,0.7049211263656616,,
1701091282500-0-25-4-1-5,Sadness,LipCornerDepressorL,0.131159245967865,10.0,0.131159245967865,10,13,0.3231590986251831,,
1701091310540-0-25-4-17-5,Sadness,LipCornerDepressorL,0.1917707715183496,15.0,0.1917707715183496,15,29,0.5884982347488403,,
1701091316502-0-25-4-20-5,Sadness,LipCornerDepressorL,0.15512615442276,17.0,0.15512615442276,17,25,0.9927342534065248,,
1701094450282-2-27-1-5-5,Sadness,LipCornerDepressorL,0.6172263920307159,19.0,0.6172263920307159,19,30,0.8505814671516418,,
1701094455829-2-27-1-7-5,Sadness,LipCornerDepressorL,0.0126398205757141,21.0,0.3678583502769471,25,1,0.8902446031570435,,
1701094664518-2-27-3-6-5,Sadness,LipCornerDepressorL,0.4161215350031852,5.0,0.4161215350031852,5,29,0.8366543650627136,,
1701094821546-2-27-4-1-5,Sadness,LipCornerDepressorL,0.5154480040073395,7.0,0.5154480040073395,7,8,0.9985624551773072,,
1701094855279-2-27-4-20-5,Sadness,LipCornerDepressorL,0.041881263256073,2.0,0.3052176833152771,30,2,0.8719088435173035,,
1701170403137-0-28-1-1-5,Sadness,LipCornerDepressorL,0.3657794147729873,22.0,0.3657794147729873,22,29,0.901817798614502,,
1701170413632-0-28-1-5-5,Sadness,LipCornerDepressorL,0.2506084144115448,9.0,0.2506084144115448,9,25,0.6344608664512634,,
1701170418733-0-28-1-7-5,Sadness,LipCornerDepressorL,0.4852163195610047,10.0,0.4852163195610047,10,13,0.8521892428398132,,
1701170610731-0-28-3-6-5,Sadness,LipCornerDepressorL,0.2704814374446869,19.0,0.2704814374446869,19,24,0.743329644203186,,
1701170612719-0-28-3-7-5,Sadness,LipCornerDepressorL,0.2539807707071304,14.0,0.2539807707071304,14,25,0.7196539640426636,,
1701170629090-0-28-3-15-5,Sadness,LipCornerDepressorL,0.2351491153240204,9.0,0.2351491153240204,9,13,0.6553743481636047,,
1701170766666-0-28-4-1-5,Sadness,LipCornerDepressorL,0.3811285719275474,18.0,0.3811285719275474,18,26,0.8094903230667114,,
1701170779065-0-28-4-8-5,Sadness,LipCornerDepressorL,0.3041594624519348,20.0,0.3669243454933167,2,29,0.836561381816864,,
1701170795486-0-28-4-17-5,Sadness,LipCornerDepressorL,0.291909471154213,15.0,0.291909471154213,15,18,0.7600433826446533,,
1701170800443-0-28-4-20-5,Sadness,LipCornerDepressorL,0.3221903443336487,18.0,0.3221903443336487,18,29,0.8627418875694275,,
1701175853069-1-29-1-1-5,Sadness,LipCornerDepressorL,0.3831160897389054,11.0,0.3831160897389054,11,17,0.8251323699951172,,
1701175863644-1-29-1-5-5,Sadness,LipCornerDepressorL,0.4162649139761925,4.0,0.4162649139761925,4,7,0.7442631721496582,,
1701175869459-1-29-1-7-5,Sadness,LipCornerDepressorL,0.0269030332565307,11.0,0.0811951756477356,30,26,0.7400936484336853,,
1701176074629-1-29-3-6-5,Sadness,LipCornerDepressorL,0.3023419119417668,22.0,0.3023419119417668,22,30,0.7327359914779663,,
1701176075798-1-29-3-7-5,Sadness,LipCornerDepressorL,0.4955330751836301,13.0,0.4955330751836301,13,28,0.8363007307052612,,
1701176244544-1-29-4-1-5,Sadness,LipCornerDepressorL,0.2577860951423645,13.0,0.4876878559589386,2,27,0.8043321967124939,,
1701176257555-1-29-4-8-5,Sadness,LipCornerDepressorL,0.4862038325518369,8.0,0.4862038325518369,8,12,0.721574604511261,,
1701176272605-1-29-4-17-5,Sadness,LipCornerDepressorL,0.293121725320816,20.0,0.293121725320816,20,30,0.8800251483917236,,
1701176278287-1-29-4-20-5,Sadness,LipCornerDepressorL,0.6355109959840775,13.0,0.6355109959840775,13,30,0.7983013987541199,,
1701177610247-0-30-1-5-5,Sadness,LipCornerDepressorL,0.5045666174410145,20.0,0.5045666174410145,20,25,0.5849655270576477,,
1701177615899-0-30-1-7-5,Sadness,LipCornerDepressorL,0.2336615324020386,20.0,0.2336615324020386,20,20,0.7287989258766174,,
1701177812568-0-30-3-6-5,Sadness,LipCornerDepressorL,0.2794242352247238,17.0,0.2794242352247238,17,28,0.7430521249771118,,
1701177814566-0-30-3-7-5,Sadness,LipCornerDepressorL,0.227185606956482,5.0,0.227185606956482,5,8,0.878101646900177,,
1701177830099-0-30-3-15-5,Sadness,LipCornerDepressorL,0.274911031126976,2.0,0.274911031126976,2,3,0.5720850229263306,,
1701178060623-0-30-4-1-5,Sadness,LipCornerDepressorL,0.1915303766727448,17.0,0.246745202690363,5,30,0.5056055784225464,,
1701178073468-0-30-4-8-5,Sadness,LipCornerDepressorL,0.3951945304870606,17.0,0.3951945304870606,17,19,0.9448607563972472,,
1701178089071-0-30-4-17-5,Sadness,LipCornerDepressorL,0.2815870642662048,13.0,0.2815870642662048,13,30,0.8489643335342407,,
1701178094780-0-30-4-20-5,Sadness,LipCornerDepressorL,0.053019642829895,20.0,0.053019642829895,20,28,0.8232424855232239,,
1701187981291-0-31-1-1-5,Sadness,LipCornerDepressorL,0.1863231062889099,3.0,0.1907647252082824,10,5,0.7599283456802368,,
1701187991309-0-31-1-5-5,Sadness,LipCornerDepressorL,0.3582570254802704,14.0,0.3582570254802704,14,14,0.6600592136383057,,
1701187996053-0-31-1-7-5,Sadness,LipCornerDepressorL,0.1555262338370084,14.0,0.3031259179115296,21,19,0.5788400173187256,,
1701188195847-0-31-3-6-5,Sadness,LipCornerDepressorL,0.3436866919510066,16.0,0.3436866919510066,16,18,0.5753462910652161,,
1701188197238-0-31-3-7-5,Sadness,LipCornerDepressorL,0.0199176669120789,11.0,0.0199176669120789,11,30,0.4664452075958252,,
1701188213268-0-31-3-15-5,Sadness,LipCornerDepressorL,0.4688503614161163,9.0,0.4688503614161163,9,16,0.8632473945617676,,
1701188354185-0-31-4-1-5,Sadness,LipCornerDepressorL,0.1170655488967896,6.0,0.1793603301048278,11,9,0.6688264012336731,,
1701188366589-0-31-4-8-5,Sadness,LipCornerDepressorL,0.4810155406594277,19.0,0.4810155406594277,19,28,0.8621295094490051,,
1701188382915-0-31-4-17-5,Sadness,LipCornerDepressorL,0.0328786969184875,27.0,0.0328786969184875,27,27,0.801002025604248,,
1701188387231-0-31-4-20-5,Sadness,LipCornerDepressorL,0.1427701413631439,17.0,0.1427701413631439,17,19,0.6122913360595703,,
1701346700790-1-32-1-1-5,Sadness,LipCornerDepressorL,0.2344934418797493,17.0,0.2344934418797493,17,19,0.5208466053009033,,
1701346925471-1-32-3-6-5,Sadness,LipCornerDepressorL,0.2279996713623404,14.0,0.2279996713623404,14,30,0.929007649421692,,
1701346943068-1-32-3-15-5,Sadness,LipCornerDepressorL,0.1533890068531037,23.0,0.1533890068531037,23,29,0.6937393546104431,,
1701347174326-1-32-4-8-5,Sadness,LipCornerDepressorL,0.4060639590024948,26.0,0.4060639590024948,26,26,0.6090007424354553,,
1701350212460-0-33-1-5-5,Sadness,LipCornerDepressorL,0.3218186497688294,23.0,0.3218186497688294,23,25,0.5104889273643494,,
1701350419795-0-33-3-7-5,Sadness,LipCornerDepressorL,0.0761221647262573,14.0,0.0761221647262573,14,18,0.945227324962616,,
1701350435888-0-33-3-15-5,Sadness,LipCornerDepressorL,0.1346117854118347,17.0,0.1346117854118347,17,30,0.7436308264732361,,
1701350599016-0-33-4-1-5,Sadness,LipCornerDepressorL,0.1952330768108368,12.0,0.1952330768108368,12,15,0.7442922592163086,,
1701350610834-0-33-4-8-5,Sadness,LipCornerDepressorL,0.6939587849192321,11.0,0.6939587849192321,11,13,0.8979151844978333,,
1701357352707-0-34-1-1-5,Sadness,LipCornerDepressorL,0.2569737136363983,19.0,0.2569737136363983,19,20,0.4803205728530884,,
1701357362160-0-34-1-5-5,Sadness,LipCornerDepressorL,0.1312340795993805,18.0,0.1810476630926132,26,19,0.4698109924793243,,
1701357366765-0-34-1-7-5,Sadness,LipCornerDepressorL,0.2248205095529556,10.0,0.2248205095529556,10,11,0.4723529517650604,,
1701357576054-0-34-3-6-5,Sadness,LipCornerDepressorL,0.1800810247659683,24.0,0.1800810247659683,24,24,0.3872899711132049,,
1701357578950-0-34-3-7-5,Sadness,LipCornerDepressorL,0.0274180769920349,9.0,0.1200658306479454,27,1,0.3606306314468384,,
1701357594247-0-34-3-15-5,Sadness,LipCornerDepressorL,0.0232589691877365,11.0,0.0492454767227172,4,1,0.396003395318985,,
1701357779971-0-34-4-20-5,Sadness,LipCornerDepressorL,0.2260226309299469,24.0,0.2260226309299469,24,25,0.4321536421775818,,
1701429265367-0-35-1-1-5,Sadness,LipCornerDepressorL,0.2585324048995972,18.0,0.2585324048995972,18,24,0.9186665415763856,,
1701429275593-0-35-1-5-5,Sadness,LipCornerDepressorL,0.4315494671463966,15.0,0.4315494671463966,15,19,0.8793193697929382,,
1701429281346-0-35-1-7-5,Sadness,LipCornerDepressorL,0.0387621521949768,3.0,0.0387621521949768,3,7,0.7296227216720581,,
1701429461662-0-35-3-6-5,Sadness,LipCornerDepressorL,0.4969017505645752,20.0,0.4969017505645752,20,24,0.8638178110122681,,
1701429463256-0-35-3-7-5,Sadness,LipCornerDepressorL,0.4685630779713391,17.0,0.4685630779713391,17,22,0.8248063921928406,,
1701429479352-0-35-3-15-5,Sadness,LipCornerDepressorL,0.292051985859871,15.0,0.292051985859871,15,25,0.7986248135566711,,
1701429612180-0-35-4-1-5,Sadness,LipCornerDepressorL,0.0633478760719299,9.0,0.0633478760719299,9,30,0.8908483982086182,,
1701429625044-0-35-4-8-5,Sadness,LipCornerDepressorL,0.5247049480676652,7.0,0.5247049480676652,7,13,0.95573890209198,,
1701429640278-0-35-4-17-5,Sadness,LipCornerDepressorL,0.7230462087318301,23.0,0.7230462087318301,23,26,0.8354812264442444,,
1701429645979-0-35-4-20-5,Sadness,LipCornerDepressorL,0.2041214723140001,11.0,0.2041214723140001,11,30,0.5437206625938416,,
1701438032606-1-36-1-1-5,Sadness,LipCornerDepressorL,0.1164137423038482,5.0,0.1164137423038482,5,29,0.7170225977897644,,
1701438247154-1-36-3-6-5,Sadness,LipCornerDepressorL,0.4816808104515075,2.0,0.4816808104515075,2,7,0.797551155090332,,
1701438248917-1-36-3-7-5,Sadness,LipCornerDepressorL,0.0204421281814575,4.0,0.0409629940986633,16,5,0.8249743580818176,,
1701438265453-1-36-3-15-5,Sadness,LipCornerDepressorL,0.0180411338806152,13.0,0.0228997468948364,5,22,0.764194905757904,,
1701438426616-1-36-4-1-5,Sadness,LipCornerDepressorL,0.6145957261323929,6.0,0.6145957261323929,6,6,0.75701904296875,,
1701438439783-1-36-4-8-5,Sadness,LipCornerDepressorL,0.0366268157958984,11.0,0.0366268157958984,11,30,0.7550641894340515,,
1701438460706-1-36-4-20-5,Sadness,LipCornerDepressorL,0.6235077530145646,9.0,0.6235077530145646,9,15,0.9168835878372192,,
1701440186542-0-37-1-1-5,Sadness,LipCornerDepressorL,0.2523326706141234,24.0,0.2523326706141234,24,26,0.481417715549469,,
1701440201790-0-37-1-7-5,Sadness,LipCornerDepressorL,0.0822730883955955,14.0,0.0822730883955955,14,19,0.219528928399086,,
1701440422723-0-37-3-15-5,Sadness,LipCornerDepressorL,0.1285333223640918,3.0,0.1285333223640918,3,11,0.5072550773620605,,
1701440587047-0-37-4-8-5,Sadness,LipCornerDepressorL,0.2198417484760284,9.0,0.2198417484760284,9,22,0.9017413258552552,,
1701440603641-0-37-4-17-5,Sadness,LipCornerDepressorL,0.0353463888168334,27.0,0.0408321022987365,21,1,0.7887938022613525,,
1701440608220-0-37-4-20-5,Sadness,LipCornerDepressorL,0.2004737183451653,5.0,0.2004737183451653,5,13,0.7981052398681641,0.0306032270873039,0.0306032270873039
1700479243878-2-1-3-3-6,Surprise,JawDrop,0.2001137435436248,24.0,0.2001137435436248,24,30,0.8245209455490112,,
1700479264139-2-1-3-13-6,Surprise,JawDrop,0.2074619047343731,10.0,0.2074619047343731,10,29,0.4998019933700561,,
1700479276498-2-1-3-19-6,Surprise,JawDrop,0.205294519662857,15.0,0.205294519662857,15,29,0.851331353187561,,
1700479417615-2-1-4-3-6,Surprise,JawDrop,0.266451820731163,5.0,0.266451820731163,5,29,0.8251473903656006,,
1700479445256-2-1-4-19-6,Surprise,JawDrop,0.1435248255729676,8.0,0.1512640714645385,29,18,0.9171732068061828,,
1700479459026-2-1-4-27-6,Surprise,JawDrop,0.1962022148072719,16.0,0.1962022148072719,16,30,0.8356981873512268,,
1700486090956-1-2-2-8-6,Surprise,JawDrop,0.3305379897356034,22.0,0.3305379897356034,22,29,0.8516303896903992,,
1700486093754-1-2-2-9-6,Surprise,JawDrop,0.1577517539262772,18.0,0.1577517539262772,18,26,0.770890474319458,,
1700486196174-1-2-3-3-6,Surprise,JawDrop,0.4446794241666794,21.0,0.4446794241666794,21,28,0.9457515478134156,,
1700486216892-1-2-3-13-6,Surprise,JawDrop,0.23855721950531,10.0,0.23855721950531,10,27,0.9179655909538268,,
1700486228292-1-2-3-19-6,Surprise,JawDrop,0.1585284769535065,24.0,0.1585284769535065,24,30,0.9996931552886964,,
1700486399431-1-2-4-21-6,Surprise,JawDrop,0.1369291245937347,11.0,0.1369291245937347,11,27,0.9818844199180604,,
1700486409959-1-2-4-27-6,Surprise,JawDrop,0.1048977077007293,3.0,0.1134551763534545,26,21,0.7877558469772339,,
1700487957572-0-3-2-2-6,Surprise,JawDrop,0.1347672641277313,20.0,0.1347672641277313,20,24,0.6561175584793091,,
1700487972719-0-3-2-8-6,Surprise,JawDrop,0.0944259539246558,11.0,0.0944259539246558,11,29,0.6124207377433777,,
1700487975578-0-3-2-9-6,Surprise,JawDrop,0.1024417579174041,21.0,0.1024417579174041,21,25,0.5473622679710388,,
1700488080041-0-3-3-3-6,Surprise,JawDrop,0.248148575425148,21.0,0.248148575425148,21,26,0.6133285164833069,,
1700488099575-0-3-3-13-6,Surprise,JawDrop,0.120400719344616,5.0,0.120400719344616,5,19,0.3254890739917755,,
1700488111962-0-3-3-19-6,Surprise,JawDrop,0.1661925688385963,22.0,0.1661925688385963,22,30,0.3419625759124756,,
1700488256888-0-3-4-3-6,Surprise,JawDrop,0.2004812574014068,14.0,0.2004812574014068,14,22,0.5377870798110962,,
1700488285207-0-3-4-19-6,Surprise,JawDrop,0.1638435833156109,10.0,0.1638435833156109,10,23,0.277072548866272,,
1700488288826-0-3-4-21-6,Surprise,JawDrop,0.1296304501593113,17.0,0.1296304501593113,17,30,0.5378364324569702,,
1700488299585-0-3-4-27-6,Surprise,JawDrop,0.1311180442571639,14.0,0.1311180442571639,14,17,0.520870566368103,,
1700489726643-0-4-2-2-6,Surprise,JawDrop,0.1328894793987274,25.0,0.1328894793987274,25,30,0.5633887648582458,,
1700489742765-0-4-2-8-6,Surprise,JawDrop,0.0450939536094665,24.0,0.048710823059082,28,26,0.6759874820709229,,
1700489744855-0-4-2-9-6,Surprise,JawDrop,0.1743152737617492,20.0,0.1743152737617492,20,28,0.7203804850578308,,
1700489862366-0-4-3-3-6,Surprise,JawDrop,0.0635131001472473,24.0,0.0635131001472473,24,29,0.760150134563446,,
1700489881498-0-4-3-13-6,Surprise,JawDrop,0.1129170060157776,22.0,0.1129170060157776,22,28,0.5860323905944824,,
1700489894153-0-4-3-19-6,Surprise,JawDrop,0.1583367884159088,5.0,0.1583367884159088,5,30,0.6790558099746704,,
1700490047789-0-4-4-3-6,Surprise,JawDrop,0.2551455125212669,7.0,0.2551455125212669,7,18,0.7591358423233032,,
1700490075897-0-4-4-19-6,Surprise,JawDrop,0.1801552139222622,13.0,0.1801552139222622,13,18,0.5360125303268433,,
1700490079381-0-4-4-21-6,Surprise,JawDrop,0.2408694713376462,8.0,0.2408694713376462,8,23,0.4996887445449829,,
1700490090087-0-4-4-27-6,Surprise,JawDrop,0.0999771803617478,7.0,0.0999771803617478,7,30,0.4227107167243957,,
1700491504922-1-5-2-2-6,Surprise,JawDrop,0.2208239097910733,17.0,0.2208239097910733,17,30,0.4998147785663605,,
1700491520068-1-5-2-8-6,Surprise,JawDrop,0.1223824769258499,4.0,0.1223824769258499,4,22,0.3868748247623443,,
1700491522758-1-5-2-9-6,Surprise,JawDrop,0.1771384035237133,9.0,0.1771384035237133,9,30,0.4813022911548614,,
1700491620433-1-5-3-3-6,Surprise,JawDrop,0.104938831180334,2.0,0.104938831180334,2,22,0.4695951044559479,,
1700491640564-1-5-3-13-6,Surprise,JawDrop,0.0088880062103272,4.0,0.0403497815132141,30,15,0.4834837913513183,,
1700491795424-1-5-4-3-6,Surprise,JawDrop,0.0244684517383576,7.0,0.039344847202301,30,27,0.478943258523941,,
1700491826720-1-5-4-21-6,Surprise,JawDrop,0.0781164914369583,9.0,0.0781164914369583,9,19,0.4708409011363983,,
1700496798831-1-6-2-2-6,Surprise,JawDrop,0.253028467297554,14.0,0.253028467297554,14,22,0.7986230254173279,,
1700496922484-1-6-3-3-6,Surprise,JawDrop,0.1491824090480805,16.0,0.1491824090480805,16,22,0.8240680694580078,,
1700496954901-1-6-3-19-6,Surprise,JawDrop,0.1979152858257293,16.0,0.1979152858257293,16,23,0.6779154539108276,,
1700497095964-1-6-4-3-6,Surprise,JawDrop,0.2813215665519238,7.0,0.2813215665519238,7,30,0.6572619080543518,,
1700497124116-1-6-4-19-6,Surprise,JawDrop,0.3671329142525792,2.0,0.3671329142525792,2,10,0.7867925763130188,,
1700497127301-1-6-4-21-6,Surprise,JawDrop,0.2804983705282212,8.0,0.2804983705282212,8,30,0.6390698552131653,,
1700497137301-1-6-4-27-6,Surprise,JawDrop,0.1948054023087025,13.0,0.1948054023087025,13,30,0.6302072405815125,,
1700567790485-2-8-2-2-6,Surprise,JawDrop,0.1677357405424117,23.0,0.1677357405424117,23,29,0.5758063197135925,,
1700567804174-2-8-2-8-6,Surprise,JawDrop,0.1612189114093781,16.0,0.1612189114093781,16,19,0.6286332607269287,,
1700567807289-2-8-2-9-6,Surprise,JawDrop,0.1421302407979965,25.0,0.1421302407979965,25,30,0.6122989058494568,,
1700567907954-2-8-3-3-6,Surprise,JawDrop,0.1885880529880523,18.0,0.1885880529880523,18,30,0.6299163103103638,,
1700567928618-2-8-3-13-6,Surprise,JawDrop,0.0935218334197998,5.0,0.0935218334197998,5,27,0.6495186686515808,,
1700568081350-2-8-4-3-6,Surprise,JawDrop,0.1955939829349518,2.0,0.1955939829349518,2,26,0.6399871110916138,,
1700568112955-2-8-4-21-6,Surprise,JawDrop,0.2193368822336197,6.0,0.2193368822336197,6,13,0.6005867719650269,,
1700571057042-1-9-2-2-6,Surprise,JawDrop,0.0396285057067871,3.0,0.0750395357608795,27,11,0.4540024995803833,,
1700571071814-1-9-2-8-6,Surprise,JawDrop,0.1882945299148559,12.0,0.1882945299148559,12,18,0.694582462310791,,
1700571074501-1-9-2-9-6,Surprise,JawDrop,0.1071855574846268,5.0,0.1179824769496917,29,19,0.586744487285614,,
1700571203525-1-9-3-19-6,Surprise,JawDrop,0.1415076851844787,22.0,0.1415076851844787,22,27,0.5736755132675171,,
1700571352930-1-9-4-3-6,Surprise,JawDrop,0.0789754986763001,6.0,0.0789754986763001,6,22,0.5847584009170532,,
1700571385065-1-9-4-21-6,Surprise,JawDrop,0.1088925898075104,6.0,0.1088925898075104,6,27,0.5867055058479309,,
1700571394892-1-9-4-27-6,Surprise,JawDrop,0.1074296236038208,7.0,0.1074296236038208,7,26,0.4817613363265991,,
1700577751365-2-10-2-8-6,Surprise,JawDrop,0.0755279064178466,20.0,0.0755279064178466,20,28,0.5487149357795715,,
1700577753271-2-10-2-9-6,Surprise,JawDrop,0.1226498931646346,20.0,0.1226498931646346,20,22,0.3895805776119232,,
1700577877659-2-10-3-19-6,Surprise,JawDrop,0.1070630997419357,19.0,0.1070630997419357,19,24,0.4711180627346039,,
1700578011711-2-10-4-3-6,Surprise,JawDrop,0.2410185188038166,9.0,0.2410185188038166,9,16,0.4074615836143493,,
1700578043747-2-10-4-21-6,Surprise,JawDrop,0.2097154338989638,24.0,0.2097154338989638,24,27,0.3910831212997436,,
1700578053937-2-10-4-27-6,Surprise,JawDrop,0.2423682057756195,16.0,0.2423682057756195,16,23,0.5487144589424133,,
1700580370438-0-11-2-2-6,Surprise,JawDrop,0.0662471055984497,28.0,0.1177144050598144,2,1,0.4020534157752991,,
1700580385269-0-11-2-8-6,Surprise,JawDrop,0.0422245562076568,26.0,0.0422245562076568,26,19,0.414770245552063,,
1700580387618-0-11-2-9-6,Surprise,JawDrop,0.0554347336292266,23.0,0.0554347336292266,23,25,0.3147982358932495,,
1700580489743-0-11-3-3-6,Surprise,JawDrop,0.1277112811803817,23.0,0.1277112811803817,23,30,0.4344619512557983,,
1700580509641-0-11-3-13-6,Surprise,JawDrop,0.0895020961761474,24.0,0.0895020961761474,24,29,0.3502345681190491,,
1700580521795-0-11-3-19-6,Surprise,JawDrop,0.0690736919641494,30.0,0.0690736919641494,30,14,0.3113761246204376,,
1700580672719-0-11-4-3-6,Surprise,JawDrop,0.0242138504981994,16.0,0.1131602227687836,27,16,0.37091264128685,,
1700580700662-0-11-4-19-6,Surprise,JawDrop,0.0948222279548644,14.0,0.0948222279548644,14,28,0.4506987333297729,,
1700580704337-0-11-4-21-6,Surprise,JawDrop,0.1300499588251114,24.0,0.1300499588251114,24,29,0.3628453016281128,,
1700580714526-0-11-4-27-6,Surprise,JawDrop,0.1337814629077912,26.0,0.1337814629077912,26,30,0.3519630134105682,,
1700582055492-0-12-2-2-6,Surprise,JawDrop,0.1758337495848536,10.0,0.1758337495848536,10,28,0.7086719870567322,,
1700582070440-0-12-2-8-6,Surprise,JawDrop,0.1346833109855651,15.0,0.1346833109855651,15,26,0.8083645105361938,,
1700582072837-0-12-2-9-6,Surprise,JawDrop,0.062438951805234,8.0,0.062438951805234,8,26,0.4548332989215851,,
1700582185616-0-12-3-13-6,Surprise,JawDrop,0.1040498018264771,14.0,0.1040498018264771,14,24,0.678235650062561,,
1700582360419-0-12-4-19-6,Surprise,JawDrop,0.1132984757423401,15.0,0.1132984757423401,15,29,0.5744437575340271,,
1700582364232-0-12-4-21-6,Surprise,JawDrop,0.1760327592492103,8.0,0.1760327592492103,8,13,0.510012149810791,,
1700582374311-0-12-4-27-6,Surprise,JawDrop,0.3726220810785889,24.0,0.3726220810785889,24,29,0.7704424858093262,,
1700583887578-2-13-2-2-6,Surprise,JawDrop,0.0475891083478927,15.0,0.0475891083478927,15,18,0.3519775569438934,,
1700583903979-2-13-2-8-6,Surprise,JawDrop,0.0446767807006835,20.0,0.0446767807006835,20,22,0.6138443350791931,,
1700584025989-2-13-3-13-6,Surprise,JawDrop,0.0292902588844299,16.0,0.0292902588844299,16,28,0.286210834980011,,
1700584037726-2-13-3-19-6,Surprise,JawDrop,0.077867865562439,18.0,0.077867865562439,18,26,0.3786892294883728,,
1700584207271-2-13-4-3-6,Surprise,JawDrop,0.1339680105447769,17.0,0.1339680105447769,17,24,0.4823693633079529,,
1700584238451-2-13-4-21-6,Surprise,JawDrop,0.1382723599672317,12.0,0.1382723599672317,12,14,0.3248432576656341,,
1700584249628-2-13-4-27-6,Surprise,JawDrop,0.0705478489398956,19.0,0.0705478489398956,19,24,0.3909867703914642,,
1700745112620-1-14-2-2-6,Surprise,JawDrop,0.1109101697802543,4.0,0.1109101697802543,4,28,0.5371403098106384,,
1700745128460-1-14-2-8-6,Surprise,JawDrop,0.0490072518587112,3.0,0.0490072518587112,3,25,0.3799837827682495,,
1700745130744-1-14-2-9-6,Surprise,JawDrop,0.131819173693657,12.0,0.131819173693657,12,29,0.5372227430343628,,
1700745228376-1-14-3-3-6,Surprise,JawDrop,0.1583899036049842,11.0,0.1583899036049842,11,30,0.4991950392723083,,
1700745427287-1-14-4-19-6,Surprise,JawDrop,0.0557582080364227,6.0,0.0557582080364227,6,11,0.4345991909503937,,
1700745430676-1-14-4-21-6,Surprise,JawDrop,0.1209930628538132,10.0,0.1209930628538132,10,29,0.4074326455593109,,
1700745441256-1-14-4-27-6,Surprise,JawDrop,0.0809328481554985,18.0,0.0809328481554985,18,29,0.4454896152019501,,
1700747233836-2-15-2-2-6,Surprise,JawDrop,0.0666720569133759,2.0,0.1750458627939224,29,12,0.323914110660553,,
1700747248666-2-15-2-8-6,Surprise,JawDrop,0.0681931972503662,17.0,0.0681931972503662,17,24,0.4672077298164367,,
1700747250542-2-15-2-9-6,Surprise,JawDrop,0.0557901561260224,19.0,0.0557901561260224,19,28,0.2769796550273895,,
1700747352492-2-15-3-3-6,Surprise,JawDrop,0.3001943826675415,11.0,0.3001943826675415,11,17,0.5867098569869995,,
1700747372332-2-15-3-13-6,Surprise,JawDrop,0.1070248484611511,15.0,0.1070248484611511,15,18,0.3538985252380371,,
1700747384624-2-15-3-19-6,Surprise,JawDrop,0.0234642922878265,2.0,0.0763473100960255,30,5,0.4561701416969299,,
1700747550545-2-15-4-21-6,Surprise,JawDrop,0.1715811733156442,3.0,0.1715811733156442,3,8,0.4431787133216858,,
1700748690839-0-16-2-2-6,Surprise,JawDrop,0.0886496901512146,9.0,0.0886496901512146,9,19,0.7876648902893066,,
1700748704971-0-16-2-8-6,Surprise,JawDrop,0.0747534930706024,3.0,0.0747534930706024,3,17,0.7438466548919678,,
1700748707465-0-16-2-9-6,Surprise,JawDrop,0.1287874579429626,3.0,0.1287874579429626,3,14,0.851650059223175,,
1700748807131-0-16-3-3-6,Surprise,JawDrop,0.1302613914012909,15.0,0.1302613914012909,15,24,0.720694899559021,,
1700748827092-0-16-3-13-6,Surprise,JawDrop,0.2267637066543102,8.0,0.2267637066543102,8,24,0.6278506517410278,,
1700748839077-0-16-3-19-6,Surprise,JawDrop,0.1340291500091553,19.0,0.1340291500091553,19,22,0.5195236802101135,,
1700748977420-0-16-4-3-6,Surprise,JawDrop,0.0476047098636627,15.0,0.0476047098636627,15,17,0.5450486540794373,,
1700749005486-0-16-4-19-6,Surprise,JawDrop,0.1180731654167175,4.0,0.1180731654167175,4,11,0.4700789153575897,,
1700749009413-0-16-4-21-6,Surprise,JawDrop,0.1010001599788665,26.0,0.1010001599788665,26,27,0.507368803024292,,
1700749020048-0-16-4-27-6,Surprise,JawDrop,0.11972676217556,11.0,0.11972676217556,11,27,0.5338578224182129,,
1700753900482-0-17-2-2-6,Surprise,JawDrop,0.1326646208763123,18.0,0.1326646208763123,18,26,0.6572744250297546,,
1700753915633-0-17-2-8-6,Surprise,JawDrop,0.1082554683089257,16.0,0.1082554683089257,16,25,0.4562729299068451,,
1700753918042-0-17-2-9-6,Surprise,JawDrop,0.106254979968071,17.0,0.106254979968071,17,29,0.4720547497272491,,
1700754013483-0-17-3-3-6,Surprise,JawDrop,0.2030193037353456,23.0,0.2030193037353456,23,27,0.5093865394592285,,
1700754034095-0-17-3-13-6,Surprise,JawDrop,0.0734727159142493,5.0,0.0734727159142493,5,23,0.3383149206638336,,
1700754045748-0-17-3-19-6,Surprise,JawDrop,0.135483682155609,23.0,0.135483682155609,23,25,0.471262127161026,,
1700754214994-0-17-4-21-6,Surprise,JawDrop,0.2396320104598999,22.0,0.2396320104598999,22,26,0.4183213412761688,,
1700756365257-2-18-2-2-6,Surprise,JawDrop,0.3532646968960762,9.0,0.3532646968960762,9,30,1.0,,
1700756380628-2-18-2-8-6,Surprise,JawDrop,0.3448526058346033,12.0,0.3448526058346033,12,24,0.9924367666244508,,
1700756382762-2-18-2-9-6,Surprise,JawDrop,0.2353289946913719,20.0,0.2353289946913719,20,29,0.8638173341751099,,
1700756508190-2-18-3-13-6,Surprise,JawDrop,0.2703239768743515,9.0,0.2703239768743515,9,17,0.9999995231628418,,
1700756520318-2-18-3-19-6,Surprise,JawDrop,0.4373041093349457,5.0,0.4373041093349457,5,13,1.0,,
1700756740978-2-18-4-21-6,Surprise,JawDrop,0.1238003969192504,2.0,0.1238003969192504,2,7,0.8366119265556335,,
1700756752506-2-18-4-27-6,Surprise,JawDrop,0.5886811632663013,10.0,0.5886811632663013,10,15,1.0,,
1700824448226-0-19-2-2-6,Surprise,JawDrop,0.1688967347145081,7.0,0.1688967347145081,7,11,0.4834804832935333,,
1700824463124-0-19-2-8-6,Surprise,JawDrop,0.1422923281788826,17.0,0.1422923281788826,17,27,0.3798827528953552,,
1700824465520-0-19-2-9-6,Surprise,JawDrop,0.0155534148216247,25.0,0.0367486476898192,10,2,0.5122030377388,,
1700824559270-0-19-3-3-6,Surprise,JawDrop,0.2239721938967705,7.0,0.2239721938967705,7,8,0.3879508078098297,,
1700824578736-0-19-3-13-6,Surprise,JawDrop,0.0969846621155739,16.0,0.0969846621155739,16,27,0.341441661119461,,
1700824591163-0-19-3-19-6,Surprise,JawDrop,0.2472891248762608,8.0,0.2472891248762608,8,27,0.3408729135990143,,
1700824744450-0-19-4-3-6,Surprise,JawDrop,0.1175904870033265,11.0,0.1175904870033265,11,19,0.4443083703517914,,
1700824772745-0-19-4-19-6,Surprise,JawDrop,0.1299424767494202,24.0,0.1299424767494202,24,29,0.4725664556026459,,
1700824775987-0-19-4-21-6,Surprise,JawDrop,0.110786348581314,16.0,0.110786348581314,16,19,0.4827001690864563,,
1700825815495-0-20-2-2-6,Surprise,JawDrop,0.1569908857345581,15.0,0.1569908857345581,15,29,0.7830371856689453,,
1700825830739-0-20-2-8-6,Surprise,JawDrop,0.2224279828369618,7.0,0.2224279828369618,7,24,0.8220260143280029,,
1700825833289-0-20-2-9-6,Surprise,JawDrop,0.1173187494277954,15.0,0.1173187494277954,15,25,0.5176682472229004,,
1700825926618-0-20-3-3-6,Surprise,JawDrop,0.1714551746845245,6.0,0.1714551746845245,6,22,0.5831673741340637,,
1700825946184-0-20-3-13-6,Surprise,JawDrop,0.1573026701807976,8.0,0.1573026701807976,8,28,0.408933162689209,,
1700825958707-0-20-3-19-6,Surprise,JawDrop,0.1516166329383851,6.0,0.1516166329383851,6,26,0.418144017457962,,
1700826094915-0-20-4-3-6,Surprise,JawDrop,0.3219135850667953,15.0,0.3219135850667953,15,23,0.6674879789352417,,
1700826126840-0-20-4-21-6,Surprise,JawDrop,0.2155641764402389,10.0,0.2155641764402389,10,25,0.5195220708847046,,
1700827663943-0-21-2-2-6,Surprise,JawDrop,0.1623792052268982,22.0,0.1623792052268982,22,27,0.5377719402313232,,
1700827679341-0-21-2-8-6,Surprise,JawDrop,0.1031522490084172,12.0,0.1031522490084172,12,18,0.3435054719448089,,
1700827681700-0-21-2-9-6,Surprise,JawDrop,0.1955488934181631,15.0,0.1955488934181631,15,22,0.3572994470596313,,
1700827795416-0-21-3-3-6,Surprise,JawDrop,0.1070631332695485,17.0,0.1070631332695485,17,30,0.3764455318450928,,
1700827815913-0-21-3-13-6,Surprise,JawDrop,0.0760939717292785,13.0,0.0760939717292785,13,17,0.3902508616447449,,
1700827827673-0-21-3-19-6,Surprise,JawDrop,0.0880508795380593,17.0,0.0880508795380593,17,27,0.3782466948032379,,
1700827973082-0-21-4-3-6,Surprise,JawDrop,0.1966237258166075,14.0,0.1966237258166075,14,22,0.4828660786151886,,
1700828000810-0-21-4-19-6,Surprise,JawDrop,0.1028841063380242,8.0,0.1028841063380242,8,16,0.3120595514774322,,
1700828004497-0-21-4-21-6,Surprise,JawDrop,0.0762609802186488,17.0,0.0762609802186488,17,25,0.2498252391815185,,
1700828015466-0-21-4-27-6,Surprise,JawDrop,0.1314107924699784,9.0,0.1314107924699784,9,12,0.453822523355484,,
1700830036458-0-22-2-2-6,Surprise,JawDrop,0.0534513443708419,18.0,0.0534513443708419,18,25,0.2208553254604339,,
1700830051701-0-22-2-8-6,Surprise,JawDrop,0.135412722826004,18.0,0.135412722826004,18,24,0.2752276957035064,,
1700830053944-0-22-2-9-6,Surprise,JawDrop,0.0853224806487561,20.0,0.0853224806487561,20,23,0.2211702316999435,,
1700830149264-0-22-3-3-6,Surprise,JawDrop,0.1229123175144195,22.0,0.1229123175144195,22,27,0.2987053394317627,,
1700830169383-0-22-3-13-6,Surprise,JawDrop,0.091563530266285,21.0,0.091563530266285,21,28,0.2879345417022705,,
1700830335225-0-22-4-3-6,Surprise,JawDrop,0.1049360372126103,7.0,0.1049360372126103,7,16,0.2742039263248443,,
1700830363061-0-22-4-19-6,Surprise,JawDrop,0.1040489617735147,21.0,0.1040489617735147,21,25,0.274314820766449,,
1701085488586-2-23-2-2-6,Surprise,JawDrop,0.1376723647117614,6.0,0.1376723647117614,6,19,0.6558637022972107,,
1701085503372-2-23-2-8-6,Surprise,JawDrop,0.1889322698116303,23.0,0.1889322698116303,23,30,0.6278302669525146,,
1701085609204-2-23-3-3-6,Surprise,JawDrop,0.1448444575071334,17.0,0.1448444575071334,17,25,0.7062088251113892,,
1701085629667-2-23-3-13-6,Surprise,JawDrop,0.0731922090053558,7.0,0.0731922090053558,7,21,0.3802820444107055,,
1701085788374-2-23-4-3-6,Surprise,JawDrop,0.1085574179887771,20.0,0.1085574179887771,20,27,0.4563465714454651,,
1701085820057-2-23-4-21-6,Surprise,JawDrop,0.2772496938705445,18.0,0.2772496938705445,18,27,0.6139088869094849,,
1701085830697-2-23-4-27-6,Surprise,JawDrop,0.1434117704629897,11.0,0.1434117704629897,11,20,0.7435221672058105,,
1701087303940-0-24-2-8-6,Surprise,JawDrop,0.0074333548545837,24.0,0.0330103635787963,13,1,0.4055724143981933,,
1701087305999-0-24-2-9-6,Surprise,JawDrop,0.1331028044223786,16.0,0.1331028044223786,16,20,0.260773628950119,,
1701087423258-0-24-3-13-6,Surprise,JawDrop,0.015399545431137,13.0,0.0181319117546081,25,2,0.3388804793357849,,
1701087435684-0-24-3-19-6,Surprise,JawDrop,0.0668339729309082,17.0,0.0668339729309082,17,26,0.6680132150650024,,
1701087600576-0-24-4-3-6,Surprise,JawDrop,0.0153873860836029,7.0,0.0153873860836029,7,29,0.3422671854496002,,
1701087628526-0-24-4-19-6,Surprise,JawDrop,0.1687534363009035,2.0,0.1687534363009035,2,12,0.3150554001331329,,
1701087642989-0-24-4-27-6,Surprise,JawDrop,0.1614754498004914,16.0,0.1614754498004914,16,30,0.537848174571991,,
1701090989523-0-25-2-2-6,Surprise,JawDrop,0.0489554405212402,4.0,0.0489554405212402,4,23,0.5179336071014404,,
1701091004494-0-25-2-8-6,Surprise,JawDrop,0.0377688705921173,24.0,0.0377688705921173,24,24,0.4404714703559875,,
1701091007119-0-25-2-9-6,Surprise,JawDrop,0.2666263729333877,4.0,0.2666263729333877,4,17,0.7842201590538025,,
1701091106118-0-25-3-3-6,Surprise,JawDrop,0.12799521535635,13.0,0.12799521535635,13,28,0.5121341347694397,,
1701091126207-0-25-3-13-6,Surprise,JawDrop,0.0378531366586685,3.0,0.0378531366586685,3,17,0.3371502757072449,,
1701091137831-0-25-3-19-6,Surprise,JawDrop,0.1215262711048125,9.0,0.1215262711048125,9,16,0.4985693097114563,,
1701091286156-0-25-4-3-6,Surprise,JawDrop,0.0139739513397217,4.0,0.0176716446876525,23,22,0.3911438882350921,,
1701091314405-0-25-4-19-6,Surprise,JawDrop,0.0168901681900023,27.0,0.0168901681900023,27,3,0.3531293570995331,,
1701091317423-0-25-4-21-6,Surprise,JawDrop,0.1025863736867905,2.0,0.1025863736867905,2,27,0.6291469931602478,,
1701091328267-0-25-4-27-6,Surprise,JawDrop,0.0806081891059876,20.0,0.0806081891059876,20,24,0.4553042352199554,,
1701092656631-0-26-2-2-6,Surprise,JawDrop,0.0473827123641968,8.0,0.0473827123641968,8,29,0.3148039281368255,,
1701092672345-0-26-2-8-6,Surprise,JawDrop,0.1136937364935875,16.0,0.1136937364935875,16,22,0.3135934472084045,,
1701092674853-0-26-2-9-6,Surprise,JawDrop,0.0194053202867507,16.0,0.0290509611368179,12,1,0.2131784707307815,,
1701092788115-0-26-3-13-6,Surprise,JawDrop,0.1074148034676909,23.0,0.1074148034676909,23,29,0.1847098022699356,,
1701092800949-0-26-3-19-6,Surprise,JawDrop,0.0155465453863144,2.0,0.0256185159087181,25,3,0.1669121533632278,,
1701092952993-0-26-4-3-6,Surprise,JawDrop,0.1084947511553764,10.0,0.1084947511553764,10,25,0.5092638731002808,,
1701092995220-0-26-4-27-6,Surprise,JawDrop,0.0652489066123963,24.0,0.0652489066123963,24,30,0.4423957169055938,,
1701094536373-2-27-2-2-6,Surprise,JawDrop,0.0364626049995422,5.0,0.2262056469917297,30,23,0.8528387546539307,,
1701094657984-2-27-3-3-6,Surprise,JawDrop,0.20778489112854,22.0,0.20778489112854,22,25,0.8632144331932068,,
1701094689680-2-27-3-19-6,Surprise,JawDrop,0.1564948558807374,4.0,0.1564948558807374,4,27,0.7876373529434204,,
1701094824960-2-27-4-3-6,Surprise,JawDrop,0.2461515404284001,2.0,0.2461515404284001,2,16,0.7062656879425049,,
1701094852692-2-27-4-19-6,Surprise,JawDrop,0.0396331548690795,16.0,0.0396331548690795,16,18,0.9013248682022096,,
1701094856933-2-27-4-21-6,Surprise,JawDrop,0.0286389589309692,2.0,0.1046347618103027,28,2,0.8355816006660461,,
1701094866874-2-27-4-27-6,Surprise,JawDrop,0.1897290945053101,9.0,0.1897290945053101,9,21,0.8783349394798279,,
1701170506491-0-28-2-8-6,Surprise,JawDrop,0.1280542593449354,16.0,0.1280542593449354,16,28,0.3238198459148407,,
1701170605255-0-28-3-3-6,Surprise,JawDrop,0.1931913383305072,7.0,0.1931913383305072,7,20,0.3900844752788543,,
1701170624888-0-28-3-13-6,Surprise,JawDrop,0.0923816263675689,22.0,0.0923816263675689,22,26,0.4332146048545837,,
1701170637387-0-28-3-19-6,Surprise,JawDrop,0.1228273436427117,6.0,0.1228273436427117,6,27,0.4070896506309509,,
1701170770544-0-28-4-3-6,Surprise,JawDrop,0.2865370959043503,21.0,0.2865370959043503,21,26,0.4834479689598083,,
1701170798766-0-28-4-19-6,Surprise,JawDrop,0.1676052361726761,25.0,0.1676052361726761,25,28,0.405219554901123,,
1701175941566-1-29-2-2-6,Surprise,JawDrop,0.2378806294873357,21.0,0.2378806294873357,21,29,0.380152016878128,,
1701175959538-1-29-2-9-6,Surprise,JawDrop,0.0959065333008766,14.0,0.0959065333008766,14,24,0.5378410220146179,,
1701176088631-1-29-3-13-6,Surprise,JawDrop,0.0884911455214024,14.0,0.0884911455214024,14,20,0.2743078172206878,,
1701176100397-1-29-3-19-6,Surprise,JawDrop,0.0875510610640049,19.0,0.0875510610640049,19,27,0.3135153353214264,,
1701176276840-1-29-4-19-6,Surprise,JawDrop,0.1919357851147652,20.0,0.1919357851147652,20,27,0.5867443084716797,,
1701176280346-1-29-4-21-6,Surprise,JawDrop,0.1916303001344204,10.0,0.1916303001344204,10,28,0.4563474953174591,,
1701176290484-1-29-4-27-6,Surprise,JawDrop,0.1997871100902558,24.0,0.1997871100902558,24,27,0.704264760017395,,
1701177690468-0-30-2-2-6,Surprise,JawDrop,0.2792043387889862,14.0,0.2792043387889862,14,21,0.7986214756965637,,
1701177705031-0-30-2-8-6,Surprise,JawDrop,0.1208817083388567,8.0,0.1208817083388567,8,23,0.5362547636032104,,
1701177707527-0-30-2-9-6,Surprise,JawDrop,0.2764800190925598,22.0,0.2764800190925598,22,28,0.9549517035484314,,
1701177806796-0-30-3-3-6,Surprise,JawDrop,0.3428314626216889,10.0,0.3428314626216889,10,22,0.9452870488166808,,
1701177825962-0-30-3-13-6,Surprise,JawDrop,0.139451986644417,12.0,0.139451986644417,12,27,0.6133855581283569,,
1701177838992-0-30-3-19-6,Surprise,JawDrop,0.2148121446371078,7.0,0.2148121446371078,7,13,0.7709697484970093,,
1701178064486-0-30-4-3-6,Surprise,JawDrop,0.1029410362243652,4.0,0.1029410362243652,4,11,0.7062119841575623,,
1701178092727-0-30-4-19-6,Surprise,JawDrop,0.0832656919956206,2.0,0.1427043974399566,29,6,0.5855094194412231,,
1701178096235-0-30-4-21-6,Surprise,JawDrop,0.2943077068775893,16.0,0.2943077068775893,16,30,0.613857626914978,,
1701178106880-0-30-4-27-6,Surprise,JawDrop,0.2249638140201569,6.0,0.2249638140201569,6,10,0.7225651144981384,,
1701188066425-0-31-2-2-6,Surprise,JawDrop,0.2135497033596039,27.0,0.2135497033596039,27,29,0.7308170795440674,,
1701188081703-0-31-2-8-6,Surprise,JawDrop,0.232408918440342,19.0,0.232408918440342,19,27,0.6790623664855957,,
1701188084449-0-31-2-9-6,Surprise,JawDrop,0.2686351239681245,18.0,0.2686351239681245,18,25,0.7225652933120728,,
1701188189903-0-31-3-3-6,Surprise,JawDrop,0.2687149867415428,20.0,0.2687149867415428,20,30,0.6953203678131104,,
1701188210135-0-31-3-13-6,Surprise,JawDrop,0.054708182811737,2.0,0.2217468321323394,27,7,0.7595945596694946,,
1701188221539-0-31-3-19-6,Surprise,JawDrop,0.2460120767354964,13.0,0.2460120767354964,13,30,0.6572640538215637,,
1701188357646-0-31-4-3-6,Surprise,JawDrop,0.0556155443191528,2.0,0.0556155443191528,2,26,0.744292140007019,,
1701188385528-0-31-4-19-6,Surprise,JawDrop,0.1589693129062652,5.0,0.1589693129062652,5,20,0.7062419652938843,,
1701188389796-0-31-4-21-6,Surprise,JawDrop,0.1691841930150986,3.0,0.1691841930150986,3,23,0.6648401618003845,,
1701346796350-1-32-2-2-6,Surprise,JawDrop,0.1044680550694465,7.0,0.15815469622612,30,28,0.4809677004814148,,
1701346920040-1-32-3-3-6,Surprise,JawDrop,0.1004062294960022,26.0,0.1004062294960022,26,28,0.3528481721878052,,
1701346939832-1-32-3-13-6,Surprise,JawDrop,0.0926998555660248,9.0,0.0926998555660248,9,28,0.3797860741615295,,
1701346951922-1-32-3-19-6,Surprise,JawDrop,0.1426293179392815,7.0,0.1426293179392815,7,28,0.537537693977356,,
1701347165606-1-32-4-3-6,Surprise,JawDrop,0.1107565760612488,23.0,0.1107565760612488,23,28,0.276902973651886,,
1701350306168-0-33-2-8-6,Surprise,JawDrop,0.0667440891265869,2.0,0.1464959383010864,30,11,0.9561724662780762,,
1701350308434-0-33-2-9-6,Surprise,JawDrop,0.3016499355435371,13.0,0.3016499355435371,13,18,0.8352903127670288,,
1701350412742-0-33-3-3-6,Surprise,JawDrop,0.0503783822059631,2.0,0.1200237274169921,29,5,0.9658591151237488,,
1701350432525-0-33-3-13-6,Surprise,JawDrop,0.396370254456997,19.0,0.396370254456997,19,30,0.695401132106781,,
1701350444549-0-33-3-19-6,Surprise,JawDrop,0.0995812863111496,2.0,0.0995812863111496,2,13,0.7325896620750427,,
1701350602230-0-33-4-3-6,Surprise,JawDrop,0.3084052503108979,14.0,0.3084052503108979,14,21,0.6403615474700928,,
1701350630358-0-33-4-19-6,Surprise,JawDrop,0.1560603976249695,16.0,0.1560603976249695,16,24,0.6302069425582886,,
1701350634052-0-33-4-21-6,Surprise,JawDrop,0.3373620416969062,13.0,0.3373620416969062,13,17,0.9273601174354552,,
1701350644495-0-33-4-27-6,Surprise,JawDrop,0.1999678164720535,12.0,0.1999678164720535,12,24,0.7432885766029358,,
1701357438550-0-34-2-2-6,Surprise,JawDrop,0.1905643492937088,13.0,0.1905643492937088,13,19,0.5105996131896973,,
1701357453577-0-34-2-8-6,Surprise,JawDrop,0.1715041771531104,24.0,0.1715041771531104,24,28,0.5106222033500671,,
1701357456722-0-34-2-9-6,Surprise,JawDrop,0.2781007587909698,6.0,0.2781007587909698,6,11,0.5363092422485352,,
1701357570289-0-34-3-3-6,Surprise,JawDrop,0.2500179968774318,17.0,0.2500179968774318,17,21,0.3921761512756347,,
1701357589873-0-34-3-13-6,Surprise,JawDrop,0.1771368980407714,20.0,0.1771368980407714,20,23,0.4557339549064636,,
1701357750175-0-34-4-3-6,Surprise,JawDrop,0.1536083295941353,11.0,0.1536083295941353,11,19,0.6131992340087891,,
1701357778445-0-34-4-19-6,Surprise,JawDrop,0.2935226485133171,11.0,0.2935226485133171,11,18,0.5758242011070251,,
1701357781768-0-34-4-21-6,Surprise,JawDrop,0.2241508364677428,19.0,0.2241508364677428,19,25,0.6791014075279236,,
1701357792344-0-34-4-27-6,Surprise,JawDrop,0.4484326113015413,22.0,0.4484326113015413,22,26,0.499817281961441,,
1701429347000-0-35-2-2-6,Surprise,JawDrop,0.0540658086538314,9.0,0.0540658086538314,9,15,0.2767580151557922,,
1701429362658-0-35-2-8-6,Surprise,JawDrop,0.079010535031557,12.0,0.079010535031557,12,20,0.2786048948764801,,
1701429365736-0-35-2-9-6,Surprise,JawDrop,0.097588261589408,5.0,0.097588261589408,5,20,0.3417970240116119,,
1701429456101-0-35-3-3-6,Surprise,JawDrop,0.0724376738071442,9.0,0.0724376738071442,9,28,0.2496281713247299,,
1701429476026-0-35-3-13-6,Surprise,JawDrop,0.1017905436456202,3.0,0.1017905436456202,3,24,0.3392060399055481,,
1701429487661-0-35-3-19-6,Surprise,JawDrop,0.0930724740028381,5.0,0.0930724740028381,5,23,0.2766818404197693,,
1701429615895-0-35-4-3-6,Surprise,JawDrop,0.0663511455059051,7.0,0.0663511455059051,7,16,0.2862143516540527,,
1701429644175-0-35-4-19-6,Surprise,JawDrop,0.0620735213160515,9.0,0.0620735213160515,9,21,0.1944145560264587,,
1701429647482-0-35-4-21-6,Surprise,JawDrop,0.0833097230643034,24.0,0.0833097230643034,24,30,0.2478837966918945,,
1701429658440-0-35-4-27-6,Surprise,JawDrop,0.0499586462974548,10.0,0.0790062695741654,29,13,0.2860185205936432,,
1701438121613-1-36-2-2-6,Surprise,JawDrop,0.3018113896250725,10.0,0.3018113896250725,10,28,0.8227603435516357,,
1701438136355-1-36-2-8-6,Surprise,JawDrop,0.1716181524097919,9.0,0.1716181524097919,9,17,0.7702538371086121,,
1701438240821-1-36-3-3-6,Surprise,JawDrop,0.1742343679070472,16.0,0.1742343679070472,16,29,0.7342151999473572,,
1701438260890-1-36-3-13-6,Surprise,JawDrop,0.3276859223842621,19.0,0.3276859223842621,19,29,0.6125648617744446,,
1701438273279-1-36-3-19-6,Surprise,JawDrop,0.3689497532323004,5.0,0.3689497532323004,5,17,0.7984994649887085,,
1701438431051-1-36-4-3-6,Surprise,JawDrop,0.0263928174972534,6.0,0.0733877718448639,19,14,0.5867447853088379,,
1701438462590-1-36-4-21-6,Surprise,JawDrop,0.1622878089547157,11.0,0.1622878089547157,11,30,0.3890585899353027,,
1701438472819-1-36-4-27-6,Surprise,JawDrop,0.4266889244318009,23.0,0.4266889244318009,23,27,0.6295175552368164,,
1701440300059-0-37-2-8-6,Surprise,JawDrop,0.0158246606588364,11.0,0.0158246606588364,11,11,0.0486941076815128,,
1701440301773-0-37-2-9-6,Surprise,JawDrop,0.3130722939968109,19.0,0.3130722939968109,19,25,0.6791026592254639,,
1701440399382-0-37-3-3-6,Surprise,JawDrop,0.0162418633699416,7.0,0.0162418633699416,7,7,0.0490645542740821,,
1701440431245-0-37-3-19-6,Surprise,JawDrop,0.0397796332836151,16.0,0.0397796332836151,16,17,0.1297536939382553,,
1701440578409-0-37-4-3-6,Surprise,JawDrop,0.0263605117797851,2.0,0.0266271829605102,6,5,0.668236494064331,,
1701440607324-0-37-4-19-6,Surprise,JawDrop,0.0048432648181915,24.0,0.0097132027149201,11,1,0.3805137872695923,,
1701440621263-0-37-4-27-6,Surprise,JawDrop,0.0098119108006358,18.0,0.0098119108006358,18,25,0.0376796685159206,0.0217357017629811,0.0217357017629811
