reenactment_id,true_label,final_outcome,final_predicted_class,relative_step,true_class_probability,final_class_probability,BrowLowererR,BrowLowererL,LidTightenerL,NoseWrinklerL,NoseWrinklerR,OuterBrowRaiserR,UpperLidRaiserR,OuterBrowRaiserL,LipCornerPullerR,LipCornerPullerL,CheekRaiserR,LipPressorR,LipPressorL,LipFunnelerRB,LipCornerDepressorR,LipCornerDepressorL,ChinRaiserB,JawDrop
1700478995850-2-1-1-0-0,Anger,Correct,Anger,-1,0.5526141,0.5526141,0.315491259098053,0.2998585402965545,0.1518903523683548,,,,,,,,,,,,,,,
1700478995850-2-1-1-0-0,Anger,Correct,Anger,0,0.7739314,0.7739314,0.291602075099945,0.2742516100406647,0.1416930854320526,,,,,,,,,,,,,,,
1700478995850-2-1-1-0-0,Anger,Correct,Anger,1,0.85608655,0.85608655,0.2918551862239837,0.2602387368679046,0.1355373412370681,,,,,,,,,,,,,,,
1700478995850-2-1-1-0-0,Anger,Correct,Anger,2,0.89380527,0.89380527,0.2998430430889129,0.266225129365921,0.1480317264795303,,,,,,,,,,,,,,,
1700478995850-2-1-1-0-0,Anger,Correct,Anger,3,0.910399,0.910399,0.2733747065067291,0.2488753795623779,0.1387538909912109,,,,,,,,,,,,,,,
1700478995850-2-1-1-0-0,Anger,Correct,Anger,4,0.9162278,0.9162278,0.2598330974578857,0.2283833175897598,0.1333889663219452,,,,,,,,,,,,,,,
1700478995850-2-1-1-0-0,Anger,Correct,Anger,5,0.9209806,0.9209806,0.2463039457798004,0.2176356613636016,0.1218107864260673,,,,,,,,,,,,,,,
1700478995850-2-1-1-0-0,Anger,Correct,Anger,6,0.9201235,0.9201235,0.25189408659935,0.2191756665706634,0.1172172054648399,,,,,,,,,,,,,,,
1700478995850-2-1-1-0-0,Anger,Correct,Anger,7,0.9241761,0.9241761,0.2480307519435882,0.2128940820693969,0.1152577251195907,,,,,,,,,,,,,,,
1700478995850-2-1-1-0-0,Anger,Correct,Anger,8,0.91314894,0.91314894,0.2406064569950103,0.2091394662857055,0.1190651133656501,,,,,,,,,,,,,,,
1700479004312-2-1-1-3-0,Anger,Incorrect,Neutral,-1,0.35310122,0.10194064,0.0659506469964981,0.0982697531580925,0.1025214120745658,,,,,,,,,,,,,,,
1700479004312-2-1-1-3-0,Anger,Incorrect,Neutral,0,0.5106438,0.0761263,0.0178180281072855,0.024287587031722,0.0864076092839241,,,,,,,,,,,,,,,
1700479004312-2-1-1-3-0,Anger,Incorrect,Neutral,1,0.5890106,0.06831269,0.0096230134367942,0.0109558030962944,0.0723903775215148,,,,,,,,,,,,,,,
1700479004312-2-1-1-3-0,Anger,Incorrect,Neutral,2,0.6392438,0.06342628,0.0096230134367942,0.0109558030962944,0.0723903775215148,,,,,,,,,,,,,,,
1700479004312-2-1-1-3-0,Anger,Incorrect,Neutral,3,0.5954438,0.08998927,0.0033541354350745,0.0028259314130991,0.0715991929173469,,,,,,,,,,,,,,,
1700479004312-2-1-1-3-0,Anger,Incorrect,Neutral,4,0.56030214,0.117748275,0.0033541354350745,0.0028259314130991,0.0715991929173469,,,,,,,,,,,,,,,
1700479004312-2-1-1-3-0,Anger,Incorrect,Neutral,5,0.41501233,0.24408354,0.0014130205381661,0.0009454067912884,0.0602672062814235,,,,,,,,,,,,,,,
1700479004312-2-1-1-3-0,Anger,Incorrect,Neutral,6,0.24010794,0.469682,0.0009694164036773,0.0005913407658226,0.0651467069983482,,,,,,,,,,,,,,,
1700479004312-2-1-1-3-0,Anger,Incorrect,Neutral,7,0.13171688,0.65558094,0.0009694164036773,0.0005913407658226,0.0651467069983482,,,,,,,,,,,,,,,
1700479004312-2-1-1-3-0,Anger,Incorrect,Neutral,8,0.05919877,0.8028282,0.0004969069268554,0.0002616987330839,0.057899460196495,,,,,,,,,,,,,,,
1700479005401-2-1-1-4-0,Anger,Correct,Anger,-1,0.45995298,0.45995298,0.2440572679042816,0.2639271318912506,0.1244307830929756,,,,,,,,,,,,,,,
1700479005401-2-1-1-4-0,Anger,Correct,Anger,0,0.6913788,0.6913788,0.2370145469903946,0.25767782330513,0.1245772391557693,,,,,,,,,,,,,,,
1700479005401-2-1-1-4-0,Anger,Correct,Anger,1,0.8110734,0.8110734,0.2431123554706573,0.2678646743297577,0.1316279619932174,,,,,,,,,,,,,,,
1700479005401-2-1-1-4-0,Anger,Correct,Anger,2,0.86614317,0.86614317,0.2431123554706573,0.2678646743297577,0.1316279619932174,,,,,,,,,,,,,,,
1700479005401-2-1-1-4-0,Anger,Correct,Anger,3,0.89458287,0.89458287,0.2638711333274841,0.2837094664573669,0.1341790407896042,,,,,,,,,,,,,,,
1700479005401-2-1-1-4-0,Anger,Correct,Anger,4,0.902528,0.902528,0.2239681184291839,0.2538280487060547,0.1339275985956192,,,,,,,,,,,,,,,
1700479005401-2-1-1-4-0,Anger,Correct,Anger,5,0.9078676,0.9078676,0.2239681184291839,0.2538280487060547,0.1339275985956192,,,,,,,,,,,,,,,
1700479005401-2-1-1-4-0,Anger,Correct,Anger,6,0.9077983,0.9077983,0.2310294061899185,0.2588450014591217,0.1229384094476699,,,,,,,,,,,,,,,
1700479005401-2-1-1-4-0,Anger,Correct,Anger,7,0.90910274,0.90910274,0.2460322678089141,0.2623594105243683,0.1234853193163871,,,,,,,,,,,,,,,
1700479005401-2-1-1-4-0,Anger,Correct,Anger,8,0.9097944,0.9097944,0.2460322678089141,0.2623594105243683,0.1234853193163871,,,,,,,,,,,,,,,
1700479253441-2-1-3-8-0,Anger,Correct,Anger,-8,0.005451395,0.005451395,0.0014894619816914,0.004043495748192,0.0001612943015061,,,,,,,,,,,,,,,
1700479253441-2-1-3-8-0,Anger,Correct,Anger,-7,0.006549127,0.006549127,0.0406917743384838,0.0632795095443725,0.0002835480845533,,,,,,,,,,,,,,,
1700479253441-2-1-3-8-0,Anger,Correct,Anger,-6,0.008501189,0.008501189,0.1119901612401008,0.1385781913995742,0.0108274612575769,,,,,,,,,,,,,,,
1700479253441-2-1-3-8-0,Anger,Correct,Anger,-5,0.01046599,0.01046599,0.1852187812328338,0.2009342014789581,0.0146897016093134,,,,,,,,,,,,,,,
1700479253441-2-1-3-8-0,Anger,Correct,Anger,-4,0.014246175,0.014246175,0.2326324880123138,0.2366638332605362,0.0162226501852273,,,,,,,,,,,,,,,
1700479253441-2-1-3-8-0,Anger,Correct,Anger,-3,0.021643605,0.021643605,0.2489346712827682,0.2369306236505508,0.0168767794966697,,,,,,,,,,,,,,,
1700479253441-2-1-3-8-0,Anger,Correct,Anger,-2,0.050357,0.050357,0.2264575511217117,0.2217733263969421,0.0084301978349685,,,,,,,,,,,,,,,
1700479253441-2-1-3-8-0,Anger,Correct,Anger,-1,0.22370152,0.22370152,0.2335308343172073,0.2411927729845047,0.0216969922184944,,,,,,,,,,,,,,,
1700479253441-2-1-3-8-0,Anger,Correct,Anger,0,0.7054515,0.7054515,0.2667168378829956,0.2575836181640625,0.0197932198643684,,,,,,,,,,,,,,,
1700479253441-2-1-3-8-0,Anger,Correct,Anger,1,0.8599501,0.8599501,0.2636838853359222,0.2580057680606842,0.0188003536313772,,,,,,,,,,,,,,,
1700479253441-2-1-3-8-0,Anger,Correct,Anger,2,0.8976615,0.8976615,0.2855522930622101,0.284570038318634,0.024775056168437,,,,,,,,,,,,,,,
1700479253441-2-1-3-8-0,Anger,Correct,Anger,3,0.90711856,0.90711856,0.2887169420719147,0.2856488227844238,0.0223130136728286,,,,,,,,,,,,,,,
1700479253441-2-1-3-8-0,Anger,Correct,Anger,4,0.9201315,0.9201315,0.2963399589061737,0.2862080931663513,0.0207160580903291,,,,,,,,,,,,,,,
1700479253441-2-1-3-8-0,Anger,Correct,Anger,5,0.92251664,0.92251664,0.3001813888549804,0.2959073185920715,0.0196662005037069,,,,,,,,,,,,,,,
1700479253441-2-1-3-8-0,Anger,Correct,Anger,6,0.9280789,0.9280789,0.2928102016448974,0.2894477844238281,0.0189681537449359,,,,,,,,,,,,,,,
1700479253441-2-1-3-8-0,Anger,Correct,Anger,7,0.9284955,0.9284955,0.297600507736206,0.2850651741027832,0.0244340561330318,,,,,,,,,,,,,,,
1700479253441-2-1-3-8-0,Anger,Correct,Anger,8,0.9272871,0.9272871,0.3088399171829223,0.3131978511810303,0.0267206095159053,,,,,,,,,,,,,,,
1700479258342-2-1-3-10-0,Anger,Incorrect,Neutral,-8,0.0014128545,0.76011527,3.2780815672595054e-05,4.668612291425234e-06,0.0906481593847274,,,,,,,,,,,,,,,
1700479258342-2-1-3-10-0,Anger,Incorrect,Neutral,-7,0.0016205698,0.80109245,2.707995008677244e-05,3.849372660624795e-06,0.1061640083789825,,,,,,,,,,,,,,,
1700479258342-2-1-3-10-0,Anger,Incorrect,Neutral,-6,0.0018887907,0.8345925,2.2374035324901342e-05,3.1754354949953267e-06,0.1024024188518524,,,,,,,,,,,,,,,
1700479258342-2-1-3-10-0,Anger,Incorrect,Neutral,-5,0.002342662,0.8625129,1.848831379902549e-05,2.6205432277492946e-06,0.1001913845539093,,,,,,,,,,,,,,,
1700479258342-2-1-3-10-0,Anger,Incorrect,Neutral,-4,0.0030253422,0.8838332,1.5278992577805184e-05,2.163323642889736e-06,0.1086508631706237,,,,,,,,,,,,,,,
1700479258342-2-1-3-10-0,Anger,Incorrect,Neutral,-3,0.0038921388,0.89814943,1.2627850992430467e-05,1.7863634411696694e-06,0.1045898497104644,,,,,,,,,,,,,,,
1700479258342-2-1-3-10-0,Anger,Incorrect,Neutral,-2,0.004941757,0.90378404,1.0437490345793776e-05,1.4754242556591637e-06,0.1019391566514968,,,,,,,,,,,,,,,
1700479258342-2-1-3-10-0,Anger,Incorrect,Neutral,-1,0.006158107,0.9046485,8.627524039184209e-06,1.218828970195318e-06,0.100187249481678,,,,,,,,,,,,,,,
1700479258342-2-1-3-10-0,Anger,Incorrect,Neutral,0,0.007823257,0.90418774,7.1318077061732765e-06,1.007019136523013e-06,0.0990171581506729,,,,,,,,,,,,,,,
1700479258342-2-1-3-10-0,Anger,Incorrect,Neutral,1,0.009426332,0.90378207,5.8956266002496704e-06,8.321227369378903e-07,0.0982286557555198,,,,,,,,,,,,,,,
1700479258342-2-1-3-10-0,Anger,Incorrect,Neutral,2,0.010655639,0.9025084,4.873877060163068e-06,6.876739462313708e-07,0.1075539290904998,,,,,,,,,,,,,,,
1700479258342-2-1-3-10-0,Anger,Incorrect,Neutral,3,0.010297336,0.91100365,4.029312549391761e-06,5.683494350705587e-07,0.0943293645977974,,,,,,,,,,,,,,,
1700479424021-2-1-4-7-0,Anger,Correct,Anger,-8,0.012876576,0.012876576,0.0420196391642093,5.779732210721862e-18,0.0639437735080719,,,,,,,,,,,,,,,
1700479424021-2-1-4-7-0,Anger,Correct,Anger,-7,0.0093600955,0.0093600955,0.0743112415075302,4.778854422880662e-18,0.0585980750620365,,,,,,,,,,,,,,,
1700479424021-2-1-4-7-0,Anger,Correct,Anger,-6,0.007465719,0.007465719,0.2388902753591537,0.1833627074956894,0.0722727850079536,,,,,,,,,,,,,,,
1700479424021-2-1-4-7-0,Anger,Correct,Anger,-5,0.006055102,0.006055102,0.2388902753591537,0.1833627074956894,0.0722727850079536,,,,,,,,,,,,,,,
1700479424021-2-1-4-7-0,Anger,Correct,Anger,-4,0.005414357,0.005414357,0.2696997225284576,0.2168456763029098,0.0697458311915397,,,,,,,,,,,,,,,
1700479424021-2-1-4-7-0,Anger,Correct,Anger,-3,0.0067275856,0.0067275856,0.3353115618228912,0.2776901423931122,0.0688683912158012,,,,,,,,,,,,,,,
1700479424021-2-1-4-7-0,Anger,Correct,Anger,-2,0.030456534,0.030456534,0.3376529514789581,0.2969172596931457,0.0467447005212307,,,,,,,,,,,,,,,
1700479424021-2-1-4-7-0,Anger,Correct,Anger,-1,0.2911283,0.2911283,0.3484768867492676,0.3266516327857971,0.0418159402906894,,,,,,,,,,,,,,,
1700479424021-2-1-4-7-0,Anger,Correct,Anger,0,0.8111733,0.8111733,0.3696171939373016,0.3459590673446655,0.0500897392630577,,,,,,,,,,,,,,,
1700479424021-2-1-4-7-0,Anger,Correct,Anger,1,0.9408772,0.9408772,0.3597998321056366,0.315106600522995,0.03261324390769,,,,,,,,,,,,,,,
1700479424021-2-1-4-7-0,Anger,Correct,Anger,2,0.9602285,0.9602285,0.3597998321056366,0.315106600522995,0.03261324390769,,,,,,,,,,,,,,,
1700479424021-2-1-4-7-0,Anger,Correct,Anger,3,0.9709173,0.9709173,0.3489947617053985,0.3122907280921936,0.0406921431422233,,,,,,,,,,,,,,,
1700479424021-2-1-4-7-0,Anger,Correct,Anger,4,0.9706551,0.9706551,0.356745034456253,0.3041559755802154,0.0401665829122066,,,,,,,,,,,,,,,
1700479424021-2-1-4-7-0,Anger,Correct,Anger,5,0.9684945,0.9684945,0.356745034456253,0.3041559755802154,0.0401665829122066,,,,,,,,,,,,,,,
1700479424021-2-1-4-7-0,Anger,Correct,Anger,6,0.9655614,0.9655614,0.3608284294605255,0.3056271374225616,0.0478546880185604,,,,,,,,,,,,,,,
1700567688235-2-8-1-0-0,Anger,Incorrect,Disgust,-8,0.0038785625,0.9952987,0.2215769588947296,0.2276095598936081,0.3550150096416473,,,,,,,,,,,,,,,
1700567688235-2-8-1-0-0,Anger,Incorrect,Disgust,-7,0.0038895921,0.9952903,0.2220426052808761,0.2309921383857727,0.3555743098258972,,,,,,,,,,,,,,,
1700567688235-2-8-1-0-0,Anger,Incorrect,Disgust,-6,0.0039546774,0.9952271,0.2224070131778717,0.2297127246856689,0.3518900275230407,,,,,,,,,,,,,,,
1700567688235-2-8-1-0-0,Anger,Incorrect,Disgust,-5,0.0038873944,0.99530727,0.2272838652133941,0.2323982715606689,0.3495408594608307,,,,,,,,,,,,,,,
1700567688235-2-8-1-0-0,Anger,Incorrect,Disgust,-4,0.0038965174,0.9953134,0.2306401133537292,0.2378620356321334,0.3480188250541687,,,,,,,,,,,,,,,
1700567688235-2-8-1-0-0,Anger,Incorrect,Disgust,-3,0.003925833,0.99528766,0.2293665558099746,0.231207326054573,0.3653242588043213,,,,,,,,,,,,,,,
1700567688235-2-8-1-0-0,Anger,Incorrect,Disgust,-2,0.0039508967,0.99526656,0.2320721894502639,0.2333669960498809,0.3701383173465729,,,,,,,,,,,,,,,
1700567688235-2-8-1-0-0,Anger,Incorrect,Disgust,-1,0.003951385,0.9952814,0.2304442226886749,0.2349498867988586,0.3716241121292114,,,,,,,,,,,,,,,
1700567688235-2-8-1-0-0,Anger,Incorrect,Disgust,0,0.004216763,0.99500763,0.2260724157094955,0.2325496226549148,0.3464725911617279,,,,,,,,,,,,,,,
1700567688235-2-8-1-0-0,Anger,Incorrect,Disgust,1,0.0042552813,0.99499184,0.2256810069084167,0.2307344824075698,0.3732044696807861,,,,,,,,,,,,,,,
1700567695958-2-8-1-3-0,Anger,Incorrect,Disgust,-8,0.00091678416,0.0020194696,6.433420463025641e-11,6.492395510093729e-11,0.0571547895669937,,,,,,,,,,,,,,,
1700567695958-2-8-1-3-0,Anger,Incorrect,Disgust,-7,0.0008856119,0.0020021494,0.003689752658829,0.003689752658829,0.0545501224696636,,,,,,,,,,,,,,,
1700567695958-2-8-1-3-0,Anger,Incorrect,Disgust,-6,0.00091599417,0.0020992768,0.0029987676534801,0.0029987676534801,0.0540629215538501,,,,,,,,,,,,,,,
1700567695958-2-8-1-3-0,Anger,Incorrect,Disgust,-5,0.0009570408,0.0022112816,0.0024443741422146,0.0024443741422146,0.0537872947752475,,,,,,,,,,,,,,,
1700567695958-2-8-1-3-0,Anger,Incorrect,Disgust,-4,0.0009938118,0.0023341742,0.0054251104593276,0.0054251104593276,0.0536262355744838,,,,,,,,,,,,,,,
1700567695958-2-8-1-3-0,Anger,Incorrect,Disgust,-3,0.0013391945,0.0031123133,0.0397890396416187,0.0236247796565294,0.1088484153151512,,,,,,,,,,,,,,,
1700567695958-2-8-1-3-0,Anger,Incorrect,Disgust,-2,0.0025700692,0.0068449937,0.1203624531626701,0.0934246927499771,0.1417150050401687,,,,,,,,,,,,,,,
1700567695958-2-8-1-3-0,Anger,Incorrect,Disgust,-1,0.013820048,0.05409815,0.2281405329704284,0.1893582940101623,0.2064320594072342,,,,,,,,,,,,,,,
1700567695958-2-8-1-3-0,Anger,Incorrect,Disgust,0,0.06439169,0.4899667,0.2607298195362091,0.228258416056633,0.2737501561641693,,,,,,,,,,,,,,,
1700567695958-2-8-1-3-0,Anger,Incorrect,Disgust,1,0.04359512,0.9002872,0.271697074174881,0.2524274289608001,0.2536783516407013,,,,,,,,,,,,,,,
1700567695958-2-8-1-3-0,Anger,Incorrect,Disgust,2,0.020833777,0.9655717,0.2612329125404358,0.246131345629692,0.3021471500396728,,,,,,,,,,,,,,,
1700567695958-2-8-1-3-0,Anger,Incorrect,Disgust,3,0.0128373755,0.9805722,0.2770731151103973,0.2644231617450714,0.316072016954422,,,,,,,,,,,,,,,
1700567695958-2-8-1-3-0,Anger,Incorrect,Disgust,4,0.010002665,0.98525673,0.2779832184314728,0.2661636471748352,0.332267701625824,,,,,,,,,,,,,,,
1700567695958-2-8-1-3-0,Anger,Incorrect,Disgust,5,0.008885339,0.9871144,0.2651300728321075,0.2562139630317688,0.3193138539791107,,,,,,,,,,,,,,,
1700567695958-2-8-1-3-0,Anger,Incorrect,Disgust,6,0.008094626,0.9883266,0.2602301239967346,0.2543303966522217,0.3177140653133392,,,,,,,,,,,,,,,
1700567695958-2-8-1-3-0,Anger,Incorrect,Disgust,7,0.007755227,0.98889285,0.2573083937168121,0.2532718777656555,0.317484587430954,,,,,,,,,,,,,,,
1700567695958-2-8-1-3-0,Anger,Incorrect,Disgust,8,0.007597601,0.9891164,0.2512427270412445,0.2467786520719528,0.3128813803195953,,,,,,,,,,,,,,,
1700567698824-2-8-1-4-0,Anger,Incorrect,Disgust,-8,0.0007122004,0.0033912985,9.137269807979465e-05,9.919908188749103e-05,0.0171481333673,,,,,,,,,,,,,,,
1700567698824-2-8-1-4-0,Anger,Incorrect,Disgust,-7,0.000577604,0.0029161861,7.540240039816126e-05,8.181383600458503e-05,0.0172918830066919,,,,,,,,,,,,,,,
1700567698824-2-8-1-4-0,Anger,Incorrect,Disgust,-6,0.00048491426,0.0026105172,6.224448588909581e-05,6.750501052010804e-05,0.0076935705728828,,,,,,,,,,,,,,,
1700567698824-2-8-1-4-0,Anger,Incorrect,Disgust,-5,0.00042120708,0.0023944627,5.1396884373389184e-05,5.5718723160680383e-05,0.0208190344274044,,,,,,,,,,,,,,,
1700567698824-2-8-1-4-0,Anger,Incorrect,Disgust,-4,0.00038848305,0.0022768013,4.2449202737770975e-05,4.600368993123993e-05,0.0860347747802734,,,,,,,,,,,,,,,
1700567698824-2-8-1-4-0,Anger,Incorrect,Disgust,-3,0.00064919627,0.004301238,0.0449737086892128,0.0449677258729934,0.261513739824295,,,,,,,,,,,,,,,
1700567698824-2-8-1-4-0,Anger,Incorrect,Disgust,-2,0.001869385,0.015645975,0.1532742232084274,0.1312072724103927,0.3137119710445404,,,,,,,,,,,,,,,
1700567698824-2-8-1-4-0,Anger,Incorrect,Disgust,-1,0.0049915845,0.07641322,0.1820395588874817,0.1623588949441909,0.3646720647811889,,,,,,,,,,,,,,,
1700567698824-2-8-1-4-0,Anger,Incorrect,Disgust,0,0.009760667,0.33678797,0.1996216624975204,0.1916567385196685,0.367272138595581,,,,,,,,,,,,,,,
1700567698824-2-8-1-4-0,Anger,Incorrect,Disgust,1,0.008703185,0.6383407,0.2129707336425781,0.2031420767307281,0.3674298524856567,,,,,,,,,,,,,,,
1700567698824-2-8-1-4-0,Anger,Incorrect,Disgust,2,0.006917841,0.7899496,0.2129396051168441,0.2025490850210189,0.3571991324424743,,,,,,,,,,,,,,,
1700567698824-2-8-1-4-0,Anger,Incorrect,Disgust,3,0.0054068402,0.85847646,0.2082591652870178,0.2022630870342254,0.3230125606060028,,,,,,,,,,,,,,,
1700567698824-2-8-1-4-0,Anger,Incorrect,Disgust,4,0.0034749634,0.8705991,0.2102281153202057,0.2069417089223861,0.2982653677463531,,,,,,,,,,,,,,,
1700567698824-2-8-1-4-0,Anger,Incorrect,Disgust,5,0.0026160525,0.87464607,0.21127749979496,0.2093662917613983,0.2915443480014801,,,,,,,,,,,,,,,
1700567698824-2-8-1-4-0,Anger,Incorrect,Disgust,6,0.0029924484,0.9130513,0.2082419693470001,0.2068372070789337,0.321485310792923,,,,,,,,,,,,,,,
1700567698824-2-8-1-4-0,Anger,Incorrect,Disgust,7,0.0031225241,0.9370848,0.2063290923833847,0.2089908570051193,0.3266189992427826,,,,,,,,,,,,,,,
1700567698824-2-8-1-4-0,Anger,Incorrect,Disgust,8,0.0029108627,0.95289993,0.2084728479385376,0.222096636891365,0.3616946041584015,,,,,,,,,,,,,,,
1700567906760-2-8-3-2-0,Anger,Incorrect,Disgust,-8,0.0008995472,0.9498702,0.2621262371540069,0.2605105936527252,0.4026906490325928,,,,,,,,,,,,,,,
1700567906760-2-8-3-2-0,Anger,Incorrect,Disgust,-7,0.0009218633,0.94472647,0.2633044421672821,0.2620757222175598,0.3925000727176666,,,,,,,,,,,,,,,
1700567906760-2-8-3-2-0,Anger,Incorrect,Disgust,-6,0.0009265449,0.94013214,0.2642198801040649,0.2560456693172455,0.3650059700012207,,,,,,,,,,,,,,,
1700567906760-2-8-3-2-0,Anger,Incorrect,Disgust,-5,0.0009232054,0.93804616,0.2678725719451904,0.2623210549354553,0.3585850894451141,,,,,,,,,,,,,,,
1700567906760-2-8-3-2-0,Anger,Incorrect,Disgust,-4,0.000865088,0.9361476,0.2704850733280182,0.2666146159172058,0.3638378381729126,,,,,,,,,,,,,,,
1700567906760-2-8-3-2-0,Anger,Incorrect,Disgust,-3,0.00084768515,0.9403952,0.2534688413143158,0.2515823245048523,0.2816748023033142,,,,,,,,,,,,,,,
1700567906760-2-8-3-2-0,Anger,Incorrect,Disgust,-2,0.0008577603,0.9475361,0.23822583258152,0.2317406833171844,0.2366923838853836,,,,,,,,,,,,,,,
1700567906760-2-8-3-2-0,Anger,Incorrect,Disgust,-1,0.00087515585,0.9407309,0.1711131930351257,0.1885831356048584,0.2223265171051025,,,,,,,,,,,,,,,
1700567906760-2-8-3-2-0,Anger,Incorrect,Disgust,0,0.0013464035,0.9394524,0.0555004104971885,0.0610148794949054,0.1953604966402053,,,,,,,,,,,,,,,
1700567918385-2-8-3-8-0,Anger,Incorrect,Disgust,-8,0.0069576683,0.017326707,4.6534012199117576e-08,1.7590946299606008e-07,0.0491484887897968,,,,,,,,,,,,,,,
1700567918385-2-8-3-8-0,Anger,Incorrect,Disgust,-7,0.0027759694,0.008877187,3.68938088968207e-08,0.0031820395961403,0.0530593208968639,,,,,,,,,,,,,,,
1700567918385-2-8-3-8-0,Anger,Incorrect,Disgust,-6,0.0012133318,0.0050253854,2.9460455408525377e-08,0.0024892545770853,0.0461317785084247,,,,,,,,,,,,,,,
1700567918385-2-8-3-8-0,Anger,Incorrect,Disgust,-5,0.0006869816,0.0034330348,2.366491003158444e-08,0.0019656247459352,0.0860418751835823,,,,,,,,,,,,,,,
1700567918385-2-8-3-8-0,Anger,Incorrect,Disgust,-4,0.0005762031,0.0031533723,0.0072684357874095,0.008459223434329,0.1718599796295166,,,,,,,,,,,,,,,
1700567918385-2-8-3-8-0,Anger,Incorrect,Disgust,-3,0.0009986227,0.006595893,0.1094116643071174,0.0962045043706893,0.2648785412311554,,,,,,,,,,,,,,,
1700567918385-2-8-3-8-0,Anger,Incorrect,Disgust,-2,0.0034762183,0.026368273,0.2580567002296448,0.2127144783735275,0.2973404824733734,,,,,,,,,,,,,,,
1700567918385-2-8-3-8-0,Anger,Incorrect,Disgust,-1,0.015978863,0.19693139,0.2788682579994201,0.2558633983135223,0.2739692628383636,,,,,,,,,,,,,,,
1700567918385-2-8-3-8-0,Anger,Incorrect,Disgust,0,0.03010484,0.67793465,0.2856618762016296,0.2630864083766937,0.3237302303314209,,,,,,,,,,,,,,,
1700567918385-2-8-3-8-0,Anger,Incorrect,Disgust,1,0.02567813,0.889679,0.3051068484783172,0.2722167372703552,0.3275442719459533,,,,,,,,,,,,,,,
1700567918385-2-8-3-8-0,Anger,Incorrect,Disgust,2,0.021768168,0.94697344,0.3121682703495025,0.2820613980293274,0.327888935804367,,,,,,,,,,,,,,,
1700567918385-2-8-3-8-0,Anger,Incorrect,Disgust,3,0.018146098,0.96735215,0.3149801790714264,0.2805087566375732,0.3279255032539367,,,,,,,,,,,,,,,
1700567918385-2-8-3-8-0,Anger,Incorrect,Disgust,4,0.017172007,0.97345114,0.2954443991184234,0.2665659189224243,0.3185347020626068,,,,,,,,,,,,,,,
1700567918385-2-8-3-8-0,Anger,Incorrect,Disgust,5,0.014658602,0.9788346,0.267786830663681,0.2437611520290374,0.2978939712047577,,,,,,,,,,,,,,,
1700567918385-2-8-3-8-0,Anger,Incorrect,Disgust,6,0.00992698,0.98565316,0.2209578901529312,0.2222625166177749,0.2992143034934997,,,,,,,,,,,,,,,
1700567918385-2-8-3-8-0,Anger,Incorrect,Disgust,7,0.005477873,0.99055964,0.1961083710193634,0.2084010243415832,0.312751442193985,,,,,,,,,,,,,,,
1700567918385-2-8-3-8-0,Anger,Incorrect,Disgust,8,0.0028987254,0.98991334,0.1821730136871338,0.2033200114965438,0.3344477117061615,,,,,,,,,,,,,,,
1700567922812-2-8-3-10-0,Anger,Incorrect,Disgust,-8,0.017011343,0.9784153,0.2457606047391891,0.2263485342264175,0.3559349477291107,,,,,,,,,,,,,,,
1700567922812-2-8-3-10-0,Anger,Incorrect,Disgust,-7,0.013046709,0.9825555,0.2312952280044555,0.2182231843471527,0.3816335797309875,,,,,,,,,,,,,,,
1700567922812-2-8-3-10-0,Anger,Incorrect,Disgust,-6,0.010281396,0.9853677,0.2207889556884765,0.2089673578739166,0.3693037033081054,,,,,,,,,,,,,,,
1700567922812-2-8-3-10-0,Anger,Incorrect,Disgust,-5,0.009111919,0.98651683,0.2082219868898391,0.201885238289833,0.3584400117397308,,,,,,,,,,,,,,,
1700567922812-2-8-3-10-0,Anger,Incorrect,Disgust,-4,0.008198271,0.9874291,0.199574276804924,0.1984896808862686,0.3658899366855621,,,,,,,,,,,,,,,
1700567922812-2-8-3-10-0,Anger,Incorrect,Disgust,-3,0.007825443,0.9877039,0.2001431733369827,0.1958653926849365,0.3584485352039337,,,,,,,,,,,,,,,
1700567922812-2-8-3-10-0,Anger,Incorrect,Disgust,-2,0.007346212,0.988221,0.2037456333637237,0.201298788189888,0.3798660635948181,,,,,,,,,,,,,,,
1700567922812-2-8-3-10-0,Anger,Incorrect,Disgust,-1,0.0072375196,0.9882036,0.2033522427082061,0.2014501094818115,0.3834736943244934,,,,,,,,,,,,,,,
1700567922812-2-8-3-10-0,Anger,Incorrect,Disgust,0,0.0073148413,0.98781455,0.2030526101589203,0.1983271688222885,0.3660064339637756,,,,,,,,,,,,,,,
1700567922812-2-8-3-10-0,Anger,Incorrect,Disgust,1,0.0073602083,0.98787874,0.1989616751670837,0.1958586722612381,0.3320272266864776,,,,,,,,,,,,,,,
1700567922812-2-8-3-10-0,Anger,Incorrect,Disgust,2,0.007340018,0.9882229,0.199583351612091,0.1938931196928024,0.3345370590686798,,,,,,,,,,,,,,,
1700567922812-2-8-3-10-0,Anger,Incorrect,Disgust,3,0.0070731156,0.98858905,0.1963455379009246,0.1826846301555633,0.322772741317749,,,,,,,,,,,,,,,
1700567922812-2-8-3-10-0,Anger,Incorrect,Disgust,4,0.0055868803,0.9897634,0.1939454078674316,0.1808949559926986,0.3189474642276764,,,,,,,,,,,,,,,
1700567922812-2-8-3-10-0,Anger,Incorrect,Disgust,5,0.0044984086,0.98953956,0.1921365857124328,0.1817804723978042,0.3224729299545288,,,,,,,,,,,,,,,
1700567922812-2-8-3-10-0,Anger,Incorrect,Disgust,6,0.0034177934,0.9890393,0.1907537132501602,0.1824775785207748,0.3457169234752655,,,,,,,,,,,,,,,
1700567922812-2-8-3-10-0,Anger,Incorrect,Disgust,7,0.0027848727,0.9888742,0.1933516710996627,0.1877059787511825,0.3615902662277221,,,,,,,,,,,,,,,
1700567922812-2-8-3-10-0,Anger,Incorrect,Disgust,8,0.002327309,0.9889536,0.1916800737380981,0.1913143247365951,0.3793267607688904,,,,,,,,,,,,,,,
1700568088202-2-8-4-7-0,Anger,Incorrect,Disgust,-5,0.081136376,0.078979574,0.0002092000067932,0.0001499641657574,3.489341906970367e-05,,,,,,,,,,,,,,,
1700568088202-2-8-4-7-0,Anger,Incorrect,Disgust,-4,0.041719906,0.040563166,0.0001726399350445,0.0001238261902472,2.326385765627492e-05,,,,,,,,,,,,,,,
1700568088202-2-8-4-7-0,Anger,Incorrect,Disgust,-3,0.020247683,0.020223225,0.0001726399350445,0.0001238261902472,2.326385765627492e-05,,,,,,,,,,,,,,,
1700568088202-2-8-4-7-0,Anger,Incorrect,Disgust,-2,0.010252695,0.010992661,0.0001425166847184,0.0001022680444293,1.5656760297133587e-05,,,,,,,,,,,,,,,
1700568088202-2-8-4-7-0,Anger,Incorrect,Disgust,-1,0.014293577,0.023073526,0.0647305399179458,0.0658934712409973,0.182241678237915,,,,,,,,,,,,,,,
1700568088202-2-8-4-7-0,Anger,Incorrect,Disgust,0,0.047813818,0.18124172,0.1595498472452163,0.1509683281183242,0.2664288580417633,,,,,,,,,,,,,,,
1700568088202-2-8-4-7-0,Anger,Incorrect,Disgust,1,0.06971789,0.70283073,0.1595498472452163,0.1509683281183242,0.2664288580417633,,,,,,,,,,,,,,,
1700568088202-2-8-4-7-0,Anger,Incorrect,Disgust,2,0.028241877,0.9292405,0.2209377437829971,0.2195867300033569,0.352375864982605,,,,,,,,,,,,,,,
1700568088202-2-8-4-7-0,Anger,Incorrect,Disgust,3,0.013953047,0.9722792,0.2209377437829971,0.2195867300033569,0.352375864982605,,,,,,,,,,,,,,,
1700568088202-2-8-4-7-0,Anger,Incorrect,Disgust,4,0.0071956185,0.98644453,0.2232123017311096,0.2316789031028747,0.328092485666275,,,,,,,,,,,,,,,
1700568088202-2-8-4-7-0,Anger,Incorrect,Disgust,5,0.004492835,0.9909225,0.2187614887952804,0.2237103283405304,0.3381490111351013,,,,,,,,,,,,,,,
1700568088202-2-8-4-7-0,Anger,Incorrect,Disgust,6,0.0035172466,0.9923552,0.2187614887952804,0.2237103283405304,0.3381490111351013,,,,,,,,,,,,,,,
1700568088202-2-8-4-7-0,Anger,Incorrect,Disgust,7,0.0027348243,0.9926041,0.212606593966484,0.2159150689840316,0.3390986919403076,,,,,,,,,,,,,,,
1700568088202-2-8-4-7-0,Anger,Incorrect,Disgust,8,0.00245554,0.99189854,0.212719440460205,0.2148035615682602,0.3295841813087463,,,,,,,,,,,,,,,
1700568092978-2-8-4-10-0,Anger,Incorrect,Disgust,-8,0.0033146737,0.0051069222,0.0083381859585642,0.0058148796670138,0.0108685567975044,,,,,,,,,,,,,,,
1700568092978-2-8-4-10-0,Anger,Incorrect,Disgust,-7,0.002676999,0.004414612,0.0065521243959665,0.0046302317641675,0.0147469174116849,,,,,,,,,,,,,,,
1700568092978-2-8-4-10-0,Anger,Incorrect,Disgust,-6,0.0020304127,0.0036443155,0.0083591705188155,0.0069414610043168,0.008476123213768,,,,,,,,,,,,,,,
1700568092978-2-8-4-10-0,Anger,Incorrect,Disgust,-5,0.0015104874,0.0029172408,0.0129543375223875,0.0086612785235047,0.0135821681469678,,,,,,,,,,,,,,,
1700568092978-2-8-4-10-0,Anger,Incorrect,Disgust,-4,0.0012010046,0.0024346742,0.022294295951724,0.013173284009099,0.0330032780766487,,,,,,,,,,,,,,,
1700568092978-2-8-4-10-0,Anger,Incorrect,Disgust,-3,0.0012771484,0.0026413838,0.0471167340874671,0.0332403741776943,0.1423661708831787,,,,,,,,,,,,,,,
1700568092978-2-8-4-10-0,Anger,Incorrect,Disgust,-2,0.002312405,0.005170448,0.0934793725609779,0.0767015516757965,0.1621400117874145,,,,,,,,,,,,,,,
1700568092978-2-8-4-10-0,Anger,Incorrect,Disgust,-1,0.0063555012,0.01803227,0.1205787137150764,0.1064833030104637,0.1792807877063751,,,,,,,,,,,,,,,
1700568092978-2-8-4-10-0,Anger,Incorrect,Disgust,0,0.02736663,0.1515319,0.1559648215770721,0.1623521000146865,0.2544772922992706,,,,,,,,,,,,,,,
1700568092978-2-8-4-10-0,Anger,Incorrect,Disgust,1,0.045415882,0.6025364,0.1709016263484954,0.1742627620697021,0.2597180306911468,,,,,,,,,,,,,,,
1700568092978-2-8-4-10-0,Anger,Incorrect,Disgust,2,0.027244024,0.87568116,0.1865777820348739,0.1884550154209137,0.2860506176948547,,,,,,,,,,,,,,,
1700568092978-2-8-4-10-0,Anger,Incorrect,Disgust,3,0.0155126685,0.9521835,0.1937602013349533,0.1948580890893936,0.2633239924907684,,,,,,,,,,,,,,,
1700568092978-2-8-4-10-0,Anger,Incorrect,Disgust,4,0.011021878,0.9725716,0.190526008605957,0.1911213994026184,0.2704502046108246,,,,,,,,,,,,,,,
1700568092978-2-8-4-10-0,Anger,Incorrect,Disgust,5,0.008315286,0.98197144,0.188690111041069,0.1890295594930648,0.2861616313457489,,,,,,,,,,,,,,,
1700568092978-2-8-4-10-0,Anger,Incorrect,Disgust,6,0.006741959,0.98676574,0.1875967532396316,0.1877991259098053,0.2740932404994964,,,,,,,,,,,,,,,
1700568092978-2-8-4-10-0,Anger,Incorrect,Disgust,7,0.0059134183,0.9891418,0.1841178238391876,0.1870427578687667,0.2720180749893188,,,,,,,,,,,,,,,
1700568092978-2-8-4-10-0,Anger,Incorrect,Disgust,8,0.005451713,0.990493,0.1844979971647262,0.18655925989151,0.2716097831726074,,,,,,,,,,,,,,,
1700568100175-2-8-4-14-0,Anger,Incorrect,Fear,-8,0.0014205865,0.574685,7.012556646479593e-10,8.156300634887257e-10,2.67776499640604e-07,,,,,,,,,,,,,,,
1700568100175-2-8-4-14-0,Anger,Incorrect,Fear,-7,0.0010725306,0.76293725,5.798169167015033e-10,6.743847147383517e-10,1.86869712592852e-07,,,,,,,,,,,,,,,
1700568100175-2-8-4-14-0,Anger,Incorrect,Fear,-6,0.0007191656,0.86096215,4.794098451554871e-10,5.576013539787539e-10,1.3063132087154372e-07,,,,,,,,,,,,,,,
1700568100175-2-8-4-14-0,Anger,Incorrect,Fear,-5,0.0004904386,0.9023357,3.9638864413049646e-10,4.610394288562247e-10,0.0204189661890268,,,,,,,,,,,,,,,
1700568100175-2-8-4-14-0,Anger,Incorrect,Fear,-4,0.00038592156,0.911202,0.0036898106336593,0.0076520750299096,0.1251928210258484,,,,,,,,,,,,,,,
1700568100175-2-8-4-14-0,Anger,Incorrect,Fear,-3,0.00037888653,0.90936506,0.0036898106336593,0.0076520750299096,0.1251928210258484,,,,,,,,,,,,,,,
1700568100175-2-8-4-14-0,Anger,Incorrect,Fear,-2,0.00078626897,0.8785442,0.0578804314136505,0.0922001898288726,0.2964730560779571,,,,,,,,,,,,,,,
1700568100175-2-8-4-14-0,Anger,Incorrect,Fear,-1,0.0013939028,0.8583351,0.0814376026391983,0.114116720855236,0.3154029250144958,,,,,,,,,,,,,,,
1700568100175-2-8-4-14-0,Anger,Incorrect,Fear,0,0.0023928985,0.7763202,0.1084390804171562,0.1365207284688949,0.353683739900589,,,,,,,,,,,,,,,
1700568100175-2-8-4-14-0,Anger,Incorrect,Fear,1,0.0022584915,0.7116639,0.1130004376173019,0.1411705017089843,0.3559755086898803,,,,,,,,,,,,,,,
1700568100175-2-8-4-14-0,Anger,Incorrect,Fear,2,0.0020426828,0.64348704,0.1154600009322166,0.1435418426990509,0.3823065161705017,,,,,,,,,,,,,,,
1700568100175-2-8-4-14-0,Anger,Incorrect,Fear,3,0.0019188869,0.56870145,0.1292274743318557,0.1576886475086212,0.4103693068027496,,,,,,,,,,,,,,,
1700568100175-2-8-4-14-0,Anger,Incorrect,Fear,4,0.0016800606,0.5203801,0.1363808661699295,0.1577647030353546,0.3871158361434936,,,,,,,,,,,,,,,
1700568114265-2-8-4-22-0,Anger,Incorrect,Disgust,-8,0.0004381776,0.0027132584,2.359557644757149e-12,0.0004984638653695,1.6902716879485524e-06,,,,,,,,,,,,,,,
1700568114265-2-8-4-22-0,Anger,Incorrect,Disgust,-7,0.00040966165,0.0026008072,1.950922062787797e-12,0.0004105999250896,1.1903168797289254e-06,,,,,,,,,,,,,,,
1700568114265-2-8-4-22-0,Anger,Incorrect,Disgust,-6,0.0003645016,0.002422799,1.6130592955104772e-12,0.000338443351211,8.383569252146117e-07,,,,,,,,,,,,,,,
1700568114265-2-8-4-22-0,Anger,Incorrect,Disgust,-5,0.00023230384,0.002128238,1.1027445233000033e-12,0.0002302930515725,0.0737846791744232,,,,,,,,,,,,,,,
1700568114265-2-8-4-22-0,Anger,Incorrect,Disgust,-4,0.00028129906,0.003630154,0.0076519264839589,0.0077871205285191,0.1458747088909149,,,,,,,,,,,,,,,
1700568114265-2-8-4-22-0,Anger,Incorrect,Disgust,-3,0.0004999119,0.00982007,0.0249410066753625,0.0310125760734081,0.1993297934532165,,,,,,,,,,,,,,,
1700568114265-2-8-4-22-0,Anger,Incorrect,Disgust,-2,0.0010259708,0.031140514,0.0491593144834041,0.0587341077625751,0.2454314529895782,,,,,,,,,,,,,,,
1700568114265-2-8-4-22-0,Anger,Incorrect,Disgust,-1,0.0021470282,0.09967772,0.0491593144834041,0.0587341077625751,0.2454314529895782,,,,,,,,,,,,,,,
1700568114265-2-8-4-22-0,Anger,Incorrect,Disgust,0,0.0039849803,0.28527188,0.0907360389828682,0.1023484319448471,0.2727267742156982,,,,,,,,,,,,,,,
1700568114265-2-8-4-22-0,Anger,Incorrect,Disgust,1,0.005375481,0.52218795,0.0911351144313812,0.1094628944993019,0.3132088184356689,,,,,,,,,,,,,,,
1700568114265-2-8-4-22-0,Anger,Incorrect,Disgust,2,0.005750018,0.70767796,0.0913754627108573,0.1132936999201774,0.3529994785785675,,,,,,,,,,,,,,,
1700568114265-2-8-4-22-0,Anger,Incorrect,Disgust,3,0.0057748277,0.7989787,0.0975559502840042,0.1154702082276344,0.3820516169071197,,,,,,,,,,,,,,,
1700568114265-2-8-4-22-0,Anger,Incorrect,Disgust,4,0.0056848773,0.8537142,0.0975559502840042,0.1154702082276344,0.3820516169071197,,,,,,,,,,,,,,,
1700568114265-2-8-4-22-0,Anger,Incorrect,Disgust,5,0.0052517946,0.8913562,0.10653717815876,0.1221829131245613,0.421508640050888,,,,,,,,,,,,,,,
1700568114265-2-8-4-22-0,Anger,Incorrect,Disgust,6,0.005018618,0.916358,0.10653717815876,0.1221829131245613,0.421508640050888,,,,,,,,,,,,,,,
1700568114265-2-8-4-22-0,Anger,Incorrect,Disgust,7,0.004871245,0.93521893,0.1107655987143516,0.1268771439790725,0.4236594140529632,,,,,,,,,,,,,,,
1700568114265-2-8-4-22-0,Anger,Incorrect,Disgust,8,0.004570917,0.9501351,0.1122103706002235,0.1308989226818084,0.3988581001758575,,,,,,,,,,,,,,,
1700577843732-2-10-3-2-0,Anger,Correct,Anger,-7,0.09021483,0.09021483,0.0194787643849849,0.0194026585668325,0.0023652729578316,,,,,,,,,,,,,,,
1700577843732-2-10-3-2-0,Anger,Correct,Anger,-6,0.05303207,0.05303207,0.019122801721096,0.0190684720873832,0.0059771421365439,,,,,,,,,,,,,,,
1700577843732-2-10-3-2-0,Anger,Correct,Anger,-5,0.031329885,0.031329885,0.0185935441404581,0.0185652021318674,0.1654256135225296,,,,,,,,,,,,,,,
1700577843732-2-10-3-2-0,Anger,Correct,Anger,-4,0.018606974,0.018606974,0.0185935441404581,0.0185652021318674,0.1654256135225296,,,,,,,,,,,,,,,
1700577843732-2-10-3-2-0,Anger,Correct,Anger,-3,0.012824554,0.012824554,0.024706220254302,0.0376536697149276,0.2949769496917724,,,,,,,,,,,,,,,
1700577843732-2-10-3-2-0,Anger,Correct,Anger,-2,0.012707693,0.012707693,0.1190086677670478,0.1412390619516372,0.3173820674419403,,,,,,,,,,,,,,,
1700577843732-2-10-3-2-0,Anger,Correct,Anger,-1,0.0515593,0.0515593,0.2211220264434814,0.2500218152999878,0.3573065102100372,,,,,,,,,,,,,,,
1700577843732-2-10-3-2-0,Anger,Correct,Anger,0,0.4944507,0.4944507,0.3767353892326355,0.400823712348938,0.5343769192695618,,,,,,,,,,,,,,,
1700577843732-2-10-3-2-0,Anger,Correct,Anger,1,0.74870443,0.74870443,0.3767353892326355,0.400823712348938,0.5343769192695618,,,,,,,,,,,,,,,
1700577843732-2-10-3-2-0,Anger,Correct,Anger,2,0.80232066,0.80232066,0.4760317206382751,0.4894781112670898,0.5557118058204651,,,,,,,,,,,,,,,
1700577843732-2-10-3-2-0,Anger,Correct,Anger,3,0.82252866,0.82252866,0.4760317206382751,0.4894781112670898,0.5557118058204651,,,,,,,,,,,,,,,
1700577843732-2-10-3-2-0,Anger,Correct,Anger,4,0.8492519,0.8492519,0.4797665476799011,0.4876060485839844,0.5197262167930603,,,,,,,,,,,,,,,
1700577843732-2-10-3-2-0,Anger,Correct,Anger,5,0.8685938,0.8685938,0.4800935685634613,0.483547568321228,0.5382266640663147,,,,,,,,,,,,,,,
1700577843732-2-10-3-2-0,Anger,Correct,Anger,6,0.8776816,0.8776816,0.4800935685634613,0.483547568321228,0.5382266640663147,,,,,,,,,,,,,,,
1700577843732-2-10-3-2-0,Anger,Correct,Anger,7,0.88243324,0.88243324,0.4865249097347259,0.4818780720233917,0.5399985313415527,,,,,,,,,,,,,,,
1700577843732-2-10-3-2-0,Anger,Correct,Anger,8,0.886452,0.886452,0.4843486845493316,0.4705469608306885,0.5164855718612671,,,,,,,,,,,,,,,
1700577855799-2-10-3-8-0,Anger,Incorrect,Disgust,-8,0.0006157355,0.0006015535,0.0246889367699623,0.0285270307213068,0.165876105427742,,,,,,,,,,,,,,,
1700577855799-2-10-3-8-0,Anger,Incorrect,Disgust,-7,0.0012468902,0.0009677276,0.0254001654684543,0.041829127818346,0.2644191384315491,,,,,,,,,,,,,,,
1700577855799-2-10-3-8-0,Anger,Incorrect,Disgust,-6,0.0022618093,0.0014548564,0.0494255311787128,0.0741043016314506,0.2759409546852112,,,,,,,,,,,,,,,
1700577855799-2-10-3-8-0,Anger,Incorrect,Disgust,-5,0.004866157,0.002586901,0.1344704926013946,0.1423020809888839,0.3140840828418731,,,,,,,,,,,,,,,
1700577855799-2-10-3-8-0,Anger,Incorrect,Disgust,-4,0.011951087,0.0056035044,0.2153190374374389,0.2167435437440872,0.355518639087677,,,,,,,,,,,,,,,
1700577855799-2-10-3-8-0,Anger,Incorrect,Disgust,-3,0.033395037,0.013590346,0.2700801193714142,0.2823523283004761,0.4518050253391266,,,,,,,,,,,,,,,
1700577855799-2-10-3-8-0,Anger,Incorrect,Disgust,-2,0.08618446,0.03287592,0.316686749458313,0.3304742574691772,0.4939024150371551,,,,,,,,,,,,,,,
1700577855799-2-10-3-8-0,Anger,Incorrect,Disgust,-1,0.17344278,0.06492868,0.316686749458313,0.3304742574691772,0.4939024150371551,,,,,,,,,,,,,,,
1700577855799-2-10-3-8-0,Anger,Incorrect,Disgust,0,0.28578815,0.108253255,0.3078863620758056,0.3354727327823639,0.5372150540351868,,,,,,,,,,,,,,,
1700577855799-2-10-3-8-0,Anger,Incorrect,Disgust,1,0.39205304,0.16379876,0.3144283592700958,0.3329874575138092,0.5416247844696045,,,,,,,,,,,,,,,
1700577855799-2-10-3-8-0,Anger,Incorrect,Disgust,2,0.46002886,0.22397152,0.3144283592700958,0.3329874575138092,0.5416247844696045,,,,,,,,,,,,,,,
1700577855799-2-10-3-8-0,Anger,Incorrect,Disgust,3,0.509664,0.2692831,0.3016144633293152,0.3213376998901367,0.5403809547424316,,,,,,,,,,,,,,,
1700577855799-2-10-3-8-0,Anger,Incorrect,Disgust,4,0.5453382,0.30015296,0.2970654666423797,0.3121101558208465,0.4992129206657409,,,,,,,,,,,,,,,
1700577855799-2-10-3-8-0,Anger,Incorrect,Disgust,5,0.566187,0.3301191,0.2923478782176971,0.3057781457901001,0.5344663262367249,,,,,,,,,,,,,,,
1700577855799-2-10-3-8-0,Anger,Incorrect,Disgust,6,0.56981397,0.35879388,0.2923478782176971,0.3057781457901001,0.5344663262367249,,,,,,,,,,,,,,,
1700577855799-2-10-3-8-0,Anger,Incorrect,Disgust,7,0.55867654,0.38972768,0.2947727739810943,0.3094586730003357,0.5101357698440552,,,,,,,,,,,,,,,
1700577855799-2-10-3-8-0,Anger,Incorrect,Disgust,8,0.53261393,0.4320351,0.2931243181228637,0.3055299818515777,0.4766242206096649,,,,,,,,,,,,,,,
1700578045766-2-10-4-22-0,Anger,Incorrect,Disgust,-8,0.0013246087,0.0019936967,0.0397406443953514,0.0110372612252831,3.344897834267613e-07,,,,,,,,,,,,,,,
1700578045766-2-10-4-22-0,Anger,Incorrect,Disgust,-7,0.0012184439,0.0017242663,0.0397406443953514,0.0110372612252831,3.344897834267613e-07,,,,,,,,,,,,,,,
1700578045766-2-10-4-22-0,Anger,Incorrect,Disgust,-6,0.0011785845,0.001582782,0.0652530714869499,0.022510215640068,1.491448244905769e-07,,,,,,,,,,,,,,,
1700578045766-2-10-4-22-0,Anger,Incorrect,Disgust,-5,0.0011868239,0.0014954107,0.0865277200937271,0.0403365939855575,1.0092437463526949e-07,,,,,,,,,,,,,,,
1700578045766-2-10-4-22-0,Anger,Incorrect,Disgust,-4,0.0013499632,0.0015511302,0.1528722941875457,0.0756049081683158,0.0483187027275562,,,,,,,,,,,,,,,
1700578045766-2-10-4-22-0,Anger,Incorrect,Disgust,-3,0.0013360805,0.0027581586,0.1977168768644333,0.1364364922046661,0.1533472090959549,,,,,,,,,,,,,,,
1700578045766-2-10-4-22-0,Anger,Incorrect,Disgust,-2,0.0013453385,0.006880081,0.3415592014789581,0.2475095391273498,0.2226350307464599,,,,,,,,,,,,,,,
1700578045766-2-10-4-22-0,Anger,Incorrect,Disgust,-1,0.0017530912,0.02532236,0.4665067195892334,0.3681834638118744,0.2884179353713989,,,,,,,,,,,,,,,
1700578045766-2-10-4-22-0,Anger,Incorrect,Disgust,0,0.0022862847,0.095849656,0.4957329630851745,0.4158524572849273,0.3787570595741272,,,,,,,,,,,,,,,
1700578045766-2-10-4-22-0,Anger,Incorrect,Disgust,1,0.002205474,0.20981911,0.5242017507553101,0.4408290982246399,0.3527098596096039,,,,,,,,,,,,,,,
1700578045766-2-10-4-22-0,Anger,Incorrect,Disgust,2,0.0027288443,0.3772773,0.5321145057678223,0.4372477233409881,0.3391460478305816,,,,,,,,,,,,,,,
1700578045766-2-10-4-22-0,Anger,Incorrect,Disgust,3,0.0027620248,0.5359659,0.5498663783073425,0.4651305079460144,0.3799847066402435,,,,,,,,,,,,,,,
1700583797412-2-13-1-0-0,Anger,Correct,Anger,-8,0.06929979,0.06929979,1.4188348984589538e-07,1.866920911197667e-07,0.4127342402935028,,,,,,,,,,,,,,,
1700583797412-2-13-1-0-0,Anger,Correct,Anger,-7,0.051725026,0.051725026,0.0100156180560588,0.0117111299186944,0.4816322326660156,,,,,,,,,,,,,,,
1700583797412-2-13-1-0-0,Anger,Correct,Anger,-6,0.03827466,0.03827466,0.0100156180560588,0.0117111299186944,0.4816322326660156,,,,,,,,,,,,,,,
1700583797412-2-13-1-0-0,Anger,Correct,Anger,-5,0.03554472,0.03554472,0.0320291109383106,0.0453501306474208,0.546238362789154,,,,,,,,,,,,,,,
1700583797412-2-13-1-0-0,Anger,Correct,Anger,-4,0.048512835,0.048512835,0.0527005344629287,0.0787751004099845,0.6075802445411682,,,,,,,,,,,,,,,
1700583797412-2-13-1-0-0,Anger,Correct,Anger,-3,0.08918333,0.08918333,0.0637250244617462,0.086047776043415,0.6104470491409302,,,,,,,,,,,,,,,
1700583797412-2-13-1-0-0,Anger,Correct,Anger,-2,0.20883992,0.20883992,0.0748929306864738,0.0977818071842193,0.6611315608024597,,,,,,,,,,,,,,,
1700583797412-2-13-1-0-0,Anger,Correct,Anger,-1,0.45415175,0.45415175,0.0888505801558494,0.115239143371582,0.7144832611083984,,,,,,,,,,,,,,,
1700583797412-2-13-1-0-0,Anger,Correct,Anger,0,0.70917636,0.70917636,0.0963774994015693,0.1240134239196777,0.7171919345855713,,,,,,,,,,,,,,,
1700583797412-2-13-1-0-0,Anger,Correct,Anger,1,0.8144689,0.8144689,0.1237567216157913,0.1608872860670089,0.7173671722412109,,,,,,,,,,,,,,,
1700583797412-2-13-1-0-0,Anger,Correct,Anger,2,0.8488168,0.8488168,0.1237567216157913,0.1608872860670089,0.7173671722412109,,,,,,,,,,,,,,,
1700583797412-2-13-1-0-0,Anger,Correct,Anger,3,0.8729762,0.8729762,0.1387404352426529,0.1755598038434982,0.6845605373382568,,,,,,,,,,,,,,,
1700583797412-2-13-1-0-0,Anger,Correct,Anger,4,0.88623655,0.88623655,0.1465135067701339,0.1777957826852798,0.6998647451400757,,,,,,,,,,,,,,,
1700583797412-2-13-1-0-0,Anger,Correct,Anger,5,0.896963,0.896963,0.1640995889902115,0.1981827616691589,0.728915274143219,,,,,,,,,,,,,,,
1700583797412-2-13-1-0-0,Anger,Correct,Anger,6,0.8964457,0.8964457,0.1944932490587234,0.230775311589241,0.7191500067710876,,,,,,,,,,,,,,,
1700583797412-2-13-1-0-0,Anger,Correct,Anger,7,0.8984224,0.8984224,0.2026813626289367,0.2451258599758148,0.7058817744255066,,,,,,,,,,,,,,,
1700583797412-2-13-1-0-0,Anger,Correct,Anger,8,0.88120425,0.88120425,0.2207910120487213,0.2673405408859253,0.715100884437561,,,,,,,,,,,,,,,
1700583805997-2-13-1-3-0,Anger,Incorrect,Disgust,-2,0.13908894,0.17717034,0.0063841147348284,0.0046273386105895,0.4434153735637665,,,,,,,,,,,,,,,
1700583805997-2-13-1-3-0,Anger,Incorrect,Disgust,-1,0.17748529,0.23267679,0.0301554352045059,0.0317230969667434,0.4569757580757141,,,,,,,,,,,,,,,
1700583805997-2-13-1-3-0,Anger,Incorrect,Disgust,0,0.32422388,0.3571166,0.1573406755924224,0.1591848134994506,0.4546587467193603,,,,,,,,,,,,,,,
1700583805997-2-13-1-3-0,Anger,Incorrect,Disgust,1,0.44861636,0.39765504,0.1573406755924224,0.1591848134994506,0.4546587467193603,,,,,,,,,,,,,,,
1700583805997-2-13-1-3-0,Anger,Incorrect,Disgust,2,0.554732,0.40294185,0.2483573257923126,0.2382083088159561,0.5297764539718628,,,,,,,,,,,,,,,
1700583805997-2-13-1-3-0,Anger,Incorrect,Disgust,3,0.5916141,0.39098963,0.2483573257923126,0.2382083088159561,0.5297764539718628,,,,,,,,,,,,,,,
1700583805997-2-13-1-3-0,Anger,Incorrect,Disgust,4,0.6174614,0.3738819,0.2847331464290619,0.2765532433986664,0.5478797554969788,,,,,,,,,,,,,,,
1700583805997-2-13-1-3-0,Anger,Incorrect,Disgust,5,0.5958441,0.3990213,0.3117431998252868,0.3197709619998932,0.4906463027000427,,,,,,,,,,,,,,,
1700583805997-2-13-1-3-0,Anger,Incorrect,Disgust,6,0.5732908,0.42270726,0.3117431998252868,0.3197709619998932,0.4906463027000427,,,,,,,,,,,,,,,
1700583805997-2-13-1-3-0,Anger,Incorrect,Disgust,7,0.559629,0.43695635,0.3414915800094604,0.3559750020503998,0.4817913472652435,,,,,,,,,,,,,,,
1700583805997-2-13-1-3-0,Anger,Incorrect,Disgust,8,0.5500108,0.4466802,0.3582720756530761,0.3560649156570434,0.4739804267883301,,,,,,,,,,,,,,,
1700583807891-2-13-1-4-0,Anger,Correct,Anger,-8,0.06653861,0.06653861,0.0258926153182983,0.016346238553524,0.1894018501043319,,,,,,,,,,,,,,,
1700583807891-2-13-1-4-0,Anger,Correct,Anger,-7,0.106124245,0.106124245,0.0172855854034423,0.011619915254414,0.0048504904843866,,,,,,,,,,,,,,,
1700583807891-2-13-1-4-0,Anger,Correct,Anger,-6,0.13823676,0.13823676,0.0172855854034423,0.011619915254414,0.0048504904843866,,,,,,,,,,,,,,,
1700583807891-2-13-1-4-0,Anger,Correct,Anger,-5,0.18149187,0.18149187,0.00849150121212,0.0061411885544657,1.5944491678965278e-05,,,,,,,,,,,,,,,
1700583807891-2-13-1-4-0,Anger,Correct,Anger,-4,0.18804558,0.18804558,0.0061881360597908,0.0046041114255785,1.1844427945106872e-06,,,,,,,,,,,,,,,
1700583807891-2-13-1-4-0,Anger,Correct,Anger,-3,0.17385128,0.17385128,0.0077665308490395,0.0035084537230432,1.0412125561742869e-07,,,,,,,,,,,,,,,
1700583807891-2-13-1-4-0,Anger,Correct,Anger,-2,0.2521089,0.2521089,0.0387860760092735,0.0297646187245845,0.042066965252161,,,,,,,,,,,,,,,
1700583807891-2-13-1-4-0,Anger,Correct,Anger,-1,0.33833858,0.33833858,0.0387860760092735,0.0297646187245845,0.042066965252161,,,,,,,,,,,,,,,
1700583807891-2-13-1-4-0,Anger,Correct,Anger,0,0.6536563,0.6536563,0.2929303348064422,0.2836661338806152,0.4392097294330597,,,,,,,,,,,,,,,
1700583807891-2-13-1-4-0,Anger,Correct,Anger,1,0.75025845,0.75025845,0.2929303348064422,0.2836661338806152,0.4392097294330597,,,,,,,,,,,,,,,
1700583807891-2-13-1-4-0,Anger,Correct,Anger,2,0.7994132,0.7994132,0.3775752484798431,0.3495403826236725,0.4641298353672027,,,,,,,,,,,,,,,
1700583807891-2-13-1-4-0,Anger,Correct,Anger,3,0.80095476,0.80095476,0.3921445906162262,0.3799881041049957,0.4906627237796783,,,,,,,,,,,,,,,
1700583807891-2-13-1-4-0,Anger,Correct,Anger,4,0.79657996,0.79657996,0.3921445906162262,0.3799881041049957,0.4906627237796783,,,,,,,,,,,,,,,
1700583807891-2-13-1-4-0,Anger,Correct,Anger,5,0.7763273,0.7763273,0.4228233993053436,0.4008474051952362,0.4878640174865722,,,,,,,,,,,,,,,
1700583807891-2-13-1-4-0,Anger,Correct,Anger,6,0.7572171,0.7572171,0.4254620671272278,0.414321094751358,0.4919209480285644,,,,,,,,,,,,,,,
1700583807891-2-13-1-4-0,Anger,Correct,Anger,7,0.7413335,0.7413335,0.4254620671272278,0.414321094751358,0.4919209480285644,,,,,,,,,,,,,,,
1700584020161-2-13-3-10-0,Anger,Correct,Anger,-8,0.000101022124,0.000101022124,0.0251289419829845,0.0164576508104801,0.5054447054862976,,,,,,,,,,,,,,,
1700584020161-2-13-3-10-0,Anger,Correct,Anger,-7,0.00012533684,0.00012533684,0.0228307656943798,0.0124850589781999,0.3116328716278076,,,,,,,,,,,,,,,
1700584020161-2-13-3-10-0,Anger,Correct,Anger,-6,0.00030529144,0.00030529144,0.0198079999536275,0.0075840237550437,0.2612079977989197,,,,,,,,,,,,,,,
1700584020161-2-13-3-10-0,Anger,Correct,Anger,-5,0.0008431973,0.0008431973,0.0628966465592384,0.0628300309181213,0.3729128837585449,,,,,,,,,,,,,,,
1700584020161-2-13-3-10-0,Anger,Correct,Anger,-4,0.0024679375,0.0024679375,0.1349004805088043,0.1204959452152252,0.5053126811981201,,,,,,,,,,,,,,,
1700584020161-2-13-3-10-0,Anger,Correct,Anger,-3,0.0115080075,0.0115080075,0.2311913818120956,0.2309533506631851,0.6243057250976562,,,,,,,,,,,,,,,
1700584020161-2-13-3-10-0,Anger,Correct,Anger,-2,0.06563283,0.06563283,0.2311913818120956,0.2309533506631851,0.6243057250976562,,,,,,,,,,,,,,,
1700584020161-2-13-3-10-0,Anger,Correct,Anger,-1,0.29415736,0.29415736,0.2311913818120956,0.2309533506631851,0.6243057250976562,,,,,,,,,,,,,,,
1700584020161-2-13-3-10-0,Anger,Correct,Anger,0,0.633953,0.633953,0.2526998519897461,0.2480154931545257,0.6118806600570679,,,,,,,,,,,,,,,
1700584020161-2-13-3-10-0,Anger,Correct,Anger,1,0.7907772,0.7907772,0.2526998519897461,0.2480154931545257,0.6118806600570679,,,,,,,,,,,,,,,
1700584020161-2-13-3-10-0,Anger,Correct,Anger,2,0.8605954,0.8605954,0.2674948573112488,0.2612211108207702,0.6599794626235962,,,,,,,,,,,,,,,
1700584020161-2-13-3-10-0,Anger,Correct,Anger,3,0.8864298,0.8864298,0.2674948573112488,0.2612211108207702,0.6599794626235962,,,,,,,,,,,,,,,
1700584020161-2-13-3-10-0,Anger,Correct,Anger,4,0.8944688,0.8944688,0.3152168095111847,0.334926962852478,0.6605201959609985,,,,,,,,,,,,,,,
1700584020161-2-13-3-10-0,Anger,Correct,Anger,5,0.9048225,0.9048225,0.3163418471813202,0.3312730491161346,0.6215441823005676,,,,,,,,,,,,,,,
1700584020161-2-13-3-10-0,Anger,Correct,Anger,6,0.9063746,0.9063746,0.3058312237262726,0.314908504486084,0.6018022894859314,,,,,,,,,,,,,,,
1700584020161-2-13-3-10-0,Anger,Correct,Anger,7,0.90272355,0.90272355,0.3110153973102569,0.3268264830112457,0.5899103283882141,,,,,,,,,,,,,,,
1700584020161-2-13-3-10-0,Anger,Correct,Anger,8,0.8979192,0.8979192,0.3041839003562927,0.3228251338005066,0.6053043603897095,,,,,,,,,,,,,,,
1700584214184-2-13-4-7-0,Anger,Incorrect,Disgust,-8,0.0037112501,0.0029920365,0.0005210881936363,0.0002873530029319,5.67984326238502e-10,,,,,,,,,,,,,,,
1700584214184-2-13-4-7-0,Anger,Incorrect,Disgust,-7,0.0023090856,0.0018478294,0.0004267535114195,0.0002365490800002,2.1789282877993088e-10,,,,,,,,,,,,,,,
1700584214184-2-13-4-7-0,Anger,Incorrect,Disgust,-6,0.0016255876,0.0013130336,0.0003500714083202,0.0001948744320543,9.074908186024187e-11,,,,,,,,,,,,,,,
1700584214184-2-13-4-7-0,Anger,Incorrect,Disgust,-5,0.0012871275,0.0011390459,0.0002875619975384,0.0001606438745511,0.0195068083703517,,,,,,,,,,,,,,,
1700584214184-2-13-4-7-0,Anger,Incorrect,Disgust,-4,0.0011194831,0.001082637,0.0002875619975384,0.0001606438745511,0.0195068083703517,,,,,,,,,,,,,,,
1700584214184-2-13-4-7-0,Anger,Incorrect,Disgust,-3,0.0025449602,0.0030459128,0.0309310238808393,0.0316982381045818,0.1818632334470749,,,,,,,,,,,,,,,
1700584214184-2-13-4-7-0,Anger,Incorrect,Disgust,-2,0.012289245,0.01672386,0.0690279975533485,0.0728970542550087,0.2260678708553314,,,,,,,,,,,,,,,
1700584214184-2-13-4-7-0,Anger,Incorrect,Disgust,-1,0.0673457,0.10353707,0.1034501641988754,0.1165451481938362,0.2460842132568359,,,,,,,,,,,,,,,
1700584214184-2-13-4-7-0,Anger,Incorrect,Disgust,0,0.22845654,0.42870075,0.150043174624443,0.1601575165987014,0.247687742114067,,,,,,,,,,,,,,,
1700584214184-2-13-4-7-0,Anger,Incorrect,Disgust,1,0.28669152,0.6330764,0.1687680333852768,0.1774546504020691,0.2321201711893081,,,,,,,,,,,,,,,
1700584214184-2-13-4-7-0,Anger,Incorrect,Disgust,2,0.26233426,0.71571004,0.1927675604820251,0.2012076675891876,0.2458357810974121,,,,,,,,,,,,,,,
1700584214184-2-13-4-7-0,Anger,Incorrect,Disgust,3,0.2509149,0.7382771,0.1927675604820251,0.2012076675891876,0.2458357810974121,,,,,,,,,,,,,,,
1700584214184-2-13-4-7-0,Anger,Incorrect,Disgust,4,0.2455373,0.74722296,0.2108983993530273,0.2156714051961898,0.213394820690155,,,,,,,,,,,,,,,
1700584214184-2-13-4-7-0,Anger,Incorrect,Disgust,5,0.25099036,0.74268836,0.211760401725769,0.2232678681612014,0.206821858882904,,,,,,,,,,,,,,,
1700584214184-2-13-4-7-0,Anger,Incorrect,Disgust,6,0.2656498,0.72839,0.2251922041177749,0.2416207939386367,0.327404260635376,,,,,,,,,,,,,,,
1700584214184-2-13-4-7-0,Anger,Incorrect,Disgust,7,0.34858224,0.644721,0.2488472163677215,0.2690247595310211,0.3312937915325165,,,,,,,,,,,,,,,
1700584214184-2-13-4-7-0,Anger,Incorrect,Disgust,8,0.45347667,0.5411941,0.2722927629947662,0.2814413905143738,0.4396565556526184,,,,,,,,,,,,,,,
1700584219640-2-13-4-10-0,Anger,Correct,Anger,-8,0.0069168657,0.0069168657,3.6894661548103613e-08,4.324471092331805e-08,2.3563460128226284e-25,,,,,,,,,,,,,,,
1700584219640-2-13-4-10-0,Anger,Correct,Anger,-7,0.0057770885,0.0057770885,3.050558561312755e-08,3.5755977734197586e-08,1.6607107172283727e-25,,,,,,,,,,,,,,,
1700584219640-2-13-4-10-0,Anger,Correct,Anger,-6,0.004057282,0.004057282,2.522286024486675e-08,2.9564020564976093e-08,1.1704352670072276e-25,,,,,,,,,,,,,,,
1700584219640-2-13-4-10-0,Anger,Correct,Anger,-5,0.0024371252,0.0024371252,2.0854976412465482e-08,2.444436475457224e-08,8.249002621950666e-26,,,,,,,,,,,,,,,
1700584219640-2-13-4-10-0,Anger,Correct,Anger,-4,0.0017028729,0.0017028729,0.0566174201667308,0.0481806807219982,0.0822775661945343,,,,,,,,,,,,,,,
1700584219640-2-13-4-10-0,Anger,Correct,Anger,-3,0.0013348142,0.0013348142,0.0566174201667308,0.0481806807219982,0.0822775661945343,,,,,,,,,,,,,,,
1700584219640-2-13-4-10-0,Anger,Correct,Anger,-2,0.0067668403,0.0067668403,0.2238126099109649,0.2302852421998977,0.4418945908546448,,,,,,,,,,,,,,,
1700584219640-2-13-4-10-0,Anger,Correct,Anger,-1,0.20863247,0.20863247,0.2591416239738464,0.2680082023143768,0.4904549717903137,,,,,,,,,,,,,,,
1700584219640-2-13-4-10-0,Anger,Correct,Anger,0,0.8314893,0.8314893,0.2642987072467804,0.2804598808288574,0.5973207950592041,,,,,,,,,,,,,,,
1700584219640-2-13-4-10-0,Anger,Correct,Anger,1,0.8902986,0.8902986,0.2642987072467804,0.2804598808288574,0.5973207950592041,,,,,,,,,,,,,,,
1700584219640-2-13-4-10-0,Anger,Correct,Anger,2,0.904584,0.904584,0.2792157530784607,0.2917604744434356,0.644538402557373,,,,,,,,,,,,,,,
1700584219640-2-13-4-10-0,Anger,Correct,Anger,3,0.9014326,0.9014326,0.3278855085372925,0.3360804915428161,0.6206142902374268,,,,,,,,,,,,,,,
1700584219640-2-13-4-10-0,Anger,Correct,Anger,4,0.90000004,0.90000004,0.3278855085372925,0.3360804915428161,0.6206142902374268,,,,,,,,,,,,,,,
1700584219640-2-13-4-10-0,Anger,Correct,Anger,5,0.89406806,0.89406806,0.3249292969703674,0.3342475593090057,0.6226344704627991,,,,,,,,,,,,,,,
1700584219640-2-13-4-10-0,Anger,Correct,Anger,6,0.8838991,0.8838991,0.3249292969703674,0.3342475593090057,0.6226344704627991,,,,,,,,,,,,,,,
1700584219640-2-13-4-10-0,Anger,Correct,Anger,7,0.8746218,0.8746218,0.3218076825141907,0.3273575007915497,0.6443283557891846,,,,,,,,,,,,,,,
1700584219640-2-13-4-10-0,Anger,Correct,Anger,8,0.86603385,0.86603385,0.3349801003932953,0.3445479571819305,0.6436161994934082,,,,,,,,,,,,,,,
1700584240494-2-13-4-22-0,Anger,Correct,Anger,-8,0.0010759075,0.0010759075,9.568170256102349e-09,0.0001731945521896,0.3093302547931671,,,,,,,,,,,,,,,
1700584240494-2-13-4-22-0,Anger,Correct,Anger,-7,0.0010558706,0.0010558706,7.911205912591868e-09,0.0038095777854323,0.3716635406017303,,,,,,,,,,,,,,,
1700584240494-2-13-4-22-0,Anger,Correct,Anger,-6,0.0012129423,0.0012129423,0.0036897915415465,0.0100896665826439,0.4038912057876587,,,,,,,,,,,,,,,
1700584240494-2-13-4-22-0,Anger,Correct,Anger,-5,0.0017672266,0.0017672266,0.0227734819054603,0.0418641008436679,0.4873430430889129,,,,,,,,,,,,,,,
1700584240494-2-13-4-22-0,Anger,Correct,Anger,-4,0.0033123412,0.0033123412,0.0548496134579181,0.0923320427536964,0.4797485768795013,,,,,,,,,,,,,,,
1700584240494-2-13-4-22-0,Anger,Correct,Anger,-3,0.010514216,0.010514216,0.1129219233989715,0.1465959548950195,0.6082614660263062,,,,,,,,,,,,,,,
1700584240494-2-13-4-22-0,Anger,Correct,Anger,-2,0.03977004,0.03977004,0.1737429648637771,0.2130399644374847,0.6370238065719604,,,,,,,,,,,,,,,
1700584240494-2-13-4-22-0,Anger,Correct,Anger,-1,0.1558959,0.1558959,0.2323734164237976,0.2758808732032776,0.710525393486023,,,,,,,,,,,,,,,
1700584240494-2-13-4-22-0,Anger,Correct,Anger,0,0.36666793,0.36666793,0.2323734164237976,0.2758808732032776,0.710525393486023,,,,,,,,,,,,,,,
1700584240494-2-13-4-22-0,Anger,Correct,Anger,1,0.555465,0.555465,0.2597193121910095,0.3009588122367859,0.729144811630249,,,,,,,,,,,,,,,
1700584240494-2-13-4-22-0,Anger,Correct,Anger,2,0.61578864,0.61578864,0.2640600204467773,0.3039507269859314,0.7131407260894775,,,,,,,,,,,,,,,
1700584240494-2-13-4-22-0,Anger,Correct,Anger,3,0.63408047,0.63408047,0.2949102818965912,0.3206536471843719,0.7119918465614319,,,,,,,,,,,,,,,
1700584240494-2-13-4-22-0,Anger,Correct,Anger,4,0.66843915,0.66843915,0.2875462770462036,0.3190944790840149,0.728608250617981,,,,,,,,,,,,,,,
1700584240494-2-13-4-22-0,Anger,Correct,Anger,5,0.7028403,0.7028403,0.2968321442604065,0.3386333882808685,0.7139349579811096,,,,,,,,,,,,,,,
1700584240494-2-13-4-22-0,Anger,Correct,Anger,6,0.7437483,0.7437483,0.2900381088256836,0.3302443027496338,0.7121770977973938,,,,,,,,,,,,,,,
1700747144334-2-15-1-0-0,Anger,Incorrect,Disgust,-8,0.00072548987,0.0005141335,0.0160210356116294,0.0230914913117885,0.0166056286543607,,,,,,,,,,,,,,,
1700747144334-2-15-1-0-0,Anger,Incorrect,Disgust,-7,0.0006786988,0.00047871796,0.0154895419254899,0.0165502354502677,0.0128277903422713,,,,,,,,,,,,,,,
1700747144334-2-15-1-0-0,Anger,Incorrect,Disgust,-6,0.00066346454,0.00046805735,0.0153001435101032,0.0172060187906026,0.0150773068889975,,,,,,,,,,,,,,,
1700747144334-2-15-1-0-0,Anger,Incorrect,Disgust,-5,0.001240528,0.000803433,0.0486152730882167,0.0746224150061607,0.5091992020606995,,,,,,,,,,,,,,,
1700747144334-2-15-1-0-0,Anger,Incorrect,Disgust,-4,0.002428488,0.0015191201,0.0486152730882167,0.0746224150061607,0.5091992020606995,,,,,,,,,,,,,,,
1700747144334-2-15-1-0-0,Anger,Incorrect,Disgust,-3,0.010215421,0.0055630584,0.1511965692043304,0.1723403185606002,0.787561297416687,,,,,,,,,,,,,,,
1700747144334-2-15-1-0-0,Anger,Incorrect,Disgust,-2,0.04122805,0.020471383,0.1511965692043304,0.1723403185606002,0.787561297416687,,,,,,,,,,,,,,,
1700747144334-2-15-1-0-0,Anger,Incorrect,Disgust,-1,0.22815484,0.15810528,0.3552426993846893,0.3570673167705536,0.7563748955726624,,,,,,,,,,,,,,,
1700747144334-2-15-1-0-0,Anger,Incorrect,Disgust,0,0.43451837,0.40684238,0.3552426993846893,0.3570673167705536,0.7563748955726624,,,,,,,,,,,,,,,
1700747144334-2-15-1-0-0,Anger,Incorrect,Disgust,1,0.42184854,0.55940443,0.5225483775138855,0.5123245716094971,0.7342202067375183,,,,,,,,,,,,,,,
1700747144334-2-15-1-0-0,Anger,Incorrect,Disgust,2,0.41920596,0.5753827,0.5225483775138855,0.5123245716094971,0.7342202067375183,,,,,,,,,,,,,,,
1700747144334-2-15-1-0-0,Anger,Incorrect,Disgust,3,0.4081732,0.5888551,0.5853256583213806,0.5746749639511108,0.703949511051178,,,,,,,,,,,,,,,
1700747144334-2-15-1-0-0,Anger,Incorrect,Disgust,4,0.3974345,0.6003835,0.608537495136261,0.6031904220581055,0.6471450924873352,,,,,,,,,,,,,,,
1700747144334-2-15-1-0-0,Anger,Incorrect,Disgust,5,0.41897058,0.57904404,0.6064950227737427,0.5980478525161743,0.6084510684013367,,,,,,,,,,,,,,,
1700747144334-2-15-1-0-0,Anger,Incorrect,Disgust,6,0.41820174,0.5800585,0.6058866381645203,0.608470618724823,0.5740106701850891,,,,,,,,,,,,,,,
1700747144334-2-15-1-0-0,Anger,Incorrect,Disgust,7,0.4212291,0.5771959,0.6137644052505493,0.6130558848381042,0.5532939434051514,,,,,,,,,,,,,,,
1700747144334-2-15-1-0-0,Anger,Incorrect,Disgust,8,0.4095715,0.5888767,0.6137644052505493,0.6130558848381042,0.5532939434051514,,,,,,,,,,,,,,,
1700747151558-2-15-1-3-0,Anger,Correct,Anger,-8,0.0006574647,0.0006574647,0.0003695352352224,5.976175430078001e-07,0.0014384536771103,,,,,,,,,,,,,,,
1700747151558-2-15-1-3-0,Anger,Correct,Anger,-7,0.00065609114,0.00065609114,0.0003048369253519,4.941166480421089e-07,0.0062244324944913,,,,,,,,,,,,,,,
1700747151558-2-15-1-3-0,Anger,Correct,Anger,-6,0.000653543,0.000653543,0.0007861194317229,4.085423483957129e-07,0.0029213347006589,,,,,,,,,,,,,,,
1700747151558-2-15-1-3-0,Anger,Correct,Anger,-5,0.000660169,0.000660169,0.0006467913626693,3.3778960073505004e-07,0.0080618485808372,,,,,,,,,,,,,,,
1700747151558-2-15-1-3-0,Anger,Correct,Anger,-4,0.00070905726,0.00070905726,0.0010601348476484,2.792905320347927e-07,0.0433439351618289,,,,,,,,,,,,,,,
1700747151558-2-15-1-3-0,Anger,Correct,Anger,-3,0.0013204849,0.0013204849,0.0519342124462127,0.0379374995827674,0.5213735103607178,,,,,,,,,,,,,,,
1700747151558-2-15-1-3-0,Anger,Correct,Anger,-2,0.0054121856,0.0054121856,0.212703064084053,0.2006204575300216,0.727976381778717,,,,,,,,,,,,,,,
1700747151558-2-15-1-3-0,Anger,Correct,Anger,-1,0.048425667,0.048425667,0.3354756236076355,0.3291755318641662,0.8069987297058105,,,,,,,,,,,,,,,
1700747151558-2-15-1-3-0,Anger,Correct,Anger,0,0.45441598,0.45441598,0.4925727248191833,0.490181565284729,0.6695416569709778,,,,,,,,,,,,,,,
1700747151558-2-15-1-3-0,Anger,Correct,Anger,1,0.6722059,0.6722059,0.534250020980835,0.5623956918716431,0.5789265036582947,,,,,,,,,,,,,,,
1700747153913-2-15-1-4-0,Anger,Incorrect,Disgust,-8,0.0014318081,0.00074914,0.0006746447179466,4.9671303514742255e-08,0.1398266404867172,,,,,,,,,,,,,,,
1700747153913-2-15-1-4-0,Anger,Incorrect,Disgust,-7,0.0013147201,0.000663116,0.0005496895173564,4.066650305389885e-08,0.132409781217575,,,,,,,,,,,,,,,
1700747153913-2-15-1-4-0,Anger,Incorrect,Disgust,-6,0.0012115261,0.0006070411,0.0004490098799578,3.3350794126363326e-08,0.0982237979769706,,,,,,,,,,,,,,,
1700747153913-2-15-1-4-0,Anger,Incorrect,Disgust,-5,0.0011352253,0.0005600992,0.0004490098799578,3.3350794126363326e-08,0.0982237979769706,,,,,,,,,,,,,,,
1700747153913-2-15-1-4-0,Anger,Incorrect,Disgust,-4,0.0012841363,0.00061627955,0.0008241018513217,2.2520307396689532e-08,0.2830901741981506,,,,,,,,,,,,,,,
1700747153913-2-15-1-4-0,Anger,Incorrect,Disgust,-3,0.0014574896,0.00068642874,0.0008241018513217,2.2520307396689532e-08,0.2830901741981506,,,,,,,,,,,,,,,
1700747153913-2-15-1-4-0,Anger,Incorrect,Disgust,-2,0.008100179,0.0028097273,0.2638246119022369,0.2943446934223175,0.7923253178596497,,,,,,,,,,,,,,,
1700747153913-2-15-1-4-0,Anger,Incorrect,Disgust,-1,0.0914218,0.027282108,0.4557405710220337,0.4374561607837677,0.7347956895828247,,,,,,,,,,,,,,,
1700747153913-2-15-1-4-0,Anger,Incorrect,Disgust,0,0.5315067,0.22069962,0.5605316758155823,0.5523971915245056,0.7181662321090698,,,,,,,,,,,,,,,
1700747153913-2-15-1-4-0,Anger,Incorrect,Disgust,1,0.5418938,0.44024247,0.6372029185295105,0.5998188257217407,0.6336691975593567,,,,,,,,,,,,,,,
1700747153913-2-15-1-4-0,Anger,Incorrect,Disgust,2,0.4185694,0.57919866,0.7026754021644592,0.6848251223564148,0.6302969455718994,,,,,,,,,,,,,,,
1700747349900-2-15-3-2-0,Anger,Incorrect,Disgust,-8,0.09922809,0.36491287,0.133141741156578,0.1282768100500106,0.5741734504699707,,,,,,,,,,,,,,,
1700747349900-2-15-3-2-0,Anger,Incorrect,Disgust,-7,0.100522324,0.37612006,0.1338375657796859,0.1300771683454513,0.5719532370567322,,,,,,,,,,,,,,,
1700747349900-2-15-3-2-0,Anger,Incorrect,Disgust,-6,0.104746655,0.37343648,0.1343306750059127,0.1314014047384262,0.5714435577392578,,,,,,,,,,,,,,,
1700747349900-2-15-3-2-0,Anger,Incorrect,Disgust,-5,0.10911323,0.37260166,0.1346880346536636,0.1323927193880081,0.5787139534950256,,,,,,,,,,,,,,,
1700747349900-2-15-3-2-0,Anger,Incorrect,Disgust,-4,0.12143763,0.3274259,0.1349521279335022,0.1331461668014526,0.5295016169548035,,,,,,,,,,,,,,,
1700747349900-2-15-3-2-0,Anger,Incorrect,Disgust,-3,0.13718948,0.28896162,0.1372488141059875,0.1419668197631836,0.522357165813446,,,,,,,,,,,,,,,
1700747349900-2-15-3-2-0,Anger,Incorrect,Disgust,-2,0.16140695,0.2499713,0.1369542628526687,0.140645682811737,0.5350451469421387,,,,,,,,,,,,,,,
1700747349900-2-15-3-2-0,Anger,Incorrect,Disgust,-1,0.23952867,0.28929973,0.2398843467235565,0.2494813203811645,0.7516621351242065,,,,,,,,,,,,,,,
1700747349900-2-15-3-2-0,Anger,Incorrect,Disgust,0,0.38877052,0.5465872,0.6260159015655518,0.6334475874900818,0.6933687925338745,,,,,,,,,,,,,,,
1700747349900-2-15-3-2-0,Anger,Incorrect,Disgust,1,0.39335406,0.59408,0.6260159015655518,0.6334475874900818,0.6933687925338745,,,,,,,,,,,,,,,
1700747349900-2-15-3-2-0,Anger,Incorrect,Disgust,2,0.31731573,0.6799663,0.7223929166793823,0.7421392798423767,0.6818433403968811,,,,,,,,,,,,,,,
1700747349900-2-15-3-2-0,Anger,Incorrect,Disgust,3,0.25117853,0.74754393,0.7223929166793823,0.7421392798423767,0.6818433403968811,,,,,,,,,,,,,,,
1700747349900-2-15-3-2-0,Anger,Incorrect,Disgust,4,0.18497373,0.8142252,0.7591908574104309,0.7730748057365417,0.6786887645721436,,,,,,,,,,,,,,,
1700747349900-2-15-3-2-0,Anger,Incorrect,Disgust,5,0.15562323,0.84374744,0.7655258774757385,0.7774116396903992,0.6417344808578491,,,,,,,,,,,,,,,
1700747349900-2-15-3-2-0,Anger,Incorrect,Disgust,6,0.13955694,0.8598863,0.7655258774757385,0.7774116396903992,0.6417344808578491,,,,,,,,,,,,,,,
1700747349900-2-15-3-2-0,Anger,Incorrect,Disgust,7,0.13591851,0.8635993,0.752714991569519,0.7694286704063416,0.668877899646759,,,,,,,,,,,,,,,
1700747349900-2-15-3-2-0,Anger,Incorrect,Disgust,8,0.1316291,0.86791855,0.752714991569519,0.7694286704063416,0.668877899646759,,,,,,,,,,,,,,,
1700747526081-2-15-4-7-0,Anger,Correct,Anger,-8,0.4005096,0.4005096,0.4545046389102936,0.4653673768043518,0.6291099786758423,,,,,,,,,,,,,,,
1700747526081-2-15-4-7-0,Anger,Correct,Anger,-7,0.43044943,0.43044943,0.4565684199333191,0.4691990613937378,0.627483069896698,,,,,,,,,,,,,,,
1700747526081-2-15-4-7-0,Anger,Correct,Anger,-6,0.46473685,0.46473685,0.4508701264858246,0.468090683221817,0.6343374848365784,,,,,,,,,,,,,,,
1700747526081-2-15-4-7-0,Anger,Correct,Anger,-5,0.48712587,0.48712587,0.4469189047813415,0.4672083854675293,0.6375649571418762,,,,,,,,,,,,,,,
1700747526081-2-15-4-7-0,Anger,Correct,Anger,-4,0.51786333,0.51786333,0.4402611553668976,0.4635491669178009,0.6314573287963867,,,,,,,,,,,,,,,
1700747526081-2-15-4-7-0,Anger,Correct,Anger,-3,0.5405294,0.5405294,0.4391477704048157,0.4635230004787445,0.6174403429031372,,,,,,,,,,,,,,,
1700747526081-2-15-4-7-0,Anger,Correct,Anger,-2,0.5622834,0.5622834,0.4420540034770965,0.4635013937950134,0.62088942527771,,,,,,,,,,,,,,,
1700747526081-2-15-4-7-0,Anger,Correct,Anger,-1,0.59842116,0.59842116,0.4549071192741394,0.4720976054668426,0.6322105526924133,,,,,,,,,,,,,,,
1700747526081-2-15-4-7-0,Anger,Correct,Anger,0,0.64127994,0.64127994,0.4569464921951294,0.4822645783424377,0.6294055581092834,,,,,,,,,,,,,,,
1700747526081-2-15-4-7-0,Anger,Correct,Anger,1,0.6718401,0.6718401,0.458426296710968,0.4818667769432068,0.6279150247573853,,,,,,,,,,,,,,,
1700747526081-2-15-4-7-0,Anger,Correct,Anger,2,0.69284743,0.69284743,0.457250714302063,0.4815592765808105,0.6270903944969177,,,,,,,,,,,,,,,
1700747526081-2-15-4-7-0,Anger,Correct,Anger,3,0.6914522,0.6914522,0.4563052952289581,0.4813190102577209,0.6349818110466003,,,,,,,,,,,,,,,
1700747526081-2-15-4-7-0,Anger,Correct,Anger,4,0.70401967,0.70401967,0.4578931629657745,0.4838733375072479,0.6382451057434082,,,,,,,,,,,,,,,
1700747526081-2-15-4-7-0,Anger,Correct,Anger,5,0.71430576,0.71430576,0.4590797424316406,0.4832425117492676,0.6323664784431458,,,,,,,,,,,,,,,
1700747526081-2-15-4-7-0,Anger,Correct,Anger,6,0.7093995,0.7093995,0.4576965868473053,0.4781899452209472,0.6369423270225525,,,,,,,,,,,,,,,
1700747526081-2-15-4-7-0,Anger,Correct,Anger,7,0.7099246,0.7099246,0.4515053927898407,0.478602260351181,0.6390076279640198,,,,,,,,,,,,,,,
1700747526081-2-15-4-7-0,Anger,Correct,Anger,8,0.70707494,0.70707494,0.4542461037635803,0.4708208739757538,0.6568536758422852,,,,,,,,,,,,,,,
1700747538056-2-15-4-14-0,Anger,Incorrect,Disgust,-4,0.13877,0.11923426,0.0203843191266059,0.0364385955035686,0.2312331646680832,,,,,,,,,,,,,,,
1700747538056-2-15-4-14-0,Anger,Incorrect,Disgust,-3,0.12253535,0.087419674,0.0203843191266059,0.0364385955035686,0.2312331646680832,,,,,,,,,,,,,,,
1700747538056-2-15-4-14-0,Anger,Incorrect,Disgust,-2,0.13116297,0.07169975,0.0360185280442237,0.0595342554152011,0.5215910077095032,,,,,,,,,,,,,,,
1700747538056-2-15-4-14-0,Anger,Incorrect,Disgust,-1,0.38219538,0.1367266,0.3558946847915649,0.4178846776485443,0.5422149896621704,,,,,,,,,,,,,,,
1700747538056-2-15-4-14-0,Anger,Incorrect,Disgust,0,0.6416058,0.1606287,0.3558946847915649,0.4178846776485443,0.5422149896621704,,,,,,,,,,,,,,,
1700747538056-2-15-4-14-0,Anger,Incorrect,Disgust,1,0.8098786,0.12082137,0.5211628675460815,0.5852757096290588,0.5847495198249817,,,,,,,,,,,,,,,
1700747538056-2-15-4-14-0,Anger,Incorrect,Disgust,2,0.867909,0.09249514,0.5935735702514648,0.6081482768058777,0.539936900138855,,,,,,,,,,,,,,,
1700747538056-2-15-4-14-0,Anger,Incorrect,Disgust,3,0.8831879,0.086584136,0.5950520634651184,0.61338210105896,0.5835860967636108,,,,,,,,,,,,,,,
1700747538056-2-15-4-14-0,Anger,Incorrect,Disgust,4,0.88501364,0.08957442,0.5501902103424072,0.5694836974143982,0.5902953147888184,,,,,,,,,,,,,,,
1700747538056-2-15-4-14-0,Anger,Incorrect,Disgust,5,0.87838274,0.096803404,0.5501902103424072,0.5694836974143982,0.5902953147888184,,,,,,,,,,,,,,,
1700747538056-2-15-4-14-0,Anger,Incorrect,Disgust,6,0.87821054,0.10093429,0.5426364541053772,0.5709081888198853,0.573100209236145,,,,,,,,,,,,,,,
1700747538056-2-15-4-14-0,Anger,Incorrect,Disgust,7,0.88910437,0.09493024,0.5332610011100769,0.5576545000076294,0.633782684803009,,,,,,,,,,,,,,,
1700747538056-2-15-4-14-0,Anger,Incorrect,Disgust,8,0.8899624,0.096337326,0.5332610011100769,0.5576545000076294,0.633782684803009,,,,,,,,,,,,,,,
1700756274306-2-18-1-0-0,Anger,Correct,Anger,-1,0.58465207,0.58465207,0.1017405018210411,0.1343093812465667,0.7379895448684692,,,,,,,,,,,,,,,
1700756274306-2-18-1-0-0,Anger,Correct,Anger,0,0.82965356,0.82965356,0.0956494212150573,0.1197260692715644,0.6535103917121887,,,,,,,,,,,,,,,
1700756274306-2-18-1-0-0,Anger,Correct,Anger,1,0.9110647,0.9110647,0.0956494212150573,0.1197260692715644,0.6535103917121887,,,,,,,,,,,,,,,
1700756274306-2-18-1-0-0,Anger,Correct,Anger,2,0.9405411,0.9405411,0.0864998400211334,0.107120893895626,0.6397435665130615,,,,,,,,,,,,,,,
1700756274306-2-18-1-0-0,Anger,Correct,Anger,3,0.9536035,0.9536035,0.0864998400211334,0.107120893895626,0.6397435665130615,,,,,,,,,,,,,,,
1700756274306-2-18-1-0-0,Anger,Correct,Anger,4,0.96002287,0.96002287,0.0864998400211334,0.107120893895626,0.6397435665130615,,,,,,,,,,,,,,,
1700756274306-2-18-1-0-0,Anger,Correct,Anger,5,0.96280056,0.96280056,0.0804273933172226,0.099184900522232,0.6116632223129272,,,,,,,,,,,,,,,
1700756274306-2-18-1-0-0,Anger,Correct,Anger,6,0.96445423,0.96445423,0.0762731879949569,0.0940032824873924,0.5703720450401306,,,,,,,,,,,,,,,
1700756274306-2-18-1-0-0,Anger,Correct,Anger,7,0.9632073,0.9632073,0.0695590376853942,0.0905089601874351,0.5389078855514526,,,,,,,,,,,,,,,
1700756274306-2-18-1-0-0,Anger,Correct,Anger,8,0.96457446,0.96457446,0.06510741263628,0.0880847051739692,0.4976379573345184,,,,,,,,,,,,,,,
1700756280474-2-18-1-3-0,Anger,Correct,Anger,-1,0.41983512,0.41983512,0.0171899180859327,0.0317464247345924,0.2642665505409241,,,,,,,,,,,,,,,
1700756280474-2-18-1-3-0,Anger,Correct,Anger,0,0.70873713,0.70873713,0.019382843747735,0.0438258722424507,0.2993575632572174,,,,,,,,,,,,,,,
1700756280474-2-18-1-3-0,Anger,Correct,Anger,1,0.8575735,0.8575735,0.0209383070468902,0.0467058643698692,0.302606999874115,,,,,,,,,,,,,,,
1700756280474-2-18-1-3-0,Anger,Correct,Anger,2,0.91491294,0.91491294,0.0220665112137794,0.0456914231181144,0.3029599487781524,,,,,,,,,,,,,,,
1700756280474-2-18-1-3-0,Anger,Correct,Anger,3,0.93946207,0.93946207,0.0229008570313453,0.0477938652038574,0.3458637595176697,,,,,,,,,,,,,,,
1700756280474-2-18-1-3-0,Anger,Correct,Anger,4,0.9541962,0.9541962,0.0285058971494436,0.0492326654493808,0.3607633411884308,,,,,,,,,,,,,,,
1700756280474-2-18-1-3-0,Anger,Correct,Anger,5,0.9637747,0.9637747,0.0322531424462795,0.0502439513802528,0.4002444446086883,,,,,,,,,,,,,,,
1700756280474-2-18-1-3-0,Anger,Correct,Anger,6,0.96753705,0.96753705,0.0348332300782203,0.0509715676307678,0.3830264210700989,,,,,,,,,,,,,,,
1700756280474-2-18-1-3-0,Anger,Correct,Anger,7,0.9713453,0.9713453,0.0402167178690433,0.0546442382037639,0.4179611802101135,,,,,,,,,,,,,,,
1700756280474-2-18-1-3-0,Anger,Correct,Anger,8,0.9748113,0.9748113,0.0438009276986122,0.057157214730978,0.4321968853473663,,,,,,,,,,,,,,,
1700756283788-2-18-1-4-0,Anger,Correct,Anger,-2,0.14757335,0.14757335,0.0037922079209238,0.0138561883941292,0.2533272206783294,,,,,,,,,,,,,,,
1700756283788-2-18-1-4-0,Anger,Correct,Anger,-1,0.21554011,0.21554011,0.0063898782245814,0.0167299471795558,0.2401921302080154,,,,,,,,,,,,,,,
1700756283788-2-18-1-4-0,Anger,Correct,Anger,0,0.42663124,0.42663124,0.0117487413808703,0.0244538839906454,0.2945058047771454,,,,,,,,,,,,,,,
1700756283788-2-18-1-4-0,Anger,Correct,Anger,1,0.62877923,0.62877923,0.0123898619785904,0.0247410628944635,0.2917223572731018,,,,,,,,,,,,,,,
1700756283788-2-18-1-4-0,Anger,Correct,Anger,2,0.8284044,0.8284044,0.1763043254613876,0.1659259349107742,0.3242009878158569,,,,,,,,,,,,,,,
1700756283788-2-18-1-4-0,Anger,Correct,Anger,3,0.8876987,0.8876987,0.1763043254613876,0.1659259349107742,0.3242009878158569,,,,,,,,,,,,,,,
1700756283788-2-18-1-4-0,Anger,Correct,Anger,4,0.9139538,0.9139538,0.1581260412931442,0.15296670794487,0.5245660543441772,,,,,,,,,,,,,,,
1700756283788-2-18-1-4-0,Anger,Correct,Anger,5,0.9280975,0.9280975,0.142033576965332,0.1387100964784622,0.5233824253082275,,,,,,,,,,,,,,,
1700756283788-2-18-1-4-0,Anger,Correct,Anger,6,0.9439326,0.9439326,0.124120645225048,0.1124171763658523,0.428624153137207,,,,,,,,,,,,,,,
1700756283788-2-18-1-4-0,Anger,Correct,Anger,7,0.94679177,0.94679177,0.1048633530735969,0.0892461761832237,0.3450931906700134,,,,,,,,,,,,,,,
1700756283788-2-18-1-4-0,Anger,Correct,Anger,8,0.95222145,0.95222145,0.0859086215496063,0.074809230864048,0.3111244738101959,,,,,,,,,,,,,,,
1700756486528-2-18-3-2-0,Anger,Correct,Anger,-8,0.027764859,0.027764859,0.0044996417127549,0.0046606371179223,0.2504151463508606,,,,,,,,,,,,,,,
1700756486528-2-18-3-2-0,Anger,Correct,Anger,-7,0.013135458,0.013135458,0.0032191078644245,0.0029871047008782,0.2602809369564056,,,,,,,,,,,,,,,
1700756486528-2-18-3-2-0,Anger,Correct,Anger,-6,0.007686568,0.007686568,0.0023580251727253,0.0019920708145946,0.2231168150901794,,,,,,,,,,,,,,,
1700756486528-2-18-3-2-0,Anger,Correct,Anger,-5,0.0054976204,0.0054976204,0.0017620787257328,0.001374531770125,0.2694450914859772,,,,,,,,,,,,,,,
1700756486528-2-18-3-2-0,Anger,Correct,Anger,-4,0.0033495685,0.0033495685,0.0013390615349635,0.0009764120331965,0.2938568890094757,,,,,,,,,,,,,,,
1700756486528-2-18-3-2-0,Anger,Correct,Anger,-3,0.0046023875,0.0046023875,0.0039767320267856,0.0060538942925632,0.4481117129325866,,,,,,,,,,,,,,,
1700756486528-2-18-3-2-0,Anger,Correct,Anger,-2,0.019208947,0.019208947,0.0160932876169681,0.0367892645299434,0.5694087743759155,,,,,,,,,,,,,,,
1700756486528-2-18-3-2-0,Anger,Correct,Anger,-1,0.19158287,0.19158287,0.0238317921757698,0.0535376854240894,0.6044102311134338,,,,,,,,,,,,,,,
1700756486528-2-18-3-2-0,Anger,Correct,Anger,0,0.6655441,0.6655441,0.033292818814516,0.0683936402201652,0.7029712796211243,,,,,,,,,,,,,,,
1700756486528-2-18-3-2-0,Anger,Correct,Anger,1,0.89134234,0.89134234,0.0438665561378002,0.0768162757158279,0.6963775157928467,,,,,,,,,,,,,,,
1700756486528-2-18-3-2-0,Anger,Correct,Anger,2,0.9460747,0.9460747,0.0634208545088768,0.0890563502907753,0.7352311611175537,,,,,,,,,,,,,,,
1700756486528-2-18-3-2-0,Anger,Correct,Anger,3,0.96370137,0.96370137,0.0887845084071159,0.1160335466265678,0.720952033996582,,,,,,,,,,,,,,,
1700756486528-2-18-3-2-0,Anger,Correct,Anger,4,0.97288257,0.97288257,0.1844517439603805,0.2126292288303375,0.5367878079414368,,,,,,,,,,,,,,,
1700756486528-2-18-3-2-0,Anger,Correct,Anger,5,0.97478694,0.97478694,0.1844517439603805,0.2126292288303375,0.5367878079414368,,,,,,,,,,,,,,,
1700756486528-2-18-3-2-0,Anger,Correct,Anger,6,0.9797774,0.9797774,0.1870070993900299,0.2309721559286117,0.6223093867301941,,,,,,,,,,,,,,,
1700756486528-2-18-3-2-0,Anger,Correct,Anger,7,0.9795027,0.9795027,0.1747640371322631,0.2159688174724578,0.6996775269508362,,,,,,,,,,,,,,,
1700756486528-2-18-3-2-0,Anger,Correct,Anger,8,0.9798321,0.9798321,0.1313223987817764,0.1767729371786117,0.785027027130127,,,,,,,,,,,,,,,
1700756499157-2-18-3-8-0,Anger,Correct,Anger,-1,0.7025832,0.7025832,0.2227834612131118,0.2367627322673797,0.527326226234436,,,,,,,,,,,,,,,
1700756499157-2-18-3-8-0,Anger,Correct,Anger,0,0.90198547,0.90198547,0.2026478499174118,0.2159668803215026,0.6223940253257751,,,,,,,,,,,,,,,
1700756499157-2-18-3-8-0,Anger,Correct,Anger,1,0.95174,0.95174,0.2026478499174118,0.2159668803215026,0.6223940253257751,,,,,,,,,,,,,,,
1700756499157-2-18-3-8-0,Anger,Correct,Anger,2,0.97100013,0.97100013,0.1431496888399124,0.1437353789806366,0.7354868650436401,,,,,,,,,,,,,,,
1700756499157-2-18-3-8-0,Anger,Correct,Anger,3,0.97842056,0.97842056,0.1431496888399124,0.1437353789806366,0.7354868650436401,,,,,,,,,,,,,,,
1700756499157-2-18-3-8-0,Anger,Correct,Anger,4,0.9812058,0.9812058,0.1011186242103576,0.1007517725229263,0.6687071323394775,,,,,,,,,,,,,,,
1700756499157-2-18-3-8-0,Anger,Correct,Anger,5,0.983185,0.983185,0.0885927230119705,0.0869827196002006,0.6555163860321045,,,,,,,,,,,,,,,
1700756499157-2-18-3-8-0,Anger,Correct,Anger,6,0.9844677,0.9844677,0.0885927230119705,0.0869827196002006,0.6555163860321045,,,,,,,,,,,,,,,
1700756499157-2-18-3-8-0,Anger,Correct,Anger,7,0.9852535,0.9852535,0.0760233402252197,0.0782153233885765,0.6386788487434387,,,,,,,,,,,,,,,
1700756499157-2-18-3-8-0,Anger,Correct,Anger,8,0.98561215,0.98561215,0.0727927461266517,0.0738875046372413,0.6319115161895752,,,,,,,,,,,,,,,
1700756716598-2-18-4-7-0,Anger,Correct,Anger,-7,0.08255285,0.08255285,0.0020291092805564,0.0025199905503541,0.0501283667981624,,,,,,,,,,,,,,,
1700756716598-2-18-4-7-0,Anger,Correct,Anger,-6,0.04401622,0.04401622,0.0016296367393806,0.0051218494772911,0.1407975405454635,,,,,,,,,,,,,,,
1700756716598-2-18-4-7-0,Anger,Correct,Anger,-5,0.022576937,0.022576937,0.0046891779638826,0.0172306057065725,0.2688488364219665,,,,,,,,,,,,,,,
1700756716598-2-18-4-7-0,Anger,Correct,Anger,-4,0.011945882,0.011945882,0.0104614263400435,0.0248439777642488,0.3003821671009063,,,,,,,,,,,,,,,
1700756716598-2-18-4-7-0,Anger,Correct,Anger,-3,0.0077593145,0.0077593145,0.0416514948010444,0.0546293258666992,0.3192008435726166,,,,,,,,,,,,,,,
1700756716598-2-18-4-7-0,Anger,Correct,Anger,-2,0.023141274,0.023141274,0.0928131565451622,0.1190048605203628,0.3787254393100738,,,,,,,,,,,,,,,
1700756716598-2-18-4-7-0,Anger,Correct,Anger,-1,0.14933018,0.14933018,0.0928131565451622,0.1190048605203628,0.3787254393100738,,,,,,,,,,,,,,,
1700756716598-2-18-4-7-0,Anger,Correct,Anger,0,0.45418096,0.45418096,0.1043789535760879,0.1319419741630554,0.4301545619964599,,,,,,,,,,,,,,,
1700756716598-2-18-4-7-0,Anger,Correct,Anger,1,0.5767472,0.5767472,0.1184632629156112,0.1529159843921661,0.5010629296302795,,,,,,,,,,,,,,,
1700756716598-2-18-4-7-0,Anger,Correct,Anger,2,0.621752,0.621752,0.1151908263564109,0.150610864162445,0.5218883752822876,,,,,,,,,,,,,,,
1700756716598-2-18-4-7-0,Anger,Correct,Anger,3,0.6529592,0.6529592,0.1131307259202003,0.1459821313619613,0.6022276282310486,,,,,,,,,,,,,,,
1700756716598-2-18-4-7-0,Anger,Correct,Anger,4,0.6639038,0.6639038,0.1151698976755142,0.1462861001491546,0.6630397439002991,,,,,,,,,,,,,,,
1700756716598-2-18-4-7-0,Anger,Correct,Anger,5,0.6424586,0.6424586,0.1277949661016464,0.1576476842164993,0.6772573590278625,,,,,,,,,,,,,,,
1700756716598-2-18-4-7-0,Anger,Correct,Anger,6,0.6320303,0.6320303,0.1304669976234436,0.1547264158725738,0.7174097299575806,,,,,,,,,,,,,,,
1700756716598-2-18-4-7-0,Anger,Correct,Anger,7,0.66179156,0.66179156,0.1278473734855651,0.1509025394916534,0.708538830280304,,,,,,,,,,,,,,,
1700756716598-2-18-4-7-0,Anger,Correct,Anger,8,0.7142473,0.7142473,0.1302514225244522,0.147929847240448,0.6970859169960022,,,,,,,,,,,,,,,
1700756722474-2-18-4-10-0,Anger,Correct,Anger,-1,0.67613816,0.67613816,0.0529253780841827,0.0706368461251258,0.5228858590126038,,,,,,,,,,,,,,,
1700756722474-2-18-4-10-0,Anger,Correct,Anger,0,0.8992482,0.8992482,0.0558279938995838,0.0732482001185417,0.5105050802230835,,,,,,,,,,,,,,,
1700756722474-2-18-4-10-0,Anger,Correct,Anger,1,0.9548029,0.9548029,0.0550021007657051,0.0702187120914459,0.4903530478477478,,,,,,,,,,,,,,,
1700756722474-2-18-4-10-0,Anger,Correct,Anger,2,0.97212076,0.97212076,0.0521839931607246,0.0661707893013954,0.4920092225074768,,,,,,,,,,,,,,,
1700756722474-2-18-4-10-0,Anger,Correct,Anger,3,0.97901917,0.97901917,0.0525868013501167,0.0610598884522914,0.4672800004482269,,,,,,,,,,,,,,,
1700756722474-2-18-4-10-0,Anger,Correct,Anger,4,0.98196167,0.98196167,0.0486469827592372,0.052674151957035,0.4603867828845978,,,,,,,,,,,,,,,
1700756722474-2-18-4-10-0,Anger,Correct,Anger,5,0.9832323,0.9832323,0.0463541746139526,0.0503294356167316,0.4357416927814483,,,,,,,,,,,,,,,
1700756722474-2-18-4-10-0,Anger,Correct,Anger,6,0.98423845,0.98423845,0.0463541746139526,0.0503294356167316,0.4357416927814483,,,,,,,,,,,,,,,
1700756722474-2-18-4-10-0,Anger,Correct,Anger,7,0.98468995,0.98468995,0.0455724783241748,0.0485257692635059,0.4345293045043945,,,,,,,,,,,,,,,
1700756722474-2-18-4-10-0,Anger,Correct,Anger,8,0.98506355,0.98506355,0.0455724783241748,0.0485257692635059,0.4345293045043945,,,,,,,,,,,,,,,
1700756728630-2-18-4-14-0,Anger,Correct,Anger,-1,0.633408,0.633408,0.117587000131607,0.1477168053388595,0.6916670203208923,,,,,,,,,,,,,,,
1700756728630-2-18-4-14-0,Anger,Correct,Anger,0,0.85106385,0.85106385,0.1041006371378898,0.1398771405220031,0.7183881998062134,,,,,,,,,,,,,,,
1700756728630-2-18-4-14-0,Anger,Correct,Anger,1,0.923467,0.923467,0.0945386737585067,0.1337384730577469,0.7196953296661377,,,,,,,,,,,,,,,
1700756728630-2-18-4-14-0,Anger,Correct,Anger,2,0.9488354,0.9488354,0.0876059532165527,0.1288892775774002,0.7647047638893127,,,,,,,,,,,,,,,
1700756728630-2-18-4-14-0,Anger,Correct,Anger,3,0.96334004,0.96334004,0.0861708223819732,0.1198762655258178,0.7783833742141724,,,,,,,,,,,,,,,
1700756728630-2-18-4-14-0,Anger,Correct,Anger,4,0.9704804,0.9704804,0.0876484662294387,0.1197500675916671,0.7682945132255554,,,,,,,,,,,,,,,
1700756728630-2-18-4-14-0,Anger,Correct,Anger,5,0.973484,0.973484,0.0863550752401351,0.1176352873444557,0.7413011193275452,,,,,,,,,,,,,,,
1700756728630-2-18-4-14-0,Anger,Correct,Anger,6,0.97633857,0.97633857,0.0853248387575149,0.1159339174628257,0.7234233617782593,,,,,,,,,,,,,,,
1700756728630-2-18-4-14-0,Anger,Correct,Anger,7,0.9781542,0.9781542,0.0869015604257583,0.1167538091540336,0.7204883694648743,,,,,,,,,,,,,,,
1700756728630-2-18-4-14-0,Anger,Correct,Anger,8,0.9796498,0.9796498,0.0858540683984756,0.1103172600269317,0.7346546053886414,,,,,,,,,,,,,,,
1700756743678-2-18-4-22-0,Anger,Correct,Anger,-1,0.58736026,0.58736026,0.0414407178759574,0.0457117445766925,0.4438402652740478,,,,,,,,,,,,,,,
1700756743678-2-18-4-22-0,Anger,Correct,Anger,0,0.82152104,0.82152104,0.0370636768639087,0.0447843112051487,0.4358527660369873,,,,,,,,,,,,,,,
1700756743678-2-18-4-22-0,Anger,Correct,Anger,1,0.90881306,0.90881306,0.0341016724705696,0.0441521666944026,0.4471018612384796,,,,,,,,,,,,,,,
1700756743678-2-18-4-22-0,Anger,Correct,Anger,2,0.9428789,0.9428789,0.0355926863849163,0.0459209382534027,0.4561432600021362,,,,,,,,,,,,,,,
1700756743678-2-18-4-22-0,Anger,Correct,Anger,3,0.9571774,0.9571774,0.0331482663750648,0.0450517460703849,0.428897887468338,,,,,,,,,,,,,,,
1700756743678-2-18-4-22-0,Anger,Correct,Anger,4,0.9638183,0.9638183,0.0349322818219661,0.0444252230226993,0.4236426949501037,,,,,,,,,,,,,,,
1700756743678-2-18-4-22-0,Anger,Correct,Anger,5,0.9664453,0.9664453,0.0327382311224937,0.0439643748104572,0.422490119934082,,,,,,,,,,,,,,,
1700756743678-2-18-4-22-0,Anger,Correct,Anger,6,0.96864676,0.96864676,0.0346856340765953,0.0457538962364196,0.397756427526474,,,,,,,,,,,,,,,
1700756743678-2-18-4-22-0,Anger,Correct,Anger,7,0.9671492,0.9671492,0.0404547303915023,0.046120636165142,0.4069263041019439,,,,,,,,,,,,,,,
1700756743678-2-18-4-22-0,Anger,Correct,Anger,8,0.9671563,0.9671563,0.0404547303915023,0.046120636165142,0.4069263041019439,,,,,,,,,,,,,,,
1701085606801-2-23-3-2-0,Anger,Correct,Anger,-8,0.044673957,0.044673957,0.1206045895814895,0.164154976606369,0.2657918930053711,,,,,,,,,,,,,,,
1701085606801-2-23-3-2-0,Anger,Correct,Anger,-7,0.02479003,0.02479003,0.1114645451307296,0.1568471491336822,0.237082228064537,,,,,,,,,,,,,,,
1701085606801-2-23-3-2-0,Anger,Correct,Anger,-6,0.016112322,0.016112322,0.1070293486118316,0.1531866639852523,0.2539897859096527,,,,,,,,,,,,,,,
1701085606801-2-23-3-2-0,Anger,Correct,Anger,-5,0.012801776,0.012801776,0.1047334596514701,0.1556412428617477,0.2583299875259399,,,,,,,,,,,,,,,
1701085606801-2-23-3-2-0,Anger,Correct,Anger,-4,0.011051743,0.011051743,0.0899763330817222,0.1477911621332168,0.2595735192298889,,,,,,,,,,,,,,,
1701085606801-2-23-3-2-0,Anger,Correct,Anger,-3,0.014719078,0.014719078,0.0987436920404434,0.1511334776878357,0.2566942274570465,,,,,,,,,,,,,,,
1701085606801-2-23-3-2-0,Anger,Correct,Anger,-2,0.019282678,0.019282678,0.0995269641280174,0.1460292190313339,0.2871930003166199,,,,,,,,,,,,,,,
1701085606801-2-23-3-2-0,Anger,Correct,Anger,-1,0.11258739,0.11258739,0.1418816149234771,0.1864685863256454,0.3912779092788696,,,,,,,,,,,,,,,
1701085606801-2-23-3-2-0,Anger,Correct,Anger,0,0.78167707,0.78167707,0.2005745023488998,0.2633361220359802,0.4845899045467376,,,,,,,,,,,,,,,
1701085606801-2-23-3-2-0,Anger,Correct,Anger,1,0.9539071,0.9539071,0.2940436601638794,0.3338459432125091,0.4814701080322265,,,,,,,,,,,,,,,
1701085606801-2-23-3-2-0,Anger,Correct,Anger,2,0.9767273,0.9767273,0.2940436601638794,0.3338459432125091,0.4814701080322265,,,,,,,,,,,,,,,
1701085606801-2-23-3-2-0,Anger,Correct,Anger,3,0.9826497,0.9826497,0.3193797469139099,0.3422957062721252,0.4904704689979553,,,,,,,,,,,,,,,
1701085606801-2-23-3-2-0,Anger,Correct,Anger,4,0.9840836,0.9840836,0.3193797469139099,0.3422957062721252,0.4904704689979553,,,,,,,,,,,,,,,
1701085606801-2-23-3-2-0,Anger,Correct,Anger,5,0.983011,0.983011,0.347210168838501,0.3522710800170898,0.5014181733131409,,,,,,,,,,,,,,,
1701085606801-2-23-3-2-0,Anger,Correct,Anger,6,0.9819979,0.9819979,0.347210168838501,0.3522710800170898,0.5014181733131409,,,,,,,,,,,,,,,
1701085606801-2-23-3-2-0,Anger,Correct,Anger,7,0.9819051,0.9819051,0.3585396409034729,0.3764126598834991,0.5458224415779114,,,,,,,,,,,,,,,
1701085606801-2-23-3-2-0,Anger,Correct,Anger,8,0.9808384,0.9808384,0.3585396409034729,0.3764126598834991,0.5458224415779114,,,,,,,,,,,,,,,
1701085619479-2-23-3-8-0,Anger,Correct,Anger,-8,0.0035501507,0.0035501507,0.0631489306688308,0.0007117944769561,0.000548576877918,,,,,,,,,,,,,,,
1701085619479-2-23-3-8-0,Anger,Correct,Anger,-7,0.0025705479,0.0025705479,0.0542504340410232,0.0005388151039369,0.0003473903925623,,,,,,,,,,,,,,,
1701085619479-2-23-3-8-0,Anger,Correct,Anger,-6,0.00199515,0.00199515,0.0576888211071491,0.000413927831687,0.0004161722317803,,,,,,,,,,,,,,,
1701085619479-2-23-3-8-0,Anger,Correct,Anger,-5,0.0017175688,0.0017175688,0.0632381439208984,0.0003219390637241,0.0107619315385818,,,,,,,,,,,,,,,
1701085619479-2-23-3-8-0,Anger,Correct,Anger,-4,0.0016153408,0.0016153408,0.079412542283535,0.00025299313711,0.0479996316134929,,,,,,,,,,,,,,,
1701085619479-2-23-3-8-0,Anger,Correct,Anger,-3,0.0018520203,0.0018520203,0.0949438288807869,0.0002005313581321,0.0794844031333923,,,,,,,,,,,,,,,
1701085619479-2-23-3-8-0,Anger,Correct,Anger,-2,0.003303055,0.003303055,0.1255232691764831,0.0246389489620924,0.3058521747589111,,,,,,,,,,,,,,,
1701085619479-2-23-3-8-0,Anger,Correct,Anger,-1,0.22661893,0.22661893,0.3097067475318908,0.1983001828193664,0.5154139399528503,,,,,,,,,,,,,,,
1701085619479-2-23-3-8-0,Anger,Correct,Anger,0,0.82368565,0.82368565,0.3097067475318908,0.1983001828193664,0.5154139399528503,,,,,,,,,,,,,,,
1701085619479-2-23-3-8-0,Anger,Correct,Anger,1,0.8830502,0.8830502,0.4442822635173797,0.3417681455612182,0.5960577130317688,,,,,,,,,,,,,,,
1701085619479-2-23-3-8-0,Anger,Correct,Anger,2,0.90826774,0.90826774,0.497448980808258,0.4197419583797455,0.6942897439002991,,,,,,,,,,,,,,,
1701085619479-2-23-3-8-0,Anger,Correct,Anger,3,0.92125684,0.92125684,0.497448980808258,0.4197419583797455,0.6942897439002991,,,,,,,,,,,,,,,
1701085619479-2-23-3-8-0,Anger,Correct,Anger,4,0.9294751,0.9294751,0.5121188759803772,0.438498318195343,0.7218549847602844,,,,,,,,,,,,,,,
1701085619479-2-23-3-8-0,Anger,Correct,Anger,5,0.92676234,0.92676234,0.4942485988140106,0.4126169979572296,0.6963057518005371,,,,,,,,,,,,,,,
1701085619479-2-23-3-8-0,Anger,Correct,Anger,6,0.9284871,0.9284871,0.4869654178619385,0.4129103124141693,0.72150057554245,,,,,,,,,,,,,,,
1701085619479-2-23-3-8-0,Anger,Correct,Anger,7,0.92633665,0.92633665,0.4680449664592743,0.3933053016662597,0.7124642133712769,,,,,,,,,,,,,,,
1701085619479-2-23-3-8-0,Anger,Correct,Anger,8,0.9326066,0.9326066,0.4543514847755432,0.3778851330280304,0.6720402836799622,,,,,,,,,,,,,,,
1701085622872-2-23-3-10-0,Anger,Correct,Anger,-8,0.015656956,0.015656956,0.2075690180063247,0.1375463306903839,0.2678698599338531,,,,,,,,,,,,,,,
1701085622872-2-23-3-10-0,Anger,Correct,Anger,-7,0.017233478,0.017233478,0.2050956785678863,0.1351267248392105,0.3566963970661163,,,,,,,,,,,,,,,
1701085622872-2-23-3-10-0,Anger,Correct,Anger,-6,0.017166695,0.017166695,0.2146084010601043,0.1336259692907333,0.4075623452663421,,,,,,,,,,,,,,,
1701085622872-2-23-3-10-0,Anger,Correct,Anger,-5,0.017267523,0.017267523,0.2309792339801788,0.1463451236486435,0.4860221445560455,,,,,,,,,,,,,,,
1701085622872-2-23-3-10-0,Anger,Correct,Anger,-4,0.019806579,0.019806579,0.2259559482336044,0.1456579715013504,0.5175355672836304,,,,,,,,,,,,,,,
1701085622872-2-23-3-10-0,Anger,Correct,Anger,-3,0.02341869,0.02341869,0.209505096077919,0.131039097905159,0.5300993323326111,,,,,,,,,,,,,,,
1701085622872-2-23-3-10-0,Anger,Correct,Anger,-2,0.05975459,0.05975459,0.210032656788826,0.1349867433309555,0.5466082692146301,,,,,,,,,,,,,,,
1701085622872-2-23-3-10-0,Anger,Correct,Anger,-1,0.12793641,0.12793641,0.2210981398820877,0.1602983474731445,0.584480881690979,,,,,,,,,,,,,,,
1701085622872-2-23-3-10-0,Anger,Correct,Anger,0,0.49351484,0.49351484,0.2394775003194809,0.1907068490982055,0.6797675490379333,,,,,,,,,,,,,,,
1701085622872-2-23-3-10-0,Anger,Correct,Anger,1,0.83872515,0.83872515,0.2394775003194809,0.1907068490982055,0.6797675490379333,,,,,,,,,,,,,,,
1701085622872-2-23-3-10-0,Anger,Correct,Anger,2,0.9389502,0.9389502,0.2568036615848541,0.2185311168432235,0.7473167777061462,,,,,,,,,,,,,,,
1701085622872-2-23-3-10-0,Anger,Correct,Anger,3,0.96507305,0.96507305,0.2661458849906921,0.2316888719797134,0.7510077953338623,,,,,,,,,,,,,,,
1701085622872-2-23-3-10-0,Anger,Correct,Anger,4,0.9750392,0.9750392,0.2921990156173706,0.2383439838886261,0.788232147693634,,,,,,,,,,,,,,,
1701085622872-2-23-3-10-0,Anger,Correct,Anger,5,0.9789878,0.9789878,0.3214651942253113,0.2674825489521026,0.8545969724655151,,,,,,,,,,,,,,,
1701085622872-2-23-3-10-0,Anger,Correct,Anger,6,0.9806009,0.9806009,0.3519430756568908,0.2808083891868591,0.8582533001899719,,,,,,,,,,,,,,,
1701085622872-2-23-3-10-0,Anger,Correct,Anger,7,0.9813898,0.9813898,0.3469930291175842,0.2713129222393036,0.8481491804122925,,,,,,,,,,,,,,,
1701085622872-2-23-3-10-0,Anger,Correct,Anger,8,0.9819806,0.9819806,0.3396675288677215,0.2635113298892975,0.8473155498504639,,,,,,,,,,,,,,,
1701085795548-2-23-4-7-0,Anger,Correct,Anger,-4,0.2724143,0.2724143,0.2238477021455764,0.2672992646694183,0.1096090674400329,,,,,,,,,,,,,,,
1701085795548-2-23-4-7-0,Anger,Correct,Anger,-3,0.3975565,0.3975565,0.24592886865139,0.3224656283855438,0.0212802533060312,,,,,,,,,,,,,,,
1701085795548-2-23-4-7-0,Anger,Correct,Anger,-2,0.45965636,0.45965636,0.2482482343912124,0.3254005908966064,0.0411628074944019,,,,,,,,,,,,,,,
1701085795548-2-23-4-7-0,Anger,Correct,Anger,-1,0.67708194,0.67708194,0.2856991291046142,0.3493035435676574,0.0888497903943061,,,,,,,,,,,,,,,
1701085795548-2-23-4-7-0,Anger,Correct,Anger,0,0.90114427,0.90114427,0.2956465482711792,0.3397821485996246,0.1347325295209884,,,,,,,,,,,,,,,
1701085795548-2-23-4-7-0,Anger,Correct,Anger,1,0.9512705,0.9512705,0.2956465482711792,0.3397821485996246,0.1347325295209884,,,,,,,,,,,,,,,
1701085795548-2-23-4-7-0,Anger,Correct,Anger,2,0.9679385,0.9679385,0.3109460771083832,0.3180188238620758,0.1382527202367782,,,,,,,,,,,,,,,
1701085795548-2-23-4-7-0,Anger,Correct,Anger,3,0.973872,0.973872,0.3023643493652344,0.3032220602035522,0.1886124014854431,,,,,,,,,,,,,,,
1701085795548-2-23-4-7-0,Anger,Correct,Anger,4,0.97440153,0.97440153,0.2954935431480407,0.287353903055191,0.1633953154087066,,,,,,,,,,,,,,,
1701085795548-2-23-4-7-0,Anger,Correct,Anger,5,0.9745242,0.9745242,0.2797277569770813,0.2621499598026275,0.1252928227186203,,,,,,,,,,,,,,,
1701085795548-2-23-4-7-0,Anger,Correct,Anger,6,0.9740068,0.9740068,0.2610587179660797,0.2476304024457931,0.1314200758934021,,,,,,,,,,,,,,,
1701085795548-2-23-4-7-0,Anger,Correct,Anger,7,0.97297025,0.97297025,0.2560885846614837,0.2432402670383453,0.1180973649024963,,,,,,,,,,,,,,,
1701085795548-2-23-4-7-0,Anger,Correct,Anger,8,0.97134376,0.97134376,0.2524859607219696,0.2402674853801727,0.1145660802721977,,,,,,,,,,,,,,,
1701085800908-2-23-4-10-0,Anger,Correct,Anger,-8,0.0056848377,0.0056848377,0.1187014058232307,0.1562718003988266,0.0021500345319509,,,,,,,,,,,,,,,
1701085800908-2-23-4-10-0,Anger,Correct,Anger,-7,0.004264988,0.004264988,0.1250455826520919,0.1702750623226165,0.0252299048006534,,,,,,,,,,,,,,,
1701085800908-2-23-4-10-0,Anger,Correct,Anger,-6,0.0034691696,0.0034691696,0.1250455826520919,0.1702750623226165,0.0252299048006534,,,,,,,,,,,,,,,
1701085800908-2-23-4-10-0,Anger,Correct,Anger,-5,0.0030931623,0.0030931623,0.1388846337795257,0.1855472326278686,0.020306646823883,,,,,,,,,,,,,,,
1701085800908-2-23-4-10-0,Anger,Correct,Anger,-4,0.0033343192,0.0033343192,0.170353889465332,0.2261179387569427,0.1306752264499664,,,,,,,,,,,,,,,
1701085800908-2-23-4-10-0,Anger,Correct,Anger,-3,0.004559229,0.004559229,0.1849504858255386,0.2500122785568237,0.2224650979042053,,,,,,,,,,,,,,,
1701085800908-2-23-4-10-0,Anger,Correct,Anger,-2,0.013358721,0.013358721,0.2037003934383392,0.270082414150238,0.2941577136516571,,,,,,,,,,,,,,,
1701085800908-2-23-4-10-0,Anger,Correct,Anger,-1,0.37536672,0.37536672,0.2214708030223846,0.2952010929584503,0.3642506897449493,,,,,,,,,,,,,,,
1701085800908-2-23-4-10-0,Anger,Correct,Anger,0,0.8602811,0.8602811,0.2519029676914215,0.3191125392913818,0.4453082978725433,,,,,,,,,,,,,,,
1701085800908-2-23-4-10-0,Anger,Correct,Anger,1,0.90004283,0.90004283,0.3078192770481109,0.3389864265918731,0.5155377388000488,,,,,,,,,,,,,,,
1701085800908-2-23-4-10-0,Anger,Correct,Anger,2,0.9264733,0.9264733,0.3286731839179992,0.3390940129756927,0.5350431799888611,,,,,,,,,,,,,,,
1701085800908-2-23-4-10-0,Anger,Correct,Anger,3,0.9264695,0.9264695,0.3189163208007812,0.3346909284591675,0.5196271538734436,,,,,,,,,,,,,,,
1701085800908-2-23-4-10-0,Anger,Correct,Anger,4,0.92780745,0.92780745,0.3182717859745025,0.3288150131702423,0.5080055594444275,,,,,,,,,,,,,,,
1701085800908-2-23-4-10-0,Anger,Correct,Anger,5,0.92889774,0.92889774,0.3179355263710022,0.328509658575058,0.517731785774231,,,,,,,,,,,,,,,
1701085800908-2-23-4-10-0,Anger,Correct,Anger,6,0.92781824,0.92781824,0.3177497982978821,0.33237424492836,0.5343909859657288,,,,,,,,,,,,,,,
1701085800908-2-23-4-10-0,Anger,Correct,Anger,7,0.92914355,0.92914355,0.3112779557704925,0.3260886073112488,0.510682225227356,,,,,,,,,,,,,,,
1701085800908-2-23-4-10-0,Anger,Correct,Anger,8,0.92950267,0.92950267,0.3064937889575958,0.313829630613327,0.5071403980255127,,,,,,,,,,,,,,,
1701085807269-2-23-4-14-0,Anger,Correct,Anger,-8,0.05564936,0.05564936,0.0251514501869678,0.2291667610406875,0.0775957703590393,,,,,,,,,,,,,,,
1701085807269-2-23-4-14-0,Anger,Correct,Anger,-7,0.051847987,0.051847987,0.0353811122477054,0.2458618432283401,0.0894911959767341,,,,,,,,,,,,,,,
1701085807269-2-23-4-14-0,Anger,Correct,Anger,-6,0.05143058,0.05143058,0.0373334698379039,0.2505298554897308,0.0951244011521339,,,,,,,,,,,,,,,
1701085807269-2-23-4-14-0,Anger,Correct,Anger,-5,0.05387288,0.05387288,0.0588234066963195,0.2552342116832733,0.0979392603039741,,,,,,,,,,,,,,,
1701085807269-2-23-4-14-0,Anger,Correct,Anger,-4,0.058612872,0.058612872,0.0647690519690513,0.2561685740947723,0.121823139488697,,,,,,,,,,,,,,,
1701085807269-2-23-4-14-0,Anger,Correct,Anger,-3,0.07310618,0.07310618,0.0589655525982379,0.2503878772258758,0.2354618161916732,,,,,,,,,,,,,,,
1701085807269-2-23-4-14-0,Anger,Correct,Anger,-2,0.107085854,0.107085854,0.0558392740786075,0.2444838434457779,0.3322899341583252,,,,,,,,,,,,,,,
1701085807269-2-23-4-14-0,Anger,Correct,Anger,-1,0.21515001,0.21515001,0.051472995430231,0.2309634685516357,0.4057694673538208,,,,,,,,,,,,,,,
1701085807269-2-23-4-14-0,Anger,Correct,Anger,0,0.4645773,0.4645773,0.0526760891079902,0.2232021391391754,0.4629510939121246,,,,,,,,,,,,,,,
1701085807269-2-23-4-14-0,Anger,Correct,Anger,1,0.65848196,0.65848196,0.0526760891079902,0.2232021391391754,0.4629510939121246,,,,,,,,,,,,,,,
1701085807269-2-23-4-14-0,Anger,Correct,Anger,2,0.77976894,0.77976894,0.0600972771644592,0.2152507305145263,0.487998902797699,,,,,,,,,,,,,,,
1701085807269-2-23-4-14-0,Anger,Correct,Anger,3,0.8568887,0.8568887,0.0594505965709686,0.2071721702814102,0.5166699290275574,,,,,,,,,,,,,,,
1701085807269-2-23-4-14-0,Anger,Correct,Anger,4,0.9095665,0.9095665,0.0798468738794326,0.2113475501537323,0.5565434098243713,,,,,,,,,,,,,,,
1701085807269-2-23-4-14-0,Anger,Correct,Anger,5,0.92505693,0.92505693,0.0798468738794326,0.2113475501537323,0.5565434098243713,,,,,,,,,,,,,,,
1701085807269-2-23-4-14-0,Anger,Correct,Anger,6,0.9386212,0.9386212,0.1269218921661377,0.2408334016799926,0.6026349067687988,,,,,,,,,,,,,,,
1701085807269-2-23-4-14-0,Anger,Correct,Anger,7,0.94182855,0.94182855,0.1478956788778305,0.2531696557998657,0.5892911553382874,,,,,,,,,,,,,,,
1701085807269-2-23-4-14-0,Anger,Correct,Anger,8,0.9438469,0.9438469,0.1769378036260604,0.2628821730613708,0.604214608669281,,,,,,,,,,,,,,,
1701085821482-2-23-4-22-0,Anger,Correct,Anger,-8,0.025382007,0.025382007,0.0710946097970008,0.0846726670861244,0.1506194621324539,,,,,,,,,,,,,,,
1701085821482-2-23-4-22-0,Anger,Correct,Anger,-7,0.031607386,0.031607386,0.0729077011346817,0.0973971709609031,0.168325662612915,,,,,,,,,,,,,,,
1701085821482-2-23-4-22-0,Anger,Correct,Anger,-6,0.04104969,0.04104969,0.0806886777281761,0.1054972559213638,0.1664809137582779,,,,,,,,,,,,,,,
1701085821482-2-23-4-22-0,Anger,Correct,Anger,-5,0.053645458,0.053645458,0.0872378200292587,0.1235648319125175,0.1339098662137985,,,,,,,,,,,,,,,
1701085821482-2-23-4-22-0,Anger,Correct,Anger,-4,0.06639461,0.06639461,0.0893274620175361,0.1271636337041854,0.1270209401845932,,,,,,,,,,,,,,,
1701085821482-2-23-4-22-0,Anger,Correct,Anger,-3,0.081384316,0.081384316,0.0885479375720024,0.129565954208374,0.1165576577186584,,,,,,,,,,,,,,,
1701085821482-2-23-4-22-0,Anger,Correct,Anger,-2,0.14333972,0.14333972,0.09029471129179,0.1371750682592392,0.1325570791959762,,,,,,,,,,,,,,,
1701085821482-2-23-4-22-0,Anger,Correct,Anger,-1,0.25945723,0.25945723,0.09029471129179,0.1371750682592392,0.1325570791959762,,,,,,,,,,,,,,,
1701085821482-2-23-4-22-0,Anger,Correct,Anger,0,0.69517493,0.69517493,0.1079285517334938,0.1654756069183349,0.1830300986766815,,,,,,,,,,,,,,,
1701085821482-2-23-4-22-0,Anger,Correct,Anger,1,0.8944719,0.8944719,0.1320051997900009,0.1813577562570572,0.2245767563581466,,,,,,,,,,,,,,,
1701085821482-2-23-4-22-0,Anger,Correct,Anger,2,0.9438704,0.9438704,0.1674478203058242,0.2149829119443893,0.2555782496929168,,,,,,,,,,,,,,,
1701085821482-2-23-4-22-0,Anger,Correct,Anger,3,0.9623379,0.9623379,0.1674478203058242,0.2149829119443893,0.2555782496929168,,,,,,,,,,,,,,,
1701085821482-2-23-4-22-0,Anger,Correct,Anger,4,0.97359765,0.97359765,0.2098632007837295,0.2420080453157425,0.2978602647781372,,,,,,,,,,,,,,,
1701085821482-2-23-4-22-0,Anger,Correct,Anger,5,0.9728617,0.9728617,0.2003472596406936,0.2338838130235672,0.3143509924411773,,,,,,,,,,,,,,,
1701085821482-2-23-4-22-0,Anger,Correct,Anger,6,0.971788,0.971788,0.2003472596406936,0.2338838130235672,0.3143509924411773,,,,,,,,,,,,,,,
1701085821482-2-23-4-22-0,Anger,Correct,Anger,7,0.9718107,0.9718107,0.175421267747879,0.2027336061000824,0.3143386840820312,,,,,,,,,,,,,,,
1701085821482-2-23-4-22-0,Anger,Correct,Anger,8,0.972259,0.972259,0.1714010089635849,0.1980510056018829,0.335675299167633,,,,,,,,,,,,,,,
1701094438118-2-27-1-0-0,Anger,Incorrect,Disgust,-8,0.018332725,0.08634428,0.001135732512921,0.0131017388775944,0.2942091524600982,,,,,,,,,,,,,,,
1701094438118-2-27-1-0-0,Anger,Incorrect,Disgust,-7,0.017680699,0.09702731,0.0087388576939702,0.0230411775410175,0.457224577665329,,,,,,,,,,,,,,,
1701094438118-2-27-1-0-0,Anger,Incorrect,Disgust,-6,0.01579578,0.09976123,0.0087388576939702,0.0230411775410175,0.457224577665329,,,,,,,,,,,,,,,
1701094438118-2-27-1-0-0,Anger,Incorrect,Disgust,-5,0.015217458,0.11907708,0.0171650722622871,0.0494102872908115,0.5064265131950378,,,,,,,,,,,,,,,
1701094438118-2-27-1-0-0,Anger,Incorrect,Disgust,-4,0.015001246,0.15870085,0.0482945851981639,0.0818717777729034,0.552294909954071,,,,,,,,,,,,,,,
1701094438118-2-27-1-0-0,Anger,Incorrect,Disgust,-3,0.014466617,0.1983881,0.0907842069864273,0.1253679543733596,0.572224497795105,,,,,,,,,,,,,,,
1701094438118-2-27-1-0-0,Anger,Incorrect,Disgust,-2,0.019179156,0.31084737,0.1456508934497833,0.1867094337940216,0.6612420678138733,,,,,,,,,,,,,,,
1701094438118-2-27-1-0-0,Anger,Incorrect,Disgust,-1,0.06865913,0.7230159,0.219235211610794,0.2631567716598511,0.623382031917572,,,,,,,,,,,,,,,
1701094438118-2-27-1-0-0,Anger,Incorrect,Disgust,0,0.12745671,0.82991004,0.219235211610794,0.2631567716598511,0.623382031917572,,,,,,,,,,,,,,,
1701094438118-2-27-1-0-0,Anger,Incorrect,Disgust,1,0.13475223,0.86193115,0.6357349157333374,0.7010506987571716,0.2165077179670334,,,,,,,,,,,,,,,
1701094438118-2-27-1-0-0,Anger,Incorrect,Disgust,2,0.09957164,0.8993787,0.7310640215873718,0.7852417826652527,0.098399743437767,,,,,,,,,,,,,,,
1701094438118-2-27-1-0-0,Anger,Incorrect,Disgust,3,0.061682373,0.93773973,0.7947368025779724,0.8636772632598877,0.0013178962981328,,,,,,,,,,,,,,,
1701094438118-2-27-1-0-0,Anger,Incorrect,Disgust,4,0.0456022,0.953968,0.8464919924736023,0.8786734342575073,3.5762227525992785e-06,,,,,,,,,,,,,,,
1701094438118-2-27-1-0-0,Anger,Incorrect,Disgust,5,0.04201074,0.95760006,0.8434938788414001,0.8814817667007446,2.419528470909427e-07,,,,,,,,,,,,,,,
1701094445452-2-27-1-3-0,Anger,Incorrect,Disgust,-8,0.007876647,0.037281357,0.0043039978481829,0.0178516022861003,0.309312105178833,,,,,,,,,,,,,,,
1701094445452-2-27-1-3-0,Anger,Incorrect,Disgust,-7,0.009216514,0.04941739,0.0093913376331329,0.023809203878045,0.2972954511642456,,,,,,,,,,,,,,,
1701094445452-2-27-1-3-0,Anger,Incorrect,Disgust,-6,0.011675993,0.07509897,0.0332456044852733,0.0494014099240303,0.3749201893806457,,,,,,,,,,,,,,,
1701094445452-2-27-1-3-0,Anger,Incorrect,Disgust,-5,0.013460978,0.11573548,0.0562813021242618,0.0631549134850502,0.3990130722522735,,,,,,,,,,,,,,,
1701094445452-2-27-1-3-0,Anger,Incorrect,Disgust,-4,0.016197735,0.2006182,0.0820610374212265,0.0996548607945442,0.5298471450805664,,,,,,,,,,,,,,,
1701094445452-2-27-1-3-0,Anger,Incorrect,Disgust,-3,0.016244076,0.38238284,0.142897218465805,0.1883103847503662,0.51192706823349,,,,,,,,,,,,,,,
1701094445452-2-27-1-3-0,Anger,Incorrect,Disgust,-2,0.04079753,0.8444504,0.3098518252372741,0.3692288398742676,0.5232067108154297,,,,,,,,,,,,,,,
1701094445452-2-27-1-3-0,Anger,Incorrect,Disgust,-1,0.060387105,0.92576605,0.3098518252372741,0.3692288398742676,0.5232067108154297,,,,,,,,,,,,,,,
1701094445452-2-27-1-3-0,Anger,Incorrect,Disgust,0,0.10531613,0.89235216,0.4508468210697174,0.5155273675918579,0.4354454576969147,,,,,,,,,,,,,,,
1701094445452-2-27-1-3-0,Anger,Incorrect,Disgust,1,0.07107604,0.92820305,0.7060032486915588,0.7985662817955017,0.1277995705604553,,,,,,,,,,,,,,,
1701094445452-2-27-1-3-0,Anger,Incorrect,Disgust,2,0.051313385,0.9482441,0.7060032486915588,0.7985662817955017,0.1277995705604553,,,,,,,,,,,,,,,
1701094445452-2-27-1-3-0,Anger,Incorrect,Disgust,3,0.0413295,0.958299,0.7790195941925049,0.8662585616111755,0.0170147102326154,,,,,,,,,,,,,,,
1701094445452-2-27-1-3-0,Anger,Incorrect,Disgust,4,0.04194674,0.95771366,0.7790948152542114,0.869002103805542,0.0554331392049789,,,,,,,,,,,,,,,
1701094445452-2-27-1-3-0,Anger,Incorrect,Disgust,5,0.045402028,0.95427424,0.747498631477356,0.8364197015762329,0.0742156654596328,,,,,,,,,,,,,,,
1701094445452-2-27-1-3-0,Anger,Incorrect,Disgust,6,0.046534136,0.95314443,0.747498631477356,0.8364197015762329,0.0742156654596328,,,,,,,,,,,,,,,
1701094445452-2-27-1-3-0,Anger,Incorrect,Disgust,7,0.045921806,0.9537597,0.7606181502342224,0.8494237065315247,0.0550571046769619,,,,,,,,,,,,,,,
1701094445452-2-27-1-3-0,Anger,Incorrect,Disgust,8,0.04540559,0.9542787,0.7606181502342224,0.8494237065315247,0.0550571046769619,,,,,,,,,,,,,,,
1701094448444-2-27-1-4-0,Anger,Incorrect,Disgust,-8,0.019094897,0.093180254,0.0001351197133772,0.0001008124963846,0.2793087661266327,,,,,,,,,,,,,,,
1701094448444-2-27-1-4-0,Anger,Incorrect,Disgust,-7,0.019171897,0.09580575,0.0001115418272092,8.324329974129796e-05,0.2765587270259857,,,,,,,,,,,,,,,
1701094448444-2-27-1-4-0,Anger,Incorrect,Disgust,-6,0.018968178,0.098616086,9.210357529809698e-05,6.875176768517122e-05,0.2888084053993225,,,,,,,,,,,,,,,
1701094448444-2-27-1-4-0,Anger,Incorrect,Disgust,-5,0.019559054,0.10516168,7.607039151480421e-05,5.679397872881964e-05,0.306464284658432,,,,,,,,,,,,,,,
1701094448444-2-27-1-4-0,Anger,Incorrect,Disgust,-4,0.020361118,0.11154568,6.283987750066444e-05,4.692318907473236e-05,0.3331255912780761,,,,,,,,,,,,,,,
1701094448444-2-27-1-4-0,Anger,Incorrect,Disgust,-3,0.020837067,0.122783415,5.191894888412208e-05,3.877325798384845e-05,0.4207279682159424,,,,,,,,,,,,,,,
1701094448444-2-27-1-4-0,Anger,Incorrect,Disgust,-2,0.021242408,0.14854589,0.0024701845832169,0.0240956656634807,0.389226883649826,,,,,,,,,,,,,,,
1701094448444-2-27-1-4-0,Anger,Incorrect,Disgust,-1,0.028614702,0.29005796,0.0506603866815567,0.0637721046805381,0.502216637134552,,,,,,,,,,,,,,,
1701094448444-2-27-1-4-0,Anger,Incorrect,Disgust,0,0.038456835,0.74652046,0.2685291767120361,0.3474587798118591,0.422965794801712,,,,,,,,,,,,,,,
1701094448444-2-27-1-4-0,Anger,Incorrect,Disgust,1,0.01611392,0.972204,0.6115060448646545,0.7093526124954224,0.110022597014904,,,,,,,,,,,,,,,
1701094448444-2-27-1-4-0,Anger,Incorrect,Disgust,2,0.011411336,0.9872017,0.7135156393051147,0.8058508038520813,0.0342194624245166,,,,,,,,,,,,,,,
1701094448444-2-27-1-4-0,Anger,Incorrect,Disgust,3,0.0112401415,0.98823816,0.7306876182556152,0.8051327466964722,0.0016863101627677,,,,,,,,,,,,,,,
1701094448444-2-27-1-4-0,Anger,Incorrect,Disgust,4,0.012898509,0.98675007,0.7340196967124939,0.8202700018882751,9.905610204441472e-05,,,,,,,,,,,,,,,
1701094448444-2-27-1-4-0,Anger,Incorrect,Disgust,5,0.017104305,0.98260695,0.7122067809104919,0.8088939785957336,6.916556230862625e-06,,,,,,,,,,,,,,,
1701094448444-2-27-1-4-0,Anger,Incorrect,Disgust,6,0.01797636,0.9817607,0.751556396484375,0.8200920224189758,5.722227456317341e-07,,,,,,,,,,,,,,,
1701094448444-2-27-1-4-0,Anger,Incorrect,Disgust,7,0.020629315,0.97910815,0.7531619071960449,0.809977650642395,5.5882285465713735e-08,,,,,,,,,,,,,,,
1701094448444-2-27-1-4-0,Anger,Incorrect,Disgust,8,0.022996256,0.97674006,0.7346158623695374,0.819374680519104,6.414285991240831e-09,,,,,,,,,,,,,,,
1701094656847-2-27-3-2-0,Anger,Incorrect,Disgust,-8,0.006291604,0.9934388,0.7908281683921814,0.7957227230072021,0.1628134548664093,,,,,,,,,,,,,,,
1701094656847-2-27-3-2-0,Anger,Incorrect,Disgust,-7,0.0055355188,0.99419135,0.7908281683921814,0.7957227230072021,0.1628134548664093,,,,,,,,,,,,,,,
1701094656847-2-27-3-2-0,Anger,Incorrect,Disgust,-6,0.0050985543,0.99462223,0.7889760732650757,0.7864677906036377,0.1754027903079986,,,,,,,,,,,,,,,
1701094656847-2-27-3-2-0,Anger,Incorrect,Disgust,-5,0.0054167556,0.9943281,0.7762903571128845,0.7744857668876648,0.2133698612451553,,,,,,,,,,,,,,,
1701094656847-2-27-3-2-0,Anger,Incorrect,Disgust,-4,0.005326483,0.9944218,0.7762903571128845,0.7744857668876648,0.2133698612451553,,,,,,,,,,,,,,,
1701094656847-2-27-3-2-0,Anger,Incorrect,Disgust,-3,0.0073263985,0.99243087,0.6708388924598694,0.6972419023513794,0.2668136358261108,,,,,,,,,,,,,,,
1701094656847-2-27-3-2-0,Anger,Incorrect,Disgust,-2,0.0074838093,0.9922903,0.6708388924598694,0.6972419023513794,0.2668136358261108,,,,,,,,,,,,,,,
1701094656847-2-27-3-2-0,Anger,Incorrect,Disgust,-1,0.0064131557,0.9933061,0.7724723219871521,0.7585735321044922,0.1199739426374435,,,,,,,,,,,,,,,
1701094656847-2-27-3-2-0,Anger,Incorrect,Disgust,0,0.009853636,0.98985064,0.4640737473964691,0.4977550208568573,0.2889907658100128,,,,,,,,,,,,,,,
1701094656847-2-27-3-2-0,Anger,Incorrect,Disgust,1,0.010366359,0.98919326,0.1273045539855957,0.1564794033765792,0.5491900444030762,,,,,,,,,,,,,,,
1701094656847-2-27-3-2-0,Anger,Incorrect,Disgust,2,0.010117397,0.9893882,0.075997270643711,0.0779590457677841,0.5505700707435608,,,,,,,,,,,,,,,
1701094668813-2-27-3-8-0,Anger,Incorrect,Disgust,-5,0.1471196,0.68709725,0.459926426410675,0.4910667240619659,0.3298949003219604,,,,,,,,,,,,,,,
1701094668813-2-27-3-8-0,Anger,Incorrect,Disgust,-4,0.043666024,0.9469093,0.772354006767273,0.787319004535675,0.0998855680227279,,,,,,,,,,,,,,,
1701094668813-2-27-3-8-0,Anger,Incorrect,Disgust,-3,0.021455608,0.9765707,0.772354006767273,0.787319004535675,0.0998855680227279,,,,,,,,,,,,,,,
1701094668813-2-27-3-8-0,Anger,Incorrect,Disgust,-2,0.021730775,0.97742224,0.8795785307884216,0.906785249710083,0.0110166985541582,,,,,,,,,,,,,,,
1701094668813-2-27-3-8-0,Anger,Incorrect,Disgust,-1,0.024792409,0.97462326,0.945257008075714,0.9389382004737854,0.0006848486955277,,,,,,,,,,,,,,,
1701094668813-2-27-3-8-0,Anger,Incorrect,Disgust,0,0.027894955,0.971611,0.9386977553367616,0.9214510917663574,5.0556016503833234e-05,,,,,,,,,,,,,,,
1701094668813-2-27-3-8-0,Anger,Incorrect,Disgust,1,0.027146675,0.97238076,0.9371752738952636,0.9309386014938354,4.416821866470855e-06,,,,,,,,,,,,,,,
1701094668813-2-27-3-8-0,Anger,Incorrect,Disgust,2,0.029555872,0.9699719,0.9322529435157776,0.9296745657920836,5.497683730482096e-08,,,,,,,,,,,,,,,
1701094668813-2-27-3-8-0,Anger,Incorrect,Disgust,3,0.030212514,0.9693282,0.9322529435157776,0.9296745657920836,5.497683730482096e-08,,,,,,,,,,,,,,,
1701094668813-2-27-3-8-0,Anger,Incorrect,Disgust,4,0.030277973,0.9692805,0.934916853904724,0.921302080154419,7.757607889402607e-09,,,,,,,,,,,,,,,
1701094668813-2-27-3-8-0,Anger,Incorrect,Disgust,5,0.03177308,0.9677959,0.91933935880661,0.9114518761634828,1.2705732022055827e-09,,,,,,,,,,,,,,,
1701094668813-2-27-3-8-0,Anger,Incorrect,Disgust,6,0.032455586,0.9671291,0.9047515392303468,0.9070430397987366,2.4001611809154605e-10,,,,,,,,,,,,,,,
1701094668813-2-27-3-8-0,Anger,Incorrect,Disgust,7,0.031373758,0.9682123,0.8930590748786926,0.8922410011291504,1.27633476704192e-11,,,,,,,,,,,,,,,
1701094668813-2-27-3-8-0,Anger,Incorrect,Disgust,8,0.031147147,0.96844155,0.8930590748786926,0.8922410011291504,1.27633476704192e-11,,,,,,,,,,,,,,,
1701094672347-2-27-3-10-0,Anger,Incorrect,Disgust,-7,0.089158565,0.13982809,0.0056636710651218,0.007394986692816,0.1010059267282486,,,,,,,,,,,,,,,
1701094672347-2-27-3-10-0,Anger,Incorrect,Disgust,-6,0.060006663,0.12147498,0.004111320246011,0.0051916921511292,0.1508079916238784,,,,,,,,,,,,,,,
1701094672347-2-27-3-10-0,Anger,Incorrect,Disgust,-5,0.041164428,0.108183935,0.0125621575862169,0.0234198365360498,0.1962523609399795,,,,,,,,,,,,,,,
1701094672347-2-27-3-10-0,Anger,Incorrect,Disgust,-4,0.031189814,0.10863913,0.0440788604319095,0.0688479766249656,0.1883068084716797,,,,,,,,,,,,,,,
1701094672347-2-27-3-10-0,Anger,Incorrect,Disgust,-3,0.028959189,0.1299155,0.096236303448677,0.143538162112236,0.2770655751228332,,,,,,,,,,,,,,,
1701094672347-2-27-3-10-0,Anger,Incorrect,Disgust,-2,0.033077814,0.19251461,0.1710589379072189,0.2033011317253112,0.2540300488471985,,,,,,,,,,,,,,,
1701094672347-2-27-3-10-0,Anger,Incorrect,Disgust,-1,0.049812727,0.43702316,0.3141062557697296,0.359698086977005,0.360075980424881,,,,,,,,,,,,,,,
1701094672347-2-27-3-10-0,Anger,Incorrect,Disgust,0,0.09830996,0.79349256,0.4738502502441406,0.4977718889713287,0.4523929357528686,,,,,,,,,,,,,,,
1701094672347-2-27-3-10-0,Anger,Incorrect,Disgust,1,0.06497176,0.9304816,0.7229089736938477,0.7616663575172424,0.3486785292625427,,,,,,,,,,,,,,,
1701094672347-2-27-3-10-0,Anger,Incorrect,Disgust,2,0.02893029,0.97015464,0.9234200119972228,0.9160553216934204,0.0207082442939281,,,,,,,,,,,,,,,
1701094672347-2-27-3-10-0,Anger,Incorrect,Disgust,3,0.023496047,0.97597677,0.970294713973999,0.9520379900932312,0.0010401979088783,,,,,,,,,,,,,,,
1701094672347-2-27-3-10-0,Anger,Incorrect,Disgust,4,0.023617646,0.9759369,0.970294713973999,0.9520379900932312,0.0010401979088783,,,,,,,,,,,,,,,
1701094672347-2-27-3-10-0,Anger,Incorrect,Disgust,5,0.024905374,0.97464764,0.9442406892776488,0.9387506246566772,6.226487312233075e-05,,,,,,,,,,,,,,,
1701094672347-2-27-3-10-0,Anger,Incorrect,Disgust,6,0.026947195,0.9726222,0.9248722791671752,0.9217886924743652,4.428746706253151e-06,,,,,,,,,,,,,,,
1701094672347-2-27-3-10-0,Anger,Incorrect,Disgust,7,0.026477545,0.97304666,0.9331673383712769,0.917300283908844,3.7310675793378323e-07,,,,,,,,,,,,,,,
1701094672347-2-27-3-10-0,Anger,Incorrect,Disgust,8,0.028022015,0.9714731,0.9230594038963318,0.9159656167030334,3.7088138782337416e-08,,,,,,,,,,,,,,,
1700479106931-2-1-2-1-1,Disgust,Incorrect,Sadness,-8,0.0017694515,0.0018447253,,1.244518793575011e-10,,1.401298464324817e-45,1.401298464324817e-45,,,,,,,,,,,,,
1700479106931-2-1-2-1-1,Disgust,Incorrect,Sadness,-7,0.005137362,0.0030639267,,8.508050514111075e-11,,1.401298464324817e-45,1.401298464324817e-45,,,,,,,,,,,,,
1700479106931-2-1-2-1-1,Disgust,Incorrect,Sadness,-6,0.015264142,0.004729179,,8.508050514111075e-11,,1.401298464324817e-45,1.401298464324817e-45,,,,,,,,,,,,,
1700479106931-2-1-2-1-1,Disgust,Incorrect,Sadness,-5,0.03451532,0.005885881,,7.034674925909812e-11,,1.401298464324817e-45,1.401298464324817e-45,,,,,,,,,,,,,
1700479106931-2-1-2-1-1,Disgust,Incorrect,Sadness,-4,0.05542115,0.005779028,,4.8092290566570384e-11,,1.401298464324817e-45,1.401298464324817e-45,,,,,,,,,,,,,
1700479106931-2-1-2-1-1,Disgust,Incorrect,Sadness,-3,0.082325734,0.0054088025,,4.8092290566570384e-11,,1.401298464324817e-45,1.401298464324817e-45,,,,,,,,,,,,,
1700479106931-2-1-2-1-1,Disgust,Incorrect,Sadness,-2,0.14387234,0.005606801,,3.2878158529037194e-11,,1.401298464324817e-45,1.401298464324817e-45,,,,,,,,,,,,,
1700479106931-2-1-2-1-1,Disgust,Incorrect,Sadness,-1,0.28277734,0.006131568,,2.7184561893212056e-11,,1.401298464324817e-45,0.0058981655165553,,,,,,,,,,,,,
1700479106931-2-1-2-1-1,Disgust,Incorrect,Sadness,0,0.42917934,0.0063226437,,2.7184561893212056e-11,,1.401298464324817e-45,0.0058981655165553,,,,,,,,,,,,,
1700479106931-2-1-2-1-1,Disgust,Incorrect,Sadness,1,0.5728648,0.007919456,,1.8584560973478048e-11,,1.401298464324817e-45,0.0050827874802052,,,,,,,,,,,,,
1700479106931-2-1-2-1-1,Disgust,Incorrect,Sadness,2,0.6507762,0.010143733,,1.536623085718336e-11,,1.401298464324817e-45,0.0031377263367176,,,,,,,,,,,,,
1700479106931-2-1-2-1-1,Disgust,Incorrect,Sadness,3,0.7061739,0.013928814,,1.2705182392269698e-11,,1.401298464324817e-45,0.0019795175176113,,,,,,,,,,,,,
1700479106931-2-1-2-1-1,Disgust,Incorrect,Sadness,4,0.7331628,0.020635324,,1.2705182392269698e-11,,1.401298464324817e-45,0.0019795175176113,,,,,,,,,,,,,
1700479106931-2-1-2-1-1,Disgust,Incorrect,Sadness,5,0.7126923,0.038092013,,1.0504979698622297e-11,,1.401298464324817e-45,0.0012719313381239,,,,,,,,,,,,,
1700479106931-2-1-2-1-1,Disgust,Incorrect,Sadness,6,0.6144353,0.095737614,,7.181684500562335e-12,,1.401298464324817e-45,0.0005486222798936,,,,,,,,,,,,,
1700479106931-2-1-2-1-1,Disgust,Incorrect,Sadness,7,0.46203786,0.24934505,,7.181684500562335e-12,,1.401298464324817e-45,0.0005486222798936,,,,,,,,,,,,,
1700479106931-2-1-2-1-1,Disgust,Incorrect,Sadness,8,0.23100856,0.554921,,4.9096941789894536e-12,,1.401298464324817e-45,0.0002471737097948,,,,,,,,,,,,,
1700479113933-2-1-2-4-1,Disgust,Incorrect,Fear,-5,0.15873896,0.42976013,,4.672808231316433e-28,,1.401298464324817e-45,1.807575632897155e-21,,,,,,,,,,,,,
1700479113933-2-1-2-4-1,Disgust,Incorrect,Fear,-4,0.13948065,0.62866116,,3.194541683943809e-28,,1.401298464324817e-45,8.978502308089344e-22,,,,,,,,,,,,,
1700479113933-2-1-2-4-1,Disgust,Incorrect,Fear,-3,0.1332722,0.7219073,,2.6413450296965543e-28,,1.401298464324817e-45,6.32790240351386e-22,,,,,,,,,,,,,
1700479113933-2-1-2-4-1,Disgust,Incorrect,Fear,-2,0.13706055,0.7604777,,2.6413450296965543e-28,,1.401298464324817e-45,6.32790240351386e-22,,,,,,,,,,,,,
1700479113933-2-1-2-4-1,Disgust,Incorrect,Fear,-1,0.14421806,0.78237945,,2.183941964211933e-28,,1.401298464324817e-45,4.4597919324001e-22,,,,,,,,,,,,,
1700479113933-2-1-2-4-1,Disgust,Incorrect,Fear,0,0.15864897,0.78860676,,1.4930401152347751e-28,,1.401298464324817e-45,2.2152443579440717e-22,,,,,,,,,,,,,
1700479113933-2-1-2-4-1,Disgust,Incorrect,Fear,1,0.15802221,0.80068994,,1.2344853442776255e-28,,1.401298464324817e-45,1.5612550647975678e-22,,,,,,,,,,,,,
1700479113933-2-1-2-4-1,Disgust,Incorrect,Fear,2,0.15592588,0.80971664,,1.0207097686043154e-28,,1.401298464324817e-45,1.1003461046355113e-22,,,,,,,,,,,,,
1700479113933-2-1-2-4-1,Disgust,Incorrect,Fear,3,0.14877523,0.8215356,,8.439528535039376e-29,,1.401298464324817e-45,7.755040385915545e-23,,,,,,,,,,,,,
1700479113933-2-1-2-4-1,Disgust,Incorrect,Fear,4,0.14035954,0.83395934,,8.439528535039376e-29,,1.401298464324817e-45,7.755040385915545e-23,,,,,,,,,,,,,
1700479113933-2-1-2-4-1,Disgust,Incorrect,Fear,5,0.124574326,0.8529848,,5.769634121700333e-29,,1.401298464324817e-45,3.852038407997323e-23,,,,,,,,,,,,,
1700479113933-2-1-2-4-1,Disgust,Incorrect,Fear,6,0.11222625,0.8681165,,5.769634121700333e-29,,1.401298464324817e-45,3.852038407997323e-23,,,,,,,,,,,,,
1700479113933-2-1-2-4-1,Disgust,Incorrect,Fear,7,0.1050041,0.8769506,,3.9443863781276955e-29,,1.401298464324817e-45,1.9133701349278048e-23,,,,,,,,,,,,,
1700479113933-2-1-2-4-1,Disgust,Incorrect,Fear,8,0.09699738,0.88596386,,3.261329142740581e-29,,1.401298464324817e-45,1.3485048637946702e-23,,,,,,,,,,,,,
1700479117593-2-1-2-5-1,Disgust,Incorrect,Fear,-8,0.0032941066,0.2653175,,8.23336343092687e-37,,1.401298464324817e-45,1.414980294114976e-37,,,,,,,,,,,,,
1700479117593-2-1-2-5-1,Disgust,Incorrect,Fear,-7,0.0028126668,0.24083945,,8.23336343092687e-37,,1.401298464324817e-45,1.414980294114976e-37,,,,,,,,,,,,,
1700479117593-2-1-2-5-1,Disgust,Incorrect,Fear,-6,0.0028748168,0.25169593,,6.80757475360074e-37,,1.401298464324817e-45,9.972495224718022e-38,,,,,,,,,,,,,
1700479117593-2-1-2-5-1,Disgust,Incorrect,Fear,-5,0.005534063,0.42364198,,4.653949860242267e-37,,1.401298464324817e-45,4.953463394007053e-38,,,,,,,,,,,,,
1700479117593-2-1-2-5-1,Disgust,Incorrect,Fear,-4,0.012363186,0.6789253,,4.653949860242267e-37,,1.401298464324817e-45,4.953463394007053e-38,,,,,,,,,,,,,
1700479117593-2-1-2-5-1,Disgust,Incorrect,Fear,-3,0.023218138,0.85176545,,3.848019841312486e-37,,1.401298464324817e-45,3.491106992475289e-38,,,,,,,,,,,,,
1700479117593-2-1-2-5-1,Disgust,Incorrect,Fear,-2,0.035658594,0.90600616,,3.1816553378976345e-37,,1.401298464324817e-45,2.460468227026573e-38,,,,,,,,,,,,,
1700479117593-2-1-2-5-1,Disgust,Incorrect,Fear,-1,0.05021429,0.9133446,,2.630680476267917e-37,,1.401298464324817e-45,1.734087091293614e-38,,,,,,,,,,,,,
1700479117593-2-1-2-5-1,Disgust,Incorrect,Fear,0,0.08837684,0.88145083,,0.0575004257261753,,1.401298464324817e-45,1.2221470799458215e-38,,,,,,,,,,,,,
1700479117593-2-1-2-5-1,Disgust,Incorrect,Fear,1,0.098867126,0.8793693,,0.0588570274412632,,1.401298464324817e-45,8.613456558960926e-39,,,,,,,,,,,,,
1700479117593-2-1-2-5-1,Disgust,Incorrect,Fear,2,0.12597598,0.8503722,,0.041328340768814,,1.401298464324817e-45,6.070570682495396e-39,,,,,,,,,,,,,
1700479117593-2-1-2-5-1,Disgust,Incorrect,Fear,3,0.11537267,0.86516714,,0.021971508860588,,1.401298464324817e-45,3.0153406602049635e-39,,,,,,,,,,,,,
1700479117593-2-1-2-5-1,Disgust,Incorrect,Fear,4,0.116953045,0.8641152,,0.021971508860588,,1.401298464324817e-45,3.0153406602049635e-39,,,,,,,,,,,,,
1700479117593-2-1-2-5-1,Disgust,Incorrect,Fear,5,0.12049508,0.8615734,,0.0165101028978824,,1.401298464324817e-45,2.125156001653373e-39,,,,,,,,,,,,,
1700479117593-2-1-2-5-1,Disgust,Incorrect,Fear,6,0.12788793,0.853327,,0.0126052517443895,,1.401298464324817e-45,1.4977666532058658e-39,,,,,,,,,,,,,
1700479117593-2-1-2-5-1,Disgust,Incorrect,Fear,7,0.13258448,0.8486564,,0.0097533725202083,,1.401298464324817e-45,1.0556009357728132e-39,,,,,,,,,,,,,
1700479117593-2-1-2-5-1,Disgust,Incorrect,Fear,8,0.1298547,0.8539603,,0.0060272947885096,,1.401298464324817e-45,5.243308528887384e-40,,,,,,,,,,,,,
1700479240547-2-1-3-1-1,Disgust,Incorrect,Surprise,-8,0.0055029686,0.04121303,,3.8466145159573856e-23,,1.401298464324817e-45,1.401298464324817e-45,,,,,,,,,,,,,
1700479240547-2-1-3-1-1,Disgust,Incorrect,Surprise,-7,0.0045171888,0.046400893,,3.8466145159573856e-23,,1.401298464324817e-45,1.401298464324817e-45,,,,,,,,,,,,,
1700479240547-2-1-3-1-1,Disgust,Incorrect,Surprise,-6,0.0039378605,0.054202836,,2.6297154747529185e-23,,1.401298464324817e-45,1.401298464324817e-45,,,,,,,,,,,,,
1700479240547-2-1-3-1-1,Disgust,Incorrect,Surprise,-5,0.003725331,0.069154024,,2.1743182226267685e-23,,1.401298464324817e-45,1.401298464324817e-45,,,,,,,,,,,,,
1700479240547-2-1-3-1-1,Disgust,Incorrect,Surprise,-4,0.0037176493,0.08753763,,1.797786235094822e-23,,1.401298464324817e-45,1.401298464324817e-45,,,,,,,,,,,,,
1700479240547-2-1-3-1-1,Disgust,Incorrect,Surprise,-3,0.0038434933,0.112847455,,1.486462909938074e-23,,1.401298464324817e-45,1.401298464324817e-45,,,,,,,,,,,,,
1700479240547-2-1-3-1-1,Disgust,Incorrect,Surprise,-2,0.0041008242,0.15082663,,1.2290502601580393e-23,,1.401298464324817e-45,1.401298464324817e-45,,,,,,,,,,,,,
1700479240547-2-1-3-1-1,Disgust,Incorrect,Surprise,-1,0.0043932316,0.20112805,,1.0162136157771472e-23,,1.401298464324817e-45,1.401298464324817e-45,,,,,,,,,,,,,
1700479240547-2-1-3-1-1,Disgust,Incorrect,Surprise,0,0.004686736,0.26109764,,8.402298707611031e-24,,1.401298464324817e-45,1.401298464324817e-45,,,,,,,,,,,,,
1700479240547-2-1-3-1-1,Disgust,Incorrect,Surprise,1,0.0046596145,0.3085956,,6.94724713451359e-24,,1.401298464324817e-45,1.401298464324817e-45,,,,,,,,,,,,,
1700479240547-2-1-3-1-1,Disgust,Incorrect,Surprise,2,0.004405462,0.33834192,,5.7441940221453814e-24,,1.401298464324817e-45,1.401298464324817e-45,,,,,,,,,,,,,
1700479240547-2-1-3-1-1,Disgust,Incorrect,Surprise,3,0.003998441,0.3745359,,3.9270123006321626e-24,,1.401298464324817e-45,1.401298464324817e-45,,,,,,,,,,,,,
1700479240547-2-1-3-1-1,Disgust,Incorrect,Surprise,4,0.0036036647,0.42613554,,3.24695917728351e-24,,1.401298464324817e-45,1.401298464324817e-45,,,,,,,,,,,,,
1700479240547-2-1-3-1-1,Disgust,Incorrect,Surprise,5,0.0033226358,0.5278205,,2.219764657148732e-24,,1.401298464324817e-45,1.401298464324817e-45,,,,,,,,,,,,,
1700479240547-2-1-3-1-1,Disgust,Incorrect,Surprise,6,0.0028186124,0.6671919,,1.8353616127197167e-24,,1.401298464324817e-45,1.401298464324817e-45,,,,,,,,,,,,,
1700479240547-2-1-3-1-1,Disgust,Incorrect,Surprise,7,0.0022473834,0.8027171,,1.5175219612199583e-24,,1.401298464324817e-45,1.401298464324817e-45,,,,,,,,,,,,,
1700479240547-2-1-3-1-1,Disgust,Incorrect,Surprise,8,0.0017232955,0.88775486,,1.2547265584961931e-24,,1.401298464324817e-45,1.401298464324817e-45,,,,,,,,,,,,,
1700479274174-2-1-3-18-1,Disgust,Incorrect,Fear,-8,0.049769815,0.037045203,,0.0027417645324021,,1.56854421220487e-05,0.0050827716477215,,,,,,,,,,,,,
1700479274174-2-1-3-18-1,Disgust,Incorrect,Fear,-7,0.051281996,0.027963055,,0.011301671154797,,1.0610706340230536e-05,0.0031377268023788,,,,,,,,,,,,,
1700479274174-2-1-3-18-1,Disgust,Incorrect,Fear,-6,0.05076593,0.022097522,,0.0089444536715745,,7.228086360555608e-06,0.0019795359112322,,,,,,,,,,,,,
1700479274174-2-1-3-18-1,Disgust,Incorrect,Fear,-5,0.04949746,0.022811087,,0.0071317534893751,,4.952496510668425e-06,0.0012719458900392,,,,,,,,,,,,,
1700479274174-2-1-3-18-1,Disgust,Incorrect,Fear,-4,0.051955502,0.027136346,,0.0057217641733586,,3.409752707739244e-06,0.0008299784385599,,,,,,,,,,,,,
1700479274174-2-1-3-18-1,Disgust,Incorrect,Fear,-3,0.05189298,0.030129895,,0.0057217641733586,,3.409752707739244e-06,0.0008299784385599,,,,,,,,,,,,,
1700479274174-2-1-3-18-1,Disgust,Incorrect,Fear,-2,0.05940472,0.042541277,,0.0037370603531599,,1.6347381688319729e-06,0.0003665914409793,,,,,,,,,,,,,
1700479274174-2-1-3-18-1,Disgust,Incorrect,Fear,-1,0.07909468,0.08758598,,0.0030373947229236,,1.1369213552825386e-06,0.0002471765619702,,,,,,,,,,,,,
1700479274174-2-1-3-18-1,Disgust,Incorrect,Fear,0,0.100594334,0.17013234,,0.0024760181549936,,7.925177101242298e-07,0.0001679207052802,,,,,,,,,,,,,
1700479274174-2-1-3-18-1,Disgust,Incorrect,Fear,1,0.11815418,0.33074522,,0.0020233367104083,,5.534928959605168e-07,0.0001147953298641,,,,,,,,,,,,,
1700479274174-2-1-3-18-1,Disgust,Incorrect,Fear,2,0.10673347,0.54500455,,0.0016567650018259,,3.871645617437025e-07,7.88871111581102e-05,,,,,,,,,,,,,
1700479274174-2-1-3-18-1,Disgust,Incorrect,Fear,3,0.07066553,0.56972486,,0.0013588856672868,,2.711722402182204e-07,5.444647467811592e-05,,,,,,,,,,,,,
1700479411435-2-1-4-0-1,Disgust,Incorrect,Fear,-7,0.13412282,0.44987613,,2.695304577942336e-15,,1.401298464324817e-45,2.132775534846587e-06,,,,,,,,,,,,,
1700479411435-2-1-4-0-1,Disgust,Incorrect,Fear,-6,0.10796073,0.6738236,,1.842624462028691e-15,,1.401298464324817e-45,1.004968680717866e-06,,,,,,,,,,,,,
1700479411435-2-1-4-0-1,Disgust,Incorrect,Fear,-5,0.0885379,0.797452,,1.5235381510729313e-15,,1.401298464324817e-45,6.94401137479872e-07,,,,,,,,,,,,,
1700479411435-2-1-4-0-1,Disgust,Incorrect,Fear,-4,0.07903179,0.8550535,,1.259702316958912e-15,,1.401298464324817e-45,4.814394856111903e-07,,,,,,,,,,,,,
1700479411435-2-1-4-0-1,Disgust,Incorrect,Fear,-3,0.07494388,0.87963265,,1.0415590399098157e-15,,1.401298464324817e-45,3.347343522364099e-07,,,,,,,,,,,,,
1700479411435-2-1-4-0-1,Disgust,Incorrect,Fear,-2,0.07283531,0.89265275,,8.611900971160311e-16,,1.401298464324817e-45,2.332774329261156e-07,,,,,,,,,,,,,
1700479411435-2-1-4-0-1,Disgust,Incorrect,Fear,-1,0.07137862,0.9006047,,7.120548060379796e-16,,1.401298464324817e-45,1.6288655046992062e-07,,,,,,,,,,,,,
1700479411435-2-1-4-0-1,Disgust,Incorrect,Fear,0,0.07261208,0.90333885,,5.887468200711321e-16,,1.401298464324817e-45,1.1391892940082475e-07,,,,,,,,,,,,,
1700479411435-2-1-4-0-1,Disgust,Incorrect,Fear,1,0.07371306,0.90466166,,4.867934876166314e-16,,1.401298464324817e-45,7.977842386708289e-08,,,,,,,,,,,,,
1700479411435-2-1-4-0-1,Disgust,Incorrect,Fear,2,0.074732706,0.90535605,,4.867934876166314e-16,,1.401298464324817e-45,7.977842386708289e-08,,,,,,,,,,,,,
1700479411435-2-1-4-0-1,Disgust,Incorrect,Fear,3,0.070851386,0.9093404,,3.3279421571809033e-16,,1.401298464324817e-45,3.924757407958168e-08,,,,,,,,,,,,,
1700479411435-2-1-4-0-1,Disgust,Incorrect,Fear,4,0.06501602,0.9160683,,2.751637086434634e-16,,1.401298464324817e-45,2.75613896150162e-08,,,,,,,,,,,,,
1700479411435-2-1-4-0-1,Disgust,Incorrect,Fear,5,0.06168647,0.9208138,,2.27512784934709e-16,,1.401298464324817e-45,1.936684768111263e-08,,,,,,,,,,,,,
1700479411435-2-1-4-0-1,Disgust,Incorrect,Fear,6,0.059663653,0.92380506,,1.881135370840979e-16,,1.401298464324817e-45,1.3615699678837244e-08,,,,,,,,,,,,,
1700479411435-2-1-4-0-1,Disgust,Incorrect,Fear,7,0.05766675,0.9265831,,1.555378278378898e-16,,1.401298464324817e-45,9.576553772205898e-09,,,,,,,,,,,,,
1700479411435-2-1-4-0-1,Disgust,Incorrect,Fear,8,0.057676505,0.9274545,,1.2860269627590527e-16,,1.401298464324817e-45,6.737960411840049e-09,,,,,,,,,,,,,
1700479432977-2-1-4-12-1,Disgust,Incorrect,Surprise,-8,0.00043767833,0.00012434767,,0.0002402664831606,,7.330960670515196e-06,3.48970472744542e-13,,,,,,,,,,,,,
1700479432977-2-1-4-12-1,Disgust,Incorrect,Surprise,-7,0.0005332151,0.00017921183,,0.0001983003894565,,5.123990831634728e-06,2.459477391712761e-13,,,,,,,,,,,,,
1700479432977-2-1-4-12-1,Disgust,Incorrect,Surprise,-6,0.0009598072,0.0004454405,,0.000163715245435,,3.586551656553638e-06,1.7333881454761196e-13,,,,,,,,,,,,,
1700479432977-2-1-4-12-1,Disgust,Incorrect,Surprise,-5,0.0014361894,0.0006640014,,0.0001116700441343,,1.7630702586757252e-06,8.609931344272238e-14,,,,,,,,,,,,,
1700479432977-2-1-4-12-1,Disgust,Incorrect,Surprise,-4,0.0029725404,0.001396895,,0.0001116700441343,,1.7630702586757252e-06,8.609931344272238e-14,,,,,,,,,,,,,
1700479432977-2-1-4-12-1,Disgust,Incorrect,Surprise,-3,0.0066551063,0.003538953,,9.225391841027886e-05,,1.2377527127682697e-06,6.068108797559203e-14,,,,,,,,,,,,,
1700479432977-2-1-4-12-1,Disgust,Incorrect,Surprise,-2,0.0088007115,0.004107378,,6.29886708338745e-05,,6.11210964507336e-07,3.014140993002831e-14,,,,,,,,,,,,,
1700479432977-2-1-4-12-1,Disgust,Incorrect,Surprise,-1,0.01645426,0.009113631,,6.29886708338745e-05,,6.11210964507336e-07,3.014140993002831e-14,,,,,,,,,,,,,
1700479432977-2-1-4-12-1,Disgust,Incorrect,Surprise,0,0.032819603,0.024580467,,5.20558787684422e-05,,4.298217675113847e-07,2.124303574572213e-14,,,,,,,,,,,,,
1700479432977-2-1-4-12-1,Disgust,Incorrect,Surprise,1,0.03906481,0.054781947,,3.5561966797104105e-05,,2.1278938788782406e-07,1.0551693558887108e-14,,,,,,,,,,,,,
1700479432977-2-1-4-12-1,Disgust,Incorrect,Surprise,2,0.037059695,0.09718449,,3.5561966797104105e-05,,2.1278938788782406e-07,1.0551693558887108e-14,,,,,,,,,,,,,
1700479432977-2-1-4-12-1,Disgust,Incorrect,Surprise,3,0.03413034,0.17364,,2.429970481898636e-05,,1.0545524276039941e-07,5.2411650154182265e-15,,,,,,,,,,,,,
1700479432977-2-1-4-12-1,Disgust,Incorrect,Surprise,4,0.032633334,0.28040665,,2.429970481898636e-05,,1.0545524276039941e-07,5.2411650154182265e-15,,,,,,,,,,,,,
1700479432977-2-1-4-12-1,Disgust,Incorrect,Surprise,5,0.031157807,0.42549083,,1.6606718418188393e-05,,5.229959043617782e-08,2.603353645803724e-15,,,,,,,,,,,,,
1700479432977-2-1-4-12-1,Disgust,Incorrect,Surprise,6,0.027423132,0.5745573,,1.3729136298934463e-05,,3.683812366261918e-08,1.8347845368271417e-15,,,,,,,,,,,,,
1700479432977-2-1-4-12-1,Disgust,Incorrect,Surprise,7,0.022977652,0.6813681,,1.3729136298934463e-05,,3.683812366261918e-08,1.8347845368271417e-15,,,,,,,,,,,,,
1700479438658-2-1-4-15-1,Disgust,Incorrect,Fear,-8,0.0024523495,0.004217434,,0.0055999560281634,,3.331286734464811e-06,5.554466611101816e-07,,,,,,,,,,,,,
1700479438658-2-1-4-15-1,Disgust,Incorrect,Fear,-7,0.0028596267,0.005437945,,0.003207629546523,,1.6364228940801695e-06,2.75492482160189e-07,,,,,,,,,,,,,
1700479438658-2-1-4-15-1,Disgust,Incorrect,Fear,-6,0.0036909506,0.008388808,,0.0024803970009088,,1.1485299182822928e-06,1.940544080980544e-07,,,,,,,,,,,,,
1700479438658-2-1-4-15-1,Disgust,Incorrect,Fear,-5,0.004970589,0.015327804,,0.0019398004515096,,8.066821237662225e-07,1.3670354803707596e-07,,,,,,,,,,,,,
1700479438658-2-1-4-15-1,Disgust,Incorrect,Fear,-4,0.0065720836,0.027146133,,0.0015313836047425,,5.66917094602104e-07,9.630946351535384e-08,,,,,,,,,,,,,
1700479438658-2-1-4-15-1,Disgust,Incorrect,Fear,-3,0.007174174,0.058477297,,0.009979692287743,,3.986130820976541e-07,6.785590045410572e-08,,,,,,,,,,,,,
1700479438658-2-1-4-15-1,Disgust,Incorrect,Fear,-2,0.017376125,0.19427647,,0.0917412042617797,,0.0058921496383845,0.0190306045114994,,,,,,,,,,,,,
1700479438658-2-1-4-15-1,Disgust,Incorrect,Fear,-1,0.033610307,0.45001683,,0.0917412042617797,,0.0058921496383845,0.0190306045114994,,,,,,,,,,,,,
1700479438658-2-1-4-15-1,Disgust,Incorrect,Fear,0,0.069641665,0.563487,,0.1333877593278885,,0.0448788776993751,0.0672385543584823,,,,,,,,,,,,,
1700479438658-2-1-4-15-1,Disgust,Incorrect,Fear,1,0.073218524,0.72134006,,0.1529640704393386,,0.0588177032768726,0.0652807354927063,,,,,,,,,,,,,
1700479438658-2-1-4-15-1,Disgust,Incorrect,Fear,2,0.08113567,0.82129484,,0.1471408754587173,,0.0724906250834465,0.0735943391919136,,,,,,,,,,,,,
1700479438658-2-1-4-15-1,Disgust,Incorrect,Fear,3,0.0959375,0.84807014,,0.1471408754587173,,0.0724906250834465,0.0735943391919136,,,,,,,,,,,,,
1700479438658-2-1-4-15-1,Disgust,Incorrect,Fear,4,0.10825739,0.8560746,,0.1324016600847244,,0.0685539841651916,0.0690248161554336,,,,,,,,,,,,,
1700479438658-2-1-4-15-1,Disgust,Incorrect,Fear,5,0.123040885,0.84822476,,0.146613523364067,,0.1219439730048179,0.1115006208419799,,,,,,,,,,,,,
1700479438658-2-1-4-15-1,Disgust,Incorrect,Fear,6,0.14226641,0.83433735,,0.1541797369718551,,0.1199598610401153,0.1273509114980697,,,,,,,,,,,,,
1700479438658-2-1-4-15-1,Disgust,Incorrect,Fear,7,0.15967634,0.81982535,,0.1683035641908645,,0.1285217404365539,0.1298241019248962,,,,,,,,,,,,,
1700479438658-2-1-4-15-1,Disgust,Incorrect,Fear,8,0.16239157,0.822206,,0.1675270348787307,,0.1300042867660522,0.1302678287029266,,,,,,,,,,,,,
1700479457287-2-1-4-26-1,Disgust,Incorrect,Fear,-8,0.007639331,0.40248618,,0.0065411878749728,,9.352441781088072e-14,3.651396811681897e-22,,,,,,,,,,,,,
1700479457287-2-1-4-26-1,Disgust,Incorrect,Fear,-7,0.0068696286,0.33792505,,0.0052208863198757,,6.591389489340321e-14,2.5734260839798194e-22,,,,,,,,,,,,,
1700479457287-2-1-4-26-1,Disgust,Incorrect,Fear,-6,0.012464122,0.18105954,,0.0178292542695999,,3.2740286583189324e-14,1.2782572103924097e-22,,,,,,,,,,,,,
1700479457287-2-1-4-26-1,Disgust,Incorrect,Fear,-5,0.022362359,0.11805761,,0.0178292542695999,,3.2740286583189324e-14,1.2782572103924097e-22,,,,,,,,,,,,,
1700479457287-2-1-4-26-1,Disgust,Incorrect,Fear,-4,0.0214829,0.055232376,,0.0107499426230788,,1.6262588742018202e-14,6.349305398941082e-23,,,,,,,,,,,,,
1700479457287-2-1-4-26-1,Disgust,Incorrect,Fear,-3,0.02666877,0.07235812,,0.0084769558161497,,1.1461566186432312e-14,4.474873438294986e-23,,,,,,,,,,,,,
1700479457287-2-1-4-26-1,Disgust,Incorrect,Fear,-2,0.034221467,0.102520876,,0.0084769558161497,,1.1461566186432312e-14,4.474873438294986e-23,,,,,,,,,,,,,
1700479457287-2-1-4-26-1,Disgust,Incorrect,Fear,-1,0.0833559,0.33138862,,0.0320480726659297,,5.693071915854973e-15,0.0058981818147003,,,,,,,,,,,,,
1700479457287-2-1-4-26-1,Disgust,Incorrect,Fear,0,0.14083214,0.5704149,,0.0320480726659297,,5.693071915854973e-15,0.0058981818147003,,,,,,,,,,,,,
1700479457287-2-1-4-26-1,Disgust,Incorrect,Fear,1,0.19277063,0.69208145,,0.0780375748872757,,0.0612433217465877,0.0708832144737243,,,,,,,,,,,,,
1700479457287-2-1-4-26-1,Disgust,Incorrect,Fear,2,0.2264944,0.71585953,,0.0720007941126823,,0.064349927008152,0.0664703473448753,,,,,,,,,,,,,
1700479457287-2-1-4-26-1,Disgust,Incorrect,Fear,3,0.26941103,0.69409424,,0.0720007941126823,,0.064349927008152,0.0664703473448753,,,,,,,,,,,,,
1700479457287-2-1-4-26-1,Disgust,Incorrect,Fear,4,0.27586818,0.6991835,,0.0431534089148044,,0.0253762006759643,0.0253543574362993,,,,,,,,,,,,,
1700479457287-2-1-4-26-1,Disgust,Incorrect,Fear,5,0.2972688,0.68303037,,0.0431534089148044,,0.0253762006759643,0.0253543574362993,,,,,,,,,,,,,
1700567787758-2-8-2-1-1,Disgust,Correct,Disgust,-2,0.10342197,0.10342197,,0.1208116561174392,,0.0190312135964632,0.0448841676115989,,,,,,,,,,,,,
1700567787758-2-8-2-1-1,Disgust,Correct,Disgust,-1,0.12373247,0.12373247,,0.2740205824375152,,0.1462246924638748,0.2011948823928833,,,,,,,,,,,,,
1700567787758-2-8-2-1-1,Disgust,Correct,Disgust,0,0.46607718,0.46607718,,0.5469288229942322,,0.317897617816925,0.3731561303138733,,,,,,,,,,,,,
1700567787758-2-8-2-1-1,Disgust,Correct,Disgust,1,0.7865203,0.7865203,,0.6976901292800903,,0.4301945269107818,0.4796188473701477,,,,,,,,,,,,,
1700567787758-2-8-2-1-1,Disgust,Correct,Disgust,2,0.91067845,0.91067845,,0.7549245357513428,,0.4829344749450683,0.5214784741401672,,,,,,,,,,,,,
1700567787758-2-8-2-1-1,Disgust,Correct,Disgust,3,0.94387573,0.94387573,,0.7549245357513428,,0.4829344749450683,0.5214784741401672,,,,,,,,,,,,,
1700567787758-2-8-2-1-1,Disgust,Correct,Disgust,4,0.9617595,0.9617595,,0.7447642087936401,,0.5092909336090088,0.5473774671554565,,,,,,,,,,,,,
1700567787758-2-8-2-1-1,Disgust,Correct,Disgust,5,0.9581743,0.9581743,,0.6760238409042358,,0.4412202537059784,0.488641083240509,,,,,,,,,,,,,
1700567787758-2-8-2-1-1,Disgust,Correct,Disgust,6,0.9420861,0.9420861,,0.6312961578369141,,0.4700991809368133,0.5089187622070312,,,,,,,,,,,,,
1700567787758-2-8-2-1-1,Disgust,Correct,Disgust,7,0.97123826,0.97123826,,0.588740348815918,,0.6374239325523376,0.6754816770553589,,,,,,,,,,,,,
1700567787758-2-8-2-1-1,Disgust,Correct,Disgust,8,0.9839706,0.9839706,,0.588740348815918,,0.6374239325523376,0.6754816770553589,,,,,,,,,,,,,
1700567795123-2-8-2-4-1,Disgust,Correct,Disgust,-8,0.049477693,0.049477693,,2.6923906604749902e-20,,1.401298464324817e-45,1.3179181254544528e-18,,,,,,,,,,,,,
1700567795123-2-8-2-4-1,Disgust,Correct,Disgust,-7,0.027506163,0.027506163,,2.2261482079462012e-20,,1.401298464324817e-45,9.288452457388577e-19,,,,,,,,,,,,,
1700567795123-2-8-2-4-1,Disgust,Correct,Disgust,-6,0.015728496,0.015728496,,1.8406377754090223e-20,,1.401298464324817e-45,6.54629082413241e-19,,,,,,,,,,,,,
1700567795123-2-8-2-4-1,Disgust,Correct,Disgust,-5,0.009842988,0.009842988,,0.0036897319369018,,1.401298464324817e-45,0.0058981403708457,,,,,,,,,,,,,
1700567795123-2-8-2-4-1,Disgust,Correct,Disgust,-4,0.00762207,0.00762207,,0.017152264714241,,0.0648711770772934,0.1078550443053245,,,,,,,,,,,,,
1700567795123-2-8-2-4-1,Disgust,Correct,Disgust,-3,0.01176043,0.01176043,,0.0912291705608367,,0.3795728683471679,0.4347222149372101,,,,,,,,,,,,,
1700567795123-2-8-2-4-1,Disgust,Correct,Disgust,-2,0.048246726,0.048246726,,0.2205298840999603,,0.7260170578956604,0.737751841545105,,,,,,,,,,,,,
1700567795123-2-8-2-4-1,Disgust,Correct,Disgust,-1,0.33284366,0.33284366,,0.3306040167808532,,0.9520268440246582,0.9789756536483764,,,,,,,,,,,,,
1700567795123-2-8-2-4-1,Disgust,Correct,Disgust,0,0.80656374,0.80656374,,0.3881692588329315,,0.9990249872207642,0.9995614886283876,,,,,,,,,,,,,
1700567795123-2-8-2-4-1,Disgust,Correct,Disgust,1,0.9378884,0.9378884,,0.4056624174118042,,0.9999992847442628,0.9999996423721312,,,,,,,,,,,,,
1700567795123-2-8-2-4-1,Disgust,Correct,Disgust,2,0.9667098,0.9667098,,0.4265667200088501,,1.0,1.0,,,,,,,,,,,,,
1700567795123-2-8-2-4-1,Disgust,Correct,Disgust,3,0.97195375,0.97195375,,0.433486133813858,,1.0,1.0,,,,,,,,,,,,,
1700567795123-2-8-2-4-1,Disgust,Correct,Disgust,4,0.974459,0.974459,,0.4421617090702057,,1.0,1.0,,,,,,,,,,,,,
1700567795123-2-8-2-4-1,Disgust,Correct,Disgust,5,0.9757431,0.9757431,,0.4403866231441498,,0.9698562622070312,1.0,,,,,,,,,,,,,
1700567795123-2-8-2-4-1,Disgust,Correct,Disgust,6,0.97720975,0.97720975,,0.4403866231441498,,0.9698562622070312,1.0,,,,,,,,,,,,,
1700567795123-2-8-2-4-1,Disgust,Correct,Disgust,7,0.97834945,0.97834945,,0.4403866231441498,,0.9698562622070312,1.0,,,,,,,,,,,,,
1700567795123-2-8-2-4-1,Disgust,Correct,Disgust,8,0.97846025,0.97846025,,0.439534068107605,,0.99754136800766,1.0,,,,,,,,,,,,,
1700567903352-2-8-3-1-1,Disgust,Correct,Disgust,-8,0.009914847,0.009914847,,0.1307241171598434,,0.0918885692954063,0.1362792253494262,,,,,,,,,,,,,
1700567903352-2-8-3-1-1,Disgust,Correct,Disgust,-7,0.012102782,0.012102782,,0.1328583806753158,,0.1620165556669235,0.206530213356018,,,,,,,,,,,,,
1700567903352-2-8-3-1-1,Disgust,Correct,Disgust,-6,0.01907707,0.01907707,,0.169911041855812,,0.2548488676548004,0.293701022863388,,,,,,,,,,,,,
1700567903352-2-8-3-1-1,Disgust,Correct,Disgust,-5,0.040287446,0.040287446,,0.2279512882232666,,0.3131987750530243,0.3786060810089111,,,,,,,,,,,,,
1700567903352-2-8-3-1-1,Disgust,Correct,Disgust,-4,0.079449125,0.079449125,,0.256554365158081,,0.3505779504776001,0.4057614505290985,,,,,,,,,,,,,
1700567903352-2-8-3-1-1,Disgust,Correct,Disgust,-3,0.14154443,0.14154443,,0.2746420204639435,,0.3529393374919891,0.417492151260376,,,,,,,,,,,,,
1700567903352-2-8-3-1-1,Disgust,Correct,Disgust,-2,0.19006968,0.19006968,,0.2767003774642944,,0.3782017230987549,0.4435746967792511,,,,,,,,,,,,,
1700567903352-2-8-3-1-1,Disgust,Correct,Disgust,-1,0.28550935,0.28550935,,0.3084995746612549,,0.3900654017925262,0.4553807377815246,,,,,,,,,,,,,
1700567903352-2-8-3-1-1,Disgust,Correct,Disgust,0,0.38509738,0.38509738,,0.3084995746612549,,0.3900654017925262,0.4553807377815246,,,,,,,,,,,,,
1700567903352-2-8-3-1-1,Disgust,Correct,Disgust,1,0.46223274,0.46223274,,0.2971730530261993,,0.3581796884536743,0.4137560427188873,,,,,,,,,,,,,
1700567903352-2-8-3-1-1,Disgust,Correct,Disgust,2,0.5218452,0.5218452,,0.3220687210559845,,0.4026011824607849,0.4673735797405243,,,,,,,,,,,,,
1700567903352-2-8-3-1-1,Disgust,Correct,Disgust,3,0.5749756,0.5749756,,0.3491330742835998,,0.4068983793258667,0.4720974862575531,,,,,,,,,,,,,
1700567903352-2-8-3-1-1,Disgust,Correct,Disgust,4,0.6051941,0.6051941,,0.34297576546669,,0.368328720331192,0.4415872097015381,,,,,,,,,,,,,
1700567903352-2-8-3-1-1,Disgust,Correct,Disgust,5,0.6637216,0.6637216,,0.343779593706131,,0.4479506015777588,0.5141767859458923,,,,,,,,,,,,,
1700567903352-2-8-3-1-1,Disgust,Correct,Disgust,6,0.6925745,0.6925745,,0.3442196249961853,,0.3993921875953674,0.4605886042118072,,,,,,,,,,,,,
1700567903352-2-8-3-1-1,Disgust,Correct,Disgust,7,0.72473127,0.72473127,,0.3378316164016723,,0.4297335743904114,0.4945109486579895,,,,,,,,,,,,,
1700567903352-2-8-3-1-1,Disgust,Correct,Disgust,8,0.75503635,0.75503635,,0.3446924388408661,,0.4529161751270294,0.518125057220459,,,,,,,,,,,,,
1700567920333-2-8-3-9-1,Disgust,Correct,Disgust,-8,0.00082148996,0.00082148996,,0.0099541069939732,,0.0437373146414756,0.0541301816701889,,,,,,,,,,,,,
1700567920333-2-8-3-9-1,Disgust,Correct,Disgust,-7,0.0010098136,0.0010098136,,0.0599701181054115,,0.3518625497817993,0.3683950901031494,,,,,,,,,,,,,
1700567920333-2-8-3-9-1,Disgust,Correct,Disgust,-6,0.001718616,0.001718616,,0.157164379954338,,0.6986075639724731,0.7365695834159851,,,,,,,,,,,,,
1700567920333-2-8-3-9-1,Disgust,Correct,Disgust,-5,0.004837499,0.004837499,,0.217662364244461,,0.9247660636901855,0.9629430174827576,,,,,,,,,,,,,
1700567920333-2-8-3-9-1,Disgust,Correct,Disgust,-4,0.012361018,0.012361018,,0.2380128800868988,,0.9182961583137512,0.9669545292854308,,,,,,,,,,,,,
1700567920333-2-8-3-9-1,Disgust,Correct,Disgust,-3,0.032127243,0.032127243,,0.2626647651195526,,0.9817740321159364,0.9991982579231262,,,,,,,,,,,,,
1700567920333-2-8-3-9-1,Disgust,Correct,Disgust,-2,0.07370227,0.07370227,,0.2655327916145324,,0.9674830436706544,0.9943535327911376,,,,,,,,,,,,,
1700567920333-2-8-3-9-1,Disgust,Correct,Disgust,-1,0.13621415,0.13621415,,0.2788801193237304,,0.9305397868156432,0.9680781364440918,,,,,,,,,,,,,
1700567920333-2-8-3-9-1,Disgust,Correct,Disgust,0,0.25061792,0.25061792,,0.2844999730587005,,0.955061674118042,0.99311625957489,,,,,,,,,,,,,
1700567920333-2-8-3-9-1,Disgust,Correct,Disgust,1,0.3547853,0.3547853,,0.2776029706001282,,0.9305150508880616,0.968479573726654,,,,,,,,,,,,,
1700567920333-2-8-3-9-1,Disgust,Correct,Disgust,2,0.46058792,0.46058792,,0.2781547009944916,,0.9546214938163756,0.998206615447998,,,,,,,,,,,,,
1700567920333-2-8-3-9-1,Disgust,Correct,Disgust,3,0.5320306,0.5320306,,0.297208160161972,,0.9460206031799316,0.9844338297843932,,,,,,,,,,,,,
1700567920333-2-8-3-9-1,Disgust,Correct,Disgust,4,0.5752394,0.5752394,,0.2911079227924347,,0.9553205370903016,0.9934092164039612,,,,,,,,,,,,,
1700567920333-2-8-3-9-1,Disgust,Correct,Disgust,5,0.6163901,0.6163901,,0.2972830533981323,,0.9560915231704712,0.9941295981407166,,,,,,,,,,,,,
1700567920333-2-8-3-9-1,Disgust,Correct,Disgust,6,0.6727206,0.6727206,,0.3037421703338623,,0.9928151965141296,0.9999194145202636,,,,,,,,,,,,,
1700567920333-2-8-3-9-1,Disgust,Correct,Disgust,7,0.69927657,0.69927657,,0.300225555896759,,0.9991702437400818,0.9999880790710448,,,,,,,,,,,,,
1700567938373-2-8-3-18-1,Disgust,Correct,Disgust,-6,0.07655234,0.07655234,,7.2569782787468284e-06,,2.3654595364587077e-35,1.0371121051830998e-35,,,,,,,,,,,,,
1700567938373-2-8-3-18-1,Disgust,Correct,Disgust,-5,0.04089143,0.04089143,,5.9998606047884095e-06,,1.6671283613629934e-35,7.309357895840189e-36,,,,,,,,,,,,,
1700567938373-2-8-3-18-1,Disgust,Correct,Disgust,-4,0.022572542,0.022572542,,4.960573278367519e-06,,1.1749594808036486e-35,5.151492785432546e-36,,,,,,,,,,,,,
1700567938373-2-8-3-18-1,Disgust,Correct,Disgust,-3,0.013755666,0.013755666,,4.101352260477142e-06,,0.0058981422334909,0.0287734139710664,,,,,,,,,,,,,
1700567938373-2-8-3-18-1,Disgust,Correct,Disgust,-2,0.01671699,0.01671699,,0.0209226906299591,,0.2857404351234436,0.340624064207077,,,,,,,,,,,,,
1700567938373-2-8-3-18-1,Disgust,Correct,Disgust,-1,0.08337835,0.08337835,,0.1013500988483429,,0.648952305316925,0.6876702308654785,,,,,,,,,,,,,
1700567938373-2-8-3-18-1,Disgust,Correct,Disgust,0,0.5536581,0.5536581,,0.1793612539768219,,0.8757136464118958,0.8977912664413452,,,,,,,,,,,,,
1700567938373-2-8-3-18-1,Disgust,Correct,Disgust,1,0.8802809,0.8802809,,0.2171020060777664,,0.9278811812400818,0.96561461687088,,,,,,,,,,,,,
1700567938373-2-8-3-18-1,Disgust,Correct,Disgust,2,0.9494473,0.9494473,,0.2305981218814849,,0.9554885029792786,0.993529975414276,,,,,,,,,,,,,
1700567938373-2-8-3-18-1,Disgust,Correct,Disgust,3,0.96954155,0.96954155,,0.2422170639038086,,0.9667122960090636,0.9998182654380798,,,,,,,,,,,,,
1700567938373-2-8-3-18-1,Disgust,Correct,Disgust,4,0.9775843,0.9775843,,0.2563179433345794,,0.920033872127533,0.9578180313110352,,,,,,,,,,,,,
1700567938373-2-8-3-18-1,Disgust,Correct,Disgust,5,0.982239,0.982239,,0.2683154344558716,,0.944232940673828,0.982283890247345,,,,,,,,,,,,,
1700567938373-2-8-3-18-1,Disgust,Correct,Disgust,6,0.98487306,0.98487306,,0.27944216132164,,0.9196197390556335,0.9576038122177124,,,,,,,,,,,,,
1700567938373-2-8-3-18-1,Disgust,Correct,Disgust,7,0.98659027,0.98659027,,0.27944216132164,,0.9196197390556335,0.9576038122177124,,,,,,,,,,,,,
1700567938373-2-8-3-18-1,Disgust,Correct,Disgust,8,0.98813105,0.98813105,,0.3010742366313934,,0.9289670586586,0.9662572741508484,,,,,,,,,,,,,
1700568075798-2-8-4-0-1,Disgust,Correct,Disgust,-4,0.20961688,0.20961688,,0.1242009624838829,,0.1453876793384552,0.2034015208482742,,,,,,,,,,,,,
1700568075798-2-8-4-0-1,Disgust,Correct,Disgust,-3,0.29573742,0.29573742,,0.1159905344247818,,0.1556380242109298,0.2253237068653106,,,,,,,,,,,,,
1700568075798-2-8-4-0-1,Disgust,Correct,Disgust,-2,0.39736083,0.39736083,,0.1159905344247818,,0.1556380242109298,0.2253237068653106,,,,,,,,,,,,,
1700568075798-2-8-4-0-1,Disgust,Correct,Disgust,-1,0.542892,0.542892,,0.1145376116037368,,0.2213254421949386,0.279122918844223,,,,,,,,,,,,,
1700568075798-2-8-4-0-1,Disgust,Correct,Disgust,0,0.7142037,0.7142037,,0.121842548251152,,0.3855116367340088,0.4137877523899078,,,,,,,,,,,,,
1700568075798-2-8-4-0-1,Disgust,Correct,Disgust,1,0.8610279,0.8610279,,0.1436880528926849,,0.541839063167572,0.5687161684036255,,,,,,,,,,,,,
1700568075798-2-8-4-0-1,Disgust,Correct,Disgust,2,0.94074607,0.94074607,,0.1704179048538208,,0.6004621386528015,0.6275100708007812,,,,,,,,,,,,,
1700568075798-2-8-4-0-1,Disgust,Correct,Disgust,3,0.96909225,0.96909225,,0.1896634995937347,,0.6549696922302246,0.6663676500320435,,,,,,,,,,,,,
1700568075798-2-8-4-0-1,Disgust,Correct,Disgust,4,0.9787932,0.9787932,,0.1896634995937347,,0.6549696922302246,0.6663676500320435,,,,,,,,,,,,,
1700568075798-2-8-4-0-1,Disgust,Correct,Disgust,5,0.9845137,0.9845137,,0.2319747805595398,,0.7075212597846985,0.7332777976989746,,,,,,,,,,,,,
1700568075798-2-8-4-0-1,Disgust,Correct,Disgust,6,0.98744154,0.98744154,,0.2319747805595398,,0.7075212597846985,0.7332777976989746,,,,,,,,,,,,,
1700568075798-2-8-4-0-1,Disgust,Correct,Disgust,7,0.9905557,0.9905557,,0.2864580750465393,,0.8226098418235779,0.8497685790061951,,,,,,,,,,,,,
1700568075798-2-8-4-0-1,Disgust,Correct,Disgust,8,0.99227303,0.99227303,,0.2961398959159851,,0.8256112337112427,0.852774977684021,,,,,,,,,,,,,
1700568096451-2-8-4-12-1,Disgust,Correct,Disgust,-8,0.0014651542,0.0014651542,,1.1166227977810197e-06,,3.474083981185738e-31,1.6190086044864067e-31,,,,,,,,,,,,,
1700568096451-2-8-4-12-1,Disgust,Correct,Disgust,-7,0.0015611532,0.0015611532,,1.1166227977810197e-06,,3.474083981185738e-31,1.6190086044864067e-31,,,,,,,,,,,,,
1700568096451-2-8-4-12-1,Disgust,Correct,Disgust,-6,0.0017296693,0.0017296693,,9.232496154254476e-07,,2.448424487988753e-31,1.1410250948742554e-31,,,,,,,,,,,,,
1700568096451-2-8-4-12-1,Disgust,Correct,Disgust,-5,0.0029039518,0.0029039518,,0.0100160520523786,,0.159317746758461,0.2138933688402176,,,,,,,,,,,,,
1700568096451-2-8-4-12-1,Disgust,Correct,Disgust,-4,0.0039765425,0.0039765425,,0.0100160520523786,,0.159317746758461,0.2138933688402176,,,,,,,,,,,,,
1700568096451-2-8-4-12-1,Disgust,Correct,Disgust,-3,0.01077141,0.01077141,,0.0283594597131013,,0.4270126223564148,0.4763246178627014,,,,,,,,,,,,,
1700568096451-2-8-4-12-1,Disgust,Correct,Disgust,-2,0.0770353,0.0770353,,0.0772702917456626,,0.6107785105705261,0.6918186545372009,,,,,,,,,,,,,
1700568096451-2-8-4-12-1,Disgust,Correct,Disgust,-1,0.3493234,0.3493234,,0.1061807498335838,,0.7032864689826965,0.7585224509239197,,,,,,,,,,,,,
1700568096451-2-8-4-12-1,Disgust,Correct,Disgust,0,0.7161496,0.7161496,,0.1409650892019271,,0.8511428236961365,0.8997499346733093,,,,,,,,,,,,,
1700568096451-2-8-4-12-1,Disgust,Correct,Disgust,1,0.8683948,0.8683948,,0.1409650892019271,,0.8511428236961365,0.8997499346733093,,,,,,,,,,,,,
1700568096451-2-8-4-12-1,Disgust,Correct,Disgust,2,0.9274818,0.9274818,,0.1631968021392822,,0.8372290730476379,0.880892276763916,,,,,,,,,,,,,
1700568096451-2-8-4-12-1,Disgust,Correct,Disgust,3,0.94957346,0.94957346,,0.1631968021392822,,0.8372290730476379,0.880892276763916,,,,,,,,,,,,,
1700568096451-2-8-4-12-1,Disgust,Correct,Disgust,4,0.9638596,0.9638596,,0.1680845022201538,,0.888827383518219,0.927060067653656,,,,,,,,,,,,,
1700568096451-2-8-4-12-1,Disgust,Correct,Disgust,5,0.9708609,0.9708609,,0.1680845022201538,,0.888827383518219,0.927060067653656,,,,,,,,,,,,,
1700568096451-2-8-4-12-1,Disgust,Correct,Disgust,6,0.9755225,0.9755225,,0.1755966395139694,,0.9430249333381652,0.9653272032737732,,,,,,,,,,,,,
1700568096451-2-8-4-12-1,Disgust,Correct,Disgust,7,0.9793921,0.9793921,,0.1933363527059555,,0.956725001335144,0.9941314458847046,,,,,,,,,,,,,
1700568096451-2-8-4-12-1,Disgust,Correct,Disgust,8,0.9816259,0.9816259,,0.1933363527059555,,0.956725001335144,0.9941314458847046,,,,,,,,,,,,,
1700568102387-2-8-4-15-1,Disgust,Correct,Disgust,-8,0.0016480472,0.0016480472,,8.778148185228929e-05,,0.002607210772112,0.0154980896040797,,,,,,,,,,,,,
1700568102387-2-8-4-15-1,Disgust,Correct,Disgust,-7,0.0015088595,0.0015088595,,7.196345541160554e-05,,0.018900778144598,0.0458489954471588,,,,,,,,,,,,,
1700568102387-2-8-4-15-1,Disgust,Correct,Disgust,-6,0.0015256763,0.0015256763,,0.0036719115450978,,0.056608997285366,0.0854386240243911,,,,,,,,,,,,,
1700568102387-2-8-4-15-1,Disgust,Correct,Disgust,-5,0.0017188117,0.0017188117,,0.0062683043070137,,0.1121609359979629,0.1403364390134811,,,,,,,,,,,,,
1700568102387-2-8-4-15-1,Disgust,Correct,Disgust,-4,0.002700911,0.002700911,,0.0184718053787946,,0.2894691824913025,0.3545178771018982,,,,,,,,,,,,,
1700568102387-2-8-4-15-1,Disgust,Correct,Disgust,-3,0.004880634,0.004880634,,0.0363518670201301,,0.4132197499275207,0.478947252035141,,,,,,,,,,,,,
1700568102387-2-8-4-15-1,Disgust,Correct,Disgust,-2,0.015249672,0.015249672,,0.0895402580499649,,0.6723798513412476,0.7540696263313293,,,,,,,,,,,,,
1700568102387-2-8-4-15-1,Disgust,Correct,Disgust,-1,0.10893556,0.10893556,,0.1573852002620697,,0.8757124543190002,0.9414079189300536,,,,,,,,,,,,,
1700568102387-2-8-4-15-1,Disgust,Correct,Disgust,0,0.48674622,0.48674622,,0.2086097747087478,,0.9437239170074464,0.9930122494697572,,,,,,,,,,,,,
1700568102387-2-8-4-15-1,Disgust,Correct,Disgust,1,0.8336011,0.8336011,,0.2527102828025818,,0.9929430484771729,0.9998122453689576,,,,,,,,,,,,,
1700568102387-2-8-4-15-1,Disgust,Correct,Disgust,2,0.94404763,0.94404763,,0.2861735224723816,,0.9997905492782592,0.9999939203262328,,,,,,,,,,,,,
1700568102387-2-8-4-15-1,Disgust,Correct,Disgust,3,0.9723531,0.9723531,,0.3048901259899139,,0.9999925494194032,0.9999997615814208,,,,,,,,,,,,,
1700568102387-2-8-4-15-1,Disgust,Correct,Disgust,4,0.9826634,0.9826634,,0.311909019947052,,0.999999701976776,1.0,,,,,,,,,,,,,
1700568102387-2-8-4-15-1,Disgust,Correct,Disgust,5,0.98621887,0.98621887,,0.3017363846302032,,0.9842419028282166,1.0,,,,,,,,,,,,,
1700568102387-2-8-4-15-1,Disgust,Correct,Disgust,6,0.98839706,0.98839706,,0.3322479724884033,,0.999056875705719,1.0,,,,,,,,,,,,,
1700568102387-2-8-4-15-1,Disgust,Correct,Disgust,7,0.9898309,0.9898309,,0.3386310935020447,,0.9999329447746276,1.0,,,,,,,,,,,,,
1700568102387-2-8-4-15-1,Disgust,Correct,Disgust,8,0.99058515,0.99058515,,0.3385177850723266,,0.999999463558197,1.0,,,,,,,,,,,,,
1700568121727-2-8-4-26-1,Disgust,Correct,Disgust,-8,0.003950556,0.003950556,,7.898558251895338e-09,,1.401298464324817e-45,1.401298464324817e-45,,,,,,,,,,,,,
1700568121727-2-8-4-26-1,Disgust,Correct,Disgust,-7,0.0030656124,0.0030656124,,7.898558251895338e-09,,1.401298464324817e-45,1.401298464324817e-45,,,,,,,,,,,,,
1700568121727-2-8-4-26-1,Disgust,Correct,Disgust,-6,0.0025289801,0.0025289801,,6.5307319552232465e-09,,1.401298464324817e-45,1.401298464324817e-45,,,,,,,,,,,,,
1700568121727-2-8-4-26-1,Disgust,Correct,Disgust,-5,0.0020869079,0.0020869079,,4.464706826468046e-09,,1.401298464324817e-45,1.401298464324817e-45,,,,,,,,,,,,,
1700568121727-2-8-4-26-1,Disgust,Correct,Disgust,-4,0.0017808736,0.0017808736,,4.464706826468046e-09,,1.401298464324817e-45,1.401298464324817e-45,,,,,,,,,,,,,
1700568121727-2-8-4-26-1,Disgust,Correct,Disgust,-3,0.001938427,0.001938427,,0.0151198003441095,,0.1827576458454132,0.220590204000473,,,,,,,,,,,,,
1700568121727-2-8-4-26-1,Disgust,Correct,Disgust,-2,0.00809263,0.00809263,,0.1214448362588882,,0.6847665309906006,0.7124571204185486,,,,,,,,,,,,,
1700568121727-2-8-4-26-1,Disgust,Correct,Disgust,-1,0.18708895,0.18708895,,0.2847496271133423,,0.822929859161377,0.860867977142334,,,,,,,,,,,,,
1700568121727-2-8-4-26-1,Disgust,Correct,Disgust,0,0.9315009,0.9315009,,0.8911198973655701,,0.9999251961708068,0.9999387860298156,,,,,,,,,,,,,
1700568121727-2-8-4-26-1,Disgust,Correct,Disgust,1,0.9791774,0.9791774,,0.8911198973655701,,0.9999251961708068,0.9999387860298156,,,,,,,,,,,,,
1700568121727-2-8-4-26-1,Disgust,Correct,Disgust,2,0.98791295,0.98791295,,0.9126601815223694,,0.9999979734420776,0.9999983310699464,,,,,,,,,,,,,
1700568121727-2-8-4-26-1,Disgust,Correct,Disgust,3,0.9910685,0.9910685,,0.916227400302887,,0.9999999403953552,0.9999999403953552,,,,,,,,,,,,,
1700568121727-2-8-4-26-1,Disgust,Correct,Disgust,4,0.992021,0.992021,,0.8960174322128296,,1.0,1.0,,,,,,,,,,,,,
1700568121727-2-8-4-26-1,Disgust,Correct,Disgust,5,0.992502,0.992502,,0.9039835929870604,,1.0,1.0,,,,,,,,,,,,,
1700568121727-2-8-4-26-1,Disgust,Correct,Disgust,6,0.992729,0.992729,,0.9039835929870604,,1.0,1.0,,,,,,,,,,,,,
1700568121727-2-8-4-26-1,Disgust,Correct,Disgust,7,0.99294734,0.99294734,,0.9017650485038756,,1.0,1.0,,,,,,,,,,,,,
1700568121727-2-8-4-26-1,Disgust,Correct,Disgust,8,0.99296826,0.99296826,,0.8944118022918701,,1.0,1.0,,,,,,,,,,,,,
1700577733309-2-10-2-1-1,Disgust,Incorrect,Happiness,-8,0.0026991162,0.019046504,,0.0276700444519519,,0.0108654405921697,1.51504618043349e-23,,,,,,,,,,,,,
1700577733309-2-10-2-1-1,Disgust,Incorrect,Happiness,-7,0.00282935,0.018309122,,0.0422195643186569,,0.0108655430376529,7.525404080810975e-24,,,,,,,,,,,,,
1700577733309-2-10-2-1-1,Disgust,Incorrect,Happiness,-6,0.0030999272,0.01747549,,0.0649726018309593,,0.0108655728399753,0.0058981324546039,,,,,,,,,,,,,
1700577733309-2-10-2-1-1,Disgust,Incorrect,Happiness,-5,0.003668223,0.016409364,,0.1188215911388397,,0.0208282023668289,0.0084475073963403,,,,,,,,,,,,,
1700577733309-2-10-2-1-1,Disgust,Incorrect,Happiness,-4,0.0070073465,0.026491376,,0.1417175233364105,,0.0465262606739997,0.0303766448050737,,,,,,,,,,,,,
1700577733309-2-10-2-1-1,Disgust,Incorrect,Happiness,-3,0.012986397,0.0398905,,0.1417175233364105,,0.0465262606739997,0.0303766448050737,,,,,,,,,,,,,
1700577733309-2-10-2-1-1,Disgust,Incorrect,Happiness,-2,0.060264017,0.14908192,,0.2384014278650283,,0.1538295447826385,0.1429177075624466,,,,,,,,,,,,,
1700577733309-2-10-2-1-1,Disgust,Incorrect,Happiness,-1,0.15384108,0.26678255,,0.2384014278650283,,0.1538295447826385,0.1429177075624466,,,,,,,,,,,,,
1700577733309-2-10-2-1-1,Disgust,Incorrect,Happiness,0,0.29128996,0.31051305,,0.2757011353969574,,0.1668106466531753,0.1559435278177261,,,,,,,,,,,,,
1700577740656-2-10-2-4-1,Disgust,Correct,Disgust,-8,0.20513979,0.20513979,,0.236000195145607,,0.13587187230587,0.121505968272686,,,,,,,,,,,,,
1700577740656-2-10-2-4-1,Disgust,Correct,Disgust,-7,0.29893094,0.29893094,,0.236000195145607,,0.13587187230587,0.121505968272686,,,,,,,,,,,,,
1700577740656-2-10-2-4-1,Disgust,Correct,Disgust,-6,0.38100466,0.38100466,,0.2496246695518493,,0.1288075596094131,0.1168912500143051,,,,,,,,,,,,,
1700577740656-2-10-2-4-1,Disgust,Correct,Disgust,-5,0.43374446,0.43374446,,0.2493637353181839,,0.1299162209033966,0.1187596321105957,,,,,,,,,,,,,
1700577740656-2-10-2-4-1,Disgust,Correct,Disgust,-4,0.479886,0.479886,,0.2492098808288574,,0.1241453886032104,0.1192760169506073,,,,,,,,,,,,,
1700577740656-2-10-2-4-1,Disgust,Correct,Disgust,-3,0.51679736,0.51679736,,0.2492098808288574,,0.1241453886032104,0.1192760169506073,,,,,,,,,,,,,
1700577740656-2-10-2-4-1,Disgust,Correct,Disgust,-2,0.56624866,0.56624866,,0.2491150945425033,,0.1217188611626625,0.1194344386458396,,,,,,,,,,,,,
1700577740656-2-10-2-4-1,Disgust,Correct,Disgust,-1,0.660124,0.660124,,0.2673129737377167,,0.1413958817720413,0.1176107600331306,,,,,,,,,,,,,
1700577740656-2-10-2-4-1,Disgust,Correct,Disgust,0,0.772126,0.772126,,0.2897370159626007,,0.145075723528862,0.1263153403997421,,,,,,,,,,,,,
1700577744274-2-10-2-5-1,Disgust,Incorrect,Happiness,-8,0.0048130318,0.97684723,,0.2222072929143905,,0.0945672839879989,0.0702746137976646,,,,,,,,,,,,,
1700577744274-2-10-2-5-1,Disgust,Incorrect,Happiness,-7,0.005594825,0.9741891,,0.2222072929143905,,0.0945672839879989,0.0702746137976646,,,,,,,,,,,,,
1700577744274-2-10-2-5-1,Disgust,Incorrect,Happiness,-6,0.0066908333,0.9717765,,0.2757258713245392,,0.1130522266030311,0.0885096937417984,,,,,,,,,,,,,
1700577744274-2-10-2-5-1,Disgust,Incorrect,Happiness,-5,0.008200617,0.96731526,,0.2757258713245392,,0.1130522266030311,0.0885096937417984,,,,,,,,,,,,,
1700577744274-2-10-2-5-1,Disgust,Incorrect,Happiness,-4,0.009132239,0.96601814,,0.2729217708110809,,0.1020620390772819,0.0982212200760841,,,,,,,,,,,,,
1700577744274-2-10-2-5-1,Disgust,Incorrect,Happiness,-3,0.010505289,0.9628284,,0.2850002944469452,,0.1028587967157363,0.1019821390509605,,,,,,,,,,,,,
1700577744274-2-10-2-5-1,Disgust,Incorrect,Happiness,-2,0.012403133,0.9581607,,0.2850002944469452,,0.1028587967157363,0.1019821390509605,,,,,,,,,,,,,
1700577744274-2-10-2-5-1,Disgust,Incorrect,Happiness,-1,0.015023343,0.9470466,,0.214442640542984,,0.0373573750257492,0.0237054917961359,,,,,,,,,,,,,
1700577744274-2-10-2-5-1,Disgust,Incorrect,Happiness,0,0.017706323,0.9372802,,0.214442640542984,,0.0373573750257492,0.0237054917961359,,,,,,,,,,,,,
1700577841033-2-10-3-1-1,Disgust,Incorrect,Happiness,-8,0.006075076,0.68664443,,0.0262880325317382,,0.0108656426891684,0.0012011711951345,,,,,,,,,,,,,
1700577841033-2-10-3-1-1,Disgust,Incorrect,Happiness,-7,0.005732227,0.69677556,,0.0245363172143697,,0.0108656426891684,0.0004258213157299,,,,,,,,,,,,,
1700577841033-2-10-3-1-1,Disgust,Incorrect,Happiness,-6,0.0054563014,0.7188039,,0.0252896957099437,,0.0108656426891684,0.0002638131554704,,,,,,,,,,,,,
1700577841033-2-10-3-1-1,Disgust,Incorrect,Happiness,-5,0.005244296,0.7342581,,0.0252896957099437,,0.0108656426891684,0.0002638131554704,,,,,,,,,,,,,
1700577841033-2-10-3-1-1,Disgust,Incorrect,Happiness,-4,0.004930304,0.76574004,,0.0259063057601451,,0.0108656426891684,0.0001669389894232,,,,,,,,,,,,,
1700577841033-2-10-3-1-1,Disgust,Incorrect,Happiness,-3,0.004706703,0.7917194,,0.0292250458151102,,0.0208261646330356,0.005656607914716,,,,,,,,,,,,,
1700577841033-2-10-3-1-1,Disgust,Incorrect,Happiness,-2,0.0043259426,0.82767636,,0.0316578522324562,,0.0244920775294303,0.008185975253582,,,,,,,,,,,,,
1700577841033-2-10-3-1-1,Disgust,Incorrect,Happiness,-1,0.0040290575,0.87222034,,0.052641212940216,,0.0334798917174339,0.0208500921726226,,,,,,,,,,,,,
1700577841033-2-10-3-1-1,Disgust,Incorrect,Happiness,0,0.00424257,0.89733887,,0.0939813256263732,,0.0833666250109672,0.0671391114592552,,,,,,,,,,,,,
1700577841033-2-10-3-1-1,Disgust,Incorrect,Happiness,1,0.0036372745,0.9387188,,0.1132877245545387,,0.0776807218790054,0.0656172558665275,,,,,,,,,,,,,
1700577841033-2-10-3-1-1,Disgust,Incorrect,Happiness,2,0.0022866977,0.97763556,,0.1133421063423156,,0.0764676257967948,0.0738899186253547,,,,,,,,,,,,,
1700577841033-2-10-3-1-1,Disgust,Incorrect,Happiness,3,0.001066171,0.9942192,,0.1089185401797294,,0.0692759826779365,0.0677095130085945,,,,,,,,,,,,,
1700577841033-2-10-3-1-1,Disgust,Incorrect,Happiness,4,0.00055014767,0.9979918,,0.1175258383154869,,0.0602677837014198,0.0501701347529888,,,,,,,,,,,,,
1700577841033-2-10-3-1-1,Disgust,Incorrect,Happiness,5,0.00039019794,0.99875677,,0.1175258383154869,,0.0602677837014198,0.0501701347529888,,,,,,,,,,,,,
1700577841033-2-10-3-1-1,Disgust,Incorrect,Happiness,6,0.00032648523,0.9990301,,0.1164118871092796,,0.0631856843829155,0.0603302307426929,,,,,,,,,,,,,
1700577841033-2-10-3-1-1,Disgust,Incorrect,Happiness,7,0.00031100714,0.9991128,,0.1189466193318367,,0.0718280747532844,0.0634567365050315,,,,,,,,,,,,,
1700577841033-2-10-3-1-1,Disgust,Incorrect,Happiness,8,0.00030890043,0.9991385,,0.1176545917987823,,0.0745270773768425,0.064515471458435,,,,,,,,,,,,,
1700577857687-2-10-3-9-1,Disgust,Incorrect,Neutral,-8,0.00085494504,0.9729188,,0.0466910786926746,,0.0038893297314643,0.0032272560056298,,,,,,,,,,,,,
1700577857687-2-10-3-9-1,Disgust,Incorrect,Neutral,-7,0.0008295292,0.97593075,,0.1286604106426239,,0.0081132864579558,0.0083730742335319,,,,,,,,,,,,,
1700577857687-2-10-3-9-1,Disgust,Incorrect,Neutral,-6,0.000794332,0.9783398,,0.1286604106426239,,0.0081132864579558,0.0083730742335319,,,,,,,,,,,,,
1700577857687-2-10-3-9-1,Disgust,Incorrect,Neutral,-5,0.000787537,0.9803315,,0.1461573988199234,,0.0090882694348692,0.0093706930056214,,,,,,,,,,,,,
1700577857687-2-10-3-9-1,Disgust,Incorrect,Neutral,-4,0.0008348018,0.9819017,,0.1960532963275909,,0.0204163547605276,0.0207566805183887,,,,,,,,,,,,,
1700577857687-2-10-3-9-1,Disgust,Incorrect,Neutral,-3,0.000904965,0.9829108,,0.2336377054452896,,0.024421852082014,0.0246433429419994,,,,,,,,,,,,,
1700577857687-2-10-3-9-1,Disgust,Incorrect,Neutral,-2,0.0034374576,0.96786946,,0.3262451589107513,,0.1772796660661697,0.1504898369312286,,,,,,,,,,,,,
1700577857687-2-10-3-9-1,Disgust,Incorrect,Neutral,-1,0.027884785,0.879229,,0.3441528975963592,,0.21928571164608,0.1917302310466766,,,,,,,,,,,,,
1700577857687-2-10-3-9-1,Disgust,Incorrect,Neutral,0,0.20948926,0.48980615,,0.3510280847549438,,0.1834605634212494,0.1583101004362106,,,,,,,,,,,,,
1700578007024-2-10-4-0-1,Disgust,Incorrect,Happiness,-8,0.00030189205,0.99946433,,0.3022679686546325,,0.1230673715472221,0.1080832853913307,,,,,,,,,,,,,
1700578007024-2-10-4-0-1,Disgust,Incorrect,Happiness,-7,0.00030005953,0.99946576,,0.3041872382164001,,0.1270926743745803,0.1064630821347236,,,,,,,,,,,,,
1700578007024-2-10-4-0-1,Disgust,Incorrect,Happiness,-6,0.00030073005,0.99946636,,0.2982293963432312,,0.112142264842987,0.0990108624100685,,,,,,,,,,,,,
1700578007024-2-10-4-0-1,Disgust,Incorrect,Happiness,-5,0.00029655342,0.99947304,,0.2816702723503113,,0.114704705774784,0.1006029844284057,,,,,,,,,,,,,
1700578007024-2-10-4-0-1,Disgust,Incorrect,Happiness,-4,0.0002896189,0.99948645,,0.2784553170204162,,0.1163366958498954,0.101559579372406,,,,,,,,,,,,,
1700578007024-2-10-4-0-1,Disgust,Incorrect,Happiness,-3,0.00027346978,0.9995066,,0.2699776887893677,,0.1084808111190795,0.0968282744288444,,,,,,,,,,,,,
1700578007024-2-10-4-0-1,Disgust,Incorrect,Happiness,-2,0.00024989707,0.9995449,,0.23148775100708,,0.0968551933765411,0.0935945734381675,,,,,,,,,,,,,
1700578007024-2-10-4-0-1,Disgust,Incorrect,Happiness,-1,0.00027308695,0.99951816,,0.2241098582744598,,0.094047263264656,0.0930525436997413,,,,,,,,,,,,,
1700578007024-2-10-4-0-1,Disgust,Incorrect,Happiness,0,0.0003257402,0.99944514,,0.1967713236808776,,0.0926622524857521,0.0926006734371185,,,,,,,,,,,,,
1700578007024-2-10-4-0-1,Disgust,Incorrect,Happiness,1,0.00034603121,0.9994221,,0.1380456984043121,,0.0861213579773902,0.0784046649932861,,,,,,,,,,,,,
1700578007024-2-10-4-0-1,Disgust,Incorrect,Happiness,2,0.0003634727,0.99940526,,0.0953774154186248,,0.0821389481425285,0.0711151957511901,,,,,,,,,,,,,
1700578007024-2-10-4-0-1,Disgust,Incorrect,Happiness,3,0.00036949269,0.9993992,,0.0953774154186248,,0.0821389481425285,0.0711151957511901,,,,,,,,,,,,,
1700578007024-2-10-4-0-1,Disgust,Incorrect,Happiness,4,0.0003674029,0.9994031,,0.0953774154186248,,0.0821389481425285,0.0711151957511901,,,,,,,,,,,,,
1700578007024-2-10-4-0-1,Disgust,Incorrect,Happiness,5,0.00036864213,0.99939823,,0.0779463946819305,,0.0783131495118141,0.0672689452767372,,,,,,,,,,,,,
1700578007024-2-10-4-0-1,Disgust,Incorrect,Happiness,6,0.00036343496,0.9994049,,0.0779463946819305,,0.0783131495118141,0.0672689452767372,,,,,,,,,,,,,
1700578027679-2-10-4-12-1,Disgust,Correct,Disgust,-8,0.017487459,0.017487459,,0.2057433128356933,,0.0210694428533315,0.046974666416645,,,,,,,,,,,,,
1700578027679-2-10-4-12-1,Disgust,Correct,Disgust,-7,0.020319246,0.020319246,,0.2109707146883011,,0.0328523255884647,0.0610397048294544,,,,,,,,,,,,,
1700578027679-2-10-4-12-1,Disgust,Correct,Disgust,-6,0.02585405,0.02585405,,0.2267415523529052,,0.1201058253645896,0.1377974599599838,,,,,,,,,,,,,
1700578027679-2-10-4-12-1,Disgust,Correct,Disgust,-5,0.038892254,0.038892254,,0.2567406296730041,,0.1639353930950164,0.1804123818874359,,,,,,,,,,,,,
1700578027679-2-10-4-12-1,Disgust,Correct,Disgust,-4,0.05384977,0.05384977,,0.2946911752223968,,0.1927252858877182,0.1940690129995346,,,,,,,,,,,,,
1700578027679-2-10-4-12-1,Disgust,Correct,Disgust,-3,0.07080155,0.07080155,,0.3476327359676361,,0.1544263809919357,0.1637963950634002,,,,,,,,,,,,,
1700578027679-2-10-4-12-1,Disgust,Correct,Disgust,-2,0.114621304,0.114621304,,0.3861672580242157,,0.1808590739965438,0.1914911121129989,,,,,,,,,,,,,
1700578027679-2-10-4-12-1,Disgust,Correct,Disgust,-1,0.22334066,0.22334066,,0.4077249765396118,,0.2698239088058471,0.2911239564418793,,,,,,,,,,,,,
1700578027679-2-10-4-12-1,Disgust,Correct,Disgust,0,0.35810778,0.35810778,,0.4102175533771515,,0.2520516812801361,0.2784432470798492,,,,,,,,,,,,,
1700578027679-2-10-4-12-1,Disgust,Correct,Disgust,1,0.4859603,0.4859603,,0.4113465249538421,,0.2501797974109649,0.2772307991981506,,,,,,,,,,,,,
1700578027679-2-10-4-12-1,Disgust,Correct,Disgust,2,0.58685124,0.58685124,,0.4171958267688751,,0.2839625775814056,0.296408087015152,,,,,,,,,,,,,
1700578052853-2-10-4-26-1,Disgust,Correct,Disgust,-8,0.12175573,0.12175573,,0.0034955744631588,,1.8700950076694367e-12,2.477027697539436e-12,,,,,,,,,,,,,
1700578052853-2-10-4-26-1,Disgust,Correct,Disgust,-7,0.0951719,0.0951719,,0.0028401014860719,,1.3179963847739784e-12,1.7457376690066528e-12,,,,,,,,,,,,,
1700578052853-2-10-4-26-1,Disgust,Correct,Disgust,-6,0.07074605,0.07074605,,0.0024232056457549,,9.288914038993457e-13,1.230347204325688e-12,,,,,,,,,,,,,
1700578052853-2-10-4-26-1,Disgust,Correct,Disgust,-5,0.052283674,0.052283674,,0.0020850813016295,,6.546636063115008e-13,8.671201235342654e-13,,,,,,,,,,,,,
1700578052853-2-10-4-26-1,Disgust,Correct,Disgust,-4,0.04000749,0.04000749,,0.0018099468434229,,4.613930765229315e-13,6.111260044024125e-13,,,,,,,,,,,,,
1700578052853-2-10-4-26-1,Disgust,Correct,Disgust,-3,0.03495175,0.03495175,,0.1002364084124565,,3.2517893000690034e-13,4.307060350733361e-13,,,,,,,,,,,,,
1700578052853-2-10-4-26-1,Disgust,Correct,Disgust,-2,0.044101454,0.044101454,,0.4235099256038666,,0.0058981203474104,3.035526474279293e-13,,,,,,,,,,,,,
1700578052853-2-10-4-26-1,Disgust,Correct,Disgust,-1,0.067801334,0.067801334,,0.5314222574234009,,0.065532773733139,0.0440020337700843,,,,,,,,,,,,,
1700578052853-2-10-4-26-1,Disgust,Correct,Disgust,0,0.11783794,0.11783794,,0.5440442562103271,,0.139138326048851,0.085720770061016,,,,,,,,,,,,,
1700578052853-2-10-4-26-1,Disgust,Correct,Disgust,1,0.16734539,0.16734539,,0.5469583868980408,,0.1556926369667053,0.1153953298926353,,,,,,,,,,,,,
1700578052853-2-10-4-26-1,Disgust,Correct,Disgust,2,0.1718901,0.1718901,,0.5477210879325867,,0.1258182376623153,0.0860328152775764,,,,,,,,,,,,,
1700578052853-2-10-4-26-1,Disgust,Correct,Disgust,3,0.16514976,0.16514976,,0.5479455590248108,,0.129595011472702,0.1000566035509109,,,,,,,,,,,,,
1700578052853-2-10-4-26-1,Disgust,Correct,Disgust,4,0.16448854,0.16448854,,0.538022518157959,,0.1302295476198196,0.1025545895099639,,,,,,,,,,,,,
1700578052853-2-10-4-26-1,Disgust,Correct,Disgust,5,0.1678196,0.1678196,,0.5283585786819458,,0.1532222926616668,0.1163281127810478,,,,,,,,,,,,,
1700578052853-2-10-4-26-1,Disgust,Correct,Disgust,6,0.17856078,0.17856078,,0.5391282439231873,,0.1804512590169906,0.1277872771024704,,,,,,,,,,,,,
1700578052853-2-10-4-26-1,Disgust,Correct,Disgust,7,0.19131665,0.19131665,,0.5436686277389526,,0.2080809772014618,0.1434659212827682,,,,,,,,,,,,,
1700578052853-2-10-4-26-1,Disgust,Correct,Disgust,8,0.21895953,0.21895953,,0.5576391816139221,,0.2306505441665649,0.1646569073200225,,,,,,,,,,,,,
1700583893370-2-13-2-4-1,Disgust,Correct,Disgust,-8,0.045880068,0.045880068,,0.2127304971218109,,0.0971317365765571,0.0689505860209465,,,,,,,,,,,,,
1700583893370-2-13-2-4-1,Disgust,Correct,Disgust,-7,0.05553274,0.05553274,,0.2670097351074219,,0.181634247303009,0.164134606719017,,,,,,,,,,,,,
1700583893370-2-13-2-4-1,Disgust,Correct,Disgust,-6,0.07460516,0.07460516,,0.2790751159191131,,0.2192593365907669,0.2078897207975387,,,,,,,,,,,,,
1700583893370-2-13-2-4-1,Disgust,Correct,Disgust,-5,0.09473679,0.09473679,,0.2903124988079071,,0.2473377883434295,0.2314083725214004,,,,,,,,,,,,,
1700583893370-2-13-2-4-1,Disgust,Correct,Disgust,-4,0.12354213,0.12354213,,0.3044712841510772,,0.3365598618984222,0.2941605746746063,,,,,,,,,,,,,
1700583893370-2-13-2-4-1,Disgust,Correct,Disgust,-3,0.15517323,0.15517323,,0.3413425981998443,,0.4036512374877929,0.3859966993331909,,,,,,,,,,,,,
1700583893370-2-13-2-4-1,Disgust,Correct,Disgust,-2,0.19792973,0.19792973,,0.3660054206848144,,0.5060177445411682,0.4791481792926788,,,,,,,,,,,,,
1700583893370-2-13-2-4-1,Disgust,Correct,Disgust,-1,0.2564289,0.2564289,,0.3824147582054138,,0.5104422569274902,0.4987775981426239,,,,,,,,,,,,,
1700583893370-2-13-2-4-1,Disgust,Correct,Disgust,0,0.31904748,0.31904748,,0.3892333805561065,,0.5363306999206543,0.5202986001968384,,,,,,,,,,,,,
1700583893370-2-13-2-4-1,Disgust,Correct,Disgust,1,0.35328245,0.35328245,,0.407718300819397,,0.6101332902908325,0.6096176505088806,,,,,,,,,,,,,
1700583893370-2-13-2-4-1,Disgust,Correct,Disgust,2,0.384383,0.384383,,0.4157272577285766,,0.6550453305244446,0.6291478872299194,,,,,,,,,,,,,
1700583893370-2-13-2-4-1,Disgust,Correct,Disgust,3,0.41547358,0.41547358,,0.4143804609775543,,0.6933554410934448,0.6661802530288696,,,,,,,,,,,,,
1700583893370-2-13-2-4-1,Disgust,Correct,Disgust,4,0.44263443,0.44263443,,0.4239068925380707,,0.7209844589233398,0.7041172981262207,,,,,,,,,,,,,
1700583893370-2-13-2-4-1,Disgust,Correct,Disgust,5,0.44650692,0.44650692,,0.4238991737365722,,0.6972820162773132,0.6809227466583252,,,,,,,,,,,,,
1700583893370-2-13-2-4-1,Disgust,Correct,Disgust,6,0.44193974,0.44193974,,0.4202553927898407,,0.7206803560256958,0.704393744468689,,,,,,,,,,,,,
1700583893370-2-13-2-4-1,Disgust,Correct,Disgust,7,0.44403747,0.44403747,,0.4215007424354553,,0.7577493190765381,0.7569159269332886,,,,,,,,,,,,,
1700583893370-2-13-2-4-1,Disgust,Correct,Disgust,8,0.46688294,0.46688294,,0.419069766998291,,0.6920391321182251,0.6752247214317322,,,,,,,,,,,,,
1700584001197-2-13-3-1-1,Disgust,Incorrect,Anger,-8,0.013290747,0.019741043,,0.0001882926299003,,0.0468261390924453,0.0504312105476856,,,,,,,,,,,,,
1700584001197-2-13-3-1-1,Disgust,Incorrect,Anger,-7,0.006834488,0.010585906,,0.0001555032504256,,0.0612216740846633,0.0711202770471572,,,,,,,,,,,,,
1700584001197-2-13-3-1-1,Disgust,Incorrect,Anger,-6,0.0037700944,0.0061043906,,0.000224779403652,,0.0564167723059654,0.0667669177055358,,,,,,,,,,,,,
1700584001197-2-13-3-1-1,Disgust,Incorrect,Anger,-5,0.0022695074,0.0038340958,,0.000224779403652,,0.0564167723059654,0.0667669177055358,,,,,,,,,,,,,
1700584001197-2-13-3-1-1,Disgust,Incorrect,Anger,-4,0.002384778,0.0042562573,,0.0117993019521236,,0.2075747400522232,0.2075125873088836,,,,,,,,,,,,,
1700584001197-2-13-3-1-1,Disgust,Incorrect,Anger,-3,0.0047685513,0.00998939,,0.020888889208436,,0.256974995136261,0.2568981349468231,,,,,,,,,,,,,
1700584001197-2-13-3-1-1,Disgust,Incorrect,Anger,-2,0.017397422,0.042311132,,0.0266377441585063,,0.3374170362949371,0.3217094838619232,,,,,,,,,,,,,
1700584001197-2-13-3-1-1,Disgust,Incorrect,Anger,-1,0.05849286,0.1668937,,0.0266377441585063,,0.3374170362949371,0.3217094838619232,,,,,,,,,,,,,
1700584001197-2-13-3-1-1,Disgust,Incorrect,Anger,0,0.19110687,0.5018472,,0.0662108734250068,,0.4438364207744598,0.433459997177124,,,,,,,,,,,,,
1700584001197-2-13-3-1-1,Disgust,Incorrect,Anger,1,0.2973215,0.6275323,,0.1137502938508987,,0.5349375605583191,0.5187889337539673,,,,,,,,,,,,,
1700584001197-2-13-3-1-1,Disgust,Incorrect,Anger,2,0.30708462,0.6553969,,0.1323585957288742,,0.5479069352149963,0.5213731527328491,,,,,,,,,,,,,
1700584001197-2-13-3-1-1,Disgust,Incorrect,Anger,3,0.31447178,0.6590439,,0.1414047628641128,,0.5385902523994446,0.5115523934364319,,,,,,,,,,,,,
1700584001197-2-13-3-1-1,Disgust,Incorrect,Anger,4,0.3150282,0.6594874,,0.1353161334991455,,0.5061522722244263,0.4792492985725403,,,,,,,,,,,,,
1700584001197-2-13-3-1-1,Disgust,Incorrect,Anger,5,0.32017052,0.6528024,,0.1266862899065017,,0.4795806407928467,0.4537737071514129,,,,,,,,,,,,,
1700584001197-2-13-3-1-1,Disgust,Incorrect,Anger,6,0.32921073,0.64164686,,0.1266862899065017,,0.4795806407928467,0.4537737071514129,,,,,,,,,,,,,
1700584001197-2-13-3-1-1,Disgust,Incorrect,Anger,7,0.33896056,0.6292754,,0.1266862899065017,,0.4795806407928467,0.4537737071514129,,,,,,,,,,,,,
1700584001197-2-13-3-1-1,Disgust,Incorrect,Anger,8,0.33201984,0.6298387,,0.1071409881114959,,0.4114601910114288,0.3820062279701233,,,,,,,,,,,,,
1700584035954-2-13-3-18-1,Disgust,Correct,Disgust,-8,0.008450157,0.008450157,,0.0293449759483337,,0.2160000801086425,0.244293674826622,,,,,,,,,,,,,
1700584035954-2-13-3-18-1,Disgust,Correct,Disgust,-7,0.005170318,0.005170318,,0.0293449759483337,,0.2160000801086425,0.244293674826622,,,,,,,,,,,,,
1700584035954-2-13-3-18-1,Disgust,Correct,Disgust,-6,0.004065949,0.004065949,,0.0439313761889934,,0.3573331236839294,0.3847774863243103,,,,,,,,,,,,,
1700584035954-2-13-3-18-1,Disgust,Correct,Disgust,-5,0.0035346516,0.0035346516,,0.0439313761889934,,0.3573331236839294,0.3847774863243103,,,,,,,,,,,,,
1700584035954-2-13-3-18-1,Disgust,Correct,Disgust,-4,0.007534629,0.007534629,,0.0875170528888702,,0.6916662454605103,0.6915740370750427,,,,,,,,,,,,,
1700584035954-2-13-3-18-1,Disgust,Correct,Disgust,-3,0.023414982,0.023414982,,0.1039802357554435,,0.732172966003418,0.7057837843894958,,,,,,,,,,,,,
1700584035954-2-13-3-18-1,Disgust,Correct,Disgust,-2,0.062220212,0.062220212,,0.1039802357554435,,0.732172966003418,0.7057837843894958,,,,,,,,,,,,,
1700584035954-2-13-3-18-1,Disgust,Correct,Disgust,-1,0.1280475,0.1280475,,0.1075284481048584,,0.6968716382980347,0.6698907613754272,,,,,,,,,,,,,
1700584035954-2-13-3-18-1,Disgust,Correct,Disgust,0,0.23296194,0.23296194,,0.1108277291059494,,0.704308032989502,0.6564308404922485,,,,,,,,,,,,,
1700584035954-2-13-3-18-1,Disgust,Correct,Disgust,1,0.33206686,0.33206686,,0.11161370575428,,0.6710175275802612,0.6325550079345703,,,,,,,,,,,,,
1700584035954-2-13-3-18-1,Disgust,Correct,Disgust,2,0.41268882,0.41268882,,0.11161370575428,,0.6710175275802612,0.6325550079345703,,,,,,,,,,,,,
1700584035954-2-13-3-18-1,Disgust,Correct,Disgust,3,0.48458722,0.48458722,,0.1185780093073844,,0.7849120497703552,0.7202767729759216,,,,,,,,,,,,,
1700584035954-2-13-3-18-1,Disgust,Correct,Disgust,4,0.54582334,0.54582334,,0.1185780093073844,,0.7849120497703552,0.7202767729759216,,,,,,,,,,,,,
1700584035954-2-13-3-18-1,Disgust,Correct,Disgust,5,0.5906979,0.5906979,,0.1244174540042877,,0.7985519170761108,0.7455267310142517,,,,,,,,,,,,,
1700584035954-2-13-3-18-1,Disgust,Correct,Disgust,6,0.6300737,0.6300737,,0.1278301328420639,,0.8085333704948425,0.7591553330421448,,,,,,,,,,,,,
1700584035954-2-13-3-18-1,Disgust,Correct,Disgust,7,0.6695989,0.6695989,,0.1300886571407318,,0.7903053164482117,0.7284573316574097,,,,,,,,,,,,,
1700584035954-2-13-3-18-1,Disgust,Correct,Disgust,8,0.7041865,0.7041865,,0.1289859116077423,,0.774688184261322,0.7326220273971558,,,,,,,,,,,,,
1700584201525-2-13-4-0-1,Disgust,Correct,Disgust,-1,0.55368555,0.55368555,,0.196599006652832,,0.9378891587257384,0.8835897445678711,,,,,,,,,,,,,
1700584201525-2-13-4-0-1,Disgust,Correct,Disgust,0,0.75430083,0.75430083,,0.2434034347534179,,0.8859546184539795,0.8390530943870544,,,,,,,,,,,,,
1700584201525-2-13-4-0-1,Disgust,Correct,Disgust,1,0.8237299,0.8237299,,0.281659871339798,,0.8085450530052185,0.7800403237342834,,,,,,,,,,,,,
1700584201525-2-13-4-0-1,Disgust,Correct,Disgust,2,0.8347558,0.8347558,,0.2844668924808502,,0.7292284965515137,0.7023736834526062,,,,,,,,,,,,,
1700584201525-2-13-4-0-1,Disgust,Correct,Disgust,3,0.8388621,0.8388621,,0.2844668924808502,,0.7292284965515137,0.7023736834526062,,,,,,,,,,,,,
1700584201525-2-13-4-0-1,Disgust,Correct,Disgust,4,0.81097174,0.81097174,,0.2992855608463287,,0.7330167889595032,0.7058576345443726,,,,,,,,,,,,,
1700584201525-2-13-4-0-1,Disgust,Correct,Disgust,5,0.78684235,0.78684235,,0.3091033101081848,,0.7952190041542053,0.7450025081634521,,,,,,,,,,,,,
1700584201525-2-13-4-0-1,Disgust,Correct,Disgust,6,0.7758498,0.7758498,,0.2834372222423553,,0.7760021686553955,0.7263953685760498,,,,,,,,,,,,,
1700584201525-2-13-4-0-1,Disgust,Correct,Disgust,7,0.7657113,0.7657113,,0.2792727649211883,,0.79169100522995,0.7463430166244507,,,,,,,,,,,,,
1700584201525-2-13-4-0-1,Disgust,Correct,Disgust,8,0.7577213,0.7577213,,0.2758743166923523,,0.7959266304969788,0.7449015974998474,,,,,,,,,,,,,
1700584223413-2-13-4-12-1,Disgust,Correct,Disgust,-2,0.12722373,0.12722373,,2.717182178457733e-05,,0.142826035618782,0.1427920758724212,,,,,,,,,,,,,
1700584223413-2-13-4-12-1,Disgust,Correct,Disgust,-1,0.26496503,0.26496503,,0.016574677079916,,0.5153427720069885,0.5046724677085876,,,,,,,,,,,,,
1700584223413-2-13-4-12-1,Disgust,Correct,Disgust,0,0.4291375,0.4291375,,0.016574677079916,,0.5153427720069885,0.5046724677085876,,,,,,,,,,,,,
1700584223413-2-13-4-12-1,Disgust,Correct,Disgust,1,0.55983263,0.55983263,,0.0357381552457809,,0.5355331301689148,0.51984703540802,,,,,,,,,,,,,
1700584223413-2-13-4-12-1,Disgust,Correct,Disgust,2,0.6270968,0.6270968,,0.0357381552457809,,0.5355331301689148,0.51984703540802,,,,,,,,,,,,,
1700584223413-2-13-4-12-1,Disgust,Correct,Disgust,3,0.6708039,0.6708039,,0.0477684587240219,,0.5636135935783386,0.5472838282585144,,,,,,,,,,,,,
1700584223413-2-13-4-12-1,Disgust,Correct,Disgust,4,0.68282956,0.68282956,,0.0858941748738288,,0.504709005355835,0.4791200160980224,,,,,,,,,,,,,
1700584223413-2-13-4-12-1,Disgust,Correct,Disgust,5,0.66823334,0.66823334,,0.1399028003215789,,0.4347178936004638,0.4212950766086578,,,,,,,,,,,,,
1700584223413-2-13-4-12-1,Disgust,Correct,Disgust,6,0.65772045,0.65772045,,0.2195388525724411,,0.5022953152656555,0.4640772938728332,,,,,,,,,,,,,
1700584223413-2-13-4-12-1,Disgust,Correct,Disgust,7,0.64084655,0.64084655,,0.2195388525724411,,0.5022953152656555,0.4640772938728332,,,,,,,,,,,,,
1700584223413-2-13-4-12-1,Disgust,Correct,Disgust,8,0.6310515,0.6310515,,0.261761337518692,,0.580870509147644,0.5422102808952332,,,,,,,,,,,,,
1700747230387-2-15-2-1-1,Disgust,Incorrect,Happiness,-8,0.0005469631,0.000518864,,0.0421920455992221,,1.401298464324817e-45,1.401298464324817e-45,,,,,,,,,,,,,
1700747230387-2-15-2-1-1,Disgust,Incorrect,Happiness,-7,0.0004951057,0.00044886157,,0.0421920455992221,,1.401298464324817e-45,1.401298464324817e-45,,,,,,,,,,,,,
1700747230387-2-15-2-1-1,Disgust,Incorrect,Happiness,-6,0.0004535919,0.0003977063,,0.0389288924634456,,1.401298464324817e-45,1.401298464324817e-45,,,,,,,,,,,,,
1700747230387-2-15-2-1-1,Disgust,Incorrect,Happiness,-5,0.00042445675,0.00036015033,,0.0389288924634456,,1.401298464324817e-45,1.401298464324817e-45,,,,,,,,,,,,,
1700747230387-2-15-2-1-1,Disgust,Incorrect,Happiness,-4,0.00041295975,0.00033737597,,0.0391253642737865,,1.401298464324817e-45,1.401298464324817e-45,,,,,,,,,,,,,
1700747230387-2-15-2-1-1,Disgust,Incorrect,Happiness,-3,0.00043153,0.00033533538,,0.0392877236008644,,1.401298464324817e-45,1.401298464324817e-45,,,,,,,,,,,,,
1700747230387-2-15-2-1-1,Disgust,Incorrect,Happiness,-2,0.00060041604,0.00045339158,,0.062240082770586,,1.401298464324817e-45,1.401298464324817e-45,,,,,,,,,,,,,
1700747230387-2-15-2-1-1,Disgust,Incorrect,Happiness,-1,0.0028675736,0.002497873,,0.1375897973775863,,1.401298464324817e-45,1.401298464324817e-45,,,,,,,,,,,,,
1700747230387-2-15-2-1-1,Disgust,Incorrect,Happiness,0,0.035540543,0.1302593,,0.1941303312778473,,0.0058981128968298,1.401298464324817e-45,,,,,,,,,,,,,
1700747230387-2-15-2-1-1,Disgust,Incorrect,Happiness,1,0.0412895,0.87635696,,0.2539093196392059,,0.0205329395830631,1.401298464324817e-45,,,,,,,,,,,,,
1700747230387-2-15-2-1-1,Disgust,Incorrect,Happiness,2,0.0155428,0.9712805,,0.3096298575401306,,0.0473145991563797,0.0058981687761843,,,,,,,,,,,,,
1700747230387-2-15-2-1-1,Disgust,Incorrect,Happiness,3,0.0076102335,0.9874237,,0.3674921989440918,,0.0959512293338775,0.0655327662825584,,,,,,,,,,,,,
1700747230387-2-15-2-1-1,Disgust,Incorrect,Happiness,4,0.0046477895,0.9927532,,0.4048658013343811,,0.1164826974272728,0.0884755700826644,,,,,,,,,,,,,
1700747230387-2-15-2-1-1,Disgust,Incorrect,Happiness,5,0.0027413277,0.9956038,,0.4095879197120666,,0.163283422589302,0.1255412846803665,,,,,,,,,,,,,
1700747230387-2-15-2-1-1,Disgust,Incorrect,Happiness,6,0.0019622257,0.99679714,,0.4020074903964996,,0.1825205832719802,0.1541163176298141,,,,,,,,,,,,,
1700747230387-2-15-2-1-1,Disgust,Incorrect,Happiness,7,0.0021300016,0.99662614,,0.4514869153499603,,0.2292726784944534,0.2069814801216125,,,,,,,,,,,,,
1700747230387-2-15-2-1-1,Disgust,Incorrect,Happiness,8,0.002423425,0.99622536,,0.4582562148571014,,0.2139395326375961,0.1874734908342361,,,,,,,,,,,,,
1700747237919-2-15-2-4-1,Disgust,Correct,Disgust,-8,0.00040093102,0.00040093102,,0.0612135231494903,,1.3680392686184767e-23,1.1651606836568973e-22,,,,,,,,,,,,,
1700747237919-2-15-2-4-1,Disgust,Correct,Disgust,-7,0.00040088262,0.00040088262,,0.0603238828480243,,9.641681231247385e-24,8.211831239716858e-23,,,,,,,,,,,,,
1700747237919-2-15-2-4-1,Disgust,Correct,Disgust,-6,0.00040103088,0.00040103088,,0.0596427954733371,,6.79528018087091e-24,5.787548082002337e-23,,,,,,,,,,,,,
1700747237919-2-15-2-4-1,Disgust,Correct,Disgust,-5,0.00040571394,0.00040571394,,0.0669527500867843,,4.789167061418163e-24,4.078939101254767e-23,,,,,,,,,,,,,
1700747237919-2-15-2-4-1,Disgust,Correct,Disgust,-4,0.0004143376,0.0004143376,,0.0589964687824249,,3.375321637704942e-24,2.874765333084601e-23,,,,,,,,,,,,,
1700747237919-2-15-2-4-1,Disgust,Correct,Disgust,-3,0.0004245715,0.0004245715,,0.0586019977927207,,2.3788674493248163e-24,2.0260841587875934e-23,,,,,,,,,,,,,
1700747237919-2-15-2-4-1,Disgust,Correct,Disgust,-2,0.0011161314,0.0011161314,,0.1654855757951736,,0.0058981608599424,0.0058981608599424,,,,,,,,,,,,,
1700747237919-2-15-2-4-1,Disgust,Correct,Disgust,-1,0.089226246,0.089226246,,0.4560313522815704,,0.5709729790687561,0.5431632995605469,,,,,,,,,,,,,
1700747237919-2-15-2-4-1,Disgust,Correct,Disgust,0,0.78654474,0.78654474,,0.4611730873584747,,0.3770224452018738,0.3415102064609527,,,,,,,,,,,,,
1700747237919-2-15-2-4-1,Disgust,Correct,Disgust,1,0.8673653,0.8673653,,0.4028134644031524,,0.1971999853849411,0.1551787108182907,,,,,,,,,,,,,
1700747237919-2-15-2-4-1,Disgust,Correct,Disgust,2,0.74999636,0.74999636,,0.3833986818790436,,0.1582373231649398,0.1267529129981994,,,,,,,,,,,,,
1700747240521-2-15-2-5-1,Disgust,Incorrect,Happiness,-8,0.084104344,0.02791876,,0.1739035695791244,,9.208461511351186e-16,5.436013933505764e-15,,,,,,,,,,,,,
1700747240521-2-15-2-5-1,Disgust,Incorrect,Happiness,-7,0.08251753,0.026372643,,0.1761947274208068,,6.480828544548351e-16,3.827309478322611e-15,,,,,,,,,,,,,
1700747240521-2-15-2-5-1,Disgust,Incorrect,Happiness,-6,0.08113435,0.025732223,,0.1776593625545501,,4.562262920117103e-16,2.695154017835961e-15,,,,,,,,,,,,,
1700747240521-2-15-2-5-1,Disgust,Incorrect,Happiness,-5,0.07961426,0.025595205,,0.1750392466783523,,3.212313160155626e-16,1.8981786001820216e-15,,,,,,,,,,,,,
1700747240521-2-15-2-5-1,Disgust,Incorrect,Happiness,-4,0.07609761,0.024446873,,0.1853383332490921,,2.262185980006433e-16,1.3370369544388216e-15,,,,,,,,,,,,,
1700747240521-2-15-2-5-1,Disgust,Incorrect,Happiness,-3,0.072707385,0.024345525,,0.1914658546447754,,1.5932984875895948e-16,9.418713088309833e-16,,,,,,,,,,,,,
1700747240521-2-15-2-5-1,Disgust,Incorrect,Happiness,-2,0.075063996,0.033803158,,0.2241981923580169,,1.1223126994115376e-16,6.635503113464091e-16,,,,,,,,,,,,,
1700747240521-2-15-2-5-1,Disgust,Incorrect,Happiness,-1,0.07106282,0.036226157,,0.2241981923580169,,1.1223126994115376e-16,6.635503113464091e-16,,,,,,,,,,,,,
1700747240521-2-15-2-5-1,Disgust,Incorrect,Happiness,0,0.1505124,0.3602391,,0.2236353904008865,,0.020531378686428,3.2940071056381393e-16,,,,,,,,,,,,,
1700747240521-2-15-2-5-1,Disgust,Incorrect,Happiness,1,0.04830748,0.8840332,,0.2449460178613662,,0.0248744860291481,2.3210481523957063e-16,,,,,,,,,,,,,
1700747240521-2-15-2-5-1,Disgust,Incorrect,Happiness,2,0.010601843,0.9793187,,0.2819844484329223,,0.0341712683439254,0.0058975890278816,,,,,,,,,,,,,
1700747349332-2-15-3-1-1,Disgust,Incorrect,Happiness,-8,0.00019769277,0.99965847,,0.2236200869083404,,0.0108656473457813,1.2434751308059574e-13,,,,,,,,,,,,,
1700747349332-2-15-3-1-1,Disgust,Incorrect,Happiness,-7,0.00019715444,0.9996582,,0.2129542380571365,,0.0108656454831361,6.176484291468137e-14,,,,,,,,,,,,,
1700747349332-2-15-3-1-1,Disgust,Incorrect,Happiness,-6,0.00019561508,0.9996598,,0.2129542380571365,,0.0108656454831361,6.176484291468137e-14,,,,,,,,,,,,,
1700747349332-2-15-3-1-1,Disgust,Incorrect,Happiness,-5,0.00018512289,0.9996753,,0.2124762535095214,,0.0108656445518136,3.067930973285268e-14,,,,,,,,,,,,,
1700747349332-2-15-3-1-1,Disgust,Incorrect,Happiness,-4,0.0001806093,0.99968207,,0.2124762535095214,,0.0108656445518136,3.067930973285268e-14,,,,,,,,,,,,,
1700747349332-2-15-3-1-1,Disgust,Incorrect,Happiness,-3,0.00016637634,0.9997049,,0.2018595784902572,,0.0108656445518136,2.1622228679285364e-14,,,,,,,,,,,,,
1700747349332-2-15-3-1-1,Disgust,Incorrect,Happiness,-2,0.00015341824,0.99972075,,0.1953360140323639,,0.0108656445518136,1.5238874886362025e-14,,,,,,,,,,,,,
1700747349332-2-15-3-1-1,Disgust,Incorrect,Happiness,-1,0.00022501822,0.9995652,,0.2144453674554824,,0.0108656445518136,1.0740016935148998e-14,,,,,,,,,,,,,
1700747349332-2-15-3-1-1,Disgust,Incorrect,Happiness,0,0.0004737632,0.9990119,,0.1835077852010727,,0.0024180659092962,5.3347227690577786e-15,,,,,,,,,,,,,
1700747349332-2-15-3-1-1,Disgust,Incorrect,Happiness,1,0.00068412605,0.99851185,,0.1835077852010727,,0.0024180659092962,5.3347227690577786e-15,,,,,,,,,,,,,
1700747382885-2-15-3-18-1,Disgust,Incorrect,Happiness,-8,0.00016193274,0.9997085,,0.2895109057426452,,0.0413603894412517,0.0107905296608805,,,,,,,,,,,,,
1700747382885-2-15-3-18-1,Disgust,Incorrect,Happiness,-7,0.00016041845,0.9997105,,0.2895109057426452,,0.0413603894412517,0.0107905296608805,,,,,,,,,,,,,
1700747382885-2-15-3-18-1,Disgust,Incorrect,Happiness,-6,0.00015732182,0.9997142,,0.2919758260250091,,0.0493508353829383,0.0108162453398108,,,,,,,,,,,,,
1700747382885-2-15-3-18-1,Disgust,Incorrect,Happiness,-5,0.00015490908,0.99971634,,0.2913557589054107,,0.0451472774147987,0.0108327763155102,,,,,,,,,,,,,
1700747382885-2-15-3-18-1,Disgust,Incorrect,Happiness,-4,0.00015216335,0.9997197,,0.2818171083927154,,0.0348843410611152,0.0108435610309243,,,,,,,,,,,,,
1700747382885-2-15-3-18-1,Disgust,Incorrect,Happiness,-3,0.00014940214,0.9997229,,0.2831297218799591,,0.0358371846377849,0.0108506856486201,,,,,,,,,,,,,
1700747382885-2-15-3-18-1,Disgust,Incorrect,Happiness,-2,0.00014721134,0.9997259,,0.2803363502025604,,0.0364984720945358,0.0108554428443312,,,,,,,,,,,,,
1700747382885-2-15-3-18-1,Disgust,Incorrect,Happiness,-1,0.00014459898,0.9997279,,0.2783084511756897,,0.0566300451755523,0.0209176559001207,,,,,,,,,,,,,
1700747382885-2-15-3-18-1,Disgust,Incorrect,Happiness,0,0.00014492744,0.99972624,,0.280489444732666,,0.0623546130955219,0.0245662424713373,,,,,,,,,,,,,
1700747382885-2-15-3-18-1,Disgust,Incorrect,Happiness,1,0.00014321876,0.9997291,,0.2784471213817596,,0.0584001801908016,0.0260011106729507,,,,,,,,,,,,,
1700747382885-2-15-3-18-1,Disgust,Incorrect,Happiness,2,0.000142771,0.9997286,,0.2806176841259002,,0.0564993284642696,0.0266083609312772,,,,,,,,,,,,,
1700747382885-2-15-3-18-1,Disgust,Incorrect,Happiness,3,0.00014169698,0.9997297,,0.2785605788230896,,0.0464477688074111,0.0186803415417671,,,,,,,,,,,,,
1700747382885-2-15-3-18-1,Disgust,Incorrect,Happiness,4,0.00014182525,0.9997304,,0.2843002676963806,,0.0675199851393699,0.0312347598373889,,,,,,,,,,,,,
1700747382885-2-15-3-18-1,Disgust,Incorrect,Happiness,5,0.00014088966,0.9997284,,0.2851297557353973,,0.0626991689205169,0.0293864123523235,,,,,,,,,,,,,
1700747382885-2-15-3-18-1,Disgust,Incorrect,Happiness,6,0.00013976474,0.9997285,,0.2857765853404999,,0.0481329038739204,0.0191700514405965,,,,,,,,,,,,,
1700747382885-2-15-3-18-1,Disgust,Incorrect,Happiness,7,0.00013823126,0.9997291,,0.2892393171787262,,0.058353878557682,0.0229583159089088,,,,,,,,,,,,,
1700747534547-2-15-4-12-1,Disgust,Incorrect,Happiness,-8,0.12379102,0.8603945,,0.5045018196105957,,0.2737329006195068,0.2205129116773605,,,,,,,,,,,,,
1700747534547-2-15-4-12-1,Disgust,Incorrect,Happiness,-7,0.07359977,0.9199266,,0.503964364528656,,0.292116105556488,0.250857263803482,,,,,,,,,,,,,
1700747534547-2-15-4-12-1,Disgust,Incorrect,Happiness,-6,0.054650113,0.9412428,,0.5098937749862671,,0.2968053519725799,0.2580220401287079,,,,,,,,,,,,,
1700747534547-2-15-4-12-1,Disgust,Incorrect,Happiness,-5,0.05181937,0.9445504,,0.513336181640625,,0.3200566172599792,0.2727209627628326,,,,,,,,,,,,,
1700747534547-2-15-4-12-1,Disgust,Incorrect,Happiness,-4,0.055171873,0.9409668,,0.5276844501495361,,0.3246018886566162,0.2846547663211822,,,,,,,,,,,,,
1700747534547-2-15-4-12-1,Disgust,Incorrect,Happiness,-3,0.058193784,0.9377306,,0.5202165246009827,,0.3256114423274994,0.2871337532997131,,,,,,,,,,,,,
1700747534547-2-15-4-12-1,Disgust,Incorrect,Happiness,-2,0.06350623,0.93226653,,0.5201104879379272,,0.3386132419109344,0.2877167165279388,,,,,,,,,,,,,
1700747534547-2-15-4-12-1,Disgust,Incorrect,Happiness,-1,0.07268164,0.9226106,,0.5200391411781311,,0.3594259023666382,0.3195135295391083,,,,,,,,,,,,,
1700747534547-2-15-4-12-1,Disgust,Incorrect,Happiness,0,0.08192118,0.91314405,,0.5233737230300903,,0.3415607213973999,0.3007990717887878,,,,,,,,,,,,,
1700747534547-2-15-4-12-1,Disgust,Incorrect,Happiness,1,0.09089056,0.90376055,,0.5191824436187744,,0.3501970171928406,0.3116953670978546,,,,,,,,,,,,,
1700747534547-2-15-4-12-1,Disgust,Incorrect,Happiness,2,0.09963818,0.89471585,,0.5193380117416382,,0.3522954881191253,0.3141864240169525,,,,,,,,,,,,,
1700747534547-2-15-4-12-1,Disgust,Incorrect,Happiness,3,0.09872214,0.8955535,,0.5158835649490356,,0.3422628939151764,0.3061563074588775,,,,,,,,,,,,,
1700747534547-2-15-4-12-1,Disgust,Incorrect,Happiness,4,0.09989229,0.8943903,,0.5167989134788513,,0.3422657549381256,0.3124102652072906,,,,,,,,,,,,,
1700747534547-2-15-4-12-1,Disgust,Incorrect,Happiness,5,0.09780253,0.8965465,,0.5100750923156738,,0.3352651000022888,0.3017914891242981,,,,,,,,,,,,,
1700747534547-2-15-4-12-1,Disgust,Incorrect,Happiness,6,0.094802655,0.89957434,,0.5011364817619324,,0.3314528465270996,0.2870614528656006,,,,,,,,,,,,,
1700747534547-2-15-4-12-1,Disgust,Incorrect,Happiness,7,0.08791129,0.90669703,,0.4880686700344085,,0.3079538941383362,0.2814315259456634,,,,,,,,,,,,,
1700747534547-2-15-4-12-1,Disgust,Incorrect,Happiness,8,0.083780795,0.91103935,,0.4801326096057892,,0.3016674816608429,0.2670471966266632,,,,,,,,,,,,,
1700747558772-2-15-4-26-1,Disgust,Correct,Disgust,-8,0.0015123778,0.0015123778,,0.0996685102581977,,2.283065523001208e-40,6.806695186580653e-40,,,,,,,,,,,,,
1700747558772-2-15-4-26-1,Disgust,Correct,Disgust,-7,0.0008251922,0.0008251922,,0.1033100858330726,,1.134042821208788e-40,3.381010895768989e-40,,,,,,,,,,,,,
1700747558772-2-15-4-26-1,Disgust,Correct,Disgust,-6,0.0004892296,0.0004892296,,0.1132915318012237,,7.992445921123027e-41,2.3828379736611348e-40,,,,,,,,,,,,,
1700747558772-2-15-4-26-1,Disgust,Correct,Disgust,-5,0.0006107939,0.0006107939,,0.1855756193399429,,5.6329395668929e-41,0.0058981687761843,,,,,,,,,,,,,
1700747558772-2-15-4-26-1,Disgust,Correct,Disgust,-4,0.0012353405,0.0012353405,,0.2438712269067764,,3.970018679278639e-41,0.0084475111216306,,,,,,,,,,,,,
1700747558772-2-15-4-26-1,Disgust,Correct,Disgust,-3,0.0026627053,0.0026627053,,0.328257143497467,,0.1450096070766449,0.1454478353261947,,,,,,,,,,,,,
1700747558772-2-15-4-26-1,Disgust,Correct,Disgust,-2,0.009236758,0.009236758,,0.4252432882785797,,0.3713802099227905,0.3713284730911255,,,,,,,,,,,,,
1700747558772-2-15-4-26-1,Disgust,Correct,Disgust,-1,0.067493066,0.067493066,,0.5089179873466492,,0.5969170928001404,0.6075946092605591,,,,,,,,,,,,,
1700747558772-2-15-4-26-1,Disgust,Correct,Disgust,0,0.39322183,0.39322183,,0.5536279678344727,,0.6397820115089417,0.6559526920318604,,,,,,,,,,,,,
1700747558772-2-15-4-26-1,Disgust,Correct,Disgust,1,0.70384574,0.70384574,,0.5882614850997925,,0.6778430342674255,0.6941663026809692,,,,,,,,,,,,,
1700747558772-2-15-4-26-1,Disgust,Correct,Disgust,2,0.87775713,0.87775713,,0.6066538691520691,,0.7845014333724976,0.7955487966537476,,,,,,,,,,,,,
1700747558772-2-15-4-26-1,Disgust,Correct,Disgust,3,0.9583206,0.9583206,,0.5762614607810974,,0.649145245552063,0.6500642895698547,,,,,,,,,,,,,
1700747558772-2-15-4-26-1,Disgust,Correct,Disgust,4,0.9819727,0.9819727,,0.5762614607810974,,0.649145245552063,0.6500642895698547,,,,,,,,,,,,,
1700747558772-2-15-4-26-1,Disgust,Correct,Disgust,5,0.9906577,0.9906577,,0.5695017576217651,,0.5033033490180969,0.5070574879646301,,,,,,,,,,,,,
1700747558772-2-15-4-26-1,Disgust,Correct,Disgust,6,0.99392563,0.99392563,,0.5530385971069336,,0.4247015118598938,0.3970438241958618,,,,,,,,,,,,,
1700747558772-2-15-4-26-1,Disgust,Correct,Disgust,7,0.9946852,0.9946852,,0.5429110527038574,,0.3509878516197204,0.322475403547287,,,,,,,,,,,,,
1700747558772-2-15-4-26-1,Disgust,Correct,Disgust,8,0.9940248,0.9940248,,0.5346468687057495,,0.3286844491958618,0.3010406196117401,,,,,,,,,,,,,
1700756363513-2-18-2-1-1,Disgust,Correct,Disgust,-8,0.17093349,0.17093349,,0.5454831719398499,,0.7318536639213562,0.7724857330322266,,,,,,,,,,,,,
1700756363513-2-18-2-1-1,Disgust,Correct,Disgust,-7,0.17384003,0.17384003,,0.5520331859588623,,0.7158027291297913,0.7548421025276184,,,,,,,,,,,,,
1700756363513-2-18-2-1-1,Disgust,Correct,Disgust,-6,0.1825866,0.1825866,,0.5758587718009949,,0.6774658560752869,0.7157068252563477,,,,,,,,,,,,,
1700756363513-2-18-2-1-1,Disgust,Correct,Disgust,-5,0.20483778,0.20483778,,0.6024219393730164,,0.6904199719429016,0.7400032877922058,,,,,,,,,,,,,
1700756363513-2-18-2-1-1,Disgust,Correct,Disgust,-4,0.23292062,0.23292062,,0.6054584383964539,,0.7082275748252869,0.750541090965271,,,,,,,,,,,,,
1700756363513-2-18-2-1-1,Disgust,Correct,Disgust,-3,0.25539213,0.25539213,,0.6148268580436707,,0.6867426037788391,0.7394987940788269,,,,,,,,,,,,,
1700756363513-2-18-2-1-1,Disgust,Correct,Disgust,-2,0.2764052,0.2764052,,0.6043073534965515,,0.6633235216140747,0.7037739753723145,,,,,,,,,,,,,
1700756363513-2-18-2-1-1,Disgust,Correct,Disgust,-1,0.3881342,0.3881342,,0.6189449429512024,,0.98519766330719,0.9850242733955384,,,,,,,,,,,,,
1700756363513-2-18-2-1-1,Disgust,Correct,Disgust,0,0.51603633,0.51603633,,0.6263325810432434,,0.999222993850708,0.9990978240966796,,,,,,,,,,,,,
1700756363513-2-18-2-1-1,Disgust,Correct,Disgust,1,0.6195629,0.6195629,,0.6260480284690857,,0.999951422214508,0.9999354481697084,,,,,,,,,,,,,
1700756363513-2-18-2-1-1,Disgust,Correct,Disgust,2,0.67876923,0.67876923,,0.6429510116577148,,0.9999964237213136,0.9999945163726808,,,,,,,,,,,,,
1700756363513-2-18-2-1-1,Disgust,Correct,Disgust,3,0.69132876,0.69132876,,0.6571018695831299,,0.999999701976776,0.999999463558197,,,,,,,,,,,,,
1700756363513-2-18-2-1-1,Disgust,Correct,Disgust,4,0.7021356,0.7021356,,0.7033642530441284,,0.9999999403953552,0.9999999403953552,,,,,,,,,,,,,
1700756363513-2-18-2-1-1,Disgust,Correct,Disgust,5,0.7189578,0.7189578,,0.7164464592933655,,1.0,1.0,,,,,,,,,,,,,
1700756370115-2-18-2-4-1,Disgust,Correct,Disgust,-8,0.017189035,0.017189035,,0.0239576771855354,,1.2971231626579538e-06,8.20064997242298e-06,,,,,,,,,,,,,
1700756370115-2-18-2-4-1,Disgust,Correct,Disgust,-7,0.009733899,0.009733899,,0.021675270050764,,8.704836318429443e-07,5.060936018708162e-06,,,,,,,,,,,,,
1700756370115-2-18-2-4-1,Disgust,Correct,Disgust,-6,0.0053537805,0.0053537805,,0.0200491249561309,,5.890460101909412e-07,3.192028316334472e-06,,,,,,,,,,,,,
1700756370115-2-18-2-4-1,Disgust,Correct,Disgust,-5,0.0031308928,0.0031308928,,0.0210714545100927,,4.013712100459088e-07,2.0505901829892537e-06,,,,,,,,,,,,,
1700756370115-2-18-2-4-1,Disgust,Correct,Disgust,-4,0.0019343421,0.0019343421,,0.0196518488228321,,2.750719261257473e-07,1.337821572633402e-06,,,,,,,,,,,,,
1700756370115-2-18-2-4-1,Disgust,Correct,Disgust,-3,0.0018047575,0.0018047575,,0.0301525853574275,,0.1989374309778213,0.2205215543508529,,,,,,,,,,,,,
1700756370115-2-18-2-4-1,Disgust,Correct,Disgust,-2,0.003427718,0.003427718,,0.049846913665533,,0.3999102115631103,0.4272980690002441,,,,,,,,,,,,,
1700756370115-2-18-2-4-1,Disgust,Correct,Disgust,-1,0.079416454,0.079416454,,0.1208130121231079,,0.736953616142273,0.7804594039916992,,,,,,,,,,,,,
1700756370115-2-18-2-4-1,Disgust,Correct,Disgust,0,0.8094378,0.8094378,,0.1832468807697296,,0.978935480117798,0.9903671741485596,,,,,,,,,,,,,
1700756370115-2-18-2-4-1,Disgust,Correct,Disgust,1,0.9480159,0.9480159,,0.2361487746238708,,0.9995580911636353,0.9997937083244324,,,,,,,,,,,,,
1700756370115-2-18-2-4-1,Disgust,Correct,Disgust,2,0.97807693,0.97807693,,0.2547547221183777,,0.9310490489006042,0.9679390788078308,,,,,,,,,,,,,
1700756370115-2-18-2-4-1,Disgust,Correct,Disgust,3,0.98807657,0.98807657,,0.2530302107334137,,0.7560998201370239,0.7736854553222656,,,,,,,,,,,,,
1700756370115-2-18-2-4-1,Disgust,Correct,Disgust,4,0.99250025,0.99250025,,0.260677695274353,,0.7109510898590088,0.7273640632629395,,,,,,,,,,,,,
1700756370115-2-18-2-4-1,Disgust,Correct,Disgust,5,0.99460596,0.99460596,,0.2641275823116302,,0.6669673323631287,0.6731259226799011,,,,,,,,,,,,,
1700756370115-2-18-2-4-1,Disgust,Correct,Disgust,6,0.9949576,0.9949576,,0.2591061890125274,,0.6427054405212402,0.6526595950126648,,,,,,,,,,,,,
1700756370115-2-18-2-4-1,Disgust,Correct,Disgust,7,0.9940707,0.9940707,,0.2627699971199035,,0.6220994591712952,0.6196130514144897,,,,,,,,,,,,,
1700756370115-2-18-2-4-1,Disgust,Correct,Disgust,8,0.99303186,0.99303186,,0.2647502422332763,,0.6189042329788208,0.6250074505805969,,,,,,,,,,,,,
1700756373040-2-18-2-5-1,Disgust,Correct,Disgust,-7,0.11319939,0.11319939,,0.0208389163017272,,0.0057351258583366,1.890485343176216e-21,,,,,,,,,,,,,
1700756373040-2-18-2-5-1,Disgust,Correct,Disgust,-6,0.08487302,0.08487302,,0.0218983478844165,,0.008296282030642,1.2832795406771534e-21,,,,,,,,,,,,,
1700756373040-2-18-2-5-1,Disgust,Correct,Disgust,-5,0.063195094,0.063195094,,0.0227088183164596,,0.0095110107213258,8.766988630778162e-22,,,,,,,,,,,,,
1700756373040-2-18-2-5-1,Disgust,Correct,Disgust,-4,0.045647316,0.045647316,,0.0227088183164596,,0.0095110107213258,8.766988630778162e-22,,,,,,,,,,,,,
1700756373040-2-18-2-5-1,Disgust,Correct,Disgust,-3,0.046259437,0.046259437,,0.0238275881856679,,0.0104378415271639,0.0083685340359807,,,,,,,,,,,,,
1700756373040-2-18-2-5-1,Disgust,Correct,Disgust,-2,0.062673315,0.062673315,,0.0288463532924652,,0.0212780516594648,0.0210448559373617,,,,,,,,,,,,,
1700756373040-2-18-2-5-1,Disgust,Correct,Disgust,-1,0.095888615,0.095888615,,0.0323001556098461,,0.0248961728066205,0.0332505144178867,,,,,,,,,,,,,
1700756373040-2-18-2-5-1,Disgust,Correct,Disgust,0,0.3958604,0.3958604,,0.2524100244045257,,0.2645066976547241,0.3135388195514679,,,,,,,,,,,,,
1700756373040-2-18-2-5-1,Disgust,Correct,Disgust,1,0.5973281,0.5973281,,0.2524100244045257,,0.2645066976547241,0.3135388195514679,,,,,,,,,,,,,
1700756373040-2-18-2-5-1,Disgust,Correct,Disgust,2,0.771972,0.771972,,0.4026812016963959,,0.4125936329364776,0.4673676788806915,,,,,,,,,,,,,
1700756373040-2-18-2-5-1,Disgust,Correct,Disgust,3,0.84962505,0.84962505,,0.3445596694946289,,0.3912239074707031,0.4091578125953674,,,,,,,,,,,,,
1700756373040-2-18-2-5-1,Disgust,Correct,Disgust,4,0.8787733,0.8787733,,0.2912758588790893,,0.3325894773006439,0.3492443859577179,,,,,,,,,,,,,
1700756373040-2-18-2-5-1,Disgust,Correct,Disgust,5,0.88738734,0.88738734,,0.2440633326768875,,0.34125417470932,0.3431214094161987,,,,,,,,,,,,,
1700756373040-2-18-2-5-1,Disgust,Correct,Disgust,6,0.88910466,0.88910466,,0.2440633326768875,,0.34125417470932,0.3431214094161987,,,,,,,,,,,,,
1700756373040-2-18-2-5-1,Disgust,Correct,Disgust,7,0.8797088,0.8797088,,0.1810868680477142,,0.281840056180954,0.2960616648197174,,,,,,,,,,,,,
1700756373040-2-18-2-5-1,Disgust,Correct,Disgust,8,0.8653238,0.8653238,,0.1563064604997635,,0.2675762176513672,0.291188508272171,,,,,,,,,,,,,
1700756725541-2-18-4-12-1,Disgust,Correct,Disgust,-8,0.0056216214,0.0056216214,,0.1671871542930603,,0.0628118887543678,0.0989679619669914,,,,,,,,,,,,,
1700756725541-2-18-4-12-1,Disgust,Correct,Disgust,-7,0.0038150111,0.0038150111,,0.2106366753578186,,0.122519701719284,0.1617687344551086,,,,,,,,,,,,,
1700756725541-2-18-4-12-1,Disgust,Correct,Disgust,-6,0.0042471276,0.0042471276,,0.3103325664997101,,0.1894717663526535,0.2282870709896087,,,,,,,,,,,,,
1700756725541-2-18-4-12-1,Disgust,Correct,Disgust,-5,0.007409258,0.007409258,,0.3515933752059936,,0.2715631127357483,0.2840265333652496,,,,,,,,,,,,,
1700756725541-2-18-4-12-1,Disgust,Correct,Disgust,-4,0.01402213,0.01402213,,0.3207876086235046,,0.2278591096401214,0.2532674968242645,,,,,,,,,,,,,
1700756725541-2-18-4-12-1,Disgust,Correct,Disgust,-3,0.041990153,0.041990153,,0.2529178857803345,,0.2122219800949096,0.223527193069458,,,,,,,,,,,,,
1700756725541-2-18-4-12-1,Disgust,Correct,Disgust,-2,0.10033263,0.10033263,,0.2529178857803345,,0.2122219800949096,0.223527193069458,,,,,,,,,,,,,
1700756725541-2-18-4-12-1,Disgust,Correct,Disgust,-1,0.31965643,0.31965643,,0.2089041918516159,,0.1924275457859039,0.2011803537607193,,,,,,,,,,,,,
1700756725541-2-18-4-12-1,Disgust,Correct,Disgust,0,0.6056759,0.6056759,,0.1990696042776107,,0.1798494905233383,0.1745664924383163,,,,,,,,,,,,,
1700756725541-2-18-4-12-1,Disgust,Correct,Disgust,1,0.73959213,0.73959213,,0.1924608051776886,,0.1720406413078308,0.1722669154405594,,,,,,,,,,,,,
1700756725541-2-18-4-12-1,Disgust,Correct,Disgust,2,0.7920388,0.7920388,,0.1869022697210312,,0.1312322169542312,0.1414917856454849,,,,,,,,,,,,,
1700756725541-2-18-4-12-1,Disgust,Correct,Disgust,3,0.80242753,0.80242753,,0.1869022697210312,,0.1312322169542312,0.1414917856454849,,,,,,,,,,,,,
1700756725541-2-18-4-12-1,Disgust,Correct,Disgust,4,0.79130125,0.79130125,,0.1839376389980316,,0.0991283059120178,0.1097877472639083,,,,,,,,,,,,,
1700756725541-2-18-4-12-1,Disgust,Correct,Disgust,5,0.7739288,0.7739288,,0.176132783293724,,0.070101611316204,0.0808866173028945,,,,,,,,,,,,,
1700756725541-2-18-4-12-1,Disgust,Correct,Disgust,6,0.7589258,0.7589258,,0.1780057549476623,,0.0420977845788002,0.0768609642982482,,,,,,,,,,,,,
1700756725541-2-18-4-12-1,Disgust,Correct,Disgust,7,0.7517958,0.7517958,,0.1944843828678131,,0.0521487407386302,0.0885530859231948,,,,,,,,,,,,,
1700756725541-2-18-4-12-1,Disgust,Correct,Disgust,8,0.7571232,0.7571232,,0.2183896899223327,,0.0403679981827735,0.0694145262241363,,,,,,,,,,,,,
1700756730921-2-18-4-15-1,Disgust,Incorrect,Sadness,-8,0.01680897,0.87328774,,0.0586108975112438,,6.227771770506152e-12,2.4957544152393e-15,,,,,,,,,,,,,
1700756730921-2-18-4-15-1,Disgust,Incorrect,Sadness,-7,0.01701824,0.8758709,,0.0650505051016807,,4.389030805462824e-12,1.7589147369503901e-15,,,,,,,,,,,,,
1700756730921-2-18-4-15-1,Disgust,Incorrect,Sadness,-6,0.018381266,0.88698983,,0.0693467482924461,,0.0058980225585401,0.0058980649337172,,,,,,,,,,,,,
1700756730921-2-18-4-15-1,Disgust,Incorrect,Sadness,-5,0.027491245,0.8672233,,0.0857717469334602,,0.0096218278631567,0.0211204513907432,,,,,,,,,,,,,
1700756730921-2-18-4-15-1,Disgust,Incorrect,Sadness,-4,0.04481886,0.8233985,,0.0873328521847724,,0.010194482281804,0.0170670486986637,,,,,,,,,,,,,
1700756730921-2-18-4-15-1,Disgust,Incorrect,Sadness,-3,0.11093428,0.73497283,,0.0875046849250793,,0.0489831939339637,0.0613456405699253,,,,,,,,,,,,,
1700756730921-2-18-4-15-1,Disgust,Incorrect,Sadness,-2,0.21191475,0.61584705,,0.0871011987328529,,0.0592829175293445,0.0861934795975685,,,,,,,,,,,,,
1700756730921-2-18-4-15-1,Disgust,Incorrect,Sadness,-1,0.30330244,0.5250303,,0.0871011987328529,,0.0592829175293445,0.0861934795975685,,,,,,,,,,,,,
1700756730921-2-18-4-15-1,Disgust,Incorrect,Sadness,0,0.4146921,0.42430264,,0.0811119899153709,,0.0637331530451774,0.0911442637443542,,,,,,,,,,,,,
1701085495679-2-23-2-5-1,Disgust,Incorrect,Anger,-8,0.0699779,0.45744812,,0.3633960783481598,,0.0304415374994277,0.0214067697525024,,,,,,,,,,,,,
1701085495679-2-23-2-5-1,Disgust,Incorrect,Anger,-7,0.06349643,0.49310073,,0.3783999979496002,,0.0347675792872905,0.0321829244494438,,,,,,,,,,,,,
1701085495679-2-23-2-5-1,Disgust,Incorrect,Anger,-6,0.060563013,0.70243037,,0.4306752681732178,,0.0591823682188987,0.055435910820961,,,,,,,,,,,,,
1701085495679-2-23-2-5-1,Disgust,Incorrect,Anger,-5,0.04795492,0.82887834,,0.4306752681732178,,0.0591823682188987,0.055435910820961,,,,,,,,,,,,,
1701085495679-2-23-2-5-1,Disgust,Incorrect,Anger,-4,0.027404955,0.90294546,,0.4471110701560974,,0.0413363054394722,0.0479804761707782,,,,,,,,,,,,,
1701085495679-2-23-2-5-1,Disgust,Incorrect,Anger,-3,0.009877754,0.9641781,,0.4637944400310516,,0.040245171636343,0.0439106859266757,,,,,,,,,,,,,
1701085495679-2-23-2-5-1,Disgust,Incorrect,Anger,-2,0.012627654,0.9687515,,0.4636271297931671,,0.0333156064152717,0.0416053496301174,,,,,,,,,,,,,
1701085495679-2-23-2-5-1,Disgust,Incorrect,Anger,-1,0.025584914,0.9594541,,0.4709466099739074,,0.0467012636363506,0.0585055947303772,,,,,,,,,,,,,
1701085495679-2-23-2-5-1,Disgust,Incorrect,Anger,0,0.061162848,0.9241656,,0.4857743680477142,,0.0595765374600887,0.0715930759906768,,,,,,,,,,,,,
1701085495679-2-23-2-5-1,Disgust,Incorrect,Anger,1,0.018700777,0.9733085,,0.4931279420852661,,0.1210439950227737,0.1378416568040847,,,,,,,,,,,,,
1701085495679-2-23-2-5-1,Disgust,Incorrect,Anger,2,0.014964203,0.9791515,,0.5209539532661438,,0.1888802051544189,0.205646127462387,,,,,,,,,,,,,
1701085495679-2-23-2-5-1,Disgust,Incorrect,Anger,3,0.01148922,0.985413,,0.5455524325370789,,0.1943128705024719,0.2101499587297439,,,,,,,,,,,,,
1701085495679-2-23-2-5-1,Disgust,Incorrect,Anger,4,0.010937342,0.98647296,,0.5455524325370789,,0.1943128705024719,0.2101499587297439,,,,,,,,,,,,,
1701085605407-2-23-3-1-1,Disgust,Correct,Disgust,-8,0.03819728,0.03819728,,0.3262643814086914,,0.0725072547793388,0.0744820535182952,,,,,,,,,,,,,
1701085605407-2-23-3-1-1,Disgust,Correct,Disgust,-7,0.06128135,0.06128135,,0.3262643814086914,,0.0725072547793388,0.0744820535182952,,,,,,,,,,,,,
1701085605407-2-23-3-1-1,Disgust,Correct,Disgust,-6,0.10080113,0.10080113,,0.3609718382358551,,0.0791307464241981,0.102501280605793,,,,,,,,,,,,,
1701085605407-2-23-3-1-1,Disgust,Correct,Disgust,-5,0.15100323,0.15100323,,0.3609718382358551,,0.0791307464241981,0.102501280605793,,,,,,,,,,,,,
1701085605407-2-23-3-1-1,Disgust,Correct,Disgust,-4,0.23381469,0.23381469,,0.3573219180107116,,0.123663991689682,0.1412745267152786,,,,,,,,,,,,,
1701085605407-2-23-3-1-1,Disgust,Correct,Disgust,-3,0.33463967,0.33463967,,0.3592522740364074,,0.1891372799873352,0.1903871446847915,,,,,,,,,,,,,
1701085605407-2-23-3-1-1,Disgust,Correct,Disgust,-2,0.45134503,0.45134503,,0.3907654881477356,,0.2299547791481018,0.255561888217926,,,,,,,,,,,,,
1701085605407-2-23-3-1-1,Disgust,Correct,Disgust,-1,0.5686136,0.5686136,,0.405320942401886,,0.2941882610321045,0.311199426651001,,,,,,,,,,,,,
1701085605407-2-23-3-1-1,Disgust,Correct,Disgust,0,0.69643915,0.69643915,,0.4049071371555328,,0.313580185174942,0.3248851895332336,,,,,,,,,,,,,
1701085605407-2-23-3-1-1,Disgust,Correct,Disgust,1,0.78778553,0.78778553,,0.4275041818618774,,0.3606500923633575,0.3766882717609405,,,,,,,,,,,,,
1701085605407-2-23-3-1-1,Disgust,Correct,Disgust,2,0.85728776,0.85728776,,0.4515620172023773,,0.4044927954673767,0.4156631529331207,,,,,,,,,,,,,
1701085605407-2-23-3-1-1,Disgust,Correct,Disgust,3,0.8893302,0.8893302,,0.4798358678817749,,0.4792864024639129,0.4693051278591156,,,,,,,,,,,,,
1701085605407-2-23-3-1-1,Disgust,Correct,Disgust,4,0.8733881,0.8733881,,0.5609353184700012,,0.534080982208252,0.5448974370956421,,,,,,,,,,,,,
1701085605407-2-23-3-1-1,Disgust,Correct,Disgust,5,0.85115623,0.85115623,,0.5609353184700012,,0.534080982208252,0.5448974370956421,,,,,,,,,,,,,
1701085605407-2-23-3-1-1,Disgust,Correct,Disgust,6,0.79685634,0.79685634,,0.6162041425704956,,0.5994256734848022,0.5998852252960205,,,,,,,,,,,,,
1701085605407-2-23-3-1-1,Disgust,Correct,Disgust,7,0.7211462,0.7211462,,0.6278618574142456,,0.5875983834266663,0.6284637451171875,,,,,,,,,,,,,
1701085621175-2-23-3-9-1,Disgust,Correct,Disgust,-8,0.0003248691,0.0003248691,,0.0844824016094207,,0.0308400839567184,0.0209336187690496,,,,,,,,,,,,,
1701085621175-2-23-3-9-1,Disgust,Correct,Disgust,-7,0.00058388116,0.00058388116,,0.2047125697135925,,0.0819222703576088,0.0555792488157749,,,,,,,,,,,,,
1701085621175-2-23-3-9-1,Disgust,Correct,Disgust,-6,0.0011933142,0.0011933142,,0.3208002150058746,,0.1497794389724731,0.1584777981042862,,,,,,,,,,,,,
1701085621175-2-23-3-9-1,Disgust,Correct,Disgust,-5,0.0033560207,0.0033560207,,0.4667639136314392,,0.31724813580513,0.3179071545600891,,,,,,,,,,,,,
1701085621175-2-23-3-9-1,Disgust,Correct,Disgust,-4,0.008561799,0.008561799,,0.498553454875946,,0.3772651255130768,0.3617073893547058,,,,,,,,,,,,,
1701085621175-2-23-3-9-1,Disgust,Correct,Disgust,-3,0.024600534,0.024600534,,0.4303462505340576,,0.4423969686031341,0.4155943989753723,,,,,,,,,,,,,
1701085621175-2-23-3-9-1,Disgust,Correct,Disgust,-2,0.07909903,0.07909903,,0.428290843963623,,0.4972466826438904,0.4543255865573883,,,,,,,,,,,,,
1701085621175-2-23-3-9-1,Disgust,Correct,Disgust,-1,0.30486846,0.30486846,,0.4397816061973572,,0.5831427574157715,0.5710726380348206,,,,,,,,,,,,,
1701085621175-2-23-3-9-1,Disgust,Correct,Disgust,0,0.73181254,0.73181254,,0.5649935603141785,,0.6755903959274292,0.6647277474403381,,,,,,,,,,,,,
1701085621175-2-23-3-9-1,Disgust,Correct,Disgust,1,0.93568814,0.93568814,,0.7617228031158447,,0.8053135871887207,0.7944871187210083,,,,,,,,,,,,,
1701085621175-2-23-3-9-1,Disgust,Correct,Disgust,2,0.9709292,0.9709292,,0.8684589266777039,,0.898948073387146,0.8987185955047607,,,,,,,,,,,,,
1701085621175-2-23-3-9-1,Disgust,Correct,Disgust,3,0.9810037,0.9810037,,0.9168015122413636,,0.9438076615333556,0.9438404440879822,,,,,,,,,,,,,
1701085621175-2-23-3-9-1,Disgust,Correct,Disgust,4,0.98470336,0.98470336,,0.9375579357147216,,0.9661906361579896,0.9662129878997804,,,,,,,,,,,,,
1701085621175-2-23-3-9-1,Disgust,Correct,Disgust,5,0.9861109,0.9861109,,0.9525461792945862,,0.9566311240196228,0.9566205143928528,,,,,,,,,,,,,
1701085621175-2-23-3-9-1,Disgust,Correct,Disgust,6,0.98666346,0.98666346,,0.9564239382743835,,0.9205865263938904,0.9306347370147704,,,,,,,,,,,,,
1701085621175-2-23-3-9-1,Disgust,Correct,Disgust,7,0.98711747,0.98711747,,0.971527636051178,,0.9642682671546936,0.980438470840454,,,,,,,,,,,,,
1701085639668-2-23-3-18-1,Disgust,Correct,Disgust,-2,0.14722702,0.14722702,,0.1417241543531417,,0.0362147539854049,0.0328958965837955,,,,,,,,,,,,,
1701085639668-2-23-3-18-1,Disgust,Correct,Disgust,-1,0.1776126,0.1776126,,0.1443379670381546,,0.0300267338752746,0.0289656147360801,,,,,,,,,,,,,
1701085639668-2-23-3-18-1,Disgust,Correct,Disgust,0,0.3601338,0.3601338,,0.1608122438192367,,0.0156409200280904,0.0060375668108463,,,,,,,,,,,,,
1701085639668-2-23-3-18-1,Disgust,Correct,Disgust,1,0.51736337,0.51736337,,0.2229868024587631,,0.0122056920081377,0.0094638066366314,,,,,,,,,,,,,
1701085639668-2-23-3-18-1,Disgust,Correct,Disgust,2,0.6273527,0.6273527,,0.2291845679283142,,0.0030818425584584,0.002450622851029,,,,,,,,,,,,,
1701085639668-2-23-3-18-1,Disgust,Correct,Disgust,3,0.73451376,0.73451376,,0.2593052387237549,,0.0080371610820293,0.000712641805876,,,,,,,,,,,,,
1701085639668-2-23-3-18-1,Disgust,Correct,Disgust,4,0.81289387,0.81289387,,0.345948189496994,,0.0246274974197149,0.0227261111140251,,,,,,,,,,,,,
1701085639668-2-23-3-18-1,Disgust,Correct,Disgust,5,0.8648486,0.8648486,,0.3612439036369324,,0.0550957471132278,0.0550415366888046,,,,,,,,,,,,,
1701085639668-2-23-3-18-1,Disgust,Correct,Disgust,6,0.8934705,0.8934705,,0.3672961294651031,,0.1108272820711135,0.1109780743718147,,,,,,,,,,,,,
1701085639668-2-23-3-18-1,Disgust,Correct,Disgust,7,0.89859354,0.89859354,,0.3699018955230713,,0.1779883354902267,0.1780706644058227,,,,,,,,,,,,,
1701085639668-2-23-3-18-1,Disgust,Correct,Disgust,8,0.8988917,0.8988917,,0.3599511682987213,,0.2551459074020386,0.2447898238897323,,,,,,,,,,,,,
1701085783312-2-23-4-0-1,Disgust,Correct,Disgust,-5,0.1294754,0.1294754,,0.3140594959259033,,0.0685644969344139,0.0686841085553169,,,,,,,,,,,,,
1701085783312-2-23-4-0-1,Disgust,Correct,Disgust,-4,0.12777105,0.12777105,,0.3178398907184601,,0.112836979329586,0.1131847202777862,,,,,,,,,,,,,
1701085783312-2-23-4-0-1,Disgust,Correct,Disgust,-3,0.21290234,0.21290234,,0.3298673927783966,,0.1683280318975448,0.1613683402538299,,,,,,,,,,,,,
1701085783312-2-23-4-0-1,Disgust,Correct,Disgust,-2,0.3214234,0.3214234,,0.32729572057724,,0.1922556161880493,0.1914836317300796,,,,,,,,,,,,,
1701085783312-2-23-4-0-1,Disgust,Correct,Disgust,-1,0.43668577,0.43668577,,0.32729572057724,,0.1922556161880493,0.1914836317300796,,,,,,,,,,,,,
1701085783312-2-23-4-0-1,Disgust,Correct,Disgust,0,0.5991913,0.5991913,,0.3369847238063812,,0.2548846304416656,0.2445940226316452,,,,,,,,,,,,,
1701085783312-2-23-4-0-1,Disgust,Correct,Disgust,1,0.72907275,0.72907275,,0.3369847238063812,,0.2548846304416656,0.2445940226316452,,,,,,,,,,,,,
1701085783312-2-23-4-0-1,Disgust,Correct,Disgust,2,0.83790225,0.83790225,,0.3429718911647796,,0.2851346135139465,0.2843344509601593,,,,,,,,,,,,,
1701085783312-2-23-4-0-1,Disgust,Correct,Disgust,3,0.8993534,0.8993534,,0.3429718911647796,,0.2851346135139465,0.2843344509601593,,,,,,,,,,,,,
1701085783312-2-23-4-0-1,Disgust,Correct,Disgust,4,0.9391951,0.9391951,,0.3616479933261871,,0.3620426654815674,0.351944625377655,,,,,,,,,,,,,
1701085783312-2-23-4-0-1,Disgust,Correct,Disgust,5,0.9578248,0.9578248,,0.3616479933261871,,0.3620426654815674,0.351944625377655,,,,,,,,,,,,,
1701085783312-2-23-4-0-1,Disgust,Correct,Disgust,6,0.9670811,0.9670811,,0.3695129156112671,,0.3638240098953247,0.3629456758499145,,,,,,,,,,,,,
1701085783312-2-23-4-0-1,Disgust,Correct,Disgust,7,0.97269845,0.97269845,,0.3668969273567199,,0.363980621099472,0.3542310893535614,,,,,,,,,,,,,
1701085783312-2-23-4-0-1,Disgust,Correct,Disgust,8,0.9772505,0.9772505,,0.3670321404933929,,0.354615181684494,0.3532771468162536,,,,,,,,,,,,,
1701085804610-2-23-4-12-1,Disgust,Correct,Disgust,-6,0.16717787,0.16717787,,0.3091678321361542,,0.0471999235451221,0.0303576067090034,,,,,,,,,,,,,
1701085804610-2-23-4-12-1,Disgust,Correct,Disgust,-5,0.13828169,0.13828169,,0.3304762840270996,,0.0610166564583778,0.0584799833595752,,,,,,,,,,,,,
1701085804610-2-23-4-12-1,Disgust,Correct,Disgust,-4,0.12486603,0.12486603,,0.3470701277256012,,0.1118739619851112,0.1122361868619918,,,,,,,,,,,,,
1701085804610-2-23-4-12-1,Disgust,Correct,Disgust,-3,0.16913575,0.16913575,,0.38106769323349,,0.1425867080688476,0.1281020492315292,,,,,,,,,,,,,
1701085804610-2-23-4-12-1,Disgust,Correct,Disgust,-2,0.27575025,0.27575025,,0.4026886224746704,,0.1906404048204422,0.2052180618047714,,,,,,,,,,,,,
1701085804610-2-23-4-12-1,Disgust,Correct,Disgust,-1,0.4785964,0.4785964,,0.3961363434791565,,0.2098111808300018,0.211254134774208,,,,,,,,,,,,,
1701085804610-2-23-4-12-1,Disgust,Correct,Disgust,0,0.68835413,0.68835413,,0.403067409992218,,0.2720335721969604,0.2722543179988861,,,,,,,,,,,,,
1701085804610-2-23-4-12-1,Disgust,Correct,Disgust,1,0.8432824,0.8432824,,0.4175516068935394,,0.3744706809520721,0.3745621740818023,,,,,,,,,,,,,
1701085804610-2-23-4-12-1,Disgust,Correct,Disgust,2,0.91808057,0.91808057,,0.4575882256031036,,0.4315330982208252,0.4315712749958038,,,,,,,,,,,,,
1701085804610-2-23-4-12-1,Disgust,Correct,Disgust,3,0.9555769,0.9555769,,0.4995873272418976,,0.4549675285816192,0.4549832046031952,,,,,,,,,,,,,
1701085804610-2-23-4-12-1,Disgust,Correct,Disgust,4,0.97120583,0.97120583,,0.6166068911552429,,0.4809821546077728,0.4803547263145447,,,,,,,,,,,,,
1701085804610-2-23-4-12-1,Disgust,Correct,Disgust,5,0.9785574,0.9785574,,0.7536815404891968,,0.5708701610565186,0.5604090690612793,,,,,,,,,,,,,
1701085804610-2-23-4-12-1,Disgust,Correct,Disgust,6,0.98255783,0.98255783,,0.7714107036590576,,0.565400242805481,0.5647153854370117,,,,,,,,,,,,,
1701085804610-2-23-4-12-1,Disgust,Correct,Disgust,7,0.98553085,0.98553085,,0.7714107036590576,,0.565400242805481,0.5647153854370117,,,,,,,,,,,,,
1701085804610-2-23-4-12-1,Disgust,Correct,Disgust,8,0.98873305,0.98873305,,0.8040031790733337,,0.5852524042129517,0.585231363773346,,,,,,,,,,,,,
1701085809428-2-23-4-15-1,Disgust,Correct,Disgust,-8,0.006364231,0.006364231,,0.0133092692121863,,0.034255500882864,0.0351272746920585,,,,,,,,,,,,,
1701085809428-2-23-4-15-1,Disgust,Correct,Disgust,-7,0.014613186,0.014613186,,0.0507320426404476,,0.0086106276139616,0.0083793476223945,,,,,,,,,,,,,
1701085809428-2-23-4-15-1,Disgust,Correct,Disgust,-6,0.04376075,0.04376075,,0.0689181610941886,,0.0024358087684959,0.0022574726026505,,,,,,,,,,,,,
1701085809428-2-23-4-15-1,Disgust,Correct,Disgust,-5,0.090655535,0.090655535,,0.0783446431159973,,0.0007687356555834,0.0006810317281633,,,,,,,,,,,,,
1701085809428-2-23-4-15-1,Disgust,Correct,Disgust,-4,0.13631575,0.13631575,,0.1031175479292869,,0.0002682660415302,0.0002280408079968,,,,,,,,,,,,,
1701085809428-2-23-4-15-1,Disgust,Correct,Disgust,-3,0.20674935,0.20674935,,0.1151008903980255,,0.0250638164579868,0.0139855816960334,,,,,,,,,,,,,
1701085809428-2-23-4-15-1,Disgust,Correct,Disgust,-2,0.3081015,0.3081015,,0.1073306575417518,,0.0665156468749046,0.0541224665939807,,,,,,,,,,,,,
1701085809428-2-23-4-15-1,Disgust,Correct,Disgust,-1,0.51743424,0.51743424,,0.1073427498340606,,0.1383862197399139,0.111256904900074,,,,,,,,,,,,,
1701085809428-2-23-4-15-1,Disgust,Correct,Disgust,0,0.7594444,0.7594444,,0.1073502749204635,,0.1653432697057724,0.1526671200990677,,,,,,,,,,,,,
1701085809428-2-23-4-15-1,Disgust,Correct,Disgust,1,0.8903312,0.8903312,,0.1158634796738624,,0.2439064234495163,0.2432557940483093,,,,,,,,,,,,,
1701085809428-2-23-4-15-1,Disgust,Correct,Disgust,2,0.93956393,0.93956393,,0.1158634796738624,,0.2439064234495163,0.2432557940483093,,,,,,,,,,,,,
1701085809428-2-23-4-15-1,Disgust,Correct,Disgust,3,0.9631799,0.9631799,,0.1538673788309097,,0.3136931359767914,0.3148060441017151,,,,,,,,,,,,,
1701085809428-2-23-4-15-1,Disgust,Correct,Disgust,4,0.9721234,0.9721234,,0.1595452278852462,,0.2810513079166412,0.2811137437820434,,,,,,,,,,,,,
1701085809428-2-23-4-15-1,Disgust,Correct,Disgust,5,0.97713727,0.97713727,,0.1627424508333206,,0.2969155311584472,0.2871582806110382,,,,,,,,,,,,,
1701085829241-2-23-4-26-1,Disgust,Incorrect,Fear,-8,0.0066868137,0.01678365,,0.1149955540895462,,0.159251719713211,0.158564805984497,,,,,,,,,,,,,
1701085829241-2-23-4-26-1,Disgust,Incorrect,Fear,-7,0.007989122,0.014351564,,0.156197965145111,,0.2286822646856308,0.2286824882030487,,,,,,,,,,,,,
1701085829241-2-23-4-26-1,Disgust,Incorrect,Fear,-6,0.008304834,0.011441207,,0.167913869023323,,0.2133826464414596,0.2133672684431076,,,,,,,,,,,,,
1701085829241-2-23-4-26-1,Disgust,Incorrect,Fear,-5,0.008334204,0.00957541,,0.1853834390640258,,0.1977163255214691,0.1884533762931823,,,,,,,,,,,,,
1701085829241-2-23-4-26-1,Disgust,Incorrect,Fear,-4,0.010493453,0.010818294,,0.2363722622394561,,0.1749123632907867,0.1677460074424743,,,,,,,,,,,,,
1701085829241-2-23-4-26-1,Disgust,Incorrect,Fear,-3,0.014204111,0.012588009,,0.2363722622394561,,0.1749123632907867,0.1677460074424743,,,,,,,,,,,,,
1701085829241-2-23-4-26-1,Disgust,Incorrect,Fear,-2,0.031981755,0.015684301,,0.312197208404541,,0.0828740373253822,0.0830963924527168,,,,,,,,,,,,,
1701085829241-2-23-4-26-1,Disgust,Incorrect,Fear,-1,0.070391595,0.028113017,,0.2961429059505462,,0.0894915536046028,0.0777070298790931,,,,,,,,,,,,,
1701085829241-2-23-4-26-1,Disgust,Incorrect,Fear,0,0.15106517,0.044059854,,0.2961429059505462,,0.0894915536046028,0.0777070298790931,,,,,,,,,,,,,
1701085829241-2-23-4-26-1,Disgust,Incorrect,Fear,1,0.19842552,0.08087014,,0.2695012390613556,,0.1029617488384246,0.1015607342123985,,,,,,,,,,,,,
1701085829241-2-23-4-26-1,Disgust,Incorrect,Fear,2,0.24281426,0.13989079,,0.224389836192131,,0.10310048609972,0.0958290472626686,,,,,,,,,,,,,
1701085829241-2-23-4-26-1,Disgust,Incorrect,Fear,3,0.2699436,0.22822538,,0.1938085705041885,,0.1112545803189277,0.1093142852187156,,,,,,,,,,,,,
1701085829241-2-23-4-26-1,Disgust,Incorrect,Fear,4,0.28184813,0.32141995,,0.1938085705041885,,0.1112545803189277,0.1093142852187156,,,,,,,,,,,,,
1701085829241-2-23-4-26-1,Disgust,Incorrect,Fear,5,0.2707398,0.4105019,,0.1584231257438659,,0.1133027300238609,0.1051244139671325,,,,,,,,,,,,,
1701085829241-2-23-4-26-1,Disgust,Incorrect,Fear,6,0.2526303,0.4921007,,0.1584231257438659,,0.1133027300238609,0.1051244139671325,,,,,,,,,,,,,
1701085829241-2-23-4-26-1,Disgust,Incorrect,Fear,7,0.24926883,0.53535247,,0.1444158107042312,,0.0996958315372467,0.0975360721349716,,,,,,,,,,,,,
1701085829241-2-23-4-26-1,Disgust,Incorrect,Fear,8,0.22770593,0.5550329,,0.0971467122435569,,0.0823485106229782,0.0823084264993667,,,,,,,,,,,,,
1701094669809-2-27-3-9-1,Disgust,Incorrect,Happiness,-8,0.24103896,0.021232646,,0.0112953539937734,,0.010865643620491,4.3664696858236596e-11,,,,,,,,,,,,,
1701094669809-2-27-3-9-1,Disgust,Incorrect,Happiness,-7,0.13640931,0.017232014,,0.0089982207864522,,0.010865643620491,4.330715907413518e-12,,,,,,,,,,,,,
1701094669809-2-27-3-9-1,Disgust,Incorrect,Happiness,-6,0.087176636,0.013694426,,0.0307345725595951,,0.010865643620491,6.87286328109743e-14,,,,,,,,,,,,,
1701094669809-2-27-3-9-1,Disgust,Incorrect,Happiness,-5,0.059037734,0.01128985,,0.0307345725595951,,0.010865643620491,6.87286328109743e-14,,,,,,,,,,,,,
1701094669809-2-27-3-9-1,Disgust,Incorrect,Happiness,-4,0.042496204,0.009750574,,0.0290015283972024,,0.010865643620491,1.0881478213604044e-14,,,,,,,,,,,,,
1701094669809-2-27-3-9-1,Disgust,Incorrect,Happiness,-3,0.03644979,0.009139188,,0.0367778055369854,,0.0233901143074035,0.0085536278784275,,,,,,,,,,,,,
1701094669809-2-27-3-9-1,Disgust,Incorrect,Happiness,-2,0.052479275,0.010988617,,0.088160753250122,,0.141275942325592,0.1411435008049011,,,,,,,,,,,,,
1701094669809-2-27-3-9-1,Disgust,Incorrect,Happiness,-1,0.46353185,0.023911372,,0.346072643995285,,0.3628505766391754,0.3531833291053772,,,,,,,,,,,,,
1701094669809-2-27-3-9-1,Disgust,Incorrect,Happiness,0,0.8869533,0.011713009,,0.346072643995285,,0.3628505766391754,0.3531833291053772,,,,,,,,,,,,,
1701094669809-2-27-3-9-1,Disgust,Incorrect,Happiness,1,0.94900316,0.01916979,,0.4287675619125366,,0.2653831243515014,0.244949921965599,,,,,,,,,,,,,
1701094669809-2-27-3-9-1,Disgust,Incorrect,Happiness,2,0.8950983,0.08311811,,0.4014025628566742,,0.2325255274772644,0.2096749693155288,,,,,,,,,,,,,
1701094669809-2-27-3-9-1,Disgust,Incorrect,Happiness,3,0.7453849,0.23758301,,0.4315683245658874,,0.2252856343984604,0.2002644538879394,,,,,,,,,,,,,
1701094669809-2-27-3-9-1,Disgust,Incorrect,Happiness,4,0.60826296,0.37793243,,0.4373555183410644,,0.2434854805469513,0.2266218960285186,,,,,,,,,,,,,
1701094669809-2-27-3-9-1,Disgust,Incorrect,Happiness,5,0.4901417,0.49790826,,0.4373555183410644,,0.2434854805469513,0.2266218960285186,,,,,,,,,,,,,
1701094669809-2-27-3-9-1,Disgust,Incorrect,Happiness,6,0.39078626,0.59870636,,0.4330436289310455,,0.2365684658288955,0.2237729281187057,,,,,,,,,,,,,
1701094669809-2-27-3-9-1,Disgust,Incorrect,Happiness,7,0.3301255,0.66017866,,0.43104287981987,,0.2558631300926208,0.2312315702438354,,,,,,,,,,,,,
1701094669809-2-27-3-9-1,Disgust,Incorrect,Happiness,8,0.29269746,0.69794273,,0.446189820766449,,0.2596383690834045,0.2460319399833679,,,,,,,,,,,,,
1701094688507-2-27-3-18-1,Disgust,Correct,Disgust,-1,0.79887146,0.79887146,,0.9583863615989684,,0.9923843741416932,0.9926163554191588,,,,,,,,,,,,,
1701094688507-2-27-3-18-1,Disgust,Correct,Disgust,0,0.9344834,0.9344834,,0.9841570258140564,,0.9997903108596802,0.9997954368591307,,,,,,,,,,,,,
1701094688507-2-27-3-18-1,Disgust,Correct,Disgust,1,0.96236384,0.96236384,,0.9904753565788268,,0.9943933486938475,0.9943946599960328,,,,,,,,,,,,,
1701094688507-2-27-3-18-1,Disgust,Correct,Disgust,2,0.9709216,0.9709216,,0.9836413264274596,,0.983798086643219,0.968238651752472,,,,,,,,,,,,,
1701094688507-2-27-3-18-1,Disgust,Correct,Disgust,3,0.97466964,0.97466964,,0.9814488291740416,,0.9679206609725952,0.9568328261375428,,,,,,,,,,,,,
1701094688507-2-27-3-18-1,Disgust,Correct,Disgust,4,0.9762432,0.9762432,,0.9806695580482484,,0.9569467902183532,0.9460961818695068,,,,,,,,,,,,,
1701094688507-2-27-3-18-1,Disgust,Correct,Disgust,5,0.9774669,0.9774669,,0.9803652167320251,,0.93156760931015,0.9208193421363832,,,,,,,,,,,,,
1701094688507-2-27-3-18-1,Disgust,Correct,Disgust,6,0.97769976,0.97769976,,0.9663448333740234,,0.8971359133720398,0.8866786360740662,,,,,,,,,,,,,
1701094688507-2-27-3-18-1,Disgust,Correct,Disgust,7,0.9779457,0.9779457,,0.9589406251907348,,0.8920623660087585,0.8996536731719971,,,,,,,,,,,,,
1701094688507-2-27-3-18-1,Disgust,Correct,Disgust,8,0.97794104,0.97794104,,0.9548063278198242,,0.8912004828453064,0.8926528096199036,,,,,,,,,,,,,
1701094865205-2-27-4-26-1,Disgust,Correct,Disgust,-8,0.01845483,0.01845483,,0.0024931798689067,,0.0108836172148585,2.406769635854289e-05,,,,,,,,,,,,,
1701094865205-2-27-4-26-1,Disgust,Correct,Disgust,-7,0.014690623,0.014690623,,0.0082682110369205,,0.0108782295137643,1.6562242308282293e-05,,,,,,,,,,,,,
1701094865205-2-27-4-26-1,Disgust,Correct,Disgust,-6,0.011951403,0.011951403,,0.0078912358731031,,0.0108744660392403,1.1444024494267069e-05,,,,,,,,,,,,,
1701094865205-2-27-4-26-1,Disgust,Correct,Disgust,-5,0.0100259,0.0100259,,0.0146066667512059,,0.0108718341216444,7.934403583931271e-06,,,,,,,,,,,,,
1701094865205-2-27-4-26-1,Disgust,Correct,Disgust,-4,0.009268359,0.009268359,,0.0276842359453439,,0.0108699910342693,0.0058573591522872,,,,,,,,,,,,,
1701094865205-2-27-4-26-1,Disgust,Correct,Disgust,-3,0.009397298,0.009397298,,0.0690985769033432,,0.0208172183483839,0.0084084793925285,,,,,,,,,,,,,
1701094865205-2-27-4-26-1,Disgust,Correct,Disgust,-2,0.0153213,0.0153213,,0.1782755255699157,,0.1084322780370712,0.0920202359557151,,,,,,,,,,,,,
1701094865205-2-27-4-26-1,Disgust,Correct,Disgust,-1,0.10245603,0.10245603,,0.3438185453414917,,0.6561754941940308,0.6560298800468445,,,,,,,,,,,,,
1701094865205-2-27-4-26-1,Disgust,Correct,Disgust,0,0.7086681,0.7086681,,0.4201901257038116,,0.7689502239227295,0.7689823508262634,,,,,,,,,,,,,
1701094865205-2-27-4-26-1,Disgust,Correct,Disgust,1,0.87776923,0.87776923,,0.6028388738632202,,0.7872814536094666,0.7713967561721802,,,,,,,,,,,,,
1701094865205-2-27-4-26-1,Disgust,Correct,Disgust,2,0.95940536,0.95940536,,0.8551345467567444,,0.8511974215507507,0.8508098125457764,,,,,,,,,,,,,
1701094865205-2-27-4-26-1,Disgust,Correct,Disgust,3,0.97823846,0.97823846,,0.9428809881210328,,0.9428150653839112,0.926904022693634,,,,,,,,,,,,,
1701094865205-2-27-4-26-1,Disgust,Correct,Disgust,4,0.9815942,0.9815942,,0.9571772813796996,,0.945231556892395,0.9447369575500488,,,,,,,,,,,,,
1701094865205-2-27-4-26-1,Disgust,Correct,Disgust,5,0.9814331,0.9814331,,0.9598663449287416,,0.9192612171173096,0.9036593437194824,,,,,,,,,,,,,
1701094865205-2-27-4-26-1,Disgust,Correct,Disgust,6,0.9882371,0.9882371,,0.8798978924751282,,0.7725165486335754,0.7261326909065247,,,,,,,,,,,,,
1701094865205-2-27-4-26-1,Disgust,Correct,Disgust,7,0.99024886,0.99024886,,0.8798978924751282,,0.7725165486335754,0.7261326909065247,,,,,,,,,,,,,
1701094865205-2-27-4-26-1,Disgust,Correct,Disgust,8,0.9934127,0.9934127,,0.8354495167732239,,0.6087489128112793,0.5548298954963684,,,,,,,,,,,,,
1700479111705-2-1-2-3-2,Fear,Correct,Fear,-1,0.7512815,0.7512815,,,,,,0.0004914535093121,1.401298464324817e-45,0.0015075627015903,,,,,,,,,,
1700479111705-2-1-2-3-2,Fear,Correct,Fear,0,0.929631,0.929631,,,,,,0.0048370333388447,1.401298464324817e-45,0.0012226758990436,,,,,,,,,,
1700479111705-2-1-2-3-2,Fear,Correct,Fear,1,0.9574787,0.9574787,,,,,,0.0064069028012454,1.401298464324817e-45,0.0008118125260807,,,,,,,,,,
1700479111705-2-1-2-3-2,Fear,Correct,Fear,2,0.96303856,0.96303856,,,,,,0.0090230153873562,1.401298464324817e-45,0.0041931676678359,,,,,,,,,,
1700479111705-2-1-2-3-2,Fear,Correct,Fear,3,0.9674553,0.9674553,,,,,,0.0090230153873562,1.401298464324817e-45,0.0041931676678359,,,,,,,,,,
1700479111705-2-1-2-3-2,Fear,Correct,Fear,4,0.96113044,0.96113044,,,,,,0.0223858170211315,1.401298464324817e-45,0.0186693873256444,,,,,,,,,,
1700479111705-2-1-2-3-2,Fear,Correct,Fear,5,0.96125424,0.96125424,,,,,,0.0223858170211315,1.401298464324817e-45,0.0186693873256444,,,,,,,,,,
1700479111705-2-1-2-3-2,Fear,Correct,Fear,6,0.9616196,0.9616196,,,,,,0.0274809002876281,1.401298464324817e-45,0.0204163324087858,,,,,,,,,,
1700479111705-2-1-2-3-2,Fear,Correct,Fear,7,0.959305,0.959305,,,,,,0.0445157326757907,1.401298464324817e-45,0.0434934310615062,,,,,,,,,,
1700479111705-2-1-2-3-2,Fear,Correct,Fear,8,0.9608016,0.9608016,,,,,,0.0445157326757907,1.401298464324817e-45,0.0434934310615062,,,,,,,,,,
1700479119890-2-1-2-6-2,Fear,Correct,Fear,-8,0.0856971,0.0856971,,,,,,0.1304187327623367,1.401298464324817e-45,0.176254004240036,,,,,,,,,,
1700479119890-2-1-2-6-2,Fear,Correct,Fear,-7,0.08717598,0.08717598,,,,,,0.12593974173069,1.401298464324817e-45,0.1664239466190338,,,,,,,,,,
1700479119890-2-1-2-6-2,Fear,Correct,Fear,-6,0.092205815,0.092205815,,,,,,0.1257051080465316,1.401298464324817e-45,0.1641536802053451,,,,,,,,,,
1700479119890-2-1-2-6-2,Fear,Correct,Fear,-5,0.10136384,0.10136384,,,,,,0.1226815208792686,1.401298464324817e-45,0.1589974462985992,,,,,,,,,,
1700479119890-2-1-2-6-2,Fear,Correct,Fear,-4,0.11735632,0.11735632,,,,,,0.1257302463054657,1.401298464324817e-45,0.1621265113353729,,,,,,,,,,
1700479119890-2-1-2-6-2,Fear,Correct,Fear,-3,0.15769243,0.15769243,,,,,,0.1255432367324829,1.401298464324817e-45,0.1645578145980835,,,,,,,,,,
1700479119890-2-1-2-6-2,Fear,Correct,Fear,-2,0.21544749,0.21544749,,,,,,0.1278652101755142,1.401298464324817e-45,0.1664658486843109,,,,,,,,,,
1700479119890-2-1-2-6-2,Fear,Correct,Fear,-1,0.2835213,0.2835213,,,,,,0.127259761095047,1.401298464324817e-45,0.1643952280282974,,,,,,,,,,
1700479119890-2-1-2-6-2,Fear,Correct,Fear,0,0.38625526,0.38625526,,,,,,0.1291591227054596,1.401298464324817e-45,0.1664213389158249,,,,,,,,,,
1700479119890-2-1-2-6-2,Fear,Correct,Fear,1,0.47520658,0.47520658,,,,,,0.1305969804525375,1.401298464324817e-45,0.1679975241422653,,,,,,,,,,
1700479119890-2-1-2-6-2,Fear,Correct,Fear,2,0.55915385,0.55915385,,,,,,0.1317004859447479,1.401298464324817e-45,0.1692357510328292,,,,,,,,,,
1700479119890-2-1-2-6-2,Fear,Correct,Fear,3,0.6227864,0.6227864,,,,,,0.1302469670772552,1.401298464324817e-45,0.1627521961927414,,,,,,,,,,
1700479119890-2-1-2-6-2,Fear,Correct,Fear,4,0.6753683,0.6753683,,,,,,0.1259248256683349,1.401298464324817e-45,0.1542371362447738,,,,,,,,,,
1700479119890-2-1-2-6-2,Fear,Correct,Fear,5,0.72013175,0.72013175,,,,,,0.1257009357213974,1.401298464324817e-45,0.1524132043123245,,,,,,,,,,
1700479119890-2-1-2-6-2,Fear,Correct,Fear,6,0.76084167,0.76084167,,,,,,0.1165427267551422,1.401298464324817e-45,0.1409181356430053,,,,,,,,,,
1700479119890-2-1-2-6-2,Fear,Correct,Fear,7,0.7731607,0.7731607,,,,,,0.0778356567025184,1.401298464324817e-45,0.0700374767184257,,,,,,,,,,
1700479119890-2-1-2-6-2,Fear,Correct,Fear,8,0.67260104,0.67260104,,,,,,0.0810333341360092,1.401298464324817e-45,0.0805079787969589,,,,,,,,,,
1700479129747-2-1-2-10-2,Fear,Correct,Fear,-8,0.005979815,0.005979815,,,,,,0.0855790004134178,6.962765532285389e-26,0.0992084816098213,,,,,,,,,,
1700479129747-2-1-2-10-2,Fear,Correct,Fear,-7,0.007447101,0.007447101,,,,,,0.0809015482664108,4.907237142675611e-26,0.0940985828638076,,,,,,,,,,
1700479129747-2-1-2-10-2,Fear,Correct,Fear,-6,0.009506172,0.009506172,,,,,,0.0660229548811912,3.458509497676778e-26,0.0733419507741928,,,,,,,,,,
1700479129747-2-1-2-10-2,Fear,Correct,Fear,-5,0.01414438,0.01414438,,,,,,0.0572530440986156,2.437469571716921e-26,0.0618424974381923,,,,,,,,,,
1700479129747-2-1-2-10-2,Fear,Correct,Fear,-4,0.024764426,0.024764426,,,,,,0.057190578430891,1.7178564791299232e-26,0.055140882730484,,,,,,,,,,
1700479129747-2-1-2-10-2,Fear,Correct,Fear,-3,0.079155564,0.079155564,,,,,,0.0571454279124736,1.210714443198054e-26,0.0441077165305614,,,,,,,,,,
1700479129747-2-1-2-10-2,Fear,Correct,Fear,-2,0.21279527,0.21279527,,,,,,0.0591992773115634,8.532891937249936e-27,0.0436065346002578,,,,,,,,,,
1700479129747-2-1-2-10-2,Fear,Correct,Fear,-1,0.34701818,0.34701818,,,,,,0.0608570165932178,6.013773644061487e-27,0.0432705208659172,,,,,,,,,,
1700479129747-2-1-2-10-2,Fear,Correct,Fear,0,0.48935035,0.48935035,,,,,,0.0622003860771656,4.2384051990066674e-27,0.0452938973903656,,,,,,,,,,
1700479129747-2-1-2-10-2,Fear,Correct,Fear,1,0.5946982,0.5946982,,,,,,0.0632927417755127,2.987145462321791e-27,0.0468743853271007,,,,,,,,,,
1700479129747-2-1-2-10-2,Fear,Correct,Fear,2,0.67519695,0.67519695,,,,,,0.0641834884881973,2.1052796667493688e-27,0.0457600317895412,,,,,,,,,,
1700479248151-2-1-3-5-2,Fear,Correct,Fear,-7,0.23169446,0.23169446,,,,,,0.0001543378602946,1.401298464324817e-45,0.000607838795986,,,,,,,,,,
1700479248151-2-1-3-5-2,Fear,Correct,Fear,-6,0.29035607,0.29035607,,,,,,0.0001273376838071,1.401298464324817e-45,0.0005000513629056,,,,,,,,,,
1700479248151-2-1-3-5-2,Fear,Correct,Fear,-5,0.3307718,0.3307718,,,,,,0.0001051003564498,1.401298464324817e-45,0.0004117378848604,,,,,,,,,,
1700479248151-2-1-3-5-2,Fear,Correct,Fear,-4,0.3664534,0.3664534,,,,,,8.677303412696347e-05,1.401298464324817e-45,0.000339265941875,,,,,,,,,,
1700479248151-2-1-3-5-2,Fear,Correct,Fear,-3,0.39725456,0.39725456,,,,,,7.165958231780678e-05,1.401298464324817e-45,0.0002797160705085,,,,,,,,,,
1700479248151-2-1-3-5-2,Fear,Correct,Fear,-2,0.4363019,0.4363019,,,,,,0.0001556344795972,1.401298464324817e-45,0.0002307317918166,,,,,,,,,,
1700479248151-2-1-3-5-2,Fear,Correct,Fear,-1,0.51757646,0.51757646,,,,,,0.000224726027227,1.401298464324817e-45,0.0001904037198983,,,,,,,,,,
1700479248151-2-1-3-5-2,Fear,Correct,Fear,0,0.7500805,0.7500805,,,,,,0.0046980716288089,1.401298464324817e-45,0.0001571776811033,,,,,,,,,,
1700479248151-2-1-3-5-2,Fear,Correct,Fear,1,0.95930016,0.95930016,,,,,,0.0078382017090916,1.401298464324817e-45,0.0001297860435442,,,,,,,,,,
1700479248151-2-1-3-5-2,Fear,Correct,Fear,2,0.9851301,0.9851301,,,,,,0.0137935476377606,1.401298464324817e-45,0.0001071923761628,,,,,,,,,,
1700479248151-2-1-3-5-2,Fear,Correct,Fear,3,0.98757416,0.98757416,,,,,,0.014584663324058,1.401298464324817e-45,8.85484623722732e-05,,,,,,,,,,
1700479248151-2-1-3-5-2,Fear,Correct,Fear,4,0.98708576,0.98708576,,,,,,0.0113860834389925,1.401298464324817e-45,7.315904076676816e-05,,,,,,,,,,
1700479248151-2-1-3-5-2,Fear,Correct,Fear,5,0.9846427,0.9846427,,,,,,0.0127077735960483,1.401298464324817e-45,6.045228292350657e-05,,,,,,,,,,
1700479248151-2-1-3-5-2,Fear,Correct,Fear,6,0.98060006,0.98060006,,,,,,0.0099602378904819,1.401298464324817e-45,4.9958045565290377e-05,,,,,,,,,,
1700479248151-2-1-3-5-2,Fear,Correct,Fear,7,0.9791206,0.9791206,,,,,,0.0079151233658194,1.401298464324817e-45,4.128924774704501e-05,,,,,,,,,,
1700479248151-2-1-3-5-2,Fear,Correct,Fear,8,0.978475,0.978475,,,,,,0.0063682883046567,1.401298464324817e-45,3.412708974792622e-05,,,,,,,,,,
1700479278671-2-1-3-20-2,Fear,Correct,Fear,-1,0.79289263,0.79289263,,,,,,0.0837278887629509,1.401298464324817e-45,0.0748754367232322,,,,,,,,,,
1700479278671-2-1-3-20-2,Fear,Correct,Fear,0,0.94007826,0.94007826,,,,,,0.0840080827474594,1.401298464324817e-45,0.0759262442588806,,,,,,,,,,
1700479278671-2-1-3-20-2,Fear,Correct,Fear,1,0.96678156,0.96678156,,,,,,0.0801130533218383,1.401298464324817e-45,0.0767909884452819,,,,,,,,,,
1700479278671-2-1-3-20-2,Fear,Correct,Fear,2,0.97457415,0.97457415,,,,,,0.0773240774869918,1.401298464324817e-45,0.0775031596422195,,,,,,,,,,
1700479278671-2-1-3-20-2,Fear,Correct,Fear,3,0.97792083,0.97792083,,,,,,0.0752844661474227,1.401298464324817e-45,0.0741262733936309,,,,,,,,,,
1700479278671-2-1-3-20-2,Fear,Correct,Fear,4,0.9627199,0.9627199,,,,,,0.0703517496585846,1.401298464324817e-45,0.0635102689266204,,,,,,,,,,
1700479278671-2-1-3-20-2,Fear,Correct,Fear,5,0.95805347,0.95805347,,,,,,0.0669507086277008,1.401298464324817e-45,0.0608157664537429,,,,,,,,,,
1700479278671-2-1-3-20-2,Fear,Correct,Fear,6,0.95663315,0.95663315,,,,,,0.0671970769762992,1.401298464324817e-45,0.0655407086014747,,,,,,,,,,
1700479278671-2-1-3-20-2,Fear,Correct,Fear,7,0.9584563,0.9584563,,,,,,0.0717032179236412,1.401298464324817e-45,0.0728041306138038,,,,,,,,,,
1700479278671-2-1-3-20-2,Fear,Correct,Fear,8,0.9616541,0.9616541,,,,,,0.0679940953850746,1.401298464324817e-45,0.0674306154251098,,,,,,,,,,
1700479427742-2-1-4-9-2,Fear,Correct,Fear,-8,0.03713104,0.03713104,,,,,,0.0223775561898946,1.401298464324817e-45,0.0155898844823241,,,,,,,,,,
1700479427742-2-1-4-9-2,Fear,Correct,Fear,-7,0.031660613,0.031660613,,,,,,0.0237471051514148,1.401298464324817e-45,0.0154599295929074,,,,,,,,,,
1700479427742-2-1-4-9-2,Fear,Correct,Fear,-6,0.028108312,0.028108312,,,,,,0.0224967449903488,1.401298464324817e-45,0.0153530482202768,,,,,,,,,,
1700479427742-2-1-4-9-2,Fear,Correct,Fear,-5,0.027180593,0.027180593,,,,,,0.0271524097770452,1.401298464324817e-45,0.0177863556891679,,,,,,,,,,
1700479427742-2-1-4-9-2,Fear,Correct,Fear,-4,0.027571358,0.027571358,,,,,,0.0194590929895639,1.401298464324817e-45,0.0172509029507637,,,,,,,,,,
1700479427742-2-1-4-9-2,Fear,Correct,Fear,-3,0.028054496,0.028054496,,,,,,0.0214765705168247,1.401298464324817e-45,0.0168168544769287,,,,,,,,,,
1700479427742-2-1-4-9-2,Fear,Correct,Fear,-2,0.051523965,0.051523965,,,,,,0.0156670864671468,1.401298464324817e-45,0.0125508019700646,,,,,,,,,,
1700479427742-2-1-4-9-2,Fear,Correct,Fear,-1,0.21888724,0.21888724,,,,,,0.0186539515852928,1.401298464324817e-45,0.0129696214571595,,,,,,,,,,
1700479427742-2-1-4-9-2,Fear,Correct,Fear,0,0.58262694,0.58262694,,,,,,0.0244636125862598,1.401298464324817e-45,0.0160202216356992,,,,,,,,,,
1700479427742-2-1-4-9-2,Fear,Correct,Fear,1,0.6247515,0.6247515,,,,,,0.0284579433500766,1.401298464324817e-45,0.0182471256703138,,,,,,,,,,
1700479427742-2-1-4-9-2,Fear,Correct,Fear,2,0.53348684,0.53348684,,,,,,0.0312768667936325,1.401298464324817e-45,0.0252948049455881,,,,,,,,,,
1700479427742-2-1-4-9-2,Fear,Correct,Fear,3,0.5421093,0.5421093,,,,,,0.0333123803138732,1.401298464324817e-45,0.0299733951687812,,,,,,,,,,
1700479427742-2-1-4-9-2,Fear,Correct,Fear,4,0.6157268,0.6157268,,,,,,0.0403618030250072,1.401298464324817e-45,0.0331748165190219,,,,,,,,,,
1700479427742-2-1-4-9-2,Fear,Correct,Fear,5,0.6973555,0.6973555,,,,,,0.0403618030250072,1.401298464324817e-45,0.0331748165190219,,,,,,,,,,
1700479427742-2-1-4-9-2,Fear,Correct,Fear,6,0.7768861,0.7768861,,,,,,0.0448981672525405,1.401298464324817e-45,0.0404978655278682,,,,,,,,,,
1700479427742-2-1-4-9-2,Fear,Correct,Fear,7,0.82631886,0.82631886,,,,,,0.0411885343492031,1.401298464324817e-45,0.0372853949666023,,,,,,,,,,
1700479427742-2-1-4-9-2,Fear,Correct,Fear,8,0.85571337,0.85571337,,,,,,0.0454228036105632,1.401298464324817e-45,0.04166766628623,,,,,,,,,,
1700479452800-2-1-4-23-2,Fear,Correct,Fear,-8,0.28980026,0.28980026,,,,,,0.0628006607294082,1.401298464324817e-45,0.0833445191383361,,,,,,,,,,
1700479452800-2-1-4-23-2,Fear,Correct,Fear,-7,0.30491126,0.30491126,,,,,,0.0639937743544578,1.401298464324817e-45,0.0854396745562553,,,,,,,,,,
1700479452800-2-1-4-23-2,Fear,Correct,Fear,-6,0.32213607,0.32213607,,,,,,0.0701050236821174,1.401298464324817e-45,0.0869452133774757,,,,,,,,,,
1700479452800-2-1-4-23-2,Fear,Correct,Fear,-5,0.33480543,0.33480543,,,,,,0.0701050236821174,1.401298464324817e-45,0.0869452133774757,,,,,,,,,,
1700479452800-2-1-4-23-2,Fear,Correct,Fear,-4,0.34688395,0.34688395,,,,,,0.0741915628314018,1.401298464324817e-45,0.0880496278405189,,,,,,,,,,
1700479452800-2-1-4-23-2,Fear,Correct,Fear,-3,0.35134614,0.35134614,,,,,,0.0770058780908584,1.401298464324817e-45,0.0888744667172432,,,,,,,,,,
1700479452800-2-1-4-23-2,Fear,Correct,Fear,-2,0.35015744,0.35015744,,,,,,0.0789949148893356,1.401298464324817e-45,0.089500144124031,,,,,,,,,,
1700479452800-2-1-4-23-2,Fear,Correct,Fear,-1,0.34573334,0.34573334,,,,,,0.0768083408474922,1.401298464324817e-45,0.0824607759714126,,,,,,,,,,
1700479452800-2-1-4-23-2,Fear,Correct,Fear,0,0.5700856,0.5700856,,,,,,0.075112447142601,1.401298464324817e-45,0.0821702778339386,,,,,,,,,,
1700479452800-2-1-4-23-2,Fear,Correct,Fear,1,0.71274334,0.71274334,,,,,,0.075112447142601,1.401298464324817e-45,0.0821702778339386,,,,,,,,,,
1700479452800-2-1-4-23-2,Fear,Correct,Fear,2,0.87413,0.87413,,,,,,0.0701650157570838,1.401298464324817e-45,0.067553699016571,,,,,,,,,,
1700479452800-2-1-4-23-2,Fear,Correct,Fear,3,0.92893744,0.92893744,,,,,,0.0701650157570838,1.401298464324817e-45,0.067553699016571,,,,,,,,,,
1700479452800-2-1-4-23-2,Fear,Correct,Fear,4,0.9363108,0.9363108,,,,,,0.0672673881053924,1.401298464324817e-45,0.0638463497161865,,,,,,,,,,
1700479452800-2-1-4-23-2,Fear,Correct,Fear,5,0.9328877,0.9328877,,,,,,0.0719682797789573,1.401298464324817e-45,0.0639483705163002,,,,,,,,,,
1700479452800-2-1-4-23-2,Fear,Correct,Fear,6,0.9323659,0.9323659,,,,,,0.0683421641588211,1.401298464324817e-45,0.0613274350762367,,,,,,,,,,
1700479452800-2-1-4-23-2,Fear,Correct,Fear,7,0.9386411,0.9386411,,,,,,0.065720297396183,1.401298464324817e-45,0.059450164437294,,,,,,,,,,
1700479452800-2-1-4-23-2,Fear,Correct,Fear,8,0.9513468,0.9513468,,,,,,0.0637865960597992,1.401298464324817e-45,0.0580769628286361,,,,,,,,,,
1700567792669-2-8-2-3-2,Fear,Correct,Fear,-1,0.37655976,0.37655976,,,,,,0.1520500183105468,0.5959383249282837,0.1436326950788498,,,,,,,,,,
1700567792669-2-8-2-3-2,Fear,Correct,Fear,0,0.5832022,0.5832022,,,,,,0.1520500183105468,0.5959383249282837,0.1436326950788498,,,,,,,,,,
1700567792669-2-8-2-3-2,Fear,Correct,Fear,1,0.71677274,0.71677274,,,,,,0.1520500183105468,0.5959383249282837,0.1436326950788498,,,,,,,,,,
1700567792669-2-8-2-3-2,Fear,Correct,Fear,2,0.7945453,0.7945453,,,,,,0.1506260335445404,0.6187567710876465,0.1351047903299331,,,,,,,,,,
1700567792669-2-8-2-3-2,Fear,Correct,Fear,3,0.8446871,0.8446871,,,,,,0.1559998244047165,0.6673949360847473,0.1353069990873336,,,,,,,,,,
1700567792669-2-8-2-3-2,Fear,Correct,Fear,4,0.8779213,0.8779213,,,,,,0.1535605788230896,0.6560412645339966,0.1257496923208236,,,,,,,,,,
1700567792669-2-8-2-3-2,Fear,Correct,Fear,5,0.89954436,0.89954436,,,,,,0.1544231921434402,0.6864136457443237,0.1337575763463974,,,,,,,,,,
1700567792669-2-8-2-3-2,Fear,Correct,Fear,6,0.91424376,0.91424376,,,,,,0.1632961481809616,0.7001562714576721,0.1517587155103683,,,,,,,,,,
1700567792669-2-8-2-3-2,Fear,Correct,Fear,7,0.9211311,0.9211311,,,,,,0.1878832131624221,0.7262072563171387,0.1944235861301422,,,,,,,,,,
1700567792669-2-8-2-3-2,Fear,Correct,Fear,8,0.9250479,0.9250479,,,,,,0.2170182913541793,0.8185823559761047,0.2178687155246734,,,,,,,,,,
1700567799982-2-8-2-6-2,Fear,Correct,Fear,-2,0.26616952,0.26616952,,,,,,0.0335781499743461,0.4261273741722107,0.0181681439280509,,,,,,,,,,
1700567799982-2-8-2-6-2,Fear,Correct,Fear,-1,0.37263015,0.37263015,,,,,,0.0335781499743461,0.4261273741722107,0.0181681439280509,,,,,,,,,,
1700567799982-2-8-2-6-2,Fear,Correct,Fear,0,0.5062343,0.5062343,,,,,,0.0939774960279464,0.4561139643192291,0.0567827336490154,,,,,,,,,,
1700567799982-2-8-2-6-2,Fear,Correct,Fear,1,0.61761963,0.61761963,,,,,,0.0901090875267982,0.4204561710357666,0.0558865368366241,,,,,,,,,,
1700567799982-2-8-2-6-2,Fear,Correct,Fear,2,0.69389015,0.69389015,,,,,,0.0875529423356056,0.3459910154342651,0.0583916567265987,,,,,,,,,,
1700567799982-2-8-2-6-2,Fear,Correct,Fear,3,0.7500936,0.7500936,,,,,,0.0888773500919342,0.2592868208885193,0.0660594850778579,,,,,,,,,,
1700567799982-2-8-2-6-2,Fear,Correct,Fear,4,0.7899577,0.7899577,,,,,,0.0897359251976013,0.2669650912284851,0.0636025443673133,,,,,,,,,,
1700567799982-2-8-2-6-2,Fear,Correct,Fear,5,0.8218726,0.8218726,,,,,,0.0903112441301345,0.3307608962059021,0.061656218022108,,,,,,,,,,
1700567799982-2-8-2-6-2,Fear,Correct,Fear,6,0.85361296,0.85361296,,,,,,0.0961350128054618,0.4619562029838562,0.0676619261503219,,,,,,,,,,
1700567799982-2-8-2-6-2,Fear,Correct,Fear,7,0.88568336,0.88568336,,,,,,0.1118539422750473,0.6276116967201233,0.0835015401244163,,,,,,,,,,
1700567799982-2-8-2-6-2,Fear,Correct,Fear,8,0.90603757,0.90603757,,,,,,0.1316840648651123,0.7523646354675293,0.1065748259425163,,,,,,,,,,
1700567809324-2-8-2-10-2,Fear,Correct,Fear,-1,0.33689508,0.33689508,,,,,,0.292792946100235,0.1746786385774612,0.2642737329006195,,,,,,,,,,
1700567809324-2-8-2-10-2,Fear,Correct,Fear,0,0.44656622,0.44656622,,,,,,0.2543497681617737,0.051577478647232,0.2307653278112411,,,,,,,,,,
1700567809324-2-8-2-10-2,Fear,Correct,Fear,1,0.51513636,0.51513636,,,,,,0.2141913622617721,0.017462383955717,0.1997795701026916,,,,,,,,,,
1700567809324-2-8-2-10-2,Fear,Correct,Fear,2,0.5669585,0.5669585,,,,,,0.1660774648189544,0.0013516587205231,0.1771036833524704,,,,,,,,,,
1700567809324-2-8-2-10-2,Fear,Correct,Fear,3,0.60826457,0.60826457,,,,,,0.1553634256124496,0.0134832141920924,0.1758381426334381,,,,,,,,,,
1700567809324-2-8-2-10-2,Fear,Correct,Fear,4,0.64370286,0.64370286,,,,,,0.1448559314012527,0.0014248343650251,0.1673544943332672,,,,,,,,,,
1700567809324-2-8-2-10-2,Fear,Correct,Fear,5,0.67603594,0.67603594,,,,,,0.1403598636388778,0.0001765613415045,0.1578485518693924,,,,,,,,,,
1700567809324-2-8-2-10-2,Fear,Correct,Fear,6,0.70223683,0.70223683,,,,,,0.1236688941717147,2.5520894268993288e-05,0.1388294994831085,,,,,,,,,,
1700567809324-2-8-2-10-2,Fear,Correct,Fear,7,0.72431576,0.72431576,,,,,,0.1162646040320396,4.277871539670741e-06,0.1419144719839096,,,,,,,,,,
1700567809324-2-8-2-10-2,Fear,Correct,Fear,8,0.7411452,0.7411452,,,,,,0.1235290840268135,8.260872164100874e-07,0.1395637691020965,,,,,,,,,,
1700567911689-2-8-3-5-2,Fear,Correct,Fear,-7,0.20987822,0.20987822,,,,,,0.0391301847994327,0.0120336841791868,0.0364604070782661,,,,,,,,,,
1700567911689-2-8-3-5-2,Fear,Correct,Fear,-6,0.26299882,0.26299882,,,,,,0.0352577492594718,0.0133189316838979,0.0337521769106388,,,,,,,,,,
1700567911689-2-8-3-5-2,Fear,Correct,Fear,-5,0.3089977,0.3089977,,,,,,0.0366412810981273,0.0139832766726613,0.0353830493986606,,,,,,,,,,
1700567911689-2-8-3-5-2,Fear,Correct,Fear,-4,0.3553047,0.3553047,,,,,,0.0440109260380268,0.014341996051371,0.0397351346909999,,,,,,,,,,
1700567911689-2-8-3-5-2,Fear,Correct,Fear,-3,0.41178325,0.41178325,,,,,,0.0458560660481452,0.006427536252886,0.0538931265473365,,,,,,,,,,
1700567911689-2-8-3-5-2,Fear,Correct,Fear,-2,0.46617642,0.46617642,,,,,,0.0504413582384586,0.0030744716059416,0.056523747742176,,,,,,,,,,
1700567911689-2-8-3-5-2,Fear,Correct,Fear,-1,0.5523665,0.5523665,,,,,,0.1060286909341812,0.0321786627173423,0.1090849488973617,,,,,,,,,,
1700567911689-2-8-3-5-2,Fear,Correct,Fear,0,0.68478507,0.68478507,,,,,,0.210521399974823,0.3981267809867859,0.189905971288681,,,,,,,,,,
1700567911689-2-8-3-5-2,Fear,Correct,Fear,1,0.7516574,0.7516574,,,,,,0.3247478306293487,0.6469306349754333,0.3193374574184418,,,,,,,,,,
1700567911689-2-8-3-5-2,Fear,Correct,Fear,2,0.7516611,0.7516611,,,,,,0.4152531325817108,0.803572416305542,0.4275351762771606,,,,,,,,,,
1700567911689-2-8-3-5-2,Fear,Correct,Fear,3,0.7483299,0.7483299,,,,,,0.4716473221778869,0.833810567855835,0.4751050472259521,,,,,,,,,,
1700567911689-2-8-3-5-2,Fear,Correct,Fear,4,0.75088066,0.75088066,,,,,,0.5230445861816406,0.8079320788383484,0.4954928159713745,,,,,,,,,,
1700567911689-2-8-3-5-2,Fear,Correct,Fear,5,0.7546579,0.7546579,,,,,,0.5565088987350464,0.8230108618736267,0.5282655358314514,,,,,,,,,,
1700567911689-2-8-3-5-2,Fear,Correct,Fear,6,0.75395125,0.75395125,,,,,,0.5932363867759705,0.8078142404556274,0.577033519744873,,,,,,,,,,
1700567911689-2-8-3-5-2,Fear,Correct,Fear,7,0.75131416,0.75131416,,,,,,0.6229348182678223,0.8332553505897522,0.6102880239486694,,,,,,,,,,
1700567911689-2-8-3-5-2,Fear,Correct,Fear,8,0.74562335,0.74562335,,,,,,0.6429243683815002,0.8501028418540955,0.6094896197319031,,,,,,,,,,
1700567934618-2-8-3-16-2,Fear,Correct,Fear,-1,0.46616063,0.46616063,,,,,,0.4638921022415161,0.8505499958992004,0.4362386167049408,,,,,,,,,,
1700567934618-2-8-3-16-2,Fear,Correct,Fear,0,0.62112063,0.62112063,,,,,,0.4833762645721435,0.8352299332618713,0.4498819708824157,,,,,,,,,,
1700567934618-2-8-3-16-2,Fear,Correct,Fear,1,0.6883456,0.6883456,,,,,,0.4875728487968445,0.8346177935600281,0.449729174375534,,,,,,,,,,
1700567934618-2-8-3-16-2,Fear,Correct,Fear,2,0.72275865,0.72275865,,,,,,0.5156556963920593,0.8345886468887329,0.4768788814544678,,,,,,,,,,
1700567934618-2-8-3-16-2,Fear,Correct,Fear,3,0.73517716,0.73517716,,,,,,0.5705060362815857,0.8092445731163025,0.5392845869064331,,,,,,,,,,
1700567934618-2-8-3-16-2,Fear,Correct,Fear,4,0.73620045,0.73620045,,,,,,0.609451174736023,0.8223803639411926,0.580931544303894,,,,,,,,,,
1700567934618-2-8-3-16-2,Fear,Correct,Fear,5,0.7362753,0.7362753,,,,,,0.6608489751815796,0.8087921738624573,0.6333834528923035,,,,,,,,,,
1700567934618-2-8-3-16-2,Fear,Correct,Fear,6,0.732752,0.732752,,,,,,0.6970499753952026,0.8073034286499023,0.6895127892494202,,,,,,,,,,
1700567934618-2-8-3-16-2,Fear,Correct,Fear,7,0.729303,0.729303,,,,,,0.7167814373970032,0.8071132302284241,0.7225630879402161,,,,,,,,,,
1700567934618-2-8-3-16-2,Fear,Correct,Fear,8,0.7262335,0.7262335,,,,,,0.724196195602417,0.8070849776268005,0.726965069770813,,,,,,,,,,
1700567942412-2-8-3-20-2,Fear,Correct,Fear,-3,0.25093564,0.25093564,,,,,,0.0596599876880645,3.511937851641278e-09,0.0625599846243858,,,,,,,,,,
1700567942412-2-8-3-20-2,Fear,Correct,Fear,-2,0.34092125,0.34092125,,,,,,0.0641259253025055,1.1931335919257435e-09,0.0701803565025329,,,,,,,,,,
1700567942412-2-8-3-20-2,Fear,Correct,Fear,-1,0.45105243,0.45105243,,,,,,0.0785038098692894,0.1714284718036651,0.087663359940052,,,,,,,,,,
1700567942412-2-8-3-20-2,Fear,Correct,Fear,0,0.6185883,0.6185883,,,,,,0.1627385765314102,0.6421607732772827,0.1491481959819793,,,,,,,,,,
1700567942412-2-8-3-20-2,Fear,Correct,Fear,1,0.7245505,0.7245505,,,,,,0.2346439510583877,0.7819796204566956,0.2295519709587097,,,,,,,,,,
1700567942412-2-8-3-20-2,Fear,Correct,Fear,2,0.75922406,0.75922406,,,,,,0.3071403801441192,0.7849920988082886,0.2970773577690124,,,,,,,,,,
1700567942412-2-8-3-20-2,Fear,Correct,Fear,3,0.7701937,0.7701937,,,,,,0.4310715794563293,0.7584761381149292,0.4425088465213775,,,,,,,,,,
1700567942412-2-8-3-20-2,Fear,Correct,Fear,4,0.7637236,0.7637236,,,,,,0.5821245908737183,0.7947257161140442,0.5940026640892029,,,,,,,,,,
1700567942412-2-8-3-20-2,Fear,Correct,Fear,5,0.7533908,0.7533908,,,,,,0.6990235447883606,0.8065652847290039,0.6921901702880859,,,,,,,,,,
1700567942412-2-8-3-20-2,Fear,Correct,Fear,6,0.7380818,0.7380818,,,,,,0.7529926896095276,0.7966177463531494,0.7426139116287231,,,,,,,,,,
1700567942412-2-8-3-20-2,Fear,Correct,Fear,7,0.7150611,0.7150611,,,,,,0.7856335043907166,0.785818874835968,0.7831596732139587,,,,,,,,,,
1700567942412-2-8-3-20-2,Fear,Correct,Fear,8,0.6944197,0.6944197,,,,,,0.8012993335723877,0.7953332662582397,0.7845324873924255,,,,,,,,,,
1700568090919-2-8-4-9-2,Fear,Correct,Fear,-8,0.26963827,0.26963827,,,,,,7.588354037579847e-06,0.0009887230116873,2.5801032421668424e-08,,,,,,,,,,
1700568090919-2-8-4-9-2,Fear,Correct,Fear,-7,0.2884874,0.2884874,,,,,,6.274016413954087e-06,0.0006389407208189,2.133302423601436e-08,,,,,,,,,,
1700568090919-2-8-4-9-2,Fear,Correct,Fear,-6,0.31458867,0.31458867,,,,,,5.18736123922281e-06,0.0004189281316939,1.763873846982733e-08,,,,,,,,,,
1700568090919-2-8-4-9-2,Fear,Correct,Fear,-5,0.34363157,0.34363157,,,,,,4.288923719286686e-06,0.0002780283684842,1.4584150775931448e-08,,,,,,,,,,
1700568090919-2-8-4-9-2,Fear,Correct,Fear,-4,0.3834706,0.3834706,,,,,,0.0076545956544578,0.0001864022342488,0.0036897414829581,,,,,,,,,,
1700568090919-2-8-4-9-2,Fear,Correct,Fear,-3,0.44559827,0.44559827,,,,,,0.0195048972964286,0.0178000479936599,0.010015657171607,,,,,,,,,,
1700568090919-2-8-4-9-2,Fear,Correct,Fear,-2,0.51502,0.51502,,,,,,0.0267587080597877,0.1248104944825172,0.0208138283342123,,,,,,,,,,
1700568090919-2-8-4-9-2,Fear,Correct,Fear,-1,0.6234513,0.6234513,,,,,,0.0496818497776985,0.2601452469825744,0.0376504957675933,,,,,,,,,,
1700568090919-2-8-4-9-2,Fear,Correct,Fear,0,0.75896674,0.75896674,,,,,,0.1102752387523651,0.5729753375053406,0.0900030732154846,,,,,,,,,,
1700568090919-2-8-4-9-2,Fear,Correct,Fear,1,0.8396058,0.8396058,,,,,,0.2019234448671341,0.791282057762146,0.1873171329498291,,,,,,,,,,
1700568090919-2-8-4-9-2,Fear,Correct,Fear,2,0.8378902,0.8378902,,,,,,0.2932048439979553,0.7959519624710083,0.2897095084190368,,,,,,,,,,
1700568090919-2-8-4-9-2,Fear,Correct,Fear,3,0.7837096,0.7837096,,,,,,0.522786557674408,0.7960719466209412,0.5376281142234802,,,,,,,,,,
1700568090919-2-8-4-9-2,Fear,Correct,Fear,4,0.73244655,0.73244655,,,,,,0.6683487892150879,0.8066816329956055,0.6713348627090454,,,,,,,,,,
1700568090919-2-8-4-9-2,Fear,Correct,Fear,5,0.69814646,0.69814646,,,,,,0.792905867099762,0.7966660857200623,0.7705471515655518,,,,,,,,,,
1700568090919-2-8-4-9-2,Fear,Correct,Fear,6,0.67559314,0.67559314,,,,,,0.8250324130058289,0.8220524191856384,0.8113952279090881,,,,,,,,,,
1700568090919-2-8-4-9-2,Fear,Correct,Fear,7,0.65972906,0.65972906,,,,,,0.8250324130058289,0.8220524191856384,0.8113952279090881,,,,,,,,,,
1700568090919-2-8-4-9-2,Fear,Correct,Fear,8,0.64909405,0.64909405,,,,,,0.8320833444595337,0.8234800696372986,0.820382297039032,,,,,,,,,,
1700568103657-2-8-4-16-2,Fear,Correct,Fear,-8,0.35212675,0.35212675,,,,,,0.0002214110718341,4.632698474241626e-15,0.000352130678948,,,,,,,,,,
1700568103657-2-8-4-16-2,Fear,Correct,Fear,-7,0.4039445,0.4039445,,,,,,0.0001737700949888,1.7313781193516262e-15,0.0002798468631226,,,,,,,,,,
1700568103657-2-8-4-16-2,Fear,Correct,Fear,-6,0.45636716,0.45636716,,,,,,0.0001375902065774,7.043608881407133e-16,0.0002239065506728,,,,,,,,,,
1700568103657-2-8-4-16-2,Fear,Correct,Fear,-5,0.49779356,0.49779356,,,,,,0.0001097480708267,3.091818488243965e-16,0.0001801562611944,,,,,,,,,,
1700568103657-2-8-4-16-2,Fear,Correct,Fear,-4,0.5384125,0.5384125,,,,,,8.807834092294797e-05,1.4520078333338612e-16,0.0001456324680475,,,,,,,,,,
1700568103657-2-8-4-16-2,Fear,Correct,Fear,-3,0.592027,0.592027,,,,,,0.0166073776781559,0.134326696395874,9.621436038287356e-05,,,,,,,,,,
1700568103657-2-8-4-16-2,Fear,Correct,Fear,-2,0.625673,0.625673,,,,,,0.0166073776781559,0.134326696395874,9.621436038287356e-05,,,,,,,,,,
1700568103657-2-8-4-16-2,Fear,Correct,Fear,-1,0.6649308,0.6649308,,,,,,0.0296031255275011,0.2338138967752456,0.0075182383880019,,,,,,,,,,
1700568103657-2-8-4-16-2,Fear,Correct,Fear,0,0.74277997,0.74277997,,,,,,0.089290089905262,0.6022608280181885,0.0482598729431629,,,,,,,,,,
1700568103657-2-8-4-16-2,Fear,Correct,Fear,1,0.787538,0.787538,,,,,,0.186636283993721,0.7537229657173157,0.1533800214529037,,,,,,,,,,
1700568103657-2-8-4-16-2,Fear,Correct,Fear,2,0.7990931,0.7990931,,,,,,0.186636283993721,0.7537229657173157,0.1533800214529037,,,,,,,,,,
1700568103657-2-8-4-16-2,Fear,Correct,Fear,3,0.76381725,0.76381725,,,,,,0.3777766525745392,0.757450520992279,0.3629366457462311,,,,,,,,,,
1700568103657-2-8-4-16-2,Fear,Correct,Fear,4,0.68281335,0.68281335,,,,,,0.7152330279350281,0.7844043970108032,0.7080516219139099,,,,,,,,,,
1700568103657-2-8-4-16-2,Fear,Correct,Fear,5,0.6538438,0.6538438,,,,,,0.7152330279350281,0.7844043970108032,0.7080516219139099,,,,,,,,,,
1700568103657-2-8-4-16-2,Fear,Correct,Fear,6,0.6426987,0.6426987,,,,,,0.7855328917503357,0.7954795360565186,0.7767196893692017,,,,,,,,,,
1700568103657-2-8-4-16-2,Fear,Correct,Fear,7,0.63545144,0.63545144,,,,,,0.7855328917503357,0.7954795360565186,0.7767196893692017,,,,,,,,,,
1700568103657-2-8-4-16-2,Fear,Correct,Fear,8,0.62195677,0.62195677,,,,,,0.801707923412323,0.7857771515846252,0.7912595868110657,,,,,,,,,,
1700568116382-2-8-4-23-2,Fear,Correct,Fear,-3,0.2383274,0.2383274,,,,,,0.037389051169157,2.956067958858867e-16,0.0301234982907772,,,,,,,,,,
1700568116382-2-8-4-23-2,Fear,Correct,Fear,-2,0.33131307,0.33131307,,,,,,0.0533078350126743,1.3378377182113321e-16,0.0414993986487388,,,,,,,,,,
1700568116382-2-8-4-23-2,Fear,Correct,Fear,-1,0.4373724,0.4373724,,,,,,0.093812808394432,0.0310949869453907,0.0894182920455932,,,,,,,,,,
1700568116382-2-8-4-23-2,Fear,Correct,Fear,0,0.613495,0.613495,,,,,,0.2836976647377014,0.5682463645935059,0.2169192135334015,,,,,,,,,,
1700568116382-2-8-4-23-2,Fear,Correct,Fear,1,0.6712695,0.6712695,,,,,,0.547342836856842,0.6994332075119019,0.526656448841095,,,,,,,,,,
1700568116382-2-8-4-23-2,Fear,Correct,Fear,2,0.66695786,0.66695786,,,,,,0.6640474200248718,0.766863226890564,0.6467968225479126,,,,,,,,,,
1700568116382-2-8-4-23-2,Fear,Correct,Fear,3,0.65785944,0.65785944,,,,,,0.7391703724861145,0.8059772253036499,0.722547709941864,,,,,,,,,,
1700568116382-2-8-4-23-2,Fear,Correct,Fear,4,0.6486511,0.6486511,,,,,,0.7840381860733032,0.8230264782905579,0.7719886898994446,,,,,,,,,,
1700568116382-2-8-4-23-2,Fear,Correct,Fear,5,0.63868934,0.63868934,,,,,,0.8144775032997131,0.8501005172729492,0.7989943027496338,,,,,,,,,,
1700568116382-2-8-4-23-2,Fear,Correct,Fear,6,0.6284032,0.6284032,,,,,,0.8211873173713684,0.8510497808456421,0.8049503564834595,,,,,,,,,,
1700568116382-2-8-4-23-2,Fear,Correct,Fear,7,0.62077874,0.62077874,,,,,,0.8427289724349976,0.8510895371437073,0.8064435124397278,,,,,,,,,,
1700568116382-2-8-4-23-2,Fear,Correct,Fear,8,0.60253346,0.60253346,,,,,,0.8484504222869873,0.8510915637016296,0.8180793523788452,,,,,,,,,,
1700568119916-2-8-4-25-2,Fear,Correct,Fear,-6,0.20793952,0.20793952,,,,,,0.024193812161684,1.408125960283239e-26,0.0291850995272398,,,,,,,,,,
1700568119916-2-8-4-25-2,Fear,Correct,Fear,-5,0.2472105,0.2472105,,,,,,0.0284183043986558,9.923769268951244e-27,0.0320669449865818,,,,,,,,,,
1700568119916-2-8-4-25-2,Fear,Correct,Fear,-4,0.2799755,0.2799755,,,,,,0.0352424792945385,6.993812755584075e-27,0.0376760140061378,,,,,,,,,,
1700568119916-2-8-4-25-2,Fear,Correct,Fear,-3,0.3363558,0.3363558,,,,,,0.0568826720118522,3.4736858256385496e-27,0.0674391463398933,,,,,,,,,,
1700568119916-2-8-4-25-2,Fear,Correct,Fear,-2,0.42823565,0.42823565,,,,,,0.069535881280899,0.0088354796171188,0.0994787439703941,,,,,,,,,,
1700568119916-2-8-4-25-2,Fear,Correct,Fear,-1,0.59289664,0.59289664,,,,,,0.107294000685215,0.2770009934902191,0.1278363615274429,,,,,,,,,,
1700568119916-2-8-4-25-2,Fear,Correct,Fear,0,0.7687552,0.7687552,,,,,,0.2352779805660247,0.7805516719818115,0.2313553094863891,,,,,,,,,,
1700568119916-2-8-4-25-2,Fear,Correct,Fear,1,0.819951,0.819951,,,,,,0.2999863922595978,0.8602564334869385,0.2978360950946808,,,,,,,,,,
1700568119916-2-8-4-25-2,Fear,Correct,Fear,2,0.8409858,0.8409858,,,,,,0.2999863922595978,0.8602564334869385,0.2978360950946808,,,,,,,,,,
1700568119916-2-8-4-25-2,Fear,Correct,Fear,3,0.8454099,0.8454099,,,,,,0.3682298958301544,0.8781180381774902,0.3669901192188263,,,,,,,,,,
1700568119916-2-8-4-25-2,Fear,Correct,Fear,4,0.8527785,0.8527785,,,,,,0.3682298958301544,0.8781180381774902,0.3669901192188263,,,,,,,,,,
1700568119916-2-8-4-25-2,Fear,Correct,Fear,5,0.84605384,0.84605384,,,,,,0.4763010144233703,0.8361075520515442,0.4755024015903473,,,,,,,,,,
1700568119916-2-8-4-25-2,Fear,Correct,Fear,6,0.82674515,0.82674515,,,,,,0.5542199611663818,0.834650456905365,0.5450298190116882,,,,,,,,,,
1700568119916-2-8-4-25-2,Fear,Correct,Fear,7,0.7971047,0.7971047,,,,,,0.6370564103126526,0.8241589069366455,0.6436779499053955,,,,,,,,,,
1700568119916-2-8-4-25-2,Fear,Correct,Fear,8,0.76158243,0.76158243,,,,,,0.7388669848442078,0.8600852489471436,0.7401856184005737,,,,,,,,,,
1700577738960-2-10-2-3-2,Fear,Correct,Fear,-8,0.07632264,0.07632264,,,,,,0.0004338876460678,4.821379637220437e-14,0.0004907437833026,,,,,,,,,,
1700577738960-2-10-2-3-2,Fear,Correct,Fear,-7,0.053083975,0.053083975,,,,,,0.0003372374048922,1.1427560354698892e-14,0.0003922754840459,,,,,,,,,,
1700577738960-2-10-2-3-2,Fear,Correct,Fear,-6,0.037656777,0.037656777,,,,,,0.0041746059432625,3.0602432175526936e-15,0.0003153793804813,,,,,,,,,,
1700577738960-2-10-2-3-2,Fear,Correct,Fear,-5,0.029218536,0.029218536,,,,,,0.0239224899560213,0.0145793193951249,0.0086732199415564,,,,,,,,,,
1700577738960-2-10-2-3-2,Fear,Correct,Fear,-4,0.025559468,0.025559468,,,,,,0.0503964126110076,0.0641570538282394,0.026988860219717,,,,,,,,,,
1700577738960-2-10-2-3-2,Fear,Correct,Fear,-3,0.027435744,0.027435744,,,,,,0.0702631026506424,0.2781468331813812,0.0754707083106041,,,,,,,,,,
1700577738960-2-10-2-3-2,Fear,Correct,Fear,-2,0.03384743,0.03384743,,,,,,0.1028856858611106,0.2642491459846496,0.1352684795856475,,,,,,,,,,
1700577738960-2-10-2-3-2,Fear,Correct,Fear,-1,0.11692261,0.11692261,,,,,,0.1458909809589386,0.4334541261196136,0.2398839443922042,,,,,,,,,,
1700577738960-2-10-2-3-2,Fear,Correct,Fear,0,0.4662018,0.4662018,,,,,,0.2395967692136764,0.4402598440647125,0.3427614271640777,,,,,,,,,,
1700577738960-2-10-2-3-2,Fear,Correct,Fear,1,0.5574041,0.5574041,,,,,,0.3194529414176941,0.3378608822822571,0.4031668603420257,,,,,,,,,,
1700577738960-2-10-2-3-2,Fear,Correct,Fear,2,0.46185973,0.46185973,,,,,,0.3631985783576965,0.3269058465957641,0.4353183507919311,,,,,,,,,,
1700577738960-2-10-2-3-2,Fear,Correct,Fear,3,0.3549043,0.3549043,,,,,,0.4040976762771606,0.3255374729633331,0.4757167994976043,,,,,,,,,,
1700577738960-2-10-2-3-2,Fear,Correct,Fear,4,0.25186417,0.25186417,,,,,,0.3780229091644287,0.2034419924020767,0.4398415386676788,,,,,,,,,,
1700577738960-2-10-2-3-2,Fear,Correct,Fear,5,0.2067759,0.2067759,,,,,,0.3498629331588745,0.086219698190689,0.4201672673225403,,,,,,,,,,
1700577738960-2-10-2-3-2,Fear,Correct,Fear,6,0.18898852,0.18898852,,,,,,0.3324610888957977,0.0050841113552451,0.4019635617733001,,,,,,,,,,
1700577738960-2-10-2-3-2,Fear,Correct,Fear,7,0.19278151,0.19278151,,,,,,0.3005335330963135,0.0003563338250387,0.3885457217693329,,,,,,,,,,
1700577738960-2-10-2-3-2,Fear,Correct,Fear,8,0.21074669,0.21074669,,,,,,0.2544392645359039,2.9589642508653924e-05,0.3698561191558838,,,,,,,,,,
1700577756759-2-10-2-10-2,Fear,Correct,Fear,-6,0.19626135,0.19626135,,,,,,0.0021454198285937,0.3299292922019958,0.0015077627031132,,,,,,,,,,
1700577756759-2-10-2-10-2,Fear,Correct,Fear,-5,0.18296625,0.18296625,,,,,,0.0145815452560782,0.4536849558353424,0.0081580644473433,,,,,,,,,,
1700577756759-2-10-2-10-2,Fear,Correct,Fear,-4,0.15887666,0.15887666,,,,,,0.1032347753643989,0.5528973937034607,0.109439417719841,,,,,,,,,,
1700577756759-2-10-2-10-2,Fear,Correct,Fear,-3,0.17160814,0.17160814,,,,,,0.1991681158542633,0.595234215259552,0.2256025075912475,,,,,,,,,,
1700577756759-2-10-2-10-2,Fear,Correct,Fear,-2,0.17620328,0.17620328,,,,,,0.1991681158542633,0.595234215259552,0.2256025075912475,,,,,,,,,,
1700577756759-2-10-2-10-2,Fear,Correct,Fear,-1,0.26196772,0.26196772,,,,,,0.3851079046726227,0.6216957569122314,0.4208432137966156,,,,,,,,,,
1700577756759-2-10-2-10-2,Fear,Correct,Fear,0,0.37484485,0.37484485,,,,,,0.4330375790596008,0.6004545092582703,0.4824788570404053,,,,,,,,,,
1700577756759-2-10-2-10-2,Fear,Correct,Fear,1,0.45944282,0.45944282,,,,,,0.4539293944835663,0.5841759443283081,0.4901128113269806,,,,,,,,,,
1700577756759-2-10-2-10-2,Fear,Correct,Fear,2,0.5083216,0.5083216,,,,,,0.4423062205314636,0.5730648040771484,0.4996921420097351,,,,,,,,,,
1700577756759-2-10-2-10-2,Fear,Correct,Fear,3,0.5301189,0.5301189,,,,,,0.4381667375564575,0.5540393590927124,0.486206442117691,,,,,,,,,,
1700577756759-2-10-2-10-2,Fear,Correct,Fear,4,0.5357352,0.5357352,,,,,,0.4381667375564575,0.5540393590927124,0.486206442117691,,,,,,,,,,
1700577756759-2-10-2-10-2,Fear,Correct,Fear,5,0.5291503,0.5291503,,,,,,0.4075461626052856,0.5199939608573914,0.4527102410793304,,,,,,,,,,
1700577756759-2-10-2-10-2,Fear,Correct,Fear,6,0.5036115,0.5036115,,,,,,0.3839413225650787,0.4221871793270111,0.4383991658687591,,,,,,,,,,
1700577756759-2-10-2-10-2,Fear,Correct,Fear,7,0.49303478,0.49303478,,,,,,0.3207719922065735,0.350911021232605,0.3799204230308532,,,,,,,,,,
1700577756759-2-10-2-10-2,Fear,Correct,Fear,8,0.48444483,0.48444483,,,,,,0.3200542628765106,0.4182808399200439,0.3912871778011322,,,,,,,,,,
1700577849695-2-10-3-5-2,Fear,Incorrect,Happiness,-8,0.0004202136,0.99908197,,,,,,0.1009297892451286,0.1051521822810173,0.0679462850093841,,,,,,,,,,
1700577849695-2-10-3-5-2,Fear,Incorrect,Happiness,-7,0.0006928479,0.99866056,,,,,,0.0977920889854431,0.0954793989658355,0.0672192350029945,,,,,,,,,,
1700577849695-2-10-3-5-2,Fear,Incorrect,Happiness,-6,0.00095276465,0.99825984,,,,,,0.1023154854774475,0.1087726205587387,0.070988617837429,,,,,,,,,,
1700577849695-2-10-3-5-2,Fear,Incorrect,Happiness,-5,0.0012702141,0.99777114,,,,,,0.0986095443367958,0.083832249045372,0.0698073357343673,,,,,,,,,,
1700577849695-2-10-3-5-2,Fear,Incorrect,Happiness,-4,0.0016810686,0.9971232,,,,,,0.0840617716312408,0.0748866572976112,0.0603667646646499,,,,,,,,,,
1700577849695-2-10-3-5-2,Fear,Incorrect,Happiness,-3,0.0024061848,0.9959692,,,,,,0.0840617716312408,0.0748866572976112,0.0603667646646499,,,,,,,,,,
1700577849695-2-10-3-5-2,Fear,Incorrect,Happiness,-2,0.0036261727,0.9941803,,,,,,0.0800414457917213,0.1032166853547096,0.0557625256478786,,,,,,,,,,
1700577849695-2-10-3-5-2,Fear,Incorrect,Happiness,-1,0.004838709,0.992459,,,,,,0.0810368135571479,0.0703304931521415,0.0553126707673072,,,,,,,,,,
1700577849695-2-10-3-5-2,Fear,Incorrect,Happiness,0,0.006059607,0.9908187,,,,,,0.0818271711468696,0.0612810626626014,0.0573027953505516,,,,,,,,,,
1700577849695-2-10-3-5-2,Fear,Incorrect,Happiness,1,0.0069531812,0.98961675,,,,,,0.0853953585028648,0.0733405575156211,0.0588009394705295,,,,,,,,,,
1700577849695-2-10-3-5-2,Fear,Incorrect,Happiness,2,0.008021145,0.9882804,,,,,,0.0853645727038383,0.0879597812891006,0.0577138550579547,,,,,,,,,,
1700577849695-2-10-3-5-2,Fear,Incorrect,Happiness,3,0.009238974,0.98676205,,,,,,0.0853391289710998,0.0766675919294357,0.0591107942163944,,,,,,,,,,
1700577849695-2-10-3-5-2,Fear,Incorrect,Happiness,4,0.00930071,0.986571,,,,,,0.0766839683055877,0.0635863840579986,0.054838266223669,,,,,,,,,,
1700577880261-2-10-3-20-2,Fear,Correct,Fear,-8,0.108262524,0.108262524,,,,,,0.0242340210825204,0.3196696937084198,0.0336652994155883,,,,,,,,,,
1700577880261-2-10-3-20-2,Fear,Correct,Fear,-7,0.092799254,0.092799254,,,,,,0.0250624697655439,0.3168010711669922,0.031820885837078,,,,,,,,,,
1700577880261-2-10-3-20-2,Fear,Correct,Fear,-6,0.08132247,0.08132247,,,,,,0.0284355916082859,0.3325930833816528,0.0340069197118282,,,,,,,,,,
1700577880261-2-10-3-20-2,Fear,Correct,Fear,-5,0.0730145,0.0730145,,,,,,0.0284997317939996,0.3880153298377991,0.0356915332376956,,,,,,,,,,
1700577880261-2-10-3-20-2,Fear,Correct,Fear,-4,0.06706368,0.06706368,,,,,,0.0285508837550878,0.3727787733078003,0.0370042994618415,,,,,,,,,,
1700577880261-2-10-3-20-2,Fear,Correct,Fear,-3,0.060377978,0.060377978,,,,,,0.0285919196903705,0.3293231427669525,0.0343359224498271,,,,,,,,,,
1700577880261-2-10-3-20-2,Fear,Correct,Fear,-2,0.06967736,0.06967736,,,,,,0.0370685011148452,0.4539728462696075,0.0359771475195884,,,,,,,,,,
1700577880261-2-10-3-20-2,Fear,Correct,Fear,-1,0.15097433,0.15097433,,,,,,0.0471942275762558,0.4099016189575195,0.0444927178323268,,,,,,,,,,
1700577880261-2-10-3-20-2,Fear,Correct,Fear,0,0.30689254,0.30689254,,,,,,0.0459275394678115,0.2870631515979767,0.0441207066178321,,,,,,,,,,
1700577880261-2-10-3-20-2,Fear,Correct,Fear,1,0.4307938,0.4307938,,,,,,0.044890284538269,0.2960471510887146,0.0438138432800769,,,,,,,,,,
1700577880261-2-10-3-20-2,Fear,Correct,Fear,2,0.5681338,0.5681338,,,,,,0.0595884174108505,0.3477109372615814,0.07146817445755,,,,,,,,,,
1700577880261-2-10-3-20-2,Fear,Correct,Fear,3,0.6901017,0.6901017,,,,,,0.0963145419955253,0.3091960847377777,0.1274940818548202,,,,,,,,,,
1700577880261-2-10-3-20-2,Fear,Correct,Fear,4,0.7565649,0.7565649,,,,,,0.1081022471189498,0.3164051473140716,0.1361102759838104,,,,,,,,,,
1700577880261-2-10-3-20-2,Fear,Correct,Fear,5,0.8098896,0.8098896,,,,,,0.1460953056812286,0.3030791282653808,0.1980235278606414,,,,,,,,,,
1700577880261-2-10-3-20-2,Fear,Correct,Fear,6,0.83124846,0.83124846,,,,,,0.2075266987085342,0.3112959861755371,0.2887425124645233,,,,,,,,,,
1700577880261-2-10-3-20-2,Fear,Correct,Fear,7,0.8221922,0.8221922,,,,,,0.2142142355442047,0.3022384941577911,0.3062332570552826,,,,,,,,,,
1700577880261-2-10-3-20-2,Fear,Correct,Fear,8,0.7937042,0.7937042,,,,,,0.2394202053546905,0.3367370367050171,0.3371264338493347,,,,,,,,,,
1700578022517-2-10-4-9-2,Fear,Correct,Fear,-8,0.01963045,0.01963045,,,,,,0.0027768549043685,0.1912634968757629,0.0028804810717701,,,,,,,,,,
1700578022517-2-10-4-9-2,Fear,Correct,Fear,-7,0.017068135,0.017068135,,,,,,0.0022205251734703,0.2328062504529953,0.0023084075655788,,,,,,,,,,
1700578022517-2-10-4-9-2,Fear,Correct,Fear,-6,0.015814355,0.015814355,,,,,,0.0017858220962807,0.2365411520004272,0.001859861658886,,,,,,,,,,
1700578022517-2-10-4-9-2,Fear,Correct,Fear,-5,0.018917117,0.018917117,,,,,,0.0011706665391102,0.2612609565258026,0.0012225591344758,,,,,,,,,,
1700578022517-2-10-4-9-2,Fear,Correct,Fear,-4,0.022555262,0.022555262,,,,,,0.0011706665391102,0.2612609565258026,0.0012225591344758,,,,,,,,,,
1700578022517-2-10-4-9-2,Fear,Correct,Fear,-3,0.042121056,0.042121056,,,,,,0.0009528103983029,0.2601512372493744,0.0009960759198293,,,,,,,,,,
1700578022517-2-10-4-9-2,Fear,Correct,Fear,-2,0.089707054,0.089707054,,,,,,0.0007775939884595,0.2409022152423858,0.000813600665424,,,,,,,,,,
1700578022517-2-10-4-9-2,Fear,Correct,Fear,-1,0.19731791,0.19731791,,,,,,0.0007775939884595,0.2409022152423858,0.000813600665424,,,,,,,,,,
1700578022517-2-10-4-9-2,Fear,Correct,Fear,0,0.95023876,0.95023876,,,,,,0.0040798564441502,0.3048703372478485,0.0005460553220473,,,,,,,,,,
1700578022517-2-10-4-9-2,Fear,Correct,Fear,1,0.98652434,0.98652434,,,,,,0.0101939998567104,0.3026362061500549,0.0079306783154606,,,,,,,,,,
1700578022517-2-10-4-9-2,Fear,Correct,Fear,2,0.98909587,0.98909587,,,,,,0.014331447891891,0.3213645219802856,0.009474279358983,,,,,,,,,,
1700578022517-2-10-4-9-2,Fear,Correct,Fear,3,0.9885816,0.9885816,,,,,,0.0144329024478793,0.3590009212493896,0.0074814702384173,,,,,,,,,,
1700578022517-2-10-4-9-2,Fear,Correct,Fear,4,0.9878742,0.9878742,,,,,,0.0145129030570387,0.3532386720180511,0.0059541910886764,,,,,,,,,,
1700578022517-2-10-4-9-2,Fear,Correct,Fear,5,0.98723096,0.98723096,,,,,,0.0145764769986271,0.334125280380249,0.0047696242108941,,,,,,,,,,
1700578022517-2-10-4-9-2,Fear,Correct,Fear,6,0.9864688,0.9864688,,,,,,0.0146273272112011,0.324658066034317,0.0038414462469518,,,,,,,,,,
1700578035450-2-10-4-16-2,Fear,Correct,Fear,-5,0.18304798,0.18304798,,,,,,4.941403286551349e-09,0.4276801943778991,2.584686686901705e-09,,,,,,,,,,
1700578035450-2-10-4-16-2,Fear,Correct,Fear,-4,0.20797433,0.20797433,,,,,,4.085676685861017e-09,0.4724189341068268,2.137084065267913e-09,,,,,,,,,,
1700578035450-2-10-4-16-2,Fear,Correct,Fear,-3,0.22977597,0.22977597,,,,,,0.00368970236741,0.4449003338813782,0.0036897009704262,,,,,,,,,,
1700578035450-2-10-4-16-2,Fear,Correct,Fear,-2,0.27596632,0.27596632,,,,,,0.0869010388851165,0.4705316424369812,0.1090323328971862,,,,,,,,,,
1700578035450-2-10-4-16-2,Fear,Correct,Fear,-1,0.38685712,0.38685712,,,,,,0.166614294052124,0.518974781036377,0.1824807822704315,,,,,,,,,,
1700578035450-2-10-4-16-2,Fear,Correct,Fear,0,0.5242534,0.5242534,,,,,,0.1571553498506546,0.5381247401237488,0.1935409158468246,,,,,,,,,,
1700578035450-2-10-4-16-2,Fear,Correct,Fear,1,0.6042797,0.6042797,,,,,,0.1414498090744018,0.4841691255569458,0.1744047105312347,,,,,,,,,,
1700578035450-2-10-4-16-2,Fear,Correct,Fear,2,0.68090945,0.68090945,,,,,,0.1288588494062423,0.4208352267742157,0.1601546853780746,,,,,,,,,,
1700578035450-2-10-4-16-2,Fear,Correct,Fear,3,0.7271008,0.7271008,,,,,,0.1515266746282577,0.3777690231800079,0.2066181749105453,,,,,,,,,,
1700578035450-2-10-4-16-2,Fear,Correct,Fear,4,0.74338734,0.74338734,,,,,,0.1497314721345901,0.404387503862381,0.2044402211904525,,,,,,,,,,
1700578035450-2-10-4-16-2,Fear,Correct,Fear,5,0.7440482,0.7440482,,,,,,0.1663512289524078,0.4534743130207062,0.2229559123516082,,,,,,,,,,
1700578035450-2-10-4-16-2,Fear,Correct,Fear,6,0.73252237,0.73252237,,,,,,0.1634089350700378,0.4597916007041931,0.2188577651977539,,,,,,,,,,
1700578035450-2-10-4-16-2,Fear,Correct,Fear,7,0.73066866,0.73066866,,,,,,0.1544349044561386,0.5478188991546631,0.2096235454082489,,,,,,,,,,
1700578035450-2-10-4-16-2,Fear,Correct,Fear,8,0.72648644,0.72648644,,,,,,0.1428069919347763,0.5039941072463989,0.192292720079422,,,,,,,,,,
1700578047686-2-10-4-23-2,Fear,Incorrect,Neutral,-8,0.041989688,0.94477636,,,,,,0.0012836308451369,0.3483605980873108,0.0006601879140362,,,,,,,,,,
1700578047686-2-10-4-23-2,Fear,Incorrect,Neutral,-7,0.039321925,0.95044386,,,,,,0.001049461425282,0.4464240968227386,0.0005436423816718,,,,,,,,,,
1700578047686-2-10-4-23-2,Fear,Incorrect,Neutral,-6,0.036543757,0.95524913,,,,,,0.0043895291164517,0.3552678227424621,0.0004479869676288,,,,,,,,,,
1700578047686-2-10-4-23-2,Fear,Incorrect,Neutral,-5,0.035088215,0.95790297,,,,,,0.010412398725748,0.3562221527099609,0.0079247346147894,,,,,,,,,,
1700578047686-2-10-4-23-2,Fear,Incorrect,Neutral,-4,0.03507169,0.95853156,,,,,,0.0144895184785127,0.3419334292411804,0.0094869276508688,,,,,,,,,,
1700578047686-2-10-4-23-2,Fear,Incorrect,Neutral,-3,0.06463441,0.9263694,,,,,,0.0111721642315387,0.3518715798854828,0.0075117647647857,,,,,,,,,,
1700578047686-2-10-4-23-2,Fear,Incorrect,Neutral,-2,0.13694029,0.84726894,,,,,,0.0087161846458911,0.2400916665792465,0.0059918146580457,,,,,,,,,,
1700578047686-2-10-4-23-2,Fear,Incorrect,Neutral,-1,0.26272324,0.7100116,,,,,,0.0068671870976686,0.1278181076049804,0.0048087793402373,,,,,,,,,,
1700578047686-2-10-4-23-2,Fear,Incorrect,Neutral,0,0.43524376,0.52274066,,,,,,0.005454936530441,0.1943791210651397,0.0038790414109826,,,,,,,,,,
1700578047686-2-10-4-23-2,Fear,Incorrect,Neutral,1,0.57354033,0.37120488,,,,,,0.0043627880513668,0.3075266480445862,0.0031423291657119,,,,,,,,,,
1700578047686-2-10-4-23-2,Fear,Incorrect,Neutral,2,0.6286905,0.30638582,,,,,,0.0035091824829578,0.285122275352478,0.0025544997770339,,,,,,,,,,
1700578047686-2-10-4-23-2,Fear,Incorrect,Neutral,3,0.6852564,0.23838012,,,,,,0.002835948485881,0.4517138302326202,0.002082698745653,,,,,,,,,,
1700578047686-2-10-4-23-2,Fear,Incorrect,Neutral,4,0.7047438,0.21133167,,,,,,0.0023008757270872,0.3360256850719452,0.0017021452076733,,,,,,,,,,
1700578047686-2-10-4-23-2,Fear,Incorrect,Neutral,5,0.72370225,0.18552499,,,,,,0.001872839173302,0.3926797211170196,0.0013939149212092,,,,,,,,,,
1700578047686-2-10-4-23-2,Fear,Incorrect,Neutral,6,0.70182586,0.20689225,,,,,,0.0015285428380593,0.3855028450489044,0.0011433907784521,,,,,,,,,,
1700578047686-2-10-4-23-2,Fear,Incorrect,Neutral,7,0.66502565,0.24613373,,,,,,0.0012503375764936,0.4400731325149536,0.0009391849162057,,,,,,,,,,
1700578047686-2-10-4-23-2,Fear,Incorrect,Neutral,8,0.5716706,0.34535867,,,,,,0.0010246641468256,0.3723664879798889,0.0007723274757154,,,,,,,,,,
1700578050680-2-10-4-25-2,Fear,Correct,Fear,-8,0.013235673,0.013235673,,,,,,0.1051657274365425,0.4846560657024383,0.0981389805674552,,,,,,,,,,
1700578050680-2-10-4-25-2,Fear,Correct,Fear,-7,0.023209728,0.023209728,,,,,,0.1319313645362854,0.5093429088592529,0.129619225859642,,,,,,,,,,
1700578050680-2-10-4-25-2,Fear,Correct,Fear,-6,0.037622202,0.037622202,,,,,,0.178268015384674,0.5362953543663025,0.1706938445568084,,,,,,,,,,
1700578050680-2-10-4-25-2,Fear,Correct,Fear,-5,0.060146395,0.060146395,,,,,,0.1967381834983825,0.5720057487487793,0.1872129738330841,,,,,,,,,,
1700578050680-2-10-4-25-2,Fear,Correct,Fear,-4,0.09365696,0.09365696,,,,,,0.1991721242666244,0.4350879490375519,0.2004085928201675,,,,,,,,,,
1700578050680-2-10-4-25-2,Fear,Correct,Fear,-3,0.14207795,0.14207795,,,,,,0.1938060671091079,0.5303265452384949,0.206360712647438,,,,,,,,,,
1700578050680-2-10-4-25-2,Fear,Correct,Fear,-2,0.22924781,0.22924781,,,,,,0.242350772023201,0.6403411030769348,0.2404030412435531,,,,,,,,,,
1700578050680-2-10-4-25-2,Fear,Correct,Fear,-1,0.36914995,0.36914995,,,,,,0.2792589962482452,0.6802647113800049,0.2861623466014862,,,,,,,,,,
1700578050680-2-10-4-25-2,Fear,Correct,Fear,0,0.5182926,0.5182926,,,,,,0.3004617393016815,0.6654581427574158,0.3138724863529205,,,,,,,,,,
1700578050680-2-10-4-25-2,Fear,Correct,Fear,1,0.6173583,0.6173583,,,,,,0.3187492191791534,0.6091637015342712,0.3381004929542541,,,,,,,,,,
1700578050680-2-10-4-25-2,Fear,Correct,Fear,2,0.66081554,0.66081554,,,,,,0.3885672986507416,0.5503575801849365,0.4030312597751617,,,,,,,,,,
1700578050680-2-10-4-25-2,Fear,Correct,Fear,3,0.6756878,0.6756878,,,,,,0.4193516075611114,0.593707263469696,0.4318889081478119,,,,,,,,,,
1700578050680-2-10-4-25-2,Fear,Correct,Fear,4,0.67478085,0.67478085,,,,,,0.4671651124954223,0.6405492424964905,0.4789446294307709,,,,,,,,,,
1700583891213-2-13-2-3-2,Fear,Correct,Fear,-8,0.0031795965,0.0031795965,,,,,,0.2543193995952606,0.4901301562786102,0.138918861746788,,,,,,,,,,
1700583891213-2-13-2-3-2,Fear,Correct,Fear,-7,0.002432165,0.002432165,,,,,,0.2543193995952606,0.4901301562786102,0.138918861746788,,,,,,,,,,
1700583891213-2-13-2-3-2,Fear,Correct,Fear,-6,0.002990939,0.002990939,,,,,,0.2577111423015594,0.4249117076396942,0.1423664987087249,,,,,,,,,,
1700583891213-2-13-2-3-2,Fear,Correct,Fear,-5,0.003308366,0.003308366,,,,,,0.2577111423015594,0.4249117076396942,0.1423664987087249,,,,,,,,,,
1700583891213-2-13-2-3-2,Fear,Correct,Fear,-4,0.010229943,0.010229943,,,,,,0.2543502151966095,0.401646077632904,0.1497968435287475,,,,,,,,,,
1700583891213-2-13-2-3-2,Fear,Correct,Fear,-3,0.025356043,0.025356043,,,,,,0.2543502151966095,0.401646077632904,0.1497968435287475,,,,,,,,,,
1700583891213-2-13-2-3-2,Fear,Correct,Fear,-2,0.08755889,0.08755889,,,,,,0.2521165311336517,0.4531975388526916,0.1558703184127807,,,,,,,,,,
1700583891213-2-13-2-3-2,Fear,Correct,Fear,-1,0.2474967,0.2474967,,,,,,0.2541547119617462,0.4160231649875641,0.1516207456588745,,,,,,,,,,
1700583891213-2-13-2-3-2,Fear,Correct,Fear,0,0.4849753,0.4849753,,,,,,0.2541547119617462,0.4160231649875641,0.1516207456588745,,,,,,,,,,
1700583891213-2-13-2-3-2,Fear,Correct,Fear,1,0.66777426,0.66777426,,,,,,0.254421979188919,0.4526345729827881,0.1529088020324707,,,,,,,,,,
1700583891213-2-13-2-3-2,Fear,Correct,Fear,2,0.7627807,0.7627807,,,,,,0.254421979188919,0.4526345729827881,0.1529088020324707,,,,,,,,,,
1700583891213-2-13-2-3-2,Fear,Correct,Fear,3,0.81193894,0.81193894,,,,,,0.2444917261600494,0.3738452494144439,0.1504110246896743,,,,,,,,,,
1700583891213-2-13-2-3-2,Fear,Correct,Fear,4,0.8413677,0.8413677,,,,,,0.2415547221899032,0.3688842952251434,0.1513597071170807,,,,,,,,,,
1700583891213-2-13-2-3-2,Fear,Correct,Fear,5,0.86050785,0.86050785,,,,,,0.2394025027751922,0.3588531911373138,0.1520806849002838,,,,,,,,,,
1700583891213-2-13-2-3-2,Fear,Correct,Fear,6,0.87253636,0.87253636,,,,,,0.2578537166118622,0.3925832509994507,0.1759542226791381,,,,,,,,,,
1700583891213-2-13-2-3-2,Fear,Correct,Fear,7,0.8801298,0.8801298,,,,,,0.2617291808128357,0.4044816792011261,0.1986741721630096,,,,,,,,,,
1700583891213-2-13-2-3-2,Fear,Correct,Fear,8,0.88133496,0.88133496,,,,,,0.2592607140541076,0.3396337926387787,0.1954572945833206,,,,,,,,,,
1700583897868-2-13-2-6-2,Fear,Correct,Fear,-8,0.015893841,0.015893841,,,,,,0.0622016116976738,0.4193706810474396,3.5108991141896695e-05,,,,,,,,,,
1700583897868-2-13-2-6-2,Fear,Correct,Fear,-7,0.016992241,0.016992241,,,,,,0.0697996094822883,0.4136318266391754,2.9022265152889304e-05,,,,,,,,,,
1700583897868-2-13-2-6-2,Fear,Correct,Fear,-6,0.019133598,0.019133598,,,,,,0.0745383352041244,0.3861459493637085,2.3991777197807096e-05,,,,,,,,,,
1700583897868-2-13-2-6-2,Fear,Correct,Fear,-5,0.0250712,0.0250712,,,,,,0.089624710381031,0.5373157858848572,0.0017196086701005,,,,,,,,,,
1700583897868-2-13-2-6-2,Fear,Correct,Fear,-4,0.040897653,0.040897653,,,,,,0.1378426551818847,0.8101603388786316,0.0385957993566989,,,,,,,,,,
1700583897868-2-13-2-6-2,Fear,Correct,Fear,-3,0.07110648,0.07110648,,,,,,0.1657989919185638,0.8842950463294983,0.0638578757643699,,,,,,,,,,
1700583897868-2-13-2-6-2,Fear,Correct,Fear,-2,0.13324875,0.13324875,,,,,,0.1949592679738998,0.9412294030189514,0.0764951482415199,,,,,,,,,,
1700583897868-2-13-2-6-2,Fear,Correct,Fear,-1,0.23618044,0.23618044,,,,,,0.214054673910141,0.9268708825111388,0.0990549623966217,,,,,,,,,,
1700583897868-2-13-2-6-2,Fear,Correct,Fear,0,0.34177145,0.34177145,,,,,,0.2060009837150573,0.9262778759002686,0.1042743846774101,,,,,,,,,,
1700583897868-2-13-2-6-2,Fear,Correct,Fear,1,0.41003174,0.41003174,,,,,,0.2013219743967056,0.8999251127243042,0.1009826734662056,,,,,,,,,,
1700583897868-2-13-2-6-2,Fear,Correct,Fear,2,0.4415482,0.4415482,,,,,,0.2093170434236526,0.8878591060638428,0.0988562330603599,,,,,,,,,,
1700583897868-2-13-2-6-2,Fear,Correct,Fear,3,0.47643292,0.47643292,,,,,,0.2046106308698654,0.9392123222351074,0.1085767596960067,,,,,,,,,,
1700584009992-2-13-3-5-2,Fear,Correct,Fear,-8,0.047293983,0.047293983,,,,,,0.0424169711768627,0.4323383569717407,0.0407517105340957,,,,,,,,,,
1700584009992-2-13-3-5-2,Fear,Correct,Fear,-7,0.0409998,0.0409998,,,,,,0.0392821654677391,0.4281027317047119,0.041037231683731,,,,,,,,,,
1700584009992-2-13-3-5-2,Fear,Correct,Fear,-6,0.03837296,0.03837296,,,,,,0.0483982935547828,0.4876859188079834,0.0439163334667682,,,,,,,,,,
1700584009992-2-13-3-5-2,Fear,Correct,Fear,-5,0.03824128,0.03824128,,,,,,0.0672723948955535,0.5129936933517456,0.0564423017203807,,,,,,,,,,
1700584009992-2-13-3-5-2,Fear,Correct,Fear,-4,0.04230603,0.04230603,,,,,,0.1107596084475517,0.6296663880348206,0.0839128643274307,,,,,,,,,,
1700584009992-2-13-3-5-2,Fear,Correct,Fear,-3,0.05178155,0.05178155,,,,,,0.1479408144950866,0.7361137270927429,0.1137633845210075,,,,,,,,,,
1700584009992-2-13-3-5-2,Fear,Correct,Fear,-2,0.08403067,0.08403067,,,,,,0.1777400374412536,0.7670084834098816,0.151216372847557,,,,,,,,,,
1700584009992-2-13-3-5-2,Fear,Correct,Fear,-1,0.2116481,0.2116481,,,,,,0.2688220739364624,0.8050930500030518,0.231720745563507,,,,,,,,,,
1700584009992-2-13-3-5-2,Fear,Correct,Fear,0,0.48078293,0.48078293,,,,,,0.3140363693237304,0.833024263381958,0.2784604430198669,,,,,,,,,,
1700584009992-2-13-3-5-2,Fear,Correct,Fear,1,0.68766093,0.68766093,,,,,,0.3403134346008301,0.824209988117218,0.3018934726715088,,,,,,,,,,
1700584009992-2-13-3-5-2,Fear,Correct,Fear,2,0.73020166,0.73020166,,,,,,0.3205606043338775,0.8338174819946289,0.3043635487556457,,,,,,,,,,
1700584009992-2-13-3-5-2,Fear,Correct,Fear,3,0.72031796,0.72031796,,,,,,0.3405433893203735,0.8599755167961121,0.3054104149341583,,,,,,,,,,
1700584009992-2-13-3-5-2,Fear,Correct,Fear,4,0.6960557,0.6960557,,,,,,0.3346957266330719,0.8619069457054138,0.3058901131153106,,,,,,,,,,
1700584009992-2-13-3-5-2,Fear,Correct,Fear,5,0.68911433,0.68911433,,,,,,0.3317943215370178,0.8620752096176147,0.2997170686721802,,,,,,,,,,
1700584009992-2-13-3-5-2,Fear,Correct,Fear,6,0.6910697,0.6910697,,,,,,0.3349750638008117,0.8525798320770264,0.3024652302265167,,,,,,,,,,
1700584009992-2-13-3-5-2,Fear,Correct,Fear,7,0.69446033,0.69446033,,,,,,0.3366563618183136,0.8607596755027771,0.3086229562759399,,,,,,,,,,
1700584009992-2-13-3-5-2,Fear,Correct,Fear,8,0.69778365,0.69778365,,,,,,0.3375958800315857,0.8618772625923157,0.3119757175445556,,,,,,,,,,
1700584032421-2-13-3-16-2,Fear,Correct,Fear,-8,0.1807869,0.1807869,,,,,,0.1263455599546432,0.5470627546310425,0.0866867527365684,,,,,,,,,,
1700584032421-2-13-3-16-2,Fear,Correct,Fear,-7,0.16463241,0.16463241,,,,,,0.1263455599546432,0.5470627546310425,0.0866867527365684,,,,,,,,,,
1700584032421-2-13-3-16-2,Fear,Correct,Fear,-6,0.17290169,0.17290169,,,,,,0.1330633759498596,0.606037437915802,0.095616228878498,,,,,,,,,,
1700584032421-2-13-3-16-2,Fear,Correct,Fear,-5,0.19425431,0.19425431,,,,,,0.1315668672323227,0.5969622731208801,0.1008687540888786,,,,,,,,,,
1700584032421-2-13-3-16-2,Fear,Correct,Fear,-4,0.21598244,0.21598244,,,,,,0.1303465962409973,0.5715327858924866,0.1085400134325027,,,,,,,,,,
1700584032421-2-13-3-16-2,Fear,Correct,Fear,-3,0.2443591,0.2443591,,,,,,0.1316390037536621,0.5883538126945496,0.1133927628397941,,,,,,,,,,
1700584032421-2-13-3-16-2,Fear,Correct,Fear,-2,0.27165738,0.27165738,,,,,,0.1316390037536621,0.5883538126945496,0.1133927628397941,,,,,,,,,,
1700584032421-2-13-3-16-2,Fear,Correct,Fear,-1,0.3527199,0.3527199,,,,,,0.1384772956371307,0.7125460505485535,0.120602510869503,,,,,,,,,,
1700584032421-2-13-3-16-2,Fear,Correct,Fear,0,0.48125502,0.48125502,,,,,,0.1672182530164718,0.827299177646637,0.1322225928306579,,,,,,,,,,
1700584032421-2-13-3-16-2,Fear,Correct,Fear,1,0.5982101,0.5982101,,,,,,0.2168974727392196,0.8340697288513184,0.1663864850997924,,,,,,,,,,
1700584032421-2-13-3-16-2,Fear,Correct,Fear,2,0.6664523,0.6664523,,,,,,0.2841775119304657,0.8497887849807739,0.2392764687538147,,,,,,,,,,
1700584032421-2-13-3-16-2,Fear,Correct,Fear,3,0.6723809,0.6723809,,,,,,0.316283255815506,0.8509737849235535,0.2563243210315704,,,,,,,,,,
1700584032421-2-13-3-16-2,Fear,Correct,Fear,4,0.63922036,0.63922036,,,,,,0.3657574951648712,0.8610000610351562,0.3063079118728637,,,,,,,,,,
1700584032421-2-13-3-16-2,Fear,Correct,Fear,5,0.6077434,0.6077434,,,,,,0.3657574951648712,0.8610000610351562,0.3063079118728637,,,,,,,,,,
1700584032421-2-13-3-16-2,Fear,Correct,Fear,6,0.58747417,0.58747417,,,,,,0.4115247428417206,0.860800564289093,0.3721959590911865,,,,,,,,,,
1700584032421-2-13-3-16-2,Fear,Correct,Fear,7,0.58708185,0.58708185,,,,,,0.4353882670402527,0.8618948459625244,0.3959839940071106,,,,,,,,,,
1700584032421-2-13-3-16-2,Fear,Correct,Fear,8,0.587635,0.587635,,,,,,0.4353882670402527,0.8618948459625244,0.3959839940071106,,,,,,,,,,
1700584217663-2-13-4-9-2,Fear,Correct,Fear,-8,0.035540972,0.035540972,,,,,,0.0252026207745075,0.3419145047664642,0.0259943380951881,,,,,,,,,,
1700584217663-2-13-4-9-2,Fear,Correct,Fear,-7,0.02982406,0.02982406,,,,,,0.0236102826893329,0.336180716753006,0.0242331661283969,,,,,,,,,,
1700584217663-2-13-4-9-2,Fear,Correct,Fear,-6,0.026171487,0.026171487,,,,,,0.0246750302612781,0.3427366912364959,0.0228745713829994,,,,,,,,,,
1700584217663-2-13-4-9-2,Fear,Correct,Fear,-5,0.023648685,0.023648685,,,,,,0.0231915581971406,0.3334346711635589,0.0218149442225694,,,,,,,,,,
1700584217663-2-13-4-9-2,Fear,Correct,Fear,-4,0.02972733,0.02972733,,,,,,0.0343106351792812,0.4388214647769928,0.0391479432582855,,,,,,,,,,
1700584217663-2-13-4-9-2,Fear,Correct,Fear,-3,0.042865433,0.042865433,,,,,,0.0461322925984859,0.3955394923686981,0.0445668697357177,,,,,,,,,,
1700584217663-2-13-4-9-2,Fear,Correct,Fear,-2,0.07946097,0.07946097,,,,,,0.061026681214571,0.3991110920906067,0.0662951469421386,,,,,,,,,,
1700584217663-2-13-4-9-2,Fear,Correct,Fear,-1,0.17143348,0.17143348,,,,,,0.1171160042285919,0.6144815683364868,0.1115202829241752,,,,,,,,,,
1700584217663-2-13-4-9-2,Fear,Correct,Fear,0,0.36373204,0.36373204,,,,,,0.1873366087675094,0.7629260420799255,0.1645604074001312,,,,,,,,,,
1700584217663-2-13-4-9-2,Fear,Correct,Fear,1,0.5518136,0.5518136,,,,,,0.2128739356994629,0.7841496467590332,0.1789387911558151,,,,,,,,,,
1700584217663-2-13-4-9-2,Fear,Correct,Fear,2,0.6858339,0.6858339,,,,,,0.2331031262874603,0.7850266098976135,0.1913914829492569,,,,,,,,,,
1700584217663-2-13-4-9-2,Fear,Correct,Fear,3,0.75281817,0.75281817,,,,,,0.2275251448154449,0.6784389615058899,0.183308258652687,,,,,,,,,,
1700584217663-2-13-4-9-2,Fear,Correct,Fear,4,0.80087084,0.80087084,,,,,,0.2437791526317596,0.7140656113624573,0.1935552060604095,,,,,,,,,,
1700584217663-2-13-4-9-2,Fear,Correct,Fear,5,0.8260523,0.8260523,,,,,,0.2508678436279297,0.704380452632904,0.1972909420728683,,,,,,,,,,
1700584217663-2-13-4-9-2,Fear,Correct,Fear,6,0.8416733,0.8416733,,,,,,0.2697251141071319,0.7079980969429016,0.2283434122800827,,,,,,,,,,
1700584217663-2-13-4-9-2,Fear,Correct,Fear,7,0.84884953,0.84884953,,,,,,0.2923609614372253,0.7876929044723511,0.2423188239336013,,,,,,,,,,
1700584242638-2-13-4-23-2,Fear,Correct,Fear,-1,0.24898407,0.24898407,,,,,,0.148281067609787,0.7295081615447998,0.1150272339582443,,,,,,,,,,
1700584242638-2-13-4-23-2,Fear,Correct,Fear,0,0.35360065,0.35360065,,,,,,0.1940287947654724,0.7630016207695007,0.1398854851722717,,,,,,,,,,
1700584242638-2-13-4-23-2,Fear,Correct,Fear,1,0.44038367,0.44038367,,,,,,0.1940287947654724,0.7630016207695007,0.1398854851722717,,,,,,,,,,
1700584242638-2-13-4-23-2,Fear,Correct,Fear,2,0.5014801,0.5014801,,,,,,0.1973034739494323,0.7142518758773804,0.1437191665172577,,,,,,,,,,
1700584242638-2-13-4-23-2,Fear,Correct,Fear,3,0.5576544,0.5576544,,,,,,0.2114158868789672,0.7504041194915771,0.1579088270664215,,,,,,,,,,
1700584242638-2-13-4-23-2,Fear,Correct,Fear,4,0.60479236,0.60479236,,,,,,0.2057687938213348,0.7372130155563354,0.1535752266645431,,,,,,,,,,
1700584242638-2-13-4-23-2,Fear,Correct,Fear,5,0.64832205,0.64832205,,,,,,0.2108407765626907,0.732812762260437,0.1534252315759658,,,,,,,,,,
1700584242638-2-13-4-23-2,Fear,Correct,Fear,6,0.69049776,0.69049776,,,,,,0.2183782309293747,0.7472108602523804,0.1630191504955291,,,,,,,,,,
1700584242638-2-13-4-23-2,Fear,Correct,Fear,7,0.73426986,0.73426986,,,,,,0.2228779345750808,0.7759884595870972,0.1688507795333862,,,,,,,,,,
1700584242638-2-13-4-23-2,Fear,Correct,Fear,8,0.7737305,0.7737305,,,,,,0.2439879179000854,0.7451808452606201,0.1769251078367233,,,,,,,,,,
1700747235785-2-15-2-3-2,Fear,Incorrect,Surprise,-8,0.018303137,0.0038288948,,,,,,1.1706193329083192e-23,2.105380456980409e-23,2.205504388060747e-16,,,,,,,,,,
1700747235785-2-15-2-3-2,Fear,Incorrect,Surprise,-7,0.026910223,0.005066225,,,,,,9.67899750750796e-24,1.4838268523371878e-23,1.8235707470477808e-16,,,,,,,,,,
1700747235785-2-15-2-3-2,Fear,Incorrect,Surprise,-6,0.040069357,0.0069626817,,,,,,6.6170031383172976e-24,7.370403168126816e-24,1.246675929611986e-16,,,,,,,,,,
1700747235785-2-15-2-3-2,Fear,Incorrect,Surprise,-5,0.06614453,0.0113281645,,,,,,6.6170031383172976e-24,7.370403168126816e-24,1.246675929611986e-16,,,,,,,,,,
1700747235785-2-15-2-3-2,Fear,Incorrect,Surprise,-4,0.09591302,0.016526714,,,,,,5.4711290309422244e-24,5.194520870983264e-24,1.0307876792616071e-16,,,,,,,,,,
1700747235785-2-15-2-3-2,Fear,Incorrect,Surprise,-3,0.1454866,0.026405497,,,,,,4.5236920954145886e-24,3.6610064312393736e-24,8.522858750162571e-17,,,,,,,,,,
1700747235785-2-15-2-3-2,Fear,Incorrect,Surprise,-2,0.21887235,0.04436317,,,,,,3.7403050960149054e-24,2.5801916548701392e-24,7.046919059695221e-17,,,,,,,,,,
1700747235785-2-15-2-3-2,Fear,Incorrect,Surprise,-1,0.34477454,0.08591349,,,,,,3.0925852118037743e-24,1.818463423268977e-24,5.826582810718192e-17,,,,,,,,,,
1700747235785-2-15-2-3-2,Fear,Incorrect,Surprise,0,0.4823508,0.17662084,,,,,,2.5570399678084863e-24,1.281619714223696e-24,4.817588892142744e-17,,,,,,,,,,
1700747235785-2-15-2-3-2,Fear,Incorrect,Surprise,1,0.5273482,0.3201524,,,,,,2.114228675880776e-24,0.008835595101118,0.0066325175575912,,,,,,,,,,
1700747235785-2-15-2-3-2,Fear,Incorrect,Surprise,2,0.47049966,0.46303684,,,,,,1.7480944667253212e-24,0.0055195777676999,0.0110873524099588,,,,,,,,,,
1700747235785-2-15-2-3-2,Fear,Incorrect,Surprise,3,0.38513592,0.58299494,,,,,,0.0014894015621393,0.0108259171247482,0.0110038751736283,,,,,,,,,,
1700747244029-2-15-2-6-2,Fear,Incorrect,Disgust,-5,0.17104189,0.09062615,,,,,,6.051556684703858e-19,5.0039392889948965e-20,2.1315622877882127e-10,,,,,,,,,,
1700747244029-2-15-2-6-2,Fear,Incorrect,Disgust,-4,0.16976947,0.05281884,,,,,,5.003587090999708e-19,3.526664508339373e-20,1.7624321446696456e-10,,,,,,,,,,
1700747244029-2-15-2-6-2,Fear,Incorrect,Disgust,-3,0.17554367,0.029684622,,,,,,4.1371143653746457e-19,2.485530722292664e-20,1.4572312800886775e-10,,,,,,,,,,
1700747244029-2-15-2-6-2,Fear,Incorrect,Disgust,-2,0.19459367,0.017801886,,,,,,3.4206823800969287e-19,1.7517523718287978e-20,1.204879807037429e-10,,,,,,,,,,
1700747244029-2-15-2-6-2,Fear,Incorrect,Disgust,-1,0.19783048,0.010616001,,,,,,2.8283150789929775e-19,0.0088355690240859,9.96228030625268e-11,,,,,,,,,,
1700747244029-2-15-2-6-2,Fear,Incorrect,Disgust,0,0.22977138,0.0070927013,,,,,,0.0014894170453771,0.0122203072533011,0.0119800940155982,,,,,,,,,,
1700747244029-2-15-2-6-2,Fear,Incorrect,Disgust,1,0.24566905,0.005039126,,,,,,0.0026298994198441,0.0136192226782441,0.0148922409862279,,,,,,,,,,
1700747244029-2-15-2-6-2,Fear,Incorrect,Disgust,2,0.20897423,0.0038954413,,,,,,0.0021421692799776,0.0072617973200976,0.0115967094898223,,,,,,,,,,
1700747244029-2-15-2-6-2,Fear,Incorrect,Disgust,3,0.16682343,0.0037101565,,,,,,0.0017493802588433,0.0040423641912639,0.0091223185881972,,,,,,,,,,
1700747244029-2-15-2-6-2,Fear,Incorrect,Disgust,4,0.13578467,0.005471781,,,,,,0.0014316741144284,0.0023352422285825,0.0094233350828289,,,,,,,,,,
1700747244029-2-15-2-6-2,Fear,Incorrect,Disgust,5,0.1006288,0.009316086,,,,,,0.0011737451422959,0.0091896839439868,0.0074390727095305,,,,,,,,,,
1700747244029-2-15-2-6-2,Fear,Incorrect,Disgust,6,0.07811567,0.019644244,,,,,,0.0009636949398554,0.0200103390961885,0.0059189964085817,,,,,,,,,,
1700747244029-2-15-2-6-2,Fear,Incorrect,Disgust,7,0.06727226,0.055243656,,,,,,0.0007921919459477,0.0364318750798702,0.0047404514625668,,,,,,,,,,
1700747244029-2-15-2-6-2,Fear,Incorrect,Disgust,8,0.04912287,0.1526423,,,,,,0.0006518652662634,0.0405960567295551,0.003817313350737,,,,,,,,,,
1700747253760-2-15-2-10-2,Fear,Incorrect,Disgust,-8,0.08662592,0.36923286,,,,,,0.0111969988793134,0.1975414007902145,0.0097109554335474,,,,,,,,,,
1700747253760-2-15-2-10-2,Fear,Incorrect,Disgust,-7,0.0827141,0.39726907,,,,,,0.0202372036874294,0.221406415104866,0.0264807138592004,,,,,,,,,,
1700747253760-2-15-2-10-2,Fear,Incorrect,Disgust,-6,0.07913612,0.41384155,,,,,,0.0259757302701473,0.2848992645740509,0.0290234144777059,,,,,,,,,,
1700747253760-2-15-2-10-2,Fear,Incorrect,Disgust,-5,0.0792847,0.4317511,,,,,,0.0261876843869686,0.3304895460605621,0.0320045836269855,,,,,,,,,,
1700747253760-2-15-2-10-2,Fear,Incorrect,Disgust,-4,0.0791696,0.4425092,,,,,,0.0261876843869686,0.3304895460605621,0.0320045836269855,,,,,,,,,,
1700747253760-2-15-2-10-2,Fear,Incorrect,Disgust,-3,0.078043506,0.45209548,,,,,,0.0263111218810081,0.3281675577163696,0.0335509032011032,,,,,,,,,,
1700747253760-2-15-2-10-2,Fear,Incorrect,Disgust,-2,0.07746641,0.45838115,,,,,,0.0263111218810081,0.3281675577163696,0.0335509032011032,,,,,,,,,,
1700747253760-2-15-2-10-2,Fear,Incorrect,Disgust,-1,0.07651375,0.4623042,,,,,,0.0214849561452865,0.3783978223800659,0.0314959213137626,,,,,,,,,,
1700747253760-2-15-2-10-2,Fear,Incorrect,Disgust,0,0.07715671,0.4781585,,,,,,0.0163304805755615,0.3392123281955719,0.0305806137621402,,,,,,,,,,
1700747253760-2-15-2-10-2,Fear,Incorrect,Disgust,1,0.07701083,0.48442262,,,,,,0.0163304805755615,0.3392123281955719,0.0305806137621402,,,,,,,,,,
1700747253760-2-15-2-10-2,Fear,Incorrect,Disgust,2,0.076708265,0.47905442,,,,,,0.0136320516467094,0.4100557565689087,0.0219081863760948,,,,,,,,,,
1700747253760-2-15-2-10-2,Fear,Incorrect,Disgust,3,0.07642565,0.4796785,,,,,,0.0136320516467094,0.4100557565689087,0.0219081863760948,,,,,,,,,,
1700747253760-2-15-2-10-2,Fear,Incorrect,Disgust,4,0.07504498,0.48485163,,,,,,0.0165952667593956,0.3811865746974945,0.0251654889434576,,,,,,,,,,
1700747253760-2-15-2-10-2,Fear,Incorrect,Disgust,5,0.072647676,0.48822978,,,,,,0.0122710792347788,0.3644272983074188,0.0248028934001922,,,,,,,,,,
1700747253760-2-15-2-10-2,Fear,Incorrect,Disgust,6,0.07164986,0.48924085,,,,,,0.0092428801581263,0.3703010678291321,0.0245131198316812,,,,,,,,,,
1700747253760-2-15-2-10-2,Fear,Incorrect,Disgust,7,0.06845153,0.5203728,,,,,,0.0158640556037426,0.2925693690776825,0.0342925414443016,,,,,,,,,,
1700747253760-2-15-2-10-2,Fear,Incorrect,Disgust,8,0.06823186,0.52608365,,,,,,0.0158640556037426,0.2925693690776825,0.0342925414443016,,,,,,,,,,
1700747378458-2-15-3-16-2,Fear,Incorrect,Neutral,-1,0.1781023,0.1680978,,,,,,0.0013941506622359,1.401298464324817e-45,5.7169340372809074e-09,,,,,,,,,,
1700747378458-2-15-3-16-2,Fear,Incorrect,Neutral,0,0.19853091,0.15410416,,,,,,0.0011439812369644,1.401298464324817e-45,0.0017017108621075,,,,,,,,,,
1700747378458-2-15-3-16-2,Fear,Incorrect,Neutral,1,0.20949784,0.17626435,,,,,,0.0009399291011504,1.401298464324817e-45,0.0013941247016191,,,,,,,,,,
1700747378458-2-15-3-16-2,Fear,Incorrect,Neutral,2,0.22390208,0.23368588,,,,,,0.0007731210789643,1.401298464324817e-45,0.0011439593508839,,,,,,,,,,
1700747378458-2-15-3-16-2,Fear,Incorrect,Neutral,3,0.20611031,0.31913134,,,,,,0.0006364898290485,1.401298464324817e-45,0.0009399198461323,,,,,,,,,,
1700747378458-2-15-3-16-2,Fear,Incorrect,Neutral,4,0.16753145,0.42462534,,,,,,0.0005243943887762,1.401298464324817e-45,0.0007731123478151,,,,,,,,,,
1700747378458-2-15-3-16-2,Fear,Incorrect,Neutral,5,0.13037299,0.54748756,,,,,,0.0004323077737353,1.401298464324817e-45,0.0006364820292219,,,,,,,,,,
1700747378458-2-15-3-16-2,Fear,Incorrect,Neutral,6,0.098874055,0.6525901,,,,,,0.0003565715451259,1.401298464324817e-45,0.0005243851919658,,,,,,,,,,
1700747378458-2-15-3-16-2,Fear,Incorrect,Neutral,7,0.07633262,0.7451206,,,,,,0.0002942297724075,1.401298464324817e-45,0.00209700781852,,,,,,,,,,
1700747378458-2-15-3-16-2,Fear,Incorrect,Neutral,8,0.058862798,0.8251157,,,,,,0.000242871712544,1.401298464324817e-45,0.0017138335388153,,,,,,,,,,
1700747386351-2-15-3-20-2,Fear,Incorrect,Neutral,-1,0.29932818,0.10771951,,,,,,0.0519649498164653,1.7345910000238565e-14,0.0511758439242839,,,,,,,,,,
1700747386351-2-15-3-20-2,Fear,Incorrect,Neutral,0,0.4795368,0.078687556,,,,,,0.055090669542551,0.0088355224579572,0.0498534031212329,,,,,,,,,,
1700747386351-2-15-3-20-2,Fear,Incorrect,Neutral,1,0.629421,0.051802747,,,,,,0.055090669542551,0.0088355224579572,0.0498534031212329,,,,,,,,,,
1700747386351-2-15-3-20-2,Fear,Incorrect,Neutral,2,0.73421264,0.038054597,,,,,,0.0643720179796218,0.0122202727943658,0.0500759929418563,,,,,,,,,,
1700747386351-2-15-3-20-2,Fear,Incorrect,Neutral,3,0.78972685,0.03690131,,,,,,0.0751953944563865,0.0211763735860586,0.0537980124354362,,,,,,,,,,
1700747386351-2-15-3-20-2,Fear,Incorrect,Neutral,4,0.82731575,0.03677538,,,,,,0.0815132930874824,0.0182189662009477,0.0632347762584686,,,,,,,,,,
1700747386351-2-15-3-20-2,Fear,Incorrect,Neutral,5,0.8377324,0.040498298,,,,,,0.0931475311517715,0.0455894581973552,0.0742195695638656,,,,,,,,,,
1700747386351-2-15-3-20-2,Fear,Incorrect,Neutral,6,0.8355301,0.0504166,,,,,,0.0932798907160759,0.0355318449437618,0.0762796252965927,,,,,,,,,,
1700747386351-2-15-3-20-2,Fear,Incorrect,Neutral,7,0.8302202,0.067184016,,,,,,0.0810496658086776,0.0271296668797731,0.0655359551310539,,,,,,,,,,
1700747386351-2-15-3-20-2,Fear,Incorrect,Neutral,8,0.8083573,0.09607372,,,,,,0.0896740779280662,0.0371549278497695,0.0744995027780532,,,,,,,,,,
1700747528937-2-15-4-9-2,Fear,Incorrect,Neutral,-1,0.21326153,0.26097846,,,,,,0.0027809923049062,0.0281233750283718,0.0219542738050222,,,,,,,,,,
1700747528937-2-15-4-9-2,Fear,Incorrect,Neutral,0,0.27283245,0.36695722,,,,,,0.0018483481835573,0.0186767503619194,0.0124056469649076,,,,,,,,,,
1700747528937-2-15-4-9-2,Fear,Incorrect,Neutral,1,0.2982893,0.46450022,,,,,,0.0015121952164918,0.0170351527631282,0.0095432884991168,,,,,,,,,,
1700747528937-2-15-4-9-2,Fear,Incorrect,Neutral,2,0.2898026,0.55507416,,,,,,0.0012394394725561,0.016140129417181,0.0074309813790023,,,,,,,,,,
1700747528937-2-15-4-9-2,Fear,Incorrect,Neutral,3,0.25236052,0.64633524,,,,,,0.0010174128692597,0.0209223832935094,0.0058451644144952,,,,,,,,,,
1700747528937-2-15-4-9-2,Fear,Incorrect,Neutral,4,0.20198968,0.73091376,,,,,,0.0008362052030861,0.0183368511497974,0.004636856727302,,,,,,,,,,
1700747528937-2-15-4-9-2,Fear,Incorrect,Neutral,5,0.15887982,0.79448694,,,,,,0.0006879823631606,0.0169185083359479,0.0037043539341539,,,,,,,,,,
1700747528937-2-15-4-9-2,Fear,Incorrect,Neutral,6,0.11001875,0.85817814,,,,,,0.000566518632695,0.0062902742065489,0.0029768054373562,,,,,,,,,,
1700747528937-2-15-4-9-2,Fear,Incorrect,Neutral,7,0.072154604,0.9051502,,,,,,0.0004668270994443,0.002547062234953,0.0024038315750658,,,,,,,,,,
1700747528937-2-15-4-9-2,Fear,Incorrect,Neutral,8,0.04693194,0.93646425,,,,,,0.0003849051718134,0.0011134013766422,0.0019490299746394,,,,,,,,,,
1700747556782-2-15-4-25-2,Fear,Incorrect,Neutral,-3,0.17581157,0.28958616,,,,,,0.0331326387822628,2.3657176818439362e-19,0.0598723106086254,,,,,,,,,,
1700747556782-2-15-4-25-2,Fear,Incorrect,Neutral,-2,0.17643358,0.45804796,,,,,,0.029062183573842,1.6673111253364851e-19,0.058349609375,,,,,,,,,,
1700747556782-2-15-4-25-2,Fear,Incorrect,Neutral,-1,0.29778805,0.43063822,,,,,,0.0200104787945747,1.1750810167184964e-19,0.0473293997347354,,,,,,,,,,
1700747556782-2-15-4-25-2,Fear,Incorrect,Neutral,0,0.51846707,0.27386135,,,,,,0.0194536820054054,8.281777529320662e-20,0.0461075529456138,,,,,,,,,,
1700747556782-2-15-4-25-2,Fear,Incorrect,Neutral,1,0.6491886,0.19442761,,,,,,0.0212635789066553,5.836808706963787e-20,0.0473954677581787,,,,,,,,,,
1700747556782-2-15-4-25-2,Fear,Incorrect,Neutral,2,0.6879499,0.18438856,,,,,,0.0226951818913221,4.1136599822231314e-20,0.0484501756727695,,,,,,,,,,
1700747556782-2-15-4-25-2,Fear,Incorrect,Neutral,3,0.6974866,0.19500834,,,,,,0.0269366409629583,2.899221518088906e-20,0.052073661237955,,,,,,,,,,
1700747556782-2-15-4-25-2,Fear,Incorrect,Neutral,4,0.69093305,0.21507755,,,,,,0.0299923121929168,2.043320936174096e-20,0.0547624304890632,,,,,,,,,,
1700747556782-2-15-4-25-2,Fear,Incorrect,Neutral,5,0.6465664,0.27038953,,,,,,0.0297692809253931,1.4400899425057103e-20,0.0516799613833427,,,,,,,,,,
1700747556782-2-15-4-25-2,Fear,Incorrect,Neutral,6,0.58549124,0.34408545,,,,,,0.0295887012034654,1.0149456032824499e-20,0.0494757480919361,,,,,,,,,,
1700747556782-2-15-4-25-2,Fear,Incorrect,Neutral,7,0.51588583,0.4246084,,,,,,0.0294419769197702,7.153163092706648e-21,0.0501668229699134,,,,,,,,,,
1700747556782-2-15-4-25-2,Fear,Incorrect,Neutral,8,0.4319466,0.52060837,,,,,,0.0205047372728586,5.041401281117529e-21,0.0428771190345287,,,,,,,,,,
1700756720027-2-18-4-9-2,Fear,Correct,Fear,-8,0.11820508,0.11820508,,,,,,0.0503802374005317,0.0469484776258468,0.0225783828645944,,,,,,,,,,
1700756720027-2-18-4-9-2,Fear,Correct,Fear,-7,0.08584,0.08584,,,,,,0.0382059887051582,0.0401551201939582,0.0145086050033569,,,,,,,,,,
1700756720027-2-18-4-9-2,Fear,Correct,Fear,-6,0.059192233,0.059192233,,,,,,0.0390702709555625,0.052075982093811,0.0145805077627301,,,,,,,,,,
1700756720027-2-18-4-9-2,Fear,Correct,Fear,-5,0.041426275,0.041426275,,,,,,0.0397354438900947,0.0480623468756675,0.0146355712786316,,,,,,,,,,
1700756720027-2-18-4-9-2,Fear,Correct,Fear,-4,0.03170487,0.03170487,,,,,,0.0359077379107475,0.0125723639503121,0.0106826834380626,,,,,,,,,,
1700756720027-2-18-4-9-2,Fear,Correct,Fear,-3,0.028153792,0.028153792,,,,,,0.0437752082943916,0.0138866184279322,0.0140714570879936,,,,,,,,,,
1700756720027-2-18-4-9-2,Fear,Correct,Fear,-2,0.027783418,0.027783418,,,,,,0.0613671466708183,0.0214464943856,0.0327008217573165,,,,,,,,,,
1700756720027-2-18-4-9-2,Fear,Correct,Fear,-1,0.060557913,0.060557913,,,,,,0.0798477679491043,0.0485700145363807,0.0518069565296173,,,,,,,,,,
1700756720027-2-18-4-9-2,Fear,Correct,Fear,0,0.5204781,0.5204781,,,,,,0.3543984293937683,0.1032069399952888,0.326922744512558,,,,,,,,,,
1700756720027-2-18-4-9-2,Fear,Correct,Fear,1,0.591686,0.591686,,,,,,0.4467209577560425,0.1530842334032058,0.4103566408157348,,,,,,,,,,
1700756720027-2-18-4-9-2,Fear,Correct,Fear,2,0.46803176,0.46803176,,,,,,0.3670839071273803,0.1344087868928909,0.3389986157417297,,,,,,,,,,
1700756720027-2-18-4-9-2,Fear,Correct,Fear,3,0.4169153,0.4169153,,,,,,0.3248364627361297,0.2602742612361908,0.2972393631935119,,,,,,,,,,
1700756720027-2-18-4-9-2,Fear,Correct,Fear,4,0.5084824,0.5084824,,,,,,0.2999737858772278,0.3736469149589538,0.2725653946399688,,,,,,,,,,
1700756720027-2-18-4-9-2,Fear,Correct,Fear,5,0.58078825,0.58078825,,,,,,0.2846832871437073,0.3521219491958618,0.25733682513237,,,,,,,,,,
1700756720027-2-18-4-9-2,Fear,Correct,Fear,6,0.65507156,0.65507156,,,,,,0.274905115365982,0.444126158952713,0.2468481659889221,,,,,,,,,,
1700756720027-2-18-4-9-2,Fear,Correct,Fear,7,0.7227673,0.7227673,,,,,,0.274905115365982,0.444126158952713,0.2468481659889221,,,,,,,,,,
1700756720027-2-18-4-9-2,Fear,Correct,Fear,8,0.7321998,0.7321998,,,,,,0.2357161790132522,0.3817637860774994,0.2026514112949371,,,,,,,,,,
1701085490489-2-23-2-3-2,Fear,Incorrect,Happiness,-8,0.08531772,0.0049001295,,,,,,0.0209180787205696,1.037492797907573e-21,7.241076627195753e-10,,,,,,,,,,
1701085490489-2-23-2-3-2,Fear,Incorrect,Happiness,-7,0.08161927,0.0038797942,,,,,,0.0241572950035333,4.25555849461102e-22,0.0013963542878627,,,,,,,,,,
1701085490489-2-23-2-3-2,Fear,Incorrect,Happiness,-6,0.07877061,0.0032561347,,,,,,0.0241572950035333,4.25555849461102e-22,0.0013963542878627,,,,,,,,,,
1701085490489-2-23-2-3-2,Fear,Incorrect,Happiness,-5,0.0852999,0.0030569376,,,,,,0.0537277981638908,1.850847670152629e-22,0.0280522536486387,,,,,,,,,,
1701085490489-2-23-2-3-2,Fear,Incorrect,Happiness,-4,0.09522197,0.0034649987,,,,,,0.0545974932610988,1.2406500022299892e-22,0.0313166305422782,,,,,,,,,,
1701085490489-2-23-2-3-2,Fear,Incorrect,Happiness,-3,0.10687693,0.0040679704,,,,,,0.0545974932610988,1.2406500022299892e-22,0.0313166305422782,,,,,,,,,,
1701085490489-2-23-2-3-2,Fear,Incorrect,Happiness,-2,0.13899817,0.0071968557,,,,,,0.067008763551712,5.710410738334931e-23,0.0507420785725116,,,,,,,,,,
1701085490489-2-23-2-3-2,Fear,Incorrect,Happiness,-1,0.17449926,0.012582035,,,,,,0.067008763551712,5.710410738334931e-23,0.0507420785725116,,,,,,,,,,
1701085490489-2-23-2-3-2,Fear,Incorrect,Happiness,0,0.27324647,0.082486145,,,,,,0.0990842208266258,0.0053419875912368,0.077909454703331,,,,,,,,,,
1701085490489-2-23-2-3-2,Fear,Incorrect,Happiness,1,0.19964072,0.5098792,,,,,,0.1086674705147743,0.0033440613187849,0.0763194486498832,,,,,,,,,,
1701085490489-2-23-2-3-2,Fear,Incorrect,Happiness,2,0.04279961,0.88278705,,,,,,0.1086674705147743,0.0033440613187849,0.0763194486498832,,,,,,,,,,
1701085490489-2-23-2-3-2,Fear,Incorrect,Happiness,3,0.011817457,0.9613602,,,,,,0.1212400197982788,0.0057425578124821,0.0806594938039779,,,,,,,,,,
1701085490489-2-23-2-3-2,Fear,Incorrect,Happiness,4,0.0047450676,0.9816737,,,,,,0.1212400197982788,0.0057425578124821,0.0806594938039779,,,,,,,,,,
1701085490489-2-23-2-3-2,Fear,Incorrect,Happiness,5,0.0026847427,0.98870647,,,,,,0.1639675199985504,0.034503124654293,0.1091922521591186,,,,,,,,,,
1701085490489-2-23-2-3-2,Fear,Incorrect,Happiness,6,0.0022642848,0.99009985,,,,,,0.2037386447191238,0.0814132392406463,0.1474306881427765,,,,,,,,,,
1701085490489-2-23-2-3-2,Fear,Incorrect,Happiness,7,0.002200581,0.9902587,,,,,,0.2491880804300308,0.129501610994339,0.1907918006181717,,,,,,,,,,
1701085490489-2-23-2-3-2,Fear,Incorrect,Happiness,8,0.0029377085,0.9876552,,,,,,0.3593821227550506,0.2480834573507309,0.2397481203079223,,,,,,,,,,
1701085508188-2-23-2-10-2,Fear,Incorrect,Happiness,-8,0.013161637,0.944142,,,,,,0.0205247979611158,1.7903109437185594e-20,0.0066088628955185,,,,,,,,,,
1701085508188-2-23-2-10-2,Fear,Incorrect,Happiness,-7,0.016178532,0.9333919,,,,,,0.0176128894090652,1.2598318581732767e-20,0.0074022808112204,,,,,,,,,,
1701085508188-2-23-2-10-2,Fear,Incorrect,Happiness,-6,0.01914248,0.92467755,,,,,,0.0197386182844638,8.867749367196386e-21,0.008027235046029,,,,,,,,,,
1701085508188-2-23-2-10-2,Fear,Incorrect,Happiness,-5,0.022044048,0.92115515,,,,,,0.0338165387511253,6.243298346228129e-21,0.0085233794525265,,,,,,,,,,
1701085508188-2-23-2-10-2,Fear,Incorrect,Happiness,-4,0.026258204,0.9185531,,,,,,0.0421891286969184,4.3963449983746506e-21,0.0168022736907005,,,,,,,,,,
1701085508188-2-23-2-10-2,Fear,Incorrect,Happiness,-3,0.02923869,0.9191549,,,,,,0.0528044961392879,3.0962483063498294e-21,0.0367618128657341,,,,,,,,,,
1701085508188-2-23-2-10-2,Fear,Incorrect,Happiness,-2,0.034864556,0.91442895,,,,,,0.1382539570331573,0.0178895313292741,0.143424779176712,,,,,,,,,,
1701085508188-2-23-2-10-2,Fear,Incorrect,Happiness,-1,0.0553738,0.87832093,,,,,,0.2528359293937683,0.0103038186207413,0.2619430422782898,,,,,,,,,,
1701085508188-2-23-2-10-2,Fear,Incorrect,Happiness,0,0.16486105,0.6549921,,,,,,0.5491476058959961,0.0706062018871307,0.5215389728546143,,,,,,,,,,
1701085612711-2-23-3-5-2,Fear,Incorrect,Surprise,-8,0.0024594276,0.0020561775,,,,,,0.1495456844568252,1.387812960492668e-28,0.1954603791236877,,,,,,,,,,
1701085612711-2-23-3-5-2,Fear,Incorrect,Surprise,-7,0.0029430992,0.002547045,,,,,,0.1702664494514465,9.781014574796647e-29,0.2047059088945388,,,,,,,,,,
1701085612711-2-23-3-5-2,Fear,Incorrect,Surprise,-6,0.0038827667,0.003513112,,,,,,0.2202049195766449,0.0088355178013443,0.2326748371124267,,,,,,,,,,
1701085612711-2-23-3-5-2,Fear,Incorrect,Surprise,-5,0.0062290984,0.006250459,,,,,,0.3764004111289978,0.1669215559959411,0.34055957198143,,,,,,,,,,
1701085612711-2-23-3-5-2,Fear,Incorrect,Surprise,-4,0.009612957,0.010827415,,,,,,0.3764004111289978,0.1669215559959411,0.34055957198143,,,,,,,,,,
1701085612711-2-23-3-5-2,Fear,Incorrect,Surprise,-3,0.024841214,0.031630635,,,,,,0.469372808933258,0.3640881180763244,0.4105776250362396,,,,,,,,,,
1701085612711-2-23-3-5-2,Fear,Incorrect,Surprise,-2,0.070052356,0.09800956,,,,,,0.456246554851532,0.2097722589969635,0.4107893705368042,,,,,,,,,,
1701085612711-2-23-3-5-2,Fear,Incorrect,Surprise,-1,0.18663359,0.27675256,,,,,,0.5273080468177795,0.3641263544559479,0.4919259250164032,,,,,,,,,,
1701085612711-2-23-3-5-2,Fear,Incorrect,Surprise,0,0.31354448,0.46775678,,,,,,0.6424050331115723,0.3719454705715179,0.5870646834373474,,,,,,,,,,
1701085612711-2-23-3-5-2,Fear,Incorrect,Surprise,1,0.36588076,0.5316539,,,,,,0.6608788967132568,0.4454484283924103,0.6130447387695312,,,,,,,,,,
1701085612711-2-23-3-5-2,Fear,Incorrect,Surprise,2,0.4013763,0.5386957,,,,,,0.6533863544464111,0.3888492882251739,0.6105556488037109,,,,,,,,,,
1701085612711-2-23-3-5-2,Fear,Incorrect,Surprise,3,0.42012843,0.5399806,,,,,,0.6508912444114685,0.4244666993618011,0.6034977436065674,,,,,,,,,,
1701085635772-2-23-3-16-2,Fear,Incorrect,Happiness,-8,0.012331176,0.89780456,,,,,,0.1285147666931152,0.1815765798091888,0.0637158975005149,,,,,,,,,,
1701085635772-2-23-3-16-2,Fear,Incorrect,Happiness,-7,0.012199725,0.90127647,,,,,,0.1214874535799026,0.1836615800857544,0.0512219071388244,,,,,,,,,,
1701085635772-2-23-3-16-2,Fear,Incorrect,Happiness,-6,0.011783073,0.9069336,,,,,,0.1250929683446884,0.1925020962953567,0.0564179494976997,,,,,,,,,,
1701085635772-2-23-3-16-2,Fear,Incorrect,Happiness,-5,0.011255106,0.9136115,,,,,,0.1233654841780662,0.1562375575304031,0.0467740558087825,,,,,,,,,,
1701085635772-2-23-3-16-2,Fear,Incorrect,Happiness,-4,0.011600482,0.9140995,,,,,,0.1181413158774375,0.0997496619820594,0.0320566482841968,,,,,,,,,,
1701085635772-2-23-3-16-2,Fear,Incorrect,Happiness,-3,0.011975325,0.91504276,,,,,,0.1228104531764984,0.1154972910881042,0.0335856340825557,,,,,,,,,,
1701085635772-2-23-3-16-2,Fear,Incorrect,Happiness,-2,0.011841861,0.91694146,,,,,,0.1178161427378654,0.1329879313707351,0.0245741736143827,,,,,,,,,,
1701085635772-2-23-3-16-2,Fear,Incorrect,Happiness,-1,0.013385374,0.9152684,,,,,,0.0536727383732795,0.0355999544262886,0.0161726847290992,,,,,,,,,,
1701085635772-2-23-3-16-2,Fear,Incorrect,Happiness,0,0.018473241,0.9080969,,,,,,0.047826912254095,0.1148648932576179,0.0110333040356636,,,,,,,,,,
1701085635772-2-23-3-16-2,Fear,Incorrect,Happiness,1,0.021118462,0.9076316,,,,,,0.0246643889695405,0.2089004814624786,0.0077622276730835,,,,,,,,,,
1701085635772-2-23-3-16-2,Fear,Incorrect,Happiness,2,0.022662528,0.91064376,,,,,,0.0295460112392902,0.1869399845600128,0.0056057055480778,,,,,,,,,,
1701085635772-2-23-3-16-2,Fear,Incorrect,Happiness,3,0.027062228,0.903826,,,,,,0.0325959585607051,0.1526714414358139,0.0041390531696379,,,,,,,,,,
1701085635772-2-23-3-16-2,Fear,Incorrect,Happiness,4,0.031816695,0.8956132,,,,,,0.0189087260514497,0.1177892833948135,0.0031138157937675,,,,,,,,,,
1701085635772-2-23-3-16-2,Fear,Incorrect,Happiness,5,0.0359016,0.8899158,,,,,,0.0145749812945723,0.086939089000225,0.0023796746972948,,,,,,,,,,
1701085643199-2-23-3-20-2,Fear,Incorrect,Neutral,-8,0.09686722,0.17999722,,,,,,0.006526231765747,1.6170776007129464e-07,0.0014304207870736,,,,,,,,,,
1701085643199-2-23-3-20-2,Fear,Incorrect,Neutral,-7,0.12514082,0.2795759,,,,,,0.0051757749170064,1.1147232470420933e-07,0.0011379427742213,,,,,,,,,,
1701085643199-2-23-3-20-2,Fear,Incorrect,Neutral,-6,0.14204857,0.39803052,,,,,,0.0041339895687997,7.71353256823204e-08,0.0009112405823543,,,,,,,,,,
1701085643199-2-23-3-20-2,Fear,Incorrect,Neutral,-5,0.15252583,0.517314,,,,,,0.0033214450813829,5.3543644185083394e-08,0.0007337041315622,,,,,,,,,,
1701085643199-2-23-3-20-2,Fear,Incorrect,Neutral,-4,0.16004539,0.59285337,,,,,,0.0026817463804036,3.7264886287857735e-08,0.0057370238937437,,,,,,,,,,
1701085643199-2-23-3-20-2,Fear,Incorrect,Neutral,-3,0.17504805,0.63413477,,,,,,0.0021740933880209,2.5991520047341516e-08,0.0045526050962507,,,,,,,,,,
1701085643199-2-23-3-20-2,Fear,Incorrect,Neutral,-2,0.19536133,0.64224494,,,,,,0.0017685136990621,1.8161168569008623e-08,0.0036380726378411,,,,,,,,,,
1701085643199-2-23-3-20-2,Fear,Incorrect,Neutral,-1,0.22072937,0.6327267,,,,,,0.0014426377601921,1.2708708752029452e-08,0.0029242224991321,,,,,,,,,,
1701085643199-2-23-3-20-2,Fear,Incorrect,Neutral,0,0.25238234,0.60422343,,,,,,0.0011795463506132,8.904126325148809e-09,0.0023618331179022,,,,,,,,,,
1701085643199-2-23-3-20-2,Fear,Incorrect,Neutral,1,0.28030688,0.5790945,,,,,,0.0009662969969213,6.244894379392463e-09,0.0019152874592691,,,,,,,,,,
1701085643199-2-23-3-20-2,Fear,Incorrect,Neutral,2,0.30839598,0.54426616,,,,,,0.0141904484480619,4.383542417940589e-09,0.0015583570348098,,,,,,,,,,
1701085643199-2-23-3-20-2,Fear,Incorrect,Neutral,3,0.3259972,0.51373214,,,,,,0.0111476453021168,3.0791187377587903e-09,0.0012714515905827,,,,,,,,,,
1701085643199-2-23-3-20-2,Fear,Incorrect,Neutral,4,0.34034336,0.4761559,,,,,,0.0153288468718528,2.164117995917536e-09,0.0138581972569227,,,,,,,,,,
1701085643199-2-23-3-20-2,Fear,Incorrect,Neutral,5,0.3379584,0.44916368,,,,,,0.0118796443566679,1.5217469506723091e-09,0.0128246704116463,,,,,,,,,,
1701085798672-2-23-4-9-2,Fear,Incorrect,Surprise,-8,0.056691937,0.007402025,,,,,,0.0661424249410629,6.926655548368825e-15,0.0124710956588387,,,,,,,,,,
1701085798672-2-23-4-9-2,Fear,Incorrect,Surprise,-7,0.05128011,0.0066227387,,,,,,0.0661424249410629,6.926655548368825e-15,0.0124710956588387,,,,,,,,,,
1701085798672-2-23-4-9-2,Fear,Incorrect,Surprise,-6,0.048572253,0.0064306385,,,,,,0.0793501436710357,3.4405821866935558e-15,0.020924299955368,,,,,,,,,,
1701085798672-2-23-4-9-2,Fear,Incorrect,Surprise,-5,0.047868036,0.0066370023,,,,,,0.0808077678084373,2.424859663378246e-15,0.0249007269740104,,,,,,,,,,
1701085798672-2-23-4-9-2,Fear,Incorrect,Surprise,-4,0.046532817,0.0068406714,,,,,,0.0808077678084373,2.424859663378246e-15,0.0249007269740104,,,,,,,,,,
1701085798672-2-23-4-9-2,Fear,Incorrect,Surprise,-3,0.079041116,0.013188534,,,,,,0.0488348752260208,1.2044679337431697e-15,0.0236342716962099,,,,,,,,,,
1701085798672-2-23-4-9-2,Fear,Incorrect,Surprise,-2,0.1376831,0.030776426,,,,,,0.0410977266728878,5.982804935298345e-16,0.0151619110256433,,,,,,,,,,
1701085798672-2-23-4-9-2,Fear,Incorrect,Surprise,-1,0.21764457,0.06884505,,,,,,0.0368496216833591,4.2165538342335486e-16,0.0113311242312192,,,,,,,,,,
1701085798672-2-23-4-9-2,Fear,Incorrect,Surprise,0,0.3086272,0.14595585,,,,,,0.0361427515745162,2.094416149377244e-16,0.0133689036592841,,,,,,,,,,
1701085798672-2-23-4-9-2,Fear,Incorrect,Surprise,1,0.3697776,0.25312623,,,,,,0.0639926195144653,1.476106847125532e-16,0.015555496327579,,,,,,,,,,
1701085798672-2-23-4-9-2,Fear,Incorrect,Surprise,2,0.37502342,0.3718339,,,,,,0.0639926195144653,1.476106847125532e-16,0.015555496327579,,,,,,,,,,
1701085798672-2-23-4-9-2,Fear,Incorrect,Surprise,3,0.34088555,0.4817037,,,,,,0.0704617127776146,0.0178917106240987,0.0291018970310688,,,,,,,,,,
1701085798672-2-23-4-9-2,Fear,Incorrect,Surprise,4,0.29639265,0.5610328,,,,,,0.0704617127776146,0.0178917106240987,0.0291018970310688,,,,,,,,,,
1701085798672-2-23-4-9-2,Fear,Incorrect,Surprise,5,0.25919887,0.60760146,,,,,,0.0892904996871948,0.0231364220380783,0.0373365841805934,,,,,,,,,,
1701085798672-2-23-4-9-2,Fear,Incorrect,Surprise,6,0.23930472,0.62521017,,,,,,0.1096539869904518,0.0248350668698549,0.0425486974418163,,,,,,,,,,
1701085810970-2-23-4-16-2,Fear,Incorrect,Surprise,-8,0.0030728779,0.0013875181,,,,,,0.073813185095787,8.184131947445648e-14,0.0518232248723506,,,,,,,,,,
1701085810970-2-23-4-16-2,Fear,Incorrect,Surprise,-7,0.0036331306,0.0016721664,,,,,,0.0852673724293708,5.767986050808986e-14,0.0647897347807884,,,,,,,,,,
1701085810970-2-23-4-16-2,Fear,Incorrect,Surprise,-6,0.0044563534,0.0021087294,,,,,,0.108120709657669,4.0651547205490177e-14,0.0846534669399261,,,,,,,,,,
1701085810970-2-23-4-16-2,Fear,Incorrect,Surprise,-5,0.007961875,0.00391676,,,,,,0.1329103857278823,2.019229137465317e-14,0.1011148393154144,,,,,,,,,,
1701085810970-2-23-4-16-2,Fear,Incorrect,Surprise,-4,0.015118742,0.007969537,,,,,,0.2202406972646713,0.0178915299475193,0.1466351002454757,,,,,,,,,,
1701085810970-2-23-4-16-2,Fear,Incorrect,Surprise,-3,0.026119353,0.015531092,,,,,,0.2202406972646713,0.0178915299475193,0.1466351002454757,,,,,,,,,,
1701085810970-2-23-4-16-2,Fear,Incorrect,Surprise,-2,0.050559696,0.0371178,,,,,,0.3078935146331787,0.0363874025642871,0.2177452147006988,,,,,,,,,,
1701085810970-2-23-4-16-2,Fear,Incorrect,Surprise,-1,0.15969382,0.15792666,,,,,,0.4568066895008087,0.2397443354129791,0.364370584487915,,,,,,,,,,
1701085810970-2-23-4-16-2,Fear,Incorrect,Surprise,0,0.3306798,0.40792203,,,,,,0.5326204895973206,0.4045658707618713,0.4120742082595825,,,,,,,,,,
1701085810970-2-23-4-16-2,Fear,Incorrect,Surprise,1,0.42634597,0.5008005,,,,,,0.6109986305236816,0.4636417627334595,0.5063731074333191,,,,,,,,,,
1701085810970-2-23-4-16-2,Fear,Incorrect,Surprise,2,0.46532613,0.5100806,,,,,,0.6638892292976379,0.4763966798782348,0.5880245566368103,,,,,,,,,,
1701085810970-2-23-4-16-2,Fear,Incorrect,Surprise,3,0.45539594,0.5346157,,,,,,0.8113348484039307,0.6062150001525879,0.7371913194656372,,,,,,,,,,
1701085810970-2-23-4-16-2,Fear,Incorrect,Surprise,4,0.44863033,0.54567075,,,,,,0.8113348484039307,0.6062150001525879,0.7371913194656372,,,,,,,,,,
1701085810970-2-23-4-16-2,Fear,Incorrect,Surprise,5,0.41427577,0.5822703,,,,,,0.8451908826828003,0.5828434228897095,0.8180755972862244,,,,,,,,,,
1701085810970-2-23-4-16-2,Fear,Incorrect,Surprise,6,0.39110565,0.606397,,,,,,0.8534611463546753,0.6232460737228394,0.8127087354660034,,,,,,,,,,
1701085810970-2-23-4-16-2,Fear,Incorrect,Surprise,7,0.36014023,0.63790834,,,,,,0.8557432293891907,0.5848231315612793,0.8334910869598389,,,,,,,,,,
1701085823245-2-23-4-23-2,Fear,Incorrect,Surprise,-8,0.028697073,0.0050090207,,,,,,0.0100207710638642,1.5031510107801904e-12,0.013403239659965,,,,,,,,,,
1701085823245-2-23-4-23-2,Fear,Incorrect,Surprise,-7,0.027119381,0.0044751815,,,,,,0.0079346215352416,8.687988479680333e-13,0.0105077251791954,,,,,,,,,,
1701085823245-2-23-4-23-2,Fear,Incorrect,Surprise,-6,0.026581064,0.004120683,,,,,,0.0063292034901678,5.18303770128542e-13,0.0083123752847313,,,,,,,,,,
1701085823245-2-23-4-23-2,Fear,Incorrect,Surprise,-5,0.026414847,0.003906682,,,,,,0.0050796051509678,3.1764922723415134e-13,0.0066252714022994,,,,,,,,,,
1701085823245-2-23-4-23-2,Fear,Incorrect,Surprise,-4,0.027892312,0.003999999,,,,,,0.0068404180929064,1.9917510837245272e-13,0.005313760600984,,,,,,,,,,
1701085823245-2-23-4-23-2,Fear,Incorrect,Surprise,-3,0.038997233,0.0057227286,,,,,,0.0081606749445199,1.2732070714567556e-13,0.0064332806505262,,,,,,,,,,
1701085823245-2-23-4-23-2,Fear,Incorrect,Surprise,-2,0.099443346,0.016341997,,,,,,0.0601033121347427,8.272019408426395e-14,0.0609090812504291,,,,,,,,,,
1701085823245-2-23-4-23-2,Fear,Incorrect,Surprise,-1,0.22409447,0.04406998,,,,,,0.0601033121347427,8.272019408426395e-14,0.0609090812504291,,,,,,,,,,
1701085823245-2-23-4-23-2,Fear,Incorrect,Surprise,0,0.5030505,0.14865723,,,,,,0.1411023139953613,0.0963138863444328,0.1186793744564056,,,,,,,,,,
1701085823245-2-23-4-23-2,Fear,Incorrect,Surprise,1,0.56847,0.40045273,,,,,,0.4331593513488769,0.3911789655685425,0.4232238829135895,,,,,,,,,,
1701085823245-2-23-4-23-2,Fear,Incorrect,Surprise,2,0.39558312,0.59930634,,,,,,0.5755407810211182,0.4899225234985351,0.5652757883071899,,,,,,,,,,
1701085823245-2-23-4-23-2,Fear,Incorrect,Surprise,3,0.31497422,0.6826294,,,,,,0.5755407810211182,0.4899225234985351,0.5652757883071899,,,,,,,,,,
1701085823245-2-23-4-23-2,Fear,Incorrect,Surprise,4,0.30365464,0.6948347,,,,,,0.730842649936676,0.6498923897743225,0.7255853414535522,,,,,,,,,,
1701085823245-2-23-4-23-2,Fear,Incorrect,Surprise,5,0.31927124,0.67945564,,,,,,0.7514582276344299,0.6370788812637329,0.7470796704292297,,,,,,,,,,
1701085823245-2-23-4-23-2,Fear,Incorrect,Surprise,6,0.33681926,0.661984,,,,,,0.7514582276344299,0.6370788812637329,0.7470796704292297,,,,,,,,,,
1701085823245-2-23-4-23-2,Fear,Incorrect,Surprise,7,0.35306552,0.64577067,,,,,,0.7766100764274597,0.7378187775611877,0.7649437189102173,,,,,,,,,,
1701085823245-2-23-4-23-2,Fear,Incorrect,Surprise,8,0.3686797,0.63013417,,,,,,0.7563287019729614,0.7200598120689392,0.7578125,,,,,,,,,,
1701085827129-2-23-4-25-2,Fear,Incorrect,Surprise,-8,0.09335382,0.020672262,,,,,,2.4091652448987588e-05,4.547823948541918e-07,0.0001044737218762,,,,,,,,,,
1701085827129-2-23-4-25-2,Fear,Incorrect,Surprise,-7,0.0984029,0.020147681,,,,,,1.990526834561024e-05,3.147434028960561e-07,8.616918057668954e-05,,,,,,,,,,
1701085827129-2-23-4-25-2,Fear,Incorrect,Surprise,-6,0.11136476,0.020960705,,,,,,1.6448404494440183e-05,2.1850807740975145e-07,7.110203296178952e-05,,,,,,,,,,
1701085827129-2-23-4-25-2,Fear,Incorrect,Surprise,-5,0.13101494,0.022994168,,,,,,1.3593249605037272e-05,1.5209057835363637e-07,5.868999141966924e-05,,,,,,,,,,
1701085827129-2-23-4-25-2,Fear,Incorrect,Surprise,-4,0.1468985,0.024692206,,,,,,1.1234669727855362e-05,1.0608914635668044e-07,4.845884905080311e-05,,,,,,,,,,
1701085827129-2-23-4-25-2,Fear,Incorrect,Surprise,-3,0.15741295,0.027193928,,,,,,9.285984560847282e-06,7.413316893689625e-08,4.002089917776175e-05,,,,,,,,,,
1701085827129-2-23-4-25-2,Fear,Incorrect,Surprise,-2,0.19167277,0.03572931,,,,,,0.009375256486237,5.1879652573916246e-08,0.0055021159350872,,,,,,,,,,
1701085827129-2-23-4-25-2,Fear,Incorrect,Surprise,-1,0.256916,0.063469455,,,,,,0.0194257702678442,3.635058121176371e-08,0.0223728008568286,,,,,,,,,,
1701085827129-2-23-4-25-2,Fear,Incorrect,Surprise,0,0.36533463,0.13461845,,,,,,0.1130859479308128,0.0088187558576464,0.1086483299732208,,,,,,,,,,
1701085827129-2-23-4-25-2,Fear,Incorrect,Surprise,1,0.46865204,0.2794638,,,,,,0.2112289667129516,0.0444616861641407,0.1621664017438888,,,,,,,,,,
1701085827129-2-23-4-25-2,Fear,Incorrect,Surprise,2,0.44670308,0.4847018,,,,,,0.3753401935100555,0.2946772873401642,0.2820206582546234,,,,,,,,,,
1701085827129-2-23-4-25-2,Fear,Incorrect,Surprise,3,0.31812355,0.66616386,,,,,,0.4915604889392853,0.3691207766532898,0.4323501884937286,,,,,,,,,,
1701085827129-2-23-4-25-2,Fear,Incorrect,Surprise,4,0.23752601,0.7580103,,,,,,0.6726160645484924,0.4462600946426391,0.6130759119987488,,,,,,,,,,
1701085827129-2-23-4-25-2,Fear,Incorrect,Surprise,5,0.21906708,0.77878445,,,,,,0.7970257997512817,0.566294252872467,0.7806882262229919,,,,,,,,,,
1701085827129-2-23-4-25-2,Fear,Incorrect,Surprise,6,0.22055134,0.7779521,,,,,,0.8291513323783875,0.6234481930732727,0.8088490962982178,,,,,,,,,,
1701085827129-2-23-4-25-2,Fear,Incorrect,Surprise,7,0.22776538,0.77096504,,,,,,0.8354593515396118,0.6731518507003784,0.8286111354827881,,,,,,,,,,
1701085827129-2-23-4-25-2,Fear,Incorrect,Surprise,8,0.2360014,0.762844,,,,,,0.8612265586853027,0.7013620734214783,0.8657435774803162,,,,,,,,,,
1701094539306-2-27-2-3-2,Fear,Correct,Fear,-8,0.0012777348,0.0012777348,,,,,,0.206964761018753,0.4146241843700409,0.2022677809000015,,,,,,,,,,
1701094539306-2-27-2-3-2,Fear,Correct,Fear,-7,0.0017673182,0.0017673182,,,,,,0.206964761018753,0.4146241843700409,0.2022677809000015,,,,,,,,,,
1701094539306-2-27-2-3-2,Fear,Correct,Fear,-6,0.0031630045,0.0031630045,,,,,,0.202520951628685,0.4123449623584747,0.1993694901466369,,,,,,,,,,
1701094539306-2-27-2-3-2,Fear,Correct,Fear,-5,0.0073647695,0.0073647695,,,,,,0.1994073539972305,0.4836811423301697,0.1934105902910232,,,,,,,,,,
1701094539306-2-27-2-3-2,Fear,Correct,Fear,-4,0.020402024,0.020402024,,,,,,0.2058907598257064,0.5055985450744629,0.192128375172615,,,,,,,,,,
1701094539306-2-27-2-3-2,Fear,Correct,Fear,-3,0.042929716,0.042929716,,,,,,0.213485911488533,0.5642590522766113,0.200255811214447,,,,,,,,,,
1701094539306-2-27-2-3-2,Fear,Correct,Fear,-2,0.0795316,0.0795316,,,,,,0.2124150842428207,0.560097336769104,0.1979933679103851,,,,,,,,,,
1701094539306-2-27-2-3-2,Fear,Correct,Fear,-1,0.1282566,0.1282566,,,,,,0.2063090950250625,0.5239362716674805,0.1926501393318176,,,,,,,,,,
1701094539306-2-27-2-3-2,Fear,Correct,Fear,0,0.18825546,0.18825546,,,,,,0.2063090950250625,0.5239362716674805,0.1926501393318176,,,,,,,,,,
1701094539306-2-27-2-3-2,Fear,Correct,Fear,1,0.23219903,0.23219903,,,,,,0.2067824453115463,0.5779277086257935,0.1798521727323532,,,,,,,,,,
1701094539306-2-27-2-3-2,Fear,Correct,Fear,2,0.2798674,0.2798674,,,,,,0.2067824453115463,0.5779277086257935,0.1798521727323532,,,,,,,,,,
1701094539306-2-27-2-3-2,Fear,Correct,Fear,3,0.29156563,0.29156563,,,,,,0.1816096305847168,0.436920702457428,0.170696884393692,,,,,,,,,,
1701094539306-2-27-2-3-2,Fear,Correct,Fear,4,0.3102957,0.3102957,,,,,,0.1806988716125488,0.3791157603263855,0.1719973385334015,,,,,,,,,,
1701094539306-2-27-2-3-2,Fear,Correct,Fear,5,0.33152568,0.33152568,,,,,,0.1985911130905151,0.3482979834079742,0.2263624519109726,,,,,,,,,,
1701094539306-2-27-2-3-2,Fear,Correct,Fear,6,0.36708346,0.36708346,,,,,,0.2887474000453949,0.3946518003940582,0.333262950181961,,,,,,,,,,
1701094539306-2-27-2-3-2,Fear,Correct,Fear,7,0.42271954,0.42271954,,,,,,0.3986689448356628,0.4964285492897033,0.3989353775978088,,,,,,,,,,
1701094539306-2-27-2-3-2,Fear,Correct,Fear,8,0.4652938,0.4652938,,,,,,0.4627838134765625,0.4467465281486511,0.4494377970695495,,,,,,,,,,
1701094661584-2-27-3-5-2,Fear,Correct,Fear,-1,0.25388953,0.25388953,,,,,,0.104551300406456,0.0095278546214103,0.0834256559610366,,,,,,,,,,
1701094661584-2-27-3-5-2,Fear,Correct,Fear,0,0.31423628,0.31423628,,,,,,0.1063200607895851,0.002779466100037,0.0827442556619644,,,,,,,,,,
1701094661584-2-27-3-5-2,Fear,Correct,Fear,1,0.3607674,0.3607674,,,,,,0.0995538383722305,0.000902421423234,0.0668203756213188,,,,,,,,,,
1701094661584-2-27-3-5-2,Fear,Correct,Fear,2,0.3918467,0.3918467,,,,,,0.098790243268013,0.0068439184688031,0.0697213113307952,,,,,,,,,,
1701094661584-2-27-3-5-2,Fear,Correct,Fear,3,0.4332433,0.4332433,,,,,,0.0948787555098533,0.002501081675291,0.0682289972901344,,,,,,,,,,
1701094661584-2-27-3-5-2,Fear,Correct,Fear,4,0.48306698,0.48306698,,,,,,0.0922642350196838,0.0009971372783184,0.0672152936458587,,,,,,,,,,
1701094661584-2-27-3-5-2,Fear,Correct,Fear,5,0.53615,0.53615,,,,,,0.0904643833637237,0.0004298761778045,0.0631173849105835,,,,,,,,,,
1701094661584-2-27-3-5-2,Fear,Correct,Fear,6,0.5790475,0.5790475,,,,,,0.0891927331686019,0.0001986838178709,0.0604126527905464,,,,,,,,,,
1701094661584-2-27-3-5-2,Fear,Correct,Fear,7,0.6095271,0.6095271,,,,,,0.081906758248806,5.064688957645558e-05,0.0566003546118736,,,,,,,,,,
1701094661584-2-27-3-5-2,Fear,Correct,Fear,8,0.6303316,0.6303316,,,,,,0.081906758248806,5.064688957645558e-05,0.0566003546118736,,,,,,,,,,
1701094684847-2-27-3-16-2,Fear,Incorrect,Disgust,-8,0.16948296,0.77536666,,,,,,0.2359085381031036,0.1777010411024093,0.238975703716278,,,,,,,,,,
1701094684847-2-27-3-16-2,Fear,Incorrect,Disgust,-7,0.16434833,0.7915371,,,,,,0.2359085381031036,0.1777010411024093,0.238975703716278,,,,,,,,,,
1701094684847-2-27-3-16-2,Fear,Incorrect,Disgust,-6,0.15583146,0.80736965,,,,,,0.2373552471399307,0.1304574757814407,0.2433671951293945,,,,,,,,,,
1701094684847-2-27-3-16-2,Fear,Incorrect,Disgust,-5,0.14636576,0.8218897,,,,,,0.2382831275463104,0.1406954228878021,0.2587521076202392,,,,,,,,,,
1701094684847-2-27-3-16-2,Fear,Incorrect,Disgust,-4,0.13636559,0.834444,,,,,,0.2509524226188659,0.0735871046781539,0.2671700716018677,,,,,,,,,,
1701094684847-2-27-3-16-2,Fear,Incorrect,Disgust,-3,0.13085875,0.8437668,,,,,,0.2581585347652435,0.0307175815105438,0.2678689360618591,,,,,,,,,,
1701094684847-2-27-3-16-2,Fear,Incorrect,Disgust,-2,0.13431895,0.84286803,,,,,,0.2546825110912323,0.0165864285081625,0.2493641823530197,,,,,,,,,,
1701094684847-2-27-3-16-2,Fear,Incorrect,Disgust,-1,0.1963408,0.7828051,,,,,,0.2519492208957672,0.0150723736733198,0.2377873510122299,,,,,,,,,,
1701094684847-2-27-3-16-2,Fear,Incorrect,Disgust,0,0.30852458,0.6703072,,,,,,0.2146437019109726,0.0019459578907117,0.2023025155067443,,,,,,,,,,
1701094684847-2-27-3-16-2,Fear,Incorrect,Disgust,1,0.37111977,0.60730857,,,,,,0.2044662237167358,0.0125453537330031,0.1954492479562759,,,,,,,,,,
1701094684847-2-27-3-16-2,Fear,Incorrect,Disgust,2,0.42964113,0.549486,,,,,,0.1726721376180648,0.0143771022558212,0.1715825349092483,,,,,,,,,,
1701094684847-2-27-3-16-2,Fear,Incorrect,Disgust,3,0.44891438,0.5290408,,,,,,0.1707741469144821,0.04012893140316,0.176867127418518,,,,,,,,,,
1701094684847-2-27-3-16-2,Fear,Incorrect,Disgust,4,0.48014587,0.4938651,,,,,,0.165050134062767,0.0206099096685647,0.1783869266510009,,,,,,,,,,
1701094684847-2-27-3-16-2,Fear,Incorrect,Disgust,5,0.49258667,0.47111553,,,,,,0.1537981033325195,0.0163365174084901,0.1761261969804763,,,,,,,,,,
1701094684847-2-27-3-16-2,Fear,Incorrect,Disgust,6,0.47723207,0.470427,,,,,,0.1541042923927307,0.0222899187356233,0.177606463432312,,,,,,,,,,
1701094684847-2-27-3-16-2,Fear,Incorrect,Disgust,7,0.39292353,0.5303545,,,,,,0.154305875301361,0.0171515978872776,0.1824202537536621,,,,,,,,,,
1701094684847-2-27-3-16-2,Fear,Incorrect,Disgust,8,0.34788695,0.53223836,,,,,,0.148315891623497,0.0156385172158479,0.1860710680484771,,,,,,,,,,
1701094692584-2-27-3-20-2,Fear,Incorrect,Surprise,-1,0.40309107,0.34074387,,,,,,0.2111438363790512,0.0503533221781253,0.2413711845874786,,,,,,,,,,
1701094692584-2-27-3-20-2,Fear,Incorrect,Surprise,0,0.47950992,0.43572307,,,,,,0.2108626812696457,0.0524227023124694,0.2411303222179412,,,,,,,,,,
1701094692584-2-27-3-20-2,Fear,Incorrect,Surprise,1,0.48308283,0.4750375,,,,,,0.2303522825241089,0.1048573702573776,0.244426816701889,,,,,,,,,,
1701094692584-2-27-3-20-2,Fear,Incorrect,Surprise,2,0.45871958,0.5121404,,,,,,0.2298152595758438,0.1073037013411521,0.2435161918401718,,,,,,,,,,
1701094692584-2-27-3-20-2,Fear,Incorrect,Surprise,3,0.44582745,0.5302738,,,,,,0.2294387221336364,0.0953469425439834,0.242843359708786,,,,,,,,,,
1701094692584-2-27-3-20-2,Fear,Incorrect,Surprise,4,0.428816,0.54974884,,,,,,0.2291683852672577,0.1040735021233558,0.2517924606800079,,,,,,,,,,
1701094692584-2-27-3-20-2,Fear,Incorrect,Surprise,5,0.40316477,0.5771727,,,,,,0.2522076964378357,0.0767682939767837,0.2621690928936004,,,,,,,,,,
1701094692584-2-27-3-20-2,Fear,Incorrect,Surprise,6,0.3782,0.60300946,,,,,,0.2589045763015747,0.0500918924808502,0.26011723279953,,,,,,,,,,
1701094692584-2-27-3-20-2,Fear,Incorrect,Surprise,7,0.360833,0.6208806,,,,,,0.2771051526069641,0.0745744630694389,0.2669318616390228,,,,,,,,,,
1701094692584-2-27-3-20-2,Fear,Incorrect,Surprise,8,0.3595499,0.6227508,,,,,,0.2922234237194061,0.0469744764268398,0.2740016281604767,,,,,,,,,,
1701094835647-2-27-4-9-2,Fear,Incorrect,Surprise,-8,0.21537481,0.07731027,,,,,,0.0531786791980266,0.0186457205563783,0.0067490395158529,,,,,,,,,,
1701094835647-2-27-4-9-2,Fear,Incorrect,Surprise,-7,0.18582779,0.06222587,,,,,,0.0415799356997013,0.0019649160094559,0.0059934700839221,,,,,,,,,,
1701094835647-2-27-4-9-2,Fear,Incorrect,Surprise,-6,0.16180156,0.051021148,,,,,,0.042599469423294,0.0220389310270547,0.0078305304050445,,,,,,,,,,
1701094835647-2-27-4-9-2,Fear,Incorrect,Surprise,-5,0.13724655,0.040602937,,,,,,0.0434160381555557,0.0160087943077087,0.009221157990396,,,,,,,,,,
1701094835647-2-27-4-9-2,Fear,Incorrect,Surprise,-4,0.13999014,0.047118083,,,,,,0.0492123998701572,0.0237110033631324,0.0205053631216287,,,,,,,,,,
1701094835647-2-27-4-9-2,Fear,Incorrect,Surprise,-3,0.08906222,0.042411976,,,,,,0.1588239967823028,0.0655444785952568,0.0955731496214866,,,,,,,,,,
1701094835647-2-27-4-9-2,Fear,Incorrect,Surprise,-2,0.066096514,0.042800684,,,,,,0.3186888992786407,0.0356395132839679,0.2971054911613464,,,,,,,,,,
1701094835647-2-27-4-9-2,Fear,Incorrect,Surprise,-1,0.04925974,0.04299089,,,,,,0.3186888992786407,0.0356395132839679,0.2971054911613464,,,,,,,,,,
1701094835647-2-27-4-9-2,Fear,Incorrect,Surprise,0,0.23473428,0.39122802,,,,,,0.6904281973838806,0.3668434619903564,0.6751989722251892,,,,,,,,,,
1701094835647-2-27-4-9-2,Fear,Incorrect,Surprise,1,0.26758367,0.667808,,,,,,0.7372366189956665,0.3566056191921234,0.7308034300804138,,,,,,,,,,
1701094835647-2-27-4-9-2,Fear,Incorrect,Surprise,2,0.23513238,0.7500397,,,,,,0.8280842900276184,0.3559955358505249,0.8068568110466003,,,,,,,,,,
1701094835647-2-27-4-9-2,Fear,Incorrect,Surprise,3,0.21286404,0.7806218,,,,,,0.8280842900276184,0.3559955358505249,0.8068568110466003,,,,,,,,,,
1701094848288-2-27-4-16-2,Fear,Correct,Fear,-8,0.34864813,0.34864813,,,,,,0.3634686768054962,0.3775755167007446,0.3175923824310303,,,,,,,,,,
1701094848288-2-27-4-16-2,Fear,Correct,Fear,-7,0.3411125,0.3411125,,,,,,0.3629624545574188,0.3728968501091003,0.3196682929992676,,,,,,,,,,
1701094848288-2-27-4-16-2,Fear,Correct,Fear,-6,0.35762587,0.35762587,,,,,,0.3987912833690643,0.4339377284049988,0.3362771272659302,,,,,,,,,,
1701094848288-2-27-4-16-2,Fear,Correct,Fear,-5,0.40138972,0.40138972,,,,,,0.4017128646373749,0.4740995764732361,0.3299371302127838,,,,,,,,,,
1701094848288-2-27-4-16-2,Fear,Correct,Fear,-4,0.43219465,0.43219465,,,,,,0.4029680490493774,0.4767543077468872,0.3339769244194031,,,,,,,,,,
1701094848288-2-27-4-16-2,Fear,Correct,Fear,-3,0.46463028,0.46463028,,,,,,0.398357480764389,0.4920725524425506,0.329525887966156,,,,,,,,,,
1701094848288-2-27-4-16-2,Fear,Correct,Fear,-2,0.50446343,0.50446343,,,,,,0.4009010195732116,0.4556431174278259,0.3268816769123077,,,,,,,,,,
1701094848288-2-27-4-16-2,Fear,Correct,Fear,-1,0.52224374,0.52224374,,,,,,0.4009010195732116,0.4556431174278259,0.3268816769123077,,,,,,,,,,
1701094848288-2-27-4-16-2,Fear,Correct,Fear,0,0.61107904,0.61107904,,,,,,0.4244000017642975,0.4383310377597809,0.330841064453125,,,,,,,,,,
1701094848288-2-27-4-16-2,Fear,Correct,Fear,1,0.6707948,0.6707948,,,,,,0.4181031882762909,0.4310108721256256,0.3265171349048614,,,,,,,,,,
1701094848288-2-27-4-16-2,Fear,Correct,Fear,2,0.7280783,0.7280783,,,,,,0.414057970046997,0.4154718220233917,0.3231855630874634,,,,,,,,,,
1701094848288-2-27-4-16-2,Fear,Correct,Fear,3,0.77686024,0.77686024,,,,,,0.4304432272911072,0.4081209301948547,0.3205898404121399,,,,,,,,,,
1701094848288-2-27-4-16-2,Fear,Correct,Fear,4,0.8036115,0.8036115,,,,,,0.4231685996055603,0.4663364291191101,0.326518177986145,,,,,,,,,,
1701094848288-2-27-4-16-2,Fear,Correct,Fear,5,0.8144568,0.8144568,,,,,,0.4173746705055237,0.5095841288566589,0.3302634954452514,,,,,,,,,,
1701094848288-2-27-4-16-2,Fear,Correct,Fear,6,0.82719105,0.82719105,,,,,,0.4083158075809479,0.5546298027038574,0.3285333514213562,,,,,,,,,,
1701094848288-2-27-4-16-2,Fear,Correct,Fear,7,0.83594567,0.83594567,,,,,,0.3879086375236511,0.5040189027786255,0.3314352929592132,,,,,,,,,,
1701094848288-2-27-4-16-2,Fear,Correct,Fear,8,0.84032243,0.84032243,,,,,,0.3922904431819916,0.5277021527290344,0.3373631238937378,,,,,,,,,,
1700479001137-2-1-1-2-3,Happiness,Correct,Happiness,-1,0.7559029,0.7559029,,,,,,,,,0.5522475242614746,0.552459180355072,0.3258740901947021,,,,,,,
1700479001137-2-1-1-2-3,Happiness,Correct,Happiness,0,0.96446824,0.96446824,,,,,,,,,0.5465008020401001,0.5501161217689514,0.3376380503177643,,,,,,,
1700479001137-2-1-1-2-3,Happiness,Correct,Happiness,1,0.99118704,0.99118704,,,,,,,,,0.5465008020401001,0.5501161217689514,0.3376380503177643,,,,,,,
1700479001137-2-1-1-2-3,Happiness,Correct,Happiness,2,0.9960335,0.9960335,,,,,,,,,0.5159409046173096,0.5161359310150146,0.3178707659244537,,,,,,,
1700479001137-2-1-1-2-3,Happiness,Correct,Happiness,3,0.9975413,0.9975413,,,,,,,,,0.5123201608657837,0.5123587250709534,0.3040317296981811,,,,,,,
1700479001137-2-1-1-2-3,Happiness,Correct,Happiness,4,0.99818486,0.99818486,,,,,,,,,0.5123201608657837,0.5123587250709534,0.3040317296981811,,,,,,,
1700479001137-2-1-1-2-3,Happiness,Correct,Happiness,5,0.998494,0.998494,,,,,,,,,0.5151842832565308,0.5150594711303711,0.3026246130466461,,,,,,,
1700479001137-2-1-1-2-3,Happiness,Correct,Happiness,6,0.9986891,0.9986891,,,,,,,,,0.5182700753211975,0.5182466506958008,0.3081755042076111,,,,,,,
1700479001137-2-1-1-2-3,Happiness,Correct,Happiness,7,0.9987488,0.9987488,,,,,,,,,0.4659394323825836,0.4812119603157043,0.2590914368629455,,,,,,,
1700479001137-2-1-1-2-3,Happiness,Correct,Happiness,8,0.99879694,0.99879694,,,,,,,,,0.4659394323825836,0.4812119603157043,0.2590914368629455,,,,,,,
1700479015441-2-1-1-8-3,Happiness,Correct,Happiness,-3,0.13195434,0.13195434,,,,,,,,,0.0303742829710245,0.0211060103029012,0.0244994834065437,,,,,,,
1700479015441-2-1-1-8-3,Happiness,Correct,Happiness,-2,0.13605781,0.13605781,,,,,,,,,0.0587002150714397,0.0571656040847301,0.0259582102298736,,,,,,,
1700479015441-2-1-1-8-3,Happiness,Correct,Happiness,-1,0.49168336,0.49168336,,,,,,,,,0.5780186057090759,0.5404141545295715,0.175301507115364,,,,,,,
1700479015441-2-1-1-8-3,Happiness,Correct,Happiness,0,0.84912664,0.84912664,,,,,,,,,0.5780186057090759,0.5404141545295715,0.175301507115364,,,,,,,
1700479015441-2-1-1-8-3,Happiness,Correct,Happiness,1,0.97443193,0.97443193,,,,,,,,,0.8046599626541138,0.7396467924118042,0.2554209530353546,,,,,,,
1700479015441-2-1-1-8-3,Happiness,Correct,Happiness,2,0.99363273,0.99363273,,,,,,,,,0.9176843762397766,0.8634609580039978,0.3250339329242706,,,,,,,
1700479015441-2-1-1-8-3,Happiness,Correct,Happiness,3,0.9972013,0.9972013,,,,,,,,,0.9176843762397766,0.8634609580039978,0.3250339329242706,,,,,,,
1700479015441-2-1-1-8-3,Happiness,Correct,Happiness,4,0.99846494,0.99846494,,,,,,,,,0.9941444396972656,0.9289515018463136,0.3638088405132293,,,,,,,
1700479015441-2-1-1-8-3,Happiness,Correct,Happiness,5,0.99887747,0.99887747,,,,,,,,,0.9941444396972656,0.9289515018463136,0.3638088405132293,,,,,,,
1700479015441-2-1-1-8-3,Happiness,Correct,Happiness,6,0.99907887,0.99907887,,,,,,,,,0.994204044342041,0.9446852803230286,0.4043835997581482,,,,,,,
1700479015441-2-1-1-8-3,Happiness,Correct,Happiness,7,0.99918264,0.99918264,,,,,,,,,0.9942063689231871,0.9453094005584716,0.4060041308403015,,,,,,,
1700479015441-2-1-1-8-3,Happiness,Correct,Happiness,8,0.9992378,0.9992378,,,,,,,,,0.9942063689231871,0.9453094005584716,0.4060041308403015,,,,,,,
1700479245714-2-1-3-4-3,Happiness,Correct,Happiness,-8,0.025552088,0.025552088,,,,,,,,,0.0208852998912334,0.0230410583317279,0.0108623653650283,,,,,,,
1700479245714-2-1-3-4-3,Happiness,Correct,Happiness,-7,0.029706478,0.029706478,,,,,,,,,0.0208852998912334,0.0230410583317279,0.0108623653650283,,,,,,,
1700479245714-2-1-3-4-3,Happiness,Correct,Happiness,-6,0.035050575,0.035050575,,,,,,,,,0.0245393980294466,0.0253334250301122,0.0208839457482099,,,,,,,
1700479245714-2-1-3-4-3,Happiness,Correct,Happiness,-5,0.03956203,0.03956203,,,,,,,,,0.0186047367751598,0.0185506455600261,0.0171328466385602,,,,,,,
1700479245714-2-1-3-4-3,Happiness,Correct,Happiness,-4,0.04550231,0.04550231,,,,,,,,,0.023416394367814,0.0232277549803257,0.0230241827666759,,,,,,,
1700479245714-2-1-3-4-3,Happiness,Correct,Happiness,-3,0.050446577,0.050446577,,,,,,,,,0.017626516520977,0.0252485927194356,0.0253234766423702,,,,,,,
1700479245714-2-1-3-4-3,Happiness,Correct,Happiness,-2,0.0586148,0.0586148,,,,,,,,,0.0228481702506542,0.0261791683733463,0.0262898541986942,,,,,,,
1700479245714-2-1-3-4-3,Happiness,Correct,Happiness,-1,0.105384775,0.105384775,,,,,,,,,0.081957995891571,0.0925717577338218,0.0267240088433027,,,,,,,
1700479245714-2-1-3-4-3,Happiness,Correct,Happiness,0,0.5323961,0.5323961,,,,,,,,,0.4228618144989013,0.4069019556045532,0.1564887017011642,,,,,,,
1700479245714-2-1-3-4-3,Happiness,Correct,Happiness,1,0.9449724,0.9449724,,,,,,,,,0.6088431477546692,0.5977254509925842,0.3179787397384643,,,,,,,
1700479245714-2-1-3-4-3,Happiness,Correct,Happiness,2,0.9926771,0.9926771,,,,,,,,,0.6665530800819397,0.6397764086723328,0.3774157166481018,,,,,,,
1700479245714-2-1-3-4-3,Happiness,Correct,Happiness,3,0.99778867,0.99778867,,,,,,,,,0.7050295472145081,0.67781662940979,0.4424973428249359,,,,,,,
1700479245714-2-1-3-4-3,Happiness,Correct,Happiness,4,0.99878937,0.99878937,,,,,,,,,0.7219375967979431,0.7052303552627563,0.4556575119495392,,,,,,,
1700479245714-2-1-3-4-3,Happiness,Correct,Happiness,5,0.9991881,0.9991881,,,,,,,,,0.7591102123260498,0.7427724599838257,0.5184483528137207,,,,,,,
1700479245714-2-1-3-4-3,Happiness,Correct,Happiness,6,0.9993389,0.9993389,,,,,,,,,0.7605268955230713,0.7442255020141602,0.5009645819664001,,,,,,,
1700479245714-2-1-3-4-3,Happiness,Correct,Happiness,7,0.9994253,0.9994253,,,,,,,,,0.770885705947876,0.7597391605377197,0.5201995968818665,,,,,,,
1700479245714-2-1-3-4-3,Happiness,Correct,Happiness,8,0.99945754,0.99945754,,,,,,,,,0.7714247107505798,0.7605417966842651,0.5114732980728149,,,,,,,
1700479260806-2-1-3-11-3,Happiness,Correct,Happiness,-8,0.0054893577,0.0054893577,,,,,,,,,0.3233401477336883,0.3174299001693725,0.1260132789611816,,,,,,,
1700479260806-2-1-3-11-3,Happiness,Correct,Happiness,-7,0.0058519617,0.0058519617,,,,,,,,,0.3303402960300445,0.3223080635070801,0.1284546107053756,,,,,,,
1700479260806-2-1-3-11-3,Happiness,Correct,Happiness,-6,0.007720865,0.007720865,,,,,,,,,0.3677124679088592,0.351565808057785,0.1369560360908508,,,,,,,
1700479260806-2-1-3-11-3,Happiness,Correct,Happiness,-5,0.011315428,0.011315428,,,,,,,,,0.4101868569850921,0.3982868194580078,0.1740664839744568,,,,,,,
1700479260806-2-1-3-11-3,Happiness,Correct,Happiness,-4,0.025356103,0.025356103,,,,,,,,,0.5127729773521423,0.5017528533935547,0.2672502100467682,,,,,,,
1700479260806-2-1-3-11-3,Happiness,Correct,Happiness,-3,0.069512025,0.069512025,,,,,,,,,0.6238320469856262,0.6076607704162598,0.3471254408359527,,,,,,,
1700479260806-2-1-3-11-3,Happiness,Correct,Happiness,-2,0.20257573,0.20257573,,,,,,,,,0.7286190390586853,0.701705813407898,0.429717868566513,,,,,,,
1700479260806-2-1-3-11-3,Happiness,Correct,Happiness,-1,0.45086688,0.45086688,,,,,,,,,0.7851789593696594,0.7683921456336975,0.4962425529956817,,,,,,,
1700479260806-2-1-3-11-3,Happiness,Correct,Happiness,0,0.73990804,0.73990804,,,,,,,,,0.8501063585281372,0.8337684273719788,0.5827398300170898,,,,,,,
1700479260806-2-1-3-11-3,Happiness,Correct,Happiness,1,0.91432756,0.91432756,,,,,,,,,0.8787437677383423,0.8624353408813477,0.6124140024185181,,,,,,,
1700479260806-2-1-3-11-3,Happiness,Correct,Happiness,2,0.98049796,0.98049796,,,,,,,,,0.8800421357154846,0.8637426495552063,0.655184805393219,,,,,,,
1700479260806-2-1-3-11-3,Happiness,Correct,Happiness,3,0.99460596,0.99460596,,,,,,,,,0.8903055191040039,0.8791218400001526,0.6318372488021851,,,,,,,
1700479260806-2-1-3-11-3,Happiness,Correct,Happiness,4,0.998092,0.998092,,,,,,,,,0.8909329771995544,0.8800452947616577,0.6556504964828491,,,,,,,
1700479260806-2-1-3-11-3,Happiness,Correct,Happiness,5,0.99895835,0.99895835,,,,,,,,,0.8811255097389221,0.8801109790802002,0.6423560976982117,,,,,,,
1700479260806-2-1-3-11-3,Happiness,Correct,Happiness,6,0.9992716,0.9992716,,,,,,,,,0.8899853229522705,0.8801164627075195,0.6659983992576599,,,,,,,
1700479260806-2-1-3-11-3,Happiness,Correct,Happiness,7,0.9994252,0.9994252,,,,,,,,,0.915422797203064,0.8996713161468506,0.6928935050964355,,,,,,,
1700479422411-2-1-4-6-3,Happiness,Correct,Happiness,-8,0.15794463,0.15794463,,,,,,,,,0.0623748041689395,0.0508920215070247,0.032813224941492,,,,,,,
1700479422411-2-1-4-6-3,Happiness,Correct,Happiness,-7,0.17929703,0.17929703,,,,,,,,,0.0717659294605255,0.0692486688494682,0.0473717153072357,,,,,,,
1700479422411-2-1-4-6-3,Happiness,Correct,Happiness,-6,0.18523686,0.18523686,,,,,,,,,0.0660022422671318,0.0627862960100174,0.0436908975243568,,,,,,,
1700479422411-2-1-4-6-3,Happiness,Correct,Happiness,-5,0.20461126,0.20461126,,,,,,,,,0.0655741915106773,0.0719643533229827,0.0415457151830196,,,,,,,
1700479422411-2-1-4-6-3,Happiness,Correct,Happiness,-4,0.2186683,0.2186683,,,,,,,,,0.0653837323188781,0.0746597796678543,0.0402592420578002,,,,,,,
1700479422411-2-1-4-6-3,Happiness,Correct,Happiness,-3,0.23318608,0.23318608,,,,,,,,,0.0853023827075958,0.096994936466217,0.0394684821367263,,,,,,,
1700479422411-2-1-4-6-3,Happiness,Correct,Happiness,-2,0.2714031,0.2714031,,,,,,,,,0.1229922473430633,0.1247835382819175,0.0487828515470027,,,,,,,
1700479422411-2-1-4-6-3,Happiness,Correct,Happiness,-1,0.51590157,0.51590157,,,,,,,,,0.304634541273117,0.3046673536300659,0.1095195412635803,,,,,,,
1700479422411-2-1-4-6-3,Happiness,Correct,Happiness,0,0.91893476,0.91893476,,,,,,,,,0.6700053811073303,0.6323075294494629,0.2407429069280624,,,,,,,
1700479422411-2-1-4-6-3,Happiness,Correct,Happiness,1,0.9866931,0.9866931,,,,,,,,,0.7849531173706055,0.730804979801178,0.2849137187004089,,,,,,,
1700479422411-2-1-4-6-3,Happiness,Correct,Happiness,2,0.99588996,0.99588996,,,,,,,,,0.8778226375579834,0.8233294486999512,0.3233761489391327,,,,,,,
1700479422411-2-1-4-6-3,Happiness,Correct,Happiness,3,0.99804074,0.99804074,,,,,,,,,0.9276652932167052,0.8785405158996582,0.3511830866336822,,,,,,,
1700479422411-2-1-4-6-3,Happiness,Correct,Happiness,4,0.99871945,0.99871945,,,,,,,,,0.9447733163833618,0.8905787467956543,0.3783279657363891,,,,,,,
1700479422411-2-1-4-6-3,Happiness,Correct,Happiness,5,0.99901664,0.99901664,,,,,,,,,0.955771505832672,0.9014227986335754,0.3901934921741485,,,,,,,
1700479422411-2-1-4-6-3,Happiness,Correct,Happiness,6,0.9991478,0.9991478,,,,,,,,,0.9665781855583192,0.9174288511276244,0.4060626029968261,,,,,,,
1700479422411-2-1-4-6-3,Happiness,Correct,Happiness,7,0.99922085,0.99922085,,,,,,,,,0.9825603365898132,0.9284411072731018,0.4172340929508209,,,,,,,
1700479422411-2-1-4-6-3,Happiness,Correct,Happiness,8,0.9992555,0.9992555,,,,,,,,,0.9679630994796752,0.9187808632850648,0.3945930302143097,,,,,,,
1700479435090-2-1-4-13-3,Happiness,Correct,Happiness,-1,0.86992973,0.86992973,,,,,,,,,0.7020716667175293,0.6908997297286987,0.5303983688354492,,,,,,,
1700479435090-2-1-4-13-3,Happiness,Correct,Happiness,0,0.9882693,0.9882693,,,,,,,,,0.6599017381668091,0.6440308094024658,0.4862414300441742,,,,,,,
1700479435090-2-1-4-13-3,Happiness,Correct,Happiness,1,0.9973808,0.9973808,,,,,,,,,0.6779312491416931,0.6667332053184509,0.5194960832595825,,,,,,,
1700479435090-2-1-4-13-3,Happiness,Correct,Happiness,2,0.9988607,0.9988607,,,,,,,,,0.6779312491416931,0.6667332053184509,0.5194960832595825,,,,,,,
1700479435090-2-1-4-13-3,Happiness,Correct,Happiness,3,0.99925786,0.99925786,,,,,,,,,0.6813428997993469,0.6608663201332092,0.4875064194202423,,,,,,,
1700479435090-2-1-4-13-3,Happiness,Correct,Happiness,4,0.9994419,0.9994419,,,,,,,,,0.6813428997993469,0.6608663201332092,0.4875064194202423,,,,,,,
1700479435090-2-1-4-13-3,Happiness,Correct,Happiness,5,0.9994406,0.9994406,,,,,,,,,0.6198028326034546,0.598289430141449,0.3731544017791748,,,,,,,
1700479435090-2-1-4-13-3,Happiness,Correct,Happiness,6,0.9994618,0.9994618,,,,,,,,,0.6053406000137329,0.587030827999115,0.3762854933738708,,,,,,,
1700479435090-2-1-4-13-3,Happiness,Correct,Happiness,7,0.9994741,0.9994741,,,,,,,,,0.6053406000137329,0.587030827999115,0.3762854933738708,,,,,,,
1700479435090-2-1-4-13-3,Happiness,Correct,Happiness,8,0.9994723,0.9994723,,,,,,,,,0.5801790952682495,0.5621514916419983,0.3499859869480133,,,,,,,
1700567693686-2-8-1-2-3,Happiness,Correct,Happiness,-8,0.0025176443,0.0025176443,,,,,,,,,6.320612319007659e-24,1.213932786150178e-24,1.4658838289434346e-27,,,,,,,
1700567693686-2-8-1-2-3,Happiness,Correct,Happiness,-7,0.0025864784,0.0025864784,,,,,,,,,0.0058981156907975,0.0058981156907975,0.0058873509988188,,,,,,,
1700567693686-2-8-1-2-3,Happiness,Correct,Happiness,-6,0.0028454626,0.0028454626,,,,,,,,,0.0058981156907975,0.0058981156907975,0.0058873509988188,,,,,,,
1700567693686-2-8-1-2-3,Happiness,Correct,Happiness,-5,0.002832192,0.002832192,,,,,,,,,0.0038004124071449,0.0038004124071449,0.0037839412689208,,,,,,,
1700567693686-2-8-1-2-3,Happiness,Correct,Happiness,-4,0.0029922223,0.0029922223,,,,,,,,,0.0068683004938066,0.0016463142819702,0.0091241681948304,,,,,,,
1700567693686-2-8-1-2-3,Happiness,Correct,Happiness,-3,0.0058427164,0.0058427164,,,,,,,,,0.0300400238484144,0.0193480849266052,0.0099327769130468,,,,,,,
1700567693686-2-8-1-2-3,Happiness,Correct,Happiness,-2,0.028009469,0.028009469,,,,,,,,,0.1098317950963974,0.0931479856371879,0.0213070642203092,,,,,,,
1700567693686-2-8-1-2-3,Happiness,Correct,Happiness,-1,0.21727738,0.21727738,,,,,,,,,0.1787211447954177,0.1620058119297027,0.0471487343311309,,,,,,,
1700567693686-2-8-1-2-3,Happiness,Correct,Happiness,0,0.85046834,0.85046834,,,,,,,,,0.2818292677402496,0.2705496251583099,0.0957536548376083,,,,,,,
1700567693686-2-8-1-2-3,Happiness,Correct,Happiness,1,0.9862939,0.9862939,,,,,,,,,0.3616943955421448,0.3499520123004913,0.1557283848524093,,,,,,,
1700567693686-2-8-1-2-3,Happiness,Correct,Happiness,2,0.9966402,0.9966402,,,,,,,,,0.4181329309940338,0.3910031914710998,0.1951388418674469,,,,,,,
1700567693686-2-8-1-2-3,Happiness,Correct,Happiness,3,0.99832743,0.99832743,,,,,,,,,0.3839034736156463,0.3570272326469421,0.1862686276435852,,,,,,,
1700567693686-2-8-1-2-3,Happiness,Correct,Happiness,4,0.9987446,0.9987446,,,,,,,,,0.3665612637996673,0.3442308604717254,0.1649629175662994,,,,,,,
1700567693686-2-8-1-2-3,Happiness,Correct,Happiness,5,0.9989073,0.9989073,,,,,,,,,0.3665612637996673,0.3442308604717254,0.1649629175662994,,,,,,,
1700567693686-2-8-1-2-3,Happiness,Correct,Happiness,6,0.9989685,0.9989685,,,,,,,,,0.3665612637996673,0.3442308604717254,0.1649629175662994,,,,,,,
1700567693686-2-8-1-2-3,Happiness,Correct,Happiness,7,0.9989813,0.9989813,,,,,,,,,0.3665612637996673,0.3442308604717254,0.1649629175662994,,,,,,,
1700567693686-2-8-1-2-3,Happiness,Correct,Happiness,8,0.9990607,0.9990607,,,,,,,,,0.4315578043460846,0.4028375148773193,0.1906327009201049,,,,,,,
1700567702985-2-8-1-6-3,Happiness,Correct,Happiness,-8,0.101082735,0.101082735,,,,,,,,,4.0932896127385496e-18,9.198980119307087e-12,2.9684085588840666e-18,,,,,,,
1700567702985-2-8-1-6-3,Happiness,Correct,Happiness,-7,0.07139264,0.07139264,,,,,,,,,2.884845119042735e-18,6.483183347810728e-12,1.4099188075438256e-18,,,,,,,
1700567702985-2-8-1-6-3,Happiness,Correct,Happiness,-6,0.05493265,0.05493265,,,,,,,,,1.4329433798942393e-18,3.220272789747347e-12,3.758964095455084e-19,,,,,,,
1700567702985-2-8-1-6-3,Happiness,Correct,Happiness,-5,0.044107586,0.044107586,,,,,,,,,1.4329433798942393e-18,3.220272789747347e-12,3.758964095455084e-19,,,,,,,
1700567702985-2-8-1-6-3,Happiness,Correct,Happiness,-4,0.03652254,0.03652254,,,,,,,,,1.0099117375036216e-18,2.2695840432712666e-12,2.080333132682781e-19,,,,,,,
1700567702985-2-8-1-6-3,Happiness,Correct,Happiness,-3,0.047266364,0.047266364,,,,,,,,,0.019031411036849,0.0058982167392969,0.0076117250137031,,,,,,,
1700567702985-2-8-1-6-3,Happiness,Correct,Happiness,-2,0.06959928,0.06959928,,,,,,,,,0.019031411036849,0.0058982167392969,0.0076117250137031,,,,,,,
1700567702985-2-8-1-6-3,Happiness,Correct,Happiness,-1,0.16888894,0.16888894,,,,,,,,,0.0471663922071456,0.0299471523612737,0.0089791966602206,,,,,,,
1700567702985-2-8-1-6-3,Happiness,Correct,Happiness,0,0.6786986,0.6786986,,,,,,,,,0.1775863617658615,0.1508279144763946,0.0567572265863418,,,,,,,
1700567702985-2-8-1-6-3,Happiness,Correct,Happiness,1,0.9202818,0.9202818,,,,,,,,,0.1775863617658615,0.1508279144763946,0.0567572265863418,,,,,,,
1700567702985-2-8-1-6-3,Happiness,Correct,Happiness,2,0.97713715,0.97713715,,,,,,,,,0.2451339811086654,0.2072358727455139,0.0968528240919113,,,,,,,
1700567702985-2-8-1-6-3,Happiness,Correct,Happiness,3,0.9914363,0.9914363,,,,,,,,,0.2851700186729431,0.2468184381723404,0.1262967139482498,,,,,,,
1700567702985-2-8-1-6-3,Happiness,Correct,Happiness,4,0.9954529,0.9954529,,,,,,,,,0.297816663980484,0.274846076965332,0.1540574878454208,,,,,,,
1700567702985-2-8-1-6-3,Happiness,Correct,Happiness,5,0.9963805,0.9963805,,,,,,,,,0.2888471782207489,0.2525199949741363,0.1345256567001342,,,,,,,
1700567702985-2-8-1-6-3,Happiness,Correct,Happiness,6,0.99691224,0.99691224,,,,,,,,,0.2786137759685516,0.2513614594936371,0.133828729391098,,,,,,,
1700567702985-2-8-1-6-3,Happiness,Correct,Happiness,7,0.99755496,0.99755496,,,,,,,,,0.3204254806041717,0.2831074297428131,0.1525209248065948,,,,,,,
1700567702985-2-8-1-6-3,Happiness,Correct,Happiness,8,0.99772745,0.99772745,,,,,,,,,0.3026800453662872,0.2654377222061157,0.1387856006622314,,,,,,,
1700567708570-2-8-1-8-3,Happiness,Correct,Happiness,-8,0.24726677,0.24726677,,,,,,,,,0.0003462423046585,0.0003211303264833,0.0108449514955282,,,,,,,
1700567708570-2-8-1-8-3,Happiness,Correct,Happiness,-7,0.25954098,0.25954098,,,,,,,,,0.0002381242520641,0.0002183859032811,0.0108514865860342,,,,,,,
1700567708570-2-8-1-8-3,Happiness,Correct,Happiness,-6,0.25725764,0.25725764,,,,,,,,,0.0059415651485323,0.005901169963181,0.0108559085056185,,,,,,,
1700567708570-2-8-1-8-3,Happiness,Correct,Happiness,-5,0.24580589,0.24580589,,,,,,,,,0.0037700037937611,0.0037178725469857,0.0108589213341474,,,,,,,
1700567708570-2-8-1-8-3,Happiness,Correct,Happiness,-4,0.23607174,0.23607174,,,,,,,,,0.0074169202707707,0.0073758289217948,0.0108609851449728,,,,,,,
1700567708570-2-8-1-8-3,Happiness,Correct,Happiness,-3,0.25943524,0.25943524,,,,,,,,,0.0207931753247976,0.0090660182759165,0.0108624063432216,,,,,,,
1700567708570-2-8-1-8-3,Happiness,Correct,Happiness,-2,0.39217737,0.39217737,,,,,,,,,0.0472380332648754,0.0303477235138416,0.0208654887974262,,,,,,,
1700567708570-2-8-1-8-3,Happiness,Correct,Happiness,-1,0.5762246,0.5762246,,,,,,,,,0.06154790148139,0.0490178614854812,0.0245238821953535,,,,,,,
1700567708570-2-8-1-8-3,Happiness,Correct,Happiness,0,0.8074739,0.8074739,,,,,,,,,0.1124174073338508,0.095935508608818,0.025973854586482,,,,,,,
1700567708570-2-8-1-8-3,Happiness,Correct,Happiness,1,0.93149066,0.93149066,,,,,,,,,0.2090405523777008,0.1917176991701126,0.0722091123461723,,,,,,,
1700567708570-2-8-1-8-3,Happiness,Correct,Happiness,2,0.9654926,0.9654926,,,,,,,,,0.2090405523777008,0.1917176991701126,0.0722091123461723,,,,,,,
1700567708570-2-8-1-8-3,Happiness,Correct,Happiness,3,0.9847416,0.9847416,,,,,,,,,0.2827993035316467,0.2559402883052826,0.1232816725969314,,,,,,,
1700567708570-2-8-1-8-3,Happiness,Correct,Happiness,4,0.99404365,0.99404365,,,,,,,,,0.4016335904598236,0.3742336630821228,0.2154035568237304,,,,,,,
1700567708570-2-8-1-8-3,Happiness,Correct,Happiness,5,0.9976821,0.9976821,,,,,,,,,0.4800083637237549,0.4527203738689422,0.3095583319664001,,,,,,,
1700567708570-2-8-1-8-3,Happiness,Correct,Happiness,6,0.99874496,0.99874496,,,,,,,,,0.4988612830638885,0.4716622233390808,0.3147366940975189,,,,,,,
1700567708570-2-8-1-8-3,Happiness,Correct,Happiness,7,0.99901116,0.99901116,,,,,,,,,0.4494459331035614,0.4224308431148529,0.2668402194976806,,,,,,,
1700567708570-2-8-1-8-3,Happiness,Correct,Happiness,8,0.99917185,0.99917185,,,,,,,,,0.4557892978191376,0.4336216449737549,0.2857240736484527,,,,,,,
1700568086128-2-8-4-6-3,Happiness,Correct,Happiness,-8,0.0032414314,0.0032414314,,,,,,,,,1.401298464324817e-45,6.289743013622792e-30,2.560235248905084e-24,,,,,,,
1700568086128-2-8-4-6-3,Happiness,Correct,Happiness,-7,0.0032396293,0.0032396293,,,,,,,,,1.401298464324817e-45,4.432892640453719e-30,1.8044057247227127e-24,,,,,,,
1700568086128-2-8-4-6-3,Happiness,Correct,Happiness,-6,0.0032584341,0.0032584341,,,,,,,,,1.401298464324817e-45,3.1242100777058626e-30,1.2717074797343676e-24,,,,,,,
1700568086128-2-8-4-6-3,Happiness,Correct,Happiness,-5,0.0032853433,0.0032853433,,,,,,,,,1.401298464324817e-45,2.2018602220845683e-30,8.962655993658235e-25,,,,,,,
1700568086128-2-8-4-6-3,Happiness,Correct,Happiness,-4,0.0037182746,0.0037182746,,,,,,,,,1.401298464324817e-45,1.551822002351034e-30,0.0058981804177165,,,,,,,
1700568086128-2-8-4-6-3,Happiness,Correct,Happiness,-3,0.008779276,0.008779276,,,,,,,,,0.0440020225942134,0.0440020225942134,0.0084475241601467,,,,,,,
1700568086128-2-8-4-6-3,Happiness,Correct,Happiness,-2,0.035978317,0.035978317,,,,,,,,,0.1374585926532745,0.1217276901006698,0.0303767547011375,,,,,,,
1700568086128-2-8-4-6-3,Happiness,Correct,Happiness,-1,0.24765615,0.24765615,,,,,,,,,0.2065858840942382,0.1899456828832626,0.0686088278889656,,,,,,,
1700568086128-2-8-4-6-3,Happiness,Correct,Happiness,0,0.8172057,0.8172057,,,,,,,,,0.2572398483753204,0.2304403334856033,0.0984402447938919,,,,,,,
1700568086128-2-8-4-6-3,Happiness,Correct,Happiness,1,0.97383296,0.97383296,,,,,,,,,0.285870760679245,0.258537083864212,0.1166661158204078,,,,,,,
1700568086128-2-8-4-6-3,Happiness,Correct,Happiness,2,0.99365413,0.99365413,,,,,,,,,0.323332130908966,0.2959575951099396,0.1530284434556961,,,,,,,
1700568086128-2-8-4-6-3,Happiness,Correct,Happiness,3,0.99771106,0.99771106,,,,,,,,,0.3768783211708069,0.3495102226734161,0.2067898511886596,,,,,,,
1700568086128-2-8-4-6-3,Happiness,Correct,Happiness,4,0.99864703,0.99864703,,,,,,,,,0.3550958931446075,0.3280394077301025,0.2113609164953231,,,,,,,
1700568086128-2-8-4-6-3,Happiness,Correct,Happiness,5,0.99879706,0.99879706,,,,,,,,,0.3075902163982391,0.2937020063400268,0.188858687877655,,,,,,,
1700568086128-2-8-4-6-3,Happiness,Correct,Happiness,6,0.998976,0.998976,,,,,,,,,0.3482811450958252,0.3222557604312897,0.2088042944669723,,,,,,,
1700568086128-2-8-4-6-3,Happiness,Correct,Happiness,7,0.99904054,0.99904054,,,,,,,,,0.3430986106395721,0.3161772787570953,0.211402028799057,,,,,,,
1700568086128-2-8-4-6-3,Happiness,Correct,Happiness,8,0.99902046,0.99902046,,,,,,,,,0.3424011170864105,0.315290242433548,0.1991663873195648,,,,,,,
1700568095008-2-8-4-11-3,Happiness,Correct,Happiness,-8,0.11742101,0.11742101,,,,,,,,,2.595373371150345e-05,1.4563817785528954e-05,5.233008323557442e-06,,,,,,,
1700568095008-2-8-4-11-3,Happiness,Correct,Happiness,-7,0.103527956,0.103527956,,,,,,,,,1.669820267125033e-05,9.184634109260514e-06,2.766445277302409e-06,,,,,,,
1700568095008-2-8-4-11-3,Happiness,Correct,Happiness,-6,0.09036205,0.09036205,,,,,,,,,1.0907877367571928e-05,5.899717052670894e-06,1.5286392454072484e-06,,,,,,,
1700568095008-2-8-4-11-3,Happiness,Correct,Happiness,-5,0.08506253,0.08506253,,,,,,,,,7.216808171506273e-06,3.848694632324623e-06,8.77488332662324e-07,,,,,,,
1700568095008-2-8-4-11-3,Happiness,Correct,Happiness,-4,0.084014654,0.084014654,,,,,,,,,7.216808171506273e-06,3.848694632324623e-06,8.77488332662324e-07,,,,,,,
1700568095008-2-8-4-11-3,Happiness,Correct,Happiness,-3,0.09102855,0.09102855,,,,,,,,,3.2560133149672765e-06,1.6992393057080335e-06,3.173700235947763e-07,,,,,,,
1700568095008-2-8-4-11-3,Happiness,Correct,Happiness,-2,0.15831712,0.15831712,,,,,,,,,0.0057779452763497,0.0057481420226395,0.005445659160614,,,,,,,
1700568095008-2-8-4-11-3,Happiness,Correct,Happiness,-1,0.32732823,0.32732823,,,,,,,,,0.0204042289406061,0.008308133110404,0.0080178501084446,,,,,,,
1700568095008-2-8-4-11-3,Happiness,Correct,Happiness,0,0.6500046,0.6500046,,,,,,,,,0.0331742949783802,0.0302520021796226,0.020722048357129,,,,,,,
1700568095008-2-8-4-11-3,Happiness,Correct,Happiness,1,0.8942073,0.8942073,,,,,,,,,0.0943092107772827,0.0941205844283104,0.0330442190170288,,,,,,,
1700568095008-2-8-4-11-3,Happiness,Correct,Happiness,2,0.9670338,0.9670338,,,,,,,,,0.2408193945884704,0.2143534421920776,0.0941410511732101,,,,,,,
1700568095008-2-8-4-11-3,Happiness,Correct,Happiness,3,0.98744875,0.98744875,,,,,,,,,0.2955579161643982,0.2733317613601684,0.161812350153923,,,,,,,
1700568095008-2-8-4-11-3,Happiness,Correct,Happiness,4,0.99433243,0.99433243,,,,,,,,,0.3500794470310211,0.3229720890522003,0.2079119980335235,,,,,,,
1700568095008-2-8-4-11-3,Happiness,Correct,Happiness,5,0.99671423,0.99671423,,,,,,,,,0.3889452219009399,0.3616487979888916,0.2214498072862625,,,,,,,
1700568095008-2-8-4-11-3,Happiness,Correct,Happiness,6,0.99764687,0.99764687,,,,,,,,,0.391020655632019,0.353745549917221,0.2226122319698333,,,,,,,
1700568095008-2-8-4-11-3,Happiness,Correct,Happiness,7,0.99817395,0.99817395,,,,,,,,,0.4165108501911163,0.3783549666404724,0.2227295488119125,,,,,,,
1700568095008-2-8-4-11-3,Happiness,Correct,Happiness,8,0.99842536,0.99842536,,,,,,,,,0.4082216322422027,0.365380197763443,0.2322261184453964,,,,,,,
1700568118260-2-8-4-24-3,Happiness,Correct,Happiness,-5,0.086290546,0.086290546,,,,,,,,,1.91108877990254e-14,1.1840809941972372e-14,5.5854026694147795e-18,,,,,,,
1700568118260-2-8-4-24-3,Happiness,Correct,Happiness,-4,0.048695624,0.048695624,,,,,,,,,1.91108877990254e-14,1.1840809941972372e-14,5.5854026694147795e-18,,,,,,,
1700568118260-2-8-4-24-3,Happiness,Correct,Happiness,-3,0.06967047,0.06967047,,,,,,,,,0.0672392919659614,0.0551382265985012,0.0205330830067396,,,,,,,
1700568118260-2-8-4-24-3,Happiness,Correct,Happiness,-2,0.2382968,0.2382968,,,,,,,,,0.1495983302593231,0.1123392283916473,0.0572001338005065,,,,,,,
1700568118260-2-8-4-24-3,Happiness,Correct,Happiness,-1,0.5681782,0.5681782,,,,,,,,,0.1495983302593231,0.1123392283916473,0.0572001338005065,,,,,,,
1700568118260-2-8-4-24-3,Happiness,Correct,Happiness,0,0.90507805,0.90507805,,,,,,,,,0.2475936561822891,0.2091941684484481,0.1405507177114486,,,,,,,
1700568118260-2-8-4-24-3,Happiness,Correct,Happiness,1,0.972407,0.972407,,,,,,,,,0.2475936561822891,0.2091941684484481,0.1405507177114486,,,,,,,
1700568118260-2-8-4-24-3,Happiness,Correct,Happiness,2,0.9881067,0.9881067,,,,,,,,,0.2597246468067169,0.2315699905157089,0.1318165957927703,,,,,,,
1700568118260-2-8-4-24-3,Happiness,Correct,Happiness,3,0.9929884,0.9929884,,,,,,,,,0.2606764733791351,0.2334099262952804,0.1446434557437896,,,,,,,
1700568118260-2-8-4-24-3,Happiness,Correct,Happiness,4,0.99524,0.99524,,,,,,,,,0.2754627764225006,0.2335879951715469,0.1557164043188095,,,,,,,
1700568118260-2-8-4-24-3,Happiness,Correct,Happiness,5,0.99579865,0.99579865,,,,,,,,,0.2521651685237884,0.2144105732440948,0.1355783194303512,,,,,,,
1700568118260-2-8-4-24-3,Happiness,Correct,Happiness,6,0.9961771,0.9961771,,,,,,,,,0.2521651685237884,0.2144105732440948,0.1355783194303512,,,,,,,
1700568118260-2-8-4-24-3,Happiness,Correct,Happiness,7,0.996527,0.996527,,,,,,,,,0.276461660861969,0.232969656586647,0.1459962278604507,,,,,,,
1700568118260-2-8-4-24-3,Happiness,Correct,Happiness,8,0.9967709,0.9967709,,,,,,,,,0.276461660861969,0.232969656586647,0.1459962278604507,,,,,,,
1700577644246-2-10-1-2-3,Happiness,Correct,Happiness,-1,0.51591045,0.51591045,,,,,,,,,0.1284378170967102,0.1283672153949737,0.2111257165670395,,,,,,,
1700577644246-2-10-1-2-3,Happiness,Correct,Happiness,0,0.8711143,0.8711143,,,,,,,,,0.1793376356363296,0.1792476326227188,0.2211149185895919,,,,,,,
1700577644246-2-10-1-2-3,Happiness,Correct,Happiness,1,0.9683497,0.9683497,,,,,,,,,0.2088721692562103,0.218948632478714,0.2463366240262985,,,,,,,
1700577644246-2-10-1-2-3,Happiness,Correct,Happiness,2,0.989762,0.989762,,,,,,,,,0.2313052713871002,0.2223549485206604,0.258894681930542,,,,,,,
1700577644246-2-10-1-2-3,Happiness,Correct,Happiness,3,0.9960479,0.9960479,,,,,,,,,0.3107901215553283,0.2945546507835388,0.3117827475070953,,,,,,,
1700577644246-2-10-1-2-3,Happiness,Correct,Happiness,4,0.9977374,0.9977374,,,,,,,,,0.3107901215553283,0.2945546507835388,0.3117827475070953,,,,,,,
1700577644246-2-10-1-2-3,Happiness,Correct,Happiness,5,0.99882704,0.99882704,,,,,,,,,0.4283154308795929,0.4117209315299988,0.4482568502426147,,,,,,,
1700577644246-2-10-1-2-3,Happiness,Correct,Happiness,6,0.99940646,0.99940646,,,,,,,,,0.6032339930534363,0.5864708423614502,0.6045439839363098,,,,,,,
1700577644246-2-10-1-2-3,Happiness,Correct,Happiness,7,0.99948967,0.99948967,,,,,,,,,0.6032339930534363,0.5864708423614502,0.6045439839363098,,,,,,,
1700577644246-2-10-1-2-3,Happiness,Correct,Happiness,8,0.99948585,0.99948585,,,,,,,,,0.6030528545379639,0.5867305994033813,0.6031293869018555,,,,,,,
1700577653948-2-10-1-6-3,Happiness,Correct,Happiness,-2,0.2471212,0.2471212,,,,,,,,,0.1428809762001037,0.142926886677742,0.2190812975168228,,,,,,,
1700577653948-2-10-1-6-3,Happiness,Correct,Happiness,-1,0.37792268,0.37792268,,,,,,,,,0.1428809762001037,0.142926886677742,0.2190812975168228,,,,,,,
1700577653948-2-10-1-6-3,Happiness,Correct,Happiness,0,0.61564314,0.61564314,,,,,,,,,0.1885512322187423,0.1872974336147308,0.2633549273014068,,,,,,,
1700577653948-2-10-1-6-3,Happiness,Correct,Happiness,1,0.78146195,0.78146195,,,,,,,,,0.1885512322187423,0.1872974336147308,0.2633549273014068,,,,,,,
1700577653948-2-10-1-6-3,Happiness,Correct,Happiness,2,0.84472275,0.84472275,,,,,,,,,0.1470206379890442,0.1465598940849304,0.2393241971731186,,,,,,,
1700577653948-2-10-1-6-3,Happiness,Correct,Happiness,3,0.8523889,0.8523889,,,,,,,,,0.1022749990224838,0.1108097434043884,0.2152067273855209,,,,,,,
1700577653948-2-10-1-6-3,Happiness,Correct,Happiness,4,0.8536913,0.8536913,,,,,,,,,0.1022749990224838,0.1108097434043884,0.2152067273855209,,,,,,,
1700577653948-2-10-1-6-3,Happiness,Correct,Happiness,5,0.8283229,0.8283229,,,,,,,,,0.097165398299694,0.0994953885674476,0.2061341851949691,,,,,,,
1700577653948-2-10-1-6-3,Happiness,Correct,Happiness,6,0.7945543,0.7945543,,,,,,,,,0.0947556048631668,0.0957608968019485,0.202068954706192,,,,,,,
1700577653948-2-10-1-6-3,Happiness,Correct,Happiness,7,0.81733507,0.81733507,,,,,,,,,0.1567501425743103,0.1567684561014175,0.2255990654230117,,,,,,,
1700577653948-2-10-1-6-3,Happiness,Correct,Happiness,8,0.831432,0.831432,,,,,,,,,0.1567501425743103,0.1567684561014175,0.2255990654230117,,,,,,,
1700577659103-2-10-1-8-3,Happiness,Correct,Happiness,-3,0.19508378,0.19508378,,,,,,,,,0.0705725327134132,0.0834468528628349,0.1688917726278305,,,,,,,
1700577659103-2-10-1-8-3,Happiness,Correct,Happiness,-2,0.24196327,0.24196327,,,,,,,,,0.0705725327134132,0.0834468528628349,0.1688917726278305,,,,,,,
1700577659103-2-10-1-8-3,Happiness,Correct,Happiness,-1,0.30787528,0.30787528,,,,,,,,,0.0841735675930976,0.0886230543255806,0.1788104772567749,,,,,,,
1700577659103-2-10-1-8-3,Happiness,Correct,Happiness,0,0.5130715,0.5130715,,,,,,,,,0.1735178232192993,0.1737343668937683,0.2398562133312225,,,,,,,
1700577659103-2-10-1-8-3,Happiness,Correct,Happiness,1,0.70086366,0.70086366,,,,,,,,,0.1735178232192993,0.1737343668937683,0.2398562133312225,,,,,,,
1700577659103-2-10-1-8-3,Happiness,Correct,Happiness,2,0.8262561,0.8262561,,,,,,,,,0.1735178232192993,0.1737343668937683,0.2398562133312225,,,,,,,
1700577659103-2-10-1-8-3,Happiness,Correct,Happiness,3,0.93716687,0.93716687,,,,,,,,,0.2802960872650146,0.269699215888977,0.2824647724628448,,,,,,,
1700577659103-2-10-1-8-3,Happiness,Correct,Happiness,4,0.98304063,0.98304063,,,,,,,,,0.3762940466403961,0.3597645461559295,0.3767828941345215,,,,,,,
1700577659103-2-10-1-8-3,Happiness,Correct,Happiness,5,0.9924333,0.9924333,,,,,,,,,0.3762940466403961,0.3597645461559295,0.3767828941345215,,,,,,,
1700577659103-2-10-1-8-3,Happiness,Correct,Happiness,6,0.9972363,0.9972363,,,,,,,,,0.5705217719078064,0.5331345796585083,0.4947979748249054,,,,,,,
1700577659103-2-10-1-8-3,Happiness,Correct,Happiness,7,0.9983222,0.9983222,,,,,,,,,0.5705217719078064,0.5331345796585083,0.4947979748249054,,,,,,,
1700577659103-2-10-1-8-3,Happiness,Correct,Happiness,8,0.9989986,0.9989986,,,,,,,,,0.701765775680542,0.6634603142738342,0.6615909934043884,,,,,,,
1700577847201-2-10-3-4-3,Happiness,Correct,Happiness,-8,0.031098409,0.031098409,,,,,,,,,0.0012438161065801,0.0012315121712163,0.0718107223510742,,,,,,,
1700577847201-2-10-3-4-3,Happiness,Correct,Happiness,-7,0.027892578,0.027892578,,,,,,,,,0.0012438161065801,0.0012315121712163,0.0718107223510742,,,,,,,
1700577847201-2-10-3-4-3,Happiness,Correct,Happiness,-6,0.019176893,0.019176893,,,,,,,,,0.0003774681536015,0.000371946603991,0.1003639698028564,,,,,,,
1700577847201-2-10-3-4-3,Happiness,Correct,Happiness,-5,0.015260207,0.015260207,,,,,,,,,0.0003774681536015,0.000371946603991,0.1003639698028564,,,,,,,
1700577847201-2-10-3-4-3,Happiness,Correct,Happiness,-4,0.013005055,0.013005055,,,,,,,,,0.0002199909795308,0.0002163610770367,0.1022171229124069,,,,,,,
1700577847201-2-10-3-4-3,Happiness,Correct,Happiness,-3,0.011586228,0.011586228,,,,,,,,,0.00013217353262,0.005373868625611,0.1149044632911682,,,,,,,
1700577847201-2-10-3-4-3,Happiness,Correct,Happiness,-2,0.011448616,0.011448616,,,,,,,,,0.005456562153995,0.0078955618664622,0.1085534393787384,,,,,,,
1700577847201-2-10-3-4-3,Happiness,Correct,Happiness,-1,0.054809526,0.054809526,,,,,,,,,0.2213073819875717,0.2212738990783691,0.330531358718872,,,,,,,
1700577847201-2-10-3-4-3,Happiness,Correct,Happiness,0,0.5403345,0.5403345,,,,,,,,,0.4646774530410766,0.4378926753997803,0.4775330424308777,,,,,,,
1700577847201-2-10-3-4-3,Happiness,Correct,Happiness,1,0.939072,0.939072,,,,,,,,,0.4646774530410766,0.4378926753997803,0.4775330424308777,,,,,,,
1700577847201-2-10-3-4-3,Happiness,Correct,Happiness,2,0.9918738,0.9918738,,,,,,,,,0.5619570016860962,0.5346431732177734,0.5988348722457886,,,,,,,
1700577847201-2-10-3-4-3,Happiness,Correct,Happiness,3,0.9975593,0.9975593,,,,,,,,,0.6016771793365479,0.5849774479866028,0.6395423412322998,,,,,,,
1700577847201-2-10-3-4-3,Happiness,Correct,Happiness,4,0.9988458,0.9988458,,,,,,,,,0.6765636801719666,0.6654968857765198,0.6566351652145386,,,,,,,
1700577847201-2-10-3-4-3,Happiness,Correct,Happiness,5,0.99926037,0.99926037,,,,,,,,,0.694693386554718,0.6681290864944458,0.6676855683326721,,,,,,,
1700577847201-2-10-3-4-3,Happiness,Correct,Happiness,6,0.99946076,0.99946076,,,,,,,,,0.7057639956474304,0.6942227482795715,0.6784824728965759,,,,,,,
1700577847201-2-10-3-4-3,Happiness,Correct,Happiness,7,0.9995453,0.9995453,,,,,,,,,0.7319291830062866,0.7041631937026978,0.6942493915557861,,,,,,,
1700577847201-2-10-3-4-3,Happiness,Correct,Happiness,8,0.9995925,0.9995925,,,,,,,,,0.7319291830062866,0.7041631937026978,0.6942493915557861,,,,,,,
1700578017539-2-10-4-6-3,Happiness,Correct,Happiness,-8,0.048818577,0.048818577,,,,,,,,,0.0088773276656866,0.0108510414138436,0.0731693655252456,,,,,,,
1700578017539-2-10-4-6-3,Happiness,Correct,Happiness,-7,0.030323042,0.030323042,,,,,,,,,0.0044353744015097,0.0108558842912316,0.0741757974028587,,,,,,,
1700578017539-2-10-4-6-3,Happiness,Correct,Happiness,-6,0.01869895,0.01869895,,,,,,,,,0.0070956111885607,0.0108590619638562,0.0694874823093414,,,,,,,
1700578017539-2-10-4-6-3,Happiness,Correct,Happiness,-5,0.012112765,0.012112765,,,,,,,,,0.0036382453981786,0.0108611714094877,0.0673673972487449,,,,,,,
1700578017539-2-10-4-6-3,Happiness,Correct,Happiness,-4,0.008396112,0.008396112,,,,,,,,,0.0067309588193893,0.0108625860884785,0.0663506090641021,,,,,,,
1700578017539-2-10-4-6-3,Happiness,Correct,Happiness,-3,0.007305789,0.007305789,,,,,,,,,0.0293649807572364,0.0299830716103315,0.0835705623030662,,,,,,,
1700578017539-2-10-4-6-3,Happiness,Correct,Happiness,-2,0.032857448,0.032857448,,,,,,,,,0.2216425091028213,0.2107737809419632,0.2217812091112136,,,,,,,
1700578017539-2-10-4-6-3,Happiness,Correct,Happiness,-1,0.20307158,0.20307158,,,,,,,,,0.2216425091028213,0.2107737809419632,0.2217812091112136,,,,,,,
1700578017539-2-10-4-6-3,Happiness,Correct,Happiness,0,0.9640315,0.9640315,,,,,,,,,0.6898865103721619,0.6515485644340515,0.6078698039054871,,,,,,,
1700578017539-2-10-4-6-3,Happiness,Correct,Happiness,1,0.9969117,0.9969117,,,,,,,,,0.7960447669029236,0.7578884363174438,0.6928204894065857,,,,,,,
1700578017539-2-10-4-6-3,Happiness,Correct,Happiness,2,0.998877,0.998877,,,,,,,,,0.7960447669029236,0.7578884363174438,0.6928204894065857,,,,,,,
1700578017539-2-10-4-6-3,Happiness,Correct,Happiness,3,0.99926955,0.99926955,,,,,,,,,0.7986223101615906,0.7443121671676636,0.6791250109672546,,,,,,,
1700578017539-2-10-4-6-3,Happiness,Correct,Happiness,4,0.9993875,0.9993875,,,,,,,,,0.726555347442627,0.6827270984649658,0.6333544850349426,,,,,,,
1700578017539-2-10-4-6-3,Happiness,Correct,Happiness,5,0.9994405,0.9994405,,,,,,,,,0.6976130604743958,0.6444235444068909,0.6405163407325745,,,,,,,
1700578017539-2-10-4-6-3,Happiness,Correct,Happiness,6,0.9994628,0.9994628,,,,,,,,,0.6808263659477234,0.6413913369178772,0.6166269779205322,,,,,,,
1700578017539-2-10-4-6-3,Happiness,Correct,Happiness,7,0.9994937,0.9994937,,,,,,,,,0.7293741703033447,0.6911784410476685,0.664000391960144,,,,,,,
1700578017539-2-10-4-6-3,Happiness,Correct,Happiness,8,0.9995189,0.9995189,,,,,,,,,0.6778552532196045,0.6400253772735596,0.6346373558044434,,,,,,,
1700578026276-2-10-4-11-3,Happiness,Correct,Happiness,-8,0.036003,0.036003,,,,,,,,,3.802700862531872e-11,0.0058979056775569,0.0661839693784713,,,,,,,
1700578026276-2-10-4-11-3,Happiness,Correct,Happiness,-7,0.028367348,0.028367348,,,,,,,,,0.032998003065586,0.0332565754652023,0.0964851528406143,,,,,,,
1700578026276-2-10-4-11-3,Happiness,Correct,Happiness,-6,0.02245673,0.02245673,,,,,,,,,0.0591062344610691,0.0495708733797073,0.1008457615971565,,,,,,,
1700578026276-2-10-4-11-3,Happiness,Correct,Happiness,-5,0.017543968,0.017543968,,,,,,,,,0.0591062344610691,0.0495708733797073,0.1008457615971565,,,,,,,
1700578026276-2-10-4-11-3,Happiness,Correct,Happiness,-4,0.01567257,0.01567257,,,,,,,,,0.0963043421506881,0.095997579395771,0.1265274137258529,,,,,,,
1700578026276-2-10-4-11-3,Happiness,Correct,Happiness,-3,0.021952752,0.021952752,,,,,,,,,0.1771619319915771,0.177161231637001,0.1872144639492035,,,,,,,
1700578026276-2-10-4-11-3,Happiness,Correct,Happiness,-2,0.07044894,0.07044894,,,,,,,,,0.2293926626443863,0.2191407531499862,0.2187936604022979,,,,,,,
1700578026276-2-10-4-11-3,Happiness,Correct,Happiness,-1,0.3729127,0.3729127,,,,,,,,,0.2737588584423065,0.2576662003993988,0.2567266821861267,,,,,,,
1700578026276-2-10-4-11-3,Happiness,Correct,Happiness,0,0.8196152,0.8196152,,,,,,,,,0.3123153150081634,0.2856528162956238,0.2951489984989166,,,,,,,
1700578026276-2-10-4-11-3,Happiness,Correct,Happiness,1,0.9686393,0.9686393,,,,,,,,,0.4287899434566498,0.401261031627655,0.3748128712177276,,,,,,,
1700578026276-2-10-4-11-3,Happiness,Correct,Happiness,2,0.99000996,0.99000996,,,,,,,,,0.4287899434566498,0.401261031627655,0.3748128712177276,,,,,,,
1700578026276-2-10-4-11-3,Happiness,Correct,Happiness,3,0.9955664,0.9955664,,,,,,,,,0.481929212808609,0.454972505569458,0.4042337238788605,,,,,,,
1700578026276-2-10-4-11-3,Happiness,Correct,Happiness,4,0.9970594,0.9970594,,,,,,,,,0.458296924829483,0.4362192451953888,0.4071720540523529,,,,,,,
1700578026276-2-10-4-11-3,Happiness,Correct,Happiness,5,0.9976623,0.9976623,,,,,,,,,0.4714879393577575,0.4446901082992553,0.3930898904800415,,,,,,,
1700578026276-2-10-4-11-3,Happiness,Correct,Happiness,6,0.99796605,0.99796605,,,,,,,,,0.4824450314044952,0.4454097151756286,0.415534496307373,,,,,,,
1700578026276-2-10-4-11-3,Happiness,Correct,Happiness,7,0.9986444,0.9986444,,,,,,,,,0.6493427157402039,0.594960629940033,0.6047037839889526,,,,,,,
1700578026276-2-10-4-11-3,Happiness,Correct,Happiness,8,0.99915063,0.99915063,,,,,,,,,0.7933403849601746,0.7545749545097351,0.7179878354072571,,,,,,,
1700578029507-2-10-4-13-3,Happiness,Correct,Happiness,-1,0.54512787,0.54512787,,,,,,,,,0.384481281042099,0.3458428084850311,0.499435156583786,,,,,,,
1700578029507-2-10-4-13-3,Happiness,Correct,Happiness,0,0.907921,0.907921,,,,,,,,,0.5976752042770386,0.5429526567459106,0.5791980028152466,,,,,,,
1700578029507-2-10-4-13-3,Happiness,Correct,Happiness,1,0.9801338,0.9801338,,,,,,,,,0.6543332934379578,0.5998060703277588,0.5999286770820618,,,,,,,
1700578029507-2-10-4-13-3,Happiness,Correct,Happiness,2,0.9931804,0.9931804,,,,,,,,,0.6543332934379578,0.5998060703277588,0.5999286770820618,,,,,,,
1700578029507-2-10-4-13-3,Happiness,Correct,Happiness,3,0.9967168,0.9967168,,,,,,,,,0.693260133266449,0.6388159394264221,0.612005352973938,,,,,,,
1700578029507-2-10-4-13-3,Happiness,Correct,Happiness,4,0.9981717,0.9981717,,,,,,,,,0.796567440032959,0.7317960858345032,0.6648190021514893,,,,,,,
1700578029507-2-10-4-13-3,Happiness,Correct,Happiness,5,0.99872285,0.99872285,,,,,,,,,0.796567440032959,0.7317960858345032,0.6648190021514893,,,,,,,
1700578029507-2-10-4-13-3,Happiness,Correct,Happiness,6,0.9989839,0.9989839,,,,,,,,,0.7883074283599854,0.73332679271698,0.6584505438804626,,,,,,,
1700578029507-2-10-4-13-3,Happiness,Correct,Happiness,7,0.99916697,0.99916697,,,,,,,,,0.8080844879150391,0.7587941884994507,0.6667808890342712,,,,,,,
1700578029507-2-10-4-13-3,Happiness,Correct,Happiness,8,0.99925417,0.99925417,,,,,,,,,0.8347010612487793,0.770524799823761,0.6772275567054749,,,,,,,
1700583813812-2-13-1-6-3,Happiness,Correct,Happiness,-1,0.869494,0.869494,,,,,,,,,0.8066079020500183,0.7964463233947754,0.6773420572280884,,,,,,,
1700583813812-2-13-1-6-3,Happiness,Correct,Happiness,0,0.9884487,0.9884487,,,,,,,,,0.7993478775024414,0.7984336614608765,0.7040482759475708,,,,,,,
1700583813812-2-13-1-6-3,Happiness,Correct,Happiness,1,0.9973833,0.9973833,,,,,,,,,0.7993478775024414,0.7984336614608765,0.7040482759475708,,,,,,,
1700583813812-2-13-1-6-3,Happiness,Correct,Happiness,2,0.9988104,0.9988104,,,,,,,,,0.7987019419670105,0.7986050248146057,0.6725330948829651,,,,,,,
1700583813812-2-13-1-6-3,Happiness,Correct,Happiness,3,0.9992495,0.9992495,,,,,,,,,0.8082596659660339,0.7986224293708801,0.6688389182090759,,,,,,,
1700583813812-2-13-1-6-3,Happiness,Correct,Happiness,4,0.9993432,0.9993432,,,,,,,,,0.7912008762359619,0.78948575258255,0.6595032811164856,,,,,,,
1700583813812-2-13-1-6-3,Happiness,Correct,Happiness,5,0.9993919,0.9993919,,,,,,,,,0.7973748445510864,0.7971546649932861,0.6407749056816101,,,,,,,
1700583813812-2-13-1-6-3,Happiness,Correct,Happiness,6,0.99943656,0.99943656,,,,,,,,,0.7983824014663696,0.7983518242835999,0.6536494493484497,,,,,,,
1700583813812-2-13-1-6-3,Happiness,Correct,Happiness,7,0.9994722,0.9994722,,,,,,,,,0.8215268850326538,0.8216443061828613,0.6651340126991272,,,,,,,
1700583813812-2-13-1-6-3,Happiness,Correct,Happiness,8,0.99947935,0.99947935,,,,,,,,,0.8122199773788452,0.8121520280838013,0.6596788763999939,,,,,,,
1700584007863-2-13-3-4-3,Happiness,Correct,Happiness,-1,0.31961545,0.31961545,,,,,,,,,0.1638266742229461,0.1790282279253006,0.1557865589857101,,,,,,,
1700584007863-2-13-3-4-3,Happiness,Correct,Happiness,0,0.60999227,0.60999227,,,,,,,,,0.280659019947052,0.2813599407672882,0.191777691245079,,,,,,,
1700584007863-2-13-3-4-3,Happiness,Correct,Happiness,1,0.85936236,0.85936236,,,,,,,,,0.3860570788383484,0.3859918117523193,0.2300005108118057,,,,,,,
1700584007863-2-13-3-4-3,Happiness,Correct,Happiness,2,0.9542228,0.9542228,,,,,,,,,0.4690325856208801,0.4689778685569763,0.2940389215946197,,,,,,,
1700584007863-2-13-3-4-3,Happiness,Correct,Happiness,3,0.9840366,0.9840366,,,,,,,,,0.5719666481018066,0.5613566040992737,0.3391063213348388,,,,,,,
1700584007863-2-13-3-4-3,Happiness,Correct,Happiness,4,0.9931492,0.9931492,,,,,,,,,0.6543843150138855,0.6381571888923645,0.3776484727859497,,,,,,,
1700584007863-2-13-3-4-3,Happiness,Correct,Happiness,5,0.9960871,0.9960871,,,,,,,,,0.6572464108467102,0.6409454345703125,0.380095362663269,,,,,,,
1700584007863-2-13-3-4-3,Happiness,Correct,Happiness,6,0.9973073,0.9973073,,,,,,,,,0.6572464108467102,0.6409454345703125,0.380095362663269,,,,,,,
1700584007863-2-13-3-4-3,Happiness,Correct,Happiness,7,0.9980433,0.9980433,,,,,,,,,0.7224363684654236,0.7061284780502319,0.3936750888824463,,,,,,,
1700584007863-2-13-3-4-3,Happiness,Correct,Happiness,8,0.9984658,0.9984658,,,,,,,,,0.7586832642555237,0.7423266172409058,0.4159090220928192,,,,,,,
1700584022622-2-13-3-11-3,Happiness,Correct,Happiness,-1,0.47719103,0.47719103,,,,,,,,,0.1583780497312545,0.1855481415987014,0.1949318349361419,,,,,,,
1700584022622-2-13-3-11-3,Happiness,Correct,Happiness,0,0.7509309,0.7509309,,,,,,,,,0.1583780497312545,0.1855481415987014,0.1949318349361419,,,,,,,
1700584022622-2-13-3-11-3,Happiness,Correct,Happiness,1,0.87617034,0.87617034,,,,,,,,,0.1576999723911285,0.1849193423986435,0.1979173719882965,,,,,,,
1700584022622-2-13-3-11-3,Happiness,Correct,Happiness,2,0.92765296,0.92765296,,,,,,,,,0.1504916399717331,0.1738741397857666,0.1903026103973388,,,,,,,
1700584022622-2-13-3-11-3,Happiness,Correct,Happiness,3,0.9486102,0.9486102,,,,,,,,,0.1481283456087112,0.1704044938087463,0.2034494429826736,,,,,,,
1700584022622-2-13-3-11-3,Happiness,Correct,Happiness,4,0.95984364,0.95984364,,,,,,,,,0.1518716216087341,0.1750076115131378,0.2083106338977813,,,,,,,
1700584022622-2-13-3-11-3,Happiness,Correct,Happiness,5,0.9659117,0.9659117,,,,,,,,,0.1518716216087341,0.1750076115131378,0.2083106338977813,,,,,,,
1700584022622-2-13-3-11-3,Happiness,Correct,Happiness,6,0.96717036,0.96717036,,,,,,,,,0.161311075091362,0.1877193450927734,0.1769138574600219,,,,,,,
1700584022622-2-13-3-11-3,Happiness,Correct,Happiness,7,0.96641994,0.96641994,,,,,,,,,0.161311075091362,0.1877193450927734,0.1769138574600219,,,,,,,
1700584022622-2-13-3-11-3,Happiness,Correct,Happiness,8,0.96621466,0.96621466,,,,,,,,,0.177095353603363,0.2044190019369125,0.1711788475513458,,,,,,,
1700584034051-2-13-3-17-3,Happiness,Correct,Happiness,-8,0.13289292,0.13289292,,,,,,,,,0.0156105486676096,0.0154096689075231,0.0268876068294048,,,,,,,
1700584034051-2-13-3-17-3,Happiness,Correct,Happiness,-7,0.10596491,0.10596491,,,,,,,,,0.0156105486676096,0.0154096689075231,0.0268876068294048,,,,,,,
1700584034051-2-13-3-17-3,Happiness,Correct,Happiness,-6,0.05856726,0.05856726,,,,,,,,,0.0065028863027691,0.013498468324542,0.0184708666056394,,,,,,,
1700584034051-2-13-3-17-3,Happiness,Correct,Happiness,-5,0.032526553,0.032526553,,,,,,,,,0.0013948776759207,0.0072979666292667,0.0128910774365067,,,,,,,
1700584034051-2-13-3-17-3,Happiness,Correct,Happiness,-4,0.017468086,0.017468086,,,,,,,,,0.0013948776759207,0.0072979666292667,0.0128910774365067,,,,,,,
1700584034051-2-13-3-17-3,Happiness,Correct,Happiness,-3,0.047341466,0.047341466,,,,,,,,,0.0461807958781719,0.0560203455388546,0.0458423048257827,,,,,,,
1700584034051-2-13-3-17-3,Happiness,Correct,Happiness,-2,0.14116411,0.14116411,,,,,,,,,0.0461807958781719,0.0560203455388546,0.0458423048257827,,,,,,,
1700584034051-2-13-3-17-3,Happiness,Correct,Happiness,-1,0.5080291,0.5080291,,,,,,,,,0.0853942409157753,0.0965537205338478,0.0606915093958377,,,,,,,
1700584034051-2-13-3-17-3,Happiness,Correct,Happiness,0,0.8887689,0.8887689,,,,,,,,,0.2668739259243011,0.277951180934906,0.1745935380458831,,,,,,,
1700584034051-2-13-3-17-3,Happiness,Correct,Happiness,1,0.9763307,0.9763307,,,,,,,,,0.4018393158912658,0.4127810597419739,0.2553055882453918,,,,,,,
1700584034051-2-13-3-17-3,Happiness,Correct,Happiness,2,0.99495775,0.99495775,,,,,,,,,0.6752445101737976,0.675204873085022,0.4951211810111999,,,,,,,
1700584034051-2-13-3-17-3,Happiness,Correct,Happiness,3,0.99799454,0.99799454,,,,,,,,,0.6752445101737976,0.675204873085022,0.4951211810111999,,,,,,,
1700584034051-2-13-3-17-3,Happiness,Correct,Happiness,4,0.9990747,0.9990747,,,,,,,,,0.7687683701515198,0.7846786379814148,0.6099962592124939,,,,,,,
1700584034051-2-13-3-17-3,Happiness,Correct,Happiness,5,0.9994336,0.9994336,,,,,,,,,0.8519904017448425,0.8519925475120544,0.7209360003471375,,,,,,,
1700584034051-2-13-3-17-3,Happiness,Correct,Happiness,6,0.9995454,0.9995454,,,,,,,,,0.8633602261543274,0.8633542060852051,0.732915461063385,,,,,,,
1700584034051-2-13-3-17-3,Happiness,Correct,Happiness,7,0.9995946,0.9995946,,,,,,,,,0.8633602261543274,0.8633542060852051,0.732915461063385,,,,,,,
1700584034051-2-13-3-17-3,Happiness,Correct,Happiness,8,0.9996332,0.9996332,,,,,,,,,0.8792689442634583,0.8792586922645569,0.7436843514442444,,,,,,,
1700584212931-2-13-4-6-3,Happiness,Correct,Happiness,-6,0.09061763,0.09061763,,,,,,,,,1.2284975053217509e-23,1.484341662963935e-23,4.3563419473320597e-13,,,,,,,
1700584212931-2-13-4-6-3,Happiness,Correct,Happiness,-5,0.056199376,0.056199376,,,,,,,,,8.658162586775847e-24,1.0461292723414816e-23,3.0702456093982533e-13,,,,,,,
1700584212931-2-13-4-6-3,Happiness,Correct,Happiness,-4,0.03376675,0.03376675,,,,,,,,,6.1020978482614395e-24,7.372907801500891e-24,2.163845681411522e-13,,,,,,,
1700584212931-2-13-4-6-3,Happiness,Correct,Happiness,-3,0.02348508,0.02348508,,,,,,,,,0.0058981687761843,0.0058981687761843,0.0058981669135391,,,,,,,
1700584212931-2-13-4-6-3,Happiness,Correct,Happiness,-2,0.022681052,0.022681052,,,,,,,,,0.0205330681055784,0.0205330681055784,0.0084475548937916,,,,,,,
1700584212931-2-13-4-6-3,Happiness,Correct,Happiness,-1,0.073954284,0.073954284,,,,,,,,,0.0473146475851535,0.0572001822292804,0.0451852902770042,,,,,,,
1700584212931-2-13-4-6-3,Happiness,Correct,Happiness,0,0.6312955,0.6312955,,,,,,,,,0.2011750489473343,0.2124043405055999,0.1216706484556198,,,,,,,
1700584212931-2-13-4-6-3,Happiness,Correct,Happiness,1,0.9677959,0.9677959,,,,,,,,,0.3465109765529632,0.3575403392314911,0.2528486251831054,,,,,,,
1700584212931-2-13-4-6-3,Happiness,Correct,Happiness,2,0.9950441,0.9950441,,,,,,,,,0.5052778720855713,0.5055850148200989,0.3853945732116699,,,,,,,
1700584212931-2-13-4-6-3,Happiness,Correct,Happiness,3,0.9983754,0.9983754,,,,,,,,,0.5999767184257507,0.5999596118927002,0.479832649230957,,,,,,,
1700584212931-2-13-4-6-3,Happiness,Correct,Happiness,4,0.9991517,0.9991517,,,,,,,,,0.6554864645004272,0.6554716229438782,0.546149730682373,,,,,,,
1700584212931-2-13-4-6-3,Happiness,Correct,Happiness,5,0.999456,0.999456,,,,,,,,,0.7309002876281738,0.7414659857749939,0.6749045848846436,,,,,,,
1700584212931-2-13-4-6-3,Happiness,Correct,Happiness,6,0.9995815,0.9995815,,,,,,,,,0.785835325717926,0.7861773371696472,0.7314976453781128,,,,,,,
1700584212931-2-13-4-6-3,Happiness,Correct,Happiness,7,0.9996557,0.9996557,,,,,,,,,0.8243292570114136,0.8243290185928345,0.7858270406723022,,,,,,,
1700584212931-2-13-4-6-3,Happiness,Correct,Happiness,8,0.9996742,0.9996742,,,,,,,,,0.8257251381874084,0.8361288905143738,0.7876797914505005,,,,,,,
1700584221354-2-13-4-11-3,Happiness,Correct,Happiness,-1,0.3113561,0.3113561,,,,,,,,,0.1153842136263847,0.1155930384993553,0.210013747215271,,,,,,,
1700584221354-2-13-4-11-3,Happiness,Correct,Happiness,0,0.4928926,0.4928926,,,,,,,,,0.1153842136263847,0.1155930384993553,0.210013747215271,,,,,,,
1700584221354-2-13-4-11-3,Happiness,Correct,Happiness,1,0.6636325,0.6636325,,,,,,,,,0.1215658187866211,0.1216696053743362,0.2133571505546569,,,,,,,
1700584221354-2-13-4-11-3,Happiness,Correct,Happiness,2,0.80040425,0.80040425,,,,,,,,,0.1109623983502388,0.1117429733276367,0.1637779325246811,,,,,,,
1700584221354-2-13-4-11-3,Happiness,Correct,Happiness,3,0.87613326,0.87613326,,,,,,,,,0.1067325472831726,0.1170824691653251,0.1487148255109787,,,,,,,
1700584221354-2-13-4-11-3,Happiness,Correct,Happiness,4,0.9144353,0.9144353,,,,,,,,,0.1017103865742683,0.1112369522452354,0.1227184832096099,,,,,,,
1700584221354-2-13-4-11-3,Happiness,Correct,Happiness,5,0.9354963,0.9354963,,,,,,,,,0.0985249131917953,0.1080057248473167,0.1292965859174728,,,,,,,
1700584221354-2-13-4-11-3,Happiness,Correct,Happiness,6,0.946898,0.946898,,,,,,,,,0.0845294371247291,0.1002807542681694,0.1209540590643882,,,,,,,
1700584221354-2-13-4-11-3,Happiness,Correct,Happiness,7,0.9544054,0.9544054,,,,,,,,,0.0845294371247291,0.1002807542681694,0.1209540590643882,,,,,,,
1700584221354-2-13-4-11-3,Happiness,Correct,Happiness,8,0.96002764,0.96002764,,,,,,,,,0.0775948241353035,0.0947020277380943,0.1036385148763656,,,,,,,
1700584244435-2-13-4-24-3,Happiness,Correct,Happiness,-5,0.15565112,0.15565112,,,,,,,,,0.0250273626297712,0.0296858716756105,0.0529341585934162,,,,,,,
1700584244435-2-13-4-24-3,Happiness,Correct,Happiness,-4,0.17446585,0.17446585,,,,,,,,,0.0250273626297712,0.0296858716756105,0.0529341585934162,,,,,,,
1700584244435-2-13-4-24-3,Happiness,Correct,Happiness,-3,0.21279335,0.21279335,,,,,,,,,0.0340563505887985,0.0484308935701847,0.0857805162668228,,,,,,,
1700584244435-2-13-4-24-3,Happiness,Correct,Happiness,-2,0.2659395,0.2659395,,,,,,,,,0.0366834625601768,0.05273462459445,0.0910934433341026,,,,,,,
1700584244435-2-13-4-24-3,Happiness,Correct,Happiness,-1,0.36103964,0.36103964,,,,,,,,,0.0590055584907531,0.0621356032788753,0.0920798406004905,,,,,,,
1700584244435-2-13-4-24-3,Happiness,Correct,Happiness,0,0.56056416,0.56056416,,,,,,,,,0.1130909249186515,0.1245985552668571,0.1277674585580825,,,,,,,
1700584244435-2-13-4-24-3,Happiness,Correct,Happiness,1,0.7109115,0.7109115,,,,,,,,,0.1130909249186515,0.1245985552668571,0.1277674585580825,,,,,,,
1700584244435-2-13-4-24-3,Happiness,Correct,Happiness,2,0.83571994,0.83571994,,,,,,,,,0.1627408266067505,0.1788790374994278,0.143677681684494,,,,,,,
1700584244435-2-13-4-24-3,Happiness,Correct,Happiness,3,0.9113158,0.9113158,,,,,,,,,0.2075612396001815,0.2087908387184143,0.1553189158439636,,,,,,,
1700584244435-2-13-4-24-3,Happiness,Correct,Happiness,4,0.9627555,0.9627555,,,,,,,,,0.3351310193538666,0.3349740207195282,0.2057491689920425,,,,,,,
1700584244435-2-13-4-24-3,Happiness,Correct,Happiness,5,0.9851741,0.9851741,,,,,,,,,0.4144086241722107,0.4038349390029907,0.2559194564819336,,,,,,,
1700584244435-2-13-4-24-3,Happiness,Correct,Happiness,6,0.9944391,0.9944391,,,,,,,,,0.5969314575195312,0.5965340733528137,0.3471128642559051,,,,,,,
1700584244435-2-13-4-24-3,Happiness,Correct,Happiness,7,0.997503,0.997503,,,,,,,,,0.7668284177780151,0.7561239004135132,0.4406038522720337,,,,,,,
1700584244435-2-13-4-24-3,Happiness,Correct,Happiness,8,0.9985349,0.9985349,,,,,,,,,0.8082388639450073,0.7973475456237793,0.496963232755661,,,,,,,
1700747149418-2-15-1-2-3,Happiness,Correct,Happiness,-8,0.016600756,0.016600756,,,,,,,,,0.0077282851561903,0.0108411787077784,0.0569558106362819,,,,,,,
1700747149418-2-15-1-2-3,Happiness,Correct,Happiness,-7,0.009524567,0.009524567,,,,,,,,,0.0041445912793278,0.0108485296368598,0.0560320578515529,,,,,,,
1700747149418-2-15-1-2-3,Happiness,Correct,Happiness,-6,0.0060289986,0.0060289986,,,,,,,,,0.0023186956532299,0.0108536565676331,0.0554485693573951,,,,,,,
1700747149418-2-15-1-2-3,Happiness,Correct,Happiness,-5,0.0040745456,0.0040745456,,,,,,,,,0.0063256919384002,0.0108572384342551,0.055073544383049,,,,,,,
1700747149418-2-15-1-2-3,Happiness,Correct,Happiness,-4,0.0030179422,0.0030179422,,,,,,,,,0.0035066003911197,0.0108597446233034,0.0548289194703102,,,,,,,
1700747149418-2-15-1-2-3,Happiness,Correct,Happiness,-3,0.0024633638,0.0024633638,,,,,,,,,0.0069281770847737,0.0208362117409706,0.0603271164000034,,,,,,,
1700747149418-2-15-1-2-3,Happiness,Correct,Happiness,-2,0.0035535342,0.0035535342,,,,,,,,,0.1451705992221832,0.1350650191307068,0.1094016209244728,,,,,,,
1700747149418-2-15-1-2-3,Happiness,Correct,Happiness,-1,0.034618594,0.034618594,,,,,,,,,0.4895433485507965,0.4621888995170593,0.2241663783788681,,,,,,,
1700747149418-2-15-1-2-3,Happiness,Correct,Happiness,0,0.57284045,0.57284045,,,,,,,,,0.7173328399658203,0.6631802320480347,0.3097172081470489,,,,,,,
1700747149418-2-15-1-2-3,Happiness,Correct,Happiness,1,0.9649483,0.9649483,,,,,,,,,0.8981393575668335,0.8328707814216614,0.3609258234500885,,,,,,,
1700747149418-2-15-1-2-3,Happiness,Correct,Happiness,2,0.9940942,0.9940942,,,,,,,,,0.9978919625282288,0.9535309076309204,0.3790870010852813,,,,,,,
1700747149418-2-15-1-2-3,Happiness,Correct,Happiness,3,0.9977252,0.9977252,,,,,,,,,0.9999475479125975,0.998890459537506,0.4159000515937805,,,,,,,
1700747149418-2-15-1-2-3,Happiness,Correct,Happiness,4,0.9986772,0.9986772,,,,,,,,,0.9999984502792358,0.99996817111969,0.4435864090919494,,,,,,,
1700747149418-2-15-1-2-3,Happiness,Correct,Happiness,5,0.9989851,0.9989851,,,,,,,,,0.9999999403953552,0.999998927116394,0.420588880777359,,,,,,,
1700747149418-2-15-1-2-3,Happiness,Correct,Happiness,6,0.999121,0.999121,,,,,,,,,1.0,0.9944489002227784,0.4089684784412384,,,,,,,
1700747149418-2-15-1-2-3,Happiness,Correct,Happiness,7,0.999186,0.999186,,,,,,,,,1.0,0.9839186072349548,0.4076639413833618,,,,,,,
1700747149418-2-15-1-2-3,Happiness,Correct,Happiness,8,0.9992118,0.9992118,,,,,,,,,1.0,0.9681683778762816,0.4074932336807251,,,,,,,
1700747159259-2-15-1-6-3,Happiness,Correct,Happiness,-8,0.005618358,0.005618358,,,,,,,,,0.0816395729780197,0.0827563256025314,0.10039684176445,,,,,,,
1700747159259-2-15-1-6-3,Happiness,Correct,Happiness,-7,0.0053753518,0.0053753518,,,,,,,,,0.0721457824110984,0.0729507133364677,0.1020144745707511,,,,,,,
1700747159259-2-15-1-6-3,Happiness,Correct,Happiness,-6,0.0056542377,0.0056542377,,,,,,,,,0.0938790068030357,0.0943451076745987,0.1026686355471611,,,,,,,
1700747159259-2-15-1-6-3,Happiness,Correct,Happiness,-5,0.005717761,0.005717761,,,,,,,,,0.1001041159033775,0.1003268212080001,0.0989710539579391,,,,,,,
1700747159259-2-15-1-6-3,Happiness,Correct,Happiness,-4,0.006135964,0.006135964,,,,,,,,,0.1020777821540832,0.1021815463900566,0.1131478622555732,,,,,,,
1700747159259-2-15-1-6-3,Happiness,Correct,Happiness,-3,0.015344292,0.015344292,,,,,,,,,0.3298887610435486,0.3029569983482361,0.1856387108564376,,,,,,,
1700747159259-2-15-1-6-3,Happiness,Correct,Happiness,-2,0.0820071,0.0820071,,,,,,,,,0.530945360660553,0.476745992898941,0.2543599307537079,,,,,,,
1700747159259-2-15-1-6-3,Happiness,Correct,Happiness,-1,0.48104396,0.48104396,,,,,,,,,0.6536092162132263,0.5830262899398804,0.2952830195426941,,,,,,,
1700747159259-2-15-1-6-3,Happiness,Correct,Happiness,0,0.88676506,0.88676506,,,,,,,,,0.7310417294502258,0.6760269403457642,0.3235339820384979,,,,,,,
1700747159259-2-15-1-6-3,Happiness,Correct,Happiness,1,0.9749297,0.9749297,,,,,,,,,0.796544075012207,0.7315120100975037,0.3406824171543121,,,,,,,
1700747159259-2-15-1-6-3,Happiness,Correct,Happiness,2,0.9915696,0.9915696,,,,,,,,,0.8247812390327454,0.7595139741897583,0.3276292681694031,,,,,,,
1700747159259-2-15-1-6-3,Happiness,Correct,Happiness,3,0.99558794,0.99558794,,,,,,,,,0.836179792881012,0.7605469822883606,0.3261884748935699,,,,,,,
1700747159259-2-15-1-6-3,Happiness,Correct,Happiness,4,0.99707115,0.99707115,,,,,,,,,0.8366318941116333,0.7605925798416138,0.3401689529418945,,,,,,,
1700747159259-2-15-1-6-3,Happiness,Correct,Happiness,5,0.9977012,0.9977012,,,,,,,,,0.8264351487159729,0.7454074025154114,0.3285855948925018,,,,,,,
1700747159259-2-15-1-6-3,Happiness,Correct,Happiness,6,0.99795866,0.99795866,,,,,,,,,0.8359680771827698,0.7594724297523499,0.318504124879837,,,,,,,
1700747159259-2-15-1-6-3,Happiness,Correct,Happiness,7,0.99804366,0.99804366,,,,,,,,,0.8365998268127441,0.7604968547821045,0.3160686194896698,,,,,,,
1700747164257-2-15-1-8-3,Happiness,Correct,Happiness,-8,0.17604136,0.17604136,,,,,,,,,0.0108676496893167,0.0108666662126779,0.0282349865883588,,,,,,,
1700747164257-2-15-1-8-3,Happiness,Correct,Happiness,-7,0.16445051,0.16445051,,,,,,,,,0.0108670201152563,0.0108663374558091,0.0326898731291294,,,,,,,
1700747164257-2-15-1-8-3,Happiness,Correct,Happiness,-6,0.1507792,0.1507792,,,,,,,,,0.0108665926381945,0.0108661176636815,0.034999743103981,,,,,,,
1700747164257-2-15-1-8-3,Happiness,Correct,Happiness,-5,0.13758247,0.13758247,,,,,,,,,0.0108663002029061,0.0108659695833921,0.0362504161894321,,,,,,,
1700747164257-2-15-1-8-3,Happiness,Correct,Happiness,-4,0.12940641,0.12940641,,,,,,,,,0.01086609903723,0.010865869000554,0.0369537621736526,,,,,,,
1700747164257-2-15-1-8-3,Happiness,Correct,Happiness,-3,0.124039456,0.124039456,,,,,,,,,0.0108659602701663,0.0108658000826835,0.048046089708805,,,,,,,
1700747164257-2-15-1-8-3,Happiness,Correct,Happiness,-2,0.14163272,0.14163272,,,,,,,,,0.0298603065311908,0.0298458561301231,0.0599990673363208,,,,,,,
1700747164257-2-15-1-8-3,Happiness,Correct,Happiness,-1,0.26912403,0.26912403,,,,,,,,,0.3403461873531341,0.313289999961853,0.1578664481639862,,,,,,,
1700747164257-2-15-1-8-3,Happiness,Correct,Happiness,0,0.562573,0.562573,,,,,,,,,0.5802038908004761,0.5420475006103516,0.2435642778873443,,,,,,,
1700747164257-2-15-1-8-3,Happiness,Correct,Happiness,1,0.8231156,0.8231156,,,,,,,,,0.6764949560165405,0.6383201479911804,0.2849670946598053,,,,,,,
1700747164257-2-15-1-8-3,Happiness,Correct,Happiness,2,0.9312368,0.9312368,,,,,,,,,0.7424243688583374,0.6937139630317688,0.3130267262458801,,,,,,,
1700747164257-2-15-1-8-3,Happiness,Correct,Happiness,3,0.9714794,0.9714794,,,,,,,,,0.7232584357261658,0.669205904006958,0.2903700172901153,,,,,,,
1700747164257-2-15-1-8-3,Happiness,Correct,Happiness,4,0.98794717,0.98794717,,,,,,,,,0.7854996919631958,0.7204996347427368,0.3228656649589538,,,,,,,
1700747164257-2-15-1-8-3,Happiness,Correct,Happiness,5,0.9941071,0.9941071,,,,,,,,,0.8347812294960022,0.7694272994995117,0.301886647939682,,,,,,,
1700747164257-2-15-1-8-3,Happiness,Correct,Happiness,6,0.9968918,0.9968918,,,,,,,,,0.9258025884628296,0.8498283624649048,0.3482732772827148,,,,,,,
1700747164257-2-15-1-8-3,Happiness,Correct,Happiness,7,0.9980963,0.9980963,,,,,,,,,0.9974880814552308,0.9420047998428344,0.4028397798538208,,,,,,,
1700747164257-2-15-1-8-3,Happiness,Correct,Happiness,8,0.9986525,0.9986525,,,,,,,,,0.9998981952667236,0.9979281425476074,0.4169924259185791,,,,,,,
1700747368098-2-15-3-11-3,Happiness,Correct,Happiness,-8,0.074321054,0.074321054,,,,,,,,,0.1898435652256012,0.16277776658535,0.3478551506996155,,,,,,,
1700747368098-2-15-3-11-3,Happiness,Correct,Happiness,-7,0.07238418,0.07238418,,,,,,,,,0.1699638366699218,0.1579699069261551,0.2640195190906524,,,,,,,
1700747368098-2-15-3-11-3,Happiness,Correct,Happiness,-6,0.06749909,0.06749909,,,,,,,,,0.183317556977272,0.1575913429260254,0.2609200179576874,,,,,,,
1700747368098-2-15-3-11-3,Happiness,Correct,Happiness,-5,0.06911305,0.06911305,,,,,,,,,0.1698896288871765,0.1575562059879303,0.2140832394361496,,,,,,,
1700747368098-2-15-3-11-3,Happiness,Correct,Happiness,-4,0.07997745,0.07997745,,,,,,,,,0.1827288717031479,0.1575524061918258,0.2119981944561004,,,,,,,
1700747368098-2-15-3-11-3,Happiness,Correct,Happiness,-3,0.105265,0.105265,,,,,,,,,0.2126720547676086,0.1899343132972717,0.2118875980377197,,,,,,,
1700747368098-2-15-3-11-3,Happiness,Correct,Happiness,-2,0.18972427,0.18972427,,,,,,,,,0.3084842562675476,0.2703128457069397,0.2218721359968185,,,,,,,
1700747368098-2-15-3-11-3,Happiness,Correct,Happiness,-1,0.40494865,0.40494865,,,,,,,,,0.5751729011535645,0.5259680151939392,0.2917427122592926,,,,,,,
1700747368098-2-15-3-11-3,Happiness,Correct,Happiness,0,0.80739576,0.80739576,,,,,,,,,0.9972492456436156,0.9422194957733154,0.4495327174663543,,,,,,,
1700747368098-2-15-3-11-3,Happiness,Correct,Happiness,1,0.95320606,0.95320606,,,,,,,,,0.9972492456436156,0.9422194957733154,0.4495327174663543,,,,,,,
1700747368098-2-15-3-11-3,Happiness,Correct,Happiness,2,0.98600185,0.98600185,,,,,,,,,0.99999737739563,0.9561629891395568,0.4817952811717987,,,,,,,
1700747368098-2-15-3-11-3,Happiness,Correct,Happiness,3,0.9940566,0.9940566,,,,,,,,,0.99999737739563,0.9561629891395568,0.4817952811717987,,,,,,,
1700747368098-2-15-3-11-3,Happiness,Correct,Happiness,4,0.9964309,0.9964309,,,,,,,,,0.9685236215591432,0.8942775726318359,0.4543653130531311,,,,,,,
1700747368098-2-15-3-11-3,Happiness,Correct,Happiness,5,0.997408,0.997408,,,,,,,,,0.9311385750770568,0.8660889267921448,0.4372698962688446,,,,,,,
1700747368098-2-15-3-11-3,Happiness,Correct,Happiness,6,0.9979322,0.9979322,,,,,,,,,0.9311385750770568,0.8660889267921448,0.4372698962688446,,,,,,,
1700747368098-2-15-3-11-3,Happiness,Correct,Happiness,7,0.99819994,0.99819994,,,,,,,,,0.9050470590591432,0.8402053117752075,0.4302673041820526,,,,,,,
1700747368098-2-15-3-11-3,Happiness,Correct,Happiness,8,0.9983442,0.9983442,,,,,,,,,0.8681198954582214,0.8063444495201111,0.426698088645935,,,,,,,
1700747380059-2-15-3-17-3,Happiness,Correct,Happiness,-8,0.011944705,0.011944705,,,,,,,,,9.901233749987777e-14,1.433232872660728e-13,0.0287703368812799,,,,,,,
1700747380059-2-15-3-17-3,Happiness,Correct,Happiness,-7,0.0061632902,0.0061632902,,,,,,,,,6.97819013402261e-14,1.0101120650638993e-13,0.0282178558409214,,,,,,,
1700747380059-2-15-3-17-3,Happiness,Correct,Happiness,-6,0.0034559185,0.0034559185,,,,,,,,,4.9180952143906484e-14,7.119067298557227e-14,0.0278637874871492,,,,,,,
1700747380059-2-15-3-17-3,Happiness,Correct,Happiness,-5,0.002125222,0.002125222,,,,,,,,,3.4661763883376765e-14,5.0173722191933577e-14,0.0332237891852855,,,,,,,
1700747380059-2-15-3-17-3,Happiness,Correct,Happiness,-4,0.0014346088,0.0014346088,,,,,,,,,2.442895197110953e-14,3.536145036725849e-14,0.0356203652918338,,,,,,,
1700747380059-2-15-3-17-3,Happiness,Correct,Happiness,-3,0.0010482924,0.0010482924,,,,,,,,,1.721709322962013e-14,2.4922106411462252e-14,0.0367582850158214,,,,,,,
1700747380059-2-15-3-17-3,Happiness,Correct,Happiness,-2,0.0012779948,0.0012779948,,,,,,,,,0.0648712739348411,0.0648712739348411,0.1191672533750534,,,,,,,
1700747380059-2-15-3-17-3,Happiness,Correct,Happiness,-1,0.026274273,0.026274273,,,,,,,,,0.5526483654975891,0.5255727171897888,0.3966807425022125,,,,,,,
1700747380059-2-15-3-17-3,Happiness,Correct,Happiness,0,0.78753966,0.78753966,,,,,,,,,0.84739750623703,0.8308110237121582,0.6508594155311584,,,,,,,
1700747380059-2-15-3-17-3,Happiness,Correct,Happiness,1,0.991109,0.991109,,,,,,,,,0.9939143061637878,0.9667453169822692,0.723182737827301,,,,,,,
1700747380059-2-15-3-17-3,Happiness,Correct,Happiness,2,0.9981336,0.9981336,,,,,,,,,0.994198739528656,0.9564673900604248,0.6965465545654297,,,,,,,
1700747380059-2-15-3-17-3,Happiness,Correct,Happiness,3,0.9991893,0.9991893,,,,,,,,,0.994198739528656,0.9564673900604248,0.6965465545654297,,,,,,,
1700747380059-2-15-3-17-3,Happiness,Correct,Happiness,4,0.9994481,0.9994481,,,,,,,,,0.9942063689231871,0.9561769962310792,0.6945081353187561,,,,,,,
1700747380059-2-15-3-17-3,Happiness,Correct,Happiness,5,0.9995388,0.9995388,,,,,,,,,0.9942063689231871,0.9561769962310792,0.6945081353187561,,,,,,,
1700747380059-2-15-3-17-3,Happiness,Correct,Happiness,6,0.9995709,0.9995709,,,,,,,,,0.9569296836853028,0.9189447164535522,0.6597215533256531,,,,,,,
1700747380059-2-15-3-17-3,Happiness,Correct,Happiness,7,0.99958664,0.99958664,,,,,,,,,0.9569296836853028,0.9189447164535522,0.6597215533256531,,,,,,,
1700747380059-2-15-3-17-3,Happiness,Correct,Happiness,8,0.99959224,0.99959224,,,,,,,,,0.9663408398628236,0.9282797574996948,0.6576547026634216,,,,,,,
1700747523299-2-15-4-6-3,Happiness,Correct,Happiness,-1,0.8709926,0.8709926,,,,,,,,,1.0,1.0,0.9999858736991882,,,,,,,
1700747523299-2-15-4-6-3,Happiness,Correct,Happiness,0,0.9893383,0.9893383,,,,,,,,,1.0,1.0,0.9999995231628418,,,,,,,
1700747523299-2-15-4-6-3,Happiness,Correct,Happiness,1,0.9977176,0.9977176,,,,,,,,,1.0,1.0,1.0,,,,,,,
1700747523299-2-15-4-6-3,Happiness,Correct,Happiness,2,0.9989856,0.9989856,,,,,,,,,1.0,1.0,1.0,,,,,,,
1700747523299-2-15-4-6-3,Happiness,Correct,Happiness,3,0.99932325,0.99932325,,,,,,,,,1.0,1.0,1.0,,,,,,,
1700747523299-2-15-4-6-3,Happiness,Correct,Happiness,4,0.9994789,0.9994789,,,,,,,,,1.0,1.0,1.0,,,,,,,
1700747523299-2-15-4-6-3,Happiness,Correct,Happiness,5,0.9995499,0.9995499,,,,,,,,,1.0,1.0,1.0,,,,,,,
1700747523299-2-15-4-6-3,Happiness,Correct,Happiness,6,0.99959725,0.99959725,,,,,,,,,1.0,1.0,1.0,,,,,,,
1700747523299-2-15-4-6-3,Happiness,Correct,Happiness,7,0.9996246,0.9996246,,,,,,,,,1.0,1.0,1.0,,,,,,,
1700747523299-2-15-4-6-3,Happiness,Correct,Happiness,8,0.9996517,0.9996517,,,,,,,,,1.0,1.0,1.0,,,,,,,
1700747535828-2-15-4-13-3,Happiness,Correct,Happiness,-1,0.6389946,0.6389946,,,,,,,,,0.5888327956199646,0.5399665832519531,0.2633448541164398,,,,,,,
1700747535828-2-15-4-13-3,Happiness,Correct,Happiness,0,0.9200495,0.9200495,,,,,,,,,0.5857315063476562,0.5352802872657776,0.2502630949020386,,,,,,,
1700747535828-2-15-4-13-3,Happiness,Correct,Happiness,1,0.9762088,0.9762088,,,,,,,,,0.5866193175315857,0.537523627281189,0.2576334476470947,,,,,,,
1700747535828-2-15-4-13-3,Happiness,Correct,Happiness,2,0.98922616,0.98922616,,,,,,,,,0.5776234269142151,0.5162242650985718,0.2597323060035705,,,,,,,
1700747535828-2-15-4-13-3,Happiness,Correct,Happiness,3,0.99374735,0.99374735,,,,,,,,,0.6093881130218506,0.5440344214439392,0.2726146280765533,,,,,,,
1700747535828-2-15-4-13-3,Happiness,Correct,Happiness,4,0.99547005,0.99547005,,,,,,,,,0.6040809750556946,0.5479329824447632,0.2757855355739593,,,,,,,
1700747535828-2-15-4-13-3,Happiness,Correct,Happiness,5,0.99630404,0.99630404,,,,,,,,,0.6265896558761597,0.5719517469406128,0.2848038375377655,,,,,,,
1700747535828-2-15-4-13-3,Happiness,Correct,Happiness,6,0.99674207,0.99674207,,,,,,,,,0.6265896558761597,0.5719517469406128,0.2848038375377655,,,,,,,
1700747535828-2-15-4-13-3,Happiness,Correct,Happiness,7,0.9970651,0.9970651,,,,,,,,,0.6066916584968567,0.5501974821090698,0.2782439887523651,,,,,,,
1700747535828-2-15-4-13-3,Happiness,Correct,Happiness,8,0.9971119,0.9971119,,,,,,,,,0.604157030582428,0.54267817735672,0.2847616076469421,,,,,,,
1700756278030-2-18-1-2-3,Happiness,Correct,Happiness,-8,0.0011440297,0.0011440297,,,,,,,,,2.5154242848657304e-06,2.15453292184975e-06,0.0114607261493802,,,,,,,
1700756278030-2-18-1-2-3,Happiness,Correct,Happiness,-7,0.00064603257,0.00064603257,,,,,,,,,2.5154242848657304e-06,2.15453292184975e-06,0.0114607261493802,,,,,,,
1700756278030-2-18-1-2-3,Happiness,Correct,Happiness,-6,0.00041672852,0.00041672852,,,,,,,,,1.7635537687965552e-06,1.5095673688847455e-06,0.011219254694879,,,,,,,
1700756278030-2-18-1-2-3,Happiness,Correct,Happiness,-5,0.00030844455,0.00030844455,,,,,,,,,8.690676054357027e-07,7.431846711369872e-07,0.0066359620541334,,,,,,,
1700756278030-2-18-1-2-3,Happiness,Correct,Happiness,-4,0.00024711955,0.00024711955,,,,,,,,,8.690676054357027e-07,7.431846711369872e-07,0.0066359620541334,,,,,,,
1700756278030-2-18-1-2-3,Happiness,Correct,Happiness,-3,0.00041199094,0.00041199094,,,,,,,,,0.0655258893966674,0.0812916979193687,0.0951538681983947,,,,,,,
1700756278030-2-18-1-2-3,Happiness,Correct,Happiness,-2,0.000995857,0.000995857,,,,,,,,,0.0655258893966674,0.0812916979193687,0.0951538681983947,,,,,,,
1700756278030-2-18-1-2-3,Happiness,Correct,Happiness,-1,0.038238067,0.038238067,,,,,,,,,0.4227626621723175,0.4070023894309997,0.2887161374092102,,,,,,,
1700756278030-2-18-1-2-3,Happiness,Correct,Happiness,0,0.8502758,0.8502758,,,,,,,,,0.6517486572265625,0.6246044039726257,0.5037314295768738,,,,,,,
1700756278030-2-18-1-2-3,Happiness,Correct,Happiness,1,0.9933774,0.9933774,,,,,,,,,0.6783487796783447,0.667020857334137,0.547181248664856,,,,,,,
1700756278030-2-18-1-2-3,Happiness,Correct,Happiness,2,0.9988452,0.9988452,,,,,,,,,0.7215802073478699,0.7048906087875366,0.6113100051879883,,,,,,,
1700756278030-2-18-1-2-3,Happiness,Correct,Happiness,3,0.99946517,0.99946517,,,,,,,,,0.7215802073478699,0.7048906087875366,0.6113100051879883,,,,,,,
1700756278030-2-18-1-2-3,Happiness,Correct,Happiness,4,0.9996076,0.9996076,,,,,,,,,0.6966142654418945,0.6803193092346191,0.603451669216156,,,,,,,
1700756278030-2-18-1-2-3,Happiness,Correct,Happiness,5,0.9996427,0.9996427,,,,,,,,,0.6801366806030273,0.6689476370811462,0.6287917494773865,,,,,,,
1700756278030-2-18-1-2-3,Happiness,Correct,Happiness,6,0.9996207,0.9996207,,,,,,,,,0.659162163734436,0.6335424184799194,0.6149198412895203,,,,,,,
1700756278030-2-18-1-2-3,Happiness,Correct,Happiness,7,0.99956626,0.99956626,,,,,,,,,0.6334844827651978,0.6161664128303528,0.613990306854248,,,,,,,
1700756278030-2-18-1-2-3,Happiness,Correct,Happiness,8,0.9994444,0.9994444,,,,,,,,,0.6008205413818359,0.5849952101707458,0.6031785011291504,,,,,,,
1700756292963-2-18-1-8-3,Happiness,Correct,Happiness,-8,0.00084090047,0.00084090047,,,,,,,,,1.086169630458191e-21,7.857768797615852e-14,0.0108677661046385,,,,,,,
1700756292963-2-18-1-8-3,Happiness,Correct,Happiness,-7,0.0006117799,0.0006117799,,,,,,,,,7.655072902780062e-22,5.537969510597576e-14,0.0297858323901891,,,,,,,
1700756292963-2-18-1-8-3,Happiness,Correct,Happiness,-6,0.00048495538,0.00048495538,,,,,,,,,7.655072902780062e-22,5.537969510597576e-14,0.0297858323901891,,,,,,,
1700756292963-2-18-1-8-3,Happiness,Correct,Happiness,-5,0.00047731004,0.00047731004,,,,,,,,,0.0807418227195739,0.0807418227195739,0.1092470064759254,,,,,,,
1700756292963-2-18-1-8-3,Happiness,Correct,Happiness,-4,0.0007881065,0.0007881065,,,,,,,,,0.2511639595031738,0.2511639595031738,0.2045485228300094,,,,,,,
1700756292963-2-18-1-8-3,Happiness,Correct,Happiness,-3,0.0044619534,0.0044619534,,,,,,,,,0.4026591777801513,0.4026591777801513,0.2835742831230163,,,,,,,
1700756292963-2-18-1-8-3,Happiness,Correct,Happiness,-2,0.05199527,0.05199527,,,,,,,,,0.4026591777801513,0.4026591777801513,0.2835742831230163,,,,,,,
1700756292963-2-18-1-8-3,Happiness,Correct,Happiness,-1,0.44258982,0.44258982,,,,,,,,,0.4162133634090423,0.4162133634090423,0.2771263420581817,,,,,,,
1700756292963-2-18-1-8-3,Happiness,Correct,Happiness,0,0.9170204,0.9170204,,,,,,,,,0.4957179725170135,0.4800211787223816,0.3219586610794067,,,,,,,
1700756292963-2-18-1-8-3,Happiness,Correct,Happiness,1,0.9835398,0.9835398,,,,,,,,,0.4957179725170135,0.4800211787223816,0.3219586610794067,,,,,,,
1700756292963-2-18-1-8-3,Happiness,Correct,Happiness,2,0.99629694,0.99629694,,,,,,,,,0.7156603336334229,0.6991743445396423,0.4494776725769043,,,,,,,
1700756292963-2-18-1-8-3,Happiness,Correct,Happiness,3,0.9986449,0.9986449,,,,,,,,,0.8226161003112793,0.8062384128570557,0.5443874001502991,,,,,,,
1700756292963-2-18-1-8-3,Happiness,Correct,Happiness,4,0.99927944,0.99927944,,,,,,,,,0.8783633708953857,0.8356478810310364,0.6109898686408997,,,,,,,
1700756292963-2-18-1-8-3,Happiness,Correct,Happiness,5,0.9994863,0.9994863,,,,,,,,,0.8801143169403076,0.8529232740402222,0.6572669148445129,,,,,,,
1700756292963-2-18-1-8-3,Happiness,Correct,Happiness,6,0.9995468,0.9995468,,,,,,,,,0.8801143169403076,0.8529232740402222,0.6572669148445129,,,,,,,
1700756292963-2-18-1-8-3,Happiness,Correct,Happiness,7,0.9995863,0.9995863,,,,,,,,,0.8909501433372498,0.879143238067627,0.705491304397583,,,,,,,
1700756292963-2-18-1-8-3,Happiness,Correct,Happiness,8,0.99960655,0.99960655,,,,,,,,,0.901113748550415,0.8800502419471741,0.7062113881111145,,,,,,,
1700756490593-2-18-3-4-3,Happiness,Correct,Happiness,-5,0.09004335,0.09004335,,,,,,,,,1.104850125234133e-14,6.2554069251417356e-15,0.0103135546669363,,,,,,,
1700756490593-2-18-3-4-3,Happiness,Correct,Happiness,-4,0.046350274,0.046350274,,,,,,,,,7.786666310924482e-15,4.408628190023236e-15,0.0105263777077198,,,,,,,
1700756490593-2-18-3-4-3,Happiness,Correct,Happiness,-3,0.020158248,0.020158248,,,,,,,,,5.4878485382294645e-15,3.107089433491777e-15,0.0301993694156408,,,,,,,
1700756490593-2-18-3-4-3,Happiness,Correct,Happiness,-2,0.018941207,0.018941207,,,,,,,,,0.1450095772743225,0.1450095772743225,0.1465760171413421,,,,,,,
1700756490593-2-18-3-4-3,Happiness,Correct,Happiness,-1,0.024477093,0.024477093,,,,,,,,,0.1450095772743225,0.1450095772743225,0.1465760171413421,,,,,,,
1700756490593-2-18-3-4-3,Happiness,Correct,Happiness,0,0.716271,0.716271,,,,,,,,,0.4956105351448059,0.4791844189167022,0.4394148588180542,,,,,,,
1700756490593-2-18-3-4-3,Happiness,Correct,Happiness,1,0.9814736,0.9814736,,,,,,,,,0.5838629603385925,0.5727819800376892,0.5186249613761902,,,,,,,
1700756490593-2-18-3-4-3,Happiness,Correct,Happiness,2,0.9967919,0.9967919,,,,,,,,,0.7027541995048523,0.6918483376502991,0.6266242265701294,,,,,,,
1700756490593-2-18-3-4-3,Happiness,Correct,Happiness,3,0.99862933,0.99862933,,,,,,,,,0.7429880499839783,0.7321096658706665,0.6405330896377563,,,,,,,
1700756490593-2-18-3-4-3,Happiness,Correct,Happiness,4,0.9992073,0.9992073,,,,,,,,,0.7704587578773499,0.7595846056938171,0.6933082938194275,,,,,,,
1700756490593-2-18-3-4-3,Happiness,Correct,Happiness,5,0.9994487,0.9994487,,,,,,,,,0.7975272536277771,0.7866531610488892,0.7213382720947266,,,,,,,
1700756490593-2-18-3-4-3,Happiness,Correct,Happiness,6,0.9995408,0.9995408,,,,,,,,,0.7975272536277771,0.7866531610488892,0.7213382720947266,,,,,,,
1700756490593-2-18-3-4-3,Happiness,Correct,Happiness,7,0.9995641,0.9995641,,,,,,,,,0.7630767822265625,0.7472317218780518,0.7086778283119202,,,,,,,
1700756490593-2-18-3-4-3,Happiness,Correct,Happiness,8,0.999564,0.999564,,,,,,,,,0.7458954453468323,0.734609842300415,0.681791365146637,,,,,,,
1700756505088-2-18-3-11-3,Happiness,Correct,Happiness,-1,0.8847017,0.8847017,,,,,,,,,0.9999977350234984,0.9999918937683104,0.9169747829437256,,,,,,,
1700756505088-2-18-3-11-3,Happiness,Correct,Happiness,0,0.9909704,0.9909704,,,,,,,,,0.9999977350234984,0.9999918937683104,0.9169747829437256,,,,,,,
1700756505088-2-18-3-11-3,Happiness,Correct,Happiness,1,0.9979678,0.9979678,,,,,,,,,1.0,0.9999999403953552,0.9009767770767212,,,,,,,
1700756505088-2-18-3-11-3,Happiness,Correct,Happiness,2,0.9990721,0.9990721,,,,,,,,,1.0,1.0,0.8923320174217224,,,,,,,
1700756505088-2-18-3-11-3,Happiness,Correct,Happiness,3,0.99939156,0.99939156,,,,,,,,,1.0,1.0,0.9005153179168701,,,,,,,
1700756505088-2-18-3-11-3,Happiness,Correct,Happiness,4,0.9994654,0.9994654,,,,,,,,,1.0,1.0,0.870634138584137,,,,,,,
1700756505088-2-18-3-11-3,Happiness,Correct,Happiness,5,0.9995322,0.9995322,,,,,,,,,1.0,1.0,0.870634138584137,,,,,,,
1700756505088-2-18-3-11-3,Happiness,Correct,Happiness,6,0.99971706,0.99971706,,,,,,,,,0.7127376794815063,0.7122771143913269,0.7096697092056274,,,,,,,
1700756505088-2-18-3-11-3,Happiness,Correct,Happiness,7,0.99973387,0.99973387,,,,,,,,,0.6344304084777832,0.6187504529953003,0.6619526147842407,,,,,,,
1700756505088-2-18-3-11-3,Happiness,Correct,Happiness,8,0.9997092,0.9997092,,,,,,,,,0.6150777339935303,0.6039249897003174,0.6329425573348999,,,,,,,
1700756516990-2-18-3-17-3,Happiness,Correct,Happiness,-8,0.046856042,0.046856042,,,,,,,,,1.4101809938438237e-05,2.279823638673406e-05,0.0109626557677984,,,,,,,
1700756516990-2-18-3-17-3,Happiness,Correct,Happiness,-7,0.020841872,0.020841872,,,,,,,,,9.590497938916089e-06,1.58495477080578e-05,0.0109116556122899,,,,,,,
1700756516990-2-18-3-17-3,Happiness,Correct,Happiness,-6,0.00892878,0.00892878,,,,,,,,,9.590497938916089e-06,1.58495477080578e-05,0.0109116556122899,,,,,,,
1700756516990-2-18-3-17-3,Happiness,Correct,Happiness,-5,0.004151513,0.004151513,,,,,,,,,6.562187081726734e-06,1.104468810808612e-05,0.0108887767419219,,,,,,,
1700756516990-2-18-3-17-3,Happiness,Correct,Happiness,-4,0.0021314227,0.0021314227,,,,,,,,,4.512900432018796e-06,7.711512807873078e-06,0.0108778811991214,,,,,,,
1700756516990-2-18-3-17-3,Happiness,Correct,Happiness,-3,0.001960855,0.001960855,,,,,,,,,0.2368051558732986,0.2205842435359954,0.1829838156700134,,,,,,,
1700756516990-2-18-3-17-3,Happiness,Correct,Happiness,-2,0.0024014222,0.0024014222,,,,,,,,,0.2368051558732986,0.2205842435359954,0.1829838156700134,,,,,,,
1700756516990-2-18-3-17-3,Happiness,Correct,Happiness,-1,0.037793335,0.037793335,,,,,,,,,0.6318171620368958,0.6045368313789368,0.4258561730384826,,,,,,,
1700756516990-2-18-3-17-3,Happiness,Correct,Happiness,0,0.7712674,0.7712674,,,,,,,,,0.7577214241027832,0.7411323189735413,0.5077950954437256,,,,,,,
1700756516990-2-18-3-17-3,Happiness,Correct,Happiness,1,0.99318963,0.99318963,,,,,,,,,0.9265278577804564,0.8993037343025208,0.6383872032165527,,,,,,,
1700756516990-2-18-3-17-3,Happiness,Correct,Happiness,2,0.99861395,0.99861395,,,,,,,,,0.9818832278251648,0.9440782070159912,0.7039175033569336,,,,,,,
1700756516990-2-18-3-17-3,Happiness,Correct,Happiness,3,0.99928826,0.99928826,,,,,,,,,0.9818832278251648,0.9440782070159912,0.7039175033569336,,,,,,,
1700756516990-2-18-3-17-3,Happiness,Correct,Happiness,4,0.99953866,0.99953866,,,,,,,,,0.9999808073043824,0.999752163887024,0.8079782724380493,,,,,,,
1700756516990-2-18-3-17-3,Happiness,Correct,Happiness,5,0.9996012,0.9996012,,,,,,,,,0.9999991655349731,0.9999898672103882,0.8511822819709778,,,,,,,
1700756516990-2-18-3-17-3,Happiness,Correct,Happiness,6,0.99962366,0.99962366,,,,,,,,,0.9999991655349731,0.9999898672103882,0.8511822819709778,,,,,,,
1700756516990-2-18-3-17-3,Happiness,Correct,Happiness,7,0.9996625,0.9996625,,,,,,,,,0.9999999403953552,0.9999995231628418,0.8788681626319885,,,,,,,
1700756516990-2-18-3-17-3,Happiness,Correct,Happiness,8,0.9996599,0.9996599,,,,,,,,,1.0,1.0,0.8800527453422546,,,,,,,
1700756727000-2-18-4-13-3,Happiness,Correct,Happiness,-1,0.15048566,0.15048566,,,,,,,,,0.1719615310430526,0.1558345258235931,0.1567146033048629,,,,,,,
1700756727000-2-18-4-13-3,Happiness,Correct,Happiness,0,0.62589765,0.62589765,,,,,,,,,0.6682798266410828,0.6463614106178284,0.4461406469345093,,,,,,,
1700756727000-2-18-4-13-3,Happiness,Correct,Happiness,1,0.9718236,0.9718236,,,,,,,,,0.9983479380607604,0.9921566843986512,0.7574580311775208,,,,,,,
1700756727000-2-18-4-13-3,Happiness,Correct,Happiness,2,0.9954894,0.9954894,,,,,,,,,0.9983479380607604,0.9921566843986512,0.7574580311775208,,,,,,,
1700756727000-2-18-4-13-3,Happiness,Correct,Happiness,3,0.99860865,0.99860865,,,,,,,,,0.9999619722366332,0.999822199344635,0.7974750995635986,,,,,,,
1700756727000-2-18-4-13-3,Happiness,Correct,Happiness,4,0.9992955,0.9992955,,,,,,,,,0.999998927116394,0.9999951720237732,0.8248977661132812,,,,,,,
1700756727000-2-18-4-13-3,Happiness,Correct,Happiness,5,0.9995116,0.9995116,,,,,,,,,0.9999999403953552,0.9999998211860656,0.8519664406776428,,,,,,,
1700756727000-2-18-4-13-3,Happiness,Correct,Happiness,6,0.99959904,0.99959904,,,,,,,,,1.0,1.0,0.8529115319252014,,,,,,,
1700756727000-2-18-4-13-3,Happiness,Correct,Happiness,7,0.9996418,0.9996418,,,,,,,,,1.0,1.0,0.8788697719573975,,,,,,,
1700756727000-2-18-4-13-3,Happiness,Correct,Happiness,8,0.99966204,0.99966204,,,,,,,,,1.0,1.0,0.900688886642456,,,,,,,
1700756746478-2-18-4-24-3,Happiness,Correct,Happiness,-4,0.08673005,0.08673005,,,,,,,,,1.5260788131854497e-05,1.4436111086979508e-05,0.0125452587381005,,,,,,,
1700756746478-2-18-4-24-3,Happiness,Correct,Happiness,-3,0.04512888,0.04512888,,,,,,,,,9.97200459096348e-06,9.097466318053192e-06,0.0117815108969807,,,,,,,
1700756746478-2-18-4-24-3,Happiness,Correct,Happiness,-2,0.035707757,0.035707757,,,,,,,,,0.2097172886133194,0.1988731473684311,0.1830583810806274,,,,,,,
1700756746478-2-18-4-24-3,Happiness,Correct,Happiness,-1,0.28820536,0.28820536,,,,,,,,,0.7230601906776428,0.6958436369895935,0.4473265707492828,,,,,,,
1700756746478-2-18-4-24-3,Happiness,Correct,Happiness,0,0.85497266,0.85497266,,,,,,,,,0.7230601906776428,0.6958436369895935,0.4473265707492828,,,,,,,
1700756746478-2-18-4-24-3,Happiness,Correct,Happiness,1,0.9905449,0.9905449,,,,,,,,,0.9446671605110168,0.917483687400818,0.6292105913162231,,,,,,,
1700756746478-2-18-4-24-3,Happiness,Correct,Happiness,2,0.9976434,0.9976434,,,,,,,,,0.9446671605110168,0.917483687400818,0.6292105913162231,,,,,,,
1700756746478-2-18-4-24-3,Happiness,Correct,Happiness,3,0.99896014,0.99896014,,,,,,,,,0.9930580258369446,0.9552407264709472,0.7038424015045166,,,,,,,
1700756746478-2-18-4-24-3,Happiness,Correct,Happiness,4,0.9994,0.9994,,,,,,,,,0.9999936819076538,0.9997816681861876,0.8080887198448181,,,,,,,
1700756746478-2-18-4-24-3,Happiness,Correct,Happiness,5,0.99955016,0.99955016,,,,,,,,,0.9999997615814208,0.9999916553497314,0.8355507850646973,,,,,,,
1700756746478-2-18-4-24-3,Happiness,Correct,Happiness,6,0.9996026,0.9996026,,,,,,,,,1.0,0.9999996423721312,0.836603581905365,,,,,,,
1700756746478-2-18-4-24-3,Happiness,Correct,Happiness,7,0.9996257,0.9996257,,,,,,,,,1.0,0.9999996423721312,0.836603581905365,,,,,,,
1700756746478-2-18-4-24-3,Happiness,Correct,Happiness,8,0.99964404,0.99964404,,,,,,,,,1.0,1.0,0.8366517424583435,,,,,,,
1701085399209-2-23-1-2-3,Happiness,Correct,Happiness,-1,0.42936763,0.42936763,,,,,,,,,0.2841100692749023,0.2693923711776733,0.1811316460371017,,,,,,,
1701085399209-2-23-1-2-3,Happiness,Correct,Happiness,0,0.8204638,0.8204638,,,,,,,,,0.4188272058963775,0.4026281535625458,0.2169897556304931,,,,,,,
1701085399209-2-23-1-2-3,Happiness,Correct,Happiness,1,0.94946814,0.94946814,,,,,,,,,0.4188272058963775,0.4026281535625458,0.2169897556304931,,,,,,,
1701085399209-2-23-1-2-3,Happiness,Correct,Happiness,2,0.9809965,0.9809965,,,,,,,,,0.4188272058963775,0.4026281535625458,0.2169897556304931,,,,,,,
1701085399209-2-23-1-2-3,Happiness,Correct,Happiness,3,0.9943441,0.9943441,,,,,,,,,0.6849902868270874,0.647179901599884,0.4191302061080932,,,,,,,
1701085399209-2-23-1-2-3,Happiness,Correct,Happiness,4,0.9980338,0.9980338,,,,,,,,,0.8479171991348267,0.8043655753135681,0.5316528081893921,,,,,,,
1701085399209-2-23-1-2-3,Happiness,Correct,Happiness,5,0.99910814,0.99910814,,,,,,,,,0.9903377294540404,0.952052116394043,0.6100770831108093,,,,,,,
1701085399209-2-23-1-2-3,Happiness,Correct,Happiness,6,0.9994198,0.9994198,,,,,,,,,0.9996973276138306,0.982380986213684,0.6395165920257568,,,,,,,
1701085399209-2-23-1-2-3,Happiness,Correct,Happiness,7,0.9995652,0.9995652,,,,,,,,,0.999988615512848,0.9993791580200196,0.6563720107078552,,,,,,,
1701085399209-2-23-1-2-3,Happiness,Correct,Happiness,8,0.9996346,0.9996346,,,,,,,,,0.999999463558197,0.9999738335609436,0.6573049426078796,,,,,,,
1701085409026-2-23-1-6-3,Happiness,Correct,Happiness,-1,0.44148746,0.44148746,,,,,,,,,0.2583441436290741,0.2474471777677536,0.227144718170166,,,,,,,
1701085409026-2-23-1-6-3,Happiness,Correct,Happiness,0,0.72431225,0.72431225,,,,,,,,,0.2112029492855072,0.2096190452575683,0.2135083824396133,,,,,,,
1701085409026-2-23-1-6-3,Happiness,Correct,Happiness,1,0.8772115,0.8772115,,,,,,,,,0.2112029492855072,0.2096190452575683,0.2135083824396133,,,,,,,
1701085409026-2-23-1-6-3,Happiness,Correct,Happiness,2,0.9328723,0.9328723,,,,,,,,,0.1998410671949386,0.1923936009407043,0.1992726624011993,,,,,,,
1701085409026-2-23-1-6-3,Happiness,Correct,Happiness,3,0.9527255,0.9527255,,,,,,,,,0.1896366626024246,0.1765769124031067,0.1816019266843795,,,,,,,
1701085409026-2-23-1-6-3,Happiness,Correct,Happiness,4,0.9564112,0.9564112,,,,,,,,,0.1446309834718704,0.1323446929454803,0.1744228154420852,,,,,,,
1701085409026-2-23-1-6-3,Happiness,Correct,Happiness,5,0.95388013,0.95388013,,,,,,,,,0.1463393270969391,0.137478157877922,0.1528298705816269,,,,,,,
1701085409026-2-23-1-6-3,Happiness,Correct,Happiness,6,0.94943935,0.94943935,,,,,,,,,0.1463393270969391,0.137478157877922,0.1528298705816269,,,,,,,
1701085409026-2-23-1-6-3,Happiness,Correct,Happiness,7,0.9348477,0.9348477,,,,,,,,,0.111429825425148,0.1104695498943328,0.1376255005598068,,,,,,,
1701085409026-2-23-1-6-3,Happiness,Correct,Happiness,8,0.9174036,0.9174036,,,,,,,,,0.1171677559614181,0.104967750608921,0.132963940501213,,,,,,,
1701085611540-2-23-3-4-3,Happiness,Correct,Happiness,-1,0.8183566,0.8183566,,,,,,,,,0.8635408878326416,0.8363532423973083,0.4988473355770111,,,,,,,
1701085611540-2-23-3-4-3,Happiness,Correct,Happiness,0,0.9811602,0.9811602,,,,,,,,,0.8635408878326416,0.8363532423973083,0.4988473355770111,,,,,,,
1701085611540-2-23-3-4-3,Happiness,Correct,Happiness,1,0.99635494,0.99635494,,,,,,,,,0.9786962270736694,0.9406362175941468,0.5587494373321533,,,,,,,
1701085611540-2-23-3-4-3,Happiness,Correct,Happiness,2,0.9984964,0.9984964,,,,,,,,,0.9786962270736694,0.9406362175941468,0.5587494373321533,,,,,,,
1701085611540-2-23-3-4-3,Happiness,Correct,Happiness,3,0.9991793,0.9991793,,,,,,,,,0.8659729361534119,0.8338094353675842,0.5236142873764038,,,,,,,
1701085611540-2-23-3-4-3,Happiness,Correct,Happiness,4,0.9995421,0.9995421,,,,,,,,,0.9129374027252196,0.8957933187484741,0.6321110725402832,,,,,,,
1701085611540-2-23-3-4-3,Happiness,Correct,Happiness,5,0.99962926,0.99962926,,,,,,,,,0.8857401609420776,0.8684886693954468,0.6065066456794739,,,,,,,
1701085611540-2-23-3-4-3,Happiness,Correct,Happiness,6,0.99967384,0.99967384,,,,,,,,,0.8633597493171692,0.8390613198280334,0.5816974639892578,,,,,,,
1701085611540-2-23-3-4-3,Happiness,Correct,Happiness,7,0.9996791,0.9996791,,,,,,,,,0.8042014241218567,0.7778674960136414,0.5504392385482788,,,,,,,
1701085611540-2-23-3-4-3,Happiness,Correct,Happiness,8,0.9996512,0.9996512,,,,,,,,,0.7424009442329407,0.7308299541473389,0.4978911876678467,,,,,,,
1701085625896-2-23-3-11-3,Happiness,Correct,Happiness,-1,0.8863986,0.8863986,,,,,,,,,0.999999701976776,0.9996387958526612,0.6554515957832336,,,,,,,
1701085625896-2-23-3-11-3,Happiness,Correct,Happiness,0,0.99140465,0.99140465,,,,,,,,,1.0,0.9999756813049316,0.6430706977844238,,,,,,,
1701085625896-2-23-3-11-3,Happiness,Correct,Happiness,1,0.99816245,0.99816245,,,,,,,,,1.0,0.9999980330467224,0.6651370525360107,,,,,,,
1701085625896-2-23-3-11-3,Happiness,Correct,Happiness,2,0.9991698,0.9991698,,,,,,,,,1.0,0.9999998211860656,0.658626139163971,,,,,,,
1701085625896-2-23-3-11-3,Happiness,Correct,Happiness,3,0.9994469,0.9994469,,,,,,,,,1.0,1.0,0.6576054096221924,,,,,,,
1701085625896-2-23-3-11-3,Happiness,Correct,Happiness,4,0.99955696,0.99955696,,,,,,,,,1.0,1.0,0.6457595825195312,,,,,,,
1701085625896-2-23-3-11-3,Happiness,Correct,Happiness,5,0.9996136,0.9996136,,,,,,,,,1.0,1.0,0.6546804904937744,,,,,,,
1701085625896-2-23-3-11-3,Happiness,Correct,Happiness,6,0.9996419,0.9996419,,,,,,,,,1.0,1.0,0.6652783751487732,,,,,,,
1701085625896-2-23-3-11-3,Happiness,Correct,Happiness,7,0.99965703,0.99965703,,,,,,,,,1.0,1.0,0.6597926020622253,,,,,,,
1701085625896-2-23-3-11-3,Happiness,Correct,Happiness,8,0.9996623,0.9996623,,,,,,,,,1.0,0.988586127758026,0.6581932902336121,,,,,,,
1701085793939-2-23-4-6-3,Happiness,Correct,Happiness,-1,0.24383245,0.24383245,,,,,,,,,0.0934060141444206,0.0938537940382957,0.1572989970445633,,,,,,,
1701085793939-2-23-4-6-3,Happiness,Correct,Happiness,0,0.72861594,0.72861594,,,,,,,,,0.277782529592514,0.2673072218894958,0.3331285715103149,,,,,,,
1701085793939-2-23-4-6-3,Happiness,Correct,Happiness,1,0.9834319,0.9834319,,,,,,,,,0.6128320693969727,0.6011530756950378,0.4479537904262543,,,,,,,
1701085793939-2-23-4-6-3,Happiness,Correct,Happiness,2,0.99616927,0.99616927,,,,,,,,,0.6128320693969727,0.6011530756950378,0.4479537904262543,,,,,,,
1701085793939-2-23-4-6-3,Happiness,Correct,Happiness,3,0.9968129,0.9968129,,,,,,,,,0.6138697266578674,0.602974534034729,0.4203597903251648,,,,,,,
1701085793939-2-23-4-6-3,Happiness,Correct,Happiness,4,0.9969919,0.9969919,,,,,,,,,0.6676810383796692,0.6565863490104675,0.4354356527328491,,,,,,,
1701085793939-2-23-4-6-3,Happiness,Correct,Happiness,5,0.997086,0.997086,,,,,,,,,0.6676810383796692,0.6565863490104675,0.4354356527328491,,,,,,,
1701085793939-2-23-4-6-3,Happiness,Correct,Happiness,6,0.99726945,0.99726945,,,,,,,,,0.6953248381614685,0.6790388822555542,0.4442797005176544,,,,,,,
1701085793939-2-23-4-6-3,Happiness,Correct,Happiness,7,0.99742717,0.99742717,,,,,,,,,0.6953248381614685,0.6790388822555542,0.4442797005176544,,,,,,,
1701085793939-2-23-4-6-3,Happiness,Correct,Happiness,8,0.99763083,0.99763083,,,,,,,,,0.7055582404136658,0.6943538188934326,0.4453319907188415,,,,,,,
1701085802372-2-23-4-11-3,Happiness,Correct,Happiness,-7,0.1522914,0.1522914,,,,,,,,,0.0656312555074691,0.0656558871269226,0.0795330554246902,,,,,,,
1701085802372-2-23-4-11-3,Happiness,Correct,Happiness,-6,0.15280077,0.15280077,,,,,,,,,0.065308578312397,0.0653238147497177,0.0737144201993942,,,,,,,
1701085802372-2-23-4-11-3,Happiness,Correct,Happiness,-5,0.17545894,0.17545894,,,,,,,,,0.0652569308876991,0.0652673467993736,0.1316245794296264,,,,,,,
1701085802372-2-23-4-11-3,Happiness,Correct,Happiness,-4,0.20016246,0.20016246,,,,,,,,,0.0652569308876991,0.0652673467993736,0.1316245794296264,,,,,,,
1701085802372-2-23-4-11-3,Happiness,Correct,Happiness,-3,0.27989694,0.27989694,,,,,,,,,0.0890638902783393,0.0891504734754562,0.1623542010784149,,,,,,,
1701085802372-2-23-4-11-3,Happiness,Correct,Happiness,-2,0.3689326,0.3689326,,,,,,,,,0.0890638902783393,0.0891504734754562,0.1623542010784149,,,,,,,
1701085802372-2-23-4-11-3,Happiness,Correct,Happiness,-1,0.5486309,0.5486309,,,,,,,,,0.1286365538835525,0.1266242861747741,0.1838757544755935,,,,,,,
1701085802372-2-23-4-11-3,Happiness,Correct,Happiness,0,0.74235296,0.74235296,,,,,,,,,0.1431838721036911,0.1428888440132141,0.2171261459589004,,,,,,,
1701085802372-2-23-4-11-3,Happiness,Correct,Happiness,1,0.84695566,0.84695566,,,,,,,,,0.1431838721036911,0.1428888440132141,0.2171261459589004,,,,,,,
1701085802372-2-23-4-11-3,Happiness,Correct,Happiness,2,0.8867789,0.8867789,,,,,,,,,0.1459091007709503,0.145863190293312,0.2009095251560211,,,,,,,
1701085802372-2-23-4-11-3,Happiness,Correct,Happiness,3,0.91562015,0.91562015,,,,,,,,,0.1643318384885788,0.1643882542848587,0.2095665335655212,,,,,,,
1701085802372-2-23-4-11-3,Happiness,Correct,Happiness,4,0.9360533,0.9360533,,,,,,,,,0.1682155728340149,0.1663306206464767,0.2117296010255813,,,,,,,
1701085802372-2-23-4-11-3,Happiness,Correct,Happiness,5,0.94790375,0.94790375,,,,,,,,,0.1813373118638992,0.1810708343982696,0.2290849834680557,,,,,,,
1701085802372-2-23-4-11-3,Happiness,Correct,Happiness,6,0.9538653,0.9538653,,,,,,,,,0.1813373118638992,0.1810708343982696,0.2290849834680557,,,,,,,
1701085802372-2-23-4-11-3,Happiness,Correct,Happiness,7,0.96057004,0.96057004,,,,,,,,,0.2278681099414825,0.2279579788446426,0.2312852591276168,,,,,,,
1701085802372-2-23-4-11-3,Happiness,Correct,Happiness,8,0.9634197,0.9634197,,,,,,,,,0.2278681099414825,0.2279579788446426,0.2312852591276168,,,,,,,
1701085805933-2-23-4-13-3,Happiness,Correct,Happiness,-1,0.5364157,0.5364157,,,,,,,,,0.2589781880378723,0.2573643624782562,0.2868032455444336,,,,,,,
1701085805933-2-23-4-13-3,Happiness,Correct,Happiness,0,0.86638606,0.86638606,,,,,,,,,0.2748962938785553,0.2747120559215545,0.2956171631813049,,,,,,,
1701085805933-2-23-4-13-3,Happiness,Correct,Happiness,1,0.9596519,0.9596519,,,,,,,,,0.2767679095268249,0.2767433822154999,0.2909038960933685,,,,,,,
1701085805933-2-23-4-13-3,Happiness,Correct,Happiness,2,0.98389107,0.98389107,,,,,,,,,0.2863200604915619,0.2770202159881592,0.2963013350963592,,,,,,,
1701085805933-2-23-4-13-3,Happiness,Correct,Happiness,3,0.99183065,0.99183065,,,,,,,,,0.3114465773105621,0.2956345975399017,0.3345147371292114,,,,,,,
1701085805933-2-23-4-13-3,Happiness,Correct,Happiness,4,0.9951265,0.9951265,,,,,,,,,0.3487187922000885,0.3370866179466247,0.3744559586048126,,,,,,,
1701085805933-2-23-4-13-3,Happiness,Correct,Happiness,5,0.996327,0.996327,,,,,,,,,0.3525852560997009,0.3512357771396637,0.3658753335475921,,,,,,,
1701085805933-2-23-4-13-3,Happiness,Correct,Happiness,6,0.99711007,0.99711007,,,,,,,,,0.4281494915485382,0.4023869633674621,0.4122955799102783,,,,,,,
1701085805933-2-23-4-13-3,Happiness,Correct,Happiness,7,0.99710995,0.99710995,,,,,,,,,0.3960004448890686,0.3832484483718872,0.3774387240409851,,,,,,,
1701085805933-2-23-4-13-3,Happiness,Correct,Happiness,8,0.99700207,0.99700207,,,,,,,,,0.3708861768245697,0.3676431775093078,0.3630599677562713,,,,,,,
1701094443379-2-27-1-2-3,Happiness,Correct,Happiness,-5,0.10837902,0.10837902,,,,,,,,,3.1421069321773586e-30,0.0108649292960762,0.1617367416620254,,,,,,,
1701094443379-2-27-1-2-3,Happiness,Correct,Happiness,-4,0.091895804,0.091895804,,,,,,,,,0.0058981720358133,0.0108651407063007,0.1879543960094452,,,,,,,
1701094443379-2-27-1-2-3,Happiness,Correct,Happiness,-3,0.09114183,0.09114183,,,,,,,,,0.0448842048645019,0.0446588620543479,0.2167839705944061,,,,,,,
1701094443379-2-27-1-2-3,Happiness,Correct,Happiness,-2,0.11975358,0.11975358,,,,,,,,,0.1479927748441696,0.1475284248590469,0.2805902063846588,,,,,,,
1701094443379-2-27-1-2-3,Happiness,Correct,Happiness,-1,0.30189508,0.30189508,,,,,,,,,0.4088198542594909,0.3818213641643524,0.3371675610542297,,,,,,,
1701094443379-2-27-1-2-3,Happiness,Correct,Happiness,0,0.6945602,0.6945602,,,,,,,,,0.6244927644729614,0.5809952616691589,0.3617216646671295,,,,,,,
1701094443379-2-27-1-2-3,Happiness,Correct,Happiness,1,0.9635142,0.9635142,,,,,,,,,0.8214234113693237,0.7937561869621277,0.5566142797470093,,,,,,,
1701094443379-2-27-1-2-3,Happiness,Correct,Happiness,2,0.99619895,0.99619895,,,,,,,,,0.942665159702301,0.9260992407798768,0.8188337087631226,,,,,,,
1701094443379-2-27-1-2-3,Happiness,Correct,Happiness,3,0.9989599,0.9989599,,,,,,,,,0.9452431201934814,0.9448281526565552,0.8519544005393982,,,,,,,
1701094443379-2-27-1-2-3,Happiness,Correct,Happiness,4,0.99947256,0.99947256,,,,,,,,,0.9822568893432616,0.9664016962051392,0.8791912198066711,,,,,,,
1701094443379-2-27-1-2-3,Happiness,Correct,Happiness,5,0.99963164,0.99963164,,,,,,,,,0.983303725719452,0.9827774167060852,0.8905320763587952,,,,,,,
1701094443379-2-27-1-2-3,Happiness,Correct,Happiness,6,0.99970514,0.99970514,,,,,,,,,0.9936950206756592,0.9826031923294068,0.8895993232727051,,,,,,,
1701094443379-2-27-1-2-3,Happiness,Correct,Happiness,7,0.99973863,0.99973863,,,,,,,,,0.9996541142463684,0.9935808181762696,0.91652512550354,,,,,,,
1701094443379-2-27-1-2-3,Happiness,Correct,Happiness,8,0.9997563,0.9997563,,,,,,,,,0.9844945073127748,0.9689849019050598,0.892966091632843,,,,,,,
1701094458007-2-27-1-8-3,Happiness,Correct,Happiness,-1,0.90294534,0.90294534,,,,,,,,,0.9369833469390868,0.920669972896576,0.8268333077430725,,,,,,,
1701094458007-2-27-1-8-3,Happiness,Correct,Happiness,0,0.993489,0.993489,,,,,,,,,0.9810665249824524,0.9648710489273072,0.8886346817016602,,,,,,,
1701094458007-2-27-1-8-3,Happiness,Correct,Happiness,1,0.9985857,0.9985857,,,,,,,,,0.9989641308784484,0.992726743221283,0.916954755783081,,,,,,,
1701094458007-2-27-1-8-3,Happiness,Correct,Happiness,2,0.99936336,0.99936336,,,,,,,,,0.9945245981216432,0.9839321374893188,0.8821607828140259,,,,,,,
1701094458007-2-27-1-8-3,Happiness,Correct,Happiness,3,0.99959797,0.99959797,,,,,,,,,0.9942087531089784,0.9842488169670104,0.8909413814544678,,,,,,,
1701094458007-2-27-1-8-3,Happiness,Correct,Happiness,4,0.9996841,0.9996841,,,,,,,,,0.9942066669464112,0.9834365248680116,0.8909791111946106,,,,,,,
1701094458007-2-27-1-8-3,Happiness,Correct,Happiness,5,0.9997241,0.9997241,,,,,,,,,0.994206428527832,0.983352541923523,0.8673490881919861,,,,,,,
1701094458007-2-27-1-8-3,Happiness,Correct,Happiness,6,0.99973863,0.99973863,,,,,,,,,0.9813523292541504,0.9811581969261168,0.8604064583778381,,,,,,,
1701094458007-2-27-1-8-3,Happiness,Correct,Happiness,7,0.99975103,0.99975103,,,,,,,,,0.996791124343872,0.992073893547058,0.8867133855819702,,,,,,,
1701094458007-2-27-1-8-3,Happiness,Correct,Happiness,8,0.9997571,0.9997571,,,,,,,,,0.996791124343872,0.992073893547058,0.8867133855819702,,,,,,,
1701094686349-2-27-3-17-3,Happiness,Correct,Happiness,-8,0.28621286,0.28621286,,,,,,,,,0.0271641127765178,0.0271646007895469,0.221133291721344,,,,,,,
1701094686349-2-27-3-17-3,Happiness,Correct,Happiness,-7,0.27840272,0.27840272,,,,,,,,,0.0271641090512275,0.0271642636507749,0.2183028310537338,,,,,,,
1701094686349-2-27-3-17-3,Happiness,Correct,Happiness,-6,0.27473915,0.27473915,,,,,,,,,0.0271641090512275,0.0271642636507749,0.2183028310537338,,,,,,,
1701094686349-2-27-3-17-3,Happiness,Correct,Happiness,-5,0.25457326,0.25457326,,,,,,,,,0.0271641090512275,0.0271642003208398,0.2199929654598236,,,,,,,
1701094686349-2-27-3-17-3,Happiness,Correct,Happiness,-4,0.2309424,0.2309424,,,,,,,,,0.0167909823358058,0.0166978500783443,0.2210036814212799,,,,,,,
1701094686349-2-27-3-17-3,Happiness,Correct,Happiness,-3,0.20216025,0.20216025,,,,,,,,,0.0132169667631387,0.0131471185013651,0.2216234505176544,,,,,,,
1701094686349-2-27-3-17-3,Happiness,Correct,Happiness,-2,0.4168167,0.4168167,,,,,,,,,0.1825135797262191,0.1716715991497039,0.3157446086406708,,,,,,,
1701094686349-2-27-3-17-3,Happiness,Correct,Happiness,-1,0.63735974,0.63735974,,,,,,,,,0.1825135797262191,0.1716715991497039,0.3157446086406708,,,,,,,
1701094686349-2-27-3-17-3,Happiness,Correct,Happiness,0,0.99151164,0.99151164,,,,,,,,,0.8574522137641907,0.830101490020752,0.7796439528465271,,,,,,,
1701094686349-2-27-3-17-3,Happiness,Correct,Happiness,1,0.9984054,0.9984054,,,,,,,,,0.8574522137641907,0.830101490020752,0.7796439528465271,,,,,,,
1701094686349-2-27-3-17-3,Happiness,Correct,Happiness,2,0.9993892,0.9993892,,,,,,,,,0.9809349775314332,0.9644017219543456,0.914664387702942,,,,,,,
1701094686349-2-27-3-17-3,Happiness,Correct,Happiness,3,0.999595,0.999595,,,,,,,,,0.983285427093506,0.966981053352356,0.8812520503997803,,,,,,,
1701094686349-2-27-3-17-3,Happiness,Correct,Happiness,4,0.99965954,0.99965954,,,,,,,,,0.9993795156478882,0.982733964920044,0.8241891860961914,,,,,,,
1701094686349-2-27-3-17-3,Happiness,Correct,Happiness,5,0.9996674,0.9996674,,,,,,,,,0.9944462180137634,0.9833127856254578,0.8510245680809021,,,,,,,
1701094686349-2-27-3-17-3,Happiness,Correct,Happiness,6,0.99970824,0.99970824,,,,,,,,,0.9996294975280762,0.983340620994568,0.836784303188324,,,,,,,
1701094686349-2-27-3-17-3,Happiness,Correct,Happiness,7,0.99972385,0.99972385,,,,,,,,,0.9999718070030212,0.9833407402038574,0.8366702198982239,,,,,,,
1701094686349-2-27-3-17-3,Happiness,Correct,Happiness,8,0.99973625,0.99973625,,,,,,,,,0.9999974370002748,0.9833407402038574,0.8366567492485046,,,,,,,
1701094830423-2-27-4-6-3,Happiness,Correct,Happiness,-1,0.80325437,0.80325437,,,,,,,,,1.0,0.9942055940628052,0.519188404083252,,,,,,,
1701094830423-2-27-4-6-3,Happiness,Correct,Happiness,0,0.9773228,0.9773228,,,,,,,,,1.0,0.999264657497406,0.5346922278404236,,,,,,,
1701094830423-2-27-4-6-3,Happiness,Correct,Happiness,1,0.9947137,0.9947137,,,,,,,,,1.0,0.9743154644966124,0.5140928626060486,,,,,,,
1701094830423-2-27-4-6-3,Happiness,Correct,Happiness,2,0.9977562,0.9977562,,,,,,,,,1.0,0.9815576672554016,0.5195897221565247,,,,,,,
1701094830423-2-27-4-6-3,Happiness,Correct,Happiness,3,0.9986394,0.9986394,,,,,,,,,1.0,0.9662904143333436,0.5140819549560547,,,,,,,
1701094830423-2-27-4-6-3,Happiness,Correct,Happiness,4,0.9989869,0.9989869,,,,,,,,,1.0,0.9605348110198976,0.5120928287506104,,,,,,,
1701094830423-2-27-4-6-3,Happiness,Correct,Happiness,5,0.99915576,0.99915576,,,,,,,,,1.0,0.9648235440254213,0.5113133788108826,,,,,,,
1701094830423-2-27-4-6-3,Happiness,Correct,Happiness,6,0.9992405,0.9992405,,,,,,,,,1.0,0.9648235440254213,0.5113133788108826,,,,,,,
1701094830423-2-27-4-6-3,Happiness,Correct,Happiness,7,0.99921703,0.99921703,,,,,,,,,0.9783502221107484,0.9250783920288086,0.467545211315155,,,,,,,
1701094830423-2-27-4-6-3,Happiness,Correct,Happiness,8,0.99924797,0.99924797,,,,,,,,,0.972382426261902,0.9204291105270386,0.4708738923072815,,,,,,,
1701094839307-2-27-4-11-3,Happiness,Correct,Happiness,-8,0.04159587,0.04159587,,,,,,,,,3.518390301326946e-10,2.192626379837748e-05,0.1305771768093109,,,,,,,
1701094839307-2-27-4-11-3,Happiness,Correct,Happiness,-7,0.03244066,0.03244066,,,,,,,,,1.0269018968500632e-10,6.376877081493149e-06,0.1529224514961242,,,,,,,
1701094839307-2-27-4-11-3,Happiness,Correct,Happiness,-6,0.024642313,0.024642313,,,,,,,,,3.3355544021285155e-11,2.0645638869609684e-06,0.1566375792026519,,,,,,,
1701094839307-2-27-4-11-3,Happiness,Correct,Happiness,-5,0.019250682,0.019250682,,,,,,,,,1.1950235072333282e-11,0.0055169374682009,0.1735347956418991,,,,,,,
1701094839307-2-27-4-11-3,Happiness,Correct,Happiness,-4,0.02305247,0.02305247,,,,,,,,,0.0626297146081924,0.0632882192730903,0.3386811017990112,,,,,,,
1701094839307-2-27-4-11-3,Happiness,Correct,Happiness,-3,0.047324162,0.047324162,,,,,,,,,0.4872920513153076,0.4439607858657837,0.4655944108963012,,,,,,,
1701094839307-2-27-4-11-3,Happiness,Correct,Happiness,-2,0.092943706,0.092943706,,,,,,,,,0.637139081954956,0.5987247824668884,0.4569819569587707,,,,,,,
1701094839307-2-27-4-11-3,Happiness,Correct,Happiness,-1,0.22411163,0.22411163,,,,,,,,,0.6938009858131409,0.6556738615036011,0.4129583835601806,,,,,,,
1701094839307-2-27-4-11-3,Happiness,Correct,Happiness,0,0.5515027,0.5515027,,,,,,,,,0.7322314381599426,0.6941399574279785,0.4176928699016571,,,,,,,
1701094839307-2-27-4-11-3,Happiness,Correct,Happiness,1,0.87530315,0.87530315,,,,,,,,,0.7971973419189453,0.758525013923645,0.4421499967575073,,,,,,,
1701094839307-2-27-4-11-3,Happiness,Correct,Happiness,2,0.9718402,0.9718402,,,,,,,,,0.852159857749939,0.7980466485023499,0.4722058176994324,,,,,,,
1701094839307-2-27-4-11-3,Happiness,Correct,Happiness,3,0.99162453,0.99162453,,,,,,,,,0.8891802430152893,0.8347444534301758,0.4819729626178741,,,,,,,
1701094839307-2-27-4-11-3,Happiness,Correct,Happiness,4,0.99639916,0.99639916,,,,,,,,,0.8916604518890381,0.8377416133880615,0.4749259948730469,,,,,,,
1701094839307-2-27-4-11-3,Happiness,Correct,Happiness,5,0.9978715,0.9978715,,,,,,,,,0.9010909795761108,0.8619287014007568,0.47320756316185,,,,,,,
1701094839307-2-27-4-11-3,Happiness,Correct,Happiness,6,0.9985201,0.9985201,,,,,,,,,0.9010909795761108,0.8619287014007568,0.47320756316185,,,,,,,
1701094839307-2-27-4-11-3,Happiness,Correct,Happiness,7,0.9988533,0.9988533,,,,,,,,,0.9010909795761108,0.8619287014007568,0.47320756316185,,,,,,,
1701094839307-2-27-4-11-3,Happiness,Correct,Happiness,8,0.9990938,0.9990938,,,,,,,,,0.9525547027587892,0.8990654945373535,0.5047702789306641,,,,,,,
1701094842669-2-27-4-13-3,Happiness,Correct,Happiness,-1,0.8715946,0.8715946,,,,,,,,,0.929018259048462,0.9168884754180908,0.761549711227417,,,,,,,
1701094842669-2-27-4-13-3,Happiness,Correct,Happiness,0,0.9855541,0.9855541,,,,,,,,,0.9436213970184326,0.9164870977401732,0.7365661859512329,,,,,,,
1701094842669-2-27-4-13-3,Happiness,Correct,Happiness,1,0.99630284,0.99630284,,,,,,,,,0.9310792684555054,0.9179264307022096,0.7294436097145081,,,,,,,
1701094842669-2-27-4-13-3,Happiness,Correct,Happiness,2,0.9981832,0.9981832,,,,,,,,,0.9205770492553712,0.9048718810081482,0.7042437791824341,,,,,,,
1701094842669-2-27-4-13-3,Happiness,Correct,Happiness,3,0.9988343,0.9988343,,,,,,,,,0.9415446519851683,0.9158563017845154,0.7104135751724243,,,,,,,
1701094842669-2-27-4-13-3,Happiness,Correct,Happiness,4,0.9990928,0.9990928,,,,,,,,,0.9317834377288818,0.9176921844482422,0.7144225239753723,,,,,,,
1701094842669-2-27-4-13-3,Happiness,Correct,Happiness,5,0.9992144,0.9992144,,,,,,,,,0.9426780939102172,0.918043851852417,0.7170619964599609,,,,,,,
1701094842669-2-27-4-13-3,Happiness,Correct,Happiness,6,0.9992749,0.9992749,,,,,,,,,0.9447250962257384,0.9181204438209534,0.718819260597229,,,,,,,
1701094842669-2-27-4-13-3,Happiness,Correct,Happiness,7,0.99932957,0.99932957,,,,,,,,,0.9346067905426024,0.9181392192840576,0.7266216278076172,,,,,,,
1701094842669-2-27-4-13-3,Happiness,Correct,Happiness,8,0.9993832,0.9993832,,,,,,,,,0.9424340724945068,0.9181444048881532,0.7251224517822266,,,,,,,
1701094862346-2-27-4-24-3,Happiness,Correct,Happiness,-8,0.00025932834,0.00025932834,,,,,,,,,2.700271943467669e-05,0.0019786078482866,0.1354098320007324,,,,,,,
1701094862346-2-27-4-24-3,Happiness,Correct,Happiness,-7,8.830447e-05,8.830447e-05,,,,,,,,,1.463932221668074e-05,0.0009663209202699,0.1314720064401626,,,,,,,
1701094862346-2-27-4-24-3,Happiness,Correct,Happiness,-6,4.2527678e-05,4.2527678e-05,,,,,,,,,8.266879376606084e-06,0.0049291895702481,0.1414806395769119,,,,,,,
1701094862346-2-27-4-24-3,Happiness,Correct,Happiness,-5,4.1146046e-05,4.1146046e-05,,,,,,,,,4.834736500924919e-06,0.0072112893685698,0.2626450061798095,,,,,,,
1701094862346-2-27-4-24-3,Happiness,Correct,Happiness,-4,0.00013581866,0.00013581866,,,,,,,,,0.1555513590574264,0.1449849754571914,0.3831730186939239,,,,,,,
1701094862346-2-27-4-24-3,Happiness,Correct,Happiness,-3,0.00086600316,0.00086600316,,,,,,,,,0.8764404058456421,0.832883894443512,0.5098041296005249,,,,,,,
1701094862346-2-27-4-24-3,Happiness,Correct,Happiness,-2,0.011956805,0.011956805,,,,,,,,,0.8764404058456421,0.832883894443512,0.5098041296005249,,,,,,,
1701094862346-2-27-4-24-3,Happiness,Correct,Happiness,-1,0.3266136,0.3266136,,,,,,,,,0.954571545124054,0.9003697633743286,0.5004929304122925,,,,,,,
1701094862346-2-27-4-24-3,Happiness,Correct,Happiness,0,0.90080637,0.90080637,,,,,,,,,0.993305802345276,0.944238007068634,0.4998734295368194,,,,,,,
1701094862346-2-27-4-24-3,Happiness,Correct,Happiness,1,0.9842547,0.9842547,,,,,,,,,0.9836186170578004,0.9294640421867372,0.4852544665336609,,,,,,,
1701094862346-2-27-4-24-3,Happiness,Correct,Happiness,2,0.99478513,0.99478513,,,,,,,,,0.9994729161262512,0.96582293510437,0.4982362687587738,,,,,,,
1701094862346-2-27-4-24-3,Happiness,Correct,Happiness,3,0.99746966,0.99746966,,,,,,,,,0.9999796748161316,0.9931797981262208,0.5190675258636475,,,,,,,
1701094862346-2-27-4-24-3,Happiness,Correct,Happiness,4,0.99841774,0.99841774,,,,,,,,,0.9999990463256836,0.9941619634628296,0.5357992053031921,,,,,,,
1701094862346-2-27-4-24-3,Happiness,Correct,Happiness,5,0.99883896,0.99883896,,,,,,,,,0.9999999403953552,0.994204044342041,0.5472111701965332,,,,,,,
1701094862346-2-27-4-24-3,Happiness,Correct,Happiness,6,0.9990663,0.9990663,,,,,,,,,1.0,0.9999752044677734,0.5725583434104919,,,,,,,
1701094862346-2-27-4-24-3,Happiness,Correct,Happiness,7,0.9991891,0.9991891,,,,,,,,,1.0,0.9999752044677734,0.5725583434104919,,,,,,,
1701094862346-2-27-4-24-3,Happiness,Correct,Happiness,8,0.9992636,0.9992636,,,,,,,,,1.0,0.9999998211860656,0.5995908975601196,,,,,,,
1700479105264-2-1-2-0-4,Neutral,Correct,Neutral,-2,0.26930678,0.26930678,,,,,,,,,,,,8.82818032524635e-44,1.401298464324817e-45,1.401298464324817e-45,,,,
1700479105264-2-1-2-0-4,Neutral,Correct,Neutral,-1,0.42115858,0.42115858,,,,,,,,,,,,6.165713243029195e-44,1.401298464324817e-45,1.401298464324817e-45,,,,
1700479105264-2-1-2-0-4,Neutral,Correct,Neutral,0,0.58499205,0.58499205,,,,,,,,,,,,4.344025239406933e-44,1.401298464324817e-45,1.401298464324817e-45,,,,
1700479105264-2-1-2-0-4,Neutral,Correct,Neutral,1,0.7351246,0.7351246,,,,,,,,,,,,3.0828566215145976e-44,1.401298464324817e-45,1.401298464324817e-45,,,,
1700479105264-2-1-2-0-4,Neutral,Correct,Neutral,2,0.8351137,0.8351137,,,,,,,,,,,,2.2420775429197083e-44,1.401298464324817e-45,1.401298464324817e-45,,,,
1700479105264-2-1-2-0-4,Neutral,Correct,Neutral,3,0.8957408,0.8957408,,,,,,,,,,,,1.5414283107572988e-44,1.401298464324817e-45,1.401298464324817e-45,,,,
1700479105264-2-1-2-0-4,Neutral,Correct,Neutral,4,0.9298113,0.9298113,,,,,,,,,,,,1.1210387714598537e-44,1.401298464324817e-45,1.401298464324817e-45,,,,
1700479105264-2-1-2-0-4,Neutral,Correct,Neutral,5,0.9496554,0.9496554,,,,,,,,,,,,8.407790785948902e-45,1.401298464324817e-45,1.401298464324817e-45,,,,
1700479105264-2-1-2-0-4,Neutral,Correct,Neutral,6,0.965211,0.965211,,,,,,,,,,,,5.605193857299268e-45,1.401298464324817e-45,1.401298464324817e-45,,,,
1700479105264-2-1-2-0-4,Neutral,Correct,Neutral,7,0.9744058,0.9744058,,,,,,,,,,,,4.203895392974451e-45,1.401298464324817e-45,1.401298464324817e-45,,,,
1700479105264-2-1-2-0-4,Neutral,Correct,Neutral,8,0.9801281,0.9801281,,,,,,,,,,,,2.802596928649634e-45,1.401298464324817e-45,1.401298464324817e-45,,,,
1700479131977-2-1-2-11-4,Neutral,Correct,Neutral,-1,0.29928535,0.29928535,,,,,,,,,,,,8.170039617490306e-25,8.170039617490306e-25,4.146286037377883e-21,,,,
1700479131977-2-1-2-11-4,Neutral,Correct,Neutral,0,0.45846018,0.45846018,,,,,,,,,,,,5.75809739977706e-25,5.75809739977706e-25,2.9222279635516768e-21,,,,
1700479131977-2-1-2-11-4,Neutral,Correct,Neutral,1,0.603184,0.603184,,,,,,,,,,,,4.058170681316923e-25,4.058170681316923e-25,2.059517156801691e-21,,,,
1700479131977-2-1-2-11-4,Neutral,Correct,Neutral,2,0.71580845,0.71580845,,,,,,,,,,,,2.8601293501910025e-25,2.8601293501910025e-25,1.4515125474391148e-21,,,,
1700479131977-2-1-2-11-4,Neutral,Correct,Neutral,3,0.7903196,0.7903196,,,,,,,,,,,,2.015758521740884e-25,2.015758521740884e-25,1.0229952257873916e-21,,,,
1700479131977-2-1-2-11-4,Neutral,Correct,Neutral,4,0.8409613,0.8409613,,,,,,,,,,,,1.4206605902886517e-25,1.4206605902886517e-25,7.209836778647447e-22,,,,
1700479131977-2-1-2-11-4,Neutral,Correct,Neutral,5,0.875127,0.875127,,,,,,,,,,,,1.0012554177164308e-25,1.0012554177164308e-25,5.081360304519466e-22,,,,
1700479131977-2-1-2-11-4,Neutral,Correct,Neutral,6,0.89692396,0.89692396,,,,,,,,,,,,7.056623956269552e-26,7.056623956269552e-26,3.5812290856665537e-22,,,,
1700479131977-2-1-2-11-4,Neutral,Correct,Neutral,7,0.9097205,0.9097205,,,,,,,,,,,,4.973364024353345e-26,4.973364024353345e-26,2.523976748343711e-22,,,,
1700479131977-2-1-2-11-4,Neutral,Correct,Neutral,8,0.9186262,0.9186262,,,,,,,,,,,,3.505101286742603e-26,3.505101286742603e-26,1.778835019361027e-22,,,,
1700479238544-2-1-3-0-4,Neutral,Correct,Neutral,-1,0.27070868,0.27070868,,,,,,,,,,,,1.401298464324817e-45,1.401298464324817e-45,1.401298464324817e-45,,,,
1700479238544-2-1-3-0-4,Neutral,Correct,Neutral,0,0.36089948,0.36089948,,,,,,,,,,,,1.401298464324817e-45,1.401298464324817e-45,1.401298464324817e-45,,,,
1700479238544-2-1-3-0-4,Neutral,Correct,Neutral,1,0.36384937,0.36384937,,,,,,,,,,,,1.401298464324817e-45,1.401298464324817e-45,1.401298464324817e-45,,,,
1700479238544-2-1-3-0-4,Neutral,Correct,Neutral,2,0.2763495,0.2763495,,,,,,,,,,,,1.401298464324817e-45,1.401298464324817e-45,1.401298464324817e-45,,,,
1700479238544-2-1-3-0-4,Neutral,Correct,Neutral,3,0.17418936,0.17418936,,,,,,,,,,,,1.401298464324817e-45,1.401298464324817e-45,1.401298464324817e-45,,,,
1700479238544-2-1-3-0-4,Neutral,Correct,Neutral,4,0.10651525,0.10651525,,,,,,,,,,,,1.401298464324817e-45,1.401298464324817e-45,1.401298464324817e-45,,,,
1700479238544-2-1-3-0-4,Neutral,Correct,Neutral,5,0.067342006,0.067342006,,,,,,,,,,,,1.401298464324817e-45,1.401298464324817e-45,1.401298464324817e-45,,,,
1700479238544-2-1-3-0-4,Neutral,Correct,Neutral,6,0.045816798,0.045816798,,,,,,,,,,,,1.401298464324817e-45,1.401298464324817e-45,1.401298464324817e-45,,,,
1700479238544-2-1-3-0-4,Neutral,Correct,Neutral,7,0.03448942,0.03448942,,,,,,,,,,,,1.401298464324817e-45,1.401298464324817e-45,1.401298464324817e-45,,,,
1700479238544-2-1-3-0-4,Neutral,Correct,Neutral,8,0.0285844,0.0285844,,,,,,,,,,,,1.401298464324817e-45,1.401298464324817e-45,1.401298464324817e-45,,,,
1700479262241-2-1-3-12-4,Neutral,Correct,Neutral,-8,0.2761845,0.2761845,,,,,,,,,,,,1.401298464324817e-45,1.401298464324817e-45,1.930735806103779e-32,,,,
1700479262241-2-1-3-12-4,Neutral,Correct,Neutral,-7,0.31140193,0.31140193,,,,,,,,,,,,1.401298464324817e-45,1.401298464324817e-45,1.3607504972703538e-32,,,,
1700479262241-2-1-3-12-4,Neutral,Correct,Neutral,-6,0.35481682,0.35481682,,,,,,,,,,,,1.401298464324817e-45,1.401298464324817e-45,9.59033384400499e-33,,,,
1700479262241-2-1-3-12-4,Neutral,Correct,Neutral,-5,0.3992702,0.3992702,,,,,,,,,,,,1.401298464324817e-45,1.401298464324817e-45,6.759048436189997e-33,,,,
1700479262241-2-1-3-12-4,Neutral,Correct,Neutral,-4,0.44457862,0.44457862,,,,,,,,,,,,1.401298464324817e-45,1.401298464324817e-45,4.763619225020317e-33,,,,
1700479262241-2-1-3-12-4,Neutral,Correct,Neutral,-3,0.49595731,0.49595731,,,,,,,,,,,,1.401298464324817e-45,1.401298464324817e-45,3.3572945178949946e-33,,,,
1700479262241-2-1-3-12-4,Neutral,Correct,Neutral,-2,0.5455612,0.5455612,,,,,,,,,,,,1.401298464324817e-45,1.401298464324817e-45,2.366152211428198e-33,,,,
1700479262241-2-1-3-12-4,Neutral,Correct,Neutral,-1,0.6016295,0.6016295,,,,,,,,,,,,1.401298464324817e-45,1.401298464324817e-45,1.6676189178848768e-33,,,,
1700479262241-2-1-3-12-4,Neutral,Correct,Neutral,0,0.66662407,0.66662407,,,,,,,,,,,,1.401298464324817e-45,1.401298464324817e-45,1.1753104043234829e-33,,,,
1700479262241-2-1-3-12-4,Neutral,Correct,Neutral,1,0.72815907,0.72815907,,,,,,,,,,,,1.401298464324817e-45,1.401298464324817e-45,8.283311042546296e-34,,,,
1700479262241-2-1-3-12-4,Neutral,Correct,Neutral,2,0.772234,0.772234,,,,,,,,,,,,1.401298464324817e-45,1.401298464324817e-45,5.837903971414286e-34,,,,
1700479262241-2-1-3-12-4,Neutral,Correct,Neutral,3,0.80345935,0.80345935,,,,,,,,,,,,1.401298464324817e-45,1.401298464324817e-45,4.1144547656661126e-34,,,,
1700479262241-2-1-3-12-4,Neutral,Correct,Neutral,4,0.8364953,0.8364953,,,,,,,,,,,,1.401298464324817e-45,1.401298464324817e-45,2.8997946420311054e-34,,,,
1700479262241-2-1-3-12-4,Neutral,Correct,Neutral,5,0.8641569,0.8641569,,,,,,,,,,,,1.401298464324817e-45,1.401298464324817e-45,2.043721366001841e-34,,,,
1700479262241-2-1-3-12-4,Neutral,Correct,Neutral,6,0.89042044,0.89042044,,,,,,,,,,,,1.401298464324817e-45,1.401298464324817e-45,1.4403771943063343e-34,,,,
1700479262241-2-1-3-12-4,Neutral,Correct,Neutral,7,0.9100907,0.9100907,,,,,,,,,,,,1.401298464324817e-45,1.401298464324817e-45,1.0151372915328235e-34,,,,
1700479262241-2-1-3-12-4,Neutral,Correct,Neutral,8,0.92373323,0.92373323,,,,,,,,,,,,1.401298464324817e-45,1.401298464324817e-45,7.154498855514147e-35,,,,
1700479265444-2-1-3-14-4,Neutral,Incorrect,Happiness,-1,0.31375802,0.0929042,,,,,,,,,,,,1.401298464324817e-45,1.401298464324817e-45,3.5289290933882e-10,,,,
1700479265444-2-1-3-14-4,Neutral,Incorrect,Happiness,0,0.48551422,0.060143914,,,,,,,,,,,,1.401298464324817e-45,1.401298464324817e-45,1.3340292759345118e-10,,,,
1700479265444-2-1-3-14-4,Neutral,Incorrect,Happiness,1,0.62349844,0.039163202,,,,,,,,,,,,1.401298464324817e-45,1.401298464324817e-45,5.4831611473460384e-11,,,,
1700479265444-2-1-3-14-4,Neutral,Incorrect,Happiness,2,0.7106762,0.027002603,,,,,,,,,,,,1.401298464324817e-45,1.401298464324817e-45,2.4290404757043582e-11,,,,
1700479265444-2-1-3-14-4,Neutral,Incorrect,Happiness,3,0.7618779,0.020545015,,,,,,,,,,,,1.401298464324817e-45,1.401298464324817e-45,1.1500371835393427e-11,,,,
1700479265444-2-1-3-14-4,Neutral,Incorrect,Happiness,4,0.7945935,0.015871562,,,,,,,,,,,,1.401298464324817e-45,1.401298464324817e-45,5.772998398767548e-12,,,,
1700479265444-2-1-3-14-4,Neutral,Incorrect,Happiness,5,0.81413424,0.013530461,,,,,,,,,,,,1.401298464324817e-45,1.401298464324817e-45,3.049947013694654e-12,,,,
1700479265444-2-1-3-14-4,Neutral,Incorrect,Happiness,6,0.8246641,0.012213618,,,,,,,,,,,,1.401298464324817e-45,1.401298464324817e-45,1.6843543703889965e-12,,,,
1700479265444-2-1-3-14-4,Neutral,Incorrect,Happiness,7,0.8283018,0.012584441,,,,,,,,,,,,1.401298464324817e-45,1.401298464324817e-45,9.663910296997535e-13,,,,
1700479265444-2-1-3-14-4,Neutral,Incorrect,Happiness,8,0.8276443,0.01458801,,,,,,,,,,,,1.401298464324817e-45,1.401298464324817e-45,5.729213219292373e-13,,,,
1700479420641-2-1-4-5-4,Neutral,Correct,Neutral,-8,0.030282008,0.030282008,,,,,,,,,,,,1.401298464324817e-45,1.401298464324817e-45,1.5820189865823727e-17,,,,
1700479420641-2-1-4-5-4,Neutral,Correct,Neutral,-7,0.048443813,0.048443813,,,,,,,,,,,,1.401298464324817e-45,1.401298464324817e-45,1.1149791642548262e-17,,,,
1700479420641-2-1-4-5-4,Neutral,Correct,Neutral,-6,0.08126069,0.08126069,,,,,,,,,,,,1.401298464324817e-45,1.401298464324817e-45,7.858125656566996e-18,,,,
1700479420641-2-1-4-5-4,Neutral,Correct,Neutral,-5,0.14687866,0.14687866,,,,,,,,,,,,1.401298464324817e-45,1.401298464324817e-45,5.53824427551252e-18,,,,
1700479420641-2-1-4-5-4,Neutral,Correct,Neutral,-4,0.23066507,0.23066507,,,,,,,,,,,,1.401298464324817e-45,1.401298464324817e-45,3.903243212643267e-18,,,,
1700479420641-2-1-4-5-4,Neutral,Correct,Neutral,-3,0.3419528,0.3419528,,,,,,,,,,,,1.401298464324817e-45,1.401298464324817e-45,2.750917133244886e-18,,,,
1700479420641-2-1-4-5-4,Neutral,Correct,Neutral,-2,0.45643148,0.45643148,,,,,,,,,,,,1.401298464324817e-45,1.401298464324817e-45,1.9387941029724682e-18,,,,
1700479420641-2-1-4-5-4,Neutral,Correct,Neutral,-1,0.5671626,0.5671626,,,,,,,,,,,,1.401298464324817e-45,1.401298464324817e-45,1.3664112786726445e-18,,,,
1700479420641-2-1-4-5-4,Neutral,Correct,Neutral,0,0.6909908,0.6909908,,,,,,,,,,,,1.401298464324817e-45,1.401298464324817e-45,9.630195923610265e-19,,,,
1700479420641-2-1-4-5-4,Neutral,Correct,Neutral,1,0.7918116,0.7918116,,,,,,,,,,,,1.401298464324817e-45,1.401298464324817e-45,6.787163233568437e-19,,,,
1700567803057-2-8-2-7-4,Neutral,Correct,Neutral,-1,0.26167345,0.26167345,,,,,,,,,,,,3.4703959150839115e-10,8.183860811250552e-10,1.401298464324817e-45,,,,
1700567803057-2-8-2-7-4,Neutral,Correct,Neutral,0,0.35768038,0.35768038,,,,,,,,,,,,2.4445845347997874e-10,5.765534716317686e-10,1.401298464324817e-45,,,,
1700567803057-2-8-2-7-4,Neutral,Correct,Neutral,1,0.4401523,0.4401523,,,,,,,,,,,,2.4445845347997874e-10,5.765534716317686e-10,1.401298464324817e-45,,,,
1700567803057-2-8-2-7-4,Neutral,Correct,Neutral,2,0.49751887,0.49751887,,,,,,,,,,,,1.7221561676716846e-10,4.062120362302578e-10,1.401298464324817e-45,,,,
1700567803057-2-8-2-7-4,Neutral,Correct,Neutral,3,0.52049613,0.52049613,,,,,,,,,,,,1.2133116733537008e-10,2.86213719391526e-10,1.401298464324817e-45,,,,
1700567803057-2-8-2-7-4,Neutral,Correct,Neutral,4,0.5371289,0.5371289,,,,,,,,,,,,1.2133116733537008e-10,2.86213719391526e-10,1.401298464324817e-45,,,,
1700567803057-2-8-2-7-4,Neutral,Correct,Neutral,5,0.54269737,0.54269737,,,,,,,,,,,,8.548697860710773e-11,2.0167370551327224e-10,1.401298464324817e-45,,,,
1700567803057-2-8-2-7-4,Neutral,Correct,Neutral,6,0.55599034,0.55599034,,,,,,,,,,,,6.023437998381452e-11,1.4210835286299068e-10,1.401298464324817e-45,,,,
1700567803057-2-8-2-7-4,Neutral,Correct,Neutral,7,0.5665802,0.5665802,,,,,,,,,,,,4.244306295309031e-11,1.0013900125782628e-10,1.401298464324817e-45,,,,
1700567803057-2-8-2-7-4,Neutral,Correct,Neutral,8,0.5966484,0.5966484,,,,,,,,,,,,2.990806560743131e-11,7.056714240727402e-11,1.401298464324817e-45,,,,
1700567812479-2-8-2-11-4,Neutral,Correct,Neutral,-1,0.27869582,0.27869582,,,,,,,,,,,,8.590430410618994e-19,9.293271818432462e-19,8.308671885221146e-20,,,,
1700567812479-2-8-2-11-4,Neutral,Correct,Neutral,0,0.40639314,0.40639314,,,,,,,,,,,,4.267001884072902e-19,4.61611397858879e-19,4.127047706566846e-20,,,,
1700567812479-2-8-2-11-4,Neutral,Correct,Neutral,1,0.5163408,0.5163408,,,,,,,,,,,,3.007276896988532e-19,3.2533225456742545e-19,2.9086407141969273e-20,,,,
1700567812479-2-8-2-11-4,Neutral,Correct,Neutral,2,0.5905919,0.5905919,,,,,,,,,,,,3.007276896988532e-19,3.2533225456742545e-19,2.9086407141969273e-20,,,,
1700567812479-2-8-2-11-4,Neutral,Correct,Neutral,3,0.6334012,0.6334012,,,,,,,,,,,,1.4937637214379731e-19,1.6159784937199466e-19,1.4447694906390303e-20,,,,
1700567812479-2-8-2-11-4,Neutral,Correct,Neutral,4,0.6570822,0.6570822,,,,,,,,,,,,1.0527790027312929e-19,1.1389138369043224e-19,1.0182486711776934e-20,,,,
1700567812479-2-8-2-11-4,Neutral,Correct,Neutral,5,0.66553307,0.66553307,,,,,,,,,,,,7.419790061320198e-20,8.026852096759183e-20,7.176426739641135e-21,,,,
1700567812479-2-8-2-11-4,Neutral,Correct,Neutral,6,0.6630658,0.6630658,,,,,,,,,,,,3.6855093584611236e-20,3.987045126070258e-20,3.564627413252869e-21,,,,
1700567812479-2-8-2-11-4,Neutral,Correct,Neutral,7,0.6600384,0.6600384,,,,,,,,,,,,3.6855093584611236e-20,3.987045126070258e-20,3.564627413252869e-21,,,,
1700567812479-2-8-2-11-4,Neutral,Correct,Neutral,8,0.65981144,0.65981144,,,,,,,,,,,,2.5974760472697915e-20,2.809992640684016e-20,2.5122808062620912e-21,,,,
1700567902030-2-8-3-0-4,Neutral,Correct,Neutral,-1,0.28658026,0.28658026,,,,,,,,,,,,1.401298464324817e-45,1.401298464324817e-45,4.3657993886725415e-11,,,,
1700567902030-2-8-3-0-4,Neutral,Correct,Neutral,0,0.42363104,0.42363104,,,,,,,,,,,,1.401298464324817e-45,1.401298464324817e-45,3.0769175402012294e-11,,,,
1700567902030-2-8-3-0-4,Neutral,Correct,Neutral,1,0.5395156,0.5395156,,,,,,,,,,,,1.401298464324817e-45,1.401298464324817e-45,2.168532541035884e-11,,,,
1700567902030-2-8-3-0-4,Neutral,Correct,Neutral,2,0.6299931,0.6299931,,,,,,,,,,,,1.401298464324817e-45,1.401298464324817e-45,1.5283260768050866e-11,,,,
1700567902030-2-8-3-0-4,Neutral,Correct,Neutral,3,0.68057954,0.68057954,,,,,,,,,,,,1.401298464324817e-45,1.401298464324817e-45,1.0771303120271636e-11,,,,
1700567902030-2-8-3-0-4,Neutral,Correct,Neutral,4,0.7118606,0.7118606,,,,,,,,,,,,1.401298464324817e-45,1.401298464324817e-45,7.5913346789247e-12,,,,
1700567902030-2-8-3-0-4,Neutral,Correct,Neutral,5,0.7160677,0.7160677,,,,,,,,,,,,1.401298464324817e-45,1.401298464324817e-45,5.350169092477319e-12,,,,
1700567902030-2-8-3-0-4,Neutral,Correct,Neutral,6,0.71465904,0.71465904,,,,,,,,,,,,1.401298464324817e-45,1.401298464324817e-45,3.770663902641358e-12,,,,
1700567902030-2-8-3-0-4,Neutral,Correct,Neutral,7,0.7138514,0.7138514,,,,,,,,,,,,1.401298464324817e-45,1.401298464324817e-45,2.657490547064434e-12,,,,
1700567902030-2-8-3-0-4,Neutral,Correct,Neutral,8,0.71641254,0.71641254,,,,,,,,,,,,1.401298464324817e-45,1.401298464324817e-45,1.872946242542639e-12,,,,
1700567926584-2-8-3-12-4,Neutral,Correct,Neutral,-1,0.31164008,0.31164008,,,,,,,,,,,,1.401298464324817e-45,1.401298464324817e-45,1.401298464324817e-45,,,,
1700567926584-2-8-3-12-4,Neutral,Correct,Neutral,0,0.47971696,0.47971696,,,,,,,,,,,,1.401298464324817e-45,1.401298464324817e-45,1.401298464324817e-45,,,,
1700567926584-2-8-3-12-4,Neutral,Correct,Neutral,1,0.6114582,0.6114582,,,,,,,,,,,,1.401298464324817e-45,1.401298464324817e-45,1.401298464324817e-45,,,,
1700567926584-2-8-3-12-4,Neutral,Correct,Neutral,2,0.7032217,0.7032217,,,,,,,,,,,,1.401298464324817e-45,1.401298464324817e-45,1.401298464324817e-45,,,,
1700567926584-2-8-3-12-4,Neutral,Correct,Neutral,3,0.7588978,0.7588978,,,,,,,,,,,,1.401298464324817e-45,1.401298464324817e-45,1.401298464324817e-45,,,,
1700567926584-2-8-3-12-4,Neutral,Correct,Neutral,4,0.7927469,0.7927469,,,,,,,,,,,,1.401298464324817e-45,1.401298464324817e-45,1.401298464324817e-45,,,,
1700567926584-2-8-3-12-4,Neutral,Correct,Neutral,5,0.82191294,0.82191294,,,,,,,,,,,,1.401298464324817e-45,1.401298464324817e-45,1.401298464324817e-45,,,,
1700567926584-2-8-3-12-4,Neutral,Correct,Neutral,6,0.84015113,0.84015113,,,,,,,,,,,,1.401298464324817e-45,1.401298464324817e-45,1.401298464324817e-45,,,,
1700567926584-2-8-3-12-4,Neutral,Correct,Neutral,7,0.8536405,0.8536405,,,,,,,,,,,,1.401298464324817e-45,1.401298464324817e-45,1.401298464324817e-45,,,,
1700567926584-2-8-3-12-4,Neutral,Correct,Neutral,8,0.8597038,0.8597038,,,,,,,,,,,,1.401298464324817e-45,1.401298464324817e-45,1.401298464324817e-45,,,,
1700568082939-2-8-4-4-4,Neutral,Correct,Neutral,-1,0.2611584,0.2611584,,,,,,,,,,,,1.956385773382863e-07,1.956385773382863e-07,8.956963171158351e-09,,,,
1700568082939-2-8-4-4-4,Neutral,Correct,Neutral,0,0.3570743,0.3570743,,,,,,,,,,,,1.3294412326558813e-07,1.3294412326558813e-07,6.241916317151208e-09,,,,
1700568082939-2-8-4-4-4,Neutral,Correct,Neutral,1,0.42670166,0.42670166,,,,,,,,,,,,9.090336305916936e-08,9.090336305916936e-08,4.3582648601159235e-09,,,,
1700568082939-2-8-4-4-4,Neutral,Correct,Neutral,2,0.47383863,0.47383863,,,,,,,,,,,,9.090336305916936e-08,9.090336305916936e-08,4.3582648601159235e-09,,,,
1700568082939-2-8-4-4-4,Neutral,Correct,Neutral,3,0.5163918,0.5163918,,,,,,,,,,,,4.3129091409355176e-08,4.3129091409355176e-08,2.13447171049097e-09,,,,
1700568082939-2-8-4-4-4,Neutral,Correct,Neutral,4,0.5442027,0.5442027,,,,,,,,,,,,2.9877924134780194e-08,2.9877924134780194e-08,1.4964071093359621e-09,,,,
1700568082939-2-8-4-4-4,Neutral,Correct,Neutral,5,0.5634923,0.5634923,,,,,,,,,,,,2.075932492573429e-08,2.075932492573429e-08,1.0500338376573382e-09,,,,
1700568082939-2-8-4-4-4,Neutral,Correct,Neutral,6,0.59840935,0.59840935,,,,,,,,,,,,1.0091468993778108e-08,1.0091468993778108e-08,5.181312046076414e-10,,,,
1700568082939-2-8-4-4-4,Neutral,Correct,Neutral,7,0.61233395,0.61233395,,,,,,,,,,,,7.055007689160675e-09,7.055007689160675e-09,3.642654511359922e-10,,,,
1700568082939-2-8-4-4-4,Neutral,Correct,Neutral,8,0.6336153,0.6336153,,,,,,,,,,,,3.461779085611738e-09,3.461779085611738e-09,1.8026137527105127e-10,,,,
1700568107499-2-8-4-18-4,Neutral,Correct,Neutral,-1,0.30767566,0.30767566,,,,,,,,,,,,1.2185001271869389e-12,1.2185001271869389e-12,1.401298464324817e-45,,,,
1700568107499-2-8-4-18-4,Neutral,Correct,Neutral,0,0.4529026,0.4529026,,,,,,,,,,,,6.109582241162206e-14,6.109582241162206e-14,1.401298464324817e-45,,,,
1700568107499-2-8-4-18-4,Neutral,Correct,Neutral,1,0.5725529,0.5725529,,,,,,,,,,,,6.109582241162206e-14,6.109582241162206e-14,1.401298464324817e-45,,,,
1700568107499-2-8-4-18-4,Neutral,Correct,Neutral,2,0.6403032,0.6403032,,,,,,,,,,,,1.648373718608504e-14,1.648373718608504e-14,1.401298464324817e-45,,,,
1700568107499-2-8-4-18-4,Neutral,Correct,Neutral,3,0.67539346,0.67539346,,,,,,,,,,,,1.6694306823915382e-15,1.6694306823915382e-15,1.401298464324817e-45,,,,
1700568107499-2-8-4-18-4,Neutral,Correct,Neutral,4,0.69160235,0.69160235,,,,,,,,,,,,1.6694306823915382e-15,1.6694306823915382e-15,1.401298464324817e-45,,,,
1700568107499-2-8-4-18-4,Neutral,Correct,Neutral,5,0.6870572,0.6870572,,,,,,,,,,,,2.474197797308592e-16,2.474197797308592e-16,1.401298464324817e-45,,,,
1700568107499-2-8-4-18-4,Neutral,Correct,Neutral,6,0.67460406,0.67460406,,,,,,,,,,,,2.474197797308592e-16,2.474197797308592e-16,1.401298464324817e-45,,,,
1700568107499-2-8-4-18-4,Neutral,Correct,Neutral,7,0.65666705,0.65666705,,,,,,,,,,,,1.0744020674602212e-16,1.0744020674602212e-16,1.401298464324817e-45,,,,
1700568107499-2-8-4-18-4,Neutral,Correct,Neutral,8,0.64053434,0.64053434,,,,,,,,,,,,2.4701925887826105e-17,2.4701925887826105e-17,1.401298464324817e-45,,,,
1700577731858-2-10-2-0-4,Neutral,Correct,Neutral,-1,0.23784773,0.23784773,,,,,,,,,,,,1.401298464324817e-45,1.401298464324817e-45,1.401298464324817e-45,,,,
1700577731858-2-10-2-0-4,Neutral,Correct,Neutral,0,0.3424427,0.3424427,,,,,,,,,,,,1.401298464324817e-45,1.401298464324817e-45,1.401298464324817e-45,,,,
1700577731858-2-10-2-0-4,Neutral,Correct,Neutral,1,0.43692222,0.43692222,,,,,,,,,,,,1.401298464324817e-45,1.401298464324817e-45,1.401298464324817e-45,,,,
1700577731858-2-10-2-0-4,Neutral,Correct,Neutral,2,0.52735865,0.52735865,,,,,,,,,,,,1.401298464324817e-45,1.401298464324817e-45,1.401298464324817e-45,,,,
1700577731858-2-10-2-0-4,Neutral,Correct,Neutral,3,0.6048583,0.6048583,,,,,,,,,,,,1.401298464324817e-45,1.401298464324817e-45,1.401298464324817e-45,,,,
1700577731858-2-10-2-0-4,Neutral,Correct,Neutral,4,0.6685097,0.6685097,,,,,,,,,,,,1.401298464324817e-45,1.401298464324817e-45,1.401298464324817e-45,,,,
1700577731858-2-10-2-0-4,Neutral,Correct,Neutral,5,0.70384926,0.70384926,,,,,,,,,,,,1.401298464324817e-45,1.401298464324817e-45,1.401298464324817e-45,,,,
1700577731858-2-10-2-0-4,Neutral,Correct,Neutral,6,0.7461248,0.7461248,,,,,,,,,,,,1.401298464324817e-45,1.401298464324817e-45,1.401298464324817e-45,,,,
1700577731858-2-10-2-0-4,Neutral,Correct,Neutral,7,0.77885175,0.77885175,,,,,,,,,,,,1.401298464324817e-45,1.401298464324817e-45,1.401298464324817e-45,,,,
1700577731858-2-10-2-0-4,Neutral,Correct,Neutral,8,0.8097053,0.8097053,,,,,,,,,,,,1.401298464324817e-45,1.401298464324817e-45,1.401298464324817e-45,,,,
1700577759366-2-10-2-11-4,Neutral,Correct,Neutral,-1,0.31776828,0.31776828,,,,,,,,,,,,1.401298464324817e-45,1.401298464324817e-45,1.401298464324817e-45,,,,
1700577759366-2-10-2-11-4,Neutral,Correct,Neutral,0,0.5105581,0.5105581,,,,,,,,,,,,1.401298464324817e-45,1.401298464324817e-45,1.401298464324817e-45,,,,
1700577759366-2-10-2-11-4,Neutral,Correct,Neutral,1,0.68933505,0.68933505,,,,,,,,,,,,1.401298464324817e-45,1.401298464324817e-45,1.401298464324817e-45,,,,
1700577759366-2-10-2-11-4,Neutral,Correct,Neutral,2,0.8100947,0.8100947,,,,,,,,,,,,1.401298464324817e-45,1.401298464324817e-45,1.401298464324817e-45,,,,
1700577759366-2-10-2-11-4,Neutral,Correct,Neutral,3,0.88279766,0.88279766,,,,,,,,,,,,1.401298464324817e-45,1.401298464324817e-45,1.401298464324817e-45,,,,
1700577759366-2-10-2-11-4,Neutral,Correct,Neutral,4,0.9232296,0.9232296,,,,,,,,,,,,1.401298464324817e-45,1.401298464324817e-45,1.401298464324817e-45,,,,
1700577759366-2-10-2-11-4,Neutral,Correct,Neutral,5,0.9447209,0.9447209,,,,,,,,,,,,1.401298464324817e-45,1.401298464324817e-45,1.401298464324817e-45,,,,
1700577759366-2-10-2-11-4,Neutral,Correct,Neutral,6,0.9580433,0.9580433,,,,,,,,,,,,1.401298464324817e-45,1.401298464324817e-45,1.401298464324817e-45,,,,
1700577759366-2-10-2-11-4,Neutral,Correct,Neutral,7,0.96538293,0.96538293,,,,,,,,,,,,1.401298464324817e-45,1.401298464324817e-45,1.401298464324817e-45,,,,
1700577759366-2-10-2-11-4,Neutral,Correct,Neutral,8,0.9699762,0.9699762,,,,,,,,,,,,1.401298464324817e-45,1.401298464324817e-45,1.401298464324817e-45,,,,
1700577839039-2-10-3-0-4,Neutral,Correct,Neutral,-1,0.26891822,0.26891822,,,,,,,,,,,,1.401298464324817e-45,1.401298464324817e-45,1.401298464324817e-45,,,,
1700577839039-2-10-3-0-4,Neutral,Correct,Neutral,0,0.34790364,0.34790364,,,,,,,,,,,,1.401298464324817e-45,1.401298464324817e-45,1.401298464324817e-45,,,,
1700577839039-2-10-3-0-4,Neutral,Correct,Neutral,1,0.3935399,0.3935399,,,,,,,,,,,,1.401298464324817e-45,1.401298464324817e-45,1.401298464324817e-45,,,,
1700577839039-2-10-3-0-4,Neutral,Correct,Neutral,2,0.40577292,0.40577292,,,,,,,,,,,,1.401298464324817e-45,1.401298464324817e-45,1.401298464324817e-45,,,,
1700577839039-2-10-3-0-4,Neutral,Correct,Neutral,3,0.40053782,0.40053782,,,,,,,,,,,,1.401298464324817e-45,1.401298464324817e-45,1.401298464324817e-45,,,,
1700577839039-2-10-3-0-4,Neutral,Correct,Neutral,4,0.4204162,0.4204162,,,,,,,,,,,,1.401298464324817e-45,1.401298464324817e-45,1.401298464324817e-45,,,,
1700577839039-2-10-3-0-4,Neutral,Correct,Neutral,5,0.4258917,0.4258917,,,,,,,,,,,,1.401298464324817e-45,1.401298464324817e-45,1.401298464324817e-45,,,,
1700577839039-2-10-3-0-4,Neutral,Correct,Neutral,6,0.42411596,0.42411596,,,,,,,,,,,,1.401298464324817e-45,1.401298464324817e-45,1.401298464324817e-45,,,,
1700577839039-2-10-3-0-4,Neutral,Correct,Neutral,7,0.4338371,0.4338371,,,,,,,,,,,,1.401298464324817e-45,1.401298464324817e-45,1.401298464324817e-45,,,,
1700577839039-2-10-3-0-4,Neutral,Correct,Neutral,8,0.43894216,0.43894216,,,,,,,,,,,,1.401298464324817e-45,1.401298464324817e-45,1.401298464324817e-45,,,,
1700577863441-2-10-3-12-4,Neutral,Correct,Neutral,-8,0.027220922,0.027220922,,,,,,,,,,,,3.203256019809753e-12,6.165713243029195e-43,3.486430579240145e-42,,,,
1700577863441-2-10-3-12-4,Neutral,Correct,Neutral,-7,0.028097741,0.028097741,,,,,,,,,,,,2.257546797071464e-12,4.344025239406933e-43,2.456476207961405e-42,,,,
1700577863441-2-10-3-12-4,Neutral,Correct,Neutral,-6,0.031355403,0.031355403,,,,,,,,,,,,1.5910490156270662e-12,3.0548306522281012e-43,1.7306036034411488e-42,,,,
1700577863441-2-10-3-12-4,Neutral,Correct,Neutral,-5,0.037300404,0.037300404,,,,,,,,,,,,1.121324712770322e-12,2.1579996350602183e-43,1.2191296639625909e-42,,,,
1700577863441-2-10-3-12-4,Neutral,Correct,Neutral,-4,0.054526106,0.054526106,,,,,,,,,,,,7.90280492955764e-13,1.5274153261140506e-43,8.58995958631113e-43,,,,
1700577863441-2-10-3-12-4,Neutral,Correct,Neutral,-3,0.08844118,0.08844118,,,,,,,,,,,,5.569718406102375e-13,1.0789998175301091e-43,6.05360936588321e-43,,,,
1700577863441-2-10-3-12-4,Neutral,Correct,Neutral,-2,0.14539851,0.14539851,,,,,,,,,,,,3.925397875671755e-13,7.567011707354012e-44,4.259947331547444e-43,,,,
1700577863441-2-10-3-12-4,Neutral,Correct,Neutral,-1,0.21149126,0.21149126,,,,,,,,,,,,2.766539167892157e-13,5.324934164434305e-44,2.9987787136551085e-43,,,,
1700577863441-2-10-3-12-4,Neutral,Correct,Neutral,0,0.29051247,0.29051247,,,,,,,,,,,,1.9497767387178372e-13,3.783505853677006e-44,2.1159606811304738e-43,,,,
1700577863441-2-10-3-12-4,Neutral,Correct,Neutral,1,0.36341938,0.36341938,,,,,,,,,,,,1.374158626514868e-13,2.6624670822171524e-44,1.485376372184306e-43,,,,
1700577863441-2-10-3-12-4,Neutral,Correct,Neutral,2,0.42972016,0.42972016,,,,,,,,,,,,9.684787694030916e-14,1.8216880036222624e-44,1.0509738482436128e-43,,,,
1700577863441-2-10-3-12-4,Neutral,Correct,Neutral,3,0.49999917,0.49999917,,,,,,,,,,,,6.825589355871632e-14,1.2611686178923354e-44,7.42688186092153e-44,,,,
1700577863441-2-10-3-12-4,Neutral,Correct,Neutral,4,0.54066086,0.54066086,,,,,,,,,,,,4.810534904990151e-14,8.407790785948902e-45,5.184804318001823e-44,,,,
1700577863441-2-10-3-12-4,Neutral,Correct,Neutral,5,0.5838128,0.5838128,,,,,,,,,,,,3.390363551426627e-14,5.605193857299268e-45,3.643376007244525e-44,,,,
1700577863441-2-10-3-12-4,Neutral,Correct,Neutral,6,0.6233167,0.6233167,,,,,,,,,,,,2.3894438606008282e-14,4.203895392974451e-45,2.5223372357846707e-44,,,,
1700577863441-2-10-3-12-4,Neutral,Correct,Neutral,7,0.65675044,0.65675044,,,,,,,,,,,,1.1868789134286076e-14,1.401298464324817e-45,1.2611686178923354e-44,,,,
1700577867123-2-10-3-14-4,Neutral,Correct,Neutral,-8,0.005983735,0.005983735,,,,,,,,,,,,4.6149320466107605e-31,1.401298464324817e-45,1.401298464324817e-45,,,,
1700577867123-2-10-3-14-4,Neutral,Correct,Neutral,-7,0.00853969,0.00853969,,,,,,,,,,,,3.252521163569869e-31,1.401298464324817e-45,1.401298464324817e-45,,,,
1700577867123-2-10-3-14-4,Neutral,Correct,Neutral,-6,0.011749591,0.011749591,,,,,,,,,,,,3.252521163569869e-31,1.401298464324817e-45,1.401298464324817e-45,,,,
1700577867123-2-10-3-14-4,Neutral,Correct,Neutral,-5,0.01601392,0.01601392,,,,,,,,,,,,3.252521163569869e-31,1.401298464324817e-45,1.401298464324817e-45,,,,
1700577867123-2-10-3-14-4,Neutral,Correct,Neutral,-4,0.025221847,0.025221847,,,,,,,,,,,,2.292320248792775e-31,1.401298464324817e-45,1.401298464324817e-45,,,,
1700577867123-2-10-3-14-4,Neutral,Correct,Neutral,-3,0.045715716,0.045715716,,,,,,,,,,,,1.6155763960808758e-31,1.401298464324817e-45,1.401298464324817e-45,,,,
1700577867123-2-10-3-14-4,Neutral,Correct,Neutral,-2,0.08681673,0.08681673,,,,,,,,,,,,1.1386175648943363e-31,1.401298464324817e-45,1.401298464324817e-45,,,,
1700577867123-2-10-3-14-4,Neutral,Correct,Neutral,-1,0.17906886,0.17906886,,,,,,,,,,,,8.02474199503393e-32,1.401298464324817e-45,1.401298464324817e-45,,,,
1700577867123-2-10-3-14-4,Neutral,Correct,Neutral,0,0.3305538,0.3305538,,,,,,,,,,,,5.655686532964393e-32,1.401298464324817e-45,1.401298464324817e-45,,,,
1700577867123-2-10-3-14-4,Neutral,Correct,Neutral,1,0.42793554,0.42793554,,,,,,,,,,,,3.986024348758398e-32,1.401298464324817e-45,1.401298464324817e-45,,,,
1700578014206-2-10-4-4-4,Neutral,Correct,Neutral,-2,0.30778253,0.30778253,,,,,,,,,,,,1.401298464324817e-45,1.401298464324817e-45,1.0885139754716106e-30,,,,
1700578014206-2-10-4-4-4,Neutral,Correct,Neutral,-1,0.47668487,0.47668487,,,,,,,,,,,,1.401298464324817e-45,1.401298464324817e-45,7.671598689116114e-31,,,,
1700578014206-2-10-4-4-4,Neutral,Correct,Neutral,0,0.6640516,0.6640516,,,,,,,,,,,,1.401298464324817e-45,1.401298464324817e-45,3.81060074235722e-31,,,,
1700578014206-2-10-4-4-4,Neutral,Correct,Neutral,1,0.7817074,0.7817074,,,,,,,,,,,,1.401298464324817e-45,1.401298464324817e-45,3.81060074235722e-31,,,,
1700578014206-2-10-4-4-4,Neutral,Correct,Neutral,2,0.8565286,0.8565286,,,,,,,,,,,,1.401298464324817e-45,1.401298464324817e-45,2.685636896995989e-31,,,,
1700578014206-2-10-4-4-4,Neutral,Correct,Neutral,3,0.9001554,0.9001554,,,,,,,,,,,,1.401298464324817e-45,1.401298464324817e-45,1.8927710119920647e-31,,,,
1700578014206-2-10-4-4-4,Neutral,Correct,Neutral,4,0.9256497,0.9256497,,,,,,,,,,,,1.401298464324817e-45,1.401298464324817e-45,1.333984138253825e-31,,,,
1700578014206-2-10-4-4-4,Neutral,Correct,Neutral,5,0.93949455,0.93949455,,,,,,,,,,,,1.401298464324817e-45,1.401298464324817e-45,9.401663768088547e-32,,,,
1700578014206-2-10-4-4-4,Neutral,Correct,Neutral,6,0.9472098,0.9472098,,,,,,,,,,,,1.401298464324817e-45,1.401298464324817e-45,6.626070050006051e-32,,,,
1700578014206-2-10-4-4-4,Neutral,Correct,Neutral,7,0.94979936,0.94979936,,,,,,,,,,,,1.401298464324817e-45,1.401298464324817e-45,4.669941949619778e-32,,,,
1700578014206-2-10-4-4-4,Neutral,Correct,Neutral,8,0.9513888,0.9513888,,,,,,,,,,,,1.401298464324817e-45,1.401298464324817e-45,3.2912751552013657e-32,,,,
1700578015880-2-10-4-5-4,Neutral,Correct,Neutral,-3,0.2009954,0.2009954,,,,,,,,,,,,1.401298464324817e-45,1.401298464324817e-45,1.3664749363177275e-38,,,,
1700578015880-2-10-4-5-4,Neutral,Correct,Neutral,-2,0.28316623,0.28316623,,,,,,,,,,,,1.401298464324817e-45,1.401298464324817e-45,9.630653509020456e-39,,,,
1700578015880-2-10-4-5-4,Neutral,Correct,Neutral,-1,0.3823707,0.3823707,,,,,,,,,,,,1.401298464324817e-45,1.401298464324817e-45,6.787518417096368e-39,,,,
1700578015880-2-10-4-5-4,Neutral,Correct,Neutral,0,0.48325562,0.48325562,,,,,,,,,,,,1.401298464324817e-45,1.401298464324817e-45,4.7836882377827016e-39,,,,
1700578015880-2-10-4-5-4,Neutral,Correct,Neutral,1,0.5703511,0.5703511,,,,,,,,,,,,1.401298464324817e-45,1.401298464324817e-45,4.7836882377827016e-39,,,,
1700578015880-2-10-4-5-4,Neutral,Correct,Neutral,2,0.6362538,0.6362538,,,,,,,,,,,,1.401298464324817e-45,1.401298464324817e-45,2.376127155315484e-39,,,,
1700578015880-2-10-4-5-4,Neutral,Correct,Neutral,3,0.6834999,0.6834999,,,,,,,,,,,,1.401298464324817e-45,1.401298464324817e-45,1.6746371440744802e-39,,,,
1700578015880-2-10-4-5-4,Neutral,Correct,Neutral,4,0.7223458,0.7223458,,,,,,,,,,,,1.401298464324817e-45,1.401298464324817e-45,1.180256243263756e-39,,,,
1700578015880-2-10-4-5-4,Neutral,Correct,Neutral,5,0.7550687,0.7550687,,,,,,,,,,,,1.401298464324817e-45,1.401298464324817e-45,8.31821978810926e-40,,,,
1700578015880-2-10-4-5-4,Neutral,Correct,Neutral,6,0.79694986,0.79694986,,,,,,,,,,,,1.401298464324817e-45,1.401298464324817e-45,5.862416203410732e-40,,,,
1700578015880-2-10-4-5-4,Neutral,Correct,Neutral,7,0.8498228,0.8498228,,,,,,,,,,,,1.401298464324817e-45,1.401298464324817e-45,4.131728522061723e-40,,,,
1700578015880-2-10-4-5-4,Neutral,Correct,Neutral,8,0.8913207,0.8913207,,,,,,,,,,,,1.401298464324817e-45,1.401298464324817e-45,2.911954260805543e-40,,,,
1700583883653-2-13-2-0-4,Neutral,Correct,Neutral,-1,0.3346537,0.3346537,,,,,,,,,,,,4.836858703238096e-30,3.9138579058650896e-30,0.0,,,,
1700583883653-2-13-2-0-4,Neutral,Correct,Neutral,0,0.539091,0.539091,,,,,,,,,,,,2.402512405792529e-30,1.9440492964294548e-30,0.0,,,,
1700583883653-2-13-2-0-4,Neutral,Correct,Neutral,1,0.7052656,0.7052656,,,,,,,,,,,,1.693243752867954e-30,1.3701279094144903e-30,0.0,,,,
1700583883653-2-13-2-0-4,Neutral,Correct,Neutral,2,0.8119324,0.8119324,,,,,,,,,,,,1.1933562225819023e-30,9.656322158954076e-31,0.0,,,,
1700583883653-2-13-2-0-4,Neutral,Correct,Neutral,3,0.8730044,0.8730044,,,,,,,,,,,,1.1933562225819023e-30,9.656322158954076e-31,0.0,,,,
1700583883653-2-13-2-0-4,Neutral,Correct,Neutral,4,0.9069587,0.9069587,,,,,,,,,,,,5.927562389586417e-31,4.7964264935867595e-31,0.0,,,,
1700583883653-2-13-2-0-4,Neutral,Correct,Neutral,5,0.92707384,0.92707384,,,,,,,,,,,,4.177601598528576e-31,3.380404604589047e-31,0.0,,,,
1700583883653-2-13-2-0-4,Neutral,Correct,Neutral,6,0.9396533,0.9396533,,,,,,,,,,,,4.177601598528576e-31,3.380404604589047e-31,0.0,,,,
1700583883653-2-13-2-0-4,Neutral,Correct,Neutral,7,0.9604895,0.9604895,,,,,,,,,,,,2.0750860715743743e-31,1.6791045776778454e-31,0.0,,,,
1700583883653-2-13-2-0-4,Neutral,Correct,Neutral,8,0.97169524,0.97169524,,,,,,,,,,,,1.4624816575218723e-31,1.1834013135730936e-31,0.0,,,,
1700583910942-2-13-2-11-4,Neutral,Correct,Neutral,-8,0.0016780577,0.0016780577,,,,,,,,,,,,0.0031376876868307,0.0054889181628823,0.0016463031060993,,,,
1700583910942-2-13-2-11-4,Neutral,Correct,Neutral,-7,0.00066911813,0.00066911813,,,,,,,,,,,,0.0019795186817646,0.003238090313971,0.001101869973354,,,,
1700583910942-2-13-2-11-4,Neutral,Correct,Neutral,-6,0.0007749535,0.0007749535,,,,,,,,,,,,0.0012719376245513,0.0019657174125313,0.0007439644541591,,,,
1700583910942-2-13-2-11-4,Neutral,Correct,Neutral,-5,0.002561706,0.002561706,,,,,,,,,,,,0.0008299690089188,0.0012226604158058,0.0005059898248873,,,,
1700583910942-2-13-2-11-4,Neutral,Correct,Neutral,-4,0.00924036,0.00924036,,,,,,,,,,,,0.0005486238515004,0.000776284141466,0.0003462375898379,,,,
1700583910942-2-13-2-11-4,Neutral,Correct,Neutral,-3,0.03264942,0.03264942,,,,,,,,,,,,0.0003665896947495,0.0005014793714508,0.0002381209633313,,,,
1700583910942-2-13-2-11-4,Neutral,Correct,Neutral,-2,0.11845719,0.11845719,,,,,,,,,,,,0.0002471764746587,0.0003287030267529,0.0001644536096137,,,,
1700583910942-2-13-2-11-4,Neutral,Correct,Neutral,-1,0.3425858,0.3425858,,,,,,,,,,,,0.0001679198467172,0.0002180959272664,0.0001139726300607,,,,
1700583910942-2-13-2-11-4,Neutral,Correct,Neutral,0,0.5993674,0.5993674,,,,,,,,,,,,0.0001147947332356,0.0001461913489038,7.921647920738906e-05,,,,
1700583910942-2-13-2-11-4,Neutral,Correct,Neutral,1,0.76072836,0.76072836,,,,,,,,,,,,7.888655818533152e-05,9.882982703857124e-05,5.519101250683889e-05,,,,
1700583910942-2-13-2-11-4,Neutral,Correct,Neutral,2,0.835858,0.835858,,,,,,,,,,,,5.444563430501148e-05,6.728708831360564e-05,3.852846566587687e-05,,,,
1700583910942-2-13-2-11-4,Neutral,Correct,Neutral,3,0.87717044,0.87717044,,,,,,,,,,,,3.771252522710711e-05,4.608283779816702e-05,2.6940799216390587e-05,,,,
1700583910942-2-13-2-11-4,Neutral,Correct,Neutral,4,0.8956159,0.8956159,,,,,,,,,,,,2.6200168576906435e-05,3.171595017192885e-05,1.886389873106964e-05,,,,
1700583910942-2-13-2-11-4,Neutral,Correct,Neutral,5,0.9033559,0.9033559,,,,,,,,,,,,1.8247088519274257e-05,2.1917079720878974e-05,1.3223284440755378e-05,,,,
1700583910942-2-13-2-11-4,Neutral,Correct,Neutral,6,0.9097929,0.9097929,,,,,,,,,,,,1.2734289157378951e-05,1.5196997992461547e-05,9.277997378376313e-06,,,,
1700583910942-2-13-2-11-4,Neutral,Correct,Neutral,7,0.9149841,0.9149841,,,,,,,,,,,,8.902099580154754e-06,1.0566964192548768e-05,6.514843789773295e-06,,,,
1700583910942-2-13-2-11-4,Neutral,Correct,Neutral,8,0.9187589,0.9187589,,,,,,,,,,,,6.231877705431543e-06,7.364622433669865e-06,4.577512754622148e-06,,,,
1700583999169-2-13-3-0-4,Neutral,Correct,Neutral,-2,0.2818879,0.2818879,,,,,,,,,,,,1.401298464324817e-45,1.401298464324817e-45,1.401298464324817e-45,,,,
1700583999169-2-13-3-0-4,Neutral,Correct,Neutral,-1,0.47731915,0.47731915,,,,,,,,,,,,1.401298464324817e-45,1.401298464324817e-45,1.401298464324817e-45,,,,
1700583999169-2-13-3-0-4,Neutral,Correct,Neutral,0,0.68732715,0.68732715,,,,,,,,,,,,1.401298464324817e-45,1.401298464324817e-45,1.401298464324817e-45,,,,
1700583999169-2-13-3-0-4,Neutral,Correct,Neutral,1,0.82626796,0.82626796,,,,,,,,,,,,1.401298464324817e-45,1.401298464324817e-45,1.401298464324817e-45,,,,
1700583999169-2-13-3-0-4,Neutral,Correct,Neutral,2,0.9029328,0.9029328,,,,,,,,,,,,1.401298464324817e-45,1.401298464324817e-45,1.401298464324817e-45,,,,
1700583999169-2-13-3-0-4,Neutral,Correct,Neutral,3,0.9421471,0.9421471,,,,,,,,,,,,1.401298464324817e-45,1.401298464324817e-45,1.401298464324817e-45,,,,
1700583999169-2-13-3-0-4,Neutral,Correct,Neutral,4,0.96218455,0.96218455,,,,,,,,,,,,1.401298464324817e-45,1.401298464324817e-45,1.401298464324817e-45,,,,
1700583999169-2-13-3-0-4,Neutral,Correct,Neutral,5,0.9730631,0.9730631,,,,,,,,,,,,1.401298464324817e-45,1.401298464324817e-45,1.401298464324817e-45,,,,
1700583999169-2-13-3-0-4,Neutral,Correct,Neutral,6,0.9792869,0.9792869,,,,,,,,,,,,1.401298464324817e-45,1.401298464324817e-45,1.401298464324817e-45,,,,
1700583999169-2-13-3-0-4,Neutral,Correct,Neutral,7,0.9830987,0.9830987,,,,,,,,,,,,1.401298464324817e-45,1.401298464324817e-45,1.401298464324817e-45,,,,
1700583999169-2-13-3-0-4,Neutral,Correct,Neutral,8,0.9854123,0.9854123,,,,,,,,,,,,1.401298464324817e-45,1.401298464324817e-45,1.401298464324817e-45,,,,
1700584023624-2-13-3-12-4,Neutral,Correct,Neutral,-8,1.5743091e-05,1.5743091e-05,,,,,,,,,,,,7.953529260434737e-15,7.953529260434737e-15,7.607649362819432e-42,,,,
1700584023624-2-13-3-12-4,Neutral,Correct,Neutral,-7,4.0098636e-05,4.0098636e-05,,,,,,,,,,,,3.950626464014522e-15,3.950626464014522e-15,3.777900659819707e-42,,,,
1700584023624-2-13-3-12-4,Neutral,Correct,Neutral,-6,0.00012632915,0.00012632915,,,,,,,,,,,,2.784286236084347e-15,2.784286236084347e-15,2.6624670822171524e-42,,,,
1700584023624-2-13-3-12-4,Neutral,Correct,Neutral,-5,0.00061369716,0.00061369716,,,,,,,,,,,,1.962312758574565e-15,1.962312758574565e-15,1.8763386437309297e-42,,,,
1700584023624-2-13-3-12-4,Neutral,Correct,Neutral,-4,0.0029029765,0.0029029765,,,,,,,,,,,,1.3830035266621813e-15,1.3830035266621813e-15,1.3228257503226273e-42,,,,
1700584023624-2-13-3-12-4,Neutral,Correct,Neutral,-3,0.012418679,0.012418679,,,,,,,,,,,,9.747155407563608e-16,9.747155407563608e-16,9.318634787760037e-43,,,,
1700584023624-2-13-3-12-4,Neutral,Correct,Neutral,-2,0.049172524,0.049172524,,,,,,,,,,,,9.747155407563608e-16,9.747155407563608e-16,9.318634787760037e-43,,,,
1700584023624-2-13-3-12-4,Neutral,Correct,Neutral,-1,0.18004107,0.18004107,,,,,,,,,,,,4.841542388321054e-16,4.841542388321054e-16,4.638297916915145e-43,,,,
1700584023624-2-13-3-12-4,Neutral,Correct,Neutral,0,0.46481273,0.46481273,,,,,,,,,,,,3.412229611668789e-16,3.412229611668789e-16,3.265025421876824e-43,,,,
1700584023624-2-13-3-12-4,Neutral,Correct,Neutral,1,0.7276158,0.7276158,,,,,,,,,,,,2.40487397392734e-16,2.40487397392734e-16,2.2981294814927e-43,,,,
1700584023624-2-13-3-12-4,Neutral,Correct,Neutral,2,0.8589501,0.8589501,,,,,,,,,,,,1.6949116039668751e-16,1.6949116039668751e-16,1.6255062186167878e-43,,,,
1700584023624-2-13-3-12-4,Neutral,Correct,Neutral,3,0.9245054,0.9245054,,,,,,,,,,,,1.6949116039668751e-16,1.6949116039668751e-16,1.6255062186167878e-43,,,,
1700584023624-2-13-3-12-4,Neutral,Correct,Neutral,4,0.95790744,0.95790744,,,,,,,,,,,,1.1945370812415436e-16,1.1945370812415436e-16,1.14906474074635e-43,,,,
1700584023624-2-13-3-12-4,Neutral,Correct,Neutral,5,0.97267705,0.97267705,,,,,,,,,,,,5.933441972714731e-17,5.933441972714731e-17,5.74532370373175e-44,,,,
1700584023624-2-13-3-12-4,Neutral,Correct,Neutral,6,0.97996336,0.97996336,,,,,,,,,,,,4.1817526915022176e-17,4.1817526915022176e-17,4.06376554654197e-44,,,,
1700584023624-2-13-3-12-4,Neutral,Correct,Neutral,7,0.98391736,0.98391736,,,,,,,,,,,,2.947199523901115e-17,2.947199523901115e-17,2.802596928649634e-44,,,,
1700584027538-2-13-3-14-4,Neutral,Correct,Neutral,-8,0.07995514,0.07995514,,,,,,,,,,,,4.387966656958512e-31,4.387966656958512e-31,1.401298464324817e-45,,,,
1700584027538-2-13-3-14-4,Neutral,Correct,Neutral,-7,0.06377577,0.06377577,,,,,,,,,,,,2.1795741187268763e-31,2.1795741187268763e-31,1.401298464324817e-45,,,,
1700584027538-2-13-3-14-4,Neutral,Correct,Neutral,-6,0.051561866,0.051561866,,,,,,,,,,,,2.1795741187268763e-31,2.1795741187268763e-31,1.401298464324817e-45,,,,
1700584027538-2-13-3-14-4,Neutral,Correct,Neutral,-5,0.041641437,0.041641437,,,,,,,,,,,,1.0826311199533724e-31,1.0826311199533724e-31,1.401298464324817e-45,,,,
1700584027538-2-13-3-14-4,Neutral,Correct,Neutral,-4,0.03931332,0.03931332,,,,,,,,,,,,7.630113260036329e-32,7.630113260036329e-32,1.401298464324817e-45,,,,
1700584027538-2-13-3-14-4,Neutral,Correct,Neutral,-3,0.07649386,0.07649386,,,,,,,,,,,,5.377561630823963e-32,5.377561630823963e-32,1.401298464324817e-45,,,,
1700584027538-2-13-3-14-4,Neutral,Correct,Neutral,-2,0.15723355,0.15723355,,,,,,,,,,,,3.790010371885194e-32,3.790010371885194e-32,1.401298464324817e-45,,,,
1700584027538-2-13-3-14-4,Neutral,Correct,Neutral,-1,0.29511797,0.29511797,,,,,,,,,,,,3.790010371885194e-32,3.790010371885194e-32,1.401298464324817e-45,,,,
1700584027538-2-13-3-14-4,Neutral,Correct,Neutral,0,0.5406399,0.5406399,,,,,,,,,,,,2.6710940335359216e-32,2.6710940335359216e-32,1.401298464324817e-45,,,,
1700584027538-2-13-3-14-4,Neutral,Correct,Neutral,1,0.77875173,0.77875173,,,,,,,,,,,,1.3267696004503708e-32,1.3267696004503708e-32,1.401298464324817e-45,,,,
1700584027538-2-13-3-14-4,Neutral,Correct,Neutral,2,0.8933142,0.8933142,,,,,,,,,,,,1.3267696004503708e-32,1.3267696004503708e-32,1.401298464324817e-45,,,,
1700584027538-2-13-3-14-4,Neutral,Correct,Neutral,3,0.942921,0.942921,,,,,,,,,,,,6.590265814511147e-33,6.590265814511147e-33,1.401298464324817e-45,,,,
1700584027538-2-13-3-14-4,Neutral,Correct,Neutral,4,0.964733,0.964733,,,,,,,,,,,,6.590265814511147e-33,6.590265814511147e-33,1.401298464324817e-45,,,,
1700584027538-2-13-3-14-4,Neutral,Correct,Neutral,5,0.9750841,0.9750841,,,,,,,,,,,,4.644660298743055e-33,4.644660298743055e-33,1.401298464324817e-45,,,,
1700584027538-2-13-3-14-4,Neutral,Correct,Neutral,6,0.98069066,0.98069066,,,,,,,,,,,,2.307073151052816e-33,2.307073151052816e-33,1.401298464324817e-45,,,,
1700584027538-2-13-3-14-4,Neutral,Correct,Neutral,7,0.9839633,0.9839633,,,,,,,,,,,,1.6259777651909665e-33,1.6259777651909665e-33,1.401298464324817e-45,,,,
1700584027538-2-13-3-14-4,Neutral,Correct,Neutral,8,0.9858925,0.9858925,,,,,,,,,,,,1.1459618919678009e-33,1.1459618919678009e-33,1.401298464324817e-45,,,,
1700584206113-2-13-4-2-4,Neutral,Correct,Neutral,-1,0.34371623,0.34371623,,,,,,,,,,,,9.156671694654506e-06,6.82185054756701e-06,1.0105427463713568e-05,,,,
1700584206113-2-13-4-2-4,Neutral,Correct,Neutral,0,0.56217146,0.56217146,,,,,,,,,,,,4.295646704122191e-06,3.172362312398036e-06,4.75847082270775e-06,,,,
1700584206113-2-13-4-2-4,Neutral,Correct,Neutral,1,0.7401035,0.7401035,,,,,,,,,,,,2.96320808956807e-06,2.181117906729924e-06,3.287095069026691e-06,,,,
1700584206113-2-13-4-2-4,Neutral,Correct,Neutral,2,0.8470544,0.8470544,,,,,,,,,,,,1.4247902981878724e-06,1.0434823707328178e-06,1.583904008839454e-06,,,,
1700584206113-2-13-4-2-4,Neutral,Correct,Neutral,3,0.9043004,0.9043004,,,,,,,,,,,,9.920023558152025e-07,7.251474016811699e-07,1.1036698879252071e-06,,,,
1700584206113-2-13-4-2-4,Neutral,Correct,Neutral,4,0.93523425,0.93523425,,,,,,,,,,,,6.921274575688585e-07,5.051492166785465e-07,7.705510256528214e-07,,,,
1700584206113-2-13-4-2-4,Neutral,Correct,Neutral,5,0.9525433,0.9525433,,,,,,,,,,,,6.921274575688585e-07,5.051492166785465e-07,7.705510256528214e-07,,,,
1700584206113-2-13-4-2-4,Neutral,Correct,Neutral,6,0.9624523,0.9624523,,,,,,,,,,,,4.837396545553929e-07,3.525997271935921e-07,5.388479280554748e-07,,,,
1700584206113-2-13-4-2-4,Neutral,Correct,Neutral,7,0.9686687,0.9686687,,,,,,,,,,,,4.837396545553929e-07,3.525997271935921e-07,5.388479280554748e-07,,,,
1700584206113-2-13-4-2-4,Neutral,Correct,Neutral,8,0.9727331,0.9727331,,,,,,,,,,,,3.385830780189281e-07,2.465295949605206e-07,3.773269554585568e-07,,,,
1700584234061-2-13-4-18-4,Neutral,Correct,Neutral,-4,0.11777262,0.11777262,,,,,,,,,,,,2.1599165847874247e-05,2.1599165847874247e-05,3.30720140482299e-05,,,,
1700584234061-2-13-4-18-4,Neutral,Correct,Neutral,-3,0.14405036,0.14405036,,,,,,,,,,,,1.4270500287238974e-05,1.4270500287238974e-05,2.1566860596067272e-05,,,,
1700584234061-2-13-4-18-4,Neutral,Correct,Neutral,-2,0.2152969,0.2152969,,,,,,,,,,,,9.53172639128752e-06,9.53172639128752e-06,1.4248522347770631e-05,,,,
1700584234061-2-13-4-18-4,Neutral,Correct,Neutral,-1,0.3398762,0.3398762,,,,,,,,,,,,6.424740149668651e-06,6.424740149668651e-06,9.516723366687074e-06,,,,
1700584234061-2-13-4-18-4,Neutral,Correct,Neutral,0,0.5492456,0.5492456,,,,,,,,,,,,4.363456355349626e-06,4.363456355349626e-06,6.414391464204528e-06,,,,
1700584234061-2-13-4-18-4,Neutral,Correct,Neutral,1,0.7364384,0.7364384,,,,,,,,,,,,2.9822745091223624e-06,2.9822745091223624e-06,4.3563122744672e-06,,,,
1700584234061-2-13-4-18-4,Neutral,Correct,Neutral,2,0.85226023,0.85226023,,,,,,,,,,,,2.0490117549343267e-06,2.0490117549343267e-06,2.977323447339586e-06,,,,
1700584234061-2-13-4-18-4,Neutral,Correct,Neutral,3,0.90907806,0.90907806,,,,,,,,,,,,1.4139586710371075e-06,1.4139586710371075e-06,2.0455772755667567e-06,,,,
1700584234061-2-13-4-18-4,Neutral,Correct,Neutral,4,0.9384001,0.9384001,,,,,,,,,,,,9.792695436772192e-07,9.792695436772192e-07,1.4115692010818748e-06,,,,
1700584234061-2-13-4-18-4,Neutral,Correct,Neutral,5,0.95429957,0.95429957,,,,,,,,,,,,6.802534926464432e-07,6.802534926464432e-07,9.775985745363869e-07,,,,
1700584234061-2-13-4-18-4,Neutral,Correct,Neutral,6,0.9637119,0.9637119,,,,,,,,,,,,4.737225935969036e-07,4.737225935969036e-07,6.790905331399699e-07,,,,
1700584234061-2-13-4-18-4,Neutral,Correct,Neutral,7,0.96948427,0.96948427,,,,,,,,,,,,3.305756024474249e-07,3.305756024474249e-07,4.7290532734223234e-07,,,,
1700584234061-2-13-4-18-4,Neutral,Correct,Neutral,8,0.9726553,0.9726553,,,,,,,,,,,,2.31079255286204e-07,2.31079255286204e-07,3.30003615545138e-07,,,,
1700747228293-2-15-2-0-4,Neutral,Correct,Neutral,-1,0.32413882,0.32413882,,,,,,,,,,,,1.401298464324817e-45,1.401298464324817e-45,1.401298464324817e-45,,,,
1700747228293-2-15-2-0-4,Neutral,Correct,Neutral,0,0.52110106,0.52110106,,,,,,,,,,,,1.401298464324817e-45,1.401298464324817e-45,1.401298464324817e-45,,,,
1700747228293-2-15-2-0-4,Neutral,Correct,Neutral,1,0.6924243,0.6924243,,,,,,,,,,,,1.401298464324817e-45,1.401298464324817e-45,1.401298464324817e-45,,,,
1700747228293-2-15-2-0-4,Neutral,Correct,Neutral,2,0.8072159,0.8072159,,,,,,,,,,,,1.401298464324817e-45,1.401298464324817e-45,1.401298464324817e-45,,,,
1700747228293-2-15-2-0-4,Neutral,Correct,Neutral,3,0.8759381,0.8759381,,,,,,,,,,,,1.401298464324817e-45,1.401298464324817e-45,1.401298464324817e-45,,,,
1700747228293-2-15-2-0-4,Neutral,Correct,Neutral,4,0.91590047,0.91590047,,,,,,,,,,,,1.401298464324817e-45,1.401298464324817e-45,1.401298464324817e-45,,,,
1700747228293-2-15-2-0-4,Neutral,Correct,Neutral,5,0.9398459,0.9398459,,,,,,,,,,,,1.401298464324817e-45,1.401298464324817e-45,1.401298464324817e-45,,,,
1700747228293-2-15-2-0-4,Neutral,Correct,Neutral,6,0.9548381,0.9548381,,,,,,,,,,,,1.401298464324817e-45,1.401298464324817e-45,1.401298464324817e-45,,,,
1700747228293-2-15-2-0-4,Neutral,Correct,Neutral,7,0.9646145,0.9646145,,,,,,,,,,,,1.401298464324817e-45,1.401298464324817e-45,1.401298464324817e-45,,,,
1700747228293-2-15-2-0-4,Neutral,Correct,Neutral,8,0.9711194,0.9711194,,,,,,,,,,,,1.401298464324817e-45,1.401298464324817e-45,1.401298464324817e-45,,,,
1700747244934-2-15-2-7-4,Neutral,Correct,Neutral,-8,0.069129966,0.069129966,,,,,,,,,,,,2.635385437475064e-18,4.553285475162325e-19,1.401298464324817e-45,,,,
1700747244934-2-15-2-7-4,Neutral,Correct,Neutral,-7,0.08066083,0.08066083,,,,,,,,,,,,1.8573618939793784e-18,3.2090557166995383e-19,1.401298464324817e-45,,,,
1700747244934-2-15-2-7-4,Neutral,Correct,Neutral,-6,0.09667867,0.09667867,,,,,,,,,,,,1.3090259338695077e-18,2.2616687005424213e-19,1.401298464324817e-45,,,,
1700747244934-2-15-2-7-4,Neutral,Correct,Neutral,-5,0.13181062,0.13181062,,,,,,,,,,,,9.225779050326964e-19,1.5939833734912492e-19,1.401298464324817e-45,,,,
1700747244934-2-15-2-7-4,Neutral,Correct,Neutral,-4,0.1801998,0.1801998,,,,,,,,,,,,6.502176248089191e-19,1.1234129892129617e-19,1.401298464324817e-45,,,,
1700747244934-2-15-2-7-4,Neutral,Correct,Neutral,-3,0.22778605,0.22778605,,,,,,,,,,,,4.582590416313547e-19,7.917567320674151e-20,1.401298464324817e-45,,,,
1700747244934-2-15-2-7-4,Neutral,Correct,Neutral,-2,0.32653433,0.32653433,,,,,,,,,,,,3.22971274304046e-19,5.580133916653729e-20,1.401298464324817e-45,,,,
1700747244934-2-15-2-7-4,Neutral,Correct,Neutral,-1,0.4634337,0.4634337,,,,,,,,,,,,2.276247500344727e-19,3.9327846628261943e-20,1.401298464324817e-45,,,,
1700747244934-2-15-2-7-4,Neutral,Correct,Neutral,0,0.6313179,0.6313179,,,,,,,,,,,,1.604246099953618e-19,2.7717348911185853e-20,1.401298464324817e-45,,,,
1700747244934-2-15-2-7-4,Neutral,Correct,Neutral,1,0.77026194,0.77026194,,,,,,,,,,,,1.1306433232484992e-19,1.9534679574593832e-20,1.401298464324817e-45,,,,
1700747244934-2-15-2-7-4,Neutral,Correct,Neutral,2,0.8579367,0.8579367,,,,,,,,,,,,7.968505490536077e-20,1.3767577959461254e-20,1.401298464324817e-45,,,,
1700747244934-2-15-2-7-4,Neutral,Correct,Neutral,3,0.9126914,0.9126914,,,,,,,,,,,,3.958078941229271e-20,6.838567080265838e-21,1.401298464324817e-45,,,,
1700747244934-2-15-2-7-4,Neutral,Correct,Neutral,4,0.94125766,0.94125766,,,,,,,,,,,,2.789539630686362e-20,4.819624384589902e-21,1.401298464324817e-45,,,,
1700747244934-2-15-2-7-4,Neutral,Correct,Neutral,5,0.9560551,0.9560551,,,,,,,,,,,,1.3855919879529637e-20,2.393955002627403e-21,1.401298464324817e-45,,,,
1700747244934-2-15-2-7-4,Neutral,Correct,Neutral,6,0.9703085,0.9703085,,,,,,,,,,,,6.882480354152174e-21,1.1891197903654273e-21,1.401298464324817e-45,,,,
1700747244934-2-15-2-7-4,Neutral,Correct,Neutral,7,0.9771772,0.9771772,,,,,,,,,,,,4.850638810799239e-21,8.3806855911930965e-22,1.401298464324817e-45,,,,
1700747244934-2-15-2-7-4,Neutral,Correct,Neutral,8,0.98096484,0.98096484,,,,,,,,,,,,3.418634478001878e-21,5.906541627994302e-22,1.401298464324817e-45,,,,
1700747345899-2-15-3-0-4,Neutral,Correct,Neutral,-1,0.3359578,0.3359578,,,,,,,,,,,,1.401298464324817e-45,1.401298464324817e-45,1.401298464324817e-45,,,,
1700747345899-2-15-3-0-4,Neutral,Correct,Neutral,0,0.54843867,0.54843867,,,,,,,,,,,,1.401298464324817e-45,1.401298464324817e-45,1.401298464324817e-45,,,,
1700747345899-2-15-3-0-4,Neutral,Correct,Neutral,1,0.721121,0.721121,,,,,,,,,,,,1.401298464324817e-45,1.401298464324817e-45,1.401298464324817e-45,,,,
1700747345899-2-15-3-0-4,Neutral,Correct,Neutral,2,0.82808167,0.82808167,,,,,,,,,,,,1.401298464324817e-45,1.401298464324817e-45,1.401298464324817e-45,,,,
1700747345899-2-15-3-0-4,Neutral,Correct,Neutral,3,0.88912106,0.88912106,,,,,,,,,,,,1.401298464324817e-45,1.401298464324817e-45,1.401298464324817e-45,,,,
1700747345899-2-15-3-0-4,Neutral,Correct,Neutral,4,0.92457,0.92457,,,,,,,,,,,,1.401298464324817e-45,1.401298464324817e-45,1.401298464324817e-45,,,,
1700747345899-2-15-3-0-4,Neutral,Correct,Neutral,5,0.94517076,0.94517076,,,,,,,,,,,,1.401298464324817e-45,1.401298464324817e-45,1.401298464324817e-45,,,,
1700747345899-2-15-3-0-4,Neutral,Correct,Neutral,6,0.95756274,0.95756274,,,,,,,,,,,,1.401298464324817e-45,1.401298464324817e-45,1.401298464324817e-45,,,,
1700747345899-2-15-3-0-4,Neutral,Correct,Neutral,7,0.96588737,0.96588737,,,,,,,,,,,,1.401298464324817e-45,1.401298464324817e-45,1.401298464324817e-45,,,,
1700747345899-2-15-3-0-4,Neutral,Correct,Neutral,8,0.97125334,0.97125334,,,,,,,,,,,,1.401298464324817e-45,1.401298464324817e-45,1.401298464324817e-45,,,,
1700747374991-2-15-3-14-4,Neutral,Correct,Neutral,-1,0.31384733,0.31384733,,,,,,,,,,,,1.7562697427071012e-33,2.253982407875408e-34,8.894380423959871e-15,,,,
1700747374991-2-15-3-14-4,Neutral,Correct,Neutral,0,0.50435895,0.50435895,,,,,,,,,,,,1.7562697427071012e-33,2.253982407875408e-34,8.894380423959871e-15,,,,
1700747374991-2-15-3-14-4,Neutral,Correct,Neutral,1,0.67653584,0.67653584,,,,,,,,,,,,1.237787010714726e-33,1.5885659355604943e-34,6.268410998464457e-15,,,,
1700747374991-2-15-3-14-4,Neutral,Correct,Neutral,2,0.797481,0.797481,,,,,,,,,,,,8.723663164978825e-34,1.1195878854149276e-34,4.4177354882721145e-15,,,,
1700747374991-2-15-3-14-4,Neutral,Correct,Neutral,3,0.8716484,0.8716484,,,,,,,,,,,,6.1482353983863334e-34,7.890595369503358e-35,3.113454039057445e-15,,,,
1700747374991-2-15-3-14-4,Neutral,Correct,Neutral,4,0.9150186,0.9150186,,,,,,,,,,,,3.0539402927435524e-34,3.919401796750679e-35,1.5464616154827109e-15,,,,
1700747374991-2-15-3-14-4,Neutral,Correct,Neutral,5,0.9402358,0.9402358,,,,,,,,,,,,3.0539402927435524e-34,3.919401796750679e-35,1.5464616154827109e-15,,,,
1700747374991-2-15-3-14-4,Neutral,Correct,Neutral,6,0.9551808,0.9551808,,,,,,,,,,,,2.152353803995869e-34,2.762313001274006e-35,1.0899015395502234e-15,,,,
1700747374991-2-15-3-14-4,Neutral,Correct,Neutral,7,0.96470815,0.96470815,,,,,,,,,,,,1.0691018953739231e-34,1.3720764094473445e-35,5.41358714804043e-16,,,,
1700747374991-2-15-3-14-4,Neutral,Correct,Neutral,8,0.97082675,0.97082675,,,,,,,,,,,,1.0691018953739231e-34,1.3720764094473445e-35,5.41358714804043e-16,,,,
1700747516587-2-15-4-2-4,Neutral,Correct,Neutral,-8,0.17805332,0.17805332,,,,,,,,,,,,2.484293803658999e-12,4.027790989624691e-09,0.0313938371837139,,,,
1700747516587-2-15-4-2-4,Neutral,Correct,Neutral,-7,0.22391978,0.22391978,,,,,,,,,,,,1.7508528264362222e-12,2.83741763418277e-09,0.002842970425263,,,,
1700747516587-2-15-4-2-4,Neutral,Correct,Neutral,-6,0.32162863,0.32162863,,,,,,,,,,,,8.69663282360156e-13,1.4084365895783435e-09,3.791226481553167e-05,,,,
1700747516587-2-15-4-2-4,Neutral,Correct,Neutral,-5,0.41669,0.41669,,,,,,,,,,,,8.69663282360156e-13,1.4084365895783435e-09,3.791226481553167e-05,,,,
1700747516587-2-15-4-2-4,Neutral,Correct,Neutral,-4,0.51341957,0.51341957,,,,,,,,,,,,6.129166185003809e-13,9.923845079029547e-10,5.527601388166659e-06,,,,
1700747516587-2-15-4-2-4,Neutral,Correct,Neutral,-3,0.60066295,0.60066295,,,,,,,,,,,,3.0443998559094576e-13,4.92739904434103e-10,1.8183440886332397e-07,,,,
1700747516587-2-15-4-2-4,Neutral,Correct,Neutral,-2,0.68061656,0.68061656,,,,,,,,,,,,3.0443998559094576e-13,4.92739904434103e-10,1.8183440886332397e-07,,,,
1700747516587-2-15-4-2-4,Neutral,Correct,Neutral,-1,0.7255784,0.7255784,,,,,,,,,,,,2.145629458610507e-13,3.472241660862352e-10,4.0463916661792616e-08,,,,
1700747516587-2-15-4-2-4,Neutral,Correct,Neutral,0,0.8311328,0.8311328,,,,,,,,,,,,1.0657610454963345e-13,1.724341225362025e-10,2.90111223932854e-09,,,,
1700747516587-2-15-4-2-4,Neutral,Correct,Neutral,1,0.89742833,0.89742833,,,,,,,,,,,,5.2937404351575956e-14,8.563733749911151e-11,3.2175825892544196e-10,,,,
1700747516587-2-15-4-2-4,Neutral,Correct,Neutral,2,0.932741,0.932741,,,,,,,,,,,,3.7309195853206176e-14,6.035216770783336e-11,1.2341519473046958e-10,,,,
1700747516587-2-15-4-2-4,Neutral,Correct,Neutral,3,0.95477647,0.95477647,,,,,,,,,,,,2.6294647069522583e-14,4.2532890404123336e-11,5.1393677508171365e-11,,,,
1700747516587-2-15-4-2-4,Neutral,Correct,Neutral,4,0.96799946,0.96799946,,,,,,,,,,,,1.8531827277162155e-14,2.997503634194487e-11,2.303373811129994e-11,,,,
1700747516587-2-15-4-2-4,Neutral,Correct,Neutral,5,0.97541237,0.97541237,,,,,,,,,,,,1.8531827277162155e-14,2.997503634194487e-11,2.303373811129994e-11,,,,
1700747516587-2-15-4-2-4,Neutral,Correct,Neutral,6,0.98004067,0.98004067,,,,,,,,,,,,1.3060882975461043e-14,2.1125195343030256e-11,1.101812217851883e-11,,,,
1700747516587-2-15-4-2-4,Neutral,Correct,Neutral,7,0.9828631,0.9828631,,,,,,,,,,,,9.205058556485592e-15,1.4888253824230088e-11,5.580989663467317e-12,,,,
1700747516587-2-15-4-2-4,Neutral,Correct,Neutral,8,0.98473364,0.98473364,,,,,,,,,,,,9.205058556485592e-15,1.4888253824230088e-11,5.580989663467317e-12,,,,
1700747522488-2-15-4-5-4,Neutral,Correct,Neutral,-1,0.31453174,0.31453174,,,,,,,,,,,,1.821130707223e-38,2.9451419768845896e-35,6.53442119593258e-18,,,,
1700747522488-2-15-4-5-4,Neutral,Correct,Neutral,0,0.50044316,0.50044316,,,,,,,,,,,,1.2834987293108906e-38,2.0756806639380803e-35,4.60533715937572e-18,,,,
1700747522488-2-15-4-5-4,Neutral,Correct,Neutral,1,0.66814387,0.66814387,,,,,,,,,,,,9.045863633888422e-39,1.4629017151475976e-35,3.2457570483942687e-18,,,,
1700747522488-2-15-4-5-4,Neutral,Correct,Neutral,2,0.77535117,0.77535117,,,,,,,,,,,,4.493190658337381e-39,7.266411169554867e-36,1.6122068603194342e-18,,,,
1700747522488-2-15-4-5-4,Neutral,Correct,Neutral,3,0.84367377,0.84367377,,,,,,,,,,,,4.493190658337381e-39,7.266411169554867e-36,1.6122068603194342e-18,,,,
1700747522488-2-15-4-5-4,Neutral,Correct,Neutral,4,0.88646054,0.88646054,,,,,,,,,,,,3.166720130709045e-39,5.121236576772557e-36,1.1362544770843585e-18,,,,
1700747522488-2-15-4-5-4,Neutral,Correct,Neutral,5,0.9114919,0.9114919,,,,,,,,,,,,2.2318410576378145e-39,3.609344140002258e-36,8.008092157454363e-19,,,,
1700747522488-2-15-4-5-4,Neutral,Correct,Neutral,6,0.9281191,0.9281191,,,,,,,,,,,,1.5729589275030715e-39,2.5437969670958707e-36,5.643950513171285e-19,,,,
1700747522488-2-15-4-5-4,Neutral,Correct,Neutral,7,0.93940103,0.93940103,,,,,,,,,,,,7.813107743658737e-40,1.263539928784829e-36,2.803430125746144e-19,,,,
1700747522488-2-15-4-5-4,Neutral,Correct,Neutral,8,0.94770145,0.94770145,,,,,,,,,,,,7.813107743658737e-40,1.263539928784829e-36,2.803430125746144e-19,,,,
1700747545324-2-15-4-18-4,Neutral,Correct,Neutral,-2,0.27878696,0.27878696,,,,,,,,,,,,2.249369970080873e-34,7.334634233302495e-08,4.855397767872249e-13,,,,
1700747545324-2-15-4-18-4,Neutral,Correct,Neutral,-1,0.4503524,0.4503524,,,,,,,,,,,,1.5853096784554723e-34,5.15598088668412e-08,3.2534353900173785e-13,,,,
1700747545324-2-15-4-18-4,Neutral,Correct,Neutral,0,0.62868434,0.62868434,,,,,,,,,,,,1.1172972785520071e-34,3.6260964009215975e-08,2.198777455681561e-13,,,,
1700747545324-2-15-4-18-4,Neutral,Correct,Neutral,1,0.7674399,0.7674399,,,,,,,,,,,,7.874452411194335e-35,2.551083611024297e-08,1.4966401327889264e-13,,,,
1700747545324-2-15-4-18-4,Neutral,Correct,Neutral,2,0.85803884,0.85803884,,,,,,,,,,,,5.549767691536815e-35,1.7953349029653513e-08,1.024794330883698e-13,,,,
1700747545324-2-15-4-18-4,Neutral,Correct,Neutral,3,0.9097113,0.9097113,,,,,,,,,,,,3.9113805401331294e-35,1.2637952906402461e-08,7.05183050083054e-14,,,,
1700747545324-2-15-4-18-4,Neutral,Correct,Neutral,4,0.9378709,0.9378709,,,,,,,,,,,,2.7566697100350967e-35,8.898116909961118e-09,4.8724564015662295e-14,,,,
1700747545324-2-15-4-18-4,Neutral,Correct,Neutral,5,0.95643127,0.95643127,,,,,,,,,,,,1.9428424841540617e-35,6.266033025781326e-09,3.378086655889123e-14,,,,
1700747545324-2-15-4-18-4,Neutral,Correct,Neutral,6,0.96672064,0.96672064,,,,,,,,,,,,1.3692518939686348e-35,4.413083676269025e-09,2.3486197524551922e-14,,,,
1700747545324-2-15-4-18-4,Neutral,Correct,Neutral,7,0.97257024,0.97257024,,,,,,,,,,,,9.65021312445558e-36,3.1084990137486557e-09,1.6367383658252507e-14,,,,
1700747545324-2-15-4-18-4,Neutral,Correct,Neutral,8,0.97620994,0.97620994,,,,,,,,,,,,6.801300972220142e-36,2.189793901763437e-09,1.1428513266764551e-14,,,,
1700756481968-2-18-3-0-4,Neutral,Correct,Neutral,-1,0.3383165,0.3383165,,,,,,,,,,,,1.401298464324817e-45,1.401298464324817e-45,1.401298464324817e-45,,,,
1700756481968-2-18-3-0-4,Neutral,Correct,Neutral,0,0.5514325,0.5514325,,,,,,,,,,,,1.401298464324817e-45,1.401298464324817e-45,1.401298464324817e-45,,,,
1700756481968-2-18-3-0-4,Neutral,Correct,Neutral,1,0.7232443,0.7232443,,,,,,,,,,,,1.401298464324817e-45,1.401298464324817e-45,1.401298464324817e-45,,,,
1700756481968-2-18-3-0-4,Neutral,Correct,Neutral,2,0.829336,0.829336,,,,,,,,,,,,1.401298464324817e-45,1.401298464324817e-45,1.401298464324817e-45,,,,
1700756481968-2-18-3-0-4,Neutral,Correct,Neutral,3,0.88906145,0.88906145,,,,,,,,,,,,1.401298464324817e-45,1.401298464324817e-45,1.401298464324817e-45,,,,
1700756481968-2-18-3-0-4,Neutral,Correct,Neutral,4,0.92298007,0.92298007,,,,,,,,,,,,1.401298464324817e-45,1.401298464324817e-45,1.401298464324817e-45,,,,
1700756481968-2-18-3-0-4,Neutral,Correct,Neutral,5,0.9427012,0.9427012,,,,,,,,,,,,1.401298464324817e-45,1.401298464324817e-45,1.401298464324817e-45,,,,
1700756481968-2-18-3-0-4,Neutral,Correct,Neutral,6,0.9546812,0.9546812,,,,,,,,,,,,1.401298464324817e-45,1.401298464324817e-45,1.401298464324817e-45,,,,
1700756481968-2-18-3-0-4,Neutral,Correct,Neutral,7,0.9622746,0.9622746,,,,,,,,,,,,1.401298464324817e-45,1.401298464324817e-45,1.401298464324817e-45,,,,
1700756481968-2-18-3-0-4,Neutral,Correct,Neutral,8,0.9673014,0.9673014,,,,,,,,,,,,1.401298464324817e-45,1.401298464324817e-45,1.401298464324817e-45,,,,
1700756506384-2-18-3-12-4,Neutral,Correct,Neutral,-1,0.34429678,0.34429678,,,,,,,,,,,,6.521461244423732e-15,6.346169893571823e-15,5.994660749581945e-16,,,,
1700756506384-2-18-3-12-4,Neutral,Correct,Neutral,0,0.5635437,0.5635437,,,,,,,,,,,,4.59619304828086e-15,4.472651598857926e-15,4.224917225796501e-16,,,,
1700756506384-2-18-3-12-4,Neutral,Correct,Neutral,1,0.7358423,0.7358423,,,,,,,,,,,,2.2829869386690708e-15,2.2216223662558125e-15,2.098571375379118e-16,,,,
1700756506384-2-18-3-12-4,Neutral,Correct,Neutral,2,0.83990175,0.83990175,,,,,,,,,,,,1.6090017637476405e-15,1.5657534261311382e-15,1.4790300372358455e-16,,,,
1700756506384-2-18-3-12-4,Neutral,Correct,Neutral,3,0.9015023,0.9015023,,,,,,,,,,,,1.1339780636309034e-15,1.1034979006613126e-15,1.042378001655802e-16,,,,
1700756506384-2-18-3-12-4,Neutral,Correct,Neutral,4,0.93458575,0.93458575,,,,,,,,,,,,1.1339780636309034e-15,1.1034979006613126e-15,1.042378001655802e-16,,,,
1700756506384-2-18-3-12-4,Neutral,Correct,Neutral,5,0.95303476,0.95303476,,,,,,,,,,,,5.632654749793218e-16,5.481255551405392e-16,5.177664583254017e-17,,,,
1700756506384-2-18-3-12-4,Neutral,Correct,Neutral,6,0.9636851,0.9636851,,,,,,,,,,,,3.969782167056237e-16,3.8630790444104486e-16,3.649114551467072e-17,,,,
1700756506384-2-18-3-12-4,Neutral,Correct,Neutral,7,0.97030526,0.97030526,,,,,,,,,,,,3.969782167056237e-16,3.8630790444104486e-16,3.649114551467072e-17,,,,
1700756506384-2-18-3-12-4,Neutral,Correct,Neutral,8,0.97476393,0.97476393,,,,,,,,,,,,1.9718492907694644e-16,1.9188483216773947e-16,1.81256927798805e-17,,,,
1700756511419-2-18-3-14-4,Neutral,Correct,Neutral,-1,0.3428001,0.3428001,,,,,,,,,,,,6.942103099986138e-16,7.358133390546336e-16,5.565306737291341e-38,,,,
1700756511419-2-18-3-14-4,Neutral,Correct,Neutral,0,0.57757294,0.57757294,,,,,,,,,,,,4.89264229784213e-16,5.185852281654863e-16,3.922325486045344e-38,,,,
1700756511419-2-18-3-14-4,Neutral,Correct,Neutral,1,0.7641049,0.7641049,,,,,,,,,,,,3.448227982531506e-16,3.6548764930907694e-16,2.7643807169305677e-38,,,,
1700756511419-2-18-3-14-4,Neutral,Correct,Neutral,2,0.87385494,0.87385494,,,,,,,,,,,,2.4302314933901737e-16,2.5758729853190383e-16,1.9482782240327447e-38,,,,
1700756511419-2-18-3-14-4,Neutral,Correct,Neutral,3,0.9291549,0.9291549,,,,,,,,,,,,1.7127830727116546e-16,1.8154289075400943e-16,1.3731149890909306e-38,,,,
1700756511419-2-18-3-14-4,Neutral,Correct,Neutral,4,0.95714366,0.95714366,,,,,,,,,,,,1.207131137678235e-16,1.2794737070741626e-16,9.677428851759616e-39,,,,
1700756511419-2-18-3-14-4,Neutral,Correct,Neutral,5,0.9717021,0.9717021,,,,,,,,,,,,1.207131137678235e-16,1.2794737070741626e-16,9.677428851759616e-39,,,,
1700756511419-2-18-3-14-4,Neutral,Correct,Neutral,6,0.9796727,0.9796727,,,,,,,,,,,,5.99595366596659e-17,6.355288203249014e-17,4.8069021481427065e-39,,,,
1700756511419-2-18-3-14-4,Neutral,Correct,Neutral,7,0.9845116,0.9845116,,,,,,,,,,,,4.225837116812109e-17,4.479090041873794e-17,3.3878198050071425e-39,,,,
1700756511419-2-18-3-14-4,Neutral,Correct,Neutral,8,0.98751897,0.98751897,,,,,,,,,,,,4.225837116812109e-17,4.479090041873794e-17,3.3878198050071425e-39,,,,
1700756707997-2-18-4-2-4,Neutral,Correct,Neutral,-1,0.32475966,0.32475966,,,,,,,,,,,,6.809615911151923e-07,3.1450560982193565e-06,1.1233632773999247e-10,,,,
1700756707997-2-18-4-2-4,Neutral,Correct,Neutral,0,0.5463871,0.5463871,,,,,,,,,,,,4.7589986706952914e-07,2.1621012820105534e-06,7.916346050906853e-11,,,,
1700756707997-2-18-4-2-4,Neutral,Correct,Neutral,1,0.73920524,0.73920524,,,,,,,,,,,,3.330751212615724e-07,1.492718183726538e-06,5.578786044235784e-11,,,,
1700756707997-2-18-4-2-4,Neutral,Correct,Neutral,2,0.862438,0.862438,,,,,,,,,,,,2.333949709054651e-07,1.0342289442633046e-06,3.9315276728624227e-11,,,,
1700756707997-2-18-4-2-4,Neutral,Correct,Neutral,3,0.92551297,0.92551297,,,,,,,,,,,,1.637086910477592e-07,7.18668786703347e-07,2.770682815123049e-11,,,,
1700756707997-2-18-4-2-4,Neutral,Correct,Neutral,4,0.95573497,0.95573497,,,,,,,,,,,,1.1492428342307905e-07,5.00610269682511e-07,1.9526239999900768e-11,,,,
1700756707997-2-18-4-2-4,Neutral,Correct,Neutral,5,0.9707353,0.9707353,,,,,,,,,,,,8.073222090843046e-08,3.4941808735311497e-07,1.3761094694308971e-11,,,,
1700756707997-2-18-4-2-4,Neutral,Correct,Neutral,6,0.9784939,0.9784939,,,,,,,,,,,,5.6745083298892496e-08,2.442968138893775e-07,9.698210984288023e-12,,,,
1700756707997-2-18-4-2-4,Neutral,Correct,Neutral,7,0.98294616,0.98294616,,,,,,,,,,,,3.990371411077832e-08,1.7103776883686805e-07,6.834925854459773e-12,,,,
1700756707997-2-18-4-2-4,Neutral,Correct,Neutral,8,0.98566127,0.98566127,,,,,,,,,,,,2.80715433120804e-08,1.1988471726454009e-07,4.817018312008869e-12,,,,
1700756711213-2-18-4-4-4,Neutral,Correct,Neutral,-1,0.33051813,0.33051813,,,,,,,,,,,,7.203556562317674e-23,3.023291622557506e-22,1.2469242372684675e-26,,,,
1700756711213-2-18-4-4-4,Neutral,Correct,Neutral,0,0.52919614,0.52919614,,,,,,,,,,,,5.076934605514559e-23,2.1307605104385213e-22,8.788093832692777e-27,,,,
1700756711213-2-18-4-4-4,Neutral,Correct,Neutral,1,0.6945551,0.6945551,,,,,,,,,,,,3.578131702208294e-23,1.5017214362200933e-22,6.1936897824202646e-27,,,,
1700756711213-2-18-4-4-4,Neutral,Correct,Neutral,2,0.8003118,0.8003118,,,,,,,,,,,,1.777298097436603e-23,7.459218177546391e-23,3.076474715374337e-27,,,,
1700756711213-2-18-4-4-4,Neutral,Correct,Neutral,3,0.8622346,0.8622346,,,,,,,,,,,,1.777298097436603e-23,7.459218177546391e-23,3.076474715374337e-27,,,,
1700756711213-2-18-4-4-4,Neutral,Correct,Neutral,4,0.8978102,0.8978102,,,,,,,,,,,,1.2526039901800377e-23,5.2571069652790553e-23,2.1682375462594105e-27,,,,
1700756711213-2-18-4-4-4,Neutral,Correct,Neutral,5,0.9214563,0.9214563,,,,,,,,,,,,8.828086381204072e-24,3.7050972871818054e-23,1.528127669926594e-27,,,,
1700756711213-2-18-4-4-4,Neutral,Correct,Neutral,6,0.9356446,0.9356446,,,,,,,,,,,,4.385047819169733e-24,1.8403795174947826e-23,7.590447652317265e-28,,,,
1700756711213-2-18-4-4-4,Neutral,Correct,Neutral,7,0.94434893,0.94434893,,,,,,,,,,,,4.385047819169733e-24,1.8403795174947826e-23,7.590447652317265e-28,,,,
1700756711213-2-18-4-4-4,Neutral,Correct,Neutral,8,0.9500202,0.9500202,,,,,,,,,,,,3.0905057744576114e-24,1.2970676617862772e-23,5.349616124960565e-28,,,,
1700756713736-2-18-4-5-4,Neutral,Correct,Neutral,-1,0.3423427,0.3423427,,,,,,,,,,,,4.754702733027345e-33,1.9955222956285862e-32,8.230313308637481e-37,,,,
1700756713736-2-18-4-5-4,Neutral,Correct,Neutral,0,0.5725548,0.5725548,,,,,,,,,,,,3.3510302350310664e-33,1.4064087549714054e-32,5.800578807945989e-37,,,,
1700756713736-2-18-4-5-4,Neutral,Correct,Neutral,1,0.76329476,0.76329476,,,,,,,,,,,,2.361727026210329e-33,9.91203652578231e-33,4.088110921334009e-37,,,,
1700756713736-2-18-4-5-4,Neutral,Correct,Neutral,2,0.87569976,0.87569976,,,,,,,,,,,,1.1730982708920297e-33,4.923427682014607e-33,2.0306139815894465e-37,,,,
1700756713736-2-18-4-5-4,Neutral,Correct,Neutral,3,0.9310363,0.9310363,,,,,,,,,,,,1.1730982708920297e-33,4.923427682014607e-33,2.0306139815894465e-37,,,,
1700756713736-2-18-4-5-4,Neutral,Correct,Neutral,4,0.9582477,0.9582477,,,,,,,,,,,,8.267772476596364e-34,3.4699377334304795e-33,1.431137938031904e-37,,,,
1700756713736-2-18-4-5-4,Neutral,Correct,Neutral,5,0.97222364,0.97222364,,,,,,,,,,,,4.1067401248113605e-34,1.7235757550618794e-33,7.108700229015009e-38,,,,
1700756713736-2-18-4-5-4,Neutral,Correct,Neutral,6,0.9799058,0.9799058,,,,,,,,,,,,4.1067401248113605e-34,1.7235757550618794e-33,7.108700229015009e-38,,,,
1700756713736-2-18-4-5-4,Neutral,Correct,Neutral,7,0.98440844,0.98440844,,,,,,,,,,,,2.0398498110725604e-34,8.561135458943297e-34,3.530946748595123e-38,,,,
1700756713736-2-18-4-5-4,Neutral,Correct,Neutral,8,0.9871428,0.9871428,,,,,,,,,,,,2.0398498110725604e-34,8.561135458943297e-34,3.530946748595123e-38,,,,
1700756736108-2-18-4-18-4,Neutral,Correct,Neutral,-1,0.3529345,0.3529345,,,,,,,,,,,,3.56978058224655e-10,3.6133954162131927e-10,7.19891021731713e-30,,,,
1700756736108-2-18-4-18-4,Neutral,Correct,Neutral,0,0.59006315,0.59006315,,,,,,,,,,,,2.5154917038250336e-10,2.5462276731502703e-10,5.0736532945332746e-30,,,,
1700756736108-2-18-4-18-4,Neutral,Correct,Neutral,1,0.77392924,0.77392924,,,,,,,,,,,,1.7726249634808508e-10,1.7942852759134098e-10,3.575813190116634e-30,,,,
1700756736108-2-18-4-18-4,Neutral,Correct,Neutral,2,0.87805665,0.87805665,,,,,,,,,,,,1.2491724321606054e-10,1.2644373048598112e-10,2.5201713029087064e-30,,,,
1700756736108-2-18-4-18-4,Neutral,Correct,Neutral,3,0.9295041,0.9295041,,,,,,,,,,,,8.803052037320569e-11,8.910629178959795e-11,1.7761597389512282e-30,,,,
1700756736108-2-18-4-18-4,Neutral,Correct,Neutral,4,0.9545456,0.9545456,,,,,,,,,,,,6.203675073646053e-11,6.279489428440144e-11,1.2517907990776628e-30,,,,
1700756736108-2-18-4-18-4,Neutral,Correct,Neutral,5,0.9682217,0.9682217,,,,,,,,,,,,4.37193163616012e-11,4.4253621600542914e-11,8.822347473260371e-31,,,,
1700756736108-2-18-4-18-4,Neutral,Correct,Neutral,6,0.97581506,0.97581506,,,,,,,,,,,,3.0810944073866864e-11,3.118750049879715e-11,6.217832381810108e-31,,,,
1700756736108-2-18-4-18-4,Neutral,Correct,Neutral,7,0.98061293,0.98061293,,,,,,,,,,,,2.171395008243593e-11,2.197933328396129e-11,4.3821982710801575e-31,,,,
1700756736108-2-18-4-18-4,Neutral,Correct,Neutral,8,0.9837287,0.9837287,,,,,,,,,,,,1.5303064371252617e-11,1.549009705226201e-11,3.088499029525622e-31,,,,
1701085482708-2-23-2-0-4,Neutral,Correct,Neutral,-1,0.32439825,0.32439825,,,,,,,,,,,,1.401298464324817e-45,1.401298464324817e-45,1.401298464324817e-45,,,,
1701085482708-2-23-2-0-4,Neutral,Correct,Neutral,0,0.4860796,0.4860796,,,,,,,,,,,,1.401298464324817e-45,1.401298464324817e-45,1.401298464324817e-45,,,,
1701085482708-2-23-2-0-4,Neutral,Correct,Neutral,1,0.6142762,0.6142762,,,,,,,,,,,,1.401298464324817e-45,1.401298464324817e-45,1.401298464324817e-45,,,,
1701085482708-2-23-2-0-4,Neutral,Correct,Neutral,2,0.70966303,0.70966303,,,,,,,,,,,,1.401298464324817e-45,1.401298464324817e-45,1.401298464324817e-45,,,,
1701085482708-2-23-2-0-4,Neutral,Correct,Neutral,3,0.77439016,0.77439016,,,,,,,,,,,,1.401298464324817e-45,1.401298464324817e-45,1.401298464324817e-45,,,,
1701085482708-2-23-2-0-4,Neutral,Correct,Neutral,4,0.8165309,0.8165309,,,,,,,,,,,,1.401298464324817e-45,1.401298464324817e-45,1.401298464324817e-45,,,,
1701085482708-2-23-2-0-4,Neutral,Correct,Neutral,5,0.8455832,0.8455832,,,,,,,,,,,,1.401298464324817e-45,1.401298464324817e-45,1.401298464324817e-45,,,,
1701085482708-2-23-2-0-4,Neutral,Correct,Neutral,6,0.86490595,0.86490595,,,,,,,,,,,,1.401298464324817e-45,1.401298464324817e-45,1.401298464324817e-45,,,,
1701085482708-2-23-2-0-4,Neutral,Correct,Neutral,7,0.8800032,0.8800032,,,,,,,,,,,,1.401298464324817e-45,1.401298464324817e-45,1.401298464324817e-45,,,,
1701085482708-2-23-2-0-4,Neutral,Correct,Neutral,8,0.89238155,0.89238155,,,,,,,,,,,,1.401298464324817e-45,1.401298464324817e-45,1.401298464324817e-45,,,,
1701085500311-2-23-2-7-4,Neutral,Correct,Neutral,-8,0.1313926,0.1313926,,,,,,,,,,,,7.556293885929949e-22,7.562567412719246e-22,6.691796744680857e-22,,,,
1701085500311-2-23-2-7-4,Neutral,Correct,Neutral,-7,0.09394613,0.09394613,,,,,,,,,,,,5.325465423031056e-22,5.32988708306813e-22,4.716192173871593e-22,,,,
1701085500311-2-23-2-7-4,Neutral,Correct,Neutral,-6,0.08950233,0.08950233,,,,,,,,,,,,3.753273716861249e-22,3.756390032981234e-22,3.323870851511761e-22,,,,
1701085500311-2-23-2-7-4,Neutral,Correct,Neutral,-5,0.100341424,0.100341424,,,,,,,,,,,,2.6452424661782023e-22,2.6474389073738282e-22,2.3426068977250894e-22,,,,
1701085500311-2-23-2-7-4,Neutral,Correct,Neutral,-4,0.12769745,0.12769745,,,,,,,,,,,,1.8643193949298864e-22,1.865867329352548e-22,1.651027309593974e-22,,,,
1701085500311-2-23-2-7-4,Neutral,Correct,Neutral,-3,0.18471695,0.18471695,,,,,,,,,,,,1.313938461986387e-22,1.3150294881727438e-22,1.1636141376294296e-22,,,,
1701085500311-2-23-2-7-4,Neutral,Correct,Neutral,-2,0.26848292,0.26848292,,,,,,,,,,,,9.26032520150783e-23,9.2680143865232e-23,8.200874908376424e-23,,,,
1701085500311-2-23-2-7-4,Neutral,Correct,Neutral,-1,0.40288314,0.40288314,,,,,,,,,,,,6.526476616277755e-23,6.531895775152261e-23,5.77979894355817e-23,,,,
1701085500311-2-23-2-7-4,Neutral,Correct,Neutral,0,0.5519563,0.5519563,,,,,,,,,,,,4.599749172958386e-23,4.603568521917104e-23,4.073503534073432e-23,,,,
1701085500311-2-23-2-7-4,Neutral,Correct,Neutral,1,0.6881882,0.6881882,,,,,,,,,,,,3.241806850610195e-23,3.244498759563172e-23,2.8709201094881915e-23,,,,
1701085500311-2-23-2-7-4,Neutral,Correct,Neutral,2,0.787092,0.787092,,,,,,,,,,,,2.284751334065201e-23,2.2866485445422576e-23,2.023358802132236e-23,,,,
1701085500311-2-23-2-7-4,Neutral,Correct,Neutral,3,0.8497311,0.8497311,,,,,,,,,,,,1.610250489868812e-23,1.6115876091031616e-23,1.4260259094063766e-23,,,,
1701085500311-2-23-2-7-4,Neutral,Correct,Neutral,4,0.8876266,0.8876266,,,,,,,,,,,,1.1348729687352245e-23,1.1358153419726017e-23,1.0050351412058034e-23,,,,
1701085500311-2-23-2-7-4,Neutral,Correct,Neutral,5,0.9067934,0.9067934,,,,,,,,,,,,7.998323826908256e-24,8.004966035730217e-24,7.083257009765461e-24,,,,
1701085510979-2-23-2-11-4,Neutral,Correct,Neutral,-8,0.06733768,0.06733768,,,,,,,,,,,,2.853355746724516e-25,4.651593269421692e-25,1.046873641491648e-22,,,,
1701085510979-2-23-2-11-4,Neutral,Correct,Neutral,-7,0.06640187,0.06640187,,,,,,,,,,,,2.0109919529806025e-25,3.278356285045566e-25,7.378170608143983e-23,,,,
1701085510979-2-23-2-11-4,Neutral,Correct,Neutral,-6,0.07890092,0.07890092,,,,,,,,,,,,1.4173062058082322e-25,2.310518864167044e-25,5.199984600498916e-23,,,,
1701085510979-2-23-2-11-4,Neutral,Correct,Neutral,-5,0.09914051,0.09914051,,,,,,,,,,,,9.988890198900424e-26,1.6284074794571545e-25,3.66484518617636e-23,,,,
1701085510979-2-23-2-11-4,Neutral,Correct,Neutral,-4,0.12808126,0.12808126,,,,,,,,,,,,7.039968514110491e-26,1.1476687412825492e-25,2.5829090440303536e-23,,,,
1701085510979-2-23-2-11-4,Neutral,Correct,Neutral,-3,0.17459063,0.17459063,,,,,,,,,,,,4.961611845758297e-26,8.088511952271362e-26,1.820376371521093e-23,,,,
1701085510979-2-23-2-11-4,Neutral,Correct,Neutral,-2,0.2310042,0.2310042,,,,,,,,,,,,3.496840433950742e-26,5.700614584727804e-26,1.2829632232313781e-23,,,,
1701085510979-2-23-2-11-4,Neutral,Correct,Neutral,-1,0.31005418,0.31005418,,,,,,,,,,,,2.464499921449198e-26,4.017673828820062e-26,9.042056224275314e-24,,,,
1701085510979-2-23-2-11-4,Neutral,Correct,Neutral,0,0.43516573,0.43516573,,,,,,,,,,,,1.7369295026295744e-26,2.831574927352814e-26,6.3726578116600694e-24,,,,
1701085510979-2-23-2-11-4,Neutral,Correct,Neutral,1,0.54638165,0.54638165,,,,,,,,,,,,1.224151656420044e-26,1.9956348957528492e-26,4.4913160605729604e-24,,,,
1701085510979-2-23-2-11-4,Neutral,Correct,Neutral,2,0.6448083,0.6448083,,,,,,,,,,,,8.627522890253391e-27,1.4064748990605148e-26,3.165370252084896e-24,,,,
1701085510979-2-23-2-11-4,Neutral,Correct,Neutral,3,0.7197528,0.7197528,,,,,,,,,,,,6.0805221388880706e-27,9.912581156718307e-27,2.2308956817366268e-24,,,,
1701085510979-2-23-2-11-4,Neutral,Correct,Neutral,4,0.77100754,0.77100754,,,,,,,,,,,,4.285422156367015e-27,6.986176058168591e-27,1.5722877420964087e-24,,,,
1701085510979-2-23-2-11-4,Neutral,Correct,Neutral,5,0.81412065,0.81412065,,,,,,,,,,,,3.0202741536671727e-27,4.923707695560011e-27,1.1081148857162183e-24,,,,
1701085510979-2-23-2-11-4,Neutral,Correct,Neutral,6,0.84644794,0.84644794,,,,,,,,,,,,2.1286173154434763e-27,3.470111684847756e-27,7.809729864220938e-25,,,,
1701085510979-2-23-2-11-4,Neutral,Correct,Neutral,7,0.86511505,0.86511505,,,,,,,,,,,,1.5001994709135429e-27,2.445653310273809e-27,5.504114263617908e-25,,,,
1701085510979-2-23-2-11-4,Neutral,Correct,Neutral,8,0.87776595,0.87776595,,,,,,,,,,,,1.0573079023738903e-27,1.723643166759428e-27,3.8791796210364726e-25,,,,
1701085630752-2-23-3-14-4,Neutral,Correct,Neutral,-8,0.66833466,0.66833466,,,,,,,,,,,,5.246062084302011e-25,1.0137977811382575e-36,1.0290551522018632e-08,,,,
1701085630752-2-23-3-14-4,Neutral,Correct,Neutral,-7,0.44521183,0.44521183,,,,,,,,,,,,3.6973215444036097e-25,7.145047781205929e-37,7.251575340205818e-09,,,,
1701085630752-2-23-3-14-4,Neutral,Correct,Neutral,-6,0.22462153,0.22462153,,,,,,,,,,,,2.6057924592196627e-25,5.03567522072757e-37,5.110169176703039e-09,,,,
1701085630752-2-23-3-14-4,Neutral,Correct,Neutral,-5,0.111844555,0.111844555,,,,,,,,,,,,1.836505288468964e-25,3.549033195770286e-37,3.601194231706017e-09,,,,
1701085630752-2-23-3-14-4,Neutral,Correct,Neutral,-4,0.1021911,0.1021911,,,,,,,,,,,,1.2943359794525356e-25,2.5012948896288607e-37,2.5378585899460404e-09,,,,
1701085630752-2-23-3-14-4,Neutral,Correct,Neutral,-3,0.15426394,0.15426394,,,,,,,,,,,,6.429097432117881e-26,1.242418347608652e-37,1.260431203853329e-09,,,,
1701085630752-2-23-3-14-4,Neutral,Correct,Neutral,-2,0.27759203,0.27759203,,,,,,,,,,,,3.193451309076145e-26,6.171320678964037e-38,6.260288398785008e-10,,,,
1701085630752-2-23-3-14-4,Neutral,Correct,Neutral,-1,0.48049188,0.48049188,,,,,,,,,,,,2.2506888797759624e-26,4.349439296153697e-38,4.412008813847733e-10,,,,
1701085630752-2-23-3-14-4,Neutral,Correct,Neutral,0,0.73308754,0.73308754,,,,,,,,,,,,1.1179430140745031e-26,2.1604164545216393e-38,2.191395398476459e-10,,,,
1701085630752-2-23-3-14-4,Neutral,Correct,Neutral,1,0.85240287,0.85240287,,,,,,,,,,,,1.1179430140745031e-26,2.1604164545216393e-38,2.191395398476459e-10,,,,
1701085630752-2-23-3-14-4,Neutral,Correct,Neutral,2,0.9028851,0.9028851,,,,,,,,,,,,7.879017150715092e-27,1.522614197315581e-38,1.5444211187709556e-10,,,,
1701085630752-2-23-3-14-4,Neutral,Correct,Neutral,3,0.92391765,0.92391765,,,,,,,,,,,,7.879017150715092e-27,1.522614197315581e-38,1.5444211187709556e-10,,,,
1701085630752-2-23-3-14-4,Neutral,Correct,Neutral,4,0.9362988,0.9362988,,,,,,,,,,,,7.879017150715092e-27,1.522614197315581e-38,1.5444211187709556e-10,,,,
1701085630752-2-23-3-14-4,Neutral,Correct,Neutral,5,0.94464326,0.94464326,,,,,,,,,,,,5.5528916750218206e-27,1.0730922234642086e-38,1.088445722441378e-10,,,,
1701085630752-2-23-3-14-4,Neutral,Correct,Neutral,6,0.9494499,0.9494499,,,,,,,,,,,,3.9135840175621375e-27,7.562971763881364e-39,7.671091539762642e-11,,,,
1701085630752-2-23-3-14-4,Neutral,Correct,Neutral,7,0.9528507,0.9528507,,,,,,,,,,,,2.758222495784124e-27,5.3302450856140946e-39,5.406393041584856e-11,,,,
1701085630752-2-23-3-14-4,Neutral,Correct,Neutral,8,0.95540917,0.95540917,,,,,,,,,,,,1.943926604159568e-27,3.756624745235863e-39,3.8102611343848736e-11,,,,
1701085786811-2-23-4-2-4,Neutral,Correct,Neutral,-8,0.00042290424,0.00042290424,,,,,,,,,,,,1.401298464324817e-45,6.968067737034289e-06,1.401298464324817e-45,,,,
1701085786811-2-23-4-2-4,Neutral,Correct,Neutral,-7,0.0010129202,0.0010129202,,,,,,,,,,,,1.401298464324817e-45,3.2423647553514456e-06,1.401298464324817e-45,,,,
1701085786811-2-23-4-2-4,Neutral,Correct,Neutral,-6,0.0037339514,0.0037339514,,,,,,,,,,,,1.401298464324817e-45,2.22973471863952e-06,1.401298464324817e-45,,,,
1701085786811-2-23-4-2-4,Neutral,Correct,Neutral,-5,0.012874383,0.012874383,,,,,,,,,,,,1.401298464324817e-45,1.5398434243252268e-06,1.401298464324817e-45,,,,
1701085786811-2-23-4-2-4,Neutral,Correct,Neutral,-4,0.03545801,0.03545801,,,,,,,,,,,,1.401298464324817e-45,1.0671163863662514e-06,1.401298464324817e-45,,,,
1701085786811-2-23-4-2-4,Neutral,Correct,Neutral,-3,0.08410682,0.08410682,,,,,,,,,,,,1.401298464324817e-45,1.0671163863662514e-06,1.401298464324817e-45,,,,
1701085786811-2-23-4-2-4,Neutral,Correct,Neutral,-2,0.19226916,0.19226916,,,,,,,,,,,,1.401298464324817e-45,5.167137828721025e-07,1.401298464324817e-45,,,,
1701085786811-2-23-4-2-4,Neutral,Correct,Neutral,-1,0.33995768,0.33995768,,,,,,,,,,,,1.401298464324817e-45,5.167137828721025e-07,1.401298464324817e-45,,,,
1701085786811-2-23-4-2-4,Neutral,Correct,Neutral,0,0.49506733,0.49506733,,,,,,,,,,,,1.401298464324817e-45,2.522174895602803e-07,1.401298464324817e-45,,,,
1701085786811-2-23-4-2-4,Neutral,Correct,Neutral,1,0.61787343,0.61787343,,,,,,,,,,,,1.401298464324817e-45,2.522174895602803e-07,1.401298464324817e-45,,,,
1701085786811-2-23-4-2-4,Neutral,Correct,Neutral,2,0.7444875,0.7444875,,,,,,,,,,,,1.401298464324817e-45,1.237904143636115e-07,1.401298464324817e-45,,,,
1701085786811-2-23-4-2-4,Neutral,Correct,Neutral,3,0.8309589,0.8309589,,,,,,,,,,,,1.401298464324817e-45,8.685560715093744e-08,1.401298464324817e-45,,,,
1701085786811-2-23-4-2-4,Neutral,Correct,Neutral,4,0.8841975,0.8841975,,,,,,,,,,,,1.401298464324817e-45,8.685560715093744e-08,1.401298464324817e-45,,,,
1701085786811-2-23-4-2-4,Neutral,Correct,Neutral,5,0.91840094,0.91840094,,,,,,,,,,,,1.401298464324817e-45,4.285155696948095e-08,1.401298464324817e-45,,,,
1701085786811-2-23-4-2-4,Neutral,Correct,Neutral,6,0.9381355,0.9381355,,,,,,,,,,,,1.401298464324817e-45,4.285155696948095e-08,1.401298464324817e-45,,,,
1701085786811-2-23-4-2-4,Neutral,Correct,Neutral,7,0.9490552,0.9490552,,,,,,,,,,,,1.401298464324817e-45,3.0124404304388015e-08,1.401298464324817e-45,,,,
1701085786811-2-23-4-2-4,Neutral,Correct,Neutral,8,0.95538694,0.95538694,,,,,,,,,,,,1.401298464324817e-45,1.4906085255006474e-08,1.401298464324817e-45,,,,
1701085789639-2-23-4-4-4,Neutral,Correct,Neutral,-5,0.2832912,0.2832912,,,,,,,,,,,,1.401298464324817e-45,4.1862424960352453e-20,1.401298464324817e-45,,,,
1701085789639-2-23-4-4-4,Neutral,Correct,Neutral,-4,0.25791538,0.25791538,,,,,,,,,,,,1.401298464324817e-45,2.0793486908186148e-20,1.401298464324817e-45,,,,
1701085789639-2-23-4-4-4,Neutral,Correct,Neutral,-3,0.2687631,0.2687631,,,,,,,,,,,,1.401298464324817e-45,1.4654737244360042e-20,1.401298464324817e-45,,,,
1701085789639-2-23-4-4-4,Neutral,Correct,Neutral,-2,0.34583434,0.34583434,,,,,,,,,,,,1.401298464324817e-45,1.03283556507154e-20,1.401298464324817e-45,,,,
1701085789639-2-23-4-4-4,Neutral,Correct,Neutral,-1,0.42169845,0.42169845,,,,,,,,,,,,1.401298464324817e-45,1.03283556507154e-20,1.401298464324817e-45,,,,
1701085789639-2-23-4-4-4,Neutral,Correct,Neutral,0,0.5970016,0.5970016,,,,,,,,,,,,1.401298464324817e-45,7.279205546337981e-21,1.401298464324817e-45,,,,
1701085789639-2-23-4-4-4,Neutral,Correct,Neutral,1,0.7243279,0.7243279,,,,,,,,,,,,1.401298464324817e-45,5.130173755157093e-21,1.401298464324817e-45,,,,
1701085789639-2-23-4-4-4,Neutral,Correct,Neutral,2,0.8004653,0.8004653,,,,,,,,,,,,1.401298464324817e-45,3.615645635457281e-21,1.401298464324817e-45,,,,
1701085789639-2-23-4-4-4,Neutral,Correct,Neutral,3,0.8440281,0.8440281,,,,,,,,,,,,1.401298464324817e-45,2.5482314570106453e-21,1.401298464324817e-45,,,,
1701085789639-2-23-4-4-4,Neutral,Correct,Neutral,4,0.8722158,0.8722158,,,,,,,,,,,,1.401298464324817e-45,1.7959399724104684e-21,1.401298464324817e-45,,,,
1701085789639-2-23-4-4-4,Neutral,Correct,Neutral,5,0.8904582,0.8904582,,,,,,,,,,,,1.401298464324817e-45,1.2657431501323158e-21,1.401298464324817e-45,,,,
1701085789639-2-23-4-4-4,Neutral,Correct,Neutral,6,0.90305287,0.90305287,,,,,,,,,,,,1.401298464324817e-45,8.920746077794641e-22,1.401298464324817e-45,,,,
1701085789639-2-23-4-4-4,Neutral,Correct,Neutral,7,0.91678506,0.91678506,,,,,,,,,,,,1.401298464324817e-45,6.2871936467076e-22,1.401298464324817e-45,,,,
1701085789639-2-23-4-4-4,Neutral,Correct,Neutral,8,0.93025184,0.93025184,,,,,,,,,,,,1.401298464324817e-45,4.431092541579434e-22,1.401298464324817e-45,,,,
1701085791397-2-23-4-5-4,Neutral,Correct,Neutral,-1,0.33031347,0.33031347,,,,,,,,,,,,1.401298464324817e-45,3.703735413045434e-28,1.401298464324817e-45,,,,
1701085791397-2-23-4-5-4,Neutral,Correct,Neutral,0,0.5281533,0.5281533,,,,,,,,,,,,1.401298464324817e-45,2.6103315390608436e-28,1.401298464324817e-45,,,,
1701085791397-2-23-4-5-4,Neutral,Correct,Neutral,1,0.70213974,0.70213974,,,,,,,,,,,,1.401298464324817e-45,1.8397149682030119e-28,1.401298464324817e-45,,,,
1701085791397-2-23-4-5-4,Neutral,Correct,Neutral,2,0.8205201,0.8205201,,,,,,,,,,,,1.401298464324817e-45,1.2965974275784643e-28,1.401298464324817e-45,,,,
1701085791397-2-23-4-5-4,Neutral,Correct,Neutral,3,0.88617575,0.88617575,,,,,,,,,,,,1.401298464324817e-45,9.138064529574843e-29,1.401298464324817e-45,,,,
1701085791397-2-23-4-5-4,Neutral,Correct,Neutral,4,0.9226988,0.9226988,,,,,,,,,,,,1.401298464324817e-45,6.440325382211715e-29,1.401298464324817e-45,,,,
1701085791397-2-23-4-5-4,Neutral,Correct,Neutral,5,0.94285953,0.94285953,,,,,,,,,,,,1.401298464324817e-45,4.539010327146517e-29,1.401298464324817e-45,,,,
1701085791397-2-23-4-5-4,Neutral,Correct,Neutral,6,0.9554392,0.9554392,,,,,,,,,,,,1.401298464324817e-45,3.1990120682712855e-29,1.401298464324817e-45,,,,
1701085791397-2-23-4-5-4,Neutral,Correct,Neutral,7,0.9630622,0.9630622,,,,,,,,,,,,1.401298464324817e-45,2.2545931995890098e-29,1.401298464324817e-45,,,,
1701085791397-2-23-4-5-4,Neutral,Correct,Neutral,8,0.9674905,0.9674905,,,,,,,,,,,,1.401298464324817e-45,1.5889909080291194e-29,1.401298464324817e-45,,,,
1701094549501-2-27-2-7-4,Neutral,Correct,Neutral,-5,0.09624461,0.09624461,,,,,,,,,,,,4.3358718715023545e-14,5.3199882921271125e-14,1.401298464324817e-45,,,,
1701094549501-2-27-2-7-4,Neutral,Correct,Neutral,-4,0.07396111,0.07396111,,,,,,,,,,,,3.055851267017885e-14,3.749440468932101e-14,1.401298464324817e-45,,,,
1701094549501-2-27-2-7-4,Neutral,Correct,Neutral,-3,0.10260139,0.10260139,,,,,,,,,,,,2.153708831555915e-14,2.6425383216799505e-14,1.401298464324817e-45,,,,
1701094549501-2-27-2-7-4,Neutral,Correct,Neutral,-2,0.17769198,0.17769198,,,,,,,,,,,,1.5178884624905686e-14,1.8624052224459203e-14,1.401298464324817e-45,,,,
1701094549501-2-27-2-7-4,Neutral,Correct,Neutral,-1,0.3000284,0.3000284,,,,,,,,,,,,1.0697701710203016e-14,1.3125770781418408e-14,1.401298464324817e-45,,,,
1701094549501-2-27-2-7-4,Neutral,Correct,Neutral,0,0.43463907,0.43463907,,,,,,,,,,,,7.539549530760723e-15,9.250810194098586e-15,1.401298464324817e-45,,,,
1701094549501-2-27-2-7-4,Neutral,Correct,Neutral,1,0.54659826,0.54659826,,,,,,,,,,,,5.313665953505511e-15,6.5197150860029675e-15,1.401298464324817e-45,,,,
1701094549501-2-27-2-7-4,Neutral,Correct,Neutral,2,0.64665663,0.64665663,,,,,,,,,,,,3.744967287937651e-15,4.594967391606183e-15,1.401298464324817e-45,,,,
1701094549501-2-27-2-7-4,Neutral,Correct,Neutral,3,0.7226466,0.7226466,,,,,,,,,,,,2.639377533533976e-15,3.238440526688396e-15,1.401298464324817e-45,,,,
1701094549501-2-27-2-7-4,Neutral,Correct,Neutral,4,0.78011906,0.78011906,,,,,,,,,,,,1.8601749846958e-15,2.2823813101117843e-15,1.401298464324817e-45,,,,
1701094549501-2-27-2-7-4,Neutral,Correct,Neutral,5,0.817442,0.817442,,,,,,,,,,,,1.3110205492221426e-15,1.6085846000211176e-15,1.401298464324817e-45,,,,
1701094549501-2-27-2-7-4,Neutral,Correct,Neutral,6,0.8508267,0.8508267,,,,,,,,,,,,9.23980278919078e-16,1.1336972722088886e-15,1.401298464324817e-45,,,,
1701094549501-2-27-2-7-4,Neutral,Correct,Neutral,7,0.87836295,0.87836295,,,,,,,,,,,,6.512018944644215e-16,7.990060203263039e-16,1.401298464324817e-45,,,,
1701094549501-2-27-2-7-4,Neutral,Correct,Neutral,8,0.8987887,0.8987887,,,,,,,,,,,,6.512018944644215e-16,7.990060203263039e-16,1.401298464324817e-45,,,,
1701094559720-2-27-2-11-4,Neutral,Incorrect,Disgust,-4,0.19196066,0.11684391,,,,,,,,,,,,2.440203665217757e-14,1.1955606411489616e-15,1.401298464324817e-45,,,,
1701094559720-2-27-2-11-4,Neutral,Incorrect,Disgust,-3,0.22673497,0.0932492,,,,,,,,,,,,2.440203665217757e-14,1.1955606411489616e-15,1.401298464324817e-45,,,,
1701094559720-2-27-2-11-4,Neutral,Incorrect,Disgust,-2,0.36688557,0.0704161,,,,,,,,,,,,1.7198023129845648e-14,8.426061413137126e-16,1.401298464324817e-45,,,,
1701094559720-2-27-2-11-4,Neutral,Incorrect,Disgust,-1,0.5393642,0.04771692,,,,,,,,,,,,1.2120708591260768e-14,5.938470172047873e-16,1.401298464324817e-45,,,,
1701094559720-2-27-2-11-4,Neutral,Incorrect,Disgust,0,0.72852427,0.025657857,,,,,,,,,,,,6.020550099856536e-15,2.949737711067121e-16,1.401298464324817e-45,,,,
1701094559720-2-27-2-11-4,Neutral,Incorrect,Disgust,1,0.84547096,0.012989461,,,,,,,,,,,,6.020550099856536e-15,2.949737711067121e-16,1.401298464324817e-45,,,,
1701094559720-2-27-2-11-4,Neutral,Incorrect,Disgust,2,0.908497,0.0065545444,,,,,,,,,,,,4.24311837564622e-15,2.0788954617588908e-16,1.401298464324817e-45,,,,
1701094559720-2-27-2-11-4,Neutral,Incorrect,Disgust,3,0.9404033,0.0035738947,,,,,,,,,,,,2.107620413643093e-15,1.0326195203589424e-16,1.401298464324817e-45,,,,
1701094559720-2-27-2-11-4,Neutral,Incorrect,Disgust,4,0.9579724,0.002111283,,,,,,,,,,,,1.48541288047966e-15,7.277718994209768e-17,1.401298464324817e-45,,,,
1701094559720-2-27-2-11-4,Neutral,Incorrect,Disgust,5,0.96735406,0.001410107,,,,,,,,,,,,1.0468856065986242e-15,5.1291742631294235e-17,1.401298464324817e-45,,,,
1701094559720-2-27-2-11-4,Neutral,Incorrect,Disgust,6,0.9731112,0.0010206158,,,,,,,,,,,,1.0468856065986242e-15,5.1291742631294235e-17,1.401298464324817e-45,,,,
1701094559720-2-27-2-11-4,Neutral,Incorrect,Disgust,7,0.97650814,0.00079954154,,,,,,,,,,,,7.378256246395138e-16,3.614948021701692e-17,1.401298464324817e-45,,,,
1701094559720-2-27-2-11-4,Neutral,Incorrect,Disgust,8,0.9784007,0.0006813149,,,,,,,,,,,,5.200043259894925e-16,2.5477415983900694e-17,1.401298464324817e-45,,,,
1701094652485-2-27-3-0-4,Neutral,Correct,Neutral,-1,0.26750293,0.26750293,,,,,,,,,,,,1.401298464324817e-45,1.401298464324817e-45,1.401298464324817e-45,,,,
1701094652485-2-27-3-0-4,Neutral,Correct,Neutral,0,0.38939974,0.38939974,,,,,,,,,,,,1.401298464324817e-45,1.401298464324817e-45,1.401298464324817e-45,,,,
1701094652485-2-27-3-0-4,Neutral,Correct,Neutral,1,0.50452787,0.50452787,,,,,,,,,,,,1.401298464324817e-45,1.401298464324817e-45,1.401298464324817e-45,,,,
1701094652485-2-27-3-0-4,Neutral,Correct,Neutral,2,0.60253555,0.60253555,,,,,,,,,,,,1.401298464324817e-45,1.401298464324817e-45,1.401298464324817e-45,,,,
1701094652485-2-27-3-0-4,Neutral,Correct,Neutral,3,0.68134946,0.68134946,,,,,,,,,,,,1.401298464324817e-45,1.401298464324817e-45,1.401298464324817e-45,,,,
1701094652485-2-27-3-0-4,Neutral,Correct,Neutral,4,0.73810154,0.73810154,,,,,,,,,,,,1.401298464324817e-45,1.401298464324817e-45,1.401298464324817e-45,,,,
1701094652485-2-27-3-0-4,Neutral,Correct,Neutral,5,0.776182,0.776182,,,,,,,,,,,,1.401298464324817e-45,1.401298464324817e-45,1.401298464324817e-45,,,,
1701094652485-2-27-3-0-4,Neutral,Correct,Neutral,6,0.80434185,0.80434185,,,,,,,,,,,,1.401298464324817e-45,1.401298464324817e-45,1.401298464324817e-45,,,,
1701094652485-2-27-3-0-4,Neutral,Correct,Neutral,7,0.82787496,0.82787496,,,,,,,,,,,,1.401298464324817e-45,1.401298464324817e-45,1.401298464324817e-45,,,,
1701094652485-2-27-3-0-4,Neutral,Correct,Neutral,8,0.84616935,0.84616935,,,,,,,,,,,,1.401298464324817e-45,1.401298464324817e-45,1.401298464324817e-45,,,,
1701094679684-2-27-3-14-4,Neutral,Correct,Neutral,-2,0.20235169,0.20235169,,,,,,,,,,,,3.18924692697035e-26,2.3926482515303723e-28,1.401298464324817e-45,,,,
1701094679684-2-27-3-14-4,Neutral,Correct,Neutral,-1,0.36199766,0.36199766,,,,,,,,,,,,2.2477117002307303e-26,1.6862863610365103e-28,1.401298464324817e-45,,,,
1701094679684-2-27-3-14-4,Neutral,Correct,Neutral,0,0.56950575,0.56950575,,,,,,,,,,,,1.1164767650892424e-26,8.376072152637355e-29,1.401298464324817e-45,,,,
1701094679684-2-27-3-14-4,Neutral,Correct,Neutral,1,0.72483546,0.72483546,,,,,,,,,,,,1.1164767650892424e-26,8.376072152637355e-29,1.401298464324817e-45,,,,
1701094679684-2-27-3-14-4,Neutral,Correct,Neutral,2,0.8296739,0.8296739,,,,,,,,,,,,5.5456817636820126e-27,4.160501296645017e-29,1.401298464324817e-45,,,,
1701094679684-2-27-3-14-4,Neutral,Correct,Neutral,3,0.88551867,0.88551867,,,,,,,,,,,,5.5456817636820126e-27,4.160501296645017e-29,1.401298464324817e-45,,,,
1701094679684-2-27-3-14-4,Neutral,Correct,Neutral,4,0.91704184,0.91704184,,,,,,,,,,,,3.9084668216999006e-27,2.932224127357813e-29,1.401298464324817e-45,,,,
1701094679684-2-27-3-14-4,Neutral,Correct,Neutral,5,0.93589276,0.93589276,,,,,,,,,,,,1.9414038285254147e-27,1.4564869278552776e-29,1.401298464324817e-45,,,,
1701094679684-2-27-3-14-4,Neutral,Correct,Neutral,6,0.94778126,0.94778126,,,,,,,,,,,,1.9414038285254147e-27,1.4564869278552776e-29,1.401298464324817e-45,,,,
1701094679684-2-27-3-14-4,Neutral,Correct,Neutral,7,0.95538586,0.95538586,,,,,,,,,,,,1.3682685511946536e-27,1.0265073443583909e-29,1.401298464324817e-45,,,,
1701094679684-2-27-3-14-4,Neutral,Correct,Neutral,8,0.96065307,0.96065307,,,,,,,,,,,,9.643314194891608e-28,7.234641484000203e-30,1.401298464324817e-45,,,,
1701094823610-2-27-4-2-4,Neutral,Correct,Neutral,-8,0.042109087,0.042109087,,,,,,,,,,,,1.2943092550144342e-21,1.4571617507753579e-21,1.401298464324817e-45,,,,
1701094823610-2-27-4-2-4,Neutral,Correct,Neutral,-7,0.048867684,0.048867684,,,,,,,,,,,,9.122017942418904e-22,1.0269767393046741e-21,1.401298464324817e-45,,,,
1701094823610-2-27-4-2-4,Neutral,Correct,Neutral,-6,0.06128479,0.06128479,,,,,,,,,,,,9.122017942418904e-22,1.0269767393046741e-21,1.401298464324817e-45,,,,
1701094823610-2-27-4-2-4,Neutral,Correct,Neutral,-5,0.093655914,0.093655914,,,,,,,,,,,,4.531023169133427e-22,5.101124993618725e-22,1.401298464324817e-45,,,,
1701094823610-2-27-4-2-4,Neutral,Correct,Neutral,-4,0.14524016,0.14524016,,,,,,,,,,,,4.531023169133427e-22,5.101124993618725e-22,1.401298464324817e-45,,,,
1701094823610-2-27-4-2-4,Neutral,Correct,Neutral,-3,0.20868021,0.20868021,,,,,,,,,,,,3.193381645755681e-22,3.595178923261248e-22,1.401298464324817e-45,,,,
1701094823610-2-27-4-2-4,Neutral,Correct,Neutral,-2,0.29401395,0.29401395,,,,,,,,,,,,2.250606026208125e-22,2.533781595198012e-22,1.401298464324817e-45,,,,
1701094823610-2-27-4-2-4,Neutral,Correct,Neutral,-1,0.3800303,0.3800303,,,,,,,,,,,,1.1179043813373033e-22,1.2585611837463412e-22,1.401298464324817e-45,,,,
1701094823610-2-27-4-2-4,Neutral,Correct,Neutral,0,0.46807843,0.46807843,,,,,,,,,,,,1.1179043813373033e-22,1.2585611837463412e-22,1.401298464324817e-45,,,,
1701094823610-2-27-4-2-4,Neutral,Correct,Neutral,1,0.53391105,0.53391105,,,,,,,,,,,,7.878776689887443e-23,8.87009906197779e-23,1.401298464324817e-45,,,,
1701094823610-2-27-4-2-4,Neutral,Correct,Neutral,2,0.5867166,0.5867166,,,,,,,,,,,,5.552782445519841e-23,6.251443732660432e-23,1.401298464324817e-45,,,,
1701094823610-2-27-4-2-4,Neutral,Correct,Neutral,3,0.6277542,0.6277542,,,,,,,,,,,,2.758156860707917e-23,3.105193496765831e-23,1.401298464324817e-45,,,,
1701094823610-2-27-4-2-4,Neutral,Correct,Neutral,4,0.6629134,0.6629134,,,,,,,,,,,,2.758156860707917e-23,3.105193496765831e-23,1.401298464324817e-45,,,,
1701094823610-2-27-4-2-4,Neutral,Correct,Neutral,5,0.66744584,0.66744584,,,,,,,,,,,,1.3700171006800472e-23,1.5423951991565973e-23,1.401298464324817e-45,,,,
1701094823610-2-27-4-2-4,Neutral,Correct,Neutral,6,0.67180055,0.67180055,,,,,,,,,,,,1.3700171006800472e-23,1.5423951991565973e-23,1.401298464324817e-45,,,,
1701094823610-2-27-4-2-4,Neutral,Correct,Neutral,7,0.6850184,0.6850184,,,,,,,,,,,,9.655551772543885e-24,1.0870430698742262e-23,1.401298464324817e-45,,,,
1701094823610-2-27-4-2-4,Neutral,Correct,Neutral,8,0.70410025,0.70410025,,,,,,,,,,,,6.805015513302242e-24,7.66123488463736e-24,1.401298464324817e-45,,,,
1701094829010-2-27-4-5-4,Neutral,Incorrect,Happiness,-4,0.2195072,0.105505794,,,,,,,,,,,,5.605193857299268e-45,5.605193857299268e-45,1.401298464324817e-45,,,,
1701094829010-2-27-4-5-4,Neutral,Incorrect,Happiness,-3,0.2906409,0.08417435,,,,,,,,,,,,2.802596928649634e-45,2.802596928649634e-45,1.401298464324817e-45,,,,
1701094829010-2-27-4-5-4,Neutral,Incorrect,Happiness,-2,0.37146506,0.065047756,,,,,,,,,,,,1.401298464324817e-45,1.401298464324817e-45,1.401298464324817e-45,,,,
1701094829010-2-27-4-5-4,Neutral,Incorrect,Happiness,-1,0.45292807,0.049982127,,,,,,,,,,,,1.401298464324817e-45,1.401298464324817e-45,1.401298464324817e-45,,,,
1701094829010-2-27-4-5-4,Neutral,Incorrect,Happiness,0,0.5439326,0.03751414,,,,,,,,,,,,1.401298464324817e-45,1.401298464324817e-45,1.401298464324817e-45,,,,
1701094829010-2-27-4-5-4,Neutral,Incorrect,Happiness,1,0.6249852,0.02809233,,,,,,,,,,,,1.401298464324817e-45,1.401298464324817e-45,1.401298464324817e-45,,,,
1701094829010-2-27-4-5-4,Neutral,Incorrect,Happiness,2,0.6908738,0.021103641,,,,,,,,,,,,1.401298464324817e-45,1.401298464324817e-45,1.401298464324817e-45,,,,
1701094829010-2-27-4-5-4,Neutral,Incorrect,Happiness,3,0.73615813,0.016234582,,,,,,,,,,,,1.401298464324817e-45,1.401298464324817e-45,1.401298464324817e-45,,,,
1701094829010-2-27-4-5-4,Neutral,Incorrect,Happiness,4,0.7733847,0.012771536,,,,,,,,,,,,1.401298464324817e-45,1.401298464324817e-45,1.401298464324817e-45,,,,
1701094829010-2-27-4-5-4,Neutral,Incorrect,Happiness,5,0.8037105,0.010229245,,,,,,,,,,,,1.401298464324817e-45,1.401298464324817e-45,1.401298464324817e-45,,,,
1701094829010-2-27-4-5-4,Neutral,Incorrect,Happiness,6,0.8234872,0.008554748,,,,,,,,,,,,1.401298464324817e-45,1.401298464324817e-45,1.401298464324817e-45,,,,
1701094829010-2-27-4-5-4,Neutral,Incorrect,Happiness,7,0.83935064,0.0073353597,,,,,,,,,,,,1.401298464324817e-45,1.401298464324817e-45,1.401298464324817e-45,,,,
1701094829010-2-27-4-5-4,Neutral,Incorrect,Happiness,8,0.85024625,0.0065118405,,,,,,,,,,,,1.401298464324817e-45,1.401298464324817e-45,1.401298464324817e-45,,,,
1701094851143-2-27-4-18-4,Neutral,Correct,Neutral,-8,0.16010568,0.16010568,,,,,,,,,,,,1.2144473206756084e-24,1.648398422738716e-24,1.401298464324817e-45,,,,
1701094851143-2-27-4-18-4,Neutral,Correct,Neutral,-7,0.15924083,0.15924083,,,,,,,,,,,,8.559155612789951e-25,1.1617546662580787e-24,1.401298464324817e-45,,,,
1701094851143-2-27-4-18-4,Neutral,Correct,Neutral,-6,0.15000658,0.15000658,,,,,,,,,,,,6.0323271441067805e-25,8.187821528370119e-25,1.401298464324817e-45,,,,
1701094851143-2-27-4-18-4,Neutral,Correct,Neutral,-5,0.1451115,0.1451115,,,,,,,,,,,,4.251476115760674e-25,5.7706299343706935e-25,1.401298464324817e-45,,,,
1701094851143-2-27-4-18-4,Neutral,Correct,Neutral,-4,0.16223963,0.16223963,,,,,,,,,,,,2.9963690797891315e-25,4.0670431478293634e-25,1.401298464324817e-45,,,,
1701094851143-2-27-4-18-4,Neutral,Correct,Neutral,-3,0.18661927,0.18661927,,,,,,,,,,,,2.1117646195395118e-25,2.8663482858335057e-25,1.401298464324817e-45,,,,
1701094851143-2-27-4-18-4,Neutral,Correct,Neutral,-2,0.23385099,0.23385099,,,,,,,,,,,,1.4883247646554349e-25,2.0201385486576072e-25,1.401298464324817e-45,,,,
1701094851143-2-27-4-18-4,Neutral,Correct,Neutral,-1,0.27934444,0.27934444,,,,,,,,,,,,1.0489403338038107e-25,1.4237515691824372e-25,1.401298464324817e-45,,,,
1701094851143-2-27-4-18-4,Neutral,Correct,Neutral,0,0.32842636,0.32842636,,,,,,,,,,,,7.392707051582484e-26,1.0034295923269296e-25,1.401298464324817e-45,,,,
1701094851143-2-27-4-18-4,Neutral,Correct,Neutral,1,0.36834306,0.36834306,,,,,,,,,,,,5.210225365972984e-26,7.071962370495443e-26,1.401298464324817e-45,,,,
1701094851143-2-27-4-18-4,Neutral,Correct,Neutral,2,0.40823114,0.40823114,,,,,,,,,,,,3.672070168457243e-26,4.984187750640801e-26,1.401298464324817e-45,,,,
1701094851143-2-27-4-18-4,Neutral,Correct,Neutral,3,0.442323,0.442323,,,,,,,,,,,,2.587966976100788e-26,3.512708864097328e-26,1.401298464324817e-45,,,,
1701094851143-2-27-4-18-4,Neutral,Correct,Neutral,4,0.48292428,0.48292428,,,,,,,,,,,,1.8239428634425942e-26,2.475680946259937e-26,1.401298464324817e-45,,,,
1701094851143-2-27-4-18-4,Neutral,Correct,Neutral,5,0.51005733,0.51005733,,,,,,,,,,,,9.05981712557055e-27,1.2297103524627322e-26,1.401298464324817e-45,,,,
1701094851143-2-27-4-18-4,Neutral,Correct,Neutral,6,0.5353896,0.5353896,,,,,,,,,,,,9.05981712557055e-27,1.2297103524627322e-26,1.401298464324817e-45,,,,
1701094851143-2-27-4-18-4,Neutral,Correct,Neutral,7,0.55500585,0.55500585,,,,,,,,,,,,6.385212344995898e-27,8.666799535167247e-27,1.401298464324817e-45,,,,
1701094851143-2-27-4-18-4,Neutral,Correct,Neutral,8,0.5574796,0.5574796,,,,,,,,,,,,3.1715769434351847e-27,4.304856330249838e-27,1.401298464324817e-45,,,,
1700478998549-2-1-1-1-5,Sadness,Correct,Sadness,-1,0.6127555,0.6127555,,,,,,,,,,,,,,,0.8923856616020203,0.918695032596588,0.3016729652881622,
1700478998549-2-1-1-1-5,Sadness,Correct,Sadness,0,0.89644647,0.89644647,,,,,,,,,,,,,,,0.8909895420074463,0.9189168214797974,0.2988648116588592,
1700478998549-2-1-1-1-5,Sadness,Correct,Sadness,1,0.96671146,0.96671146,,,,,,,,,,,,,,,0.9009345769882202,0.9281727075576782,0.3126857578754425,
1700478998549-2-1-1-1-5,Sadness,Correct,Sadness,2,0.98433554,0.98433554,,,,,,,,,,,,,,,0.8920526504516602,0.9192115664482116,0.3146866858005523,
1700478998549-2-1-1-1-5,Sadness,Correct,Sadness,3,0.9903082,0.9903082,,,,,,,,,,,,,,,0.8911175727844238,0.918279469013214,0.2965145707130432,
1700478998549-2-1-1-1-5,Sadness,Correct,Sadness,4,0.992924,0.992924,,,,,,,,,,,,,,,0.8911175727844238,0.918279469013214,0.2965145707130432,
1700478998549-2-1-1-1-5,Sadness,Correct,Sadness,5,0.99429387,0.99429387,,,,,,,,,,,,,,,0.9146650433540344,0.9273956418037416,0.3205581605434418,
1700478998549-2-1-1-1-5,Sadness,Correct,Sadness,6,0.99498713,0.99498713,,,,,,,,,,,,,,,0.904162347316742,0.9427313208580016,0.3165678083896637,
1700478998549-2-1-1-1-5,Sadness,Correct,Sadness,7,0.9954391,0.9954391,,,,,,,,,,,,,,,0.904162347316742,0.9427313208580016,0.3165678083896637,
1700478998549-2-1-1-1-5,Sadness,Correct,Sadness,8,0.99568814,0.99568814,,,,,,,,,,,,,,,0.8942549824714661,0.9296811819076538,0.3152506053447723,
1700479007738-2-1-1-5-5,Sadness,Correct,Sadness,-1,0.48237404,0.48237404,,,,,,,,,,,,,,,0.6922798156738281,0.7188796997070312,0.2184360772371292,
1700479007738-2-1-1-5-5,Sadness,Correct,Sadness,0,0.8369026,0.8369026,,,,,,,,,,,,,,,0.824566125869751,0.862208902835846,0.2857930958271026,
1700479007738-2-1-1-5-5,Sadness,Correct,Sadness,1,0.94702756,0.94702756,,,,,,,,,,,,,,,0.8362302184104919,0.8637638688087463,0.3129746317863464,
1700479007738-2-1-1-5-5,Sadness,Correct,Sadness,2,0.97690475,0.97690475,,,,,,,,,,,,,,,0.8366536498069763,0.8800874948501587,0.2894406914710998,
1700479007738-2-1-1-5-5,Sadness,Correct,Sadness,3,0.9870902,0.9870902,,,,,,,,,,,,,,,0.8637256026268005,0.9011566638946532,0.3417364060878753,
1700479007738-2-1-1-5-5,Sadness,Correct,Sadness,4,0.9911739,0.9911739,,,,,,,,,,,,,,,0.8789746165275574,0.9170200824737548,0.3422000408172607,
1700479007738-2-1-1-5-5,Sadness,Correct,Sadness,5,0.99299437,0.99299437,,,,,,,,,,,,,,,0.8652020692825317,0.903160810470581,0.3422577083110809,
1700479007738-2-1-1-5-5,Sadness,Correct,Sadness,6,0.9939307,0.9939307,,,,,,,,,,,,,,,0.8652020692825317,0.903160810470581,0.3422577083110809,
1700479007738-2-1-1-5-5,Sadness,Correct,Sadness,7,0.9944682,0.9944682,,,,,,,,,,,,,,,0.8652020692825317,0.903160810470581,0.3422577083110809,
1700479007738-2-1-1-5-5,Sadness,Correct,Sadness,8,0.9947771,0.9947771,,,,,,,,,,,,,,,0.8786907196044922,0.901982307434082,0.3294654786586761,
1700479250572-2-1-3-6-5,Sadness,Incorrect,Neutral,-2,0.25616133,0.19275169,,,,,,,,,,,,,,,0.3764362633228302,0.3770627677440643,0.1002605184912681,
1700479250572-2-1-3-6-5,Sadness,Incorrect,Neutral,-1,0.4341947,0.17020229,,,,,,,,,,,,,,,0.4427296817302704,0.4532403945922851,0.1418467015028,
1700479250572-2-1-3-6-5,Sadness,Incorrect,Neutral,0,0.6586334,0.10063841,,,,,,,,,,,,,,,0.5449594855308533,0.5347210168838501,0.1807711720466613,
1700479250572-2-1-3-6-5,Sadness,Incorrect,Neutral,1,0.8279066,0.043875538,,,,,,,,,,,,,,,0.585154116153717,0.6005330681800842,0.2090905904769897,
1700479250572-2-1-3-6-5,Sadness,Incorrect,Neutral,2,0.9203859,0.015354825,,,,,,,,,,,,,,,0.6389063000679016,0.6552340984344482,0.2567765712738037,
1700479250572-2-1-3-6-5,Sadness,Incorrect,Neutral,3,0.9614846,0.005145862,,,,,,,,,,,,,,,0.7195062637329102,0.7305991053581238,0.2855150997638702,
1700479250572-2-1-3-6-5,Sadness,Incorrect,Neutral,4,0.9773077,0.0022408757,,,,,,,,,,,,,,,0.706876814365387,0.7333081960678101,0.2976636290550232,
1700479250572-2-1-3-6-5,Sadness,Incorrect,Neutral,5,0.985129,0.0011204671,,,,,,,,,,,,,,,0.7321106791496277,0.7593108415603638,0.3235690295696258,
1700479250572-2-1-3-6-5,Sadness,Incorrect,Neutral,6,0.989139,0.0006675532,,,,,,,,,,,,,,,0.7590797543525696,0.7605229616165161,0.3405905961990356,
1700479250572-2-1-3-6-5,Sadness,Incorrect,Neutral,7,0.9913502,0.0004530262,,,,,,,,,,,,,,,0.7453067302703857,0.7605902552604675,0.3618711531162262,
1700479250572-2-1-3-6-5,Sadness,Incorrect,Neutral,8,0.9925096,0.00035055313,,,,,,,,,,,,,,,0.7443784475326538,0.7706491947174072,0.3541525900363922,
1700479413527-2-1-4-1-5,Sadness,Correct,Sadness,-2,0.13241915,0.13241915,,,,,,,,,,,,,,,0.0918528661131858,0.1195775717496872,0.0058980244211852,
1700479413527-2-1-4-1-5,Sadness,Correct,Sadness,-1,0.2400922,0.2400922,,,,,,,,,,,,,,,0.3319346010684967,0.3703958690166473,0.1453500688076019,
1700479413527-2-1-4-1-5,Sadness,Correct,Sadness,0,0.68516773,0.68516773,,,,,,,,,,,,,,,0.4580033123493194,0.4849077761173248,0.2484077364206314,
1700479413527-2-1-4-1-5,Sadness,Correct,Sadness,1,0.8585257,0.8585257,,,,,,,,,,,,,,,0.4823238253593445,0.4835900962352752,0.2750543355941772,
1700479413527-2-1-4-1-5,Sadness,Correct,Sadness,2,0.8729251,0.8729251,,,,,,,,,,,,,,,0.4379360675811767,0.4481781721115112,0.297048270702362,
1700479413527-2-1-4-1-5,Sadness,Correct,Sadness,3,0.8727042,0.8727042,,,,,,,,,,,,,,,0.3872276544570923,0.4118489623069763,0.3136679232120514,
1700479413527-2-1-4-1-5,Sadness,Correct,Sadness,4,0.8820108,0.8820108,,,,,,,,,,,,,,,0.3872276544570923,0.4118489623069763,0.3136679232120514,
1700479413527-2-1-4-1-5,Sadness,Correct,Sadness,5,0.87573135,0.87573135,,,,,,,,,,,,,,,0.3322827517986297,0.3511396050453186,0.30085289478302,
1700479413527-2-1-4-1-5,Sadness,Correct,Sadness,6,0.8714998,0.8714998,,,,,,,,,,,,,,,0.2923906743526459,0.3146111369132995,0.2900903820991516,
1700479413527-2-1-4-1-5,Sadness,Correct,Sadness,7,0.87643653,0.87643653,,,,,,,,,,,,,,,0.2818218767642975,0.3041032254695892,0.2973474562168121,
1700479413527-2-1-4-1-5,Sadness,Correct,Sadness,8,0.8703814,0.8703814,,,,,,,,,,,,,,,0.2787038087844848,0.300758421421051,0.298524260520935,
1700479426367-2-1-4-8-5,Sadness,Correct,Sadness,-6,0.110002354,0.110002354,,,,,,,,,,,,,,,0.0012209377018734,0.0107328128069639,1.3285482648654025e-17,
1700479426367-2-1-4-8-5,Sadness,Correct,Sadness,-5,0.07227333,0.07227333,,,,,,,,,,,,,,,0.0005194987752474,0.0039207069203257,5.097685813315245e-18,
1700479426367-2-1-4-8-5,Sadness,Correct,Sadness,-4,0.039397363,0.039397363,,,,,,,,,,,,,,,0.0002373295719735,0.0068757981061935,2.1235360005946013e-18,
1700479426367-2-1-4-8-5,Sadness,Correct,Sadness,-3,0.024011347,0.024011347,,,,,,,,,,,,,,,0.1173776537179946,0.1444804370403289,0.0264945346862077,
1700479426367-2-1-4-8-5,Sadness,Correct,Sadness,-2,0.014844812,0.014844812,,,,,,,,,,,,,,,0.1173776537179946,0.1444804370403289,0.0264945346862077,
1700479426367-2-1-4-8-5,Sadness,Correct,Sadness,-1,0.07234246,0.07234246,,,,,,,,,,,,,,,0.5801390409469604,0.6077588200569153,0.3074556887149811,
1700479426367-2-1-4-8-5,Sadness,Correct,Sadness,0,0.5634392,0.5634392,,,,,,,,,,,,,,,0.5865296125411987,0.6137133836746216,0.3508554697036743,
1700479426367-2-1-4-8-5,Sadness,Correct,Sadness,1,0.89541215,0.89541215,,,,,,,,,,,,,,,0.550363302230835,0.5774848461151123,0.4309172332286834,
1700479426367-2-1-4-8-5,Sadness,Correct,Sadness,2,0.9699795,0.9699795,,,,,,,,,,,,,,,0.5130864381790161,0.5401756167411804,0.5179356932640076,
1700479426367-2-1-4-8-5,Sadness,Correct,Sadness,3,0.98898214,0.98898214,,,,,,,,,,,,,,,0.5130864381790161,0.5401756167411804,0.5179356932640076,
1700479426367-2-1-4-8-5,Sadness,Correct,Sadness,4,0.99661887,0.99661887,,,,,,,,,,,,,,,0.5017703771591187,0.5240111947059631,0.6279045939445496,
1700479426367-2-1-4-8-5,Sadness,Correct,Sadness,5,0.997823,0.997823,,,,,,,,,,,,,,,0.5097920298576355,0.536510705947876,0.589094340801239,
1700479426367-2-1-4-8-5,Sadness,Correct,Sadness,6,0.99823534,0.99823534,,,,,,,,,,,,,,,0.4875155687332153,0.5144433975219727,0.6021649241447449,
1700479426367-2-1-4-8-5,Sadness,Correct,Sadness,7,0.99834657,0.99834657,,,,,,,,,,,,,,,0.5174862742424011,0.5348672866821289,0.5781733393669128,
1700479426367-2-1-4-8-5,Sadness,Correct,Sadness,8,0.998151,0.998151,,,,,,,,,,,,,,,0.6226184368133545,0.6493057608604431,0.5311869382858276,
1700479442178-2-1-4-17-5,Sadness,Correct,Sadness,-8,0.00020633447,0.00020633447,,,,,,,,,,,,,,,0.0117174303159117,0.0179318320006132,1.702610745724087e-07,
1700479442178-2-1-4-17-5,Sadness,Correct,Sadness,-7,0.00035957556,0.00035957556,,,,,,,,,,,,,,,0.0113043282181024,0.0218192897737026,1.193385230635613e-07,
1700479442178-2-1-4-17-5,Sadness,Correct,Sadness,-6,0.0011034054,0.0011034054,,,,,,,,,,,,,,,0.3127403259277344,0.3127021193504333,0.2865752577781677,
1700479442178-2-1-4-17-5,Sadness,Correct,Sadness,-5,0.0023436046,0.0023436046,,,,,,,,,,,,,,,0.3127403259277344,0.3127021193504333,0.2865752577781677,
1700479442178-2-1-4-17-5,Sadness,Correct,Sadness,-4,0.007265448,0.007265448,,,,,,,,,,,,,,,0.5312997698783875,0.5419369339942932,0.4134395718574524,
1700479442178-2-1-4-17-5,Sadness,Correct,Sadness,-3,0.032925334,0.032925334,,,,,,,,,,,,,,,0.6380207538604736,0.6755174994468689,0.4546555578708648,
1700479442178-2-1-4-17-5,Sadness,Correct,Sadness,-2,0.15586703,0.15586703,,,,,,,,,,,,,,,0.704293966293335,0.7318096160888672,0.497951328754425,
1700479442178-2-1-4-17-5,Sadness,Correct,Sadness,-1,0.43057984,0.43057984,,,,,,,,,,,,,,,0.732483983039856,0.7438878417015076,0.4997272789478302,
1700479442178-2-1-4-17-5,Sadness,Correct,Sadness,0,0.7320492,0.7320492,,,,,,,,,,,,,,,0.7595767974853516,0.7704553008079529,0.5100677013397217,
1700479442178-2-1-4-17-5,Sadness,Correct,Sadness,1,0.89247245,0.89247245,,,,,,,,,,,,,,,0.7971091270446777,0.8079663515090942,0.4855637550354004,
1700479442178-2-1-4-17-5,Sadness,Correct,Sadness,2,0.95624286,0.95624286,,,,,,,,,,,,,,,0.8350228667259216,0.8616079688072205,0.4837069809436798,
1700479442178-2-1-4-17-5,Sadness,Correct,Sadness,3,0.980853,0.980853,,,,,,,,,,,,,,,0.8262620568275452,0.8533779382705688,0.4982830286026001,
1700479442178-2-1-4-17-5,Sadness,Correct,Sadness,4,0.989546,0.989546,,,,,,,,,,,,,,,0.8258178234100342,0.8529778718948364,0.4996472597122192,
1700479442178-2-1-4-17-5,Sadness,Correct,Sadness,5,0.99310863,0.99310863,,,,,,,,,,,,,,,0.8512260317802429,0.8887552618980408,0.5093690156936646,
1700479442178-2-1-4-17-5,Sadness,Correct,Sadness,6,0.99479634,0.99479634,,,,,,,,,,,,,,,0.8378603458404541,0.8807530403137207,0.5013090968132019,
1700479442178-2-1-4-17-5,Sadness,Correct,Sadness,7,0.9958717,0.9958717,,,,,,,,,,,,,,,0.8516279458999634,0.8801725506782532,0.5000881552696228,
1700479442178-2-1-4-17-5,Sadness,Correct,Sadness,8,0.99654263,0.99654263,,,,,,,,,,,,,,,0.8528159260749817,0.8801227807998657,0.4998751878738403,
1700479447373-2-1-4-20-5,Sadness,Correct,Sadness,-1,0.63415587,0.63415587,,,,,,,,,,,,,,,0.8506190776824951,0.8992160558700562,0.3762802183628082,
1700479447373-2-1-4-20-5,Sadness,Correct,Sadness,0,0.9016276,0.9016276,,,,,,,,,,,,,,,0.837415337562561,0.8913950324058533,0.3799528181552887,
1700479447373-2-1-4-20-5,Sadness,Correct,Sadness,1,0.9661049,0.9661049,,,,,,,,,,,,,,,0.836703896522522,0.8808224201202393,0.3565026223659515,
1700479447373-2-1-4-20-5,Sadness,Correct,Sadness,2,0.9833106,0.9833106,,,,,,,,,,,,,,,0.8366583585739136,0.8651995062828064,0.3775776326656341,
1700479447373-2-1-4-20-5,Sadness,Correct,Sadness,3,0.989781,0.989781,,,,,,,,,,,,,,,0.851611316204071,0.88889479637146,0.3799338936805725,
1700479447373-2-1-4-20-5,Sadness,Correct,Sadness,4,0.992419,0.992419,,,,,,,,,,,,,,,0.8153297901153564,0.8445536494255066,0.359077900648117,
1700479447373-2-1-4-20-5,Sadness,Correct,Sadness,5,0.99383765,0.99383765,,,,,,,,,,,,,,,0.8104307651519775,0.8517298102378845,0.3475127220153808,
1700479447373-2-1-4-20-5,Sadness,Correct,Sadness,6,0.9946461,0.9946461,,,,,,,,,,,,,,,0.8096652030944824,0.8527464866638184,0.3440790772438049,
1700479447373-2-1-4-20-5,Sadness,Correct,Sadness,7,0.99513066,0.99513066,,,,,,,,,,,,,,,0.8095276951789856,0.840687096118927,0.3504769504070282,
1700479447373-2-1-4-20-5,Sadness,Correct,Sadness,8,0.99546766,0.99546766,,,,,,,,,,,,,,,0.8094994425773621,0.8377919793128967,0.3458440601825714,
1700567691497-2-8-1-1-5,Sadness,Incorrect,Disgust,-8,0.031652957,0.022510063,,,,,,,,,,,,,,,2.515822099258269e-11,1.6546666814498678e-11,2.8728622670885773e-13,
1700567691497-2-8-1-1-5,Sadness,Incorrect,Disgust,-7,0.01685508,0.012309993,,,,,,,,,,,,,,,1.772957648749074e-11,1.166049895529042e-11,2.0247371216707694e-13,
1700567691497-2-8-1-1-5,Sadness,Incorrect,Disgust,-6,0.0093065165,0.007196596,,,,,,,,,,,,,,,1.2494603442159136e-11,8.21734433970045e-12,1.4269936957338888e-13,
1700567691497-2-8-1-1-5,Sadness,Incorrect,Disgust,-5,0.0056441817,0.0046165097,,,,,,,,,,,,,,,8.805472843931295e-12,5.791000925320367e-12,1.0057186068104448e-13,
1700567691497-2-8-1-1-5,Sadness,Incorrect,Disgust,-4,0.0037793105,0.0034319705,,,,,,,,,,,,,,,6.205619351717928e-12,4.081120857923892e-12,7.088085543852096e-14,
1700567691497-2-8-1-1-5,Sadness,Incorrect,Disgust,-3,0.0027413517,0.0029279173,,,,,,,,,,,,,,,4.373428268839019e-12,2.8761450686365375e-12,4.99553909794493e-14,
1700567691497-2-8-1-1-5,Sadness,Incorrect,Disgust,-2,0.0019615379,0.002512316,,,,,,,,,,,,,,,3.0822172071565124e-12,2.026970605251144e-12,3.5207669841618584e-14,
1700567691497-2-8-1-1-5,Sadness,Incorrect,Disgust,-1,0.0016663839,0.0022278032,,,,,,,,,,,,,,,2.172223338703372e-12,1.4285154005880265e-12,2.4813603184984864e-14,
1700567691497-2-8-1-1-5,Sadness,Incorrect,Disgust,0,0.009709165,0.029736592,,,,,,,,,,,,,,,0.0058981818147003,0.008447484113276,0.182758018374443,
1700567691497-2-8-1-1-5,Sadness,Incorrect,Disgust,1,0.0108640175,0.7595642,,,,,,,,,,,,,,,0.0084474943578243,0.0096218641847372,0.4744674861431122,
1700567691497-2-8-1-1-5,Sadness,Incorrect,Disgust,2,0.0016728715,0.9596683,,,,,,,,,,,,,,,0.0213282406330108,0.0332572869956493,0.7296428680419922,
1700567691497-2-8-1-1-5,Sadness,Incorrect,Disgust,3,0.00089625997,0.97934794,,,,,,,,,,,,,,,0.0213282406330108,0.0332572869956493,0.7296428680419922,
1700567691497-2-8-1-1-5,Sadness,Incorrect,Disgust,4,0.00076237763,0.9850937,,,,,,,,,,,,,,,0.0332573466002941,0.0494188480079174,0.7967889308929443,
1700567691497-2-8-1-1-5,Sadness,Incorrect,Disgust,5,0.0007594778,0.98674333,,,,,,,,,,,,,,,0.0332573466002941,0.0494188480079174,0.7967889308929443,
1700567691497-2-8-1-1-5,Sadness,Incorrect,Disgust,6,0.0007495371,0.9875871,,,,,,,,,,,,,,,0.0494188144803047,0.1111815944314003,0.835482120513916,
1700567691497-2-8-1-1-5,Sadness,Incorrect,Disgust,7,0.0007488362,0.9883305,,,,,,,,,,,,,,,0.0958049148321151,0.1630450338125229,0.8786971569061279,
1700567691497-2-8-1-1-5,Sadness,Incorrect,Disgust,8,0.0007399366,0.98900604,,,,,,,,,,,,,,,0.1514290422201156,0.2181165814399719,0.9167831540107728,
1700567706828-2-8-1-7-5,Sadness,Incorrect,Disgust,-8,0.00051014475,0.98854595,,,,,,,,,,,,,,,0.0560286603868007,0.0910974815487861,0.6479605436325073,
1700567706828-2-8-1-7-5,Sadness,Incorrect,Disgust,-7,0.0005110318,0.9885196,,,,,,,,,,,,,,,0.0413280501961708,0.0787525326013565,0.6434351801872253,
1700567706828-2-8-1-7-5,Sadness,Incorrect,Disgust,-6,0.00048371736,0.98753184,,,,,,,,,,,,,,,0.0297270137816667,0.0434214770793914,0.5484529137611389,
1700567706828-2-8-1-7-5,Sadness,Incorrect,Disgust,-5,0.0005371424,0.97687966,,,,,,,,,,,,,,,0.0276963952928781,0.052284799516201,0.2225539535284042,
1700567706828-2-8-1-7-5,Sadness,Incorrect,Disgust,-4,0.0007785746,0.9584517,,,,,,,,,,,,,,,0.0139943249523639,0.0162219703197479,0.005388384219259,
1700567706828-2-8-1-7-5,Sadness,Incorrect,Disgust,-3,0.0012245063,0.9328458,,,,,,,,,,,,,,,0.0025620921514928,0.0021898518316447,0.0001566590653965,
1700567706828-2-8-1-7-5,Sadness,Incorrect,Disgust,-2,0.0021500604,0.8974247,,,,,,,,,,,,,,,0.000538034713827,0.0003437357372604,5.4613055908703245e-06,
1700567706828-2-8-1-7-5,Sadness,Incorrect,Disgust,-1,0.0030980431,0.8773897,,,,,,,,,,,,,,,0.000128623782075,6.234772445168346e-05,2.279015092199188e-07,
1700567706828-2-8-1-7-5,Sadness,Incorrect,Disgust,0,0.0044867573,0.85222495,,,,,,,,,,,,,,,1.049435195454862e-05,3.076693019465893e-06,6.749829029040201e-10,
1700567914515-2-8-3-6-5,Sadness,Incorrect,Disgust,-4,0.11340027,0.078608625,,,,,,,,,,,,,,,1.1604148312471809e-05,2.1633188225678168e-05,3.4794578329666587e-10,
1700567914515-2-8-3-6-5,Sadness,Incorrect,Disgust,-3,0.07954987,0.040841848,,,,,,,,,,,,,,,8.133290066325571e-06,1.4900095266057178e-05,2.451805980463462e-10,
1700567914515-2-8-3-6-5,Sadness,Incorrect,Disgust,-2,0.04968484,0.021130994,,,,,,,,,,,,,,,5.706064257537946e-06,1.030322164297104e-05,1.7277340669252794e-10,
1700567914515-2-8-3-6-5,Sadness,Incorrect,Disgust,-1,0.06536674,0.022093121,,,,,,,,,,,,,,,4.006352355645504e-06,7.147878022806253e-06,1.2175249697321528e-10,
1700567914515-2-8-3-6-5,Sadness,Incorrect,Disgust,0,0.15004084,0.067982815,,,,,,,,,,,,,,,2.814799472616869e-06,0.0058586867526173,8.580054722262531e-11,
1700567914515-2-8-3-6-5,Sadness,Incorrect,Disgust,1,0.1770938,0.20351088,,,,,,,,,,,,,,,0.1074108332395553,0.1345926225185394,0.0543816126883029,
1700567914515-2-8-3-6-5,Sadness,Incorrect,Disgust,2,0.04098407,0.634553,,,,,,,,,,,,,,,0.2418254762887954,0.2696123421192169,0.3684531152248382,
1700567914515-2-8-3-6-5,Sadness,Incorrect,Disgust,3,0.0056137186,0.8949591,,,,,,,,,,,,,,,0.2342123538255691,0.2613692581653595,0.5702470541000366,
1700567914515-2-8-3-6-5,Sadness,Incorrect,Disgust,4,0.0014607697,0.96381396,,,,,,,,,,,,,,,0.2588030695915222,0.2963488101959228,0.7188567519187927,
1700567914515-2-8-3-6-5,Sadness,Incorrect,Disgust,5,0.0008880358,0.9792138,,,,,,,,,,,,,,,0.226894348859787,0.2642778158187866,0.7594638466835022,
1700567914515-2-8-3-6-5,Sadness,Incorrect,Disgust,6,0.0007465694,0.98459667,,,,,,,,,,,,,,,0.2141332924365997,0.2517342567443847,0.8239133358001709,
1700567914515-2-8-3-6-5,Sadness,Incorrect,Disgust,7,0.0006710515,0.9868124,,,,,,,,,,,,,,,0.1996123939752578,0.2287400513887405,0.836233377456665,
1700567914515-2-8-3-6-5,Sadness,Incorrect,Disgust,8,0.00065585267,0.9877929,,,,,,,,,,,,,,,0.1892537027597427,0.2326395809650421,0.8785682916641235,
1700567916813-2-8-3-7-5,Sadness,Incorrect,Disgust,-8,0.00026704674,0.9841712,,,,,,,,,,,,,,,0.0108662974089384,0.0112475212663412,0.2316754907369613,
1700567916813-2-8-3-7-5,Sadness,Incorrect,Disgust,-7,0.00049888156,0.96684587,,,,,,,,,,,,,,,0.0108661036938428,0.0111210942268371,0.0187855567783117,
1700567916813-2-8-3-7-5,Sadness,Incorrect,Disgust,-6,0.0006166594,0.95700234,,,,,,,,,,,,,,,0.0108661036938428,0.0111210942268371,0.0187855567783117,
1700567916813-2-8-3-7-5,Sadness,Incorrect,Disgust,-5,0.00087051623,0.94122434,,,,,,,,,,,,,,,0.0049738716334104,0.011038040742278,0.0007805607747286,
1700567916813-2-8-3-7-5,Sadness,Incorrect,Disgust,-4,0.0010874252,0.9224032,,,,,,,,,,,,,,,0.0049738716334104,0.011038040742278,0.0007805607747286,
1700567916813-2-8-3-7-5,Sadness,Incorrect,Disgust,-3,0.0022221145,0.8920082,,,,,,,,,,,,,,,0.0024238796904683,0.0109828514978289,3.874759568134323e-05,
1700567916813-2-8-3-7-5,Sadness,Incorrect,Disgust,-2,0.003661159,0.8564271,,,,,,,,,,,,,,,0.0012478781864047,0.0049242591485381,2.2924623408471234e-06,
1700567916813-2-8-3-7-5,Sadness,Incorrect,Disgust,-1,0.0058150557,0.82758677,,,,,,,,,,,,,,,0.0006739034433849,0.002356331795454,1.612082911606194e-07,
1700567916813-2-8-3-7-5,Sadness,Incorrect,Disgust,0,0.00964941,0.79847217,,,,,,,,,,,,,,,0.000379287666874,0.0011939171236008,1.3429966472244814e-08,
1700567932221-2-8-3-15-5,Sadness,Incorrect,Fear,-8,0.0008700821,0.63634145,,,,,,,,,,,,,,,0.0147102829068899,0.0195808000862598,0.0031377223785966,
1700567932221-2-8-3-15-5,Sadness,Incorrect,Fear,-7,0.0007830113,0.6481813,,,,,,,,,,,,,,,0.0147102829068899,0.0195808000862598,0.0031377223785966,
1700567932221-2-8-3-15-5,Sadness,Incorrect,Fear,-6,0.0016562509,0.68516135,,,,,,,,,,,,,,,0.0522481314837932,0.0609437674283981,0.0012719536898657,
1700567932221-2-8-3-15-5,Sadness,Incorrect,Fear,-5,0.008796443,0.6638517,,,,,,,,,,,,,,,0.0714512094855308,0.0870204046368599,0.0008299776236526,
1700567932221-2-8-3-15-5,Sadness,Incorrect,Fear,-4,0.025475986,0.60943115,,,,,,,,,,,,,,,0.1860118359327316,0.2132766544818878,0.0060717100277543,
1700567932221-2-8-3-15-5,Sadness,Incorrect,Fear,-3,0.054151863,0.5799906,,,,,,,,,,,,,,,0.1519207954406738,0.1649952530860901,0.0084403343498706,
1700567932221-2-8-3-15-5,Sadness,Incorrect,Fear,-2,0.09878482,0.5400729,,,,,,,,,,,,,,,0.1811304837465286,0.192229688167572,0.0095755867660045,
1700567932221-2-8-3-15-5,Sadness,Incorrect,Fear,-1,0.16763233,0.47939166,,,,,,,,,,,,,,,0.2289533019065857,0.2449515163898468,0.0101490104570984,
1700567932221-2-8-3-15-5,Sadness,Incorrect,Fear,0,0.27036968,0.39296296,,,,,,,,,,,,,,,0.2835387885570526,0.310257226228714,0.0451395437121391,
1700567932221-2-8-3-15-5,Sadness,Incorrect,Fear,1,0.311694,0.37304097,,,,,,,,,,,,,,,0.263195276260376,0.2666860520839691,0.0349797494709491,
1700567932221-2-8-3-15-5,Sadness,Incorrect,Fear,2,0.20829348,0.49188483,,,,,,,,,,,,,,,0.2517409324645996,0.2616000771522522,0.0239489860832691,
1700567932221-2-8-3-15-5,Sadness,Incorrect,Fear,3,0.121814616,0.5642104,,,,,,,,,,,,,,,0.2502030432224273,0.2609090507030487,0.0257163867354393,
1700567932221-2-8-3-15-5,Sadness,Incorrect,Fear,4,0.066415496,0.5983044,,,,,,,,,,,,,,,0.2259732186794281,0.2370961010456085,0.0186469331383705,
1700567932221-2-8-3-15-5,Sadness,Incorrect,Fear,5,0.042670116,0.6182968,,,,,,,,,,,,,,,0.2549284398555755,0.2707149982452392,0.0314261838793754,
1700567932221-2-8-3-15-5,Sadness,Incorrect,Fear,6,0.030867698,0.63979626,,,,,,,,,,,,,,,0.2832823991775512,0.3096461594104767,0.0355589240789413,
1700567932221-2-8-3-15-5,Sadness,Incorrect,Fear,7,0.020258078,0.66011125,,,,,,,,,,,,,,,0.2555491328239441,0.2752224504947662,0.032140165567398,
1700567932221-2-8-3-15-5,Sadness,Incorrect,Fear,8,0.014175734,0.6884488,,,,,,,,,,,,,,,0.2729279100894928,0.2853371202945709,0.0480987466871738,
1700568077758-2-8-4-1-5,Sadness,Correct,Sadness,-1,0.24034278,0.24034278,,,,,,,,,,,,,,,0.315464437007904,0.3535665273666382,0.0920346826314926,
1700568077758-2-8-4-1-5,Sadness,Correct,Sadness,0,0.43716404,0.43716404,,,,,,,,,,,,,,,0.4818394780158996,0.5199739336967468,0.2287262380123138,
1700568077758-2-8-4-1-5,Sadness,Correct,Sadness,1,0.5872846,0.5872846,,,,,,,,,,,,,,,0.4818394780158996,0.5199739336967468,0.2287262380123138,
1700568077758-2-8-4-1-5,Sadness,Correct,Sadness,2,0.6636568,0.6636568,,,,,,,,,,,,,,,0.4576725661754608,0.5007796287536621,0.2585328817367553,
1700568077758-2-8-4-1-5,Sadness,Correct,Sadness,3,0.7122783,0.7122783,,,,,,,,,,,,,,,0.5184904932975769,0.5621219873428345,0.3849316239356994,
1700568077758-2-8-4-1-5,Sadness,Correct,Sadness,4,0.44554666,0.44554666,,,,,,,,,,,,,,,0.5244553089141846,0.553241491317749,0.6747332215309143,
1700568077758-2-8-4-1-5,Sadness,Correct,Sadness,5,0.14372629,0.14372629,,,,,,,,,,,,,,,0.5021798014640808,0.5392541289329529,0.7952261567115784,
1700568077758-2-8-4-1-5,Sadness,Correct,Sadness,6,0.037830047,0.037830047,,,,,,,,,,,,,,,0.5021798014640808,0.5392541289329529,0.7952261567115784,
1700568077758-2-8-4-1-5,Sadness,Correct,Sadness,7,0.014314653,0.014314653,,,,,,,,,,,,,,,0.4465863406658172,0.4742977321147918,0.7886286377906799,
1700568077758-2-8-4-1-5,Sadness,Correct,Sadness,8,0.0075638597,0.0075638597,,,,,,,,,,,,,,,0.4465863406658172,0.4742977321147918,0.7886286377906799,
1700577641790-2-10-1-1-5,Sadness,Correct,Sadness,-1,0.6019131,0.6019131,,,,,,,,,,,,,,,0.576932966709137,0.5917742252349854,0.6430011987686157,
1700577641790-2-10-1-1-5,Sadness,Correct,Sadness,0,0.8471241,0.8471241,,,,,,,,,,,,,,,0.5683659911155701,0.5880467295646667,0.637776792049408,
1700577641790-2-10-1-1-5,Sadness,Correct,Sadness,1,0.94000167,0.94000167,,,,,,,,,,,,,,,0.5583826303482056,0.580434262752533,0.6518740653991699,
1700577641790-2-10-1-1-5,Sadness,Correct,Sadness,2,0.97127175,0.97127175,,,,,,,,,,,,,,,0.5628599524497986,0.5777350664138794,0.6440421938896179,
1700577641790-2-10-1-1-5,Sadness,Correct,Sadness,3,0.9798552,0.9798552,,,,,,,,,,,,,,,0.5573458075523376,0.576694905757904,0.6391874551773071,
1700577641790-2-10-1-1-5,Sadness,Correct,Sadness,4,0.9844493,0.9844493,,,,,,,,,,,,,,,0.554106593132019,0.5762626528739929,0.6401693820953369,
1700577641790-2-10-1-1-5,Sadness,Correct,Sadness,5,0.98690724,0.98690724,,,,,,,,,,,,,,,0.5696414113044739,0.5829642415046692,0.6518645882606506,
1700577641790-2-10-1-1-5,Sadness,Correct,Sadness,6,0.9887875,0.9887875,,,,,,,,,,,,,,,0.573887288570404,0.5852553248405457,0.6475126147270203,
1700577641790-2-10-1-1-5,Sadness,Correct,Sadness,7,0.9900531,0.9900531,,,,,,,,,,,,,,,0.573887288570404,0.5852553248405457,0.6475126147270203,
1700577641790-2-10-1-1-5,Sadness,Correct,Sadness,8,0.99063057,0.99063057,,,,,,,,,,,,,,,0.5901054739952087,0.6098245978355408,0.6237404942512512,
1700577851526-2-10-3-6-5,Sadness,Correct,Sadness,-8,0.004651071,0.004651071,,,,,,,,,,,,,,,0.0058897300623357,0.0108653279021382,3.389853645785479e-06,
1700577851526-2-10-3-6-5,Sadness,Correct,Sadness,-7,0.0065511265,0.0065511265,,,,,,,,,,,,,,,0.0084397988393902,0.0108654210343956,2.332310714336927e-06,
1700577851526-2-10-3-6-5,Sadness,Correct,Sadness,-6,0.008544766,0.008544766,,,,,,,,,,,,,,,0.009616307914257,0.0108654871582984,1.611326410966285e-06,
1700577851526-2-10-3-6-5,Sadness,Correct,Sadness,-5,0.010899515,0.010899515,,,,,,,,,,,,,,,0.0101907644420862,0.0108655337244272,1.117023657570826e-06,
1700577851526-2-10-3-6-5,Sadness,Correct,Sadness,-4,0.012191907,0.012191907,,,,,,,,,,,,,,,0.0055689462460577,0.0108655663207173,7.765633540657291e-07,
1700577851526-2-10-3-6-5,Sadness,Correct,Sadness,-3,0.020877495,0.020877495,,,,,,,,,,,,,,,0.4971056878566742,0.507945716381073,0.5730676054954529,
1700577851526-2-10-3-6-5,Sadness,Correct,Sadness,-2,0.08035172,0.08035172,,,,,,,,,,,,,,,0.739095151424408,0.7392717003822327,0.6287342309951782,
1700577851526-2-10-3-6-5,Sadness,Correct,Sadness,-1,0.35540184,0.35540184,,,,,,,,,,,,,,,0.8078960180282593,0.7972438335418701,0.6143845915794373,
1700577851526-2-10-3-6-5,Sadness,Correct,Sadness,0,0.6778363,0.6778363,,,,,,,,,,,,,,,0.7988824844360352,0.7985862493515015,0.6296249032020569,
1700577851526-2-10-3-6-5,Sadness,Correct,Sadness,1,0.8471778,0.8471778,,,,,,,,,,,,,,,0.7986334562301636,0.7881317138671875,0.630181610584259,
1700577851526-2-10-3-6-5,Sadness,Correct,Sadness,2,0.92200154,0.92200154,,,,,,,,,,,,,,,0.7882070541381836,0.7721816897392273,0.6405226588249207,
1700577851526-2-10-3-6-5,Sadness,Correct,Sadness,3,0.9617308,0.9617308,,,,,,,,,,,,,,,0.7981308698654175,0.7869999408721924,0.6308585405349731,
1700577851526-2-10-3-6-5,Sadness,Correct,Sadness,4,0.97670484,0.97670484,,,,,,,,,,,,,,,0.7883723974227905,0.7724284529685974,0.6302561163902283,
1700577851526-2-10-3-6-5,Sadness,Correct,Sadness,5,0.9837294,0.9837294,,,,,,,,,,,,,,,0.7878022193908691,0.7715322971343994,0.6302116513252258,
1700577851526-2-10-3-6-5,Sadness,Correct,Sadness,6,0.98816854,0.98816854,,,,,,,,,,,,,,,0.7977780103683472,0.7965949773788452,0.6158455014228821,
1700577851526-2-10-3-6-5,Sadness,Correct,Sadness,7,0.9901877,0.9901877,,,,,,,,,,,,,,,0.7887565493583679,0.7885996103286743,0.6141775846481323,
1700577854173-2-10-3-7-5,Sadness,Correct,Sadness,-8,0.043210108,0.043210108,,,,,,,,,,,,,,,0.2158229649066925,0.2054145783185959,0.8492074608802795,
1700577854173-2-10-3-7-5,Sadness,Correct,Sadness,-7,0.047055807,0.047055807,,,,,,,,,,,,,,,0.2158229649066925,0.2054145783185959,0.8492074608802795,
1700577854173-2-10-3-7-5,Sadness,Correct,Sadness,-6,0.059257057,0.059257057,,,,,,,,,,,,,,,0.2930982410907745,0.281941294670105,0.831252932548523,
1700577854173-2-10-3-7-5,Sadness,Correct,Sadness,-5,0.082552455,0.082552455,,,,,,,,,,,,,,,0.3510123491287231,0.3400519490242004,0.7864948511123657,
1700577854173-2-10-3-7-5,Sadness,Correct,Sadness,-4,0.10551657,0.10551657,,,,,,,,,,,,,,,0.3510123491287231,0.3400519490242004,0.7864948511123657,
1700577854173-2-10-3-7-5,Sadness,Correct,Sadness,-3,0.14176956,0.14176956,,,,,,,,,,,,,,,0.3781535625457763,0.3621329665184021,0.7432761192321777,
1700577854173-2-10-3-7-5,Sadness,Correct,Sadness,-2,0.2100589,0.2100589,,,,,,,,,,,,,,,0.4426327049732208,0.4324029386043548,0.7000274062156677,
1700577854173-2-10-3-7-5,Sadness,Correct,Sadness,-1,0.33083272,0.33083272,,,,,,,,,,,,,,,0.4812828004360199,0.4703720211982727,0.6688616871833801,
1700577854173-2-10-3-7-5,Sadness,Correct,Sadness,0,0.49910504,0.49910504,,,,,,,,,,,,,,,0.4735258519649505,0.47243732213974,0.6591445207595825,
1700577854173-2-10-3-7-5,Sadness,Correct,Sadness,1,0.6595253,0.6595253,,,,,,,,,,,,,,,0.4972822964191437,0.4972890019416809,0.6576879024505615,
1700577854173-2-10-3-7-5,Sadness,Correct,Sadness,2,0.77627,0.77627,,,,,,,,,,,,,,,0.5192062854766846,0.5093403458595276,0.6438275575637817,
1700577854173-2-10-3-7-5,Sadness,Correct,Sadness,3,0.843467,0.843467,,,,,,,,,,,,,,,0.5212845802307129,0.510526716709137,0.6324767470359802,
1700577854173-2-10-3-7-5,Sadness,Correct,Sadness,4,0.88489705,0.88489705,,,,,,,,,,,,,,,0.5212845802307129,0.510526716709137,0.6324767470359802,
1700577854173-2-10-3-7-5,Sadness,Correct,Sadness,5,0.9114057,0.9114057,,,,,,,,,,,,,,,0.4846123456954956,0.4809445738792419,0.6497970223426819,
1700577854173-2-10-3-7-5,Sadness,Correct,Sadness,6,0.9296969,0.9296969,,,,,,,,,,,,,,,0.4846123456954956,0.4809445738792419,0.6497970223426819,
1700577854173-2-10-3-7-5,Sadness,Correct,Sadness,7,0.9419836,0.9419836,,,,,,,,,,,,,,,0.4759690165519714,0.4649221003055572,0.6431925296783447,
1700577854173-2-10-3-7-5,Sadness,Correct,Sadness,8,0.94835675,0.94835675,,,,,,,,,,,,,,,0.4816320836544037,0.4794248640537262,0.6516913175582886,
1700577870256-2-10-3-15-5,Sadness,Correct,Sadness,-1,0.51354903,0.51354903,,,,,,,,,,,,,,,0.5859504342079163,0.5859175324440002,0.5244489908218384,
1700577870256-2-10-3-15-5,Sadness,Correct,Sadness,0,0.783291,0.783291,,,,,,,,,,,,,,,0.5668037533760071,0.5522167086601257,0.5460096001625061,
1700577870256-2-10-3-15-5,Sadness,Correct,Sadness,1,0.9001834,0.9001834,,,,,,,,,,,,,,,0.5651940107345581,0.549102783203125,0.5980855822563171,
1700577870256-2-10-3-15-5,Sadness,Correct,Sadness,2,0.9482758,0.9482758,,,,,,,,,,,,,,,0.5845855474472046,0.5730994939804077,0.5570611357688904,
1700577870256-2-10-3-15-5,Sadness,Correct,Sadness,3,0.97005457,0.97005457,,,,,,,,,,,,,,,0.6059854626655579,0.5921702980995178,0.5365541577339172,
1700577870256-2-10-3-15-5,Sadness,Correct,Sadness,4,0.9800867,0.9800867,,,,,,,,,,,,,,,0.6059854626655579,0.5921702980995178,0.5365541577339172,
1700577870256-2-10-3-15-5,Sadness,Correct,Sadness,5,0.98500746,0.98500746,,,,,,,,,,,,,,,0.6128580570220947,0.601553738117218,0.5260920524597168,
1700577870256-2-10-3-15-5,Sadness,Correct,Sadness,6,0.98733276,0.98733276,,,,,,,,,,,,,,,0.5924729704856873,0.5896322131156921,0.5434826016426086,
1700577870256-2-10-3-15-5,Sadness,Correct,Sadness,7,0.98783165,0.98783165,,,,,,,,,,,,,,,0.5301490426063538,0.5318466424942017,0.5800995826721191,
1700577870256-2-10-3-15-5,Sadness,Correct,Sadness,8,0.9865283,0.9865283,,,,,,,,,,,,,,,0.4556533098220825,0.4457882344722748,0.585564136505127,
1700578020748-2-10-4-8-5,Sadness,Correct,Sadness,-8,0.0021432496,0.0021432496,,,,,,,,,,,,,,,0.0108658652752637,0.010865731164813,0.0058981687761843,
1700578020748-2-10-4-8-5,Sadness,Correct,Sadness,-7,0.0095369965,0.0095369965,,,,,,,,,,,,,,,0.4428220689296722,0.4428204596042633,0.4592097699642181,
1700578020748-2-10-4-8-5,Sadness,Correct,Sadness,-6,0.063954696,0.063954696,,,,,,,,,,,,,,,0.3575823903083801,0.3323773741722107,0.535506010055542,
1700578020748-2-10-4-8-5,Sadness,Correct,Sadness,-5,0.04621883,0.04621883,,,,,,,,,,,,,,,0.2840533852577209,0.2817349433898926,0.5377656817436218,
1700578020748-2-10-4-8-5,Sadness,Correct,Sadness,-4,0.030307231,0.030307231,,,,,,,,,,,,,,,0.2875712513923645,0.2775374352931976,0.5639370083808899,
1700578020748-2-10-4-8-5,Sadness,Correct,Sadness,-3,0.03419233,0.03419233,,,,,,,,,,,,,,,0.2559064626693725,0.2416176795959472,0.6276372075080872,
1700578020748-2-10-4-8-5,Sadness,Correct,Sadness,-2,0.07867162,0.07867162,,,,,,,,,,,,,,,0.2333737015724182,0.2223042845726013,0.7562766075134277,
1700578020748-2-10-4-8-5,Sadness,Correct,Sadness,-1,0.25362563,0.25362563,,,,,,,,,,,,,,,0.2085593193769455,0.209818884730339,0.7866194248199463,
1700578020748-2-10-4-8-5,Sadness,Correct,Sadness,0,0.6080258,0.6080258,,,,,,,,,,,,,,,0.170786052942276,0.1729021519422531,0.7877098321914673,
1700578020748-2-10-4-8-5,Sadness,Correct,Sadness,1,0.8153668,0.8153668,,,,,,,,,,,,,,,0.1992267072200775,0.186386302113533,0.7369347810745239,
1700578020748-2-10-4-8-5,Sadness,Correct,Sadness,2,0.89199793,0.89199793,,,,,,,,,,,,,,,0.3037779629230499,0.2658062279224396,0.6763736605644226,
1700578020748-2-10-4-8-5,Sadness,Correct,Sadness,3,0.9101744,0.9101744,,,,,,,,,,,,,,,0.3236269354820251,0.3201612830162048,0.6323656439781189,
1700578020748-2-10-4-8-5,Sadness,Correct,Sadness,4,0.9260599,0.9260599,,,,,,,,,,,,,,,0.3402484953403473,0.3400489389896393,0.6133469939231873,
1700578020748-2-10-4-8-5,Sadness,Correct,Sadness,5,0.94656897,0.94656897,,,,,,,,,,,,,,,0.3866720497608185,0.3868828117847442,0.5912843942642212,
1700578020748-2-10-4-8-5,Sadness,Correct,Sadness,6,0.9535361,0.9535361,,,,,,,,,,,,,,,0.4308478534221649,0.4157157242298126,0.5589042901992798,
1700578020748-2-10-4-8-5,Sadness,Correct,Sadness,7,0.9614741,0.9614741,,,,,,,,,,,,,,,0.4196331202983856,0.4180712699890136,0.5626152753829956,
1700578020748-2-10-4-8-5,Sadness,Correct,Sadness,8,0.9643623,0.9643623,,,,,,,,,,,,,,,0.4429297745227813,0.44290491938591,0.5291192531585693,
1700578036809-2-10-4-17-5,Sadness,Correct,Sadness,-8,0.0024972511,0.0024972511,,,,,,,,,,,,,,,0.0108656426891684,0.0108657134696841,0.02877345867455,
1700578036809-2-10-4-17-5,Sadness,Correct,Sadness,-7,0.004887496,0.004887496,,,,,,,,,,,,,,,0.5730814933776855,0.5730810761451721,0.5085281133651733,
1700578036809-2-10-4-17-5,Sadness,Correct,Sadness,-6,0.01796753,0.01796753,,,,,,,,,,,,,,,0.5730814933776855,0.5730810761451721,0.5085281133651733,
1700578036809-2-10-4-17-5,Sadness,Correct,Sadness,-5,0.118402205,0.118402205,,,,,,,,,,,,,,,0.4241076111793518,0.4241079092025757,0.6129938364028931,
1700578036809-2-10-4-17-5,Sadness,Correct,Sadness,-4,0.21699135,0.21699135,,,,,,,,,,,,,,,0.3692668676376343,0.3692672550678253,0.5670737028121948,
1700578036809-2-10-4-17-5,Sadness,Correct,Sadness,-3,0.25055158,0.25055158,,,,,,,,,,,,,,,0.3792792856693268,0.3792792558670044,0.5395117402076721,
1700578036809-2-10-4-17-5,Sadness,Correct,Sadness,-2,0.31842318,0.31842318,,,,,,,,,,,,,,,0.3899713456630707,0.3801868855953216,0.5481231212615967,
1700578036809-2-10-4-17-5,Sadness,Correct,Sadness,-1,0.41402164,0.41402164,,,,,,,,,,,,,,,0.3899713456630707,0.3801868855953216,0.5481231212615967,
1700578036809-2-10-4-17-5,Sadness,Correct,Sadness,0,0.5687072,0.5687072,,,,,,,,,,,,,,,0.4450602531433105,0.4440388977527618,0.5028505325317383,
1700578036809-2-10-4-17-5,Sadness,Correct,Sadness,1,0.68677574,0.68677574,,,,,,,,,,,,,,,0.5318287014961243,0.5318406224250793,0.5002638697624207,
1700578036809-2-10-4-17-5,Sadness,Correct,Sadness,2,0.781366,0.781366,,,,,,,,,,,,,,,0.6356887221336365,0.6357330083847046,0.4998950660228729,
1700578036809-2-10-4-17-5,Sadness,Correct,Sadness,3,0.84471595,0.84471595,,,,,,,,,,,,,,,0.6407566666603088,0.6561897397041321,0.4998343586921692,
1700578042343-2-10-4-20-5,Sadness,Correct,Sadness,-8,0.018069085,0.018069085,,,,,,,,,,,,,,,0.0107839107513427,0.002745603909716,2.854235399819175e-29,
1700578042343-2-10-4-20-5,Sadness,Correct,Sadness,-7,0.010327341,0.010327341,,,,,,,,,,,,,,,0.0107839107513427,0.002745603909716,2.854235399819175e-29,
1700578042343-2-10-4-20-5,Sadness,Correct,Sadness,-6,0.006116337,0.006116337,,,,,,,,,,,,,,,0.0108117600902915,0.0015459250425919,2.011611558347486e-29,
1700578042343-2-10-4-20-5,Sadness,Correct,Sadness,-5,0.0038922902,0.0038922902,,,,,,,,,,,,,,,0.0108414646238088,0.0005422850372269,9.991981843684489e-30,
1700578042343-2-10-4-20-5,Sadness,Correct,Sadness,-4,0.0026580002,0.0026580002,,,,,,,,,,,,,,,0.0108414646238088,0.0005422850372269,9.991981843684489e-30,
1700578042343-2-10-4-20-5,Sadness,Correct,Sadness,-3,0.0058880844,0.0058880844,,,,,,,,,,,,,,,0.6639009714126587,0.6635798811912537,0.5312188267707825,
1700578042343-2-10-4-20-5,Sadness,Correct,Sadness,-2,0.033539593,0.033539593,,,,,,,,,,,,,,,0.6639009714126587,0.6635798811912537,0.5312188267707825,
1700578042343-2-10-4-20-5,Sadness,Correct,Sadness,-1,0.28507435,0.28507435,,,,,,,,,,,,,,,0.6155161261558533,0.6154798269271851,0.5639440417289734,
1700578042343-2-10-4-20-5,Sadness,Correct,Sadness,0,0.631304,0.631304,,,,,,,,,,,,,,,0.6035649180412292,0.614629864692688,0.5758597254753113,
1700578042343-2-10-4-20-5,Sadness,Correct,Sadness,1,0.77487516,0.77487516,,,,,,,,,,,,,,,0.6392210125923157,0.6553740501403809,0.5656082630157471,
1700578042343-2-10-4-20-5,Sadness,Correct,Sadness,2,0.8685456,0.8685456,,,,,,,,,,,,,,,0.6667028665542603,0.6934607625007629,0.5650522708892822,
1700578042343-2-10-4-20-5,Sadness,Correct,Sadness,3,0.9215044,0.9215044,,,,,,,,,,,,,,,0.6667028665542603,0.6934607625007629,0.5650522708892822,
1700578042343-2-10-4-20-5,Sadness,Correct,Sadness,4,0.9507332,0.9507332,,,,,,,,,,,,,,,0.6937893033027649,0.705558180809021,0.5650164484977722,
1700578042343-2-10-4-20-5,Sadness,Correct,Sadness,5,0.9662053,0.9662053,,,,,,,,,,,,,,,0.6783479452133179,0.6934669613838196,0.5415412783622742,
1700578042343-2-10-4-20-5,Sadness,Correct,Sadness,6,0.97600335,0.97600335,,,,,,,,,,,,,,,0.6783479452133179,0.6934669613838196,0.5415412783622742,
1700578042343-2-10-4-20-5,Sadness,Correct,Sadness,7,0.9824545,0.9824545,,,,,,,,,,,,,,,0.722259521484375,0.7331624627113342,0.5470691323280334,
1700578042343-2-10-4-20-5,Sadness,Correct,Sadness,8,0.9869832,0.9869832,,,,,,,,,,,,,,,0.7082086205482483,0.7334027290344238,0.5622796416282654,
1700583815717-2-13-1-7-5,Sadness,Correct,Sadness,-7,0.107772894,0.107772894,,,,,,,,,,,,,,,0.0065645417198538,0.0155499326065182,0.1171531826257705,
1700583815717-2-13-1-7-5,Sadness,Correct,Sadness,-6,0.08668245,0.08668245,,,,,,,,,,,,,,,0.0065645417198538,0.0155499326065182,0.1171531826257705,
1700583815717-2-13-1-7-5,Sadness,Correct,Sadness,-5,0.07658826,0.07658826,,,,,,,,,,,,,,,0.0018109981901943,0.0125116240233182,0.0955726951360702,
1700583815717-2-13-1-7-5,Sadness,Correct,Sadness,-4,0.07676709,0.07676709,,,,,,,,,,,,,,,0.1048966124653816,0.0898268297314643,0.1671325266361236,
1700583815717-2-13-1-7-5,Sadness,Correct,Sadness,-3,0.10031483,0.10031483,,,,,,,,,,,,,,,0.2515464723110199,0.2507118880748749,0.4050406217575073,
1700583815717-2-13-1-7-5,Sadness,Correct,Sadness,-2,0.18125366,0.18125366,,,,,,,,,,,,,,,0.3377258777618408,0.3377023637294769,0.5429906845092773,
1700583815717-2-13-1-7-5,Sadness,Correct,Sadness,-1,0.34177342,0.34177342,,,,,,,,,,,,,,,0.3522544801235199,0.3522564470767975,0.5848976969718933,
1700583815717-2-13-1-7-5,Sadness,Correct,Sadness,0,0.5199482,0.5199482,,,,,,,,,,,,,,,0.3889307975769043,0.3786199986934662,0.6282292008399963,
1700583815717-2-13-1-7-5,Sadness,Correct,Sadness,1,0.6916833,0.6916833,,,,,,,,,,,,,,,0.4320485591888428,0.4314984679222107,0.6301041841506958,
1700583815717-2-13-1-7-5,Sadness,Correct,Sadness,2,0.81079555,0.81079555,,,,,,,,,,,,,,,0.4344528615474701,0.4344179928302765,0.655859112739563,
1700583815717-2-13-1-7-5,Sadness,Correct,Sadness,3,0.88012207,0.88012207,,,,,,,,,,,,,,,0.4197395741939544,0.4197216629981994,0.657271683216095,
1700583815717-2-13-1-7-5,Sadness,Correct,Sadness,4,0.9179033,0.9179033,,,,,,,,,,,,,,,0.3859349489212036,0.3858523666858673,0.6674274206161499,
1700583815717-2-13-1-7-5,Sadness,Correct,Sadness,5,0.9431715,0.9431715,,,,,,,,,,,,,,,0.4146126508712768,0.4146384000778198,0.6583134531974792,
1700583815717-2-13-1-7-5,Sadness,Correct,Sadness,6,0.9582227,0.9582227,,,,,,,,,,,,,,,0.3953998982906341,0.3953523933887481,0.6771431565284729,
1700583815717-2-13-1-7-5,Sadness,Correct,Sadness,7,0.96837157,0.96837157,,,,,,,,,,,,,,,0.4296577870845794,0.4296874105930328,0.6693167686462402,
1700583815717-2-13-1-7-5,Sadness,Correct,Sadness,8,0.9733247,0.9733247,,,,,,,,,,,,,,,0.4203428030014038,0.4203312993049621,0.6592681407928467,
1700584012456-2-13-3-6-5,Sadness,Correct,Sadness,-8,0.001735066,0.001735066,,,,,,,,,,,,,,,0.1355474442243576,0.1089646741747856,0.0827326700091362,
1700584012456-2-13-3-6-5,Sadness,Correct,Sadness,-7,0.0024733865,0.0024733865,,,,,,,,,,,,,,,0.283282458782196,0.2713917195796966,0.2542202472686767,
1700584012456-2-13-3-6-5,Sadness,Correct,Sadness,-6,0.008185726,0.008185726,,,,,,,,,,,,,,,0.3757272362709045,0.359525054693222,0.3221370875835418,
1700584012456-2-13-3-6-5,Sadness,Correct,Sadness,-5,0.025080815,0.025080815,,,,,,,,,,,,,,,0.4064388871192932,0.3904286623001098,0.3801165819168091,
1700584012456-2-13-3-6-5,Sadness,Correct,Sadness,-4,0.061652754,0.061652754,,,,,,,,,,,,,,,0.4073890745639801,0.3810785412788391,0.3802844583988189,
1700584012456-2-13-3-6-5,Sadness,Correct,Sadness,-3,0.14660844,0.14660844,,,,,,,,,,,,,,,0.4326549768447876,0.4156005978584289,0.3802964389324188,
1700584012456-2-13-3-6-5,Sadness,Correct,Sadness,-2,0.27422586,0.27422586,,,,,,,,,,,,,,,0.4100452065467834,0.3937035202980041,0.3901447355747223,
1700584012456-2-13-3-6-5,Sadness,Correct,Sadness,-1,0.41923144,0.41923144,,,,,,,,,,,,,,,0.4100452065467834,0.3937035202980041,0.3901447355747223,
1700584012456-2-13-3-6-5,Sadness,Correct,Sadness,0,0.58602685,0.58602685,,,,,,,,,,,,,,,0.4781530201435089,0.4670010507106781,0.4309621751308441,
1700584012456-2-13-3-6-5,Sadness,Correct,Sadness,1,0.71146035,0.71146035,,,,,,,,,,,,,,,0.4781530201435089,0.4670010507106781,0.4309621751308441,
1700584012456-2-13-3-6-5,Sadness,Correct,Sadness,2,0.7906142,0.7906142,,,,,,,,,,,,,,,0.4781530201435089,0.4670010507106781,0.4309621751308441,
1700584012456-2-13-3-6-5,Sadness,Correct,Sadness,3,0.85424775,0.85424775,,,,,,,,,,,,,,,0.4981156885623932,0.4974261522293091,0.4694419801235199,
1700584012456-2-13-3-6-5,Sadness,Correct,Sadness,4,0.9031434,0.9031434,,,,,,,,,,,,,,,0.4996612668037414,0.4996129870414734,0.4723626673221588,
1700584012456-2-13-3-6-5,Sadness,Correct,Sadness,5,0.940981,0.940981,,,,,,,,,,,,,,,0.6531035304069519,0.6532468199729919,0.5729224681854248,
1700584012456-2-13-3-6-5,Sadness,Correct,Sadness,6,0.9615843,0.9615843,,,,,,,,,,,,,,,0.6672792434692383,0.6673154830932617,0.5657055974006653,
1700584012456-2-13-3-6-5,Sadness,Correct,Sadness,7,0.9753371,0.9753371,,,,,,,,,,,,,,,0.719342052936554,0.7194148302078247,0.5650848746299744,
1700584012456-2-13-3-6-5,Sadness,Correct,Sadness,8,0.98346704,0.98346704,,,,,,,,,,,,,,,0.7223418951034546,0.7072340846061707,0.5845340490341187,
1700584030294-2-13-3-15-5,Sadness,Correct,Sadness,-1,0.5360045,0.5360045,,,,,,,,,,,,,,,0.7437500357627869,0.7437601089477539,0.5770419239997864,
1700584030294-2-13-3-15-5,Sadness,Correct,Sadness,0,0.84732455,0.84732455,,,,,,,,,,,,,,,0.759520411491394,0.7435888648033142,0.5745552778244019,
1700584030294-2-13-3-15-5,Sadness,Correct,Sadness,1,0.9461097,0.9461097,,,,,,,,,,,,,,,0.745602548122406,0.7442386150360107,0.575657844543457,
1700584030294-2-13-3-15-5,Sadness,Correct,Sadness,2,0.97558445,0.97558445,,,,,,,,,,,,,,,0.7692704200744629,0.7692387700080872,0.5674191117286682,
1700584030294-2-13-3-15-5,Sadness,Correct,Sadness,3,0.98635894,0.98635894,,,,,,,,,,,,,,,0.7861024141311646,0.7861526608467102,0.5831930637359619,
1700584030294-2-13-3-15-5,Sadness,Correct,Sadness,4,0.990776,0.990776,,,,,,,,,,,,,,,0.7861024141311646,0.7861526608467102,0.5831930637359619,
1700584030294-2-13-3-15-5,Sadness,Correct,Sadness,5,0.99307114,0.99307114,,,,,,,,,,,,,,,0.7875843048095703,0.7875949144363403,0.5996772646903992,
1700584030294-2-13-3-15-5,Sadness,Correct,Sadness,6,0.9943072,0.9943072,,,,,,,,,,,,,,,0.7875843048095703,0.7875949144363403,0.5996772646903992,
1700584030294-2-13-3-15-5,Sadness,Correct,Sadness,7,0.995054,0.995054,,,,,,,,,,,,,,,0.7875843048095703,0.7875949144363403,0.5996772646903992,
1700584030294-2-13-3-15-5,Sadness,Correct,Sadness,8,0.99566627,0.99566627,,,,,,,,,,,,,,,0.7984597682952881,0.7984687685966492,0.5876684784889221,
1700584204317-2-13-4-1-5,Sadness,Correct,Sadness,-1,0.560387,0.560387,,,,,,,,,,,,,,,0.6747245192527771,0.6725416779518127,0.6135857105255127,
1700584204317-2-13-4-1-5,Sadness,Correct,Sadness,0,0.83672553,0.83672553,,,,,,,,,,,,,,,0.6747245192527771,0.6725416779518127,0.6135857105255127,
1700584204317-2-13-4-1-5,Sadness,Correct,Sadness,1,0.93812954,0.93812954,,,,,,,,,,,,,,,0.7019333839416504,0.7018223404884338,0.6061166524887085,
1700584204317-2-13-4-1-5,Sadness,Correct,Sadness,2,0.9710037,0.9710037,,,,,,,,,,,,,,,0.7024619579315186,0.6932172775268555,0.6034001708030701,
1700584204317-2-13-4-1-5,Sadness,Correct,Sadness,3,0.9835777,0.9835777,,,,,,,,,,,,,,,0.6866742372512817,0.6949207782745361,0.6107476949691772,
1700584204317-2-13-4-1-5,Sadness,Correct,Sadness,4,0.98905087,0.98905087,,,,,,,,,,,,,,,0.6866742372512817,0.6949207782745361,0.6107476949691772,
1700584204317-2-13-4-1-5,Sadness,Correct,Sadness,5,0.99056923,0.99056923,,,,,,,,,,,,,,,0.4702541530132293,0.4598350524902344,0.6018636226654053,
1700584204317-2-13-4-1-5,Sadness,Correct,Sadness,6,0.9908751,0.9908751,,,,,,,,,,,,,,,0.3850896656513214,0.3688777685165405,0.6024908423423767,
1700584204317-2-13-4-1-5,Sadness,Correct,Sadness,7,0.99094045,0.99094045,,,,,,,,,,,,,,,0.3806014657020569,0.3642949759960174,0.609801709651947,
1700584204317-2-13-4-1-5,Sadness,Correct,Sadness,8,0.99182844,0.99182844,,,,,,,,,,,,,,,0.4643417596817016,0.4640601873397827,0.6956384181976318,
1700584216493-2-13-4-8-5,Sadness,Correct,Sadness,-8,0.001025759,0.001025759,,,,,,,,,,,,,,,1.6344024800218904e-08,5.053143468103372e-05,2.8083499414854884e-10,
1700584216493-2-13-4-8-5,Sadness,Correct,Sadness,-7,0.0007683867,0.0007683867,,,,,,,,,,,,,,,1.1014354761584856e-08,3.09536189888604e-05,1.2802109372600512e-10,
1700584216493-2-13-4-8-5,Sadness,Correct,Sadness,-6,0.0006065017,0.0006065017,,,,,,,,,,,,,,,7.479402874821517e-09,1.940064066729974e-05,6.216167858230648e-11,
1700584216493-2-13-4-8-5,Sadness,Correct,Sadness,-5,0.00048970483,0.00048970483,,,,,,,,,,,,,,,5.111255418910332e-09,1.2397265891195277e-05,3.190141553699455e-11,
1700584216493-2-13-4-8-5,Sadness,Correct,Sadness,-4,0.0005210433,0.0005210433,,,,,,,,,,,,,,,0.3288920521736145,0.3125841021537781,0.1553538739681244,
1700584216493-2-13-4-8-5,Sadness,Correct,Sadness,-3,0.0015271136,0.0015271136,,,,,,,,,,,,,,,0.6229932904243469,0.622626543045044,0.3075965940952301,
1700584216493-2-13-4-8-5,Sadness,Correct,Sadness,-2,0.017057642,0.017057642,,,,,,,,,,,,,,,0.7041932940483093,0.7201524972915649,0.4033642411231994,
1700584216493-2-13-4-8-5,Sadness,Correct,Sadness,-1,0.1850835,0.1850835,,,,,,,,,,,,,,,0.7062048316001892,0.7224953174591064,0.5173990726470947,
1700584216493-2-13-4-8-5,Sadness,Correct,Sadness,0,0.5196545,0.5196545,,,,,,,,,,,,,,,0.680145800113678,0.6704141497612,0.5632405281066895,
1700584216493-2-13-4-8-5,Sadness,Correct,Sadness,1,0.71207416,0.71207416,,,,,,,,,,,,,,,0.6791507601737976,0.6683415174484253,0.5753348469734192,
1700584216493-2-13-4-8-5,Sadness,Correct,Sadness,2,0.8045465,0.8045465,,,,,,,,,,,,,,,0.6791054010391235,0.6682430505752563,0.5861803293228149,
1700584216493-2-13-4-8-5,Sadness,Correct,Sadness,3,0.8721245,0.8721245,,,,,,,,,,,,,,,0.6689847707748413,0.6581515669822693,0.6021121740341187,
1700584216493-2-13-4-8-5,Sadness,Correct,Sadness,4,0.9114359,0.9114359,,,,,,,,,,,,,,,0.6342575550079346,0.61899733543396,0.6029820442199707,
1700584216493-2-13-4-8-5,Sadness,Correct,Sadness,5,0.9436114,0.9436114,,,,,,,,,,,,,,,0.6651057600975037,0.6537197828292847,0.6030384302139282,
1700584216493-2-13-4-8-5,Sadness,Correct,Sadness,6,0.9630585,0.9630585,,,,,,,,,,,,,,,0.6777011156082153,0.666740894317627,0.5884243249893188,
1700584216493-2-13-4-8-5,Sadness,Correct,Sadness,7,0.9756174,0.9756174,,,,,,,,,,,,,,,0.6789379119873047,0.6777347922325134,0.5869479179382324,
1700584216493-2-13-4-8-5,Sadness,Correct,Sadness,8,0.9833734,0.9833734,,,,,,,,,,,,,,,0.679080069065094,0.6789255142211914,0.5867734551429749,
1700584232123-2-13-4-17-5,Sadness,Correct,Sadness,-8,3.0418543e-05,3.0418543e-05,,,,,,,,,,,,,,,0.0108656426891684,0.0123954312875866,4.329655780566101e-07,
1700584232123-2-13-4-17-5,Sadness,Correct,Sadness,-7,6.3742365e-05,6.3742365e-05,,,,,,,,,,,,,,,0.0049674906767904,0.0118363313376903,3.034405438029353e-07,
1700584232123-2-13-4-17-5,Sadness,Correct,Sadness,-6,0.00020823664,0.00020823664,,,,,,,,,,,,,,,0.0024181706830859,0.01149239577353,2.128720097971382e-07,
1700584232123-2-13-4-17-5,Sadness,Correct,Sadness,-5,0.0007725802,0.0007725802,,,,,,,,,,,,,,,0.0183724705129861,0.0208043251186609,0.0439913719892501,
1700584232123-2-13-4-17-5,Sadness,Correct,Sadness,-4,0.0023926091,0.0023926091,,,,,,,,,,,,,,,0.1995051503181457,0.1832686066627502,0.2871603369712829,
1700584232123-2-13-4-17-5,Sadness,Correct,Sadness,-3,0.00916512,0.00916512,,,,,,,,,,,,,,,0.2570918202400207,0.256104439496994,0.4772681593894958,
1700584232123-2-13-4-17-5,Sadness,Correct,Sadness,-2,0.04438566,0.04438566,,,,,,,,,,,,,,,0.2605122923851013,0.2604409754276275,0.5728672742843628,
1700584232123-2-13-4-17-5,Sadness,Correct,Sadness,-1,0.14468636,0.14468636,,,,,,,,,,,,,,,0.2508692145347595,0.25086510181427,0.6389367580413818,
1700584232123-2-13-4-17-5,Sadness,Correct,Sadness,0,0.30927783,0.30927783,,,,,,,,,,,,,,,0.2177047133445739,0.2265253514051437,0.656708300113678,
1700584232123-2-13-4-17-5,Sadness,Correct,Sadness,1,0.4658015,0.4658015,,,,,,,,,,,,,,,0.2003623992204666,0.2024953216314315,0.6677566766738892,
1700584232123-2-13-4-17-5,Sadness,Correct,Sadness,2,0.5851586,0.5851586,,,,,,,,,,,,,,,0.1894524693489074,0.1903107017278671,0.6682131886482239,
1700584232123-2-13-4-17-5,Sadness,Correct,Sadness,3,0.673922,0.673922,,,,,,,,,,,,,,,0.1799474656581878,0.1866630613803863,0.6328902244567871,
1700584232123-2-13-4-17-5,Sadness,Correct,Sadness,4,0.73729765,0.73729765,,,,,,,,,,,,,,,0.1749904900789261,0.1854587197303772,0.6304316520690918,
1700584232123-2-13-4-17-5,Sadness,Correct,Sadness,5,0.78778386,0.78778386,,,,,,,,,,,,,,,0.2041462212800979,0.2154384553432464,0.6302294135093689,
1700584232123-2-13-4-17-5,Sadness,Correct,Sadness,6,0.8269031,0.8269031,,,,,,,,,,,,,,,0.1762610524892807,0.2020222246646881,0.5945797562599182,
1700584232123-2-13-4-17-5,Sadness,Correct,Sadness,7,0.85613996,0.85613996,,,,,,,,,,,,,,,0.1759090572595596,0.1935170441865921,0.6097650527954102,
1700584232123-2-13-4-17-5,Sadness,Correct,Sadness,8,0.8790112,0.8790112,,,,,,,,,,,,,,,0.1892246901988983,0.1946755945682525,0.6131332516670227,
1700584237227-2-13-4-20-5,Sadness,Correct,Sadness,-8,0.09930723,0.09930723,,,,,,,,,,,,,,,0.0626978054642677,0.0368791297078132,0.0977677404880523,
1700584237227-2-13-4-20-5,Sadness,Correct,Sadness,-7,0.07100534,0.07100534,,,,,,,,,,,,,,,0.0423058457672596,0.0289816316217184,0.0683115646243095,
1700584237227-2-13-4-20-5,Sadness,Correct,Sadness,-6,0.054786157,0.054786157,,,,,,,,,,,,,,,0.0615471862256526,0.0468641445040702,0.0975878164172172,
1700584237227-2-13-4-20-5,Sadness,Correct,Sadness,-5,0.0406282,0.0406282,,,,,,,,,,,,,,,0.0562762394547462,0.051509141921997,0.0692142248153686,
1700584237227-2-13-4-20-5,Sadness,Correct,Sadness,-4,0.028273195,0.028273195,,,,,,,,,,,,,,,0.0616847388446331,0.0531704351305961,0.0562674403190612,
1700584237227-2-13-4-20-5,Sadness,Correct,Sadness,-3,0.024736842,0.024736842,,,,,,,,,,,,,,,0.1709602177143097,0.1443042159080505,0.1424211412668228,
1700584237227-2-13-4-20-5,Sadness,Correct,Sadness,-2,0.06619892,0.06619892,,,,,,,,,,,,,,,0.4349665939807892,0.4236106276512146,0.4217193722724914,
1700584237227-2-13-4-20-5,Sadness,Correct,Sadness,-1,0.36654904,0.36654904,,,,,,,,,,,,,,,0.5607166886329651,0.5604900121688843,0.5705550909042358,
1700584237227-2-13-4-20-5,Sadness,Correct,Sadness,0,0.82894593,0.82894593,,,,,,,,,,,,,,,0.5752967596054077,0.5753061771392822,0.6650572419166565,
1700584237227-2-13-4-20-5,Sadness,Correct,Sadness,1,0.93834877,0.93834877,,,,,,,,,,,,,,,0.6018722653388977,0.6019052863121033,0.6420839428901672,
1700584237227-2-13-4-20-5,Sadness,Correct,Sadness,2,0.9648215,0.9648215,,,,,,,,,,,,,,,0.6029841899871826,0.6029874086380005,0.64112389087677,
1700584237227-2-13-4-20-5,Sadness,Correct,Sadness,3,0.9781488,0.9781488,,,,,,,,,,,,,,,0.6132816672325134,0.6030399203300476,0.6667784452438354,
1700584237227-2-13-4-20-5,Sadness,Correct,Sadness,4,0.98533744,0.98533744,,,,,,,,,,,,,,,0.6138660907745361,0.6131921410560608,0.6580051183700562,
1700584237227-2-13-4-20-5,Sadness,Correct,Sadness,5,0.98947716,0.98947716,,,,,,,,,,,,,,,0.6391674280166626,0.6391769647598267,0.6574220657348633,
1700584237227-2-13-4-20-5,Sadness,Correct,Sadness,6,0.99205923,0.99205923,,,,,,,,,,,,,,,0.6409148573875427,0.640920102596283,0.6333434581756592,
1700584237227-2-13-4-20-5,Sadness,Correct,Sadness,7,0.99357456,0.99357456,,,,,,,,,,,,,,,0.6313414573669434,0.6410584449768066,0.6306299567222595,
1700584237227-2-13-4-20-5,Sadness,Correct,Sadness,8,0.9944695,0.9944695,,,,,,,,,,,,,,,0.6303481459617615,0.6410713791847229,0.6396123766899109,
1700747147435-2-15-1-1-5,Sadness,Correct,Sadness,-1,0.40987238,0.40987238,,,,,,,,,,,,,,,0.1253393441438675,0.1551252901554107,0.4489971101284027,
1700747147435-2-15-1-1-5,Sadness,Correct,Sadness,0,0.81297415,0.81297415,,,,,,,,,,,,,,,0.2146118134260177,0.226640373468399,0.5613475441932678,
1700747147435-2-15-1-1-5,Sadness,Correct,Sadness,1,0.9672271,0.9672271,,,,,,,,,,,,,,,0.221944123506546,0.2477366924285888,0.6544567942619324,
1700747147435-2-15-1-1-5,Sadness,Correct,Sadness,2,0.99037534,0.99037534,,,,,,,,,,,,,,,0.2472608089447021,0.2744118571281433,0.6677493453025818,
1700747147435-2-15-1-1-5,Sadness,Correct,Sadness,3,0.99515057,0.99515057,,,,,,,,,,,,,,,0.2496146261692047,0.2866036295890808,0.6578258275985718,
1700747147435-2-15-1-1-5,Sadness,Correct,Sadness,4,0.9969602,0.9969602,,,,,,,,,,,,,,,0.259452223777771,0.2975053191184997,0.7041221857070923,
1700747147435-2-15-1-1-5,Sadness,Correct,Sadness,5,0.99756795,0.99756795,,,,,,,,,,,,,,,0.2749691605567932,0.3231022655963897,0.7061534523963928,
1700747147435-2-15-1-1-5,Sadness,Correct,Sadness,6,0.99792635,0.99792635,,,,,,,,,,,,,,,0.263135015964508,0.302524209022522,0.7318994402885437,
1700747147435-2-15-1-1-5,Sadness,Correct,Sadness,7,0.99795246,0.99795246,,,,,,,,,,,,,,,0.2748864591121673,0.2994637191295624,0.70823073387146,
1700747147435-2-15-1-1-5,Sadness,Correct,Sadness,8,0.9980566,0.9980566,,,,,,,,,,,,,,,0.2858619689941406,0.3125261962413788,0.7213893532752991,
1700747157106-2-15-1-5-5,Sadness,Correct,Sadness,-8,0.06506189,0.06506189,,,,,,,,,,,,,,,4.600646934704855e-05,0.0108658662065863,3.221868538833602e-15,
1700747157106-2-15-1-5-5,Sadness,Correct,Sadness,-7,0.04015217,0.04015217,,,,,,,,,,,,,,,3.117980668321252e-05,0.0108657963573932,1.7030846778144908e-15,
1700747157106-2-15-1-5-5,Sadness,Correct,Sadness,-6,0.021836031,0.021836031,,,,,,,,,,,,,,,1.4594352251151577e-05,0.0069514513015747,5.401200879373612e-16,
1700747157106-2-15-1-5-5,Sadness,Correct,Sadness,-5,0.011929627,0.011929627,,,,,,,,,,,,,,,1.4594352251151577e-05,0.0069514513015747,5.401200879373612e-16,
1700747157106-2-15-1-5-5,Sadness,Correct,Sadness,-4,0.0063902866,0.0063902866,,,,,,,,,,,,,,,0.0189693123102188,0.0293091125786304,1.9532843137991203e-16,
1700747157106-2-15-1-5-5,Sadness,Correct,Sadness,-3,0.008539094,0.008539094,,,,,,,,,,,,,,,0.4866147339344024,0.4974956512451172,0.3505078256130218,
1700747157106-2-15-1-5-5,Sadness,Correct,Sadness,-2,0.031166775,0.031166775,,,,,,,,,,,,,,,0.385152131319046,0.3960034847259521,0.4792312681674957,
1700747157106-2-15-1-5-5,Sadness,Correct,Sadness,-1,0.36908117,0.36908117,,,,,,,,,,,,,,,0.2290486246347427,0.2440134286880493,0.6527054905891418,
1700747157106-2-15-1-5-5,Sadness,Correct,Sadness,0,0.7486961,0.7486961,,,,,,,,,,,,,,,0.2290486246347427,0.2440134286880493,0.6527054905891418,
1700747157106-2-15-1-5-5,Sadness,Correct,Sadness,1,0.9588411,0.9588411,,,,,,,,,,,,,,,0.2194450795650482,0.2591944336891174,0.7597039937973022,
1700747157106-2-15-1-5-5,Sadness,Correct,Sadness,2,0.98921704,0.98921704,,,,,,,,,,,,,,,0.2456830143928527,0.2746844589710235,0.7605626583099365,
1700747157106-2-15-1-5-5,Sadness,Correct,Sadness,3,0.99478287,0.99478287,,,,,,,,,,,,,,,0.2360007017850875,0.2767024636268616,0.7244405150413513,
1700747157106-2-15-1-5-5,Sadness,Correct,Sadness,4,0.9966271,0.9966271,,,,,,,,,,,,,,,0.2360007017850875,0.2767024636268616,0.7244405150413513,
1700747157106-2-15-1-5-5,Sadness,Correct,Sadness,5,0.9975096,0.9975096,,,,,,,,,,,,,,,0.2474152594804763,0.2770071625709533,0.7587588429450989,
1700747157106-2-15-1-5-5,Sadness,Correct,Sadness,6,0.99781334,0.99781334,,,,,,,,,,,,,,,0.2386899888515472,0.2692743241786957,0.7443692088127136,
1700747157106-2-15-1-5-5,Sadness,Correct,Sadness,7,0.9980971,0.9980971,,,,,,,,,,,,,,,0.2470823973417282,0.2750489413738251,0.7693573236465454,
1700747157106-2-15-1-5-5,Sadness,Correct,Sadness,8,0.9981901,0.9981901,,,,,,,,,,,,,,,0.2575874924659729,0.2764836251735687,0.7712676525115967,
1700747359928-2-15-3-7-5,Sadness,Correct,Sadness,-8,0.020337522,0.020337522,,,,,,,,,,,,,,,0.0099088875576853,0.0264606811106205,9.95864711437611e-21,
1700747359928-2-15-3-7-5,Sadness,Correct,Sadness,-7,0.01749093,0.01749093,,,,,,,,,,,,,,,0.0102095240727067,0.0267428308725357,5.211155868037029e-21,
1700747359928-2-15-3-7-5,Sadness,Correct,Sadness,-6,0.015432236,0.015432236,,,,,,,,,,,,,,,0.0102095240727067,0.0267428308725357,5.211155868037029e-21,
1700747359928-2-15-3-7-5,Sadness,Correct,Sadness,-5,0.024170239,0.024170239,,,,,,,,,,,,,,,0.1558661013841629,0.1723222732543945,0.1824683994054794,
1700747359928-2-15-3-7-5,Sadness,Correct,Sadness,-4,0.033603285,0.033603285,,,,,,,,,,,,,,,0.1558661013841629,0.1723222732543945,0.1824683994054794,
1700747359928-2-15-3-7-5,Sadness,Correct,Sadness,-3,0.052742947,0.052742947,,,,,,,,,,,,,,,0.2077998369932174,0.2087640613317489,0.3193865418434143,
1700747359928-2-15-3-7-5,Sadness,Correct,Sadness,-2,0.15657896,0.15657896,,,,,,,,,,,,,,,0.2358063906431198,0.2519712448120117,0.6109480857849121,
1700747359928-2-15-3-7-5,Sadness,Correct,Sadness,-1,0.44557232,0.44557232,,,,,,,,,,,,,,,0.2358063906431198,0.2519712448120117,0.6109480857849121,
1700747359928-2-15-3-7-5,Sadness,Correct,Sadness,0,0.7853417,0.7853417,,,,,,,,,,,,,,,0.2243035286664962,0.2501301169395447,0.6558675765991211,
1700747359928-2-15-3-7-5,Sadness,Correct,Sadness,1,0.9175842,0.9175842,,,,,,,,,,,,,,,0.2139278650283813,0.2364792823791504,0.6302611827850342,
1700747359928-2-15-3-7-5,Sadness,Correct,Sadness,2,0.9684225,0.9684225,,,,,,,,,,,,,,,0.2139278650283813,0.2364792823791504,0.6302611827850342,
1700747359928-2-15-3-7-5,Sadness,Correct,Sadness,3,0.9858941,0.9858941,,,,,,,,,,,,,,,0.2211392223834991,0.2477099597454071,0.6302105188369751,
1700747359928-2-15-3-7-5,Sadness,Correct,Sadness,4,0.99209106,0.99209106,,,,,,,,,,,,,,,0.2313652038574218,0.2586202323436737,0.6302075386047363,
1700747359928-2-15-3-7-5,Sadness,Correct,Sadness,5,0.9947884,0.9947884,,,,,,,,,,,,,,,0.2248643785715103,0.2518499195575714,0.6402154564857483,
1700747359928-2-15-3-7-5,Sadness,Correct,Sadness,6,0.9965636,0.9965636,,,,,,,,,,,,,,,0.2233326584100723,0.2503999769687652,0.6660208106040955,
1700747359928-2-15-3-7-5,Sadness,Correct,Sadness,7,0.9971163,0.9971163,,,,,,,,,,,,,,,0.2544503509998321,0.281892329454422,0.6346786022186279,
1700747359928-2-15-3-7-5,Sadness,Correct,Sadness,8,0.9975581,0.9975581,,,,,,,,,,,,,,,0.2595449984073639,0.2868152558803558,0.664726197719574,
1700747376723-2-15-3-15-5,Sadness,Correct,Sadness,-1,0.4573031,0.4573031,,,,,,,,,,,,,,,0.4408555924892425,0.4672419130802154,0.466656357049942,
1700747376723-2-15-3-15-5,Sadness,Correct,Sadness,0,0.6789343,0.6789343,,,,,,,,,,,,,,,0.3482637405395508,0.3606765866279602,0.5002214312553406,
1700747376723-2-15-3-15-5,Sadness,Correct,Sadness,1,0.7989575,0.7989575,,,,,,,,,,,,,,,0.3482637405395508,0.3606765866279602,0.5002214312553406,
1700747376723-2-15-3-15-5,Sadness,Correct,Sadness,2,0.859599,0.859599,,,,,,,,,,,,,,,0.2965148985385895,0.330026775598526,0.5101677179336548,
1700747376723-2-15-3-15-5,Sadness,Correct,Sadness,3,0.91575843,0.91575843,,,,,,,,,,,,,,,0.3127751648426056,0.3265237212181091,0.5728331208229065,
1700747376723-2-15-3-15-5,Sadness,Correct,Sadness,4,0.95785886,0.95785886,,,,,,,,,,,,,,,0.2584258019924164,0.2638459205627441,0.586006760597229,
1700747376723-2-15-3-15-5,Sadness,Correct,Sadness,5,0.97754276,0.97754276,,,,,,,,,,,,,,,0.2380455434322357,0.2584389746189117,0.6278695464134216,
1700747376723-2-15-3-15-5,Sadness,Correct,Sadness,6,0.9871021,0.9871021,,,,,,,,,,,,,,,0.2059511840343475,0.2328920513391494,0.630060076713562,
1700747376723-2-15-3-15-5,Sadness,Correct,Sadness,7,0.99086994,0.99086994,,,,,,,,,,,,,,,0.1984369903802871,0.2259623259305954,0.6152304410934448,
1700747376723-2-15-3-15-5,Sadness,Correct,Sadness,8,0.99352276,0.99352276,,,,,,,,,,,,,,,0.1964605748653412,0.2299434095621109,0.6043150424957275,
1700747514980-2-15-4-1-5,Sadness,Correct,Sadness,-8,0.0013070217,0.0013070217,,,,,,,,,,,,,,,1.7737092176950409e-12,0.0108656426891684,0.0001526337582617,
1700747514980-2-15-4-1-5,Sadness,Correct,Sadness,-7,0.004755602,0.004755602,,,,,,,,,,,,,,,1.2500656976568993e-12,0.0108656426891684,5.267186861601658e-05,
1700747514980-2-15-4-1-5,Sadness,Correct,Sadness,-6,0.013850768,0.013850768,,,,,,,,,,,,,,,0.1450094729661941,0.1558751314878463,0.0786384046077728,
1700747514980-2-15-4-1-5,Sadness,Correct,Sadness,-5,0.03569277,0.03569277,,,,,,,,,,,,,,,0.1815529316663742,0.1924185752868652,0.3525940775871277,
1700747514980-2-15-4-1-5,Sadness,Correct,Sadness,-4,0.07885772,0.07885772,,,,,,,,,,,,,,,0.1698042154312133,0.1952838897705078,0.5429461598396301,
1700747514980-2-15-4-1-5,Sadness,Correct,Sadness,-3,0.16287142,0.16287142,,,,,,,,,,,,,,,0.1592280864715576,0.1859949827194214,0.6276497840881348,
1700747514980-2-15-4-1-5,Sadness,Correct,Sadness,-2,0.318519,0.318519,,,,,,,,,,,,,,,0.1305529177188873,0.1556452959775924,0.6301174163818359,
1700747514980-2-15-4-1-5,Sadness,Correct,Sadness,-1,0.5239302,0.5239302,,,,,,,,,,,,,,,0.1529847383499145,0.1660568565130233,0.6406265497207642,
1700747514980-2-15-4-1-5,Sadness,Correct,Sadness,0,0.7877206,0.7877206,,,,,,,,,,,,,,,0.1658026725053787,0.2060000747442245,0.6774463057518005,
1700747514980-2-15-4-1-5,Sadness,Correct,Sadness,1,0.92130166,0.92130166,,,,,,,,,,,,,,,0.1679073423147201,0.1974633634090423,0.6584920883178711,
1700747514980-2-15-4-1-5,Sadness,Correct,Sadness,2,0.96700066,0.96700066,,,,,,,,,,,,,,,0.1683037132024765,0.1959717124700546,0.6933214664459229,
1700747514980-2-15-4-1-5,Sadness,Correct,Sadness,3,0.9822625,0.9822625,,,,,,,,,,,,,,,0.1556335985660553,0.1803316175937652,0.6225820183753967,
1700747514980-2-15-4-1-5,Sadness,Correct,Sadness,4,0.9898197,0.9898197,,,,,,,,,,,,,,,0.156914934515953,0.1918430775403976,0.629357099533081,
1700747514980-2-15-4-1-5,Sadness,Correct,Sadness,5,0.99217975,0.99217975,,,,,,,,,,,,,,,0.1518848836421966,0.1822192221879959,0.5898811221122742,
1700747514980-2-15-4-1-5,Sadness,Correct,Sadness,6,0.99362373,0.99362373,,,,,,,,,,,,,,,0.1494624763727188,0.1701553463935852,0.5799930095672607,
1700747514980-2-15-4-1-5,Sadness,Correct,Sadness,7,0.9949404,0.9949404,,,,,,,,,,,,,,,0.1482337564229965,0.1643134951591491,0.5849812030792236,
1700747514980-2-15-4-1-5,Sadness,Correct,Sadness,8,0.9956606,0.9956606,,,,,,,,,,,,,,,0.1538208425045013,0.1778512001037597,0.5793234705924988,
1700747527030-2-15-4-8-5,Sadness,Correct,Sadness,-1,0.10377387,0.10377387,,,,,,,,,,,,,,,8.23314767330885e-05,0.0109143555164337,6.887393624310789e-07,
1700747527030-2-15-4-8-5,Sadness,Correct,Sadness,0,0.35962522,0.35962522,,,,,,,,,,,,,,,0.5027065873146057,0.5021290183067322,0.5122542381286621,
1700747527030-2-15-4-8-5,Sadness,Correct,Sadness,1,0.5966922,0.5966922,,,,,,,,,,,,,,,0.3518598079681396,0.3618251085281372,0.5842393636703491,
1700747527030-2-15-4-8-5,Sadness,Correct,Sadness,2,0.8492924,0.8492924,,,,,,,,,,,,,,,0.263941615819931,0.2988866567611694,0.6549193263053894,
1700747527030-2-15-4-8-5,Sadness,Correct,Sadness,3,0.9594373,0.9594373,,,,,,,,,,,,,,,0.1667094528675079,0.2206515222787857,0.6677183508872986,
1700747527030-2-15-4-8-5,Sadness,Correct,Sadness,4,0.9883227,0.9883227,,,,,,,,,,,,,,,0.1311605721712112,0.172492504119873,0.6942179203033447,
1700747527030-2-15-4-8-5,Sadness,Correct,Sadness,5,0.99568117,0.99568117,,,,,,,,,,,,,,,0.143873244524002,0.1707339435815811,0.7421237230300903,
1700747527030-2-15-4-8-5,Sadness,Correct,Sadness,6,0.99733126,0.99733126,,,,,,,,,,,,,,,0.143873244524002,0.1707339435815811,0.7421237230300903,
1700747527030-2-15-4-8-5,Sadness,Correct,Sadness,7,0.99808335,0.99808335,,,,,,,,,,,,,,,0.2008720487356186,0.2131049036979675,0.7699558734893799,
1700747527030-2-15-4-8-5,Sadness,Correct,Sadness,8,0.998256,0.998256,,,,,,,,,,,,,,,0.2188762724399566,0.244424283504486,0.796953558921814,
1700747543178-2-15-4-17-5,Sadness,Correct,Sadness,-4,0.11475793,0.11475793,,,,,,,,,,,,,,,1.1079362087211858e-22,0.0108656426891684,1.175563552752168e-13,
1700747543178-2-15-4-17-5,Sadness,Correct,Sadness,-3,0.08811842,0.08811842,,,,,,,,,,,,,,,0.0058981436304748,0.0108656426891684,8.284600219385375e-14,
1700747543178-2-15-4-17-5,Sadness,Correct,Sadness,-2,0.08007721,0.08007721,,,,,,,,,,,,,,,0.1185398548841476,0.1343664824962616,0.0287731997668743,
1700747543178-2-15-4-17-5,Sadness,Correct,Sadness,-1,0.188621,0.188621,,,,,,,,,,,,,,,0.3329141736030578,0.344003826379776,0.2649906575679779,
1700747543178-2-15-4-17-5,Sadness,Correct,Sadness,0,0.3619167,0.3619167,,,,,,,,,,,,,,,0.3329141736030578,0.344003826379776,0.2649906575679779,
1700747543178-2-15-4-17-5,Sadness,Correct,Sadness,1,0.49496526,0.49496526,,,,,,,,,,,,,,,0.469352513551712,0.4798304140567779,0.5179293155670166,
1700747543178-2-15-4-17-5,Sadness,Correct,Sadness,2,0.5237214,0.5237214,,,,,,,,,,,,,,,0.4212556183338165,0.4473265409469604,0.5633421540260315,
1700747543178-2-15-4-17-5,Sadness,Correct,Sadness,3,0.56234854,0.56234854,,,,,,,,,,,,,,,0.3837212026119232,0.3958927094936371,0.5753633975982666,
1700747543178-2-15-4-17-5,Sadness,Correct,Sadness,4,0.6031824,0.6031824,,,,,,,,,,,,,,,0.228217676281929,0.2597026526927948,0.6542302370071411,
1700747543178-2-15-4-17-5,Sadness,Correct,Sadness,5,0.7536339,0.7536339,,,,,,,,,,,,,,,0.1563117057085037,0.1798827797174453,0.6572275757789612,
1700747543178-2-15-4-17-5,Sadness,Correct,Sadness,6,0.8411223,0.8411223,,,,,,,,,,,,,,,0.1563117057085037,0.1798827797174453,0.6572275757789612,
1700747543178-2-15-4-17-5,Sadness,Correct,Sadness,7,0.8940071,0.8940071,,,,,,,,,,,,,,,0.1558085083961486,0.1845435351133346,0.6330190896987915,
1700747543178-2-15-4-17-5,Sadness,Correct,Sadness,8,0.93122715,0.93122715,,,,,,,,,,,,,,,0.1341871619224548,0.1520796865224838,0.6304570436477661,
1700756276004-2-18-1-1-5,Sadness,Correct,Sadness,-8,0.012280119,0.012280119,,,,,,,,,,,,,,,0.5442769527435303,0.5450283885002136,0.6474208235740662,
1700756276004-2-18-1-1-5,Sadness,Correct,Sadness,-7,0.32326138,0.32326138,,,,,,,,,,,,,,,0.3565540313720703,0.3567985892295837,0.7687308192253113,
1700756276004-2-18-1-1-5,Sadness,Correct,Sadness,-6,0.36025783,0.36025783,,,,,,,,,,,,,,,0.2687868475914001,0.308361291885376,0.708148181438446,
1700756276004-2-18-1-1-5,Sadness,Correct,Sadness,-5,0.24595569,0.24595569,,,,,,,,,,,,,,,0.1247274726629257,0.1598610281944275,0.6183612942695618,
1700756276004-2-18-1-1-5,Sadness,Correct,Sadness,-4,0.1950442,0.1950442,,,,,,,,,,,,,,,0.1204756423830986,0.1499107927083969,0.6295804977416992,
1700756276004-2-18-1-1-5,Sadness,Correct,Sadness,-3,0.18090065,0.18090065,,,,,,,,,,,,,,,0.1061417460441589,0.1344749182462692,0.6661545038223267,
1700756276004-2-18-1-1-5,Sadness,Correct,Sadness,-2,0.18257642,0.18257642,,,,,,,,,,,,,,,0.1072908565402031,0.1464173644781112,0.7054578065872192,
1700756276004-2-18-1-1-5,Sadness,Correct,Sadness,-1,0.4696654,0.4696654,,,,,,,,,,,,,,,0.1010426133871078,0.1315711587667465,0.7242077589035034,
1700756276004-2-18-1-1-5,Sadness,Correct,Sadness,0,0.9328525,0.9328525,,,,,,,,,,,,,,,0.0799829736351966,0.1090302094817161,0.833906352519989,
1700756276004-2-18-1-1-5,Sadness,Correct,Sadness,1,0.98515505,0.98515505,,,,,,,,,,,,,,,0.0799829736351966,0.1090302094817161,0.833906352519989,
1700756276004-2-18-1-1-5,Sadness,Correct,Sadness,2,0.99405,0.99405,,,,,,,,,,,,,,,0.0799829736351966,0.1090302094817161,0.833906352519989,
1700756276004-2-18-1-1-5,Sadness,Correct,Sadness,3,0.99621624,0.99621624,,,,,,,,,,,,,,,0.0882121920585632,0.116042174398899,0.8876233696937561,
1700756276004-2-18-1-1-5,Sadness,Correct,Sadness,4,0.9972389,0.9972389,,,,,,,,,,,,,,,0.0882121920585632,0.116042174398899,0.8876233696937561,
1700756276004-2-18-1-1-5,Sadness,Correct,Sadness,5,0.99779093,0.99779093,,,,,,,,,,,,,,,0.0792025625705719,0.0974406227469444,0.9162644743919371,
1700756276004-2-18-1-1-5,Sadness,Correct,Sadness,6,0.99791795,0.99791795,,,,,,,,,,,,,,,0.0769724920392036,0.0935980901122093,0.9180090427398682,
1700756276004-2-18-1-1-5,Sadness,Correct,Sadness,7,0.9981147,0.9981147,,,,,,,,,,,,,,,0.0592199824750423,0.0797231867909431,0.9281181693077089,
1700756276004-2-18-1-1-5,Sadness,Correct,Sadness,8,0.99824893,0.99824893,,,,,,,,,,,,,,,0.0592199824750423,0.0797231867909431,0.9281181693077089,
1700756285404-2-18-1-5-5,Sadness,Correct,Sadness,-8,0.033688966,0.033688966,,,,,,,,,,,,,,,9.626928658690304e-06,1.186302506539505e-05,4.307176428128452e-14,
1700756285404-2-18-1-5-5,Sadness,Correct,Sadness,-7,0.015500575,0.015500575,,,,,,,,,,,,,,,5.906778369535459e-06,7.336262569879182e-06,6.198269894168223e-15,
1700756285404-2-18-1-5-5,Sadness,Correct,Sadness,-6,0.0072336686,0.0072336686,,,,,,,,,,,,,,,3.70730526810803e-06,4.635220648196992e-06,1.0345416895791689e-15,
1700756285404-2-18-1-5-5,Sadness,Correct,Sadness,-5,0.0036271377,0.0036271377,,,,,,,,,,,,,,,2.371788923483109e-06,2.982090109071578e-06,1.989681054844841e-16,
1700756285404-2-18-1-5-5,Sadness,Correct,Sadness,-4,0.0023005554,0.0023005554,,,,,,,,,,,,,,,0.171856015920639,0.1826628893613815,0.0732159614562988,
1700756285404-2-18-1-5-5,Sadness,Correct,Sadness,-3,0.0029601227,0.0029601227,,,,,,,,,,,,,,,0.4633963406085968,0.4905678629875183,0.3030025362968445,
1700756285404-2-18-1-5-5,Sadness,Correct,Sadness,-2,0.020024175,0.020024175,,,,,,,,,,,,,,,0.599199116230011,0.6105442643165588,0.4665780961513519,
1700756285404-2-18-1-5-5,Sadness,Correct,Sadness,-1,0.2475274,0.2475274,,,,,,,,,,,,,,,0.7034180164337158,0.7196359038352966,0.5352982878684998,
1700756285404-2-18-1-5-5,Sadness,Correct,Sadness,0,0.5534331,0.5534331,,,,,,,,,,,,,,,0.7219756841659546,0.7330082058906555,0.5848254561424255,
1700756285404-2-18-1-5-5,Sadness,Correct,Sadness,1,0.77653456,0.77653456,,,,,,,,,,,,,,,0.6808875203132629,0.6969338059425354,0.6284263730049133,
1700756285404-2-18-1-5-5,Sadness,Correct,Sadness,2,0.8704188,0.8704188,,,,,,,,,,,,,,,0.6332512497901917,0.6444195508956909,0.6561257839202881,
1700756285404-2-18-1-5-5,Sadness,Correct,Sadness,3,0.92254686,0.92254686,,,,,,,,,,,,,,,0.5815207362174988,0.5923966765403748,0.6676383018493652,
1700756285404-2-18-1-5-5,Sadness,Correct,Sadness,4,0.9552848,0.9552848,,,,,,,,,,,,,,,0.5765309929847717,0.6019607782363892,0.6784563660621643,
1700756285404-2-18-1-5-5,Sadness,Correct,Sadness,5,0.97314394,0.97314394,,,,,,,,,,,,,,,0.5765309929847717,0.6019607782363892,0.6784563660621643,
1700756285404-2-18-1-5-5,Sadness,Correct,Sadness,6,0.983603,0.983603,,,,,,,,,,,,,,,0.5459619760513306,0.5630923509597778,0.6783045530319214,
1700756285404-2-18-1-5-5,Sadness,Correct,Sadness,7,0.98944396,0.98944396,,,,,,,,,,,,,,,0.5307307243347168,0.5645970106124878,0.6939651966094971,
1700756285404-2-18-1-5-5,Sadness,Correct,Sadness,8,0.9924469,0.9924469,,,,,,,,,,,,,,,0.5158334374427795,0.5447967052459717,0.705133855342865,
1700756494467-2-18-3-6-5,Sadness,Correct,Sadness,-4,0.10358476,0.10358476,,,,,,,,,,,,,,,5.03063783980906e-05,9.326694998890162e-05,2.9576512350359963e-09,
1700756494467-2-18-3-6-5,Sadness,Correct,Sadness,-3,0.07541784,0.07541784,,,,,,,,,,,,,,,0.1066392958164215,0.0906971171498298,0.0338284559547901,
1700756494467-2-18-3-6-5,Sadness,Correct,Sadness,-2,0.04491621,0.04491621,,,,,,,,,,,,,,,0.1066392958164215,0.0906971171498298,0.0338284559547901,
1700756494467-2-18-3-6-5,Sadness,Correct,Sadness,-1,0.2872483,0.2872483,,,,,,,,,,,,,,,0.3315479457378387,0.3321019113063812,0.648719847202301,
1700756494467-2-18-3-6-5,Sadness,Correct,Sadness,0,0.6747794,0.6747794,,,,,,,,,,,,,,,0.2202189117670059,0.2296614497900009,0.8055478930473328,
1700756494467-2-18-3-6-5,Sadness,Correct,Sadness,1,0.7481688,0.7481688,,,,,,,,,,,,,,,0.2202189117670059,0.2296614497900009,0.8055478930473328,
1700756494467-2-18-3-6-5,Sadness,Correct,Sadness,2,0.74000615,0.74000615,,,,,,,,,,,,,,,0.0773386061191558,0.0880169048905372,0.8629381656646729,
1700756494467-2-18-3-6-5,Sadness,Correct,Sadness,3,0.76162577,0.76162577,,,,,,,,,,,,,,,0.0773386061191558,0.0880169048905372,0.8629381656646729,
1700756494467-2-18-3-6-5,Sadness,Correct,Sadness,4,0.7774375,0.7774375,,,,,,,,,,,,,,,0.0952986106276512,0.0988602489233017,0.8794974684715271,
1700756494467-2-18-3-6-5,Sadness,Correct,Sadness,5,0.852139,0.852139,,,,,,,,,,,,,,,0.181503027677536,0.1927161514759063,0.836178719997406,
1700756494467-2-18-3-6-5,Sadness,Correct,Sadness,6,0.89711756,0.89711756,,,,,,,,,,,,,,,0.1928119957447052,0.2182215452194214,0.7922270894050598,
1700756494467-2-18-3-6-5,Sadness,Correct,Sadness,7,0.92960596,0.92960596,,,,,,,,,,,,,,,0.1780688762664795,0.2015195488929748,0.7534457445144653,
1700756494467-2-18-3-6-5,Sadness,Correct,Sadness,8,0.9457913,0.9457913,,,,,,,,,,,,,,,0.1780688762664795,0.2015195488929748,0.7534457445144653,
1700756512745-2-18-3-15-5,Sadness,Correct,Sadness,-2,0.3729052,0.3729052,,,,,,,,,,,,,,,0.491941750049591,0.5120980143547058,0.7908480763435364,
1700756512745-2-18-3-15-5,Sadness,Correct,Sadness,-1,0.43000266,0.43000266,,,,,,,,,,,,,,,0.491941750049591,0.5120980143547058,0.7908480763435364,
1700756512745-2-18-3-15-5,Sadness,Correct,Sadness,0,0.5615107,0.5615107,,,,,,,,,,,,,,,0.4879968464374542,0.4987015426158905,0.7861159443855286,
1700756512745-2-18-3-15-5,Sadness,Correct,Sadness,1,0.6639577,0.6639577,,,,,,,,,,,,,,,0.4679003655910492,0.4905076622962951,0.7541460394859314,
1700756512745-2-18-3-15-5,Sadness,Correct,Sadness,2,0.7448277,0.7448277,,,,,,,,,,,,,,,0.4679003655910492,0.4905076622962951,0.7541460394859314,
1700756512745-2-18-3-15-5,Sadness,Correct,Sadness,3,0.8101226,0.8101226,,,,,,,,,,,,,,,0.4656382501125335,0.4972451329231262,0.745078980922699,
1700756512745-2-18-3-15-5,Sadness,Correct,Sadness,4,0.86022025,0.86022025,,,,,,,,,,,,,,,0.4656382501125335,0.4972451329231262,0.745078980922699,
1700756512745-2-18-3-15-5,Sadness,Correct,Sadness,5,0.89203423,0.89203423,,,,,,,,,,,,,,,0.4923611283302307,0.519632875919342,0.7358924150466919,
1700756512745-2-18-3-15-5,Sadness,Correct,Sadness,6,0.91851866,0.91851866,,,,,,,,,,,,,,,0.4884054958820343,0.515353798866272,0.741245448589325,
1700756512745-2-18-3-15-5,Sadness,Correct,Sadness,7,0.9361367,0.9361367,,,,,,,,,,,,,,,0.4863247573375702,0.5132358074188232,0.7326539754867554,
1700756512745-2-18-3-15-5,Sadness,Correct,Sadness,8,0.94799286,0.94799286,,,,,,,,,,,,,,,0.4863247573375702,0.5132358074188232,0.7326539754867554,
1700756706103-2-18-4-1-5,Sadness,Correct,Sadness,-1,0.5436409,0.5436409,,,,,,,,,,,,,,,0.7314473390579224,0.7420512437820435,0.4146904051303863,
1700756706103-2-18-4-1-5,Sadness,Correct,Sadness,0,0.7557027,0.7557027,,,,,,,,,,,,,,,0.5841619372367859,0.5947378873825073,0.4544369876384735,
1700756706103-2-18-4-1-5,Sadness,Correct,Sadness,1,0.6786036,0.6786036,,,,,,,,,,,,,,,0.4623488485813141,0.4590349197387695,0.5343668460845947,
1700756706103-2-18-4-1-5,Sadness,Correct,Sadness,2,0.38129845,0.38129845,,,,,,,,,,,,,,,0.2818338572978973,0.2806728780269623,0.5740535855293274,
1700756706103-2-18-4-1-5,Sadness,Correct,Sadness,3,0.16984463,0.16984463,,,,,,,,,,,,,,,0.1550137400627136,0.1547805666923523,0.5861043334007263,
1700756706103-2-18-4-1-5,Sadness,Correct,Sadness,4,0.10414024,0.10414024,,,,,,,,,,,,,,,0.1820095479488372,0.1820533275604248,0.586706280708313,
1700756706103-2-18-4-1-5,Sadness,Correct,Sadness,5,0.0882769,0.0882769,,,,,,,,,,,,,,,0.2248081564903259,0.2361474186182022,0.552075207233429,
1700756706103-2-18-4-1-5,Sadness,Correct,Sadness,6,0.090561636,0.090561636,,,,,,,,,,,,,,,0.3206368088722229,0.3330183029174804,0.4919636845588684,
1700756706103-2-18-4-1-5,Sadness,Correct,Sadness,7,0.098215,0.098215,,,,,,,,,,,,,,,0.2762603759765625,0.2947628498077392,0.3162540793418884,
1700756706103-2-18-4-1-5,Sadness,Correct,Sadness,8,0.09504495,0.09504495,,,,,,,,,,,,,,,0.0396414473652839,0.0510178580880165,0.0748796314001083,
1700756719177-2-18-4-8-5,Sadness,Correct,Sadness,-1,0.5422993,0.5422993,,,,,,,,,,,,,,,0.5649393200874329,0.5758702158927917,0.4825970232486725,
1700756719177-2-18-4-8-5,Sadness,Correct,Sadness,0,0.81574297,0.81574297,,,,,,,,,,,,,,,0.5851382613182068,0.5858805179595947,0.4737086296081543,
1700756719177-2-18-4-8-5,Sadness,Correct,Sadness,1,0.9247564,0.9247564,,,,,,,,,,,,,,,0.5670398473739624,0.576891303062439,0.4972012639045715,
1700756719177-2-18-4-8-5,Sadness,Correct,Sadness,2,0.9630569,0.9630569,,,,,,,,,,,,,,,0.5423153638839722,0.553053617477417,0.4995112419128418,
1700756719177-2-18-4-8-5,Sadness,Correct,Sadness,3,0.9779349,0.9779349,,,,,,,,,,,,,,,0.5160456299781799,0.5251665115356445,0.5092945694923401,
1700756719177-2-18-4-8-5,Sadness,Correct,Sadness,4,0.98386014,0.98386014,,,,,,,,,,,,,,,0.4641218483448028,0.4734938144683838,0.5199503302574158,
1700756719177-2-18-4-8-5,Sadness,Correct,Sadness,5,0.98676145,0.98676145,,,,,,,,,,,,,,,0.4417410492897033,0.4422429203987121,0.5603442788124084,
1700756719177-2-18-4-8-5,Sadness,Correct,Sadness,6,0.9885156,0.9885156,,,,,,,,,,,,,,,0.4442003071308136,0.4363318085670471,0.5840405225753784,
1700756719177-2-18-4-8-5,Sadness,Correct,Sadness,7,0.9896624,0.9896624,,,,,,,,,,,,,,,0.4450037181377411,0.4426008462905884,0.6109917163848877,
1700756719177-2-18-4-8-5,Sadness,Correct,Sadness,8,0.9909298,0.9909298,,,,,,,,,,,,,,,0.460758239030838,0.4567802846431732,0.6282592415809631,
1700756739446-2-18-4-20-5,Sadness,Correct,Sadness,-4,0.10027551,0.10027551,,,,,,,,,,,,,,,6.5148246903845575e-06,2.2592910681851208e-05,1.450246715252457e-12,
1700756739446-2-18-4-20-5,Sadness,Correct,Sadness,-3,0.06359135,0.06359135,,,,,,,,,,,,,,,0.0807373151183128,0.0648387894034385,0.0048417928628623,
1700756739446-2-18-4-20-5,Sadness,Correct,Sadness,-2,0.058152534,0.058152534,,,,,,,,,,,,,,,0.3047197759151459,0.3041055798530578,0.1341810822486877,
1700756739446-2-18-4-20-5,Sadness,Correct,Sadness,-1,0.33878386,0.33878386,,,,,,,,,,,,,,,0.6330572962760925,0.6492067575454712,0.4461376368999481,
1700756739446-2-18-4-20-5,Sadness,Correct,Sadness,0,0.82773244,0.82773244,,,,,,,,,,,,,,,0.5051597356796265,0.5160866379737854,0.5721471309661865,
1700756739446-2-18-4-20-5,Sadness,Correct,Sadness,1,0.90864164,0.90864164,,,,,,,,,,,,,,,0.3903488516807556,0.3914013803005218,0.6390216946601868,
1700756739446-2-18-4-20-5,Sadness,Correct,Sadness,2,0.95190257,0.95190257,,,,,,,,,,,,,,,0.3180632591247558,0.3283814191818237,0.6936322450637817,
1700756739446-2-18-4-20-5,Sadness,Correct,Sadness,3,0.9731751,0.9731751,,,,,,,,,,,,,,,0.3180632591247558,0.3283814191818237,0.6936322450637817,
1700756739446-2-18-4-20-5,Sadness,Correct,Sadness,4,0.9857026,0.9857026,,,,,,,,,,,,,,,0.3511067032814026,0.3526455760002136,0.6687945127487183,
1700756739446-2-18-4-20-5,Sadness,Correct,Sadness,5,0.9904018,0.9904018,,,,,,,,,,,,,,,0.412016212940216,0.4017192423343658,0.7043836116790771,
1700756739446-2-18-4-20-5,Sadness,Correct,Sadness,6,0.991859,0.991859,,,,,,,,,,,,,,,0.3940872848033905,0.3926742374897003,0.7318708300590515,
1700756739446-2-18-4-20-5,Sadness,Correct,Sadness,7,0.9929033,0.9929033,,,,,,,,,,,,,,,0.3940872848033905,0.3926742374897003,0.7318708300590515,
1700756739446-2-18-4-20-5,Sadness,Correct,Sadness,8,0.99333715,0.99333715,,,,,,,,,,,,,,,0.4505662322044372,0.4401370584964752,0.6835751533508301,
1701085397170-2-23-1-1-5,Sadness,Correct,Sadness,-1,0.6138119,0.6138119,,,,,,,,,,,,,,,0.8711057305335999,0.886256217956543,0.6384832262992859,
1701085397170-2-23-1-1-5,Sadness,Correct,Sadness,0,0.8477756,0.8477756,,,,,,,,,,,,,,,0.8683013916015625,0.8838603496551514,0.6329702734947205,
1701085397170-2-23-1-1-5,Sadness,Correct,Sadness,1,0.93178225,0.93178225,,,,,,,,,,,,,,,0.8751952648162842,0.8874294757843018,0.6260528564453125,
1701085397170-2-23-1-1-5,Sadness,Correct,Sadness,2,0.96106744,0.96106744,,,,,,,,,,,,,,,0.870283305644989,0.8844105005264282,0.6367377638816833,
1701085397170-2-23-1-1-5,Sadness,Correct,Sadness,3,0.9729276,0.9729276,,,,,,,,,,,,,,,0.8676196336746216,0.8711554408073425,0.6329957246780396,
1701085397170-2-23-1-1-5,Sadness,Correct,Sadness,4,0.97932786,0.97932786,,,,,,,,,,,,,,,0.8661195039749146,0.8666775226593018,0.6244636178016663,
1701085397170-2-23-1-1-5,Sadness,Correct,Sadness,5,0.9833385,0.9833385,,,,,,,,,,,,,,,0.8652463555335999,0.8650261163711548,0.6199716329574585,
1701085397170-2-23-1-1-5,Sadness,Correct,Sadness,6,0.98614836,0.98614836,,,,,,,,,,,,,,,0.8581916093826294,0.8643666505813599,0.6342080235481262,
1701085397170-2-23-1-1-5,Sadness,Correct,Sadness,7,0.987501,0.987501,,,,,,,,,,,,,,,0.8598565459251404,0.8719265460968018,0.6386099457740784,
1701085397170-2-23-1-1-5,Sadness,Correct,Sadness,8,0.9884349,0.9884349,,,,,,,,,,,,,,,0.8436034321784973,0.8675813674926758,0.6401072144508362,
1701085406198-2-23-1-5-5,Sadness,Correct,Sadness,-8,0.0034120053,0.0034120053,,,,,,,,,,,,,,,0.0108856838196516,0.0108692124485969,3.1353338272310793e-05,
1701085406198-2-23-1-5-5,Sadness,Correct,Sadness,-7,0.0031065717,0.0031065717,,,,,,,,,,,,,,,0.0108783319592475,0.0108677269890904,2.1488429410965185e-05,
1701085406198-2-23-1-5-5,Sadness,Correct,Sadness,-6,0.0028949012,0.0028949012,,,,,,,,,,,,,,,0.0108783319592475,0.0108677269890904,2.1488429410965185e-05,
1701085406198-2-23-1-5-5,Sadness,Correct,Sadness,-5,0.0028421592,0.0028421592,,,,,,,,,,,,,,,0.0108709931373596,0.0108664175495505,1.0231169653707184e-05,
1701085406198-2-23-1-5-5,Sadness,Correct,Sadness,-4,0.0027654842,0.0027654842,,,,,,,,,,,,,,,0.0108691873028874,0.0108661316335201,7.097070920281112e-06,
1701085406198-2-23-1-5-5,Sadness,Correct,Sadness,-3,0.0028344726,0.0028344726,,,,,,,,,,,,,,,0.0108680156990885,0.0204684045165777,4.936513960274169e-06,
1701085406198-2-23-1-5-5,Sadness,Correct,Sadness,-2,0.0071022524,0.0071022524,,,,,,,,,,,,,,,0.4048238098621368,0.4321445226669311,0.1449944376945495,
1701085406198-2-23-1-5-5,Sadness,Correct,Sadness,-1,0.07860333,0.07860333,,,,,,,,,,,,,,,0.6620926856994629,0.6733726263046265,0.291342169046402,
1701085406198-2-23-1-5-5,Sadness,Correct,Sadness,0,0.39850047,0.39850047,,,,,,,,,,,,,,,0.7316608428955078,0.7585005760192871,0.3397665023803711,
1701085406198-2-23-1-5-5,Sadness,Correct,Sadness,1,0.6575971,0.6575971,,,,,,,,,,,,,,,0.7862597107887268,0.8081533312797546,0.4043406844139099,
1701085406198-2-23-1-5-5,Sadness,Correct,Sadness,2,0.812682,0.812682,,,,,,,,,,,,,,,0.7862597107887268,0.8081533312797546,0.4043406844139099,
1701085406198-2-23-1-5-5,Sadness,Correct,Sadness,3,0.8924331,0.8924331,,,,,,,,,,,,,,,0.7982174754142761,0.8090943098068237,0.4336274266242981,
1701085406198-2-23-1-5-5,Sadness,Correct,Sadness,4,0.93745357,0.93745357,,,,,,,,,,,,,,,0.8246552348136902,0.8355159163475037,0.4549268782138824,
1701085406198-2-23-1-5-5,Sadness,Correct,Sadness,5,0.95962787,0.95962787,,,,,,,,,,,,,,,0.8102802634239197,0.8365983366966248,0.4714361131191253,
1701085406198-2-23-1-5-5,Sadness,Correct,Sadness,6,0.97406954,0.97406954,,,,,,,,,,,,,,,0.8248911499977112,0.8520519137382507,0.4725561141967773,
1701085406198-2-23-1-5-5,Sadness,Correct,Sadness,7,0.9812308,0.9812308,,,,,,,,,,,,,,,0.8512471914291382,0.8630841374397278,0.4976048171520233,
1701085406198-2-23-1-5-5,Sadness,Correct,Sadness,8,0.98555773,0.98555773,,,,,,,,,,,,,,,0.8378040790557861,0.8537493348121643,0.5095165371894836,
1701085411341-2-23-1-7-5,Sadness,Correct,Sadness,-8,0.007891326,0.007891326,,,,,,,,,,,,,,,0.010865637101233,0.010865637101233,7.708789254720974e-14,
1701085411341-2-23-1-7-5,Sadness,Correct,Sadness,-7,0.008080409,0.008080409,,,,,,,,,,,,,,,0.0108656389638781,0.0108656389638781,5.429221322191848e-14,
1701085411341-2-23-1-7-5,Sadness,Correct,Sadness,-6,0.008424244,0.008424244,,,,,,,,,,,,,,,0.0108656398952007,0.0108656408265233,3.824195869911799e-14,
1701085411341-2-23-1-7-5,Sadness,Correct,Sadness,-5,0.008113642,0.008113642,,,,,,,,,,,,,,,0.0108656417578458,0.0108656426891684,1.897877437617625e-14,
1701085411341-2-23-1-7-5,Sadness,Correct,Sadness,-4,0.0070347306,0.0070347306,,,,,,,,,,,,,,,0.0108656426891684,0.0108656426891684,1.3371528920734772e-14,
1701085411341-2-23-1-7-5,Sadness,Correct,Sadness,-3,0.014187552,0.014187552,,,,,,,,,,,,,,,0.3702522218227386,0.4248426556587219,0.2665075957775116,
1701085411341-2-23-1-7-5,Sadness,Correct,Sadness,-2,0.14396317,0.14396317,,,,,,,,,,,,,,,0.7952927947044373,0.8227622509002686,0.4699827134609222,
1701085411341-2-23-1-7-5,Sadness,Correct,Sadness,-1,0.39473864,0.39473864,,,,,,,,,,,,,,,0.7952927947044373,0.8227622509002686,0.4699827134609222,
1701085411341-2-23-1-7-5,Sadness,Correct,Sadness,0,0.69359446,0.69359446,,,,,,,,,,,,,,,0.8621724843978882,0.8787323832511902,0.5353071689605713,
1701085411341-2-23-1-7-5,Sadness,Correct,Sadness,1,0.87351525,0.87351525,,,,,,,,,,,,,,,0.8621724843978882,0.8787323832511902,0.5353071689605713,
1701085617891-2-23-3-7-5,Sadness,Correct,Sadness,-1,0.55499303,0.55499303,,,,,,,,,,,,,,,0.6963624358177185,0.7233157753944397,0.6783146262168884,
1701085617891-2-23-3-7-5,Sadness,Correct,Sadness,0,0.8062222,0.8062222,,,,,,,,,,,,,,,0.6798877716064453,0.7225968837738037,0.6790716648101807,
1701085617891-2-23-3-7-5,Sadness,Correct,Sadness,1,0.90993863,0.90993863,,,,,,,,,,,,,,,0.6435398459434509,0.6716220378875732,0.679101288318634,
1701085617891-2-23-3-7-5,Sadness,Correct,Sadness,2,0.9503308,0.9503308,,,,,,,,,,,,,,,0.6312750577926636,0.6684873700141907,0.6945400238037109,
1701085617891-2-23-3-7-5,Sadness,Correct,Sadness,3,0.96923536,0.96923536,,,,,,,,,,,,,,,0.6402088403701782,0.6782323122024536,0.695347011089325,
1701085617891-2-23-3-7-5,Sadness,Correct,Sadness,4,0.9782753,0.9782753,,,,,,,,,,,,,,,0.6316572427749634,0.6683653593063354,0.7205129265785217,
1701085617891-2-23-3-7-5,Sadness,Correct,Sadness,5,0.98298717,0.98298717,,,,,,,,,,,,,,,0.6316572427749634,0.6683653593063354,0.7205129265785217,
1701085617891-2-23-3-7-5,Sadness,Correct,Sadness,6,0.986681,0.986681,,,,,,,,,,,,,,,0.6432864665985107,0.6788946390151978,0.6957436800003052,
1701085617891-2-23-3-7-5,Sadness,Correct,Sadness,7,0.98889285,0.98889285,,,,,,,,,,,,,,,0.6432864665985107,0.6788946390151978,0.6957436800003052,
1701085617891-2-23-3-7-5,Sadness,Correct,Sadness,8,0.9901126,0.9901126,,,,,,,,,,,,,,,0.6415004730224609,0.6703766584396362,0.7048738598823547,
1701085633973-2-23-3-15-5,Sadness,Correct,Sadness,-1,0.56615204,0.56615204,,,,,,,,,,,,,,,0.7196744084358215,0.7340711355209351,0.6959744095802307,
1701085633973-2-23-3-15-5,Sadness,Correct,Sadness,0,0.80555904,0.80555904,,,,,,,,,,,,,,,0.7080474495887756,0.7274035215377808,0.6955737471580505,
1701085633973-2-23-3-15-5,Sadness,Correct,Sadness,1,0.920963,0.920963,,,,,,,,,,,,,,,0.7069513201713562,0.7314086556434631,0.703423798084259,
1701085633973-2-23-3-15-5,Sadness,Correct,Sadness,2,0.96339965,0.96339965,,,,,,,,,,,,,,,0.718165934085846,0.7405915260314941,0.6985023021697998,
1701085633973-2-23-3-15-5,Sadness,Correct,Sadness,3,0.9787837,0.9787837,,,,,,,,,,,,,,,0.7211819291114807,0.7431097626686096,0.7038044333457947,
1701085633973-2-23-3-15-5,Sadness,Correct,Sadness,4,0.9860621,0.9860621,,,,,,,,,,,,,,,0.7090872526168823,0.735838770866394,0.6994326710700989,
1701085633973-2-23-3-15-5,Sadness,Correct,Sadness,5,0.98964894,0.98964894,,,,,,,,,,,,,,,0.7029910087585449,0.7312665581703186,0.7037704586982727,
1701085633973-2-23-3-15-5,Sadness,Correct,Sadness,6,0.9918453,0.9918453,,,,,,,,,,,,,,,0.6873703598976135,0.7058631181716919,0.7052719593048096,
1701085633973-2-23-3-15-5,Sadness,Correct,Sadness,7,0.99270284,0.99270284,,,,,,,,,,,,,,,0.6899823546409607,0.7126159071922302,0.7058380842208862,
1701085633973-2-23-3-15-5,Sadness,Correct,Sadness,8,0.99365354,0.99365354,,,,,,,,,,,,,,,0.6986400485038757,0.724765956401825,0.7026393413543701,
1701085784771-2-23-4-1-5,Sadness,Correct,Sadness,-8,0.053592082,0.053592082,,,,,,,,,,,,,,,0.0100777484476566,0.010865643620491,6.910094612067041e-07,
1701085784771-2-23-4-1-5,Sadness,Correct,Sadness,-7,0.05036359,0.05036359,,,,,,,,,,,,,,,0.0103379050269722,0.010865643620491,4.779217874784081e-07,
1701085784771-2-23-4-1-5,Sadness,Correct,Sadness,-6,0.04702402,0.04702402,,,,,,,,,,,,,,,0.0106230191886425,0.010865643620491,2.307145052782289e-07,
1701085784771-2-23-4-1-5,Sadness,Correct,Sadness,-5,0.043491736,0.043491736,,,,,,,,,,,,,,,0.0106230191886425,0.010865643620491,2.307145052782289e-07,
1701085784771-2-23-4-1-5,Sadness,Correct,Sadness,-4,0.04081419,0.04081419,,,,,,,,,,,,,,,0.0107513722032308,0.0204088613390922,1.123811230741012e-07,
1701085784771-2-23-4-1-5,Sadness,Correct,Sadness,-3,0.044084564,0.044084564,,,,,,,,,,,,,,,0.0445667020976543,0.0818566605448722,0.0287499576807022,
1701085784771-2-23-4-1-5,Sadness,Correct,Sadness,-2,0.047622137,0.047622137,,,,,,,,,,,,,,,0.0445667020976543,0.0818566605448722,0.0287499576807022,
1701085784771-2-23-4-1-5,Sadness,Correct,Sadness,-1,0.2951188,0.2951188,,,,,,,,,,,,,,,0.7162621021270752,0.7276983261108398,0.4520096182823181,
1701085784771-2-23-4-1-5,Sadness,Correct,Sadness,0,0.68644667,0.68644667,,,,,,,,,,,,,,,0.7162621021270752,0.7276983261108398,0.4520096182823181,
1701085784771-2-23-4-1-5,Sadness,Correct,Sadness,1,0.8918167,0.8918167,,,,,,,,,,,,,,,0.7967372536659241,0.8235870003700256,0.5349954962730408,
1701085784771-2-23-4-1-5,Sadness,Correct,Sadness,2,0.9494879,0.9494879,,,,,,,,,,,,,,,0.8250293135643005,0.8363093137741089,0.5849336981773376,
1701085784771-2-23-4-1-5,Sadness,Correct,Sadness,3,0.97090316,0.97090316,,,,,,,,,,,,,,,0.825765073299408,0.836643636226654,0.6548620462417603,
1701085784771-2-23-4-1-5,Sadness,Correct,Sadness,4,0.97978026,0.97978026,,,,,,,,,,,,,,,0.8101301193237305,0.8366541266441345,0.6676995158195496,
1701085784771-2-23-4-1-5,Sadness,Correct,Sadness,5,0.984344,0.984344,,,,,,,,,,,,,,,0.8250910043716431,0.8366544842720032,0.6682112216949463,
1701085784771-2-23-4-1-5,Sadness,Correct,Sadness,6,0.98723894,0.98723894,,,,,,,,,,,,,,,0.7987353205680847,0.8107241988182068,0.6682369709014893,
1701085784771-2-23-4-1-5,Sadness,Correct,Sadness,7,0.9889564,0.9889564,,,,,,,,,,,,,,,0.7887377142906189,0.8095970153808594,0.6682370901107788,
1701085784771-2-23-4-1-5,Sadness,Correct,Sadness,8,0.9906743,0.9906743,,,,,,,,,,,,,,,0.8014906644821167,0.812585175037384,0.6682370901107788,
1701085796688-2-23-4-8-5,Sadness,Correct,Sadness,-7,0.10719016,0.10719016,,,,,,,,,,,,,,,0.0101504577323794,0.0101472958922386,4.673789372981249e-21,
1701085796688-2-23-4-8-5,Sadness,Correct,Sadness,-6,0.08132947,0.08132947,,,,,,,,,,,,,,,0.010458955541253,0.0104568479582667,1.7540653675387135e-21,
1701085796688-2-23-4-8-5,Sadness,Correct,Sadness,-5,0.056162506,0.056162506,,,,,,,,,,,,,,,0.0106263794004917,0.0106249833479523,7.162852475567973e-22,
1701085796688-2-23-4-8-5,Sadness,Correct,Sadness,-4,0.055954427,0.055954427,,,,,,,,,,,,,,,0.010720731690526,0.0107198059558868,3.1547948616755935e-22,
1701085796688-2-23-4-8-5,Sadness,Correct,Sadness,-3,0.12487176,0.12487176,,,,,,,,,,,,,,,0.0107756862416863,0.0107750697061419,1.4859973557862488e-22,
1701085796688-2-23-4-8-5,Sadness,Correct,Sadness,-2,0.1767186,0.1767186,,,,,,,,,,,,,,,0.1560246795415878,0.1991467922925949,0.1336020827293396,
1701085796688-2-23-4-8-5,Sadness,Correct,Sadness,-1,0.3048806,0.3048806,,,,,,,,,,,,,,,0.6030765175819397,0.6309505701065063,0.3547403514385223,
1701085796688-2-23-4-8-5,Sadness,Correct,Sadness,0,0.570487,0.570487,,,,,,,,,,,,,,,0.719778835773468,0.7416996359825134,0.4157491326332092,
1701085796688-2-23-4-8-5,Sadness,Correct,Sadness,1,0.81393147,0.81393147,,,,,,,,,,,,,,,0.786072850227356,0.7972078919410706,0.4441730082035064,
1701085796688-2-23-4-8-5,Sadness,Correct,Sadness,2,0.8952291,0.8952291,,,,,,,,,,,,,,,0.7982593178749084,0.8091316223144531,0.4816984534263611,
1701085796688-2-23-4-8-5,Sadness,Correct,Sadness,3,0.93575925,0.93575925,,,,,,,,,,,,,,,0.8091086149215698,0.8252280950546265,0.4834204018115997,
1701085796688-2-23-4-8-5,Sadness,Correct,Sadness,4,0.95692265,0.95692265,,,,,,,,,,,,,,,0.8094748854637146,0.8362076878547668,0.4988172054290771,
1701085796688-2-23-4-8-5,Sadness,Correct,Sadness,5,0.97121394,0.97121394,,,,,,,,,,,,,,,0.79917311668396,0.8262941837310791,0.4997467994689941,
1701085796688-2-23-4-8-5,Sadness,Correct,Sadness,6,0.978066,0.978066,,,,,,,,,,,,,,,0.7986578345298767,0.8258181214332581,0.5098032355308533,
1701085796688-2-23-4-8-5,Sadness,Correct,Sadness,7,0.98229146,0.98229146,,,,,,,,,,,,,,,0.8087557554244995,0.8257909417152405,0.520508348941803,
1701085796688-2-23-4-8-5,Sadness,Correct,Sadness,8,0.985713,0.985713,,,,,,,,,,,,,,,0.8094313740730286,0.8257890939712524,0.5362310409545898,
1701085812843-2-23-4-17-5,Sadness,Correct,Sadness,-8,0.0013884772,0.0013884772,,,,,,,,,,,,,,,0.0095789516344666,0.0092193055897951,0.0024857206735759,
1701085812843-2-23-4-17-5,Sadness,Correct,Sadness,-7,0.001329467,0.001329467,,,,,,,,,,,,,,,0.0104681989178061,0.0101216668263077,0.0065006976947188,
1701085812843-2-23-4-17-5,Sadness,Correct,Sadness,-6,0.0015318467,0.0015318467,,,,,,,,,,,,,,,0.0106323836371302,0.0103596448898315,0.0086745042353868,
1701085812843-2-23-4-17-5,Sadness,Correct,Sadness,-5,0.0017820729,0.0017820729,,,,,,,,,,,,,,,0.0106323836371302,0.0103596448898315,0.0086745042353868,
1701085812843-2-23-4-17-5,Sadness,Correct,Sadness,-4,0.0025959567,0.0025959567,,,,,,,,,,,,,,,0.0107782771810889,0.0106275202706456,0.0451933406293392,
1701085812843-2-23-4-17-5,Sadness,Correct,Sadness,-3,0.007557224,0.007557224,,,,,,,,,,,,,,,0.1991493552923202,0.2368728816509246,0.3518242835998535,
1701085812843-2-23-4-17-5,Sadness,Correct,Sadness,-2,0.07122832,0.07122832,,,,,,,,,,,,,,,0.6039720773696899,0.6316917538642883,0.5805051922798157,
1701085812843-2-23-4-17-5,Sadness,Correct,Sadness,-1,0.4319315,0.4319315,,,,,,,,,,,,,,,0.6039720773696899,0.6316917538642883,0.5805051922798157,
1701085812843-2-23-4-17-5,Sadness,Correct,Sadness,0,0.8245841,0.8245841,,,,,,,,,,,,,,,0.7037892937660217,0.7310315370559692,0.6658748984336853,
1701085812843-2-23-4-17-5,Sadness,Correct,Sadness,1,0.92474544,0.92474544,,,,,,,,,,,,,,,0.7322015762329102,0.743588387966156,0.7058495879173279,
1701085812843-2-23-4-17-5,Sadness,Correct,Sadness,2,0.9498388,0.9498388,,,,,,,,,,,,,,,0.7322015762329102,0.743588387966156,0.7058495879173279,
1701085812843-2-23-4-17-5,Sadness,Correct,Sadness,3,0.96817386,0.96817386,,,,,,,,,,,,,,,0.7334287166595459,0.7442952990531921,0.7321751713752747,
1701085812843-2-23-4-17-5,Sadness,Correct,Sadness,4,0.97522527,0.97522527,,,,,,,,,,,,,,,0.7334287166595459,0.7442952990531921,0.7321751713752747,
1701094450282-2-27-1-5-5,Sadness,Correct,Sadness,-8,8.324748e-05,8.324748e-05,,,,,,,,,,,,,,,1.851013803388924e-05,0.0096458466723561,2.5131504768162656e-19,
1701094450282-2-27-1-5-5,Sadness,Correct,Sadness,-7,0.000102298,0.000102298,,,,,,,,,,,,,,,1.264146703761071e-05,0.0100914360955357,8.873180648023106e-20,
1701094450282-2-27-1-5-5,Sadness,Correct,Sadness,-6,0.00012261284,0.00012261284,,,,,,,,,,,,,,,8.679932761879172e-06,0.01036564912647,3.429127312539727e-20,
1701094450282-2-27-1-5-5,Sadness,Correct,Sadness,-5,0.00018126209,0.00018126209,,,,,,,,,,,,,,,5.986563337501138e-06,0.0105379922315478,1.4376731857121203e-20,
1701094450282-2-27-1-5-5,Sadness,Correct,Sadness,-4,0.00039084916,0.00039084916,,,,,,,,,,,,,,,0.0058419681154191,0.0106482869014143,6.4823571783270055e-21,
1701094450282-2-27-1-5-5,Sadness,Correct,Sadness,-3,0.0010688945,0.0010688945,,,,,,,,,,,,,,,0.0550921484827995,0.0653415024280548,0.0796893239021301,
1701094450282-2-27-1-5-5,Sadness,Correct,Sadness,-2,0.0064992043,0.0064992043,,,,,,,,,,,,,,,0.6553976535797119,0.6825678944587708,0.4445927441120147,
1701094450282-2-27-1-5-5,Sadness,Correct,Sadness,-1,0.06623719,0.06623719,,,,,,,,,,,,,,,0.7423258423805237,0.7695373892784119,0.4979658424854278,
1701094450282-2-27-1-5-5,Sadness,Correct,Sadness,0,0.23811029,0.23811029,,,,,,,,,,,,,,,0.7972643971443176,0.8244591355323792,0.562739908695221,
1701094450282-2-27-1-5-5,Sadness,Correct,Sadness,1,0.33571365,0.33571365,,,,,,,,,,,,,,,0.7985853552818298,0.8257511258125305,0.5858273506164551,
1701094450282-2-27-1-5-5,Sadness,Correct,Sadness,2,0.42353976,0.42353976,,,,,,,,,,,,,,,0.7881461977958679,0.7996131181716919,0.6022956967353821,
1701094450282-2-27-1-5-5,Sadness,Correct,Sadness,3,0.5347883,0.5347883,,,,,,,,,,,,,,,0.7877757549285889,0.7986679077148438,0.6133298873901367,
1701094450282-2-27-1-5-5,Sadness,Correct,Sadness,4,0.61819893,0.61819893,,,,,,,,,,,,,,,0.7877600193023682,0.7986270785331726,0.6395935416221619,
1701094450282-2-27-1-5-5,Sadness,Correct,Sadness,5,0.6891489,0.6891489,,,,,,,,,,,,,,,0.7877592444419861,0.7986249923706055,0.6308338046073914,
1701094450282-2-27-1-5-5,Sadness,Correct,Sadness,6,0.7637879,0.7637879,,,,,,,,,,,,,,,0.7877591848373413,0.7986248135566711,0.6403089761734009,
1701094450282-2-27-1-5-5,Sadness,Correct,Sadness,7,0.84884363,0.84884363,,,,,,,,,,,,,,,0.8078463077545166,0.823761522769928,0.6167158484458923,
1701094450282-2-27-1-5-5,Sadness,Correct,Sadness,8,0.91363764,0.91363764,,,,,,,,,,,,,,,0.8093432784080505,0.8256098628044128,0.6142587661743164,
1701094455829-2-27-1-7-5,Sadness,Correct,Sadness,-1,0.5990013,0.5990013,,,,,,,,,,,,,,,0.8538863062858582,0.8902446031570435,0.5214235186576843,
1701094455829-2-27-1-7-5,Sadness,Correct,Sadness,0,0.85487247,0.85487247,,,,,,,,,,,,,,,0.8386308550834656,0.8668155074119568,0.5215332508087158,
1701094455829-2-27-1-7-5,Sadness,Correct,Sadness,1,0.94558215,0.94558215,,,,,,,,,,,,,,,0.8527270555496216,0.8661710619926453,0.5130341053009033,
1701094455829-2-27-1-7-5,Sadness,Correct,Sadness,2,0.9755881,0.9755881,,,,,,,,,,,,,,,0.8397568464279175,0.8642513751983643,0.5197904706001282,
1701094455829-2-27-1-7-5,Sadness,Correct,Sadness,3,0.9861616,0.9861616,,,,,,,,,,,,,,,0.8295028805732727,0.8639099597930908,0.5211362838745117,
1701094455829-2-27-1-7-5,Sadness,Correct,Sadness,4,0.99044096,0.99044096,,,,,,,,,,,,,,,0.8268957734107971,0.8561787605285645,0.5214405059814453,
1701094455829-2-27-1-7-5,Sadness,Correct,Sadness,5,0.99273324,0.99273324,,,,,,,,,,,,,,,0.8268957734107971,0.8561787605285645,0.5214405059814453,
1701094455829-2-27-1-7-5,Sadness,Correct,Sadness,6,0.99339783,0.99339783,,,,,,,,,,,,,,,0.8259225487709045,0.842302143573761,0.5215399861335754,
1701094455829-2-27-1-7-5,Sadness,Correct,Sadness,7,0.9938326,0.9938326,,,,,,,,,,,,,,,0.8333845734596252,0.8492823243141174,0.5215469002723694,
1701094455829-2-27-1-7-5,Sadness,Correct,Sadness,8,0.9942259,0.9942259,,,,,,,,,,,,,,,0.8333845734596252,0.8492823243141174,0.5215469002723694,
1701094664518-2-27-3-6-5,Sadness,Correct,Sadness,-5,0.078809656,0.078809656,,,,,,,,,,,,,,,1.0415586075396275e-05,0.009215516038239,5.853128204336144e-09,
1701094664518-2-27-3-6-5,Sadness,Correct,Sadness,-4,0.04429384,0.04429384,,,,,,,,,,,,,,,5.066453468316468e-06,0.0101193943992257,2.906948681768995e-09,
1701094664518-2-27-3-6-5,Sadness,Correct,Sadness,-3,0.030287059,0.030287059,,,,,,,,,,,,,,,0.0058787055313587,0.0105181569233536,1.44381095967816e-09,
1701094664518-2-27-3-6-5,Sadness,Correct,Sadness,-2,0.026188694,0.026188694,,,,,,,,,,,,,,,0.0299267638474702,0.0548700466752052,0.0190311390906572,
1701094664518-2-27-3-6-5,Sadness,Correct,Sadness,-1,0.22350225,0.22350225,,,,,,,,,,,,,,,0.4326432347297668,0.4709915816783905,0.264597475528717,
1701094664518-2-27-3-6-5,Sadness,Correct,Sadness,0,0.44173148,0.44173148,,,,,,,,,,,,,,,0.4326432347297668,0.4709915816783905,0.264597475528717,
1701094664518-2-27-3-6-5,Sadness,Correct,Sadness,1,0.46020252,0.46020252,,,,,,,,,,,,,,,0.4326432347297668,0.4709915816783905,0.264597475528717,
1701094664518-2-27-3-6-5,Sadness,Correct,Sadness,2,0.43080717,0.43080717,,,,,,,,,,,,,,,0.5985743999481201,0.6367860436439514,0.4020842611789703,
1701094664518-2-27-3-6-5,Sadness,Correct,Sadness,3,0.5382495,0.5382495,,,,,,,,,,,,,,,0.5985743999481201,0.6367860436439514,0.4020842611789703,
1701094664518-2-27-3-6-5,Sadness,Correct,Sadness,4,0.6427279,0.6427279,,,,,,,,,,,,,,,0.6663224697113037,0.693812370300293,0.4700245857238769,
1701094664518-2-27-3-6-5,Sadness,Correct,Sadness,5,0.7441095,0.7441095,,,,,,,,,,,,,,,0.7209194302558899,0.7587064504623413,0.5195600986480713,
1701094664518-2-27-3-6-5,Sadness,Correct,Sadness,6,0.82643014,0.82643014,,,,,,,,,,,,,,,0.7225629091262817,0.7605924606323242,0.5107095241546631,
1701094664518-2-27-3-6-5,Sadness,Correct,Sadness,7,0.87298864,0.87298864,,,,,,,,,,,,,,,0.7225629091262817,0.7605924606323242,0.5107095241546631,
1701094664518-2-27-3-6-5,Sadness,Correct,Sadness,8,0.9140762,0.9140762,,,,,,,,,,,,,,,0.7589138746261597,0.786553144454956,0.5006000995635986,
1701094821546-2-27-4-1-5,Sadness,Correct,Sadness,-6,0.10894363,0.10894363,,,,,,,,,,,,,,,0.010865643620491,0.0175644177943468,1.1948450041876502e-12,
1701094821546-2-27-4-1-5,Sadness,Correct,Sadness,-5,0.08753926,0.08753926,,,,,,,,,,,,,,,0.010865643620491,0.0175644177943468,1.1948450041876502e-12,
1701094821546-2-27-4-1-5,Sadness,Correct,Sadness,-4,0.069869965,0.069869965,,,,,,,,,,,,,,,0.010865643620491,0.0200723856687545,1.351003659530274e-14,
1701094821546-2-27-4-1-5,Sadness,Correct,Sadness,-3,0.05796837,0.05796837,,,,,,,,,,,,,,,0.010865643620491,0.0200723856687545,1.351003659530274e-14,
1701094821546-2-27-4-1-5,Sadness,Correct,Sadness,-2,0.049099267,0.049099267,,,,,,,,,,,,,,,0.010865643620491,0.0232237707823514,1.821091190443592e-15,
1701094821546-2-27-4-1-5,Sadness,Correct,Sadness,-1,0.1198424,0.1198424,,,,,,,,,,,,,,,0.3506200015544891,0.4049200117588043,0.1946579366922378,
1701094821546-2-27-4-1-5,Sadness,Correct,Sadness,0,0.38373634,0.38373634,,,,,,,,,,,,,,,0.8818765878677368,0.9203680157661438,0.4361806213855743,
1701094821546-2-27-4-1-5,Sadness,Correct,Sadness,1,0.5400743,0.5400743,,,,,,,,,,,,,,,0.9922220706939696,0.9985624551773072,0.4554906487464905,
1701094821546-2-27-4-1-5,Sadness,Correct,Sadness,2,0.6483317,0.6483317,,,,,,,,,,,,,,,0.9922220706939696,0.9985624551773072,0.4554906487464905,
1701094821546-2-27-4-1-5,Sadness,Correct,Sadness,3,0.7058133,0.7058133,,,,,,,,,,,,,,,0.9301190972328186,0.9679571986198424,0.4997157752513885,
1701094821546-2-27-4-1-5,Sadness,Correct,Sadness,4,0.817113,0.817113,,,,,,,,,,,,,,,0.929050624370575,0.9565796256065368,0.5202974081039429,
1701094821546-2-27-4-1-5,Sadness,Correct,Sadness,5,0.8927527,0.8927527,,,,,,,,,,,,,,,0.929050624370575,0.9565796256065368,0.5202974081039429,
1701094821546-2-27-4-1-5,Sadness,Correct,Sadness,6,0.928993,0.928993,,,,,,,,,,,,,,,0.9027525186538696,0.9304807782173156,0.5107443332672119,
1701094821546-2-27-4-1-5,Sadness,Correct,Sadness,7,0.9465711,0.9465711,,,,,,,,,,,,,,,0.9027525186538696,0.9304807782173156,0.5107443332672119,
1701094821546-2-27-4-1-5,Sadness,Correct,Sadness,8,0.9560526,0.9560526,,,,,,,,,,,,,,,0.9170093536376952,0.9452478885650636,0.5203744769096375,
1701094855279-2-27-4-20-5,Sadness,Correct,Sadness,-1,0.50711584,0.50711584,,,,,,,,,,,,,,,0.7932104468345642,0.8300275802612305,0.4998980164527893,
1701094855279-2-27-4-20-5,Sadness,Correct,Sadness,0,0.7055187,0.7055187,,,,,,,,,,,,,,,0.8287431001663208,0.8719088435173035,0.4998315870761871,
1701094855279-2-27-4-20-5,Sadness,Correct,Sadness,1,0.8222515,0.8222515,,,,,,,,,,,,,,,0.8265936970710754,0.8659967184066772,0.507118821144104,
1701094855279-2-27-4-20-5,Sadness,Correct,Sadness,2,0.8827242,0.8827242,,,,,,,,,,,,,,,0.817527174949646,0.8570007085800171,0.5093939900398254,
1701094855279-2-27-4-20-5,Sadness,Correct,Sadness,3,0.9117403,0.9117403,,,,,,,,,,,,,,,0.7958529591560364,0.8359168767929077,0.5088402032852173,
1701094855279-2-27-4-20-5,Sadness,Correct,Sadness,4,0.9333308,0.9333308,,,,,,,,,,,,,,,0.7967515587806702,0.8361705541610718,0.5060424208641052,
1701094855279-2-27-4-20-5,Sadness,Correct,Sadness,5,0.94762653,0.94762653,,,,,,,,,,,,,,,0.7967515587806702,0.8361705541610718,0.5060424208641052,
1701094855279-2-27-4-20-5,Sadness,Correct,Sadness,6,0.95587164,0.95587164,,,,,,,,,,,,,,,0.7917779088020325,0.8303535580635071,0.5041281580924988,
1701094855279-2-27-4-20-5,Sadness,Correct,Sadness,7,0.961794,0.961794,,,,,,,,,,,,,,,0.7917779088020325,0.8303535580635071,0.5041281580924988,
1701094855279-2-27-4-20-5,Sadness,Correct,Sadness,8,0.96624637,0.96624637,,,,,,,,,,,,,,,0.7917779088020325,0.8303535580635071,0.5041281580924988,
1700479243878-2-1-3-3-6,Surprise,Correct,Surprise,-8,0.004976652,0.004976652,,,,,,0.0208657868206501,,0.0079282764345407,,,,,,,,,,0.0678341314196586
1700479243878-2-1-3-3-6,Surprise,Correct,Surprise,-7,0.0059645046,0.0059645046,,,,,,0.0202667228877544,,0.009370750747621,,,,,,,,,,0.072942666709423
1700479243878-2-1-3-3-6,Surprise,Correct,Surprise,-6,0.008355527,0.008355527,,,,,,0.0197756495326757,,0.0104804215952754,,,,,,,,,,0.0698637664318084
1700479243878-2-1-3-3-6,Surprise,Correct,Surprise,-5,0.011740132,0.011740132,,,,,,0.0147742833942174,,0.0113437622785568,,,,,,,,,,0.0860015824437141
1700479243878-2-1-3-3-6,Surprise,Correct,Surprise,-4,0.014199261,0.014199261,,,,,,0.0152810821309685,,0.0120220398530364,,,,,,,,,,0.0809838101267814
1700479243878-2-1-3-3-6,Surprise,Correct,Surprise,-3,0.016517594,0.016517594,,,,,,0.0116213699802756,,0.0092090256512165,,,,,,,,,,0.0886503532528877
1700479243878-2-1-3-3-6,Surprise,Correct,Surprise,-2,0.023673482,0.023673482,,,,,,0.0090041626244783,,0.0103416042402386,,,,,,,,,,0.2759447693824768
1700479243878-2-1-3-3-6,Surprise,Correct,Surprise,-1,0.0786154,0.0786154,,,,,,0.0142042906954884,,0.0142233567312359,,,,,,,,,,0.4760585129261017
1700479243878-2-1-3-3-6,Surprise,Correct,Surprise,0,0.56555116,0.56555116,,,,,,0.0218973234295845,,0.0169906038790941,,,,,,,,,,0.6362742185592651
1700479243878-2-1-3-3-6,Surprise,Correct,Surprise,1,0.90578616,0.90578616,,,,,,0.0339747034013271,,0.029416112229228,,,,,,,,,,0.7200598120689392
1700479243878-2-1-3-3-6,Surprise,Correct,Surprise,2,0.9698788,0.9698788,,,,,,0.0354914590716362,,0.0287244860082864,,,,,,,,,,0.7434957027435303
1700479243878-2-1-3-3-6,Surprise,Correct,Surprise,3,0.9869071,0.9869071,,,,,,0.0470036454498767,,0.0324071496725082,,,,,,,,,,0.7599478363990784
1700479243878-2-1-3-3-6,Surprise,Correct,Surprise,4,0.99072015,0.99072015,,,,,,0.0539402477443218,,0.0349446199834346,,,,,,,,,,0.7970640063285828
1700479243878-2-1-3-3-6,Surprise,Correct,Surprise,5,0.991687,0.991687,,,,,,0.0653499215841293,,0.0367386452853679,,,,,,,,,,0.8245209455490112
1700479264139-2-1-3-13-6,Surprise,Correct,Surprise,-8,0.11598853,0.11598853,,,,,,0.0397151112556457,,0.0542726479470729,,,,,,,,,,0.0351212732493877
1700479264139-2-1-3-13-6,Surprise,Correct,Surprise,-7,0.104579,0.104579,,,,,,0.0370564274489879,,0.0514157339930534,,,,,,,,,,0.0359971076250076
1700479264139-2-1-3-13-6,Surprise,Correct,Surprise,-6,0.09299085,0.09299085,,,,,,0.0351368300616741,,0.0493413209915161,,,,,,,,,,0.0366071164608001
1700479264139-2-1-3-13-6,Surprise,Correct,Surprise,-5,0.08276864,0.08276864,,,,,,0.0367742702364921,,0.046649694442749,,,,,,,,,,0.0292805023491382
1700479264139-2-1-3-13-6,Surprise,Correct,Surprise,-4,0.07515487,0.07515487,,,,,,0.0354223065078258,,0.0402305088937282,,,,,,,,,,0.0324687622487545
1700479264139-2-1-3-13-6,Surprise,Correct,Surprise,-3,0.07042411,0.07042411,,,,,,0.0339751057326793,,0.0406140573322773,,,,,,,,,,0.0466627068817615
1700479264139-2-1-3-13-6,Surprise,Correct,Surprise,-2,0.13482277,0.13482277,,,,,,0.0320426486432552,,0.0377936996519565,,,,,,,,,,0.2541246116161346
1700479264139-2-1-3-13-6,Surprise,Correct,Surprise,-1,0.46227735,0.46227735,,,,,,0.0313922502100467,,0.0348255820572376,,,,,,,,,,0.3115141689777374
1700479264139-2-1-3-13-6,Surprise,Correct,Surprise,0,0.8308946,0.8308946,,,,,,0.0313922502100467,,0.0348255820572376,,,,,,,,,,0.3115141689777374
1700479264139-2-1-3-13-6,Surprise,Correct,Surprise,1,0.94605464,0.94605464,,,,,,0.0313922502100467,,0.0348255820572376,,,,,,,,,,0.3115141689777374
1700479264139-2-1-3-13-6,Surprise,Correct,Surprise,2,0.9860157,0.9860157,,,,,,0.0332323834300041,,0.0327033996582031,,,,,,,,,,0.3610422313213348
1700479264139-2-1-3-13-6,Surprise,Correct,Surprise,3,0.9922575,0.9922575,,,,,,0.0332323834300041,,0.0327033996582031,,,,,,,,,,0.3610422313213348
1700479264139-2-1-3-13-6,Surprise,Correct,Surprise,4,0.99510443,0.99510443,,,,,,0.0447492934763431,,0.0380698516964912,,,,,,,,,,0.3893748521804809
1700479264139-2-1-3-13-6,Surprise,Correct,Surprise,5,0.99619496,0.99619496,,,,,,0.0479158461093902,,0.041833110153675,,,,,,,,,,0.4165282547473907
1700479264139-2-1-3-13-6,Surprise,Correct,Surprise,6,0.99642605,0.99642605,,,,,,0.0464345924556255,,0.0419264324009418,,,,,,,,,,0.4436195492744446
1700479264139-2-1-3-13-6,Surprise,Correct,Surprise,7,0.9965838,0.9965838,,,,,,0.0529052205383777,,0.0445987582206726,,,,,,,,,,0.4554345607757568
1700479264139-2-1-3-13-6,Surprise,Correct,Surprise,8,0.99639267,0.99639267,,,,,,0.0538296625018119,,0.0465602986514568,,,,,,,,,,0.4562779366970062
1700479276498-2-1-3-19-6,Surprise,Correct,Surprise,-8,0.00013042604,0.00013042604,,,,,,0.1180645227432251,,0.1384226083755493,,,,,,,,,,0.0108661130070686
1700479276498-2-1-3-19-6,Surprise,Correct,Surprise,-7,0.0001275192,0.0001275192,,,,,,0.1089917942881584,,0.1342067271471023,,,,,,,,,,0.0108658522367477
1700479276498-2-1-3-19-6,Surprise,Correct,Surprise,-6,0.00012553699,0.00012553699,,,,,,0.1062020137906074,,0.1268078386783599,,,,,,,,,,0.0108657842501997
1700479276498-2-1-3-19-6,Surprise,Correct,Surprise,-5,0.00012314777,0.00012314777,,,,,,0.1062020137906074,,0.1268078386783599,,,,,,,,,,0.0108657842501997
1700479276498-2-1-3-19-6,Surprise,Correct,Surprise,-4,0.00027820465,0.00027820465,,,,,,0.0901424959301948,,0.1207738444209098,,,,,,,,,,0.0464183688163757
1700479276498-2-1-3-19-6,Surprise,Correct,Surprise,-3,0.0011394211,0.0011394211,,,,,,0.0835596546530723,,0.12050312012434,,,,,,,,,,0.110789954662323
1700479276498-2-1-3-19-6,Surprise,Correct,Surprise,-2,0.005284349,0.005284349,,,,,,0.0792533606290817,,0.1114817634224891,,,,,,,,,,0.31608447432518
1700479276498-2-1-3-19-6,Surprise,Correct,Surprise,-1,0.11880221,0.11880221,,,,,,0.1007769182324409,,0.1277743279933929,,,,,,,,,,0.4036555290222168
1700479276498-2-1-3-19-6,Surprise,Correct,Surprise,0,0.82040125,0.82040125,,,,,,0.1466629654169082,,0.1688544899225235,,,,,,,,,,0.4698627889156341
1700479276498-2-1-3-19-6,Surprise,Correct,Surprise,1,0.97768354,0.97768354,,,,,,0.1679007112979889,,0.1885323375463485,,,,,,,,,,0.5615161061286926
1700479276498-2-1-3-19-6,Surprise,Correct,Surprise,2,0.9910522,0.9910522,,,,,,0.184302806854248,,0.2135087251663208,,,,,,,,,,0.6119090914726257
1700479276498-2-1-3-19-6,Surprise,Correct,Surprise,3,0.9946589,0.9946589,,,,,,0.1925326734781265,,0.2313980311155319,,,,,,,,,,0.6660495400428772
1700479276498-2-1-3-19-6,Surprise,Correct,Surprise,4,0.9959383,0.9959383,,,,,,0.210917443037033,,0.2350646555423736,,,,,,,,,,0.7308539152145386
1700479276498-2-1-3-19-6,Surprise,Correct,Surprise,5,0.9966754,0.9966754,,,,,,0.210917443037033,,0.2350646555423736,,,,,,,,,,0.7308539152145386
1700479276498-2-1-3-19-6,Surprise,Correct,Surprise,6,0.9966888,0.9966888,,,,,,0.2150902152061462,,0.2382401973009109,,,,,,,,,,0.7869319319725037
1700479276498-2-1-3-19-6,Surprise,Correct,Surprise,7,0.99653995,0.99653995,,,,,,0.2170340269804,,0.2389439791440963,,,,,,,,,,0.7877137064933777
1700479276498-2-1-3-19-6,Surprise,Correct,Surprise,8,0.99622995,0.99622995,,,,,,0.21821229159832,,0.2355000376701355,,,,,,,,,,0.7979450821876526
1700479417615-2-1-4-3-6,Surprise,Correct,Surprise,-4,0.12521993,0.12521993,,,,,,0.0021280052606016,,0.0038873781450092,,,,,,,,,,0.044702474027872
1700479417615-2-1-4-3-6,Surprise,Correct,Surprise,-3,0.10246157,0.10246157,,,,,,0.0018426697934046,,0.0031170649453997,,,,,,,,,,0.0499554425477981
1700479417615-2-1-4-3-6,Surprise,Correct,Surprise,-2,0.09013067,0.09013067,,,,,,0.0016106544062495,,0.0025125548709183,,,,,,,,,,0.0598173141479492
1700479417615-2-1-4-3-6,Surprise,Correct,Surprise,-1,0.09326416,0.09326416,,,,,,0.0014214572729542,,0.0053949519060552,,,,,,,,,,0.0631172806024551
1700479417615-2-1-4-3-6,Surprise,Correct,Surprise,0,0.58736706,0.58736706,,,,,,0.0055078421719372,,0.0110082440078258,,,,,,,,,,0.3295691013336181
1700479417615-2-1-4-3-6,Surprise,Correct,Surprise,1,0.95448977,0.95448977,,,,,,0.025616131722927,,0.021227017045021,,,,,,,,,,0.5047141909599304
1700479417615-2-1-4-3-6,Surprise,Correct,Surprise,2,0.98845553,0.98845553,,,,,,0.0520397834479808,,0.0376654490828514,,,,,,,,,,0.5999566912651062
1700479417615-2-1-4-3-6,Surprise,Correct,Surprise,3,0.99424803,0.99424803,,,,,,0.065641164779663,,0.0470873638987541,,,,,,,,,,0.6554845571517944
1700479417615-2-1-4-3-6,Surprise,Correct,Surprise,4,0.99641365,0.99641365,,,,,,0.0906489193439483,,0.0629999563097953,,,,,,,,,,0.7051196694374084
1700479417615-2-1-4-3-6,Surprise,Correct,Surprise,5,0.99684614,0.99684614,,,,,,0.0926931053400039,,0.0633727014064788,,,,,,,,,,0.706210732460022
1700479417615-2-1-4-3-6,Surprise,Correct,Surprise,6,0.9968238,0.9968238,,,,,,0.1010198444128036,,0.0769092738628387,,,,,,,,,,0.7327030897140503
1700479417615-2-1-4-3-6,Surprise,Correct,Surprise,7,0.99688715,0.99688715,,,,,,0.094983622431755,,0.072492703795433,,,,,,,,,,0.7334262132644653
1700479417615-2-1-4-3-6,Surprise,Correct,Surprise,8,0.9969494,0.9969494,,,,,,0.0953771844506263,,0.0747492089867591,,,,,,,,,,0.7432630062103271
1700479445256-2-1-4-19-6,Surprise,Correct,Surprise,-8,0.012070764,0.012070764,,,,,,0.1542140543460846,,0.1824451088905334,,,,,,,,,,0.0244679618626832
1700479445256-2-1-4-19-6,Surprise,Correct,Surprise,-7,0.0036964715,0.0036964715,,,,,,0.1501999795436859,,0.1809421181678772,,,,,,,,,,0.0259401705116033
1700479445256-2-1-4-19-6,Surprise,Correct,Surprise,-6,0.0019550945,0.0019550945,,,,,,0.1434244960546493,,0.1797349452972412,,,,,,,,,,0.0337661392986774
1700479445256-2-1-4-19-6,Surprise,Correct,Surprise,-5,0.0012260415,0.0012260415,,,,,,0.1434244960546493,,0.1797349452972412,,,,,,,,,,0.0337661392986774
1700479445256-2-1-4-19-6,Surprise,Correct,Surprise,-4,0.0022631506,0.0022631506,,,,,,0.1353790462017059,,0.1735502183437347,,,,,,,,,,0.1116822212934494
1700479445256-2-1-4-19-6,Surprise,Correct,Surprise,-3,0.007552417,0.007552417,,,,,,0.1292458325624466,,0.1698320060968399,,,,,,,,,,0.2412335276603698
1700479445256-2-1-4-19-6,Surprise,Correct,Surprise,-2,0.038423594,0.038423594,,,,,,0.1282996833324432,,0.1589260548353195,,,,,,,,,,0.3847583532333374
1700479445256-2-1-4-19-6,Surprise,Correct,Surprise,-1,0.28993034,0.28993034,,,,,,0.1352651417255401,,0.1625465005636215,,,,,,,,,,0.4533998072147369
1700479445256-2-1-4-19-6,Surprise,Correct,Surprise,0,0.7401001,0.7401001,,,,,,0.1443126797676086,,0.1688233911991119,,,,,,,,,,0.5610198974609375
1700479445256-2-1-4-19-6,Surprise,Correct,Surprise,1,0.89951104,0.89951104,,,,,,0.157390147447586,,0.1848969608545303,,,,,,,,,,0.6647394895553589
1700479445256-2-1-4-19-6,Surprise,Correct,Surprise,2,0.94808066,0.94808066,,,,,,0.176075667142868,,0.225556269288063,,,,,,,,,,0.7576111555099487
1700479445256-2-1-4-19-6,Surprise,Correct,Surprise,3,0.9666364,0.9666364,,,,,,0.1716160625219345,,0.222067654132843,,,,,,,,,,0.7972343564033508
1700479445256-2-1-4-19-6,Surprise,Correct,Surprise,4,0.9744058,0.9744058,,,,,,0.1700153946876526,,0.2196868658065796,,,,,,,,,,0.8247137069702148
1700479445256-2-1-4-19-6,Surprise,Correct,Surprise,5,0.9779959,0.9779959,,,,,,0.1666512936353683,,0.2180176675319671,,,,,,,,,,0.8622477054595947
1700479445256-2-1-4-19-6,Surprise,Correct,Surprise,6,0.97900486,0.97900486,,,,,,0.1582564115524292,,0.2151495665311813,,,,,,,,,,0.8793041706085205
1700479445256-2-1-4-19-6,Surprise,Correct,Surprise,7,0.9803893,0.9803893,,,,,,0.1573349982500076,,0.2128029614686966,,,,,,,,,,0.9007187485694885
1700479445256-2-1-4-19-6,Surprise,Correct,Surprise,8,0.9806411,0.9806411,,,,,,0.151828795671463,,0.2058606147766113,,,,,,,,,,0.9171732068061828
1700479459026-2-1-4-27-6,Surprise,Correct,Surprise,-8,0.08037897,0.08037897,,,,,,0.0596823692321777,,0.0469714999198913,,,,,,,,,,0.0307776518166065
1700479459026-2-1-4-27-6,Surprise,Correct,Surprise,-7,0.07340097,0.07340097,,,,,,0.0596823692321777,,0.0469714999198913,,,,,,,,,,0.0307776518166065
1700479459026-2-1-4-27-6,Surprise,Correct,Surprise,-6,0.0717096,0.0717096,,,,,,0.0607207082211971,,0.0573922209441661,,,,,,,,,,0.0276712570339441
1700479459026-2-1-4-27-6,Surprise,Correct,Surprise,-5,0.06988586,0.06988586,,,,,,0.0600186586380004,,0.0534142740070819,,,,,,,,,,0.0273792948573827
1700479459026-2-1-4-27-6,Surprise,Correct,Surprise,-4,0.0708156,0.0708156,,,,,,0.061840571463108,,0.0541854947805404,,,,,,,,,,0.0305603090673685
1700479459026-2-1-4-27-6,Surprise,Correct,Surprise,-3,0.072919235,0.072919235,,,,,,0.0608997568488121,,0.0471083037555217,,,,,,,,,,0.0450649596750736
1700479459026-2-1-4-27-6,Surprise,Correct,Surprise,-2,0.075808816,0.075808816,,,,,,0.0608997568488121,,0.0471083037555217,,,,,,,,,,0.0450649596750736
1700479459026-2-1-4-27-6,Surprise,Correct,Surprise,-1,0.27194834,0.27194834,,,,,,0.0619337819516658,,0.0510212257504463,,,,,,,,,,0.2412671744823455
1700479459026-2-1-4-27-6,Surprise,Correct,Surprise,0,0.6775251,0.6775251,,,,,,0.0619337819516658,,0.0510212257504463,,,,,,,,,,0.2412671744823455
1700479459026-2-1-4-27-6,Surprise,Correct,Surprise,1,0.9715029,0.9715029,,,,,,0.0854902118444442,,0.0630739629268646,,,,,,,,,,0.4145553410053253
1700479459026-2-1-4-27-6,Surprise,Correct,Surprise,2,0.9920105,0.9920105,,,,,,0.0854902118444442,,0.0630739629268646,,,,,,,,,,0.4145553410053253
1700479459026-2-1-4-27-6,Surprise,Correct,Surprise,3,0.9966018,0.9966018,,,,,,0.1006023436784744,,0.0698325484991073,,,,,,,,,,0.5332004427909851
1700479459026-2-1-4-27-6,Surprise,Correct,Surprise,4,0.99757856,0.99757856,,,,,,0.1467934697866439,,0.1206982806324958,,,,,,,,,,0.6651645302772522
1700479459026-2-1-4-27-6,Surprise,Correct,Surprise,5,0.997875,0.997875,,,,,,0.1467934697866439,,0.1206982806324958,,,,,,,,,,0.6651645302772522
1700479459026-2-1-4-27-6,Surprise,Correct,Surprise,6,0.9979493,0.9979493,,,,,,0.1700718849897384,,0.1350337713956833,,,,,,,,,,0.7589818239212036
1700479459026-2-1-4-27-6,Surprise,Correct,Surprise,7,0.99797267,0.99797267,,,,,,0.1743289679288864,,0.1470115482807159,,,,,,,,,,0.7864950895309448
1700479459026-2-1-4-27-6,Surprise,Correct,Surprise,8,0.99795675,0.99795675,,,,,,0.1743289679288864,,0.1470115482807159,,,,,,,,,,0.7864950895309448
1700567790485-2-8-2-2-6,Surprise,Correct,Surprise,-8,8.631837e-05,8.631837e-05,,,,,,0.0613743029534816,,0.0345750637352466,,,,,,,,,,0.1676069796085357
1700567790485-2-8-2-2-6,Surprise,Correct,Surprise,-7,8.635623e-05,8.635623e-05,,,,,,0.0562926307320594,,0.0293119139969348,,,,,,,,,,0.1491813063621521
1700567790485-2-8-2-2-6,Surprise,Correct,Surprise,-6,8.681212e-05,8.681212e-05,,,,,,0.0527741536498069,,0.0256652999669313,,,,,,,,,,0.1227815523743629
1700567790485-2-8-2-2-6,Surprise,Correct,Surprise,-5,0.00011270473,0.00011270473,,,,,,0.0502756237983703,,0.0256997905671596,,,,,,,,,,0.1425986289978027
1700567790485-2-8-2-2-6,Surprise,Correct,Surprise,-4,0.00052480097,0.00052480097,,,,,,0.0535375215113163,,0.0387694276869297,,,,,,,,,,0.1228176429867744
1700567790485-2-8-2-2-6,Surprise,Correct,Surprise,-3,0.002066071,0.002066071,,,,,,0.2986306250095367,,0.2986097335815429,,,,,,,,,,0.2288122326135635
1700567790485-2-8-2-2-6,Surprise,Correct,Surprise,-2,0.013369283,0.013369283,,,,,,0.6867218613624573,,0.6626098155975342,,,,,,,,,,0.3965479731559753
1700567790485-2-8-2-2-6,Surprise,Correct,Surprise,-1,0.1297466,0.1297466,,,,,,0.7680870294570923,,0.7644818425178528,,,,,,,,,,0.4947354197502136
1700567790485-2-8-2-2-6,Surprise,Correct,Surprise,0,0.43834865,0.43834865,,,,,,0.836097240447998,,0.8219118714332581,,,,,,,,,,0.5460816621780396
1700567790485-2-8-2-2-6,Surprise,Correct,Surprise,1,0.6058308,0.6058308,,,,,,0.8701177835464478,,0.8451576232910156,,,,,,,,,,0.5485618710517883
1700567790485-2-8-2-2-6,Surprise,Correct,Surprise,2,0.7006903,0.7006903,,,,,,0.8639969229698181,,0.8497036695480347,,,,,,,,,,0.5639598965644836
1700567790485-2-8-2-2-6,Surprise,Correct,Surprise,3,0.75928944,0.75928944,,,,,,0.8626092672348022,,0.850721001625061,,,,,,,,,,0.5750231742858887
1700567790485-2-8-2-2-6,Surprise,Correct,Surprise,4,0.8028412,0.8028412,,,,,,0.8818697929382324,,0.8587448000907898,,,,,,,,,,0.5758063197135925
1700567790485-2-8-2-2-6,Surprise,Correct,Surprise,5,0.835999,0.835999,,,,,,0.8871048092842102,,0.8537064790725708,,,,,,,,,,0.5661865472793579
1700567804174-2-8-2-8-6,Surprise,Correct,Surprise,-8,0.1068538,0.1068538,,,,,,0.0704626813530922,,0.0579145923256874,,,,,,,,,,0.1827862709760666
1700567804174-2-8-2-8-6,Surprise,Correct,Surprise,-7,0.10713376,0.10713376,,,,,,0.1076202243566513,,0.0850860700011253,,,,,,,,,,0.1565388143062591
1700567804174-2-8-2-8-6,Surprise,Correct,Surprise,-6,0.11938025,0.11938025,,,,,,0.191130444407463,,0.1417782008647918,,,,,,,,,,0.1591966301202774
1700567804174-2-8-2-8-6,Surprise,Correct,Surprise,-5,0.12474761,0.12474761,,,,,,0.191130444407463,,0.1417782008647918,,,,,,,,,,0.1591966301202774
1700567804174-2-8-2-8-6,Surprise,Correct,Surprise,-4,0.16274421,0.16274421,,,,,,0.3409255445003509,,0.2599983215332031,,,,,,,,,,0.1622873842716217
1700567804174-2-8-2-8-6,Surprise,Correct,Surprise,-3,0.22905807,0.22905807,,,,,,0.5197845101356506,,0.4811943769454956,,,,,,,,,,0.1853984594345092
1700567804174-2-8-2-8-6,Surprise,Correct,Surprise,-2,0.30005085,0.30005085,,,,,,0.6804638504981995,,0.6849868297576904,,,,,,,,,,0.3144193291664123
1700567804174-2-8-2-8-6,Surprise,Correct,Surprise,-1,0.4094001,0.4094001,,,,,,0.8203842639923096,,0.798558235168457,,,,,,,,,,0.4756382405757904
1700567804174-2-8-2-8-6,Surprise,Correct,Surprise,0,0.67402947,0.67402947,,,,,,0.8852018117904663,,0.8725125789642334,,,,,,,,,,0.5193299055099487
1700567804174-2-8-2-8-6,Surprise,Correct,Surprise,1,0.8566989,0.8566989,,,,,,0.9102488160133362,,0.885899007320404,,,,,,,,,,0.5627754330635071
1700567804174-2-8-2-8-6,Surprise,Correct,Surprise,2,0.92287946,0.92287946,,,,,,0.9049283862113952,,0.897318422794342,,,,,,,,,,0.6286332607269287
1700567804174-2-8-2-8-6,Surprise,Correct,Surprise,3,0.948528,0.948528,,,,,,0.9049283862113952,,0.897318422794342,,,,,,,,,,0.6286332607269287
1700567804174-2-8-2-8-6,Surprise,Correct,Surprise,4,0.9623909,0.9623909,,,,,,0.91327702999115,,0.8920769095420837,,,,,,,,,,0.6049163937568665
1700567804174-2-8-2-8-6,Surprise,Correct,Surprise,5,0.9673815,0.9673815,,,,,,0.9157593250274658,,0.8904902338981628,,,,,,,,,,0.5788976550102234
1700567804174-2-8-2-8-6,Surprise,Correct,Surprise,6,0.9713246,0.9713246,,,,,,0.90686696767807,,0.8899556994438171,,,,,,,,,,0.5762472152709961
1700567804174-2-8-2-8-6,Surprise,Correct,Surprise,7,0.9743312,0.9743312,,,,,,0.9127429127693176,,0.889756977558136,,,,,,,,,,0.5853978395462036
1700567804174-2-8-2-8-6,Surprise,Correct,Surprise,8,0.97768193,0.97768193,,,,,,0.9150778651237488,,0.8896761536598206,,,,,,,,,,0.5865434408187866
1700567807289-2-8-2-9-6,Surprise,Correct,Surprise,-8,0.17917588,0.17917588,,,,,,0.2400350272655487,,0.1527162343263626,,,,,,,,,,0.1905069202184677
1700567807289-2-8-2-9-6,Surprise,Correct,Surprise,-7,0.17830251,0.17830251,,,,,,0.2343669980764389,,0.1540339738130569,,,,,,,,,,0.1926567405462265
1700567807289-2-8-2-9-6,Surprise,Correct,Surprise,-6,0.1769419,0.1769419,,,,,,0.2398853898048401,,0.1603863090276718,,,,,,,,,,0.1762908548116684
1700567807289-2-8-2-9-6,Surprise,Correct,Surprise,-5,0.17440677,0.17440677,,,,,,0.2400203943252563,,0.1598458439111709,,,,,,,,,,0.1795741021633148
1700567807289-2-8-2-9-6,Surprise,Correct,Surprise,-4,0.17572129,0.17572129,,,,,,0.2706873714923858,,0.1988486498594284,,,,,,,,,,0.1724697053432464
1700567807289-2-8-2-9-6,Surprise,Correct,Surprise,-3,0.20878686,0.20878686,,,,,,0.4591362774372101,,0.4174977838993072,,,,,,,,,,0.2106542736291885
1700567807289-2-8-2-9-6,Surprise,Correct,Surprise,-2,0.26198828,0.26198828,,,,,,0.6735085844993591,,0.6370798349380493,,,,,,,,,,0.352784514427185
1700567807289-2-8-2-9-6,Surprise,Correct,Surprise,-1,0.39685273,0.39685273,,,,,,0.8597797751426697,,0.8230395913124084,,,,,,,,,,0.492870032787323
1700567807289-2-8-2-9-6,Surprise,Correct,Surprise,0,0.56339514,0.56339514,,,,,,0.8921158909797668,,0.854241669178009,,,,,,,,,,0.5200629830360413
1700567807289-2-8-2-9-6,Surprise,Correct,Surprise,1,0.724525,0.724525,,,,,,0.8902164101600647,,0.860277533531189,,,,,,,,,,0.5992622971534729
1700567807289-2-8-2-9-6,Surprise,Correct,Surprise,2,0.83606505,0.83606505,,,,,,0.889773428440094,,0.8535792231559753,,,,,,,,,,0.5874708890914917
1700567807289-2-8-2-9-6,Surprise,Correct,Surprise,3,0.8804943,0.8804943,,,,,,0.9090870022773744,,0.879531741142273,,,,,,,,,,0.6122989058494568
1700567907954-2-8-3-3-6,Surprise,Correct,Surprise,-8,0.098038256,0.098038256,,,,,,0.0341104567050933,,0.0216243024915456,,,,,,,,,,0.2293991446495056
1700567907954-2-8-3-3-6,Surprise,Correct,Surprise,-7,0.10383095,0.10383095,,,,,,0.0291944108903408,,0.0202810894697904,,,,,,,,,,0.2320239096879959
1700567907954-2-8-3-3-6,Surprise,Correct,Surprise,-6,0.10795046,0.10795046,,,,,,0.025719940662384,,0.0192272067070007,,,,,,,,,,0.2073839604854583
1700567907954-2-8-3-3-6,Surprise,Correct,Surprise,-5,0.11437373,0.11437373,,,,,,0.0299674682319164,,0.025930194184184,,,,,,,,,,0.2149089276790619
1700567907954-2-8-3-3-6,Surprise,Correct,Surprise,-4,0.12316467,0.12316467,,,,,,0.0262709744274616,,0.0186426639556884,,,,,,,,,,0.2265135198831558
1700567907954-2-8-3-3-6,Surprise,Correct,Surprise,-3,0.13292283,0.13292283,,,,,,0.03928754478693,,0.0301357544958591,,,,,,,,,,0.2193830460309982
1700567907954-2-8-3-3-6,Surprise,Correct,Surprise,-2,0.2041658,0.2041658,,,,,,0.2424534559249878,,0.2473234683275222,,,,,,,,,,0.2267863601446151
1700567907954-2-8-3-3-6,Surprise,Correct,Surprise,-1,0.36041713,0.36041713,,,,,,0.5309416651725769,,0.5578649044036865,,,,,,,,,,0.2885169088840484
1700567907954-2-8-3-3-6,Surprise,Correct,Surprise,0,0.73378676,0.73378676,,,,,,0.845242440700531,,0.819359540939331,,,,,,,,,,0.4771049618721008
1700567907954-2-8-3-3-6,Surprise,Correct,Surprise,1,0.91260326,0.91260326,,,,,,0.9040645360946656,,0.8673561215400696,,,,,,,,,,0.5345467329025269
1700567907954-2-8-3-3-6,Surprise,Correct,Surprise,2,0.9557735,0.9557735,,,,,,0.901353120803833,,0.8848242163658142,,,,,,,,,,0.5632598996162415
1700567907954-2-8-3-3-6,Surprise,Correct,Surprise,3,0.9703232,0.9703232,,,,,,0.901353120803833,,0.8848242163658142,,,,,,,,,,0.5632598996162415
1700567907954-2-8-3-3-6,Surprise,Correct,Surprise,4,0.9810178,0.9810178,,,,,,0.9007911086082458,,0.8884254693984985,,,,,,,,,,0.5852904915809631
1700567907954-2-8-3-3-6,Surprise,Correct,Surprise,5,0.98409617,0.98409617,,,,,,0.9007911086082458,,0.8884254693984985,,,,,,,,,,0.5852904915809631
1700567907954-2-8-3-3-6,Surprise,Correct,Surprise,6,0.9874723,0.9874723,,,,,,0.9006582498550415,,0.8892725706100464,,,,,,,,,,0.6018396019935608
1700567907954-2-8-3-3-6,Surprise,Correct,Surprise,7,0.98901016,0.98901016,,,,,,0.9120906591415404,,0.889498233795166,,,,,,,,,,0.6282322406768799
1700567907954-2-8-3-3-6,Surprise,Correct,Surprise,8,0.9894481,0.9894481,,,,,,0.904730498790741,,0.8825914263725281,,,,,,,,,,0.5734310150146484
1700567928618-2-8-3-13-6,Surprise,Correct,Surprise,-4,0.20462783,0.20462783,,,,,,0.1443945616483688,,0.1090318784117698,,,,,,,,,,0.1580376178026199
1700567928618-2-8-3-13-6,Surprise,Correct,Surprise,-3,0.25690687,0.25690687,,,,,,0.382080465555191,,0.3407337665557861,,,,,,,,,,0.2486455589532852
1700567928618-2-8-3-13-6,Surprise,Correct,Surprise,-2,0.295756,0.295756,,,,,,0.6145990490913391,,0.5837541222572327,,,,,,,,,,0.3194493055343628
1700567928618-2-8-3-13-6,Surprise,Correct,Surprise,-1,0.45788974,0.45788974,,,,,,0.7562407851219177,,0.7277584075927734,,,,,,,,,,0.4123647809028625
1700567928618-2-8-3-13-6,Surprise,Correct,Surprise,0,0.71269345,0.71269345,,,,,,0.8342651128768921,,0.7832947373390198,,,,,,,,,,0.5058866143226624
1700567928618-2-8-3-13-6,Surprise,Correct,Surprise,1,0.83910084,0.83910084,,,,,,0.8880279064178467,,0.8606259226799011,,,,,,,,,,0.5726680755615234
1700567928618-2-8-3-13-6,Surprise,Correct,Surprise,2,0.88987964,0.88987964,,,,,,0.8978540301322937,,0.8746870756149292,,,,,,,,,,0.5757033228874207
1700567928618-2-8-3-13-6,Surprise,Correct,Surprise,3,0.91761273,0.91761273,,,,,,0.8917192816734314,,0.8653461933135986,,,,,,,,,,0.5860598087310791
1700567928618-2-8-3-13-6,Surprise,Correct,Surprise,4,0.93720144,0.93720144,,,,,,0.8902193307876587,,0.8630478382110596,,,,,,,,,,0.5521461963653564
1700567928618-2-8-3-13-6,Surprise,Correct,Surprise,5,0.95694286,0.95694286,,,,,,0.8972957134246826,,0.8814442157745361,,,,,,,,,,0.5838457345962524
1700567928618-2-8-3-13-6,Surprise,Correct,Surprise,6,0.970043,0.970043,,,,,,0.8994253873825073,,0.8867900371551514,,,,,,,,,,0.5534471869468689
1700567928618-2-8-3-13-6,Surprise,Correct,Surprise,7,0.97959673,0.97959673,,,,,,0.9001389145851135,,0.8724567294120789,,,,,,,,,,0.5406270027160645
1700567928618-2-8-3-13-6,Surprise,Correct,Surprise,8,0.98445463,0.98445463,,,,,,0.8887606859207153,,0.8613132834434509,,,,,,,,,,0.5384175777435303
1700568081350-2-8-4-3-6,Surprise,Correct,Surprise,-2,0.37094915,0.37094915,,,,,,0.5719797611236572,,0.5584605932235718,,,,,,,,,,0.2674988210201263
1700568081350-2-8-4-3-6,Surprise,Correct,Surprise,-1,0.60308653,0.60308653,,,,,,0.783363938331604,,0.7473475933074951,,,,,,,,,,0.4630928039550781
1700568081350-2-8-4-3-6,Surprise,Correct,Surprise,0,0.88091934,0.88091934,,,,,,0.8716591596603394,,0.8189534544944763,,,,,,,,,,0.5345408916473389
1700568081350-2-8-4-3-6,Surprise,Correct,Surprise,1,0.96237576,0.96237576,,,,,,0.8772156834602356,,0.8313456177711487,,,,,,,,,,0.5844128131866455
1700568081350-2-8-4-3-6,Surprise,Correct,Surprise,2,0.9818642,0.9818642,,,,,,0.9085683226585388,,0.8770647048950195,,,,,,,,,,0.5661401748657227
1700568081350-2-8-4-3-6,Surprise,Correct,Surprise,3,0.9887305,0.9887305,,,,,,0.9150123596191406,,0.8782121539115906,,,,,,,,,,0.5650912523269653
1700568081350-2-8-4-3-6,Surprise,Correct,Surprise,4,0.9914254,0.9914254,,,,,,0.8971856832504272,,0.8784884214401245,,,,,,,,,,0.5404945015907288
1700568081350-2-8-4-3-6,Surprise,Correct,Surprise,5,0.9929206,0.9929206,,,,,,0.9108930826187134,,0.8676403760910034,,,,,,,,,,0.5381512641906738
1700568081350-2-8-4-3-6,Surprise,Correct,Surprise,6,0.99387264,0.99387264,,,,,,0.9043819904327391,,0.8746693134307861,,,,,,,,,,0.5378896594047546
1700568081350-2-8-4-3-6,Surprise,Correct,Surprise,7,0.9946365,0.9946365,,,,,,0.9021397233009338,,0.8770368099212646,,,,,,,,,,0.5246420502662659
1700568081350-2-8-4-3-6,Surprise,Correct,Surprise,8,0.9949267,0.9949267,,,,,,0.901289165019989,,0.8690310120582581,,,,,,,,,,0.5355599522590637
1700568112955-2-8-4-21-6,Surprise,Correct,Surprise,-5,0.16248527,0.16248527,,,,,,4.993341462977696e-06,,4.555057785182726e-06,,,,,,,,,,0.160220056772232
1700568112955-2-8-4-21-6,Surprise,Correct,Surprise,-4,0.16474198,0.16474198,,,,,,4.127635293116327e-06,,3.765329211091739e-06,,,,,,,,,,0.1659155040979385
1700568112955-2-8-4-21-6,Surprise,Correct,Surprise,-3,0.16023292,0.16023292,,,,,,3.4121587759727845e-06,,3.112648300884757e-06,,,,,,,,,,0.1675707101821899
1700568112955-2-8-4-21-6,Surprise,Correct,Surprise,-2,0.15501077,0.15501077,,,,,,2.8208005460328422e-06,,2.573194024080294e-06,,,,,,,,,,0.1681025475263595
1700568112955-2-8-4-21-6,Surprise,Correct,Surprise,-1,0.1943658,0.1943658,,,,,,0.0772689953446388,,0.0858883187174797,,,,,,,,,,0.1801286190748214
1700568112955-2-8-4-21-6,Surprise,Correct,Surprise,0,0.5501895,0.5501895,,,,,,0.7009440660476685,,0.6837806105613708,,,,,,,,,,0.3994655013084411
1700568112955-2-8-4-21-6,Surprise,Correct,Surprise,1,0.64995956,0.64995956,,,,,,0.7009440660476685,,0.6837806105613708,,,,,,,,,,0.3994655013084411
1700568112955-2-8-4-21-6,Surprise,Correct,Surprise,2,0.92320794,0.92320794,,,,,,0.8672522902488708,,0.8132801055908203,,,,,,,,,,0.5466805100440979
1700568112955-2-8-4-21-6,Surprise,Correct,Surprise,3,0.96267873,0.96267873,,,,,,0.8865880966186523,,0.8335099816322327,,,,,,,,,,0.563992440700531
1700568112955-2-8-4-21-6,Surprise,Correct,Surprise,4,0.9746515,0.9746515,,,,,,0.888820469379425,,0.8342911005020142,,,,,,,,,,0.5499486327171326
1700568112955-2-8-4-21-6,Surprise,Correct,Surprise,5,0.97868747,0.97868747,,,,,,0.8796502351760864,,0.8275054097175598,,,,,,,,,,0.5766575336456299
1700568112955-2-8-4-21-6,Surprise,Correct,Surprise,6,0.98104894,0.98104894,,,,,,0.8796502351760864,,0.8275054097175598,,,,,,,,,,0.5766575336456299
1700568112955-2-8-4-21-6,Surprise,Correct,Surprise,7,0.9826361,0.9826361,,,,,,0.893180787563324,,0.8498470783233643,,,,,,,,,,0.6005867719650269
1700568112955-2-8-4-21-6,Surprise,Correct,Surprise,8,0.9840461,0.9840461,,,,,,0.893180787563324,,0.8498470783233643,,,,,,,,,,0.6005867719650269
1700577751365-2-10-2-8-6,Surprise,Correct,Surprise,-8,0.0054801623,0.0054801623,,,,,,0.0068505816161632,,0.0067590153776109,,,,,,,,,,0.0493787117302417
1700577751365-2-10-2-8-6,Surprise,Correct,Surprise,-7,0.0075709624,0.0075709624,,,,,,0.0052716541104018,,0.0050863618962466,,,,,,,,,,0.0709058120846748
1700577751365-2-10-2-8-6,Surprise,Correct,Surprise,-6,0.013604909,0.013604909,,,,,,0.0041467756964266,,0.006924201734364,,,,,,,,,,0.1387270539999008
1700577751365-2-10-2-8-6,Surprise,Correct,Surprise,-5,0.03014737,0.03014737,,,,,,0.0033277552574872,,0.0083957491442561,,,,,,,,,,0.1906703263521194
1700577751365-2-10-2-8-6,Surprise,Correct,Surprise,-4,0.06199195,0.06199195,,,,,,0.0101876156404614,,0.0095802741125226,,,,,,,,,,0.2559165358543396
1700577751365-2-10-2-8-6,Surprise,Correct,Surprise,-3,0.11743475,0.11743475,,,,,,0.0192228183150291,,0.0196995437145233,,,,,,,,,,0.3114084899425506
1700577751365-2-10-2-8-6,Surprise,Correct,Surprise,-2,0.21062003,0.21062003,,,,,,0.0661796554923057,,0.051989059895277,,,,,,,,,,0.3869363963603973
1700577751365-2-10-2-8-6,Surprise,Correct,Surprise,-1,0.35411283,0.35411283,,,,,,0.1131516546010971,,0.0952539145946502,,,,,,,,,,0.4321052730083465
1700577751365-2-10-2-8-6,Surprise,Correct,Surprise,0,0.54192847,0.54192847,,,,,,0.1584898680448532,,0.1465561836957931,,,,,,,,,,0.4808637201786041
1700577751365-2-10-2-8-6,Surprise,Correct,Surprise,1,0.7181139,0.7181139,,,,,,0.2141367495059967,,0.1922419518232345,,,,,,,,,,0.5194019675254822
1700577751365-2-10-2-8-6,Surprise,Correct,Surprise,2,0.8180649,0.8180649,,,,,,0.241409033536911,,0.2032470703125,,,,,,,,,,0.5470701456069946
1700577751365-2-10-2-8-6,Surprise,Correct,Surprise,3,0.8852296,0.8852296,,,,,,0.2887476980686188,,0.2412764132022857,,,,,,,,,,0.5486051440238953
1700577751365-2-10-2-8-6,Surprise,Correct,Surprise,4,0.9230298,0.9230298,,,,,,0.3052073717117309,,0.2465461194515228,,,,,,,,,,0.5487062931060791
1700577751365-2-10-2-8-6,Surprise,Correct,Surprise,5,0.94191414,0.94191414,,,,,,0.325110912322998,,0.2575723230838775,,,,,,,,,,0.5487141609191895
1700577751365-2-10-2-8-6,Surprise,Correct,Surprise,6,0.95207685,0.95207685,,,,,,0.3208376467227936,,0.2548708915710449,,,,,,,,,,0.5487149357795715
1700577751365-2-10-2-8-6,Surprise,Correct,Surprise,7,0.9571526,0.9571526,,,,,,0.3080902695655823,,0.2494875341653823,,,,,,,,,,0.5262053608894348
1700577751365-2-10-2-8-6,Surprise,Correct,Surprise,8,0.959971,0.959971,,,,,,0.2962668836116791,,0.2411442697048187,,,,,,,,,,0.514292299747467
1700577753271-2-10-2-9-6,Surprise,Correct,Surprise,-8,0.041732065,0.041732065,,,,,,0.1088874638080596,,0.0846219062805175,,,,,,,,,,0.0079182861372828
1700577753271-2-10-2-9-6,Surprise,Correct,Surprise,-7,0.036529887,0.036529887,,,,,,0.1088874638080596,,0.0846219062805175,,,,,,,,,,0.0079182861372828
1700577753271-2-10-2-9-6,Surprise,Correct,Surprise,-6,0.053038873,0.053038873,,,,,,0.1017029508948326,,0.0787191689014434,,,,,,,,,,0.0646868422627449
1700577753271-2-10-2-9-6,Surprise,Correct,Surprise,-5,0.07781423,0.07781423,,,,,,0.0970215648412704,,0.0791373997926712,,,,,,,,,,0.1859941631555557
1700577753271-2-10-2-9-6,Surprise,Correct,Surprise,-4,0.10614228,0.10614228,,,,,,0.0874121934175491,,0.0818658769130706,,,,,,,,,,0.3086440563201904
1700577753271-2-10-2-9-6,Surprise,Correct,Surprise,-3,0.14708355,0.14708355,,,,,,0.0985943004488945,,0.0893919169902801,,,,,,,,,,0.3612627983093261
1700577753271-2-10-2-9-6,Surprise,Correct,Surprise,-2,0.20982136,0.20982136,,,,,,0.1059274896979332,,0.106616586446762,,,,,,,,,,0.3895805776119232
1700577753271-2-10-2-9-6,Surprise,Correct,Surprise,-1,0.27828348,0.27828348,,,,,,0.1152786239981651,,0.1219160109758377,,,,,,,,,,0.3558992147445678
1700577753271-2-10-2-9-6,Surprise,Correct,Surprise,0,0.352572,0.352572,,,,,,0.1168317571282386,,0.1190626844763755,,,,,,,,,,0.3398279249668121
1700577753271-2-10-2-9-6,Surprise,Correct,Surprise,1,0.40704587,0.40704587,,,,,,0.1168317571282386,,0.1190626844763755,,,,,,,,,,0.3398279249668121
1700577753271-2-10-2-9-6,Surprise,Correct,Surprise,2,0.47467345,0.47467345,,,,,,0.1162382513284683,,0.1191357970237732,,,,,,,,,,0.351583331823349
1700577753271-2-10-2-9-6,Surprise,Correct,Surprise,3,0.52020776,0.52020776,,,,,,0.122421346604824,,0.1155642569065094,,,,,,,,,,0.3298807144165039
1700577753271-2-10-2-9-6,Surprise,Correct,Surprise,4,0.5619538,0.5619538,,,,,,0.122421346604824,,0.1155642569065094,,,,,,,,,,0.3298807144165039
1700577753271-2-10-2-9-6,Surprise,Correct,Surprise,5,0.59407955,0.59407955,,,,,,0.1228942349553108,,0.11426842212677,,,,,,,,,,0.3269495069980621
1700577753271-2-10-2-9-6,Surprise,Correct,Surprise,6,0.62160695,0.62160695,,,,,,0.1262349784374237,,0.1154191941022872,,,,,,,,,,0.3390070497989654
1700577877659-2-10-3-19-6,Surprise,Correct,Surprise,-8,0.004074215,0.004074215,,,,,,0.0074156434275209,,0.0017722446937114,,,,,,,,,,3.7637568617299175e-09
1700577877659-2-10-3-19-6,Surprise,Correct,Surprise,-7,0.005833191,0.005833191,,,,,,0.0096003804355859,,0.0014397576451301,,,,,,,,,,1.905144042524398e-09
1700577877659-2-10-3-19-6,Surprise,Correct,Surprise,-6,0.0077464143,0.0077464143,,,,,,0.0075568575412034,,0.0011731911217793,,,,,,,,,,1.0138127004566402e-09
1700577877659-2-10-3-19-6,Surprise,Correct,Surprise,-5,0.008596341,0.008596341,,,,,,0.0178573932498693,,0.0156216099858284,,,,,,,,,,0.0801579058170318
1700577877659-2-10-3-19-6,Surprise,Correct,Surprise,-4,0.011700113,0.011700113,,,,,,0.0660904496908187,,0.0514674447476863,,,,,,,,,,0.1872210055589676
1700577877659-2-10-3-19-6,Surprise,Correct,Surprise,-3,0.018820351,0.018820351,,,,,,0.1134860292077064,,0.0962327867746353,,,,,,,,,,0.245866060256958
1700577877659-2-10-3-19-6,Surprise,Correct,Surprise,-2,0.04541091,0.04541091,,,,,,0.2326140254735946,,0.2115794867277145,,,,,,,,,,0.3373482525348663
1700577877659-2-10-3-19-6,Surprise,Correct,Surprise,-1,0.20866881,0.20866881,,,,,,0.4941672384738922,,0.4663931727409363,,,,,,,,,,0.4041322767734527
1700577877659-2-10-3-19-6,Surprise,Correct,Surprise,0,0.46783814,0.46783814,,,,,,0.6482508778572083,,0.6269222497940063,,,,,,,,,,0.4434587359428406
1700577877659-2-10-3-19-6,Surprise,Correct,Surprise,1,0.61764634,0.61764634,,,,,,0.7409566640853882,,0.7332619428634644,,,,,,,,,,0.4711180627346039
1700577877659-2-10-3-19-6,Surprise,Correct,Surprise,2,0.7390715,0.7390715,,,,,,0.7272471785545349,,0.7307802438735962,,,,,,,,,,0.4473183751106262
1700577877659-2-10-3-19-6,Surprise,Correct,Surprise,3,0.82546425,0.82546425,,,,,,0.716009795665741,,0.7302435040473938,,,,,,,,,,0.4556403458118438
1700577877659-2-10-3-19-6,Surprise,Correct,Surprise,4,0.87470865,0.87470865,,,,,,0.6409040093421936,,0.6546836495399475,,,,,,,,,,0.4369258284568786
1700577877659-2-10-3-19-6,Surprise,Correct,Surprise,5,0.8945106,0.8945106,,,,,,0.6267688870429993,,0.6536717414855957,,,,,,,,,,0.4444917142391205
1700577877659-2-10-3-19-6,Surprise,Correct,Surprise,6,0.901876,0.901876,,,,,,0.6130765080451965,,0.6387736797332764,,,,,,,,,,0.4361292421817779
1700577877659-2-10-3-19-6,Surprise,Correct,Surprise,7,0.90371084,0.90371084,,,,,,0.6066188812255859,,0.6322641968727112,,,,,,,,,,0.434890866279602
1700578011711-2-10-4-3-6,Surprise,Correct,Surprise,-8,0.06782502,0.06782502,,,,,,2.9628972697537392e-06,,8.292466191051062e-06,,,,,,,,,,4.819345443551892e-12
1700578011711-2-10-4-3-6,Surprise,Correct,Surprise,-7,0.056478865,0.056478865,,,,,,2.9628972697537392e-06,,8.292466191051062e-06,,,,,,,,,,4.819345443551892e-12
1700578011711-2-10-4-3-6,Surprise,Correct,Surprise,-6,0.046349797,0.046349797,,,,,,2.025514731940348e-06,,5.668529865943128e-06,,,,,,,,,,2.393835997482885e-12
1700578011711-2-10-4-3-6,Surprise,Correct,Surprise,-5,0.035600323,0.035600323,,,,,,1.6747285371820908e-06,,4.686703050538199e-06,,,,,,,,,,1.6871143154392756e-12
1700578011711-2-10-4-3-6,Surprise,Correct,Surprise,-4,0.027074475,0.027074475,,,,,,1.6747285371820908e-06,,4.686703050538199e-06,,,,,,,,,,1.6871143154392756e-12
1700578011711-2-10-4-3-6,Surprise,Correct,Surprise,-3,0.032736566,0.032736566,,,,,,0.0036906788591295,,0.0036923589650541,,,,,,,,,,0.2410185188055038
1700578011711-2-10-4-3-6,Surprise,Correct,Surprise,-2,0.04305664,0.04305664,,,,,,0.0036906788591295,,0.0036923589650541,,,,,,,,,,0.2410185188055038
1700578011711-2-10-4-3-6,Surprise,Correct,Surprise,-1,0.12616716,0.12616716,,,,,,0.2177020758390426,,0.2238266617059707,,,,,,,,,,0.3787343502044678
1700578011711-2-10-4-3-6,Surprise,Correct,Surprise,0,0.22353493,0.22353493,,,,,,0.3861605226993561,,0.3971668183803558,,,,,,,,,,0.4059650897979736
1700578011711-2-10-4-3-6,Surprise,Correct,Surprise,1,0.32075876,0.32075876,,,,,,0.4856078028678894,,0.5016977190971375,,,,,,,,,,0.4073687791824341
1700578011711-2-10-4-3-6,Surprise,Correct,Surprise,2,0.41522425,0.41522425,,,,,,0.4993846118450165,,0.5629201531410217,,,,,,,,,,0.4074548184871673
1700578011711-2-10-4-3-6,Surprise,Correct,Surprise,3,0.4646235,0.4646235,,,,,,0.4993846118450165,,0.5629201531410217,,,,,,,,,,0.4074548184871673
1700578011711-2-10-4-3-6,Surprise,Correct,Surprise,4,0.5171959,0.5171959,,,,,,0.5508282780647278,,0.6155285835266113,,,,,,,,,,0.4074615836143493
1700578011711-2-10-4-3-6,Surprise,Correct,Surprise,5,0.5514782,0.5514782,,,,,,0.5441039800643921,,0.6097809672355652,,,,,,,,,,0.3939041495323181
1700578011711-2-10-4-3-6,Surprise,Correct,Surprise,6,0.5774161,0.5774161,,,,,,0.5434810519218445,,0.6029014587402344,,,,,,,,,,0.3916941583156585
1700578011711-2-10-4-3-6,Surprise,Correct,Surprise,7,0.5974343,0.5974343,,,,,,0.5350150465965271,,0.607751727104187,,,,,,,,,,0.3728313744068146
1700578011711-2-10-4-3-6,Surprise,Correct,Surprise,8,0.6212638,0.6212638,,,,,,0.5337073802947998,,0.6083700060844421,,,,,,,,,,0.3779709339141845
1700578043747-2-10-4-21-6,Surprise,Correct,Surprise,-8,0.050570652,0.050570652,,,,,,0.0141936521977186,,0.0136024644598364,,,,,,,,,,0.0002611320232972
1700578043747-2-10-4-21-6,Surprise,Correct,Surprise,-7,0.04029459,0.04029459,,,,,,0.0143559034913778,,0.0138979749754071,,,,,,,,,,0.0001737828861223
1700578043747-2-10-4-21-6,Surprise,Correct,Surprise,-6,0.031067202,0.031067202,,,,,,0.0100453356280922,,0.0141136422753334,,,,,,,,,,0.0001167794544016
1700578043747-2-10-4-21-6,Surprise,Correct,Surprise,-5,0.024153749,0.024153749,,,,,,0.0110664051026105,,0.0100833289325237,,,,,,,,,,7.911172724561766e-05
1700578043747-2-10-4-21-6,Surprise,Correct,Surprise,-4,0.01889606,0.01889606,,,,,,0.0080156391486525,,0.0073775690980255,,,,,,,,,,5.395620974013582e-05
1700578043747-2-10-4-21-6,Surprise,Correct,Surprise,-3,0.014874739,0.014874739,,,,,,0.0059333019889891,,0.0055076675489544,,,,,,,,,,3.700655361171812e-05
1700578043747-2-10-4-21-6,Surprise,Correct,Surprise,-2,0.02650865,0.02650865,,,,,,0.0223195981234312,,0.0281925275921821,,,,,,,,,,0.2097524404525756
1700578043747-2-10-4-21-6,Surprise,Correct,Surprise,-1,0.08718636,0.08718636,,,,,,0.1535351276397705,,0.1694727689027786,,,,,,,,,,0.3576794862747192
1700578043747-2-10-4-21-6,Surprise,Correct,Surprise,0,0.20986988,0.20986988,,,,,,0.3146928548812866,,0.3184747993946075,,,,,,,,,,0.389664888381958
1700578043747-2-10-4-21-6,Surprise,Correct,Surprise,1,0.3047246,0.3047246,,,,,,0.4852182269096374,,0.4953361451625824,,,,,,,,,,0.3910831212997436
1700578043747-2-10-4-21-6,Surprise,Correct,Surprise,2,0.40628973,0.40628973,,,,,,0.4852182269096374,,0.4953361451625824,,,,,,,,,,0.3910831212997436
1700578043747-2-10-4-21-6,Surprise,Correct,Surprise,3,0.5096044,0.5096044,,,,,,0.6454203724861145,,0.6565409302711487,,,,,,,,,,0.3824304342269897
1700578043747-2-10-4-21-6,Surprise,Correct,Surprise,4,0.57068884,0.57068884,,,,,,0.6510447263717651,,0.653963565826416,,,,,,,,,,0.3659922182559967
1700578053937-2-10-4-27-6,Surprise,Correct,Surprise,-8,0.08304782,0.08304782,,,,,,0.0013385217171162,,1.2591912934567517e-07,,,,,,,,,,7.790705240040552e-06
1700578053937-2-10-4-27-6,Surprise,Correct,Surprise,-7,0.097861886,0.097861886,,,,,,0.0010992201277986,,1.0409994644078327e-07,,,,,,,,,,5.439530013973126e-06
1700578053937-2-10-4-27-6,Surprise,Correct,Surprise,-6,0.114744745,0.114744745,,,,,,0.0007437819149345,,7.115324507367404e-08,,,,,,,,,,0.2423736453056335
1700578053937-2-10-4-27-6,Surprise,Correct,Surprise,-5,0.12386645,0.12386645,,,,,,0.0007437819149345,,7.115324507367404e-08,,,,,,,,,,0.2423736453056335
1700578053937-2-10-4-27-6,Surprise,Correct,Surprise,-4,0.17725484,0.17725484,,,,,,0.0080347917973995,,0.0209190901368856,,,,,,,,,,0.4306375086307525
1700578053937-2-10-4-27-6,Surprise,Correct,Surprise,-3,0.25423893,0.25423893,,,,,,0.0080347917973995,,0.0209190901368856,,,,,,,,,,0.4306375086307525
1700578053937-2-10-4-27-6,Surprise,Correct,Surprise,-2,0.3568861,0.3568861,,,,,,0.0410613417625427,,0.0928859487175941,,,,,,,,,,0.4813016057014465
1700578053937-2-10-4-27-6,Surprise,Correct,Surprise,-1,0.49034584,0.49034584,,,,,,0.1293509751558303,,0.2119259983301162,,,,,,,,,,0.5459697842597961
1700578053937-2-10-4-27-6,Surprise,Correct,Surprise,0,0.6789074,0.6789074,,,,,,0.2531991600990295,,0.328436940908432,,,,,,,,,,0.5485813617706299
1700578053937-2-10-4-27-6,Surprise,Correct,Surprise,1,0.8131799,0.8131799,,,,,,0.3382093906402588,,0.4104064404964447,,,,,,,,,,0.5487144589424133
1700578053937-2-10-4-27-6,Surprise,Correct,Surprise,2,0.88495725,0.88495725,,,,,,0.3382093906402588,,0.4104064404964447,,,,,,,,,,0.5487144589424133
1700578053937-2-10-4-27-6,Surprise,Correct,Surprise,3,0.9159013,0.9159013,,,,,,0.3423625528812408,,0.403858333826065,,,,,,,,,,0.514670193195343
1700578053937-2-10-4-27-6,Surprise,Correct,Surprise,4,0.93087596,0.93087596,,,,,,0.2725122570991516,,0.3471394181251526,,,,,,,,,,0.4630336761474609
1700578053937-2-10-4-27-6,Surprise,Correct,Surprise,5,0.94058084,0.94058084,,,,,,0.2725122570991516,,0.3471394181251526,,,,,,,,,,0.4630336761474609
1700578053937-2-10-4-27-6,Surprise,Correct,Surprise,6,0.945025,0.945025,,,,,,0.2119853347539901,,0.3136861622333526,,,,,,,,,,0.4486414492130279
1700578053937-2-10-4-27-6,Surprise,Correct,Surprise,7,0.9476353,0.9476353,,,,,,0.2119853347539901,,0.3136861622333526,,,,,,,,,,0.4486414492130279
1700578053937-2-10-4-27-6,Surprise,Correct,Surprise,8,0.9480452,0.9480452,,,,,,0.2089422047138214,,0.3134332001209259,,,,,,,,,,0.4462319612503052
1700583887578-2-13-2-2-6,Surprise,Correct,Surprise,-8,0.005406348,0.005406348,,,,,,1.1619553327508443e-24,,1.2348224342876321e-23,,,,,,,,,,0.1248202845454216
1700583887578-2-13-2-2-6,Surprise,Correct,Surprise,-7,0.0071398453,0.0071398453,,,,,,9.607398914028291e-25,,1.02098859083645e-23,,,,,,,,,,0.1637901067733764
1700583887578-2-13-2-2-6,Surprise,Correct,Surprise,-6,0.012271904,0.012271904,,,,,,7.9436345655396115e-25,,8.441785929082774e-24,,,,,,,,,,0.1923887729644775
1700583887578-2-13-2-2-6,Surprise,Correct,Surprise,-5,0.024205249,0.024205249,,,,,,0.0045531848445534,,6.979891776493448e-24,,,,,,,,,,0.2198266685009002
1700583887578-2-13-2-2-6,Surprise,Correct,Surprise,-4,0.051759385,0.051759385,,,,,,0.0165719911456108,,5.7711691207994154e-24,,,,,,,,,,0.2471154183149337
1700583887578-2-13-2-2-6,Surprise,Correct,Surprise,-3,0.11664908,0.11664908,,,,,,0.0239655002951622,,4.7717537457963145e-24,,,,,,,,,,0.2947045266628265
1700583887578-2-13-2-2-6,Surprise,Correct,Surprise,-2,0.21693508,0.21693508,,,,,,0.0413649305701255,,3.945427864034095e-24,,,,,,,,,,0.3234858214855194
1700583887578-2-13-2-2-6,Surprise,Correct,Surprise,-1,0.32469514,0.32469514,,,,,,0.0595559477806091,,3.262199378326701e-24,,,,,,,,,,0.3406770825386047
1700583887578-2-13-2-2-6,Surprise,Correct,Surprise,0,0.43727288,0.43727288,,,,,,0.1100138127803802,,0.0194988697767257,,,,,,,,,,0.3519775569438934
1700583887578-2-13-2-2-6,Surprise,Correct,Surprise,1,0.5381498,0.5381498,,,,,,0.1650566160678863,,0.054639097303152,,,,,,,,,,0.3434253931045532
1700583887578-2-13-2-2-6,Surprise,Correct,Surprise,2,0.61850613,0.61850613,,,,,,0.1646723598241806,,0.0575444735586643,,,,,,,,,,0.3288649022579193
1700583887578-2-13-2-2-6,Surprise,Correct,Surprise,3,0.67468405,0.67468405,,,,,,0.1785845458507537,,0.0593059919774532,,,,,,,,,,0.3265229761600494
1700583887578-2-13-2-2-6,Surprise,Correct,Surprise,4,0.7072352,0.7072352,,,,,,0.1850219666957855,,0.067403919994831,,,,,,,,,,0.318107396364212
1700583887578-2-13-2-2-6,Surprise,Correct,Surprise,5,0.7254765,0.7254765,,,,,,0.1779013127088546,,0.0662259012460708,,,,,,,,,,0.3084919452667236
1700583887578-2-13-2-2-6,Surprise,Correct,Surprise,6,0.73805,0.73805,,,,,,0.1893078535795211,,0.0763723030686378,,,,,,,,,,0.3020225465297699
1700583887578-2-13-2-2-6,Surprise,Correct,Surprise,7,0.75013363,0.75013363,,,,,,0.2097468078136444,,0.1043729856610298,,,,,,,,,,0.2976361513137817
1700583887578-2-13-2-2-6,Surprise,Correct,Surprise,8,0.7561382,0.7561382,,,,,,0.2142676711082458,,0.107096217572689,,,,,,,,,,0.2865949869155884
1700583903979-2-13-2-8-6,Surprise,Correct,Surprise,-1,0.32631093,0.32631093,,,,,,0.3056560754776001,,0.2643941640853882,,,,,,,,,,0.2840780615806579
1700583903979-2-13-2-8-6,Surprise,Correct,Surprise,0,0.42466685,0.42466685,,,,,,0.3056560754776001,,0.2643941640853882,,,,,,,,,,0.2840780615806579
1700583903979-2-13-2-8-6,Surprise,Correct,Surprise,1,0.45584738,0.45584738,,,,,,0.3056560754776001,,0.2643941640853882,,,,,,,,,,0.2840780615806579
1700583903979-2-13-2-8-6,Surprise,Correct,Surprise,2,0.47721058,0.47721058,,,,,,0.3080253601074219,,0.2614786922931671,,,,,,,,,,0.3112868964672088
1700583903979-2-13-2-8-6,Surprise,Correct,Surprise,3,0.49091914,0.49091914,,,,,,0.3080253601074219,,0.2614786922931671,,,,,,,,,,0.3112868964672088
1700583903979-2-13-2-8-6,Surprise,Correct,Surprise,4,0.5072067,0.5072067,,,,,,0.3061384558677673,,0.2591444849967956,,,,,,,,,,0.3240711688995361
1700583903979-2-13-2-8-6,Surprise,Correct,Surprise,5,0.5369526,0.5369526,,,,,,0.3249058723449707,,0.2744921445846557,,,,,,,,,,0.3399331271648407
1700583903979-2-13-2-8-6,Surprise,Correct,Surprise,6,0.57305837,0.57305837,,,,,,0.3575258553028106,,0.2977362871170044,,,,,,,,,,0.3759941458702087
1700583903979-2-13-2-8-6,Surprise,Correct,Surprise,7,0.6155521,0.6155521,,,,,,0.3902651369571686,,0.3157148659229278,,,,,,,,,,0.3894334137439728
1700583903979-2-13-2-8-6,Surprise,Correct,Surprise,8,0.66163456,0.66163456,,,,,,0.4492862522602081,,0.3698715567588806,,,,,,,,,,0.4152592718601227
1700584025989-2-13-3-13-6,Surprise,Correct,Surprise,-4,0.16813105,0.16813105,,,,,,0.0581528432667255,,0.0314776897430419,,,,,,,,,,0.1557040363550186
1700584025989-2-13-3-13-6,Surprise,Correct,Surprise,-3,0.18823314,0.18823314,,,,,,0.0918173268437385,,0.0456220582127571,,,,,,,,,,0.1666414737701416
1700584025989-2-13-3-13-6,Surprise,Correct,Surprise,-2,0.19382216,0.19382216,,,,,,0.0918173268437385,,0.0456220582127571,,,,,,,,,,0.1666414737701416
1700584025989-2-13-3-13-6,Surprise,Correct,Surprise,-1,0.20485364,0.20485364,,,,,,0.1136281713843345,,0.0679621025919914,,,,,,,,,,0.1822458207607269
1700584025989-2-13-3-13-6,Surprise,Correct,Surprise,0,0.2656478,0.2656478,,,,,,0.229053258895874,,0.1939088553190231,,,,,,,,,,0.1952714473009109
1700584025989-2-13-3-13-6,Surprise,Correct,Surprise,1,0.30036256,0.30036256,,,,,,0.229053258895874,,0.1939088553190231,,,,,,,,,,0.1952714473009109
1700584025989-2-13-3-13-6,Surprise,Correct,Surprise,2,0.33655608,0.33655608,,,,,,0.2541899681091308,,0.2244404107332229,,,,,,,,,,0.2114158272743225
1700584025989-2-13-3-13-6,Surprise,Correct,Surprise,3,0.3621082,0.3621082,,,,,,0.2572085857391357,,0.22266586124897,,,,,,,,,,0.2117842584848404
1700584025989-2-13-3-13-6,Surprise,Correct,Surprise,4,0.39359754,0.39359754,,,,,,0.2586001455783844,,0.2269947230815887,,,,,,,,,,0.2205623537302017
1700584025989-2-13-3-13-6,Surprise,Correct,Surprise,5,0.41568574,0.41568574,,,,,,0.2592880427837372,,0.2291370779275894,,,,,,,,,,0.2222491204738617
1700584025989-2-13-3-13-6,Surprise,Correct,Surprise,6,0.43740186,0.43740186,,,,,,0.264532208442688,,0.2437705248594284,,,,,,,,,,0.2226177304983139
1700584025989-2-13-3-13-6,Surprise,Correct,Surprise,7,0.45128456,0.45128456,,,,,,0.2672965228557586,,0.2458513081073761,,,,,,,,,,0.2448330670595169
1700584025989-2-13-3-13-6,Surprise,Correct,Surprise,8,0.46755427,0.46755427,,,,,,0.2818223834037781,,0.2662662863731384,,,,,,,,,,0.2367831766605377
1700584037726-2-13-3-19-6,Surprise,Correct,Surprise,-8,0.013424972,0.013424972,,,,,,0.0930184200406074,,0.0908441841602325,,,,,,,,,,0.0235067214816808
1700584037726-2-13-3-19-6,Surprise,Correct,Surprise,-7,0.011462456,0.011462456,,,,,,0.0930184200406074,,0.0908441841602325,,,,,,,,,,0.0235067214816808
1700584037726-2-13-3-19-6,Surprise,Correct,Surprise,-6,0.01085938,0.01085938,,,,,,0.1044334918260574,,0.0985331386327743,,,,,,,,,,0.0257305596023798
1700584037726-2-13-3-19-6,Surprise,Correct,Surprise,-5,0.012378348,0.012378348,,,,,,0.1413789689540863,,0.1211594864726066,,,,,,,,,,0.032730471342802
1700584037726-2-13-3-19-6,Surprise,Correct,Surprise,-4,0.016220769,0.016220769,,,,,,0.1505157202482223,,0.1333838552236557,,,,,,,,,,0.0824316293001174
1700584037726-2-13-3-19-6,Surprise,Correct,Surprise,-3,0.02744537,0.02744537,,,,,,0.1758673191070556,,0.1454821676015854,,,,,,,,,,0.1602994948625564
1700584037726-2-13-3-19-6,Surprise,Correct,Surprise,-2,0.061264846,0.061264846,,,,,,0.1881562918424606,,0.1522889137268066,,,,,,,,,,0.2178844064474105
1700584037726-2-13-3-19-6,Surprise,Correct,Surprise,-1,0.14350072,0.14350072,,,,,,0.2091297656297683,,0.1859272569417953,,,,,,,,,,0.2576115429401397
1700584037726-2-13-3-19-6,Surprise,Correct,Surprise,0,0.2549063,0.2549063,,,,,,0.2192502319812774,,0.2017586678266525,,,,,,,,,,0.2755301594734192
1700584037726-2-13-3-19-6,Surprise,Correct,Surprise,1,0.33958226,0.33958226,,,,,,0.2192502319812774,,0.2017586678266525,,,,,,,,,,0.2755301594734192
1700584037726-2-13-3-19-6,Surprise,Correct,Surprise,2,0.41093338,0.41093338,,,,,,0.2483779042959213,,0.2417831122875213,,,,,,,,,,0.3502015769481659
1700584037726-2-13-3-19-6,Surprise,Correct,Surprise,3,0.4610213,0.4610213,,,,,,0.2483779042959213,,0.2417831122875213,,,,,,,,,,0.3502015769481659
1700584037726-2-13-3-19-6,Surprise,Correct,Surprise,4,0.5221993,0.5221993,,,,,,0.2861958146095276,,0.2680160701274872,,,,,,,,,,0.3638959527015686
1700584037726-2-13-3-19-6,Surprise,Correct,Surprise,5,0.5696474,0.5696474,,,,,,0.2870893478393554,,0.2652010917663574,,,,,,,,,,0.3786892294883728
1700584037726-2-13-3-19-6,Surprise,Correct,Surprise,6,0.61084795,0.61084795,,,,,,0.2822205722332001,,0.2635299563407898,,,,,,,,,,0.365951269865036
1700584037726-2-13-3-19-6,Surprise,Correct,Surprise,7,0.64625794,0.64625794,,,,,,0.2844187915325165,,0.2663295865058899,,,,,,,,,,0.378414899110794
1700584037726-2-13-3-19-6,Surprise,Correct,Surprise,8,0.67200667,0.67200667,,,,,,0.2844187915325165,,0.2663295865058899,,,,,,,,,,0.378414899110794
1700584207271-2-13-4-3-6,Surprise,Correct,Surprise,-8,0.029026818,0.029026818,,,,,,0.1417897939682006,,0.1262704581022262,,,,,,,,,,0.1505314111709594
1700584207271-2-13-4-3-6,Surprise,Correct,Surprise,-7,0.052430652,0.052430652,,,,,,0.1522157788276672,,0.1386309713125229,,,,,,,,,,0.1471565067768097
1700584207271-2-13-4-3-6,Surprise,Correct,Surprise,-6,0.09098405,0.09098405,,,,,,0.1973861455917358,,0.166487231850624,,,,,,,,,,0.1332525908946991
1700584207271-2-13-4-3-6,Surprise,Correct,Surprise,-5,0.12667942,0.12667942,,,,,,0.2156286239624023,,0.1789545863866806,,,,,,,,,,0.1445326656103134
1700584207271-2-13-4-3-6,Surprise,Correct,Surprise,-4,0.14909351,0.14909351,,,,,,0.223630666732788,,0.18495574593544,,,,,,,,,,0.1337153762578964
1700584207271-2-13-4-3-6,Surprise,Correct,Surprise,-3,0.18176009,0.18176009,,,,,,0.2601253390312195,,0.2192706316709518,,,,,,,,,,0.1312726736068725
1700584207271-2-13-4-3-6,Surprise,Correct,Surprise,-2,0.23573488,0.23573488,,,,,,0.3283845484256744,,0.2867482006549835,,,,,,,,,,0.1525710225105285
1700584207271-2-13-4-3-6,Surprise,Correct,Surprise,-1,0.30701143,0.30701143,,,,,,0.4220377206802368,,0.4035360813140869,,,,,,,,,,0.2151335924863815
1700584207271-2-13-4-3-6,Surprise,Correct,Surprise,0,0.4047714,0.4047714,,,,,,0.6154056787490845,,0.5887691974639893,,,,,,,,,,0.3491016030311584
1700584207271-2-13-4-3-6,Surprise,Correct,Surprise,1,0.4569913,0.4569913,,,,,,0.6154056787490845,,0.5887691974639893,,,,,,,,,,0.3491016030311584
1700584207271-2-13-4-3-6,Surprise,Correct,Surprise,2,0.50521356,0.50521356,,,,,,0.6968504190444946,,0.6688756942749023,,,,,,,,,,0.3884268701076507
1700584207271-2-13-4-3-6,Surprise,Correct,Surprise,3,0.5436783,0.5436783,,,,,,0.6954231858253479,,0.6672777533531189,,,,,,,,,,0.4061124622821808
1700584207271-2-13-4-3-6,Surprise,Correct,Surprise,4,0.5763587,0.5763587,,,,,,0.7065539956092834,,0.678331196308136,,,,,,,,,,0.4173639118671417
1700584207271-2-13-4-3-6,Surprise,Correct,Surprise,5,0.6095468,0.6095468,,,,,,0.7099018096923828,,0.6579091548919678,,,,,,,,,,0.4432679712772369
1700584207271-2-13-4-3-6,Surprise,Correct,Surprise,6,0.64268523,0.64268523,,,,,,0.7253293991088867,,0.6809805631637573,,,,,,,,,,0.4703280925750732
1700584207271-2-13-4-3-6,Surprise,Correct,Surprise,7,0.66252816,0.66252816,,,,,,0.7177392840385437,,0.6675817966461182,,,,,,,,,,0.4823693633079529
1700584207271-2-13-4-3-6,Surprise,Correct,Surprise,8,0.68453026,0.68453026,,,,,,0.7065929770469666,,0.6616391539573669,,,,,,,,,,0.4737410843372345
1700584238451-2-13-4-21-6,Surprise,Correct,Surprise,-8,0.3040872,0.3040872,,,,,,0.1522315740585327,,0.165441632270813,,,,,,,,,,0.153750330209732
1700584238451-2-13-4-21-6,Surprise,Correct,Surprise,-7,0.33365217,0.33365217,,,,,,0.1522315740585327,,0.165441632270813,,,,,,,,,,0.153750330209732
1700584238451-2-13-4-21-6,Surprise,Correct,Surprise,-6,0.35233393,0.35233393,,,,,,0.1493196934461593,,0.1600269377231598,,,,,,,,,,0.1484574973583221
1700584238451-2-13-4-21-6,Surprise,Correct,Surprise,-5,0.36388445,0.36388445,,,,,,0.1468427032232284,,0.1550973206758499,,,,,,,,,,0.1349798887968063
1700584238451-2-13-4-21-6,Surprise,Correct,Surprise,-4,0.37282628,0.37282628,,,,,,0.1448510885238647,,0.1545931100845337,,,,,,,,,,0.1233475059270858
1700584238451-2-13-4-21-6,Surprise,Correct,Surprise,-3,0.36638156,0.36638156,,,,,,0.1432422995567321,,0.1542238593101501,,,,,,,,,,0.0907979309558868
1700584238451-2-13-4-21-6,Surprise,Correct,Surprise,-2,0.3458645,0.3458645,,,,,,0.1805235892534256,,0.1681960523128509,,,,,,,,,,0.0927921682596206
1700584238451-2-13-4-21-6,Surprise,Correct,Surprise,-1,0.350082,0.350082,,,,,,0.2629776895046234,,0.2238115519285202,,,,,,,,,,0.1569704562425613
1700584238451-2-13-4-21-6,Surprise,Correct,Surprise,0,0.42579487,0.42579487,,,,,,0.4817932248115539,,0.4514830708503723,,,,,,,,,,0.2952428162097931
1700584238451-2-13-4-21-6,Surprise,Correct,Surprise,1,0.47037512,0.47037512,,,,,,0.5460089445114136,,0.5076602697372437,,,,,,,,,,0.3134748041629791
1700584238451-2-13-4-21-6,Surprise,Correct,Surprise,2,0.48367023,0.48367023,,,,,,0.5363175272941589,,0.4975775778293609,,,,,,,,,,0.3248432576656341
1700584238451-2-13-4-21-6,Surprise,Correct,Surprise,3,0.48970577,0.48970577,,,,,,0.5363175272941589,,0.4975775778293609,,,,,,,,,,0.3248432576656341
1700584238451-2-13-4-21-6,Surprise,Correct,Surprise,4,0.49324536,0.49324536,,,,,,0.5264605283737183,,0.4876900911331177,,,,,,,,,,0.316229373216629
1700584238451-2-13-4-21-6,Surprise,Correct,Surprise,5,0.49551713,0.49551713,,,,,,0.5264605283737183,,0.4876900911331177,,,,,,,,,,0.316229373216629
1700584238451-2-13-4-21-6,Surprise,Correct,Surprise,6,0.4983951,0.4983951,,,,,,0.5264605283737183,,0.4876900911331177,,,,,,,,,,0.316229373216629
1700584238451-2-13-4-21-6,Surprise,Correct,Surprise,7,0.49780273,0.49780273,,,,,,0.4790687561035156,,0.4478387832641601,,,,,,,,,,0.3151275515556335
1700584238451-2-13-4-21-6,Surprise,Correct,Surprise,8,0.50057113,0.50057113,,,,,,0.453303188085556,,0.429231196641922,,,,,,,,,,0.3151080012321472
1700584249628-2-13-4-27-6,Surprise,Correct,Surprise,-8,0.0009990875,0.0009990875,,,,,,0.179545596241951,,0.1488417536020279,,,,,,,,,,0.0956390276551246
1700584249628-2-13-4-27-6,Surprise,Correct,Surprise,-7,0.0011313853,0.0011313853,,,,,,0.1726662516593933,,0.137626513838768,,,,,,,,,,0.073469303548336
1700584249628-2-13-4-27-6,Surprise,Correct,Surprise,-6,0.0017165516,0.0017165516,,,,,,0.1710758954286575,,0.1344442963600158,,,,,,,,,,0.0750313028693199
1700584249628-2-13-4-27-6,Surprise,Correct,Surprise,-5,0.003882137,0.003882137,,,,,,0.1906348019838333,,0.1576071977615356,,,,,,,,,,0.1443963348865509
1700584249628-2-13-4-27-6,Surprise,Correct,Surprise,-4,0.008975846,0.008975846,,,,,,0.2308361232280731,,0.193000927567482,,,,,,,,,,0.2149441838264465
1700584249628-2-13-4-27-6,Surprise,Correct,Surprise,-3,0.02213456,0.02213456,,,,,,0.3069110810756683,,0.2754332721233368,,,,,,,,,,0.2566976249217987
1700584249628-2-13-4-27-6,Surprise,Correct,Surprise,-2,0.06309746,0.06309746,,,,,,0.4143244922161102,,0.3762690722942352,,,,,,,,,,0.3107387125492096
1700584249628-2-13-4-27-6,Surprise,Correct,Surprise,-1,0.19556072,0.19556072,,,,,,0.4879324734210968,,0.4660103619098663,,,,,,,,,,0.3603924810886383
1700584249628-2-13-4-27-6,Surprise,Correct,Surprise,0,0.38585538,0.38585538,,,,,,0.5374862551689148,,0.5112630724906921,,,,,,,,,,0.389022946357727
1700584249628-2-13-4-27-6,Surprise,Correct,Surprise,1,0.49917632,0.49917632,,,,,,0.5110798478126526,,0.4836237728595733,,,,,,,,,,0.3909867703914642
1700584249628-2-13-4-27-6,Surprise,Correct,Surprise,2,0.56509036,0.56509036,,,,,,0.5006367564201355,,0.4673038721084595,,,,,,,,,,0.3672285974025726
1700584249628-2-13-4-27-6,Surprise,Correct,Surprise,3,0.6188501,0.6188501,,,,,,0.4845121502876282,,0.4495159685611725,,,,,,,,,,0.3553403615951538
1700584249628-2-13-4-27-6,Surprise,Correct,Surprise,4,0.65579766,0.65579766,,,,,,0.4826467633247375,,0.4369182586669922,,,,,,,,,,0.3341162204742431
1700584249628-2-13-4-27-6,Surprise,Correct,Surprise,5,0.6863064,0.6863064,,,,,,0.4728506803512573,,0.4292037785053253,,,,,,,,,,0.3404063880443573
1700584249628-2-13-4-27-6,Surprise,Correct,Surprise,6,0.70899886,0.70899886,,,,,,0.458433598279953,,0.3955547213554382,,,,,,,,,,0.328109860420227
1700584249628-2-13-4-27-6,Surprise,Correct,Surprise,7,0.7272692,0.7272692,,,,,,0.4529734551906585,,0.4011408388614654,,,,,,,,,,0.3221178650856018
1700747233836-2-15-2-2-6,Surprise,Incorrect,Disgust,-8,0.017123286,0.16804734,,,,,,1.0340213433430364e-17,,1.948147337893502e-10,,,,,,,,,,0.2268110364675521
1700747233836-2-15-2-2-6,Surprise,Incorrect,Disgust,-7,0.017889826,0.15946886,,,,,,7.068968882411806e-18,,1.3318288138997048e-10,,,,,,,,,,0.245898425579071
1700747233836-2-15-2-2-6,Surprise,Incorrect,Disgust,-6,0.017981887,0.15415801,,,,,,7.068968882411806e-18,,1.3318288138997048e-10,,,,,,,,,,0.245898425579071
1700747233836-2-15-2-2-6,Surprise,Incorrect,Disgust,-5,0.018864553,0.16030215,,,,,,5.844835460832848e-18,,1.1011960093787464e-10,,,,,,,,,,0.2729766070842743
1700747233836-2-15-2-2-6,Surprise,Incorrect,Disgust,-4,0.021861913,0.15756924,,,,,,4.832660867366011e-18,,9.104973025531038e-11,,,,,,,,,,0.2858913540840149
1700747233836-2-15-2-2-6,Surprise,Incorrect,Disgust,-3,0.026478851,0.18094724,,,,,,3.303827402142175e-18,,6.224575715974012e-11,,,,,,,,,,0.3113708198070526
1700747233836-2-15-2-2-6,Surprise,Incorrect,Disgust,-2,0.048831806,0.19817428,,,,,,2.7317021412055856e-18,,5.146662956923009e-11,,,,,,,,,,0.323914110660553
1700747233836-2-15-2-2-6,Surprise,Incorrect,Disgust,-1,0.06563038,0.21912697,,,,,,2.7317021412055856e-18,,5.146662956923009e-11,,,,,,,,,,0.323914110660553
1700747233836-2-15-2-2-6,Surprise,Incorrect,Disgust,0,0.10572693,0.2229567,,,,,,1.867523394214286e-18,,3.5185070135224095e-11,,,,,,,,,,0.3154563009738922
1700747233836-2-15-2-2-6,Surprise,Incorrect,Disgust,1,0.13083254,0.22125632,,,,,,1.867523394214286e-18,,3.5185070135224095e-11,,,,,,,,,,0.3154563009738922
1700747233836-2-15-2-2-6,Surprise,Incorrect,Disgust,2,0.14883797,0.21380375,,,,,,1.5441120081255736e-18,,2.909183831334428e-11,,,,,,,,,,0.3044419884681701
1700747233836-2-15-2-2-6,Surprise,Incorrect,Disgust,3,0.16282885,0.2187327,,,,,,1.2767167761310693e-18,,2.4053977559779227e-11,,,,,,,,,,0.3123277425765991
1700747233836-2-15-2-2-6,Surprise,Incorrect,Disgust,4,0.16684476,0.21678537,,,,,,1.0556256672612117e-18,,1.9888512711729867e-11,,,,,,,,,,0.3047657012939453
1700747233836-2-15-2-2-6,Surprise,Incorrect,Disgust,5,0.17357902,0.21615231,,,,,,8.728194756700284e-19,,1.6444352823885566e-11,,,,,,,,,,0.3016147017478943
1700747233836-2-15-2-2-6,Surprise,Incorrect,Disgust,6,0.17531453,0.21434522,,,,,,5.966982636949142e-19,,1.1242092326502195e-11,,,,,,,,,,0.2976475954055786
1700747233836-2-15-2-2-6,Surprise,Incorrect,Disgust,7,0.18013465,0.21252383,,,,,,5.966982636949142e-19,,1.1242092326502195e-11,,,,,,,,,,0.2976475954055786
1700747233836-2-15-2-2-6,Surprise,Incorrect,Disgust,8,0.18653443,0.21095452,,,,,,4.933674302614609e-19,,9.295288497246368e-12,,,,,,,,,,0.2982041835784912
1700747248666-2-15-2-8-6,Surprise,Correct,Surprise,-2,0.17735799,0.17735799,,,,,,2.0696374234091368e-14,,3.882522651110776e-05,,,,,,,,,,0.1447290927171707
1700747248666-2-15-2-8-6,Surprise,Correct,Surprise,-1,0.3007271,0.3007271,,,,,,1.7112349135362664e-14,,3.2094194466480985e-05,,,,,,,,,,0.1556938737630844
1700747248666-2-15-2-8-6,Surprise,Correct,Surprise,0,0.51387906,0.51387906,,,,,,1.4148856138627724e-14,,2.653096817084588e-05,,,,,,,,,,0.1810299307107925
1700747248666-2-15-2-8-6,Surprise,Correct,Surprise,1,0.68179107,0.68179107,,,,,,1.1698692212983204e-14,,2.193303589592688e-05,,,,,,,,,,0.2183290123939514
1700747248666-2-15-2-8-6,Surprise,Correct,Surprise,2,0.7813873,0.7813873,,,,,,1.1698692212983204e-14,,2.193303589592688e-05,,,,,,,,,,0.2183290123939514
1700747248666-2-15-2-8-6,Surprise,Correct,Surprise,3,0.8457203,0.8457203,,,,,,7.997749462479095e-15,,1.499073641753057e-05,,,,,,,,,,0.2765842378139496
1700747248666-2-15-2-8-6,Surprise,Correct,Surprise,4,0.88264287,0.88264287,,,,,,6.612751490863485e-15,,1.2393603356031235e-05,,,,,,,,,,0.2966093719005584
1700747248666-2-15-2-8-6,Surprise,Correct,Surprise,5,0.9132079,0.9132079,,,,,,5.46760360375714e-15,,1.0246594683849253e-05,,,,,,,,,,0.3383609354496002
1700747248666-2-15-2-8-6,Surprise,Correct,Surprise,6,0.9162145,0.9162145,,,,,,4.52077238762439e-15,,8.471650289720856e-06,,,,,,,,,,0.3045926988124847
1700747248666-2-15-2-8-6,Surprise,Correct,Surprise,7,0.92000616,0.92000616,,,,,,4.52077238762439e-15,,8.471650289720856e-06,,,,,,,,,,0.3045926988124847
1700747248666-2-15-2-8-6,Surprise,Correct,Surprise,8,0.9254179,0.9254179,,,,,,3.090603207722893e-15,,5.79105335418717e-06,,,,,,,,,,0.3255618214607239
1700747250542-2-15-2-9-6,Surprise,Correct,Surprise,-8,0.0061487183,0.0061487183,,,,,,1.6018008442029862e-20,,3.0007791390618266e-11,,,,,,,,,,0.2063007354736328
1700747250542-2-15-2-9-6,Surprise,Correct,Surprise,-7,0.008314608,0.008314608,,,,,,1.0950632962663958e-20,,2.051467849761845e-11,,,,,,,,,,0.2118050903081894
1700747250542-2-15-2-9-6,Surprise,Correct,Surprise,-6,0.011129885,0.011129885,,,,,,9.05431656162474e-21,,1.696216084257074e-11,,,,,,,,,,0.1984370797872543
1700747250542-2-15-2-9-6,Surprise,Correct,Surprise,-5,0.017610256,0.017610256,,,,,,7.486377939072003e-21,,1.4024817765467825e-11,,,,,,,,,,0.2192044854164123
1700747250542-2-15-2-9-6,Surprise,Correct,Surprise,-4,0.033710923,0.033710923,,,,,,0.0014894295018166,,1.1596086070542189e-11,,,,,,,,,,0.2459947019815445
1700747250542-2-15-2-9-6,Surprise,Correct,Surprise,-3,0.061056733,0.061056733,,,,,,0.0012214198941364,,9.587982317815769e-12,,,,,,,,,,0.249328076839447
1700747250542-2-15-2-9-6,Surprise,Correct,Surprise,-2,0.10148506,0.10148506,,,,,,0.0012214198941364,,9.587982317815769e-12,,,,,,,,,,0.249328076839447
1700747250542-2-15-2-9-6,Surprise,Correct,Surprise,-1,0.19237801,0.19237801,,,,,,0.0022551319561898,,0.0024348497390747,,,,,,,,,,0.2765333652496338
1700747250542-2-15-2-9-6,Surprise,Correct,Surprise,0,0.31005713,0.31005713,,,,,,0.0018408116884529,,0.0019884491339325,,,,,,,,,,0.2769796550273895
1700747250542-2-15-2-9-6,Surprise,Correct,Surprise,1,0.41867104,0.41867104,,,,,,0.0090559246018528,,0.003903916105628,,,,,,,,,,0.2587387859821319
1700747250542-2-15-2-9-6,Surprise,Correct,Surprise,2,0.50203395,0.50203395,,,,,,0.0072008781135082,,0.0031616196502,,,,,,,,,,0.260201632976532
1700747352492-2-15-3-3-6,Surprise,Correct,Surprise,-8,0.08796228,0.08796228,,,,,,0.0010954205645248,,0.0039752284064888,,,,,,,,,,0.0220394283533096
1700747352492-2-15-3-3-6,Surprise,Correct,Surprise,-7,0.06507782,0.06507782,,,,,,0.0010954205645248,,0.0039752284064888,,,,,,,,,,0.0220394283533096
1700747352492-2-15-3-3-6,Surprise,Correct,Surprise,-6,0.047485262,0.047485262,,,,,,0.000900489394553,,0.0032008709385991,,,,,,,,,,0.0248302984982728
1700747352492-2-15-3-3-6,Surprise,Correct,Surprise,-5,0.034939077,0.034939077,,,,,,0.0006102385814301,,0.0021021096035838,,,,,,,,,,0.0265835206955671
1700747352492-2-15-3-3-6,Surprise,Correct,Surprise,-4,0.027278561,0.027278561,,,,,,0.0005029092426411,,0.0017120917327702,,,,,,,,,,0.0336718335747718
1700747352492-2-15-3-3-6,Surprise,Correct,Surprise,-3,0.024579244,0.024579244,,,,,,0.0004146913415752,,0.0013980532530695,,,,,,,,,,0.0579284019768238
1700747352492-2-15-3-3-6,Surprise,Correct,Surprise,-2,0.026705962,0.026705962,,,,,,0.0003421098226681,,0.001144076581113,,,,,,,,,,0.1114971339702606
1700747352492-2-15-3-3-6,Surprise,Correct,Surprise,-1,0.02978802,0.02978802,,,,,,0.0003421098226681,,0.001144076581113,,,,,,,,,,0.1114971339702606
1700747352492-2-15-3-3-6,Surprise,Correct,Surprise,0,0.5022619,0.5022619,,,,,,0.0439768098294734,,0.040444117039442,,,,,,,,,,0.4116915166378021
1700747352492-2-15-3-3-6,Surprise,Correct,Surprise,1,0.9494903,0.9494903,,,,,,0.1316853612661361,,0.1291726976633072,,,,,,,,,,0.4807162582874298
1700747352492-2-15-3-3-6,Surprise,Correct,Surprise,2,0.98694825,0.98694825,,,,,,0.1316853612661361,,0.1291726976633072,,,,,,,,,,0.4807162582874298
1700747352492-2-15-3-3-6,Surprise,Correct,Surprise,3,0.99333537,0.99333537,,,,,,0.1477489620447158,,0.1497685462236404,,,,,,,,,,0.535587728023529
1700747352492-2-15-3-3-6,Surprise,Correct,Surprise,4,0.99526286,0.99526286,,,,,,0.1579744964838028,,0.1625160127878189,,,,,,,,,,0.5861385464668274
1700747352492-2-15-3-3-6,Surprise,Correct,Surprise,5,0.99583924,0.99583924,,,,,,0.1579744964838028,,0.1625160127878189,,,,,,,,,,0.5861385464668274
1700747352492-2-15-3-3-6,Surprise,Correct,Surprise,6,0.9960376,0.9960376,,,,,,0.1720618605613708,,0.1644886434078216,,,,,,,,,,0.5867098569869995
1700747352492-2-15-3-3-6,Surprise,Correct,Surprise,7,0.99588984,0.99588984,,,,,,0.1735741794109344,,0.162012442946434,,,,,,,,,,0.5505288243293762
1700747352492-2-15-3-3-6,Surprise,Correct,Surprise,8,0.9959571,0.9959571,,,,,,0.1665731817483902,,0.1598163247108459,,,,,,,,,,0.5489301085472107
1700747372332-2-15-3-13-6,Surprise,Correct,Surprise,-8,0.006941326,0.006941326,,,,,,7.985605043359101e-05,,1.0282798612593073e-08,,,,,,,,,,0.0070227612741291
1700747372332-2-15-3-13-6,Surprise,Correct,Surprise,-7,0.005364695,0.005364695,,,,,,6.599679181817919e-05,,8.502105686147843e-09,,,,,,,,,,0.0083309579640626
1700747372332-2-15-3-13-6,Surprise,Correct,Surprise,-6,0.0043828026,0.0043828026,,,,,,5.45472648809664e-05,,7.02978697475487e-09,,,,,,,,,,0.0091750379651784
1700747372332-2-15-3-13-6,Surprise,Correct,Surprise,-5,0.0037461868,0.0037461868,,,,,,4.508708661887795e-05,,5.812436754126793e-09,,,,,,,,,,0.0097274575382471
1700747372332-2-15-3-13-6,Surprise,Correct,Surprise,-4,0.0033891166,0.0033891166,,,,,,3.726958675542846e-05,,4.805889908254812e-09,,,,,,,,,,0.020525474101305
1700747372332-2-15-3-13-6,Surprise,Correct,Surprise,-3,0.0032128366,0.0032128366,,,,,,3.080891110585071e-05,,3.973645856802932e-09,,,,,,,,,,0.0325354225933551
1700747372332-2-15-3-13-6,Surprise,Correct,Surprise,-2,0.008007019,0.008007019,,,,,,2.5469120373600163e-05,,3.2855198561776433e-09,,,,,,,,,,0.1358811855316162
1700747372332-2-15-3-13-6,Surprise,Correct,Surprise,-1,0.11224758,0.11224758,,,,,,2.105554631270934e-05,,2.716568303640088e-09,,,,,,,,,,0.2429060339927673
1700747372332-2-15-3-13-6,Surprise,Correct,Surprise,0,0.5435575,0.5435575,,,,,,1.740710467856843e-05,,2.2461230653192388e-09,,,,,,,,,,0.27488774061203
1700747372332-2-15-3-13-6,Surprise,Correct,Surprise,1,0.7180952,0.7180952,,,,,,1.4391236618394032e-05,,1.857157871931747e-09,,,,,,,,,,0.3489146530628204
1700747372332-2-15-3-13-6,Surprise,Correct,Surprise,2,0.7565426,0.7565426,,,,,,9.83701738732634e-06,,1.2696387274857555e-09,,,,,,,,,,0.3538985252380371
1700747372332-2-15-3-13-6,Surprise,Correct,Surprise,3,0.799268,0.799268,,,,,,9.83701738732634e-06,,1.2696387274857555e-09,,,,,,,,,,0.3538985252380371
1700747372332-2-15-3-13-6,Surprise,Correct,Surprise,4,0.80438024,0.80438024,,,,,,8.133069968607742e-06,,1.0497742675141808e-09,,,,,,,,,,0.3065123260021209
1700747372332-2-15-3-13-6,Surprise,Correct,Surprise,5,0.81147516,0.81147516,,,,,,6.7243227022117935e-06,,8.679813534584466e-10,,,,,,,,,,0.2913867533206939
1700747372332-2-15-3-13-6,Surprise,Correct,Surprise,6,0.80333275,0.80333275,,,,,,5.559641067520715e-06,,7.176712002454622e-10,,,,,,,,,,0.2717895209789276
1700747372332-2-15-3-13-6,Surprise,Correct,Surprise,7,0.801308,0.801308,,,,,,4.59669945485075e-06,,5.933881164210675e-10,,,,,,,,,,0.2651053369045257
1700747372332-2-15-3-13-6,Surprise,Correct,Surprise,8,0.796,0.796,,,,,,3.800579861490405e-06,,4.906300365981051e-10,,,,,,,,,,0.2466792613267898
1700747384624-2-15-3-19-6,Surprise,Incorrect,Fear,-1,0.3929346,0.23934516,,,,,,2.70479265651602e-08,,7.927446199484933e-11,,,,,,,,,,0.4085894823074341
1700747384624-2-15-3-19-6,Surprise,Incorrect,Fear,0,0.63567406,0.22785492,,,,,,0.005485326051712,,0.0017017202917486,,,,,,,,,,0.4320537745952606
1700747384624-2-15-3-19-6,Surprise,Incorrect,Fear,1,0.78207105,0.17132337,,,,,,0.0044310577213764,,0.0013941382057964,,,,,,,,,,0.4440594613552093
1700747384624-2-15-3-19-6,Surprise,Incorrect,Fear,2,0.87869704,0.10382686,,,,,,0.0051283077336847,,0.0011439678492024,,,,,,,,,,0.4549553394317627
1700747384624-2-15-3-19-6,Surprise,Incorrect,Fear,3,0.9253418,0.066290446,,,,,,0.0056731784716248,,0.000939926423598,,,,,,,,,,0.4561701416969299
1700747384624-2-15-3-19-6,Surprise,Incorrect,Fear,4,0.9458941,0.048888203,,,,,,0.0061028692871332,,0.0007731152581982,,,,,,,,,,0.4473719894886017
1700747384624-2-15-3-19-6,Surprise,Incorrect,Fear,5,0.9485056,0.04717524,,,,,,0.0048790867440402,,0.0006364840082824,,,,,,,,,,0.4234775304794311
1700747384624-2-15-3-19-6,Surprise,Incorrect,Fear,6,0.9411674,0.054778747,,,,,,0.003923159558326,,0.0005243874620646,,,,,,,,,,0.4103528559207916
1700747384624-2-15-3-19-6,Surprise,Incorrect,Fear,7,0.92983264,0.066047944,,,,,,0.0031696185469627,,0.0004322991590015,,,,,,,,,,0.3927865922451019
1700747384624-2-15-3-19-6,Surprise,Incorrect,Fear,8,0.9160156,0.07963795,,,,,,0.0025710111949592,,0.0003565670922398,,,,,,,,,,0.3858843445777893
1700747550545-2-15-4-21-6,Surprise,Correct,Surprise,-4,0.11336753,0.11336753,,,,,,0.0150045063346624,,1.3214003179964713e-25,,,,,,,,,,0.008656564168632
1700747550545-2-15-4-21-6,Surprise,Correct,Surprise,-3,0.08682754,0.08682754,,,,,,0.0113636786118149,,1.092570011800289e-25,,,,,,,,,,0.0280133243650198
1700747550545-2-15-4-21-6,Surprise,Correct,Surprise,-2,0.095540464,0.095540464,,,,,,0.0087755108252167,,9.033645586519074e-26,,,,,,,,,,0.199594497680664
1700747550545-2-15-4-21-6,Surprise,Correct,Surprise,-1,0.24318737,0.24318737,,,,,,0.0105759110301733,,7.469283875064067e-26,,,,,,,,,,0.3198609054088592
1700747550545-2-15-4-21-6,Surprise,Correct,Surprise,0,0.6754463,0.6754463,,,,,,0.015232459641993,,6.175775090226366e-26,,,,,,,,,,0.3617967665195465
1700747550545-2-15-4-21-6,Surprise,Correct,Surprise,1,0.9006078,0.9006078,,,,,,0.0156511887907981,,5.106310506191209e-26,,,,,,,,,,0.3895959258079529
1700747550545-2-15-4-21-6,Surprise,Correct,Surprise,2,0.96088946,0.96088946,,,,,,0.0188118610531091,,4.222049508584151e-26,,,,,,,,,,0.4064039289951324
1700747550545-2-15-4-21-6,Surprise,Correct,Surprise,3,0.97695446,0.97695446,,,,,,0.0185792315751314,,3.490912883805104e-26,,,,,,,,,,0.4431787133216858
1700747550545-2-15-4-21-6,Surprise,Correct,Surprise,4,0.9806722,0.9806722,,,,,,0.0183877330273389,,2.8863939809922703e-26,,,,,,,,,,0.4105592370033264
1700747550545-2-15-4-21-6,Surprise,Correct,Surprise,5,0.9816761,0.9816761,,,,,,0.0182299707084894,,2.386553838814353e-26,,,,,,,,,,0.3934114873409271
1700747550545-2-15-4-21-6,Surprise,Correct,Surprise,6,0.98372144,0.98372144,,,,,,0.0206623207777738,,1.9732760816936784e-26,,,,,,,,,,0.3914678990840912
1700747550545-2-15-4-21-6,Surprise,Correct,Surprise,7,0.9846869,0.9846869,,,,,,0.0200747773051261,,1.63155525017314e-26,,,,,,,,,,0.3702059388160705
1700747550545-2-15-4-21-6,Surprise,Correct,Surprise,8,0.9840515,0.9840515,,,,,,0.0196010321378707,,1.3490188621412038e-26,,,,,,,,,,0.3783021569252014
1700756365257-2-18-2-2-6,Surprise,Correct,Surprise,-8,0.11071956,0.11071956,,,,,,0.0157808568328619,,0.0123420925810933,,,,,,,,,,0.0037905613426119
1700756365257-2-18-2-2-6,Surprise,Correct,Surprise,-7,0.091230385,0.091230385,,,,,,0.0101647479459643,,0.0085764545947313,,,,,,,,,,0.0024760388769209
1700756365257-2-18-2-2-6,Surprise,Correct,Surprise,-6,0.063892804,0.063892804,,,,,,0.0068078655749559,,0.0061291283927857,,,,,,,,,,0.0016381443710997
1700756365257-2-18-2-2-6,Surprise,Correct,Surprise,-5,0.036283776,0.036283776,,,,,,0.0033595860004425,,0.0033493416849523,,,,,,,,,,0.0007390516693703
1700756365257-2-18-2-2-6,Surprise,Correct,Surprise,-4,0.020249091,0.020249091,,,,,,0.0033595860004425,,0.0033493416849523,,,,,,,,,,0.0007390516693703
1700756365257-2-18-2-2-6,Surprise,Correct,Surprise,-3,0.011560225,0.011560225,,,,,,0.0056472704745829,,0.0025436242576688,,,,,,,,,,0.0005023346166126
1700756365257-2-18-2-2-6,Surprise,Correct,Surprise,-2,0.008229182,0.008229182,,,,,,0.0074392054229974,,0.001959394197911,,,,,,,,,,0.0807417258620262
1700756365257-2-18-2-2-6,Surprise,Correct,Surprise,-1,0.12074221,0.12074221,,,,,,0.0938679799437522,,0.063737615942955,,,,,,,,,,0.4340064227581024
1700756365257-2-18-2-2-6,Surprise,Correct,Surprise,0,0.757885,0.757885,,,,,,0.3710083961486816,,0.3460689187049866,,,,,,,,,,0.5612658858299255
1700756365257-2-18-2-2-6,Surprise,Correct,Surprise,1,0.8905526,0.8905526,,,,,,0.4741926193237304,,0.4603069722652435,,,,,,,,,,0.6759366989135742
1700756365257-2-18-2-2-6,Surprise,Correct,Surprise,2,0.92393845,0.92393845,,,,,,0.4419634938240051,,0.4193045794963836,,,,,,,,,,0.8221688270568848
1700756365257-2-18-2-2-6,Surprise,Correct,Surprise,3,0.9349395,0.9349395,,,,,,0.4158097207546234,,0.3907233774662018,,,,,,,,,,0.8786046504974365
1700756365257-2-18-2-2-6,Surprise,Correct,Surprise,4,0.94649863,0.94649863,,,,,,0.4374725818634033,,0.4142450392246246,,,,,,,,,,0.9434852004051208
1700756365257-2-18-2-2-6,Surprise,Correct,Surprise,5,0.954919,0.954919,,,,,,0.4860191643238067,,0.4587667286396026,,,,,,,,,,0.9941534399986268
1700756365257-2-18-2-2-6,Surprise,Correct,Surprise,6,0.9590014,0.9590014,,,,,,0.5038735866546631,,0.4946036338806152,,,,,,,,,,0.9838136434555054
1700756365257-2-18-2-2-6,Surprise,Correct,Surprise,7,0.96370393,0.96370393,,,,,,0.5866472721099854,,0.5649154186248779,,,,,,,,,,0.956998348236084
1700756365257-2-18-2-2-6,Surprise,Correct,Surprise,8,0.96711826,0.96711826,,,,,,0.602249026298523,,0.5784938335418701,,,,,,,,,,0.9931968450546264
1700756380628-2-18-2-8-6,Surprise,Correct,Surprise,-8,0.011053447,0.011053447,,,,,,0.0197729803621768,,0.0140646947547793,,,,,,,,,,3.536674286763741e-10
1700756380628-2-18-2-8-6,Surprise,Correct,Surprise,-7,0.008055239,0.008055239,,,,,,0.0220267530530691,,0.0169308967888355,,,,,,,,,,1.7566746668418176e-10
1700756380628-2-18-2-8-6,Surprise,Correct,Surprise,-6,0.0062680678,0.0062680678,,,,,,0.0227863900363445,,0.0165559407323598,,,,,,,,,,1.2380549363477655e-10
1700756380628-2-18-2-8-6,Surprise,Correct,Surprise,-5,0.0052334773,0.0052334773,,,,,,0.0233820732682943,,0.0186498537659645,,,,,,,,,,8.72553487796246e-11
1700756380628-2-18-2-8-6,Surprise,Correct,Surprise,-4,0.0053042523,0.0053042523,,,,,,0.0467431619763374,,0.0302372202277183,,,,,,,,,,6.149562109536433e-11
1700756380628-2-18-2-8-6,Surprise,Correct,Surprise,-3,0.0076819826,0.0076819826,,,,,,0.0814802646636962,,0.0672410130500793,,,,,,,,,,0.0058981087058782
1700756380628-2-18-2-8-6,Surprise,Correct,Surprise,-2,0.039660975,0.039660975,,,,,,0.1408537477254867,,0.1281849592924118,,,,,,,,,,0.3507507145404815
1700756380628-2-18-2-8-6,Surprise,Correct,Surprise,-1,0.17786397,0.17786397,,,,,,0.3430813550949096,,0.375978946685791,,,,,,,,,,0.5324868559837341
1700756380628-2-18-2-8-6,Surprise,Correct,Surprise,0,0.36404097,0.36404097,,,,,,0.4898967444896698,,0.5065908432006836,,,,,,,,,,0.627464234828949
1700756380628-2-18-2-8-6,Surprise,Correct,Surprise,1,0.52273965,0.52273965,,,,,,0.5737664699554443,,0.586464524269104,,,,,,,,,,0.7040205001831055
1700756380628-2-18-2-8-6,Surprise,Correct,Surprise,2,0.61819553,0.61819553,,,,,,0.600175678730011,,0.6159960627555847,,,,,,,,,,0.7694690823554993
1700756380628-2-18-2-8-6,Surprise,Correct,Surprise,3,0.66866755,0.66866755,,,,,,0.6565260887145996,,0.6732845306396484,,,,,,,,,,0.8504982590675354
1700756380628-2-18-2-8-6,Surprise,Correct,Surprise,4,0.6874508,0.6874508,,,,,,0.6427043676376343,,0.6745383143424988,,,,,,,,,,0.8791391253471375
1700756380628-2-18-2-8-6,Surprise,Correct,Surprise,5,0.6959303,0.6959303,,,,,,0.6216720342636108,,0.6603987812995911,,,,,,,,,,0.8905282020568848
1700756380628-2-18-2-8-6,Surprise,Correct,Surprise,6,0.7049622,0.7049622,,,,,,0.6216720342636108,,0.6603987812995911,,,,,,,,,,0.8905282020568848
1700756380628-2-18-2-8-6,Surprise,Correct,Surprise,7,0.69215596,0.69215596,,,,,,0.5863491296768188,,0.605131983757019,,,,,,,,,,0.955591082572937
1700756380628-2-18-2-8-6,Surprise,Correct,Surprise,8,0.68779266,0.68779266,,,,,,0.5705253481864929,,0.5912299752235413,,,,,,,,,,0.956145167350769
1700756382762-2-18-2-9-6,Surprise,Correct,Surprise,-8,0.0024226434,0.0024226434,,,,,,0.0048931553028523,,0.0039938054978847,,,,,,,,,,0.0466240383684635
1700756382762-2-18-2-9-6,Surprise,Correct,Surprise,-7,0.0025600118,0.0025600118,,,,,,0.0228807646781206,,0.0101060941815376,,,,,,,,,,0.0412167981266975
1700756382762-2-18-2-9-6,Surprise,Correct,Surprise,-6,0.0028451816,0.0028451816,,,,,,0.0386619456112384,,0.0207398273050785,,,,,,,,,,0.0393172651529312
1700756382762-2-18-2-9-6,Surprise,Correct,Surprise,-5,0.0033016612,0.0033016612,,,,,,0.0617830492556095,,0.0374781116843223,,,,,,,,,,0.0385913960635662
1700756382762-2-18-2-9-6,Surprise,Correct,Surprise,-4,0.004371455,0.004371455,,,,,,0.0993958413600921,,0.0712609440088272,,,,,,,,,,0.0382920615375041
1700756382762-2-18-2-9-6,Surprise,Correct,Surprise,-3,0.0065656374,0.0065656374,,,,,,0.1296069324016571,,0.0876281261444091,,,,,,,,,,0.0680335238575935
1700756382762-2-18-2-9-6,Surprise,Correct,Surprise,-2,0.022036966,0.022036966,,,,,,0.1593758761882782,,0.124314047396183,,,,,,,,,,0.3033625185489654
1700756382762-2-18-2-9-6,Surprise,Correct,Surprise,-1,0.1163153,0.1163153,,,,,,0.3355129957199096,,0.2812906503677368,,,,,,,,,,0.4934220314025879
1700756382762-2-18-2-9-6,Surprise,Correct,Surprise,0,0.3668876,0.3668876,,,,,,0.6288135051727295,,0.596643328666687,,,,,,,,,,0.6103341579437256
1700756382762-2-18-2-9-6,Surprise,Correct,Surprise,1,0.5857627,0.5857627,,,,,,0.719906210899353,,0.714962899684906,,,,,,,,,,0.6558632850646973
1700756382762-2-18-2-9-6,Surprise,Correct,Surprise,2,0.68775994,0.68775994,,,,,,0.6860967874526978,,0.6762899160385132,,,,,,,,,,0.7309616208076477
1700756382762-2-18-2-9-6,Surprise,Correct,Surprise,3,0.72217023,0.72217023,,,,,,0.6517791152000427,,0.6300621628761292,,,,,,,,,,0.7964300513267517
1700756382762-2-18-2-9-6,Surprise,Correct,Surprise,4,0.73776865,0.73776865,,,,,,0.6250206828117371,,0.6096154451370239,,,,,,,,,,0.8510420918464661
1700756382762-2-18-2-9-6,Surprise,Correct,Surprise,5,0.7494872,0.7494872,,,,,,0.6156352162361145,,0.6092514991760254,,,,,,,,,,0.8633170127868652
1700756382762-2-18-2-9-6,Surprise,Correct,Surprise,6,0.7597158,0.7597158,,,,,,0.6279458999633789,,0.6189654469490051,,,,,,,,,,0.8637951016426086
1700756382762-2-18-2-9-6,Surprise,Correct,Surprise,7,0.8134067,0.8134067,,,,,,0.5530388355255127,,0.5353701710700989,,,,,,,,,,0.8638173341751099
1700756382762-2-18-2-9-6,Surprise,Correct,Surprise,8,0.8288165,0.8288165,,,,,,0.4343442916870117,,0.4340313076972961,,,,,,,,,,0.8382238745689392
1700756508190-2-18-3-13-6,Surprise,Correct,Surprise,-8,0.08347021,0.08347021,,,,,,0.01304198987782,,0.0083266170695424,,,,,,,,,,2.252683699706338e-15
1700756508190-2-18-3-13-6,Surprise,Correct,Surprise,-7,0.049457356,0.049457356,,,,,,0.01304198987782,,0.0083266170695424,,,,,,,,,,2.252683699706338e-15
1700756508190-2-18-3-13-6,Surprise,Correct,Surprise,-6,0.028198741,0.028198741,,,,,,0.0162899121642112,,0.0097425933927297,,,,,,,,,,1.5876306989719409e-15
1700756508190-2-18-3-13-6,Surprise,Correct,Surprise,-5,0.01631043,0.01631043,,,,,,0.0124088833108544,,0.0076439585536718,,,,,,,,,,1.1189259705208393e-15
1700756508190-2-18-3-13-6,Surprise,Correct,Surprise,-4,0.010383984,0.010383984,,,,,,0.0219797845929861,,0.0125284381210803,,,,,,,,,,7.885904796903914e-16
1700756508190-2-18-3-13-6,Surprise,Correct,Surprise,-3,0.023308488,0.023308488,,,,,,0.0379431098699569,,0.027250662446022,,,,,,,,,,0.247646227478981
1700756508190-2-18-3-13-6,Surprise,Correct,Surprise,-2,0.04906992,0.04906992,,,,,,0.0379431098699569,,0.027250662446022,,,,,,,,,,0.247646227478981
1700756508190-2-18-3-13-6,Surprise,Correct,Surprise,-1,0.21192057,0.21192057,,,,,,0.4008331000804901,,0.3618583083152771,,,,,,,,,,0.5179702043533325
1700756508190-2-18-3-13-6,Surprise,Correct,Surprise,0,0.54333675,0.54333675,,,,,,0.5922970175743103,,0.5861656069755554,,,,,,,,,,0.600321888923645
1700756508190-2-18-3-13-6,Surprise,Correct,Surprise,1,0.7407926,0.7407926,,,,,,0.5758549571037292,,0.5460114479064941,,,,,,,,,,0.7403066158294678
1700756508190-2-18-3-13-6,Surprise,Correct,Surprise,2,0.87206197,0.87206197,,,,,,0.4982289969921112,,0.4791698157787323,,,,,,,,,,0.8606132864952087
1700756508190-2-18-3-13-6,Surprise,Correct,Surprise,3,0.9209329,0.9209329,,,,,,0.4982289969921112,,0.4791698157787323,,,,,,,,,,0.8606132864952087
1700756508190-2-18-3-13-6,Surprise,Correct,Surprise,4,0.9478603,0.9478603,,,,,,0.4876489043235779,,0.4616256654262543,,,,,,,,,,0.992746114730835
1700756508190-2-18-3-13-6,Surprise,Correct,Surprise,5,0.9538559,0.9538559,,,,,,0.4765800237655639,,0.4640054106712341,,,,,,,,,,0.9997550249099731
1700756508190-2-18-3-13-6,Surprise,Correct,Surprise,6,0.95177007,0.95177007,,,,,,0.4767806529998779,,0.4650086760520935,,,,,,,,,,0.9999901056289672
1700756508190-2-18-3-13-6,Surprise,Correct,Surprise,7,0.9461001,0.9461001,,,,,,0.4768740832805633,,0.454404354095459,,,,,,,,,,0.9999995231628418
1700756508190-2-18-3-13-6,Surprise,Correct,Surprise,8,0.94060045,0.94060045,,,,,,0.4768740832805633,,0.454404354095459,,,,,,,,,,0.9999995231628418
1700756520318-2-18-3-19-6,Surprise,Correct,Surprise,-4,0.12227515,0.12227515,,,,,,0.004777424968779,,9.587126260157676e-05,,,,,,,,,,1.3354060968140402e-08
1700756520318-2-18-3-19-6,Surprise,Correct,Surprise,-3,0.08736732,0.08736732,,,,,,0.004777424968779,,9.587126260157676e-05,,,,,,,,,,1.3354060968140402e-08
1700756520318-2-18-3-19-6,Surprise,Correct,Surprise,-2,0.1407868,0.1407868,,,,,,0.0674397945404052,,0.0375573262572288,,,,,,,,,,0.3294623792171478
1700756520318-2-18-3-19-6,Surprise,Correct,Surprise,-1,0.2123328,0.2123328,,,,,,0.0674397945404052,,0.0375573262572288,,,,,,,,,,0.3294623792171478
1700756520318-2-18-3-19-6,Surprise,Correct,Surprise,0,0.48003384,0.48003384,,,,,,0.4154543578624725,,0.4000343978404999,,,,,,,,,,0.7667664885520935
1700756520318-2-18-3-19-6,Surprise,Correct,Surprise,1,0.62852937,0.62852937,,,,,,0.3769632279872894,,0.3708308935165405,,,,,,,,,,0.8776213526725769
1700756520318-2-18-3-19-6,Surprise,Correct,Surprise,2,0.7227588,0.7227588,,,,,,0.3769632279872894,,0.3708308935165405,,,,,,,,,,0.8776213526725769
1700756520318-2-18-3-19-6,Surprise,Correct,Surprise,3,0.7325946,0.7325946,,,,,,0.363871306180954,,0.3626265823841095,,,,,,,,,,0.998831033706665
1700756520318-2-18-3-19-6,Surprise,Correct,Surprise,4,0.75100434,0.75100434,,,,,,0.363871306180954,,0.3626265823841095,,,,,,,,,,0.998831033706665
1700756520318-2-18-3-19-6,Surprise,Correct,Surprise,5,0.71870357,0.71870357,,,,,,0.3765672147274017,,0.3891752064228058,,,,,,,,,,0.9999986886978148
1700756520318-2-18-3-19-6,Surprise,Correct,Surprise,6,0.7012222,0.7012222,,,,,,0.4057957530021667,,0.4112628102302551,,,,,,,,,,0.9999999403953552
1700756520318-2-18-3-19-6,Surprise,Correct,Surprise,7,0.6849875,0.6849875,,,,,,0.4057957530021667,,0.4112628102302551,,,,,,,,,,0.9999999403953552
1700756520318-2-18-3-19-6,Surprise,Correct,Surprise,8,0.6621419,0.6621419,,,,,,0.3918024897575378,,0.4000943303108215,,,,,,,,,,1.0
1700756740978-2-18-4-21-6,Surprise,Correct,Surprise,-1,0.4116986,0.4116986,,,,,,0.2801918387413025,,0.2766542136669159,,,,,,,,,,0.5029470920562744
1700756740978-2-18-4-21-6,Surprise,Correct,Surprise,0,0.63782465,0.63782465,,,,,,0.5591290593147278,,0.5708627700805664,,,,,,,,,,0.6267474889755249
1700756740978-2-18-4-21-6,Surprise,Correct,Surprise,1,0.760446,0.760446,,,,,,0.6887245178222656,,0.7249723672866821,,,,,,,,,,0.6934546828269958
1700756740978-2-18-4-21-6,Surprise,Correct,Surprise,2,0.81634396,0.81634396,,,,,,0.690896213054657,,0.6867274641990662,,,,,,,,,,0.7427496910095215
1700756740978-2-18-4-21-6,Surprise,Correct,Surprise,3,0.8420863,0.8420863,,,,,,0.63519287109375,,0.6511743664741516,,,,,,,,,,0.8074067831039429
1700756740978-2-18-4-21-6,Surprise,Correct,Surprise,4,0.8637853,0.8637853,,,,,,0.5796064138412476,,0.5904383063316345,,,,,,,,,,0.8356336951255798
1700756740978-2-18-4-21-6,Surprise,Correct,Surprise,5,0.88227063,0.88227063,,,,,,0.5807209014892578,,0.5950387120246887,,,,,,,,,,0.8366119265556335
1700756740978-2-18-4-21-6,Surprise,Correct,Surprise,6,0.89279157,0.89279157,,,,,,0.6270433068275452,,0.6135104894638062,,,,,,,,,,0.8263506293296814
1700756740978-2-18-4-21-6,Surprise,Correct,Surprise,7,0.8989038,0.8989038,,,,,,0.6426786780357361,,0.6374232769012451,,,,,,,,,,0.8258236646652222
1700756740978-2-18-4-21-6,Surprise,Correct,Surprise,8,0.90506095,0.90506095,,,,,,0.6727426648139954,,0.6529138684272766,,,,,,,,,,0.8108004927635193
1700756752506-2-18-4-27-6,Surprise,Correct,Surprise,-8,0.24487443,0.24487443,,,,,,0.1978407651185989,,0.1373559087514877,,,,,,,,,,0.9940038323402404
1700756752506-2-18-4-27-6,Surprise,Correct,Surprise,-7,0.14150646,0.14150646,,,,,,0.2477138638496399,,0.1886649578809738,,,,,,,,,,0.999886989593506
1700756752506-2-18-4-27-6,Surprise,Correct,Surprise,-6,0.095734544,0.095734544,,,,,,0.2913403809070587,,0.2453581392765045,,,,,,,,,,0.9999974370002748
1700756752506-2-18-4-27-6,Surprise,Correct,Surprise,-5,0.073202156,0.073202156,,,,,,0.3172565400600433,,0.2722601294517517,,,,,,,,,,0.9999999403953552
1700756752506-2-18-4-27-6,Surprise,Correct,Surprise,-4,0.06275542,0.06275542,,,,,,0.3267515897750854,,0.2759034633636474,,,,,,,,,,1.0
1700756752506-2-18-4-27-6,Surprise,Correct,Surprise,-3,0.062066592,0.062066592,,,,,,0.3367420136928558,,0.2929090559482574,,,,,,,,,,1.0
1700756752506-2-18-4-27-6,Surprise,Correct,Surprise,-2,0.08596125,0.08596125,,,,,,0.3567059338092804,,0.3231745958328247,,,,,,,,,,0.9841654300689696
1700756752506-2-18-4-27-6,Surprise,Correct,Surprise,-1,0.2580322,0.2580322,,,,,,0.4152806401252746,,0.407910943031311,,,,,,,,,,0.8999295830726624
1700756752506-2-18-4-27-6,Surprise,Correct,Surprise,0,0.58978415,0.58978415,,,,,,0.5253912210464478,,0.5358232259750366,,,,,,,,,,0.8492711782455444
1700756752506-2-18-4-27-6,Surprise,Correct,Surprise,1,0.7623024,0.7623024,,,,,,0.5557367205619812,,0.5520391464233398,,,,,,,,,,0.8759857416152954
1700756752506-2-18-4-27-6,Surprise,Correct,Surprise,2,0.8124952,0.8124952,,,,,,0.5915443897247314,,0.5914106369018555,,,,,,,,,,0.8661291003227234
1700756752506-2-18-4-27-6,Surprise,Correct,Surprise,3,0.83922035,0.83922035,,,,,,0.6136651635169983,,0.6142275929450989,,,,,,,,,,0.8643209338188171
1700756752506-2-18-4-27-6,Surprise,Correct,Surprise,4,0.8608137,0.8608137,,,,,,0.6209259629249573,,0.6213509440422058,,,,,,,,,,0.896279513835907
1700756752506-2-18-4-27-6,Surprise,Correct,Surprise,5,0.8652845,0.8652845,,,,,,0.6088402271270752,,0.6085172891616821,,,,,,,,,,0.883892834186554
1700756752506-2-18-4-27-6,Surprise,Correct,Surprise,6,0.8661304,0.8661304,,,,,,0.5964875221252441,,0.5956349968910217,,,,,,,,,,0.8894257545471191
1700756752506-2-18-4-27-6,Surprise,Correct,Surprise,7,0.8634294,0.8634294,,,,,,0.5864610075950623,,0.5894001722335815,,,,,,,,,,0.8829881548881531
1700756752506-2-18-4-27-6,Surprise,Correct,Surprise,8,0.8646225,0.8646225,,,,,,0.5969588756561279,,0.6078959703445435,,,,,,,,,,0.881098210811615
1701085488586-2-23-2-2-6,Surprise,Correct,Surprise,-1,0.36659053,0.36659053,,,,,,0.7267759442329407,,0.7098442912101746,,,,,,,,,,0.0482575185596942
1701085488586-2-23-2-2-6,Surprise,Correct,Surprise,0,0.42905188,0.42905188,,,,,,0.7267759442329407,,0.7098442912101746,,,,,,,,,,0.0482575185596942
1701085488586-2-23-2-2-6,Surprise,Correct,Surprise,1,0.42910182,0.42910182,,,,,,0.8311634063720703,,0.8044770956039429,,,,,,,,,,0.0691445767879486
1701085488586-2-23-2-2-6,Surprise,Correct,Surprise,2,0.41251525,0.41251525,,,,,,0.8311634063720703,,0.8044770956039429,,,,,,,,,,0.0691445767879486
1701085488586-2-23-2-2-6,Surprise,Correct,Surprise,3,0.40974656,0.40974656,,,,,,0.8591589331626892,,0.8575687408447266,,,,,,,,,,0.0741225779056549
1701085488586-2-23-2-2-6,Surprise,Correct,Surprise,4,0.43184412,0.43184412,,,,,,0.8748586773872375,,0.8671740889549255,,,,,,,,,,0.2117949426174163
1701085488586-2-23-2-2-6,Surprise,Correct,Surprise,5,0.45050973,0.45050973,,,,,,0.8681303262710571,,0.8691704869270325,,,,,,,,,,0.2728100419044494
1701085488586-2-23-2-2-6,Surprise,Correct,Surprise,6,0.476807,0.476807,,,,,,0.8908951282501221,,0.8790632486343384,,,,,,,,,,0.3227204382419586
1701085488586-2-23-2-2-6,Surprise,Correct,Surprise,7,0.48830596,0.48830596,,,,,,0.9062308073043824,,0.8954038619995117,,,,,,,,,,0.3257334530353546
1701085488586-2-23-2-2-6,Surprise,Correct,Surprise,8,0.5167349,0.5167349,,,,,,0.9876415729522704,,0.9829621911048888,,,,,,,,,,0.4525721371173858
1701085503372-2-23-2-8-6,Surprise,Correct,Surprise,-8,0.02656803,0.02656803,,,,,,0.0261535849422216,,0.0108392871916294,,,,,,,,,,0.0271560624241828
1701085503372-2-23-2-8-6,Surprise,Correct,Surprise,-7,0.02601333,0.02601333,,,,,,0.0262240581214427,,0.0108051467686891,,,,,,,,,,0.0271585881710052
1701085503372-2-23-2-8-6,Surprise,Correct,Surprise,-6,0.025507474,0.025507474,,,,,,0.0295541882514953,,0.010777392424643,,,,,,,,,,0.0271603036671876
1701085503372-2-23-2-8-6,Surprise,Correct,Surprise,-5,0.024177082,0.024177082,,,,,,0.0234751161187887,,0.0082632461562752,,,,,,,,,,0.0271614752709865
1701085503372-2-23-2-8-6,Surprise,Correct,Surprise,-4,0.022095436,0.022095436,,,,,,0.0192879755049943,,0.0064163571223616,,,,,,,,,,0.027162279933691
1701085503372-2-23-2-8-6,Surprise,Correct,Surprise,-3,0.01973524,0.01973524,,,,,,0.0207733195275068,,0.00503532262519,,,,,,,,,,0.0271628368645906
1701085503372-2-23-2-8-6,Surprise,Correct,Surprise,-2,0.02001828,0.02001828,,,,,,0.0477538667619228,,0.0097127640619874,,,,,,,,,,0.0462309829890728
1701085503372-2-23-2-8-6,Surprise,Correct,Surprise,-1,0.06667126,0.06667126,,,,,,0.2712545990943908,,0.2596000134944916,,,,,,,,,,0.0601879954338073
1701085503372-2-23-2-8-6,Surprise,Correct,Surprise,0,0.26988736,0.26988736,,,,,,0.7171359062194824,,0.705079972743988,,,,,,,,,,0.2491202652454376
1701085503372-2-23-2-8-6,Surprise,Correct,Surprise,1,0.39709783,0.39709783,,,,,,0.9041702151298524,,0.904862344264984,,,,,,,,,,0.3587236702442169
1701085503372-2-23-2-8-6,Surprise,Correct,Surprise,2,0.45571455,0.45571455,,,,,,0.9855559468269348,,0.9859256148338318,,,,,,,,,,0.4418782293796539
1701085503372-2-23-2-8-6,Surprise,Correct,Surprise,3,0.5035229,0.5035229,,,,,,0.9974637627601624,,0.9975727200508118,,,,,,,,,,0.5079009532928467
1701085503372-2-23-2-8-6,Surprise,Correct,Surprise,4,0.56542003,0.56542003,,,,,,0.9994843006134032,,0.999514937400818,,,,,,,,,,0.5469684600830078
1701085503372-2-23-2-8-6,Surprise,Correct,Surprise,5,0.6174689,0.6174689,,,,,,0.9998794198036194,,0.9998884201049804,,,,,,,,,,0.5486257076263428
1701085503372-2-23-2-8-6,Surprise,Correct,Surprise,6,0.6614288,0.6614288,,,,,,0.9999678134918212,,0.9999706745147704,,,,,,,,,,0.5847504734992981
1701085503372-2-23-2-8-6,Surprise,Correct,Surprise,7,0.69489074,0.69489074,,,,,,0.9999902844429016,,0.999991238117218,,,,,,,,,,0.6278302669525146
1701085609204-2-23-3-3-6,Surprise,Correct,Surprise,-8,0.0062892255,0.0062892255,,,,,,0.006666587665677,,0.0466513447463512,,,,,,,,,,0.0485315509140491
1701085609204-2-23-3-3-6,Surprise,Correct,Surprise,-7,0.0067441477,0.0067441477,,,,,,0.006666587665677,,0.0466513447463512,,,,,,,,,,0.0485315509140491
1701085609204-2-23-3-3-6,Surprise,Correct,Surprise,-6,0.0075709186,0.0075709186,,,,,,0.0155404033139348,,0.0707732439041137,,,,,,,,,,0.0523577220737934
1701085609204-2-23-3-3-6,Surprise,Correct,Surprise,-5,0.008836891,0.008836891,,,,,,0.0133849736303091,,0.0900357142090797,,,,,,,,,,0.0704361423850059
1701085609204-2-23-3-3-6,Surprise,Correct,Surprise,-4,0.011832872,0.011832872,,,,,,0.020372150465846,,0.1091306507587432,,,,,,,,,,0.0878689438104629
1701085609204-2-23-3-3-6,Surprise,Correct,Surprise,-3,0.01866326,0.01866326,,,,,,0.0397683419287204,,0.1478371322154998,,,,,,,,,,0.0798315480351448
1701085609204-2-23-3-3-6,Surprise,Correct,Surprise,-2,0.038581114,0.038581114,,,,,,0.1716107875108719,,0.2380951195955276,,,,,,,,,,0.0773903727531433
1701085609204-2-23-3-3-6,Surprise,Correct,Surprise,-1,0.160982,0.160982,,,,,,0.484211266040802,,0.510785698890686,,,,,,,,,,0.2222348302602768
1701085609204-2-23-3-3-6,Surprise,Correct,Surprise,0,0.45969823,0.45969823,,,,,,0.7735520601272583,,0.7731281518936157,,,,,,,,,,0.3360433578491211
1701085609204-2-23-3-3-6,Surprise,Correct,Surprise,1,0.62090796,0.62090796,,,,,,0.9684266448020936,,0.9665138721466064,,,,,,,,,,0.4672797322273254
1701085609204-2-23-3-3-6,Surprise,Correct,Surprise,2,0.67533,0.67533,,,,,,0.9948574304580688,,0.994237780570984,,,,,,,,,,0.545657753944397
1701085609204-2-23-3-3-6,Surprise,Correct,Surprise,3,0.70228213,0.70228213,,,,,,0.9990270733833312,,0.9988508224487304,,,,,,,,,,0.600845456123352
1701085609204-2-23-3-3-6,Surprise,Correct,Surprise,4,0.72660637,0.72660637,,,,,,0.9997875690460204,,0.9997361302375792,,,,,,,,,,0.6133309602737427
1701085609204-2-23-3-3-6,Surprise,Correct,Surprise,5,0.758582,0.758582,,,,,,0.999984860420227,,0.9999793767929076,,,,,,,,,,0.6675673723220825
1701085609204-2-23-3-3-6,Surprise,Correct,Surprise,6,0.79693896,0.79693896,,,,,,0.9999982714653016,,0.9999974370002748,,,,,,,,,,0.7054884433746338
1701085609204-2-23-3-3-6,Surprise,Correct,Surprise,7,0.8253518,0.8253518,,,,,,0.9999992847442628,,0.999998927116394,,,,,,,,,,0.7062088251113892
1701085609204-2-23-3-3-6,Surprise,Correct,Surprise,8,0.8423498,0.8423498,,,,,,0.999999701976776,,0.9999995231628418,,,,,,,,,,0.6964229345321655
1701085629667-2-23-3-13-6,Surprise,Correct,Surprise,-8,0.13466896,0.13466896,,,,,,0.0386475026607513,,0.1065175458788871,,,,,,,,,,0.0375427044928073
1701085629667-2-23-3-13-6,Surprise,Correct,Surprise,-7,0.12694868,0.12694868,,,,,,0.0388452634215354,,0.1164791584014892,,,,,,,,,,0.0481708347797393
1701085629667-2-23-3-13-6,Surprise,Correct,Surprise,-6,0.11259006,0.11259006,,,,,,0.0241544321179389,,0.1149308755993843,,,,,,,,,,0.0448323786258697
1701085629667-2-23-3-13-6,Surprise,Correct,Surprise,-5,0.094020635,0.094020635,,,,,,0.0156933180987834,,0.0661594867706298,,,,,,,,,,0.0505482777953147
1701085629667-2-23-3-13-6,Surprise,Correct,Surprise,-4,0.08021158,0.08021158,,,,,,0.01058891415596,,0.0694079026579856,,,,,,,,,,0.0604561753571033
1701085629667-2-23-3-13-6,Surprise,Correct,Surprise,-3,0.07858969,0.07858969,,,,,,0.0073798415251076,,0.0737273022532463,,,,,,,,,,0.0635028481483459
1701085629667-2-23-3-13-6,Surprise,Correct,Surprise,-2,0.11147623,0.11147623,,,,,,0.0397281348705291,,0.1417556703090667,,,,,,,,,,0.1366950571537017
1701085629667-2-23-3-13-6,Surprise,Correct,Surprise,-1,0.25768384,0.25768384,,,,,,0.2279483824968338,,0.303858608007431,,,,,,,,,,0.2054761499166488
1701085629667-2-23-3-13-6,Surprise,Correct,Surprise,0,0.501809,0.501809,,,,,,0.4937580227851867,,0.5371277928352356,,,,,,,,,,0.2311626672744751
1701085629667-2-23-3-13-6,Surprise,Correct,Surprise,1,0.65226126,0.65226126,,,,,,0.6192188262939453,,0.6698364615440369,,,,,,,,,,0.2734926640987396
1701085629667-2-23-3-13-6,Surprise,Correct,Surprise,2,0.72114444,0.72114444,,,,,,0.6952239274978638,,0.7485391497612,,,,,,,,,,0.286695659160614
1701085629667-2-23-3-13-6,Surprise,Correct,Surprise,3,0.7706749,0.7706749,,,,,,0.7726069092750549,,0.8077317476272583,,,,,,,,,,0.3126899600028991
1701085629667-2-23-3-13-6,Surprise,Correct,Surprise,4,0.79639107,0.79639107,,,,,,0.8131633400917053,,0.8498451709747314,,,,,,,,,,0.3247334957122803
1701085629667-2-23-3-13-6,Surprise,Correct,Surprise,5,0.81119835,0.81119835,,,,,,0.8216174244880676,,0.8589367866516113,,,,,,,,,,0.3258339464664459
1701085629667-2-23-3-13-6,Surprise,Correct,Surprise,6,0.8275912,0.8275912,,,,,,0.8236269354820251,,0.8730628490447998,,,,,,,,,,0.3404311239719391
1701085629667-2-23-3-13-6,Surprise,Correct,Surprise,7,0.841062,0.841062,,,,,,0.8331369757652283,,0.8768395781517029,,,,,,,,,,0.3516234457492828
1701085629667-2-23-3-13-6,Surprise,Correct,Surprise,8,0.8485447,0.8485447,,,,,,0.8157227635383606,,0.8676052689552307,,,,,,,,,,0.3529237508773803
1701085788374-2-23-4-3-6,Surprise,Correct,Surprise,-8,0.04835827,0.04835827,,,,,,0.0726229399442672,,0.0318530984222888,,,,,,,,,,0.0608801692724227
1701085788374-2-23-4-3-6,Surprise,Correct,Surprise,-7,0.04978828,0.04978828,,,,,,0.0751140415668487,,0.0287162233144044,,,,,,,,,,0.064797006547451
1701085788374-2-23-4-3-6,Surprise,Correct,Surprise,-6,0.04953768,0.04953768,,,,,,0.0775144919753074,,0.0302695799618959,,,,,,,,,,0.0729281157255172
1701085788374-2-23-4-3-6,Surprise,Correct,Surprise,-5,0.04776195,0.04776195,,,,,,0.0775144919753074,,0.0302695799618959,,,,,,,,,,0.0729281157255172
1701085788374-2-23-4-3-6,Surprise,Correct,Surprise,-4,0.045177706,0.045177706,,,,,,0.0792412757873535,,0.0314432866871356,,,,,,,,,,0.0750868543982505
1701085788374-2-23-4-3-6,Surprise,Correct,Surprise,-3,0.042754974,0.042754974,,,,,,0.0805092379450798,,0.029726518318057,,,,,,,,,,0.0881044268608093
1701085788374-2-23-4-3-6,Surprise,Correct,Surprise,-2,0.054873183,0.054873183,,,,,,0.1162565201520919,,0.0837493985891342,,,,,,,,,,0.1155807375907898
1701085788374-2-23-4-3-6,Surprise,Correct,Surprise,-1,0.06591496,0.06591496,,,,,,0.1162565201520919,,0.0837493985891342,,,,,,,,,,0.1155807375907898
1701085788374-2-23-4-3-6,Surprise,Correct,Surprise,0,0.19517186,0.19517186,,,,,,0.3669139146804809,,0.3405376374721527,,,,,,,,,,0.2241381555795669
1701085788374-2-23-4-3-6,Surprise,Correct,Surprise,1,0.3149216,0.3149216,,,,,,0.6835283041000366,,0.6605622172355652,,,,,,,,,,0.3095266819000244
1701085788374-2-23-4-3-6,Surprise,Correct,Surprise,2,0.34848568,0.34848568,,,,,,0.7724760174751282,,0.7478441596031189,,,,,,,,,,0.3608302772045135
1701085788374-2-23-4-3-6,Surprise,Correct,Surprise,3,0.41079625,0.41079625,,,,,,0.9808408617973328,,0.9770989418029784,,,,,,,,,,0.4319385886192322
1701085788374-2-23-4-3-6,Surprise,Correct,Surprise,4,0.46229115,0.46229115,,,,,,0.9961118698120116,,0.9955688118934632,,,,,,,,,,0.4548042714595794
1701085788374-2-23-4-3-6,Surprise,Correct,Surprise,5,0.4887642,0.4887642,,,,,,0.9990923404693604,,0.9990114569664,,,,,,,,,,0.4562398195266723
1701085788374-2-23-4-3-6,Surprise,Correct,Surprise,6,0.51236,0.51236,,,,,,0.9990923404693604,,0.9990114569664,,,,,,,,,,0.4562398195266723
1701085788374-2-23-4-3-6,Surprise,Correct,Surprise,7,0.5330891,0.5330891,,,,,,0.9997580647468568,,0.9997475743293762,,,,,,,,,,0.4563465714454651
1701085788374-2-23-4-3-6,Surprise,Correct,Surprise,8,0.550055,0.550055,,,,,,0.9999269247055054,,0.999926745891571,,,,,,,,,,0.4467337429523468
1701085820057-2-23-4-21-6,Surprise,Correct,Surprise,-8,0.004426442,0.004426442,,,,,,2.8735997956164105e-13,,0.0038977777585387,,,,,,,,,,0.0108652403578162
1701085820057-2-23-4-21-6,Surprise,Correct,Surprise,-7,0.0038613921,0.0038613921,,,,,,2.3759650930738073e-13,,0.0031531448476016,,,,,,,,,,0.0108653604984283
1701085820057-2-23-4-21-6,Surprise,Correct,Surprise,-6,0.00346208,0.00346208,,,,,,1.964508471261756e-13,,0.0047668567858636,,,,,,,,,,0.0108654452487826
1701085820057-2-23-4-21-6,Surprise,Correct,Surprise,-5,0.0032241775,0.0032241775,,,,,,1.624293012375197e-13,,0.0146846594288945,,,,,,,,,,0.0108655039221048
1701085820057-2-23-4-21-6,Surprise,Correct,Surprise,-4,0.0032002432,0.0032002432,,,,,,0.0254464298486709,,0.0293569453060627,,,,,,,,,,0.0108655458316206
1701085820057-2-23-4-21-6,Surprise,Correct,Surprise,-3,0.0031487264,0.0031487264,,,,,,0.0231293980032205,,0.025443522259593,,,,,,,,,,0.0108655747026205
1701085820057-2-23-4-21-6,Surprise,Correct,Surprise,-2,0.0047834003,0.0047834003,,,,,,0.1072983667254448,,0.1049410998821258,,,,,,,,,,0.0446604080498218
1701085820057-2-23-4-21-6,Surprise,Correct,Surprise,-1,0.08026459,0.08026459,,,,,,0.5867260098457336,,0.5587247014045715,,,,,,,,,,0.1475287973880767
1701085820057-2-23-4-21-6,Surprise,Correct,Surprise,0,0.2923593,0.2923593,,,,,,0.9493643641471864,,0.9397758841514589,,,,,,,,,,0.4247784912586212
1701085820057-2-23-4-21-6,Surprise,Correct,Surprise,1,0.501003,0.501003,,,,,,0.9927223920822144,,0.9913710951805116,,,,,,,,,,0.5077958106994629
1701085820057-2-23-4-21-6,Surprise,Correct,Surprise,2,0.6263657,0.6263657,,,,,,0.9987793564796448,,0.9985570311546326,,,,,,,,,,0.5367258191108704
1701085820057-2-23-4-21-6,Surprise,Correct,Surprise,3,0.68590677,0.68590677,,,,,,0.99976247549057,,0.99972003698349,,,,,,,,,,0.5638485550880432
1701085820057-2-23-4-21-6,Surprise,Correct,Surprise,4,0.72440964,0.72440964,,,,,,0.9999467134475708,,0.9999373555183412,,,,,,,,,,0.6013400554656982
1701085820057-2-23-4-21-6,Surprise,Correct,Surprise,5,0.7532117,0.7532117,,,,,,0.9999863505363464,,0.9999839663505554,,,,,,,,,,0.613281786441803
1701085820057-2-23-4-21-6,Surprise,Correct,Surprise,6,0.7776646,0.7776646,,,,,,0.9999960064888,,0.9999953508377076,,,,,,,,,,0.6138715744018555
1701085820057-2-23-4-21-6,Surprise,Correct,Surprise,7,0.79886854,0.79886854,,,,,,0.9999986886978148,,0.9999984502792358,,,,,,,,,,0.6139062643051147
1701085820057-2-23-4-21-6,Surprise,Correct,Surprise,8,0.81998414,0.81998414,,,,,,0.9999995231628418,,0.9999994039535522,,,,,,,,,,0.6139087080955505
1701085830697-2-23-4-27-6,Surprise,Correct,Surprise,-8,0.00019289575,0.00019289575,,,,,,0.0394511930644512,,0.0419286265969276,,,,,,,,,,0.0287936348468065
1701085830697-2-23-4-27-6,Surprise,Correct,Surprise,-7,0.00013680784,0.00013680784,,,,,,0.037146221846342,,0.0443181470036506,,,,,,,,,,0.0279350653290748
1701085830697-2-23-4-27-6,Surprise,Correct,Surprise,-6,0.00011380617,0.00011380617,,,,,,0.0352617353200912,,0.0459635257720947,,,,,,,,,,0.0275508742779493
1701085830697-2-23-4-27-6,Surprise,Correct,Surprise,-5,0.00010938556,0.00010938556,,,,,,0.0555510409176349,,0.0588115230202674,,,,,,,,,,0.0273683257400989
1701085830697-2-23-4-27-6,Surprise,Correct,Surprise,-4,0.0001430744,0.0001430744,,,,,,0.2321233600378036,,0.2282509058713913,,,,,,,,,,0.0550142042338848
1701085830697-2-23-4-27-6,Surprise,Correct,Surprise,-3,0.000597965,0.000597965,,,,,,0.6505844593048096,,0.6522899270057678,,,,,,,,,,0.1471418589353561
1701085830697-2-23-4-27-6,Surprise,Correct,Surprise,-2,0.005077276,0.005077276,,,,,,0.8779231309890747,,0.8711814284324646,,,,,,,,,,0.2905536293983459
1701085830697-2-23-4-27-6,Surprise,Correct,Surprise,-1,0.08753154,0.08753154,,,,,,0.9819557666778564,,0.980874478816986,,,,,,,,,,0.4288741946220398
1701085830697-2-23-4-27-6,Surprise,Correct,Surprise,0,0.4889158,0.4889158,,,,,,0.9968906044960022,,0.9966901540756226,,,,,,,,,,0.5339927673339844
1701085830697-2-23-4-27-6,Surprise,Correct,Surprise,1,0.7007258,0.7007258,,,,,,0.9993790984153748,,0.999336302280426,,,,,,,,,,0.6111520528793335
1701085830697-2-23-4-27-6,Surprise,Correct,Surprise,2,0.767894,0.767894,,,,,,0.9998572468757628,,0.9998468160629272,,,,,,,,,,0.6925908327102661
1701085830697-2-23-4-27-6,Surprise,Correct,Surprise,3,0.8077522,0.8077522,,,,,,0.9999625086784364,,0.9999595880508424,,,,,,,,,,0.7057367563247681
1701085830697-2-23-4-27-6,Surprise,Correct,Surprise,4,0.8317532,0.8317532,,,,,,0.999988853931427,,0.9999879002571106,,,,,,,,,,0.7218249440193176
1701085830697-2-23-4-27-6,Surprise,Correct,Surprise,5,0.8474319,0.8474319,,,,,,0.9999962449073792,,0.9999959468841552,,,,,,,,,,0.7225264310836792
1701085830697-2-23-4-27-6,Surprise,Correct,Surprise,6,0.8561301,0.8561301,,,,,,0.9999985694885254,,0.9999985098838806,,,,,,,,,,0.7327802181243896
1701085830697-2-23-4-27-6,Surprise,Correct,Surprise,7,0.8671189,0.8671189,,,,,,0.9999994039535522,,0.9999994039535522,,,,,,,,,,0.7435221672058105
1701085830697-2-23-4-27-6,Surprise,Correct,Surprise,8,0.8767522,0.8767522,,,,,,0.999999701976776,,0.999999701976776,,,,,,,,,,0.7244698405265808
1701094536373-2-27-2-2-6,Surprise,Correct,Surprise,-1,0.54555005,0.54555005,,,,,,0.494691252708435,,0.462664395570755,,,,,,,,,,0.6671773195266724
1701094536373-2-27-2-2-6,Surprise,Correct,Surprise,0,0.7388974,0.7388974,,,,,,0.4660992920398712,,0.4634142220020294,,,,,,,,,,0.6942458152770996
1701094536373-2-27-2-2-6,Surprise,Correct,Surprise,1,0.8050656,0.8050656,,,,,,0.4400281608104706,,0.4836528897285461,,,,,,,,,,0.6953446865081787
1701094536373-2-27-2-2-6,Surprise,Correct,Surprise,2,0.83507824,0.83507824,,,,,,0.4213396608829498,,0.4651621580123901,,,,,,,,,,0.7056572437286377
1701094536373-2-27-2-2-6,Surprise,Correct,Surprise,3,0.8578424,0.8578424,,,,,,0.421729177236557,,0.4579453468322754,,,,,,,,,,0.7421198487281799
1701094536373-2-27-2-2-6,Surprise,Correct,Surprise,4,0.8711952,0.8711952,,,,,,0.4097171127796173,,0.4372302591800689,,,,,,,,,,0.744150698184967
1701094536373-2-27-2-2-6,Surprise,Correct,Surprise,5,0.87676316,0.87676316,,,,,,0.4253677427768707,,0.4470086097717285,,,,,,,,,,0.7704856991767883
1701094536373-2-27-2-2-6,Surprise,Correct,Surprise,6,0.880933,0.880933,,,,,,0.4253677427768707,,0.4470086097717285,,,,,,,,,,0.7704856991767883
1701094536373-2-27-2-2-6,Surprise,Correct,Surprise,7,0.8803297,0.8803297,,,,,,0.4633440375328064,,0.4784738719463348,,,,,,,,,,0.7862736582756042
1701094536373-2-27-2-2-6,Surprise,Correct,Surprise,8,0.8754714,0.8754714,,,,,,0.4974503815174103,,0.5099257826805115,,,,,,,,,,0.7731618881225586
1701094657984-2-27-3-3-6,Surprise,Correct,Surprise,-8,0.0705171,0.0705171,,,,,,0.0894948691129684,,0.081817515194416,,,,,,,,,,0.1137008443474769
1701094657984-2-27-3-3-6,Surprise,Correct,Surprise,-7,0.08445484,0.08445484,,,,,,0.0894948691129684,,0.081817515194416,,,,,,,,,,0.1137008443474769
1701094657984-2-27-3-3-6,Surprise,Correct,Surprise,-6,0.110583305,0.110583305,,,,,,0.0925798714160919,,0.0836633294820785,,,,,,,,,,0.1421781778335571
1701094657984-2-27-3-3-6,Surprise,Correct,Surprise,-5,0.13583773,0.13583773,,,,,,0.0925798714160919,,0.0836633294820785,,,,,,,,,,0.1421781778335571
1701094657984-2-27-3-3-6,Surprise,Correct,Surprise,-4,0.19547744,0.19547744,,,,,,0.0786072909832,,0.0713578686118125,,,,,,,,,,0.1524783223867416
1701094657984-2-27-3-3-6,Surprise,Correct,Surprise,-3,0.28533018,0.28533018,,,,,,0.0800056457519531,,0.0767666101455688,,,,,,,,,,0.1891431361436844
1701094657984-2-27-3-3-6,Surprise,Correct,Surprise,-2,0.3721882,0.3721882,,,,,,0.0800056457519531,,0.0767666101455688,,,,,,,,,,0.1891431361436844
1701094657984-2-27-3-3-6,Surprise,Correct,Surprise,-1,0.51223713,0.51223713,,,,,,0.08107490837574,,0.0738241821527481,,,,,,,,,,0.2694572806358337
1701094657984-2-27-3-3-6,Surprise,Correct,Surprise,0,0.6835692,0.6835692,,,,,,0.170314759016037,,0.1449250280857086,,,,,,,,,,0.3738124668598175
1701094657984-2-27-3-3-6,Surprise,Correct,Surprise,1,0.79443324,0.79443324,,,,,,0.5325539112091064,,0.540381908416748,,,,,,,,,,0.560979425907135
1701094657984-2-27-3-3-6,Surprise,Correct,Surprise,2,0.81819755,0.81819755,,,,,,0.5325539112091064,,0.540381908416748,,,,,,,,,,0.560979425907135
1701094657984-2-27-3-3-6,Surprise,Correct,Surprise,3,0.8359056,0.8359056,,,,,,0.4375545680522918,,0.4773849844932556,,,,,,,,,,0.768764317035675
1701094657984-2-27-3-3-6,Surprise,Correct,Surprise,4,0.8480762,0.8480762,,,,,,0.4461573660373688,,0.4771406352519989,,,,,,,,,,0.808018147945404
1701094657984-2-27-3-3-6,Surprise,Correct,Surprise,5,0.8547251,0.8547251,,,,,,0.4211827516555786,,0.4435808360576629,,,,,,,,,,0.8355108499526978
1701094657984-2-27-3-3-6,Surprise,Correct,Surprise,6,0.8615525,0.8615525,,,,,,0.3491846919059753,,0.3727563619613647,,,,,,,,,,0.8632144331932068
1701094657984-2-27-3-3-6,Surprise,Correct,Surprise,7,0.88258475,0.88258475,,,,,,0.338387131690979,,0.3859178125858307,,,,,,,,,,0.8530041575431824
1701094657984-2-27-3-3-6,Surprise,Correct,Surprise,8,0.9187108,0.9187108,,,,,,0.4321434795856476,,0.4365405738353729,,,,,,,,,,0.8383159041404724
1701094689680-2-27-3-19-6,Surprise,Correct,Surprise,-7,0.14632429,0.14632429,,,,,,0.0341370292007923,,0.0261034201830625,,,,,,,,,,0.0390947684645652
1701094689680-2-27-3-19-6,Surprise,Correct,Surprise,-6,0.1654523,0.1654523,,,,,,0.0352578572928905,,0.0238873027265071,,,,,,,,,,0.0563921406865119
1701094689680-2-27-3-19-6,Surprise,Correct,Surprise,-5,0.3681516,0.3681516,,,,,,0.0720160827040672,,0.0431998930871486,,,,,,,,,,0.1999851167201995
1701094689680-2-27-3-19-6,Surprise,Correct,Surprise,-4,0.4748383,0.4748383,,,,,,0.0966974943876266,,0.117415077984333,,,,,,,,,,0.3564799726009369
1701094689680-2-27-3-19-6,Surprise,Correct,Surprise,-3,0.36202765,0.36202765,,,,,,0.1464680135250091,,0.1869088113307953,,,,,,,,,,0.4417893290519714
1701094689680-2-27-3-19-6,Surprise,Correct,Surprise,-2,0.2822919,0.2822919,,,,,,0.2035248726606369,,0.2392815351486206,,,,,,,,,,0.455659806728363
1701094689680-2-27-3-19-6,Surprise,Correct,Surprise,-1,0.28201067,0.28201067,,,,,,0.2667994797229767,,0.2931899130344391,,,,,,,,,,0.4563172161579132
1701094689680-2-27-3-19-6,Surprise,Correct,Surprise,0,0.6937861,0.6937861,,,,,,0.3897587656974792,,0.3552737832069397,,,,,,,,,,0.5191766619682312
1701094689680-2-27-3-19-6,Surprise,Correct,Surprise,1,0.8608176,0.8608176,,,,,,0.3897587656974792,,0.3552737832069397,,,,,,,,,,0.5191766619682312
1701094689680-2-27-3-19-6,Surprise,Correct,Surprise,2,0.9277653,0.9277653,,,,,,0.4502566754817962,,0.4012407660484314,,,,,,,,,,0.6375954151153564
1701094689680-2-27-3-19-6,Surprise,Correct,Surprise,3,0.9504263,0.9504263,,,,,,0.4502566754817962,,0.4012407660484314,,,,,,,,,,0.6375954151153564
1701094689680-2-27-3-19-6,Surprise,Correct,Surprise,4,0.9588453,0.9588453,,,,,,0.4421468377113342,,0.3988796174526214,,,,,,,,,,0.6769396662712097
1701094689680-2-27-3-19-6,Surprise,Correct,Surprise,5,0.96400094,0.96400094,,,,,,0.4177210032939911,,0.3897344768047333,,,,,,,,,,0.7046404480934143
1701094689680-2-27-3-19-6,Surprise,Correct,Surprise,6,0.9658021,0.9658021,,,,,,0.4017196893692016,,0.3931853175163269,,,,,,,,,,0.7214661836624146
1701094689680-2-27-3-19-6,Surprise,Correct,Surprise,7,0.96588254,0.96588254,,,,,,0.3691518008708954,,0.3795042335987091,,,,,,,,,,0.7428011894226074
1701094689680-2-27-3-19-6,Surprise,Correct,Surprise,8,0.963078,0.963078,,,,,,0.3261945843696594,,0.3441091179847717,,,,,,,,,,0.733506441116333
1701094824960-2-27-4-3-6,Surprise,Correct,Surprise,-1,0.27439338,0.27439338,,,,,,0.3520311117172241,,0.2566042840480804,,,,,,,,,,0.0573104284703731
1701094824960-2-27-4-3-6,Surprise,Correct,Surprise,0,0.442129,0.442129,,,,,,0.3983954489231109,,0.2981781661510467,,,,,,,,,,0.3034619688987732
1701094824960-2-27-4-3-6,Surprise,Correct,Surprise,1,0.5560165,0.5560165,,,,,,0.5464237928390503,,0.4550478756427765,,,,,,,,,,0.4510006904602051
1701094824960-2-27-4-3-6,Surprise,Correct,Surprise,2,0.6434164,0.6434164,,,,,,0.6719304919242859,,0.5564215183258057,,,,,,,,,,0.508529782295227
1701094824960-2-27-4-3-6,Surprise,Correct,Surprise,3,0.70424163,0.70424163,,,,,,0.6677941083908081,,0.6152657866477966,,,,,,,,,,0.5366794466972351
1701094824960-2-27-4-3-6,Surprise,Correct,Surprise,4,0.74284893,0.74284893,,,,,,0.6547619700431824,,0.6376816034317017,,,,,,,,,,0.5377935767173767
1701094824960-2-27-4-3-6,Surprise,Correct,Surprise,5,0.80172753,0.80172753,,,,,,0.6826747059822083,,0.6643104553222656,,,,,,,,,,0.5636178255081177
1701094824960-2-27-4-3-6,Surprise,Correct,Surprise,6,0.84112036,0.84112036,,,,,,0.7748852372169495,,0.7642477750778198,,,,,,,,,,0.5854533910751343
1701094824960-2-27-4-3-6,Surprise,Correct,Surprise,7,0.8615914,0.8615914,,,,,,0.7353383302688599,,0.7395496964454651,,,,,,,,,,0.6381294131278992
1701094824960-2-27-4-3-6,Surprise,Correct,Surprise,8,0.8761588,0.8761588,,,,,,0.7069543600082397,,0.7318111658096313,,,,,,,,,,0.640887439250946
1701094852692-2-27-4-19-6,Surprise,Correct,Surprise,-1,0.46942312,0.46942312,,,,,,0.3883121907711029,,0.3290175795555115,,,,,,,,,,0.7680855989456177
1701094852692-2-27-4-19-6,Surprise,Correct,Surprise,0,0.6356937,0.6356937,,,,,,0.3411325216293335,,0.2832983732223511,,,,,,,,,,0.799029529094696
1701094852692-2-27-4-19-6,Surprise,Correct,Surprise,1,0.7340559,0.7340559,,,,,,0.3220546543598175,,0.2539813816547394,,,,,,,,,,0.8089745044708252
1701094852692-2-27-4-19-6,Surprise,Correct,Surprise,2,0.80122465,0.80122465,,,,,,0.3216079175472259,,0.2606222331523895,,,,,,,,,,0.8094601631164551
1701094852692-2-27-4-19-6,Surprise,Correct,Surprise,3,0.8450885,0.8450885,,,,,,0.3163542747497558,,0.2641253769397735,,,,,,,,,,0.8349791765213013
1701094852692-2-27-4-19-6,Surprise,Correct,Surprise,4,0.8750983,0.8750983,,,,,,0.3128092586994171,,0.2604441344738006,,,,,,,,,,0.8265014290809631
1701094852692-2-27-4-19-6,Surprise,Correct,Surprise,5,0.8959688,0.8959688,,,,,,0.308632493019104,,0.2557793259620666,,,,,,,,,,0.8357852101325989
1701094852692-2-27-4-19-6,Surprise,Correct,Surprise,6,0.90657437,0.90657437,,,,,,0.3262064754962921,,0.254749447107315,,,,,,,,,,0.8365667462348938
1701094852692-2-27-4-19-6,Surprise,Correct,Surprise,7,0.9167527,0.9167527,,,,,,0.3247159421443939,,0.2518191337585449,,,,,,,,,,0.8136484026908875
1701094852692-2-27-4-19-6,Surprise,Correct,Surprise,8,0.9232095,0.9232095,,,,,,0.3247159421443939,,0.2518191337585449,,,,,,,,,,0.8136484026908875
1701094856933-2-27-4-21-6,Surprise,Correct,Surprise,-1,0.528042,0.528042,,,,,,0.4319890141487121,,0.3891254961490631,,,,,,,,,,0.8069426417350769
1701094856933-2-27-4-21-6,Surprise,Correct,Surprise,0,0.73854434,0.73854434,,,,,,0.4330590069293976,,0.3950113356113434,,,,,,,,,,0.8355816006660461
1701094856933-2-27-4-21-6,Surprise,Correct,Surprise,1,0.83595854,0.83595854,,,,,,0.4171505868434906,,0.3975101113319397,,,,,,,,,,0.810719907283783
1701094856933-2-27-4-21-6,Surprise,Correct,Surprise,2,0.89286405,0.89286405,,,,,,0.4081759452819824,,0.3832912445068359,,,,,,,,,,0.8353388905525208
1701094856933-2-27-4-21-6,Surprise,Correct,Surprise,3,0.92037946,0.92037946,,,,,,0.4081759452819824,,0.3832912445068359,,,,,,,,,,0.8353388905525208
1701094856933-2-27-4-21-6,Surprise,Correct,Surprise,4,0.92877054,0.92877054,,,,,,0.4077723920345306,,0.3745949864387512,,,,,,,,,,0.809633731842041
1701094856933-2-27-4-21-6,Surprise,Correct,Surprise,5,0.93475217,0.93475217,,,,,,0.4018036425113678,,0.3598016202449798,,,,,,,,,,0.8095041513442993
1701094856933-2-27-4-21-6,Surprise,Correct,Surprise,6,0.9381521,0.9381521,,,,,,0.3992718756198883,,0.3562140464782715,,,,,,,,,,0.8094919919967651
1701094856933-2-27-4-21-6,Surprise,Correct,Surprise,7,0.9418094,0.9418094,,,,,,0.39561927318573,,0.356139600276947,,,,,,,,,,0.8239249587059021
1701094856933-2-27-4-21-6,Surprise,Correct,Surprise,8,0.9460287,0.9460287,,,,,,0.3982041776180267,,0.356089174747467,,,,,,,,,,0.8117737174034119
1701094866874-2-27-4-27-6,Surprise,Correct,Surprise,-8,0.20114988,0.20114988,,,,,,0.0754333660006523,,0.0911057293415069,,,,,,,,,,0.2612028121948242
1701094866874-2-27-4-27-6,Surprise,Correct,Surprise,-7,0.27702162,0.27702162,,,,,,0.0635243207216262,,0.0781447365880012,,,,,,,,,,0.2608410120010376
1701094866874-2-27-4-27-6,Surprise,Correct,Surprise,-6,0.34272203,0.34272203,,,,,,0.064400590956211,,0.0702360570430755,,,,,,,,,,0.2372149527072906
1701094866874-2-27-4-27-6,Surprise,Correct,Surprise,-5,0.39709345,0.39709345,,,,,,0.0626269206404686,,0.0687659382820129,,,,,,,,,,0.2150349766016006
1701094866874-2-27-4-27-6,Surprise,Correct,Surprise,-4,0.4369914,0.4369914,,,,,,0.0730547085404396,,0.0745114833116531,,,,,,,,,,0.2123382538557052
1701094866874-2-27-4-27-6,Surprise,Correct,Surprise,-3,0.47545668,0.47545668,,,,,,0.1176378205418586,,0.0991140827536583,,,,,,,,,,0.2119572013616562
1701094866874-2-27-4-27-6,Surprise,Correct,Surprise,-2,0.5466585,0.5466585,,,,,,0.1560974866151809,,0.1246664300560951,,,,,,,,,,0.2345221787691116
1701094866874-2-27-4-27-6,Surprise,Correct,Surprise,-1,0.66846395,0.66846395,,,,,,0.2709600925445556,,0.2434150576591491,,,,,,,,,,0.3380298018455505
1701094866874-2-27-4-27-6,Surprise,Correct,Surprise,0,0.79597735,0.79597735,,,,,,0.5578644871711731,,0.562188982963562,,,,,,,,,,0.5277588963508606
1701094866874-2-27-4-27-6,Surprise,Correct,Surprise,1,0.8651919,0.8651919,,,,,,0.6580104231834412,,0.6986497640609741,,,,,,,,,,0.5994970202445984
1701094866874-2-27-4-27-6,Surprise,Correct,Surprise,2,0.8997284,0.8997284,,,,,,0.6077154874801636,,0.652599573135376,,,,,,,,,,0.6651697158813477
1701094866874-2-27-4-27-6,Surprise,Correct,Surprise,3,0.9190876,0.9190876,,,,,,0.5695315003395081,,0.6156744360923767,,,,,,,,,,0.7043522000312805
1701094866874-2-27-4-27-6,Surprise,Correct,Surprise,4,0.93207395,0.93207395,,,,,,0.5259741544723511,,0.5633809566497803,,,,,,,,,,0.7684919238090515
1701094866874-2-27-4-27-6,Surprise,Correct,Surprise,5,0.94040257,0.94040257,,,,,,0.4984195232391357,,0.5301542282104492,,,,,,,,,,0.8075945377349854
1701094866874-2-27-4-27-6,Surprise,Correct,Surprise,6,0.9445531,0.9445531,,,,,,0.4806731641292572,,0.5102053880691528,,,,,,,,,,0.8248451948165894
1701094866874-2-27-4-27-6,Surprise,Correct,Surprise,7,0.9485316,0.9485316,,,,,,0.4686597883701324,,0.4973625242710113,,,,,,,,,,0.8359580039978027
1701094866874-2-27-4-27-6,Surprise,Correct,Surprise,8,0.9513327,0.9513327,,,,,,0.4667641818523407,,0.4877573847770691,,,,,,,,,,0.8518506288528442
