reenactment_id,participant_id,true_label,final_outcome,fea_name,probability_jump_step,fea_max_positive_change_step,fea_minus_probability_event_distance,within_1_step,within_2_steps,delta_fea_delta_probability_correlation
1700478995850-2-1-1-0-0,1,Anger,Correct,BrowLowererR,2,21.0,19.0,False,False,0.4216977038960831
1700478995850-2-1-1-0-0,1,Anger,Correct,BrowLowererL,2,21.0,19.0,False,False,0.36436912505942715
1700478995850-2-1-1-0-0,1,Anger,Correct,LidTightenerL,2,20.0,18.0,False,False,0.224157344766163
1700479004312-2-1-1-3-0,1,Anger,Incorrect,BrowLowererR,2,28.0,26.0,False,False,-0.12962848658037598
1700479004312-2-1-1-3-0,1,Anger,Incorrect,BrowLowererL,2,28.0,26.0,False,False,-0.19048490406220348
1700479004312-2-1-1-3-0,1,Anger,Incorrect,LidTightenerL,2,24.0,22.0,False,False,-0.1361053392182414
1700479005401-2-1-1-4-0,1,Anger,Correct,BrowLowererR,2,5.0,3.0,False,False,0.044298817832770995
1700479005401-2-1-1-4-0,1,Anger,Correct,BrowLowererL,2,12.0,10.0,False,False,0.05654044152611093
1700479005401-2-1-1-4-0,1,Anger,Correct,LidTightenerL,2,29.0,27.0,False,False,0.13213692102529087
1700479253441-2-1-3-8-0,1,Anger,Correct,BrowLowererR,21,16.0,-5.0,False,False,0.14246504318382414
1700479253441-2-1-3-8-0,1,Anger,Correct,BrowLowererL,21,15.0,-6.0,False,False,0.05338912426868169
1700479253441-2-1-3-8-0,1,Anger,Correct,LidTightenerL,21,20.0,-1.0,True,True,0.10199052416968771
1700479258342-2-1-3-10-0,1,Anger,Incorrect,BrowLowererR,27,,,,,0.893789141782634
1700479258342-2-1-3-10-0,1,Anger,Incorrect,BrowLowererL,27,,,,,0.936597763079981
1700479258342-2-1-3-10-0,1,Anger,Incorrect,LidTightenerL,27,2.0,-25.0,False,False,-0.463158674911054
1700479424021-2-1-4-7-0,1,Anger,Correct,BrowLowererR,24,18.0,-6.0,False,False,0.01793741979171947
1700479424021-2-1-4-7-0,1,Anger,Correct,BrowLowererL,24,18.0,-6.0,False,False,0.042243819885759454
1700479424021-2-1-4-7-0,1,Anger,Correct,LidTightenerL,24,3.0,-21.0,False,False,0.04560856571319838
1700567688235-2-8-1-0-0,8,Anger,Incorrect,BrowLowererR,29,2.0,-27.0,False,False,-0.4579656998999172
1700567688235-2-8-1-0-0,8,Anger,Incorrect,BrowLowererL,29,2.0,-27.0,False,False,-0.5986072225415872
1700567688235-2-8-1-0-0,8,Anger,Incorrect,LidTightenerL,29,2.0,-27.0,False,False,-0.3683905172490876
1700567695958-2-8-1-3-0,8,Anger,Incorrect,BrowLowererR,21,20.0,-1.0,True,True,0.34233695437893896
1700567695958-2-8-1-3-0,8,Anger,Incorrect,BrowLowererL,21,20.0,-1.0,True,True,0.3579582838657145
1700567695958-2-8-1-3-0,8,Anger,Incorrect,LidTightenerL,21,21.0,0.0,True,True,0.45327861227323657
1700567698824-2-8-1-4-0,8,Anger,Incorrect,BrowLowererR,17,15.0,-2.0,False,True,0.1690557009867699
1700567698824-2-8-1-4-0,8,Anger,Incorrect,BrowLowererL,17,15.0,-2.0,False,True,0.19998735748940488
1700567698824-2-8-1-4-0,8,Anger,Incorrect,LidTightenerL,17,14.0,-3.0,False,False,0.11921006306266245
1700567906760-2-8-3-2-0,8,Anger,Incorrect,BrowLowererR,30,11.0,-19.0,False,False,0.06920236892588705
1700567906760-2-8-3-2-0,8,Anger,Incorrect,BrowLowererL,30,11.0,-19.0,False,False,0.06323511827422061
1700567906760-2-8-3-2-0,8,Anger,Incorrect,LidTightenerL,30,11.0,-19.0,False,False,-0.04502495151942316
1700567918385-2-8-3-8-0,8,Anger,Incorrect,BrowLowererR,12,10.0,-2.0,False,True,0.17510392213808074
1700567918385-2-8-3-8-0,8,Anger,Incorrect,BrowLowererL,12,10.0,-2.0,False,True,0.22515432454125586
1700567918385-2-8-3-8-0,8,Anger,Incorrect,LidTightenerL,12,9.0,-3.0,False,False,0.18134138976505407
1700567922812-2-8-3-10-0,8,Anger,Incorrect,BrowLowererR,14,27.0,13.0,False,False,0.6557700768588818
1700567922812-2-8-3-10-0,8,Anger,Incorrect,BrowLowererL,14,12.0,-2.0,False,True,0.547758224921531
1700567922812-2-8-3-10-0,8,Anger,Incorrect,LidTightenerL,14,2.0,-12.0,False,False,-0.36107537314311766
1700568088202-2-8-4-7-0,8,Anger,Incorrect,BrowLowererR,6,6.0,0.0,True,True,0.11112525908089492
1700568088202-2-8-4-7-0,8,Anger,Incorrect,BrowLowererL,6,6.0,0.0,True,True,0.05123077172716999
1700568088202-2-8-4-7-0,8,Anger,Incorrect,LidTightenerL,6,5.0,-1.0,True,True,0.03300081082035752
1700568092978-2-8-4-10-0,8,Anger,Incorrect,BrowLowererR,20,18.0,-2.0,False,True,0.4668012038595805
1700568092978-2-8-4-10-0,8,Anger,Incorrect,BrowLowererL,20,20.0,0.0,True,True,0.563807734262146
1700568092978-2-8-4-10-0,8,Anger,Incorrect,LidTightenerL,20,17.0,-3.0,False,False,0.30656062906499953
1700568100175-2-8-4-14-0,8,Anger,Incorrect,BrowLowererR,26,24.0,-2.0,False,True,0.23249119400369314
1700568100175-2-8-4-14-0,8,Anger,Incorrect,BrowLowererL,26,24.0,-2.0,False,True,0.1918141450213713
1700568100175-2-8-4-14-0,8,Anger,Incorrect,LidTightenerL,26,24.0,-2.0,False,True,0.19752468699840225
1700568114265-2-8-4-22-0,8,Anger,Incorrect,BrowLowererR,21,21.0,0.0,True,True,0.1742894570344989
1700568114265-2-8-4-22-0,8,Anger,Incorrect,BrowLowererL,21,21.0,0.0,True,True,0.19765663901767586
1700568114265-2-8-4-22-0,8,Anger,Incorrect,LidTightenerL,21,16.0,-5.0,False,False,0.19722584933332024
1700577843732-2-10-3-2-0,10,Anger,Correct,BrowLowererR,8,8.0,0.0,True,True,0.6074594733107662
1700577843732-2-10-3-2-0,10,Anger,Correct,BrowLowererL,8,8.0,0.0,True,True,0.5869762285181538
1700577843732-2-10-3-2-0,10,Anger,Correct,LidTightenerL,8,8.0,0.0,True,True,0.45646041450252833
1700577855799-2-10-3-8-0,10,Anger,Incorrect,BrowLowererR,14,9.0,-5.0,False,False,0.13599709040090574
1700577855799-2-10-3-8-0,10,Anger,Incorrect,BrowLowererL,14,10.0,-4.0,False,False,0.16695538645565483
1700577855799-2-10-3-8-0,10,Anger,Incorrect,LidTightenerL,14,7.0,-7.0,False,False,0.20670679039724923
1700578045766-2-10-4-22-0,10,Anger,Incorrect,BrowLowererR,27,25.0,-2.0,False,True,0.22390011184193476
1700578045766-2-10-4-22-0,10,Anger,Incorrect,BrowLowererL,27,26.0,-1.0,True,True,0.21639839733963784
1700578045766-2-10-4-22-0,10,Anger,Incorrect,LidTightenerL,27,24.0,-3.0,False,False,0.17016680753781277
1700583797412-2-13-1-0-0,13,Anger,Correct,BrowLowererR,10,16.0,6.0,False,False,0.3157936372861262
1700583797412-2-13-1-0-0,13,Anger,Correct,BrowLowererL,10,11.0,1.0,True,True,0.30145990594904004
1700583797412-2-13-1-0-0,13,Anger,Correct,LidTightenerL,10,2.0,-8.0,False,False,0.14530238029393513
1700583805997-2-13-1-3-0,13,Anger,Incorrect,BrowLowererR,3,3.0,0.0,True,True,0.6844459345278756
1700583805997-2-13-1-3-0,13,Anger,Incorrect,BrowLowererL,3,3.0,0.0,True,True,0.6558842494788467
1700583805997-2-13-1-3-0,13,Anger,Incorrect,LidTightenerL,3,15.0,12.0,False,False,0.21153872708446647
1700583807891-2-13-1-4-0,13,Anger,Correct,BrowLowererR,23,23.0,0.0,True,True,0.8571995333194194
1700583807891-2-13-1-4-0,13,Anger,Correct,BrowLowererL,23,23.0,0.0,True,True,0.865920107776011
1700583807891-2-13-1-4-0,13,Anger,Correct,LidTightenerL,23,23.0,0.0,True,True,0.7259977758821087
1700584020161-2-13-3-10-0,13,Anger,Correct,BrowLowererR,15,12.0,-3.0,False,False,0.04980817706456366
1700584020161-2-13-3-10-0,13,Anger,Correct,BrowLowererL,15,12.0,-3.0,False,False,0.004730997486086148
1700584020161-2-13-3-10-0,13,Anger,Correct,LidTightenerL,15,11.0,-4.0,False,False,-0.03494899964276896
1700584214184-2-13-4-7-0,13,Anger,Incorrect,BrowLowererR,14,14.0,0.0,True,True,0.6555888407726487
1700584214184-2-13-4-7-0,13,Anger,Incorrect,BrowLowererL,14,13.0,-1.0,True,True,0.4739693492938498
1700584214184-2-13-4-7-0,13,Anger,Incorrect,LidTightenerL,14,11.0,-3.0,False,False,0.12294487296342657
1700584219640-2-13-4-10-0,13,Anger,Correct,BrowLowererR,21,19.0,-2.0,False,True,0.019791641832542773
1700584219640-2-13-4-10-0,13,Anger,Correct,BrowLowererL,21,19.0,-2.0,False,True,0.058428006473529095
1700584219640-2-13-4-10-0,13,Anger,Correct,LidTightenerL,21,19.0,-2.0,False,True,0.2571942717627952
1700584240494-2-13-4-22-0,13,Anger,Correct,BrowLowererR,24,22.0,-2.0,False,True,0.2660029120965624
1700584240494-2-13-4-22-0,13,Anger,Correct,BrowLowererL,24,22.0,-2.0,False,True,0.23566344945349865
1700584240494-2-13-4-22-0,13,Anger,Correct,LidTightenerL,24,21.0,-3.0,False,False,-0.026200676596422175
1700747144334-2-15-1-0-0,15,Anger,Incorrect,BrowLowererR,20,19.0,-1.0,True,True,0.3855190178220703
1700747144334-2-15-1-0-0,15,Anger,Incorrect,BrowLowererL,20,19.0,-1.0,True,True,0.351620325248543
1700747144334-2-15-1-0-0,15,Anger,Incorrect,LidTightenerL,20,15.0,-5.0,False,False,-0.03392191975780648
1700747151558-2-15-1-3-0,15,Anger,Correct,BrowLowererR,29,27.0,-2.0,False,True,0.6132030643927077
1700747151558-2-15-1-3-0,15,Anger,Correct,BrowLowererL,29,27.0,-2.0,False,True,0.659974465096488
1700747151558-2-15-1-3-0,15,Anger,Correct,LidTightenerL,29,26.0,-3.0,False,False,-0.33363156792788545
1700747153913-2-15-1-4-0,15,Anger,Incorrect,BrowLowererR,28,26.0,-2.0,False,True,0.31600634369115227
1700747153913-2-15-1-4-0,15,Anger,Incorrect,BrowLowererL,28,26.0,-2.0,False,True,0.29890236401396675
1700747153913-2-15-1-4-0,15,Anger,Incorrect,LidTightenerL,28,26.0,-2.0,False,True,-0.062021576385797604
1700747349900-2-15-3-2-0,15,Anger,Incorrect,BrowLowererR,15,15.0,0.0,True,True,0.6541189276860034
1700747349900-2-15-3-2-0,15,Anger,Incorrect,BrowLowererL,15,15.0,0.0,True,True,0.6491460020792766
1700747349900-2-15-3-2-0,15,Anger,Incorrect,LidTightenerL,15,14.0,-1.0,True,True,0.2189741434051951
1700747526081-2-15-4-7-0,15,Anger,Correct,BrowLowererR,20,19.0,-1.0,True,True,-0.07773484254711162
1700747526081-2-15-4-7-0,15,Anger,Correct,BrowLowererL,20,20.0,0.0,True,True,-0.03439882689979926
1700747526081-2-15-4-7-0,15,Anger,Correct,LidTightenerL,20,29.0,9.0,False,False,-0.12282967092974618
1700747538056-2-15-4-14-0,15,Anger,Incorrect,BrowLowererR,5,4.0,-1.0,True,True,0.6455159119132097
1700747538056-2-15-4-14-0,15,Anger,Incorrect,BrowLowererL,5,4.0,-1.0,True,True,0.6199271150406723
1700747538056-2-15-4-14-0,15,Anger,Incorrect,LidTightenerL,5,3.0,-2.0,False,True,0.08920917708215167
1700756274306-2-18-1-0-0,18,Anger,Correct,BrowLowererR,2,20.0,18.0,False,False,-0.3037855501302984
1700756274306-2-18-1-0-0,18,Anger,Correct,BrowLowererL,2,30.0,28.0,False,False,-0.5494717730808449
1700756274306-2-18-1-0-0,18,Anger,Correct,LidTightenerL,2,14.0,12.0,False,False,-0.5699358257004357
1700756280474-2-18-1-3-0,18,Anger,Correct,BrowLowererR,2,6.0,4.0,False,False,0.18525320585390326
1700756280474-2-18-1-3-0,18,Anger,Correct,BrowLowererL,2,2.0,0.0,True,True,0.687375857835496
1700756280474-2-18-1-3-0,18,Anger,Correct,LidTightenerL,2,5.0,3.0,False,False,0.3033810809994329
1700756283788-2-18-1-4-0,18,Anger,Correct,BrowLowererR,3,5.0,2.0,False,True,0.5612177707302779
1700756283788-2-18-1-4-0,18,Anger,Correct,BrowLowererL,3,5.0,2.0,False,True,0.5680767774661313
1700756283788-2-18-1-4-0,18,Anger,Correct,LidTightenerL,3,7.0,4.0,False,False,0.21925459999330982
1700756486528-2-18-3-2-0,18,Anger,Correct,BrowLowererR,11,15.0,4.0,False,False,0.15630922148366463
1700756486528-2-18-3-2-0,18,Anger,Correct,BrowLowererL,11,15.0,4.0,False,False,0.19488900213666682
1700756486528-2-18-3-2-0,18,Anger,Correct,LidTightenerL,11,8.0,-3.0,False,False,0.26084005111638753
1700756499157-2-18-3-8-0,18,Anger,Correct,BrowLowererR,2,23.0,21.0,False,False,-0.2415084261368806
1700756499157-2-18-3-8-0,18,Anger,Correct,BrowLowererL,2,20.0,18.0,False,False,-0.2249404770842523
1700756499157-2-18-3-8-0,18,Anger,Correct,LidTightenerL,2,4.0,2.0,False,True,0.5598866631933461
1700756716598-2-18-4-7-0,18,Anger,Correct,BrowLowererR,8,6.0,-2.0,False,True,0.07459093771507899
1700756716598-2-18-4-7-0,18,Anger,Correct,BrowLowererL,8,6.0,-2.0,False,True,0.0614015460998217
1700756716598-2-18-4-7-0,18,Anger,Correct,LidTightenerL,8,3.0,-5.0,False,False,0.039542290322218544
1700756722474-2-18-4-10-0,18,Anger,Correct,BrowLowererR,2,2.0,0.0,True,True,0.3456623576958714
1700756722474-2-18-4-10-0,18,Anger,Correct,BrowLowererL,2,2.0,0.0,True,True,0.1985870457466588
1700756722474-2-18-4-10-0,18,Anger,Correct,LidTightenerL,2,28.0,26.0,False,False,-0.2846303601925341
1700756728630-2-18-4-14-0,18,Anger,Correct,BrowLowererR,2,30.0,28.0,False,False,-0.6064899576824995
1700756728630-2-18-4-14-0,18,Anger,Correct,BrowLowererL,2,25.0,23.0,False,False,-0.2728970683780985
1700756728630-2-18-4-14-0,18,Anger,Correct,LidTightenerL,2,4.0,2.0,False,True,0.46366953464832456
1700756743678-2-18-4-22-0,18,Anger,Correct,BrowLowererR,2,9.0,7.0,False,False,-0.117679656722304
1700756743678-2-18-4-22-0,18,Anger,Correct,BrowLowererL,2,12.0,10.0,False,False,0.08884796218638653
1700756743678-2-18-4-22-0,18,Anger,Correct,LidTightenerL,2,26.0,24.0,False,False,0.14534318276257457
1701085606801-2-23-3-2-0,23,Anger,Correct,BrowLowererR,19,20.0,1.0,True,True,0.5563467175428104
1701085606801-2-23-3-2-0,23,Anger,Correct,BrowLowererL,19,19.0,0.0,True,True,0.672017161688459
1701085606801-2-23-3-2-0,23,Anger,Correct,LidTightenerL,19,18.0,-1.0,True,True,0.4224690451452036
1701085619479-2-23-3-8-0,23,Anger,Correct,BrowLowererR,16,15.0,-1.0,True,True,0.3997978753549327
1701085619479-2-23-3-8-0,23,Anger,Correct,BrowLowererL,16,15.0,-1.0,True,True,0.3522383683185348
1701085619479-2-23-3-8-0,23,Anger,Correct,LidTightenerL,16,14.0,-2.0,False,True,0.23206335657363414
1701085622872-2-23-3-10-0,23,Anger,Correct,BrowLowererR,19,6.0,-13.0,False,False,0.05631914212570625
1701085622872-2-23-3-10-0,23,Anger,Correct,BrowLowererL,19,7.0,-12.0,False,False,0.17428100165583374
1701085622872-2-23-3-10-0,23,Anger,Correct,LidTightenerL,19,19.0,0.0,True,True,0.29673365837971405
1701085795548-2-23-4-7-0,23,Anger,Correct,BrowLowererR,5,4.0,-1.0,True,True,0.43964958480197075
1701085795548-2-23-4-7-0,23,Anger,Correct,BrowLowererL,5,2.0,-3.0,False,False,0.3841125011317119
1701085795548-2-23-4-7-0,23,Anger,Correct,LidTightenerL,5,8.0,3.0,False,False,0.19783825672141434
1701085800908-2-23-4-10-0,23,Anger,Correct,BrowLowererR,14,15.0,1.0,True,True,0.30357915865962604
1701085800908-2-23-4-10-0,23,Anger,Correct,BrowLowererL,14,10.0,-4.0,False,False,0.2769631612116933
1701085800908-2-23-4-10-0,23,Anger,Correct,LidTightenerL,14,10.0,-4.0,False,False,0.4780051473576974
1701085807269-2-23-4-14-0,23,Anger,Correct,BrowLowererR,13,19.0,6.0,False,False,-0.07852405898350324
1701085807269-2-23-4-14-0,23,Anger,Correct,BrowLowererL,13,19.0,6.0,False,False,-0.22038379351675572
1701085807269-2-23-4-14-0,23,Anger,Correct,LidTightenerL,13,10.0,-3.0,False,False,0.33248367951888497
1701085821482-2-23-4-22-0,23,Anger,Correct,BrowLowererR,19,23.0,4.0,False,False,0.3986326275876471
1701085821482-2-23-4-22-0,23,Anger,Correct,BrowLowererL,19,21.0,2.0,False,True,0.48028767667522954
1701085821482-2-23-4-22-0,23,Anger,Correct,LidTightenerL,19,19.0,0.0,True,True,0.6244337337413366
1701094438118-2-27-1-0-0,27,Anger,Incorrect,BrowLowererR,25,26.0,1.0,True,True,0.04762713567573587
1701094438118-2-27-1-0-0,27,Anger,Incorrect,BrowLowererL,25,26.0,1.0,True,True,0.06403084642190547
1701094438118-2-27-1-0-0,27,Anger,Incorrect,LidTightenerL,25,18.0,-7.0,False,False,0.050728219300926636
1701094445452-2-27-1-3-0,27,Anger,Incorrect,BrowLowererR,22,23.0,1.0,True,True,0.09216971670100513
1701094445452-2-27-1-3-0,27,Anger,Incorrect,BrowLowererL,22,23.0,1.0,True,True,0.07437406025308468
1701094445452-2-27-1-3-0,27,Anger,Incorrect,LidTightenerL,22,18.0,-4.0,False,False,0.3184337964902795
1701094448444-2-27-1-4-0,27,Anger,Incorrect,BrowLowererR,16,17.0,1.0,True,True,-0.22305164068991895
1701094448444-2-27-1-4-0,27,Anger,Incorrect,BrowLowererL,16,17.0,1.0,True,True,-0.1808400566172481
1701094448444-2-27-1-4-0,27,Anger,Incorrect,LidTightenerL,16,15.0,-1.0,True,True,0.3033782933265374
1701094656847-2-27-3-2-0,27,Anger,Incorrect,BrowLowererR,28,27.0,-1.0,True,True,-0.12280124988306164
1701094656847-2-27-3-2-0,27,Anger,Incorrect,BrowLowererL,28,27.0,-1.0,True,True,-0.10653360849007511
1701094656847-2-27-3-2-0,27,Anger,Incorrect,LidTightenerL,28,29.0,1.0,True,True,0.17649910387364043
1701094668813-2-27-3-8-0,27,Anger,Incorrect,BrowLowererR,6,2.0,-4.0,False,False,-0.8902714951359109
1701094668813-2-27-3-8-0,27,Anger,Incorrect,BrowLowererL,6,2.0,-4.0,False,False,-0.8892636791729099
1701094668813-2-27-3-8-0,27,Anger,Incorrect,LidTightenerL,6,,,,,0.9024065448831069
1701094672347-2-27-3-10-0,27,Anger,Incorrect,BrowLowererR,8,9.0,1.0,True,True,-0.1451201776095785
1701094672347-2-27-3-10-0,27,Anger,Incorrect,BrowLowererL,8,9.0,1.0,True,True,-0.15220039798327992
1701094672347-2-27-3-10-0,27,Anger,Incorrect,LidTightenerL,8,7.0,-1.0,True,True,0.612208528613453
1700479106931-2-1-2-1-1,1,Disgust,Incorrect,NoseWrinklerL,20,,,,,0.05842092017218351
1700479106931-2-1-2-1-1,1,Disgust,Incorrect,NoseWrinklerR,20,19.0,-1.0,True,True,0.2288204659843477
1700479106931-2-1-2-1-1,1,Disgust,Incorrect,BrowLowererL,20,,,,,0.026708980220183285
1700479113933-2-1-2-4-1,1,Disgust,Incorrect,NoseWrinklerL,6,,,,,
1700479113933-2-1-2-4-1,1,Disgust,Incorrect,NoseWrinklerR,6,,,,,0.19980769883096614
1700479113933-2-1-2-4-1,1,Disgust,Incorrect,BrowLowererL,6,,,,,0.08215895955781026
1700479117593-2-1-2-5-1,1,Disgust,Incorrect,NoseWrinklerL,16,,,,,
1700479117593-2-1-2-5-1,1,Disgust,Incorrect,NoseWrinklerR,16,,,,,0.2872166865712897
1700479117593-2-1-2-5-1,1,Disgust,Incorrect,BrowLowererL,16,16.0,0.0,True,True,0.3666424097684554
1700479240547-2-1-3-1-1,1,Disgust,Incorrect,NoseWrinklerL,15,,,,,
1700479240547-2-1-3-1-1,1,Disgust,Incorrect,NoseWrinklerR,15,,,,,
1700479240547-2-1-3-1-1,1,Disgust,Incorrect,BrowLowererL,15,,,,,0.8556541711215476
1700479274174-2-1-3-18-1,1,Disgust,Incorrect,NoseWrinklerL,27,7.0,-20.0,False,False,0.4138201681543711
1700479274174-2-1-3-18-1,1,Disgust,Incorrect,NoseWrinklerR,27,17.0,-10.0,False,False,0.08352920973722484
1700479274174-2-1-3-18-1,1,Disgust,Incorrect,BrowLowererL,27,10.0,-17.0,False,False,-0.022506472285956283
1700479411435-2-1-4-0-1,1,Disgust,Incorrect,NoseWrinklerL,8,,,,,
1700479411435-2-1-4-0-1,1,Disgust,Incorrect,NoseWrinklerR,8,,,,,0.8253831775409854
1700479411435-2-1-4-0-1,1,Disgust,Incorrect,BrowLowererL,8,,,,,0.7869323201469183
1700479432977-2-1-4-12-1,1,Disgust,Incorrect,NoseWrinklerL,23,,,,,0.22538877152395784
1700479432977-2-1-4-12-1,1,Disgust,Incorrect,NoseWrinklerR,23,,,,,0.21232308971866037
1700479432977-2-1-4-12-1,1,Disgust,Incorrect,BrowLowererL,23,,,,,0.16903043666616532
1700479438658-2-1-4-15-1,1,Disgust,Incorrect,NoseWrinklerL,20,25.0,5.0,False,False,0.46130618873716156
1700479438658-2-1-4-15-1,1,Disgust,Incorrect,NoseWrinklerR,20,20.0,0.0,True,True,0.5648883925658957
1700479438658-2-1-4-15-1,1,Disgust,Incorrect,BrowLowererL,20,18.0,-2.0,False,True,0.3394179604842393
1700479457287-2-1-4-26-1,1,Disgust,Incorrect,NoseWrinklerL,25,26.0,1.0,True,True,0.3461134326907127
1700479457287-2-1-4-26-1,1,Disgust,Incorrect,NoseWrinklerR,25,26.0,1.0,True,True,0.35013998193517887
1700479457287-2-1-4-26-1,1,Disgust,Incorrect,BrowLowererL,25,26.0,1.0,True,True,0.4173204161973417
1700567787758-2-8-2-1-1,8,Disgust,Correct,NoseWrinklerL,3,3.0,0.0,True,True,0.6254864103443586
1700567787758-2-8-2-1-1,8,Disgust,Correct,NoseWrinklerR,3,3.0,0.0,True,True,0.5931650155361612
1700567787758-2-8-2-1-1,8,Disgust,Correct,BrowLowererL,3,3.0,0.0,True,True,0.849593050221659
1700567795123-2-8-2-4-1,8,Disgust,Correct,NoseWrinklerL,10,8.0,-2.0,False,True,0.25802300884447904
1700567795123-2-8-2-4-1,8,Disgust,Correct,NoseWrinklerR,10,7.0,-3.0,False,False,0.22703824170139333
1700567795123-2-8-2-4-1,8,Disgust,Correct,BrowLowererL,10,8.0,-2.0,False,True,0.5349334887676119
1700567903352-2-8-3-1-1,8,Disgust,Correct,NoseWrinklerL,15,9.0,-6.0,False,False,-0.07061111903845257
1700567903352-2-8-3-1-1,8,Disgust,Correct,NoseWrinklerR,15,7.0,-8.0,False,False,-0.1192951371208608
1700567903352-2-8-3-1-1,8,Disgust,Correct,BrowLowererL,15,10.0,-5.0,False,False,-0.11621379721053633
1700567920333-2-8-3-9-1,8,Disgust,Correct,NoseWrinklerL,23,17.0,-6.0,False,False,-0.16883214956278084
1700567920333-2-8-3-9-1,8,Disgust,Correct,NoseWrinklerR,23,17.0,-6.0,False,False,-0.17452051317333897
1700567920333-2-8-3-9-1,8,Disgust,Correct,BrowLowererL,23,17.0,-6.0,False,False,-0.11532051192306171
1700567938373-2-8-3-18-1,8,Disgust,Correct,NoseWrinklerL,7,6.0,-1.0,True,True,0.43415026425418035
1700567938373-2-8-3-18-1,8,Disgust,Correct,NoseWrinklerR,7,6.0,-1.0,True,True,0.4157000205341697
1700567938373-2-8-3-18-1,8,Disgust,Correct,BrowLowererL,7,6.0,-1.0,True,True,0.7333576353944625
1700568075798-2-8-4-0-1,8,Disgust,Correct,NoseWrinklerL,5,5.0,0.0,True,True,0.7064300494209962
1700568075798-2-8-4-0-1,8,Disgust,Correct,NoseWrinklerR,5,6.0,1.0,True,True,0.6743707402000363
1700568075798-2-8-4-0-1,8,Disgust,Correct,BrowLowererL,5,12.0,7.0,False,False,0.050004821890047034
1700568096451-2-8-4-12-1,8,Disgust,Correct,NoseWrinklerL,22,19.0,-3.0,False,False,0.37768394484191803
1700568096451-2-8-4-12-1,8,Disgust,Correct,NoseWrinklerR,22,19.0,-3.0,False,False,0.3036848023753269
1700568096451-2-8-4-12-1,8,Disgust,Correct,BrowLowererL,22,20.0,-2.0,False,True,0.6308197595603833
1700568102387-2-8-4-15-1,8,Disgust,Correct,NoseWrinklerL,18,16.0,-2.0,False,True,0.18532529313261573
1700568102387-2-8-4-15-1,8,Disgust,Correct,NoseWrinklerR,18,16.0,-2.0,False,True,0.058866442880643605
1700568102387-2-8-4-15-1,8,Disgust,Correct,BrowLowererL,18,17.0,-1.0,True,True,0.6592248342774315
1700568121727-2-8-4-26-1,8,Disgust,Correct,NoseWrinklerL,15,13.0,-2.0,False,True,0.24190915614613717
1700568121727-2-8-4-26-1,8,Disgust,Correct,NoseWrinklerR,15,13.0,-2.0,False,True,0.21076819829496554
1700568121727-2-8-4-26-1,8,Disgust,Correct,BrowLowererL,15,15.0,0.0,True,True,0.7042320633283926
1700577733309-2-10-2-1-1,10,Disgust,Incorrect,NoseWrinklerL,30,28.0,-2.0,False,True,0.31408544115014736
1700577733309-2-10-2-1-1,10,Disgust,Incorrect,NoseWrinklerR,30,28.0,-2.0,False,True,0.31494704404142526
1700577733309-2-10-2-1-1,10,Disgust,Incorrect,BrowLowererL,30,28.0,-2.0,False,True,0.4161506525989076
1700577740656-2-10-2-4-1,10,Disgust,Correct,NoseWrinklerL,30,18.0,-12.0,False,False,-0.12288505748465675
1700577740656-2-10-2-4-1,10,Disgust,Correct,NoseWrinklerR,30,18.0,-12.0,False,False,-0.13144785664502395
1700577740656-2-10-2-4-1,10,Disgust,Correct,BrowLowererL,30,17.0,-13.0,False,False,-0.0799095851189211
1700577744274-2-10-2-5-1,10,Disgust,Incorrect,NoseWrinklerL,30,22.0,-8.0,False,False,-0.03362325050639521
1700577744274-2-10-2-5-1,10,Disgust,Incorrect,NoseWrinklerR,30,20.0,-10.0,False,False,-0.03668793969561774
1700577744274-2-10-2-5-1,10,Disgust,Incorrect,BrowLowererL,30,15.0,-15.0,False,False,0.03282071574360595
1700577841033-2-10-3-1-1,10,Disgust,Incorrect,NoseWrinklerL,20,20.0,0.0,True,True,0.1238261343585324
1700577841033-2-10-3-1-1,10,Disgust,Incorrect,NoseWrinklerR,20,20.0,0.0,True,True,0.1230791487060862
1700577841033-2-10-3-1-1,10,Disgust,Incorrect,BrowLowererL,20,20.0,0.0,True,True,0.07173288137460174
1700577857687-2-10-3-9-1,10,Disgust,Incorrect,NoseWrinklerL,30,28.0,-2.0,False,True,-0.1800770069272975
1700577857687-2-10-3-9-1,10,Disgust,Incorrect,NoseWrinklerR,30,28.0,-2.0,False,True,-0.19061517096225136
1700577857687-2-10-3-9-1,10,Disgust,Incorrect,BrowLowererL,30,28.0,-2.0,False,True,0.057109066595700204
1700578007024-2-10-4-0-1,10,Disgust,Incorrect,NoseWrinklerL,24,5.0,-19.0,False,False,-0.0419709298452912
1700578007024-2-10-4-0-1,10,Disgust,Incorrect,NoseWrinklerR,24,16.0,-8.0,False,False,-0.05683475385969866
1700578007024-2-10-4-0-1,10,Disgust,Incorrect,BrowLowererL,24,2.0,-22.0,False,False,-0.35997616559741813
1700578027679-2-10-4-12-1,10,Disgust,Correct,NoseWrinklerL,28,27.0,-1.0,True,True,0.26388070675541314
1700578027679-2-10-4-12-1,10,Disgust,Correct,NoseWrinklerR,28,27.0,-1.0,True,True,0.28040737226623275
1700578027679-2-10-4-12-1,10,Disgust,Correct,BrowLowererL,28,25.0,-3.0,False,False,-0.05120901509817821
1700578052853-2-10-4-26-1,10,Disgust,Correct,NoseWrinklerL,9,9.0,0.0,True,True,0.3108828253930216
1700578052853-2-10-4-26-1,10,Disgust,Correct,NoseWrinklerR,9,8.0,-1.0,True,True,0.355144286379039
1700578052853-2-10-4-26-1,10,Disgust,Correct,BrowLowererL,9,7.0,-2.0,False,True,-0.049156523556969846
1700583893370-2-13-2-4-1,13,Disgust,Correct,NoseWrinklerL,18,16.0,-2.0,False,True,0.17990970122320582
1700583893370-2-13-2-4-1,13,Disgust,Correct,NoseWrinklerR,18,11.0,-7.0,False,False,0.170185034299881
1700583893370-2-13-2-4-1,13,Disgust,Correct,BrowLowererL,18,7.0,-11.0,False,False,0.11456456102341618
1700584001197-2-13-3-1-1,13,Disgust,Incorrect,NoseWrinklerL,12,8.0,-4.0,False,False,0.45334808101564084
1700584001197-2-13-3-1-1,13,Disgust,Incorrect,NoseWrinklerR,12,8.0,-4.0,False,False,0.4769037150300251
1700584001197-2-13-3-1-1,13,Disgust,Incorrect,BrowLowererL,12,13.0,1.0,True,True,0.7607890357837012
1700584035954-2-13-3-18-1,13,Disgust,Correct,NoseWrinklerL,21,17.0,-4.0,False,False,-0.15069502495716713
1700584035954-2-13-3-18-1,13,Disgust,Correct,NoseWrinklerR,21,17.0,-4.0,False,False,-0.18149179179872163
1700584035954-2-13-3-18-1,13,Disgust,Correct,BrowLowererL,21,17.0,-4.0,False,False,-0.05909320890462541
1700584201525-2-13-4-0-1,13,Disgust,Correct,NoseWrinklerL,2,7.0,5.0,False,False,-0.3115573270444715
1700584201525-2-13-4-0-1,13,Disgust,Correct,NoseWrinklerR,2,7.0,5.0,False,False,-0.2760778086226076
1700584201525-2-13-4-0-1,13,Disgust,Correct,BrowLowererL,2,2.0,0.0,True,True,0.35177067324067346
1700584223413-2-13-4-12-1,13,Disgust,Correct,NoseWrinklerL,3,2.0,-1.0,True,True,0.38976241859764144
1700584223413-2-13-4-12-1,13,Disgust,Correct,NoseWrinklerR,3,2.0,-1.0,True,True,0.39817944508204023
1700584223413-2-13-4-12-1,13,Disgust,Correct,BrowLowererL,3,9.0,6.0,False,False,0.07104081423736912
1700747230387-2-15-2-1-1,15,Disgust,Incorrect,NoseWrinklerL,20,23.0,3.0,False,False,-0.06400410877351558
1700747230387-2-15-2-1-1,15,Disgust,Incorrect,NoseWrinklerR,20,23.0,3.0,False,False,-0.04242828099864574
1700747230387-2-15-2-1-1,15,Disgust,Incorrect,BrowLowererL,20,19.0,-1.0,True,True,0.1899309806261494
1700747237919-2-15-2-4-1,15,Disgust,Correct,NoseWrinklerL,28,27.0,-1.0,True,True,-0.22392234875743472
1700747237919-2-15-2-4-1,15,Disgust,Correct,NoseWrinklerR,28,27.0,-1.0,True,True,-0.2524022018988262
1700747237919-2-15-2-4-1,15,Disgust,Correct,BrowLowererL,28,27.0,-1.0,True,True,0.08980671240188463
1700747240521-2-15-2-5-1,15,Disgust,Incorrect,NoseWrinklerL,28,28.0,0.0,True,True,0.3523721345345037
1700747240521-2-15-2-5-1,15,Disgust,Incorrect,NoseWrinklerR,28,30.0,2.0,False,True,-0.2396192445031598
1700747240521-2-15-2-5-1,15,Disgust,Incorrect,BrowLowererL,28,30.0,2.0,False,True,-0.3862008269602182
1700747349332-2-15-3-1-1,15,Disgust,Incorrect,NoseWrinklerL,29,,,,,-0.04461157505013089
1700747349332-2-15-3-1-1,15,Disgust,Incorrect,NoseWrinklerR,29,,,,,0.5884362921792317
1700747349332-2-15-3-1-1,15,Disgust,Incorrect,BrowLowererL,29,28.0,-1.0,True,True,-0.11700707661040147
1700747382885-2-15-3-18-1,15,Disgust,Incorrect,NoseWrinklerL,23,27.0,4.0,False,False,-0.1915178041218665
1700747382885-2-15-3-18-1,15,Disgust,Incorrect,NoseWrinklerR,23,27.0,4.0,False,False,-0.05312281785746229
1700747382885-2-15-3-18-1,15,Disgust,Incorrect,BrowLowererL,23,6.0,-17.0,False,False,-0.06626580702152135
1700747534547-2-15-4-12-1,15,Disgust,Incorrect,NoseWrinklerL,10,5.0,-5.0,False,False,-0.07491583997316342
1700747534547-2-15-4-12-1,15,Disgust,Incorrect,NoseWrinklerR,10,9.0,-1.0,True,True,-0.08341131168362888
1700747534547-2-15-4-12-1,15,Disgust,Incorrect,BrowLowererL,10,6.0,-4.0,False,False,-0.13675320901793997
1700747558772-2-15-4-26-1,15,Disgust,Correct,NoseWrinklerL,21,19.0,-2.0,False,True,0.18581536066891385
1700747558772-2-15-4-26-1,15,Disgust,Correct,NoseWrinklerR,21,20.0,-1.0,True,True,0.18627334662781234
1700747558772-2-15-4-26-1,15,Disgust,Correct,BrowLowererL,21,19.0,-2.0,False,True,0.18690919550821533
1700756363513-2-18-2-1-1,18,Disgust,Correct,NoseWrinklerL,25,24.0,-1.0,True,True,0.4895758856630541
1700756363513-2-18-2-1-1,18,Disgust,Correct,NoseWrinklerR,25,24.0,-1.0,True,True,0.477964301667737
1700756363513-2-18-2-1-1,18,Disgust,Correct,BrowLowererL,25,29.0,4.0,False,False,-0.07687666014969091
1700756370115-2-18-2-4-1,18,Disgust,Correct,NoseWrinklerL,21,20.0,-1.0,True,True,0.47228009203301446
1700756370115-2-18-2-4-1,18,Disgust,Correct,NoseWrinklerR,21,20.0,-1.0,True,True,0.405503514934102
1700756370115-2-18-2-4-1,18,Disgust,Correct,BrowLowererL,21,20.0,-1.0,True,True,0.6673656586175146
1700756373040-2-18-2-5-1,18,Disgust,Correct,NoseWrinklerL,8,8.0,0.0,True,True,0.7670925729325154
1700756373040-2-18-2-5-1,18,Disgust,Correct,NoseWrinklerR,8,8.0,0.0,True,True,0.7555660345261743
1700756373040-2-18-2-5-1,18,Disgust,Correct,BrowLowererL,8,8.0,0.0,True,True,0.7055955182401094
1700756725541-2-18-4-12-1,18,Disgust,Correct,NoseWrinklerL,14,26.0,12.0,False,False,-0.18219623164714174
1700756725541-2-18-4-12-1,18,Disgust,Correct,NoseWrinklerR,14,26.0,12.0,False,False,-0.24730571970913137
1700756725541-2-18-4-12-1,18,Disgust,Correct,BrowLowererL,14,8.0,-6.0,False,False,-0.4007042479783749
1700756730921-2-18-4-15-1,18,Disgust,Incorrect,NoseWrinklerL,30,27.0,-3.0,False,False,0.47581757347808185
1700756730921-2-18-4-15-1,18,Disgust,Incorrect,NoseWrinklerR,30,27.0,-3.0,False,False,0.5372130762136471
1700756730921-2-18-4-15-1,18,Disgust,Incorrect,BrowLowererL,30,7.0,-23.0,False,False,-0.11444603352349611
1701085495679-2-23-2-5-1,23,Disgust,Incorrect,NoseWrinklerL,26,28.0,2.0,False,True,-0.06741560073541414
1701085495679-2-23-2-5-1,23,Disgust,Incorrect,NoseWrinklerR,26,28.0,2.0,False,True,-0.08698234578621625
1701085495679-2-23-2-5-1,23,Disgust,Incorrect,BrowLowererL,26,20.0,-6.0,False,False,0.1317910577838096
1701085605407-2-23-3-1-1,23,Disgust,Correct,NoseWrinklerL,23,26.0,3.0,False,False,0.48304197446127245
1701085605407-2-23-3-1-1,23,Disgust,Correct,NoseWrinklerR,23,27.0,4.0,False,False,0.4067687166527596
1701085605407-2-23-3-1-1,23,Disgust,Correct,BrowLowererL,23,27.0,4.0,False,False,-0.1406316890456018
1701085621175-2-23-3-9-1,23,Disgust,Correct,NoseWrinklerL,23,18.0,-5.0,False,False,0.5053838917618385
1701085621175-2-23-3-9-1,23,Disgust,Correct,NoseWrinklerR,23,18.0,-5.0,False,False,0.5327345529619433
1701085621175-2-23-3-9-1,23,Disgust,Correct,BrowLowererL,23,24.0,1.0,True,True,0.4367596408409864
1701085639668-2-23-3-18-1,23,Disgust,Correct,NoseWrinklerL,3,11.0,8.0,False,False,-0.12263104253975729
1701085639668-2-23-3-18-1,23,Disgust,Correct,NoseWrinklerR,3,10.0,7.0,False,False,-0.1538080961820365
1701085639668-2-23-3-18-1,23,Disgust,Correct,BrowLowererL,3,7.0,4.0,False,False,0.663487192024561
1701085783312-2-23-4-0-1,23,Disgust,Correct,NoseWrinklerL,6,10.0,4.0,False,False,0.39658123161693604
1701085783312-2-23-4-0-1,23,Disgust,Correct,NoseWrinklerR,6,10.0,4.0,False,False,0.41254431174473316
1701085783312-2-23-4-0-1,23,Disgust,Correct,BrowLowererL,6,10.0,4.0,False,False,0.3371847903678417
1701085804610-2-23-4-12-1,23,Disgust,Correct,NoseWrinklerL,7,8.0,1.0,True,True,0.4182307734325323
1701085804610-2-23-4-12-1,23,Disgust,Correct,NoseWrinklerR,7,8.0,1.0,True,True,0.39278560431320336
1701085804610-2-23-4-12-1,23,Disgust,Correct,BrowLowererL,7,12.0,5.0,False,False,0.11735483812867419
1701085809428-2-23-4-15-1,23,Disgust,Correct,NoseWrinklerL,25,26.0,1.0,True,True,0.6193129484722796
1701085809428-2-23-4-15-1,23,Disgust,Correct,NoseWrinklerR,25,26.0,1.0,True,True,0.6297578477153254
1701085809428-2-23-4-15-1,23,Disgust,Correct,BrowLowererL,25,28.0,3.0,False,False,-0.0146505229086952
1701085829241-2-23-4-26-1,23,Disgust,Incorrect,NoseWrinklerL,20,11.0,-9.0,False,False,0.0009839598723217402
1701085829241-2-23-4-26-1,23,Disgust,Incorrect,NoseWrinklerR,20,11.0,-9.0,False,False,-0.006242493545075822
1701085829241-2-23-4-26-1,23,Disgust,Incorrect,BrowLowererL,20,18.0,-2.0,False,True,-0.10783790723053
1701094669809-2-27-3-9-1,27,Disgust,Incorrect,NoseWrinklerL,20,19.0,-1.0,True,True,0.22023300363204387
1701094669809-2-27-3-9-1,27,Disgust,Incorrect,NoseWrinklerR,20,19.0,-1.0,True,True,0.20900571306051402
1701094669809-2-27-3-9-1,27,Disgust,Incorrect,BrowLowererL,20,19.0,-1.0,True,True,0.36768379318497385
1701094688507-2-27-3-18-1,27,Disgust,Correct,NoseWrinklerL,2,29.0,27.0,False,False,0.36250286321040925
1701094688507-2-27-3-18-1,27,Disgust,Correct,NoseWrinklerR,2,29.0,27.0,False,False,0.3710091513799046
1701094688507-2-27-3-18-1,27,Disgust,Correct,BrowLowererL,2,29.0,27.0,False,False,0.5460887750146937
1701094865205-2-27-4-26-1,27,Disgust,Correct,NoseWrinklerL,14,13.0,-1.0,True,True,0.2884684369749771
1701094865205-2-27-4-26-1,27,Disgust,Correct,NoseWrinklerR,14,13.0,-1.0,True,True,0.2792733903095821
1701094865205-2-27-4-26-1,27,Disgust,Correct,BrowLowererL,14,16.0,2.0,False,True,0.3862704538453626
1700479111705-2-1-2-3-2,1,Fear,Correct,OuterBrowRaiserR,2,9.0,7.0,False,False,0.033665436767035886
1700479111705-2-1-2-3-2,1,Fear,Correct,UpperLidRaiserR,2,,,,,
1700479111705-2-1-2-3-2,1,Fear,Correct,OuterBrowRaiserL,2,9.0,7.0,False,False,-0.12999036299661346
1700479119890-2-1-2-6-2,1,Fear,Correct,OuterBrowRaiserR,17,3.0,-14.0,False,False,-0.07593857254331254
1700479119890-2-1-2-6-2,1,Fear,Correct,UpperLidRaiserR,17,,,,,
1700479119890-2-1-2-6-2,1,Fear,Correct,OuterBrowRaiserL,17,25.0,8.0,False,False,-0.1375181660622754
1700479129747-2-1-2-10-2,1,Fear,Correct,OuterBrowRaiserR,28,15.0,-13.0,False,False,0.1231246111755598
1700479129747-2-1-2-10-2,1,Fear,Correct,UpperLidRaiserR,28,,,,,0.6218873419130001
1700479129747-2-1-2-10-2,1,Fear,Correct,OuterBrowRaiserL,28,2.0,-26.0,False,False,-0.1066760918011313
1700479248151-2-1-3-5-2,1,Fear,Correct,OuterBrowRaiserR,8,10.0,2.0,False,True,0.5343309128594005
1700479248151-2-1-3-5-2,1,Fear,Correct,UpperLidRaiserR,8,,,,,
1700479248151-2-1-3-5-2,1,Fear,Correct,OuterBrowRaiserL,8,,,,,-0.38667184337895544
1700479278671-2-1-3-20-2,1,Fear,Correct,OuterBrowRaiserR,2,24.0,22.0,False,False,0.3187143063680636
1700479278671-2-1-3-20-2,1,Fear,Correct,UpperLidRaiserR,2,,,,,
1700479278671-2-1-3-20-2,1,Fear,Correct,OuterBrowRaiserL,2,11.0,9.0,False,False,0.21855514093694625
1700479427742-2-1-4-9-2,1,Fear,Correct,OuterBrowRaiserR,17,21.0,4.0,False,False,0.31268311014200273
1700479427742-2-1-4-9-2,1,Fear,Correct,UpperLidRaiserR,17,,,,,
1700479427742-2-1-4-9-2,1,Fear,Correct,OuterBrowRaiserL,17,23.0,6.0,False,False,0.07459326078602438
1700479452800-2-1-4-23-2,1,Fear,Correct,OuterBrowRaiserR,16,3.0,-13.0,False,False,-0.14994022517710706
1700479452800-2-1-4-23-2,1,Fear,Correct,UpperLidRaiserR,16,,,,,
1700479452800-2-1-4-23-2,1,Fear,Correct,OuterBrowRaiserL,16,3.0,-13.0,False,False,-0.23347586214501562
1700567792669-2-8-2-3-2,8,Fear,Correct,OuterBrowRaiserR,2,20.0,18.0,False,False,-0.332575919687821
1700567792669-2-8-2-3-2,8,Fear,Correct,UpperLidRaiserR,2,10.0,8.0,False,False,0.15382743395631895
1700567792669-2-8-2-3-2,8,Fear,Correct,OuterBrowRaiserL,2,21.0,19.0,False,False,-0.3429273358995892
1700567799982-2-8-2-6-2,8,Fear,Correct,OuterBrowRaiserR,3,17.0,14.0,False,False,-0.29893689304357873
1700567799982-2-8-2-6-2,8,Fear,Correct,UpperLidRaiserR,3,10.0,7.0,False,False,-0.021237975940342376
1700567799982-2-8-2-6-2,8,Fear,Correct,OuterBrowRaiserL,3,17.0,14.0,False,False,-0.3202549027615122
1700567809324-2-8-2-10-2,8,Fear,Correct,OuterBrowRaiserR,2,29.0,27.0,False,False,-0.5367497524929247
1700567809324-2-8-2-10-2,8,Fear,Correct,UpperLidRaiserR,2,27.0,25.0,False,False,-0.36332083519261893
1700567809324-2-8-2-10-2,8,Fear,Correct,OuterBrowRaiserL,2,28.0,26.0,False,False,-0.5119231878109634
1700567911689-2-8-3-5-2,8,Fear,Correct,OuterBrowRaiserR,8,9.0,1.0,True,True,0.41537578084577376
1700567911689-2-8-3-5-2,8,Fear,Correct,UpperLidRaiserR,8,8.0,0.0,True,True,0.6195539871165427
1700567911689-2-8-3-5-2,8,Fear,Correct,OuterBrowRaiserL,8,9.0,1.0,True,True,0.3533439567315309
1700567934618-2-8-3-16-2,8,Fear,Correct,OuterBrowRaiserR,2,5.0,3.0,False,False,0.1378071912166972
1700567934618-2-8-3-16-2,8,Fear,Correct,UpperLidRaiserR,2,19.0,17.0,False,False,-0.20034364415951897
1700567934618-2-8-3-16-2,8,Fear,Correct,OuterBrowRaiserL,2,5.0,3.0,False,False,0.04806545446653895
1700567942412-2-8-3-20-2,8,Fear,Correct,OuterBrowRaiserR,4,8.0,4.0,False,False,0.20979320700800905
1700567942412-2-8-3-20-2,8,Fear,Correct,UpperLidRaiserR,4,4.0,0.0,True,True,0.8285850137531502
1700567942412-2-8-3-20-2,8,Fear,Correct,OuterBrowRaiserL,4,8.0,4.0,False,False,0.19394289328730654
1700568090919-2-8-4-9-2,8,Fear,Correct,OuterBrowRaiserR,11,14.0,3.0,False,False,-0.25422996138932474
1700568090919-2-8-4-9-2,8,Fear,Correct,UpperLidRaiserR,11,11.0,0.0,True,True,0.7814118263814167
1700568090919-2-8-4-9-2,8,Fear,Correct,OuterBrowRaiserL,11,14.0,3.0,False,False,-0.26096220990206026
1700568103657-2-8-4-16-2,8,Fear,Correct,OuterBrowRaiserR,17,21.0,4.0,False,False,-0.49623028930737173
1700568103657-2-8-4-16-2,8,Fear,Correct,UpperLidRaiserR,17,17.0,0.0,True,True,0.4375488066262222
1700568103657-2-8-4-16-2,8,Fear,Correct,OuterBrowRaiserL,17,21.0,4.0,False,False,-0.5164212543707546
1700568116382-2-8-4-23-2,8,Fear,Correct,OuterBrowRaiserR,4,5.0,1.0,True,True,0.5676941303093767
1700568116382-2-8-4-23-2,8,Fear,Correct,UpperLidRaiserR,4,4.0,0.0,True,True,0.7714775821604153
1700568116382-2-8-4-23-2,8,Fear,Correct,OuterBrowRaiserL,4,5.0,1.0,True,True,0.4417259981212668
1700568119916-2-8-4-25-2,8,Fear,Correct,OuterBrowRaiserR,7,7.0,0.0,True,True,0.22831746553669674
1700568119916-2-8-4-25-2,8,Fear,Correct,UpperLidRaiserR,7,7.0,0.0,True,True,0.8201926761368535
1700568119916-2-8-4-25-2,8,Fear,Correct,OuterBrowRaiserL,7,12.0,5.0,False,False,0.1902560537219682
1700577738960-2-10-2-3-2,10,Fear,Correct,OuterBrowRaiserR,12,12.0,0.0,True,True,0.3997688114872363
1700577738960-2-10-2-3-2,10,Fear,Correct,UpperLidRaiserR,12,9.0,-3.0,False,False,0.18440723754103167
1700577738960-2-10-2-3-2,10,Fear,Correct,OuterBrowRaiserL,12,11.0,-1.0,True,True,0.41137950516609995
1700577756759-2-10-2-10-2,10,Fear,Correct,OuterBrowRaiserR,7,6.0,-1.0,True,True,0.46640824410885817
1700577756759-2-10-2-10-2,10,Fear,Correct,UpperLidRaiserR,7,2.0,-5.0,False,False,-0.12870340940543049
1700577756759-2-10-2-10-2,10,Fear,Correct,OuterBrowRaiserL,7,6.0,-1.0,True,True,0.45998686809560735
1700577849695-2-10-3-5-2,10,Fear,Incorrect,OuterBrowRaiserR,26,12.0,-14.0,False,False,0.2139202730431446
1700577849695-2-10-3-5-2,10,Fear,Incorrect,UpperLidRaiserR,26,12.0,-14.0,False,False,-0.10847638332176511
1700577849695-2-10-3-5-2,10,Fear,Incorrect,OuterBrowRaiserL,26,16.0,-10.0,False,False,0.20496659890064645
1700577880261-2-10-3-20-2,10,Fear,Correct,OuterBrowRaiserR,16,22.0,6.0,False,False,0.22294486810641043
1700577880261-2-10-3-20-2,10,Fear,Correct,UpperLidRaiserR,16,14.0,-2.0,False,True,-0.3529578415716977
1700577880261-2-10-3-20-2,10,Fear,Correct,OuterBrowRaiserL,16,22.0,6.0,False,False,0.252773312359789
1700578022517-2-10-4-9-2,10,Fear,Correct,OuterBrowRaiserR,24,25.0,1.0,True,True,0.3396552447851713
1700578022517-2-10-4-9-2,10,Fear,Correct,UpperLidRaiserR,24,24.0,0.0,True,True,0.3133135636176286
1700578022517-2-10-4-9-2,10,Fear,Correct,OuterBrowRaiserL,24,25.0,1.0,True,True,0.13973487539568097
1700578035450-2-10-4-16-2,10,Fear,Correct,OuterBrowRaiserR,6,4.0,-2.0,False,True,0.34597201361259405
1700578035450-2-10-4-16-2,10,Fear,Correct,UpperLidRaiserR,6,30.0,24.0,False,False,-0.05168419305825655
1700578035450-2-10-4-16-2,10,Fear,Correct,OuterBrowRaiserL,6,4.0,-2.0,False,True,0.40252420391456334
1700578047686-2-10-4-23-2,10,Fear,Incorrect,OuterBrowRaiserR,18,13.0,-5.0,False,False,-0.22807646920189617
1700578047686-2-10-4-23-2,10,Fear,Incorrect,UpperLidRaiserR,18,21.0,3.0,False,False,0.2412813381584187
1700578047686-2-10-4-23-2,10,Fear,Incorrect,OuterBrowRaiserL,18,13.0,-5.0,False,False,-0.17847239998299383
1700578050680-2-10-4-25-2,10,Fear,Correct,OuterBrowRaiserR,26,28.0,2.0,False,True,0.4006219930479483
1700578050680-2-10-4-25-2,10,Fear,Correct,UpperLidRaiserR,26,18.0,-8.0,False,False,-0.07122963208588146
1700578050680-2-10-4-25-2,10,Fear,Correct,OuterBrowRaiserL,26,28.0,2.0,False,True,0.48252176771931204
1700583891213-2-13-2-3-2,13,Fear,Correct,OuterBrowRaiserR,19,5.0,-14.0,False,False,-0.19032307906949966
1700583891213-2-13-2-3-2,13,Fear,Correct,UpperLidRaiserR,19,2.0,-17.0,False,False,-0.040539930141752355
1700583891213-2-13-2-3-2,13,Fear,Correct,OuterBrowRaiserL,19,5.0,-14.0,False,False,-0.2567970431621349
1700583897868-2-13-2-6-2,13,Fear,Correct,OuterBrowRaiserR,27,23.0,-4.0,False,False,0.1666969039557728
1700583897868-2-13-2-6-2,13,Fear,Correct,UpperLidRaiserR,27,23.0,-4.0,False,False,-0.05689898720195015
1700583897868-2-13-2-6-2,13,Fear,Correct,OuterBrowRaiserL,27,23.0,-4.0,False,False,0.4348429005238735
1700584009992-2-13-3-5-2,13,Fear,Correct,OuterBrowRaiserR,15,14.0,-1.0,True,True,0.5688489473229823
1700584009992-2-13-3-5-2,13,Fear,Correct,UpperLidRaiserR,15,11.0,-4.0,False,False,-0.020622731337123022
1700584009992-2-13-3-5-2,13,Fear,Correct,OuterBrowRaiserL,15,14.0,-1.0,True,True,0.6690349675469337
1700584032421-2-13-3-16-2,13,Fear,Correct,OuterBrowRaiserR,10,12.0,2.0,False,True,0.25772711545045535
1700584032421-2-13-3-16-2,13,Fear,Correct,UpperLidRaiserR,10,9.0,-1.0,True,True,0.581878378521244
1700584032421-2-13-3-16-2,13,Fear,Correct,OuterBrowRaiserL,10,12.0,2.0,False,True,0.09432884046593251
1700584217663-2-13-4-9-2,13,Fear,Correct,OuterBrowRaiserR,23,23.0,0.0,True,True,0.7328110198790463
1700584217663-2-13-4-9-2,13,Fear,Correct,UpperLidRaiserR,23,22.0,-1.0,True,True,0.22358902794456104
1700584217663-2-13-4-9-2,13,Fear,Correct,OuterBrowRaiserL,23,23.0,0.0,True,True,0.6115906476679291
1700584242638-2-13-4-23-2,13,Fear,Correct,OuterBrowRaiserR,2,15.0,13.0,False,False,0.11361364272079534
1700584242638-2-13-4-23-2,13,Fear,Correct,UpperLidRaiserR,2,12.0,10.0,False,False,0.04184463085696012
1700584242638-2-13-4-23-2,13,Fear,Correct,OuterBrowRaiserL,2,15.0,13.0,False,False,-0.008685112038608441
1700747235785-2-15-2-3-2,15,Fear,Incorrect,OuterBrowRaiserR,27,30.0,3.0,False,False,-0.41176247220897655
1700747235785-2-15-2-3-2,15,Fear,Incorrect,UpperLidRaiserR,27,28.0,1.0,True,True,0.01111059291675151
1700747235785-2-15-2-3-2,15,Fear,Incorrect,OuterBrowRaiserL,27,28.0,1.0,True,True,-0.030157073045848515
1700747244029-2-15-2-6-2,15,Fear,Incorrect,OuterBrowRaiserR,6,6.0,0.0,True,True,0.7269090840165848
1700747244029-2-15-2-6-2,15,Fear,Incorrect,UpperLidRaiserR,6,13.0,7.0,False,False,0.04466075696724593
1700747244029-2-15-2-6-2,15,Fear,Incorrect,OuterBrowRaiserL,6,6.0,0.0,True,True,0.6775683750132583
1700747253760-2-15-2-10-2,15,Fear,Incorrect,OuterBrowRaiserR,14,7.0,-7.0,False,False,-0.34753132136892323
1700747253760-2-15-2-10-2,15,Fear,Incorrect,UpperLidRaiserR,14,4.0,-10.0,False,False,-0.1531627419529485
1700747253760-2-15-2-10-2,15,Fear,Incorrect,OuterBrowRaiserL,14,7.0,-7.0,False,False,-0.15949667886132546
1700747378458-2-15-3-16-2,15,Fear,Incorrect,OuterBrowRaiserR,2,24.0,22.0,False,False,0.21426448615366783
1700747378458-2-15-3-16-2,15,Fear,Incorrect,UpperLidRaiserR,2,24.0,22.0,False,False,0.17774928050025798
1700747378458-2-15-3-16-2,15,Fear,Incorrect,OuterBrowRaiserL,2,24.0,22.0,False,False,0.29755388351485024
1700747386351-2-15-3-20-2,15,Fear,Incorrect,OuterBrowRaiserR,2,15.0,13.0,False,False,0.20458800648518663
1700747386351-2-15-3-20-2,15,Fear,Incorrect,UpperLidRaiserR,2,7.0,5.0,False,False,0.14271644280923063
1700747386351-2-15-3-20-2,15,Fear,Incorrect,OuterBrowRaiserL,2,28.0,26.0,False,False,0.07935900151638182
1700747528937-2-15-4-9-2,15,Fear,Incorrect,OuterBrowRaiserR,2,,,,,-0.3880619800618871
1700747528937-2-15-4-9-2,15,Fear,Incorrect,UpperLidRaiserR,2,5.0,3.0,False,False,-0.04158586667046022
1700747528937-2-15-4-9-2,15,Fear,Incorrect,OuterBrowRaiserL,2,,,,,-0.4796358925972968
1700747556782-2-15-4-25-2,15,Fear,Incorrect,OuterBrowRaiserR,4,7.0,3.0,False,False,0.04700631859964107
1700747556782-2-15-4-25-2,15,Fear,Incorrect,UpperLidRaiserR,4,,,,,-0.5791763690211874
1700747556782-2-15-4-25-2,15,Fear,Incorrect,OuterBrowRaiserL,4,30.0,26.0,False,False,0.00935878163598727
1700756720027-2-18-4-9-2,18,Fear,Correct,OuterBrowRaiserR,16,16.0,0.0,True,True,0.8541135291838593
1700756720027-2-18-4-9-2,18,Fear,Correct,UpperLidRaiserR,16,19.0,3.0,False,False,0.20572846780909126
1700756720027-2-18-4-9-2,18,Fear,Correct,OuterBrowRaiserL,16,16.0,0.0,True,True,0.8318693301129384
1701085490489-2-23-2-3-2,23,Fear,Incorrect,OuterBrowRaiserR,16,24.0,8.0,False,False,0.1717391633971448
1701085490489-2-23-2-3-2,23,Fear,Incorrect,UpperLidRaiserR,16,24.0,8.0,False,False,0.07400777132204468
1701085490489-2-23-2-3-2,23,Fear,Incorrect,OuterBrowRaiserL,16,24.0,8.0,False,False,0.30130392357951036
1701085508188-2-23-2-10-2,23,Fear,Incorrect,OuterBrowRaiserR,30,30.0,0.0,True,True,0.8462868761165081
1701085508188-2-23-2-10-2,23,Fear,Incorrect,UpperLidRaiserR,30,30.0,0.0,True,True,0.8062374283437713
1701085508188-2-23-2-10-2,23,Fear,Incorrect,OuterBrowRaiserL,30,30.0,0.0,True,True,0.8178436917235271
1701085612711-2-23-3-5-2,23,Fear,Incorrect,OuterBrowRaiserR,27,22.0,-5.0,False,False,0.45054912953154147
1701085612711-2-23-3-5-2,23,Fear,Incorrect,UpperLidRaiserR,27,24.0,-3.0,False,False,0.2006211376070357
1701085612711-2-23-3-5-2,23,Fear,Incorrect,OuterBrowRaiserL,27,22.0,-5.0,False,False,0.6064330333760822
1701085635772-2-23-3-16-2,23,Fear,Incorrect,OuterBrowRaiserR,25,8.0,-17.0,False,False,-0.2345519945623507
1701085635772-2-23-3-16-2,23,Fear,Incorrect,UpperLidRaiserR,25,5.0,-20.0,False,False,-0.23651017302168695
1701085635772-2-23-3-16-2,23,Fear,Incorrect,OuterBrowRaiserL,25,8.0,-17.0,False,False,-0.43196041105373306
1701085643199-2-23-3-20-2,23,Fear,Incorrect,OuterBrowRaiserR,25,27.0,2.0,False,True,-0.02920229128935505
1701085643199-2-23-3-20-2,23,Fear,Incorrect,UpperLidRaiserR,25,,,,,0.8165412725396776
1701085643199-2-23-3-20-2,23,Fear,Incorrect,OuterBrowRaiserL,25,29.0,4.0,False,False,-0.0831469272528005
1701085798672-2-23-4-9-2,23,Fear,Incorrect,OuterBrowRaiserR,24,6.0,-18.0,False,False,-0.1915994156937872
1701085798672-2-23-4-9-2,23,Fear,Incorrect,UpperLidRaiserR,24,27.0,3.0,False,False,-0.3303530784325952
1701085798672-2-23-4-9-2,23,Fear,Incorrect,OuterBrowRaiserL,24,27.0,3.0,False,False,-0.4724644256573069
1701085810970-2-23-4-16-2,23,Fear,Incorrect,OuterBrowRaiserR,23,22.0,-1.0,True,True,0.5615128827693638
1701085810970-2-23-4-16-2,23,Fear,Incorrect,UpperLidRaiserR,23,22.0,-1.0,True,True,0.7573173937795676
1701085810970-2-23-4-16-2,23,Fear,Incorrect,OuterBrowRaiserL,23,26.0,3.0,False,False,0.4840493739267476
1701085823245-2-23-4-23-2,23,Fear,Incorrect,OuterBrowRaiserR,21,22.0,1.0,True,True,0.09033776272529401
1701085823245-2-23-4-23-2,23,Fear,Incorrect,UpperLidRaiserR,21,22.0,1.0,True,True,0.1659221206836112
1701085823245-2-23-4-23-2,23,Fear,Incorrect,OuterBrowRaiserL,21,22.0,1.0,True,True,0.0472026141572184
1701085827129-2-23-4-25-2,23,Fear,Incorrect,OuterBrowRaiserR,16,20.0,4.0,False,False,-0.25311324064966806
1701085827129-2-23-4-25-2,23,Fear,Incorrect,UpperLidRaiserR,16,18.0,2.0,False,True,-0.31289668058106046
1701085827129-2-23-4-25-2,23,Fear,Incorrect,OuterBrowRaiserL,16,20.0,4.0,False,False,-0.3841940108709689
1701094539306-2-27-2-3-2,27,Fear,Correct,OuterBrowRaiserR,14,21.0,7.0,False,False,0.3772983637886454
1701094539306-2-27-2-3-2,27,Fear,Correct,UpperLidRaiserR,14,21.0,7.0,False,False,0.19728361381687373
1701094539306-2-27-2-3-2,27,Fear,Correct,OuterBrowRaiserL,14,20.0,6.0,False,False,0.3202177094280425
1701094661584-2-27-3-5-2,27,Fear,Correct,OuterBrowRaiserR,2,21.0,19.0,False,False,-0.5745144726717893
1701094661584-2-27-3-5-2,27,Fear,Correct,UpperLidRaiserR,2,24.0,22.0,False,False,-0.16304357618386492
1701094661584-2-27-3-5-2,27,Fear,Correct,OuterBrowRaiserL,2,21.0,19.0,False,False,-0.6043359863052876
1701094684847-2-27-3-16-2,27,Fear,Incorrect,OuterBrowRaiserR,15,6.0,-9.0,False,False,-0.46677715220255833
1701094684847-2-27-3-16-2,27,Fear,Incorrect,UpperLidRaiserR,15,2.0,-13.0,False,False,-0.00416094256271976
1701094684847-2-27-3-16-2,27,Fear,Incorrect,OuterBrowRaiserL,15,6.0,-9.0,False,False,-0.4665386197046076
1701094692584-2-27-3-20-2,27,Fear,Incorrect,OuterBrowRaiserR,2,7.0,5.0,False,False,-0.20051634494577775
1701094692584-2-27-3-20-2,27,Fear,Incorrect,UpperLidRaiserR,2,22.0,20.0,False,False,0.0323990370356315
1701094692584-2-27-3-20-2,27,Fear,Incorrect,OuterBrowRaiserL,2,15.0,13.0,False,False,-0.07678576865951416
1701094835647-2-27-4-9-2,27,Fear,Incorrect,OuterBrowRaiserR,27,27.0,0.0,True,True,0.5774452736238559
1701094835647-2-27-4-9-2,27,Fear,Incorrect,UpperLidRaiserR,27,27.0,0.0,True,True,0.7209403354599124
1701094835647-2-27-4-9-2,27,Fear,Incorrect,OuterBrowRaiserL,27,27.0,0.0,True,True,0.5825720362494348
1701094848288-2-27-4-16-2,27,Fear,Correct,OuterBrowRaiserR,13,3.0,-10.0,False,False,0.07591546724071001
1701094848288-2-27-4-16-2,27,Fear,Correct,UpperLidRaiserR,13,4.0,-9.0,False,False,-0.007526831987315457
1701094848288-2-27-4-16-2,27,Fear,Correct,OuterBrowRaiserL,13,4.0,-9.0,False,False,-0.1984414989325524
1700479001137-2-1-1-2-3,1,Happiness,Correct,LipCornerPullerR,2,22.0,20.0,False,False,0.0729808810707668
1700479001137-2-1-1-2-3,1,Happiness,Correct,LipCornerPullerL,2,22.0,20.0,False,False,0.08731450043085781
1700479001137-2-1-1-2-3,1,Happiness,Correct,CheekRaiserR,2,23.0,21.0,False,False,0.16837282216542854
1700479015441-2-1-1-8-3,1,Happiness,Correct,LipCornerPullerR,4,3.0,-1.0,True,True,0.6795740785182867
1700479015441-2-1-1-8-3,1,Happiness,Correct,LipCornerPullerL,4,3.0,-1.0,True,True,0.6722562196346636
1700479015441-2-1-1-8-3,1,Happiness,Correct,CheekRaiserR,4,3.0,-1.0,True,True,0.5885879488215259
1700479245714-2-1-3-4-3,1,Happiness,Correct,LipCornerPullerR,19,19.0,0.0,True,True,0.943341285958775
1700479245714-2-1-3-4-3,1,Happiness,Correct,LipCornerPullerL,19,19.0,0.0,True,True,0.951861665678309
1700479245714-2-1-3-4-3,1,Happiness,Correct,CheekRaiserR,19,20.0,1.0,True,True,0.8784952295627962
1700479260806-2-1-3-11-3,1,Happiness,Correct,LipCornerPullerR,23,20.0,-3.0,False,False,0.5219039964413046
1700479260806-2-1-3-11-3,1,Happiness,Correct,LipCornerPullerL,23,20.0,-3.0,False,False,0.548009442907203
1700479260806-2-1-3-11-3,1,Happiness,Correct,CheekRaiserR,23,19.0,-4.0,False,False,0.6537506994688875
1700479422411-2-1-4-6-3,1,Happiness,Correct,LipCornerPullerR,10,10.0,0.0,True,True,0.7769015716366893
1700479422411-2-1-4-6-3,1,Happiness,Correct,LipCornerPullerL,10,10.0,0.0,True,True,0.7634427632433877
1700479422411-2-1-4-6-3,1,Happiness,Correct,CheekRaiserR,10,10.0,0.0,True,True,0.5849904989384899
1700479435090-2-1-4-13-3,1,Happiness,Correct,LipCornerPullerR,2,15.0,13.0,False,False,-0.32692753725976426
1700479435090-2-1-4-13-3,1,Happiness,Correct,LipCornerPullerL,2,13.0,11.0,False,False,-0.35995339716963126
1700479435090-2-1-4-13-3,1,Happiness,Correct,CheekRaiserR,2,13.0,11.0,False,False,-0.26107943038081854
1700567693686-2-8-1-2-3,8,Happiness,Correct,LipCornerPullerR,19,19.0,0.0,True,True,0.6655072777616196
1700567693686-2-8-1-2-3,8,Happiness,Correct,LipCornerPullerL,19,19.0,0.0,True,True,0.7192782349334843
1700567693686-2-8-1-2-3,8,Happiness,Correct,CheekRaiserR,19,20.0,1.0,True,True,0.5777337805127688
1700567702985-2-8-1-6-3,8,Happiness,Correct,LipCornerPullerR,9,9.0,0.0,True,True,0.7476564075764794
1700567702985-2-8-1-6-3,8,Happiness,Correct,LipCornerPullerL,9,9.0,0.0,True,True,0.7471848488715276
1700567702985-2-8-1-6-3,8,Happiness,Correct,CheekRaiserR,9,9.0,0.0,True,True,0.5231565895012078
1700567708570-2-8-1-8-3,8,Happiness,Correct,LipCornerPullerR,21,25.0,4.0,False,False,0.32270155963596514
1700567708570-2-8-1-8-3,8,Happiness,Correct,LipCornerPullerL,21,25.0,4.0,False,False,0.322336442849411
1700567708570-2-8-1-8-3,8,Happiness,Correct,CheekRaiserR,21,26.0,5.0,False,False,0.03794604709660697
1700568086128-2-8-4-6-3,8,Happiness,Correct,LipCornerPullerR,22,20.0,-2.0,False,True,0.44038249240036115
1700568086128-2-8-4-6-3,8,Happiness,Correct,LipCornerPullerL,22,20.0,-2.0,False,True,0.42898836887777986
1700568086128-2-8-4-6-3,8,Happiness,Correct,CheekRaiserR,22,25.0,3.0,False,False,0.4537887761674157
1700568095008-2-8-4-11-3,8,Happiness,Correct,LipCornerPullerR,9,11.0,2.0,False,True,0.31690331552914525
1700568095008-2-8-4-11-3,8,Happiness,Correct,LipCornerPullerL,9,11.0,2.0,False,True,0.3646359521634353
1700568095008-2-8-4-11-3,8,Happiness,Correct,CheekRaiserR,9,12.0,3.0,False,False,0.17410211512288903
1700568118260-2-8-4-24-3,8,Happiness,Correct,LipCornerPullerR,6,6.0,0.0,True,True,0.5294131234678685
1700568118260-2-8-4-24-3,8,Happiness,Correct,LipCornerPullerL,6,6.0,0.0,True,True,0.5386582854648161
1700568118260-2-8-4-24-3,8,Happiness,Correct,CheekRaiserR,6,6.0,0.0,True,True,0.5198328459014034
1700577644246-2-10-1-2-3,10,Happiness,Correct,LipCornerPullerR,2,8.0,6.0,False,False,0.16960181385097084
1700577644246-2-10-1-2-3,10,Happiness,Correct,LipCornerPullerL,2,8.0,6.0,False,False,0.18197870399150337
1700577644246-2-10-1-2-3,10,Happiness,Correct,CheekRaiserR,2,8.0,6.0,False,False,-0.006696437991036834
1700577653948-2-10-1-6-3,10,Happiness,Correct,LipCornerPullerR,3,18.0,15.0,False,False,0.010233134601735123
1700577653948-2-10-1-6-3,10,Happiness,Correct,LipCornerPullerL,3,18.0,15.0,False,False,0.015010659698064603
1700577653948-2-10-1-6-3,10,Happiness,Correct,CheekRaiserR,3,18.0,15.0,False,False,0.034101491433609465
1700577659103-2-10-1-8-3,10,Happiness,Correct,LipCornerPullerR,4,10.0,6.0,False,False,0.17598359239691336
1700577659103-2-10-1-8-3,10,Happiness,Correct,LipCornerPullerL,4,10.0,6.0,False,False,0.1628907896149543
1700577659103-2-10-1-8-3,10,Happiness,Correct,CheekRaiserR,4,12.0,8.0,False,False,0.09229358511937351
1700577847201-2-10-3-4-3,10,Happiness,Correct,LipCornerPullerR,16,16.0,0.0,True,True,0.5492893260904979
1700577847201-2-10-3-4-3,10,Happiness,Correct,LipCornerPullerL,16,16.0,0.0,True,True,0.5130822110574572
1700577847201-2-10-3-4-3,10,Happiness,Correct,CheekRaiserR,16,15.0,-1.0,True,True,0.3963603835000719
1700578017539-2-10-4-6-3,10,Happiness,Correct,LipCornerPullerR,11,11.0,0.0,True,True,0.8615733789546732
1700578017539-2-10-4-6-3,10,Happiness,Correct,LipCornerPullerL,11,11.0,0.0,True,True,0.8563910574743006
1700578017539-2-10-4-6-3,10,Happiness,Correct,CheekRaiserR,11,11.0,0.0,True,True,0.8772921670941589
1700578026276-2-10-4-11-3,10,Happiness,Correct,LipCornerPullerR,13,20.0,7.0,False,False,0.17748456000441765
1700578026276-2-10-4-11-3,10,Happiness,Correct,LipCornerPullerL,13,21.0,8.0,False,False,0.13891193807640187
1700578026276-2-10-4-11-3,10,Happiness,Correct,CheekRaiserR,13,20.0,7.0,False,False,0.16827419175771993
1700578029507-2-10-4-13-3,10,Happiness,Correct,LipCornerPullerR,2,2.0,0.0,True,True,0.862413253239915
1700578029507-2-10-4-13-3,10,Happiness,Correct,LipCornerPullerL,2,2.0,0.0,True,True,0.8431570937452368
1700578029507-2-10-4-13-3,10,Happiness,Correct,CheekRaiserR,2,2.0,0.0,True,True,0.691687520765815
1700583813812-2-13-1-6-3,13,Happiness,Correct,LipCornerPullerR,2,20.0,18.0,False,False,-0.10626940086820696
1700583813812-2-13-1-6-3,13,Happiness,Correct,LipCornerPullerL,2,17.0,15.0,False,False,0.008578723843210307
1700583813812-2-13-1-6-3,13,Happiness,Correct,CheekRaiserR,2,20.0,18.0,False,False,0.28150993499267263
1700584007863-2-13-3-4-3,13,Happiness,Correct,LipCornerPullerR,2,2.0,0.0,True,True,0.666316964594167
1700584007863-2-13-3-4-3,13,Happiness,Correct,LipCornerPullerL,2,3.0,1.0,True,True,0.648315935223429
1700584007863-2-13-3-4-3,13,Happiness,Correct,CheekRaiserR,2,18.0,16.0,False,False,0.18731289182676075
1700584022622-2-13-3-11-3,13,Happiness,Correct,LipCornerPullerR,2,28.0,26.0,False,False,-0.21974762007010742
1700584022622-2-13-3-11-3,13,Happiness,Correct,LipCornerPullerL,2,28.0,26.0,False,False,-0.22358157469870382
1700584022622-2-13-3-11-3,13,Happiness,Correct,CheekRaiserR,2,28.0,26.0,False,False,-0.15420467591363185
1700584034051-2-13-3-17-3,13,Happiness,Correct,LipCornerPullerR,16,18.0,2.0,False,True,0.4210116346600652
1700584034051-2-13-3-17-3,13,Happiness,Correct,LipCornerPullerL,16,18.0,2.0,False,True,0.4287533865829044
1700584034051-2-13-3-17-3,13,Happiness,Correct,CheekRaiserR,16,18.0,2.0,False,True,0.2659687413505708
1700584212931-2-13-4-6-3,13,Happiness,Correct,LipCornerPullerR,7,9.0,2.0,False,True,0.6073808771667539
1700584212931-2-13-4-6-3,13,Happiness,Correct,LipCornerPullerL,7,7.0,0.0,True,True,0.6178453521979036
1700584212931-2-13-4-6-3,13,Happiness,Correct,CheekRaiserR,7,9.0,2.0,False,True,0.3791436858315695
1700584221354-2-13-4-11-3,13,Happiness,Correct,LipCornerPullerR,2,16.0,14.0,False,False,-0.07608305964921258
1700584221354-2-13-4-11-3,13,Happiness,Correct,LipCornerPullerL,2,16.0,14.0,False,False,-0.07374712868996726
1700584221354-2-13-4-11-3,13,Happiness,Correct,CheekRaiserR,2,17.0,15.0,False,False,-0.12758648264329658
1700584244435-2-13-4-24-3,13,Happiness,Correct,LipCornerPullerR,6,12.0,6.0,False,False,0.1560545041773043
1700584244435-2-13-4-24-3,13,Happiness,Correct,LipCornerPullerL,6,12.0,6.0,False,False,0.16235195856836573
1700584244435-2-13-4-24-3,13,Happiness,Correct,CheekRaiserR,6,13.0,7.0,False,False,0.02947771945150378
1700747149418-2-15-1-2-3,15,Happiness,Correct,LipCornerPullerR,13,12.0,-1.0,True,True,0.6129144153314935
1700747149418-2-15-1-2-3,15,Happiness,Correct,LipCornerPullerL,13,12.0,-1.0,True,True,0.5859274137684735
1700747149418-2-15-1-2-3,15,Happiness,Correct,CheekRaiserR,13,12.0,-1.0,True,True,0.581581219984909
1700747159259-2-15-1-6-3,15,Happiness,Correct,LipCornerPullerR,23,20.0,-3.0,False,False,0.4437017629480625
1700747159259-2-15-1-6-3,15,Happiness,Correct,LipCornerPullerL,23,20.0,-3.0,False,False,0.494819000102483
1700747159259-2-15-1-6-3,15,Happiness,Correct,CheekRaiserR,23,20.0,-3.0,False,False,0.4423260004998954
1700747164257-2-15-1-8-3,15,Happiness,Correct,LipCornerPullerR,19,18.0,-1.0,True,True,0.7292846760879955
1700747164257-2-15-1-8-3,15,Happiness,Correct,LipCornerPullerL,19,18.0,-1.0,True,True,0.7237505328282919
1700747164257-2-15-1-8-3,15,Happiness,Correct,CheekRaiserR,19,18.0,-1.0,True,True,0.6554311388375996
1700747368098-2-15-3-11-3,15,Happiness,Correct,LipCornerPullerR,16,16.0,0.0,True,True,0.9038899885249847
1700747368098-2-15-3-11-3,15,Happiness,Correct,LipCornerPullerL,16,16.0,0.0,True,True,0.9047623282982952
1700747368098-2-15-3-11-3,15,Happiness,Correct,CheekRaiserR,16,16.0,0.0,True,True,0.6505890560603345
1700747380059-2-15-3-17-3,15,Happiness,Correct,LipCornerPullerR,12,11.0,-1.0,True,True,0.5413145972231318
1700747380059-2-15-3-17-3,15,Happiness,Correct,LipCornerPullerL,12,11.0,-1.0,True,True,0.5734187912744216
1700747380059-2-15-3-17-3,15,Happiness,Correct,CheekRaiserR,12,11.0,-1.0,True,True,0.670190054109905
1700747523299-2-15-4-6-3,15,Happiness,Correct,LipCornerPullerR,2,,,,,
1700747523299-2-15-4-6-3,15,Happiness,Correct,LipCornerPullerL,2,,,,,
1700747523299-2-15-4-6-3,15,Happiness,Correct,CheekRaiserR,2,2.0,0.0,True,True,0.9993180968457812
1700747535828-2-15-4-13-3,15,Happiness,Correct,LipCornerPullerR,2,5.0,3.0,False,False,-0.010776602803676184
1700747535828-2-15-4-13-3,15,Happiness,Correct,LipCornerPullerL,2,5.0,3.0,False,False,-0.03322256707993382
1700747535828-2-15-4-13-3,15,Happiness,Correct,CheekRaiserR,2,5.0,3.0,False,False,-0.24747293266807
1700756278030-2-18-1-2-3,18,Happiness,Correct,LipCornerPullerR,16,15.0,-1.0,True,True,0.5332517112271611
1700756278030-2-18-1-2-3,18,Happiness,Correct,LipCornerPullerL,16,15.0,-1.0,True,True,0.546124921882584
1700756278030-2-18-1-2-3,18,Happiness,Correct,CheekRaiserR,16,16.0,0.0,True,True,0.6981938395492668
1700756292963-2-18-1-8-3,18,Happiness,Correct,LipCornerPullerR,16,18.0,2.0,False,True,0.08886335970189424
1700756292963-2-18-1-8-3,18,Happiness,Correct,LipCornerPullerL,16,18.0,2.0,False,True,0.05424737331381186
1700756292963-2-18-1-8-3,18,Happiness,Correct,CheekRaiserR,16,18.0,2.0,False,True,-0.024173075890351038
1700756490593-2-18-3-4-3,18,Happiness,Correct,LipCornerPullerR,6,6.0,0.0,True,True,0.8659171505852121
1700756490593-2-18-3-4-3,18,Happiness,Correct,LipCornerPullerL,6,6.0,0.0,True,True,0.8569862057605201
1700756490593-2-18-3-4-3,18,Happiness,Correct,CheekRaiserR,6,6.0,0.0,True,True,0.855758441269159
1700756505088-2-18-3-11-3,18,Happiness,Correct,LipCornerPullerR,2,23.0,21.0,False,False,0.03200822188858415
1700756505088-2-18-3-11-3,18,Happiness,Correct,LipCornerPullerL,2,23.0,21.0,False,False,0.03270546495890389
1700756505088-2-18-3-11-3,18,Happiness,Correct,CheekRaiserR,2,23.0,21.0,False,False,0.04528719441699235
1700756516990-2-18-3-17-3,18,Happiness,Correct,LipCornerPullerR,10,9.0,-1.0,True,True,0.31638702528670964
1700756516990-2-18-3-17-3,18,Happiness,Correct,LipCornerPullerL,10,9.0,-1.0,True,True,0.3421345989577027
1700756516990-2-18-3-17-3,18,Happiness,Correct,CheekRaiserR,10,9.0,-1.0,True,True,0.292081251952053
1700756727000-2-18-4-13-3,18,Happiness,Correct,LipCornerPullerR,2,2.0,0.0,True,True,0.998230435775861
1700756727000-2-18-4-13-3,18,Happiness,Correct,LipCornerPullerL,2,2.0,0.0,True,True,0.9990056586080275
1700756727000-2-18-4-13-3,18,Happiness,Correct,CheekRaiserR,2,3.0,1.0,True,True,0.9637782447860648
1700756746478-2-18-4-24-3,18,Happiness,Correct,LipCornerPullerR,5,4.0,-1.0,True,True,0.3612538484645011
1700756746478-2-18-4-24-3,18,Happiness,Correct,LipCornerPullerL,5,4.0,-1.0,True,True,0.3610044296844685
1700756746478-2-18-4-24-3,18,Happiness,Correct,CheekRaiserR,5,4.0,-1.0,True,True,0.2909129774904209
1701085399209-2-23-1-2-3,23,Happiness,Correct,LipCornerPullerR,2,5.0,3.0,False,False,0.31246026999579013
1701085399209-2-23-1-2-3,23,Happiness,Correct,LipCornerPullerL,2,5.0,3.0,False,False,0.32187181752411964
1701085399209-2-23-1-2-3,23,Happiness,Correct,CheekRaiserR,2,5.0,3.0,False,False,0.08964673152147047
1701085409026-2-23-1-6-3,23,Happiness,Correct,LipCornerPullerR,2,20.0,18.0,False,False,0.009531072837217495
1701085409026-2-23-1-6-3,23,Happiness,Correct,LipCornerPullerL,2,20.0,18.0,False,False,0.017352127965265404
1701085409026-2-23-1-6-3,23,Happiness,Correct,CheekRaiserR,2,20.0,18.0,False,False,0.03100547464755025
1701085611540-2-23-3-4-3,23,Happiness,Correct,LipCornerPullerR,2,3.0,1.0,True,True,0.08607005816054486
1701085611540-2-23-3-4-3,23,Happiness,Correct,LipCornerPullerL,2,3.0,1.0,True,True,0.08524233756873095
1701085611540-2-23-3-4-3,23,Happiness,Correct,CheekRaiserR,2,6.0,4.0,False,False,0.049427224512287794
1701085625896-2-23-3-11-3,23,Happiness,Correct,LipCornerPullerR,2,2.0,0.0,True,True,0.039523234955932886
1701085625896-2-23-3-11-3,23,Happiness,Correct,LipCornerPullerL,2,25.0,23.0,False,False,0.047940005476443434
1701085625896-2-23-3-11-3,23,Happiness,Correct,CheekRaiserR,2,19.0,17.0,False,False,-0.06839578889826832
1701085793939-2-23-4-6-3,23,Happiness,Correct,LipCornerPullerR,2,3.0,1.0,True,True,0.5713650123841455
1701085793939-2-23-4-6-3,23,Happiness,Correct,LipCornerPullerL,2,3.0,1.0,True,True,0.563017822661058
1701085793939-2-23-4-6-3,23,Happiness,Correct,CheekRaiserR,2,2.0,0.0,True,True,0.857848005829645
1701085802372-2-23-4-11-3,23,Happiness,Correct,LipCornerPullerR,8,20.0,12.0,False,False,-0.09814060675256644
1701085802372-2-23-4-11-3,23,Happiness,Correct,LipCornerPullerL,8,20.0,12.0,False,False,-0.10660116194949693
1701085802372-2-23-4-11-3,23,Happiness,Correct,CheekRaiserR,8,20.0,12.0,False,False,-0.012146266837966758
1701085805933-2-23-4-13-3,23,Happiness,Correct,LipCornerPullerR,2,18.0,16.0,False,False,-0.07122901253099218
1701085805933-2-23-4-13-3,23,Happiness,Correct,LipCornerPullerL,2,18.0,16.0,False,False,-0.07521694445211545
1701085805933-2-23-4-13-3,23,Happiness,Correct,CheekRaiserR,2,16.0,14.0,False,False,-0.06545828529359012
1701094443379-2-27-1-2-3,27,Happiness,Correct,LipCornerPullerR,6,5.0,-1.0,True,True,0.8638982218571591
1701094443379-2-27-1-2-3,27,Happiness,Correct,LipCornerPullerL,6,5.0,-1.0,True,True,0.8600221882688063
1701094443379-2-27-1-2-3,27,Happiness,Correct,CheekRaiserR,6,8.0,2.0,False,True,0.39542937731342664
1701094458007-2-27-1-8-3,27,Happiness,Correct,LipCornerPullerR,2,2.0,0.0,True,True,0.8548386120929711
1701094458007-2-27-1-8-3,27,Happiness,Correct,LipCornerPullerL,2,2.0,0.0,True,True,0.8104571501351625
1701094458007-2-27-1-8-3,27,Happiness,Correct,CheekRaiserR,2,2.0,0.0,True,True,0.6691380637937664
1701094686349-2-27-3-17-3,27,Happiness,Correct,LipCornerPullerR,17,17.0,0.0,True,True,0.8102686797448987
1701094686349-2-27-3-17-3,27,Happiness,Correct,LipCornerPullerL,17,17.0,0.0,True,True,0.8038501702144643
1701094686349-2-27-3-17-3,27,Happiness,Correct,CheekRaiserR,17,17.0,0.0,True,True,0.7683311162051725
1701094830423-2-27-4-6-3,27,Happiness,Correct,LipCornerPullerR,2,22.0,20.0,False,False,0.050532876586377874
1701094830423-2-27-4-6-3,27,Happiness,Correct,LipCornerPullerL,2,22.0,20.0,False,False,0.08380885387317148
1701094830423-2-27-4-6-3,27,Happiness,Correct,CheekRaiserR,2,22.0,20.0,False,False,0.18525997318246423
1701094839307-2-27-4-11-3,27,Happiness,Correct,LipCornerPullerR,15,12.0,-3.0,False,False,0.16992373423349375
1701094839307-2-27-4-11-3,27,Happiness,Correct,LipCornerPullerL,15,12.0,-3.0,False,False,0.18319361739994325
1701094839307-2-27-4-11-3,27,Happiness,Correct,CheekRaiserR,15,11.0,-4.0,False,False,0.015044033709454382
1701094842669-2-27-4-13-3,27,Happiness,Correct,LipCornerPullerR,2,5.0,3.0,False,False,0.3222098580851944
1701094842669-2-27-4-13-3,27,Happiness,Correct,LipCornerPullerL,2,5.0,3.0,False,False,-0.012897700836876445
1701094842669-2-27-4-13-3,27,Happiness,Correct,CheekRaiserR,2,28.0,26.0,False,False,-0.3342986247471928
1701094862346-2-27-4-24-3,27,Happiness,Correct,LipCornerPullerR,11,8.0,-3.0,False,False,0.07882367260680108
1701094862346-2-27-4-24-3,27,Happiness,Correct,LipCornerPullerL,11,8.0,-3.0,False,False,0.08148209277543222
1701094862346-2-27-4-24-3,27,Happiness,Correct,CheekRaiserR,11,8.0,-3.0,False,False,-0.0394802891359899
1700479105264-2-1-2-0-4,1,Neutral,Correct,LipPressorR,3,,,,,-0.9450499692541071
1700479105264-2-1-2-0-4,1,Neutral,Correct,LipPressorL,3,,,,,
1700479105264-2-1-2-0-4,1,Neutral,Correct,LipFunnelerRB,3,,,,,
1700479131977-2-1-2-11-4,1,Neutral,Correct,LipPressorR,2,,,,,-0.9863641365601844
1700479131977-2-1-2-11-4,1,Neutral,Correct,LipPressorL,2,,,,,-0.9863641365601844
1700479131977-2-1-2-11-4,1,Neutral,Correct,LipFunnelerRB,2,,,,,-0.9863641259650815
1700479238544-2-1-3-0-4,1,Neutral,Correct,LipPressorR,2,,,,,
1700479238544-2-1-3-0-4,1,Neutral,Correct,LipPressorL,2,,,,,
1700479238544-2-1-3-0-4,1,Neutral,Correct,LipFunnelerRB,2,,,,,
1700479262241-2-1-3-12-4,1,Neutral,Correct,LipPressorR,17,,,,,
1700479262241-2-1-3-12-4,1,Neutral,Correct,LipPressorL,17,,,,,
1700479262241-2-1-3-12-4,1,Neutral,Correct,LipFunnelerRB,17,,,,,0.38171319997565956
1700479265444-2-1-3-14-4,1,Neutral,Incorrect,LipPressorR,2,,,,,
1700479265444-2-1-3-14-4,1,Neutral,Incorrect,LipPressorL,2,,,,,
1700479265444-2-1-3-14-4,1,Neutral,Incorrect,LipFunnelerRB,2,,,,,-0.7190147662035086
1700479420641-2-1-4-5-4,1,Neutral,Correct,LipPressorR,29,,,,,
1700479420641-2-1-4-5-4,1,Neutral,Correct,LipPressorL,29,,,,,
1700479420641-2-1-4-5-4,1,Neutral,Correct,LipFunnelerRB,29,,,,,0.48954281657930615
1700567803057-2-8-2-7-4,8,Neutral,Correct,LipPressorR,2,,,,,-0.6792525537839685
1700567803057-2-8-2-7-4,8,Neutral,Correct,LipPressorL,2,,,,,-0.6792067182446196
1700567803057-2-8-2-7-4,8,Neutral,Correct,LipFunnelerRB,2,,,,,
1700567812479-2-8-2-11-4,8,Neutral,Correct,LipPressorR,2,,,,,-0.7325242657682257
1700567812479-2-8-2-11-4,8,Neutral,Correct,LipPressorL,2,,,,,-0.7325242498148993
1700567812479-2-8-2-11-4,8,Neutral,Correct,LipFunnelerRB,2,18.0,16.0,False,False,0.035394841734869245
1700567902030-2-8-3-0-4,8,Neutral,Correct,LipPressorR,2,,,,,
1700567902030-2-8-3-0-4,8,Neutral,Correct,LipPressorL,2,,,,,
1700567902030-2-8-3-0-4,8,Neutral,Correct,LipFunnelerRB,2,,,,,-0.9454508599085565
1700567926584-2-8-3-12-4,8,Neutral,Correct,LipPressorR,2,,,,,
1700567926584-2-8-3-12-4,8,Neutral,Correct,LipPressorL,2,,,,,
1700567926584-2-8-3-12-4,8,Neutral,Correct,LipFunnelerRB,2,,,,,
1700568082939-2-8-4-4-4,8,Neutral,Correct,LipPressorR,2,,,,,-0.8224027062846722
1700568082939-2-8-4-4-4,8,Neutral,Correct,LipPressorL,2,,,,,-0.8224027062846722
1700568082939-2-8-4-4-4,8,Neutral,Correct,LipFunnelerRB,2,,,,,-0.813470743926124
1700568107499-2-8-4-18-4,8,Neutral,Correct,LipPressorR,2,,,,,-0.6829299707342541
1700568107499-2-8-4-18-4,8,Neutral,Correct,LipPressorL,2,,,,,-0.6829299707342541
1700568107499-2-8-4-18-4,8,Neutral,Correct,LipFunnelerRB,2,,,,,
1700577731858-2-10-2-0-4,10,Neutral,Correct,LipPressorR,2,,,,,
1700577731858-2-10-2-0-4,10,Neutral,Correct,LipPressorL,2,,,,,
1700577731858-2-10-2-0-4,10,Neutral,Correct,LipFunnelerRB,2,,,,,
1700577759366-2-10-2-11-4,10,Neutral,Correct,LipPressorR,2,,,,,
1700577759366-2-10-2-11-4,10,Neutral,Correct,LipPressorL,2,,,,,
1700577759366-2-10-2-11-4,10,Neutral,Correct,LipFunnelerRB,2,,,,,
1700577839039-2-10-3-0-4,10,Neutral,Correct,LipPressorR,2,,,,,
1700577839039-2-10-3-0-4,10,Neutral,Correct,LipPressorL,2,,,,,
1700577839039-2-10-3-0-4,10,Neutral,Correct,LipFunnelerRB,2,,,,,
1700577863441-2-10-3-12-4,10,Neutral,Correct,LipPressorR,23,,,,,0.36118200330555644
1700577863441-2-10-3-12-4,10,Neutral,Correct,LipPressorL,23,,,,,0.3614114768832998
1700577863441-2-10-3-12-4,10,Neutral,Correct,LipFunnelerRB,23,,,,,0.3614361356091641
1700577867123-2-10-3-14-4,10,Neutral,Correct,LipPressorR,29,,,,,0.3301221052697548
1700577867123-2-10-3-14-4,10,Neutral,Correct,LipPressorL,29,,,,,
1700577867123-2-10-3-14-4,10,Neutral,Correct,LipFunnelerRB,29,,,,,
1700578014206-2-10-4-4-4,10,Neutral,Correct,LipPressorR,3,,,,,
1700578014206-2-10-4-4-4,10,Neutral,Correct,LipPressorL,3,,,,,
1700578014206-2-10-4-4-4,10,Neutral,Correct,LipFunnelerRB,3,,,,,-0.8954016563761343
1700578015880-2-10-4-5-4,10,Neutral,Correct,LipPressorR,4,,,,,
1700578015880-2-10-4-5-4,10,Neutral,Correct,LipPressorL,4,,,,,
1700578015880-2-10-4-5-4,10,Neutral,Correct,LipFunnelerRB,4,,,,,-0.7453247543050855
1700583883653-2-13-2-0-4,13,Neutral,Correct,LipPressorR,2,,,,,-0.8727581545635633
1700583883653-2-13-2-0-4,13,Neutral,Correct,LipPressorL,2,,,,,-0.8727581439991036
1700583883653-2-13-2-0-4,13,Neutral,Correct,LipFunnelerRB,2,,,,,
1700583910942-2-13-2-11-4,13,Neutral,Correct,LipPressorR,18,7.0,-11.0,False,False,-0.3831970224708322
1700583910942-2-13-2-11-4,13,Neutral,Correct,LipPressorL,18,7.0,-11.0,False,False,-0.41530535605922414
1700583910942-2-13-2-11-4,13,Neutral,Correct,LipFunnelerRB,18,7.0,-11.0,False,False,-0.0668005711307021
1700583999169-2-13-3-0-4,13,Neutral,Correct,LipPressorR,3,,,,,
1700583999169-2-13-3-0-4,13,Neutral,Correct,LipPressorL,3,,,,,
1700583999169-2-13-3-0-4,13,Neutral,Correct,LipFunnelerRB,3,,,,,
1700584023624-2-13-3-12-4,13,Neutral,Correct,LipPressorR,23,,,,,0.20421546158664458
1700584023624-2-13-3-12-4,13,Neutral,Correct,LipPressorL,23,,,,,0.20421546158664458
1700584023624-2-13-3-12-4,13,Neutral,Correct,LipFunnelerRB,23,,,,,0.20421694082161002
1700584027538-2-13-3-14-4,13,Neutral,Correct,LipPressorR,10,,,,,0.10951784874647771
1700584027538-2-13-3-14-4,13,Neutral,Correct,LipPressorL,10,,,,,0.10951784874647771
1700584027538-2-13-3-14-4,13,Neutral,Correct,LipFunnelerRB,10,,,,,
1700584206113-2-13-4-2-4,13,Neutral,Correct,LipPressorR,2,,,,,-0.9060506038075851
1700584206113-2-13-4-2-4,13,Neutral,Correct,LipPressorL,2,,,,,-0.9046928088417566
1700584206113-2-13-4-2-4,13,Neutral,Correct,LipFunnelerRB,2,,,,,-0.9066273206160262
1700584234061-2-13-4-18-4,13,Neutral,Correct,LipPressorR,5,,,,,-0.4209037304153884
1700584234061-2-13-4-18-4,13,Neutral,Correct,LipPressorL,5,,,,,-0.4209037304153884
1700584234061-2-13-4-18-4,13,Neutral,Correct,LipFunnelerRB,5,,,,,-0.40835786373152677
1700747228293-2-15-2-0-4,15,Neutral,Correct,LipPressorR,2,,,,,
1700747228293-2-15-2-0-4,15,Neutral,Correct,LipPressorL,2,,,,,
1700747228293-2-15-2-0-4,15,Neutral,Correct,LipFunnelerRB,2,,,,,
1700747244934-2-15-2-7-4,15,Neutral,Correct,LipPressorR,18,,,,,0.03434566127169728
1700747244934-2-15-2-7-4,15,Neutral,Correct,LipPressorL,18,,,,,0.03434569379705122
1700747244934-2-15-2-7-4,15,Neutral,Correct,LipFunnelerRB,18,,,,,
1700747345899-2-15-3-0-4,15,Neutral,Correct,LipPressorR,2,,,,,
1700747345899-2-15-3-0-4,15,Neutral,Correct,LipPressorL,2,,,,,
1700747345899-2-15-3-0-4,15,Neutral,Correct,LipFunnelerRB,2,,,,,
1700747374991-2-15-3-14-4,15,Neutral,Correct,LipPressorR,2,,,,,-0.684073612561236
1700747374991-2-15-3-14-4,15,Neutral,Correct,LipPressorL,2,,,,,-0.6840736085540546
1700747374991-2-15-3-14-4,15,Neutral,Correct,LipFunnelerRB,2,,,,,-0.6840856285250597
1700747516587-2-15-4-2-4,15,Neutral,Correct,LipPressorR,9,,,,,-0.5316416744667788
1700747516587-2-15-4-2-4,15,Neutral,Correct,LipPressorL,9,,,,,-0.5313267973645139
1700747516587-2-15-4-2-4,15,Neutral,Correct,LipFunnelerRB,9,,,,,-0.1249619795628623
1700747522488-2-15-4-5-4,15,Neutral,Correct,LipPressorR,2,,,,,-0.9309172190711755
1700747522488-2-15-4-5-4,15,Neutral,Correct,LipPressorL,2,,,,,-0.9309172133729764
1700747522488-2-15-4-5-4,15,Neutral,Correct,LipFunnelerRB,2,,,,,-0.9309172247472828
1700747545324-2-15-4-18-4,15,Neutral,Correct,LipPressorR,3,,,,,-0.9720931663739294
1700747545324-2-15-4-18-4,15,Neutral,Correct,LipPressorL,3,,,,,-0.9715455118287302
1700747545324-2-15-4-18-4,15,Neutral,Correct,LipFunnelerRB,3,,,,,-0.9595608911114323
1700756481968-2-18-3-0-4,18,Neutral,Correct,LipPressorR,2,,,,,
1700756481968-2-18-3-0-4,18,Neutral,Correct,LipPressorL,2,,,,,
1700756481968-2-18-3-0-4,18,Neutral,Correct,LipFunnelerRB,2,,,,,
1700756506384-2-18-3-12-4,18,Neutral,Correct,LipPressorR,2,,,,,-0.9487836149654256
1700756506384-2-18-3-12-4,18,Neutral,Correct,LipPressorL,2,,,,,-0.9487835849157705
1700756506384-2-18-3-12-4,18,Neutral,Correct,LipFunnelerRB,2,,,,,-0.9487834885145612
1700756511419-2-18-3-14-4,18,Neutral,Correct,LipPressorR,2,,,,,-0.9652721592119277
1700756511419-2-18-3-14-4,18,Neutral,Correct,LipPressorL,2,,,,,-0.9652721035757883
1700756511419-2-18-3-14-4,18,Neutral,Correct,LipFunnelerRB,2,,,,,-0.9652706463363532
1700756707997-2-18-4-2-4,18,Neutral,Correct,LipPressorR,2,,,,,-0.9832927068287655
1700756707997-2-18-4-2-4,18,Neutral,Correct,LipPressorL,2,,,,,-0.984163449836667
1700756707997-2-18-4-2-4,18,Neutral,Correct,LipFunnelerRB,2,,,,,-0.9825815877702087
1700756711213-2-18-4-4-4,18,Neutral,Correct,LipPressorR,2,,,,,-0.935187219422443
1700756711213-2-18-4-4-4,18,Neutral,Correct,LipPressorL,2,,,,,-0.935187223974814
1700756711213-2-18-4-4-4,18,Neutral,Correct,LipFunnelerRB,2,,,,,-0.9351871929559559
1700756713736-2-18-4-5-4,18,Neutral,Correct,LipPressorR,2,,,,,-0.9262907155117418
1700756713736-2-18-4-5-4,18,Neutral,Correct,LipPressorL,2,,,,,-0.9262907293273643
1700756713736-2-18-4-5-4,18,Neutral,Correct,LipFunnelerRB,2,,,,,-0.9262907356492529
1700756736108-2-18-4-18-4,18,Neutral,Correct,LipPressorR,2,,,,,-0.9810859034135533
1700756736108-2-18-4-18-4,18,Neutral,Correct,LipPressorL,2,,,,,-0.9810857247300883
1700756736108-2-18-4-18-4,18,Neutral,Correct,LipFunnelerRB,2,,,,,-0.981049881063707
1701085482708-2-23-2-0-4,23,Neutral,Correct,LipPressorR,2,,,,,
1701085482708-2-23-2-0-4,23,Neutral,Correct,LipPressorL,2,,,,,
1701085482708-2-23-2-0-4,23,Neutral,Correct,LipFunnelerRB,2,,,,,
1701085500311-2-23-2-7-4,23,Neutral,Correct,LipPressorR,25,,,,,0.42670906358929994
1701085500311-2-23-2-7-4,23,Neutral,Correct,LipPressorL,25,,,,,0.42670906071708425
1701085500311-2-23-2-7-4,23,Neutral,Correct,LipFunnelerRB,25,,,,,0.42670906933196406
1701085510979-2-23-2-11-4,23,Neutral,Correct,LipPressorR,21,,,,,0.4589152035896171
1701085510979-2-23-2-11-4,23,Neutral,Correct,LipPressorL,21,,,,,0.4589152387462901
1701085510979-2-23-2-11-4,23,Neutral,Correct,LipFunnelerRB,21,,,,,0.4589152206429802
1701085630752-2-23-3-14-4,23,Neutral,Correct,LipPressorR,20,,,,,-0.19273517421642186
1701085630752-2-23-3-14-4,23,Neutral,Correct,LipPressorL,20,,,,,-0.19273517258720854
1701085630752-2-23-3-14-4,23,Neutral,Correct,LipFunnelerRB,20,,,,,-0.19262672231306352
1701085786811-2-23-4-2-4,23,Neutral,Correct,LipPressorR,14,,,,,
1701085786811-2-23-4-2-4,23,Neutral,Correct,LipPressorL,14,,,,,0.3300156288471662
1701085786811-2-23-4-2-4,23,Neutral,Correct,LipFunnelerRB,14,,,,,
1701085789639-2-23-4-4-4,23,Neutral,Correct,LipPressorR,6,,,,,
1701085789639-2-23-4-4-4,23,Neutral,Correct,LipPressorL,6,,,,,0.02581446079302613
1701085789639-2-23-4-4-4,23,Neutral,Correct,LipFunnelerRB,6,,,,,
1701085791397-2-23-4-5-4,23,Neutral,Correct,LipPressorR,2,,,,,
1701085791397-2-23-4-5-4,23,Neutral,Correct,LipPressorL,2,,,,,-0.9877265080260557
1701085791397-2-23-4-5-4,23,Neutral,Correct,LipFunnelerRB,2,,,,,
1701094549501-2-27-2-7-4,27,Neutral,Correct,LipPressorR,6,,,,,-0.19586378398751803
1701094549501-2-27-2-7-4,27,Neutral,Correct,LipPressorL,6,,,,,-0.1958638658085052
1701094549501-2-27-2-7-4,27,Neutral,Correct,LipFunnelerRB,6,,,,,
1701094559720-2-27-2-11-4,27,Neutral,Incorrect,LipPressorR,5,,,,,-0.6245356297589885
1701094559720-2-27-2-11-4,27,Neutral,Incorrect,LipPressorL,5,,,,,-0.6245359179060862
1701094559720-2-27-2-11-4,27,Neutral,Incorrect,LipFunnelerRB,5,,,,,
1701094652485-2-27-3-0-4,27,Neutral,Correct,LipPressorR,2,,,,,
1701094652485-2-27-3-0-4,27,Neutral,Correct,LipPressorL,2,,,,,
1701094652485-2-27-3-0-4,27,Neutral,Correct,LipFunnelerRB,2,,,,,
1701094679684-2-27-3-14-4,27,Neutral,Correct,LipPressorR,3,,,,,-0.8383477082684105
1701094679684-2-27-3-14-4,27,Neutral,Correct,LipPressorL,3,,,,,-0.8383477088055377
1701094679684-2-27-3-14-4,27,Neutral,Correct,LipFunnelerRB,3,,,,,
1701094823610-2-27-4-2-4,27,Neutral,Correct,LipPressorR,18,,,,,-0.0037294033627908742
1701094823610-2-27-4-2-4,27,Neutral,Correct,LipPressorL,18,,,,,-0.003729375087201312
1701094823610-2-27-4-2-4,27,Neutral,Correct,LipFunnelerRB,18,,,,,
1701094829010-2-27-4-5-4,27,Neutral,Incorrect,LipPressorR,5,,,,,-0.17729515553636124
1701094829010-2-27-4-5-4,27,Neutral,Incorrect,LipPressorL,5,,,,,-0.17729515553636124
1701094829010-2-27-4-5-4,27,Neutral,Incorrect,LipFunnelerRB,5,,,,,
1701094851143-2-27-4-18-4,27,Neutral,Correct,LipPressorR,9,,,,,0.21867286780288755
1701094851143-2-27-4-18-4,27,Neutral,Correct,LipPressorL,9,,,,,0.2186728882913981
1701094851143-2-27-4-18-4,27,Neutral,Correct,LipFunnelerRB,9,,,,,
1700478998549-2-1-1-1-5,1,Sadness,Correct,LipCornerDepressorR,2,12.0,10.0,False,False,0.09398600514373111
1700478998549-2-1-1-1-5,1,Sadness,Correct,LipCornerDepressorL,2,16.0,14.0,False,False,0.10284836494065092
1700478998549-2-1-1-1-5,1,Sadness,Correct,ChinRaiserB,2,26.0,24.0,False,False,-0.08862498230492785
1700479007738-2-1-1-5-5,1,Sadness,Correct,LipCornerDepressorR,2,2.0,0.0,True,True,0.91881154009211
1700479007738-2-1-1-5-5,1,Sadness,Correct,LipCornerDepressorL,2,2.0,0.0,True,True,0.9271872296262168
1700479007738-2-1-1-5-5,1,Sadness,Correct,ChinRaiserB,2,2.0,0.0,True,True,0.7036705132102061
1700479250572-2-1-3-6-5,1,Sadness,Incorrect,LipCornerDepressorR,3,3.0,0.0,True,True,0.20943396101863007
1700479250572-2-1-3-6-5,1,Sadness,Incorrect,LipCornerDepressorL,3,3.0,0.0,True,True,0.21170510282203575
1700479250572-2-1-3-6-5,1,Sadness,Incorrect,ChinRaiserB,3,5.0,2.0,False,True,0.213170154667483
1700479413527-2-1-4-1-5,1,Sadness,Correct,LipCornerDepressorR,3,2.0,-1.0,True,True,0.5962068217125721
1700479413527-2-1-4-1-5,1,Sadness,Correct,LipCornerDepressorL,3,2.0,-1.0,True,True,0.5337474268551382
1700479413527-2-1-4-1-5,1,Sadness,Correct,ChinRaiserB,3,2.0,-1.0,True,True,0.7135242389064409
1700479426367-2-1-4-8-5,1,Sadness,Correct,LipCornerDepressorR,7,6.0,-1.0,True,True,0.03497062210430617
1700479426367-2-1-4-8-5,1,Sadness,Correct,LipCornerDepressorL,7,6.0,-1.0,True,True,0.03333896509497721
1700479426367-2-1-4-8-5,1,Sadness,Correct,ChinRaiserB,7,6.0,-1.0,True,True,0.23325120287958265
1700479442178-2-1-4-17-5,1,Sadness,Correct,LipCornerDepressorR,22,16.0,-6.0,False,False,0.058836594247014866
1700479442178-2-1-4-17-5,1,Sadness,Correct,LipCornerDepressorL,22,16.0,-6.0,False,False,0.028069551676917086
1700479442178-2-1-4-17-5,1,Sadness,Correct,ChinRaiserB,22,16.0,-6.0,False,False,-0.0663792031968628
1700479447373-2-1-4-20-5,1,Sadness,Correct,LipCornerDepressorR,2,23.0,21.0,False,False,0.14327338616004273
1700479447373-2-1-4-20-5,1,Sadness,Correct,LipCornerDepressorL,2,23.0,21.0,False,False,0.1497244835650675
1700479447373-2-1-4-20-5,1,Sadness,Correct,ChinRaiserB,2,4.0,2.0,False,True,0.1546285858647921
1700567691497-2-8-1-1-5,8,Sadness,Incorrect,LipCornerDepressorR,11,19.0,8.0,False,False,-0.02934294829886155
1700567691497-2-8-1-1-5,8,Sadness,Incorrect,LipCornerDepressorL,11,17.0,6.0,False,False,-0.03628172873863416
1700567691497-2-8-1-1-5,8,Sadness,Incorrect,ChinRaiserB,11,12.0,1.0,True,True,-0.017833510548931737
1700567706828-2-8-1-7-5,8,Sadness,Incorrect,LipCornerDepressorR,30,6.0,-24.0,False,False,-0.02508664133988192
1700567706828-2-8-1-7-5,8,Sadness,Incorrect,LipCornerDepressorL,30,6.0,-24.0,False,False,-0.06104121404564729
1700567706828-2-8-1-7-5,8,Sadness,Incorrect,ChinRaiserB,30,3.0,-27.0,False,False,-0.3664720317560412
1700567914515-2-8-3-6-5,8,Sadness,Incorrect,LipCornerDepressorR,5,7.0,2.0,False,True,-0.40609593773601205
1700567914515-2-8-3-6-5,8,Sadness,Incorrect,LipCornerDepressorL,5,7.0,2.0,False,True,-0.3601093785649172
1700567914515-2-8-3-6-5,8,Sadness,Incorrect,ChinRaiserB,5,7.0,2.0,False,True,-0.552672310938678
1700567916813-2-8-3-7-5,8,Sadness,Incorrect,LipCornerDepressorR,30,,,,,0.2513966201507784
1700567916813-2-8-3-7-5,8,Sadness,Incorrect,LipCornerDepressorL,30,17.0,-13.0,False,False,0.35849366092427964
1700567916813-2-8-3-7-5,8,Sadness,Incorrect,ChinRaiserB,30,18.0,-12.0,False,False,-0.2510713558334193
1700567932221-2-8-3-15-5,8,Sadness,Incorrect,LipCornerDepressorR,18,14.0,-4.0,False,False,0.37185092351860743
1700567932221-2-8-3-15-5,8,Sadness,Incorrect,LipCornerDepressorL,18,14.0,-4.0,False,False,0.30752432373623506
1700567932221-2-8-3-15-5,8,Sadness,Incorrect,ChinRaiserB,18,18.0,0.0,True,True,0.3958927013334389
1700568077758-2-8-4-1-5,8,Sadness,Correct,LipCornerDepressorR,2,14.0,12.0,False,False,0.2689602714528195
1700568077758-2-8-4-1-5,8,Sadness,Correct,LipCornerDepressorL,2,14.0,12.0,False,False,0.26568724618111006
1700568077758-2-8-4-1-5,8,Sadness,Correct,ChinRaiserB,2,6.0,4.0,False,False,-0.38977132183162944
1700577641790-2-10-1-1-5,10,Sadness,Correct,LipCornerDepressorR,2,13.0,11.0,False,False,-0.1651418145302521
1700577641790-2-10-1-1-5,10,Sadness,Correct,LipCornerDepressorL,2,10.0,8.0,False,False,-0.09097493247856617
1700577641790-2-10-1-1-5,10,Sadness,Correct,ChinRaiserB,2,3.0,1.0,True,True,0.08509997105625501
1700577851526-2-10-3-6-5,10,Sadness,Correct,LipCornerDepressorR,23,20.0,-3.0,False,False,0.03751954703560432
1700577851526-2-10-3-6-5,10,Sadness,Correct,LipCornerDepressorL,23,20.0,-3.0,False,False,0.0296107709252962
1700577851526-2-10-3-6-5,10,Sadness,Correct,ChinRaiserB,23,20.0,-3.0,False,False,-0.04043331199732271
1700577854173-2-10-3-7-5,10,Sadness,Correct,LipCornerDepressorR,18,9.0,-9.0,False,False,0.17256860476139166
1700577854173-2-10-3-7-5,10,Sadness,Correct,LipCornerDepressorL,18,9.0,-9.0,False,False,0.1913423154545424
1700577854173-2-10-3-7-5,10,Sadness,Correct,ChinRaiserB,18,7.0,-11.0,False,False,-0.030431026221656617
1700577870256-2-10-3-15-5,10,Sadness,Correct,LipCornerDepressorR,2,25.0,23.0,False,False,-0.10030250843386224
1700577870256-2-10-3-15-5,10,Sadness,Correct,LipCornerDepressorL,2,25.0,23.0,False,False,-0.198529851610073
1700577870256-2-10-3-15-5,10,Sadness,Correct,ChinRaiserB,2,14.0,12.0,False,False,0.249824056024566
1700578020748-2-10-4-8-5,10,Sadness,Correct,LipCornerDepressorR,22,15.0,-7.0,False,False,-0.08152664362162204
1700578020748-2-10-4-8-5,10,Sadness,Correct,LipCornerDepressorL,22,15.0,-7.0,False,False,-0.09902482068728619
1700578020748-2-10-4-8-5,10,Sadness,Correct,ChinRaiserB,22,15.0,-7.0,False,False,-0.06791904918652418
1700578036809-2-10-4-17-5,10,Sadness,Correct,LipCornerDepressorR,27,20.0,-7.0,False,False,-0.0353659147896183
1700578036809-2-10-4-17-5,10,Sadness,Correct,LipCornerDepressorL,27,20.0,-7.0,False,False,-0.026249203486089032
1700578036809-2-10-4-17-5,10,Sadness,Correct,ChinRaiserB,27,20.0,-7.0,False,False,-0.10727859405915083
1700578042343-2-10-4-20-5,10,Sadness,Correct,LipCornerDepressorR,12,9.0,-3.0,False,False,-0.11293345926714046
1700578042343-2-10-4-20-5,10,Sadness,Correct,LipCornerDepressorL,12,9.0,-3.0,False,False,-0.09267725037971715
1700578042343-2-10-4-20-5,10,Sadness,Correct,ChinRaiserB,12,9.0,-3.0,False,False,-0.01779167117272171
1700583815717-2-13-1-7-5,13,Sadness,Correct,LipCornerDepressorR,8,5.0,-3.0,False,False,0.316132670038466
1700583815717-2-13-1-7-5,13,Sadness,Correct,LipCornerDepressorL,8,5.0,-3.0,False,False,0.3228170453023007
1700583815717-2-13-1-7-5,13,Sadness,Correct,ChinRaiserB,8,5.0,-3.0,False,False,0.23612547048851365
1700584012456-2-13-3-6-5,13,Sadness,Correct,LipCornerDepressorR,15,20.0,5.0,False,False,-0.0393378081506156
1700584012456-2-13-3-6-5,13,Sadness,Correct,LipCornerDepressorL,15,8.0,-7.0,False,False,-0.009511822970677942
1700584012456-2-13-3-6-5,13,Sadness,Correct,ChinRaiserB,15,8.0,-7.0,False,False,-0.0752591017937988
1700584030294-2-13-3-15-5,13,Sadness,Correct,LipCornerDepressorR,2,20.0,18.0,False,False,0.1729317686805483
1700584030294-2-13-3-15-5,13,Sadness,Correct,LipCornerDepressorL,2,20.0,18.0,False,False,0.1285136833212467
1700584030294-2-13-3-15-5,13,Sadness,Correct,ChinRaiserB,2,16.0,14.0,False,False,-0.10299287921152483
1700584204317-2-13-4-1-5,13,Sadness,Correct,LipCornerDepressorR,2,12.0,10.0,False,False,0.051597549899109245
1700584204317-2-13-4-1-5,13,Sadness,Correct,LipCornerDepressorL,2,12.0,10.0,False,False,0.051702507070635895
1700584204317-2-13-4-1-5,13,Sadness,Correct,ChinRaiserB,2,10.0,8.0,False,False,-0.044955589464971406
1700584216493-2-13-4-8-5,13,Sadness,Correct,LipCornerDepressorR,20,16.0,-4.0,False,False,-0.1620184773080619
1700584216493-2-13-4-8-5,13,Sadness,Correct,LipCornerDepressorL,20,16.0,-4.0,False,False,-0.20253996951853342
1700584216493-2-13-4-8-5,13,Sadness,Correct,ChinRaiserB,20,16.0,-4.0,False,False,0.2225983395864907
1700584232123-2-13-4-17-5,13,Sadness,Correct,LipCornerDepressorR,21,17.0,-4.0,False,False,-0.30373444932685545
1700584232123-2-13-4-17-5,13,Sadness,Correct,LipCornerDepressorL,21,17.0,-4.0,False,False,-0.3052806536208013
1700584232123-2-13-4-17-5,13,Sadness,Correct,ChinRaiserB,21,17.0,-4.0,False,False,-0.08011132243196699
1700584237227-2-13-4-20-5,13,Sadness,Correct,LipCornerDepressorR,21,19.0,-2.0,False,True,0.22927962078768033
1700584237227-2-13-4-20-5,13,Sadness,Correct,LipCornerDepressorL,21,19.0,-2.0,False,True,0.24856937438686533
1700584237227-2-13-4-20-5,13,Sadness,Correct,ChinRaiserB,21,19.0,-2.0,False,True,0.33572141927276483
1700747147435-2-15-1-1-5,15,Sadness,Correct,LipCornerDepressorR,2,2.0,0.0,True,True,0.7608086017000409
1700747147435-2-15-1-1-5,15,Sadness,Correct,LipCornerDepressorL,2,2.0,0.0,True,True,0.6858333745388687
1700747147435-2-15-1-1-5,15,Sadness,Correct,ChinRaiserB,2,2.0,0.0,True,True,0.7819707446941052
1700747157106-2-15-1-5-5,15,Sadness,Correct,LipCornerDepressorR,10,7.0,-3.0,False,False,-0.23775174638494034
1700747157106-2-15-1-5-5,15,Sadness,Correct,LipCornerDepressorL,10,7.0,-3.0,False,False,-0.21524641469013533
1700747157106-2-15-1-5-5,15,Sadness,Correct,ChinRaiserB,10,7.0,-3.0,False,False,0.27764561968163776
1700747359928-2-15-3-7-5,15,Sadness,Correct,LipCornerDepressorR,18,13.0,-5.0,False,False,-0.11325139540403432
1700747359928-2-15-3-7-5,15,Sadness,Correct,LipCornerDepressorL,18,13.0,-5.0,False,False,-0.06027220840735416
1700747359928-2-15-3-7-5,15,Sadness,Correct,ChinRaiserB,18,16.0,-2.0,False,True,0.1614228186296721
1700747376723-2-15-3-15-5,15,Sadness,Correct,LipCornerDepressorR,2,20.0,18.0,False,False,-0.6362580591961742
1700747376723-2-15-3-15-5,15,Sadness,Correct,LipCornerDepressorL,2,23.0,21.0,False,False,-0.7210044219381057
1700747376723-2-15-3-15-5,15,Sadness,Correct,ChinRaiserB,2,5.0,3.0,False,False,0.4342282979168325
1700747514980-2-15-4-1-5,15,Sadness,Correct,LipCornerDepressorR,14,8.0,-6.0,False,False,-0.0041508219994841385
1700747514980-2-15-4-1-5,15,Sadness,Correct,LipCornerDepressorL,14,8.0,-6.0,False,False,0.04903415117349341
1700747514980-2-15-4-1-5,15,Sadness,Correct,ChinRaiserB,14,9.0,-5.0,False,False,0.1222365997222658
1700747527030-2-15-4-8-5,15,Sadness,Correct,LipCornerDepressorR,2,2.0,0.0,True,True,0.2161847817114085
1700747527030-2-15-4-8-5,15,Sadness,Correct,LipCornerDepressorL,2,2.0,0.0,True,True,0.2564027508246298
1700747527030-2-15-4-8-5,15,Sadness,Correct,ChinRaiserB,2,2.0,0.0,True,True,0.6771295946265916
1700747543178-2-15-4-17-5,15,Sadness,Correct,LipCornerDepressorR,5,4.0,-1.0,True,True,0.1494037377392211
1700747543178-2-15-4-17-5,15,Sadness,Correct,LipCornerDepressorL,5,4.0,-1.0,True,True,0.13617953676599112
1700747543178-2-15-4-17-5,15,Sadness,Correct,ChinRaiserB,5,6.0,1.0,True,True,0.472283837104454
1700756276004-2-18-1-1-5,18,Sadness,Correct,LipCornerDepressorR,18,9.0,-9.0,False,False,-0.20246994467982501
1700756276004-2-18-1-1-5,18,Sadness,Correct,LipCornerDepressorL,18,9.0,-9.0,False,False,-0.2020873634473547
1700756276004-2-18-1-1-5,18,Sadness,Correct,ChinRaiserB,18,10.0,-8.0,False,False,0.25014699882524594
1700756285404-2-18-1-5-5,18,Sadness,Correct,LipCornerDepressorR,11,8.0,-3.0,False,False,0.05920937481524678
1700756285404-2-18-1-5-5,18,Sadness,Correct,LipCornerDepressorL,11,8.0,-3.0,False,False,0.05466371998338383
1700756285404-2-18-1-5-5,18,Sadness,Correct,ChinRaiserB,11,8.0,-3.0,False,False,0.1879040137190887
1700756494467-2-18-3-6-5,18,Sadness,Correct,LipCornerDepressorR,5,4.0,-1.0,True,True,0.08851244373476026
1700756494467-2-18-3-6-5,18,Sadness,Correct,LipCornerDepressorL,5,4.0,-1.0,True,True,0.1415064808843132
1700756494467-2-18-3-6-5,18,Sadness,Correct,ChinRaiserB,5,4.0,-1.0,True,True,0.6307927933104535
1700756512745-2-18-3-15-5,18,Sadness,Correct,LipCornerDepressorR,3,8.0,5.0,False,False,-0.1045971464195347
1700756512745-2-18-3-15-5,18,Sadness,Correct,LipCornerDepressorL,3,8.0,5.0,False,False,-0.10081125485372934
1700756512745-2-18-3-15-5,18,Sadness,Correct,ChinRaiserB,3,25.0,22.0,False,False,-0.42240157550607393
1700756706103-2-18-4-1-5,18,Sadness,Correct,LipCornerDepressorR,2,16.0,14.0,False,False,0.334400812147378
1700756706103-2-18-4-1-5,18,Sadness,Correct,LipCornerDepressorL,2,16.0,14.0,False,False,0.3334817990865964
1700756706103-2-18-4-1-5,18,Sadness,Correct,ChinRaiserB,2,19.0,17.0,False,False,0.17735936649324127
1700756719177-2-18-4-8-5,18,Sadness,Correct,LipCornerDepressorR,2,11.0,9.0,False,False,-0.0017867892727152666
1700756719177-2-18-4-8-5,18,Sadness,Correct,LipCornerDepressorL,2,11.0,9.0,False,False,-0.046803684082265325
1700756719177-2-18-4-8-5,18,Sadness,Correct,ChinRaiserB,2,7.0,5.0,False,False,-0.1005968790403828
1700756739446-2-18-4-20-5,18,Sadness,Correct,LipCornerDepressorR,5,4.0,-1.0,True,True,0.009333235669173628
1700756739446-2-18-4-20-5,18,Sadness,Correct,LipCornerDepressorL,5,4.0,-1.0,True,True,0.018777383089367782
1700756739446-2-18-4-20-5,18,Sadness,Correct,ChinRaiserB,5,4.0,-1.0,True,True,0.6901839163934292
1701085397170-2-23-1-1-5,23,Sadness,Correct,LipCornerDepressorR,2,26.0,24.0,False,False,0.02600897530826493
1701085397170-2-23-1-1-5,23,Sadness,Correct,LipCornerDepressorL,2,26.0,24.0,False,False,0.02447071934409572
1701085397170-2-23-1-1-5,23,Sadness,Correct,ChinRaiserB,2,26.0,24.0,False,False,0.014356258153392686
1701085406198-2-23-1-5-5,23,Sadness,Correct,LipCornerDepressorR,21,19.0,-2.0,False,True,0.18510389505684313
1701085406198-2-23-1-5-5,23,Sadness,Correct,LipCornerDepressorL,21,19.0,-2.0,False,True,0.19803782223246802
1701085406198-2-23-1-5-5,23,Sadness,Correct,ChinRaiserB,21,20.0,-1.0,True,True,0.3536564328913908
1701085411341-2-23-1-7-5,23,Sadness,Correct,LipCornerDepressorR,29,27.0,-2.0,False,True,0.23904228271863057
1701085411341-2-23-1-7-5,23,Sadness,Correct,LipCornerDepressorL,29,26.0,-3.0,False,False,0.20321186124451512
1701085411341-2-23-1-7-5,23,Sadness,Correct,ChinRaiserB,29,26.0,-3.0,False,False,0.2399619666539892
1701085617891-2-23-3-7-5,23,Sadness,Correct,LipCornerDepressorR,2,20.0,18.0,False,False,0.007567641253319594
1701085617891-2-23-3-7-5,23,Sadness,Correct,LipCornerDepressorL,2,20.0,18.0,False,False,0.03827738391434307
1701085617891-2-23-3-7-5,23,Sadness,Correct,ChinRaiserB,2,6.0,4.0,False,False,0.10169083609623134
1701085633973-2-23-3-15-5,23,Sadness,Correct,LipCornerDepressorR,2,16.0,14.0,False,False,0.06810608712878263
1701085633973-2-23-3-15-5,23,Sadness,Correct,LipCornerDepressorL,2,16.0,14.0,False,False,0.08550803847565133
1701085633973-2-23-3-15-5,23,Sadness,Correct,ChinRaiserB,2,3.0,1.0,True,True,0.136725123520821
1701085784771-2-23-4-1-5,23,Sadness,Correct,LipCornerDepressorR,12,11.0,-1.0,True,True,0.4974925787729442
1701085784771-2-23-4-1-5,23,Sadness,Correct,LipCornerDepressorL,12,11.0,-1.0,True,True,0.5018475478938602
1701085784771-2-23-4-1-5,23,Sadness,Correct,ChinRaiserB,12,11.0,-1.0,True,True,0.5157556877331475
1701085796688-2-23-4-8-5,23,Sadness,Correct,LipCornerDepressorR,8,7.0,-1.0,True,True,0.5144034115062098
1701085796688-2-23-4-8-5,23,Sadness,Correct,LipCornerDepressorL,8,7.0,-1.0,True,True,0.4934751209257601
1701085796688-2-23-4-8-5,23,Sadness,Correct,ChinRaiserB,8,7.0,-1.0,True,True,0.4769180087242524
1701085812843-2-23-4-17-5,23,Sadness,Correct,LipCornerDepressorR,26,24.0,-2.0,False,True,0.19967593533044734
1701085812843-2-23-4-17-5,23,Sadness,Correct,LipCornerDepressorL,26,24.0,-2.0,False,True,0.1855096545927647
1701085812843-2-23-4-17-5,23,Sadness,Correct,ChinRaiserB,26,23.0,-3.0,False,False,0.15803308575488087
1701094450282-2-27-1-5-5,27,Sadness,Correct,LipCornerDepressorR,21,19.0,-2.0,False,True,-0.03897256282266639
1701094450282-2-27-1-5-5,27,Sadness,Correct,LipCornerDepressorL,21,19.0,-2.0,False,True,-0.0463838309969485
1701094450282-2-27-1-5-5,27,Sadness,Correct,ChinRaiserB,21,19.0,-2.0,False,True,0.024515310352241394
1701094455829-2-27-1-7-5,27,Sadness,Correct,LipCornerDepressorR,2,3.0,1.0,True,True,0.07774726586103664
1701094455829-2-27-1-7-5,27,Sadness,Correct,LipCornerDepressorL,2,21.0,19.0,False,False,0.06035508077574172
1701094455829-2-27-1-7-5,27,Sadness,Correct,ChinRaiserB,2,18.0,16.0,False,False,0.11521472127371227
1701094664518-2-27-3-6-5,27,Sadness,Correct,LipCornerDepressorR,6,5.0,-1.0,True,True,0.47025779773349213
1701094664518-2-27-3-6-5,27,Sadness,Correct,LipCornerDepressorL,6,5.0,-1.0,True,True,0.46834686901028144
1701094664518-2-27-3-6-5,27,Sadness,Correct,ChinRaiserB,6,5.0,-1.0,True,True,0.4416061639271028
1701094821546-2-27-4-1-5,27,Sadness,Correct,LipCornerDepressorR,7,7.0,0.0,True,True,0.7293266633464728
1701094821546-2-27-4-1-5,27,Sadness,Correct,LipCornerDepressorL,7,7.0,0.0,True,True,0.695457598488423
1701094821546-2-27-4-1-5,27,Sadness,Correct,ChinRaiserB,7,7.0,0.0,True,True,0.7031905639596003
1701094855279-2-27-4-20-5,27,Sadness,Correct,LipCornerDepressorR,2,2.0,0.0,True,True,0.20052888084112666
1701094855279-2-27-4-20-5,27,Sadness,Correct,LipCornerDepressorL,2,2.0,0.0,True,True,0.21218299581956215
1701094855279-2-27-4-20-5,27,Sadness,Correct,ChinRaiserB,2,21.0,19.0,False,False,0.15727113369244647
1700479243878-2-1-3-3-6,1,Surprise,Correct,JawDrop,25,24.0,-1.0,True,True,0.5493357386595954
1700479243878-2-1-3-3-6,1,Surprise,Correct,OuterBrowRaiserL,25,26.0,1.0,True,True,0.5557522612665474
1700479243878-2-1-3-3-6,1,Surprise,Correct,OuterBrowRaiserR,25,26.0,1.0,True,True,0.4425070856226712
1700479264139-2-1-3-13-6,1,Surprise,Correct,JawDrop,12,10.0,-2.0,False,True,0.20155162609120758
1700479264139-2-1-3-13-6,1,Surprise,Correct,OuterBrowRaiserL,12,16.0,4.0,False,False,-0.1321153511767489
1700479264139-2-1-3-13-6,1,Surprise,Correct,OuterBrowRaiserR,12,16.0,4.0,False,False,-0.08099501596230464
1700479276498-2-1-3-19-6,1,Surprise,Correct,JawDrop,17,15.0,-2.0,False,True,0.2697315964479588
1700479276498-2-1-3-19-6,1,Surprise,Correct,OuterBrowRaiserL,17,17.0,0.0,True,True,0.7375497577527244
1700479276498-2-1-3-19-6,1,Surprise,Correct,OuterBrowRaiserR,17,17.0,0.0,True,True,0.7789836916511237
1700479417615-2-1-4-3-6,1,Surprise,Correct,JawDrop,5,5.0,0.0,True,True,0.9349951648123158
1700479417615-2-1-4-3-6,1,Surprise,Correct,OuterBrowRaiserL,5,7.0,2.0,False,True,0.26099500194335074
1700479417615-2-1-4-3-6,1,Surprise,Correct,OuterBrowRaiserR,5,7.0,2.0,False,True,0.30134228203599106
1700479445256-2-1-4-19-6,1,Surprise,Correct,JawDrop,10,8.0,-2.0,False,True,0.4153265939408394
1700479445256-2-1-4-19-6,1,Surprise,Correct,OuterBrowRaiserL,10,29.0,19.0,False,False,0.08602122038906376
1700479445256-2-1-4-19-6,1,Surprise,Correct,OuterBrowRaiserR,10,29.0,19.0,False,False,0.13367464562146944
1700479459026-2-1-4-27-6,1,Surprise,Correct,JawDrop,17,16.0,-1.0,True,True,0.4347793867646594
1700479459026-2-1-4-27-6,1,Surprise,Correct,OuterBrowRaiserL,17,21.0,4.0,False,False,0.06397078618533925
1700479459026-2-1-4-27-6,1,Surprise,Correct,OuterBrowRaiserR,17,21.0,4.0,False,False,0.1471675610378019
1700567790485-2-8-2-2-6,8,Surprise,Correct,JawDrop,25,23.0,-2.0,False,True,0.27893827106328206
1700567790485-2-8-2-2-6,8,Surprise,Correct,OuterBrowRaiserL,25,23.0,-2.0,False,True,0.11735645507944426
1700567790485-2-8-2-2-6,8,Surprise,Correct,OuterBrowRaiserR,25,23.0,-2.0,False,True,0.12411847621411676
1700567804174-2-8-2-8-6,8,Surprise,Correct,JawDrop,17,16.0,-1.0,True,True,0.5494115472525304
1700567804174-2-8-2-8-6,8,Surprise,Correct,OuterBrowRaiserL,17,14.0,-3.0,False,False,0.42684136966286884
1700567804174-2-8-2-8-6,8,Surprise,Correct,OuterBrowRaiserR,17,14.0,-3.0,False,False,0.4292546226556583
1700567807289-2-8-2-9-6,8,Surprise,Correct,JawDrop,27,25.0,-2.0,False,True,0.5970028054135323
1700567807289-2-8-2-9-6,8,Surprise,Correct,OuterBrowRaiserL,27,25.0,-2.0,False,True,0.3481732984445512
1700567807289-2-8-2-9-6,8,Surprise,Correct,OuterBrowRaiserR,27,25.0,-2.0,False,True,0.34976131401623844
1700567907954-2-8-3-3-6,8,Surprise,Correct,JawDrop,18,18.0,0.0,True,True,0.892945902824945
1700567907954-2-8-3-3-6,8,Surprise,Correct,OuterBrowRaiserL,18,17.0,-1.0,True,True,0.7918160255406589
1700567907954-2-8-3-3-6,8,Surprise,Correct,OuterBrowRaiserR,18,18.0,0.0,True,True,0.8522350355381415
1700567928618-2-8-3-13-6,8,Surprise,Correct,JawDrop,5,5.0,0.0,True,True,0.7077781024886498
1700567928618-2-8-3-13-6,8,Surprise,Correct,OuterBrowRaiserL,5,3.0,-2.0,False,True,0.5247451536141773
1700567928618-2-8-3-13-6,8,Surprise,Correct,OuterBrowRaiserR,5,2.0,-3.0,False,False,0.546249508925101
1700568081350-2-8-4-3-6,8,Surprise,Correct,JawDrop,3,2.0,-1.0,True,True,0.6973611961144978
1700568081350-2-8-4-3-6,8,Surprise,Correct,OuterBrowRaiserL,3,2.0,-1.0,True,True,0.6294218036771315
1700568081350-2-8-4-3-6,8,Surprise,Correct,OuterBrowRaiserR,3,2.0,-1.0,True,True,0.6837063432002708
1700568112955-2-8-4-21-6,8,Surprise,Correct,JawDrop,6,6.0,0.0,True,True,0.938242038664669
1700568112955-2-8-4-21-6,8,Surprise,Correct,OuterBrowRaiserL,6,6.0,0.0,True,True,0.8722716601313729
1700568112955-2-8-4-21-6,8,Surprise,Correct,OuterBrowRaiserR,6,6.0,0.0,True,True,0.8933154596834237
1700577751365-2-10-2-8-6,10,Surprise,Correct,JawDrop,22,20.0,-2.0,False,True,0.5557498669712557
1700577751365-2-10-2-8-6,10,Surprise,Correct,OuterBrowRaiserL,22,22.0,0.0,True,True,0.9223956875968097
1700577751365-2-10-2-8-6,10,Surprise,Correct,OuterBrowRaiserR,22,23.0,1.0,True,True,0.9070676327501337
1700577753271-2-10-2-9-6,10,Surprise,Correct,JawDrop,24,20.0,-4.0,False,False,0.08890653134585229
1700577753271-2-10-2-9-6,10,Surprise,Correct,OuterBrowRaiserL,24,22.0,-2.0,False,True,0.4510775428892629
1700577753271-2-10-2-9-6,10,Surprise,Correct,OuterBrowRaiserR,24,3.0,-21.0,False,False,0.32597650648910126
1700577877659-2-10-3-19-6,10,Surprise,Correct,JawDrop,23,19.0,-4.0,False,False,0.21883227935740002
1700577877659-2-10-3-19-6,10,Surprise,Correct,OuterBrowRaiserL,23,22.0,-1.0,True,True,0.6988308125801217
1700577877659-2-10-3-19-6,10,Surprise,Correct,OuterBrowRaiserR,23,22.0,-1.0,True,True,0.6584336752215029
1700578011711-2-10-4-3-6,10,Surprise,Correct,JawDrop,12,9.0,-3.0,False,False,0.16202830584742828
1700578011711-2-10-4-3-6,10,Surprise,Correct,OuterBrowRaiserL,12,11.0,-1.0,True,True,0.7897445939897672
1700578011711-2-10-4-3-6,10,Surprise,Correct,OuterBrowRaiserR,12,11.0,-1.0,True,True,0.7236453951154241
1700578043747-2-10-4-21-6,10,Surprise,Correct,JawDrop,26,24.0,-2.0,False,True,0.15282992118159866
1700578043747-2-10-4-21-6,10,Surprise,Correct,OuterBrowRaiserL,26,27.0,1.0,True,True,0.8011606082609826
1700578043747-2-10-4-21-6,10,Surprise,Correct,OuterBrowRaiserR,26,27.0,1.0,True,True,0.8196315767597873
1700578053937-2-10-4-27-6,10,Surprise,Correct,JawDrop,22,16.0,-6.0,False,False,0.15769746668634252
1700578053937-2-10-4-27-6,10,Surprise,Correct,OuterBrowRaiserL,22,21.0,-1.0,True,True,0.8560712270217541
1700578053937-2-10-4-27-6,10,Surprise,Correct,OuterBrowRaiserR,22,22.0,0.0,True,True,0.8091901625862228
1700583887578-2-13-2-2-6,13,Surprise,Correct,JawDrop,18,15.0,-3.0,False,False,0.043354439535947836
1700583887578-2-13-2-2-6,13,Surprise,Correct,OuterBrowRaiserL,18,29.0,11.0,False,False,-0.028361142210571733
1700583887578-2-13-2-2-6,13,Surprise,Correct,OuterBrowRaiserR,18,29.0,11.0,False,False,0.32871792828011304
1700583903979-2-13-2-8-6,13,Surprise,Correct,JawDrop,2,20.0,18.0,False,False,0.3797948307536056
1700583903979-2-13-2-8-6,13,Surprise,Correct,OuterBrowRaiserL,2,18.0,16.0,False,False,0.48323582289908373
1700583903979-2-13-2-8-6,13,Surprise,Correct,OuterBrowRaiserR,2,18.0,16.0,False,False,0.47516691440028164
1700584025989-2-13-3-13-6,13,Surprise,Correct,JawDrop,5,16.0,11.0,False,False,0.2844278318803797
1700584025989-2-13-3-13-6,13,Surprise,Correct,OuterBrowRaiserL,5,5.0,0.0,True,True,0.7322117770117507
1700584025989-2-13-3-13-6,13,Surprise,Correct,OuterBrowRaiserR,5,5.0,0.0,True,True,0.6907313222954051
1700584037726-2-13-3-19-6,13,Surprise,Correct,JawDrop,21,18.0,-3.0,False,False,0.34218046043859734
1700584037726-2-13-3-19-6,13,Surprise,Correct,OuterBrowRaiserL,21,23.0,2.0,False,True,0.29222499112681294
1700584037726-2-13-3-19-6,13,Surprise,Correct,OuterBrowRaiserR,21,25.0,4.0,False,False,0.14383555040670226
1700584207271-2-13-4-3-6,13,Surprise,Correct,JawDrop,17,17.0,0.0,True,True,0.5691884323090126
1700584207271-2-13-4-3-6,13,Surprise,Correct,OuterBrowRaiserL,17,17.0,0.0,True,True,0.5559323226254738
1700584207271-2-13-4-3-6,13,Surprise,Correct,OuterBrowRaiserR,17,17.0,0.0,True,True,0.567789102280976
1700584238451-2-13-4-21-6,13,Surprise,Correct,JawDrop,12,12.0,0.0,True,True,0.5540465285006015
1700584238451-2-13-4-21-6,13,Surprise,Correct,OuterBrowRaiserL,12,12.0,0.0,True,True,0.6113315226993999
1700584238451-2-13-4-21-6,13,Surprise,Correct,OuterBrowRaiserR,12,12.0,0.0,True,True,0.5475839121863806
1700584249628-2-13-4-27-6,13,Surprise,Correct,JawDrop,23,19.0,-4.0,False,False,0.15697643184120277
1700584249628-2-13-4-27-6,13,Surprise,Correct,OuterBrowRaiserL,23,21.0,-2.0,False,True,0.3264584740453979
1700584249628-2-13-4-27-6,13,Surprise,Correct,OuterBrowRaiserR,23,21.0,-2.0,False,True,0.34417544017334456
1700747233836-2-15-2-2-6,15,Surprise,Incorrect,JawDrop,14,2.0,-12.0,False,False,0.3403938793316983
1700747233836-2-15-2-2-6,15,Surprise,Incorrect,OuterBrowRaiserL,14,,,,,0.1688215119570957
1700747233836-2-15-2-2-6,15,Surprise,Incorrect,OuterBrowRaiserR,14,,,,,0.16882152143548823
1700747248666-2-15-2-8-6,15,Surprise,Correct,JawDrop,3,17.0,14.0,False,False,0.32400897863943473
1700747248666-2-15-2-8-6,15,Surprise,Correct,OuterBrowRaiserL,3,,,,,-0.7503201492086732
1700747248666-2-15-2-8-6,15,Surprise,Correct,OuterBrowRaiserR,3,,,,,-0.7500916743067632
1700747250542-2-15-2-9-6,15,Surprise,Correct,JawDrop,28,19.0,-9.0,False,False,-0.06567023550474033
1700747250542-2-15-2-9-6,15,Surprise,Correct,OuterBrowRaiserL,28,27.0,-1.0,True,True,0.4342019368467176
1700747250542-2-15-2-9-6,15,Surprise,Correct,OuterBrowRaiserR,28,29.0,1.0,True,True,0.3955194815400371
1700747352492-2-15-3-3-6,15,Surprise,Correct,JawDrop,11,11.0,0.0,True,True,0.7820303671102667
1700747352492-2-15-3-3-6,15,Surprise,Correct,OuterBrowRaiserL,11,12.0,1.0,True,True,0.8531802471049083
1700747352492-2-15-3-3-6,15,Surprise,Correct,OuterBrowRaiserR,11,12.0,1.0,True,True,0.8533474731013008
1700747372332-2-15-3-13-6,15,Surprise,Correct,JawDrop,16,15.0,-1.0,True,True,0.4198940693978168
1700747372332-2-15-3-13-6,15,Surprise,Correct,OuterBrowRaiserL,16,,,,,0.20398525164608602
1700747372332-2-15-3-13-6,15,Surprise,Correct,OuterBrowRaiserR,16,,,,,0.20430505510351504
1700747384624-2-15-3-19-6,15,Surprise,Incorrect,JawDrop,2,2.0,0.0,True,True,0.3471320431152659
1700747384624-2-15-3-19-6,15,Surprise,Incorrect,OuterBrowRaiserL,2,2.0,0.0,True,True,0.5331892117698788
1700747384624-2-15-3-19-6,15,Surprise,Incorrect,OuterBrowRaiserR,2,2.0,0.0,True,True,0.6376876379763078
1700747550545-2-15-4-21-6,15,Surprise,Correct,JawDrop,5,3.0,-2.0,False,True,0.3340808929140161
1700747550545-2-15-4-21-6,15,Surprise,Correct,OuterBrowRaiserL,5,,,,,-0.421496951985907
1700747550545-2-15-4-21-6,15,Surprise,Correct,OuterBrowRaiserR,5,15.0,10.0,False,False,0.3502648898623037
1700756365257-2-18-2-2-6,18,Surprise,Correct,JawDrop,10,9.0,-1.0,True,True,0.4401597643568565
1700756365257-2-18-2-2-6,18,Surprise,Correct,OuterBrowRaiserL,10,10.0,0.0,True,True,0.9155904164605873
1700756365257-2-18-2-2-6,18,Surprise,Correct,OuterBrowRaiserR,10,10.0,0.0,True,True,0.9135970944771046
1700756380628-2-18-2-8-6,18,Surprise,Correct,JawDrop,14,12.0,-2.0,False,True,0.5015219069481149
1700756380628-2-18-2-8-6,18,Surprise,Correct,OuterBrowRaiserL,14,13.0,-1.0,True,True,0.7584408395151134
1700756380628-2-18-2-8-6,18,Surprise,Correct,OuterBrowRaiserR,14,13.0,-1.0,True,True,0.8069981112654968
1700756382762-2-18-2-9-6,18,Surprise,Correct,JawDrop,22,20.0,-2.0,False,True,0.46707943681391473
1700756382762-2-18-2-9-6,18,Surprise,Correct,OuterBrowRaiserL,22,22.0,0.0,True,True,0.7144165505144809
1700756382762-2-18-2-9-6,18,Surprise,Correct,OuterBrowRaiserR,22,22.0,0.0,True,True,0.6743374333968745
1700756508190-2-18-3-13-6,18,Surprise,Correct,JawDrop,10,9.0,-1.0,True,True,0.5639146624438275
1700756508190-2-18-3-13-6,18,Surprise,Correct,OuterBrowRaiserL,10,9.0,-1.0,True,True,0.576005341504846
1700756508190-2-18-3-13-6,18,Surprise,Correct,OuterBrowRaiserR,10,9.0,-1.0,True,True,0.5471064620405268
1700756520318-2-18-3-19-6,18,Surprise,Correct,JawDrop,5,5.0,0.0,True,True,0.6686252318327663
1700756520318-2-18-3-19-6,18,Surprise,Correct,OuterBrowRaiserL,5,5.0,0.0,True,True,0.7051835893888381
1700756520318-2-18-3-19-6,18,Surprise,Correct,OuterBrowRaiserR,5,5.0,0.0,True,True,0.7050563702977041
1700756740978-2-18-4-21-6,18,Surprise,Correct,JawDrop,2,2.0,0.0,True,True,0.8694966602281918
1700756740978-2-18-4-21-6,18,Surprise,Correct,OuterBrowRaiserL,2,2.0,0.0,True,True,0.8317311523175147
1700756740978-2-18-4-21-6,18,Surprise,Correct,OuterBrowRaiserR,2,2.0,0.0,True,True,0.8450817009536242
1700756752506-2-18-4-27-6,18,Surprise,Correct,JawDrop,19,10.0,-9.0,False,False,0.2094075296704606
1700756752506-2-18-4-27-6,18,Surprise,Correct,OuterBrowRaiserL,19,19.0,0.0,True,True,0.37109336672748877
1700756752506-2-18-4-27-6,18,Surprise,Correct,OuterBrowRaiserR,19,19.0,0.0,True,True,0.3836403492020253
1701085488586-2-23-2-2-6,23,Surprise,Correct,JawDrop,2,6.0,4.0,False,False,0.2391226423166584
1701085488586-2-23-2-2-6,23,Surprise,Correct,OuterBrowRaiserL,2,3.0,1.0,True,True,-0.0133245134697341
1701085488586-2-23-2-2-6,23,Surprise,Correct,OuterBrowRaiserR,2,3.0,1.0,True,True,0.026620939549715755
1701085503372-2-23-2-8-6,23,Surprise,Correct,JawDrop,23,23.0,0.0,True,True,0.9415849001132424
1701085503372-2-23-2-8-6,23,Surprise,Correct,OuterBrowRaiserL,23,23.0,0.0,True,True,0.8524090047756607
1701085503372-2-23-2-8-6,23,Surprise,Correct,OuterBrowRaiserR,23,23.0,0.0,True,True,0.8576139529315459
1701085609204-2-23-3-3-6,23,Surprise,Correct,JawDrop,18,17.0,-1.0,True,True,0.8087546536467353
1701085609204-2-23-3-3-6,23,Surprise,Correct,OuterBrowRaiserL,18,17.0,-1.0,True,True,0.8715912974926923
1701085609204-2-23-3-3-6,23,Surprise,Correct,OuterBrowRaiserR,18,17.0,-1.0,True,True,0.867056501709674
1701085629667-2-23-3-13-6,23,Surprise,Correct,JawDrop,9,7.0,-2.0,False,True,0.5903347083982817
1701085629667-2-23-3-13-6,23,Surprise,Correct,OuterBrowRaiserL,9,9.0,0.0,True,True,0.9747495481776409
1701085629667-2-23-3-13-6,23,Surprise,Correct,OuterBrowRaiserR,9,9.0,0.0,True,True,0.9775878616251595
1701085788374-2-23-4-3-6,23,Surprise,Correct,JawDrop,20,20.0,0.0,True,True,0.8855953115124484
1701085788374-2-23-4-3-6,23,Surprise,Correct,OuterBrowRaiserL,20,21.0,1.0,True,True,0.8915847995901942
1701085788374-2-23-4-3-6,23,Surprise,Correct,OuterBrowRaiserR,20,21.0,1.0,True,True,0.8964857176993106
1701085820057-2-23-4-21-6,23,Surprise,Correct,JawDrop,18,18.0,0.0,True,True,0.8058714276406908
1701085820057-2-23-4-21-6,23,Surprise,Correct,OuterBrowRaiserL,18,17.0,-1.0,True,True,0.5552683889318181
1701085820057-2-23-4-21-6,23,Surprise,Correct,OuterBrowRaiserR,18,17.0,-1.0,True,True,0.5261875899407967
1701085830697-2-23-4-27-6,23,Surprise,Correct,JawDrop,13,11.0,-2.0,False,True,0.5283537278153668
1701085830697-2-23-4-27-6,23,Surprise,Correct,OuterBrowRaiserL,13,10.0,-3.0,False,False,-0.06017957955699447
1701085830697-2-23-4-27-6,23,Surprise,Correct,OuterBrowRaiserR,13,10.0,-3.0,False,False,-0.06277344612865034
1701094536373-2-27-2-2-6,27,Surprise,Correct,JawDrop,2,5.0,3.0,False,False,-0.13015122173764923
1701094536373-2-27-2-2-6,27,Surprise,Correct,OuterBrowRaiserL,2,30.0,28.0,False,False,0.1420156048562095
1701094536373-2-27-2-2-6,27,Surprise,Correct,OuterBrowRaiserR,2,30.0,28.0,False,False,-0.01115086322431048
1701094657984-2-27-3-3-6,27,Surprise,Correct,JawDrop,19,22.0,3.0,False,False,0.5254727015758909
1701094657984-2-27-3-3-6,27,Surprise,Correct,OuterBrowRaiserL,19,20.0,1.0,True,True,0.4223625747725983
1701094657984-2-27-3-3-6,27,Surprise,Correct,OuterBrowRaiserR,19,20.0,1.0,True,True,0.43062928328351263
1701094689680-2-27-3-19-6,27,Surprise,Correct,JawDrop,8,4.0,-4.0,False,False,0.4097438618980773
1701094689680-2-27-3-19-6,27,Surprise,Correct,OuterBrowRaiserL,8,4.0,-4.0,False,False,0.2954702181641583
1701094689680-2-27-3-19-6,27,Surprise,Correct,OuterBrowRaiserR,8,8.0,0.0,True,True,0.5257635865786398
1701094824960-2-27-4-3-6,27,Surprise,Correct,JawDrop,2,2.0,0.0,True,True,0.9051591632511528
1701094824960-2-27-4-3-6,27,Surprise,Correct,OuterBrowRaiserL,2,3.0,1.0,True,True,0.6598192505996443
1701094824960-2-27-4-3-6,27,Surprise,Correct,OuterBrowRaiserR,2,3.0,1.0,True,True,0.6716863876494258
1701094852692-2-27-4-19-6,27,Surprise,Correct,JawDrop,2,16.0,14.0,False,False,0.37779035191195
1701094852692-2-27-4-19-6,27,Surprise,Correct,OuterBrowRaiserL,2,18.0,16.0,False,False,-0.6966853390785396
1701094852692-2-27-4-19-6,27,Surprise,Correct,OuterBrowRaiserR,2,18.0,16.0,False,False,-0.6300776677647112
1701094856933-2-27-4-21-6,27,Surprise,Correct,JawDrop,2,2.0,0.0,True,True,0.2516094154029733
1701094856933-2-27-4-21-6,27,Surprise,Correct,OuterBrowRaiserL,2,28.0,26.0,False,False,0.09505521162098429
1701094856933-2-27-4-21-6,27,Surprise,Correct,OuterBrowRaiserR,2,28.0,26.0,False,False,0.06654867209188178
1701094866874-2-27-4-27-6,27,Surprise,Correct,JawDrop,9,9.0,0.0,True,True,0.6449814178383874
1701094866874-2-27-4-27-6,27,Surprise,Correct,OuterBrowRaiserL,9,9.0,0.0,True,True,0.7612598089707908
1701094866874-2-27-4-27-6,27,Surprise,Correct,OuterBrowRaiserR,9,9.0,0.0,True,True,0.7667679515046503
