modality,sample_id,participant_id,true_label_id,true_label,image_pred_id_static,image_pred_static,static_correct,reenactment_id,perspective,image_pred_id_dynamic,image_pred_dynamic,dynamic_correct,transition,fea_pred_id_static,fea_pred_static,fea_pred_id_dynamic,fea_pred_dynamic,multimodal_pred_id_static,multimodal_pred_static,multimodal_pred_id_dynamic,multimodal_pred_dynamic
Image,1700478995850-2-1-1-0-0-0,1,0,Anger,0.0,Anger,True,1700478995850-2-1-1-0-0,Central,0.0,Anger,True,both_correct,,,,,,,,
Image,1700478995850-2-1-1-0-0-1,1,0,Anger,0.0,Anger,True,1700478995850-2-1-1-0-0,Side,1.0,Disgust,False,static_only_correct,,,,,,,,
Image,1700478998549-2-1-1-1-5-0,1,5,Sadness,5.0,Sadness,True,1700478998549-2-1-1-1-5,Central,5.0,Sadness,True,both_correct,,,,,,,,
Image,1700478998549-2-1-1-1-5-1,1,5,Sadness,5.0,Sadness,True,1700478998549-2-1-1-1-5,Side,5.0,Sadness,True,both_correct,,,,,,,,
Image,1700479001137-2-1-1-2-3-0,1,3,Happiness,3.0,Happiness,True,1700479001137-2-1-1-2-3,Central,3.0,Happiness,True,both_correct,,,,,,,,
Image,1700479001137-2-1-1-2-3-1,1,3,Happiness,3.0,Happiness,True,1700479001137-2-1-1-2-3,Side,2.0,Fear,False,static_only_correct,,,,,,,,
Image,1700479004312-2-1-1-3-0-0,1,0,Anger,1.0,Disgust,False,1700479004312-2-1-1-3-0,Central,4.0,Neutral,False,both_wrong,,,,,,,,
Image,1700479004312-2-1-1-3-0-1,1,0,Anger,5.0,Sadness,False,1700479004312-2-1-1-3-0,Side,1.0,Disgust,False,both_wrong,,,,,,,,
Image,1700479005401-2-1-1-4-0-0,1,0,Anger,0.0,Anger,True,1700479005401-2-1-1-4-0,Central,0.0,Anger,True,both_correct,,,,,,,,
Image,1700479005401-2-1-1-4-0-1,1,0,Anger,0.0,Anger,True,1700479005401-2-1-1-4-0,Side,0.0,Anger,True,both_correct,,,,,,,,
Image,1700479007738-2-1-1-5-5-0,1,5,Sadness,5.0,Sadness,True,1700479007738-2-1-1-5-5,Central,5.0,Sadness,True,both_correct,,,,,,,,
Image,1700479007738-2-1-1-5-5-1,1,5,Sadness,1.0,Disgust,False,1700479007738-2-1-1-5-5,Side,5.0,Sadness,True,dynamic_only_correct,,,,,,,,
Image,1700479015441-2-1-1-8-3-0,1,3,Happiness,3.0,Happiness,True,1700479015441-2-1-1-8-3,Central,3.0,Happiness,True,both_correct,,,,,,,,
Image,1700479015441-2-1-1-8-3-1,1,3,Happiness,3.0,Happiness,True,1700479015441-2-1-1-8-3,Side,3.0,Happiness,True,both_correct,,,,,,,,
Image,1700479105264-2-1-2-0-4-0,1,4,Neutral,4.0,Neutral,True,1700479105264-2-1-2-0-4,Central,4.0,Neutral,True,both_correct,,,,,,,,
Image,1700479105264-2-1-2-0-4-1,1,4,Neutral,4.0,Neutral,True,1700479105264-2-1-2-0-4,Side,4.0,Neutral,True,both_correct,,,,,,,,
Image,1700479106931-2-1-2-1-1-0,1,1,Disgust,1.0,Disgust,True,1700479106931-2-1-2-1-1,Central,1.0,Disgust,True,both_correct,,,,,,,,
Image,1700479106931-2-1-2-1-1-1,1,1,Disgust,1.0,Disgust,True,1700479106931-2-1-2-1-1,Side,5.0,Sadness,False,static_only_correct,,,,,,,,
Image,1700479111705-2-1-2-3-2-0,1,2,Fear,2.0,Fear,True,1700479111705-2-1-2-3-2,Central,2.0,Fear,True,both_correct,,,,,,,,
Image,1700479111705-2-1-2-3-2-1,1,2,Fear,2.0,Fear,True,1700479111705-2-1-2-3-2,Side,2.0,Fear,True,both_correct,,,,,,,,
Image,1700479113933-2-1-2-4-1-0,1,1,Disgust,1.0,Disgust,True,1700479113933-2-1-2-4-1,Central,1.0,Disgust,True,both_correct,,,,,,,,
Image,1700479113933-2-1-2-4-1-1,1,1,Disgust,1.0,Disgust,True,1700479113933-2-1-2-4-1,Side,1.0,Disgust,True,both_correct,,,,,,,,
Image,1700479117593-2-1-2-5-1-0,1,1,Disgust,1.0,Disgust,True,1700479117593-2-1-2-5-1,Central,1.0,Disgust,True,both_correct,,,,,,,,
Image,1700479117593-2-1-2-5-1-1,1,1,Disgust,1.0,Disgust,True,1700479117593-2-1-2-5-1,Side,1.0,Disgust,True,both_correct,,,,,,,,
Image,1700479119890-2-1-2-6-2-0,1,2,Fear,1.0,Disgust,False,1700479119890-2-1-2-6-2,Central,2.0,Fear,True,dynamic_only_correct,,,,,,,,
Image,1700479119890-2-1-2-6-2-1,1,2,Fear,1.0,Disgust,False,1700479119890-2-1-2-6-2,Side,2.0,Fear,True,dynamic_only_correct,,,,,,,,
Image,1700479129747-2-1-2-10-2-0,1,2,Fear,2.0,Fear,True,1700479129747-2-1-2-10-2,Central,2.0,Fear,True,both_correct,,,,,,,,
Image,1700479129747-2-1-2-10-2-1,1,2,Fear,2.0,Fear,True,1700479129747-2-1-2-10-2,Side,2.0,Fear,True,both_correct,,,,,,,,
Image,1700479131977-2-1-2-11-4-0,1,4,Neutral,4.0,Neutral,True,1700479131977-2-1-2-11-4,Central,4.0,Neutral,True,both_correct,,,,,,,,
Image,1700479131977-2-1-2-11-4-1,1,4,Neutral,4.0,Neutral,True,1700479131977-2-1-2-11-4,Side,4.0,Neutral,True,both_correct,,,,,,,,
Image,1700479238544-2-1-3-0-4-0,1,4,Neutral,4.0,Neutral,True,1700479238544-2-1-3-0-4,Central,4.0,Neutral,True,both_correct,,,,,,,,
Image,1700479238544-2-1-3-0-4-1,1,4,Neutral,4.0,Neutral,True,1700479238544-2-1-3-0-4,Side,4.0,Neutral,True,both_correct,,,,,,,,
Image,1700479240547-2-1-3-1-1-0,1,1,Disgust,6.0,Surprise,False,1700479240547-2-1-3-1-1,Central,1.0,Disgust,True,dynamic_only_correct,,,,,,,,
Image,1700479240547-2-1-3-1-1-1,1,1,Disgust,6.0,Surprise,False,1700479240547-2-1-3-1-1,Side,6.0,Surprise,False,both_wrong,,,,,,,,
Image,1700479243878-2-1-3-3-6-0,1,6,Surprise,6.0,Surprise,True,1700479243878-2-1-3-3-6,Central,6.0,Surprise,True,both_correct,,,,,,,,
Image,1700479243878-2-1-3-3-6-1,1,6,Surprise,6.0,Surprise,True,1700479243878-2-1-3-3-6,Side,6.0,Surprise,True,both_correct,,,,,,,,
Image,1700479245714-2-1-3-4-3-0,1,3,Happiness,3.0,Happiness,True,1700479245714-2-1-3-4-3,Central,3.0,Happiness,True,both_correct,,,,,,,,
Image,1700479245714-2-1-3-4-3-1,1,3,Happiness,3.0,Happiness,True,1700479245714-2-1-3-4-3,Side,3.0,Happiness,True,both_correct,,,,,,,,
Image,1700479248151-2-1-3-5-2-0,1,2,Fear,2.0,Fear,True,1700479248151-2-1-3-5-2,Central,2.0,Fear,True,both_correct,,,,,,,,
Image,1700479248151-2-1-3-5-2-1,1,2,Fear,2.0,Fear,True,1700479248151-2-1-3-5-2,Side,2.0,Fear,True,both_correct,,,,,,,,
Image,1700479250572-2-1-3-6-5-0,1,5,Sadness,1.0,Disgust,False,1700479250572-2-1-3-6-5,Central,5.0,Sadness,True,dynamic_only_correct,,,,,,,,
Image,1700479250572-2-1-3-6-5-1,1,5,Sadness,4.0,Neutral,False,1700479250572-2-1-3-6-5,Side,4.0,Neutral,False,both_wrong,,,,,,,,
Image,1700479253441-2-1-3-8-0-0,1,0,Anger,1.0,Disgust,False,1700479253441-2-1-3-8-0,Central,4.0,Neutral,False,both_wrong,,,,,,,,
Image,1700479253441-2-1-3-8-0-1,1,0,Anger,6.0,Surprise,False,1700479253441-2-1-3-8-0,Side,1.0,Disgust,False,both_wrong,,,,,,,,
Image,1700479258342-2-1-3-10-0-0,1,0,Anger,0.0,Anger,True,1700479258342-2-1-3-10-0,Central,1.0,Disgust,False,static_only_correct,,,,,,,,
Image,1700479258342-2-1-3-10-0-1,1,0,Anger,4.0,Neutral,False,1700479258342-2-1-3-10-0,Side,4.0,Neutral,False,both_wrong,,,,,,,,
Image,1700479260806-2-1-3-11-3-0,1,3,Happiness,3.0,Happiness,True,1700479260806-2-1-3-11-3,Central,3.0,Happiness,True,both_correct,,,,,,,,
Image,1700479260806-2-1-3-11-3-1,1,3,Happiness,3.0,Happiness,True,1700479260806-2-1-3-11-3,Side,3.0,Happiness,True,both_correct,,,,,,,,
Image,1700479262241-2-1-3-12-4-0,1,4,Neutral,1.0,Disgust,False,1700479262241-2-1-3-12-4,Central,4.0,Neutral,True,dynamic_only_correct,,,,,,,,
Image,1700479262241-2-1-3-12-4-1,1,4,Neutral,4.0,Neutral,True,1700479262241-2-1-3-12-4,Side,4.0,Neutral,True,both_correct,,,,,,,,
Image,1700479264139-2-1-3-13-6-0,1,6,Surprise,6.0,Surprise,True,1700479264139-2-1-3-13-6,Central,6.0,Surprise,True,both_correct,,,,,,,,
Image,1700479264139-2-1-3-13-6-1,1,6,Surprise,6.0,Surprise,True,1700479264139-2-1-3-13-6,Side,6.0,Surprise,True,both_correct,,,,,,,,
Image,1700479265444-2-1-3-14-4-0,1,4,Neutral,4.0,Neutral,True,1700479265444-2-1-3-14-4,Central,4.0,Neutral,True,both_correct,,,,,,,,
Image,1700479265444-2-1-3-14-4-1,1,4,Neutral,4.0,Neutral,True,1700479265444-2-1-3-14-4,Side,4.0,Neutral,True,both_correct,,,,,,,,
Image,1700479274174-2-1-3-18-1-0,1,1,Disgust,1.0,Disgust,True,1700479274174-2-1-3-18-1,Central,1.0,Disgust,True,both_correct,,,,,,,,
Image,1700479274174-2-1-3-18-1-1,1,1,Disgust,1.0,Disgust,True,1700479274174-2-1-3-18-1,Side,1.0,Disgust,True,both_correct,,,,,,,,
Image,1700479276498-2-1-3-19-6-0,1,6,Surprise,6.0,Surprise,True,1700479276498-2-1-3-19-6,Central,6.0,Surprise,True,both_correct,,,,,,,,
Image,1700479276498-2-1-3-19-6-1,1,6,Surprise,6.0,Surprise,True,1700479276498-2-1-3-19-6,Side,6.0,Surprise,True,both_correct,,,,,,,,
Image,1700479278671-2-1-3-20-2-0,1,2,Fear,1.0,Disgust,False,1700479278671-2-1-3-20-2,Central,1.0,Disgust,False,both_wrong,,,,,,,,
Image,1700479278671-2-1-3-20-2-1,1,2,Fear,2.0,Fear,True,1700479278671-2-1-3-20-2,Side,2.0,Fear,True,both_correct,,,,,,,,
Image,1700479411435-2-1-4-0-1-0,1,1,Disgust,1.0,Disgust,True,1700479411435-2-1-4-0-1,Central,2.0,Fear,False,static_only_correct,,,,,,,,
Image,1700479411435-2-1-4-0-1-1,1,1,Disgust,1.0,Disgust,True,1700479411435-2-1-4-0-1,Side,2.0,Fear,False,static_only_correct,,,,,,,,
Image,1700479413527-2-1-4-1-5-0,1,5,Sadness,5.0,Sadness,True,1700479413527-2-1-4-1-5,Central,5.0,Sadness,True,both_correct,,,,,,,,
Image,1700479413527-2-1-4-1-5-1,1,5,Sadness,5.0,Sadness,True,1700479413527-2-1-4-1-5,Side,5.0,Sadness,True,both_correct,,,,,,,,
Image,1700479417615-2-1-4-3-6-0,1,6,Surprise,6.0,Surprise,True,1700479417615-2-1-4-3-6,Central,6.0,Surprise,True,both_correct,,,,,,,,
Image,1700479417615-2-1-4-3-6-1,1,6,Surprise,6.0,Surprise,True,1700479417615-2-1-4-3-6,Side,6.0,Surprise,True,both_correct,,,,,,,,
Image,1700479420641-2-1-4-5-4-0,1,4,Neutral,4.0,Neutral,True,1700479420641-2-1-4-5-4,Central,4.0,Neutral,True,both_correct,,,,,,,,
Image,1700479420641-2-1-4-5-4-1,1,4,Neutral,4.0,Neutral,True,1700479420641-2-1-4-5-4,Side,4.0,Neutral,True,both_correct,,,,,,,,
Image,1700479422411-2-1-4-6-3-0,1,3,Happiness,3.0,Happiness,True,1700479422411-2-1-4-6-3,Central,3.0,Happiness,True,both_correct,,,,,,,,
Image,1700479422411-2-1-4-6-3-1,1,3,Happiness,3.0,Happiness,True,1700479422411-2-1-4-6-3,Side,3.0,Happiness,True,both_correct,,,,,,,,
Image,1700479424021-2-1-4-7-0-0,1,0,Anger,5.0,Sadness,False,1700479424021-2-1-4-7-0,Central,5.0,Sadness,False,both_wrong,,,,,,,,
Image,1700479424021-2-1-4-7-0-1,1,0,Anger,1.0,Disgust,False,1700479424021-2-1-4-7-0,Side,5.0,Sadness,False,both_wrong,,,,,,,,
Image,1700479426367-2-1-4-8-5-0,1,5,Sadness,5.0,Sadness,True,1700479426367-2-1-4-8-5,Central,5.0,Sadness,True,both_correct,,,,,,,,
Image,1700479426367-2-1-4-8-5-1,1,5,Sadness,4.0,Neutral,False,1700479426367-2-1-4-8-5,Side,5.0,Sadness,True,dynamic_only_correct,,,,,,,,
Image,1700479427742-2-1-4-9-2-0,1,2,Fear,6.0,Surprise,False,1700479427742-2-1-4-9-2,Central,2.0,Fear,True,dynamic_only_correct,,,,,,,,
Image,1700479427742-2-1-4-9-2-1,1,2,Fear,1.0,Disgust,False,1700479427742-2-1-4-9-2,Side,2.0,Fear,True,dynamic_only_correct,,,,,,,,
Image,1700479432977-2-1-4-12-1-0,1,1,Disgust,1.0,Disgust,True,1700479432977-2-1-4-12-1,Central,1.0,Disgust,True,both_correct,,,,,,,,
Image,1700479432977-2-1-4-12-1-1,1,1,Disgust,1.0,Disgust,True,1700479432977-2-1-4-12-1,Side,1.0,Disgust,True,both_correct,,,,,,,,
Image,1700479435090-2-1-4-13-3-0,1,3,Happiness,3.0,Happiness,True,1700479435090-2-1-4-13-3,Central,3.0,Happiness,True,both_correct,,,,,,,,
Image,1700479435090-2-1-4-13-3-1,1,3,Happiness,3.0,Happiness,True,1700479435090-2-1-4-13-3,Side,3.0,Happiness,True,both_correct,,,,,,,,
Image,1700479438658-2-1-4-15-1-0,1,1,Disgust,1.0,Disgust,True,1700479438658-2-1-4-15-1,Central,1.0,Disgust,True,both_correct,,,,,,,,
Image,1700479438658-2-1-4-15-1-1,1,1,Disgust,1.0,Disgust,True,1700479438658-2-1-4-15-1,Side,1.0,Disgust,True,both_correct,,,,,,,,
Image,1700479442178-2-1-4-17-5-0,1,5,Sadness,5.0,Sadness,True,1700479442178-2-1-4-17-5,Central,5.0,Sadness,True,both_correct,,,,,,,,
Image,1700479442178-2-1-4-17-5-1,1,5,Sadness,5.0,Sadness,True,1700479442178-2-1-4-17-5,Side,5.0,Sadness,True,both_correct,,,,,,,,
Image,1700479445256-2-1-4-19-6-0,1,6,Surprise,6.0,Surprise,True,1700479445256-2-1-4-19-6,Central,6.0,Surprise,True,both_correct,,,,,,,,
Image,1700479445256-2-1-4-19-6-1,1,6,Surprise,6.0,Surprise,True,1700479445256-2-1-4-19-6,Side,6.0,Surprise,True,both_correct,,,,,,,,
Image,1700479447373-2-1-4-20-5-0,1,5,Sadness,5.0,Sadness,True,1700479447373-2-1-4-20-5,Central,5.0,Sadness,True,both_correct,,,,,,,,
Image,1700479447373-2-1-4-20-5-1,1,5,Sadness,5.0,Sadness,True,1700479447373-2-1-4-20-5,Side,5.0,Sadness,True,both_correct,,,,,,,,
Image,1700479452800-2-1-4-23-2-0,1,2,Fear,6.0,Surprise,False,1700479452800-2-1-4-23-2,Central,2.0,Fear,True,dynamic_only_correct,,,,,,,,
Image,1700479452800-2-1-4-23-2-1,1,2,Fear,1.0,Disgust,False,1700479452800-2-1-4-23-2,Side,2.0,Fear,True,dynamic_only_correct,,,,,,,,
Image,1700479457287-2-1-4-26-1-0,1,1,Disgust,5.0,Sadness,False,1700479457287-2-1-4-26-1,Central,1.0,Disgust,True,dynamic_only_correct,,,,,,,,
Image,1700479457287-2-1-4-26-1-1,1,1,Disgust,1.0,Disgust,True,1700479457287-2-1-4-26-1,Side,1.0,Disgust,True,both_correct,,,,,,,,
Image,1700479459026-2-1-4-27-6-0,1,6,Surprise,6.0,Surprise,True,1700479459026-2-1-4-27-6,Central,6.0,Surprise,True,both_correct,,,,,,,,
Image,1700479459026-2-1-4-27-6-1,1,6,Surprise,6.0,Surprise,True,1700479459026-2-1-4-27-6,Side,6.0,Surprise,True,both_correct,,,,,,,,
Image,1700567688235-2-8-1-0-0-0,8,0,Anger,1.0,Disgust,False,1700567688235-2-8-1-0-0,Central,1.0,Disgust,False,both_wrong,,,,,,,,
Image,1700567688235-2-8-1-0-0-1,8,0,Anger,1.0,Disgust,False,1700567688235-2-8-1-0-0,Side,1.0,Disgust,False,both_wrong,,,,,,,,
Image,1700567691497-2-8-1-1-5-0,8,5,Sadness,5.0,Sadness,True,1700567691497-2-8-1-1-5,Central,5.0,Sadness,True,both_correct,,,,,,,,
Image,1700567691497-2-8-1-1-5-1,8,5,Sadness,5.0,Sadness,True,1700567691497-2-8-1-1-5,Side,5.0,Sadness,True,both_correct,,,,,,,,
Image,1700567693686-2-8-1-2-3-0,8,3,Happiness,3.0,Happiness,True,1700567693686-2-8-1-2-3,Central,3.0,Happiness,True,both_correct,,,,,,,,
Image,1700567693686-2-8-1-2-3-1,8,3,Happiness,3.0,Happiness,True,1700567693686-2-8-1-2-3,Side,3.0,Happiness,True,both_correct,,,,,,,,
Image,1700567695958-2-8-1-3-0-0,8,0,Anger,1.0,Disgust,False,1700567695958-2-8-1-3-0,Central,1.0,Disgust,False,both_wrong,,,,,,,,
Image,1700567695958-2-8-1-3-0-1,8,0,Anger,1.0,Disgust,False,1700567695958-2-8-1-3-0,Side,1.0,Disgust,False,both_wrong,,,,,,,,
Image,1700567698824-2-8-1-4-0-0,8,0,Anger,1.0,Disgust,False,1700567698824-2-8-1-4-0,Central,1.0,Disgust,False,both_wrong,,,,,,,,
Image,1700567698824-2-8-1-4-0-1,8,0,Anger,1.0,Disgust,False,1700567698824-2-8-1-4-0,Side,1.0,Disgust,False,both_wrong,,,,,,,,
Image,1700567702985-2-8-1-6-3-0,8,3,Happiness,3.0,Happiness,True,1700567702985-2-8-1-6-3,Central,0.0,Anger,False,static_only_correct,,,,,,,,
Image,1700567702985-2-8-1-6-3-1,8,3,Happiness,4.0,Neutral,False,1700567702985-2-8-1-6-3,Side,0.0,Anger,False,both_wrong,,,,,,,,
Image,1700567706828-2-8-1-7-5-0,8,5,Sadness,5.0,Sadness,True,1700567706828-2-8-1-7-5,Central,5.0,Sadness,True,both_correct,,,,,,,,
Image,1700567706828-2-8-1-7-5-1,8,5,Sadness,4.0,Neutral,False,1700567706828-2-8-1-7-5,Side,0.0,Anger,False,both_wrong,,,,,,,,
Image,1700567708570-2-8-1-8-3-0,8,3,Happiness,3.0,Happiness,True,1700567708570-2-8-1-8-3,Central,3.0,Happiness,True,both_correct,,,,,,,,
Image,1700567708570-2-8-1-8-3-1,8,3,Happiness,3.0,Happiness,True,1700567708570-2-8-1-8-3,Side,1.0,Disgust,False,static_only_correct,,,,,,,,
Image,1700567787758-2-8-2-1-1-0,8,1,Disgust,1.0,Disgust,True,1700567787758-2-8-2-1-1,Central,1.0,Disgust,True,both_correct,,,,,,,,
Image,1700567787758-2-8-2-1-1-1,8,1,Disgust,1.0,Disgust,True,1700567787758-2-8-2-1-1,Side,1.0,Disgust,True,both_correct,,,,,,,,
Image,1700567790485-2-8-2-2-6-0,8,6,Surprise,6.0,Surprise,True,1700567790485-2-8-2-2-6,Central,1.0,Disgust,False,static_only_correct,,,,,,,,
Image,1700567790485-2-8-2-2-6-1,8,6,Surprise,6.0,Surprise,True,1700567790485-2-8-2-2-6,Side,6.0,Surprise,True,both_correct,,,,,,,,
Image,1700567792669-2-8-2-3-2-0,8,2,Fear,2.0,Fear,True,1700567792669-2-8-2-3-2,Central,1.0,Disgust,False,static_only_correct,,,,,,,,
Image,1700567792669-2-8-2-3-2-1,8,2,Fear,5.0,Sadness,False,1700567792669-2-8-2-3-2,Side,2.0,Fear,True,dynamic_only_correct,,,,,,,,
Image,1700567795123-2-8-2-4-1-0,8,1,Disgust,1.0,Disgust,True,1700567795123-2-8-2-4-1,Central,1.0,Disgust,True,both_correct,,,,,,,,
Image,1700567795123-2-8-2-4-1-1,8,1,Disgust,1.0,Disgust,True,1700567795123-2-8-2-4-1,Side,1.0,Disgust,True,both_correct,,,,,,,,
Image,1700567799982-2-8-2-6-2-0,8,2,Fear,1.0,Disgust,False,1700567799982-2-8-2-6-2,Central,2.0,Fear,True,dynamic_only_correct,,,,,,,,
Image,1700567799982-2-8-2-6-2-1,8,2,Fear,2.0,Fear,True,1700567799982-2-8-2-6-2,Side,1.0,Disgust,False,static_only_correct,,,,,,,,
Image,1700567803057-2-8-2-7-4-0,8,4,Neutral,0.0,Anger,False,1700567803057-2-8-2-7-4,Central,5.0,Sadness,False,both_wrong,,,,,,,,
Image,1700567803057-2-8-2-7-4-1,8,4,Neutral,0.0,Anger,False,1700567803057-2-8-2-7-4,Side,0.0,Anger,False,both_wrong,,,,,,,,
Image,1700567804174-2-8-2-8-6-0,8,6,Surprise,6.0,Surprise,True,1700567804174-2-8-2-8-6,Central,6.0,Surprise,True,both_correct,,,,,,,,
Image,1700567804174-2-8-2-8-6-1,8,6,Surprise,5.0,Sadness,False,1700567804174-2-8-2-8-6,Side,6.0,Surprise,True,dynamic_only_correct,,,,,,,,
Image,1700567807289-2-8-2-9-6-0,8,6,Surprise,6.0,Surprise,True,1700567807289-2-8-2-9-6,Central,5.0,Sadness,False,static_only_correct,,,,,,,,
Image,1700567807289-2-8-2-9-6-1,8,6,Surprise,6.0,Surprise,True,1700567807289-2-8-2-9-6,Side,6.0,Surprise,True,both_correct,,,,,,,,
Image,1700567809324-2-8-2-10-2-0,8,2,Fear,2.0,Fear,True,1700567809324-2-8-2-10-2,Central,2.0,Fear,True,both_correct,,,,,,,,
Image,1700567809324-2-8-2-10-2-1,8,2,Fear,4.0,Neutral,False,1700567809324-2-8-2-10-2,Side,2.0,Fear,True,dynamic_only_correct,,,,,,,,
Image,1700567812479-2-8-2-11-4-0,8,4,Neutral,4.0,Neutral,True,1700567812479-2-8-2-11-4,Central,5.0,Sadness,False,static_only_correct,,,,,,,,
Image,1700567812479-2-8-2-11-4-1,8,4,Neutral,4.0,Neutral,True,1700567812479-2-8-2-11-4,Side,0.0,Anger,False,static_only_correct,,,,,,,,
Image,1700567902030-2-8-3-0-4-0,8,4,Neutral,0.0,Anger,False,1700567902030-2-8-3-0-4,Central,5.0,Sadness,False,both_wrong,,,,,,,,
Image,1700567902030-2-8-3-0-4-1,8,4,Neutral,0.0,Anger,False,1700567902030-2-8-3-0-4,Side,0.0,Anger,False,both_wrong,,,,,,,,
Image,1700567903352-2-8-3-1-1-0,8,1,Disgust,1.0,Disgust,True,1700567903352-2-8-3-1-1,Central,1.0,Disgust,True,both_correct,,,,,,,,
Image,1700567903352-2-8-3-1-1-1,8,1,Disgust,1.0,Disgust,True,1700567903352-2-8-3-1-1,Side,1.0,Disgust,True,both_correct,,,,,,,,
Image,1700567906760-2-8-3-2-0-0,8,0,Anger,1.0,Disgust,False,1700567906760-2-8-3-2-0,Central,1.0,Disgust,False,both_wrong,,,,,,,,
Image,1700567906760-2-8-3-2-0-1,8,0,Anger,1.0,Disgust,False,1700567906760-2-8-3-2-0,Side,1.0,Disgust,False,both_wrong,,,,,,,,
Image,1700567907954-2-8-3-3-6-0,8,6,Surprise,6.0,Surprise,True,1700567907954-2-8-3-3-6,Central,6.0,Surprise,True,both_correct,,,,,,,,
Image,1700567907954-2-8-3-3-6-1,8,6,Surprise,6.0,Surprise,True,1700567907954-2-8-3-3-6,Side,6.0,Surprise,True,both_correct,,,,,,,,
Image,1700567911689-2-8-3-5-2-0,8,2,Fear,2.0,Fear,True,1700567911689-2-8-3-5-2,Central,1.0,Disgust,False,static_only_correct,,,,,,,,
Image,1700567911689-2-8-3-5-2-1,8,2,Fear,5.0,Sadness,False,1700567911689-2-8-3-5-2,Side,2.0,Fear,True,dynamic_only_correct,,,,,,,,
Image,1700567914515-2-8-3-6-5-0,8,5,Sadness,5.0,Sadness,True,1700567914515-2-8-3-6-5,Central,5.0,Sadness,True,both_correct,,,,,,,,
Image,1700567914515-2-8-3-6-5-1,8,5,Sadness,5.0,Sadness,True,1700567914515-2-8-3-6-5,Side,5.0,Sadness,True,both_correct,,,,,,,,
Image,1700567916813-2-8-3-7-5-0,8,5,Sadness,5.0,Sadness,True,1700567916813-2-8-3-7-5,Central,5.0,Sadness,True,both_correct,,,,,,,,
Image,1700567916813-2-8-3-7-5-1,8,5,Sadness,4.0,Neutral,False,1700567916813-2-8-3-7-5,Side,0.0,Anger,False,both_wrong,,,,,,,,
Image,1700567918385-2-8-3-8-0-0,8,0,Anger,1.0,Disgust,False,1700567918385-2-8-3-8-0,Central,1.0,Disgust,False,both_wrong,,,,,,,,
Image,1700567918385-2-8-3-8-0-1,8,0,Anger,1.0,Disgust,False,1700567918385-2-8-3-8-0,Side,1.0,Disgust,False,both_wrong,,,,,,,,
Image,1700567920333-2-8-3-9-1-0,8,1,Disgust,1.0,Disgust,True,1700567920333-2-8-3-9-1,Central,1.0,Disgust,True,both_correct,,,,,,,,
Image,1700567920333-2-8-3-9-1-1,8,1,Disgust,1.0,Disgust,True,1700567920333-2-8-3-9-1,Side,1.0,Disgust,True,both_correct,,,,,,,,
Image,1700567922812-2-8-3-10-0-0,8,0,Anger,1.0,Disgust,False,1700567922812-2-8-3-10-0,Central,1.0,Disgust,False,both_wrong,,,,,,,,
Image,1700567922812-2-8-3-10-0-1,8,0,Anger,3.0,Happiness,False,1700567922812-2-8-3-10-0,Side,1.0,Disgust,False,both_wrong,,,,,,,,
Image,1700567926584-2-8-3-12-4-0,8,4,Neutral,0.0,Anger,False,1700567926584-2-8-3-12-4,Central,5.0,Sadness,False,both_wrong,,,,,,,,
Image,1700567926584-2-8-3-12-4-1,8,4,Neutral,4.0,Neutral,True,1700567926584-2-8-3-12-4,Side,0.0,Anger,False,static_only_correct,,,,,,,,
Image,1700567928618-2-8-3-13-6-0,8,6,Surprise,6.0,Surprise,True,1700567928618-2-8-3-13-6,Central,6.0,Surprise,True,both_correct,,,,,,,,
Image,1700567928618-2-8-3-13-6-1,8,6,Surprise,4.0,Neutral,False,1700567928618-2-8-3-13-6,Side,6.0,Surprise,True,dynamic_only_correct,,,,,,,,
Image,1700567932221-2-8-3-15-5-0,8,5,Sadness,5.0,Sadness,True,1700567932221-2-8-3-15-5,Central,5.0,Sadness,True,both_correct,,,,,,,,
Image,1700567932221-2-8-3-15-5-1,8,5,Sadness,5.0,Sadness,True,1700567932221-2-8-3-15-5,Side,5.0,Sadness,True,both_correct,,,,,,,,
Image,1700567934618-2-8-3-16-2-0,8,2,Fear,2.0,Fear,True,1700567934618-2-8-3-16-2,Central,1.0,Disgust,False,static_only_correct,,,,,,,,
Image,1700567934618-2-8-3-16-2-1,8,2,Fear,2.0,Fear,True,1700567934618-2-8-3-16-2,Side,2.0,Fear,True,both_correct,,,,,,,,
Image,1700567938373-2-8-3-18-1-0,8,1,Disgust,1.0,Disgust,True,1700567938373-2-8-3-18-1,Central,1.0,Disgust,True,both_correct,,,,,,,,
Image,1700567938373-2-8-3-18-1-1,8,1,Disgust,1.0,Disgust,True,1700567938373-2-8-3-18-1,Side,1.0,Disgust,True,both_correct,,,,,,,,
Image,1700567942412-2-8-3-20-2-0,8,2,Fear,2.0,Fear,True,1700567942412-2-8-3-20-2,Central,2.0,Fear,True,both_correct,,,,,,,,
Image,1700567942412-2-8-3-20-2-1,8,2,Fear,2.0,Fear,True,1700567942412-2-8-3-20-2,Side,2.0,Fear,True,both_correct,,,,,,,,
Image,1700568075798-2-8-4-0-1-0,8,1,Disgust,1.0,Disgust,True,1700568075798-2-8-4-0-1,Central,1.0,Disgust,True,both_correct,,,,,,,,
Image,1700568075798-2-8-4-0-1-1,8,1,Disgust,1.0,Disgust,True,1700568075798-2-8-4-0-1,Side,1.0,Disgust,True,both_correct,,,,,,,,
Image,1700568077758-2-8-4-1-5-0,8,5,Sadness,5.0,Sadness,True,1700568077758-2-8-4-1-5,Central,5.0,Sadness,True,both_correct,,,,,,,,
Image,1700568077758-2-8-4-1-5-1,8,5,Sadness,1.0,Disgust,False,1700568077758-2-8-4-1-5,Side,5.0,Sadness,True,dynamic_only_correct,,,,,,,,
Image,1700568081350-2-8-4-3-6-0,8,6,Surprise,6.0,Surprise,True,1700568081350-2-8-4-3-6,Central,6.0,Surprise,True,both_correct,,,,,,,,
Image,1700568081350-2-8-4-3-6-1,8,6,Surprise,0.0,Anger,False,1700568081350-2-8-4-3-6,Side,6.0,Surprise,True,dynamic_only_correct,,,,,,,,
Image,1700568082939-2-8-4-4-4-0,8,4,Neutral,5.0,Sadness,False,1700568082939-2-8-4-4-4,Central,5.0,Sadness,False,both_wrong,,,,,,,,
Image,1700568082939-2-8-4-4-4-1,8,4,Neutral,4.0,Neutral,True,1700568082939-2-8-4-4-4,Side,0.0,Anger,False,static_only_correct,,,,,,,,
Image,1700568086128-2-8-4-6-3-0,8,3,Happiness,3.0,Happiness,True,1700568086128-2-8-4-6-3,Central,3.0,Happiness,True,both_correct,,,,,,,,
Image,1700568086128-2-8-4-6-3-1,8,3,Happiness,1.0,Disgust,False,1700568086128-2-8-4-6-3,Side,1.0,Disgust,False,both_wrong,,,,,,,,
Image,1700568088202-2-8-4-7-0-0,8,0,Anger,1.0,Disgust,False,1700568088202-2-8-4-7-0,Central,1.0,Disgust,False,both_wrong,,,,,,,,
Image,1700568088202-2-8-4-7-0-1,8,0,Anger,1.0,Disgust,False,1700568088202-2-8-4-7-0,Side,1.0,Disgust,False,both_wrong,,,,,,,,
Image,1700568090919-2-8-4-9-2-0,8,2,Fear,2.0,Fear,True,1700568090919-2-8-4-9-2,Central,2.0,Fear,True,both_correct,,,,,,,,
Image,1700568090919-2-8-4-9-2-1,8,2,Fear,4.0,Neutral,False,1700568090919-2-8-4-9-2,Side,2.0,Fear,True,dynamic_only_correct,,,,,,,,
Image,1700568092978-2-8-4-10-0-0,8,0,Anger,1.0,Disgust,False,1700568092978-2-8-4-10-0,Central,1.0,Disgust,False,both_wrong,,,,,,,,
Image,1700568092978-2-8-4-10-0-1,8,0,Anger,1.0,Disgust,False,1700568092978-2-8-4-10-0,Side,1.0,Disgust,False,both_wrong,,,,,,,,
Image,1700568095008-2-8-4-11-3-0,8,3,Happiness,3.0,Happiness,True,1700568095008-2-8-4-11-3,Central,3.0,Happiness,True,both_correct,,,,,,,,
Image,1700568095008-2-8-4-11-3-1,8,3,Happiness,3.0,Happiness,True,1700568095008-2-8-4-11-3,Side,0.0,Anger,False,static_only_correct,,,,,,,,
Image,1700568096451-2-8-4-12-1-0,8,1,Disgust,1.0,Disgust,True,1700568096451-2-8-4-12-1,Central,1.0,Disgust,True,both_correct,,,,,,,,
Image,1700568096451-2-8-4-12-1-1,8,1,Disgust,1.0,Disgust,True,1700568096451-2-8-4-12-1,Side,1.0,Disgust,True,both_correct,,,,,,,,
Image,1700568100175-2-8-4-14-0-0,8,0,Anger,3.0,Happiness,False,1700568100175-2-8-4-14-0,Central,1.0,Disgust,False,both_wrong,,,,,,,,
Image,1700568100175-2-8-4-14-0-1,8,0,Anger,1.0,Disgust,False,1700568100175-2-8-4-14-0,Side,1.0,Disgust,False,both_wrong,,,,,,,,
Image,1700568102387-2-8-4-15-1-0,8,1,Disgust,1.0,Disgust,True,1700568102387-2-8-4-15-1,Central,1.0,Disgust,True,both_correct,,,,,,,,
Image,1700568102387-2-8-4-15-1-1,8,1,Disgust,1.0,Disgust,True,1700568102387-2-8-4-15-1,Side,1.0,Disgust,True,both_correct,,,,,,,,
Image,1700568103657-2-8-4-16-2-0,8,2,Fear,2.0,Fear,True,1700568103657-2-8-4-16-2,Central,2.0,Fear,True,both_correct,,,,,,,,
Image,1700568103657-2-8-4-16-2-1,8,2,Fear,5.0,Sadness,False,1700568103657-2-8-4-16-2,Side,1.0,Disgust,False,both_wrong,,,,,,,,
Image,1700568107499-2-8-4-18-4-0,8,4,Neutral,0.0,Anger,False,1700568107499-2-8-4-18-4,Central,5.0,Sadness,False,both_wrong,,,,,,,,
Image,1700568107499-2-8-4-18-4-1,8,4,Neutral,4.0,Neutral,True,1700568107499-2-8-4-18-4,Side,0.0,Anger,False,static_only_correct,,,,,,,,
Image,1700568112955-2-8-4-21-6-0,8,6,Surprise,6.0,Surprise,True,1700568112955-2-8-4-21-6,Central,6.0,Surprise,True,both_correct,,,,,,,,
Image,1700568112955-2-8-4-21-6-1,8,6,Surprise,6.0,Surprise,True,1700568112955-2-8-4-21-6,Side,6.0,Surprise,True,both_correct,,,,,,,,
Image,1700568114265-2-8-4-22-0-0,8,0,Anger,1.0,Disgust,False,1700568114265-2-8-4-22-0,Central,1.0,Disgust,False,both_wrong,,,,,,,,
Image,1700568114265-2-8-4-22-0-1,8,0,Anger,1.0,Disgust,False,1700568114265-2-8-4-22-0,Side,1.0,Disgust,False,both_wrong,,,,,,,,
Image,1700568116382-2-8-4-23-2-0,8,2,Fear,2.0,Fear,True,1700568116382-2-8-4-23-2,Central,2.0,Fear,True,both_correct,,,,,,,,
Image,1700568116382-2-8-4-23-2-1,8,2,Fear,2.0,Fear,True,1700568116382-2-8-4-23-2,Side,2.0,Fear,True,both_correct,,,,,,,,
Image,1700568118260-2-8-4-24-3-0,8,3,Happiness,0.0,Anger,False,1700568118260-2-8-4-24-3,Central,0.0,Anger,False,both_wrong,,,,,,,,
Image,1700568118260-2-8-4-24-3-1,8,3,Happiness,4.0,Neutral,False,1700568118260-2-8-4-24-3,Side,0.0,Anger,False,both_wrong,,,,,,,,
Image,1700568119916-2-8-4-25-2-0,8,2,Fear,2.0,Fear,True,1700568119916-2-8-4-25-2,Central,2.0,Fear,True,both_correct,,,,,,,,
Image,1700568119916-2-8-4-25-2-1,8,2,Fear,5.0,Sadness,False,1700568119916-2-8-4-25-2,Side,2.0,Fear,True,dynamic_only_correct,,,,,,,,
Image,1700568121727-2-8-4-26-1-0,8,1,Disgust,1.0,Disgust,True,1700568121727-2-8-4-26-1,Central,1.0,Disgust,True,both_correct,,,,,,,,
Image,1700568121727-2-8-4-26-1-1,8,1,Disgust,1.0,Disgust,True,1700568121727-2-8-4-26-1,Side,1.0,Disgust,True,both_correct,,,,,,,,
Image,1700577641790-2-10-1-1-5-0,10,5,Sadness,0.0,Anger,False,1700577641790-2-10-1-1-5,Central,5.0,Sadness,True,dynamic_only_correct,,,,,,,,
Image,1700577641790-2-10-1-1-5-1,10,5,Sadness,0.0,Anger,False,1700577641790-2-10-1-1-5,Side,5.0,Sadness,True,dynamic_only_correct,,,,,,,,
Image,1700577644246-2-10-1-2-3-0,10,3,Happiness,3.0,Happiness,True,1700577644246-2-10-1-2-3,Central,3.0,Happiness,True,both_correct,,,,,,,,
Image,1700577644246-2-10-1-2-3-1,10,3,Happiness,3.0,Happiness,True,1700577644246-2-10-1-2-3,Side,3.0,Happiness,True,both_correct,,,,,,,,
Image,1700577653948-2-10-1-6-3-0,10,3,Happiness,3.0,Happiness,True,1700577653948-2-10-1-6-3,Central,3.0,Happiness,True,both_correct,,,,,,,,
Image,1700577653948-2-10-1-6-3-1,10,3,Happiness,3.0,Happiness,True,1700577653948-2-10-1-6-3,Side,3.0,Happiness,True,both_correct,,,,,,,,
Image,1700577659103-2-10-1-8-3-0,10,3,Happiness,3.0,Happiness,True,1700577659103-2-10-1-8-3,Central,3.0,Happiness,True,both_correct,,,,,,,,
Image,1700577659103-2-10-1-8-3-1,10,3,Happiness,3.0,Happiness,True,1700577659103-2-10-1-8-3,Side,3.0,Happiness,True,both_correct,,,,,,,,
Image,1700577731858-2-10-2-0-4-0,10,4,Neutral,3.0,Happiness,False,1700577731858-2-10-2-0-4,Central,4.0,Neutral,True,dynamic_only_correct,,,,,,,,
Image,1700577731858-2-10-2-0-4-1,10,4,Neutral,0.0,Anger,False,1700577731858-2-10-2-0-4,Side,3.0,Happiness,False,both_wrong,,,,,,,,
Image,1700577733309-2-10-2-1-1-0,10,1,Disgust,1.0,Disgust,True,1700577733309-2-10-2-1-1,Central,4.0,Neutral,False,static_only_correct,,,,,,,,
Image,1700577733309-2-10-2-1-1-1,10,1,Disgust,1.0,Disgust,True,1700577733309-2-10-2-1-1,Side,1.0,Disgust,True,both_correct,,,,,,,,
Image,1700577738960-2-10-2-3-2-0,10,2,Fear,2.0,Fear,True,1700577738960-2-10-2-3-2,Central,2.0,Fear,True,both_correct,,,,,,,,
Image,1700577738960-2-10-2-3-2-1,10,2,Fear,1.0,Disgust,False,1700577738960-2-10-2-3-2,Side,1.0,Disgust,False,both_wrong,,,,,,,,
Image,1700577740656-2-10-2-4-1-0,10,1,Disgust,1.0,Disgust,True,1700577740656-2-10-2-4-1,Central,0.0,Anger,False,static_only_correct,,,,,,,,
Image,1700577740656-2-10-2-4-1-1,10,1,Disgust,0.0,Anger,False,1700577740656-2-10-2-4-1,Side,1.0,Disgust,True,dynamic_only_correct,,,,,,,,
Image,1700577744274-2-10-2-5-1-0,10,1,Disgust,1.0,Disgust,True,1700577744274-2-10-2-5-1,Central,2.0,Fear,False,static_only_correct,,,,,,,,
Image,1700577744274-2-10-2-5-1-1,10,1,Disgust,1.0,Disgust,True,1700577744274-2-10-2-5-1,Side,1.0,Disgust,True,both_correct,,,,,,,,
Image,1700577751365-2-10-2-8-6-0,10,6,Surprise,6.0,Surprise,True,1700577751365-2-10-2-8-6,Central,6.0,Surprise,True,both_correct,,,,,,,,
Image,1700577751365-2-10-2-8-6-1,10,6,Surprise,1.0,Disgust,False,1700577751365-2-10-2-8-6,Side,2.0,Fear,False,both_wrong,,,,,,,,
Image,1700577753271-2-10-2-9-6-0,10,6,Surprise,2.0,Fear,False,1700577753271-2-10-2-9-6,Central,2.0,Fear,False,both_wrong,,,,,,,,
Image,1700577753271-2-10-2-9-6-1,10,6,Surprise,2.0,Fear,False,1700577753271-2-10-2-9-6,Side,6.0,Surprise,True,dynamic_only_correct,,,,,,,,
Image,1700577756759-2-10-2-10-2-0,10,2,Fear,1.0,Disgust,False,1700577756759-2-10-2-10-2,Central,2.0,Fear,True,dynamic_only_correct,,,,,,,,
Image,1700577756759-2-10-2-10-2-1,10,2,Fear,3.0,Happiness,False,1700577756759-2-10-2-10-2,Side,2.0,Fear,True,dynamic_only_correct,,,,,,,,
Image,1700577759366-2-10-2-11-4-0,10,4,Neutral,4.0,Neutral,True,1700577759366-2-10-2-11-4,Central,4.0,Neutral,True,both_correct,,,,,,,,
Image,1700577759366-2-10-2-11-4-1,10,4,Neutral,0.0,Anger,False,1700577759366-2-10-2-11-4,Side,0.0,Anger,False,both_wrong,,,,,,,,
Image,1700577839039-2-10-3-0-4-0,10,4,Neutral,1.0,Disgust,False,1700577839039-2-10-3-0-4,Central,1.0,Disgust,False,both_wrong,,,,,,,,
Image,1700577839039-2-10-3-0-4-1,10,4,Neutral,3.0,Happiness,False,1700577839039-2-10-3-0-4,Side,3.0,Happiness,False,both_wrong,,,,,,,,
Image,1700577841033-2-10-3-1-1-0,10,1,Disgust,1.0,Disgust,True,1700577841033-2-10-3-1-1,Central,1.0,Disgust,True,both_correct,,,,,,,,
Image,1700577841033-2-10-3-1-1-1,10,1,Disgust,3.0,Happiness,False,1700577841033-2-10-3-1-1,Side,1.0,Disgust,True,dynamic_only_correct,,,,,,,,
Image,1700577843732-2-10-3-2-0-0,10,0,Anger,1.0,Disgust,False,1700577843732-2-10-3-2-0,Central,0.0,Anger,True,dynamic_only_correct,,,,,,,,
Image,1700577843732-2-10-3-2-0-1,10,0,Anger,0.0,Anger,True,1700577843732-2-10-3-2-0,Side,0.0,Anger,True,both_correct,,,,,,,,
Image,1700577847201-2-10-3-4-3-0,10,3,Happiness,3.0,Happiness,True,1700577847201-2-10-3-4-3,Central,3.0,Happiness,True,both_correct,,,,,,,,
Image,1700577847201-2-10-3-4-3-1,10,3,Happiness,3.0,Happiness,True,1700577847201-2-10-3-4-3,Side,3.0,Happiness,True,both_correct,,,,,,,,
Image,1700577849695-2-10-3-5-2-0,10,2,Fear,3.0,Happiness,False,1700577849695-2-10-3-5-2,Central,3.0,Happiness,False,both_wrong,,,,,,,,
Image,1700577849695-2-10-3-5-2-1,10,2,Fear,2.0,Fear,True,1700577849695-2-10-3-5-2,Side,2.0,Fear,True,both_correct,,,,,,,,
Image,1700577851526-2-10-3-6-5-0,10,5,Sadness,0.0,Anger,False,1700577851526-2-10-3-6-5,Central,5.0,Sadness,True,dynamic_only_correct,,,,,,,,
Image,1700577851526-2-10-3-6-5-1,10,5,Sadness,0.0,Anger,False,1700577851526-2-10-3-6-5,Side,1.0,Disgust,False,both_wrong,,,,,,,,
Image,1700577854173-2-10-3-7-5-0,10,5,Sadness,0.0,Anger,False,1700577854173-2-10-3-7-5,Central,0.0,Anger,False,both_wrong,,,,,,,,
Image,1700577854173-2-10-3-7-5-1,10,5,Sadness,0.0,Anger,False,1700577854173-2-10-3-7-5,Side,0.0,Anger,False,both_wrong,,,,,,,,
Image,1700577855799-2-10-3-8-0-0,10,0,Anger,1.0,Disgust,False,1700577855799-2-10-3-8-0,Central,1.0,Disgust,False,both_wrong,,,,,,,,
Image,1700577855799-2-10-3-8-0-1,10,0,Anger,1.0,Disgust,False,1700577855799-2-10-3-8-0,Side,1.0,Disgust,False,both_wrong,,,,,,,,
Image,1700577857687-2-10-3-9-1-0,10,1,Disgust,1.0,Disgust,True,1700577857687-2-10-3-9-1,Central,1.0,Disgust,True,both_correct,,,,,,,,
Image,1700577857687-2-10-3-9-1-1,10,1,Disgust,3.0,Happiness,False,1700577857687-2-10-3-9-1,Side,1.0,Disgust,True,dynamic_only_correct,,,,,,,,
Image,1700577863441-2-10-3-12-4-0,10,4,Neutral,4.0,Neutral,True,1700577863441-2-10-3-12-4,Central,4.0,Neutral,True,both_correct,,,,,,,,
Image,1700577863441-2-10-3-12-4-1,10,4,Neutral,3.0,Happiness,False,1700577863441-2-10-3-12-4,Side,3.0,Happiness,False,both_wrong,,,,,,,,
Image,1700577867123-2-10-3-14-4-0,10,4,Neutral,1.0,Disgust,False,1700577867123-2-10-3-14-4,Central,0.0,Anger,False,both_wrong,,,,,,,,
Image,1700577867123-2-10-3-14-4-1,10,4,Neutral,0.0,Anger,False,1700577867123-2-10-3-14-4,Side,3.0,Happiness,False,both_wrong,,,,,,,,
Image,1700577870256-2-10-3-15-5-0,10,5,Sadness,0.0,Anger,False,1700577870256-2-10-3-15-5,Central,5.0,Sadness,True,dynamic_only_correct,,,,,,,,
Image,1700577870256-2-10-3-15-5-1,10,5,Sadness,0.0,Anger,False,1700577870256-2-10-3-15-5,Side,0.0,Anger,False,both_wrong,,,,,,,,
Image,1700577877659-2-10-3-19-6-0,10,6,Surprise,6.0,Surprise,True,1700577877659-2-10-3-19-6,Central,6.0,Surprise,True,both_correct,,,,,,,,
Image,1700577877659-2-10-3-19-6-1,10,6,Surprise,6.0,Surprise,True,1700577877659-2-10-3-19-6,Side,2.0,Fear,False,static_only_correct,,,,,,,,
Image,1700577880261-2-10-3-20-2-0,10,2,Fear,2.0,Fear,True,1700577880261-2-10-3-20-2,Central,2.0,Fear,True,both_correct,,,,,,,,
Image,1700577880261-2-10-3-20-2-1,10,2,Fear,1.0,Disgust,False,1700577880261-2-10-3-20-2,Side,1.0,Disgust,False,both_wrong,,,,,,,,
Image,1700578007024-2-10-4-0-1-0,10,1,Disgust,3.0,Happiness,False,1700578007024-2-10-4-0-1,Central,3.0,Happiness,False,both_wrong,,,,,,,,
Image,1700578007024-2-10-4-0-1-1,10,1,Disgust,3.0,Happiness,False,1700578007024-2-10-4-0-1,Side,3.0,Happiness,False,both_wrong,,,,,,,,
Image,1700578011711-2-10-4-3-6-0,10,6,Surprise,2.0,Fear,False,1700578011711-2-10-4-3-6,Central,2.0,Fear,False,both_wrong,,,,,,,,
Image,1700578011711-2-10-4-3-6-1,10,6,Surprise,2.0,Fear,False,1700578011711-2-10-4-3-6,Side,2.0,Fear,False,both_wrong,,,,,,,,
Image,1700578014206-2-10-4-4-4-0,10,4,Neutral,4.0,Neutral,True,1700578014206-2-10-4-4-4,Central,4.0,Neutral,True,both_correct,,,,,,,,
Image,1700578014206-2-10-4-4-4-1,10,4,Neutral,5.0,Sadness,False,1700578014206-2-10-4-4-4,Side,0.0,Anger,False,both_wrong,,,,,,,,
Image,1700578015880-2-10-4-5-4-0,10,4,Neutral,3.0,Happiness,False,1700578015880-2-10-4-5-4,Central,4.0,Neutral,True,dynamic_only_correct,,,,,,,,
Image,1700578015880-2-10-4-5-4-1,10,4,Neutral,5.0,Sadness,False,1700578015880-2-10-4-5-4,Side,4.0,Neutral,True,dynamic_only_correct,,,,,,,,
Image,1700578017539-2-10-4-6-3-0,10,3,Happiness,3.0,Happiness,True,1700578017539-2-10-4-6-3,Central,3.0,Happiness,True,both_correct,,,,,,,,
Image,1700578017539-2-10-4-6-3-1,10,3,Happiness,3.0,Happiness,True,1700578017539-2-10-4-6-3,Side,3.0,Happiness,True,both_correct,,,,,,,,
Image,1700578020748-2-10-4-8-5-0,10,5,Sadness,5.0,Sadness,True,1700578020748-2-10-4-8-5,Central,5.0,Sadness,True,both_correct,,,,,,,,
Image,1700578020748-2-10-4-8-5-1,10,5,Sadness,5.0,Sadness,True,1700578020748-2-10-4-8-5,Side,5.0,Sadness,True,both_correct,,,,,,,,
Image,1700578022517-2-10-4-9-2-0,10,2,Fear,2.0,Fear,True,1700578022517-2-10-4-9-2,Central,2.0,Fear,True,both_correct,,,,,,,,
Image,1700578022517-2-10-4-9-2-1,10,2,Fear,2.0,Fear,True,1700578022517-2-10-4-9-2,Side,2.0,Fear,True,both_correct,,,,,,,,
Image,1700578026276-2-10-4-11-3-0,10,3,Happiness,3.0,Happiness,True,1700578026276-2-10-4-11-3,Central,3.0,Happiness,True,both_correct,,,,,,,,
Image,1700578026276-2-10-4-11-3-1,10,3,Happiness,3.0,Happiness,True,1700578026276-2-10-4-11-3,Side,3.0,Happiness,True,both_correct,,,,,,,,
Image,1700578027679-2-10-4-12-1-0,10,1,Disgust,1.0,Disgust,True,1700578027679-2-10-4-12-1,Central,3.0,Happiness,False,static_only_correct,,,,,,,,
Image,1700578027679-2-10-4-12-1-1,10,1,Disgust,3.0,Happiness,False,1700578027679-2-10-4-12-1,Side,1.0,Disgust,True,dynamic_only_correct,,,,,,,,
Image,1700578029507-2-10-4-13-3-0,10,3,Happiness,3.0,Happiness,True,1700578029507-2-10-4-13-3,Central,3.0,Happiness,True,both_correct,,,,,,,,
Image,1700578029507-2-10-4-13-3-1,10,3,Happiness,3.0,Happiness,True,1700578029507-2-10-4-13-3,Side,3.0,Happiness,True,both_correct,,,,,,,,
Image,1700578035450-2-10-4-16-2-0,10,2,Fear,2.0,Fear,True,1700578035450-2-10-4-16-2,Central,2.0,Fear,True,both_correct,,,,,,,,
Image,1700578035450-2-10-4-16-2-1,10,2,Fear,2.0,Fear,True,1700578035450-2-10-4-16-2,Side,2.0,Fear,True,both_correct,,,,,,,,
Image,1700578036809-2-10-4-17-5-0,10,5,Sadness,0.0,Anger,False,1700578036809-2-10-4-17-5,Central,0.0,Anger,False,both_wrong,,,,,,,,
Image,1700578036809-2-10-4-17-5-1,10,5,Sadness,5.0,Sadness,True,1700578036809-2-10-4-17-5,Side,5.0,Sadness,True,both_correct,,,,,,,,
Image,1700578042343-2-10-4-20-5-0,10,5,Sadness,0.0,Anger,False,1700578042343-2-10-4-20-5,Central,5.0,Sadness,True,dynamic_only_correct,,,,,,,,
Image,1700578042343-2-10-4-20-5-1,10,5,Sadness,0.0,Anger,False,1700578042343-2-10-4-20-5,Side,5.0,Sadness,True,dynamic_only_correct,,,,,,,,
Image,1700578043747-2-10-4-21-6-0,10,6,Surprise,2.0,Fear,False,1700578043747-2-10-4-21-6,Central,2.0,Fear,False,both_wrong,,,,,,,,
Image,1700578043747-2-10-4-21-6-1,10,6,Surprise,2.0,Fear,False,1700578043747-2-10-4-21-6,Side,2.0,Fear,False,both_wrong,,,,,,,,
Image,1700578045766-2-10-4-22-0-0,10,0,Anger,2.0,Fear,False,1700578045766-2-10-4-22-0,Central,2.0,Fear,False,both_wrong,,,,,,,,
Image,1700578045766-2-10-4-22-0-1,10,0,Anger,3.0,Happiness,False,1700578045766-2-10-4-22-0,Side,1.0,Disgust,False,both_wrong,,,,,,,,
Image,1700578047686-2-10-4-23-2-0,10,2,Fear,2.0,Fear,True,1700578047686-2-10-4-23-2,Central,2.0,Fear,True,both_correct,,,,,,,,
Image,1700578047686-2-10-4-23-2-1,10,2,Fear,2.0,Fear,True,1700578047686-2-10-4-23-2,Side,2.0,Fear,True,both_correct,,,,,,,,
Image,1700578050680-2-10-4-25-2-0,10,2,Fear,2.0,Fear,True,1700578050680-2-10-4-25-2,Central,2.0,Fear,True,both_correct,,,,,,,,
Image,1700578050680-2-10-4-25-2-1,10,2,Fear,2.0,Fear,True,1700578050680-2-10-4-25-2,Side,2.0,Fear,True,both_correct,,,,,,,,
Image,1700578052853-2-10-4-26-1-0,10,1,Disgust,1.0,Disgust,True,1700578052853-2-10-4-26-1,Central,1.0,Disgust,True,both_correct,,,,,,,,
Image,1700578052853-2-10-4-26-1-1,10,1,Disgust,1.0,Disgust,True,1700578052853-2-10-4-26-1,Side,1.0,Disgust,True,both_correct,,,,,,,,
Image,1700578053937-2-10-4-27-6-0,10,6,Surprise,2.0,Fear,False,1700578053937-2-10-4-27-6,Central,2.0,Fear,False,both_wrong,,,,,,,,
Image,1700578053937-2-10-4-27-6-1,10,6,Surprise,2.0,Fear,False,1700578053937-2-10-4-27-6,Side,2.0,Fear,False,both_wrong,,,,,,,,
Image,1700583797412-2-13-1-0-0-0,13,0,Anger,0.0,Anger,True,1700583797412-2-13-1-0-0,Central,0.0,Anger,True,both_correct,,,,,,,,
Image,1700583797412-2-13-1-0-0-1,13,0,Anger,3.0,Happiness,False,1700583797412-2-13-1-0-0,Side,1.0,Disgust,False,both_wrong,,,,,,,,
Image,1700583805997-2-13-1-3-0-0,13,0,Anger,1.0,Disgust,False,1700583805997-2-13-1-3-0,Central,1.0,Disgust,False,both_wrong,,,,,,,,
Image,1700583805997-2-13-1-3-0-1,13,0,Anger,0.0,Anger,True,1700583805997-2-13-1-3-0,Side,1.0,Disgust,False,static_only_correct,,,,,,,,
Image,1700583807891-2-13-1-4-0-0,13,0,Anger,0.0,Anger,True,1700583807891-2-13-1-4-0,Central,0.0,Anger,True,both_correct,,,,,,,,
Image,1700583807891-2-13-1-4-0-1,13,0,Anger,0.0,Anger,True,1700583807891-2-13-1-4-0,Side,0.0,Anger,True,both_correct,,,,,,,,
Image,1700583813812-2-13-1-6-3-0,13,3,Happiness,3.0,Happiness,True,1700583813812-2-13-1-6-3,Central,3.0,Happiness,True,both_correct,,,,,,,,
Image,1700583813812-2-13-1-6-3-1,13,3,Happiness,3.0,Happiness,True,1700583813812-2-13-1-6-3,Side,3.0,Happiness,True,both_correct,,,,,,,,
Image,1700583815717-2-13-1-7-5-0,13,5,Sadness,0.0,Anger,False,1700583815717-2-13-1-7-5,Central,0.0,Anger,False,both_wrong,,,,,,,,
Image,1700583815717-2-13-1-7-5-1,13,5,Sadness,0.0,Anger,False,1700583815717-2-13-1-7-5,Side,0.0,Anger,False,both_wrong,,,,,,,,
Image,1700583883653-2-13-2-0-4-0,13,4,Neutral,4.0,Neutral,True,1700583883653-2-13-2-0-4,Central,4.0,Neutral,True,both_correct,,,,,,,,
Image,1700583883653-2-13-2-0-4-1,13,4,Neutral,4.0,Neutral,True,1700583883653-2-13-2-0-4,Side,4.0,Neutral,True,both_correct,,,,,,,,
Image,1700583887578-2-13-2-2-6-0,13,6,Surprise,6.0,Surprise,True,1700583887578-2-13-2-2-6,Central,6.0,Surprise,True,both_correct,,,,,,,,
Image,1700583887578-2-13-2-2-6-1,13,6,Surprise,6.0,Surprise,True,1700583887578-2-13-2-2-6,Side,6.0,Surprise,True,both_correct,,,,,,,,
Image,1700583891213-2-13-2-3-2-0,13,2,Fear,2.0,Fear,True,1700583891213-2-13-2-3-2,Central,4.0,Neutral,False,static_only_correct,,,,,,,,
Image,1700583891213-2-13-2-3-2-1,13,2,Fear,2.0,Fear,True,1700583891213-2-13-2-3-2,Side,2.0,Fear,True,both_correct,,,,,,,,
Image,1700583893370-2-13-2-4-1-0,13,1,Disgust,1.0,Disgust,True,1700583893370-2-13-2-4-1,Central,1.0,Disgust,True,both_correct,,,,,,,,
Image,1700583893370-2-13-2-4-1-1,13,1,Disgust,1.0,Disgust,True,1700583893370-2-13-2-4-1,Side,1.0,Disgust,True,both_correct,,,,,,,,
Image,1700583897868-2-13-2-6-2-0,13,2,Fear,2.0,Fear,True,1700583897868-2-13-2-6-2,Central,2.0,Fear,True,both_correct,,,,,,,,
Image,1700583897868-2-13-2-6-2-1,13,2,Fear,3.0,Happiness,False,1700583897868-2-13-2-6-2,Side,2.0,Fear,True,dynamic_only_correct,,,,,,,,
Image,1700583903979-2-13-2-8-6-0,13,6,Surprise,6.0,Surprise,True,1700583903979-2-13-2-8-6,Central,6.0,Surprise,True,both_correct,,,,,,,,
Image,1700583903979-2-13-2-8-6-1,13,6,Surprise,6.0,Surprise,True,1700583903979-2-13-2-8-6,Side,6.0,Surprise,True,both_correct,,,,,,,,
Image,1700583910942-2-13-2-11-4-0,13,4,Neutral,4.0,Neutral,True,1700583910942-2-13-2-11-4,Central,4.0,Neutral,True,both_correct,,,,,,,,
Image,1700583910942-2-13-2-11-4-1,13,4,Neutral,4.0,Neutral,True,1700583910942-2-13-2-11-4,Side,4.0,Neutral,True,both_correct,,,,,,,,
Image,1700583999169-2-13-3-0-4-0,13,4,Neutral,4.0,Neutral,True,1700583999169-2-13-3-0-4,Central,4.0,Neutral,True,both_correct,,,,,,,,
Image,1700583999169-2-13-3-0-4-1,13,4,Neutral,4.0,Neutral,True,1700583999169-2-13-3-0-4,Side,4.0,Neutral,True,both_correct,,,,,,,,
Image,1700584001197-2-13-3-1-1-0,13,1,Disgust,1.0,Disgust,True,1700584001197-2-13-3-1-1,Central,0.0,Anger,False,static_only_correct,,,,,,,,
Image,1700584001197-2-13-3-1-1-1,13,1,Disgust,1.0,Disgust,True,1700584001197-2-13-3-1-1,Side,0.0,Anger,False,static_only_correct,,,,,,,,
Image,1700584007863-2-13-3-4-3-0,13,3,Happiness,3.0,Happiness,True,1700584007863-2-13-3-4-3,Central,3.0,Happiness,True,both_correct,,,,,,,,
Image,1700584007863-2-13-3-4-3-1,13,3,Happiness,3.0,Happiness,True,1700584007863-2-13-3-4-3,Side,3.0,Happiness,True,both_correct,,,,,,,,
Image,1700584009992-2-13-3-5-2-0,13,2,Fear,2.0,Fear,True,1700584009992-2-13-3-5-2,Central,2.0,Fear,True,both_correct,,,,,,,,
Image,1700584009992-2-13-3-5-2-1,13,2,Fear,2.0,Fear,True,1700584009992-2-13-3-5-2,Side,2.0,Fear,True,both_correct,,,,,,,,
Image,1700584012456-2-13-3-6-5-0,13,5,Sadness,0.0,Anger,False,1700584012456-2-13-3-6-5,Central,5.0,Sadness,True,dynamic_only_correct,,,,,,,,
Image,1700584012456-2-13-3-6-5-1,13,5,Sadness,0.0,Anger,False,1700584012456-2-13-3-6-5,Side,5.0,Sadness,True,dynamic_only_correct,,,,,,,,
Image,1700584020161-2-13-3-10-0-0,13,0,Anger,0.0,Anger,True,1700584020161-2-13-3-10-0,Central,0.0,Anger,True,both_correct,,,,,,,,
Image,1700584020161-2-13-3-10-0-1,13,0,Anger,0.0,Anger,True,1700584020161-2-13-3-10-0,Side,1.0,Disgust,False,static_only_correct,,,,,,,,
Image,1700584022622-2-13-3-11-3-0,13,3,Happiness,3.0,Happiness,True,1700584022622-2-13-3-11-3,Central,3.0,Happiness,True,both_correct,,,,,,,,
Image,1700584022622-2-13-3-11-3-1,13,3,Happiness,3.0,Happiness,True,1700584022622-2-13-3-11-3,Side,3.0,Happiness,True,both_correct,,,,,,,,
Image,1700584023624-2-13-3-12-4-0,13,4,Neutral,4.0,Neutral,True,1700584023624-2-13-3-12-4,Central,4.0,Neutral,True,both_correct,,,,,,,,
Image,1700584023624-2-13-3-12-4-1,13,4,Neutral,4.0,Neutral,True,1700584023624-2-13-3-12-4,Side,4.0,Neutral,True,both_correct,,,,,,,,
Image,1700584025989-2-13-3-13-6-0,13,6,Surprise,6.0,Surprise,True,1700584025989-2-13-3-13-6,Central,2.0,Fear,False,static_only_correct,,,,,,,,
Image,1700584025989-2-13-3-13-6-1,13,6,Surprise,6.0,Surprise,True,1700584025989-2-13-3-13-6,Side,6.0,Surprise,True,both_correct,,,,,,,,
Image,1700584027538-2-13-3-14-4-0,13,4,Neutral,4.0,Neutral,True,1700584027538-2-13-3-14-4,Central,4.0,Neutral,True,both_correct,,,,,,,,
Image,1700584027538-2-13-3-14-4-1,13,4,Neutral,4.0,Neutral,True,1700584027538-2-13-3-14-4,Side,4.0,Neutral,True,both_correct,,,,,,,,
Image,1700584030294-2-13-3-15-5-0,13,5,Sadness,5.0,Sadness,True,1700584030294-2-13-3-15-5,Central,5.0,Sadness,True,both_correct,,,,,,,,
Image,1700584030294-2-13-3-15-5-1,13,5,Sadness,5.0,Sadness,True,1700584030294-2-13-3-15-5,Side,5.0,Sadness,True,both_correct,,,,,,,,
Image,1700584032421-2-13-3-16-2-0,13,2,Fear,2.0,Fear,True,1700584032421-2-13-3-16-2,Central,2.0,Fear,True,both_correct,,,,,,,,
Image,1700584032421-2-13-3-16-2-1,13,2,Fear,4.0,Neutral,False,1700584032421-2-13-3-16-2,Side,2.0,Fear,True,dynamic_only_correct,,,,,,,,
Image,1700584034051-2-13-3-17-3-0,13,3,Happiness,3.0,Happiness,True,1700584034051-2-13-3-17-3,Central,3.0,Happiness,True,both_correct,,,,,,,,
Image,1700584034051-2-13-3-17-3-1,13,3,Happiness,3.0,Happiness,True,1700584034051-2-13-3-17-3,Side,3.0,Happiness,True,both_correct,,,,,,,,
Image,1700584035954-2-13-3-18-1-0,13,1,Disgust,1.0,Disgust,True,1700584035954-2-13-3-18-1,Central,1.0,Disgust,True,both_correct,,,,,,,,
Image,1700584035954-2-13-3-18-1-1,13,1,Disgust,1.0,Disgust,True,1700584035954-2-13-3-18-1,Side,1.0,Disgust,True,both_correct,,,,,,,,
Image,1700584037726-2-13-3-19-6-0,13,6,Surprise,6.0,Surprise,True,1700584037726-2-13-3-19-6,Central,6.0,Surprise,True,both_correct,,,,,,,,
Image,1700584037726-2-13-3-19-6-1,13,6,Surprise,6.0,Surprise,True,1700584037726-2-13-3-19-6,Side,6.0,Surprise,True,both_correct,,,,,,,,
Image,1700584201525-2-13-4-0-1-0,13,1,Disgust,4.0,Neutral,False,1700584201525-2-13-4-0-1,Central,1.0,Disgust,True,dynamic_only_correct,,,,,,,,
Image,1700584201525-2-13-4-0-1-1,13,1,Disgust,4.0,Neutral,False,1700584201525-2-13-4-0-1,Side,1.0,Disgust,True,dynamic_only_correct,,,,,,,,
Image,1700584204317-2-13-4-1-5-0,13,5,Sadness,5.0,Sadness,True,1700584204317-2-13-4-1-5,Central,5.0,Sadness,True,both_correct,,,,,,,,
Image,1700584204317-2-13-4-1-5-1,13,5,Sadness,5.0,Sadness,True,1700584204317-2-13-4-1-5,Side,5.0,Sadness,True,both_correct,,,,,,,,
Image,1700584206113-2-13-4-2-4-0,13,4,Neutral,4.0,Neutral,True,1700584206113-2-13-4-2-4,Central,4.0,Neutral,True,both_correct,,,,,,,,
Image,1700584206113-2-13-4-2-4-1,13,4,Neutral,4.0,Neutral,True,1700584206113-2-13-4-2-4,Side,4.0,Neutral,True,both_correct,,,,,,,,
Image,1700584207271-2-13-4-3-6-0,13,6,Surprise,6.0,Surprise,True,1700584207271-2-13-4-3-6,Central,6.0,Surprise,True,both_correct,,,,,,,,
Image,1700584207271-2-13-4-3-6-1,13,6,Surprise,6.0,Surprise,True,1700584207271-2-13-4-3-6,Side,6.0,Surprise,True,both_correct,,,,,,,,
Image,1700584212931-2-13-4-6-3-0,13,3,Happiness,3.0,Happiness,True,1700584212931-2-13-4-6-3,Central,3.0,Happiness,True,both_correct,,,,,,,,
Image,1700584212931-2-13-4-6-3-1,13,3,Happiness,3.0,Happiness,True,1700584212931-2-13-4-6-3,Side,3.0,Happiness,True,both_correct,,,,,,,,
Image,1700584214184-2-13-4-7-0-0,13,0,Anger,0.0,Anger,True,1700584214184-2-13-4-7-0,Central,1.0,Disgust,False,static_only_correct,,,,,,,,
Image,1700584214184-2-13-4-7-0-1,13,0,Anger,3.0,Happiness,False,1700584214184-2-13-4-7-0,Side,1.0,Disgust,False,both_wrong,,,,,,,,
Image,1700584216493-2-13-4-8-5-0,13,5,Sadness,5.0,Sadness,True,1700584216493-2-13-4-8-5,Central,5.0,Sadness,True,both_correct,,,,,,,,
Image,1700584216493-2-13-4-8-5-1,13,5,Sadness,5.0,Sadness,True,1700584216493-2-13-4-8-5,Side,5.0,Sadness,True,both_correct,,,,,,,,
Image,1700584217663-2-13-4-9-2-0,13,2,Fear,2.0,Fear,True,1700584217663-2-13-4-9-2,Central,4.0,Neutral,False,static_only_correct,,,,,,,,
Image,1700584217663-2-13-4-9-2-1,13,2,Fear,4.0,Neutral,False,1700584217663-2-13-4-9-2,Side,4.0,Neutral,False,both_wrong,,,,,,,,
Image,1700584219640-2-13-4-10-0-0,13,0,Anger,0.0,Anger,True,1700584219640-2-13-4-10-0,Central,0.0,Anger,True,both_correct,,,,,,,,
Image,1700584219640-2-13-4-10-0-1,13,0,Anger,0.0,Anger,True,1700584219640-2-13-4-10-0,Side,0.0,Anger,True,both_correct,,,,,,,,
Image,1700584221354-2-13-4-11-3-0,13,3,Happiness,3.0,Happiness,True,1700584221354-2-13-4-11-3,Central,3.0,Happiness,True,both_correct,,,,,,,,
Image,1700584221354-2-13-4-11-3-1,13,3,Happiness,3.0,Happiness,True,1700584221354-2-13-4-11-3,Side,3.0,Happiness,True,both_correct,,,,,,,,
Image,1700584223413-2-13-4-12-1-0,13,1,Disgust,1.0,Disgust,True,1700584223413-2-13-4-12-1,Central,1.0,Disgust,True,both_correct,,,,,,,,
Image,1700584223413-2-13-4-12-1-1,13,1,Disgust,1.0,Disgust,True,1700584223413-2-13-4-12-1,Side,1.0,Disgust,True,both_correct,,,,,,,,
Image,1700584232123-2-13-4-17-5-0,13,5,Sadness,0.0,Anger,False,1700584232123-2-13-4-17-5,Central,0.0,Anger,False,both_wrong,,,,,,,,
Image,1700584232123-2-13-4-17-5-1,13,5,Sadness,0.0,Anger,False,1700584232123-2-13-4-17-5,Side,5.0,Sadness,True,dynamic_only_correct,,,,,,,,
Image,1700584234061-2-13-4-18-4-0,13,4,Neutral,4.0,Neutral,True,1700584234061-2-13-4-18-4,Central,4.0,Neutral,True,both_correct,,,,,,,,
Image,1700584234061-2-13-4-18-4-1,13,4,Neutral,4.0,Neutral,True,1700584234061-2-13-4-18-4,Side,4.0,Neutral,True,both_correct,,,,,,,,
Image,1700584237227-2-13-4-20-5-0,13,5,Sadness,5.0,Sadness,True,1700584237227-2-13-4-20-5,Central,5.0,Sadness,True,both_correct,,,,,,,,
Image,1700584237227-2-13-4-20-5-1,13,5,Sadness,5.0,Sadness,True,1700584237227-2-13-4-20-5,Side,5.0,Sadness,True,both_correct,,,,,,,,
Image,1700584238451-2-13-4-21-6-0,13,6,Surprise,6.0,Surprise,True,1700584238451-2-13-4-21-6,Central,6.0,Surprise,True,both_correct,,,,,,,,
Image,1700584238451-2-13-4-21-6-1,13,6,Surprise,6.0,Surprise,True,1700584238451-2-13-4-21-6,Side,6.0,Surprise,True,both_correct,,,,,,,,
Image,1700584240494-2-13-4-22-0-0,13,0,Anger,1.0,Disgust,False,1700584240494-2-13-4-22-0,Central,4.0,Neutral,False,both_wrong,,,,,,,,
Image,1700584240494-2-13-4-22-0-1,13,0,Anger,3.0,Happiness,False,1700584240494-2-13-4-22-0,Side,1.0,Disgust,False,both_wrong,,,,,,,,
Image,1700584242638-2-13-4-23-2-0,13,2,Fear,4.0,Neutral,False,1700584242638-2-13-4-23-2,Central,4.0,Neutral,False,both_wrong,,,,,,,,
Image,1700584242638-2-13-4-23-2-1,13,2,Fear,4.0,Neutral,False,1700584242638-2-13-4-23-2,Side,2.0,Fear,True,dynamic_only_correct,,,,,,,,
Image,1700584244435-2-13-4-24-3-0,13,3,Happiness,3.0,Happiness,True,1700584244435-2-13-4-24-3,Central,3.0,Happiness,True,both_correct,,,,,,,,
Image,1700584244435-2-13-4-24-3-1,13,3,Happiness,3.0,Happiness,True,1700584244435-2-13-4-24-3,Side,3.0,Happiness,True,both_correct,,,,,,,,
Image,1700584249628-2-13-4-27-6-0,13,6,Surprise,6.0,Surprise,True,1700584249628-2-13-4-27-6,Central,6.0,Surprise,True,both_correct,,,,,,,,
Image,1700584249628-2-13-4-27-6-1,13,6,Surprise,6.0,Surprise,True,1700584249628-2-13-4-27-6,Side,6.0,Surprise,True,both_correct,,,,,,,,
Image,1700747144334-2-15-1-0-0-0,15,0,Anger,0.0,Anger,True,1700747144334-2-15-1-0-0,Central,0.0,Anger,True,both_correct,,,,,,,,
Image,1700747144334-2-15-1-0-0-1,15,0,Anger,0.0,Anger,True,1700747144334-2-15-1-0-0,Side,0.0,Anger,True,both_correct,,,,,,,,
Image,1700747147435-2-15-1-1-5-0,15,5,Sadness,5.0,Sadness,True,1700747147435-2-15-1-1-5,Central,5.0,Sadness,True,both_correct,,,,,,,,
Image,1700747147435-2-15-1-1-5-1,15,5,Sadness,5.0,Sadness,True,1700747147435-2-15-1-1-5,Side,5.0,Sadness,True,both_correct,,,,,,,,
Image,1700747149418-2-15-1-2-3-0,15,3,Happiness,3.0,Happiness,True,1700747149418-2-15-1-2-3,Central,3.0,Happiness,True,both_correct,,,,,,,,
Image,1700747149418-2-15-1-2-3-1,15,3,Happiness,3.0,Happiness,True,1700747149418-2-15-1-2-3,Side,3.0,Happiness,True,both_correct,,,,,,,,
Image,1700747151558-2-15-1-3-0-0,15,0,Anger,4.0,Neutral,False,1700747151558-2-15-1-3-0,Central,4.0,Neutral,False,both_wrong,,,,,,,,
Image,1700747151558-2-15-1-3-0-1,15,0,Anger,0.0,Anger,True,1700747151558-2-15-1-3-0,Side,0.0,Anger,True,both_correct,,,,,,,,
Image,1700747153913-2-15-1-4-0-0,15,0,Anger,2.0,Fear,False,1700747153913-2-15-1-4-0,Central,2.0,Fear,False,both_wrong,,,,,,,,
Image,1700747153913-2-15-1-4-0-1,15,0,Anger,4.0,Neutral,False,1700747153913-2-15-1-4-0,Side,0.0,Anger,True,dynamic_only_correct,,,,,,,,
Image,1700747157106-2-15-1-5-5-0,15,5,Sadness,0.0,Anger,False,1700747157106-2-15-1-5-5,Central,5.0,Sadness,True,dynamic_only_correct,,,,,,,,
Image,1700747157106-2-15-1-5-5-1,15,5,Sadness,5.0,Sadness,True,1700747157106-2-15-1-5-5,Side,5.0,Sadness,True,both_correct,,,,,,,,
Image,1700747159259-2-15-1-6-3-0,15,3,Happiness,0.0,Anger,False,1700747159259-2-15-1-6-3,Central,3.0,Happiness,True,dynamic_only_correct,,,,,,,,
Image,1700747159259-2-15-1-6-3-1,15,3,Happiness,3.0,Happiness,True,1700747159259-2-15-1-6-3,Side,3.0,Happiness,True,both_correct,,,,,,,,
Image,1700747164257-2-15-1-8-3-0,15,3,Happiness,3.0,Happiness,True,1700747164257-2-15-1-8-3,Central,3.0,Happiness,True,both_correct,,,,,,,,
Image,1700747164257-2-15-1-8-3-1,15,3,Happiness,3.0,Happiness,True,1700747164257-2-15-1-8-3,Side,3.0,Happiness,True,both_correct,,,,,,,,
Image,1700747228293-2-15-2-0-4-0,15,4,Neutral,4.0,Neutral,True,1700747228293-2-15-2-0-4,Central,4.0,Neutral,True,both_correct,,,,,,,,
Image,1700747228293-2-15-2-0-4-1,15,4,Neutral,4.0,Neutral,True,1700747228293-2-15-2-0-4,Side,4.0,Neutral,True,both_correct,,,,,,,,
Image,1700747230387-2-15-2-1-1-0,15,1,Disgust,3.0,Happiness,False,1700747230387-2-15-2-1-1,Central,1.0,Disgust,True,dynamic_only_correct,,,,,,,,
Image,1700747230387-2-15-2-1-1-1,15,1,Disgust,3.0,Happiness,False,1700747230387-2-15-2-1-1,Side,3.0,Happiness,False,both_wrong,,,,,,,,
Image,1700747233836-2-15-2-2-6-0,15,6,Surprise,6.0,Surprise,True,1700747233836-2-15-2-2-6,Central,6.0,Surprise,True,both_correct,,,,,,,,
Image,1700747233836-2-15-2-2-6-1,15,6,Surprise,2.0,Fear,False,1700747233836-2-15-2-2-6,Side,6.0,Surprise,True,dynamic_only_correct,,,,,,,,
Image,1700747235785-2-15-2-3-2-0,15,2,Fear,2.0,Fear,True,1700747235785-2-15-2-3-2,Central,2.0,Fear,True,both_correct,,,,,,,,
Image,1700747235785-2-15-2-3-2-1,15,2,Fear,2.0,Fear,True,1700747235785-2-15-2-3-2,Side,2.0,Fear,True,both_correct,,,,,,,,
Image,1700747237919-2-15-2-4-1-0,15,1,Disgust,1.0,Disgust,True,1700747237919-2-15-2-4-1,Central,1.0,Disgust,True,both_correct,,,,,,,,
Image,1700747237919-2-15-2-4-1-1,15,1,Disgust,3.0,Happiness,False,1700747237919-2-15-2-4-1,Side,3.0,Happiness,False,both_wrong,,,,,,,,
Image,1700747240521-2-15-2-5-1-0,15,1,Disgust,1.0,Disgust,True,1700747240521-2-15-2-5-1,Central,5.0,Sadness,False,static_only_correct,,,,,,,,
Image,1700747240521-2-15-2-5-1-1,15,1,Disgust,3.0,Happiness,False,1700747240521-2-15-2-5-1,Side,5.0,Sadness,False,both_wrong,,,,,,,,
Image,1700747244029-2-15-2-6-2-0,15,2,Fear,2.0,Fear,True,1700747244029-2-15-2-6-2,Central,2.0,Fear,True,both_correct,,,,,,,,
Image,1700747244029-2-15-2-6-2-1,15,2,Fear,2.0,Fear,True,1700747244029-2-15-2-6-2,Side,1.0,Disgust,False,static_only_correct,,,,,,,,
Image,1700747244934-2-15-2-7-4-0,15,4,Neutral,1.0,Disgust,False,1700747244934-2-15-2-7-4,Central,5.0,Sadness,False,both_wrong,,,,,,,,
Image,1700747244934-2-15-2-7-4-1,15,4,Neutral,4.0,Neutral,True,1700747244934-2-15-2-7-4,Side,4.0,Neutral,True,both_correct,,,,,,,,
Image,1700747248666-2-15-2-8-6-0,15,6,Surprise,6.0,Surprise,True,1700747248666-2-15-2-8-6,Central,6.0,Surprise,True,both_correct,,,,,,,,
Image,1700747248666-2-15-2-8-6-1,15,6,Surprise,6.0,Surprise,True,1700747248666-2-15-2-8-6,Side,6.0,Surprise,True,both_correct,,,,,,,,
Image,1700747250542-2-15-2-9-6-0,15,6,Surprise,6.0,Surprise,True,1700747250542-2-15-2-9-6,Central,2.0,Fear,False,static_only_correct,,,,,,,,
Image,1700747250542-2-15-2-9-6-1,15,6,Surprise,6.0,Surprise,True,1700747250542-2-15-2-9-6,Side,2.0,Fear,False,static_only_correct,,,,,,,,
Image,1700747253760-2-15-2-10-2-0,15,2,Fear,2.0,Fear,True,1700747253760-2-15-2-10-2,Central,2.0,Fear,True,both_correct,,,,,,,,
Image,1700747253760-2-15-2-10-2-1,15,2,Fear,2.0,Fear,True,1700747253760-2-15-2-10-2,Side,2.0,Fear,True,both_correct,,,,,,,,
Image,1700747345899-2-15-3-0-4-0,15,4,Neutral,4.0,Neutral,True,1700747345899-2-15-3-0-4,Central,4.0,Neutral,True,both_correct,,,,,,,,
Image,1700747345899-2-15-3-0-4-1,15,4,Neutral,4.0,Neutral,True,1700747345899-2-15-3-0-4,Side,4.0,Neutral,True,both_correct,,,,,,,,
Image,1700747349332-2-15-3-1-1-0,15,1,Disgust,3.0,Happiness,False,1700747349332-2-15-3-1-1,Central,3.0,Happiness,False,both_wrong,,,,,,,,
Image,1700747349332-2-15-3-1-1-1,15,1,Disgust,2.0,Fear,False,1700747349332-2-15-3-1-1,Side,3.0,Happiness,False,both_wrong,,,,,,,,
Image,1700747349900-2-15-3-2-0-0,15,0,Anger,1.0,Disgust,False,1700747349900-2-15-3-2-0,Central,0.0,Anger,True,dynamic_only_correct,,,,,,,,
Image,1700747349900-2-15-3-2-0-1,15,0,Anger,6.0,Surprise,False,1700747349900-2-15-3-2-0,Side,0.0,Anger,True,dynamic_only_correct,,,,,,,,
Image,1700747352492-2-15-3-3-6-0,15,6,Surprise,6.0,Surprise,True,1700747352492-2-15-3-3-6,Central,6.0,Surprise,True,both_correct,,,,,,,,
Image,1700747352492-2-15-3-3-6-1,15,6,Surprise,6.0,Surprise,True,1700747352492-2-15-3-3-6,Side,6.0,Surprise,True,both_correct,,,,,,,,
Image,1700747359928-2-15-3-7-5-0,15,5,Sadness,0.0,Anger,False,1700747359928-2-15-3-7-5,Central,5.0,Sadness,True,dynamic_only_correct,,,,,,,,
Image,1700747359928-2-15-3-7-5-1,15,5,Sadness,5.0,Sadness,True,1700747359928-2-15-3-7-5,Side,5.0,Sadness,True,both_correct,,,,,,,,
Image,1700747368098-2-15-3-11-3-0,15,3,Happiness,3.0,Happiness,True,1700747368098-2-15-3-11-3,Central,3.0,Happiness,True,both_correct,,,,,,,,
Image,1700747368098-2-15-3-11-3-1,15,3,Happiness,3.0,Happiness,True,1700747368098-2-15-3-11-3,Side,3.0,Happiness,True,both_correct,,,,,,,,
Image,1700747372332-2-15-3-13-6-0,15,6,Surprise,6.0,Surprise,True,1700747372332-2-15-3-13-6,Central,2.0,Fear,False,static_only_correct,,,,,,,,
Image,1700747372332-2-15-3-13-6-1,15,6,Surprise,6.0,Surprise,True,1700747372332-2-15-3-13-6,Side,2.0,Fear,False,static_only_correct,,,,,,,,
Image,1700747374991-2-15-3-14-4-0,15,4,Neutral,4.0,Neutral,True,1700747374991-2-15-3-14-4,Central,4.0,Neutral,True,both_correct,,,,,,,,
Image,1700747374991-2-15-3-14-4-1,15,4,Neutral,4.0,Neutral,True,1700747374991-2-15-3-14-4,Side,4.0,Neutral,True,both_correct,,,,,,,,
Image,1700747376723-2-15-3-15-5-0,15,5,Sadness,0.0,Anger,False,1700747376723-2-15-3-15-5,Central,5.0,Sadness,True,dynamic_only_correct,,,,,,,,
Image,1700747376723-2-15-3-15-5-1,15,5,Sadness,5.0,Sadness,True,1700747376723-2-15-3-15-5,Side,5.0,Sadness,True,both_correct,,,,,,,,
Image,1700747378458-2-15-3-16-2-0,15,2,Fear,2.0,Fear,True,1700747378458-2-15-3-16-2,Central,2.0,Fear,True,both_correct,,,,,,,,
Image,1700747378458-2-15-3-16-2-1,15,2,Fear,2.0,Fear,True,1700747378458-2-15-3-16-2,Side,2.0,Fear,True,both_correct,,,,,,,,
Image,1700747380059-2-15-3-17-3-0,15,3,Happiness,3.0,Happiness,True,1700747380059-2-15-3-17-3,Central,3.0,Happiness,True,both_correct,,,,,,,,
Image,1700747380059-2-15-3-17-3-1,15,3,Happiness,3.0,Happiness,True,1700747380059-2-15-3-17-3,Side,3.0,Happiness,True,both_correct,,,,,,,,
Image,1700747382885-2-15-3-18-1-0,15,1,Disgust,3.0,Happiness,False,1700747382885-2-15-3-18-1,Central,3.0,Happiness,False,both_wrong,,,,,,,,
Image,1700747382885-2-15-3-18-1-1,15,1,Disgust,3.0,Happiness,False,1700747382885-2-15-3-18-1,Side,3.0,Happiness,False,both_wrong,,,,,,,,
Image,1700747384624-2-15-3-19-6-0,15,6,Surprise,2.0,Fear,False,1700747384624-2-15-3-19-6,Central,2.0,Fear,False,both_wrong,,,,,,,,
Image,1700747384624-2-15-3-19-6-1,15,6,Surprise,2.0,Fear,False,1700747384624-2-15-3-19-6,Side,2.0,Fear,False,both_wrong,,,,,,,,
Image,1700747386351-2-15-3-20-2-0,15,2,Fear,2.0,Fear,True,1700747386351-2-15-3-20-2,Central,2.0,Fear,True,both_correct,,,,,,,,
Image,1700747386351-2-15-3-20-2-1,15,2,Fear,2.0,Fear,True,1700747386351-2-15-3-20-2,Side,2.0,Fear,True,both_correct,,,,,,,,
Image,1700747514980-2-15-4-1-5-0,15,5,Sadness,0.0,Anger,False,1700747514980-2-15-4-1-5,Central,5.0,Sadness,True,dynamic_only_correct,,,,,,,,
Image,1700747514980-2-15-4-1-5-1,15,5,Sadness,5.0,Sadness,True,1700747514980-2-15-4-1-5,Side,5.0,Sadness,True,both_correct,,,,,,,,
Image,1700747516587-2-15-4-2-4-0,15,4,Neutral,4.0,Neutral,True,1700747516587-2-15-4-2-4,Central,5.0,Sadness,False,static_only_correct,,,,,,,,
Image,1700747516587-2-15-4-2-4-1,15,4,Neutral,4.0,Neutral,True,1700747516587-2-15-4-2-4,Side,5.0,Sadness,False,static_only_correct,,,,,,,,
Image,1700747522488-2-15-4-5-4-0,15,4,Neutral,4.0,Neutral,True,1700747522488-2-15-4-5-4,Central,5.0,Sadness,False,static_only_correct,,,,,,,,
Image,1700747522488-2-15-4-5-4-1,15,4,Neutral,4.0,Neutral,True,1700747522488-2-15-4-5-4,Side,4.0,Neutral,True,both_correct,,,,,,,,
Image,1700747523299-2-15-4-6-3-0,15,3,Happiness,3.0,Happiness,True,1700747523299-2-15-4-6-3,Central,3.0,Happiness,True,both_correct,,,,,,,,
Image,1700747523299-2-15-4-6-3-1,15,3,Happiness,3.0,Happiness,True,1700747523299-2-15-4-6-3,Side,3.0,Happiness,True,both_correct,,,,,,,,
Image,1700747526081-2-15-4-7-0-0,15,0,Anger,0.0,Anger,True,1700747526081-2-15-4-7-0,Central,0.0,Anger,True,both_correct,,,,,,,,
Image,1700747526081-2-15-4-7-0-1,15,0,Anger,0.0,Anger,True,1700747526081-2-15-4-7-0,Side,3.0,Happiness,False,static_only_correct,,,,,,,,
Image,1700747527030-2-15-4-8-5-0,15,5,Sadness,0.0,Anger,False,1700747527030-2-15-4-8-5,Central,5.0,Sadness,True,dynamic_only_correct,,,,,,,,
Image,1700747527030-2-15-4-8-5-1,15,5,Sadness,0.0,Anger,False,1700747527030-2-15-4-8-5,Side,5.0,Sadness,True,dynamic_only_correct,,,,,,,,
Image,1700747528937-2-15-4-9-2-0,15,2,Fear,2.0,Fear,True,1700747528937-2-15-4-9-2,Central,2.0,Fear,True,both_correct,,,,,,,,
Image,1700747528937-2-15-4-9-2-1,15,2,Fear,2.0,Fear,True,1700747528937-2-15-4-9-2,Side,2.0,Fear,True,both_correct,,,,,,,,
Image,1700747534547-2-15-4-12-1-0,15,1,Disgust,3.0,Happiness,False,1700747534547-2-15-4-12-1,Central,3.0,Happiness,False,both_wrong,,,,,,,,
Image,1700747534547-2-15-4-12-1-1,15,1,Disgust,2.0,Fear,False,1700747534547-2-15-4-12-1,Side,3.0,Happiness,False,both_wrong,,,,,,,,
Image,1700747535828-2-15-4-13-3-0,15,3,Happiness,1.0,Disgust,False,1700747535828-2-15-4-13-3,Central,0.0,Anger,False,both_wrong,,,,,,,,
Image,1700747535828-2-15-4-13-3-1,15,3,Happiness,4.0,Neutral,False,1700747535828-2-15-4-13-3,Side,3.0,Happiness,True,dynamic_only_correct,,,,,,,,
Image,1700747538056-2-15-4-14-0-0,15,0,Anger,0.0,Anger,True,1700747538056-2-15-4-14-0,Central,1.0,Disgust,False,static_only_correct,,,,,,,,
Image,1700747538056-2-15-4-14-0-1,15,0,Anger,0.0,Anger,True,1700747538056-2-15-4-14-0,Side,0.0,Anger,True,both_correct,,,,,,,,
Image,1700747543178-2-15-4-17-5-0,15,5,Sadness,0.0,Anger,False,1700747543178-2-15-4-17-5,Central,5.0,Sadness,True,dynamic_only_correct,,,,,,,,
Image,1700747543178-2-15-4-17-5-1,15,5,Sadness,5.0,Sadness,True,1700747543178-2-15-4-17-5,Side,5.0,Sadness,True,both_correct,,,,,,,,
Image,1700747545324-2-15-4-18-4-0,15,4,Neutral,4.0,Neutral,True,1700747545324-2-15-4-18-4,Central,4.0,Neutral,True,both_correct,,,,,,,,
Image,1700747545324-2-15-4-18-4-1,15,4,Neutral,4.0,Neutral,True,1700747545324-2-15-4-18-4,Side,4.0,Neutral,True,both_correct,,,,,,,,
Image,1700747550545-2-15-4-21-6-0,15,6,Surprise,6.0,Surprise,True,1700747550545-2-15-4-21-6,Central,2.0,Fear,False,static_only_correct,,,,,,,,
Image,1700747550545-2-15-4-21-6-1,15,6,Surprise,6.0,Surprise,True,1700747550545-2-15-4-21-6,Side,6.0,Surprise,True,both_correct,,,,,,,,
Image,1700747556782-2-15-4-25-2-0,15,2,Fear,1.0,Disgust,False,1700747556782-2-15-4-25-2,Central,2.0,Fear,True,dynamic_only_correct,,,,,,,,
Image,1700747556782-2-15-4-25-2-1,15,2,Fear,2.0,Fear,True,1700747556782-2-15-4-25-2,Side,2.0,Fear,True,both_correct,,,,,,,,
Image,1700747558772-2-15-4-26-1-0,15,1,Disgust,1.0,Disgust,True,1700747558772-2-15-4-26-1,Central,1.0,Disgust,True,both_correct,,,,,,,,
Image,1700747558772-2-15-4-26-1-1,15,1,Disgust,1.0,Disgust,True,1700747558772-2-15-4-26-1,Side,1.0,Disgust,True,both_correct,,,,,,,,
Image,1700756274306-2-18-1-0-0-0,18,0,Anger,3.0,Happiness,False,1700756274306-2-18-1-0-0,Central,0.0,Anger,True,dynamic_only_correct,,,,,,,,
Image,1700756274306-2-18-1-0-0-1,18,0,Anger,0.0,Anger,True,1700756274306-2-18-1-0-0,Side,1.0,Disgust,False,static_only_correct,,,,,,,,
Image,1700756276004-2-18-1-1-5-0,18,5,Sadness,5.0,Sadness,True,1700756276004-2-18-1-1-5,Central,1.0,Disgust,False,static_only_correct,,,,,,,,
Image,1700756276004-2-18-1-1-5-1,18,5,Sadness,5.0,Sadness,True,1700756276004-2-18-1-1-5,Side,5.0,Sadness,True,both_correct,,,,,,,,
Image,1700756278030-2-18-1-2-3-0,18,3,Happiness,3.0,Happiness,True,1700756278030-2-18-1-2-3,Central,3.0,Happiness,True,both_correct,,,,,,,,
Image,1700756278030-2-18-1-2-3-1,18,3,Happiness,3.0,Happiness,True,1700756278030-2-18-1-2-3,Side,3.0,Happiness,True,both_correct,,,,,,,,
Image,1700756280474-2-18-1-3-0-0,18,0,Anger,0.0,Anger,True,1700756280474-2-18-1-3-0,Central,0.0,Anger,True,both_correct,,,,,,,,
Image,1700756280474-2-18-1-3-0-1,18,0,Anger,5.0,Sadness,False,1700756280474-2-18-1-3-0,Side,0.0,Anger,True,dynamic_only_correct,,,,,,,,
Image,1700756283788-2-18-1-4-0-0,18,0,Anger,0.0,Anger,True,1700756283788-2-18-1-4-0,Central,0.0,Anger,True,both_correct,,,,,,,,
Image,1700756283788-2-18-1-4-0-1,18,0,Anger,0.0,Anger,True,1700756283788-2-18-1-4-0,Side,0.0,Anger,True,both_correct,,,,,,,,
Image,1700756285404-2-18-1-5-5-0,18,5,Sadness,5.0,Sadness,True,1700756285404-2-18-1-5-5,Central,5.0,Sadness,True,both_correct,,,,,,,,
Image,1700756285404-2-18-1-5-5-1,18,5,Sadness,5.0,Sadness,True,1700756285404-2-18-1-5-5,Side,5.0,Sadness,True,both_correct,,,,,,,,
Image,1700756292963-2-18-1-8-3-0,18,3,Happiness,3.0,Happiness,True,1700756292963-2-18-1-8-3,Central,3.0,Happiness,True,both_correct,,,,,,,,
Image,1700756292963-2-18-1-8-3-1,18,3,Happiness,1.0,Disgust,False,1700756292963-2-18-1-8-3,Side,3.0,Happiness,True,dynamic_only_correct,,,,,,,,
Image,1700756363513-2-18-2-1-1-0,18,1,Disgust,1.0,Disgust,True,1700756363513-2-18-2-1-1,Central,1.0,Disgust,True,both_correct,,,,,,,,
Image,1700756363513-2-18-2-1-1-1,18,1,Disgust,1.0,Disgust,True,1700756363513-2-18-2-1-1,Side,1.0,Disgust,True,both_correct,,,,,,,,
Image,1700756365257-2-18-2-2-6-0,18,6,Surprise,6.0,Surprise,True,1700756365257-2-18-2-2-6,Central,6.0,Surprise,True,both_correct,,,,,,,,
Image,1700756365257-2-18-2-2-6-1,18,6,Surprise,6.0,Surprise,True,1700756365257-2-18-2-2-6,Side,6.0,Surprise,True,both_correct,,,,,,,,
Image,1700756370115-2-18-2-4-1-0,18,1,Disgust,1.0,Disgust,True,1700756370115-2-18-2-4-1,Central,1.0,Disgust,True,both_correct,,,,,,,,
Image,1700756370115-2-18-2-4-1-1,18,1,Disgust,3.0,Happiness,False,1700756370115-2-18-2-4-1,Side,1.0,Disgust,True,dynamic_only_correct,,,,,,,,
Image,1700756373040-2-18-2-5-1-0,18,1,Disgust,1.0,Disgust,True,1700756373040-2-18-2-5-1,Central,1.0,Disgust,True,both_correct,,,,,,,,
Image,1700756373040-2-18-2-5-1-1,18,1,Disgust,3.0,Happiness,False,1700756373040-2-18-2-5-1,Side,3.0,Happiness,False,both_wrong,,,,,,,,
Image,1700756380628-2-18-2-8-6-0,18,6,Surprise,6.0,Surprise,True,1700756380628-2-18-2-8-6,Central,6.0,Surprise,True,both_correct,,,,,,,,
Image,1700756380628-2-18-2-8-6-1,18,6,Surprise,6.0,Surprise,True,1700756380628-2-18-2-8-6,Side,6.0,Surprise,True,both_correct,,,,,,,,
Image,1700756382762-2-18-2-9-6-0,18,6,Surprise,6.0,Surprise,True,1700756382762-2-18-2-9-6,Central,6.0,Surprise,True,both_correct,,,,,,,,
Image,1700756382762-2-18-2-9-6-1,18,6,Surprise,6.0,Surprise,True,1700756382762-2-18-2-9-6,Side,6.0,Surprise,True,both_correct,,,,,,,,
Image,1700756481968-2-18-3-0-4-0,18,4,Neutral,4.0,Neutral,True,1700756481968-2-18-3-0-4,Central,4.0,Neutral,True,both_correct,,,,,,,,
Image,1700756481968-2-18-3-0-4-1,18,4,Neutral,4.0,Neutral,True,1700756481968-2-18-3-0-4,Side,4.0,Neutral,True,both_correct,,,,,,,,
Image,1700756486528-2-18-3-2-0-0,18,0,Anger,0.0,Anger,True,1700756486528-2-18-3-2-0,Central,0.0,Anger,True,both_correct,,,,,,,,
Image,1700756486528-2-18-3-2-0-1,18,0,Anger,5.0,Sadness,False,1700756486528-2-18-3-2-0,Side,1.0,Disgust,False,both_wrong,,,,,,,,
Image,1700756490593-2-18-3-4-3-0,18,3,Happiness,3.0,Happiness,True,1700756490593-2-18-3-4-3,Central,3.0,Happiness,True,both_correct,,,,,,,,
Image,1700756490593-2-18-3-4-3-1,18,3,Happiness,3.0,Happiness,True,1700756490593-2-18-3-4-3,Side,3.0,Happiness,True,both_correct,,,,,,,,
Image,1700756494467-2-18-3-6-5-0,18,5,Sadness,5.0,Sadness,True,1700756494467-2-18-3-6-5,Central,0.0,Anger,False,static_only_correct,,,,,,,,
Image,1700756494467-2-18-3-6-5-1,18,5,Sadness,0.0,Anger,False,1700756494467-2-18-3-6-5,Side,5.0,Sadness,True,dynamic_only_correct,,,,,,,,
Image,1700756499157-2-18-3-8-0-0,18,0,Anger,0.0,Anger,True,1700756499157-2-18-3-8-0,Central,0.0,Anger,True,both_correct,,,,,,,,
Image,1700756499157-2-18-3-8-0-1,18,0,Anger,4.0,Neutral,False,1700756499157-2-18-3-8-0,Side,0.0,Anger,True,dynamic_only_correct,,,,,,,,
Image,1700756505088-2-18-3-11-3-0,18,3,Happiness,3.0,Happiness,True,1700756505088-2-18-3-11-3,Central,3.0,Happiness,True,both_correct,,,,,,,,
Image,1700756505088-2-18-3-11-3-1,18,3,Happiness,3.0,Happiness,True,1700756505088-2-18-3-11-3,Side,3.0,Happiness,True,both_correct,,,,,,,,
Image,1700756506384-2-18-3-12-4-0,18,4,Neutral,4.0,Neutral,True,1700756506384-2-18-3-12-4,Central,4.0,Neutral,True,both_correct,,,,,,,,
Image,1700756506384-2-18-3-12-4-1,18,4,Neutral,4.0,Neutral,True,1700756506384-2-18-3-12-4,Side,4.0,Neutral,True,both_correct,,,,,,,,
Image,1700756508190-2-18-3-13-6-0,18,6,Surprise,6.0,Surprise,True,1700756508190-2-18-3-13-6,Central,6.0,Surprise,True,both_correct,,,,,,,,
Image,1700756508190-2-18-3-13-6-1,18,6,Surprise,6.0,Surprise,True,1700756508190-2-18-3-13-6,Side,6.0,Surprise,True,both_correct,,,,,,,,
Image,1700756511419-2-18-3-14-4-0,18,4,Neutral,4.0,Neutral,True,1700756511419-2-18-3-14-4,Central,4.0,Neutral,True,both_correct,,,,,,,,
Image,1700756511419-2-18-3-14-4-1,18,4,Neutral,5.0,Sadness,False,1700756511419-2-18-3-14-4,Side,4.0,Neutral,True,dynamic_only_correct,,,,,,,,
Image,1700756512745-2-18-3-15-5-0,18,5,Sadness,5.0,Sadness,True,1700756512745-2-18-3-15-5,Central,5.0,Sadness,True,both_correct,,,,,,,,
Image,1700756512745-2-18-3-15-5-1,18,5,Sadness,5.0,Sadness,True,1700756512745-2-18-3-15-5,Side,5.0,Sadness,True,both_correct,,,,,,,,
Image,1700756516990-2-18-3-17-3-0,18,3,Happiness,3.0,Happiness,True,1700756516990-2-18-3-17-3,Central,3.0,Happiness,True,both_correct,,,,,,,,
Image,1700756516990-2-18-3-17-3-1,18,3,Happiness,3.0,Happiness,True,1700756516990-2-18-3-17-3,Side,3.0,Happiness,True,both_correct,,,,,,,,
Image,1700756520318-2-18-3-19-6-0,18,6,Surprise,6.0,Surprise,True,1700756520318-2-18-3-19-6,Central,6.0,Surprise,True,both_correct,,,,,,,,
Image,1700756520318-2-18-3-19-6-1,18,6,Surprise,6.0,Surprise,True,1700756520318-2-18-3-19-6,Side,6.0,Surprise,True,both_correct,,,,,,,,
Image,1700756706103-2-18-4-1-5-0,18,5,Sadness,0.0,Anger,False,1700756706103-2-18-4-1-5,Central,0.0,Anger,False,both_wrong,,,,,,,,
Image,1700756706103-2-18-4-1-5-1,18,5,Sadness,5.0,Sadness,True,1700756706103-2-18-4-1-5,Side,0.0,Anger,False,static_only_correct,,,,,,,,
Image,1700756707997-2-18-4-2-4-0,18,4,Neutral,4.0,Neutral,True,1700756707997-2-18-4-2-4,Central,4.0,Neutral,True,both_correct,,,,,,,,
Image,1700756707997-2-18-4-2-4-1,18,4,Neutral,4.0,Neutral,True,1700756707997-2-18-4-2-4,Side,4.0,Neutral,True,both_correct,,,,,,,,
Image,1700756711213-2-18-4-4-4-0,18,4,Neutral,4.0,Neutral,True,1700756711213-2-18-4-4-4,Central,4.0,Neutral,True,both_correct,,,,,,,,
Image,1700756711213-2-18-4-4-4-1,18,4,Neutral,4.0,Neutral,True,1700756711213-2-18-4-4-4,Side,4.0,Neutral,True,both_correct,,,,,,,,
Image,1700756713736-2-18-4-5-4-0,18,4,Neutral,4.0,Neutral,True,1700756713736-2-18-4-5-4,Central,4.0,Neutral,True,both_correct,,,,,,,,
Image,1700756713736-2-18-4-5-4-1,18,4,Neutral,4.0,Neutral,True,1700756713736-2-18-4-5-4,Side,4.0,Neutral,True,both_correct,,,,,,,,
Image,1700756716598-2-18-4-7-0-0,18,0,Anger,1.0,Disgust,False,1700756716598-2-18-4-7-0,Central,0.0,Anger,True,dynamic_only_correct,,,,,,,,
Image,1700756716598-2-18-4-7-0-1,18,0,Anger,1.0,Disgust,False,1700756716598-2-18-4-7-0,Side,0.0,Anger,True,dynamic_only_correct,,,,,,,,
Image,1700756719177-2-18-4-8-5-0,18,5,Sadness,5.0,Sadness,True,1700756719177-2-18-4-8-5,Central,5.0,Sadness,True,both_correct,,,,,,,,
Image,1700756719177-2-18-4-8-5-1,18,5,Sadness,5.0,Sadness,True,1700756719177-2-18-4-8-5,Side,5.0,Sadness,True,both_correct,,,,,,,,
Image,1700756720027-2-18-4-9-2-0,18,2,Fear,6.0,Surprise,False,1700756720027-2-18-4-9-2,Central,2.0,Fear,True,dynamic_only_correct,,,,,,,,
Image,1700756720027-2-18-4-9-2-1,18,2,Fear,2.0,Fear,True,1700756720027-2-18-4-9-2,Side,6.0,Surprise,False,static_only_correct,,,,,,,,
Image,1700756722474-2-18-4-10-0-0,18,0,Anger,1.0,Disgust,False,1700756722474-2-18-4-10-0,Central,0.0,Anger,True,dynamic_only_correct,,,,,,,,
Image,1700756722474-2-18-4-10-0-1,18,0,Anger,5.0,Sadness,False,1700756722474-2-18-4-10-0,Side,0.0,Anger,True,dynamic_only_correct,,,,,,,,
Image,1700756725541-2-18-4-12-1-0,18,1,Disgust,1.0,Disgust,True,1700756725541-2-18-4-12-1,Central,1.0,Disgust,True,both_correct,,,,,,,,
Image,1700756725541-2-18-4-12-1-1,18,1,Disgust,1.0,Disgust,True,1700756725541-2-18-4-12-1,Side,1.0,Disgust,True,both_correct,,,,,,,,
Image,1700756727000-2-18-4-13-3-0,18,3,Happiness,3.0,Happiness,True,1700756727000-2-18-4-13-3,Central,3.0,Happiness,True,both_correct,,,,,,,,
Image,1700756727000-2-18-4-13-3-1,18,3,Happiness,3.0,Happiness,True,1700756727000-2-18-4-13-3,Side,3.0,Happiness,True,both_correct,,,,,,,,
Image,1700756728630-2-18-4-14-0-0,18,0,Anger,1.0,Disgust,False,1700756728630-2-18-4-14-0,Central,0.0,Anger,True,dynamic_only_correct,,,,,,,,
Image,1700756728630-2-18-4-14-0-1,18,0,Anger,0.0,Anger,True,1700756728630-2-18-4-14-0,Side,0.0,Anger,True,both_correct,,,,,,,,
Image,1700756730921-2-18-4-15-1-0,18,1,Disgust,1.0,Disgust,True,1700756730921-2-18-4-15-1,Central,0.0,Anger,False,static_only_correct,,,,,,,,
Image,1700756730921-2-18-4-15-1-1,18,1,Disgust,5.0,Sadness,False,1700756730921-2-18-4-15-1,Side,0.0,Anger,False,both_wrong,,,,,,,,
Image,1700756736108-2-18-4-18-4-0,18,4,Neutral,4.0,Neutral,True,1700756736108-2-18-4-18-4,Central,4.0,Neutral,True,both_correct,,,,,,,,
Image,1700756736108-2-18-4-18-4-1,18,4,Neutral,4.0,Neutral,True,1700756736108-2-18-4-18-4,Side,4.0,Neutral,True,both_correct,,,,,,,,
Image,1700756739446-2-18-4-20-5-0,18,5,Sadness,5.0,Sadness,True,1700756739446-2-18-4-20-5,Central,0.0,Anger,False,static_only_correct,,,,,,,,
Image,1700756739446-2-18-4-20-5-1,18,5,Sadness,5.0,Sadness,True,1700756739446-2-18-4-20-5,Side,0.0,Anger,False,static_only_correct,,,,,,,,
Image,1700756740978-2-18-4-21-6-0,18,6,Surprise,6.0,Surprise,True,1700756740978-2-18-4-21-6,Central,6.0,Surprise,True,both_correct,,,,,,,,
Image,1700756740978-2-18-4-21-6-1,18,6,Surprise,6.0,Surprise,True,1700756740978-2-18-4-21-6,Side,6.0,Surprise,True,both_correct,,,,,,,,
Image,1700756743678-2-18-4-22-0-0,18,0,Anger,0.0,Anger,True,1700756743678-2-18-4-22-0,Central,0.0,Anger,True,both_correct,,,,,,,,
Image,1700756743678-2-18-4-22-0-1,18,0,Anger,0.0,Anger,True,1700756743678-2-18-4-22-0,Side,0.0,Anger,True,both_correct,,,,,,,,
Image,1700756746478-2-18-4-24-3-0,18,3,Happiness,3.0,Happiness,True,1700756746478-2-18-4-24-3,Central,3.0,Happiness,True,both_correct,,,,,,,,
Image,1700756746478-2-18-4-24-3-1,18,3,Happiness,3.0,Happiness,True,1700756746478-2-18-4-24-3,Side,3.0,Happiness,True,both_correct,,,,,,,,
Image,1700756752506-2-18-4-27-6-0,18,6,Surprise,6.0,Surprise,True,1700756752506-2-18-4-27-6,Central,6.0,Surprise,True,both_correct,,,,,,,,
Image,1700756752506-2-18-4-27-6-1,18,6,Surprise,6.0,Surprise,True,1700756752506-2-18-4-27-6,Side,6.0,Surprise,True,both_correct,,,,,,,,
Image,1701085397170-2-23-1-1-5-0,23,5,Sadness,5.0,Sadness,True,1701085397170-2-23-1-1-5,Central,5.0,Sadness,True,both_correct,,,,,,,,
Image,1701085397170-2-23-1-1-5-1,23,5,Sadness,5.0,Sadness,True,1701085397170-2-23-1-1-5,Side,5.0,Sadness,True,both_correct,,,,,,,,
Image,1701085399209-2-23-1-2-3-0,23,3,Happiness,0.0,Anger,False,1701085399209-2-23-1-2-3,Central,3.0,Happiness,True,dynamic_only_correct,,,,,,,,
Image,1701085399209-2-23-1-2-3-1,23,3,Happiness,3.0,Happiness,True,1701085399209-2-23-1-2-3,Side,3.0,Happiness,True,both_correct,,,,,,,,
Image,1701085406198-2-23-1-5-5-0,23,5,Sadness,5.0,Sadness,True,1701085406198-2-23-1-5-5,Central,5.0,Sadness,True,both_correct,,,,,,,,
Image,1701085406198-2-23-1-5-5-1,23,5,Sadness,5.0,Sadness,True,1701085406198-2-23-1-5-5,Side,5.0,Sadness,True,both_correct,,,,,,,,
Image,1701085409026-2-23-1-6-3-0,23,3,Happiness,0.0,Anger,False,1701085409026-2-23-1-6-3,Central,3.0,Happiness,True,dynamic_only_correct,,,,,,,,
Image,1701085409026-2-23-1-6-3-1,23,3,Happiness,3.0,Happiness,True,1701085409026-2-23-1-6-3,Side,3.0,Happiness,True,both_correct,,,,,,,,
Image,1701085411341-2-23-1-7-5-0,23,5,Sadness,5.0,Sadness,True,1701085411341-2-23-1-7-5,Central,0.0,Anger,False,static_only_correct,,,,,,,,
Image,1701085411341-2-23-1-7-5-1,23,5,Sadness,5.0,Sadness,True,1701085411341-2-23-1-7-5,Side,5.0,Sadness,True,both_correct,,,,,,,,
Image,1701085482708-2-23-2-0-4-0,23,4,Neutral,4.0,Neutral,True,1701085482708-2-23-2-0-4,Central,4.0,Neutral,True,both_correct,,,,,,,,
Image,1701085482708-2-23-2-0-4-1,23,4,Neutral,4.0,Neutral,True,1701085482708-2-23-2-0-4,Side,4.0,Neutral,True,both_correct,,,,,,,,
Image,1701085488586-2-23-2-2-6-0,23,6,Surprise,6.0,Surprise,True,1701085488586-2-23-2-2-6,Central,6.0,Surprise,True,both_correct,,,,,,,,
Image,1701085488586-2-23-2-2-6-1,23,6,Surprise,6.0,Surprise,True,1701085488586-2-23-2-2-6,Side,6.0,Surprise,True,both_correct,,,,,,,,
Image,1701085490489-2-23-2-3-2-0,23,2,Fear,2.0,Fear,True,1701085490489-2-23-2-3-2,Central,1.0,Disgust,False,static_only_correct,,,,,,,,
Image,1701085490489-2-23-2-3-2-1,23,2,Fear,2.0,Fear,True,1701085490489-2-23-2-3-2,Side,2.0,Fear,True,both_correct,,,,,,,,
Image,1701085495679-2-23-2-5-1-0,23,1,Disgust,0.0,Anger,False,1701085495679-2-23-2-5-1,Central,0.0,Anger,False,both_wrong,,,,,,,,
Image,1701085495679-2-23-2-5-1-1,23,1,Disgust,0.0,Anger,False,1701085495679-2-23-2-5-1,Side,0.0,Anger,False,both_wrong,,,,,,,,
Image,1701085500311-2-23-2-7-4-0,23,4,Neutral,0.0,Anger,False,1701085500311-2-23-2-7-4,Central,0.0,Anger,False,both_wrong,,,,,,,,
Image,1701085500311-2-23-2-7-4-1,23,4,Neutral,4.0,Neutral,True,1701085500311-2-23-2-7-4,Side,4.0,Neutral,True,both_correct,,,,,,,,
Image,1701085503372-2-23-2-8-6-0,23,6,Surprise,6.0,Surprise,True,1701085503372-2-23-2-8-6,Central,6.0,Surprise,True,both_correct,,,,,,,,
Image,1701085503372-2-23-2-8-6-1,23,6,Surprise,6.0,Surprise,True,1701085503372-2-23-2-8-6,Side,6.0,Surprise,True,both_correct,,,,,,,,
Image,1701085508188-2-23-2-10-2-0,23,2,Fear,3.0,Happiness,False,1701085508188-2-23-2-10-2,Central,1.0,Disgust,False,both_wrong,,,,,,,,
Image,1701085508188-2-23-2-10-2-1,23,2,Fear,2.0,Fear,True,1701085508188-2-23-2-10-2,Side,3.0,Happiness,False,static_only_correct,,,,,,,,
Image,1701085510979-2-23-2-11-4-0,23,4,Neutral,4.0,Neutral,True,1701085510979-2-23-2-11-4,Central,0.0,Anger,False,static_only_correct,,,,,,,,
Image,1701085510979-2-23-2-11-4-1,23,4,Neutral,4.0,Neutral,True,1701085510979-2-23-2-11-4,Side,4.0,Neutral,True,both_correct,,,,,,,,
Image,1701085605407-2-23-3-1-1-0,23,1,Disgust,0.0,Anger,False,1701085605407-2-23-3-1-1,Central,1.0,Disgust,True,dynamic_only_correct,,,,,,,,
Image,1701085605407-2-23-3-1-1-1,23,1,Disgust,0.0,Anger,False,1701085605407-2-23-3-1-1,Side,0.0,Anger,False,both_wrong,,,,,,,,
Image,1701085606801-2-23-3-2-0-0,23,0,Anger,0.0,Anger,True,1701085606801-2-23-3-2-0,Central,0.0,Anger,True,both_correct,,,,,,,,
Image,1701085606801-2-23-3-2-0-1,23,0,Anger,0.0,Anger,True,1701085606801-2-23-3-2-0,Side,1.0,Disgust,False,static_only_correct,,,,,,,,
Image,1701085609204-2-23-3-3-6-0,23,6,Surprise,6.0,Surprise,True,1701085609204-2-23-3-3-6,Central,6.0,Surprise,True,both_correct,,,,,,,,
Image,1701085609204-2-23-3-3-6-1,23,6,Surprise,6.0,Surprise,True,1701085609204-2-23-3-3-6,Side,6.0,Surprise,True,both_correct,,,,,,,,
Image,1701085611540-2-23-3-4-3-0,23,3,Happiness,3.0,Happiness,True,1701085611540-2-23-3-4-3,Central,3.0,Happiness,True,both_correct,,,,,,,,
Image,1701085611540-2-23-3-4-3-1,23,3,Happiness,0.0,Anger,False,1701085611540-2-23-3-4-3,Side,3.0,Happiness,True,dynamic_only_correct,,,,,,,,
Image,1701085612711-2-23-3-5-2-0,23,2,Fear,2.0,Fear,True,1701085612711-2-23-3-5-2,Central,1.0,Disgust,False,static_only_correct,,,,,,,,
Image,1701085612711-2-23-3-5-2-1,23,2,Fear,1.0,Disgust,False,1701085612711-2-23-3-5-2,Side,3.0,Happiness,False,both_wrong,,,,,,,,
Image,1701085617891-2-23-3-7-5-0,23,5,Sadness,0.0,Anger,False,1701085617891-2-23-3-7-5,Central,5.0,Sadness,True,dynamic_only_correct,,,,,,,,
Image,1701085617891-2-23-3-7-5-1,23,5,Sadness,4.0,Neutral,False,1701085617891-2-23-3-7-5,Side,5.0,Sadness,True,dynamic_only_correct,,,,,,,,
Image,1701085619479-2-23-3-8-0-0,23,0,Anger,0.0,Anger,True,1701085619479-2-23-3-8-0,Central,0.0,Anger,True,both_correct,,,,,,,,
Image,1701085619479-2-23-3-8-0-1,23,0,Anger,0.0,Anger,True,1701085619479-2-23-3-8-0,Side,0.0,Anger,True,both_correct,,,,,,,,
Image,1701085621175-2-23-3-9-1-0,23,1,Disgust,1.0,Disgust,True,1701085621175-2-23-3-9-1,Central,1.0,Disgust,True,both_correct,,,,,,,,
Image,1701085621175-2-23-3-9-1-1,23,1,Disgust,0.0,Anger,False,1701085621175-2-23-3-9-1,Side,1.0,Disgust,True,dynamic_only_correct,,,,,,,,
Image,1701085622872-2-23-3-10-0-0,23,0,Anger,0.0,Anger,True,1701085622872-2-23-3-10-0,Central,0.0,Anger,True,both_correct,,,,,,,,
Image,1701085622872-2-23-3-10-0-1,23,0,Anger,0.0,Anger,True,1701085622872-2-23-3-10-0,Side,0.0,Anger,True,both_correct,,,,,,,,
Image,1701085625896-2-23-3-11-3-0,23,3,Happiness,0.0,Anger,False,1701085625896-2-23-3-11-3,Central,3.0,Happiness,True,dynamic_only_correct,,,,,,,,
Image,1701085625896-2-23-3-11-3-1,23,3,Happiness,3.0,Happiness,True,1701085625896-2-23-3-11-3,Side,3.0,Happiness,True,both_correct,,,,,,,,
Image,1701085629667-2-23-3-13-6-0,23,6,Surprise,2.0,Fear,False,1701085629667-2-23-3-13-6,Central,2.0,Fear,False,both_wrong,,,,,,,,
Image,1701085629667-2-23-3-13-6-1,23,6,Surprise,2.0,Fear,False,1701085629667-2-23-3-13-6,Side,2.0,Fear,False,both_wrong,,,,,,,,
Image,1701085630752-2-23-3-14-4-0,23,4,Neutral,0.0,Anger,False,1701085630752-2-23-3-14-4,Central,0.0,Anger,False,both_wrong,,,,,,,,
Image,1701085630752-2-23-3-14-4-1,23,4,Neutral,4.0,Neutral,True,1701085630752-2-23-3-14-4,Side,4.0,Neutral,True,both_correct,,,,,,,,
Image,1701085633973-2-23-3-15-5-0,23,5,Sadness,0.0,Anger,False,1701085633973-2-23-3-15-5,Central,5.0,Sadness,True,dynamic_only_correct,,,,,,,,
Image,1701085633973-2-23-3-15-5-1,23,5,Sadness,4.0,Neutral,False,1701085633973-2-23-3-15-5,Side,4.0,Neutral,False,both_wrong,,,,,,,,
Image,1701085635772-2-23-3-16-2-0,23,2,Fear,2.0,Fear,True,1701085635772-2-23-3-16-2,Central,1.0,Disgust,False,static_only_correct,,,,,,,,
Image,1701085635772-2-23-3-16-2-1,23,2,Fear,1.0,Disgust,False,1701085635772-2-23-3-16-2,Side,1.0,Disgust,False,both_wrong,,,,,,,,
Image,1701085639668-2-23-3-18-1-0,23,1,Disgust,1.0,Disgust,True,1701085639668-2-23-3-18-1,Central,1.0,Disgust,True,both_correct,,,,,,,,
Image,1701085639668-2-23-3-18-1-1,23,1,Disgust,1.0,Disgust,True,1701085639668-2-23-3-18-1,Side,1.0,Disgust,True,both_correct,,,,,,,,
Image,1701085643199-2-23-3-20-2-0,23,2,Fear,1.0,Disgust,False,1701085643199-2-23-3-20-2,Central,1.0,Disgust,False,both_wrong,,,,,,,,
Image,1701085643199-2-23-3-20-2-1,23,2,Fear,1.0,Disgust,False,1701085643199-2-23-3-20-2,Side,1.0,Disgust,False,both_wrong,,,,,,,,
Image,1701085783312-2-23-4-0-1-0,23,1,Disgust,1.0,Disgust,True,1701085783312-2-23-4-0-1,Central,1.0,Disgust,True,both_correct,,,,,,,,
Image,1701085783312-2-23-4-0-1-1,23,1,Disgust,1.0,Disgust,True,1701085783312-2-23-4-0-1,Side,1.0,Disgust,True,both_correct,,,,,,,,
Image,1701085784771-2-23-4-1-5-0,23,5,Sadness,5.0,Sadness,True,1701085784771-2-23-4-1-5,Central,5.0,Sadness,True,both_correct,,,,,,,,
Image,1701085784771-2-23-4-1-5-1,23,5,Sadness,5.0,Sadness,True,1701085784771-2-23-4-1-5,Side,5.0,Sadness,True,both_correct,,,,,,,,
Image,1701085786811-2-23-4-2-4-0,23,4,Neutral,0.0,Anger,False,1701085786811-2-23-4-2-4,Central,4.0,Neutral,True,dynamic_only_correct,,,,,,,,
Image,1701085786811-2-23-4-2-4-1,23,4,Neutral,4.0,Neutral,True,1701085786811-2-23-4-2-4,Side,4.0,Neutral,True,both_correct,,,,,,,,
Image,1701085788374-2-23-4-3-6-0,23,6,Surprise,6.0,Surprise,True,1701085788374-2-23-4-3-6,Central,6.0,Surprise,True,both_correct,,,,,,,,
Image,1701085788374-2-23-4-3-6-1,23,6,Surprise,2.0,Fear,False,1701085788374-2-23-4-3-6,Side,6.0,Surprise,True,dynamic_only_correct,,,,,,,,
Image,1701085789639-2-23-4-4-4-0,23,4,Neutral,0.0,Anger,False,1701085789639-2-23-4-4-4,Central,4.0,Neutral,True,dynamic_only_correct,,,,,,,,
Image,1701085789639-2-23-4-4-4-1,23,4,Neutral,4.0,Neutral,True,1701085789639-2-23-4-4-4,Side,4.0,Neutral,True,both_correct,,,,,,,,
Image,1701085791397-2-23-4-5-4-0,23,4,Neutral,0.0,Anger,False,1701085791397-2-23-4-5-4,Central,4.0,Neutral,True,dynamic_only_correct,,,,,,,,
Image,1701085791397-2-23-4-5-4-1,23,4,Neutral,4.0,Neutral,True,1701085791397-2-23-4-5-4,Side,4.0,Neutral,True,both_correct,,,,,,,,
Image,1701085793939-2-23-4-6-3-0,23,3,Happiness,3.0,Happiness,True,1701085793939-2-23-4-6-3,Central,3.0,Happiness,True,both_correct,,,,,,,,
Image,1701085793939-2-23-4-6-3-1,23,3,Happiness,3.0,Happiness,True,1701085793939-2-23-4-6-3,Side,3.0,Happiness,True,both_correct,,,,,,,,
Image,1701085795548-2-23-4-7-0-0,23,0,Anger,0.0,Anger,True,1701085795548-2-23-4-7-0,Central,0.0,Anger,True,both_correct,,,,,,,,
Image,1701085795548-2-23-4-7-0-1,23,0,Anger,0.0,Anger,True,1701085795548-2-23-4-7-0,Side,0.0,Anger,True,both_correct,,,,,,,,
Image,1701085796688-2-23-4-8-5-0,23,5,Sadness,5.0,Sadness,True,1701085796688-2-23-4-8-5,Central,5.0,Sadness,True,both_correct,,,,,,,,
Image,1701085796688-2-23-4-8-5-1,23,5,Sadness,5.0,Sadness,True,1701085796688-2-23-4-8-5,Side,5.0,Sadness,True,both_correct,,,,,,,,
Image,1701085798672-2-23-4-9-2-0,23,2,Fear,2.0,Fear,True,1701085798672-2-23-4-9-2,Central,1.0,Disgust,False,static_only_correct,,,,,,,,
Image,1701085798672-2-23-4-9-2-1,23,2,Fear,6.0,Surprise,False,1701085798672-2-23-4-9-2,Side,2.0,Fear,True,dynamic_only_correct,,,,,,,,
Image,1701085800908-2-23-4-10-0-0,23,0,Anger,0.0,Anger,True,1701085800908-2-23-4-10-0,Central,0.0,Anger,True,both_correct,,,,,,,,
Image,1701085800908-2-23-4-10-0-1,23,0,Anger,0.0,Anger,True,1701085800908-2-23-4-10-0,Side,1.0,Disgust,False,static_only_correct,,,,,,,,
Image,1701085802372-2-23-4-11-3-0,23,3,Happiness,0.0,Anger,False,1701085802372-2-23-4-11-3,Central,3.0,Happiness,True,dynamic_only_correct,,,,,,,,
Image,1701085802372-2-23-4-11-3-1,23,3,Happiness,3.0,Happiness,True,1701085802372-2-23-4-11-3,Side,3.0,Happiness,True,both_correct,,,,,,,,
Image,1701085804610-2-23-4-12-1-0,23,1,Disgust,1.0,Disgust,True,1701085804610-2-23-4-12-1,Central,1.0,Disgust,True,both_correct,,,,,,,,
Image,1701085804610-2-23-4-12-1-1,23,1,Disgust,0.0,Anger,False,1701085804610-2-23-4-12-1,Side,1.0,Disgust,True,dynamic_only_correct,,,,,,,,
Image,1701085805933-2-23-4-13-3-0,23,3,Happiness,0.0,Anger,False,1701085805933-2-23-4-13-3,Central,3.0,Happiness,True,dynamic_only_correct,,,,,,,,
Image,1701085805933-2-23-4-13-3-1,23,3,Happiness,3.0,Happiness,True,1701085805933-2-23-4-13-3,Side,3.0,Happiness,True,both_correct,,,,,,,,
Image,1701085807269-2-23-4-14-0-0,23,0,Anger,0.0,Anger,True,1701085807269-2-23-4-14-0,Central,0.0,Anger,True,both_correct,,,,,,,,
Image,1701085807269-2-23-4-14-0-1,23,0,Anger,0.0,Anger,True,1701085807269-2-23-4-14-0,Side,1.0,Disgust,False,static_only_correct,,,,,,,,
Image,1701085809428-2-23-4-15-1-0,23,1,Disgust,1.0,Disgust,True,1701085809428-2-23-4-15-1,Central,1.0,Disgust,True,both_correct,,,,,,,,
Image,1701085809428-2-23-4-15-1-1,23,1,Disgust,1.0,Disgust,True,1701085809428-2-23-4-15-1,Side,1.0,Disgust,True,both_correct,,,,,,,,
Image,1701085810970-2-23-4-16-2-0,23,2,Fear,2.0,Fear,True,1701085810970-2-23-4-16-2,Central,1.0,Disgust,False,static_only_correct,,,,,,,,
Image,1701085810970-2-23-4-16-2-1,23,2,Fear,1.0,Disgust,False,1701085810970-2-23-4-16-2,Side,2.0,Fear,True,dynamic_only_correct,,,,,,,,
Image,1701085812843-2-23-4-17-5-0,23,5,Sadness,0.0,Anger,False,1701085812843-2-23-4-17-5,Central,5.0,Sadness,True,dynamic_only_correct,,,,,,,,
Image,1701085812843-2-23-4-17-5-1,23,5,Sadness,5.0,Sadness,True,1701085812843-2-23-4-17-5,Side,5.0,Sadness,True,both_correct,,,,,,,,
Image,1701085820057-2-23-4-21-6-0,23,6,Surprise,6.0,Surprise,True,1701085820057-2-23-4-21-6,Central,6.0,Surprise,True,both_correct,,,,,,,,
Image,1701085820057-2-23-4-21-6-1,23,6,Surprise,6.0,Surprise,True,1701085820057-2-23-4-21-6,Side,6.0,Surprise,True,both_correct,,,,,,,,
Image,1701085821482-2-23-4-22-0-0,23,0,Anger,0.0,Anger,True,1701085821482-2-23-4-22-0,Central,0.0,Anger,True,both_correct,,,,,,,,
Image,1701085821482-2-23-4-22-0-1,23,0,Anger,0.0,Anger,True,1701085821482-2-23-4-22-0,Side,0.0,Anger,True,both_correct,,,,,,,,
Image,1701085823245-2-23-4-23-2-0,23,2,Fear,2.0,Fear,True,1701085823245-2-23-4-23-2,Central,2.0,Fear,True,both_correct,,,,,,,,
Image,1701085823245-2-23-4-23-2-1,23,2,Fear,2.0,Fear,True,1701085823245-2-23-4-23-2,Side,2.0,Fear,True,both_correct,,,,,,,,
Image,1701085827129-2-23-4-25-2-0,23,2,Fear,2.0,Fear,True,1701085827129-2-23-4-25-2,Central,2.0,Fear,True,both_correct,,,,,,,,
Image,1701085827129-2-23-4-25-2-1,23,2,Fear,2.0,Fear,True,1701085827129-2-23-4-25-2,Side,2.0,Fear,True,both_correct,,,,,,,,
Image,1701085829241-2-23-4-26-1-0,23,1,Disgust,1.0,Disgust,True,1701085829241-2-23-4-26-1,Central,1.0,Disgust,True,both_correct,,,,,,,,
Image,1701085829241-2-23-4-26-1-1,23,1,Disgust,1.0,Disgust,True,1701085829241-2-23-4-26-1,Side,1.0,Disgust,True,both_correct,,,,,,,,
Image,1701085830697-2-23-4-27-6-0,23,6,Surprise,6.0,Surprise,True,1701085830697-2-23-4-27-6,Central,6.0,Surprise,True,both_correct,,,,,,,,
Image,1701085830697-2-23-4-27-6-1,23,6,Surprise,6.0,Surprise,True,1701085830697-2-23-4-27-6,Side,6.0,Surprise,True,both_correct,,,,,,,,
Image,1701094438118-2-27-1-0-0-0,27,0,Anger,0.0,Anger,True,1701094438118-2-27-1-0-0,Central,2.0,Fear,False,static_only_correct,,,,,,,,
Image,1701094438118-2-27-1-0-0-1,27,0,Anger,0.0,Anger,True,1701094438118-2-27-1-0-0,Side,1.0,Disgust,False,static_only_correct,,,,,,,,
Image,1701094443379-2-27-1-2-3-0,27,3,Happiness,3.0,Happiness,True,1701094443379-2-27-1-2-3,Central,3.0,Happiness,True,both_correct,,,,,,,,
Image,1701094443379-2-27-1-2-3-1,27,3,Happiness,3.0,Happiness,True,1701094443379-2-27-1-2-3,Side,3.0,Happiness,True,both_correct,,,,,,,,
Image,1701094445452-2-27-1-3-0-0,27,0,Anger,0.0,Anger,True,1701094445452-2-27-1-3-0,Central,0.0,Anger,True,both_correct,,,,,,,,
Image,1701094445452-2-27-1-3-0-1,27,0,Anger,0.0,Anger,True,1701094445452-2-27-1-3-0,Side,0.0,Anger,True,both_correct,,,,,,,,
Image,1701094448444-2-27-1-4-0-0,27,0,Anger,0.0,Anger,True,1701094448444-2-27-1-4-0,Central,1.0,Disgust,False,static_only_correct,,,,,,,,
Image,1701094448444-2-27-1-4-0-1,27,0,Anger,0.0,Anger,True,1701094448444-2-27-1-4-0,Side,0.0,Anger,True,both_correct,,,,,,,,
Image,1701094450282-2-27-1-5-5-0,27,5,Sadness,5.0,Sadness,True,1701094450282-2-27-1-5-5,Central,5.0,Sadness,True,both_correct,,,,,,,,
Image,1701094450282-2-27-1-5-5-1,27,5,Sadness,5.0,Sadness,True,1701094450282-2-27-1-5-5,Side,5.0,Sadness,True,both_correct,,,,,,,,
Image,1701094455829-2-27-1-7-5-0,27,5,Sadness,0.0,Anger,False,1701094455829-2-27-1-7-5,Central,1.0,Disgust,False,both_wrong,,,,,,,,
Image,1701094455829-2-27-1-7-5-1,27,5,Sadness,4.0,Neutral,False,1701094455829-2-27-1-7-5,Side,5.0,Sadness,True,dynamic_only_correct,,,,,,,,
Image,1701094458007-2-27-1-8-3-0,27,3,Happiness,3.0,Happiness,True,1701094458007-2-27-1-8-3,Central,3.0,Happiness,True,both_correct,,,,,,,,
Image,1701094458007-2-27-1-8-3-1,27,3,Happiness,3.0,Happiness,True,1701094458007-2-27-1-8-3,Side,3.0,Happiness,True,both_correct,,,,,,,,
Image,1701094536373-2-27-2-2-6-0,27,6,Surprise,6.0,Surprise,True,1701094536373-2-27-2-2-6,Central,6.0,Surprise,True,both_correct,,,,,,,,
Image,1701094536373-2-27-2-2-6-1,27,6,Surprise,6.0,Surprise,True,1701094536373-2-27-2-2-6,Side,6.0,Surprise,True,both_correct,,,,,,,,
Image,1701094539306-2-27-2-3-2-0,27,2,Fear,2.0,Fear,True,1701094539306-2-27-2-3-2,Central,6.0,Surprise,False,static_only_correct,,,,,,,,
Image,1701094539306-2-27-2-3-2-1,27,2,Fear,2.0,Fear,True,1701094539306-2-27-2-3-2,Side,6.0,Surprise,False,static_only_correct,,,,,,,,
Image,1701094549501-2-27-2-7-4-0,27,4,Neutral,4.0,Neutral,True,1701094549501-2-27-2-7-4,Central,4.0,Neutral,True,both_correct,,,,,,,,
Image,1701094549501-2-27-2-7-4-1,27,4,Neutral,4.0,Neutral,True,1701094549501-2-27-2-7-4,Side,4.0,Neutral,True,both_correct,,,,,,,,
Image,1701094559720-2-27-2-11-4-0,27,4,Neutral,4.0,Neutral,True,1701094559720-2-27-2-11-4,Central,4.0,Neutral,True,both_correct,,,,,,,,
Image,1701094559720-2-27-2-11-4-1,27,4,Neutral,4.0,Neutral,True,1701094559720-2-27-2-11-4,Side,4.0,Neutral,True,both_correct,,,,,,,,
Image,1701094652485-2-27-3-0-4-0,27,4,Neutral,4.0,Neutral,True,1701094652485-2-27-3-0-4,Central,4.0,Neutral,True,both_correct,,,,,,,,
Image,1701094652485-2-27-3-0-4-1,27,4,Neutral,4.0,Neutral,True,1701094652485-2-27-3-0-4,Side,4.0,Neutral,True,both_correct,,,,,,,,
Image,1701094656847-2-27-3-2-0-0,27,0,Anger,1.0,Disgust,False,1701094656847-2-27-3-2-0,Central,3.0,Happiness,False,both_wrong,,,,,,,,
Image,1701094656847-2-27-3-2-0-1,27,0,Anger,3.0,Happiness,False,1701094656847-2-27-3-2-0,Side,3.0,Happiness,False,both_wrong,,,,,,,,
Image,1701094657984-2-27-3-3-6-0,27,6,Surprise,6.0,Surprise,True,1701094657984-2-27-3-3-6,Central,6.0,Surprise,True,both_correct,,,,,,,,
Image,1701094657984-2-27-3-3-6-1,27,6,Surprise,6.0,Surprise,True,1701094657984-2-27-3-3-6,Side,6.0,Surprise,True,both_correct,,,,,,,,
Image,1701094661584-2-27-3-5-2-0,27,2,Fear,2.0,Fear,True,1701094661584-2-27-3-5-2,Central,6.0,Surprise,False,static_only_correct,,,,,,,,
Image,1701094661584-2-27-3-5-2-1,27,2,Fear,6.0,Surprise,False,1701094661584-2-27-3-5-2,Side,6.0,Surprise,False,both_wrong,,,,,,,,
Image,1701094664518-2-27-3-6-5-0,27,5,Sadness,5.0,Sadness,True,1701094664518-2-27-3-6-5,Central,5.0,Sadness,True,both_correct,,,,,,,,
Image,1701094664518-2-27-3-6-5-1,27,5,Sadness,5.0,Sadness,True,1701094664518-2-27-3-6-5,Side,5.0,Sadness,True,both_correct,,,,,,,,
Image,1701094668813-2-27-3-8-0-0,27,0,Anger,0.0,Anger,True,1701094668813-2-27-3-8-0,Central,1.0,Disgust,False,static_only_correct,,,,,,,,
Image,1701094668813-2-27-3-8-0-1,27,0,Anger,0.0,Anger,True,1701094668813-2-27-3-8-0,Side,1.0,Disgust,False,static_only_correct,,,,,,,,
Image,1701094669809-2-27-3-9-1-0,27,1,Disgust,1.0,Disgust,True,1701094669809-2-27-3-9-1,Central,3.0,Happiness,False,static_only_correct,,,,,,,,
Image,1701094669809-2-27-3-9-1-1,27,1,Disgust,3.0,Happiness,False,1701094669809-2-27-3-9-1,Side,3.0,Happiness,False,both_wrong,,,,,,,,
Image,1701094672347-2-27-3-10-0-0,27,0,Anger,0.0,Anger,True,1701094672347-2-27-3-10-0,Central,0.0,Anger,True,both_correct,,,,,,,,
Image,1701094672347-2-27-3-10-0-1,27,0,Anger,0.0,Anger,True,1701094672347-2-27-3-10-0,Side,1.0,Disgust,False,static_only_correct,,,,,,,,
Image,1701094679684-2-27-3-14-4-0,27,4,Neutral,4.0,Neutral,True,1701094679684-2-27-3-14-4,Central,4.0,Neutral,True,both_correct,,,,,,,,
Image,1701094679684-2-27-3-14-4-1,27,4,Neutral,4.0,Neutral,True,1701094679684-2-27-3-14-4,Side,4.0,Neutral,True,both_correct,,,,,,,,
Image,1701094684847-2-27-3-16-2-0,27,2,Fear,3.0,Happiness,False,1701094684847-2-27-3-16-2,Central,3.0,Happiness,False,both_wrong,,,,,,,,
Image,1701094684847-2-27-3-16-2-1,27,2,Fear,3.0,Happiness,False,1701094684847-2-27-3-16-2,Side,3.0,Happiness,False,both_wrong,,,,,,,,
Image,1701094686349-2-27-3-17-3-0,27,3,Happiness,3.0,Happiness,True,1701094686349-2-27-3-17-3,Central,3.0,Happiness,True,both_correct,,,,,,,,
Image,1701094686349-2-27-3-17-3-1,27,3,Happiness,3.0,Happiness,True,1701094686349-2-27-3-17-3,Side,3.0,Happiness,True,both_correct,,,,,,,,
Image,1701094688507-2-27-3-18-1-0,27,1,Disgust,1.0,Disgust,True,1701094688507-2-27-3-18-1,Central,3.0,Happiness,False,static_only_correct,,,,,,,,
Image,1701094688507-2-27-3-18-1-1,27,1,Disgust,3.0,Happiness,False,1701094688507-2-27-3-18-1,Side,3.0,Happiness,False,both_wrong,,,,,,,,
Image,1701094689680-2-27-3-19-6-0,27,6,Surprise,6.0,Surprise,True,1701094689680-2-27-3-19-6,Central,6.0,Surprise,True,both_correct,,,,,,,,
Image,1701094689680-2-27-3-19-6-1,27,6,Surprise,6.0,Surprise,True,1701094689680-2-27-3-19-6,Side,6.0,Surprise,True,both_correct,,,,,,,,
Image,1701094692584-2-27-3-20-2-0,27,2,Fear,6.0,Surprise,False,1701094692584-2-27-3-20-2,Central,6.0,Surprise,False,both_wrong,,,,,,,,
Image,1701094692584-2-27-3-20-2-1,27,2,Fear,6.0,Surprise,False,1701094692584-2-27-3-20-2,Side,6.0,Surprise,False,both_wrong,,,,,,,,
Image,1701094821546-2-27-4-1-5-0,27,5,Sadness,5.0,Sadness,True,1701094821546-2-27-4-1-5,Central,5.0,Sadness,True,both_correct,,,,,,,,
Image,1701094821546-2-27-4-1-5-1,27,5,Sadness,5.0,Sadness,True,1701094821546-2-27-4-1-5,Side,5.0,Sadness,True,both_correct,,,,,,,,
Image,1701094823610-2-27-4-2-4-0,27,4,Neutral,4.0,Neutral,True,1701094823610-2-27-4-2-4,Central,4.0,Neutral,True,both_correct,,,,,,,,
Image,1701094823610-2-27-4-2-4-1,27,4,Neutral,4.0,Neutral,True,1701094823610-2-27-4-2-4,Side,4.0,Neutral,True,both_correct,,,,,,,,
Image,1701094824960-2-27-4-3-6-0,27,6,Surprise,6.0,Surprise,True,1701094824960-2-27-4-3-6,Central,6.0,Surprise,True,both_correct,,,,,,,,
Image,1701094824960-2-27-4-3-6-1,27,6,Surprise,6.0,Surprise,True,1701094824960-2-27-4-3-6,Side,6.0,Surprise,True,both_correct,,,,,,,,
Image,1701094829010-2-27-4-5-4-0,27,4,Neutral,4.0,Neutral,True,1701094829010-2-27-4-5-4,Central,4.0,Neutral,True,both_correct,,,,,,,,
Image,1701094829010-2-27-4-5-4-1,27,4,Neutral,3.0,Happiness,False,1701094829010-2-27-4-5-4,Side,4.0,Neutral,True,dynamic_only_correct,,,,,,,,
Image,1701094830423-2-27-4-6-3-0,27,3,Happiness,3.0,Happiness,True,1701094830423-2-27-4-6-3,Central,3.0,Happiness,True,both_correct,,,,,,,,
Image,1701094830423-2-27-4-6-3-1,27,3,Happiness,3.0,Happiness,True,1701094830423-2-27-4-6-3,Side,3.0,Happiness,True,both_correct,,,,,,,,
Image,1701094835647-2-27-4-9-2-0,27,2,Fear,2.0,Fear,True,1701094835647-2-27-4-9-2,Central,3.0,Happiness,False,static_only_correct,,,,,,,,
Image,1701094835647-2-27-4-9-2-1,27,2,Fear,2.0,Fear,True,1701094835647-2-27-4-9-2,Side,2.0,Fear,True,both_correct,,,,,,,,
Image,1701094839307-2-27-4-11-3-0,27,3,Happiness,3.0,Happiness,True,1701094839307-2-27-4-11-3,Central,3.0,Happiness,True,both_correct,,,,,,,,
Image,1701094839307-2-27-4-11-3-1,27,3,Happiness,3.0,Happiness,True,1701094839307-2-27-4-11-3,Side,3.0,Happiness,True,both_correct,,,,,,,,
Image,1701094842669-2-27-4-13-3-0,27,3,Happiness,3.0,Happiness,True,1701094842669-2-27-4-13-3,Central,3.0,Happiness,True,both_correct,,,,,,,,
Image,1701094842669-2-27-4-13-3-1,27,3,Happiness,3.0,Happiness,True,1701094842669-2-27-4-13-3,Side,3.0,Happiness,True,both_correct,,,,,,,,
Image,1701094848288-2-27-4-16-2-0,27,2,Fear,3.0,Happiness,False,1701094848288-2-27-4-16-2,Central,3.0,Happiness,False,both_wrong,,,,,,,,
Image,1701094848288-2-27-4-16-2-1,27,2,Fear,3.0,Happiness,False,1701094848288-2-27-4-16-2,Side,3.0,Happiness,False,both_wrong,,,,,,,,
Image,1701094851143-2-27-4-18-4-0,27,4,Neutral,4.0,Neutral,True,1701094851143-2-27-4-18-4,Central,4.0,Neutral,True,both_correct,,,,,,,,
Image,1701094851143-2-27-4-18-4-1,27,4,Neutral,4.0,Neutral,True,1701094851143-2-27-4-18-4,Side,4.0,Neutral,True,both_correct,,,,,,,,
Image,1701094852692-2-27-4-19-6-0,27,6,Surprise,6.0,Surprise,True,1701094852692-2-27-4-19-6,Central,6.0,Surprise,True,both_correct,,,,,,,,
Image,1701094852692-2-27-4-19-6-1,27,6,Surprise,6.0,Surprise,True,1701094852692-2-27-4-19-6,Side,6.0,Surprise,True,both_correct,,,,,,,,
Image,1701094855279-2-27-4-20-5-0,27,5,Sadness,5.0,Sadness,True,1701094855279-2-27-4-20-5,Central,5.0,Sadness,True,both_correct,,,,,,,,
Image,1701094855279-2-27-4-20-5-1,27,5,Sadness,0.0,Anger,False,1701094855279-2-27-4-20-5,Side,5.0,Sadness,True,dynamic_only_correct,,,,,,,,
Image,1701094856933-2-27-4-21-6-0,27,6,Surprise,6.0,Surprise,True,1701094856933-2-27-4-21-6,Central,6.0,Surprise,True,both_correct,,,,,,,,
Image,1701094856933-2-27-4-21-6-1,27,6,Surprise,6.0,Surprise,True,1701094856933-2-27-4-21-6,Side,6.0,Surprise,True,both_correct,,,,,,,,
Image,1701094862346-2-27-4-24-3-0,27,3,Happiness,3.0,Happiness,True,1701094862346-2-27-4-24-3,Central,3.0,Happiness,True,both_correct,,,,,,,,
Image,1701094862346-2-27-4-24-3-1,27,3,Happiness,2.0,Fear,False,1701094862346-2-27-4-24-3,Side,3.0,Happiness,True,dynamic_only_correct,,,,,,,,
Image,1701094865205-2-27-4-26-1-0,27,1,Disgust,3.0,Happiness,False,1701094865205-2-27-4-26-1,Central,3.0,Happiness,False,both_wrong,,,,,,,,
Image,1701094865205-2-27-4-26-1-1,27,1,Disgust,3.0,Happiness,False,1701094865205-2-27-4-26-1,Side,3.0,Happiness,False,both_wrong,,,,,,,,
Image,1701094866874-2-27-4-27-6-0,27,6,Surprise,6.0,Surprise,True,1701094866874-2-27-4-27-6,Central,6.0,Surprise,True,both_correct,,,,,,,,
Image,1701094866874-2-27-4-27-6-1,27,6,Surprise,6.0,Surprise,True,1701094866874-2-27-4-27-6,Side,6.0,Surprise,True,both_correct,,,,,,,,
FEA,,1,0,Anger,,,False,1700478995850-2-1-1-0-0,,,,True,dynamic_only_correct,4.0,Neutral,0.0,Anger,,,,
FEA,,1,5,Sadness,,,True,1700478998549-2-1-1-1-5,,,,True,both_correct,5.0,Sadness,5.0,Sadness,,,,
FEA,,1,3,Happiness,,,True,1700479001137-2-1-1-2-3,,,,True,both_correct,3.0,Happiness,3.0,Happiness,,,,
FEA,,1,0,Anger,,,True,1700479004312-2-1-1-3-0,,,,False,static_only_correct,0.0,Anger,4.0,Neutral,,,,
FEA,,1,0,Anger,,,True,1700479005401-2-1-1-4-0,,,,True,both_correct,0.0,Anger,0.0,Anger,,,,
FEA,,1,5,Sadness,,,True,1700479007738-2-1-1-5-5,,,,True,both_correct,5.0,Sadness,5.0,Sadness,,,,
FEA,,1,3,Happiness,,,True,1700479015441-2-1-1-8-3,,,,True,both_correct,3.0,Happiness,3.0,Happiness,,,,
FEA,,1,4,Neutral,,,True,1700479105264-2-1-2-0-4,,,,True,both_correct,4.0,Neutral,4.0,Neutral,,,,
FEA,,1,1,Disgust,,,False,1700479106931-2-1-2-1-1,,,,False,both_wrong,5.0,Sadness,5.0,Sadness,,,,
FEA,,1,2,Fear,,,False,1700479111705-2-1-2-3-2,,,,True,dynamic_only_correct,6.0,Surprise,2.0,Fear,,,,
FEA,,1,1,Disgust,,,False,1700479113933-2-1-2-4-1,,,,False,both_wrong,2.0,Fear,2.0,Fear,,,,
FEA,,1,1,Disgust,,,False,1700479117593-2-1-2-5-1,,,,False,both_wrong,2.0,Fear,2.0,Fear,,,,
FEA,,1,2,Fear,,,False,1700479119890-2-1-2-6-2,,,,True,dynamic_only_correct,4.0,Neutral,2.0,Fear,,,,
FEA,,1,2,Fear,,,True,1700479129747-2-1-2-10-2,,,,True,both_correct,2.0,Fear,2.0,Fear,,,,
FEA,,1,4,Neutral,,,True,1700479131977-2-1-2-11-4,,,,True,both_correct,4.0,Neutral,4.0,Neutral,,,,
FEA,,1,4,Neutral,,,True,1700479238544-2-1-3-0-4,,,,True,both_correct,4.0,Neutral,4.0,Neutral,,,,
FEA,,1,1,Disgust,,,False,1700479240547-2-1-3-1-1,,,,False,both_wrong,6.0,Surprise,6.0,Surprise,,,,
FEA,,1,6,Surprise,,,True,1700479243878-2-1-3-3-6,,,,True,both_correct,6.0,Surprise,6.0,Surprise,,,,
FEA,,1,3,Happiness,,,True,1700479245714-2-1-3-4-3,,,,True,both_correct,3.0,Happiness,3.0,Happiness,,,,
FEA,,1,2,Fear,,,False,1700479248151-2-1-3-5-2,,,,True,dynamic_only_correct,6.0,Surprise,2.0,Fear,,,,
FEA,,1,5,Sadness,,,False,1700479250572-2-1-3-6-5,,,,False,both_wrong,4.0,Neutral,4.0,Neutral,,,,
FEA,,1,0,Anger,,,True,1700479253441-2-1-3-8-0,,,,True,both_correct,0.0,Anger,0.0,Anger,,,,
FEA,,1,0,Anger,,,False,1700479258342-2-1-3-10-0,,,,False,both_wrong,4.0,Neutral,4.0,Neutral,,,,
FEA,,1,3,Happiness,,,True,1700479260806-2-1-3-11-3,,,,True,both_correct,3.0,Happiness,3.0,Happiness,,,,
FEA,,1,4,Neutral,,,True,1700479262241-2-1-3-12-4,,,,True,both_correct,4.0,Neutral,4.0,Neutral,,,,
FEA,,1,6,Surprise,,,True,1700479264139-2-1-3-13-6,,,,True,both_correct,6.0,Surprise,6.0,Surprise,,,,
FEA,,1,4,Neutral,,,True,1700479265444-2-1-3-14-4,,,,False,static_only_correct,4.0,Neutral,3.0,Happiness,,,,
FEA,,1,1,Disgust,,,False,1700479274174-2-1-3-18-1,,,,False,both_wrong,6.0,Surprise,2.0,Fear,,,,
FEA,,1,6,Surprise,,,True,1700479276498-2-1-3-19-6,,,,True,both_correct,6.0,Surprise,6.0,Surprise,,,,
FEA,,1,2,Fear,,,False,1700479278671-2-1-3-20-2,,,,True,dynamic_only_correct,1.0,Disgust,2.0,Fear,,,,
FEA,,1,1,Disgust,,,False,1700479411435-2-1-4-0-1,,,,False,both_wrong,2.0,Fear,2.0,Fear,,,,
FEA,,1,5,Sadness,,,True,1700479413527-2-1-4-1-5,,,,True,both_correct,5.0,Sadness,5.0,Sadness,,,,
FEA,,1,6,Surprise,,,True,1700479417615-2-1-4-3-6,,,,True,both_correct,6.0,Surprise,6.0,Surprise,,,,
FEA,,1,4,Neutral,,,True,1700479420641-2-1-4-5-4,,,,True,both_correct,4.0,Neutral,4.0,Neutral,,,,
FEA,,1,3,Happiness,,,True,1700479422411-2-1-4-6-3,,,,True,both_correct,3.0,Happiness,3.0,Happiness,,,,
FEA,,1,0,Anger,,,True,1700479424021-2-1-4-7-0,,,,True,both_correct,0.0,Anger,0.0,Anger,,,,
FEA,,1,5,Sadness,,,False,1700479426367-2-1-4-8-5,,,,True,dynamic_only_correct,4.0,Neutral,5.0,Sadness,,,,
FEA,,1,2,Fear,,,False,1700479427742-2-1-4-9-2,,,,True,dynamic_only_correct,6.0,Surprise,2.0,Fear,,,,
FEA,,1,1,Disgust,,,False,1700479432977-2-1-4-12-1,,,,False,both_wrong,6.0,Surprise,6.0,Surprise,,,,
FEA,,1,3,Happiness,,,True,1700479435090-2-1-4-13-3,,,,True,both_correct,3.0,Happiness,3.0,Happiness,,,,
FEA,,1,1,Disgust,,,False,1700479438658-2-1-4-15-1,,,,False,both_wrong,2.0,Fear,2.0,Fear,,,,
FEA,,1,5,Sadness,,,True,1700479442178-2-1-4-17-5,,,,True,both_correct,5.0,Sadness,5.0,Sadness,,,,
FEA,,1,6,Surprise,,,True,1700479445256-2-1-4-19-6,,,,True,both_correct,6.0,Surprise,6.0,Surprise,,,,
FEA,,1,5,Sadness,,,False,1700479447373-2-1-4-20-5,,,,True,dynamic_only_correct,2.0,Fear,5.0,Sadness,,,,
FEA,,1,2,Fear,,,False,1700479452800-2-1-4-23-2,,,,True,dynamic_only_correct,6.0,Surprise,2.0,Fear,,,,
FEA,,1,1,Disgust,,,False,1700479457287-2-1-4-26-1,,,,False,both_wrong,5.0,Sadness,2.0,Fear,,,,
FEA,,1,6,Surprise,,,True,1700479459026-2-1-4-27-6,,,,True,both_correct,6.0,Surprise,6.0,Surprise,,,,
FEA,,8,0,Anger,,,False,1700567688235-2-8-1-0-0,,,,False,both_wrong,1.0,Disgust,1.0,Disgust,,,,
FEA,,8,5,Sadness,,,False,1700567691497-2-8-1-1-5,,,,False,both_wrong,4.0,Neutral,1.0,Disgust,,,,
FEA,,8,3,Happiness,,,True,1700567693686-2-8-1-2-3,,,,True,both_correct,3.0,Happiness,3.0,Happiness,,,,
FEA,,8,0,Anger,,,False,1700567695958-2-8-1-3-0,,,,False,both_wrong,1.0,Disgust,1.0,Disgust,,,,
FEA,,8,0,Anger,,,False,1700567698824-2-8-1-4-0,,,,False,both_wrong,1.0,Disgust,1.0,Disgust,,,,
FEA,,8,3,Happiness,,,True,1700567702985-2-8-1-6-3,,,,True,both_correct,3.0,Happiness,3.0,Happiness,,,,
FEA,,8,5,Sadness,,,False,1700567706828-2-8-1-7-5,,,,False,both_wrong,4.0,Neutral,1.0,Disgust,,,,
FEA,,8,3,Happiness,,,True,1700567708570-2-8-1-8-3,,,,True,both_correct,3.0,Happiness,3.0,Happiness,,,,
FEA,,8,1,Disgust,,,True,1700567787758-2-8-2-1-1,,,,True,both_correct,1.0,Disgust,1.0,Disgust,,,,
FEA,,8,6,Surprise,,,True,1700567790485-2-8-2-2-6,,,,True,both_correct,6.0,Surprise,6.0,Surprise,,,,
FEA,,8,2,Fear,,,True,1700567792669-2-8-2-3-2,,,,True,both_correct,2.0,Fear,2.0,Fear,,,,
FEA,,8,1,Disgust,,,True,1700567795123-2-8-2-4-1,,,,True,both_correct,1.0,Disgust,1.0,Disgust,,,,
FEA,,8,2,Fear,,,True,1700567799982-2-8-2-6-2,,,,True,both_correct,2.0,Fear,2.0,Fear,,,,
FEA,,8,4,Neutral,,,False,1700567803057-2-8-2-7-4,,,,True,dynamic_only_correct,2.0,Fear,4.0,Neutral,,,,
FEA,,8,6,Surprise,,,True,1700567804174-2-8-2-8-6,,,,True,both_correct,6.0,Surprise,6.0,Surprise,,,,
FEA,,8,6,Surprise,,,True,1700567807289-2-8-2-9-6,,,,True,both_correct,6.0,Surprise,6.0,Surprise,,,,
FEA,,8,2,Fear,,,True,1700567809324-2-8-2-10-2,,,,True,both_correct,2.0,Fear,2.0,Fear,,,,
FEA,,8,4,Neutral,,,True,1700567812479-2-8-2-11-4,,,,True,both_correct,4.0,Neutral,4.0,Neutral,,,,
FEA,,8,4,Neutral,,,True,1700567902030-2-8-3-0-4,,,,True,both_correct,4.0,Neutral,4.0,Neutral,,,,
FEA,,8,1,Disgust,,,True,1700567903352-2-8-3-1-1,,,,True,both_correct,1.0,Disgust,1.0,Disgust,,,,
FEA,,8,0,Anger,,,False,1700567906760-2-8-3-2-0,,,,False,both_wrong,2.0,Fear,1.0,Disgust,,,,
FEA,,8,6,Surprise,,,True,1700567907954-2-8-3-3-6,,,,True,both_correct,6.0,Surprise,6.0,Surprise,,,,
FEA,,8,2,Fear,,,True,1700567911689-2-8-3-5-2,,,,True,both_correct,2.0,Fear,2.0,Fear,,,,
FEA,,8,5,Sadness,,,False,1700567914515-2-8-3-6-5,,,,False,both_wrong,1.0,Disgust,1.0,Disgust,,,,
FEA,,8,5,Sadness,,,False,1700567916813-2-8-3-7-5,,,,False,both_wrong,4.0,Neutral,1.0,Disgust,,,,
FEA,,8,0,Anger,,,False,1700567918385-2-8-3-8-0,,,,False,both_wrong,1.0,Disgust,1.0,Disgust,,,,
FEA,,8,1,Disgust,,,True,1700567920333-2-8-3-9-1,,,,True,both_correct,1.0,Disgust,1.0,Disgust,,,,
FEA,,8,0,Anger,,,False,1700567922812-2-8-3-10-0,,,,False,both_wrong,1.0,Disgust,1.0,Disgust,,,,
FEA,,8,4,Neutral,,,False,1700567926584-2-8-3-12-4,,,,True,dynamic_only_correct,2.0,Fear,4.0,Neutral,,,,
FEA,,8,6,Surprise,,,False,1700567928618-2-8-3-13-6,,,,True,dynamic_only_correct,2.0,Fear,6.0,Surprise,,,,
FEA,,8,5,Sadness,,,False,1700567932221-2-8-3-15-5,,,,False,both_wrong,2.0,Fear,2.0,Fear,,,,
FEA,,8,2,Fear,,,True,1700567934618-2-8-3-16-2,,,,True,both_correct,2.0,Fear,2.0,Fear,,,,
FEA,,8,1,Disgust,,,True,1700567938373-2-8-3-18-1,,,,True,both_correct,1.0,Disgust,1.0,Disgust,,,,
FEA,,8,2,Fear,,,True,1700567942412-2-8-3-20-2,,,,True,both_correct,2.0,Fear,2.0,Fear,,,,
FEA,,8,1,Disgust,,,True,1700568075798-2-8-4-0-1,,,,True,both_correct,1.0,Disgust,1.0,Disgust,,,,
FEA,,8,5,Sadness,,,True,1700568077758-2-8-4-1-5,,,,True,both_correct,5.0,Sadness,5.0,Sadness,,,,
FEA,,8,6,Surprise,,,True,1700568081350-2-8-4-3-6,,,,True,both_correct,6.0,Surprise,6.0,Surprise,,,,
FEA,,8,4,Neutral,,,True,1700568082939-2-8-4-4-4,,,,True,both_correct,4.0,Neutral,4.0,Neutral,,,,
FEA,,8,3,Happiness,,,True,1700568086128-2-8-4-6-3,,,,True,both_correct,3.0,Happiness,3.0,Happiness,,,,
FEA,,8,0,Anger,,,False,1700568088202-2-8-4-7-0,,,,False,both_wrong,1.0,Disgust,1.0,Disgust,,,,
FEA,,8,2,Fear,,,True,1700568090919-2-8-4-9-2,,,,True,both_correct,2.0,Fear,2.0,Fear,,,,
FEA,,8,0,Anger,,,False,1700568092978-2-8-4-10-0,,,,False,both_wrong,1.0,Disgust,1.0,Disgust,,,,
FEA,,8,3,Happiness,,,True,1700568095008-2-8-4-11-3,,,,True,both_correct,3.0,Happiness,3.0,Happiness,,,,
FEA,,8,1,Disgust,,,True,1700568096451-2-8-4-12-1,,,,True,both_correct,1.0,Disgust,1.0,Disgust,,,,
FEA,,8,0,Anger,,,False,1700568100175-2-8-4-14-0,,,,False,both_wrong,1.0,Disgust,2.0,Fear,,,,
FEA,,8,1,Disgust,,,True,1700568102387-2-8-4-15-1,,,,True,both_correct,1.0,Disgust,1.0,Disgust,,,,
FEA,,8,2,Fear,,,True,1700568103657-2-8-4-16-2,,,,True,both_correct,2.0,Fear,2.0,Fear,,,,
FEA,,8,4,Neutral,,,True,1700568107499-2-8-4-18-4,,,,True,both_correct,4.0,Neutral,4.0,Neutral,,,,
FEA,,8,6,Surprise,,,True,1700568112955-2-8-4-21-6,,,,True,both_correct,6.0,Surprise,6.0,Surprise,,,,
FEA,,8,0,Anger,,,False,1700568114265-2-8-4-22-0,,,,False,both_wrong,1.0,Disgust,1.0,Disgust,,,,
FEA,,8,2,Fear,,,True,1700568116382-2-8-4-23-2,,,,True,both_correct,2.0,Fear,2.0,Fear,,,,
FEA,,8,3,Happiness,,,True,1700568118260-2-8-4-24-3,,,,True,both_correct,3.0,Happiness,3.0,Happiness,,,,
FEA,,8,2,Fear,,,True,1700568119916-2-8-4-25-2,,,,True,both_correct,2.0,Fear,2.0,Fear,,,,
FEA,,8,1,Disgust,,,True,1700568121727-2-8-4-26-1,,,,True,both_correct,1.0,Disgust,1.0,Disgust,,,,
FEA,,10,5,Sadness,,,False,1700577641790-2-10-1-1-5,,,,True,dynamic_only_correct,0.0,Anger,5.0,Sadness,,,,
FEA,,10,3,Happiness,,,True,1700577644246-2-10-1-2-3,,,,True,both_correct,3.0,Happiness,3.0,Happiness,,,,
FEA,,10,3,Happiness,,,True,1700577653948-2-10-1-6-3,,,,True,both_correct,3.0,Happiness,3.0,Happiness,,,,
FEA,,10,3,Happiness,,,True,1700577659103-2-10-1-8-3,,,,True,both_correct,3.0,Happiness,3.0,Happiness,,,,
FEA,,10,4,Neutral,,,True,1700577731858-2-10-2-0-4,,,,True,both_correct,4.0,Neutral,4.0,Neutral,,,,
FEA,,10,1,Disgust,,,True,1700577733309-2-10-2-1-1,,,,False,static_only_correct,1.0,Disgust,3.0,Happiness,,,,
FEA,,10,2,Fear,,,True,1700577738960-2-10-2-3-2,,,,True,both_correct,2.0,Fear,2.0,Fear,,,,
FEA,,10,1,Disgust,,,True,1700577740656-2-10-2-4-1,,,,True,both_correct,1.0,Disgust,1.0,Disgust,,,,
FEA,,10,1,Disgust,,,True,1700577744274-2-10-2-5-1,,,,False,static_only_correct,1.0,Disgust,3.0,Happiness,,,,
FEA,,10,6,Surprise,,,True,1700577751365-2-10-2-8-6,,,,True,both_correct,6.0,Surprise,6.0,Surprise,,,,
FEA,,10,6,Surprise,,,True,1700577753271-2-10-2-9-6,,,,True,both_correct,6.0,Surprise,6.0,Surprise,,,,
FEA,,10,2,Fear,,,True,1700577756759-2-10-2-10-2,,,,True,both_correct,2.0,Fear,2.0,Fear,,,,
FEA,,10,4,Neutral,,,True,1700577759366-2-10-2-11-4,,,,True,both_correct,4.0,Neutral,4.0,Neutral,,,,
FEA,,10,4,Neutral,,,False,1700577839039-2-10-3-0-4,,,,True,dynamic_only_correct,3.0,Happiness,4.0,Neutral,,,,
FEA,,10,1,Disgust,,,False,1700577841033-2-10-3-1-1,,,,False,both_wrong,3.0,Happiness,3.0,Happiness,,,,
FEA,,10,0,Anger,,,True,1700577843732-2-10-3-2-0,,,,True,both_correct,0.0,Anger,0.0,Anger,,,,
FEA,,10,3,Happiness,,,True,1700577847201-2-10-3-4-3,,,,True,both_correct,3.0,Happiness,3.0,Happiness,,,,
FEA,,10,2,Fear,,,False,1700577849695-2-10-3-5-2,,,,False,both_wrong,3.0,Happiness,3.0,Happiness,,,,
FEA,,10,5,Sadness,,,True,1700577851526-2-10-3-6-5,,,,True,both_correct,5.0,Sadness,5.0,Sadness,,,,
FEA,,10,5,Sadness,,,True,1700577854173-2-10-3-7-5,,,,True,both_correct,5.0,Sadness,5.0,Sadness,,,,
FEA,,10,0,Anger,,,False,1700577855799-2-10-3-8-0,,,,False,both_wrong,1.0,Disgust,1.0,Disgust,,,,
FEA,,10,1,Disgust,,,True,1700577857687-2-10-3-9-1,,,,False,static_only_correct,1.0,Disgust,4.0,Neutral,,,,
FEA,,10,4,Neutral,,,True,1700577863441-2-10-3-12-4,,,,True,both_correct,4.0,Neutral,4.0,Neutral,,,,
FEA,,10,4,Neutral,,,True,1700577867123-2-10-3-14-4,,,,True,both_correct,4.0,Neutral,4.0,Neutral,,,,
FEA,,10,5,Sadness,,,True,1700577870256-2-10-3-15-5,,,,True,both_correct,5.0,Sadness,5.0,Sadness,,,,
FEA,,10,6,Surprise,,,True,1700577877659-2-10-3-19-6,,,,True,both_correct,6.0,Surprise,6.0,Surprise,,,,
FEA,,10,2,Fear,,,True,1700577880261-2-10-3-20-2,,,,True,both_correct,2.0,Fear,2.0,Fear,,,,
FEA,,10,1,Disgust,,,False,1700578007024-2-10-4-0-1,,,,False,both_wrong,3.0,Happiness,3.0,Happiness,,,,
FEA,,10,6,Surprise,,,True,1700578011711-2-10-4-3-6,,,,True,both_correct,6.0,Surprise,6.0,Surprise,,,,
FEA,,10,4,Neutral,,,True,1700578014206-2-10-4-4-4,,,,True,both_correct,4.0,Neutral,4.0,Neutral,,,,
FEA,,10,4,Neutral,,,True,1700578015880-2-10-4-5-4,,,,True,both_correct,4.0,Neutral,4.0,Neutral,,,,
FEA,,10,3,Happiness,,,True,1700578017539-2-10-4-6-3,,,,True,both_correct,3.0,Happiness,3.0,Happiness,,,,
FEA,,10,5,Sadness,,,False,1700578020748-2-10-4-8-5,,,,True,dynamic_only_correct,0.0,Anger,5.0,Sadness,,,,
FEA,,10,2,Fear,,,True,1700578022517-2-10-4-9-2,,,,True,both_correct,2.0,Fear,2.0,Fear,,,,
FEA,,10,3,Happiness,,,True,1700578026276-2-10-4-11-3,,,,True,both_correct,3.0,Happiness,3.0,Happiness,,,,
FEA,,10,1,Disgust,,,True,1700578027679-2-10-4-12-1,,,,True,both_correct,1.0,Disgust,1.0,Disgust,,,,
FEA,,10,3,Happiness,,,True,1700578029507-2-10-4-13-3,,,,True,both_correct,3.0,Happiness,3.0,Happiness,,,,
FEA,,10,2,Fear,,,True,1700578035450-2-10-4-16-2,,,,True,both_correct,2.0,Fear,2.0,Fear,,,,
FEA,,10,5,Sadness,,,True,1700578036809-2-10-4-17-5,,,,True,both_correct,5.0,Sadness,5.0,Sadness,,,,
FEA,,10,5,Sadness,,,True,1700578042343-2-10-4-20-5,,,,True,both_correct,5.0,Sadness,5.0,Sadness,,,,
FEA,,10,6,Surprise,,,True,1700578043747-2-10-4-21-6,,,,True,both_correct,6.0,Surprise,6.0,Surprise,,,,
FEA,,10,0,Anger,,,False,1700578045766-2-10-4-22-0,,,,False,both_wrong,1.0,Disgust,1.0,Disgust,,,,
FEA,,10,2,Fear,,,False,1700578047686-2-10-4-23-2,,,,False,both_wrong,4.0,Neutral,4.0,Neutral,,,,
FEA,,10,2,Fear,,,True,1700578050680-2-10-4-25-2,,,,True,both_correct,2.0,Fear,2.0,Fear,,,,
FEA,,10,1,Disgust,,,False,1700578052853-2-10-4-26-1,,,,True,dynamic_only_correct,0.0,Anger,1.0,Disgust,,,,
FEA,,10,6,Surprise,,,True,1700578053937-2-10-4-27-6,,,,True,both_correct,6.0,Surprise,6.0,Surprise,,,,
FEA,,13,0,Anger,,,True,1700583797412-2-13-1-0-0,,,,True,both_correct,0.0,Anger,0.0,Anger,,,,
FEA,,13,0,Anger,,,True,1700583805997-2-13-1-3-0,,,,False,static_only_correct,0.0,Anger,1.0,Disgust,,,,
FEA,,13,0,Anger,,,True,1700583807891-2-13-1-4-0,,,,True,both_correct,0.0,Anger,0.0,Anger,,,,
FEA,,13,3,Happiness,,,True,1700583813812-2-13-1-6-3,,,,True,both_correct,3.0,Happiness,3.0,Happiness,,,,
FEA,,13,5,Sadness,,,False,1700583815717-2-13-1-7-5,,,,True,dynamic_only_correct,0.0,Anger,5.0,Sadness,,,,
FEA,,13,4,Neutral,,,True,1700583883653-2-13-2-0-4,,,,True,both_correct,4.0,Neutral,4.0,Neutral,,,,
FEA,,13,6,Surprise,,,True,1700583887578-2-13-2-2-6,,,,True,both_correct,6.0,Surprise,6.0,Surprise,,,,
FEA,,13,2,Fear,,,False,1700583891213-2-13-2-3-2,,,,True,dynamic_only_correct,6.0,Surprise,2.0,Fear,,,,
FEA,,13,1,Disgust,,,False,1700583893370-2-13-2-4-1,,,,True,dynamic_only_correct,0.0,Anger,1.0,Disgust,,,,
FEA,,13,2,Fear,,,True,1700583897868-2-13-2-6-2,,,,True,both_correct,2.0,Fear,2.0,Fear,,,,
FEA,,13,6,Surprise,,,True,1700583903979-2-13-2-8-6,,,,True,both_correct,6.0,Surprise,6.0,Surprise,,,,
FEA,,13,4,Neutral,,,True,1700583910942-2-13-2-11-4,,,,True,both_correct,4.0,Neutral,4.0,Neutral,,,,
FEA,,13,4,Neutral,,,True,1700583999169-2-13-3-0-4,,,,True,both_correct,4.0,Neutral,4.0,Neutral,,,,
FEA,,13,1,Disgust,,,False,1700584001197-2-13-3-1-1,,,,False,both_wrong,0.0,Anger,0.0,Anger,,,,
FEA,,13,3,Happiness,,,True,1700584007863-2-13-3-4-3,,,,True,both_correct,3.0,Happiness,3.0,Happiness,,,,
FEA,,13,2,Fear,,,True,1700584009992-2-13-3-5-2,,,,True,both_correct,2.0,Fear,2.0,Fear,,,,
FEA,,13,5,Sadness,,,True,1700584012456-2-13-3-6-5,,,,True,both_correct,5.0,Sadness,5.0,Sadness,,,,
FEA,,13,0,Anger,,,True,1700584020161-2-13-3-10-0,,,,True,both_correct,0.0,Anger,0.0,Anger,,,,
FEA,,13,3,Happiness,,,True,1700584022622-2-13-3-11-3,,,,True,both_correct,3.0,Happiness,3.0,Happiness,,,,
FEA,,13,4,Neutral,,,True,1700584023624-2-13-3-12-4,,,,True,both_correct,4.0,Neutral,4.0,Neutral,,,,
FEA,,13,6,Surprise,,,False,1700584025989-2-13-3-13-6,,,,True,dynamic_only_correct,2.0,Fear,6.0,Surprise,,,,
FEA,,13,4,Neutral,,,True,1700584027538-2-13-3-14-4,,,,True,both_correct,4.0,Neutral,4.0,Neutral,,,,
FEA,,13,5,Sadness,,,True,1700584030294-2-13-3-15-5,,,,True,both_correct,5.0,Sadness,5.0,Sadness,,,,
FEA,,13,2,Fear,,,True,1700584032421-2-13-3-16-2,,,,True,both_correct,2.0,Fear,2.0,Fear,,,,
FEA,,13,3,Happiness,,,True,1700584034051-2-13-3-17-3,,,,True,both_correct,3.0,Happiness,3.0,Happiness,,,,
FEA,,13,1,Disgust,,,True,1700584035954-2-13-3-18-1,,,,True,both_correct,1.0,Disgust,1.0,Disgust,,,,
FEA,,13,6,Surprise,,,True,1700584037726-2-13-3-19-6,,,,True,both_correct,6.0,Surprise,6.0,Surprise,,,,
FEA,,13,1,Disgust,,,True,1700584201525-2-13-4-0-1,,,,True,both_correct,1.0,Disgust,1.0,Disgust,,,,
FEA,,13,5,Sadness,,,True,1700584204317-2-13-4-1-5,,,,True,both_correct,5.0,Sadness,5.0,Sadness,,,,
FEA,,13,4,Neutral,,,True,1700584206113-2-13-4-2-4,,,,True,both_correct,4.0,Neutral,4.0,Neutral,,,,
FEA,,13,6,Surprise,,,True,1700584207271-2-13-4-3-6,,,,True,both_correct,6.0,Surprise,6.0,Surprise,,,,
FEA,,13,3,Happiness,,,True,1700584212931-2-13-4-6-3,,,,True,both_correct,3.0,Happiness,3.0,Happiness,,,,
FEA,,13,0,Anger,,,False,1700584214184-2-13-4-7-0,,,,False,both_wrong,1.0,Disgust,1.0,Disgust,,,,
FEA,,13,5,Sadness,,,True,1700584216493-2-13-4-8-5,,,,True,both_correct,5.0,Sadness,5.0,Sadness,,,,
FEA,,13,2,Fear,,,True,1700584217663-2-13-4-9-2,,,,True,both_correct,2.0,Fear,2.0,Fear,,,,
FEA,,13,0,Anger,,,True,1700584219640-2-13-4-10-0,,,,True,both_correct,0.0,Anger,0.0,Anger,,,,
FEA,,13,3,Happiness,,,True,1700584221354-2-13-4-11-3,,,,True,both_correct,3.0,Happiness,3.0,Happiness,,,,
FEA,,13,1,Disgust,,,True,1700584223413-2-13-4-12-1,,,,True,both_correct,1.0,Disgust,1.0,Disgust,,,,
FEA,,13,5,Sadness,,,False,1700584232123-2-13-4-17-5,,,,True,dynamic_only_correct,0.0,Anger,5.0,Sadness,,,,
FEA,,13,4,Neutral,,,True,1700584234061-2-13-4-18-4,,,,True,both_correct,4.0,Neutral,4.0,Neutral,,,,
FEA,,13,5,Sadness,,,True,1700584237227-2-13-4-20-5,,,,True,both_correct,5.0,Sadness,5.0,Sadness,,,,
FEA,,13,6,Surprise,,,False,1700584238451-2-13-4-21-6,,,,True,dynamic_only_correct,2.0,Fear,6.0,Surprise,,,,
FEA,,13,0,Anger,,,True,1700584240494-2-13-4-22-0,,,,True,both_correct,0.0,Anger,0.0,Anger,,,,
FEA,,13,2,Fear,,,True,1700584242638-2-13-4-23-2,,,,True,both_correct,2.0,Fear,2.0,Fear,,,,
FEA,,13,3,Happiness,,,True,1700584244435-2-13-4-24-3,,,,True,both_correct,3.0,Happiness,3.0,Happiness,,,,
FEA,,13,6,Surprise,,,False,1700584249628-2-13-4-27-6,,,,True,dynamic_only_correct,2.0,Fear,6.0,Surprise,,,,
FEA,,15,0,Anger,,,False,1700747144334-2-15-1-0-0,,,,False,both_wrong,1.0,Disgust,1.0,Disgust,,,,
FEA,,15,5,Sadness,,,True,1700747147435-2-15-1-1-5,,,,True,both_correct,5.0,Sadness,5.0,Sadness,,,,
FEA,,15,3,Happiness,,,True,1700747149418-2-15-1-2-3,,,,True,both_correct,3.0,Happiness,3.0,Happiness,,,,
FEA,,15,0,Anger,,,False,1700747151558-2-15-1-3-0,,,,True,dynamic_only_correct,1.0,Disgust,0.0,Anger,,,,
FEA,,15,0,Anger,,,False,1700747153913-2-15-1-4-0,,,,False,both_wrong,1.0,Disgust,1.0,Disgust,,,,
FEA,,15,5,Sadness,,,True,1700747157106-2-15-1-5-5,,,,True,both_correct,5.0,Sadness,5.0,Sadness,,,,
FEA,,15,3,Happiness,,,True,1700747159259-2-15-1-6-3,,,,True,both_correct,3.0,Happiness,3.0,Happiness,,,,
FEA,,15,3,Happiness,,,True,1700747164257-2-15-1-8-3,,,,True,both_correct,3.0,Happiness,3.0,Happiness,,,,
FEA,,15,4,Neutral,,,True,1700747228293-2-15-2-0-4,,,,True,both_correct,4.0,Neutral,4.0,Neutral,,,,
FEA,,15,1,Disgust,,,False,1700747230387-2-15-2-1-1,,,,False,both_wrong,3.0,Happiness,3.0,Happiness,,,,
FEA,,15,6,Surprise,,,False,1700747233836-2-15-2-2-6,,,,False,both_wrong,4.0,Neutral,1.0,Disgust,,,,
FEA,,15,2,Fear,,,False,1700747235785-2-15-2-3-2,,,,False,both_wrong,6.0,Surprise,6.0,Surprise,,,,
FEA,,15,1,Disgust,,,False,1700747237919-2-15-2-4-1,,,,True,dynamic_only_correct,3.0,Happiness,1.0,Disgust,,,,
FEA,,15,1,Disgust,,,False,1700747240521-2-15-2-5-1,,,,False,both_wrong,3.0,Happiness,3.0,Happiness,,,,
FEA,,15,2,Fear,,,False,1700747244029-2-15-2-6-2,,,,False,both_wrong,1.0,Disgust,1.0,Disgust,,,,
FEA,,15,4,Neutral,,,True,1700747244934-2-15-2-7-4,,,,True,both_correct,4.0,Neutral,4.0,Neutral,,,,
FEA,,15,6,Surprise,,,True,1700747248666-2-15-2-8-6,,,,True,both_correct,6.0,Surprise,6.0,Surprise,,,,
FEA,,15,6,Surprise,,,True,1700747250542-2-15-2-9-6,,,,True,both_correct,6.0,Surprise,6.0,Surprise,,,,
FEA,,15,2,Fear,,,True,1700747253760-2-15-2-10-2,,,,False,static_only_correct,2.0,Fear,1.0,Disgust,,,,
FEA,,15,4,Neutral,,,True,1700747345899-2-15-3-0-4,,,,True,both_correct,4.0,Neutral,4.0,Neutral,,,,
FEA,,15,1,Disgust,,,True,1700747349332-2-15-3-1-1,,,,False,static_only_correct,1.0,Disgust,3.0,Happiness,,,,
FEA,,15,0,Anger,,,False,1700747349900-2-15-3-2-0,,,,False,both_wrong,1.0,Disgust,1.0,Disgust,,,,
FEA,,15,6,Surprise,,,True,1700747352492-2-15-3-3-6,,,,True,both_correct,6.0,Surprise,6.0,Surprise,,,,
FEA,,15,5,Sadness,,,True,1700747359928-2-15-3-7-5,,,,True,both_correct,5.0,Sadness,5.0,Sadness,,,,
FEA,,15,3,Happiness,,,True,1700747368098-2-15-3-11-3,,,,True,both_correct,3.0,Happiness,3.0,Happiness,,,,
FEA,,15,6,Surprise,,,True,1700747372332-2-15-3-13-6,,,,True,both_correct,6.0,Surprise,6.0,Surprise,,,,
FEA,,15,4,Neutral,,,True,1700747374991-2-15-3-14-4,,,,True,both_correct,4.0,Neutral,4.0,Neutral,,,,
FEA,,15,5,Sadness,,,True,1700747376723-2-15-3-15-5,,,,True,both_correct,5.0,Sadness,5.0,Sadness,,,,
FEA,,15,2,Fear,,,False,1700747378458-2-15-3-16-2,,,,False,both_wrong,4.0,Neutral,4.0,Neutral,,,,
FEA,,15,3,Happiness,,,True,1700747380059-2-15-3-17-3,,,,True,both_correct,3.0,Happiness,3.0,Happiness,,,,
FEA,,15,1,Disgust,,,False,1700747382885-2-15-3-18-1,,,,False,both_wrong,3.0,Happiness,3.0,Happiness,,,,
FEA,,15,6,Surprise,,,False,1700747384624-2-15-3-19-6,,,,False,both_wrong,4.0,Neutral,2.0,Fear,,,,
FEA,,15,2,Fear,,,False,1700747386351-2-15-3-20-2,,,,False,both_wrong,4.0,Neutral,4.0,Neutral,,,,
FEA,,15,5,Sadness,,,True,1700747514980-2-15-4-1-5,,,,True,both_correct,5.0,Sadness,5.0,Sadness,,,,
FEA,,15,4,Neutral,,,True,1700747516587-2-15-4-2-4,,,,True,both_correct,4.0,Neutral,4.0,Neutral,,,,
FEA,,15,4,Neutral,,,True,1700747522488-2-15-4-5-4,,,,True,both_correct,4.0,Neutral,4.0,Neutral,,,,
FEA,,15,3,Happiness,,,True,1700747523299-2-15-4-6-3,,,,True,both_correct,3.0,Happiness,3.0,Happiness,,,,
FEA,,15,0,Anger,,,True,1700747526081-2-15-4-7-0,,,,True,both_correct,0.0,Anger,0.0,Anger,,,,
FEA,,15,5,Sadness,,,True,1700747527030-2-15-4-8-5,,,,True,both_correct,5.0,Sadness,5.0,Sadness,,,,
FEA,,15,2,Fear,,,False,1700747528937-2-15-4-9-2,,,,False,both_wrong,4.0,Neutral,4.0,Neutral,,,,
FEA,,15,1,Disgust,,,False,1700747534547-2-15-4-12-1,,,,False,both_wrong,3.0,Happiness,3.0,Happiness,,,,
FEA,,15,3,Happiness,,,True,1700747535828-2-15-4-13-3,,,,True,both_correct,3.0,Happiness,3.0,Happiness,,,,
FEA,,15,0,Anger,,,True,1700747538056-2-15-4-14-0,,,,False,static_only_correct,0.0,Anger,1.0,Disgust,,,,
FEA,,15,5,Sadness,,,True,1700747543178-2-15-4-17-5,,,,True,both_correct,5.0,Sadness,5.0,Sadness,,,,
FEA,,15,4,Neutral,,,True,1700747545324-2-15-4-18-4,,,,True,both_correct,4.0,Neutral,4.0,Neutral,,,,
FEA,,15,6,Surprise,,,True,1700747550545-2-15-4-21-6,,,,True,both_correct,6.0,Surprise,6.0,Surprise,,,,
FEA,,15,2,Fear,,,False,1700747556782-2-15-4-25-2,,,,False,both_wrong,4.0,Neutral,4.0,Neutral,,,,
FEA,,15,1,Disgust,,,True,1700747558772-2-15-4-26-1,,,,True,both_correct,1.0,Disgust,1.0,Disgust,,,,
FEA,,18,0,Anger,,,True,1700756274306-2-18-1-0-0,,,,True,both_correct,0.0,Anger,0.0,Anger,,,,
FEA,,18,5,Sadness,,,True,1700756276004-2-18-1-1-5,,,,True,both_correct,5.0,Sadness,5.0,Sadness,,,,
FEA,,18,3,Happiness,,,True,1700756278030-2-18-1-2-3,,,,True,both_correct,3.0,Happiness,3.0,Happiness,,,,
FEA,,18,0,Anger,,,True,1700756280474-2-18-1-3-0,,,,True,both_correct,0.0,Anger,0.0,Anger,,,,
FEA,,18,0,Anger,,,True,1700756283788-2-18-1-4-0,,,,True,both_correct,0.0,Anger,0.0,Anger,,,,
FEA,,18,5,Sadness,,,True,1700756285404-2-18-1-5-5,,,,True,both_correct,5.0,Sadness,5.0,Sadness,,,,
FEA,,18,3,Happiness,,,True,1700756292963-2-18-1-8-3,,,,True,both_correct,3.0,Happiness,3.0,Happiness,,,,
FEA,,18,1,Disgust,,,True,1700756363513-2-18-2-1-1,,,,True,both_correct,1.0,Disgust,1.0,Disgust,,,,
FEA,,18,6,Surprise,,,True,1700756365257-2-18-2-2-6,,,,True,both_correct,6.0,Surprise,6.0,Surprise,,,,
FEA,,18,1,Disgust,,,True,1700756370115-2-18-2-4-1,,,,True,both_correct,1.0,Disgust,1.0,Disgust,,,,
FEA,,18,1,Disgust,,,True,1700756373040-2-18-2-5-1,,,,True,both_correct,1.0,Disgust,1.0,Disgust,,,,
FEA,,18,6,Surprise,,,True,1700756380628-2-18-2-8-6,,,,True,both_correct,6.0,Surprise,6.0,Surprise,,,,
FEA,,18,6,Surprise,,,True,1700756382762-2-18-2-9-6,,,,True,both_correct,6.0,Surprise,6.0,Surprise,,,,
FEA,,18,4,Neutral,,,True,1700756481968-2-18-3-0-4,,,,True,both_correct,4.0,Neutral,4.0,Neutral,,,,
FEA,,18,0,Anger,,,True,1700756486528-2-18-3-2-0,,,,True,both_correct,0.0,Anger,0.0,Anger,,,,
FEA,,18,3,Happiness,,,True,1700756490593-2-18-3-4-3,,,,True,both_correct,3.0,Happiness,3.0,Happiness,,,,
FEA,,18,5,Sadness,,,False,1700756494467-2-18-3-6-5,,,,True,dynamic_only_correct,0.0,Anger,5.0,Sadness,,,,
FEA,,18,0,Anger,,,False,1700756499157-2-18-3-8-0,,,,True,dynamic_only_correct,4.0,Neutral,0.0,Anger,,,,
FEA,,18,3,Happiness,,,True,1700756505088-2-18-3-11-3,,,,True,both_correct,3.0,Happiness,3.0,Happiness,,,,
FEA,,18,4,Neutral,,,True,1700756506384-2-18-3-12-4,,,,True,both_correct,4.0,Neutral,4.0,Neutral,,,,
FEA,,18,6,Surprise,,,True,1700756508190-2-18-3-13-6,,,,True,both_correct,6.0,Surprise,6.0,Surprise,,,,
FEA,,18,4,Neutral,,,False,1700756511419-2-18-3-14-4,,,,True,dynamic_only_correct,5.0,Sadness,4.0,Neutral,,,,
FEA,,18,5,Sadness,,,False,1700756512745-2-18-3-15-5,,,,True,dynamic_only_correct,0.0,Anger,5.0,Sadness,,,,
FEA,,18,3,Happiness,,,True,1700756516990-2-18-3-17-3,,,,True,both_correct,3.0,Happiness,3.0,Happiness,,,,
FEA,,18,6,Surprise,,,True,1700756520318-2-18-3-19-6,,,,True,both_correct,6.0,Surprise,6.0,Surprise,,,,
FEA,,18,5,Sadness,,,True,1700756706103-2-18-4-1-5,,,,True,both_correct,5.0,Sadness,5.0,Sadness,,,,
FEA,,18,4,Neutral,,,True,1700756707997-2-18-4-2-4,,,,True,both_correct,4.0,Neutral,4.0,Neutral,,,,
FEA,,18,4,Neutral,,,True,1700756711213-2-18-4-4-4,,,,True,both_correct,4.0,Neutral,4.0,Neutral,,,,
FEA,,18,4,Neutral,,,True,1700756713736-2-18-4-5-4,,,,True,both_correct,4.0,Neutral,4.0,Neutral,,,,
FEA,,18,0,Anger,,,True,1700756716598-2-18-4-7-0,,,,True,both_correct,0.0,Anger,0.0,Anger,,,,
FEA,,18,5,Sadness,,,True,1700756719177-2-18-4-8-5,,,,True,both_correct,5.0,Sadness,5.0,Sadness,,,,
FEA,,18,2,Fear,,,True,1700756720027-2-18-4-9-2,,,,True,both_correct,2.0,Fear,2.0,Fear,,,,
FEA,,18,0,Anger,,,True,1700756722474-2-18-4-10-0,,,,True,both_correct,0.0,Anger,0.0,Anger,,,,
FEA,,18,1,Disgust,,,True,1700756725541-2-18-4-12-1,,,,True,both_correct,1.0,Disgust,1.0,Disgust,,,,
FEA,,18,3,Happiness,,,True,1700756727000-2-18-4-13-3,,,,True,both_correct,3.0,Happiness,3.0,Happiness,,,,
FEA,,18,0,Anger,,,True,1700756728630-2-18-4-14-0,,,,True,both_correct,0.0,Anger,0.0,Anger,,,,
FEA,,18,1,Disgust,,,True,1700756730921-2-18-4-15-1,,,,False,static_only_correct,1.0,Disgust,5.0,Sadness,,,,
FEA,,18,4,Neutral,,,True,1700756736108-2-18-4-18-4,,,,True,both_correct,4.0,Neutral,4.0,Neutral,,,,
FEA,,18,5,Sadness,,,True,1700756739446-2-18-4-20-5,,,,True,both_correct,5.0,Sadness,5.0,Sadness,,,,
FEA,,18,6,Surprise,,,True,1700756740978-2-18-4-21-6,,,,True,both_correct,6.0,Surprise,6.0,Surprise,,,,
FEA,,18,0,Anger,,,True,1700756743678-2-18-4-22-0,,,,True,both_correct,0.0,Anger,0.0,Anger,,,,
FEA,,18,3,Happiness,,,True,1700756746478-2-18-4-24-3,,,,True,both_correct,3.0,Happiness,3.0,Happiness,,,,
FEA,,18,6,Surprise,,,True,1700756752506-2-18-4-27-6,,,,True,both_correct,6.0,Surprise,6.0,Surprise,,,,
FEA,,23,5,Sadness,,,True,1701085397170-2-23-1-1-5,,,,True,both_correct,5.0,Sadness,5.0,Sadness,,,,
FEA,,23,3,Happiness,,,True,1701085399209-2-23-1-2-3,,,,True,both_correct,3.0,Happiness,3.0,Happiness,,,,
FEA,,23,5,Sadness,,,True,1701085406198-2-23-1-5-5,,,,True,both_correct,5.0,Sadness,5.0,Sadness,,,,
FEA,,23,3,Happiness,,,True,1701085409026-2-23-1-6-3,,,,True,both_correct,3.0,Happiness,3.0,Happiness,,,,
FEA,,23,5,Sadness,,,True,1701085411341-2-23-1-7-5,,,,True,both_correct,5.0,Sadness,5.0,Sadness,,,,
FEA,,23,4,Neutral,,,True,1701085482708-2-23-2-0-4,,,,True,both_correct,4.0,Neutral,4.0,Neutral,,,,
FEA,,23,6,Surprise,,,True,1701085488586-2-23-2-2-6,,,,True,both_correct,6.0,Surprise,6.0,Surprise,,,,
FEA,,23,2,Fear,,,True,1701085490489-2-23-2-3-2,,,,False,static_only_correct,2.0,Fear,3.0,Happiness,,,,
FEA,,23,1,Disgust,,,False,1701085495679-2-23-2-5-1,,,,False,both_wrong,0.0,Anger,0.0,Anger,,,,
FEA,,23,4,Neutral,,,True,1701085500311-2-23-2-7-4,,,,True,both_correct,4.0,Neutral,4.0,Neutral,,,,
FEA,,23,6,Surprise,,,True,1701085503372-2-23-2-8-6,,,,True,both_correct,6.0,Surprise,6.0,Surprise,,,,
FEA,,23,2,Fear,,,False,1701085508188-2-23-2-10-2,,,,False,both_wrong,6.0,Surprise,3.0,Happiness,,,,
FEA,,23,4,Neutral,,,True,1701085510979-2-23-2-11-4,,,,True,both_correct,4.0,Neutral,4.0,Neutral,,,,
FEA,,23,1,Disgust,,,True,1701085605407-2-23-3-1-1,,,,True,both_correct,1.0,Disgust,1.0,Disgust,,,,
FEA,,23,0,Anger,,,True,1701085606801-2-23-3-2-0,,,,True,both_correct,0.0,Anger,0.0,Anger,,,,
FEA,,23,6,Surprise,,,True,1701085609204-2-23-3-3-6,,,,True,both_correct,6.0,Surprise,6.0,Surprise,,,,
FEA,,23,3,Happiness,,,True,1701085611540-2-23-3-4-3,,,,True,both_correct,3.0,Happiness,3.0,Happiness,,,,
FEA,,23,2,Fear,,,False,1701085612711-2-23-3-5-2,,,,False,both_wrong,6.0,Surprise,6.0,Surprise,,,,
FEA,,23,5,Sadness,,,False,1701085617891-2-23-3-7-5,,,,True,dynamic_only_correct,4.0,Neutral,5.0,Sadness,,,,
FEA,,23,0,Anger,,,False,1701085619479-2-23-3-8-0,,,,True,dynamic_only_correct,3.0,Happiness,0.0,Anger,,,,
FEA,,23,1,Disgust,,,True,1701085621175-2-23-3-9-1,,,,True,both_correct,1.0,Disgust,1.0,Disgust,,,,
FEA,,23,0,Anger,,,True,1701085622872-2-23-3-10-0,,,,True,both_correct,0.0,Anger,0.0,Anger,,,,
FEA,,23,3,Happiness,,,True,1701085625896-2-23-3-11-3,,,,True,both_correct,3.0,Happiness,3.0,Happiness,,,,
FEA,,23,6,Surprise,,,True,1701085629667-2-23-3-13-6,,,,True,both_correct,6.0,Surprise,6.0,Surprise,,,,
FEA,,23,4,Neutral,,,True,1701085630752-2-23-3-14-4,,,,True,both_correct,4.0,Neutral,4.0,Neutral,,,,
FEA,,23,5,Sadness,,,False,1701085633973-2-23-3-15-5,,,,True,dynamic_only_correct,4.0,Neutral,5.0,Sadness,,,,
FEA,,23,2,Fear,,,False,1701085635772-2-23-3-16-2,,,,False,both_wrong,3.0,Happiness,3.0,Happiness,,,,
FEA,,23,1,Disgust,,,True,1701085639668-2-23-3-18-1,,,,True,both_correct,1.0,Disgust,1.0,Disgust,,,,
FEA,,23,2,Fear,,,False,1701085643199-2-23-3-20-2,,,,False,both_wrong,3.0,Happiness,4.0,Neutral,,,,
FEA,,23,1,Disgust,,,True,1701085783312-2-23-4-0-1,,,,True,both_correct,1.0,Disgust,1.0,Disgust,,,,
FEA,,23,5,Sadness,,,True,1701085784771-2-23-4-1-5,,,,True,both_correct,5.0,Sadness,5.0,Sadness,,,,
FEA,,23,4,Neutral,,,True,1701085786811-2-23-4-2-4,,,,True,both_correct,4.0,Neutral,4.0,Neutral,,,,
FEA,,23,6,Surprise,,,True,1701085788374-2-23-4-3-6,,,,True,both_correct,6.0,Surprise,6.0,Surprise,,,,
FEA,,23,4,Neutral,,,True,1701085789639-2-23-4-4-4,,,,True,both_correct,4.0,Neutral,4.0,Neutral,,,,
FEA,,23,4,Neutral,,,True,1701085791397-2-23-4-5-4,,,,True,both_correct,4.0,Neutral,4.0,Neutral,,,,
FEA,,23,3,Happiness,,,True,1701085793939-2-23-4-6-3,,,,True,both_correct,3.0,Happiness,3.0,Happiness,,,,
FEA,,23,0,Anger,,,False,1701085795548-2-23-4-7-0,,,,True,dynamic_only_correct,4.0,Neutral,0.0,Anger,,,,
FEA,,23,5,Sadness,,,True,1701085796688-2-23-4-8-5,,,,True,both_correct,5.0,Sadness,5.0,Sadness,,,,
FEA,,23,2,Fear,,,True,1701085798672-2-23-4-9-2,,,,False,static_only_correct,2.0,Fear,6.0,Surprise,,,,
FEA,,23,0,Anger,,,True,1701085800908-2-23-4-10-0,,,,True,both_correct,0.0,Anger,0.0,Anger,,,,
FEA,,23,3,Happiness,,,True,1701085802372-2-23-4-11-3,,,,True,both_correct,3.0,Happiness,3.0,Happiness,,,,
FEA,,23,1,Disgust,,,True,1701085804610-2-23-4-12-1,,,,True,both_correct,1.0,Disgust,1.0,Disgust,,,,
FEA,,23,3,Happiness,,,True,1701085805933-2-23-4-13-3,,,,True,both_correct,3.0,Happiness,3.0,Happiness,,,,
FEA,,23,0,Anger,,,True,1701085807269-2-23-4-14-0,,,,True,both_correct,0.0,Anger,0.0,Anger,,,,
FEA,,23,1,Disgust,,,True,1701085809428-2-23-4-15-1,,,,True,both_correct,1.0,Disgust,1.0,Disgust,,,,
FEA,,23,2,Fear,,,True,1701085810970-2-23-4-16-2,,,,False,static_only_correct,2.0,Fear,6.0,Surprise,,,,
FEA,,23,5,Sadness,,,True,1701085812843-2-23-4-17-5,,,,True,both_correct,5.0,Sadness,5.0,Sadness,,,,
FEA,,23,6,Surprise,,,True,1701085820057-2-23-4-21-6,,,,True,both_correct,6.0,Surprise,6.0,Surprise,,,,
FEA,,23,0,Anger,,,True,1701085821482-2-23-4-22-0,,,,True,both_correct,0.0,Anger,0.0,Anger,,,,
FEA,,23,2,Fear,,,True,1701085823245-2-23-4-23-2,,,,False,static_only_correct,2.0,Fear,6.0,Surprise,,,,
FEA,,23,2,Fear,,,True,1701085827129-2-23-4-25-2,,,,False,static_only_correct,2.0,Fear,6.0,Surprise,,,,
FEA,,23,1,Disgust,,,True,1701085829241-2-23-4-26-1,,,,False,static_only_correct,1.0,Disgust,2.0,Fear,,,,
FEA,,23,6,Surprise,,,True,1701085830697-2-23-4-27-6,,,,True,both_correct,6.0,Surprise,6.0,Surprise,,,,
FEA,,27,0,Anger,,,False,1701094438118-2-27-1-0-0,,,,False,both_wrong,1.0,Disgust,1.0,Disgust,,,,
FEA,,27,3,Happiness,,,True,1701094443379-2-27-1-2-3,,,,True,both_correct,3.0,Happiness,3.0,Happiness,,,,
FEA,,27,0,Anger,,,False,1701094445452-2-27-1-3-0,,,,False,both_wrong,1.0,Disgust,1.0,Disgust,,,,
FEA,,27,0,Anger,,,False,1701094448444-2-27-1-4-0,,,,False,both_wrong,1.0,Disgust,1.0,Disgust,,,,
FEA,,27,5,Sadness,,,True,1701094450282-2-27-1-5-5,,,,True,both_correct,5.0,Sadness,5.0,Sadness,,,,
FEA,,27,5,Sadness,,,False,1701094455829-2-27-1-7-5,,,,True,dynamic_only_correct,4.0,Neutral,5.0,Sadness,,,,
FEA,,27,3,Happiness,,,True,1701094458007-2-27-1-8-3,,,,True,both_correct,3.0,Happiness,3.0,Happiness,,,,
FEA,,27,6,Surprise,,,True,1701094536373-2-27-2-2-6,,,,True,both_correct,6.0,Surprise,6.0,Surprise,,,,
FEA,,27,2,Fear,,,False,1701094539306-2-27-2-3-2,,,,True,dynamic_only_correct,6.0,Surprise,2.0,Fear,,,,
FEA,,27,4,Neutral,,,True,1701094549501-2-27-2-7-4,,,,True,both_correct,4.0,Neutral,4.0,Neutral,,,,
FEA,,27,4,Neutral,,,False,1701094559720-2-27-2-11-4,,,,False,both_wrong,1.0,Disgust,1.0,Disgust,,,,
FEA,,27,4,Neutral,,,False,1701094652485-2-27-3-0-4,,,,True,dynamic_only_correct,2.0,Fear,4.0,Neutral,,,,
FEA,,27,0,Anger,,,False,1701094656847-2-27-3-2-0,,,,False,both_wrong,1.0,Disgust,1.0,Disgust,,,,
FEA,,27,6,Surprise,,,True,1701094657984-2-27-3-3-6,,,,True,both_correct,6.0,Surprise,6.0,Surprise,,,,
FEA,,27,2,Fear,,,True,1701094661584-2-27-3-5-2,,,,True,both_correct,2.0,Fear,2.0,Fear,,,,
FEA,,27,5,Sadness,,,True,1701094664518-2-27-3-6-5,,,,True,both_correct,5.0,Sadness,5.0,Sadness,,,,
FEA,,27,0,Anger,,,False,1701094668813-2-27-3-8-0,,,,False,both_wrong,1.0,Disgust,1.0,Disgust,,,,
FEA,,27,1,Disgust,,,False,1701094669809-2-27-3-9-1,,,,False,both_wrong,3.0,Happiness,3.0,Happiness,,,,
FEA,,27,0,Anger,,,False,1701094672347-2-27-3-10-0,,,,False,both_wrong,1.0,Disgust,1.0,Disgust,,,,
FEA,,27,4,Neutral,,,True,1701094679684-2-27-3-14-4,,,,True,both_correct,4.0,Neutral,4.0,Neutral,,,,
FEA,,27,2,Fear,,,False,1701094684847-2-27-3-16-2,,,,False,both_wrong,1.0,Disgust,1.0,Disgust,,,,
FEA,,27,3,Happiness,,,True,1701094686349-2-27-3-17-3,,,,True,both_correct,3.0,Happiness,3.0,Happiness,,,,
FEA,,27,1,Disgust,,,True,1701094688507-2-27-3-18-1,,,,True,both_correct,1.0,Disgust,1.0,Disgust,,,,
FEA,,27,6,Surprise,,,True,1701094689680-2-27-3-19-6,,,,True,both_correct,6.0,Surprise,6.0,Surprise,,,,
FEA,,27,2,Fear,,,False,1701094692584-2-27-3-20-2,,,,False,both_wrong,6.0,Surprise,6.0,Surprise,,,,
FEA,,27,5,Sadness,,,True,1701094821546-2-27-4-1-5,,,,True,both_correct,5.0,Sadness,5.0,Sadness,,,,
FEA,,27,4,Neutral,,,False,1701094823610-2-27-4-2-4,,,,True,dynamic_only_correct,2.0,Fear,4.0,Neutral,,,,
FEA,,27,6,Surprise,,,True,1701094824960-2-27-4-3-6,,,,True,both_correct,6.0,Surprise,6.0,Surprise,,,,
FEA,,27,4,Neutral,,,False,1701094829010-2-27-4-5-4,,,,False,both_wrong,3.0,Happiness,3.0,Happiness,,,,
FEA,,27,3,Happiness,,,True,1701094830423-2-27-4-6-3,,,,True,both_correct,3.0,Happiness,3.0,Happiness,,,,
FEA,,27,2,Fear,,,False,1701094835647-2-27-4-9-2,,,,False,both_wrong,6.0,Surprise,6.0,Surprise,,,,
FEA,,27,3,Happiness,,,True,1701094839307-2-27-4-11-3,,,,True,both_correct,3.0,Happiness,3.0,Happiness,,,,
FEA,,27,3,Happiness,,,True,1701094842669-2-27-4-13-3,,,,True,both_correct,3.0,Happiness,3.0,Happiness,,,,
FEA,,27,2,Fear,,,True,1701094848288-2-27-4-16-2,,,,True,both_correct,2.0,Fear,2.0,Fear,,,,
FEA,,27,4,Neutral,,,False,1701094851143-2-27-4-18-4,,,,True,dynamic_only_correct,2.0,Fear,4.0,Neutral,,,,
FEA,,27,6,Surprise,,,True,1701094852692-2-27-4-19-6,,,,True,both_correct,6.0,Surprise,6.0,Surprise,,,,
FEA,,27,5,Sadness,,,False,1701094855279-2-27-4-20-5,,,,True,dynamic_only_correct,0.0,Anger,5.0,Sadness,,,,
FEA,,27,6,Surprise,,,False,1701094856933-2-27-4-21-6,,,,True,dynamic_only_correct,1.0,Disgust,6.0,Surprise,,,,
FEA,,27,3,Happiness,,,False,1701094862346-2-27-4-24-3,,,,True,dynamic_only_correct,2.0,Fear,3.0,Happiness,,,,
FEA,,27,1,Disgust,,,True,1701094865205-2-27-4-26-1,,,,True,both_correct,1.0,Disgust,1.0,Disgust,,,,
FEA,,27,6,Surprise,,,True,1701094866874-2-27-4-27-6,,,,True,both_correct,6.0,Surprise,6.0,Surprise,,,,
Multimodal,1700478995850-2-1-1-0-0-0,1,0,Anger,,,True,1700478995850-2-1-1-0-0,Central,,,True,both_correct,,,,,0.0,Anger,0.0,Anger
Multimodal,1700478995850-2-1-1-0-0-1,1,0,Anger,,,False,1700478995850-2-1-1-0-0,Side,,,True,dynamic_only_correct,,,,,4.0,Neutral,0.0,Anger
Multimodal,1700478998549-2-1-1-1-5-0,1,5,Sadness,,,True,1700478998549-2-1-1-1-5,Central,,,True,both_correct,,,,,5.0,Sadness,5.0,Sadness
Multimodal,1700478998549-2-1-1-1-5-1,1,5,Sadness,,,True,1700478998549-2-1-1-1-5,Side,,,True,both_correct,,,,,5.0,Sadness,5.0,Sadness
Multimodal,1700479001137-2-1-1-2-3-0,1,3,Happiness,,,True,1700479001137-2-1-1-2-3,Central,,,True,both_correct,,,,,3.0,Happiness,3.0,Happiness
Multimodal,1700479001137-2-1-1-2-3-1,1,3,Happiness,,,True,1700479001137-2-1-1-2-3,Side,,,True,both_correct,,,,,3.0,Happiness,3.0,Happiness
Multimodal,1700479004312-2-1-1-3-0-0,1,0,Anger,,,False,1700479004312-2-1-1-3-0,Central,,,False,both_wrong,,,,,1.0,Disgust,4.0,Neutral
Multimodal,1700479004312-2-1-1-3-0-1,1,0,Anger,,,False,1700479004312-2-1-1-3-0,Side,,,False,both_wrong,,,,,5.0,Sadness,4.0,Neutral
Multimodal,1700479005401-2-1-1-4-0-0,1,0,Anger,,,True,1700479005401-2-1-1-4-0,Central,,,True,both_correct,,,,,0.0,Anger,0.0,Anger
Multimodal,1700479005401-2-1-1-4-0-1,1,0,Anger,,,True,1700479005401-2-1-1-4-0,Side,,,True,both_correct,,,,,0.0,Anger,0.0,Anger
Multimodal,1700479007738-2-1-1-5-5-0,1,5,Sadness,,,True,1700479007738-2-1-1-5-5,Central,,,True,both_correct,,,,,5.0,Sadness,5.0,Sadness
Multimodal,1700479007738-2-1-1-5-5-1,1,5,Sadness,,,True,1700479007738-2-1-1-5-5,Side,,,True,both_correct,,,,,5.0,Sadness,5.0,Sadness
Multimodal,1700479015441-2-1-1-8-3-0,1,3,Happiness,,,True,1700479015441-2-1-1-8-3,Central,,,True,both_correct,,,,,3.0,Happiness,3.0,Happiness
Multimodal,1700479015441-2-1-1-8-3-1,1,3,Happiness,,,True,1700479015441-2-1-1-8-3,Side,,,True,both_correct,,,,,3.0,Happiness,3.0,Happiness
Multimodal,1700479105264-2-1-2-0-4-0,1,4,Neutral,,,True,1700479105264-2-1-2-0-4,Central,,,True,both_correct,,,,,4.0,Neutral,4.0,Neutral
Multimodal,1700479105264-2-1-2-0-4-1,1,4,Neutral,,,True,1700479105264-2-1-2-0-4,Side,,,True,both_correct,,,,,4.0,Neutral,4.0,Neutral
Multimodal,1700479106931-2-1-2-1-1-0,1,1,Disgust,,,False,1700479106931-2-1-2-1-1,Central,,,False,both_wrong,,,,,5.0,Sadness,5.0,Sadness
Multimodal,1700479106931-2-1-2-1-1-1,1,1,Disgust,,,False,1700479106931-2-1-2-1-1,Side,,,False,both_wrong,,,,,5.0,Sadness,5.0,Sadness
Multimodal,1700479111705-2-1-2-3-2-0,1,2,Fear,,,True,1700479111705-2-1-2-3-2,Central,,,True,both_correct,,,,,2.0,Fear,2.0,Fear
Multimodal,1700479111705-2-1-2-3-2-1,1,2,Fear,,,True,1700479111705-2-1-2-3-2,Side,,,True,both_correct,,,,,2.0,Fear,2.0,Fear
Multimodal,1700479113933-2-1-2-4-1-0,1,1,Disgust,,,True,1700479113933-2-1-2-4-1,Central,,,False,static_only_correct,,,,,1.0,Disgust,2.0,Fear
Multimodal,1700479113933-2-1-2-4-1-1,1,1,Disgust,,,True,1700479113933-2-1-2-4-1,Side,,,False,static_only_correct,,,,,1.0,Disgust,2.0,Fear
Multimodal,1700479117593-2-1-2-5-1-0,1,1,Disgust,,,True,1700479117593-2-1-2-5-1,Central,,,True,both_correct,,,,,1.0,Disgust,1.0,Disgust
Multimodal,1700479117593-2-1-2-5-1-1,1,1,Disgust,,,False,1700479117593-2-1-2-5-1,Side,,,False,both_wrong,,,,,2.0,Fear,2.0,Fear
Multimodal,1700479119890-2-1-2-6-2-0,1,2,Fear,,,True,1700479119890-2-1-2-6-2,Central,,,True,both_correct,,,,,2.0,Fear,2.0,Fear
Multimodal,1700479119890-2-1-2-6-2-1,1,2,Fear,,,False,1700479119890-2-1-2-6-2,Side,,,True,dynamic_only_correct,,,,,1.0,Disgust,2.0,Fear
Multimodal,1700479129747-2-1-2-10-2-0,1,2,Fear,,,True,1700479129747-2-1-2-10-2,Central,,,True,both_correct,,,,,2.0,Fear,2.0,Fear
Multimodal,1700479129747-2-1-2-10-2-1,1,2,Fear,,,True,1700479129747-2-1-2-10-2,Side,,,True,both_correct,,,,,2.0,Fear,2.0,Fear
Multimodal,1700479131977-2-1-2-11-4-0,1,4,Neutral,,,True,1700479131977-2-1-2-11-4,Central,,,True,both_correct,,,,,4.0,Neutral,4.0,Neutral
Multimodal,1700479131977-2-1-2-11-4-1,1,4,Neutral,,,True,1700479131977-2-1-2-11-4,Side,,,True,both_correct,,,,,4.0,Neutral,4.0,Neutral
Multimodal,1700479238544-2-1-3-0-4-0,1,4,Neutral,,,True,1700479238544-2-1-3-0-4,Central,,,True,both_correct,,,,,4.0,Neutral,4.0,Neutral
Multimodal,1700479238544-2-1-3-0-4-1,1,4,Neutral,,,True,1700479238544-2-1-3-0-4,Side,,,True,both_correct,,,,,4.0,Neutral,4.0,Neutral
Multimodal,1700479240547-2-1-3-1-1-0,1,1,Disgust,,,False,1700479240547-2-1-3-1-1,Central,,,True,dynamic_only_correct,,,,,6.0,Surprise,1.0,Disgust
Multimodal,1700479240547-2-1-3-1-1-1,1,1,Disgust,,,False,1700479240547-2-1-3-1-1,Side,,,False,both_wrong,,,,,6.0,Surprise,6.0,Surprise
Multimodal,1700479243878-2-1-3-3-6-0,1,6,Surprise,,,True,1700479243878-2-1-3-3-6,Central,,,True,both_correct,,,,,6.0,Surprise,6.0,Surprise
Multimodal,1700479243878-2-1-3-3-6-1,1,6,Surprise,,,True,1700479243878-2-1-3-3-6,Side,,,True,both_correct,,,,,6.0,Surprise,6.0,Surprise
Multimodal,1700479245714-2-1-3-4-3-0,1,3,Happiness,,,True,1700479245714-2-1-3-4-3,Central,,,True,both_correct,,,,,3.0,Happiness,3.0,Happiness
Multimodal,1700479245714-2-1-3-4-3-1,1,3,Happiness,,,True,1700479245714-2-1-3-4-3,Side,,,True,both_correct,,,,,3.0,Happiness,3.0,Happiness
Multimodal,1700479248151-2-1-3-5-2-0,1,2,Fear,,,True,1700479248151-2-1-3-5-2,Central,,,True,both_correct,,,,,2.0,Fear,2.0,Fear
Multimodal,1700479248151-2-1-3-5-2-1,1,2,Fear,,,True,1700479248151-2-1-3-5-2,Side,,,True,both_correct,,,,,2.0,Fear,2.0,Fear
Multimodal,1700479250572-2-1-3-6-5-0,1,5,Sadness,,,False,1700479250572-2-1-3-6-5,Central,,,True,dynamic_only_correct,,,,,1.0,Disgust,5.0,Sadness
Multimodal,1700479250572-2-1-3-6-5-1,1,5,Sadness,,,False,1700479250572-2-1-3-6-5,Side,,,True,dynamic_only_correct,,,,,4.0,Neutral,5.0,Sadness
Multimodal,1700479253441-2-1-3-8-0-0,1,0,Anger,,,False,1700479253441-2-1-3-8-0,Central,,,True,dynamic_only_correct,,,,,1.0,Disgust,0.0,Anger
Multimodal,1700479253441-2-1-3-8-0-1,1,0,Anger,,,True,1700479253441-2-1-3-8-0,Side,,,False,static_only_correct,,,,,0.0,Anger,1.0,Disgust
Multimodal,1700479258342-2-1-3-10-0-0,1,0,Anger,,,False,1700479258342-2-1-3-10-0,Central,,,False,both_wrong,,,,,4.0,Neutral,4.0,Neutral
Multimodal,1700479258342-2-1-3-10-0-1,1,0,Anger,,,False,1700479258342-2-1-3-10-0,Side,,,False,both_wrong,,,,,4.0,Neutral,4.0,Neutral
Multimodal,1700479260806-2-1-3-11-3-0,1,3,Happiness,,,True,1700479260806-2-1-3-11-3,Central,,,True,both_correct,,,,,3.0,Happiness,3.0,Happiness
Multimodal,1700479260806-2-1-3-11-3-1,1,3,Happiness,,,True,1700479260806-2-1-3-11-3,Side,,,True,both_correct,,,,,3.0,Happiness,3.0,Happiness
Multimodal,1700479262241-2-1-3-12-4-0,1,4,Neutral,,,True,1700479262241-2-1-3-12-4,Central,,,True,both_correct,,,,,4.0,Neutral,4.0,Neutral
Multimodal,1700479262241-2-1-3-12-4-1,1,4,Neutral,,,True,1700479262241-2-1-3-12-4,Side,,,True,both_correct,,,,,4.0,Neutral,4.0,Neutral
Multimodal,1700479264139-2-1-3-13-6-0,1,6,Surprise,,,True,1700479264139-2-1-3-13-6,Central,,,True,both_correct,,,,,6.0,Surprise,6.0,Surprise
Multimodal,1700479264139-2-1-3-13-6-1,1,6,Surprise,,,True,1700479264139-2-1-3-13-6,Side,,,True,both_correct,,,,,6.0,Surprise,6.0,Surprise
Multimodal,1700479265444-2-1-3-14-4-0,1,4,Neutral,,,True,1700479265444-2-1-3-14-4,Central,,,True,both_correct,,,,,4.0,Neutral,4.0,Neutral
Multimodal,1700479265444-2-1-3-14-4-1,1,4,Neutral,,,True,1700479265444-2-1-3-14-4,Side,,,True,both_correct,,,,,4.0,Neutral,4.0,Neutral
Multimodal,1700479274174-2-1-3-18-1-0,1,1,Disgust,,,True,1700479274174-2-1-3-18-1,Central,,,True,both_correct,,,,,1.0,Disgust,1.0,Disgust
Multimodal,1700479274174-2-1-3-18-1-1,1,1,Disgust,,,True,1700479274174-2-1-3-18-1,Side,,,True,both_correct,,,,,1.0,Disgust,1.0,Disgust
Multimodal,1700479276498-2-1-3-19-6-0,1,6,Surprise,,,True,1700479276498-2-1-3-19-6,Central,,,True,both_correct,,,,,6.0,Surprise,6.0,Surprise
Multimodal,1700479276498-2-1-3-19-6-1,1,6,Surprise,,,True,1700479276498-2-1-3-19-6,Side,,,True,both_correct,,,,,6.0,Surprise,6.0,Surprise
Multimodal,1700479278671-2-1-3-20-2-0,1,2,Fear,,,False,1700479278671-2-1-3-20-2,Central,,,True,dynamic_only_correct,,,,,1.0,Disgust,2.0,Fear
Multimodal,1700479278671-2-1-3-20-2-1,1,2,Fear,,,True,1700479278671-2-1-3-20-2,Side,,,True,both_correct,,,,,2.0,Fear,2.0,Fear
Multimodal,1700479411435-2-1-4-0-1-0,1,1,Disgust,,,True,1700479411435-2-1-4-0-1,Central,,,False,static_only_correct,,,,,1.0,Disgust,2.0,Fear
Multimodal,1700479411435-2-1-4-0-1-1,1,1,Disgust,,,True,1700479411435-2-1-4-0-1,Side,,,False,static_only_correct,,,,,1.0,Disgust,2.0,Fear
Multimodal,1700479413527-2-1-4-1-5-0,1,5,Sadness,,,True,1700479413527-2-1-4-1-5,Central,,,True,both_correct,,,,,5.0,Sadness,5.0,Sadness
Multimodal,1700479413527-2-1-4-1-5-1,1,5,Sadness,,,True,1700479413527-2-1-4-1-5,Side,,,True,both_correct,,,,,5.0,Sadness,5.0,Sadness
Multimodal,1700479417615-2-1-4-3-6-0,1,6,Surprise,,,True,1700479417615-2-1-4-3-6,Central,,,True,both_correct,,,,,6.0,Surprise,6.0,Surprise
Multimodal,1700479417615-2-1-4-3-6-1,1,6,Surprise,,,True,1700479417615-2-1-4-3-6,Side,,,True,both_correct,,,,,6.0,Surprise,6.0,Surprise
Multimodal,1700479420641-2-1-4-5-4-0,1,4,Neutral,,,True,1700479420641-2-1-4-5-4,Central,,,True,both_correct,,,,,4.0,Neutral,4.0,Neutral
Multimodal,1700479420641-2-1-4-5-4-1,1,4,Neutral,,,True,1700479420641-2-1-4-5-4,Side,,,True,both_correct,,,,,4.0,Neutral,4.0,Neutral
Multimodal,1700479422411-2-1-4-6-3-0,1,3,Happiness,,,True,1700479422411-2-1-4-6-3,Central,,,True,both_correct,,,,,3.0,Happiness,3.0,Happiness
Multimodal,1700479422411-2-1-4-6-3-1,1,3,Happiness,,,True,1700479422411-2-1-4-6-3,Side,,,True,both_correct,,,,,3.0,Happiness,3.0,Happiness
Multimodal,1700479424021-2-1-4-7-0-0,1,0,Anger,,,False,1700479424021-2-1-4-7-0,Central,,,True,dynamic_only_correct,,,,,5.0,Sadness,0.0,Anger
Multimodal,1700479424021-2-1-4-7-0-1,1,0,Anger,,,True,1700479424021-2-1-4-7-0,Side,,,True,both_correct,,,,,0.0,Anger,0.0,Anger
Multimodal,1700479426367-2-1-4-8-5-0,1,5,Sadness,,,True,1700479426367-2-1-4-8-5,Central,,,True,both_correct,,,,,5.0,Sadness,5.0,Sadness
Multimodal,1700479426367-2-1-4-8-5-1,1,5,Sadness,,,False,1700479426367-2-1-4-8-5,Side,,,True,dynamic_only_correct,,,,,4.0,Neutral,5.0,Sadness
Multimodal,1700479427742-2-1-4-9-2-0,1,2,Fear,,,False,1700479427742-2-1-4-9-2,Central,,,True,dynamic_only_correct,,,,,6.0,Surprise,2.0,Fear
Multimodal,1700479427742-2-1-4-9-2-1,1,2,Fear,,,True,1700479427742-2-1-4-9-2,Side,,,True,both_correct,,,,,2.0,Fear,2.0,Fear
Multimodal,1700479432977-2-1-4-12-1-0,1,1,Disgust,,,True,1700479432977-2-1-4-12-1,Central,,,True,both_correct,,,,,1.0,Disgust,1.0,Disgust
Multimodal,1700479432977-2-1-4-12-1-1,1,1,Disgust,,,True,1700479432977-2-1-4-12-1,Side,,,True,both_correct,,,,,1.0,Disgust,1.0,Disgust
Multimodal,1700479435090-2-1-4-13-3-0,1,3,Happiness,,,True,1700479435090-2-1-4-13-3,Central,,,True,both_correct,,,,,3.0,Happiness,3.0,Happiness
Multimodal,1700479435090-2-1-4-13-3-1,1,3,Happiness,,,True,1700479435090-2-1-4-13-3,Side,,,True,both_correct,,,,,3.0,Happiness,3.0,Happiness
Multimodal,1700479438658-2-1-4-15-1-0,1,1,Disgust,,,True,1700479438658-2-1-4-15-1,Central,,,True,both_correct,,,,,1.0,Disgust,1.0,Disgust
Multimodal,1700479438658-2-1-4-15-1-1,1,1,Disgust,,,True,1700479438658-2-1-4-15-1,Side,,,True,both_correct,,,,,1.0,Disgust,1.0,Disgust
Multimodal,1700479442178-2-1-4-17-5-0,1,5,Sadness,,,True,1700479442178-2-1-4-17-5,Central,,,True,both_correct,,,,,5.0,Sadness,5.0,Sadness
Multimodal,1700479442178-2-1-4-17-5-1,1,5,Sadness,,,True,1700479442178-2-1-4-17-5,Side,,,True,both_correct,,,,,5.0,Sadness,5.0,Sadness
Multimodal,1700479445256-2-1-4-19-6-0,1,6,Surprise,,,True,1700479445256-2-1-4-19-6,Central,,,True,both_correct,,,,,6.0,Surprise,6.0,Surprise
Multimodal,1700479445256-2-1-4-19-6-1,1,6,Surprise,,,True,1700479445256-2-1-4-19-6,Side,,,True,both_correct,,,,,6.0,Surprise,6.0,Surprise
Multimodal,1700479447373-2-1-4-20-5-0,1,5,Sadness,,,True,1700479447373-2-1-4-20-5,Central,,,True,both_correct,,,,,5.0,Sadness,5.0,Sadness
Multimodal,1700479447373-2-1-4-20-5-1,1,5,Sadness,,,False,1700479447373-2-1-4-20-5,Side,,,True,dynamic_only_correct,,,,,1.0,Disgust,5.0,Sadness
Multimodal,1700479452800-2-1-4-23-2-0,1,2,Fear,,,False,1700479452800-2-1-4-23-2,Central,,,True,dynamic_only_correct,,,,,6.0,Surprise,2.0,Fear
Multimodal,1700479452800-2-1-4-23-2-1,1,2,Fear,,,True,1700479452800-2-1-4-23-2,Side,,,True,both_correct,,,,,2.0,Fear,2.0,Fear
Multimodal,1700479457287-2-1-4-26-1-0,1,1,Disgust,,,False,1700479457287-2-1-4-26-1,Central,,,True,dynamic_only_correct,,,,,5.0,Sadness,1.0,Disgust
Multimodal,1700479457287-2-1-4-26-1-1,1,1,Disgust,,,True,1700479457287-2-1-4-26-1,Side,,,True,both_correct,,,,,1.0,Disgust,1.0,Disgust
Multimodal,1700479459026-2-1-4-27-6-0,1,6,Surprise,,,True,1700479459026-2-1-4-27-6,Central,,,True,both_correct,,,,,6.0,Surprise,6.0,Surprise
Multimodal,1700479459026-2-1-4-27-6-1,1,6,Surprise,,,True,1700479459026-2-1-4-27-6,Side,,,True,both_correct,,,,,6.0,Surprise,6.0,Surprise
Multimodal,1700567688235-2-8-1-0-0-0,8,0,Anger,,,False,1700567688235-2-8-1-0-0,Central,,,False,both_wrong,,,,,1.0,Disgust,1.0,Disgust
Multimodal,1700567688235-2-8-1-0-0-1,8,0,Anger,,,False,1700567688235-2-8-1-0-0,Side,,,False,both_wrong,,,,,1.0,Disgust,1.0,Disgust
Multimodal,1700567691497-2-8-1-1-5-0,8,5,Sadness,,,True,1700567691497-2-8-1-1-5,Central,,,False,static_only_correct,,,,,5.0,Sadness,1.0,Disgust
Multimodal,1700567691497-2-8-1-1-5-1,8,5,Sadness,,,False,1700567691497-2-8-1-1-5,Side,,,False,both_wrong,,,,,4.0,Neutral,1.0,Disgust
Multimodal,1700567693686-2-8-1-2-3-0,8,3,Happiness,,,True,1700567693686-2-8-1-2-3,Central,,,True,both_correct,,,,,3.0,Happiness,3.0,Happiness
Multimodal,1700567693686-2-8-1-2-3-1,8,3,Happiness,,,True,1700567693686-2-8-1-2-3,Side,,,True,both_correct,,,,,3.0,Happiness,3.0,Happiness
Multimodal,1700567695958-2-8-1-3-0-0,8,0,Anger,,,False,1700567695958-2-8-1-3-0,Central,,,False,both_wrong,,,,,1.0,Disgust,1.0,Disgust
Multimodal,1700567695958-2-8-1-3-0-1,8,0,Anger,,,False,1700567695958-2-8-1-3-0,Side,,,False,both_wrong,,,,,1.0,Disgust,1.0,Disgust
Multimodal,1700567698824-2-8-1-4-0-0,8,0,Anger,,,False,1700567698824-2-8-1-4-0,Central,,,False,both_wrong,,,,,1.0,Disgust,1.0,Disgust
Multimodal,1700567698824-2-8-1-4-0-1,8,0,Anger,,,False,1700567698824-2-8-1-4-0,Side,,,False,both_wrong,,,,,1.0,Disgust,1.0,Disgust
Multimodal,1700567702985-2-8-1-6-3-0,8,3,Happiness,,,True,1700567702985-2-8-1-6-3,Central,,,True,both_correct,,,,,3.0,Happiness,3.0,Happiness
Multimodal,1700567702985-2-8-1-6-3-1,8,3,Happiness,,,True,1700567702985-2-8-1-6-3,Side,,,True,both_correct,,,,,3.0,Happiness,3.0,Happiness
Multimodal,1700567706828-2-8-1-7-5-0,8,5,Sadness,,,True,1700567706828-2-8-1-7-5,Central,,,False,static_only_correct,,,,,5.0,Sadness,1.0,Disgust
Multimodal,1700567706828-2-8-1-7-5-1,8,5,Sadness,,,False,1700567706828-2-8-1-7-5,Side,,,False,both_wrong,,,,,4.0,Neutral,0.0,Anger
Multimodal,1700567708570-2-8-1-8-3-0,8,3,Happiness,,,True,1700567708570-2-8-1-8-3,Central,,,True,both_correct,,,,,3.0,Happiness,3.0,Happiness
Multimodal,1700567708570-2-8-1-8-3-1,8,3,Happiness,,,True,1700567708570-2-8-1-8-3,Side,,,True,both_correct,,,,,3.0,Happiness,3.0,Happiness
Multimodal,1700567787758-2-8-2-1-1-0,8,1,Disgust,,,True,1700567787758-2-8-2-1-1,Central,,,True,both_correct,,,,,1.0,Disgust,1.0,Disgust
Multimodal,1700567787758-2-8-2-1-1-1,8,1,Disgust,,,True,1700567787758-2-8-2-1-1,Side,,,True,both_correct,,,,,1.0,Disgust,1.0,Disgust
Multimodal,1700567790485-2-8-2-2-6-0,8,6,Surprise,,,True,1700567790485-2-8-2-2-6,Central,,,False,static_only_correct,,,,,6.0,Surprise,2.0,Fear
Multimodal,1700567790485-2-8-2-2-6-1,8,6,Surprise,,,False,1700567790485-2-8-2-2-6,Side,,,True,dynamic_only_correct,,,,,2.0,Fear,6.0,Surprise
Multimodal,1700567792669-2-8-2-3-2-0,8,2,Fear,,,True,1700567792669-2-8-2-3-2,Central,,,True,both_correct,,,,,2.0,Fear,2.0,Fear
Multimodal,1700567792669-2-8-2-3-2-1,8,2,Fear,,,True,1700567792669-2-8-2-3-2,Side,,,True,both_correct,,,,,2.0,Fear,2.0,Fear
Multimodal,1700567795123-2-8-2-4-1-0,8,1,Disgust,,,True,1700567795123-2-8-2-4-1,Central,,,True,both_correct,,,,,1.0,Disgust,1.0,Disgust
Multimodal,1700567795123-2-8-2-4-1-1,8,1,Disgust,,,True,1700567795123-2-8-2-4-1,Side,,,True,both_correct,,,,,1.0,Disgust,1.0,Disgust
Multimodal,1700567799982-2-8-2-6-2-0,8,2,Fear,,,True,1700567799982-2-8-2-6-2,Central,,,True,both_correct,,,,,2.0,Fear,2.0,Fear
Multimodal,1700567799982-2-8-2-6-2-1,8,2,Fear,,,True,1700567799982-2-8-2-6-2,Side,,,True,both_correct,,,,,2.0,Fear,2.0,Fear
Multimodal,1700567803057-2-8-2-7-4-0,8,4,Neutral,,,True,1700567803057-2-8-2-7-4,Central,,,True,both_correct,,,,,4.0,Neutral,4.0,Neutral
Multimodal,1700567803057-2-8-2-7-4-1,8,4,Neutral,,,True,1700567803057-2-8-2-7-4,Side,,,True,both_correct,,,,,4.0,Neutral,4.0,Neutral
Multimodal,1700567804174-2-8-2-8-6-0,8,6,Surprise,,,True,1700567804174-2-8-2-8-6,Central,,,True,both_correct,,,,,6.0,Surprise,6.0,Surprise
Multimodal,1700567804174-2-8-2-8-6-1,8,6,Surprise,,,True,1700567804174-2-8-2-8-6,Side,,,True,both_correct,,,,,6.0,Surprise,6.0,Surprise
Multimodal,1700567807289-2-8-2-9-6-0,8,6,Surprise,,,True,1700567807289-2-8-2-9-6,Central,,,False,static_only_correct,,,,,6.0,Surprise,5.0,Sadness
Multimodal,1700567807289-2-8-2-9-6-1,8,6,Surprise,,,True,1700567807289-2-8-2-9-6,Side,,,True,both_correct,,,,,6.0,Surprise,6.0,Surprise
Multimodal,1700567809324-2-8-2-10-2-0,8,2,Fear,,,True,1700567809324-2-8-2-10-2,Central,,,True,both_correct,,,,,2.0,Fear,2.0,Fear
Multimodal,1700567809324-2-8-2-10-2-1,8,2,Fear,,,True,1700567809324-2-8-2-10-2,Side,,,True,both_correct,,,,,2.0,Fear,2.0,Fear
Multimodal,1700567812479-2-8-2-11-4-0,8,4,Neutral,,,True,1700567812479-2-8-2-11-4,Central,,,False,static_only_correct,,,,,4.0,Neutral,5.0,Sadness
Multimodal,1700567812479-2-8-2-11-4-1,8,4,Neutral,,,True,1700567812479-2-8-2-11-4,Side,,,True,both_correct,,,,,4.0,Neutral,4.0,Neutral
Multimodal,1700567902030-2-8-3-0-4-0,8,4,Neutral,,,True,1700567902030-2-8-3-0-4,Central,,,True,both_correct,,,,,4.0,Neutral,4.0,Neutral
Multimodal,1700567902030-2-8-3-0-4-1,8,4,Neutral,,,True,1700567902030-2-8-3-0-4,Side,,,True,both_correct,,,,,4.0,Neutral,4.0,Neutral
Multimodal,1700567903352-2-8-3-1-1-0,8,1,Disgust,,,True,1700567903352-2-8-3-1-1,Central,,,True,both_correct,,,,,1.0,Disgust,1.0,Disgust
Multimodal,1700567903352-2-8-3-1-1-1,8,1,Disgust,,,True,1700567903352-2-8-3-1-1,Side,,,True,both_correct,,,,,1.0,Disgust,1.0,Disgust
Multimodal,1700567906760-2-8-3-2-0-0,8,0,Anger,,,False,1700567906760-2-8-3-2-0,Central,,,False,both_wrong,,,,,3.0,Happiness,1.0,Disgust
Multimodal,1700567906760-2-8-3-2-0-1,8,0,Anger,,,False,1700567906760-2-8-3-2-0,Side,,,False,both_wrong,,,,,1.0,Disgust,1.0,Disgust
Multimodal,1700567907954-2-8-3-3-6-0,8,6,Surprise,,,True,1700567907954-2-8-3-3-6,Central,,,True,both_correct,,,,,6.0,Surprise,6.0,Surprise
Multimodal,1700567907954-2-8-3-3-6-1,8,6,Surprise,,,True,1700567907954-2-8-3-3-6,Side,,,True,both_correct,,,,,6.0,Surprise,6.0,Surprise
Multimodal,1700567911689-2-8-3-5-2-0,8,2,Fear,,,True,1700567911689-2-8-3-5-2,Central,,,True,both_correct,,,,,2.0,Fear,2.0,Fear
Multimodal,1700567911689-2-8-3-5-2-1,8,2,Fear,,,True,1700567911689-2-8-3-5-2,Side,,,True,both_correct,,,,,2.0,Fear,2.0,Fear
Multimodal,1700567914515-2-8-3-6-5-0,8,5,Sadness,,,True,1700567914515-2-8-3-6-5,Central,,,False,static_only_correct,,,,,5.0,Sadness,1.0,Disgust
Multimodal,1700567914515-2-8-3-6-5-1,8,5,Sadness,,,False,1700567914515-2-8-3-6-5,Side,,,False,both_wrong,,,,,1.0,Disgust,1.0,Disgust
Multimodal,1700567916813-2-8-3-7-5-0,8,5,Sadness,,,True,1700567916813-2-8-3-7-5,Central,,,False,static_only_correct,,,,,5.0,Sadness,1.0,Disgust
Multimodal,1700567916813-2-8-3-7-5-1,8,5,Sadness,,,False,1700567916813-2-8-3-7-5,Side,,,False,both_wrong,,,,,4.0,Neutral,1.0,Disgust
Multimodal,1700567918385-2-8-3-8-0-0,8,0,Anger,,,False,1700567918385-2-8-3-8-0,Central,,,False,both_wrong,,,,,1.0,Disgust,1.0,Disgust
Multimodal,1700567918385-2-8-3-8-0-1,8,0,Anger,,,False,1700567918385-2-8-3-8-0,Side,,,False,both_wrong,,,,,1.0,Disgust,1.0,Disgust
Multimodal,1700567920333-2-8-3-9-1-0,8,1,Disgust,,,True,1700567920333-2-8-3-9-1,Central,,,True,both_correct,,,,,1.0,Disgust,1.0,Disgust
Multimodal,1700567920333-2-8-3-9-1-1,8,1,Disgust,,,True,1700567920333-2-8-3-9-1,Side,,,True,both_correct,,,,,1.0,Disgust,1.0,Disgust
Multimodal,1700567922812-2-8-3-10-0-0,8,0,Anger,,,False,1700567922812-2-8-3-10-0,Central,,,False,both_wrong,,,,,1.0,Disgust,1.0,Disgust
Multimodal,1700567922812-2-8-3-10-0-1,8,0,Anger,,,False,1700567922812-2-8-3-10-0,Side,,,False,both_wrong,,,,,1.0,Disgust,1.0,Disgust
Multimodal,1700567926584-2-8-3-12-4-0,8,4,Neutral,,,True,1700567926584-2-8-3-12-4,Central,,,True,both_correct,,,,,4.0,Neutral,4.0,Neutral
Multimodal,1700567926584-2-8-3-12-4-1,8,4,Neutral,,,True,1700567926584-2-8-3-12-4,Side,,,True,both_correct,,,,,4.0,Neutral,4.0,Neutral
Multimodal,1700567928618-2-8-3-13-6-0,8,6,Surprise,,,True,1700567928618-2-8-3-13-6,Central,,,True,both_correct,,,,,6.0,Surprise,6.0,Surprise
Multimodal,1700567928618-2-8-3-13-6-1,8,6,Surprise,,,False,1700567928618-2-8-3-13-6,Side,,,True,dynamic_only_correct,,,,,2.0,Fear,6.0,Surprise
Multimodal,1700567932221-2-8-3-15-5-0,8,5,Sadness,,,True,1700567932221-2-8-3-15-5,Central,,,True,both_correct,,,,,5.0,Sadness,5.0,Sadness
Multimodal,1700567932221-2-8-3-15-5-1,8,5,Sadness,,,False,1700567932221-2-8-3-15-5,Side,,,True,dynamic_only_correct,,,,,2.0,Fear,5.0,Sadness
Multimodal,1700567934618-2-8-3-16-2-0,8,2,Fear,,,True,1700567934618-2-8-3-16-2,Central,,,True,both_correct,,,,,2.0,Fear,2.0,Fear
Multimodal,1700567934618-2-8-3-16-2-1,8,2,Fear,,,True,1700567934618-2-8-3-16-2,Side,,,True,both_correct,,,,,2.0,Fear,2.0,Fear
Multimodal,1700567938373-2-8-3-18-1-0,8,1,Disgust,,,True,1700567938373-2-8-3-18-1,Central,,,True,both_correct,,,,,1.0,Disgust,1.0,Disgust
Multimodal,1700567938373-2-8-3-18-1-1,8,1,Disgust,,,True,1700567938373-2-8-3-18-1,Side,,,True,both_correct,,,,,1.0,Disgust,1.0,Disgust
Multimodal,1700567942412-2-8-3-20-2-0,8,2,Fear,,,True,1700567942412-2-8-3-20-2,Central,,,True,both_correct,,,,,2.0,Fear,2.0,Fear
Multimodal,1700567942412-2-8-3-20-2-1,8,2,Fear,,,True,1700567942412-2-8-3-20-2,Side,,,True,both_correct,,,,,2.0,Fear,2.0,Fear
Multimodal,1700568075798-2-8-4-0-1-0,8,1,Disgust,,,True,1700568075798-2-8-4-0-1,Central,,,True,both_correct,,,,,1.0,Disgust,1.0,Disgust
Multimodal,1700568075798-2-8-4-0-1-1,8,1,Disgust,,,True,1700568075798-2-8-4-0-1,Side,,,True,both_correct,,,,,1.0,Disgust,1.0,Disgust
Multimodal,1700568077758-2-8-4-1-5-0,8,5,Sadness,,,True,1700568077758-2-8-4-1-5,Central,,,True,both_correct,,,,,5.0,Sadness,5.0,Sadness
Multimodal,1700568077758-2-8-4-1-5-1,8,5,Sadness,,,True,1700568077758-2-8-4-1-5,Side,,,True,both_correct,,,,,5.0,Sadness,5.0,Sadness
Multimodal,1700568081350-2-8-4-3-6-0,8,6,Surprise,,,True,1700568081350-2-8-4-3-6,Central,,,True,both_correct,,,,,6.0,Surprise,6.0,Surprise
Multimodal,1700568081350-2-8-4-3-6-1,8,6,Surprise,,,False,1700568081350-2-8-4-3-6,Side,,,True,dynamic_only_correct,,,,,2.0,Fear,6.0,Surprise
Multimodal,1700568082939-2-8-4-4-4-0,8,4,Neutral,,,True,1700568082939-2-8-4-4-4,Central,,,False,static_only_correct,,,,,4.0,Neutral,5.0,Sadness
Multimodal,1700568082939-2-8-4-4-4-1,8,4,Neutral,,,True,1700568082939-2-8-4-4-4,Side,,,True,both_correct,,,,,4.0,Neutral,4.0,Neutral
Multimodal,1700568086128-2-8-4-6-3-0,8,3,Happiness,,,True,1700568086128-2-8-4-6-3,Central,,,True,both_correct,,,,,3.0,Happiness,3.0,Happiness
Multimodal,1700568086128-2-8-4-6-3-1,8,3,Happiness,,,True,1700568086128-2-8-4-6-3,Side,,,True,both_correct,,,,,3.0,Happiness,3.0,Happiness
Multimodal,1700568088202-2-8-4-7-0-0,8,0,Anger,,,False,1700568088202-2-8-4-7-0,Central,,,False,both_wrong,,,,,1.0,Disgust,1.0,Disgust
Multimodal,1700568088202-2-8-4-7-0-1,8,0,Anger,,,False,1700568088202-2-8-4-7-0,Side,,,False,both_wrong,,,,,1.0,Disgust,1.0,Disgust
Multimodal,1700568090919-2-8-4-9-2-0,8,2,Fear,,,True,1700568090919-2-8-4-9-2,Central,,,True,both_correct,,,,,2.0,Fear,2.0,Fear
Multimodal,1700568090919-2-8-4-9-2-1,8,2,Fear,,,True,1700568090919-2-8-4-9-2,Side,,,True,both_correct,,,,,2.0,Fear,2.0,Fear
Multimodal,1700568092978-2-8-4-10-0-0,8,0,Anger,,,False,1700568092978-2-8-4-10-0,Central,,,False,both_wrong,,,,,1.0,Disgust,1.0,Disgust
Multimodal,1700568092978-2-8-4-10-0-1,8,0,Anger,,,False,1700568092978-2-8-4-10-0,Side,,,False,both_wrong,,,,,1.0,Disgust,1.0,Disgust
Multimodal,1700568095008-2-8-4-11-3-0,8,3,Happiness,,,True,1700568095008-2-8-4-11-3,Central,,,True,both_correct,,,,,3.0,Happiness,3.0,Happiness
Multimodal,1700568095008-2-8-4-11-3-1,8,3,Happiness,,,True,1700568095008-2-8-4-11-3,Side,,,True,both_correct,,,,,3.0,Happiness,3.0,Happiness
Multimodal,1700568096451-2-8-4-12-1-0,8,1,Disgust,,,True,1700568096451-2-8-4-12-1,Central,,,True,both_correct,,,,,1.0,Disgust,1.0,Disgust
Multimodal,1700568096451-2-8-4-12-1-1,8,1,Disgust,,,True,1700568096451-2-8-4-12-1,Side,,,True,both_correct,,,,,1.0,Disgust,1.0,Disgust
Multimodal,1700568100175-2-8-4-14-0-0,8,0,Anger,,,False,1700568100175-2-8-4-14-0,Central,,,False,both_wrong,,,,,1.0,Disgust,1.0,Disgust
Multimodal,1700568100175-2-8-4-14-0-1,8,0,Anger,,,False,1700568100175-2-8-4-14-0,Side,,,False,both_wrong,,,,,1.0,Disgust,1.0,Disgust
Multimodal,1700568102387-2-8-4-15-1-0,8,1,Disgust,,,True,1700568102387-2-8-4-15-1,Central,,,True,both_correct,,,,,1.0,Disgust,1.0,Disgust
Multimodal,1700568102387-2-8-4-15-1-1,8,1,Disgust,,,True,1700568102387-2-8-4-15-1,Side,,,True,both_correct,,,,,1.0,Disgust,1.0,Disgust
Multimodal,1700568103657-2-8-4-16-2-0,8,2,Fear,,,True,1700568103657-2-8-4-16-2,Central,,,True,both_correct,,,,,2.0,Fear,2.0,Fear
Multimodal,1700568103657-2-8-4-16-2-1,8,2,Fear,,,True,1700568103657-2-8-4-16-2,Side,,,True,both_correct,,,,,2.0,Fear,2.0,Fear
Multimodal,1700568107499-2-8-4-18-4-0,8,4,Neutral,,,True,1700568107499-2-8-4-18-4,Central,,,True,both_correct,,,,,4.0,Neutral,4.0,Neutral
Multimodal,1700568107499-2-8-4-18-4-1,8,4,Neutral,,,True,1700568107499-2-8-4-18-4,Side,,,True,both_correct,,,,,4.0,Neutral,4.0,Neutral
Multimodal,1700568112955-2-8-4-21-6-0,8,6,Surprise,,,True,1700568112955-2-8-4-21-6,Central,,,True,both_correct,,,,,6.0,Surprise,6.0,Surprise
Multimodal,1700568112955-2-8-4-21-6-1,8,6,Surprise,,,True,1700568112955-2-8-4-21-6,Side,,,True,both_correct,,,,,6.0,Surprise,6.0,Surprise
Multimodal,1700568114265-2-8-4-22-0-0,8,0,Anger,,,False,1700568114265-2-8-4-22-0,Central,,,False,both_wrong,,,,,1.0,Disgust,1.0,Disgust
Multimodal,1700568114265-2-8-4-22-0-1,8,0,Anger,,,False,1700568114265-2-8-4-22-0,Side,,,False,both_wrong,,,,,1.0,Disgust,1.0,Disgust
Multimodal,1700568116382-2-8-4-23-2-0,8,2,Fear,,,True,1700568116382-2-8-4-23-2,Central,,,True,both_correct,,,,,2.0,Fear,2.0,Fear
Multimodal,1700568116382-2-8-4-23-2-1,8,2,Fear,,,True,1700568116382-2-8-4-23-2,Side,,,True,both_correct,,,,,2.0,Fear,2.0,Fear
Multimodal,1700568118260-2-8-4-24-3-0,8,3,Happiness,,,True,1700568118260-2-8-4-24-3,Central,,,True,both_correct,,,,,3.0,Happiness,3.0,Happiness
Multimodal,1700568118260-2-8-4-24-3-1,8,3,Happiness,,,True,1700568118260-2-8-4-24-3,Side,,,True,both_correct,,,,,3.0,Happiness,3.0,Happiness
Multimodal,1700568119916-2-8-4-25-2-0,8,2,Fear,,,True,1700568119916-2-8-4-25-2,Central,,,True,both_correct,,,,,2.0,Fear,2.0,Fear
Multimodal,1700568119916-2-8-4-25-2-1,8,2,Fear,,,True,1700568119916-2-8-4-25-2,Side,,,True,both_correct,,,,,2.0,Fear,2.0,Fear
Multimodal,1700568121727-2-8-4-26-1-0,8,1,Disgust,,,True,1700568121727-2-8-4-26-1,Central,,,True,both_correct,,,,,1.0,Disgust,1.0,Disgust
Multimodal,1700568121727-2-8-4-26-1-1,8,1,Disgust,,,True,1700568121727-2-8-4-26-1,Side,,,True,both_correct,,,,,1.0,Disgust,1.0,Disgust
Multimodal,1700577641790-2-10-1-1-5-0,10,5,Sadness,,,False,1700577641790-2-10-1-1-5,Central,,,True,dynamic_only_correct,,,,,0.0,Anger,5.0,Sadness
Multimodal,1700577641790-2-10-1-1-5-1,10,5,Sadness,,,False,1700577641790-2-10-1-1-5,Side,,,True,dynamic_only_correct,,,,,0.0,Anger,5.0,Sadness
Multimodal,1700577644246-2-10-1-2-3-0,10,3,Happiness,,,True,1700577644246-2-10-1-2-3,Central,,,True,both_correct,,,,,3.0,Happiness,3.0,Happiness
Multimodal,1700577644246-2-10-1-2-3-1,10,3,Happiness,,,True,1700577644246-2-10-1-2-3,Side,,,True,both_correct,,,,,3.0,Happiness,3.0,Happiness
Multimodal,1700577653948-2-10-1-6-3-0,10,3,Happiness,,,True,1700577653948-2-10-1-6-3,Central,,,True,both_correct,,,,,3.0,Happiness,3.0,Happiness
Multimodal,1700577653948-2-10-1-6-3-1,10,3,Happiness,,,True,1700577653948-2-10-1-6-3,Side,,,True,both_correct,,,,,3.0,Happiness,3.0,Happiness
Multimodal,1700577659103-2-10-1-8-3-0,10,3,Happiness,,,True,1700577659103-2-10-1-8-3,Central,,,True,both_correct,,,,,3.0,Happiness,3.0,Happiness
Multimodal,1700577659103-2-10-1-8-3-1,10,3,Happiness,,,True,1700577659103-2-10-1-8-3,Side,,,True,both_correct,,,,,3.0,Happiness,3.0,Happiness
Multimodal,1700577731858-2-10-2-0-4-0,10,4,Neutral,,,True,1700577731858-2-10-2-0-4,Central,,,True,both_correct,,,,,4.0,Neutral,4.0,Neutral
Multimodal,1700577731858-2-10-2-0-4-1,10,4,Neutral,,,False,1700577731858-2-10-2-0-4,Side,,,True,dynamic_only_correct,,,,,3.0,Happiness,4.0,Neutral
Multimodal,1700577733309-2-10-2-1-1-0,10,1,Disgust,,,True,1700577733309-2-10-2-1-1,Central,,,False,static_only_correct,,,,,1.0,Disgust,3.0,Happiness
Multimodal,1700577733309-2-10-2-1-1-1,10,1,Disgust,,,True,1700577733309-2-10-2-1-1,Side,,,True,both_correct,,,,,1.0,Disgust,1.0,Disgust
Multimodal,1700577738960-2-10-2-3-2-0,10,2,Fear,,,True,1700577738960-2-10-2-3-2,Central,,,True,both_correct,,,,,2.0,Fear,2.0,Fear
Multimodal,1700577738960-2-10-2-3-2-1,10,2,Fear,,,False,1700577738960-2-10-2-3-2,Side,,,True,dynamic_only_correct,,,,,1.0,Disgust,2.0,Fear
Multimodal,1700577740656-2-10-2-4-1-0,10,1,Disgust,,,True,1700577740656-2-10-2-4-1,Central,,,False,static_only_correct,,,,,1.0,Disgust,0.0,Anger
Multimodal,1700577740656-2-10-2-4-1-1,10,1,Disgust,,,False,1700577740656-2-10-2-4-1,Side,,,True,dynamic_only_correct,,,,,0.0,Anger,1.0,Disgust
Multimodal,1700577744274-2-10-2-5-1-0,10,1,Disgust,,,True,1700577744274-2-10-2-5-1,Central,,,False,static_only_correct,,,,,1.0,Disgust,3.0,Happiness
Multimodal,1700577744274-2-10-2-5-1-1,10,1,Disgust,,,True,1700577744274-2-10-2-5-1,Side,,,False,static_only_correct,,,,,1.0,Disgust,3.0,Happiness
Multimodal,1700577751365-2-10-2-8-6-0,10,6,Surprise,,,True,1700577751365-2-10-2-8-6,Central,,,True,both_correct,,,,,6.0,Surprise,6.0,Surprise
Multimodal,1700577751365-2-10-2-8-6-1,10,6,Surprise,,,False,1700577751365-2-10-2-8-6,Side,,,False,both_wrong,,,,,2.0,Fear,2.0,Fear
Multimodal,1700577753271-2-10-2-9-6-0,10,6,Surprise,,,False,1700577753271-2-10-2-9-6,Central,,,False,both_wrong,,,,,2.0,Fear,2.0,Fear
Multimodal,1700577753271-2-10-2-9-6-1,10,6,Surprise,,,False,1700577753271-2-10-2-9-6,Side,,,True,dynamic_only_correct,,,,,2.0,Fear,6.0,Surprise
Multimodal,1700577756759-2-10-2-10-2-0,10,2,Fear,,,True,1700577756759-2-10-2-10-2,Central,,,True,both_correct,,,,,2.0,Fear,2.0,Fear
Multimodal,1700577756759-2-10-2-10-2-1,10,2,Fear,,,False,1700577756759-2-10-2-10-2,Side,,,True,dynamic_only_correct,,,,,3.0,Happiness,2.0,Fear
Multimodal,1700577759366-2-10-2-11-4-0,10,4,Neutral,,,True,1700577759366-2-10-2-11-4,Central,,,True,both_correct,,,,,4.0,Neutral,4.0,Neutral
Multimodal,1700577759366-2-10-2-11-4-1,10,4,Neutral,,,True,1700577759366-2-10-2-11-4,Side,,,True,both_correct,,,,,4.0,Neutral,4.0,Neutral
Multimodal,1700577839039-2-10-3-0-4-0,10,4,Neutral,,,True,1700577839039-2-10-3-0-4,Central,,,True,both_correct,,,,,4.0,Neutral,4.0,Neutral
Multimodal,1700577839039-2-10-3-0-4-1,10,4,Neutral,,,False,1700577839039-2-10-3-0-4,Side,,,False,both_wrong,,,,,3.0,Happiness,3.0,Happiness
Multimodal,1700577841033-2-10-3-1-1-0,10,1,Disgust,,,False,1700577841033-2-10-3-1-1,Central,,,False,both_wrong,,,,,3.0,Happiness,3.0,Happiness
Multimodal,1700577841033-2-10-3-1-1-1,10,1,Disgust,,,False,1700577841033-2-10-3-1-1,Side,,,False,both_wrong,,,,,3.0,Happiness,3.0,Happiness
Multimodal,1700577843732-2-10-3-2-0-0,10,0,Anger,,,True,1700577843732-2-10-3-2-0,Central,,,True,both_correct,,,,,0.0,Anger,0.0,Anger
Multimodal,1700577843732-2-10-3-2-0-1,10,0,Anger,,,True,1700577843732-2-10-3-2-0,Side,,,True,both_correct,,,,,0.0,Anger,0.0,Anger
Multimodal,1700577847201-2-10-3-4-3-0,10,3,Happiness,,,True,1700577847201-2-10-3-4-3,Central,,,True,both_correct,,,,,3.0,Happiness,3.0,Happiness
Multimodal,1700577847201-2-10-3-4-3-1,10,3,Happiness,,,True,1700577847201-2-10-3-4-3,Side,,,True,both_correct,,,,,3.0,Happiness,3.0,Happiness
Multimodal,1700577849695-2-10-3-5-2-0,10,2,Fear,,,False,1700577849695-2-10-3-5-2,Central,,,False,both_wrong,,,,,3.0,Happiness,3.0,Happiness
Multimodal,1700577849695-2-10-3-5-2-1,10,2,Fear,,,True,1700577849695-2-10-3-5-2,Side,,,False,static_only_correct,,,,,2.0,Fear,3.0,Happiness
Multimodal,1700577851526-2-10-3-6-5-0,10,5,Sadness,,,True,1700577851526-2-10-3-6-5,Central,,,True,both_correct,,,,,5.0,Sadness,5.0,Sadness
Multimodal,1700577851526-2-10-3-6-5-1,10,5,Sadness,,,True,1700577851526-2-10-3-6-5,Side,,,True,both_correct,,,,,5.0,Sadness,5.0,Sadness
Multimodal,1700577854173-2-10-3-7-5-0,10,5,Sadness,,,False,1700577854173-2-10-3-7-5,Central,,,True,dynamic_only_correct,,,,,0.0,Anger,5.0,Sadness
Multimodal,1700577854173-2-10-3-7-5-1,10,5,Sadness,,,False,1700577854173-2-10-3-7-5,Side,,,True,dynamic_only_correct,,,,,0.0,Anger,5.0,Sadness
Multimodal,1700577855799-2-10-3-8-0-0,10,0,Anger,,,False,1700577855799-2-10-3-8-0,Central,,,False,both_wrong,,,,,1.0,Disgust,1.0,Disgust
Multimodal,1700577855799-2-10-3-8-0-1,10,0,Anger,,,False,1700577855799-2-10-3-8-0,Side,,,False,both_wrong,,,,,1.0,Disgust,1.0,Disgust
Multimodal,1700577857687-2-10-3-9-1-0,10,1,Disgust,,,True,1700577857687-2-10-3-9-1,Central,,,True,both_correct,,,,,1.0,Disgust,1.0,Disgust
Multimodal,1700577857687-2-10-3-9-1-1,10,1,Disgust,,,True,1700577857687-2-10-3-9-1,Side,,,True,both_correct,,,,,1.0,Disgust,1.0,Disgust
Multimodal,1700577863441-2-10-3-12-4-0,10,4,Neutral,,,True,1700577863441-2-10-3-12-4,Central,,,True,both_correct,,,,,4.0,Neutral,4.0,Neutral
Multimodal,1700577863441-2-10-3-12-4-1,10,4,Neutral,,,True,1700577863441-2-10-3-12-4,Side,,,False,static_only_correct,,,,,4.0,Neutral,3.0,Happiness
Multimodal,1700577867123-2-10-3-14-4-0,10,4,Neutral,,,True,1700577867123-2-10-3-14-4,Central,,,True,both_correct,,,,,4.0,Neutral,4.0,Neutral
Multimodal,1700577867123-2-10-3-14-4-1,10,4,Neutral,,,True,1700577867123-2-10-3-14-4,Side,,,True,both_correct,,,,,4.0,Neutral,4.0,Neutral
Multimodal,1700577870256-2-10-3-15-5-0,10,5,Sadness,,,False,1700577870256-2-10-3-15-5,Central,,,True,dynamic_only_correct,,,,,0.0,Anger,5.0,Sadness
Multimodal,1700577870256-2-10-3-15-5-1,10,5,Sadness,,,True,1700577870256-2-10-3-15-5,Side,,,True,both_correct,,,,,5.0,Sadness,5.0,Sadness
Multimodal,1700577877659-2-10-3-19-6-0,10,6,Surprise,,,False,1700577877659-2-10-3-19-6,Central,,,True,dynamic_only_correct,,,,,2.0,Fear,6.0,Surprise
Multimodal,1700577877659-2-10-3-19-6-1,10,6,Surprise,,,True,1700577877659-2-10-3-19-6,Side,,,False,static_only_correct,,,,,6.0,Surprise,2.0,Fear
Multimodal,1700577880261-2-10-3-20-2-0,10,2,Fear,,,True,1700577880261-2-10-3-20-2,Central,,,True,both_correct,,,,,2.0,Fear,2.0,Fear
Multimodal,1700577880261-2-10-3-20-2-1,10,2,Fear,,,False,1700577880261-2-10-3-20-2,Side,,,True,dynamic_only_correct,,,,,1.0,Disgust,2.0,Fear
Multimodal,1700578007024-2-10-4-0-1-0,10,1,Disgust,,,False,1700578007024-2-10-4-0-1,Central,,,False,both_wrong,,,,,3.0,Happiness,3.0,Happiness
Multimodal,1700578007024-2-10-4-0-1-1,10,1,Disgust,,,False,1700578007024-2-10-4-0-1,Side,,,False,both_wrong,,,,,3.0,Happiness,3.0,Happiness
Multimodal,1700578011711-2-10-4-3-6-0,10,6,Surprise,,,False,1700578011711-2-10-4-3-6,Central,,,False,both_wrong,,,,,2.0,Fear,2.0,Fear
Multimodal,1700578011711-2-10-4-3-6-1,10,6,Surprise,,,False,1700578011711-2-10-4-3-6,Side,,,False,both_wrong,,,,,2.0,Fear,2.0,Fear
Multimodal,1700578014206-2-10-4-4-4-0,10,4,Neutral,,,True,1700578014206-2-10-4-4-4,Central,,,True,both_correct,,,,,4.0,Neutral,4.0,Neutral
Multimodal,1700578014206-2-10-4-4-4-1,10,4,Neutral,,,True,1700578014206-2-10-4-4-4,Side,,,True,both_correct,,,,,4.0,Neutral,4.0,Neutral
Multimodal,1700578015880-2-10-4-5-4-0,10,4,Neutral,,,True,1700578015880-2-10-4-5-4,Central,,,True,both_correct,,,,,4.0,Neutral,4.0,Neutral
Multimodal,1700578015880-2-10-4-5-4-1,10,4,Neutral,,,False,1700578015880-2-10-4-5-4,Side,,,True,dynamic_only_correct,,,,,5.0,Sadness,4.0,Neutral
Multimodal,1700578017539-2-10-4-6-3-0,10,3,Happiness,,,True,1700578017539-2-10-4-6-3,Central,,,True,both_correct,,,,,3.0,Happiness,3.0,Happiness
Multimodal,1700578017539-2-10-4-6-3-1,10,3,Happiness,,,True,1700578017539-2-10-4-6-3,Side,,,True,both_correct,,,,,3.0,Happiness,3.0,Happiness
Multimodal,1700578020748-2-10-4-8-5-0,10,5,Sadness,,,True,1700578020748-2-10-4-8-5,Central,,,True,both_correct,,,,,5.0,Sadness,5.0,Sadness
Multimodal,1700578020748-2-10-4-8-5-1,10,5,Sadness,,,True,1700578020748-2-10-4-8-5,Side,,,True,both_correct,,,,,5.0,Sadness,5.0,Sadness
Multimodal,1700578022517-2-10-4-9-2-0,10,2,Fear,,,True,1700578022517-2-10-4-9-2,Central,,,True,both_correct,,,,,2.0,Fear,2.0,Fear
Multimodal,1700578022517-2-10-4-9-2-1,10,2,Fear,,,True,1700578022517-2-10-4-9-2,Side,,,True,both_correct,,,,,2.0,Fear,2.0,Fear
Multimodal,1700578026276-2-10-4-11-3-0,10,3,Happiness,,,True,1700578026276-2-10-4-11-3,Central,,,True,both_correct,,,,,3.0,Happiness,3.0,Happiness
Multimodal,1700578026276-2-10-4-11-3-1,10,3,Happiness,,,True,1700578026276-2-10-4-11-3,Side,,,True,both_correct,,,,,3.0,Happiness,3.0,Happiness
Multimodal,1700578027679-2-10-4-12-1-0,10,1,Disgust,,,True,1700578027679-2-10-4-12-1,Central,,,False,static_only_correct,,,,,1.0,Disgust,3.0,Happiness
Multimodal,1700578027679-2-10-4-12-1-1,10,1,Disgust,,,True,1700578027679-2-10-4-12-1,Side,,,True,both_correct,,,,,1.0,Disgust,1.0,Disgust
Multimodal,1700578029507-2-10-4-13-3-0,10,3,Happiness,,,True,1700578029507-2-10-4-13-3,Central,,,True,both_correct,,,,,3.0,Happiness,3.0,Happiness
Multimodal,1700578029507-2-10-4-13-3-1,10,3,Happiness,,,True,1700578029507-2-10-4-13-3,Side,,,True,both_correct,,,,,3.0,Happiness,3.0,Happiness
Multimodal,1700578035450-2-10-4-16-2-0,10,2,Fear,,,True,1700578035450-2-10-4-16-2,Central,,,True,both_correct,,,,,2.0,Fear,2.0,Fear
Multimodal,1700578035450-2-10-4-16-2-1,10,2,Fear,,,True,1700578035450-2-10-4-16-2,Side,,,True,both_correct,,,,,2.0,Fear,2.0,Fear
Multimodal,1700578036809-2-10-4-17-5-0,10,5,Sadness,,,False,1700578036809-2-10-4-17-5,Central,,,True,dynamic_only_correct,,,,,0.0,Anger,5.0,Sadness
Multimodal,1700578036809-2-10-4-17-5-1,10,5,Sadness,,,True,1700578036809-2-10-4-17-5,Side,,,True,both_correct,,,,,5.0,Sadness,5.0,Sadness
Multimodal,1700578042343-2-10-4-20-5-0,10,5,Sadness,,,True,1700578042343-2-10-4-20-5,Central,,,True,both_correct,,,,,5.0,Sadness,5.0,Sadness
Multimodal,1700578042343-2-10-4-20-5-1,10,5,Sadness,,,True,1700578042343-2-10-4-20-5,Side,,,True,both_correct,,,,,5.0,Sadness,5.0,Sadness
Multimodal,1700578043747-2-10-4-21-6-0,10,6,Surprise,,,False,1700578043747-2-10-4-21-6,Central,,,False,both_wrong,,,,,2.0,Fear,2.0,Fear
Multimodal,1700578043747-2-10-4-21-6-1,10,6,Surprise,,,False,1700578043747-2-10-4-21-6,Side,,,False,both_wrong,,,,,2.0,Fear,2.0,Fear
Multimodal,1700578045766-2-10-4-22-0-0,10,0,Anger,,,False,1700578045766-2-10-4-22-0,Central,,,False,both_wrong,,,,,2.0,Fear,1.0,Disgust
Multimodal,1700578045766-2-10-4-22-0-1,10,0,Anger,,,False,1700578045766-2-10-4-22-0,Side,,,False,both_wrong,,,,,1.0,Disgust,1.0,Disgust
Multimodal,1700578047686-2-10-4-23-2-0,10,2,Fear,,,True,1700578047686-2-10-4-23-2,Central,,,True,both_correct,,,,,2.0,Fear,2.0,Fear
Multimodal,1700578047686-2-10-4-23-2-1,10,2,Fear,,,True,1700578047686-2-10-4-23-2,Side,,,True,both_correct,,,,,2.0,Fear,2.0,Fear
Multimodal,1700578050680-2-10-4-25-2-0,10,2,Fear,,,True,1700578050680-2-10-4-25-2,Central,,,True,both_correct,,,,,2.0,Fear,2.0,Fear
Multimodal,1700578050680-2-10-4-25-2-1,10,2,Fear,,,True,1700578050680-2-10-4-25-2,Side,,,True,both_correct,,,,,2.0,Fear,2.0,Fear
Multimodal,1700578052853-2-10-4-26-1-0,10,1,Disgust,,,True,1700578052853-2-10-4-26-1,Central,,,True,both_correct,,,,,1.0,Disgust,1.0,Disgust
Multimodal,1700578052853-2-10-4-26-1-1,10,1,Disgust,,,False,1700578052853-2-10-4-26-1,Side,,,True,dynamic_only_correct,,,,,0.0,Anger,1.0,Disgust
Multimodal,1700578053937-2-10-4-27-6-0,10,6,Surprise,,,False,1700578053937-2-10-4-27-6,Central,,,True,dynamic_only_correct,,,,,2.0,Fear,6.0,Surprise
Multimodal,1700578053937-2-10-4-27-6-1,10,6,Surprise,,,False,1700578053937-2-10-4-27-6,Side,,,False,both_wrong,,,,,2.0,Fear,2.0,Fear
Multimodal,1700583797412-2-13-1-0-0-0,13,0,Anger,,,True,1700583797412-2-13-1-0-0,Central,,,True,both_correct,,,,,0.0,Anger,0.0,Anger
Multimodal,1700583797412-2-13-1-0-0-1,13,0,Anger,,,True,1700583797412-2-13-1-0-0,Side,,,False,static_only_correct,,,,,0.0,Anger,1.0,Disgust
Multimodal,1700583805997-2-13-1-3-0-0,13,0,Anger,,,True,1700583805997-2-13-1-3-0,Central,,,False,static_only_correct,,,,,0.0,Anger,1.0,Disgust
Multimodal,1700583805997-2-13-1-3-0-1,13,0,Anger,,,True,1700583805997-2-13-1-3-0,Side,,,False,static_only_correct,,,,,0.0,Anger,1.0,Disgust
Multimodal,1700583807891-2-13-1-4-0-0,13,0,Anger,,,True,1700583807891-2-13-1-4-0,Central,,,True,both_correct,,,,,0.0,Anger,0.0,Anger
Multimodal,1700583807891-2-13-1-4-0-1,13,0,Anger,,,True,1700583807891-2-13-1-4-0,Side,,,True,both_correct,,,,,0.0,Anger,0.0,Anger
Multimodal,1700583813812-2-13-1-6-3-0,13,3,Happiness,,,True,1700583813812-2-13-1-6-3,Central,,,True,both_correct,,,,,3.0,Happiness,3.0,Happiness
Multimodal,1700583813812-2-13-1-6-3-1,13,3,Happiness,,,True,1700583813812-2-13-1-6-3,Side,,,True,both_correct,,,,,3.0,Happiness,3.0,Happiness
Multimodal,1700583815717-2-13-1-7-5-0,13,5,Sadness,,,False,1700583815717-2-13-1-7-5,Central,,,True,dynamic_only_correct,,,,,0.0,Anger,5.0,Sadness
Multimodal,1700583815717-2-13-1-7-5-1,13,5,Sadness,,,False,1700583815717-2-13-1-7-5,Side,,,True,dynamic_only_correct,,,,,0.0,Anger,5.0,Sadness
Multimodal,1700583883653-2-13-2-0-4-0,13,4,Neutral,,,True,1700583883653-2-13-2-0-4,Central,,,True,both_correct,,,,,4.0,Neutral,4.0,Neutral
Multimodal,1700583883653-2-13-2-0-4-1,13,4,Neutral,,,True,1700583883653-2-13-2-0-4,Side,,,True,both_correct,,,,,4.0,Neutral,4.0,Neutral
Multimodal,1700583887578-2-13-2-2-6-0,13,6,Surprise,,,True,1700583887578-2-13-2-2-6,Central,,,False,static_only_correct,,,,,6.0,Surprise,2.0,Fear
Multimodal,1700583887578-2-13-2-2-6-1,13,6,Surprise,,,True,1700583887578-2-13-2-2-6,Side,,,True,both_correct,,,,,6.0,Surprise,6.0,Surprise
Multimodal,1700583891213-2-13-2-3-2-0,13,2,Fear,,,True,1700583891213-2-13-2-3-2,Central,,,True,both_correct,,,,,2.0,Fear,2.0,Fear
Multimodal,1700583891213-2-13-2-3-2-1,13,2,Fear,,,True,1700583891213-2-13-2-3-2,Side,,,True,both_correct,,,,,2.0,Fear,2.0,Fear
Multimodal,1700583893370-2-13-2-4-1-0,13,1,Disgust,,,True,1700583893370-2-13-2-4-1,Central,,,True,both_correct,,,,,1.0,Disgust,1.0,Disgust
Multimodal,1700583893370-2-13-2-4-1-1,13,1,Disgust,,,True,1700583893370-2-13-2-4-1,Side,,,True,both_correct,,,,,1.0,Disgust,1.0,Disgust
Multimodal,1700583897868-2-13-2-6-2-0,13,2,Fear,,,True,1700583897868-2-13-2-6-2,Central,,,True,both_correct,,,,,2.0,Fear,2.0,Fear
Multimodal,1700583897868-2-13-2-6-2-1,13,2,Fear,,,False,1700583897868-2-13-2-6-2,Side,,,True,dynamic_only_correct,,,,,3.0,Happiness,2.0,Fear
Multimodal,1700583903979-2-13-2-8-6-0,13,6,Surprise,,,True,1700583903979-2-13-2-8-6,Central,,,True,both_correct,,,,,6.0,Surprise,6.0,Surprise
Multimodal,1700583903979-2-13-2-8-6-1,13,6,Surprise,,,True,1700583903979-2-13-2-8-6,Side,,,True,both_correct,,,,,6.0,Surprise,6.0,Surprise
Multimodal,1700583910942-2-13-2-11-4-0,13,4,Neutral,,,True,1700583910942-2-13-2-11-4,Central,,,True,both_correct,,,,,4.0,Neutral,4.0,Neutral
Multimodal,1700583910942-2-13-2-11-4-1,13,4,Neutral,,,True,1700583910942-2-13-2-11-4,Side,,,True,both_correct,,,,,4.0,Neutral,4.0,Neutral
Multimodal,1700583999169-2-13-3-0-4-0,13,4,Neutral,,,True,1700583999169-2-13-3-0-4,Central,,,True,both_correct,,,,,4.0,Neutral,4.0,Neutral
Multimodal,1700583999169-2-13-3-0-4-1,13,4,Neutral,,,True,1700583999169-2-13-3-0-4,Side,,,True,both_correct,,,,,4.0,Neutral,4.0,Neutral
Multimodal,1700584001197-2-13-3-1-1-0,13,1,Disgust,,,True,1700584001197-2-13-3-1-1,Central,,,False,static_only_correct,,,,,1.0,Disgust,0.0,Anger
Multimodal,1700584001197-2-13-3-1-1-1,13,1,Disgust,,,True,1700584001197-2-13-3-1-1,Side,,,False,static_only_correct,,,,,1.0,Disgust,0.0,Anger
Multimodal,1700584007863-2-13-3-4-3-0,13,3,Happiness,,,True,1700584007863-2-13-3-4-3,Central,,,True,both_correct,,,,,3.0,Happiness,3.0,Happiness
Multimodal,1700584007863-2-13-3-4-3-1,13,3,Happiness,,,True,1700584007863-2-13-3-4-3,Side,,,True,both_correct,,,,,3.0,Happiness,3.0,Happiness
Multimodal,1700584009992-2-13-3-5-2-0,13,2,Fear,,,True,1700584009992-2-13-3-5-2,Central,,,True,both_correct,,,,,2.0,Fear,2.0,Fear
Multimodal,1700584009992-2-13-3-5-2-1,13,2,Fear,,,True,1700584009992-2-13-3-5-2,Side,,,True,both_correct,,,,,2.0,Fear,2.0,Fear
Multimodal,1700584012456-2-13-3-6-5-0,13,5,Sadness,,,True,1700584012456-2-13-3-6-5,Central,,,True,both_correct,,,,,5.0,Sadness,5.0,Sadness
Multimodal,1700584012456-2-13-3-6-5-1,13,5,Sadness,,,True,1700584012456-2-13-3-6-5,Side,,,True,both_correct,,,,,5.0,Sadness,5.0,Sadness
Multimodal,1700584020161-2-13-3-10-0-0,13,0,Anger,,,True,1700584020161-2-13-3-10-0,Central,,,True,both_correct,,,,,0.0,Anger,0.0,Anger
Multimodal,1700584020161-2-13-3-10-0-1,13,0,Anger,,,True,1700584020161-2-13-3-10-0,Side,,,True,both_correct,,,,,0.0,Anger,0.0,Anger
Multimodal,1700584022622-2-13-3-11-3-0,13,3,Happiness,,,True,1700584022622-2-13-3-11-3,Central,,,True,both_correct,,,,,3.0,Happiness,3.0,Happiness
Multimodal,1700584022622-2-13-3-11-3-1,13,3,Happiness,,,True,1700584022622-2-13-3-11-3,Side,,,True,both_correct,,,,,3.0,Happiness,3.0,Happiness
Multimodal,1700584023624-2-13-3-12-4-0,13,4,Neutral,,,True,1700584023624-2-13-3-12-4,Central,,,True,both_correct,,,,,4.0,Neutral,4.0,Neutral
Multimodal,1700584023624-2-13-3-12-4-1,13,4,Neutral,,,True,1700584023624-2-13-3-12-4,Side,,,True,both_correct,,,,,4.0,Neutral,4.0,Neutral
Multimodal,1700584025989-2-13-3-13-6-0,13,6,Surprise,,,True,1700584025989-2-13-3-13-6,Central,,,False,static_only_correct,,,,,6.0,Surprise,2.0,Fear
Multimodal,1700584025989-2-13-3-13-6-1,13,6,Surprise,,,True,1700584025989-2-13-3-13-6,Side,,,True,both_correct,,,,,6.0,Surprise,6.0,Surprise
Multimodal,1700584027538-2-13-3-14-4-0,13,4,Neutral,,,True,1700584027538-2-13-3-14-4,Central,,,True,both_correct,,,,,4.0,Neutral,4.0,Neutral
Multimodal,1700584027538-2-13-3-14-4-1,13,4,Neutral,,,True,1700584027538-2-13-3-14-4,Side,,,True,both_correct,,,,,4.0,Neutral,4.0,Neutral
Multimodal,1700584030294-2-13-3-15-5-0,13,5,Sadness,,,True,1700584030294-2-13-3-15-5,Central,,,True,both_correct,,,,,5.0,Sadness,5.0,Sadness
Multimodal,1700584030294-2-13-3-15-5-1,13,5,Sadness,,,True,1700584030294-2-13-3-15-5,Side,,,True,both_correct,,,,,5.0,Sadness,5.0,Sadness
Multimodal,1700584032421-2-13-3-16-2-0,13,2,Fear,,,True,1700584032421-2-13-3-16-2,Central,,,True,both_correct,,,,,2.0,Fear,2.0,Fear
Multimodal,1700584032421-2-13-3-16-2-1,13,2,Fear,,,True,1700584032421-2-13-3-16-2,Side,,,True,both_correct,,,,,2.0,Fear,2.0,Fear
Multimodal,1700584034051-2-13-3-17-3-0,13,3,Happiness,,,True,1700584034051-2-13-3-17-3,Central,,,True,both_correct,,,,,3.0,Happiness,3.0,Happiness
Multimodal,1700584034051-2-13-3-17-3-1,13,3,Happiness,,,True,1700584034051-2-13-3-17-3,Side,,,True,both_correct,,,,,3.0,Happiness,3.0,Happiness
Multimodal,1700584035954-2-13-3-18-1-0,13,1,Disgust,,,True,1700584035954-2-13-3-18-1,Central,,,True,both_correct,,,,,1.0,Disgust,1.0,Disgust
Multimodal,1700584035954-2-13-3-18-1-1,13,1,Disgust,,,True,1700584035954-2-13-3-18-1,Side,,,True,both_correct,,,,,1.0,Disgust,1.0,Disgust
Multimodal,1700584037726-2-13-3-19-6-0,13,6,Surprise,,,True,1700584037726-2-13-3-19-6,Central,,,True,both_correct,,,,,6.0,Surprise,6.0,Surprise
Multimodal,1700584037726-2-13-3-19-6-1,13,6,Surprise,,,True,1700584037726-2-13-3-19-6,Side,,,True,both_correct,,,,,6.0,Surprise,6.0,Surprise
Multimodal,1700584201525-2-13-4-0-1-0,13,1,Disgust,,,True,1700584201525-2-13-4-0-1,Central,,,True,both_correct,,,,,1.0,Disgust,1.0,Disgust
Multimodal,1700584201525-2-13-4-0-1-1,13,1,Disgust,,,True,1700584201525-2-13-4-0-1,Side,,,True,both_correct,,,,,1.0,Disgust,1.0,Disgust
Multimodal,1700584204317-2-13-4-1-5-0,13,5,Sadness,,,True,1700584204317-2-13-4-1-5,Central,,,True,both_correct,,,,,5.0,Sadness,5.0,Sadness
Multimodal,1700584204317-2-13-4-1-5-1,13,5,Sadness,,,True,1700584204317-2-13-4-1-5,Side,,,True,both_correct,,,,,5.0,Sadness,5.0,Sadness
Multimodal,1700584206113-2-13-4-2-4-0,13,4,Neutral,,,True,1700584206113-2-13-4-2-4,Central,,,True,both_correct,,,,,4.0,Neutral,4.0,Neutral
Multimodal,1700584206113-2-13-4-2-4-1,13,4,Neutral,,,True,1700584206113-2-13-4-2-4,Side,,,True,both_correct,,,,,4.0,Neutral,4.0,Neutral
Multimodal,1700584207271-2-13-4-3-6-0,13,6,Surprise,,,True,1700584207271-2-13-4-3-6,Central,,,True,both_correct,,,,,6.0,Surprise,6.0,Surprise
Multimodal,1700584207271-2-13-4-3-6-1,13,6,Surprise,,,True,1700584207271-2-13-4-3-6,Side,,,True,both_correct,,,,,6.0,Surprise,6.0,Surprise
Multimodal,1700584212931-2-13-4-6-3-0,13,3,Happiness,,,True,1700584212931-2-13-4-6-3,Central,,,True,both_correct,,,,,3.0,Happiness,3.0,Happiness
Multimodal,1700584212931-2-13-4-6-3-1,13,3,Happiness,,,True,1700584212931-2-13-4-6-3,Side,,,True,both_correct,,,,,3.0,Happiness,3.0,Happiness
Multimodal,1700584214184-2-13-4-7-0-0,13,0,Anger,,,False,1700584214184-2-13-4-7-0,Central,,,False,both_wrong,,,,,1.0,Disgust,1.0,Disgust
Multimodal,1700584214184-2-13-4-7-0-1,13,0,Anger,,,False,1700584214184-2-13-4-7-0,Side,,,False,both_wrong,,,,,1.0,Disgust,1.0,Disgust
Multimodal,1700584216493-2-13-4-8-5-0,13,5,Sadness,,,True,1700584216493-2-13-4-8-5,Central,,,True,both_correct,,,,,5.0,Sadness,5.0,Sadness
Multimodal,1700584216493-2-13-4-8-5-1,13,5,Sadness,,,True,1700584216493-2-13-4-8-5,Side,,,True,both_correct,,,,,5.0,Sadness,5.0,Sadness
Multimodal,1700584217663-2-13-4-9-2-0,13,2,Fear,,,True,1700584217663-2-13-4-9-2,Central,,,True,both_correct,,,,,2.0,Fear,2.0,Fear
Multimodal,1700584217663-2-13-4-9-2-1,13,2,Fear,,,False,1700584217663-2-13-4-9-2,Side,,,True,dynamic_only_correct,,,,,4.0,Neutral,2.0,Fear
Multimodal,1700584219640-2-13-4-10-0-0,13,0,Anger,,,True,1700584219640-2-13-4-10-0,Central,,,True,both_correct,,,,,0.0,Anger,0.0,Anger
Multimodal,1700584219640-2-13-4-10-0-1,13,0,Anger,,,True,1700584219640-2-13-4-10-0,Side,,,True,both_correct,,,,,0.0,Anger,0.0,Anger
Multimodal,1700584221354-2-13-4-11-3-0,13,3,Happiness,,,True,1700584221354-2-13-4-11-3,Central,,,True,both_correct,,,,,3.0,Happiness,3.0,Happiness
Multimodal,1700584221354-2-13-4-11-3-1,13,3,Happiness,,,True,1700584221354-2-13-4-11-3,Side,,,True,both_correct,,,,,3.0,Happiness,3.0,Happiness
Multimodal,1700584223413-2-13-4-12-1-0,13,1,Disgust,,,True,1700584223413-2-13-4-12-1,Central,,,True,both_correct,,,,,1.0,Disgust,1.0,Disgust
Multimodal,1700584223413-2-13-4-12-1-1,13,1,Disgust,,,True,1700584223413-2-13-4-12-1,Side,,,True,both_correct,,,,,1.0,Disgust,1.0,Disgust
Multimodal,1700584232123-2-13-4-17-5-0,13,5,Sadness,,,False,1700584232123-2-13-4-17-5,Central,,,True,dynamic_only_correct,,,,,0.0,Anger,5.0,Sadness
Multimodal,1700584232123-2-13-4-17-5-1,13,5,Sadness,,,True,1700584232123-2-13-4-17-5,Side,,,True,both_correct,,,,,5.0,Sadness,5.0,Sadness
Multimodal,1700584234061-2-13-4-18-4-0,13,4,Neutral,,,True,1700584234061-2-13-4-18-4,Central,,,True,both_correct,,,,,4.0,Neutral,4.0,Neutral
Multimodal,1700584234061-2-13-4-18-4-1,13,4,Neutral,,,True,1700584234061-2-13-4-18-4,Side,,,True,both_correct,,,,,4.0,Neutral,4.0,Neutral
Multimodal,1700584237227-2-13-4-20-5-0,13,5,Sadness,,,True,1700584237227-2-13-4-20-5,Central,,,True,both_correct,,,,,5.0,Sadness,5.0,Sadness
Multimodal,1700584237227-2-13-4-20-5-1,13,5,Sadness,,,True,1700584237227-2-13-4-20-5,Side,,,True,both_correct,,,,,5.0,Sadness,5.0,Sadness
Multimodal,1700584238451-2-13-4-21-6-0,13,6,Surprise,,,True,1700584238451-2-13-4-21-6,Central,,,True,both_correct,,,,,6.0,Surprise,6.0,Surprise
Multimodal,1700584238451-2-13-4-21-6-1,13,6,Surprise,,,True,1700584238451-2-13-4-21-6,Side,,,True,both_correct,,,,,6.0,Surprise,6.0,Surprise
Multimodal,1700584240494-2-13-4-22-0-0,13,0,Anger,,,True,1700584240494-2-13-4-22-0,Central,,,True,both_correct,,,,,0.0,Anger,0.0,Anger
Multimodal,1700584240494-2-13-4-22-0-1,13,0,Anger,,,True,1700584240494-2-13-4-22-0,Side,,,False,static_only_correct,,,,,0.0,Anger,1.0,Disgust
Multimodal,1700584242638-2-13-4-23-2-0,13,2,Fear,,,False,1700584242638-2-13-4-23-2,Central,,,True,dynamic_only_correct,,,,,4.0,Neutral,2.0,Fear
Multimodal,1700584242638-2-13-4-23-2-1,13,2,Fear,,,False,1700584242638-2-13-4-23-2,Side,,,True,dynamic_only_correct,,,,,4.0,Neutral,2.0,Fear
Multimodal,1700584244435-2-13-4-24-3-0,13,3,Happiness,,,True,1700584244435-2-13-4-24-3,Central,,,True,both_correct,,,,,3.0,Happiness,3.0,Happiness
Multimodal,1700584244435-2-13-4-24-3-1,13,3,Happiness,,,True,1700584244435-2-13-4-24-3,Side,,,True,both_correct,,,,,3.0,Happiness,3.0,Happiness
Multimodal,1700584249628-2-13-4-27-6-0,13,6,Surprise,,,True,1700584249628-2-13-4-27-6,Central,,,True,both_correct,,,,,6.0,Surprise,6.0,Surprise
Multimodal,1700584249628-2-13-4-27-6-1,13,6,Surprise,,,True,1700584249628-2-13-4-27-6,Side,,,True,both_correct,,,,,6.0,Surprise,6.0,Surprise
Multimodal,1700747144334-2-15-1-0-0-0,15,0,Anger,,,True,1700747144334-2-15-1-0-0,Central,,,True,both_correct,,,,,0.0,Anger,0.0,Anger
Multimodal,1700747144334-2-15-1-0-0-1,15,0,Anger,,,True,1700747144334-2-15-1-0-0,Side,,,True,both_correct,,,,,0.0,Anger,0.0,Anger
Multimodal,1700747147435-2-15-1-1-5-0,15,5,Sadness,,,True,1700747147435-2-15-1-1-5,Central,,,True,both_correct,,,,,5.0,Sadness,5.0,Sadness
Multimodal,1700747147435-2-15-1-1-5-1,15,5,Sadness,,,True,1700747147435-2-15-1-1-5,Side,,,True,both_correct,,,,,5.0,Sadness,5.0,Sadness
Multimodal,1700747149418-2-15-1-2-3-0,15,3,Happiness,,,True,1700747149418-2-15-1-2-3,Central,,,True,both_correct,,,,,3.0,Happiness,3.0,Happiness
Multimodal,1700747149418-2-15-1-2-3-1,15,3,Happiness,,,True,1700747149418-2-15-1-2-3,Side,,,True,both_correct,,,,,3.0,Happiness,3.0,Happiness
Multimodal,1700747151558-2-15-1-3-0-0,15,0,Anger,,,True,1700747151558-2-15-1-3-0,Central,,,True,both_correct,,,,,0.0,Anger,0.0,Anger
Multimodal,1700747151558-2-15-1-3-0-1,15,0,Anger,,,True,1700747151558-2-15-1-3-0,Side,,,True,both_correct,,,,,0.0,Anger,0.0,Anger
Multimodal,1700747153913-2-15-1-4-0-0,15,0,Anger,,,False,1700747153913-2-15-1-4-0,Central,,,False,both_wrong,,,,,2.0,Fear,1.0,Disgust
Multimodal,1700747153913-2-15-1-4-0-1,15,0,Anger,,,True,1700747153913-2-15-1-4-0,Side,,,True,both_correct,,,,,0.0,Anger,0.0,Anger
Multimodal,1700747157106-2-15-1-5-5-0,15,5,Sadness,,,True,1700747157106-2-15-1-5-5,Central,,,True,both_correct,,,,,5.0,Sadness,5.0,Sadness
Multimodal,1700747157106-2-15-1-5-5-1,15,5,Sadness,,,True,1700747157106-2-15-1-5-5,Side,,,True,both_correct,,,,,5.0,Sadness,5.0,Sadness
Multimodal,1700747159259-2-15-1-6-3-0,15,3,Happiness,,,True,1700747159259-2-15-1-6-3,Central,,,True,both_correct,,,,,3.0,Happiness,3.0,Happiness
Multimodal,1700747159259-2-15-1-6-3-1,15,3,Happiness,,,True,1700747159259-2-15-1-6-3,Side,,,True,both_correct,,,,,3.0,Happiness,3.0,Happiness
Multimodal,1700747164257-2-15-1-8-3-0,15,3,Happiness,,,True,1700747164257-2-15-1-8-3,Central,,,True,both_correct,,,,,3.0,Happiness,3.0,Happiness
Multimodal,1700747164257-2-15-1-8-3-1,15,3,Happiness,,,True,1700747164257-2-15-1-8-3,Side,,,True,both_correct,,,,,3.0,Happiness,3.0,Happiness
Multimodal,1700747228293-2-15-2-0-4-0,15,4,Neutral,,,True,1700747228293-2-15-2-0-4,Central,,,True,both_correct,,,,,4.0,Neutral,4.0,Neutral
Multimodal,1700747228293-2-15-2-0-4-1,15,4,Neutral,,,True,1700747228293-2-15-2-0-4,Side,,,True,both_correct,,,,,4.0,Neutral,4.0,Neutral
Multimodal,1700747230387-2-15-2-1-1-0,15,1,Disgust,,,False,1700747230387-2-15-2-1-1,Central,,,False,both_wrong,,,,,3.0,Happiness,3.0,Happiness
Multimodal,1700747230387-2-15-2-1-1-1,15,1,Disgust,,,False,1700747230387-2-15-2-1-1,Side,,,False,both_wrong,,,,,3.0,Happiness,3.0,Happiness
Multimodal,1700747233836-2-15-2-2-6-0,15,6,Surprise,,,True,1700747233836-2-15-2-2-6,Central,,,True,both_correct,,,,,6.0,Surprise,6.0,Surprise
Multimodal,1700747233836-2-15-2-2-6-1,15,6,Surprise,,,False,1700747233836-2-15-2-2-6,Side,,,True,dynamic_only_correct,,,,,2.0,Fear,6.0,Surprise
Multimodal,1700747235785-2-15-2-3-2-0,15,2,Fear,,,True,1700747235785-2-15-2-3-2,Central,,,True,both_correct,,,,,2.0,Fear,2.0,Fear
Multimodal,1700747235785-2-15-2-3-2-1,15,2,Fear,,,True,1700747235785-2-15-2-3-2,Side,,,True,both_correct,,,,,2.0,Fear,2.0,Fear
Multimodal,1700747237919-2-15-2-4-1-0,15,1,Disgust,,,True,1700747237919-2-15-2-4-1,Central,,,True,both_correct,,,,,1.0,Disgust,1.0,Disgust
Multimodal,1700747237919-2-15-2-4-1-1,15,1,Disgust,,,False,1700747237919-2-15-2-4-1,Side,,,True,dynamic_only_correct,,,,,3.0,Happiness,1.0,Disgust
Multimodal,1700747240521-2-15-2-5-1-0,15,1,Disgust,,,False,1700747240521-2-15-2-5-1,Central,,,False,both_wrong,,,,,3.0,Happiness,3.0,Happiness
Multimodal,1700747240521-2-15-2-5-1-1,15,1,Disgust,,,False,1700747240521-2-15-2-5-1,Side,,,False,both_wrong,,,,,3.0,Happiness,3.0,Happiness
Multimodal,1700747244029-2-15-2-6-2-0,15,2,Fear,,,True,1700747244029-2-15-2-6-2,Central,,,False,static_only_correct,,,,,2.0,Fear,1.0,Disgust
Multimodal,1700747244029-2-15-2-6-2-1,15,2,Fear,,,True,1700747244029-2-15-2-6-2,Side,,,False,static_only_correct,,,,,2.0,Fear,1.0,Disgust
Multimodal,1700747244934-2-15-2-7-4-0,15,4,Neutral,,,False,1700747244934-2-15-2-7-4,Central,,,True,dynamic_only_correct,,,,,1.0,Disgust,4.0,Neutral
Multimodal,1700747244934-2-15-2-7-4-1,15,4,Neutral,,,True,1700747244934-2-15-2-7-4,Side,,,True,both_correct,,,,,4.0,Neutral,4.0,Neutral
Multimodal,1700747248666-2-15-2-8-6-0,15,6,Surprise,,,True,1700747248666-2-15-2-8-6,Central,,,True,both_correct,,,,,6.0,Surprise,6.0,Surprise
Multimodal,1700747248666-2-15-2-8-6-1,15,6,Surprise,,,True,1700747248666-2-15-2-8-6,Side,,,True,both_correct,,,,,6.0,Surprise,6.0,Surprise
Multimodal,1700747250542-2-15-2-9-6-0,15,6,Surprise,,,True,1700747250542-2-15-2-9-6,Central,,,False,static_only_correct,,,,,6.0,Surprise,2.0,Fear
Multimodal,1700747250542-2-15-2-9-6-1,15,6,Surprise,,,True,1700747250542-2-15-2-9-6,Side,,,False,static_only_correct,,,,,6.0,Surprise,2.0,Fear
Multimodal,1700747253760-2-15-2-10-2-0,15,2,Fear,,,True,1700747253760-2-15-2-10-2,Central,,,True,both_correct,,,,,2.0,Fear,2.0,Fear
Multimodal,1700747253760-2-15-2-10-2-1,15,2,Fear,,,True,1700747253760-2-15-2-10-2,Side,,,False,static_only_correct,,,,,2.0,Fear,1.0,Disgust
Multimodal,1700747345899-2-15-3-0-4-0,15,4,Neutral,,,True,1700747345899-2-15-3-0-4,Central,,,True,both_correct,,,,,4.0,Neutral,4.0,Neutral
Multimodal,1700747345899-2-15-3-0-4-1,15,4,Neutral,,,True,1700747345899-2-15-3-0-4,Side,,,True,both_correct,,,,,4.0,Neutral,4.0,Neutral
Multimodal,1700747349332-2-15-3-1-1-0,15,1,Disgust,,,False,1700747349332-2-15-3-1-1,Central,,,False,both_wrong,,,,,3.0,Happiness,3.0,Happiness
Multimodal,1700747349332-2-15-3-1-1-1,15,1,Disgust,,,False,1700747349332-2-15-3-1-1,Side,,,False,both_wrong,,,,,2.0,Fear,3.0,Happiness
Multimodal,1700747349900-2-15-3-2-0-0,15,0,Anger,,,False,1700747349900-2-15-3-2-0,Central,,,True,dynamic_only_correct,,,,,1.0,Disgust,0.0,Anger
Multimodal,1700747349900-2-15-3-2-0-1,15,0,Anger,,,True,1700747349900-2-15-3-2-0,Side,,,True,both_correct,,,,,0.0,Anger,0.0,Anger
Multimodal,1700747352492-2-15-3-3-6-0,15,6,Surprise,,,True,1700747352492-2-15-3-3-6,Central,,,True,both_correct,,,,,6.0,Surprise,6.0,Surprise
Multimodal,1700747352492-2-15-3-3-6-1,15,6,Surprise,,,True,1700747352492-2-15-3-3-6,Side,,,True,both_correct,,,,,6.0,Surprise,6.0,Surprise
Multimodal,1700747359928-2-15-3-7-5-0,15,5,Sadness,,,True,1700747359928-2-15-3-7-5,Central,,,True,both_correct,,,,,5.0,Sadness,5.0,Sadness
Multimodal,1700747359928-2-15-3-7-5-1,15,5,Sadness,,,True,1700747359928-2-15-3-7-5,Side,,,True,both_correct,,,,,5.0,Sadness,5.0,Sadness
Multimodal,1700747368098-2-15-3-11-3-0,15,3,Happiness,,,True,1700747368098-2-15-3-11-3,Central,,,True,both_correct,,,,,3.0,Happiness,3.0,Happiness
Multimodal,1700747368098-2-15-3-11-3-1,15,3,Happiness,,,True,1700747368098-2-15-3-11-3,Side,,,True,both_correct,,,,,3.0,Happiness,3.0,Happiness
Multimodal,1700747372332-2-15-3-13-6-0,15,6,Surprise,,,True,1700747372332-2-15-3-13-6,Central,,,False,static_only_correct,,,,,6.0,Surprise,2.0,Fear
Multimodal,1700747372332-2-15-3-13-6-1,15,6,Surprise,,,True,1700747372332-2-15-3-13-6,Side,,,False,static_only_correct,,,,,6.0,Surprise,2.0,Fear
Multimodal,1700747374991-2-15-3-14-4-0,15,4,Neutral,,,True,1700747374991-2-15-3-14-4,Central,,,True,both_correct,,,,,4.0,Neutral,4.0,Neutral
Multimodal,1700747374991-2-15-3-14-4-1,15,4,Neutral,,,True,1700747374991-2-15-3-14-4,Side,,,True,both_correct,,,,,4.0,Neutral,4.0,Neutral
Multimodal,1700747376723-2-15-3-15-5-0,15,5,Sadness,,,True,1700747376723-2-15-3-15-5,Central,,,True,both_correct,,,,,5.0,Sadness,5.0,Sadness
Multimodal,1700747376723-2-15-3-15-5-1,15,5,Sadness,,,True,1700747376723-2-15-3-15-5,Side,,,True,both_correct,,,,,5.0,Sadness,5.0,Sadness
Multimodal,1700747378458-2-15-3-16-2-0,15,2,Fear,,,True,1700747378458-2-15-3-16-2,Central,,,True,both_correct,,,,,2.0,Fear,2.0,Fear
Multimodal,1700747378458-2-15-3-16-2-1,15,2,Fear,,,True,1700747378458-2-15-3-16-2,Side,,,True,both_correct,,,,,2.0,Fear,2.0,Fear
Multimodal,1700747380059-2-15-3-17-3-0,15,3,Happiness,,,True,1700747380059-2-15-3-17-3,Central,,,True,both_correct,,,,,3.0,Happiness,3.0,Happiness
Multimodal,1700747380059-2-15-3-17-3-1,15,3,Happiness,,,True,1700747380059-2-15-3-17-3,Side,,,True,both_correct,,,,,3.0,Happiness,3.0,Happiness
Multimodal,1700747382885-2-15-3-18-1-0,15,1,Disgust,,,False,1700747382885-2-15-3-18-1,Central,,,False,both_wrong,,,,,3.0,Happiness,3.0,Happiness
Multimodal,1700747382885-2-15-3-18-1-1,15,1,Disgust,,,False,1700747382885-2-15-3-18-1,Side,,,False,both_wrong,,,,,3.0,Happiness,3.0,Happiness
Multimodal,1700747384624-2-15-3-19-6-0,15,6,Surprise,,,False,1700747384624-2-15-3-19-6,Central,,,False,both_wrong,,,,,2.0,Fear,2.0,Fear
Multimodal,1700747384624-2-15-3-19-6-1,15,6,Surprise,,,False,1700747384624-2-15-3-19-6,Side,,,False,both_wrong,,,,,2.0,Fear,2.0,Fear
Multimodal,1700747386351-2-15-3-20-2-0,15,2,Fear,,,True,1700747386351-2-15-3-20-2,Central,,,True,both_correct,,,,,2.0,Fear,2.0,Fear
Multimodal,1700747386351-2-15-3-20-2-1,15,2,Fear,,,True,1700747386351-2-15-3-20-2,Side,,,True,both_correct,,,,,2.0,Fear,2.0,Fear
Multimodal,1700747514980-2-15-4-1-5-0,15,5,Sadness,,,True,1700747514980-2-15-4-1-5,Central,,,True,both_correct,,,,,5.0,Sadness,5.0,Sadness
Multimodal,1700747514980-2-15-4-1-5-1,15,5,Sadness,,,True,1700747514980-2-15-4-1-5,Side,,,True,both_correct,,,,,5.0,Sadness,5.0,Sadness
Multimodal,1700747516587-2-15-4-2-4-0,15,4,Neutral,,,True,1700747516587-2-15-4-2-4,Central,,,True,both_correct,,,,,4.0,Neutral,4.0,Neutral
Multimodal,1700747516587-2-15-4-2-4-1,15,4,Neutral,,,True,1700747516587-2-15-4-2-4,Side,,,True,both_correct,,,,,4.0,Neutral,4.0,Neutral
Multimodal,1700747522488-2-15-4-5-4-0,15,4,Neutral,,,True,1700747522488-2-15-4-5-4,Central,,,True,both_correct,,,,,4.0,Neutral,4.0,Neutral
Multimodal,1700747522488-2-15-4-5-4-1,15,4,Neutral,,,True,1700747522488-2-15-4-5-4,Side,,,True,both_correct,,,,,4.0,Neutral,4.0,Neutral
Multimodal,1700747523299-2-15-4-6-3-0,15,3,Happiness,,,True,1700747523299-2-15-4-6-3,Central,,,True,both_correct,,,,,3.0,Happiness,3.0,Happiness
Multimodal,1700747523299-2-15-4-6-3-1,15,3,Happiness,,,True,1700747523299-2-15-4-6-3,Side,,,True,both_correct,,,,,3.0,Happiness,3.0,Happiness
Multimodal,1700747526081-2-15-4-7-0-0,15,0,Anger,,,True,1700747526081-2-15-4-7-0,Central,,,True,both_correct,,,,,0.0,Anger,0.0,Anger
Multimodal,1700747526081-2-15-4-7-0-1,15,0,Anger,,,True,1700747526081-2-15-4-7-0,Side,,,True,both_correct,,,,,0.0,Anger,0.0,Anger
Multimodal,1700747527030-2-15-4-8-5-0,15,5,Sadness,,,True,1700747527030-2-15-4-8-5,Central,,,True,both_correct,,,,,5.0,Sadness,5.0,Sadness
Multimodal,1700747527030-2-15-4-8-5-1,15,5,Sadness,,,True,1700747527030-2-15-4-8-5,Side,,,True,both_correct,,,,,5.0,Sadness,5.0,Sadness
Multimodal,1700747528937-2-15-4-9-2-0,15,2,Fear,,,True,1700747528937-2-15-4-9-2,Central,,,True,both_correct,,,,,2.0,Fear,2.0,Fear
Multimodal,1700747528937-2-15-4-9-2-1,15,2,Fear,,,True,1700747528937-2-15-4-9-2,Side,,,True,both_correct,,,,,2.0,Fear,2.0,Fear
Multimodal,1700747534547-2-15-4-12-1-0,15,1,Disgust,,,False,1700747534547-2-15-4-12-1,Central,,,False,both_wrong,,,,,3.0,Happiness,3.0,Happiness
Multimodal,1700747534547-2-15-4-12-1-1,15,1,Disgust,,,False,1700747534547-2-15-4-12-1,Side,,,False,both_wrong,,,,,2.0,Fear,3.0,Happiness
Multimodal,1700747535828-2-15-4-13-3-0,15,3,Happiness,,,True,1700747535828-2-15-4-13-3,Central,,,True,both_correct,,,,,3.0,Happiness,3.0,Happiness
Multimodal,1700747535828-2-15-4-13-3-1,15,3,Happiness,,,True,1700747535828-2-15-4-13-3,Side,,,True,both_correct,,,,,3.0,Happiness,3.0,Happiness
Multimodal,1700747538056-2-15-4-14-0-0,15,0,Anger,,,True,1700747538056-2-15-4-14-0,Central,,,False,static_only_correct,,,,,0.0,Anger,1.0,Disgust
Multimodal,1700747538056-2-15-4-14-0-1,15,0,Anger,,,True,1700747538056-2-15-4-14-0,Side,,,True,both_correct,,,,,0.0,Anger,0.0,Anger
Multimodal,1700747543178-2-15-4-17-5-0,15,5,Sadness,,,True,1700747543178-2-15-4-17-5,Central,,,True,both_correct,,,,,5.0,Sadness,5.0,Sadness
Multimodal,1700747543178-2-15-4-17-5-1,15,5,Sadness,,,True,1700747543178-2-15-4-17-5,Side,,,True,both_correct,,,,,5.0,Sadness,5.0,Sadness
Multimodal,1700747545324-2-15-4-18-4-0,15,4,Neutral,,,True,1700747545324-2-15-4-18-4,Central,,,True,both_correct,,,,,4.0,Neutral,4.0,Neutral
Multimodal,1700747545324-2-15-4-18-4-1,15,4,Neutral,,,True,1700747545324-2-15-4-18-4,Side,,,True,both_correct,,,,,4.0,Neutral,4.0,Neutral
Multimodal,1700747550545-2-15-4-21-6-0,15,6,Surprise,,,True,1700747550545-2-15-4-21-6,Central,,,True,both_correct,,,,,6.0,Surprise,6.0,Surprise
Multimodal,1700747550545-2-15-4-21-6-1,15,6,Surprise,,,True,1700747550545-2-15-4-21-6,Side,,,True,both_correct,,,,,6.0,Surprise,6.0,Surprise
Multimodal,1700747556782-2-15-4-25-2-0,15,2,Fear,,,True,1700747556782-2-15-4-25-2,Central,,,True,both_correct,,,,,2.0,Fear,2.0,Fear
Multimodal,1700747556782-2-15-4-25-2-1,15,2,Fear,,,True,1700747556782-2-15-4-25-2,Side,,,True,both_correct,,,,,2.0,Fear,2.0,Fear
Multimodal,1700747558772-2-15-4-26-1-0,15,1,Disgust,,,True,1700747558772-2-15-4-26-1,Central,,,True,both_correct,,,,,1.0,Disgust,1.0,Disgust
Multimodal,1700747558772-2-15-4-26-1-1,15,1,Disgust,,,True,1700747558772-2-15-4-26-1,Side,,,True,both_correct,,,,,1.0,Disgust,1.0,Disgust
Multimodal,1700756274306-2-18-1-0-0-0,18,0,Anger,,,True,1700756274306-2-18-1-0-0,Central,,,True,both_correct,,,,,0.0,Anger,0.0,Anger
Multimodal,1700756274306-2-18-1-0-0-1,18,0,Anger,,,True,1700756274306-2-18-1-0-0,Side,,,False,static_only_correct,,,,,0.0,Anger,1.0,Disgust
Multimodal,1700756276004-2-18-1-1-5-0,18,5,Sadness,,,True,1700756276004-2-18-1-1-5,Central,,,True,both_correct,,,,,5.0,Sadness,5.0,Sadness
Multimodal,1700756276004-2-18-1-1-5-1,18,5,Sadness,,,True,1700756276004-2-18-1-1-5,Side,,,True,both_correct,,,,,5.0,Sadness,5.0,Sadness
Multimodal,1700756278030-2-18-1-2-3-0,18,3,Happiness,,,True,1700756278030-2-18-1-2-3,Central,,,True,both_correct,,,,,3.0,Happiness,3.0,Happiness
Multimodal,1700756278030-2-18-1-2-3-1,18,3,Happiness,,,True,1700756278030-2-18-1-2-3,Side,,,True,both_correct,,,,,3.0,Happiness,3.0,Happiness
Multimodal,1700756280474-2-18-1-3-0-0,18,0,Anger,,,True,1700756280474-2-18-1-3-0,Central,,,True,both_correct,,,,,0.0,Anger,0.0,Anger
Multimodal,1700756280474-2-18-1-3-0-1,18,0,Anger,,,True,1700756280474-2-18-1-3-0,Side,,,True,both_correct,,,,,0.0,Anger,0.0,Anger
Multimodal,1700756283788-2-18-1-4-0-0,18,0,Anger,,,True,1700756283788-2-18-1-4-0,Central,,,True,both_correct,,,,,0.0,Anger,0.0,Anger
Multimodal,1700756283788-2-18-1-4-0-1,18,0,Anger,,,True,1700756283788-2-18-1-4-0,Side,,,True,both_correct,,,,,0.0,Anger,0.0,Anger
Multimodal,1700756285404-2-18-1-5-5-0,18,5,Sadness,,,True,1700756285404-2-18-1-5-5,Central,,,True,both_correct,,,,,5.0,Sadness,5.0,Sadness
Multimodal,1700756285404-2-18-1-5-5-1,18,5,Sadness,,,True,1700756285404-2-18-1-5-5,Side,,,True,both_correct,,,,,5.0,Sadness,5.0,Sadness
Multimodal,1700756292963-2-18-1-8-3-0,18,3,Happiness,,,True,1700756292963-2-18-1-8-3,Central,,,True,both_correct,,,,,3.0,Happiness,3.0,Happiness
Multimodal,1700756292963-2-18-1-8-3-1,18,3,Happiness,,,True,1700756292963-2-18-1-8-3,Side,,,True,both_correct,,,,,3.0,Happiness,3.0,Happiness
Multimodal,1700756363513-2-18-2-1-1-0,18,1,Disgust,,,True,1700756363513-2-18-2-1-1,Central,,,True,both_correct,,,,,1.0,Disgust,1.0,Disgust
Multimodal,1700756363513-2-18-2-1-1-1,18,1,Disgust,,,True,1700756363513-2-18-2-1-1,Side,,,True,both_correct,,,,,1.0,Disgust,1.0,Disgust
Multimodal,1700756365257-2-18-2-2-6-0,18,6,Surprise,,,True,1700756365257-2-18-2-2-6,Central,,,True,both_correct,,,,,6.0,Surprise,6.0,Surprise
Multimodal,1700756365257-2-18-2-2-6-1,18,6,Surprise,,,True,1700756365257-2-18-2-2-6,Side,,,True,both_correct,,,,,6.0,Surprise,6.0,Surprise
Multimodal,1700756370115-2-18-2-4-1-0,18,1,Disgust,,,True,1700756370115-2-18-2-4-1,Central,,,True,both_correct,,,,,1.0,Disgust,1.0,Disgust
Multimodal,1700756370115-2-18-2-4-1-1,18,1,Disgust,,,True,1700756370115-2-18-2-4-1,Side,,,True,both_correct,,,,,1.0,Disgust,1.0,Disgust
Multimodal,1700756373040-2-18-2-5-1-0,18,1,Disgust,,,True,1700756373040-2-18-2-5-1,Central,,,True,both_correct,,,,,1.0,Disgust,1.0,Disgust
Multimodal,1700756373040-2-18-2-5-1-1,18,1,Disgust,,,True,1700756373040-2-18-2-5-1,Side,,,True,both_correct,,,,,1.0,Disgust,1.0,Disgust
Multimodal,1700756380628-2-18-2-8-6-0,18,6,Surprise,,,True,1700756380628-2-18-2-8-6,Central,,,True,both_correct,,,,,6.0,Surprise,6.0,Surprise
Multimodal,1700756380628-2-18-2-8-6-1,18,6,Surprise,,,True,1700756380628-2-18-2-8-6,Side,,,True,both_correct,,,,,6.0,Surprise,6.0,Surprise
Multimodal,1700756382762-2-18-2-9-6-0,18,6,Surprise,,,True,1700756382762-2-18-2-9-6,Central,,,True,both_correct,,,,,6.0,Surprise,6.0,Surprise
Multimodal,1700756382762-2-18-2-9-6-1,18,6,Surprise,,,True,1700756382762-2-18-2-9-6,Side,,,True,both_correct,,,,,6.0,Surprise,6.0,Surprise
Multimodal,1700756481968-2-18-3-0-4-0,18,4,Neutral,,,True,1700756481968-2-18-3-0-4,Central,,,True,both_correct,,,,,4.0,Neutral,4.0,Neutral
Multimodal,1700756481968-2-18-3-0-4-1,18,4,Neutral,,,True,1700756481968-2-18-3-0-4,Side,,,True,both_correct,,,,,4.0,Neutral,4.0,Neutral
Multimodal,1700756486528-2-18-3-2-0-0,18,0,Anger,,,True,1700756486528-2-18-3-2-0,Central,,,True,both_correct,,,,,0.0,Anger,0.0,Anger
Multimodal,1700756486528-2-18-3-2-0-1,18,0,Anger,,,True,1700756486528-2-18-3-2-0,Side,,,True,both_correct,,,,,0.0,Anger,0.0,Anger
Multimodal,1700756490593-2-18-3-4-3-0,18,3,Happiness,,,True,1700756490593-2-18-3-4-3,Central,,,True,both_correct,,,,,3.0,Happiness,3.0,Happiness
Multimodal,1700756490593-2-18-3-4-3-1,18,3,Happiness,,,True,1700756490593-2-18-3-4-3,Side,,,True,both_correct,,,,,3.0,Happiness,3.0,Happiness
Multimodal,1700756494467-2-18-3-6-5-0,18,5,Sadness,,,False,1700756494467-2-18-3-6-5,Central,,,True,dynamic_only_correct,,,,,0.0,Anger,5.0,Sadness
Multimodal,1700756494467-2-18-3-6-5-1,18,5,Sadness,,,False,1700756494467-2-18-3-6-5,Side,,,True,dynamic_only_correct,,,,,0.0,Anger,5.0,Sadness
Multimodal,1700756499157-2-18-3-8-0-0,18,0,Anger,,,True,1700756499157-2-18-3-8-0,Central,,,True,both_correct,,,,,0.0,Anger,0.0,Anger
Multimodal,1700756499157-2-18-3-8-0-1,18,0,Anger,,,False,1700756499157-2-18-3-8-0,Side,,,True,dynamic_only_correct,,,,,4.0,Neutral,0.0,Anger
Multimodal,1700756505088-2-18-3-11-3-0,18,3,Happiness,,,True,1700756505088-2-18-3-11-3,Central,,,True,both_correct,,,,,3.0,Happiness,3.0,Happiness
Multimodal,1700756505088-2-18-3-11-3-1,18,3,Happiness,,,True,1700756505088-2-18-3-11-3,Side,,,True,both_correct,,,,,3.0,Happiness,3.0,Happiness
Multimodal,1700756506384-2-18-3-12-4-0,18,4,Neutral,,,True,1700756506384-2-18-3-12-4,Central,,,True,both_correct,,,,,4.0,Neutral,4.0,Neutral
Multimodal,1700756506384-2-18-3-12-4-1,18,4,Neutral,,,True,1700756506384-2-18-3-12-4,Side,,,True,both_correct,,,,,4.0,Neutral,4.0,Neutral
Multimodal,1700756508190-2-18-3-13-6-0,18,6,Surprise,,,True,1700756508190-2-18-3-13-6,Central,,,True,both_correct,,,,,6.0,Surprise,6.0,Surprise
Multimodal,1700756508190-2-18-3-13-6-1,18,6,Surprise,,,True,1700756508190-2-18-3-13-6,Side,,,True,both_correct,,,,,6.0,Surprise,6.0,Surprise
Multimodal,1700756511419-2-18-3-14-4-0,18,4,Neutral,,,True,1700756511419-2-18-3-14-4,Central,,,True,both_correct,,,,,4.0,Neutral,4.0,Neutral
Multimodal,1700756511419-2-18-3-14-4-1,18,4,Neutral,,,False,1700756511419-2-18-3-14-4,Side,,,True,dynamic_only_correct,,,,,5.0,Sadness,4.0,Neutral
Multimodal,1700756512745-2-18-3-15-5-0,18,5,Sadness,,,True,1700756512745-2-18-3-15-5,Central,,,True,both_correct,,,,,5.0,Sadness,5.0,Sadness
Multimodal,1700756512745-2-18-3-15-5-1,18,5,Sadness,,,True,1700756512745-2-18-3-15-5,Side,,,True,both_correct,,,,,5.0,Sadness,5.0,Sadness
Multimodal,1700756516990-2-18-3-17-3-0,18,3,Happiness,,,True,1700756516990-2-18-3-17-3,Central,,,True,both_correct,,,,,3.0,Happiness,3.0,Happiness
Multimodal,1700756516990-2-18-3-17-3-1,18,3,Happiness,,,True,1700756516990-2-18-3-17-3,Side,,,True,both_correct,,,,,3.0,Happiness,3.0,Happiness
Multimodal,1700756520318-2-18-3-19-6-0,18,6,Surprise,,,True,1700756520318-2-18-3-19-6,Central,,,True,both_correct,,,,,6.0,Surprise,6.0,Surprise
Multimodal,1700756520318-2-18-3-19-6-1,18,6,Surprise,,,True,1700756520318-2-18-3-19-6,Side,,,True,both_correct,,,,,6.0,Surprise,6.0,Surprise
Multimodal,1700756706103-2-18-4-1-5-0,18,5,Sadness,,,True,1700756706103-2-18-4-1-5,Central,,,True,both_correct,,,,,5.0,Sadness,5.0,Sadness
Multimodal,1700756706103-2-18-4-1-5-1,18,5,Sadness,,,True,1700756706103-2-18-4-1-5,Side,,,True,both_correct,,,,,5.0,Sadness,5.0,Sadness
Multimodal,1700756707997-2-18-4-2-4-0,18,4,Neutral,,,True,1700756707997-2-18-4-2-4,Central,,,True,both_correct,,,,,4.0,Neutral,4.0,Neutral
Multimodal,1700756707997-2-18-4-2-4-1,18,4,Neutral,,,True,1700756707997-2-18-4-2-4,Side,,,True,both_correct,,,,,4.0,Neutral,4.0,Neutral
Multimodal,1700756711213-2-18-4-4-4-0,18,4,Neutral,,,True,1700756711213-2-18-4-4-4,Central,,,True,both_correct,,,,,4.0,Neutral,4.0,Neutral
Multimodal,1700756711213-2-18-4-4-4-1,18,4,Neutral,,,True,1700756711213-2-18-4-4-4,Side,,,True,both_correct,,,,,4.0,Neutral,4.0,Neutral
Multimodal,1700756713736-2-18-4-5-4-0,18,4,Neutral,,,True,1700756713736-2-18-4-5-4,Central,,,True,both_correct,,,,,4.0,Neutral,4.0,Neutral
Multimodal,1700756713736-2-18-4-5-4-1,18,4,Neutral,,,True,1700756713736-2-18-4-5-4,Side,,,True,both_correct,,,,,4.0,Neutral,4.0,Neutral
Multimodal,1700756716598-2-18-4-7-0-0,18,0,Anger,,,True,1700756716598-2-18-4-7-0,Central,,,True,both_correct,,,,,0.0,Anger,0.0,Anger
Multimodal,1700756716598-2-18-4-7-0-1,18,0,Anger,,,True,1700756716598-2-18-4-7-0,Side,,,True,both_correct,,,,,0.0,Anger,0.0,Anger
Multimodal,1700756719177-2-18-4-8-5-0,18,5,Sadness,,,True,1700756719177-2-18-4-8-5,Central,,,True,both_correct,,,,,5.0,Sadness,5.0,Sadness
Multimodal,1700756719177-2-18-4-8-5-1,18,5,Sadness,,,True,1700756719177-2-18-4-8-5,Side,,,True,both_correct,,,,,5.0,Sadness,5.0,Sadness
Multimodal,1700756720027-2-18-4-9-2-0,18,2,Fear,,,False,1700756720027-2-18-4-9-2,Central,,,True,dynamic_only_correct,,,,,6.0,Surprise,2.0,Fear
Multimodal,1700756720027-2-18-4-9-2-1,18,2,Fear,,,True,1700756720027-2-18-4-9-2,Side,,,True,both_correct,,,,,2.0,Fear,2.0,Fear
Multimodal,1700756722474-2-18-4-10-0-0,18,0,Anger,,,True,1700756722474-2-18-4-10-0,Central,,,True,both_correct,,,,,0.0,Anger,0.0,Anger
Multimodal,1700756722474-2-18-4-10-0-1,18,0,Anger,,,True,1700756722474-2-18-4-10-0,Side,,,True,both_correct,,,,,0.0,Anger,0.0,Anger
Multimodal,1700756725541-2-18-4-12-1-0,18,1,Disgust,,,True,1700756725541-2-18-4-12-1,Central,,,True,both_correct,,,,,1.0,Disgust,1.0,Disgust
Multimodal,1700756725541-2-18-4-12-1-1,18,1,Disgust,,,True,1700756725541-2-18-4-12-1,Side,,,True,both_correct,,,,,1.0,Disgust,1.0,Disgust
Multimodal,1700756727000-2-18-4-13-3-0,18,3,Happiness,,,True,1700756727000-2-18-4-13-3,Central,,,True,both_correct,,,,,3.0,Happiness,3.0,Happiness
Multimodal,1700756727000-2-18-4-13-3-1,18,3,Happiness,,,True,1700756727000-2-18-4-13-3,Side,,,True,both_correct,,,,,3.0,Happiness,3.0,Happiness
Multimodal,1700756728630-2-18-4-14-0-0,18,0,Anger,,,True,1700756728630-2-18-4-14-0,Central,,,True,both_correct,,,,,0.0,Anger,0.0,Anger
Multimodal,1700756728630-2-18-4-14-0-1,18,0,Anger,,,True,1700756728630-2-18-4-14-0,Side,,,True,both_correct,,,,,0.0,Anger,0.0,Anger
Multimodal,1700756730921-2-18-4-15-1-0,18,1,Disgust,,,True,1700756730921-2-18-4-15-1,Central,,,False,static_only_correct,,,,,1.0,Disgust,0.0,Anger
Multimodal,1700756730921-2-18-4-15-1-1,18,1,Disgust,,,False,1700756730921-2-18-4-15-1,Side,,,False,both_wrong,,,,,5.0,Sadness,0.0,Anger
Multimodal,1700756736108-2-18-4-18-4-0,18,4,Neutral,,,True,1700756736108-2-18-4-18-4,Central,,,True,both_correct,,,,,4.0,Neutral,4.0,Neutral
Multimodal,1700756736108-2-18-4-18-4-1,18,4,Neutral,,,True,1700756736108-2-18-4-18-4,Side,,,True,both_correct,,,,,4.0,Neutral,4.0,Neutral
Multimodal,1700756739446-2-18-4-20-5-0,18,5,Sadness,,,True,1700756739446-2-18-4-20-5,Central,,,True,both_correct,,,,,5.0,Sadness,5.0,Sadness
Multimodal,1700756739446-2-18-4-20-5-1,18,5,Sadness,,,True,1700756739446-2-18-4-20-5,Side,,,True,both_correct,,,,,5.0,Sadness,5.0,Sadness
Multimodal,1700756740978-2-18-4-21-6-0,18,6,Surprise,,,True,1700756740978-2-18-4-21-6,Central,,,True,both_correct,,,,,6.0,Surprise,6.0,Surprise
Multimodal,1700756740978-2-18-4-21-6-1,18,6,Surprise,,,True,1700756740978-2-18-4-21-6,Side,,,True,both_correct,,,,,6.0,Surprise,6.0,Surprise
Multimodal,1700756743678-2-18-4-22-0-0,18,0,Anger,,,True,1700756743678-2-18-4-22-0,Central,,,True,both_correct,,,,,0.0,Anger,0.0,Anger
Multimodal,1700756743678-2-18-4-22-0-1,18,0,Anger,,,True,1700756743678-2-18-4-22-0,Side,,,True,both_correct,,,,,0.0,Anger,0.0,Anger
Multimodal,1700756746478-2-18-4-24-3-0,18,3,Happiness,,,True,1700756746478-2-18-4-24-3,Central,,,True,both_correct,,,,,3.0,Happiness,3.0,Happiness
Multimodal,1700756746478-2-18-4-24-3-1,18,3,Happiness,,,True,1700756746478-2-18-4-24-3,Side,,,True,both_correct,,,,,3.0,Happiness,3.0,Happiness
Multimodal,1700756752506-2-18-4-27-6-0,18,6,Surprise,,,True,1700756752506-2-18-4-27-6,Central,,,True,both_correct,,,,,6.0,Surprise,6.0,Surprise
Multimodal,1700756752506-2-18-4-27-6-1,18,6,Surprise,,,True,1700756752506-2-18-4-27-6,Side,,,True,both_correct,,,,,6.0,Surprise,6.0,Surprise
Multimodal,1701085397170-2-23-1-1-5-0,23,5,Sadness,,,True,1701085397170-2-23-1-1-5,Central,,,True,both_correct,,,,,5.0,Sadness,5.0,Sadness
Multimodal,1701085397170-2-23-1-1-5-1,23,5,Sadness,,,True,1701085397170-2-23-1-1-5,Side,,,True,both_correct,,,,,5.0,Sadness,5.0,Sadness
Multimodal,1701085399209-2-23-1-2-3-0,23,3,Happiness,,,True,1701085399209-2-23-1-2-3,Central,,,True,both_correct,,,,,3.0,Happiness,3.0,Happiness
Multimodal,1701085399209-2-23-1-2-3-1,23,3,Happiness,,,True,1701085399209-2-23-1-2-3,Side,,,True,both_correct,,,,,3.0,Happiness,3.0,Happiness
Multimodal,1701085406198-2-23-1-5-5-0,23,5,Sadness,,,True,1701085406198-2-23-1-5-5,Central,,,True,both_correct,,,,,5.0,Sadness,5.0,Sadness
Multimodal,1701085406198-2-23-1-5-5-1,23,5,Sadness,,,True,1701085406198-2-23-1-5-5,Side,,,True,both_correct,,,,,5.0,Sadness,5.0,Sadness
Multimodal,1701085409026-2-23-1-6-3-0,23,3,Happiness,,,True,1701085409026-2-23-1-6-3,Central,,,True,both_correct,,,,,3.0,Happiness,3.0,Happiness
Multimodal,1701085409026-2-23-1-6-3-1,23,3,Happiness,,,True,1701085409026-2-23-1-6-3,Side,,,True,both_correct,,,,,3.0,Happiness,3.0,Happiness
Multimodal,1701085411341-2-23-1-7-5-0,23,5,Sadness,,,True,1701085411341-2-23-1-7-5,Central,,,True,both_correct,,,,,5.0,Sadness,5.0,Sadness
Multimodal,1701085411341-2-23-1-7-5-1,23,5,Sadness,,,True,1701085411341-2-23-1-7-5,Side,,,True,both_correct,,,,,5.0,Sadness,5.0,Sadness
Multimodal,1701085482708-2-23-2-0-4-0,23,4,Neutral,,,True,1701085482708-2-23-2-0-4,Central,,,True,both_correct,,,,,4.0,Neutral,4.0,Neutral
Multimodal,1701085482708-2-23-2-0-4-1,23,4,Neutral,,,True,1701085482708-2-23-2-0-4,Side,,,True,both_correct,,,,,4.0,Neutral,4.0,Neutral
Multimodal,1701085488586-2-23-2-2-6-0,23,6,Surprise,,,True,1701085488586-2-23-2-2-6,Central,,,True,both_correct,,,,,6.0,Surprise,6.0,Surprise
Multimodal,1701085488586-2-23-2-2-6-1,23,6,Surprise,,,False,1701085488586-2-23-2-2-6,Side,,,True,dynamic_only_correct,,,,,2.0,Fear,6.0,Surprise
Multimodal,1701085490489-2-23-2-3-2-0,23,2,Fear,,,True,1701085490489-2-23-2-3-2,Central,,,False,static_only_correct,,,,,2.0,Fear,3.0,Happiness
Multimodal,1701085490489-2-23-2-3-2-1,23,2,Fear,,,True,1701085490489-2-23-2-3-2,Side,,,False,static_only_correct,,,,,2.0,Fear,3.0,Happiness
Multimodal,1701085495679-2-23-2-5-1-0,23,1,Disgust,,,False,1701085495679-2-23-2-5-1,Central,,,False,both_wrong,,,,,0.0,Anger,0.0,Anger
Multimodal,1701085495679-2-23-2-5-1-1,23,1,Disgust,,,False,1701085495679-2-23-2-5-1,Side,,,False,both_wrong,,,,,0.0,Anger,0.0,Anger
Multimodal,1701085500311-2-23-2-7-4-0,23,4,Neutral,,,True,1701085500311-2-23-2-7-4,Central,,,True,both_correct,,,,,4.0,Neutral,4.0,Neutral
Multimodal,1701085500311-2-23-2-7-4-1,23,4,Neutral,,,True,1701085500311-2-23-2-7-4,Side,,,True,both_correct,,,,,4.0,Neutral,4.0,Neutral
Multimodal,1701085503372-2-23-2-8-6-0,23,6,Surprise,,,True,1701085503372-2-23-2-8-6,Central,,,True,both_correct,,,,,6.0,Surprise,6.0,Surprise
Multimodal,1701085503372-2-23-2-8-6-1,23,6,Surprise,,,True,1701085503372-2-23-2-8-6,Side,,,True,both_correct,,,,,6.0,Surprise,6.0,Surprise
Multimodal,1701085508188-2-23-2-10-2-0,23,2,Fear,,,True,1701085508188-2-23-2-10-2,Central,,,False,static_only_correct,,,,,2.0,Fear,3.0,Happiness
Multimodal,1701085508188-2-23-2-10-2-1,23,2,Fear,,,True,1701085508188-2-23-2-10-2,Side,,,False,static_only_correct,,,,,2.0,Fear,3.0,Happiness
Multimodal,1701085510979-2-23-2-11-4-0,23,4,Neutral,,,True,1701085510979-2-23-2-11-4,Central,,,True,both_correct,,,,,4.0,Neutral,4.0,Neutral
Multimodal,1701085510979-2-23-2-11-4-1,23,4,Neutral,,,True,1701085510979-2-23-2-11-4,Side,,,True,both_correct,,,,,4.0,Neutral,4.0,Neutral
Multimodal,1701085605407-2-23-3-1-1-0,23,1,Disgust,,,False,1701085605407-2-23-3-1-1,Central,,,True,dynamic_only_correct,,,,,0.0,Anger,1.0,Disgust
Multimodal,1701085605407-2-23-3-1-1-1,23,1,Disgust,,,False,1701085605407-2-23-3-1-1,Side,,,False,both_wrong,,,,,0.0,Anger,0.0,Anger
Multimodal,1701085606801-2-23-3-2-0-0,23,0,Anger,,,True,1701085606801-2-23-3-2-0,Central,,,True,both_correct,,,,,0.0,Anger,0.0,Anger
Multimodal,1701085606801-2-23-3-2-0-1,23,0,Anger,,,True,1701085606801-2-23-3-2-0,Side,,,True,both_correct,,,,,0.0,Anger,0.0,Anger
Multimodal,1701085609204-2-23-3-3-6-0,23,6,Surprise,,,True,1701085609204-2-23-3-3-6,Central,,,True,both_correct,,,,,6.0,Surprise,6.0,Surprise
Multimodal,1701085609204-2-23-3-3-6-1,23,6,Surprise,,,True,1701085609204-2-23-3-3-6,Side,,,True,both_correct,,,,,6.0,Surprise,6.0,Surprise
Multimodal,1701085611540-2-23-3-4-3-0,23,3,Happiness,,,True,1701085611540-2-23-3-4-3,Central,,,True,both_correct,,,,,3.0,Happiness,3.0,Happiness
Multimodal,1701085611540-2-23-3-4-3-1,23,3,Happiness,,,False,1701085611540-2-23-3-4-3,Side,,,True,dynamic_only_correct,,,,,0.0,Anger,3.0,Happiness
Multimodal,1701085612711-2-23-3-5-2-0,23,2,Fear,,,True,1701085612711-2-23-3-5-2,Central,,,True,both_correct,,,,,2.0,Fear,2.0,Fear
Multimodal,1701085612711-2-23-3-5-2-1,23,2,Fear,,,True,1701085612711-2-23-3-5-2,Side,,,True,both_correct,,,,,2.0,Fear,2.0,Fear
Multimodal,1701085617891-2-23-3-7-5-0,23,5,Sadness,,,False,1701085617891-2-23-3-7-5,Central,,,True,dynamic_only_correct,,,,,0.0,Anger,5.0,Sadness
Multimodal,1701085617891-2-23-3-7-5-1,23,5,Sadness,,,False,1701085617891-2-23-3-7-5,Side,,,True,dynamic_only_correct,,,,,4.0,Neutral,5.0,Sadness
Multimodal,1701085619479-2-23-3-8-0-0,23,0,Anger,,,True,1701085619479-2-23-3-8-0,Central,,,True,both_correct,,,,,0.0,Anger,0.0,Anger
Multimodal,1701085619479-2-23-3-8-0-1,23,0,Anger,,,False,1701085619479-2-23-3-8-0,Side,,,True,dynamic_only_correct,,,,,4.0,Neutral,0.0,Anger
Multimodal,1701085621175-2-23-3-9-1-0,23,1,Disgust,,,True,1701085621175-2-23-3-9-1,Central,,,True,both_correct,,,,,1.0,Disgust,1.0,Disgust
Multimodal,1701085621175-2-23-3-9-1-1,23,1,Disgust,,,False,1701085621175-2-23-3-9-1,Side,,,True,dynamic_only_correct,,,,,0.0,Anger,1.0,Disgust
Multimodal,1701085622872-2-23-3-10-0-0,23,0,Anger,,,True,1701085622872-2-23-3-10-0,Central,,,True,both_correct,,,,,0.0,Anger,0.0,Anger
Multimodal,1701085622872-2-23-3-10-0-1,23,0,Anger,,,True,1701085622872-2-23-3-10-0,Side,,,True,both_correct,,,,,0.0,Anger,0.0,Anger
Multimodal,1701085625896-2-23-3-11-3-0,23,3,Happiness,,,True,1701085625896-2-23-3-11-3,Central,,,True,both_correct,,,,,3.0,Happiness,3.0,Happiness
Multimodal,1701085625896-2-23-3-11-3-1,23,3,Happiness,,,True,1701085625896-2-23-3-11-3,Side,,,True,both_correct,,,,,3.0,Happiness,3.0,Happiness
Multimodal,1701085629667-2-23-3-13-6-0,23,6,Surprise,,,False,1701085629667-2-23-3-13-6,Central,,,False,both_wrong,,,,,2.0,Fear,2.0,Fear
Multimodal,1701085629667-2-23-3-13-6-1,23,6,Surprise,,,False,1701085629667-2-23-3-13-6,Side,,,False,both_wrong,,,,,2.0,Fear,2.0,Fear
Multimodal,1701085630752-2-23-3-14-4-0,23,4,Neutral,,,True,1701085630752-2-23-3-14-4,Central,,,True,both_correct,,,,,4.0,Neutral,4.0,Neutral
Multimodal,1701085630752-2-23-3-14-4-1,23,4,Neutral,,,True,1701085630752-2-23-3-14-4,Side,,,True,both_correct,,,,,4.0,Neutral,4.0,Neutral
Multimodal,1701085633973-2-23-3-15-5-0,23,5,Sadness,,,False,1701085633973-2-23-3-15-5,Central,,,True,dynamic_only_correct,,,,,0.0,Anger,5.0,Sadness
Multimodal,1701085633973-2-23-3-15-5-1,23,5,Sadness,,,False,1701085633973-2-23-3-15-5,Side,,,True,dynamic_only_correct,,,,,4.0,Neutral,5.0,Sadness
Multimodal,1701085635772-2-23-3-16-2-0,23,2,Fear,,,False,1701085635772-2-23-3-16-2,Central,,,False,both_wrong,,,,,1.0,Disgust,3.0,Happiness
Multimodal,1701085635772-2-23-3-16-2-1,23,2,Fear,,,False,1701085635772-2-23-3-16-2,Side,,,False,both_wrong,,,,,3.0,Happiness,3.0,Happiness
Multimodal,1701085639668-2-23-3-18-1-0,23,1,Disgust,,,True,1701085639668-2-23-3-18-1,Central,,,True,both_correct,,,,,1.0,Disgust,1.0,Disgust
Multimodal,1701085639668-2-23-3-18-1-1,23,1,Disgust,,,True,1701085639668-2-23-3-18-1,Side,,,True,both_correct,,,,,1.0,Disgust,1.0,Disgust
Multimodal,1701085643199-2-23-3-20-2-0,23,2,Fear,,,False,1701085643199-2-23-3-20-2,Central,,,False,both_wrong,,,,,1.0,Disgust,4.0,Neutral
Multimodal,1701085643199-2-23-3-20-2-1,23,2,Fear,,,True,1701085643199-2-23-3-20-2,Side,,,False,static_only_correct,,,,,2.0,Fear,4.0,Neutral
Multimodal,1701085783312-2-23-4-0-1-0,23,1,Disgust,,,True,1701085783312-2-23-4-0-1,Central,,,True,both_correct,,,,,1.0,Disgust,1.0,Disgust
Multimodal,1701085783312-2-23-4-0-1-1,23,1,Disgust,,,True,1701085783312-2-23-4-0-1,Side,,,True,both_correct,,,,,1.0,Disgust,1.0,Disgust
Multimodal,1701085784771-2-23-4-1-5-0,23,5,Sadness,,,True,1701085784771-2-23-4-1-5,Central,,,True,both_correct,,,,,5.0,Sadness,5.0,Sadness
Multimodal,1701085784771-2-23-4-1-5-1,23,5,Sadness,,,True,1701085784771-2-23-4-1-5,Side,,,True,both_correct,,,,,5.0,Sadness,5.0,Sadness
Multimodal,1701085786811-2-23-4-2-4-0,23,4,Neutral,,,False,1701085786811-2-23-4-2-4,Central,,,True,dynamic_only_correct,,,,,0.0,Anger,4.0,Neutral
Multimodal,1701085786811-2-23-4-2-4-1,23,4,Neutral,,,True,1701085786811-2-23-4-2-4,Side,,,True,both_correct,,,,,4.0,Neutral,4.0,Neutral
Multimodal,1701085788374-2-23-4-3-6-0,23,6,Surprise,,,True,1701085788374-2-23-4-3-6,Central,,,True,both_correct,,,,,6.0,Surprise,6.0,Surprise
Multimodal,1701085788374-2-23-4-3-6-1,23,6,Surprise,,,False,1701085788374-2-23-4-3-6,Side,,,False,both_wrong,,,,,2.0,Fear,2.0,Fear
Multimodal,1701085789639-2-23-4-4-4-0,23,4,Neutral,,,True,1701085789639-2-23-4-4-4,Central,,,True,both_correct,,,,,4.0,Neutral,4.0,Neutral
Multimodal,1701085789639-2-23-4-4-4-1,23,4,Neutral,,,True,1701085789639-2-23-4-4-4,Side,,,True,both_correct,,,,,4.0,Neutral,4.0,Neutral
Multimodal,1701085791397-2-23-4-5-4-0,23,4,Neutral,,,True,1701085791397-2-23-4-5-4,Central,,,True,both_correct,,,,,4.0,Neutral,4.0,Neutral
Multimodal,1701085791397-2-23-4-5-4-1,23,4,Neutral,,,True,1701085791397-2-23-4-5-4,Side,,,True,both_correct,,,,,4.0,Neutral,4.0,Neutral
Multimodal,1701085793939-2-23-4-6-3-0,23,3,Happiness,,,True,1701085793939-2-23-4-6-3,Central,,,True,both_correct,,,,,3.0,Happiness,3.0,Happiness
Multimodal,1701085793939-2-23-4-6-3-1,23,3,Happiness,,,True,1701085793939-2-23-4-6-3,Side,,,True,both_correct,,,,,3.0,Happiness,3.0,Happiness
Multimodal,1701085795548-2-23-4-7-0-0,23,0,Anger,,,True,1701085795548-2-23-4-7-0,Central,,,True,both_correct,,,,,0.0,Anger,0.0,Anger
Multimodal,1701085795548-2-23-4-7-0-1,23,0,Anger,,,False,1701085795548-2-23-4-7-0,Side,,,True,dynamic_only_correct,,,,,4.0,Neutral,0.0,Anger
Multimodal,1701085796688-2-23-4-8-5-0,23,5,Sadness,,,True,1701085796688-2-23-4-8-5,Central,,,True,both_correct,,,,,5.0,Sadness,5.0,Sadness
Multimodal,1701085796688-2-23-4-8-5-1,23,5,Sadness,,,True,1701085796688-2-23-4-8-5,Side,,,True,both_correct,,,,,5.0,Sadness,5.0,Sadness
Multimodal,1701085798672-2-23-4-9-2-0,23,2,Fear,,,True,1701085798672-2-23-4-9-2,Central,,,False,static_only_correct,,,,,2.0,Fear,1.0,Disgust
Multimodal,1701085798672-2-23-4-9-2-1,23,2,Fear,,,False,1701085798672-2-23-4-9-2,Side,,,True,dynamic_only_correct,,,,,6.0,Surprise,2.0,Fear
Multimodal,1701085800908-2-23-4-10-0-0,23,0,Anger,,,True,1701085800908-2-23-4-10-0,Central,,,True,both_correct,,,,,0.0,Anger,0.0,Anger
Multimodal,1701085800908-2-23-4-10-0-1,23,0,Anger,,,True,1701085800908-2-23-4-10-0,Side,,,True,both_correct,,,,,0.0,Anger,0.0,Anger
Multimodal,1701085802372-2-23-4-11-3-0,23,3,Happiness,,,True,1701085802372-2-23-4-11-3,Central,,,True,both_correct,,,,,3.0,Happiness,3.0,Happiness
Multimodal,1701085802372-2-23-4-11-3-1,23,3,Happiness,,,True,1701085802372-2-23-4-11-3,Side,,,True,both_correct,,,,,3.0,Happiness,3.0,Happiness
Multimodal,1701085804610-2-23-4-12-1-0,23,1,Disgust,,,True,1701085804610-2-23-4-12-1,Central,,,True,both_correct,,,,,1.0,Disgust,1.0,Disgust
Multimodal,1701085804610-2-23-4-12-1-1,23,1,Disgust,,,True,1701085804610-2-23-4-12-1,Side,,,True,both_correct,,,,,1.0,Disgust,1.0,Disgust
Multimodal,1701085805933-2-23-4-13-3-0,23,3,Happiness,,,True,1701085805933-2-23-4-13-3,Central,,,True,both_correct,,,,,3.0,Happiness,3.0,Happiness
Multimodal,1701085805933-2-23-4-13-3-1,23,3,Happiness,,,True,1701085805933-2-23-4-13-3,Side,,,True,both_correct,,,,,3.0,Happiness,3.0,Happiness
Multimodal,1701085807269-2-23-4-14-0-0,23,0,Anger,,,True,1701085807269-2-23-4-14-0,Central,,,True,both_correct,,,,,0.0,Anger,0.0,Anger
Multimodal,1701085807269-2-23-4-14-0-1,23,0,Anger,,,True,1701085807269-2-23-4-14-0,Side,,,True,both_correct,,,,,0.0,Anger,0.0,Anger
Multimodal,1701085809428-2-23-4-15-1-0,23,1,Disgust,,,True,1701085809428-2-23-4-15-1,Central,,,True,both_correct,,,,,1.0,Disgust,1.0,Disgust
Multimodal,1701085809428-2-23-4-15-1-1,23,1,Disgust,,,True,1701085809428-2-23-4-15-1,Side,,,True,both_correct,,,,,1.0,Disgust,1.0,Disgust
Multimodal,1701085810970-2-23-4-16-2-0,23,2,Fear,,,True,1701085810970-2-23-4-16-2,Central,,,True,both_correct,,,,,2.0,Fear,2.0,Fear
Multimodal,1701085810970-2-23-4-16-2-1,23,2,Fear,,,True,1701085810970-2-23-4-16-2,Side,,,True,both_correct,,,,,2.0,Fear,2.0,Fear
Multimodal,1701085812843-2-23-4-17-5-0,23,5,Sadness,,,True,1701085812843-2-23-4-17-5,Central,,,True,both_correct,,,,,5.0,Sadness,5.0,Sadness
Multimodal,1701085812843-2-23-4-17-5-1,23,5,Sadness,,,True,1701085812843-2-23-4-17-5,Side,,,True,both_correct,,,,,5.0,Sadness,5.0,Sadness
Multimodal,1701085820057-2-23-4-21-6-0,23,6,Surprise,,,True,1701085820057-2-23-4-21-6,Central,,,True,both_correct,,,,,6.0,Surprise,6.0,Surprise
Multimodal,1701085820057-2-23-4-21-6-1,23,6,Surprise,,,True,1701085820057-2-23-4-21-6,Side,,,True,both_correct,,,,,6.0,Surprise,6.0,Surprise
Multimodal,1701085821482-2-23-4-22-0-0,23,0,Anger,,,True,1701085821482-2-23-4-22-0,Central,,,True,both_correct,,,,,0.0,Anger,0.0,Anger
Multimodal,1701085821482-2-23-4-22-0-1,23,0,Anger,,,True,1701085821482-2-23-4-22-0,Side,,,True,both_correct,,,,,0.0,Anger,0.0,Anger
Multimodal,1701085823245-2-23-4-23-2-0,23,2,Fear,,,True,1701085823245-2-23-4-23-2,Central,,,True,both_correct,,,,,2.0,Fear,2.0,Fear
Multimodal,1701085823245-2-23-4-23-2-1,23,2,Fear,,,True,1701085823245-2-23-4-23-2,Side,,,True,both_correct,,,,,2.0,Fear,2.0,Fear
Multimodal,1701085827129-2-23-4-25-2-0,23,2,Fear,,,True,1701085827129-2-23-4-25-2,Central,,,True,both_correct,,,,,2.0,Fear,2.0,Fear
Multimodal,1701085827129-2-23-4-25-2-1,23,2,Fear,,,True,1701085827129-2-23-4-25-2,Side,,,True,both_correct,,,,,2.0,Fear,2.0,Fear
Multimodal,1701085829241-2-23-4-26-1-0,23,1,Disgust,,,True,1701085829241-2-23-4-26-1,Central,,,True,both_correct,,,,,1.0,Disgust,1.0,Disgust
Multimodal,1701085829241-2-23-4-26-1-1,23,1,Disgust,,,True,1701085829241-2-23-4-26-1,Side,,,True,both_correct,,,,,1.0,Disgust,1.0,Disgust
Multimodal,1701085830697-2-23-4-27-6-0,23,6,Surprise,,,True,1701085830697-2-23-4-27-6,Central,,,True,both_correct,,,,,6.0,Surprise,6.0,Surprise
Multimodal,1701085830697-2-23-4-27-6-1,23,6,Surprise,,,True,1701085830697-2-23-4-27-6,Side,,,True,both_correct,,,,,6.0,Surprise,6.0,Surprise
Multimodal,1701094438118-2-27-1-0-0-0,27,0,Anger,,,True,1701094438118-2-27-1-0-0,Central,,,False,static_only_correct,,,,,0.0,Anger,1.0,Disgust
Multimodal,1701094438118-2-27-1-0-0-1,27,0,Anger,,,True,1701094438118-2-27-1-0-0,Side,,,False,static_only_correct,,,,,0.0,Anger,1.0,Disgust
Multimodal,1701094443379-2-27-1-2-3-0,27,3,Happiness,,,True,1701094443379-2-27-1-2-3,Central,,,True,both_correct,,,,,3.0,Happiness,3.0,Happiness
Multimodal,1701094443379-2-27-1-2-3-1,27,3,Happiness,,,True,1701094443379-2-27-1-2-3,Side,,,True,both_correct,,,,,3.0,Happiness,3.0,Happiness
Multimodal,1701094445452-2-27-1-3-0-0,27,0,Anger,,,True,1701094445452-2-27-1-3-0,Central,,,False,static_only_correct,,,,,0.0,Anger,1.0,Disgust
Multimodal,1701094445452-2-27-1-3-0-1,27,0,Anger,,,True,1701094445452-2-27-1-3-0,Side,,,False,static_only_correct,,,,,0.0,Anger,1.0,Disgust
Multimodal,1701094448444-2-27-1-4-0-0,27,0,Anger,,,True,1701094448444-2-27-1-4-0,Central,,,False,static_only_correct,,,,,0.0,Anger,1.0,Disgust
Multimodal,1701094448444-2-27-1-4-0-1,27,0,Anger,,,True,1701094448444-2-27-1-4-0,Side,,,True,both_correct,,,,,0.0,Anger,0.0,Anger
Multimodal,1701094450282-2-27-1-5-5-0,27,5,Sadness,,,True,1701094450282-2-27-1-5-5,Central,,,True,both_correct,,,,,5.0,Sadness,5.0,Sadness
Multimodal,1701094450282-2-27-1-5-5-1,27,5,Sadness,,,True,1701094450282-2-27-1-5-5,Side,,,True,both_correct,,,,,5.0,Sadness,5.0,Sadness
Multimodal,1701094455829-2-27-1-7-5-0,27,5,Sadness,,,False,1701094455829-2-27-1-7-5,Central,,,True,dynamic_only_correct,,,,,4.0,Neutral,5.0,Sadness
Multimodal,1701094455829-2-27-1-7-5-1,27,5,Sadness,,,False,1701094455829-2-27-1-7-5,Side,,,True,dynamic_only_correct,,,,,4.0,Neutral,5.0,Sadness
Multimodal,1701094458007-2-27-1-8-3-0,27,3,Happiness,,,True,1701094458007-2-27-1-8-3,Central,,,True,both_correct,,,,,3.0,Happiness,3.0,Happiness
Multimodal,1701094458007-2-27-1-8-3-1,27,3,Happiness,,,True,1701094458007-2-27-1-8-3,Side,,,True,both_correct,,,,,3.0,Happiness,3.0,Happiness
Multimodal,1701094536373-2-27-2-2-6-0,27,6,Surprise,,,True,1701094536373-2-27-2-2-6,Central,,,True,both_correct,,,,,6.0,Surprise,6.0,Surprise
Multimodal,1701094536373-2-27-2-2-6-1,27,6,Surprise,,,True,1701094536373-2-27-2-2-6,Side,,,True,both_correct,,,,,6.0,Surprise,6.0,Surprise
Multimodal,1701094539306-2-27-2-3-2-0,27,2,Fear,,,True,1701094539306-2-27-2-3-2,Central,,,True,both_correct,,,,,2.0,Fear,2.0,Fear
Multimodal,1701094539306-2-27-2-3-2-1,27,2,Fear,,,True,1701094539306-2-27-2-3-2,Side,,,True,both_correct,,,,,2.0,Fear,2.0,Fear
Multimodal,1701094549501-2-27-2-7-4-0,27,4,Neutral,,,True,1701094549501-2-27-2-7-4,Central,,,True,both_correct,,,,,4.0,Neutral,4.0,Neutral
Multimodal,1701094549501-2-27-2-7-4-1,27,4,Neutral,,,True,1701094549501-2-27-2-7-4,Side,,,True,both_correct,,,,,4.0,Neutral,4.0,Neutral
Multimodal,1701094559720-2-27-2-11-4-0,27,4,Neutral,,,True,1701094559720-2-27-2-11-4,Central,,,True,both_correct,,,,,4.0,Neutral,4.0,Neutral
Multimodal,1701094559720-2-27-2-11-4-1,27,4,Neutral,,,True,1701094559720-2-27-2-11-4,Side,,,True,both_correct,,,,,4.0,Neutral,4.0,Neutral
Multimodal,1701094652485-2-27-3-0-4-0,27,4,Neutral,,,True,1701094652485-2-27-3-0-4,Central,,,True,both_correct,,,,,4.0,Neutral,4.0,Neutral
Multimodal,1701094652485-2-27-3-0-4-1,27,4,Neutral,,,True,1701094652485-2-27-3-0-4,Side,,,True,both_correct,,,,,4.0,Neutral,4.0,Neutral
Multimodal,1701094656847-2-27-3-2-0-0,27,0,Anger,,,False,1701094656847-2-27-3-2-0,Central,,,False,both_wrong,,,,,1.0,Disgust,1.0,Disgust
Multimodal,1701094656847-2-27-3-2-0-1,27,0,Anger,,,False,1701094656847-2-27-3-2-0,Side,,,False,both_wrong,,,,,3.0,Happiness,1.0,Disgust
Multimodal,1701094657984-2-27-3-3-6-0,27,6,Surprise,,,True,1701094657984-2-27-3-3-6,Central,,,True,both_correct,,,,,6.0,Surprise,6.0,Surprise
Multimodal,1701094657984-2-27-3-3-6-1,27,6,Surprise,,,True,1701094657984-2-27-3-3-6,Side,,,True,both_correct,,,,,6.0,Surprise,6.0,Surprise
Multimodal,1701094661584-2-27-3-5-2-0,27,2,Fear,,,True,1701094661584-2-27-3-5-2,Central,,,False,static_only_correct,,,,,2.0,Fear,6.0,Surprise
Multimodal,1701094661584-2-27-3-5-2-1,27,2,Fear,,,False,1701094661584-2-27-3-5-2,Side,,,False,both_wrong,,,,,6.0,Surprise,6.0,Surprise
Multimodal,1701094664518-2-27-3-6-5-0,27,5,Sadness,,,True,1701094664518-2-27-3-6-5,Central,,,True,both_correct,,,,,5.0,Sadness,5.0,Sadness
Multimodal,1701094664518-2-27-3-6-5-1,27,5,Sadness,,,True,1701094664518-2-27-3-6-5,Side,,,True,both_correct,,,,,5.0,Sadness,5.0,Sadness
Multimodal,1701094668813-2-27-3-8-0-0,27,0,Anger,,,True,1701094668813-2-27-3-8-0,Central,,,False,static_only_correct,,,,,0.0,Anger,1.0,Disgust
Multimodal,1701094668813-2-27-3-8-0-1,27,0,Anger,,,False,1701094668813-2-27-3-8-0,Side,,,False,both_wrong,,,,,1.0,Disgust,1.0,Disgust
Multimodal,1701094669809-2-27-3-9-1-0,27,1,Disgust,,,True,1701094669809-2-27-3-9-1,Central,,,False,static_only_correct,,,,,1.0,Disgust,3.0,Happiness
Multimodal,1701094669809-2-27-3-9-1-1,27,1,Disgust,,,False,1701094669809-2-27-3-9-1,Side,,,False,both_wrong,,,,,3.0,Happiness,3.0,Happiness
Multimodal,1701094672347-2-27-3-10-0-0,27,0,Anger,,,True,1701094672347-2-27-3-10-0,Central,,,True,both_correct,,,,,0.0,Anger,0.0,Anger
Multimodal,1701094672347-2-27-3-10-0-1,27,0,Anger,,,True,1701094672347-2-27-3-10-0,Side,,,False,static_only_correct,,,,,0.0,Anger,1.0,Disgust
Multimodal,1701094679684-2-27-3-14-4-0,27,4,Neutral,,,True,1701094679684-2-27-3-14-4,Central,,,True,both_correct,,,,,4.0,Neutral,4.0,Neutral
Multimodal,1701094679684-2-27-3-14-4-1,27,4,Neutral,,,True,1701094679684-2-27-3-14-4,Side,,,True,both_correct,,,,,4.0,Neutral,4.0,Neutral
Multimodal,1701094684847-2-27-3-16-2-0,27,2,Fear,,,True,1701094684847-2-27-3-16-2,Central,,,False,static_only_correct,,,,,2.0,Fear,3.0,Happiness
Multimodal,1701094684847-2-27-3-16-2-1,27,2,Fear,,,True,1701094684847-2-27-3-16-2,Side,,,False,static_only_correct,,,,,2.0,Fear,3.0,Happiness
Multimodal,1701094686349-2-27-3-17-3-0,27,3,Happiness,,,True,1701094686349-2-27-3-17-3,Central,,,True,both_correct,,,,,3.0,Happiness,3.0,Happiness
Multimodal,1701094686349-2-27-3-17-3-1,27,3,Happiness,,,True,1701094686349-2-27-3-17-3,Side,,,True,both_correct,,,,,3.0,Happiness,3.0,Happiness
Multimodal,1701094688507-2-27-3-18-1-0,27,1,Disgust,,,True,1701094688507-2-27-3-18-1,Central,,,True,both_correct,,,,,1.0,Disgust,1.0,Disgust
Multimodal,1701094688507-2-27-3-18-1-1,27,1,Disgust,,,False,1701094688507-2-27-3-18-1,Side,,,True,dynamic_only_correct,,,,,3.0,Happiness,1.0,Disgust
Multimodal,1701094689680-2-27-3-19-6-0,27,6,Surprise,,,True,1701094689680-2-27-3-19-6,Central,,,True,both_correct,,,,,6.0,Surprise,6.0,Surprise
Multimodal,1701094689680-2-27-3-19-6-1,27,6,Surprise,,,True,1701094689680-2-27-3-19-6,Side,,,True,both_correct,,,,,6.0,Surprise,6.0,Surprise
Multimodal,1701094692584-2-27-3-20-2-0,27,2,Fear,,,False,1701094692584-2-27-3-20-2,Central,,,False,both_wrong,,,,,6.0,Surprise,6.0,Surprise
Multimodal,1701094692584-2-27-3-20-2-1,27,2,Fear,,,False,1701094692584-2-27-3-20-2,Side,,,False,both_wrong,,,,,6.0,Surprise,6.0,Surprise
Multimodal,1701094821546-2-27-4-1-5-0,27,5,Sadness,,,True,1701094821546-2-27-4-1-5,Central,,,True,both_correct,,,,,5.0,Sadness,5.0,Sadness
Multimodal,1701094821546-2-27-4-1-5-1,27,5,Sadness,,,True,1701094821546-2-27-4-1-5,Side,,,True,both_correct,,,,,5.0,Sadness,5.0,Sadness
Multimodal,1701094823610-2-27-4-2-4-0,27,4,Neutral,,,True,1701094823610-2-27-4-2-4,Central,,,True,both_correct,,,,,4.0,Neutral,4.0,Neutral
Multimodal,1701094823610-2-27-4-2-4-1,27,4,Neutral,,,True,1701094823610-2-27-4-2-4,Side,,,True,both_correct,,,,,4.0,Neutral,4.0,Neutral
Multimodal,1701094824960-2-27-4-3-6-0,27,6,Surprise,,,True,1701094824960-2-27-4-3-6,Central,,,True,both_correct,,,,,6.0,Surprise,6.0,Surprise
Multimodal,1701094824960-2-27-4-3-6-1,27,6,Surprise,,,True,1701094824960-2-27-4-3-6,Side,,,True,both_correct,,,,,6.0,Surprise,6.0,Surprise
Multimodal,1701094829010-2-27-4-5-4-0,27,4,Neutral,,,False,1701094829010-2-27-4-5-4,Central,,,False,both_wrong,,,,,3.0,Happiness,3.0,Happiness
Multimodal,1701094829010-2-27-4-5-4-1,27,4,Neutral,,,False,1701094829010-2-27-4-5-4,Side,,,False,both_wrong,,,,,3.0,Happiness,3.0,Happiness
Multimodal,1701094830423-2-27-4-6-3-0,27,3,Happiness,,,True,1701094830423-2-27-4-6-3,Central,,,True,both_correct,,,,,3.0,Happiness,3.0,Happiness
Multimodal,1701094830423-2-27-4-6-3-1,27,3,Happiness,,,True,1701094830423-2-27-4-6-3,Side,,,True,both_correct,,,,,3.0,Happiness,3.0,Happiness
Multimodal,1701094835647-2-27-4-9-2-0,27,2,Fear,,,True,1701094835647-2-27-4-9-2,Central,,,True,both_correct,,,,,2.0,Fear,2.0,Fear
Multimodal,1701094835647-2-27-4-9-2-1,27,2,Fear,,,True,1701094835647-2-27-4-9-2,Side,,,True,both_correct,,,,,2.0,Fear,2.0,Fear
Multimodal,1701094839307-2-27-4-11-3-0,27,3,Happiness,,,True,1701094839307-2-27-4-11-3,Central,,,True,both_correct,,,,,3.0,Happiness,3.0,Happiness
Multimodal,1701094839307-2-27-4-11-3-1,27,3,Happiness,,,True,1701094839307-2-27-4-11-3,Side,,,True,both_correct,,,,,3.0,Happiness,3.0,Happiness
Multimodal,1701094842669-2-27-4-13-3-0,27,3,Happiness,,,True,1701094842669-2-27-4-13-3,Central,,,True,both_correct,,,,,3.0,Happiness,3.0,Happiness
Multimodal,1701094842669-2-27-4-13-3-1,27,3,Happiness,,,True,1701094842669-2-27-4-13-3,Side,,,True,both_correct,,,,,3.0,Happiness,3.0,Happiness
Multimodal,1701094848288-2-27-4-16-2-0,27,2,Fear,,,True,1701094848288-2-27-4-16-2,Central,,,True,both_correct,,,,,2.0,Fear,2.0,Fear
Multimodal,1701094848288-2-27-4-16-2-1,27,2,Fear,,,True,1701094848288-2-27-4-16-2,Side,,,True,both_correct,,,,,2.0,Fear,2.0,Fear
Multimodal,1701094851143-2-27-4-18-4-0,27,4,Neutral,,,True,1701094851143-2-27-4-18-4,Central,,,True,both_correct,,,,,4.0,Neutral,4.0,Neutral
Multimodal,1701094851143-2-27-4-18-4-1,27,4,Neutral,,,True,1701094851143-2-27-4-18-4,Side,,,True,both_correct,,,,,4.0,Neutral,4.0,Neutral
Multimodal,1701094852692-2-27-4-19-6-0,27,6,Surprise,,,True,1701094852692-2-27-4-19-6,Central,,,True,both_correct,,,,,6.0,Surprise,6.0,Surprise
Multimodal,1701094852692-2-27-4-19-6-1,27,6,Surprise,,,True,1701094852692-2-27-4-19-6,Side,,,True,both_correct,,,,,6.0,Surprise,6.0,Surprise
Multimodal,1701094855279-2-27-4-20-5-0,27,5,Sadness,,,True,1701094855279-2-27-4-20-5,Central,,,True,both_correct,,,,,5.0,Sadness,5.0,Sadness
Multimodal,1701094855279-2-27-4-20-5-1,27,5,Sadness,,,True,1701094855279-2-27-4-20-5,Side,,,True,both_correct,,,,,5.0,Sadness,5.0,Sadness
Multimodal,1701094856933-2-27-4-21-6-0,27,6,Surprise,,,True,1701094856933-2-27-4-21-6,Central,,,True,both_correct,,,,,6.0,Surprise,6.0,Surprise
Multimodal,1701094856933-2-27-4-21-6-1,27,6,Surprise,,,True,1701094856933-2-27-4-21-6,Side,,,True,both_correct,,,,,6.0,Surprise,6.0,Surprise
Multimodal,1701094862346-2-27-4-24-3-0,27,3,Happiness,,,True,1701094862346-2-27-4-24-3,Central,,,True,both_correct,,,,,3.0,Happiness,3.0,Happiness
Multimodal,1701094862346-2-27-4-24-3-1,27,3,Happiness,,,False,1701094862346-2-27-4-24-3,Side,,,True,dynamic_only_correct,,,,,2.0,Fear,3.0,Happiness
Multimodal,1701094865205-2-27-4-26-1-0,27,1,Disgust,,,True,1701094865205-2-27-4-26-1,Central,,,True,both_correct,,,,,1.0,Disgust,1.0,Disgust
Multimodal,1701094865205-2-27-4-26-1-1,27,1,Disgust,,,True,1701094865205-2-27-4-26-1,Side,,,True,both_correct,,,,,1.0,Disgust,1.0,Disgust
Multimodal,1701094866874-2-27-4-27-6-0,27,6,Surprise,,,True,1701094866874-2-27-4-27-6,Central,,,True,both_correct,,,,,6.0,Surprise,6.0,Surprise
Multimodal,1701094866874-2-27-4-27-6-1,27,6,Surprise,,,True,1701094866874-2-27-4-27-6,Side,,,True,both_correct,,,,,6.0,Surprise,6.0,Surprise
