subset,true_class,output_class,prefix_length,n_sequences,mean_probability
all,Anger,Anger,1,108,0.21113019056944438
all,Anger,Disgust,1,108,0.18535052359259258
all,Anger,Fear,1,108,0.1915435646481482
all,Anger,Happiness,1,108,0.12425291687037034
all,Anger,Neutral,1,108,0.13265698678703697
all,Anger,Sadness,1,108,0.10340303587407412
all,Anger,Surprise,1,108,0.05166278775648149
all,Anger,Anger,2,108,0.2240472755150925
all,Anger,Disgust,2,108,0.17354944661111113
all,Anger,Fear,2,108,0.2087269276037037
all,Anger,Happiness,2,108,0.11170184176203701
all,Anger,Neutral,2,108,0.16856216727499992
all,Anger,Sadness,2,108,0.08815414696916665
all,Anger,Surprise,2,108,0.025258198847777788
all,Anger,Anger,3,108,0.2225215532550926
all,Anger,Disgust,3,108,0.1733205050546297
all,Anger,Fear,3,108,0.21154635035648142
all,Anger,Happiness,3,108,0.1183646084648148
all,Anger,Neutral,3,108,0.1778141685527777
all,Anger,Sadness,3,108,0.07922827759629632
all,Anger,Surprise,3,108,0.017204534353055554
all,Anger,Anger,4,108,0.22591289273675924
all,Anger,Disgust,4,108,0.1826464221935185
all,Anger,Fear,4,108,0.21093600444074076
all,Anger,Happiness,4,108,0.11500467413425926
all,Anger,Neutral,4,108,0.17862062525648148
all,Anger,Sadness,4,108,0.07368428279092593
all,Anger,Surprise,4,108,0.013195103202407412
all,Anger,Anger,5,108,0.24017464357962973
all,Anger,Disgust,5,108,0.1957772037953704
all,Anger,Fear,5,108,0.2033137709398147
all,Anger,Happiness,5,108,0.10469800146250002
all,Anger,Neutral,5,108,0.17634162620462968
all,Anger,Sadness,5,108,0.06810075759064814
all,Anger,Surprise,5,108,0.011593994203888892
all,Anger,Anger,6,108,0.25007964561981494
all,Anger,Disgust,6,108,0.20457374127407413
all,Anger,Fear,6,108,0.2019105567154629
all,Anger,Happiness,6,108,0.09886314525740737
all,Anger,Neutral,6,108,0.16520293398185187
all,Anger,Sadness,6,108,0.06573553993277781
all,Anger,Surprise,6,108,0.013634444011296298
all,Anger,Anger,7,108,0.2524746316812037
all,Anger,Disgust,7,108,0.21415372978611108
all,Anger,Fear,7,108,0.19987406218935183
all,Anger,Happiness,7,108,0.09677613893981475
all,Anger,Neutral,7,108,0.1542148954605556
all,Anger,Sadness,7,108,0.06693864131333334
all,Anger,Surprise,7,108,0.015567882261666666
all,Anger,Anger,8,108,0.257929962535
all,Anger,Disgust,8,108,0.21364656162435192
all,Anger,Fear,8,108,0.2044799624707407
all,Anger,Happiness,8,108,0.09590223555833335
all,Anger,Neutral,8,108,0.1411768632441667
all,Anger,Sadness,8,108,0.06998852966009257
all,Anger,Surprise,8,108,0.01687588235824074
all,Anger,Anger,9,108,0.2700148024064815
all,Anger,Disgust,9,108,0.21613377484259258
all,Anger,Fear,9,108,0.2043866591684259
all,Anger,Happiness,9,108,0.09310521871944448
all,Anger,Neutral,9,108,0.12911821307129634
all,Anger,Sadness,9,108,0.06631425827981483
all,Anger,Surprise,9,108,0.020927078501851853
all,Anger,Anger,10,108,0.2722156997005555
all,Anger,Disgust,10,108,0.22021719427222225
all,Anger,Fear,10,108,0.19957731739342585
all,Anger,Happiness,10,108,0.09508552137685183
all,Anger,Neutral,10,108,0.12788318560898146
all,Anger,Sadness,10,108,0.06531410377675924
all,Anger,Surprise,10,108,0.019706980721388892
all,Anger,Anger,11,108,0.2853051302007407
all,Anger,Disgust,11,108,0.22737602172314814
all,Anger,Fear,11,108,0.19630244902888888
all,Anger,Happiness,11,108,0.09304923366944443
all,Anger,Neutral,11,108,0.12338592979379631
all,Anger,Sadness,11,108,0.059554139820833324
all,Anger,Surprise,11,108,0.015027097579537031
all,Anger,Anger,12,108,0.29175795205518523
all,Anger,Disgust,12,108,0.23113429048148146
all,Anger,Fear,12,108,0.1912367389585186
all,Anger,Happiness,12,108,0.0925358922361111
all,Anger,Neutral,12,108,0.11982612559212964
all,Anger,Sadness,12,108,0.05721559445240742
all,Anger,Surprise,12,108,0.016293413955370376
all,Anger,Anger,13,108,0.30611472454287036
all,Anger,Disgust,13,108,0.23069314766666657
all,Anger,Fear,13,108,0.18657726168851851
all,Anger,Happiness,13,108,0.09008360941111115
all,Anger,Neutral,13,108,0.11536746060259259
all,Anger,Sadness,13,108,0.05647522027675925
all,Anger,Surprise,13,108,0.014688582457685184
all,Anger,Anger,14,108,0.3253419299247221
all,Anger,Disgust,14,108,0.233916188375463
all,Anger,Fear,14,108,0.1810548047812037
all,Anger,Happiness,14,108,0.07940207093055547
all,Anger,Neutral,14,108,0.1109072032810185
all,Anger,Sadness,14,108,0.05719935928824074
all,Anger,Surprise,14,108,0.012178438491944447
all,Anger,Anger,15,108,0.3362228622825926
all,Anger,Disgust,15,108,0.24326402691296287
all,Anger,Fear,15,108,0.17632952232962962
all,Anger,Happiness,15,108,0.06871936402500001
all,Anger,Neutral,15,108,0.10998977669675927
all,Anger,Sadness,15,108,0.054941481175092594
all,Anger,Surprise,15,108,0.010532964543796298
all,Anger,Anger,16,108,0.34327243732611096
all,Anger,Disgust,16,108,0.24970469531388878
all,Anger,Fear,16,108,0.16658755269092596
all,Anger,Happiness,16,108,0.06977149818981482
all,Anger,Neutral,16,108,0.11474427264333337
all,Anger,Sadness,16,108,0.04754031839972219
all,Anger,Surprise,16,108,0.00837922557351852
all,Anger,Anger,17,108,0.3435783987679628
all,Anger,Disgust,17,108,0.2591733708888888
all,Anger,Fear,17,108,0.1562984634150926
all,Anger,Happiness,17,108,0.0692706481050926
all,Anger,Neutral,17,108,0.11968988110953703
all,Anger,Sadness,17,108,0.04401321192546299
all,Anger,Surprise,17,108,0.007976020357777776
all,Anger,Anger,18,108,0.33807305495861106
all,Anger,Disgust,18,108,0.2775845969694444
all,Anger,Fear,18,108,0.13793688349833338
all,Anger,Happiness,18,108,0.07154149799601851
all,Anger,Neutral,18,108,0.1235563386651852
all,Anger,Sadness,18,108,0.04390922644592593
all,Anger,Surprise,18,108,0.0073983974837037066
all,Anger,Anger,19,108,0.34548308239398146
all,Anger,Disgust,19,108,0.2955770184305556
all,Anger,Fear,19,108,0.11329136854018519
all,Anger,Happiness,19,108,0.07030475303240738
all,Anger,Neutral,19,108,0.1252910378280556
all,Anger,Sadness,19,108,0.043134317964907395
all,Anger,Surprise,19,108,0.006918415498981484
all,Anger,Anger,20,108,0.36387981587333335
all,Anger,Disgust,20,108,0.3045210564212963
all,Anger,Fear,20,108,0.09575872452759258
all,Anger,Happiness,20,108,0.06584328259222222
all,Anger,Neutral,20,108,0.11851650460157404
all,Anger,Sadness,20,108,0.04284010747333336
all,Anger,Surprise,20,108,0.008640506577222222
all,Anger,Anger,21,108,0.36531798327888904
all,Anger,Disgust,21,108,0.32263480998425914
all,Anger,Fear,21,108,0.08812798329750002
all,Anger,Happiness,21,108,0.06134864530342593
all,Anger,Neutral,21,108,0.11237329716564821
all,Anger,Sadness,21,108,0.04113247144416668
all,Anger,Surprise,21,108,0.009064824506296296
all,Anger,Anger,22,108,0.3686875003492592
all,Anger,Disgust,22,108,0.3359850479358333
all,Anger,Fear,22,108,0.07814267177499998
all,Anger,Happiness,22,108,0.05845436182740741
all,Anger,Neutral,22,108,0.10716063519990747
all,Anger,Sadness,22,108,0.04053262570805557
all,Anger,Surprise,22,108,0.011037165604074072
all,Anger,Anger,23,108,0.36866699886694443
all,Anger,Disgust,23,108,0.3523283610043516
all,Anger,Fear,23,108,0.068555375565
all,Anger,Happiness,23,108,0.05157723962064814
all,Anger,Neutral,23,108,0.10672914481370374
all,Anger,Sadness,23,108,0.03862570157574078
all,Anger,Surprise,23,108,0.01351718334796296
all,Anger,Anger,24,108,0.37730792296879634
all,Anger,Disgust,24,108,0.3633281434805556
all,Anger,Fear,24,108,0.06311933123009257
all,Anger,Happiness,24,108,0.046813730881111106
all,Anger,Neutral,24,108,0.09204861440120374
all,Anger,Sadness,24,108,0.04282523137101851
all,Anger,Surprise,24,108,0.014557022701111111
all,Anger,Anger,25,108,0.38112855013240743
all,Anger,Disgust,25,108,0.3844845182024074
all,Anger,Fear,25,108,0.05698141028287038
all,Anger,Happiness,25,108,0.04127508121148148
all,Anger,Neutral,25,108,0.08069338017824076
all,Anger,Sadness,25,108,0.04453966564805555
all,Anger,Surprise,25,108,0.010897398841944449
all,Anger,Anger,26,108,0.38566487704842595
all,Anger,Disgust,26,108,0.3952918112837036
all,Anger,Fear,26,108,0.05060019400407408
all,Anger,Happiness,26,108,0.03684270491157408
all,Anger,Neutral,26,108,0.07648292397175929
all,Anger,Sadness,26,108,0.04654747994638888
all,Anger,Surprise,26,108,0.008570004987222225
all,Anger,Anger,27,108,0.40420431940370377
all,Anger,Disgust,27,108,0.3907053551981481
all,Anger,Fear,27,108,0.04495838546416668
all,Anger,Happiness,27,108,0.03518877773787037
all,Anger,Neutral,27,108,0.07144336831666666
all,Anger,Sadness,27,108,0.04659162185981483
all,Anger,Surprise,27,108,0.00690817330990741
all,Anger,Anger,28,108,0.4135637784005555
all,Anger,Disgust,28,108,0.3882654247518519
all,Anger,Fear,28,108,0.04268935289416665
all,Anger,Happiness,28,108,0.03547537075712962
all,Anger,Neutral,28,108,0.06605419412648149
all,Anger,Sadness,28,108,0.04753014313203704
all,Anger,Surprise,28,108,0.006421736121481481
all,Anger,Anger,29,108,0.41733570544351856
all,Anger,Disgust,29,108,0.3993224461925926
all,Anger,Fear,29,108,0.04055360579564815
all,Anger,Happiness,29,108,0.03572317285
all,Anger,Neutral,29,108,0.05196248447601856
all,Anger,Sadness,29,108,0.048483755344907405
all,Anger,Surprise,29,108,0.00661882941
all,Anger,Anger,30,108,0.42200417398148143
all,Anger,Disgust,30,108,0.411815314236111
all,Anger,Fear,30,108,0.028447307493333344
all,Anger,Happiness,30,108,0.03698350258879629
all,Anger,Neutral,30,108,0.046617078801203665
all,Anger,Sadness,30,108,0.048071929435185186
all,Anger,Surprise,30,108,0.006060700329722224
all,Disgust,Anger,1,108,0.15076398872870367
all,Disgust,Disgust,1,108,0.17271657222222223
all,Disgust,Fear,1,108,0.12280149168333333
all,Disgust,Happiness,1,108,0.28317840013888884
all,Disgust,Neutral,1,108,0.11423491860648152
all,Disgust,Sadness,1,108,0.10774597794999997
all,Disgust,Surprise,1,108,0.0485586429925926
all,Disgust,Anger,2,108,0.15348583270740743
all,Disgust,Disgust,2,108,0.18466804140555557
all,Disgust,Fear,2,108,0.1147333189546296
all,Disgust,Happiness,2,108,0.2926985204055556
all,Disgust,Neutral,2,108,0.1261774039638889
all,Disgust,Sadness,2,108,0.10247502171453703
all,Disgust,Surprise,2,108,0.025761861564166665
all,Disgust,Anger,3,108,0.1583212374521296
all,Disgust,Disgust,3,108,0.20144181073796283
all,Disgust,Fear,3,108,0.1104870193638889
all,Disgust,Happiness,3,108,0.2910310893722223
all,Disgust,Neutral,3,108,0.12018059412499997
all,Disgust,Sadness,3,108,0.09933896131027778
all,Disgust,Surprise,3,108,0.019199285292870374
all,Disgust,Anger,4,108,0.15713578414138898
all,Disgust,Disgust,4,108,0.2094827720752779
all,Disgust,Fear,4,108,0.11053414147037044
all,Disgust,Happiness,4,108,0.299218623770926
all,Disgust,Neutral,4,108,0.10923912700833334
all,Disgust,Sadness,4,108,0.09752784754657409
all,Disgust,Surprise,4,108,0.016861697188518508
all,Disgust,Anger,5,108,0.16218242014537035
all,Disgust,Disgust,5,108,0.21879998637435186
all,Disgust,Fear,5,108,0.11384053468018518
all,Disgust,Happiness,5,108,0.2949194289273148
all,Disgust,Neutral,5,108,0.09516921656481482
all,Disgust,Sadness,5,108,0.09978527966962963
all,Disgust,Surprise,5,108,0.01530313503981482
all,Disgust,Anger,6,108,0.15819392536796298
all,Disgust,Disgust,6,108,0.22481279270518523
all,Disgust,Fear,6,108,0.1162718711510185
all,Disgust,Happiness,6,108,0.2942225604314816
all,Disgust,Neutral,6,108,0.08530731480462964
all,Disgust,Sadness,6,108,0.10587551502685184
all,Disgust,Surprise,6,108,0.015316025356111105
all,Disgust,Anger,7,108,0.1560781071268519
all,Disgust,Disgust,7,108,0.23511526203675925
all,Disgust,Fear,7,108,0.11531801177805551
all,Disgust,Happiness,7,108,0.28990334319907407
all,Disgust,Neutral,7,108,0.07628233939351851
all,Disgust,Sadness,7,108,0.11237977751388885
all,Disgust,Surprise,7,108,0.01492314673314816
all,Disgust,Anger,8,108,0.15142338468333333
all,Disgust,Disgust,8,108,0.24769229991296304
all,Disgust,Fear,8,108,0.11140104677018513
all,Disgust,Happiness,8,108,0.2885008134800926
all,Disgust,Neutral,8,108,0.07042011266296298
all,Disgust,Sadness,8,108,0.11438341167564821
all,Disgust,Surprise,8,108,0.016178930779722225
all,Disgust,Anger,9,108,0.14357817212314816
all,Disgust,Disgust,9,108,0.2662358199478704
all,Disgust,Fear,9,108,0.11770600168481478
all,Disgust,Happiness,9,108,0.2773062351995371
all,Disgust,Neutral,9,108,0.06059387712129633
all,Disgust,Sadness,9,108,0.11685789449037033
all,Disgust,Surprise,9,108,0.017722007924675928
all,Disgust,Anger,10,108,0.13483039565712968
all,Disgust,Disgust,10,108,0.28643879453111104
all,Disgust,Fear,10,108,0.12770473899231477
all,Disgust,Happiness,10,108,0.26402259546666657
all,Disgust,Neutral,10,108,0.06372038878703704
all,Disgust,Sadness,10,108,0.10881981725925925
all,Disgust,Surprise,10,108,0.014463270201712964
all,Disgust,Anger,11,108,0.13030077651537034
all,Disgust,Disgust,11,108,0.2923141339208334
all,Disgust,Fear,11,108,0.13743413538240734
all,Disgust,Happiness,11,108,0.2620311313462962
all,Disgust,Neutral,11,108,0.0663320095101852
all,Disgust,Sadness,11,108,0.09999934774629628
all,Disgust,Surprise,11,108,0.011588467418462962
all,Disgust,Anger,12,108,0.12678979220000003
all,Disgust,Disgust,12,108,0.30172982521379627
all,Disgust,Fear,12,108,0.1414695414646296
all,Disgust,Happiness,12,108,0.2590866648074074
all,Disgust,Neutral,12,108,0.07177142157666662
all,Disgust,Sadness,12,108,0.08861573993833334
all,Disgust,Surprise,12,108,0.010537015289898151
all,Disgust,Anger,13,108,0.13056844514703703
all,Disgust,Disgust,13,108,0.31838480024814814
all,Disgust,Fear,13,108,0.14052778472324076
all,Disgust,Happiness,13,108,0.2523149861252777
all,Disgust,Neutral,13,108,0.0613763178358333
all,Disgust,Sadness,13,108,0.08735789486629633
all,Disgust,Surprise,13,108,0.009469774182777781
all,Disgust,Anger,14,108,0.13189670269666667
all,Disgust,Disgust,14,108,0.32976830955685194
all,Disgust,Fear,14,108,0.14053614922629634
all,Disgust,Happiness,14,108,0.2460331851546297
all,Disgust,Neutral,14,108,0.05864713944574073
all,Disgust,Sadness,14,108,0.08417896604990736
all,Disgust,Surprise,14,108,0.008939542856907406
all,Disgust,Anger,15,108,0.13005069829111116
all,Disgust,Disgust,15,108,0.33720751177537034
all,Disgust,Fear,15,108,0.13718909281351846
all,Disgust,Happiness,15,108,0.23937829503481486
all,Disgust,Neutral,15,108,0.062185301962037025
all,Disgust,Sadness,15,108,0.08569251753675927
all,Disgust,Surprise,15,108,0.00829657956555556
all,Disgust,Anger,16,108,0.12683708667111113
all,Disgust,Disgust,16,108,0.349593460356574
all,Disgust,Fear,16,108,0.13245624340064815
all,Disgust,Happiness,16,108,0.2334922252050926
all,Disgust,Neutral,16,108,0.06715616658212963
all,Disgust,Sadness,16,108,0.08234758944916667
all,Disgust,Surprise,16,108,0.008117227738833332
all,Disgust,Anger,17,108,0.12433629354129631
all,Disgust,Disgust,17,108,0.36411669134916663
all,Disgust,Fear,17,108,0.12595567250342588
all,Disgust,Happiness,17,108,0.22622498356509257
all,Disgust,Neutral,17,108,0.07165850714314813
all,Disgust,Sadness,17,108,0.07824146541537036
all,Disgust,Surprise,17,108,0.009466396301583333
all,Disgust,Anger,18,108,0.12130330183518521
all,Disgust,Disgust,18,108,0.3956693617622219
all,Disgust,Fear,18,108,0.11160039822990743
all,Disgust,Happiness,18,108,0.21872368205462964
all,Disgust,Neutral,18,108,0.07091114442472224
all,Disgust,Sadness,18,108,0.07384928730407406
all,Disgust,Surprise,18,108,0.007942826763703701
all,Disgust,Anger,19,108,0.11943530605277779
all,Disgust,Disgust,19,108,0.4159825299517593
all,Disgust,Fear,19,108,0.1032196042714815
all,Disgust,Happiness,19,108,0.2162491740331481
all,Disgust,Neutral,19,108,0.06478259095601853
all,Disgust,Sadness,19,108,0.07384361494379629
all,Disgust,Surprise,19,108,0.006487182395185186
all,Disgust,Anger,20,108,0.1197079392624074
all,Disgust,Disgust,20,108,0.4279006270360185
all,Disgust,Fear,20,108,0.09726816603342593
all,Disgust,Happiness,20,108,0.21079059224203697
all,Disgust,Neutral,20,108,0.06374577494499999
all,Disgust,Sadness,20,108,0.07376359678472222
all,Disgust,Surprise,20,108,0.006823309239074075
all,Disgust,Anger,21,108,0.11872377474259262
all,Disgust,Disgust,21,108,0.4416835640004631
all,Disgust,Fear,21,108,0.08843555180833332
all,Disgust,Happiness,21,108,0.21094471188055564
all,Disgust,Neutral,21,108,0.061801504500555555
all,Disgust,Sadness,21,108,0.0710867752687037
all,Disgust,Surprise,21,108,0.0073241227137037
all,Disgust,Anger,22,108,0.12225455988657406
all,Disgust,Disgust,22,108,0.4535161497925927
all,Disgust,Fear,22,108,0.08598484968564818
all,Disgust,Happiness,22,108,0.21289119324416672
all,Disgust,Neutral,22,108,0.049527742641388914
all,Disgust,Sadness,22,108,0.06887992512592594
all,Disgust,Surprise,22,108,0.006945575189203703
all,Disgust,Anger,23,108,0.12741425457185185
all,Disgust,Disgust,23,108,0.4781012257092594
all,Disgust,Fear,23,108,0.0777316346219444
all,Disgust,Happiness,23,108,0.2111298534073147
all,Disgust,Neutral,23,108,0.03695130870925926
all,Disgust,Sadness,23,108,0.060735160991388884
all,Disgust,Surprise,23,108,0.007936558218944437
all,Disgust,Anger,24,108,0.12842892676055553
all,Disgust,Disgust,24,108,0.5089167678814817
all,Disgust,Fear,24,108,0.06518497071268516
all,Disgust,Happiness,24,108,0.20756548037129632
all,Disgust,Neutral,24,108,0.024686099745555565
all,Disgust,Sadness,24,108,0.05543246716833335
all,Disgust,Surprise,24,108,0.009785297214629628
all,Disgust,Anger,25,108,0.12542083470398147
all,Disgust,Disgust,25,108,0.5306665134568517
all,Disgust,Fear,25,108,0.06248531529703704
all,Disgust,Happiness,25,108,0.2057215757405555
all,Disgust,Neutral,25,108,0.018608196122129626
all,Disgust,Sadness,25,108,0.05109258142268519
all,Disgust,Surprise,25,108,0.00600498796559259
all,Disgust,Anger,26,108,0.12355742514500001
all,Disgust,Disgust,26,108,0.5477325352605555
all,Disgust,Fear,26,108,0.054973870309907365
all,Disgust,Happiness,26,108,0.2018464912213889
all,Disgust,Neutral,26,108,0.01613055990416667
all,Disgust,Sadness,26,108,0.05127760234027775
all,Disgust,Surprise,26,108,0.0044815256108333345
all,Disgust,Anger,27,108,0.1198944130134259
all,Disgust,Disgust,27,108,0.553310206415463
all,Disgust,Fear,27,108,0.054201993707777736
all,Disgust,Happiness,27,108,0.19998890084675922
all,Disgust,Neutral,27,108,0.013863440624537031
all,Disgust,Sadness,27,108,0.05258559075361112
all,Disgust,Surprise,27,108,0.006155456207361106
all,Disgust,Anger,28,108,0.11599126315768521
all,Disgust,Disgust,28,108,0.5642841052185186
all,Disgust,Fear,28,108,0.04925439489379629
all,Disgust,Happiness,28,108,0.2007915279888889
all,Disgust,Neutral,28,108,0.007059339770648149
all,Disgust,Sadness,28,108,0.051938741634444445
all,Disgust,Surprise,28,108,0.010680624406203707
all,Disgust,Anger,29,108,0.10916764756333334
all,Disgust,Disgust,29,108,0.586054749644074
all,Disgust,Fear,29,108,0.04744942860370372
all,Disgust,Happiness,29,108,0.19399739788787046
all,Disgust,Neutral,29,108,0.007435471002407402
all,Disgust,Sadness,29,108,0.043962655703611124
all,Disgust,Surprise,29,108,0.011932649008749999
all,Disgust,Anger,30,108,0.10545452462657406
all,Disgust,Disgust,30,108,0.6011460524555557
all,Disgust,Fear,30,108,0.05178992589490741
all,Disgust,Happiness,30,108,0.18683247992685179
all,Disgust,Neutral,30,108,0.007830899089259264
all,Disgust,Sadness,30,108,0.0367823500839815
all,Disgust,Surprise,30,108,0.0101637637275926
all,Fear,Anger,1,108,0.10667853193981491
all,Fear,Disgust,1,108,0.14246849095462968
all,Fear,Fear,1,108,0.1861909810425926
all,Fear,Happiness,1,108,0.20424811148611113
all,Fear,Neutral,1,108,0.11194460408796292
all,Fear,Sadness,1,108,0.17527805709907418
all,Fear,Surprise,1,108,0.07319122646574072
all,Fear,Anger,2,108,0.0913537213925926
all,Fear,Disgust,2,108,0.13656056142777773
all,Fear,Fear,2,108,0.21688638035092586
all,Fear,Happiness,2,108,0.2125529391256481
all,Fear,Neutral,2,108,0.1129895059685185
all,Fear,Sadness,2,108,0.17721118945277783
all,Fear,Surprise,2,108,0.05244570745638892
all,Fear,Anger,3,108,0.08482782226185186
all,Fear,Disgust,3,108,0.13687592066916665
all,Fear,Fear,3,108,0.22987888102787044
all,Fear,Happiness,3,108,0.21582036577240743
all,Fear,Neutral,3,108,0.11983724570981481
all,Fear,Sadness,3,108,0.16910739409629627
all,Fear,Surprise,3,108,0.04365236626305557
all,Fear,Anger,4,108,0.0866752089937037
all,Fear,Disgust,4,108,0.1419360773064815
all,Fear,Fear,4,108,0.23355466387333343
all,Fear,Happiness,4,108,0.21690677492055557
all,Fear,Neutral,4,108,0.12374901339185186
all,Fear,Sadness,4,108,0.15178343595527774
all,Fear,Surprise,4,108,0.04539482612425926
all,Fear,Anger,5,108,0.08768588146703706
all,Fear,Disgust,5,108,0.13873505243546297
all,Fear,Fear,5,108,0.23867394743629633
all,Fear,Happiness,5,108,0.21819653203111106
all,Fear,Neutral,5,108,0.13640455353888892
all,Fear,Sadness,5,108,0.1367828210048148
all,Fear,Surprise,5,108,0.04352121119731483
all,Fear,Anger,6,108,0.0838968749188889
all,Fear,Disgust,6,108,0.13864630631537034
all,Fear,Fear,6,108,0.24656250191259252
all,Fear,Happiness,6,108,0.21968458094194446
all,Fear,Neutral,6,108,0.14204270441962966
all,Fear,Sadness,6,108,0.12991899906777776
all,Fear,Surprise,6,108,0.039248031298796296
all,Fear,Anger,7,108,0.08757652741222223
all,Fear,Disgust,7,108,0.1464939343661111
all,Fear,Fear,7,108,0.25028759916907417
all,Fear,Happiness,7,108,0.21223275149361115
all,Fear,Neutral,7,108,0.14774990619203698
all,Fear,Sadness,7,108,0.11646965081796298
all,Fear,Surprise,7,108,0.03918962742712961
all,Fear,Anger,8,108,0.08838515037601849
all,Fear,Disgust,8,108,0.1417240455153704
all,Fear,Fear,8,108,0.27383731724083343
all,Fear,Happiness,8,108,0.20164849177250002
all,Fear,Neutral,8,108,0.1529162691651852
all,Fear,Sadness,8,108,0.10133868038564817
all,Fear,Surprise,8,108,0.04015004250981482
all,Fear,Anger,9,108,0.08324752542361111
all,Fear,Disgust,9,108,0.1421421082337963
all,Fear,Fear,9,108,0.2870656691297222
all,Fear,Happiness,9,108,0.19817713176861115
all,Fear,Neutral,9,108,0.15652546835981485
all,Fear,Sadness,9,108,0.09239679560324074
all,Fear,Surprise,9,108,0.04044529463111112
all,Fear,Anger,10,108,0.07838849075749997
all,Fear,Disgust,10,108,0.14682334606129632
all,Fear,Fear,10,108,0.2934866935164815
all,Fear,Happiness,10,108,0.194365906032963
all,Fear,Neutral,10,108,0.15756827179388888
all,Fear,Sadness,10,108,0.08687463291416664
all,Fear,Surprise,10,108,0.04249266190314816
all,Fear,Anger,11,108,0.08143206453509251
all,Fear,Disgust,11,108,0.14258225880648145
all,Fear,Fear,11,108,0.30853450872185195
all,Fear,Happiness,11,108,0.178176637467963
all,Fear,Neutral,11,108,0.1629753798737037
all,Fear,Sadness,11,108,0.08357813620324078
all,Fear,Surprise,11,108,0.04272101718194446
all,Fear,Anger,12,108,0.0859155186937037
all,Fear,Disgust,12,108,0.1395576514485185
all,Fear,Fear,12,108,0.31653231149814814
all,Fear,Happiness,12,108,0.16752859366685188
all,Fear,Neutral,12,108,0.16420798538944442
all,Fear,Sadness,12,108,0.0808583113091667
all,Fear,Surprise,12,108,0.045399627622870364
all,Fear,Anger,13,108,0.0846537925887963
all,Fear,Disgust,13,108,0.14312234502240737
all,Fear,Fear,13,108,0.32739508605675915
all,Fear,Happiness,13,108,0.15817773403481483
all,Fear,Neutral,13,108,0.15793731737962968
all,Fear,Sadness,13,108,0.07916005420333336
all,Fear,Surprise,13,108,0.04955366695583332
all,Fear,Anger,14,108,0.08095564233620367
all,Fear,Disgust,14,108,0.14657717423333336
all,Fear,Fear,14,108,0.33184441801361114
all,Fear,Happiness,14,108,0.15155237196861113
all,Fear,Neutral,14,108,0.15955496510203698
all,Fear,Sadness,14,108,0.07784212634583333
all,Fear,Surprise,14,108,0.05167330141481482
all,Fear,Anger,15,108,0.07265346624907404
all,Fear,Disgust,15,108,0.15629030363833338
all,Fear,Fear,15,108,0.33662182569999993
all,Fear,Happiness,15,108,0.14710681037694445
all,Fear,Neutral,15,108,0.1603592054977777
all,Fear,Sadness,15,108,0.07247058912435189
all,Fear,Surprise,15,108,0.05449779857833334
all,Fear,Anger,16,108,0.06165993411018519
all,Fear,Disgust,16,108,0.15482563679814815
all,Fear,Fear,16,108,0.3534403499021297
all,Fear,Happiness,16,108,0.14536446665333336
all,Fear,Neutral,16,108,0.15568444913944446
all,Fear,Sadness,16,108,0.06758392801064814
all,Fear,Surprise,16,108,0.061441238242499994
all,Fear,Anger,17,108,0.051551942137129624
all,Fear,Disgust,17,108,0.14669295636944443
all,Fear,Fear,17,108,0.3739050921954629
all,Fear,Happiness,17,108,0.13562054168916662
all,Fear,Neutral,17,108,0.15870891935138887
all,Fear,Sadness,17,108,0.06522334389824078
all,Fear,Surprise,17,108,0.06829720733620369
all,Fear,Anger,18,108,0.04483515969592595
all,Fear,Disgust,18,108,0.14255077795500004
all,Fear,Fear,18,108,0.40241757971018516
all,Fear,Happiness,18,108,0.12680081751722222
all,Fear,Neutral,18,108,0.1517533801498148
all,Fear,Sadness,18,108,0.06394062532749997
all,Fear,Surprise,18,108,0.06770166174944445
all,Fear,Anger,19,108,0.039910131730462955
all,Fear,Disgust,19,108,0.1438954766508334
all,Fear,Fear,19,108,0.4343554857090741
all,Fear,Happiness,19,108,0.11853669129175931
all,Fear,Neutral,19,108,0.1231829225610185
all,Fear,Sadness,19,108,0.06397493772175926
all,Fear,Surprise,19,108,0.0761443532100926
all,Fear,Anger,20,108,0.03158442670166666
all,Fear,Disgust,20,108,0.1489290747985185
all,Fear,Fear,20,108,0.4500858024087038
all,Fear,Happiness,20,108,0.11581249031527777
all,Fear,Neutral,20,108,0.10707197826601857
all,Fear,Sadness,20,108,0.06109855463185182
all,Fear,Surprise,20,108,0.08541767361129628
all,Fear,Anger,21,108,0.021098086261851848
all,Fear,Disgust,21,108,0.15387349097111114
all,Fear,Fear,21,108,0.4731879318487963
all,Fear,Happiness,21,108,0.11227414328518516
all,Fear,Neutral,21,108,0.09172728161944443
all,Fear,Sadness,21,108,0.05406513516592591
all,Fear,Surprise,21,108,0.09377392584814814
all,Fear,Anger,22,108,0.02039244324203704
all,Fear,Disgust,22,108,0.16573195749879635
all,Fear,Fear,22,108,0.4870212801805558
all,Fear,Happiness,22,108,0.11074388234074073
all,Fear,Neutral,22,108,0.07373553858657407
all,Fear,Sadness,22,108,0.04821010335037038
all,Fear,Surprise,22,108,0.09416479764139819
all,Fear,Anger,23,108,0.020370629757037042
all,Fear,Disgust,23,108,0.17890606534111111
all,Fear,Fear,23,108,0.4970091867499999
all,Fear,Happiness,23,108,0.1080603914462963
all,Fear,Neutral,23,108,0.06278737257287038
all,Fear,Sadness,23,108,0.036909021790092596
all,Fear,Surprise,23,108,0.09595733186935185
all,Fear,Anger,24,108,0.01736926499083333
all,Fear,Disgust,24,108,0.18981444071379627
all,Fear,Fear,24,108,0.512387495676852
all,Fear,Happiness,24,108,0.10269460698712964
all,Fear,Neutral,24,108,0.05535904531518518
all,Fear,Sadness,24,108,0.020584797200740742
all,Fear,Surprise,24,108,0.10179035175185186
all,Fear,Anger,25,108,0.014746192747685183
all,Fear,Disgust,25,108,0.19232644362583337
all,Fear,Fear,25,108,0.5303240978666667
all,Fear,Happiness,25,108,0.10406039223712961
all,Fear,Neutral,25,108,0.044840606810462966
all,Fear,Sadness,25,108,0.011647834789074074
all,Fear,Surprise,25,108,0.10205442654287038
all,Fear,Anger,26,108,0.012708066020555554
all,Fear,Disgust,26,108,0.19099226362240743
all,Fear,Fear,26,108,0.5365003004750002
all,Fear,Happiness,26,108,0.10807160960731484
all,Fear,Neutral,26,108,0.04217636674962964
all,Fear,Sadness,26,108,0.008291232033703707
all,Fear,Surprise,26,108,0.10126015975931478
all,Fear,Anger,27,108,0.012134028445370374
all,Fear,Disgust,27,108,0.1871978298198149
all,Fear,Fear,27,108,0.5524342681805555
all,Fear,Happiness,27,108,0.10835616961555558
all,Fear,Neutral,27,108,0.03651900824203703
all,Fear,Sadness,27,108,0.0067092799066666665
all,Fear,Surprise,27,108,0.09664941230407409
all,Fear,Anger,28,108,0.012506184182962964
all,Fear,Disgust,28,108,0.17560378800509258
all,Fear,Fear,28,108,0.5781208394694446
all,Fear,Happiness,28,108,0.10171042069309258
all,Fear,Neutral,28,108,0.03320547253574075
all,Fear,Sadness,28,108,0.006199148975925926
all,Fear,Surprise,28,108,0.09265414469509257
all,Fear,Anger,29,108,0.01189186670722222
all,Fear,Disgust,29,108,0.17299098097398155
all,Fear,Fear,29,108,0.5959477853046299
all,Fear,Happiness,29,108,0.09217570095527779
all,Fear,Neutral,29,108,0.030357420170555555
all,Fear,Sadness,29,108,0.006065878291759257
all,Fear,Surprise,29,108,0.09057035719379629
all,Fear,Anger,30,108,0.009246716112962962
all,Fear,Disgust,30,108,0.16845739331999998
all,Fear,Fear,30,108,0.6215849364907409
all,Fear,Happiness,30,108,0.07729655238277777
all,Fear,Neutral,30,108,0.03606838109527776
all,Fear,Sadness,30,108,0.005202171034259258
all,Fear,Surprise,30,108,0.0821438505825
all,Happiness,Anger,1,108,0.13429249209259259
all,Happiness,Disgust,1,108,0.11427779670833339
all,Happiness,Fear,1,108,0.11588445932222226
all,Happiness,Happiness,1,108,0.35431795862222226
all,Happiness,Neutral,1,108,0.1518780055740741
all,Happiness,Sadness,1,108,0.08773614945740744
all,Happiness,Surprise,1,108,0.04161313319351853
all,Happiness,Anger,2,108,0.13047717244444443
all,Happiness,Disgust,2,108,0.09017511735555551
all,Happiness,Fear,2,108,0.09783488737499997
all,Happiness,Happiness,2,108,0.4041283154333333
all,Happiness,Neutral,2,108,0.19180887697592586
all,Happiness,Sadness,2,108,0.06830274359814816
all,Happiness,Surprise,2,108,0.017272880235185188
all,Happiness,Anger,3,108,0.13096595582314818
all,Happiness,Disgust,3,108,0.09360856254629628
all,Happiness,Fear,3,108,0.08763332740166668
all,Happiness,Happiness,3,108,0.4154132453675925
all,Happiness,Neutral,3,108,0.20004378269444453
all,Happiness,Sadness,3,108,0.06200179812879633
all,Happiness,Surprise,3,108,0.010333333491759258
all,Happiness,Anger,4,108,0.12502453475462952
all,Happiness,Disgust,4,108,0.08734321149601854
all,Happiness,Fear,4,108,0.08111951586407408
all,Happiness,Happiness,4,108,0.432439936025926
all,Happiness,Neutral,4,108,0.2026723916351852
all,Happiness,Sadness,4,108,0.06347539740981485
all,Happiness,Surprise,4,108,0.007925016424259253
all,Happiness,Anger,5,108,0.11430934182037034
all,Happiness,Disgust,5,108,0.08068904954824072
all,Happiness,Fear,5,108,0.0746605458765741
all,Happiness,Happiness,5,108,0.4611450254199074
all,Happiness,Neutral,5,108,0.20322395930185178
all,Happiness,Sadness,5,108,0.05940803808027777
all,Happiness,Surprise,5,108,0.0065640349234259284
all,Happiness,Anger,6,108,0.11217457413277773
all,Happiness,Disgust,6,108,0.07615430310333336
all,Happiness,Fear,6,108,0.07289291859037038
all,Happiness,Happiness,6,108,0.47478626231481486
all,Happiness,Neutral,6,108,0.2032466563740741
all,Happiness,Sadness,6,108,0.05533165648361109
all,Happiness,Surprise,6,108,0.005413633683750001
all,Happiness,Anger,7,108,0.10667014788888894
all,Happiness,Disgust,7,108,0.0715508438274074
all,Happiness,Fear,7,108,0.07108198616240739
all,Happiness,Happiness,7,108,0.493214386425
all,Happiness,Neutral,7,108,0.1998092166990741
all,Happiness,Sadness,7,108,0.05305943651824073
all,Happiness,Surprise,7,108,0.004614005646851852
all,Happiness,Anger,8,108,0.10652364709250005
all,Happiness,Disgust,8,108,0.07119910475425924
all,Happiness,Fear,8,108,0.07068631785898144
all,Happiness,Happiness,8,108,0.5131486698814813
all,Happiness,Neutral,8,108,0.18240842371981486
all,Happiness,Sadness,8,108,0.05214821896990741
all,Happiness,Surprise,8,108,0.0038856169264907393
all,Happiness,Anger,9,108,0.10948072647749997
all,Happiness,Disgust,9,108,0.0695102686216667
all,Happiness,Fear,9,108,0.06873241184370367
all,Happiness,Happiness,9,108,0.5334138763166664
all,Happiness,Neutral,9,108,0.16516096080740736
all,Happiness,Sadness,9,108,0.049506533617037024
all,Happiness,Surprise,9,108,0.0041952237730370386
all,Happiness,Anger,10,108,0.1151927583385186
all,Happiness,Disgust,10,108,0.06581253203351853
all,Happiness,Fear,10,108,0.07016305315212966
all,Happiness,Happiness,10,108,0.5529355326712964
all,Happiness,Neutral,10,108,0.151571501762037
all,Happiness,Sadness,10,108,0.04012576592268516
all,Happiness,Surprise,10,108,0.0041988537921296264
all,Happiness,Anger,11,108,0.11462354225027777
all,Happiness,Disgust,11,108,0.06097088327046296
all,Happiness,Fear,11,108,0.07306587367379626
all,Happiness,Happiness,11,108,0.5822034689657406
all,Happiness,Neutral,11,108,0.13256229249138893
all,Happiness,Sadness,11,108,0.0323746024213889
all,Happiness,Surprise,11,108,0.004199330268805556
all,Happiness,Anger,12,108,0.11171425762842589
all,Happiness,Disgust,12,108,0.061231376065925915
all,Happiness,Fear,12,108,0.06796686429805555
all,Happiness,Happiness,12,108,0.6075539497157406
all,Happiness,Neutral,12,108,0.11831625061574068
all,Happiness,Sadness,12,108,0.02968381853240742
all,Happiness,Surprise,12,108,0.0035334839481018514
all,Happiness,Anger,13,108,0.11822619863462967
all,Happiness,Disgust,13,108,0.059699144291203696
all,Happiness,Fear,13,108,0.06496735314944446
all,Happiness,Happiness,13,108,0.6302095798666664
all,Happiness,Neutral,13,108,0.09375905493925919
all,Happiness,Sadness,13,108,0.02997200921990739
all,Happiness,Surprise,13,108,0.0031666522745277766
all,Happiness,Anger,14,108,0.11611728129583337
all,Happiness,Disgust,14,108,0.05474139764435187
all,Happiness,Fear,14,108,0.05866200548879633
all,Happiness,Happiness,14,108,0.659949191651852
all,Happiness,Neutral,14,108,0.08075349331824076
all,Happiness,Sadness,14,108,0.026891712297870365
all,Happiness,Surprise,14,108,0.0028849228557314833
all,Happiness,Anger,15,108,0.12059543489240752
all,Happiness,Disgust,15,108,0.05054833763240739
all,Happiness,Fear,15,108,0.055578146514722204
all,Happiness,Happiness,15,108,0.6817368222518517
all,Happiness,Neutral,15,108,0.06508452379546294
all,Happiness,Sadness,15,108,0.02375605444916668
all,Happiness,Surprise,15,108,0.002700682280592593
all,Happiness,Anger,16,108,0.12542497999796295
all,Happiness,Disgust,16,108,0.05002340023675927
all,Happiness,Fear,16,108,0.054212629129722245
all,Happiness,Happiness,16,108,0.6974805653157404
all,Happiness,Neutral,16,108,0.04773354286620371
all,Happiness,Sadness,16,108,0.022581285921759273
all,Happiness,Surprise,16,108,0.0025435929307777777
all,Happiness,Anger,17,108,0.11611085420759257
all,Happiness,Disgust,17,108,0.05045530994175925
all,Happiness,Fear,17,108,0.04747736796500001
all,Happiness,Happiness,17,108,0.725297297575
all,Happiness,Neutral,17,108,0.03684876224231482
all,Happiness,Sadness,17,108,0.021612792228425923
all,Happiness,Surprise,17,108,0.0021976183932962967
all,Happiness,Anger,18,108,0.10789856553546297
all,Happiness,Disgust,18,108,0.041770484569999995
all,Happiness,Fear,18,108,0.03824383790388888
all,Happiness,Happiness,18,108,0.7636289866379632
all,Happiness,Neutral,18,108,0.026042886287037034
all,Happiness,Sadness,18,108,0.020609586112037063
all,Happiness,Surprise,18,108,0.001805656431546297
all,Happiness,Anger,19,108,0.10258324581620369
all,Happiness,Disgust,19,108,0.03379725428574075
all,Happiness,Fear,19,108,0.03462579881314816
all,Happiness,Happiness,19,108,0.7857069409712963
all,Happiness,Neutral,19,108,0.022306320271018518
all,Happiness,Sadness,19,108,0.01945035163055555
all,Happiness,Surprise,19,108,0.0015300860765925929
all,Happiness,Anger,20,108,0.0928382128149074
all,Happiness,Disgust,20,108,0.033233066025925934
all,Happiness,Fear,20,108,0.026937142186759258
all,Happiness,Happiness,20,108,0.8063784081712965
all,Happiness,Neutral,20,108,0.0209566932425
all,Happiness,Sadness,20,108,0.018298649715000004
all,Happiness,Surprise,20,108,0.0013578254169814815
all,Happiness,Anger,21,108,0.08467571141055565
all,Happiness,Disgust,21,108,0.03302799469731483
all,Happiness,Fear,21,108,0.022985108155185195
all,Happiness,Happiness,21,108,0.8250116722092593
all,Happiness,Neutral,21,108,0.017216437274074077
all,Happiness,Sadness,21,108,0.015651698872129634
all,Happiness,Surprise,21,108,0.0014313743704166672
all,Happiness,Anger,22,108,0.07947803258472225
all,Happiness,Disgust,22,108,0.03189764228574074
all,Happiness,Fear,22,108,0.023775003327222224
all,Happiness,Happiness,22,108,0.8339670081879627
all,Happiness,Neutral,22,108,0.016414699524999996
all,Happiness,Sadness,22,108,0.013262259333611111
all,Happiness,Surprise,22,108,0.0012053658871111108
all,Happiness,Anger,23,108,0.07527990519537041
all,Happiness,Disgust,23,108,0.026578790879351864
all,Happiness,Fear,23,108,0.020517933392222236
all,Happiness,Happiness,23,108,0.8541936871564813
all,Happiness,Neutral,23,108,0.014203234111296292
all,Happiness,Sadness,23,108,0.008276182736666663
all,Happiness,Surprise,23,108,0.0009502587484814812
all,Happiness,Anger,24,108,0.06850920867777775
all,Happiness,Disgust,24,108,0.023242269773333317
all,Happiness,Fear,24,108,0.0175101604225
all,Happiness,Happiness,24,108,0.8709527031296296
all,Happiness,Neutral,24,108,0.014153449751388894
all,Happiness,Sadness,24,108,0.004797366613611108
all,Happiness,Surprise,24,108,0.0008348424296111107
all,Happiness,Anger,25,108,0.06404513010796299
all,Happiness,Disgust,25,108,0.023318957737777785
all,Happiness,Fear,25,108,0.016409328588055553
all,Happiness,Happiness,25,108,0.876774827075926
all,Happiness,Neutral,25,108,0.014944716481759254
all,Happiness,Sadness,25,108,0.003751199564166666
all,Happiness,Surprise,25,108,0.0007558402559814816
all,Happiness,Anger,26,108,0.06042277370092591
all,Happiness,Disgust,26,108,0.025215877847407413
all,Happiness,Fear,26,108,0.016543866248240755
all,Happiness,Happiness,26,108,0.8837726179537034
all,Happiness,Neutral,26,108,0.010013610871388893
all,Happiness,Sadness,26,108,0.0032637132688888865
all,Happiness,Surprise,26,108,0.0007675483806388882
all,Happiness,Anger,27,108,0.05675261048555555
all,Happiness,Disgust,27,108,0.0228291746752778
all,Happiness,Fear,27,108,0.01550292085361111
all,Happiness,Happiness,27,108,0.8939973653388888
all,Happiness,Neutral,27,108,0.00747804425944445
all,Happiness,Sadness,27,108,0.0026913853308333353
all,Happiness,Surprise,27,108,0.0007484881986481486
all,Happiness,Anger,28,108,0.052290619890092614
all,Happiness,Disgust,28,108,0.02027604152379631
all,Happiness,Fear,28,108,0.016387302390740745
all,Happiness,Happiness,28,108,0.9013261070583332
all,Happiness,Neutral,28,108,0.006480799447037035
all,Happiness,Sadness,28,108,0.002470879803888889
all,Happiness,Surprise,28,108,0.0007682526647870368
all,Happiness,Anger,29,108,0.05147713472898146
all,Happiness,Disgust,29,108,0.019771886363703705
all,Happiness,Fear,29,108,0.014237788797777786
all,Happiness,Happiness,29,108,0.9067971169509261
all,Happiness,Neutral,29,108,0.0048429882832407385
all,Happiness,Sadness,29,108,0.002248733889907408
all,Happiness,Surprise,29,108,0.0006243477723055556
all,Happiness,Anger,30,108,0.05012097962101852
all,Happiness,Disgust,30,108,0.018163844192222226
all,Happiness,Fear,30,108,0.01457510720203703
all,Happiness,Happiness,30,108,0.9095219391240735
all,Happiness,Neutral,30,108,0.004607942278611112
all,Happiness,Sadness,30,108,0.0023464329474999998
all,Happiness,Surprise,30,108,0.0006637623417037033
all,Neutral,Anger,1,108,0.1375113438425926
all,Neutral,Disgust,1,108,0.12050714434259259
all,Neutral,Fear,1,108,0.12388761160277777
all,Neutral,Happiness,1,108,0.15418165298425923
all,Neutral,Neutral,1,108,0.2566115794999999
all,Neutral,Sadness,1,108,0.160486795
all,Neutral,Surprise,1,108,0.046813868477777784
all,Neutral,Anger,2,108,0.11991509314999999
all,Neutral,Disgust,2,108,0.08913877701481482
all,Neutral,Fear,2,108,0.11158804155037037
all,Neutral,Happiness,2,108,0.1400017132537036
all,Neutral,Neutral,2,108,0.3682043620324074
all,Neutral,Sadness,2,108,0.15212180418333332
all,Neutral,Surprise,2,108,0.01903020724916667
all,Neutral,Anger,3,108,0.10549251676574076
all,Neutral,Disgust,3,108,0.06622771648333334
all,Neutral,Fear,3,108,0.09315855260027774
all,Neutral,Happiness,3,108,0.13711829040416662
all,Neutral,Neutral,3,108,0.4303446092111111
all,Neutral,Sadness,3,108,0.15614455559166662
all,Neutral,Surprise,3,108,0.01151375635064815
all,Neutral,Anger,4,108,0.09302586682870369
all,Neutral,Disgust,4,108,0.054620958233333336
all,Neutral,Fear,4,108,0.07888011370185187
all,Neutral,Happiness,4,108,0.14115935524537038
all,Neutral,Neutral,4,108,0.4673624955583333
all,Neutral,Sadness,4,108,0.15610507863759263
all,Neutral,Surprise,4,108,0.008846137855
all,Neutral,Anger,5,108,0.08730864324814813
all,Neutral,Disgust,5,108,0.049939717031481444
all,Neutral,Fear,5,108,0.06979868914888894
all,Neutral,Happiness,5,108,0.1312515758125926
all,Neutral,Neutral,5,108,0.4998983328611112
all,Neutral,Sadness,5,108,0.15469784323490743
all,Neutral,Surprise,5,108,0.007105197057500001
all,Neutral,Anger,6,108,0.09037129210277778
all,Neutral,Disgust,6,108,0.044758565962962966
all,Neutral,Fear,6,108,0.06364964715685184
all,Neutral,Happiness,6,108,0.12383863330648151
all,Neutral,Neutral,6,108,0.5203603051925924
all,Neutral,Sadness,6,108,0.15093633660212968
all,Neutral,Surprise,6,108,0.006085233601666668
all,Neutral,Anger,7,108,0.08684490540685183
all,Neutral,Disgust,7,108,0.03939464622314814
all,Neutral,Fear,7,108,0.06006052629333333
all,Neutral,Happiness,7,108,0.1224371357506482
all,Neutral,Neutral,7,108,0.5311076077064816
all,Neutral,Sadness,7,108,0.15511004741675927
all,Neutral,Surprise,7,108,0.00504513950175926
all,Neutral,Anger,8,108,0.09303690550805553
all,Neutral,Disgust,8,108,0.0393434426574074
all,Neutral,Fear,8,108,0.059681066437777736
all,Neutral,Happiness,8,108,0.1149479471953704
all,Neutral,Neutral,8,108,0.535415425487963
all,Neutral,Sadness,8,108,0.15308964985962967
all,Neutral,Surprise,8,108,0.004485558594722223
all,Neutral,Anger,9,108,0.0958721172148148
all,Neutral,Disgust,9,108,0.03371797848796298
all,Neutral,Fear,9,108,0.054527728918240724
all,Neutral,Happiness,9,108,0.10802238890768517
all,Neutral,Neutral,9,108,0.5482756775935186
all,Neutral,Sadness,9,108,0.15569428925740728
all,Neutral,Surprise,9,108,0.0038898174974074076
all,Neutral,Anger,10,108,0.09781773719009258
all,Neutral,Disgust,10,108,0.031164760166666673
all,Neutral,Fear,10,108,0.04767420866388889
all,Neutral,Happiness,10,108,0.10421045976629627
all,Neutral,Neutral,10,108,0.5601377841185182
all,Neutral,Sadness,10,108,0.15553230867740733
all,Neutral,Surprise,10,108,0.003462742816018518
all,Neutral,Anger,11,108,0.09585933950999995
all,Neutral,Disgust,11,108,0.03091663776203704
all,Neutral,Fear,11,108,0.04418027526805558
all,Neutral,Happiness,11,108,0.09998055620620373
all,Neutral,Neutral,11,108,0.5747557846268521
all,Neutral,Sadness,11,108,0.15118700057842596
all,Neutral,Surprise,11,108,0.003120402533425926
all,Neutral,Anger,12,108,0.09757941102592595
all,Neutral,Disgust,12,108,0.031682155761759256
all,Neutral,Fear,12,108,0.03974762491953706
all,Neutral,Happiness,12,108,0.0979679979234259
all,Neutral,Neutral,12,108,0.5831566104601852
all,Neutral,Sadness,12,108,0.14697753064537028
all,Neutral,Surprise,12,108,0.00288867063801852
all,Neutral,Anger,13,108,0.10239849650287038
all,Neutral,Disgust,13,108,0.03189233872583334
all,Neutral,Fear,13,108,0.0367758327925
all,Neutral,Happiness,13,108,0.09223719578305557
all,Neutral,Neutral,13,108,0.5903020231777778
all,Neutral,Sadness,13,108,0.14382832759009265
all,Neutral,Surprise,13,108,0.0025657903090185175
all,Neutral,Anger,14,108,0.10485302148444442
all,Neutral,Disgust,14,108,0.030993165137129616
all,Neutral,Fear,14,108,0.03438049368064816
all,Neutral,Happiness,14,108,0.08489643434601851
all,Neutral,Neutral,14,108,0.6026674934120371
all,Neutral,Sadness,14,108,0.13988060078675923
all,Neutral,Surprise,14,108,0.0023287885490740736
all,Neutral,Anger,15,108,0.11373504578481482
all,Neutral,Disgust,15,108,0.030940227865740726
all,Neutral,Fear,15,108,0.033657764988703695
all,Neutral,Happiness,15,108,0.0765413757187037
all,Neutral,Neutral,15,108,0.6049011111814816
all,Neutral,Sadness,15,108,0.13773464619175926
all,Neutral,Surprise,15,108,0.0024898268234629633
all,Neutral,Anger,16,108,0.11392246397000004
all,Neutral,Disgust,16,108,0.029449907949166656
all,Neutral,Fear,16,108,0.03255927485166668
all,Neutral,Happiness,16,108,0.07880512823666672
all,Neutral,Neutral,16,108,0.6055247827398148
all,Neutral,Sadness,16,108,0.13682167530898146
all,Neutral,Surprise,16,108,0.002916778245925925
all,Neutral,Anger,17,108,0.1133888249712963
all,Neutral,Disgust,17,108,0.027675067113611118
all,Neutral,Fear,17,108,0.03078691503444443
all,Neutral,Happiness,17,108,0.07895479621361111
all,Neutral,Neutral,17,108,0.6100026633083336
all,Neutral,Sadness,17,108,0.13627771426787036
all,Neutral,Surprise,17,108,0.0029140185774074075
all,Neutral,Anger,18,108,0.11562816086944451
all,Neutral,Disgust,18,108,0.0274069866628704
all,Neutral,Fear,18,108,0.02364646611666667
all,Neutral,Happiness,18,108,0.0739347830803704
all,Neutral,Neutral,18,108,0.6225569264564812
all,Neutral,Sadness,18,108,0.1341380566445371
all,Neutral,Surprise,18,108,0.0026886180998148134
all,Neutral,Anger,19,108,0.11625957731203701
all,Neutral,Disgust,19,108,0.02672530432722222
all,Neutral,Fear,19,108,0.016865471961388892
all,Neutral,Happiness,19,108,0.07035028692546297
all,Neutral,Neutral,19,108,0.6320613702370371
all,Neutral,Sadness,19,108,0.1352494904093518
all,Neutral,Surprise,19,108,0.00248848914212963
all,Neutral,Anger,20,108,0.11354264945370372
all,Neutral,Disgust,20,108,0.025513411189351836
all,Neutral,Fear,20,108,0.012298926881851855
all,Neutral,Happiness,20,108,0.07003469201018521
all,Neutral,Neutral,20,108,0.6391374164194441
all,Neutral,Sadness,20,108,0.13722702502092587
all,Neutral,Surprise,20,108,0.0022458743669074065
all,Neutral,Anger,21,108,0.11369949154166666
all,Neutral,Disgust,21,108,0.02511035964564815
all,Neutral,Fear,21,108,0.009827767531944455
all,Neutral,Happiness,21,108,0.06753538925111113
all,Neutral,Neutral,21,108,0.645218770722222
all,Neutral,Sadness,21,108,0.13647115851796301
all,Neutral,Surprise,21,108,0.0021370593233333334
all,Neutral,Anger,22,108,0.11352402541481482
all,Neutral,Disgust,22,108,0.02704193256796297
all,Neutral,Fear,22,108,0.007811322490277777
all,Neutral,Happiness,22,108,0.061735225242592597
all,Neutral,Neutral,22,108,0.6552511009833331
all,Neutral,Sadness,22,108,0.1326437340698148
all,Neutral,Surprise,22,108,0.0019926400862962956
all,Neutral,Anger,23,108,0.11233357689074082
all,Neutral,Disgust,23,108,0.029962795832499983
all,Neutral,Fear,23,108,0.0074236172669444435
all,Neutral,Happiness,23,108,0.05841325802814815
all,Neutral,Neutral,23,108,0.6624054394277779
all,Neutral,Sadness,23,108,0.1274618291922222
all,Neutral,Surprise,23,108,0.0019994863794444446
all,Neutral,Anger,24,108,0.11030164513333333
all,Neutral,Disgust,24,108,0.02855642236175926
all,Neutral,Fear,24,108,0.006548586978148149
all,Neutral,Happiness,24,108,0.057625172274629655
all,Neutral,Neutral,24,108,0.6719348520055556
all,Neutral,Sadness,24,108,0.12312851375777772
all,Neutral,Surprise,24,108,0.0019048067403703703
all,Neutral,Anger,25,108,0.11084211813055553
all,Neutral,Disgust,25,108,0.02689962852694445
all,Neutral,Fear,25,108,0.008002897706296294
all,Neutral,Happiness,25,108,0.049493464052685204
all,Neutral,Neutral,25,108,0.6856435063916663
all,Neutral,Sadness,25,108,0.1169860456900926
all,Neutral,Surprise,25,108,0.0021323437112037032
all,Neutral,Anger,26,108,0.11158081266296291
all,Neutral,Disgust,26,108,0.02557514952287036
all,Neutral,Fear,26,108,0.008670291723518518
all,Neutral,Happiness,26,108,0.04432128008833334
all,Neutral,Neutral,26,108,0.6957421274240739
all,Neutral,Sadness,26,108,0.11190403863888893
all,Neutral,Surprise,26,108,0.002206303318981481
all,Neutral,Anger,27,108,0.11148581976388884
all,Neutral,Disgust,27,108,0.02475475524083334
all,Neutral,Fear,27,108,0.010929847876574075
all,Neutral,Happiness,27,108,0.04459000402851853
all,Neutral,Neutral,27,108,0.6996347323490739
all,Neutral,Sadness,27,108,0.10634112851296297
all,Neutral,Surprise,27,108,0.002263718671851852
all,Neutral,Anger,28,108,0.11010125013240746
all,Neutral,Disgust,28,108,0.0261372064311111
all,Neutral,Fear,28,108,0.010092602313888886
all,Neutral,Happiness,28,108,0.041548924147870404
all,Neutral,Neutral,28,108,0.7082977432805556
all,Neutral,Sadness,28,108,0.10146377359759268
all,Neutral,Surprise,28,108,0.002358499738796296
all,Neutral,Anger,29,108,0.10716680300000005
all,Neutral,Disgust,29,108,0.028545446908055567
all,Neutral,Fear,29,108,0.011109920280462962
all,Neutral,Happiness,29,108,0.03920842771388889
all,Neutral,Neutral,29,108,0.7103791344083329
all,Neutral,Sadness,29,108,0.10121682491111113
all,Neutral,Surprise,29,108,0.0023734454794444447
all,Neutral,Anger,30,108,0.10547889608981482
all,Neutral,Disgust,30,108,0.027864140475925937
all,Neutral,Fear,30,108,0.00860095768287037
all,Neutral,Happiness,30,108,0.045074877253703724
all,Neutral,Neutral,30,108,0.7062755309490742
all,Neutral,Sadness,30,108,0.1045029151074074
all,Neutral,Surprise,30,108,0.0022026828140740743
all,Sadness,Anger,1,108,0.1633306741018519
all,Sadness,Disgust,1,108,0.1233017237407407
all,Sadness,Fear,1,108,0.09838095611388892
all,Sadness,Happiness,1,108,0.1258935534620371
all,Sadness,Neutral,1,108,0.15443061546759262
all,Sadness,Sadness,1,108,0.28098425740370353
all,Sadness,Surprise,1,108,0.05367821806574074
all,Sadness,Anger,2,108,0.14692646800555556
all,Sadness,Disgust,2,108,0.09839180459907405
all,Sadness,Fear,2,108,0.08782689827657408
all,Sadness,Happiness,2,108,0.11378659444814815
all,Sadness,Neutral,2,108,0.19778502128425932
all,Sadness,Sadness,2,108,0.3229677808148149
all,Sadness,Surprise,2,108,0.03231542805555557
all,Sadness,Anger,3,108,0.13394011197685185
all,Sadness,Disgust,3,108,0.08828256924259258
all,Sadness,Fear,3,108,0.07990398063527776
all,Sadness,Happiness,3,108,0.11224121182425925
all,Sadness,Neutral,3,108,0.2129354205777778
all,Sadness,Sadness,3,108,0.34730211326185173
all,Sadness,Surprise,3,108,0.025394594146388894
all,Sadness,Anger,4,108,0.12848265885555554
all,Sadness,Disgust,4,108,0.0974121632111111
all,Sadness,Fear,4,108,0.07070203980166666
all,Sadness,Happiness,4,108,0.1047425663905555
all,Sadness,Neutral,4,108,0.21976751708611122
all,Sadness,Sadness,4,108,0.3625173119506482
all,Sadness,Surprise,4,108,0.016375731810740743
all,Sadness,Anger,5,108,0.13663930465166668
all,Sadness,Disgust,5,108,0.10066882363796298
all,Sadness,Fear,5,108,0.06308526498194442
all,Sadness,Happiness,5,108,0.10434718635546296
all,Sadness,Neutral,5,108,0.19823320468611125
all,Sadness,Sadness,5,108,0.38424393059305567
all,Sadness,Surprise,5,108,0.01278228649314815
all,Sadness,Anger,6,108,0.145073373758426
all,Sadness,Disgust,6,108,0.09832479390342595
all,Sadness,Fear,6,108,0.0633659655357407
all,Sadness,Happiness,6,108,0.0985565220862963
all,Sadness,Neutral,6,108,0.17945606091574073
all,Sadness,Sadness,6,108,0.40738821378583334
all,Sadness,Surprise,6,108,0.007835072632555555
all,Sadness,Anger,7,108,0.13821633114833334
all,Sadness,Disgust,7,108,0.08740617468611113
all,Sadness,Fear,7,108,0.06464789756564814
all,Sadness,Happiness,7,108,0.09159272810009263
all,Sadness,Neutral,7,108,0.18004245023703694
all,Sadness,Sadness,7,108,0.43208086906240745
all,Sadness,Surprise,7,108,0.006013539773425927
all,Sadness,Anger,8,108,0.14416307972685183
all,Sadness,Disgust,8,108,0.08472788998555553
all,Sadness,Fear,8,108,0.06299951609185182
all,Sadness,Happiness,8,108,0.08625648703453702
all,Sadness,Neutral,8,108,0.16217213842499997
all,Sadness,Sadness,8,108,0.4550087916249997
all,Sadness,Surprise,8,108,0.004672108386018519
all,Sadness,Anger,9,108,0.15349457555379636
all,Sadness,Disgust,9,108,0.07991676500777779
all,Sadness,Fear,9,108,0.05864250031037036
all,Sadness,Happiness,9,108,0.07583909704574074
all,Sadness,Neutral,9,108,0.140016359025
all,Sadness,Sadness,9,108,0.4886138110604629
all,Sadness,Surprise,9,108,0.0034768915412037027
all,Sadness,Anger,10,108,0.15997843454620375
all,Sadness,Disgust,10,108,0.0809341923215741
all,Sadness,Fear,10,108,0.05328243842685185
all,Sadness,Happiness,10,108,0.07688878274157404
all,Sadness,Neutral,10,108,0.11600216954999996
all,Sadness,Sadness,10,108,0.5099317882829629
all,Sadness,Surprise,10,108,0.002982198564861111
all,Sadness,Anger,11,108,0.1663914447955556
all,Sadness,Disgust,11,108,0.08096499390064811
all,Sadness,Fear,11,108,0.05153473252129629
all,Sadness,Happiness,11,108,0.07175109463416672
all,Sadness,Neutral,11,108,0.10218562009907405
all,Sadness,Sadness,11,108,0.5244490316750925
all,Sadness,Surprise,11,108,0.0027230831458333335
all,Sadness,Anger,12,108,0.16354301732990745
all,Sadness,Disgust,12,108,0.07712215495435183
all,Sadness,Fear,12,108,0.050085387177777774
all,Sadness,Happiness,12,108,0.06619822142185185
all,Sadness,Neutral,12,108,0.08765223576722223
all,Sadness,Sadness,12,108,0.5523363360862037
all,Sadness,Surprise,12,108,0.0030626418633425937
all,Sadness,Anger,13,108,0.16550975751425925
all,Sadness,Disgust,13,108,0.07601638350879626
all,Sadness,Fear,13,108,0.044200511271018504
all,Sadness,Happiness,13,108,0.0678993467126852
all,Sadness,Neutral,13,108,0.06919014746148149
all,Sadness,Sadness,13,108,0.5741463050972223
all,Sadness,Surprise,13,108,0.003037552779537037
all,Sadness,Anger,14,108,0.16329441928379632
all,Sadness,Disgust,14,108,0.07341550952037036
all,Sadness,Fear,14,108,0.040211556725555576
all,Sadness,Happiness,14,108,0.0680866030588889
all,Sadness,Neutral,14,108,0.06192090814351853
all,Sadness,Sadness,14,108,0.590169558685648
all,Sadness,Surprise,14,108,0.0029014452554259242
all,Sadness,Anger,15,108,0.1600353743707408
all,Sadness,Disgust,15,108,0.06965611703138891
all,Sadness,Fear,15,108,0.03714610171296299
all,Sadness,Happiness,15,108,0.07238780829055555
all,Sadness,Neutral,15,108,0.05111480883240741
all,Sadness,Sadness,15,108,0.605863875731667
all,Sadness,Surprise,15,108,0.0037959155048611117
all,Sadness,Anger,16,108,0.15447714123518516
all,Sadness,Disgust,16,108,0.07144910774814811
all,Sadness,Fear,16,108,0.028936937373148154
all,Sadness,Happiness,16,108,0.07069251556046298
all,Sadness,Neutral,16,108,0.05098213326388891
all,Sadness,Sadness,16,108,0.6188469263637965
all,Sadness,Surprise,16,108,0.0046152469755555555
all,Sadness,Anger,17,108,0.15414778397592596
all,Sadness,Disgust,17,108,0.07210625161111113
all,Sadness,Fear,17,108,0.021528245150000007
all,Sadness,Happiness,17,108,0.06893169979333336
all,Sadness,Neutral,17,108,0.053738708494444454
all,Sadness,Sadness,17,108,0.6260923591573149
all,Sadness,Surprise,17,108,0.0034549514289814822
all,Sadness,Anger,18,108,0.15656239940277794
all,Sadness,Disgust,18,108,0.06962192785277778
all,Sadness,Fear,18,108,0.01431314804481482
all,Sadness,Happiness,18,108,0.06539287024138887
all,Sadness,Neutral,18,108,0.05552388935833336
all,Sadness,Sadness,18,108,0.6354620586020369
all,Sadness,Surprise,18,108,0.0031237027037962963
all,Sadness,Anger,19,108,0.16651874603796307
all,Sadness,Disgust,19,108,0.06921746627314815
all,Sadness,Fear,19,108,0.008356145373703706
all,Sadness,Happiness,19,108,0.05993374117481481
all,Sadness,Neutral,19,108,0.05163600805555558
all,Sadness,Sadness,19,108,0.6418508744800926
all,Sadness,Surprise,19,108,0.002487018400833334
all,Sadness,Anger,20,108,0.16241404906018528
all,Sadness,Disgust,20,108,0.06860762255462964
all,Sadness,Fear,20,108,0.0036303791782407394
all,Sadness,Happiness,20,108,0.05310027149555555
all,Sadness,Neutral,20,108,0.05327319500000001
all,Sadness,Sadness,20,108,0.6568674657820371
all,Sadness,Surprise,20,108,0.002107018105740741
all,Sadness,Anger,21,108,0.1662686420342592
all,Sadness,Disgust,21,108,0.06517065529444446
all,Sadness,Fear,21,108,0.0021724160386111116
all,Sadness,Happiness,21,108,0.04510912316824074
all,Sadness,Neutral,21,108,0.04798705064074073
all,Sadness,Sadness,21,108,0.6713879746110186
all,Sadness,Surprise,21,108,0.0019041367725925928
all,Sadness,Anger,22,108,0.16268694088055555
all,Sadness,Disgust,22,108,0.06764102860277778
all,Sadness,Fear,22,108,0.0021269680689814806
all,Sadness,Happiness,22,108,0.044783289214537045
all,Sadness,Neutral,22,108,0.031273815310185187
all,Sadness,Sadness,22,108,0.6895750536055552
all,Sadness,Surprise,22,108,0.0019129120848148159
all,Sadness,Anger,23,108,0.16824329462499996
all,Sadness,Disgust,23,108,0.06483029253333333
all,Sadness,Fear,23,108,0.0019619283118518503
all,Sadness,Happiness,23,108,0.03147983658592593
all,Sadness,Neutral,23,108,0.016420572955555556
all,Sadness,Sadness,23,108,0.7152714784407412
all,Sadness,Surprise,23,108,0.0017925943705555567
all,Sadness,Anger,24,108,0.16596032220740742
all,Sadness,Disgust,24,108,0.06502561257592593
all,Sadness,Fear,24,108,0.0018004539901851845
all,Sadness,Happiness,24,108,0.01981156104694445
all,Sadness,Neutral,24,108,0.01339901611481481
all,Sadness,Sadness,24,108,0.7322708625148148
all,Sadness,Surprise,24,108,0.0017321744562962963
all,Sadness,Anger,25,108,0.16250038614351853
all,Sadness,Disgust,25,108,0.06926503604814813
all,Sadness,Fear,25,108,0.0018355236991666668
all,Sadness,Happiness,25,108,0.020158078115092595
all,Sadness,Neutral,25,108,0.01078947911296296
all,Sadness,Sadness,25,108,0.7336292379537036
all,Sadness,Surprise,25,108,0.0018222615996296297
all,Sadness,Anger,26,108,0.16095035623611126
all,Sadness,Disgust,26,108,0.06865014111388888
all,Sadness,Fear,26,108,0.0016787497284259266
all,Sadness,Happiness,26,108,0.019609648273981484
all,Sadness,Neutral,26,108,0.009640765293518518
all,Sadness,Sadness,26,108,0.7377109855370368
all,Sadness,Surprise,26,108,0.0017593617425
all,Sadness,Anger,27,108,0.16363753428240735
all,Sadness,Disgust,27,108,0.07010233179259259
all,Sadness,Fear,27,108,0.001716816669074075
all,Sadness,Happiness,27,108,0.013635317138796295
all,Sadness,Neutral,27,108,0.010755575325
all,Sadness,Sadness,27,108,0.7383192334999998
all,Sadness,Surprise,27,108,0.001833195498518519
all,Sadness,Anger,28,108,0.1635675787546297
all,Sadness,Disgust,28,108,0.07150432551666666
all,Sadness,Fear,28,108,0.0017410404333333337
all,Sadness,Happiness,28,108,0.008107402431203704
all,Sadness,Neutral,28,108,0.013585213764814818
all,Sadness,Sadness,28,108,0.7396145415740741
all,Sadness,Surprise,28,108,0.0018798957259259248
all,Sadness,Anger,29,108,0.1561182254212963
all,Sadness,Disgust,29,108,0.07229653910370369
all,Sadness,Fear,29,108,0.0016941417558333338
all,Sadness,Happiness,29,108,0.004265214732592593
all,Sadness,Neutral,29,108,0.01637694728055556
all,Sadness,Sadness,29,108,0.7473735111481479
all,Sadness,Surprise,29,108,0.0018754151375925934
all,Sadness,Anger,30,108,0.15226957766203697
all,Sadness,Disgust,30,108,0.07067496266388885
all,Sadness,Fear,30,108,0.0017166446525925926
all,Sadness,Happiness,30,108,0.003085853979999999
all,Sadness,Neutral,30,108,0.020666251278703713
all,Sadness,Sadness,30,108,0.7496788450277778
all,Sadness,Surprise,30,108,0.0019078664813888902
all,Surprise,Anger,1,108,0.165201723412037
all,Surprise,Disgust,1,108,0.13333395589629632
all,Surprise,Fear,1,108,0.10500913401851852
all,Surprise,Happiness,1,108,0.15069565593148151
all,Surprise,Neutral,1,108,0.1952463842824074
all,Surprise,Sadness,1,108,0.11205888660185181
all,Surprise,Surprise,1,108,0.13845425186111113
all,Surprise,Anger,2,108,0.1568392885689813
all,Surprise,Disgust,2,108,0.11416990200685191
all,Surprise,Fear,2,108,0.09195359714537038
all,Surprise,Happiness,2,108,0.1481448791741667
all,Surprise,Neutral,2,108,0.2620668973948148
all,Surprise,Sadness,2,108,0.10252283998842594
all,Surprise,Surprise,2,108,0.12430259372398147
all,Surprise,Anger,3,108,0.1417482072717593
all,Surprise,Disgust,3,108,0.112071656474537
all,Surprise,Fear,3,108,0.1005807714166667
all,Surprise,Happiness,3,108,0.14420029418259256
all,Surprise,Neutral,3,108,0.27907223383620366
all,Surprise,Sadness,3,108,0.08859911195314808
all,Surprise,Surprise,3,108,0.13372772224796295
all,Surprise,Anger,4,108,0.12382164451314813
all,Surprise,Disgust,4,108,0.10717696695527776
all,Surprise,Fear,4,108,0.10577730688981475
all,Surprise,Happiness,4,108,0.1394258243411944
all,Surprise,Neutral,4,108,0.2902642371303705
all,Surprise,Sadness,4,108,0.08033118671657402
all,Surprise,Surprise,4,108,0.153202826685
all,Surprise,Anger,5,108,0.11038008679134259
all,Surprise,Disgust,5,108,0.10569821844814814
all,Surprise,Fear,5,108,0.104886287737037
all,Surprise,Happiness,5,108,0.13817462801309255
all,Surprise,Neutral,5,108,0.28054339735314815
all,Surprise,Sadness,5,108,0.07722625815999996
all,Surprise,Surprise,5,108,0.18309113466990745
all,Surprise,Anger,6,108,0.10317049494527779
all,Surprise,Disgust,6,108,0.10713553778759258
all,Surprise,Fear,6,108,0.10671958647407404
all,Surprise,Happiness,6,108,0.14174593617435186
all,Surprise,Neutral,6,108,0.26932743597231473
all,Surprise,Sadness,6,108,0.07192256145203703
all,Surprise,Surprise,6,108,0.19997844798120373
all,Surprise,Anger,7,108,0.09925313350444445
all,Surprise,Disgust,7,108,0.10803011016555558
all,Surprise,Fear,7,108,0.10499935870462968
all,Surprise,Happiness,7,108,0.1430767200635185
all,Surprise,Neutral,7,108,0.26117257829703705
all,Surprise,Sadness,7,108,0.06664649760879626
all,Surprise,Surprise,7,108,0.21682159991999994
all,Surprise,Anger,8,108,0.09508784488268517
all,Surprise,Disgust,8,108,0.10403582613675931
all,Surprise,Fear,8,108,0.1097256274357407
all,Surprise,Happiness,8,108,0.13729106111245365
all,Surprise,Neutral,8,108,0.24510007713212964
all,Surprise,Sadness,8,108,0.056607555778703675
all,Surprise,Surprise,8,108,0.25215200694361106
all,Surprise,Anger,9,108,0.08833574305453702
all,Surprise,Disgust,9,108,0.10208684840999996
all,Surprise,Fear,9,108,0.12357730847685186
all,Surprise,Happiness,9,108,0.1315956762889815
all,Surprise,Neutral,9,108,0.20806284603935182
all,Surprise,Sadness,9,108,0.05272211004824074
all,Surprise,Surprise,9,108,0.29361947111287057
all,Surprise,Anger,10,108,0.08792816233980559
all,Surprise,Disgust,10,108,0.09698417239888889
all,Surprise,Fear,10,108,0.141200665175
all,Surprise,Happiness,10,108,0.12375757752692593
all,Surprise,Neutral,10,108,0.1832000504569444
all,Surprise,Sadness,10,108,0.04775843253333333
all,Surprise,Surprise,10,108,0.31917094451009265
all,Surprise,Anger,11,108,0.08271784286033332
all,Surprise,Disgust,11,108,0.08333477648120374
all,Surprise,Fear,11,108,0.1554140251382407
all,Surprise,Happiness,11,108,0.11972426137310187
all,Surprise,Neutral,11,108,0.1691723436049074
all,Surprise,Sadness,11,108,0.04326416364703708
all,Surprise,Surprise,11,108,0.3463725850081482
all,Surprise,Anger,12,108,0.08344313926004633
all,Surprise,Disgust,12,108,0.08045132258546296
all,Surprise,Fear,12,108,0.15586747701240744
all,Surprise,Happiness,12,108,0.11456353714228708
all,Surprise,Neutral,12,108,0.14906687252546297
all,Surprise,Sadness,12,108,0.042609442531574095
all,Surprise,Surprise,12,108,0.3739982059835185
all,Surprise,Anger,13,108,0.08312933070583334
all,Surprise,Disgust,13,108,0.0762923271748148
all,Surprise,Fear,13,108,0.16580356832685192
all,Surprise,Happiness,13,108,0.11443441210305555
all,Surprise,Neutral,13,108,0.12398541611611112
all,Surprise,Sadness,13,108,0.04158776844879631
all,Surprise,Surprise,13,108,0.3947671740610186
all,Surprise,Anger,14,108,0.08367170995450007
all,Surprise,Disgust,14,108,0.06864900187796295
all,Surprise,Fear,14,108,0.18061872686657404
all,Surprise,Happiness,14,108,0.10905823754557407
all,Surprise,Neutral,14,108,0.10105239336759259
all,Surprise,Sadness,14,108,0.0396979759836111
all,Surprise,Surprise,14,108,0.41725195805425924
all,Surprise,Anger,15,108,0.08302572146022226
all,Surprise,Disgust,15,108,0.06192370179111111
all,Surprise,Fear,15,108,0.18563814457685185
all,Surprise,Happiness,15,108,0.10675866789990739
all,Surprise,Neutral,15,108,0.08894057868527774
all,Surprise,Sadness,15,108,0.03548522195990739
all,Surprise,Surprise,15,108,0.43822796246962964
all,Surprise,Anger,16,108,0.07114201365203707
all,Surprise,Disgust,16,108,0.0588938014187963
all,Surprise,Fear,16,108,0.1807791766768519
all,Surprise,Happiness,16,108,0.10270774728399074
all,Surprise,Neutral,16,108,0.08335406840685186
all,Surprise,Sadness,16,108,0.03459458380379629
all,Surprise,Surprise,16,108,0.4685286065152777
all,Surprise,Anger,17,108,0.06263751441476853
all,Surprise,Disgust,17,108,0.053917424900925916
all,Surprise,Fear,17,108,0.18181105211296295
all,Surprise,Happiness,17,108,0.0942384753177963
all,Surprise,Neutral,17,108,0.07366450123351855
all,Surprise,Sadness,17,108,0.0325048697901852
all,Surprise,Surprise,17,108,0.5012261630007407
all,Surprise,Anger,18,108,0.0537094206990278
all,Surprise,Disgust,18,108,0.04888767499953703
all,Surprise,Fear,18,108,0.17634203802685194
all,Surprise,Happiness,18,108,0.08151764158596299
all,Surprise,Neutral,18,108,0.07041932051500001
all,Surprise,Sadness,18,108,0.03111053788564815
all,Surprise,Surprise,18,108,0.5380133660612038
all,Surprise,Anger,19,108,0.05365995581716666
all,Surprise,Disgust,19,108,0.043990254864444425
all,Surprise,Fear,19,108,0.18104940430648142
all,Surprise,Happiness,19,108,0.06308687200749999
all,Surprise,Neutral,19,108,0.06074753966972223
all,Surprise,Sadness,19,108,0.0275952615175926
all,Surprise,Surprise,19,108,0.5698707110052778
all,Surprise,Anger,20,108,0.048056226656370334
all,Surprise,Disgust,20,108,0.038791647248240725
all,Surprise,Fear,20,108,0.18658914161805557
all,Surprise,Happiness,20,108,0.049771018248231505
all,Surprise,Neutral,20,108,0.05702644103314815
all,Surprise,Sadness,20,108,0.023531038604629618
all,Surprise,Surprise,20,108,0.5962344988919446
all,Surprise,Anger,21,108,0.03454284382523148
all,Surprise,Disgust,21,108,0.036751994496574084
all,Surprise,Fear,21,108,0.1891713625089814
all,Surprise,Happiness,21,108,0.040349236403416686
all,Surprise,Neutral,21,108,0.0525765508614815
all,Surprise,Sadness,21,108,0.02096417594824073
all,Surprise,Surprise,21,108,0.6256438372942591
all,Surprise,Anger,22,108,0.02511740882120372
all,Surprise,Disgust,22,108,0.0283112312226852
all,Surprise,Fear,22,108,0.1877044633314814
all,Surprise,Happiness,22,108,0.032867189564314815
all,Surprise,Neutral,22,108,0.042859215790555544
all,Surprise,Sadness,22,108,0.014948302308518522
all,Surprise,Surprise,22,108,0.6681921947677779
all,Surprise,Anger,23,108,0.02310481566381481
all,Surprise,Disgust,23,108,0.023354722002962958
all,Surprise,Fear,23,108,0.17984321508240736
all,Surprise,Happiness,23,108,0.03159789200212036
all,Surprise,Neutral,23,108,0.031083877493981487
all,Surprise,Sadness,23,108,0.012895894407962964
all,Surprise,Surprise,23,108,0.6981195905384261
all,Surprise,Anger,24,108,0.021705255399731477
all,Surprise,Disgust,24,108,0.019451710487314804
all,Surprise,Fear,24,108,0.18793253034074073
all,Surprise,Happiness,24,108,0.027412820973953714
all,Surprise,Neutral,24,108,0.016675703497777777
all,Surprise,Sadness,24,108,0.011982786209444441
all,Surprise,Surprise,24,108,0.7148391885930555
all,Surprise,Anger,25,108,0.017497225414712964
all,Surprise,Disgust,25,108,0.019003971630740732
all,Surprise,Fear,25,108,0.1829188552416667
all,Surprise,Happiness,25,108,0.021877711369546287
all,Surprise,Neutral,25,108,0.011930722496944449
all,Surprise,Sadness,25,108,0.011558954601388892
all,Surprise,Surprise,25,108,0.735212564473796
all,Surprise,Anger,26,108,0.012800055331231477
all,Surprise,Disgust,26,108,0.009904213881759253
all,Surprise,Fear,26,108,0.17696606144953708
all,Surprise,Happiness,26,108,0.018353633301518516
all,Surprise,Neutral,26,108,0.01083632933916667
all,Surprise,Sadness,26,108,0.011228116490370374
all,Surprise,Surprise,26,108,0.7599115796609262
all,Surprise,Anger,27,108,0.006710905441018526
all,Surprise,Disgust,27,108,0.005539765882314817
all,Surprise,Fear,27,108,0.1710563047746296
all,Surprise,Happiness,27,108,0.017636993867981485
all,Surprise,Neutral,27,108,0.005899747031666667
all,Surprise,Sadness,27,108,0.011724906937870368
all,Surprise,Surprise,27,108,0.781431384961574
all,Surprise,Anger,28,108,0.001964453732888888
all,Surprise,Disgust,28,108,0.004599119268148147
all,Surprise,Fear,28,108,0.1742514160812037
all,Surprise,Happiness,28,108,0.01525349527556481
all,Surprise,Neutral,28,108,0.0020244116581481474
all,Surprise,Sadness,28,108,0.009899909031481479
all,Surprise,Surprise,28,108,0.7920072059861112
all,Surprise,Anger,29,108,0.001425391393157407
all,Surprise,Disgust,29,108,0.00721957074361111
all,Surprise,Fear,29,108,0.1860131299296297
all,Surprise,Happiness,29,108,0.006053447779703702
all,Surprise,Neutral,29,108,0.0016202040714814814
all,Surprise,Sadness,29,108,0.009701762811944438
all,Surprise,Surprise,29,108,0.7879664928046297
all,Surprise,Anger,30,108,0.0014734664244814815
all,Surprise,Disgust,30,108,0.009237034339351854
all,Surprise,Fear,30,108,0.19474501435277763
all,Surprise,Happiness,30,108,0.002383341732657407
all,Surprise,Neutral,30,108,0.0015188844725925923
all,Surprise,Sadness,30,108,0.009197297600185183
all,Surprise,Surprise,30,108,0.7814449565379631
final_errors,Anger,Anger,1,58,0.19111082304310345
final_errors,Anger,Disgust,1,58,0.1875773897413793
final_errors,Anger,Fear,1,58,0.218556007
final_errors,Anger,Happiness,1,58,0.14204717998275862
final_errors,Anger,Neutral,1,58,0.1259263484137931
final_errors,Anger,Sadness,1,58,0.08625064436896547
final_errors,Anger,Surprise,1,58,0.0485316100362069
final_errors,Anger,Anger,2,58,0.19879581001431032
final_errors,Anger,Disgust,2,58,0.1890923120344827
final_errors,Anger,Fear,2,58,0.2445923304068965
final_errors,Anger,Happiness,2,58,0.12334412693793106
final_errors,Anger,Neutral,2,58,0.15644678354137936
final_errors,Anger,Sadness,2,58,0.06745668232706895
final_errors,Anger,Surprise,2,58,0.020271956860517238
final_errors,Anger,Anger,3,58,0.19036212776637934
final_errors,Anger,Disgust,3,58,0.20212473215689658
final_errors,Anger,Fear,3,58,0.24529148419310348
final_errors,Anger,Happiness,3,58,0.12457099571724137
final_errors,Anger,Neutral,3,58,0.1695887888827586
final_errors,Anger,Sadness,3,58,0.054682146244827576
final_errors,Anger,Surprise,3,58,0.01337971098896552
final_errors,Anger,Anger,4,58,0.18028424224206904
final_errors,Anger,Disgust,4,58,0.22703324317413792
final_errors,Anger,Fear,4,58,0.23279442771379313
final_errors,Anger,Happiness,4,58,0.11848630586034484
final_errors,Anger,Neutral,4,58,0.18043955029999997
final_errors,Anger,Sadness,4,58,0.05076348157620687
final_errors,Anger,Surprise,4,58,0.010198755522413797
final_errors,Anger,Anger,5,58,0.18794014663965514
final_errors,Anger,Disgust,5,58,0.24770120806896556
final_errors,Anger,Fear,5,58,0.21257383196379304
final_errors,Anger,Happiness,5,58,0.1074557857060345
final_errors,Anger,Neutral,5,58,0.18889530394482754
final_errors,Anger,Sadness,5,58,0.04599498662793105
final_errors,Anger,Surprise,5,58,0.00943874045758621
final_errors,Anger,Anger,6,58,0.19090123622689645
final_errors,Anger,Disgust,6,58,0.2547438389689656
final_errors,Anger,Fear,6,58,0.20619505174827593
final_errors,Anger,Happiness,6,58,0.09815431433620692
final_errors,Anger,Neutral,6,58,0.1899652844696552
final_errors,Anger,Sadness,6,58,0.044917952701551724
final_errors,Anger,Surprise,6,58,0.015122337913620689
final_errors,Anger,Anger,7,58,0.1873951714736207
final_errors,Anger,Disgust,7,58,0.27036196002413787
final_errors,Anger,Fear,7,58,0.20426188038103452
final_errors,Anger,Happiness,7,58,0.09475959644655173
final_errors,Anger,Neutral,7,58,0.17476440504551724
final_errors,Anger,Sadness,7,58,0.04828831020965517
final_errors,Anger,Surprise,7,58,0.020168650238793103
final_errors,Anger,Anger,8,58,0.18836511865672417
final_errors,Anger,Disgust,8,58,0.2815869782022413
final_errors,Anger,Fear,8,58,0.2072133092241379
final_errors,Anger,Happiness,8,58,0.09054025963275861
final_errors,Anger,Neutral,8,58,0.15850328058568963
final_errors,Anger,Sadness,8,58,0.04987775653534484
final_errors,Anger,Surprise,8,58,0.023913291722758617
final_errors,Anger,Anger,9,58,0.19686290857448283
final_errors,Anger,Disgust,9,58,0.27957587037241377
final_errors,Anger,Fear,9,58,0.19965126070620687
final_errors,Anger,Happiness,9,58,0.08983472361551721
final_errors,Anger,Neutral,9,58,0.1610994415758621
final_errors,Anger,Sadness,9,58,0.047253614912068975
final_errors,Anger,Surprise,9,58,0.02572218969
final_errors,Anger,Anger,10,58,0.19726355377189647
final_errors,Anger,Disgust,10,58,0.2921060294844828
final_errors,Anger,Fear,10,58,0.18575685981379314
final_errors,Anger,Happiness,10,58,0.09177933103793101
final_errors,Anger,Neutral,10,58,0.1640720984339655
final_errors,Anger,Sadness,10,58,0.04546631878913792
final_errors,Anger,Surprise,10,58,0.023555810231034487
final_errors,Anger,Anger,11,58,0.20512456027534479
final_errors,Anger,Disgust,11,58,0.30201445182413783
final_errors,Anger,Fear,11,58,0.17651607493551727
final_errors,Anger,Happiness,11,58,0.09464793402241381
final_errors,Anger,Neutral,11,58,0.16296834326431042
final_errors,Anger,Sadness,11,58,0.043645922903103436
final_errors,Anger,Surprise,11,58,0.015082712240862066
final_errors,Anger,Anger,12,58,0.2092240920879311
final_errors,Anger,Disgust,12,58,0.3075296871775861
final_errors,Anger,Fear,12,58,0.17472038877327584
final_errors,Anger,Happiness,12,58,0.09313775142931036
final_errors,Anger,Neutral,12,58,0.16024160326982761
final_errors,Anger,Sadness,12,58,0.043320406449827605
final_errors,Anger,Surprise,12,58,0.011826073119310344
final_errors,Anger,Anger,13,58,0.22481003078241377
final_errors,Anger,Disgust,13,58,0.30076797288275864
final_errors,Anger,Fear,13,58,0.17146680440862067
final_errors,Anger,Happiness,13,58,0.08834150049655172
final_errors,Anger,Neutral,13,58,0.15752451198758619
final_errors,Anger,Sadness,13,58,0.04679757324517241
final_errors,Anger,Surprise,13,58,0.010291611089310346
final_errors,Anger,Anger,14,58,0.2326507427167242
final_errors,Anger,Disgust,14,58,0.30915447497500004
final_errors,Anger,Fear,14,58,0.16388404109827587
final_errors,Anger,Happiness,14,58,0.07868956271724137
final_errors,Anger,Neutral,14,58,0.1571911171043103
final_errors,Anger,Sadness,14,58,0.048385733221206886
final_errors,Anger,Surprise,14,58,0.0100443270537931
final_errors,Anger,Anger,15,58,0.23673221154862062
final_errors,Anger,Disgust,15,58,0.3193763087793103
final_errors,Anger,Fear,15,58,0.15788108452241384
final_errors,Anger,Happiness,15,58,0.06874873522068964
final_errors,Anger,Neutral,15,58,0.15798436191465523
final_errors,Anger,Sadness,15,58,0.04959210848551725
final_errors,Anger,Surprise,15,58,0.009685192396206898
final_errors,Anger,Anger,16,58,0.22998430968344832
final_errors,Anger,Disgust,16,58,0.32459340062068953
final_errors,Anger,Fear,16,58,0.14925877174741378
final_errors,Anger,Happiness,16,58,0.07896812636379312
final_errors,Anger,Neutral,16,58,0.16588165194448276
final_errors,Anger,Sadness,16,58,0.042699223517758636
final_errors,Anger,Surprise,16,58,0.00861451727603448
final_errors,Anger,Anger,17,58,0.23294347141155172
final_errors,Anger,Disgust,17,58,0.33387538789827576
final_errors,Anger,Fear,17,58,0.1384835098422414
final_errors,Anger,Happiness,17,58,0.08116716411810344
final_errors,Anger,Neutral,17,58,0.1685207924798275
final_errors,Anger,Sadness,17,58,0.03651234680689656
final_errors,Anger,Surprise,17,58,0.00849732846965517
final_errors,Anger,Anger,18,58,0.2189239379536207
final_errors,Anger,Disgust,18,58,0.36280282045862056
final_errors,Anger,Fear,18,58,0.12078531494586209
final_errors,Anger,Happiness,18,58,0.08436393909603447
final_errors,Anger,Neutral,18,58,0.17112812670586214
final_errors,Anger,Sadness,18,58,0.034409390129482756
final_errors,Anger,Surprise,18,58,0.0075864666858620694
final_errors,Anger,Anger,19,58,0.20502703024068966
final_errors,Anger,Disgust,19,58,0.384152007212069
final_errors,Anger,Fear,19,58,0.0983726732293103
final_errors,Anger,Happiness,19,58,0.08752159270689654
final_errors,Anger,Neutral,19,58,0.1861471636729311
final_errors,Anger,Sadness,19,58,0.0316238305812069
final_errors,Anger,Surprise,19,58,0.007155690703275863
final_errors,Anger,Anger,20,58,0.19981779206586206
final_errors,Anger,Disgust,20,58,0.4164208369775862
final_errors,Anger,Fear,20,58,0.08212894512413793
final_errors,Anger,Happiness,20,58,0.08179909140103449
final_errors,Anger,Neutral,20,58,0.17870071559948267
final_errors,Anger,Sadness,20,58,0.03044396078310345
final_errors,Anger,Surprise,20,58,0.010688654816724137
final_errors,Anger,Anger,21,58,0.17959808159775864
final_errors,Anger,Disgust,21,58,0.45809404439482754
final_errors,Anger,Fear,21,58,0.07411046646965518
final_errors,Anger,Happiness,21,58,0.07794815467706895
final_errors,Anger,Neutral,21,58,0.1701434820084483
final_errors,Anger,Sadness,21,58,0.02844239497034482
final_errors,Anger,Surprise,21,58,0.01166338795517241
final_errors,Anger,Anger,22,58,0.16336760677793108
final_errors,Anger,Disgust,22,58,0.48601646997068965
final_errors,Anger,Fear,22,58,0.06426312379310345
final_errors,Anger,Happiness,22,58,0.07548915352344829
final_errors,Anger,Neutral,22,58,0.17025819594637925
final_errors,Anger,Sadness,22,58,0.027193703978620705
final_errors,Anger,Surprise,22,58,0.013411756103275864
final_errors,Anger,Anger,23,58,0.1492459452115517
final_errors,Anger,Disgust,23,58,0.510520539575862
final_errors,Anger,Fear,23,58,0.057808059106896556
final_errors,Anger,Happiness,23,58,0.06961579486775862
final_errors,Anger,Neutral,23,58,0.16914987274448273
final_errors,Anger,Sadness,23,58,0.02640312960706897
final_errors,Anger,Surprise,23,58,0.017256658634137924
final_errors,Anger,Anger,24,58,0.14501359888155171
final_errors,Anger,Disgust,24,58,0.5331348064775863
final_errors,Anger,Fear,24,58,0.06011278068275862
final_errors,Anger,Happiness,24,58,0.06682010331482759
final_errors,Anger,Neutral,24,58,0.14487986820051726
final_errors,Anger,Sadness,24,58,0.0364065518263793
final_errors,Anger,Surprise,24,58,0.013632289968620688
final_errors,Anger,Anger,25,58,0.12937386238793103
final_errors,Anger,Disgust,25,58,0.5652944470482759
final_errors,Anger,Fear,25,58,0.06270583127068965
final_errors,Anger,Happiness,25,58,0.0642321492075862
final_errors,Anger,Neutral,25,58,0.12598570905086212
final_errors,Anger,Sadness,25,58,0.04225156504362068
final_errors,Anger,Surprise,25,58,0.010156434100689655
final_errors,Anger,Anger,26,58,0.12057703327465515
final_errors,Anger,Disgust,26,58,0.5813427106655172
final_errors,Anger,Fear,26,58,0.0644576271724138
final_errors,Anger,Happiness,26,58,0.06112579605603449
final_errors,Anger,Neutral,26,58,0.1171193703629311
final_errors,Anger,Sadness,26,58,0.04559253828327588
final_errors,Anger,Surprise,26,58,0.00978491906275862
final_errors,Anger,Anger,27,58,0.12357354757758622
final_errors,Anger,Disgust,27,58,0.5879521472275862
final_errors,Anger,Fear,27,58,0.06130173387534484
final_errors,Anger,Happiness,27,58,0.05966894194637931
final_errors,Anger,Neutral,27,58,0.11016059206034481
final_errors,Anger,Sadness,27,58,0.04870463655793104
final_errors,Anger,Surprise,27,58,0.008638402825172415
final_errors,Anger,Anger,28,58,0.12274292979758619
final_errors,Anger,Disgust,28,58,0.593621471124138
final_errors,Anger,Fear,28,58,0.06038780543413794
final_errors,Anger,Happiness,28,58,0.06060037629086207
final_errors,Anger,Neutral,28,58,0.10209302037517241
final_errors,Anger,Sadness,28,58,0.05217164663379308
final_errors,Anger,Surprise,28,58,0.008382745436551724
final_errors,Anger,Anger,29,58,0.11802199565344826
final_errors,Anger,Disgust,29,58,0.6147330957724136
final_errors,Anger,Fear,29,58,0.06187253296137932
final_errors,Anger,Happiness,29,58,0.060970031298275856
final_errors,Anger,Neutral,29,58,0.08069590414500002
final_errors,Anger,Sadness,29,58,0.0544630454698276
final_errors,Anger,Surprise,29,58,0.009243390964655172
final_errors,Anger,Anger,30,58,0.11387907206896554
final_errors,Anger,Disgust,30,58,0.6360072402672413
final_errors,Anger,Fear,30,58,0.04706013962068965
final_errors,Anger,Happiness,30,58,0.062004553279137925
final_errors,Anger,Neutral,30,58,0.07798345267293103
final_errors,Anger,Sadness,30,58,0.05457352303448276
final_errors,Anger,Surprise,30,58,0.008492029991551724
final_errors,Disgust,Anger,1,34,0.11122214279411763
final_errors,Disgust,Disgust,1,34,0.15311152502941178
final_errors,Disgust,Fear,1,34,0.07026611382352942
final_errors,Disgust,Happiness,1,34,0.389572206
final_errors,Disgust,Neutral,1,34,0.13741952802941174
final_errors,Disgust,Sadness,1,34,0.10510355245588233
final_errors,Disgust,Surprise,1,34,0.03330492072647059
final_errors,Disgust,Anger,2,34,0.13086930720588233
final_errors,Disgust,Disgust,2,34,0.1570406739882353
final_errors,Disgust,Fear,2,34,0.05189874652941178
final_errors,Disgust,Happiness,2,34,0.403559138747059
final_errors,Disgust,Neutral,2,34,0.15187651401470587
final_errors,Disgust,Sadness,2,34,0.09039879562058824
final_errors,Disgust,Surprise,2,34,0.01435681430941177
final_errors,Disgust,Anger,3,34,0.12815469589117648
final_errors,Disgust,Disgust,3,34,0.17082440967647056
final_errors,Disgust,Fear,3,34,0.054259533411764704
final_errors,Disgust,Happiness,3,34,0.3855643472617647
final_errors,Disgust,Neutral,3,34,0.15237105119705885
final_errors,Disgust,Sadness,3,34,0.09968882957558825
final_errors,Disgust,Surprise,3,34,0.00913715150117647
final_errors,Disgust,Anger,4,34,0.13533920545882352
final_errors,Disgust,Disgust,4,34,0.17286262177352937
final_errors,Disgust,Fear,4,34,0.06558786983235294
final_errors,Disgust,Happiness,4,34,0.3775374986352941
final_errors,Disgust,Neutral,4,34,0.1399622493117647
final_errors,Disgust,Sadness,4,34,0.10206992955411762
final_errors,Disgust,Surprise,4,34,0.006640633602647057
final_errors,Disgust,Anger,5,34,0.1450513579852941
final_errors,Disgust,Disgust,5,34,0.1747226335647059
final_errors,Disgust,Fear,5,34,0.08272058596470588
final_errors,Disgust,Happiness,5,34,0.3779471680029413
final_errors,Disgust,Neutral,5,34,0.10694773675294121
final_errors,Disgust,Sadness,5,34,0.10608303780264706
final_errors,Disgust,Surprise,5,34,0.006527471280588234
final_errors,Disgust,Anger,6,34,0.13772332085588235
final_errors,Disgust,Disgust,6,34,0.16306294036470587
final_errors,Disgust,Fear,6,34,0.10793000049911763
final_errors,Disgust,Happiness,6,34,0.386237366467647
final_errors,Disgust,Neutral,6,34,0.09169699143529413
final_errors,Disgust,Sadness,6,34,0.10594839741588236
final_errors,Disgust,Surprise,6,34,0.007400988907941177
final_errors,Disgust,Anger,7,34,0.12712774687058828
final_errors,Disgust,Disgust,7,34,0.15329199154588236
final_errors,Disgust,Fear,7,34,0.12252037927058822
final_errors,Disgust,Happiness,7,34,0.39126767062058826
final_errors,Disgust,Neutral,7,34,0.0905479681852941
final_errors,Disgust,Sadness,7,34,0.10886925746352939
final_errors,Disgust,Surprise,7,34,0.006374972070882353
final_errors,Disgust,Anger,8,34,0.1244208882
final_errors,Disgust,Disgust,8,34,0.1472085326282353
final_errors,Disgust,Fear,8,34,0.12935169420382353
final_errors,Disgust,Happiness,8,34,0.3956652084882353
final_errors,Disgust,Neutral,8,34,0.08639505471764705
final_errors,Disgust,Sadness,8,34,0.11149132369147059
final_errors,Disgust,Surprise,8,34,0.005467285611764705
final_errors,Disgust,Anger,9,34,0.1219270028882353
final_errors,Disgust,Disgust,9,34,0.14706177897264702
final_errors,Disgust,Fear,9,34,0.15345790471411763
final_errors,Disgust,Happiness,9,34,0.381430324517647
final_errors,Disgust,Neutral,9,34,0.08563739737352942
final_errors,Disgust,Sadness,9,34,0.1048884198682353
final_errors,Disgust,Surprise,9,34,0.005597179943088235
final_errors,Disgust,Anger,10,34,0.12167406143441176
final_errors,Disgust,Disgust,10,34,0.1465574473352941
final_errors,Disgust,Fear,10,34,0.18699746928823532
final_errors,Disgust,Happiness,10,34,0.35703907397647056
final_errors,Disgust,Neutral,10,34,0.09134967665000003
final_errors,Disgust,Sadness,10,34,0.09031529970117645
final_errors,Disgust,Surprise,10,34,0.0060669898824999985
final_errors,Disgust,Anger,11,34,0.12458767237235296
final_errors,Disgust,Disgust,11,34,0.14039132029294116
final_errors,Disgust,Fear,11,34,0.20005699819205885
final_errors,Disgust,Happiness,11,34,0.360038665014706
final_errors,Disgust,Neutral,11,34,0.08680054099117647
final_errors,Disgust,Sadness,11,34,0.08230779595999999
final_errors,Disgust,Surprise,11,34,0.005817014271882352
final_errors,Disgust,Anger,12,34,0.1184644508411765
final_errors,Disgust,Disgust,12,34,0.13831147754617645
final_errors,Disgust,Fear,12,34,0.21291949282529415
final_errors,Disgust,Happiness,12,34,0.3555542965264705
final_errors,Disgust,Neutral,12,34,0.0963937136264706
final_errors,Disgust,Sadness,12,34,0.07262031601676472
final_errors,Disgust,Surprise,12,34,0.005736257360705882
final_errors,Disgust,Anger,13,34,0.1296780307935294
final_errors,Disgust,Disgust,13,34,0.12485150452352937
final_errors,Disgust,Fear,13,34,0.22201222073941174
final_errors,Disgust,Happiness,13,34,0.35572075434705874
final_errors,Disgust,Neutral,13,34,0.07650949643529412
final_errors,Disgust,Sadness,13,34,0.08522540899382353
final_errors,Disgust,Surprise,13,34,0.006002587964705883
final_errors,Disgust,Anger,14,34,0.14572596438647056
final_errors,Disgust,Disgust,14,34,0.12646062544823528
final_errors,Disgust,Fear,14,34,0.21923227462058817
final_errors,Disgust,Happiness,14,34,0.3533413903735295
final_errors,Disgust,Neutral,14,34,0.059869660767647055
final_errors,Disgust,Sadness,14,34,0.08905650105411765
final_errors,Disgust,Surprise,14,34,0.006313577162941179
final_errors,Disgust,Anger,15,34,0.14810411188941172
final_errors,Disgust,Disgust,15,34,0.12633363278235296
final_errors,Disgust,Fear,15,34,0.21130213452294117
final_errors,Disgust,Happiness,15,34,0.3574803971605882
final_errors,Disgust,Neutral,15,34,0.06058333188823529
final_errors,Disgust,Sadness,15,34,0.09008992627029414
final_errors,Disgust,Surprise,15,34,0.00610646475852941
final_errors,Disgust,Anger,16,34,0.1448604004964706
final_errors,Disgust,Disgust,16,34,0.119835323865
final_errors,Disgust,Fear,16,34,0.20673474755705884
final_errors,Disgust,Happiness,16,34,0.3628389419579412
final_errors,Disgust,Neutral,16,34,0.07196208305294116
final_errors,Disgust,Sadness,16,34,0.08785353966735297
final_errors,Disgust,Surprise,16,34,0.005914960004823531
final_errors,Disgust,Anger,17,34,0.1412023899547059
final_errors,Disgust,Disgust,17,34,0.1123417651070588
final_errors,Disgust,Fear,17,34,0.2024269053614706
final_errors,Disgust,Happiness,17,34,0.3685185901441177
final_errors,Disgust,Neutral,17,34,0.08492599112647065
final_errors,Disgust,Sadness,17,34,0.08511142514088234
final_errors,Disgust,Surprise,17,34,0.005472935587676471
final_errors,Disgust,Anger,18,34,0.14263048504588238
final_errors,Disgust,Disgust,18,34,0.12393983335764706
final_errors,Disgust,Fear,18,34,0.18953083675470586
final_errors,Disgust,Happiness,18,34,0.36328625338529413
final_errors,Disgust,Neutral,18,34,0.09549868642941177
final_errors,Disgust,Sadness,18,34,0.07965711258735295
final_errors,Disgust,Surprise,18,34,0.00545679524617647
final_errors,Disgust,Anger,19,34,0.1424739920529412
final_errors,Disgust,Disgust,19,34,0.12466640397323533
final_errors,Disgust,Fear,19,34,0.17028731607323533
final_errors,Disgust,Happiness,19,34,0.3863341874205884
final_errors,Disgust,Neutral,19,34,0.08801306980882355
final_errors,Disgust,Sadness,19,34,0.08336005977029413
final_errors,Disgust,Surprise,19,34,0.004864970086764706
final_errors,Disgust,Anger,20,34,0.1495146351579412
final_errors,Disgust,Disgust,20,34,0.11094495270558824
final_errors,Disgust,Fear,20,34,0.16697853618029407
final_errors,Disgust,Happiness,20,34,0.39186467899529415
final_errors,Disgust,Neutral,20,34,0.09482366753235298
final_errors,Disgust,Sadness,20,34,0.08109844331735294
final_errors,Disgust,Surprise,20,34,0.004775097133529412
final_errors,Disgust,Anger,21,34,0.15790537720588235
final_errors,Disgust,Disgust,21,34,0.11065909556029414
final_errors,Disgust,Fear,21,34,0.14982070080147059
final_errors,Disgust,Happiness,21,34,0.41084635490588234
final_errors,Disgust,Neutral,21,34,0.0916868859970588
final_errors,Disgust,Sadness,21,34,0.07408446670264707
final_errors,Disgust,Surprise,21,34,0.004997111396764707
final_errors,Disgust,Anger,22,34,0.15764954259558825
final_errors,Disgust,Disgust,22,34,0.10491608640294116
final_errors,Disgust,Fear,22,34,0.14528837919264703
final_errors,Disgust,Happiness,22,34,0.4314354360323529
final_errors,Disgust,Neutral,22,34,0.0815008287764706
final_errors,Disgust,Sadness,22,34,0.07155452034029412
final_errors,Disgust,Surprise,22,34,0.007655214293647059
final_errors,Disgust,Anger,23,34,0.16868224776058827
final_errors,Disgust,Disgust,23,34,0.10543859896470587
final_errors,Disgust,Fear,23,34,0.1396845034852941
final_errors,Disgust,Happiness,23,34,0.43889576480705883
final_errors,Disgust,Neutral,23,34,0.06808669219264707
final_errors,Disgust,Sadness,23,34,0.06597383179029413
final_errors,Disgust,Surprise,23,34,0.013238347424882353
final_errors,Disgust,Anger,24,34,0.18277426123941182
final_errors,Disgust,Disgust,24,34,0.10199654442058824
final_errors,Disgust,Fear,24,34,0.13165760443029412
final_errors,Disgust,Happiness,24,34,0.4475576756147057
final_errors,Disgust,Neutral,24,34,0.050618261816470576
final_errors,Disgust,Sadness,24,34,0.0648780119817647
final_errors,Disgust,Surprise,24,34,0.020517631534117644
final_errors,Disgust,Anger,25,34,0.19056583565970592
final_errors,Disgust,Disgust,25,34,0.08956748878647056
final_errors,Disgust,Fear,25,34,0.13314540203676473
final_errors,Disgust,Happiness,25,34,0.4726898639338235
final_errors,Disgust,Neutral,25,34,0.04231641831764705
final_errors,Disgust,Sadness,25,34,0.06293915889705884
final_errors,Disgust,Surprise,25,34,0.008775836090117646
final_errors,Disgust,Anger,26,34,0.19364768603411764
final_errors,Disgust,Disgust,26,34,0.08321004701588233
final_errors,Disgust,Fear,26,34,0.11359892141235296
final_errors,Disgust,Happiness,26,34,0.49851657052205867
final_errors,Disgust,Neutral,26,34,0.03879890688382354
final_errors,Disgust,Sadness,26,34,0.06735698782088236
final_errors,Disgust,Surprise,26,34,0.004870882499117648
final_errors,Disgust,Anger,27,34,0.199456256175
final_errors,Disgust,Disgust,27,34,0.05415370536382354
final_errors,Disgust,Fear,27,34,0.10804335866382356
final_errors,Disgust,Happiness,27,34,0.5119815619779411
final_errors,Disgust,Neutral,27,34,0.034758571044999985
final_errors,Disgust,Sadness,27,34,0.08139666420264705
final_errors,Disgust,Surprise,27,34,0.0102098987025
final_errors,Disgust,Anger,28,34,0.2116253226920588
final_errors,Disgust,Disgust,28,34,0.05987501634117647
final_errors,Disgust,Fear,28,34,0.09522806026735292
final_errors,Disgust,Happiness,28,34,0.5135035773988235
final_errors,Disgust,Neutral,28,34,0.013917208425294116
final_errors,Disgust,Sadness,28,34,0.08232836652117648
final_errors,Disgust,Surprise,28,34,0.023522452830882362
final_errors,Disgust,Anger,29,34,0.21664383584823527
final_errors,Disgust,Disgust,29,34,0.05518481651647058
final_errors,Disgust,Fear,29,34,0.08710416412058823
final_errors,Disgust,Happiness,29,34,0.516137666727353
final_errors,Disgust,Neutral,29,34,0.015279578579411764
final_errors,Disgust,Sadness,29,34,0.08148581575264705
final_errors,Disgust,Surprise,29,34,0.028164132033676455
final_errors,Disgust,Anger,30,34,0.21965574954911765
final_errors,Disgust,Disgust,30,34,0.060646709858823505
final_errors,Disgust,Fear,30,34,0.09050527961323526
final_errors,Disgust,Happiness,30,34,0.5165128697117648
final_errors,Disgust,Neutral,30,34,0.016625086591470595
final_errors,Disgust,Sadness,30,34,0.07424356919911765
final_errors,Disgust,Surprise,30,34,0.021810719131764706
final_errors,Fear,Anger,1,37,0.08674032422162163
final_errors,Fear,Disgust,1,37,0.13708440539189187
final_errors,Fear,Fear,1,37,0.14382149019729729
final_errors,Fear,Happiness,1,37,0.2876863570675675
final_errors,Fear,Neutral,1,37,0.0684965188783784
final_errors,Fear,Sadness,1,37,0.18207010399999995
final_errors,Fear,Surprise,1,37,0.0941007990081081
final_errors,Fear,Anger,2,37,0.059998436116216226
final_errors,Fear,Disgust,2,37,0.1480487859162162
final_errors,Fear,Fear,2,37,0.150928942927027
final_errors,Fear,Happiness,2,37,0.30481397667216215
final_errors,Fear,Neutral,2,37,0.06252350764054053
final_errors,Fear,Sadness,2,37,0.1938452557135135
final_errors,Fear,Surprise,2,37,0.0798410915591892
final_errors,Fear,Anger,3,37,0.05569569175702702
final_errors,Fear,Disgust,3,37,0.15897240981
final_errors,Fear,Fear,3,37,0.15614201166081082
final_errors,Fear,Happiness,3,37,0.31776243759918915
final_errors,Fear,Neutral,3,37,0.0630002874962162
final_errors,Fear,Sadness,3,37,0.1785367572278379
final_errors,Fear,Surprise,3,37,0.06989039799324323
final_errors,Fear,Anger,4,37,0.06182757566135135
final_errors,Fear,Disgust,4,37,0.16713212849999995
final_errors,Fear,Fear,4,37,0.15983272396486486
final_errors,Fear,Happiness,4,37,0.3180221012535135
final_errors,Fear,Neutral,4,37,0.061653520766216226
final_errors,Fear,Sadness,4,37,0.15882784131216218
final_errors,Fear,Surprise,4,37,0.07270411879378377
final_errors,Fear,Anger,5,37,0.06627180881675677
final_errors,Fear,Disgust,5,37,0.16800499309540537
final_errors,Fear,Fear,5,37,0.16435512266000002
final_errors,Fear,Happiness,5,37,0.3157340368345946
final_errors,Fear,Neutral,5,37,0.06480714682972971
final_errors,Fear,Sadness,5,37,0.14593739304324327
final_errors,Fear,Surprise,5,37,0.07488950158972973
final_errors,Fear,Anger,6,37,0.07712225902162162
final_errors,Fear,Disgust,6,37,0.16282058940972977
final_errors,Fear,Fear,6,37,0.1736950338843243
final_errors,Fear,Happiness,6,37,0.3238936246737838
final_errors,Fear,Neutral,6,37,0.06121047012351349
final_errors,Fear,Sadness,6,37,0.13496877129
final_errors,Fear,Surprise,6,37,0.06628926081054055
final_errors,Fear,Anger,7,37,0.09129417790756755
final_errors,Fear,Disgust,7,37,0.18721812402270266
final_errors,Fear,Fear,7,37,0.15747026148810817
final_errors,Fear,Happiness,7,37,0.3266681718091892
final_errors,Fear,Neutral,7,37,0.06070262346594592
final_errors,Fear,Sadness,7,37,0.11742087823324325
final_errors,Fear,Surprise,7,37,0.059225766513513516
final_errors,Fear,Anger,8,37,0.09518374945459461
final_errors,Fear,Disgust,8,37,0.1884890815205405
final_errors,Fear,Fear,8,37,0.17117774407162162
final_errors,Fear,Happiness,8,37,0.320600981462973
final_errors,Fear,Neutral,8,37,0.06153360072270271
final_errors,Fear,Sadness,8,37,0.1040139932418919
final_errors,Fear,Surprise,8,37,0.05900085322972972
final_errors,Fear,Anger,9,37,0.08603048330054053
final_errors,Fear,Disgust,9,37,0.18745647787162165
final_errors,Fear,Fear,9,37,0.18223291709729725
final_errors,Fear,Happiness,9,37,0.3245553724216217
final_errors,Fear,Neutral,9,37,0.06683571649081081
final_errors,Fear,Sadness,9,37,0.09338718233432432
final_errors,Fear,Surprise,9,37,0.05950183720189189
final_errors,Fear,Anger,10,37,0.08298655965837838
final_errors,Fear,Disgust,10,37,0.194932070132973
final_errors,Fear,Fear,10,37,0.18873397310945944
final_errors,Fear,Happiness,10,37,0.31703938084918926
final_errors,Fear,Neutral,10,37,0.07586995803162164
final_errors,Fear,Sadness,10,37,0.08074489881135134
final_errors,Fear,Surprise,10,37,0.05969317451891892
final_errors,Fear,Anger,11,37,0.09201097288162162
final_errors,Fear,Disgust,11,37,0.19344194643243245
final_errors,Fear,Fear,11,37,0.19974216871297298
final_errors,Fear,Happiness,11,37,0.29876797010621625
final_errors,Fear,Neutral,11,37,0.07877080272297295
final_errors,Fear,Sadness,11,37,0.0765777593178378
final_errors,Fear,Surprise,11,37,0.06068838154702704
final_errors,Fear,Anger,12,37,0.10117117801270273
final_errors,Fear,Disgust,12,37,0.18534124890648648
final_errors,Fear,Fear,12,37,0.2036879258567567
final_errors,Fear,Happiness,12,37,0.28606521862054046
final_errors,Fear,Neutral,12,37,0.08348559167297301
final_errors,Fear,Sadness,12,37,0.07338471888729732
final_errors,Fear,Surprise,12,37,0.06686411753108108
final_errors,Fear,Anger,13,37,0.11214660626054056
final_errors,Fear,Disgust,13,37,0.19121661064378379
final_errors,Fear,Fear,13,37,0.20426787720486483
final_errors,Fear,Happiness,13,37,0.26308402660567565
final_errors,Fear,Neutral,13,37,0.08494248077378379
final_errors,Fear,Sadness,13,37,0.06825870344999996
final_errors,Fear,Surprise,13,37,0.0760836957327027
final_errors,Fear,Anger,14,37,0.11495334824486488
final_errors,Fear,Disgust,14,37,0.19728910241351355
final_errors,Fear,Fear,14,37,0.19712183614216222
final_errors,Fear,Happiness,14,37,0.2556134698029729
final_errors,Fear,Neutral,14,37,0.08852450955945947
final_errors,Fear,Sadness,14,37,0.0640008306702703
final_errors,Fear,Surprise,14,37,0.08249689536432432
final_errors,Fear,Anger,15,37,0.10423480417567567
final_errors,Fear,Disgust,15,37,0.21351301885243243
final_errors,Fear,Fear,15,37,0.1933865092459459
final_errors,Fear,Happiness,15,37,0.24848125743540542
final_errors,Fear,Neutral,15,37,0.09237902399729729
final_errors,Fear,Sadness,15,37,0.05651796654864862
final_errors,Fear,Surprise,15,37,0.09148742239027027
final_errors,Fear,Anger,16,37,0.09171041612081082
final_errors,Fear,Disgust,16,37,0.2146457051837838
final_errors,Fear,Fear,16,37,0.20714586252162162
final_errors,Fear,Happiness,16,37,0.2394389382348648
final_errors,Fear,Neutral,16,37,0.08755559850540542
final_errors,Fear,Sadness,16,37,0.04753411055351354
final_errors,Fear,Surprise,16,37,0.11196936611027027
final_errors,Fear,Anger,17,37,0.08068687352972975
final_errors,Fear,Disgust,17,37,0.22795946587567567
final_errors,Fear,Fear,17,37,0.20573749915999998
final_errors,Fear,Happiness,17,37,0.22842950084702707
final_errors,Fear,Neutral,17,37,0.09223360702432433
final_errors,Fear,Sadness,17,37,0.04245472956162162
final_errors,Fear,Surprise,17,37,0.12249832141756754
final_errors,Fear,Anger,18,37,0.06792013105999996
final_errors,Fear,Disgust,18,37,0.23759659236594596
final_errors,Fear,Fear,18,37,0.20253018233243245
final_errors,Fear,Happiness,18,37,0.22654003874864864
final_errors,Fear,Neutral,18,37,0.09949202340540543
final_errors,Fear,Sadness,18,37,0.04293738423405406
final_errors,Fear,Surprise,18,37,0.1229836496737838
final_errors,Fear,Anger,19,37,0.06578742169459459
final_errors,Fear,Disgust,19,37,0.25583868094297313
final_errors,Fear,Fear,19,37,0.19334809889810814
final_errors,Fear,Happiness,19,37,0.21310154024891892
final_errors,Fear,Neutral,19,37,0.08833801749459458
final_errors,Fear,Sadness,19,37,0.05003299112351351
final_errors,Fear,Surprise,19,37,0.13355324456648648
final_errors,Fear,Anger,20,37,0.05919616265675675
final_errors,Fear,Disgust,20,37,0.27100940001999996
final_errors,Fear,Fear,20,37,0.1724304275945946
final_errors,Fear,Happiness,20,37,0.2057077204202703
final_errors,Fear,Neutral,20,37,0.08779593581081081
final_errors,Fear,Sadness,20,37,0.05637805172810812
final_errors,Fear,Surprise,20,37,0.1474823054016216
final_errors,Fear,Anger,21,37,0.03807494383216218
final_errors,Fear,Disgust,21,37,0.29302867905702695
final_errors,Fear,Fear,21,37,0.15659555934864863
final_errors,Fear,Happiness,21,37,0.20354818610243244
final_errors,Fear,Neutral,21,37,0.08937486114864863
final_errors,Fear,Sadness,21,37,0.054213776488108094
final_errors,Fear,Surprise,21,37,0.16516400018513513
final_errors,Fear,Anger,22,37,0.030490030840540545
final_errors,Fear,Disgust,22,37,0.3081796530548647
final_errors,Fear,Fear,22,37,0.1540418554648649
final_errors,Fear,Happiness,22,37,0.20102265131081082
final_errors,Fear,Neutral,22,37,0.08882869810675673
final_errors,Fear,Sadness,22,37,0.0454324456554054
final_errors,Fear,Surprise,22,37,0.17200466214543242
final_errors,Fear,Anger,23,37,0.035512369869459465
final_errors,Fear,Disgust,23,37,0.32766084275513513
final_errors,Fear,Fear,23,37,0.13863170178918918
final_errors,Fear,Happiness,23,37,0.19561122831162162
final_errors,Fear,Neutral,23,37,0.08778391534054054
final_errors,Fear,Sadness,23,37,0.03398647980675677
final_errors,Fear,Surprise,23,37,0.18081346824297295
final_errors,Fear,Anger,24,37,0.033955367029459456
final_errors,Fear,Disgust,24,37,0.3565946568727027
final_errors,Fear,Fear,24,37,0.11909775394054052
final_errors,Fear,Happiness,24,37,0.18797187688297298
final_errors,Fear,Neutral,24,37,0.08137301554000002
final_errors,Fear,Sadness,24,37,0.022486883704864857
final_errors,Fear,Surprise,24,37,0.19852045261891887
final_errors,Fear,Anger,25,37,0.03167502517729729
final_errors,Fear,Disgust,25,37,0.37511617576999995
final_errors,Fear,Fear,25,37,0.11317219008918919
final_errors,Fear,Happiness,25,37,0.18679416745324326
final_errors,Fear,Neutral,25,37,0.07181277510189195
final_errors,Fear,Sadness,25,37,0.015934034213243242
final_errors,Fear,Surprise,25,37,0.20549562440729732
final_errors,Fear,Anger,26,37,0.026400126586486487
final_errors,Fear,Disgust,26,37,0.3806505590491891
final_errors,Fear,Fear,26,37,0.10272742792702703
final_errors,Fear,Happiness,26,37,0.20088192408729727
final_errors,Fear,Neutral,26,37,0.06909262264135134
final_errors,Fear,Sadness,26,37,0.011578972727837838
final_errors,Fear,Surprise,26,37,0.20866836964340538
final_errors,Fear,Anger,27,37,0.02541234016891892
final_errors,Fear,Disgust,27,37,0.3838207410362162
final_errors,Fear,Fear,27,37,0.10265387139189187
final_errors,Fear,Happiness,27,37,0.20918651113729725
final_errors,Fear,Neutral,27,37,0.0632797536527027
final_errors,Fear,Sadness,27,37,0.009767769485675676
final_errors,Fear,Surprise,27,37,0.20587900503621623
final_errors,Fear,Anger,28,37,0.026626683734324325
final_errors,Fear,Disgust,28,37,0.3782060741743243
final_errors,Fear,Fear,28,37,0.11204852218108106
final_errors,Fear,Happiness,28,37,0.20999520715281078
final_errors,Fear,Neutral,28,37,0.06549276023351355
final_errors,Fear,Sadness,28,37,0.008989098283513512
final_errors,Fear,Surprise,28,37,0.19864165363162162
final_errors,Fear,Anger,29,37,0.026069723133513516
final_errors,Fear,Disgust,29,37,0.38594359176459453
final_errors,Fear,Fear,29,37,0.11436068088918919
final_errors,Fear,Happiness,29,37,0.2060454608856757
final_errors,Fear,Neutral,29,37,0.06676915791864863
final_errors,Fear,Sadness,29,37,0.009746085327567568
final_errors,Fear,Surprise,29,37,0.19106531003054053
final_errors,Fear,Anger,30,37,0.01991137506486486
final_errors,Fear,Disgust,30,37,0.39105991064486484
final_errors,Fear,Fear,30,37,0.12766873975675672
final_errors,Fear,Happiness,30,37,0.19297052037945947
final_errors,Fear,Neutral,30,37,0.08604243379459459
final_errors,Fear,Sadness,30,37,0.008570683127837837
final_errors,Fear,Surprise,30,37,0.17377634465972974
final_errors,Happiness,Anger,1,9,0.33188767111111106
final_errors,Happiness,Disgust,1,9,0.20772954888888887
final_errors,Happiness,Fear,1,9,0.09856206555555555
final_errors,Happiness,Happiness,1,9,0.11078965411111111
final_errors,Happiness,Neutral,1,9,0.06692236622222221
final_errors,Happiness,Sadness,1,9,0.14429606166666664
final_errors,Happiness,Surprise,1,9,0.03981265444444444
final_errors,Happiness,Anger,2,9,0.48110506211111115
final_errors,Happiness,Disgust,2,9,0.20402984400000002
final_errors,Happiness,Fear,2,9,0.05574616245555556
final_errors,Happiness,Happiness,2,9,0.08491237377777777
final_errors,Happiness,Neutral,2,9,0.033067215222222224
final_errors,Happiness,Sadness,2,9,0.127006874
final_errors,Happiness,Surprise,2,9,0.014132467022222222
final_errors,Happiness,Anger,3,9,0.5312468122222224
final_errors,Happiness,Disgust,3,9,0.19907652655555555
final_errors,Happiness,Fear,3,9,0.03953383151111111
final_errors,Happiness,Happiness,3,9,0.08631566686666665
final_errors,Happiness,Neutral,3,9,0.022126924888888885
final_errors,Happiness,Sadness,3,9,0.11414379988888888
final_errors,Happiness,Surprise,3,9,0.007556443182222223
final_errors,Happiness,Anger,4,9,0.5407533985555556
final_errors,Happiness,Disgust,4,9,0.17705364199999998
final_errors,Happiness,Fear,4,9,0.03623079273333333
final_errors,Happiness,Happiness,4,9,0.08567613348888889
final_errors,Happiness,Neutral,4,9,0.019525386222222222
final_errors,Happiness,Sadness,4,9,0.1354141347777778
final_errors,Happiness,Surprise,4,9,0.005346484626666667
final_errors,Happiness,Anger,5,9,0.5322327094444445
final_errors,Happiness,Disgust,5,9,0.17723228544444444
final_errors,Happiness,Fear,5,9,0.03612137677777779
final_errors,Happiness,Happiness,5,9,0.08545782831111111
final_errors,Happiness,Neutral,5,9,0.030559652555555556
final_errors,Happiness,Sadness,5,9,0.13367163893333334
final_errors,Happiness,Surprise,5,9,0.00472450237111111
final_errors,Happiness,Anger,6,9,0.5427245658888888
final_errors,Happiness,Disgust,6,9,0.17319171833333333
final_errors,Happiness,Fear,6,9,0.03033152896666667
final_errors,Happiness,Happiness,6,9,0.084791375
final_errors,Happiness,Neutral,6,9,0.029703563555555552
final_errors,Happiness,Sadness,6,9,0.13513558544444446
final_errors,Happiness,Surprise,6,9,0.004121668885555555
final_errors,Happiness,Anger,7,9,0.569423593
final_errors,Happiness,Disgust,7,9,0.16742632588888892
final_errors,Happiness,Fear,7,9,0.029929763555555558
final_errors,Happiness,Happiness,7,9,0.08462706886666665
final_errors,Happiness,Neutral,7,9,0.025975531066666665
final_errors,Happiness,Sadness,7,9,0.11878949656666668
final_errors,Happiness,Surprise,7,9,0.0038282527377777775
final_errors,Happiness,Anger,8,9,0.5730345482222222
final_errors,Happiness,Disgust,8,9,0.15013005299999999
final_errors,Happiness,Fear,8,9,0.03241326201111112
final_errors,Happiness,Happiness,8,9,0.08169836308888888
final_errors,Happiness,Neutral,8,9,0.040619218222222225
final_errors,Happiness,Sadness,8,9,0.11821214097777778
final_errors,Happiness,Surprise,8,9,0.0038924223033333333
final_errors,Happiness,Anger,9,9,0.6298295657777779
final_errors,Happiness,Disgust,9,9,0.11686761155555556
final_errors,Happiness,Fear,9,9,0.03468680422222223
final_errors,Happiness,Happiness,9,9,0.07759981007777778
final_errors,Happiness,Neutral,9,9,0.02939538527777778
final_errors,Happiness,Sadness,9,9,0.10728374001111111
final_errors,Happiness,Surprise,9,9,0.004337078722222222
final_errors,Happiness,Anger,10,9,0.6736599115555556
final_errors,Happiness,Disgust,10,9,0.10918386144444447
final_errors,Happiness,Fear,10,9,0.03763670014444444
final_errors,Happiness,Happiness,10,9,0.07632250513333333
final_errors,Happiness,Neutral,10,9,0.02504184872222222
final_errors,Happiness,Sadness,10,9,0.07363183024444445
final_errors,Happiness,Surprise,10,9,0.004523343929999999
final_errors,Happiness,Anger,11,9,0.6762644395555555
final_errors,Happiness,Disgust,11,9,0.10443816555555555
final_errors,Happiness,Fear,11,9,0.041137640833333336
final_errors,Happiness,Happiness,11,9,0.08802976115555555
final_errors,Happiness,Neutral,11,9,0.025841859722222218
final_errors,Happiness,Sadness,11,9,0.0597139034
final_errors,Happiness,Surprise,11,9,0.0045742616
final_errors,Happiness,Anger,12,9,0.6849203905555555
final_errors,Happiness,Disgust,12,9,0.09877111966666668
final_errors,Happiness,Fear,12,9,0.049399467866666665
final_errors,Happiness,Happiness,12,9,0.08109611156666667
final_errors,Happiness,Neutral,12,9,0.03031229466666667
final_errors,Happiness,Sadness,12,9,0.050879110577777775
final_errors,Happiness,Surprise,12,9,0.004621478228888889
final_errors,Happiness,Anger,13,9,0.716363083
final_errors,Happiness,Disgust,13,9,0.08800778699999999
final_errors,Happiness,Fear,13,9,0.0537387239
final_errors,Happiness,Happiness,13,9,0.05224447085555555
final_errors,Happiness,Neutral,13,9,0.044061578088888886
final_errors,Happiness,Sadness,13,9,0.040954278733333335
final_errors,Happiness,Surprise,13,9,0.004630077633333333
final_errors,Happiness,Anger,14,9,0.7128402734444443
final_errors,Happiness,Disgust,14,9,0.0857870581111111
final_errors,Happiness,Fear,14,9,0.06410279433333335
final_errors,Happiness,Happiness,14,9,0.05864414269999999
final_errors,Happiness,Neutral,14,9,0.0380851332
final_errors,Happiness,Sadness,14,9,0.035800844933333326
final_errors,Happiness,Surprise,14,9,0.004739767718888889
final_errors,Happiness,Anger,15,9,0.6952603411111112
final_errors,Happiness,Disgust,15,9,0.081269753
final_errors,Happiness,Fear,15,9,0.06748070486666666
final_errors,Happiness,Happiness,15,9,0.06403899726666668
final_errors,Happiness,Neutral,15,9,0.05459568561111111
final_errors,Happiness,Sadness,15,9,0.03256789793333334
final_errors,Happiness,Surprise,15,9,0.00478661371111111
final_errors,Happiness,Anger,16,9,0.7121734365555555
final_errors,Happiness,Disgust,16,9,0.06477466888888889
final_errors,Happiness,Fear,16,9,0.08718048625555555
final_errors,Happiness,Happiness,16,9,0.0617984989
final_errors,Happiness,Neutral,16,9,0.03644859874444444
final_errors,Happiness,Sadness,16,9,0.03191800313333334
final_errors,Happiness,Surprise,16,9,0.0057062692488888895
final_errors,Happiness,Anger,17,9,0.6786952247777778
final_errors,Happiness,Disgust,17,9,0.06174459066666666
final_errors,Happiness,Fear,17,9,0.09188044805555556
final_errors,Happiness,Happiness,17,9,0.08018379425555555
final_errors,Happiness,Neutral,17,9,0.048418612788888885
final_errors,Happiness,Sadness,17,9,0.03320640266666667
final_errors,Happiness,Surprise,17,9,0.005870928252222222
final_errors,Happiness,Anger,18,9,0.7033208745555556
final_errors,Happiness,Disgust,18,9,0.06310109222222221
final_errors,Happiness,Fear,18,9,0.09536319907777777
final_errors,Happiness,Happiness,18,9,0.050438581833333336
final_errors,Happiness,Neutral,18,9,0.04792035433333333
final_errors,Happiness,Sadness,18,9,0.033877520488888896
final_errors,Happiness,Surprise,18,9,0.005978391792222223
final_errors,Happiness,Anger,19,9,0.6938563645555555
final_errors,Happiness,Disgust,19,9,0.07172132577777778
final_errors,Happiness,Fear,19,9,0.09073205508888889
final_errors,Happiness,Happiness,19,9,0.05307302566666666
final_errors,Happiness,Neutral,19,9,0.05152825433333333
final_errors,Happiness,Sadness,19,9,0.03341125932222222
final_errors,Happiness,Surprise,19,9,0.005677741436666667
final_errors,Happiness,Anger,20,9,0.6847025395555555
final_errors,Happiness,Disgust,20,9,0.0993314407777778
final_errors,Happiness,Fear,20,9,0.0868091720111111
final_errors,Happiness,Happiness,20,9,0.04664086724444444
final_errors,Happiness,Neutral,20,9,0.04363160423333333
final_errors,Happiness,Sadness,20,9,0.03327275252222222
final_errors,Happiness,Surprise,20,9,0.00561163767
final_errors,Happiness,Anger,21,9,0.6442413490555556
final_errors,Happiness,Disgust,21,9,0.11918859233333334
final_errors,Happiness,Fear,21,9,0.09782953182222223
final_errors,Happiness,Happiness,21,9,0.0561533139888889
final_errors,Happiness,Neutral,21,9,0.042832363488888886
final_errors,Happiness,Sadness,21,9,0.031514693555555556
final_errors,Happiness,Surprise,21,9,0.008240128699999998
final_errors,Happiness,Anger,22,9,0.6068020196666668
final_errors,Happiness,Disgust,22,9,0.13063716600000003
final_errors,Happiness,Fear,22,9,0.11612124285555556
final_errors,Happiness,Happiness,22,9,0.0553439466
final_errors,Happiness,Neutral,22,9,0.055995682299999995
final_errors,Happiness,Sadness,22,9,0.0286670973
final_errors,Happiness,Surprise,22,9,0.00643285852
final_errors,Happiness,Anger,23,9,0.6162545349333334
final_errors,Happiness,Disgust,23,9,0.13056613211111112
final_errors,Happiness,Fear,23,9,0.12299949362222222
final_errors,Happiness,Happiness,23,9,0.036465157533333334
final_errors,Happiness,Neutral,23,9,0.059692519644444456
final_errors,Happiness,Sadness,23,9,0.028688619933333333
final_errors,Happiness,Surprise,23,9,0.0053335133511111105
final_errors,Happiness,Anger,24,9,0.561479615088889
final_errors,Happiness,Disgust,24,9,0.11944952366666667
final_errors,Happiness,Fear,24,9,0.13271181464444445
final_errors,Happiness,Happiness,24,9,0.06565668255555555
final_errors,Happiness,Neutral,24,9,0.08917575865555556
final_errors,Happiness,Sadness,24,9,0.02712392757
final_errors,Happiness,Surprise,24,9,0.004402703873333334
final_errors,Happiness,Anger,25,9,0.5339968764666666
final_errors,Happiness,Disgust,25,9,0.14225849455555556
final_errors,Happiness,Fear,25,9,0.12459193291111109
final_errors,Happiness,Happiness,25,9,0.04751624357777778
final_errors,Happiness,Neutral,25,9,0.12043642666666665
final_errors,Happiness,Sadness,25,9,0.026966210288888886
final_errors,Happiness,Surprise,25,9,0.004233800544444444
final_errors,Happiness,Anger,26,9,0.5493175334444445
final_errors,Happiness,Disgust,26,9,0.1760673741111111
final_errors,Happiness,Fear,26,9,0.12296002165555556
final_errors,Happiness,Happiness,26,9,0.041498120555555545
final_errors,Happiness,Neutral,26,9,0.07942073499999999
final_errors,Happiness,Sadness,26,9,0.026111162744444447
final_errors,Happiness,Surprise,26,9,0.0046250885077777784
final_errors,Happiness,Anger,27,9,0.559316107988889
final_errors,Happiness,Disgust,27,9,0.16500764722222225
final_errors,Happiness,Fear,27,9,0.13329261904444442
final_errors,Happiness,Happiness,27,9,0.05561687484444444
final_errors,Happiness,Neutral,27,9,0.057805564222222224
final_errors,Happiness,Sadness,27,9,0.023508978466666663
final_errors,Happiness,Surprise,27,9,0.005452207088888888
final_errors,Happiness,Anger,28,9,0.5486918363777777
final_errors,Happiness,Disgust,28,9,0.13560820811111113
final_errors,Happiness,Fear,28,9,0.14376326388888888
final_errors,Happiness,Happiness,28,9,0.09673480625555557
final_errors,Happiness,Neutral,28,9,0.04598006444444444
final_errors,Happiness,Sadness,28,9,0.023592547988888893
final_errors,Happiness,Surprise,28,9,0.005629268677777776
final_errors,Happiness,Anger,29,9,0.5583811846777778
final_errors,Happiness,Disgust,29,9,0.16146829399999998
final_errors,Happiness,Fear,29,9,0.12835839138888894
final_errors,Happiness,Happiness,29,9,0.09508819674444446
final_errors,Happiness,Neutral,29,9,0.0301702243
final_errors,Happiness,Sadness,29,9,0.021964581644444443
final_errors,Happiness,Surprise,29,9,0.004569110919999999
final_errors,Happiness,Anger,30,9,0.5558936632666668
final_errors,Happiness,Disgust,30,9,0.16596377011111113
final_errors,Happiness,Fear,30,9,0.13073634342222218
final_errors,Happiness,Happiness,30,9,0.09201199060000001
final_errors,Happiness,Neutral,30,9,0.027330580666666666
final_errors,Happiness,Sadness,30,9,0.02337658542222222
final_errors,Happiness,Surprise,30,9,0.004687088883333333
final_errors,Neutral,Anger,1,27,0.18406361144444444
final_errors,Neutral,Disgust,1,27,0.1686991457037037
final_errors,Neutral,Fear,1,27,0.10385797154444444
final_errors,Neutral,Happiness,1,27,0.1621081904185185
final_errors,Neutral,Neutral,1,27,0.062004424148148156
final_errors,Neutral,Sadness,1,27,0.2825156863333333
final_errors,Neutral,Surprise,1,27,0.03675096528518518
final_errors,Neutral,Anger,2,27,0.22137767453703702
final_errors,Neutral,Disgust,2,27,0.14588512930740738
final_errors,Neutral,Fear,2,27,0.10006661253111113
final_errors,Neutral,Happiness,2,27,0.15745411576666668
final_errors,Neutral,Neutral,2,27,0.04548018870370371
final_errors,Neutral,Sadness,2,27,0.3132918252629629
final_errors,Neutral,Surprise,2,27,0.016444451940740738
final_errors,Neutral,Anger,3,27,0.21951202770740746
final_errors,Neutral,Disgust,3,27,0.13202053448148146
final_errors,Neutral,Fear,3,27,0.08882237074925926
final_errors,Neutral,Happiness,3,27,0.1643848776722222
final_errors,Neutral,Neutral,3,27,0.0481102795037037
final_errors,Neutral,Sadness,3,27,0.33704386695185173
final_errors,Neutral,Surprise,3,27,0.010106029303703704
final_errors,Neutral,Anger,4,27,0.19717966357407402
final_errors,Neutral,Disgust,4,27,0.1279253214111111
final_errors,Neutral,Fear,4,27,0.07861847532962962
final_errors,Neutral,Happiness,4,27,0.1897223158074074
final_errors,Neutral,Neutral,4,27,0.043935679385185195
final_errors,Neutral,Sadness,4,27,0.35516074758000005
final_errors,Neutral,Surprise,4,27,0.007457805046296296
final_errors,Neutral,Anger,5,27,0.19094893880370373
final_errors,Neutral,Disgust,5,27,0.13123334622592592
final_errors,Neutral,Fear,5,27,0.07451278335666667
final_errors,Neutral,Happiness,5,27,0.19077596348370368
final_errors,Neutral,Neutral,5,27,0.052893961399999995
final_errors,Neutral,Sadness,5,27,0.35350008507962954
final_errors,Neutral,Surprise,5,27,0.006134917462962964
final_errors,Neutral,Anger,6,27,0.20969165589259262
final_errors,Neutral,Disgust,6,27,0.11659439184074075
final_errors,Neutral,Fear,6,27,0.06684320753666667
final_errors,Neutral,Happiness,6,27,0.19008653744814816
final_errors,Neutral,Neutral,6,27,0.07045797695185187
final_errors,Neutral,Sadness,6,27,0.3408235588592593
final_errors,Neutral,Surprise,6,27,0.005502683131481482
final_errors,Neutral,Anger,7,27,0.20197913820000007
final_errors,Neutral,Disgust,7,27,0.09728295119629629
final_errors,Neutral,Fear,7,27,0.07064637162518518
final_errors,Neutral,Happiness,7,27,0.19980198845074074
final_errors,Neutral,Neutral,7,27,0.07991721577407408
final_errors,Neutral,Sadness,7,27,0.3453312797259259
final_errors,Neutral,Surprise,7,27,0.005041055372592592
final_errors,Neutral,Anger,8,27,0.22410998908148155
final_errors,Neutral,Disgust,8,27,0.10357455773333334
final_errors,Neutral,Fear,8,27,0.0744921116548148
final_errors,Neutral,Happiness,8,27,0.19260890265185185
final_errors,Neutral,Neutral,8,27,0.06491077485555556
final_errors,Neutral,Sadness,8,27,0.3354132956777777
final_errors,Neutral,Surprise,8,27,0.004890362078518519
final_errors,Neutral,Anger,9,27,0.23637784799629624
final_errors,Neutral,Disgust,9,27,0.0931138019703704
final_errors,Neutral,Fear,9,27,0.07630383133777778
final_errors,Neutral,Happiness,9,27,0.18388284662962964
final_errors,Neutral,Neutral,9,27,0.06332015932592593
final_errors,Neutral,Sadness,9,27,0.34245576149
final_errors,Neutral,Surprise,9,27,0.004545746515185184
final_errors,Neutral,Anger,10,27,0.24117691811481473
final_errors,Neutral,Disgust,10,27,0.08911417892222222
final_errors,Neutral,Fear,10,27,0.07563091982037039
final_errors,Neutral,Happiness,10,27,0.18110705647148145
final_errors,Neutral,Neutral,10,27,0.0680147078148148
final_errors,Neutral,Sadness,10,27,0.3406540371222222
final_errors,Neutral,Surprise,10,27,0.0043021847229629635
final_errors,Neutral,Anger,11,27,0.24840073685925926
final_errors,Neutral,Disgust,11,27,0.0919147612037037
final_errors,Neutral,Fear,11,27,0.0720621077562963
final_errors,Neutral,Happiness,11,27,0.17626097554074074
final_errors,Neutral,Neutral,11,27,0.07497997811111111
final_errors,Neutral,Sadness,11,27,0.33197216927407414
final_errors,Neutral,Surprise,11,27,0.004409276529259258
final_errors,Neutral,Anger,12,27,0.2586456132
final_errors,Neutral,Disgust,12,27,0.09894109646666667
final_errors,Neutral,Fear,12,27,0.06514458998518519
final_errors,Neutral,Happiness,12,27,0.17050885235814817
final_errors,Neutral,Neutral,12,27,0.07138335388148148
final_errors,Neutral,Sadness,12,27,0.3308849733485186
final_errors,Neutral,Surprise,12,27,0.004491522654444444
final_errors,Neutral,Anger,13,27,0.2812255526259259
final_errors,Neutral,Disgust,13,27,0.1024668921814815
final_errors,Neutral,Fear,13,27,0.05919384855074074
final_errors,Neutral,Happiness,13,27,0.16172608109518516
final_errors,Neutral,Neutral,13,27,0.07427457523703704
final_errors,Neutral,Sadness,13,27,0.3170283836148148
final_errors,Neutral,Surprise,13,27,0.004084666973333334
final_errors,Neutral,Anger,14,27,0.2911628395925926
final_errors,Neutral,Disgust,14,27,0.10040355663703704
final_errors,Neutral,Fear,14,27,0.05141650003518519
final_errors,Neutral,Happiness,14,27,0.15885390634814817
final_errors,Neutral,Neutral,14,27,0.08181948545925925
final_errors,Neutral,Sadness,14,27,0.31275107714444444
final_errors,Neutral,Surprise,14,27,0.0035926167107407404
final_errors,Neutral,Anger,15,27,0.3125570087037037
final_errors,Neutral,Disgust,15,27,0.09899257234444443
final_errors,Neutral,Fear,15,27,0.04503939804296297
final_errors,Neutral,Happiness,15,27,0.1506199769166667
final_errors,Neutral,Neutral,15,27,0.08720343332222222
final_errors,Neutral,Sadness,15,27,0.3019326156222224
final_errors,Neutral,Surprise,15,27,0.003655002133333334
final_errors,Neutral,Anger,16,27,0.31497779542962967
final_errors,Neutral,Disgust,16,27,0.09308356878518521
final_errors,Neutral,Fear,16,27,0.035474610089629634
final_errors,Neutral,Happiness,16,27,0.15226753565555556
final_errors,Neutral,Neutral,16,27,0.09401186444074074
final_errors,Neutral,Sadness,16,27,0.3061174611666666
final_errors,Neutral,Surprise,16,27,0.004067167003333334
final_errors,Neutral,Anger,17,27,0.32416033452592596
final_errors,Neutral,Disgust,17,27,0.08675875527037037
final_errors,Neutral,Fear,17,27,0.021989130720370374
final_errors,Neutral,Happiness,17,27,0.15799398248518515
final_errors,Neutral,Neutral,17,27,0.08350338477407407
final_errors,Neutral,Sadness,17,27,0.3219772081037036
final_errors,Neutral,Surprise,17,27,0.003617190130740741
final_errors,Neutral,Anger,18,27,0.34237781374814813
final_errors,Neutral,Disgust,18,27,0.08460681595185185
final_errors,Neutral,Fear,18,27,0.016567586149259256
final_errors,Neutral,Happiness,18,27,0.1495970309077778
final_errors,Neutral,Neutral,18,27,0.08684230694444445
final_errors,Neutral,Sadness,18,27,0.31696514871296294
final_errors,Neutral,Surprise,18,27,0.0030432877170370374
final_errors,Neutral,Anger,19,27,0.35174261953333336
final_errors,Neutral,Disgust,19,27,0.08496238357777779
final_errors,Neutral,Fear,19,27,0.012581885915555556
final_errors,Neutral,Happiness,19,27,0.1409625010296296
final_errors,Neutral,Neutral,19,27,0.08239035627777778
final_errors,Neutral,Sadness,19,27,0.3244708486466666
final_errors,Neutral,Surprise,19,27,0.0028894019159259256
final_errors,Neutral,Anger,20,27,0.3480395927962963
final_errors,Neutral,Disgust,20,27,0.08193968654814814
final_errors,Neutral,Fear,20,27,0.011294108302962964
final_errors,Neutral,Happiness,20,27,0.1463329390925926
final_errors,Neutral,Neutral,20,27,0.07599305995925924
final_errors,Neutral,Sadness,20,27,0.3338547365125926
final_errors,Neutral,Surprise,20,27,0.002545886023703703
final_errors,Neutral,Anger,21,27,0.3422252161851852
final_errors,Neutral,Disgust,21,27,0.07852827508518517
final_errors,Neutral,Fear,21,27,0.010577722932592593
final_errors,Neutral,Happiness,21,27,0.14635855269703704
final_errors,Neutral,Neutral,21,27,0.08036327349259259
final_errors,Neutral,Sadness,21,27,0.33958453137037037
final_errors,Neutral,Surprise,21,27,0.0023624213885185185
final_errors,Neutral,Anger,22,27,0.33846591289629624
final_errors,Neutral,Disgust,22,27,0.07964979312222223
final_errors,Neutral,Fear,22,27,0.009648951444074074
final_errors,Neutral,Happiness,22,27,0.14472091687777777
final_errors,Neutral,Neutral,22,27,0.0832466262296296
final_errors,Neutral,Sadness,22,27,0.3416767298881481
final_errors,Neutral,Surprise,22,27,0.002591049362592593
final_errors,Neutral,Anger,23,27,0.3328066621481481
final_errors,Neutral,Disgust,23,27,0.08426028935555552
final_errors,Neutral,Fear,23,27,0.008949362276666664
final_errors,Neutral,Happiness,23,27,0.14613793352370374
final_errors,Neutral,Neutral,23,27,0.08628726276666665
final_errors,Neutral,Sadness,23,27,0.3391884763333334
final_errors,Neutral,Surprise,23,27,0.0023700000888888894
final_errors,Neutral,Anger,24,27,0.32120046968148147
final_errors,Neutral,Disgust,24,27,0.08142859203333333
final_errors,Neutral,Fear,24,27,0.009042333384814817
final_errors,Neutral,Happiness,24,27,0.15450603135777777
final_errors,Neutral,Neutral,24,27,0.08691770391111112
final_errors,Neutral,Sadness,24,27,0.34462556813851847
final_errors,Neutral,Surprise,24,27,0.0022793130955555555
final_errors,Neutral,Anger,25,27,0.3356625040222222
final_errors,Neutral,Disgust,25,27,0.08157489768148149
final_errors,Neutral,Fear,25,27,0.009349827962962963
final_errors,Neutral,Happiness,25,27,0.14636349145518518
final_errors,Neutral,Neutral,25,27,0.08891748741851853
final_errors,Neutral,Sadness,25,27,0.3356424771529629
final_errors,Neutral,Surprise,25,27,0.002489319104814815
final_errors,Neutral,Anger,26,27,0.3479085989444445
final_errors,Neutral,Disgust,26,27,0.08286863055925925
final_errors,Neutral,Fear,26,27,0.00969446224962963
final_errors,Neutral,Happiness,26,27,0.14493515290148146
final_errors,Neutral,Neutral,26,27,0.08425355747407409
final_errors,Neutral,Sadness,26,27,0.3278962041703704
final_errors,Neutral,Surprise,26,27,0.002443395608148148
final_errors,Neutral,Anger,27,27,0.3516036114444445
final_errors,Neutral,Disgust,27,27,0.0824618889888889
final_errors,Neutral,Fear,27,27,0.009739050406296294
final_errors,Neutral,Happiness,27,27,0.15379575992518518
final_errors,Neutral,Neutral,27,27,0.07615590347037038
final_errors,Neutral,Sadness,27,27,0.32376306904444446
final_errors,Neutral,Surprise,27,27,0.0024807291740740734
final_errors,Neutral,Anger,28,27,0.3623746423481482
final_errors,Neutral,Disgust,28,27,0.08979520578518517
final_errors,Neutral,Fear,28,27,0.00988715166185185
final_errors,Neutral,Happiness,28,27,0.1446542663025926
final_errors,Neutral,Neutral,28,27,0.07265492941851852
final_errors,Neutral,Sadness,28,27,0.3180336255607407
final_errors,Neutral,Surprise,28,27,0.0026001890399999996
final_errors,Neutral,Anger,29,27,0.35834840437037035
final_errors,Neutral,Disgust,29,27,0.10042139750370369
final_errors,Neutral,Fear,29,27,0.010493124525185185
final_errors,Neutral,Happiness,29,27,0.13617318802592593
final_errors,Neutral,Neutral,29,27,0.06611937355925927
final_errors,Neutral,Sadness,29,27,0.32579733446666675
final_errors,Neutral,Surprise,29,27,0.0026471860999999993
final_errors,Neutral,Anger,30,27,0.3506143973962963
final_errors,Neutral,Disgust,30,27,0.09845178825555555
final_errors,Neutral,Fear,30,27,0.009717131687777776
final_errors,Neutral,Happiness,30,27,0.14955499674444445
final_errors,Neutral,Neutral,30,27,0.05060368342592593
final_errors,Neutral,Sadness,30,27,0.3384790011222223
final_errors,Neutral,Surprise,30,27,0.00257899492037037
final_errors,Sadness,Anger,1,20,0.19092065539999997
final_errors,Sadness,Disgust,1,20,0.1352138901
final_errors,Sadness,Fear,1,20,0.05432708359999999
final_errors,Sadness,Happiness,1,20,0.13962708590000006
final_errors,Sadness,Neutral,1,20,0.20044933880000002
final_errors,Sadness,Sadness,1,20,0.24316411525
final_errors,Sadness,Surprise,1,20,0.03629782211
final_errors,Sadness,Anger,2,20,0.21981742775999996
final_errors,Sadness,Disgust,2,20,0.13388086321499998
final_errors,Sadness,Fear,2,20,0.0223804373775
final_errors,Sadness,Happiness,2,20,0.13035856909000001
final_errors,Sadness,Neutral,2,20,0.25129513376499996
final_errors,Sadness,Sadness,2,20,0.23082801148
final_errors,Sadness,Surprise,2,20,0.011439543654999999
final_errors,Sadness,Anger,3,20,0.21285597473
final_errors,Sadness,Disgust,3,20,0.11880526158500002
final_errors,Sadness,Fear,3,20,0.011483224416499998
final_errors,Sadness,Happiness,3,20,0.14748355062500001
final_errors,Sadness,Neutral,3,20,0.26967055767
final_errors,Sadness,Sadness,3,20,0.23420955873299998
final_errors,Sadness,Surprise,3,20,0.005491860856999999
final_errors,Sadness,Anger,4,20,0.214452155635
final_errors,Sadness,Disgust,4,20,0.14352217581499999
final_errors,Sadness,Fear,4,20,0.010870316436000001
final_errors,Sadness,Happiness,4,20,0.121919122485
final_errors,Sadness,Neutral,4,20,0.273949117305
final_errors,Sadness,Sadness,4,20,0.23069336063000004
final_errors,Sadness,Surprise,4,20,0.004593746298500001
final_errors,Sadness,Anger,5,20,0.25312200169
final_errors,Sadness,Disgust,5,20,0.16694236117999997
final_errors,Sadness,Fear,5,20,0.010030557098999998
final_errors,Sadness,Happiness,5,20,0.10428406183249998
final_errors,Sadness,Neutral,5,20,0.24931874805
final_errors,Sadness,Sadness,5,20,0.2125123211415
final_errors,Sadness,Surprise,5,20,0.003789957146499999
final_errors,Sadness,Anger,6,20,0.29841812513000004
final_errors,Sadness,Disgust,6,20,0.16622158542
final_errors,Sadness,Fear,6,20,0.009891168740000001
final_errors,Sadness,Happiness,6,20,0.0874563228635
final_errors,Sadness,Neutral,6,20,0.2046119558
final_errors,Sadness,Sadness,6,20,0.22983530923299997
final_errors,Sadness,Surprise,6,20,0.0035655286745000002
final_errors,Sadness,Anger,7,20,0.291720327305
final_errors,Sadness,Disgust,7,20,0.14089771890499997
final_errors,Sadness,Fear,7,20,0.008938891404
final_errors,Sadness,Happiness,7,20,0.08120310236500002
final_errors,Sadness,Neutral,7,20,0.19517367627
final_errors,Sadness,Sadness,7,20,0.27834001050799995
final_errors,Sadness,Surprise,7,20,0.0037262545759999995
final_errors,Sadness,Anger,8,20,0.32678710532000005
final_errors,Sadness,Disgust,8,20,0.141295140635
final_errors,Sadness,Fear,8,20,0.007397596033499999
final_errors,Sadness,Happiness,8,20,0.06883316542699999
final_errors,Sadness,Neutral,8,20,0.14772908628999998
final_errors,Sadness,Sadness,8,20,0.30440217204500003
final_errors,Sadness,Surprise,8,20,0.003555746667500001
final_errors,Sadness,Anger,9,20,0.3435944136699999
final_errors,Sadness,Disgust,9,20,0.129983850922
final_errors,Sadness,Fear,9,20,0.006968063898499998
final_errors,Sadness,Happiness,9,20,0.07463821399800001
final_errors,Sadness,Neutral,9,20,0.13845276044000002
final_errors,Sadness,Sadness,9,20,0.302993854081
final_errors,Sadness,Surprise,9,20,0.003368857591999999
final_errors,Sadness,Anger,10,20,0.34412459391000005
final_errors,Sadness,Disgust,10,20,0.11868396462250001
final_errors,Sadness,Fear,10,20,0.005334636222999999
final_errors,Sadness,Happiness,10,20,0.09663205776200001
final_errors,Sadness,Neutral,10,20,0.12314329444500001
final_errors,Sadness,Sadness,10,20,0.3090265934035
final_errors,Sadness,Surprise,10,20,0.003054849417749999
final_errors,Sadness,Anger,11,20,0.36735285468999995
final_errors,Sadness,Disgust,11,20,0.13311159776
final_errors,Sadness,Fear,11,20,0.005958456485000001
final_errors,Sadness,Happiness,11,20,0.09017791737200001
final_errors,Sadness,Neutral,11,20,0.11495190232000001
final_errors,Sadness,Sadness,11,20,0.2853009424775
final_errors,Sadness,Surprise,11,20,0.0031463205134999997
final_errors,Sadness,Anger,12,20,0.36988651751500007
final_errors,Sadness,Disgust,12,20,0.13950507798500003
final_errors,Sadness,Fear,12,20,0.0064984193685
final_errors,Sadness,Happiness,12,20,0.0768124058785
final_errors,Sadness,Neutral,12,20,0.122466308155
final_errors,Sadness,Sadness,12,20,0.2816903829335
final_errors,Sadness,Surprise,12,20,0.0031408678507500003
final_errors,Sadness,Anger,13,20,0.37712901145
final_errors,Sadness,Disgust,13,20,0.14518615694249998
final_errors,Sadness,Fear,13,20,0.006265265426499999
final_errors,Sadness,Happiness,13,20,0.07277678643299999
final_errors,Sadness,Neutral,13,20,0.10606586693
final_errors,Sadness,Sadness,13,20,0.28945218467999995
final_errors,Sadness,Surprise,13,20,0.003124750351499999
final_errors,Sadness,Anger,14,20,0.42652739407499995
final_errors,Sadness,Disgust,14,20,0.13875128213499996
final_errors,Sadness,Fear,14,20,0.006372703309999998
final_errors,Sadness,Happiness,14,20,0.07087271186
final_errors,Sadness,Neutral,14,20,0.08939188108499999
final_errors,Sadness,Sadness,14,20,0.2652850613525001
final_errors,Sadness,Surprise,14,20,0.0027989650617999988
final_errors,Sadness,Anger,15,20,0.45038945228499994
final_errors,Sadness,Disgust,15,20,0.13517941713749998
final_errors,Sadness,Fear,15,20,0.006591745043499998
final_errors,Sadness,Happiness,15,20,0.07609173167499998
final_errors,Sadness,Neutral,15,20,0.06732684032000001
final_errors,Sadness,Sadness,15,20,0.2611892025465
final_errors,Sadness,Surprise,15,20,0.0032316274577499993
final_errors,Sadness,Anger,16,20,0.4584706679450001
final_errors,Sadness,Disgust,16,20,0.14696694524999998
final_errors,Sadness,Fear,16,20,0.006172011475000001
final_errors,Sadness,Happiness,16,20,0.06837518944
final_errors,Sadness,Neutral,16,20,0.05775851077000001
final_errors,Sadness,Sadness,16,20,0.258899016176
final_errors,Sadness,Surprise,16,20,0.0033576596089999996
final_errors,Sadness,Anger,17,20,0.4633563226999999
final_errors,Sadness,Disgust,17,20,0.15244878391999997
final_errors,Sadness,Fear,17,20,0.006037674217499999
final_errors,Sadness,Happiness,17,20,0.070493387958
final_errors,Sadness,Neutral,17,20,0.04957184267000001
final_errors,Sadness,Sadness,17,20,0.2549150944265
final_errors,Sadness,Surprise,17,20,0.0031769051434999995
final_errors,Sadness,Anger,18,20,0.469302024105
final_errors,Sadness,Disgust,18,20,0.14832750395
final_errors,Sadness,Fear,18,20,0.005893550440000001
final_errors,Sadness,Happiness,18,20,0.07012223478999999
final_errors,Sadness,Neutral,18,20,0.04854787878000001
final_errors,Sadness,Sadness,18,20,0.254506153015
final_errors,Sadness,Surprise,18,20,0.003300665564499999
final_errors,Sadness,Anger,19,20,0.48174733424999994
final_errors,Sadness,Disgust,19,20,0.15687689026
final_errors,Sadness,Fear,19,20,0.005574838202
final_errors,Sadness,Happiness,19,20,0.06334494761349999
final_errors,Sadness,Neutral,19,20,0.04940943095500001
final_errors,Sadness,Sadness,19,20,0.23984041840200004
final_errors,Sadness,Surprise,19,20,0.0032061434594999995
final_errors,Sadness,Anger,20,20,0.48283114560000007
final_errors,Sadness,Disgust,20,20,0.145505096825
final_errors,Sadness,Fear,20,20,0.004360664434000001
final_errors,Sadness,Happiness,20,20,0.061952465182
final_errors,Sadness,Neutral,20,20,0.05390885179000001
final_errors,Sadness,Sadness,20,20,0.24844661389499997
final_errors,Sadness,Surprise,20,20,0.0029951741199999993
final_errors,Sadness,Anger,21,20,0.4770578381999999
final_errors,Sadness,Disgust,21,20,0.144369471615
final_errors,Sadness,Fear,21,20,0.004343508065499999
final_errors,Sadness,Happiness,21,20,0.060794019059999996
final_errors,Sadness,Neutral,21,20,0.05871945685
final_errors,Sadness,Sadness,21,20,0.25156143378499995
final_errors,Sadness,Surprise,21,20,0.0031542527675
final_errors,Sadness,Anger,22,20,0.46754292375000006
final_errors,Sadness,Disgust,22,20,0.15665327415000002
final_errors,Sadness,Fear,22,20,0.0046440511395
final_errors,Sadness,Happiness,22,20,0.060696928095000005
final_errors,Sadness,Neutral,22,20,0.05325848
final_errors,Sadness,Sadness,22,20,0.25370635704999994
final_errors,Sadness,Surprise,22,20,0.00349799185
final_errors,Sadness,Anger,23,20,0.5170272407000001
final_errors,Sadness,Disgust,23,20,0.14909517165000002
final_errors,Sadness,Fear,23,20,0.003950332980499999
final_errors,Sadness,Happiness,23,20,0.038077269739999996
final_errors,Sadness,Neutral,23,20,0.016514703595
final_errors,Sadness,Sadness,23,20,0.27221187529999996
final_errors,Sadness,Surprise,23,20,0.003123412205
final_errors,Sadness,Anger,24,20,0.5314267883
final_errors,Sadness,Disgust,24,20,0.15329934580000004
final_errors,Sadness,Fear,24,20,0.003585538858
final_errors,Sadness,Happiness,24,20,0.0189515830725
final_errors,Sadness,Neutral,24,20,0.013070915749999999
final_errors,Sadness,Sadness,24,20,0.2768021741
final_errors,Sadness,Surprise,24,20,0.002863639418
final_errors,Sadness,Anger,25,20,0.5246305043
final_errors,Sadness,Disgust,25,20,0.163203588925
final_errors,Sadness,Fear,25,20,0.0038157351565
final_errors,Sadness,Happiness,25,20,0.0193510711665
final_errors,Sadness,Neutral,25,20,0.013657897525
final_errors,Sadness,Sadness,25,20,0.27235005395
final_errors,Sadness,Surprise,25,20,0.0029911543715
final_errors,Sadness,Anger,26,20,0.533412706
final_errors,Sadness,Disgust,26,20,0.1553998437
final_errors,Sadness,Fear,26,20,0.0036250527675000003
final_errors,Sadness,Happiness,26,20,0.019912942523500003
final_errors,Sadness,Neutral,26,20,0.01541567753
final_errors,Sadness,Sadness,26,20,0.2693292348
final_errors,Sadness,Surprise,26,20,0.002904541075
final_errors,Sadness,Anger,27,20,0.54254363375
final_errors,Sadness,Disgust,27,20,0.15943943565000002
final_errors,Sadness,Fear,27,20,0.003924698919999999
final_errors,Sadness,Happiness,27,20,0.015271306805
final_errors,Sadness,Neutral,27,20,0.016406922499999997
final_errors,Sadness,Sadness,27,20,0.25926895115
final_errors,Sadness,Surprise,27,20,0.0031450426679999997
final_errors,Sadness,Anger,28,20,0.548502136
final_errors,Sadness,Disgust,28,20,0.1676792917
final_errors,Sadness,Fear,28,20,0.004250407872
final_errors,Sadness,Happiness,28,20,0.019984929725
final_errors,Sadness,Neutral,28,20,0.031056480810000002
final_errors,Sadness,Sadness,28,20,0.22523611149999997
final_errors,Sadness,Surprise,28,20,0.0032906352099999992
final_errors,Sadness,Anger,29,20,0.5642685900000001
final_errors,Sadness,Disgust,29,20,0.182055895
final_errors,Sadness,Fear,29,20,0.0043777697645
final_errors,Sadness,Happiness,29,20,0.012020150995000001
final_errors,Sadness,Neutral,29,20,0.049801106860000006
final_errors,Sadness,Sadness,29,20,0.18406421220000002
final_errors,Sadness,Surprise,29,20,0.0034122620625
final_errors,Sadness,Anger,30,20,0.5759475984999999
final_errors,Sadness,Disgust,30,20,0.17864784820000001
final_errors,Sadness,Fear,30,20,0.004338812393500002
final_errors,Sadness,Happiness,30,20,0.00896340644
final_errors,Sadness,Neutral,30,20,0.06808855826000001
final_errors,Sadness,Sadness,30,20,0.16073329615000004
final_errors,Sadness,Surprise,30,20,0.0032804681645
final_errors,Surprise,Anger,1,21,0.19274234576190472
final_errors,Surprise,Disgust,1,21,0.12273211290476194
final_errors,Surprise,Fear,1,21,0.06811098752380952
final_errors,Surprise,Happiness,1,21,0.14238501514285712
final_errors,Surprise,Neutral,1,21,0.1885547325238095
final_errors,Surprise,Sadness,1,21,0.1651058032238095
final_errors,Surprise,Surprise,1,21,0.12036898373333334
final_errors,Surprise,Anger,2,21,0.18482151338380953
final_errors,Surprise,Disgust,2,21,0.0978825965761905
final_errors,Surprise,Fear,2,21,0.03729954382857143
final_errors,Surprise,Happiness,2,21,0.1542641412047619
final_errors,Surprise,Neutral,2,21,0.2520697174571429
final_errors,Surprise,Sadness,2,21,0.16814466010952384
final_errors,Surprise,Surprise,2,21,0.10551781309238097
final_errors,Surprise,Anger,3,21,0.17357024767428572
final_errors,Surprise,Disgust,3,21,0.08595969939238098
final_errors,Surprise,Fear,3,21,0.04809815016666665
final_errors,Surprise,Happiness,3,21,0.16231604707380953
final_errors,Surprise,Neutral,3,21,0.2769511070619048
final_errors,Surprise,Sadness,3,21,0.14895793198904764
final_errors,Surprise,Surprise,3,21,0.10414680364047618
final_errors,Surprise,Anger,4,21,0.1601197080595238
final_errors,Surprise,Disgust,4,21,0.08983702424571428
final_errors,Surprise,Fear,4,21,0.053671144152380966
final_errors,Surprise,Happiness,4,21,0.16095420456857146
final_errors,Surprise,Neutral,4,21,0.2835694690619047
final_errors,Surprise,Sadness,4,21,0.14858611121428575
final_errors,Surprise,Surprise,4,21,0.10326232760714286
final_errors,Surprise,Anger,5,21,0.15611994542952382
final_errors,Surprise,Disgust,5,21,0.08859237649809525
final_errors,Surprise,Fear,5,21,0.08242216346666667
final_errors,Surprise,Happiness,5,21,0.1633035160085714
final_errors,Surprise,Neutral,5,21,0.25572694252714284
final_errors,Surprise,Sadness,5,21,0.14891156531857144
final_errors,Surprise,Surprise,5,21,0.10492348781285717
final_errors,Surprise,Anger,6,21,0.17105308926714285
final_errors,Surprise,Disgust,6,21,0.07182122753333332
final_errors,Surprise,Fear,6,21,0.09275546962380951
final_errors,Surprise,Happiness,6,21,0.16969061844476194
final_errors,Surprise,Neutral,6,21,0.24579396179047613
final_errors,Surprise,Sadness,6,21,0.14118748588238092
final_errors,Surprise,Surprise,6,21,0.10769814923380953
final_errors,Surprise,Anger,7,21,0.17324133163285715
final_errors,Surprise,Disgust,7,21,0.06542827676428568
final_errors,Surprise,Fear,7,21,0.0920569208952381
final_errors,Surprise,Happiness,7,21,0.17726503612095237
final_errors,Surprise,Neutral,7,21,0.25133591542047623
final_errors,Surprise,Sadness,7,21,0.13308761598285715
final_errors,Surprise,Surprise,7,21,0.10758488645999999
final_errors,Surprise,Anger,8,21,0.16991666289333338
final_errors,Surprise,Disgust,8,21,0.05921563789761904
final_errors,Surprise,Fear,8,21,0.07269005664095239
final_errors,Surprise,Happiness,8,21,0.18281472485
final_errors,Surprise,Neutral,8,21,0.24862077734619048
final_errors,Surprise,Sadness,8,21,0.1338167290390476
final_errors,Surprise,Surprise,8,21,0.1329254123957143
final_errors,Surprise,Anger,9,21,0.16423742442190475
final_errors,Surprise,Disgust,9,21,0.07571527752142859
final_errors,Surprise,Fear,9,21,0.08759858673809524
final_errors,Surprise,Happiness,9,21,0.1767113308595238
final_errors,Surprise,Neutral,9,21,0.20907204228761908
final_errors,Surprise,Sadness,9,21,0.13909123786809524
final_errors,Surprise,Surprise,9,21,0.14757409988428571
final_errors,Surprise,Anger,10,21,0.15468897824714287
final_errors,Surprise,Disgust,10,21,0.08919560952619048
final_errors,Surprise,Fear,10,21,0.12009005348571429
final_errors,Surprise,Happiness,10,21,0.17819229621428573
final_errors,Surprise,Neutral,10,21,0.1745721088304762
final_errors,Surprise,Sadness,10,21,0.1355402255309524
final_errors,Surprise,Surprise,10,21,0.1477207447542857
final_errors,Surprise,Anger,11,21,0.13426345524238095
final_errors,Surprise,Disgust,11,21,0.07065453393904762
final_errors,Surprise,Fear,11,21,0.16770818577142857
final_errors,Surprise,Happiness,11,21,0.187465366827619
final_errors,Surprise,Neutral,11,21,0.16082716070761904
final_errors,Surprise,Sadness,11,21,0.12435162687238092
final_errors,Surprise,Surprise,11,21,0.1547296644452381
final_errors,Surprise,Anger,12,21,0.13574107002571423
final_errors,Surprise,Disgust,12,21,0.07031069826714285
final_errors,Surprise,Fear,12,21,0.18482808440666668
final_errors,Surprise,Happiness,12,21,0.18049990257904758
final_errors,Surprise,Neutral,12,21,0.14925588017
final_errors,Surprise,Sadness,12,21,0.1242696041990476
final_errors,Surprise,Surprise,12,21,0.1550947526709524
final_errors,Surprise,Anger,13,21,0.12323561921095237
final_errors,Surprise,Disgust,13,21,0.06806553611714283
final_errors,Surprise,Fear,13,21,0.2189610956095238
final_errors,Surprise,Happiness,13,21,0.1936144273428572
final_errors,Surprise,Neutral,13,21,0.1189900819047619
final_errors,Surprise,Sadness,13,21,0.11974334372761908
final_errors,Surprise,Surprise,13,21,0.15738988004761906
final_errors,Surprise,Anger,14,21,0.10370754194380949
final_errors,Surprise,Disgust,14,21,0.06721750532142859
final_errors,Surprise,Fear,14,21,0.24261410198047623
final_errors,Surprise,Happiness,14,21,0.21370338271714281
final_errors,Surprise,Neutral,14,21,0.09886838299809522
final_errors,Surprise,Sadness,14,21,0.10720296460666667
final_errors,Surprise,Surprise,14,21,0.1666861255295238
final_errors,Surprise,Anger,15,21,0.09895180593857142
final_errors,Surprise,Disgust,15,21,0.06821053071380954
final_errors,Surprise,Fear,15,21,0.25212537504285715
final_errors,Surprise,Happiness,15,21,0.21037254777380948
final_errors,Surprise,Neutral,15,21,0.10196905653999998
final_errors,Surprise,Sadness,15,21,0.08940368146333337
final_errors,Surprise,Surprise,15,21,0.17896701413761906
final_errors,Surprise,Anger,16,21,0.09143790026333334
final_errors,Surprise,Disgust,16,21,0.07595271088857143
final_errors,Surprise,Fear,16,21,0.25522531595238096
final_errors,Surprise,Happiness,16,21,0.21181452860333336
final_errors,Surprise,Neutral,16,21,0.09019001739857144
final_errors,Surprise,Sadness,16,21,0.08080877027142856
final_errors,Surprise,Surprise,16,21,0.19457076385476185
final_errors,Surprise,Anger,17,21,0.08076204420571428
final_errors,Surprise,Disgust,17,21,0.0882896631838095
final_errors,Surprise,Fear,17,21,0.31054272432857144
final_errors,Surprise,Happiness,17,21,0.19215178168904762
final_errors,Surprise,Neutral,17,21,0.06601017738095238
final_errors,Surprise,Sadness,17,21,0.06603335858142859
final_errors,Surprise,Surprise,17,21,0.1962102509109524
final_errors,Surprise,Anger,18,21,0.07514295105142857
final_errors,Surprise,Disgust,18,21,0.0924366587857143
final_errors,Surprise,Fear,18,21,0.33884567698095236
final_errors,Surprise,Happiness,18,21,0.15947996149809524
final_errors,Surprise,Neutral,18,21,0.06339442781904762
final_errors,Surprise,Sadness,18,21,0.0635093557742857
final_errors,Surprise,Surprise,18,21,0.2071909497709524
final_errors,Surprise,Anger,19,21,0.08022656491142857
final_errors,Surprise,Disgust,19,21,0.09551678907619046
final_errors,Surprise,Fear,19,21,0.375789937052381
final_errors,Surprise,Happiness,19,21,0.13456365335619053
final_errors,Surprise,Neutral,19,21,0.04148413916714285
final_errors,Surprise,Sadness,19,21,0.05997360171857143
final_errors,Surprise,Surprise,19,21,0.2124453162509524
final_errors,Surprise,Anger,20,21,0.07073313712571432
final_errors,Surprise,Disgust,20,21,0.08503464333333333
final_errors,Surprise,Fear,20,21,0.4364662598404762
final_errors,Surprise,Happiness,20,21,0.12034044683047618
final_errors,Surprise,Neutral,20,21,0.010805201864761907
final_errors,Surprise,Sadness,20,21,0.05089064574523809
final_errors,Surprise,Surprise,20,21,0.22572968722238096
final_errors,Surprise,Anger,21,21,0.05564354054714286
final_errors,Surprise,Disgust,21,21,0.0760883223357143
final_errors,Surprise,Fear,21,21,0.47971525498428574
final_errors,Surprise,Happiness,21,21,0.1068908162414286
final_errors,Surprise,Neutral,21,21,0.006909577716190476
final_errors,Surprise,Sadness,21,21,0.0487367186857143
final_errors,Surprise,Surprise,21,21,0.22601576105142854
final_errors,Surprise,Anger,22,21,0.04920238234761905
final_errors,Surprise,Disgust,22,21,0.056057560112857154
final_errors,Surprise,Fear,22,21,0.5152918252428572
final_errors,Surprise,Happiness,22,21,0.09547256230761902
final_errors,Surprise,Neutral,22,21,0.004306064968095239
final_errors,Surprise,Sadness,22,21,0.047540715205238095
final_errors,Surprise,Surprise,22,21,0.23212889354714286
final_errors,Surprise,Anger,23,21,0.04679408267619048
final_errors,Surprise,Disgust,23,21,0.047926811957142865
final_errors,Surprise,Fear,23,21,0.5164977997761904
final_errors,Surprise,Happiness,23,21,0.09537722638047619
final_errors,Surprise,Neutral,23,21,0.0038943165761904765
final_errors,Surprise,Sadness,23,21,0.04764481033857144
final_errors,Surprise,Surprise,23,21,0.24186496508190478
final_errors,Surprise,Anger,24,21,0.04253745155333334
final_errors,Surprise,Disgust,24,21,0.03511955676190476
final_errors,Surprise,Fear,24,21,0.5238389845619048
final_errors,Surprise,Happiness,24,21,0.0968370596809524
final_errors,Surprise,Neutral,24,21,0.004576174780952381
final_errors,Surprise,Sadness,24,21,0.047599637194285706
final_errors,Surprise,Surprise,24,21,0.24949111172619046
final_errors,Surprise,Anger,25,21,0.034873419829999995
final_errors,Surprise,Disgust,25,21,0.027507767304761916
final_errors,Surprise,Fear,25,21,0.536161336947619
final_errors,Surprise,Happiness,25,21,0.09711041558857143
final_errors,Surprise,Neutral,25,21,0.0051014204033333335
final_errors,Surprise,Sadness,25,21,0.04761693028904762
final_errors,Surprise,Surprise,25,21,0.25162871554142857
final_errors,Surprise,Anger,26,21,0.0230567537152381
final_errors,Surprise,Disgust,26,21,0.023195956828571427
final_errors,Surprise,Fear,26,21,0.5891124705357142
final_errors,Surprise,Happiness,26,21,0.08801470244761905
final_errors,Surprise,Neutral,26,21,0.004590559439999999
final_errors,Surprise,Sadness,26,21,0.047355486384761905
final_errors,Surprise,Surprise,26,21,0.22467403666571434
final_errors,Surprise,Anger,27,21,0.011210469735714284
final_errors,Surprise,Disgust,27,21,0.017485513842857143
final_errors,Surprise,Fear,27,21,0.625795587864762
final_errors,Surprise,Happiness,27,21,0.08536228379523811
final_errors,Surprise,Neutral,27,21,0.0036329128761904755
final_errors,Surprise,Sadness,27,21,0.046750456624285716
final_errors,Surprise,Surprise,27,21,0.2097627907547619
final_errors,Surprise,Anger,28,21,0.006597959900476191
final_errors,Surprise,Disgust,28,21,0.01825545343809524
final_errors,Surprise,Fear,28,21,0.6616563080366665
final_errors,Surprise,Happiness,28,21,0.07509761173666667
final_errors,Surprise,Neutral,28,21,0.0029381480257142855
final_errors,Surprise,Sadness,28,21,0.04631175758428571
final_errors,Surprise,Surprise,28,21,0.1891427665
final_errors,Surprise,Anger,29,21,0.004983102200476192
final_errors,Surprise,Disgust,29,21,0.032665786014285714
final_errors,Surprise,Fear,29,21,0.7420898665238094
final_errors,Surprise,Happiness,29,21,0.028315143940476194
final_errors,Surprise,Neutral,29,21,0.0026789877657142857
final_errors,Surprise,Sadness,29,21,0.046459669034285715
final_errors,Surprise,Surprise,29,21,0.1428074553761905
final_errors,Surprise,Anger,30,21,0.004961843754285713
final_errors,Surprise,Disgust,30,21,0.042823948476190477
final_errors,Surprise,Fear,30,21,0.7885779101333334
final_errors,Surprise,Happiness,30,21,0.009447053304761904
final_errors,Surprise,Neutral,30,21,0.00220996445952381
final_errors,Surprise,Sadness,30,21,0.043832746622380944
final_errors,Surprise,Surprise,30,21,0.10814652410000003
