true_label,timestep,au_code,raw_mean
Anger,1,AU1,0.04626530557601795
Anger,2,AU1,0.045777402256158596
Anger,3,AU1,0.04614492287346917
Anger,4,AU1,0.04637934095821373
Anger,5,AU1,0.0456333893530632
Anger,6,AU1,0.04540357134450809
Anger,7,AU1,0.04536162413661415
Anger,8,AU1,0.04734251294927454
Anger,9,AU1,0.04794874746843599
Anger,10,AU1,0.04927806122284194
Anger,11,AU1,0.05115737520610666
Anger,12,AU1,0.05370716604633214
Anger,13,AU1,0.056761012504767
Anger,14,AU1,0.05935354042210902
Anger,15,AU1,0.06192407475417785
Anger,16,AU1,0.06439067954916732
Anger,17,AU1,0.06520279959101295
Anger,18,AU1,0.06792619229779666
Anger,19,AU1,0.07011797244472458
Anger,20,AU1,0.0722946547463099
Anger,21,AU1,0.07478519705802289
Anger,22,AU1,0.07562425781435957
Anger,23,AU1,0.07596836379332328
Anger,24,AU1,0.07681984213774865
Anger,25,AU1,0.07689269702644881
Anger,26,AU1,0.07631193301636315
Anger,27,AU1,0.07653990925119583
Anger,28,AU1,0.07624248170905162
Anger,29,AU1,0.07494342118730528
Anger,30,AU1,0.07353515391549988
Disgust,1,AU1,0.048490689795751774
Disgust,2,AU1,0.049272999256921024
Disgust,3,AU1,0.04991653063433551
Disgust,4,AU1,0.05017547581221882
Disgust,5,AU1,0.04994966207446935
Disgust,6,AU1,0.0509146197344481
Disgust,7,AU1,0.05169864782815305
Disgust,8,AU1,0.052921587287218436
Disgust,9,AU1,0.05528571712520122
Disgust,10,AU1,0.05742887716705617
Disgust,11,AU1,0.058347752584205125
Disgust,12,AU1,0.05971483956682186
Disgust,13,AU1,0.060987478938687875
Disgust,14,AU1,0.06230536093577985
Disgust,15,AU1,0.06347755994165513
Disgust,16,AU1,0.06447458683735419
Disgust,17,AU1,0.06551663240656738
Disgust,18,AU1,0.06655416736161512
Disgust,19,AU1,0.0686077567241008
Disgust,20,AU1,0.07001927274784986
Disgust,21,AU1,0.07128026800157529
Disgust,22,AU1,0.07236229458278558
Disgust,23,AU1,0.07397036260219077
Disgust,24,AU1,0.07444935764336029
Disgust,25,AU1,0.07476563296676199
Disgust,26,AU1,0.07431767834792292
Disgust,27,AU1,0.07420191679188441
Disgust,28,AU1,0.07383053292236637
Disgust,29,AU1,0.07270208850476055
Disgust,30,AU1,0.07207920927209406
Fear,1,AU1,0.07513615320791057
Fear,2,AU1,0.08060699467089129
Fear,3,AU1,0.08738941214295116
Fear,4,AU1,0.09437039853606576
Fear,5,AU1,0.0994937536770798
Fear,6,AU1,0.10373140514086389
Fear,7,AU1,0.10766027195146866
Fear,8,AU1,0.11075774108423489
Fear,9,AU1,0.11476743126366265
Fear,10,AU1,0.11934353064525038
Fear,11,AU1,0.1261494617473309
Fear,12,AU1,0.13302811580065388
Fear,13,AU1,0.13818419270403912
Fear,14,AU1,0.14627540782161916
Fear,15,AU1,0.15306299176326296
Fear,16,AU1,0.16058489133896073
Fear,17,AU1,0.16678204466058097
Fear,18,AU1,0.1759894349177925
Fear,19,AU1,0.18442181045954947
Fear,20,AU1,0.19126912324654402
Fear,21,AU1,0.2003599970384919
Fear,22,AU1,0.2099502693760737
Fear,23,AU1,0.2171310065489038
Fear,24,AU1,0.22225364513368753
Fear,25,AU1,0.23025139082875853
Fear,26,AU1,0.23386533241897453
Fear,27,AU1,0.23651287279838923
Fear,28,AU1,0.2384900481091673
Fear,29,AU1,0.23772424141806542
Fear,30,AU1,0.23566294263517396
Happiness,1,AU1,0.036729440843207506
Happiness,2,AU1,0.03631060534114323
Happiness,3,AU1,0.03648696725742489
Happiness,4,AU1,0.03641502492918561
Happiness,5,AU1,0.03571047182546722
Happiness,6,AU1,0.03507425280853721
Happiness,7,AU1,0.03422667181564046
Happiness,8,AU1,0.034280583715934156
Happiness,9,AU1,0.033847449129874904
Happiness,10,AU1,0.03449268802802618
Happiness,11,AU1,0.03480890509956824
Happiness,12,AU1,0.03551398224631506
Happiness,13,AU1,0.036777017514303366
Happiness,14,AU1,0.03702608551286691
Happiness,15,AU1,0.038467166818761736
Happiness,16,AU1,0.039162446957457395
Happiness,17,AU1,0.04036550455746486
Happiness,18,AU1,0.04124932330166135
Happiness,19,AU1,0.041810492260524655
Happiness,20,AU1,0.042532945272433564
Happiness,21,AU1,0.04356303903055238
Happiness,22,AU1,0.04445112313155864
Happiness,23,AU1,0.04590260696703939
Happiness,24,AU1,0.04707594572643093
Happiness,25,AU1,0.04805296784607887
Happiness,26,AU1,0.04917637784099575
Happiness,27,AU1,0.049851134299882485
Happiness,28,AU1,0.050649792665594995
Happiness,29,AU1,0.050741697035084514
Happiness,30,AU1,0.051008399981835977
Neutral,1,AU1,0.02388732606180269
Neutral,2,AU1,0.02333952899860912
Neutral,3,AU1,0.02240881038414699
Neutral,4,AU1,0.022493242279153374
Neutral,5,AU1,0.021690262215331813
Neutral,6,AU1,0.0212256986444033
Neutral,7,AU1,0.020191803676320428
Neutral,8,AU1,0.01967851732149588
Neutral,9,AU1,0.019436907429766212
Neutral,10,AU1,0.019371889585516302
Neutral,11,AU1,0.018679253737306643
Neutral,12,AU1,0.01780300145030107
Neutral,13,AU1,0.017626989463042492
Neutral,14,AU1,0.017492063285623506
Neutral,15,AU1,0.01730743452659773
Neutral,16,AU1,0.016951310385737103
Neutral,17,AU1,0.016643733231764844
Neutral,18,AU1,0.01604785879096699
Neutral,19,AU1,0.016053848477228957
Neutral,20,AU1,0.015532059617957655
Neutral,21,AU1,0.015021797409494782
Neutral,22,AU1,0.014560735487949013
Neutral,23,AU1,0.014400196919348547
Neutral,24,AU1,0.01401624741872321
Neutral,25,AU1,0.013412447452297867
Neutral,26,AU1,0.013227092475687246
Neutral,27,AU1,0.012687403140376408
Neutral,28,AU1,0.012613339839748104
Neutral,29,AU1,0.012876671011636006
Neutral,30,AU1,0.013311061079120789
Sadness,1,AU1,0.0641605656226362
Sadness,2,AU1,0.06555224212420757
Sadness,3,AU1,0.06644605079445493
Sadness,4,AU1,0.06693124056029377
Sadness,5,AU1,0.06799552089518758
Sadness,6,AU1,0.06787764373397118
Sadness,7,AU1,0.06825445187945123
Sadness,8,AU1,0.0705931170426985
Sadness,9,AU1,0.07138536290915615
Sadness,10,AU1,0.07078680890856397
Sadness,11,AU1,0.0724487154931834
Sadness,12,AU1,0.07239897978547173
Sadness,13,AU1,0.07264785089170657
Sadness,14,AU1,0.07542675523940759
Sadness,15,AU1,0.07702402917716335
Sadness,16,AU1,0.07923382506675639
Sadness,17,AU1,0.08248365512340801
Sadness,18,AU1,0.08519670096720718
Sadness,19,AU1,0.08773422029622543
Sadness,20,AU1,0.09170759499311885
Sadness,21,AU1,0.09305987771881291
Sadness,22,AU1,0.09397555826855648
Sadness,23,AU1,0.09597693424401635
Sadness,24,AU1,0.09669159966679174
Sadness,25,AU1,0.09622429042009285
Sadness,26,AU1,0.09644886138917305
Sadness,27,AU1,0.0969716153891901
Sadness,28,AU1,0.09669152260594657
Sadness,29,AU1,0.09632253058082504
Sadness,30,AU1,0.09363480467427131
Surprise,1,AU1,0.06368408094486866
Surprise,2,AU1,0.06884108611164998
Surprise,3,AU1,0.0721630918640901
Surprise,4,AU1,0.07458452331739238
Surprise,5,AU1,0.07885999309110409
Surprise,6,AU1,0.08297146893307665
Surprise,7,AU1,0.08683317235864889
Surprise,8,AU1,0.09341648038347194
Surprise,9,AU1,0.10299252775872211
Surprise,10,AU1,0.11324015882888101
Surprise,11,AU1,0.1215875749210869
Surprise,12,AU1,0.13030089810898005
Surprise,13,AU1,0.1396318554073269
Surprise,14,AU1,0.15190706875812543
Surprise,15,AU1,0.1630708039442353
Surprise,16,AU1,0.17548852744176574
Surprise,17,AU1,0.18785783189666716
Surprise,18,AU1,0.19804018669961107
Surprise,19,AU1,0.20804123332090418
Surprise,20,AU1,0.22210869330556732
Surprise,21,AU1,0.2379691647267067
Surprise,22,AU1,0.2544419505369588
Surprise,23,AU1,0.26944401721978356
Surprise,24,AU1,0.27776795962497325
Surprise,25,AU1,0.28443899840630044
Surprise,26,AU1,0.2861957600254295
Surprise,27,AU1,0.28666451996401837
Surprise,28,AU1,0.2833599023675206
Surprise,29,AU1,0.27853248875997194
Surprise,30,AU1,0.26970301370923583
Anger,1,AU2,0.025315809873585074
Anger,2,AU2,0.024413870577937997
Anger,3,AU2,0.023057073760994085
Anger,4,AU2,0.022500981383476268
Anger,5,AU2,0.020898573665057405
Anger,6,AU2,0.01937597985851392
Anger,7,AU2,0.018324401190201314
Anger,8,AU2,0.017375217270765207
Anger,9,AU2,0.01622184379670894
Anger,10,AU2,0.01646797945893482
Anger,11,AU2,0.016240813622010145
Anger,12,AU2,0.016188678390679643
Anger,13,AU2,0.01585034388399733
Anger,14,AU2,0.015920584071562594
Anger,15,AU2,0.016007727336689957
Anger,16,AU2,0.016670389874718847
Anger,17,AU2,0.01701681914496563
Anger,18,AU2,0.018040479846765645
Anger,19,AU2,0.0185643011436631
Anger,20,AU2,0.01860773647259909
Anger,21,AU2,0.01930979586221394
Anger,22,AU2,0.019406973792791084
Anger,23,AU2,0.019409624225651633
Anger,24,AU2,0.01901631668930396
Anger,25,AU2,0.01895087320679177
Anger,26,AU2,0.018946431876514052
Anger,27,AU2,0.01896399077815891
Anger,28,AU2,0.01924127920321903
Anger,29,AU2,0.019674510158745724
Anger,30,AU2,0.020245592336650298
Disgust,1,AU2,0.029596609783995774
Disgust,2,AU2,0.029232984932913358
Disgust,3,AU2,0.02904614240874024
Disgust,4,AU2,0.0283009357279567
Disgust,5,AU2,0.026881949831181053
Disgust,6,AU2,0.026771142457882136
Disgust,7,AU2,0.026407025225072742
Disgust,8,AU2,0.02604278580903334
Disgust,9,AU2,0.025833563347777613
Disgust,10,AU2,0.025757224498872196
Disgust,11,AU2,0.025439536182064765
Disgust,12,AU2,0.025814239859639397
Disgust,13,AU2,0.025862537334008853
Disgust,14,AU2,0.026476271344065275
Disgust,15,AU2,0.02667522018981157
Disgust,16,AU2,0.02706443365783836
Disgust,17,AU2,0.02779493733522899
Disgust,18,AU2,0.02839152706211496
Disgust,19,AU2,0.02949345920063735
Disgust,20,AU2,0.03021092607991534
Disgust,21,AU2,0.03050312644095752
Disgust,22,AU2,0.030881910722038997
Disgust,23,AU2,0.03156850285366603
Disgust,24,AU2,0.03269344994227349
Disgust,25,AU2,0.03366724389596831
Disgust,26,AU2,0.03403309660453515
Disgust,27,AU2,0.03459765344751538
Disgust,28,AU2,0.03499034916734846
Disgust,29,AU2,0.035184834688962344
Disgust,30,AU2,0.03499935432272665
Fear,1,AU2,0.06367190784537452
Fear,2,AU2,0.0689396241317055
Fear,3,AU2,0.07532778862136086
Fear,4,AU2,0.08194276149747569
Fear,5,AU2,0.08779564409619546
Fear,6,AU2,0.09322167189379651
Fear,7,AU2,0.09831891893989042
Fear,8,AU2,0.10204145805940922
Fear,9,AU2,0.10659893259177519
Fear,10,AU2,0.1112625017516762
Fear,11,AU2,0.11789850192746489
Fear,12,AU2,0.12463847122829909
Fear,13,AU2,0.1300874497283028
Fear,14,AU2,0.13735814934845017
Fear,15,AU2,0.14408149022872307
Fear,16,AU2,0.15211323174741712
Fear,17,AU2,0.1586921220950257
Fear,18,AU2,0.16813201622402155
Fear,19,AU2,0.17590394766024783
Fear,20,AU2,0.18216879833911798
Fear,21,AU2,0.19092637718309444
Fear,22,AU2,0.20063465949404027
Fear,23,AU2,0.20774158824494038
Fear,24,AU2,0.21221613428691793
Fear,25,AU2,0.2184027662781075
Fear,26,AU2,0.22165131902764176
Fear,27,AU2,0.2245287365710247
Fear,28,AU2,0.22615950972656895
Fear,29,AU2,0.22546136502441388
Fear,30,AU2,0.22335441692316613
Happiness,1,AU2,0.03093495364062944
Happiness,2,AU2,0.03085181865541793
Happiness,3,AU2,0.031075499650936287
Happiness,4,AU2,0.03137153031028358
Happiness,5,AU2,0.03168221860605418
Happiness,6,AU2,0.0320222068831069
Happiness,7,AU2,0.031905804541795
Happiness,8,AU2,0.03183040367647488
Happiness,9,AU2,0.031932986949873
Happiness,10,AU2,0.03200457934673402
Happiness,11,AU2,0.03185558207051276
Happiness,12,AU2,0.03190618775976072
Happiness,13,AU2,0.03242563483934392
Happiness,14,AU2,0.032794584671481344
Happiness,15,AU2,0.03393338484167567
Happiness,16,AU2,0.034056463027844534
Happiness,17,AU2,0.03516400820537851
Happiness,18,AU2,0.03567095280800051
Happiness,19,AU2,0.03593897411225573
Happiness,20,AU2,0.03630300788462286
Happiness,21,AU2,0.03635291613130443
Happiness,22,AU2,0.03675579404191468
Happiness,23,AU2,0.03770583888955868
Happiness,24,AU2,0.0383618782221925
Happiness,25,AU2,0.03877926588796282
Happiness,26,AU2,0.03951275667274266
Happiness,27,AU2,0.0398712407020489
Happiness,28,AU2,0.04009845505502625
Happiness,29,AU2,0.040421840921928014
Happiness,30,AU2,0.04023924680894023
Neutral,1,AU2,0.019930923236036034
Neutral,2,AU2,0.019486850566523998
Neutral,3,AU2,0.01874282799727953
Neutral,4,AU2,0.018546309907555795
Neutral,5,AU2,0.01793280723242918
Neutral,6,AU2,0.01746762595125458
Neutral,7,AU2,0.01655901544794946
Neutral,8,AU2,0.016062449398276092
Neutral,9,AU2,0.01587533622039808
Neutral,10,AU2,0.015515629008564302
Neutral,11,AU2,0.014711689581395354
Neutral,12,AU2,0.014106268185007908
Neutral,13,AU2,0.01397837980996791
Neutral,14,AU2,0.013763290091561999
Neutral,15,AU2,0.013778242049065194
Neutral,16,AU2,0.01341173953555031
Neutral,17,AU2,0.01301691741749039
Neutral,18,AU2,0.012478254257074975
Neutral,19,AU2,0.012299628162700835
Neutral,20,AU2,0.012087353806682874
Neutral,21,AU2,0.011626204375848529
Neutral,22,AU2,0.011347245437525052
Neutral,23,AU2,0.011302264726573117
Neutral,24,AU2,0.01104478849053669
Neutral,25,AU2,0.010728993146528568
Neutral,26,AU2,0.01051782683604586
Neutral,27,AU2,0.010311530764193706
Neutral,28,AU2,0.010166378640245643
Neutral,29,AU2,0.010350842387766174
Neutral,30,AU2,0.010569374198354898
Sadness,1,AU2,0.03475809266489926
Sadness,2,AU2,0.03466864599284484
Sadness,3,AU2,0.03394487288987474
Sadness,4,AU2,0.032933786437478636
Sadness,5,AU2,0.03179176879593129
Sadness,6,AU2,0.029920482623794705
Sadness,7,AU2,0.028382266748981224
Sadness,8,AU2,0.028710366541741767
Sadness,9,AU2,0.028123933235950246
Sadness,10,AU2,0.027280723559445674
Sadness,11,AU2,0.027238455210825
Sadness,12,AU2,0.026589676673626616
Sadness,13,AU2,0.026046082147982593
Sadness,14,AU2,0.02694751508482119
Sadness,15,AU2,0.026784853652347354
Sadness,16,AU2,0.027219516351197053
Sadness,17,AU2,0.027004945041459984
Sadness,18,AU2,0.027294338537112696
Sadness,19,AU2,0.02756906169201994
Sadness,20,AU2,0.029017552835577734
Sadness,21,AU2,0.029245902592382786
Sadness,22,AU2,0.029803635179336
Sadness,23,AU2,0.03036861502181292
Sadness,24,AU2,0.030799804354900435
Sadness,25,AU2,0.031168790785746435
Sadness,26,AU2,0.03207339738892729
Sadness,27,AU2,0.03269099545210618
Sadness,28,AU2,0.0324812357105392
Sadness,29,AU2,0.03264251647812849
Sadness,30,AU2,0.031614698288449955
Surprise,1,AU2,0.06143461239786849
Surprise,2,AU2,0.06665165132045624
Surprise,3,AU2,0.07066214917347281
Surprise,4,AU2,0.07325348826719498
Surprise,5,AU2,0.07759065297577196
Surprise,6,AU2,0.08216993260336342
Surprise,7,AU2,0.08615062785018716
Surprise,8,AU2,0.09267014161441352
Surprise,9,AU2,0.10303505251482546
Surprise,10,AU2,0.11388831193301915
Surprise,11,AU2,0.12356494760982899
Surprise,12,AU2,0.13282063965430596
Surprise,13,AU2,0.1437769876151984
Surprise,14,AU2,0.1577952203183638
Surprise,15,AU2,0.1692937638040596
Surprise,16,AU2,0.18302588970122394
Surprise,17,AU2,0.19738423569821165
Surprise,18,AU2,0.20858744095255438
Surprise,19,AU2,0.21846782573588375
Surprise,20,AU2,0.23283219592229454
Surprise,21,AU2,0.2478825787016011
Surprise,22,AU2,0.2633446094552872
Surprise,23,AU2,0.2774978490874307
Surprise,24,AU2,0.28583090421436547
Surprise,25,AU2,0.2923042284891134
Surprise,26,AU2,0.29302804346960026
Surprise,27,AU2,0.29255151014107994
Surprise,28,AU2,0.2885758413653056
Surprise,29,AU2,0.2834795001173514
Surprise,30,AU2,0.27520616416294735
Anger,1,AU4,0.17029474955908344
Anger,2,AU4,0.17673593483274053
Anger,3,AU4,0.18343828942712712
Anger,4,AU4,0.18861473913815624
Anger,5,AU4,0.19533821527979195
Anger,6,AU4,0.20496817609806597
Anger,7,AU4,0.21363105708305183
Anger,8,AU4,0.22168441236487318
Anger,9,AU4,0.2306535486780751
Anger,10,AU4,0.2392280320489921
Anger,11,AU4,0.2508032684825253
Anger,12,AU4,0.26064679799176127
Anger,13,AU4,0.27376575553247273
Anger,14,AU4,0.28397400632387826
Anger,15,AU4,0.29802372262795385
Anger,16,AU4,0.31057786484615346
Anger,17,AU4,0.32132263612617673
Anger,18,AU4,0.332633832017594
Anger,19,AU4,0.34600666858793133
Anger,20,AU4,0.3597819204196859
Anger,21,AU4,0.36970837108826027
Anger,22,AU4,0.3792730156782538
Anger,23,AU4,0.3878811947722642
Anger,24,AU4,0.3956226466678275
Anger,25,AU4,0.4014829847302064
Anger,26,AU4,0.4090842686658487
Anger,27,AU4,0.413105471695637
Anger,28,AU4,0.4117047978561527
Anger,29,AU4,0.40567500385501004
Anger,30,AU4,0.3990635444162732
Disgust,1,AU4,0.1586903928986479
Disgust,2,AU4,0.1663335347418054
Disgust,3,AU4,0.17327981104365314
Disgust,4,AU4,0.18126637914217975
Disgust,5,AU4,0.18848029577008335
Disgust,6,AU4,0.19759522707920765
Disgust,7,AU4,0.21024788473861103
Disgust,8,AU4,0.22626109687868565
Disgust,9,AU4,0.23968220408655153
Disgust,10,AU4,0.2543136147136845
Disgust,11,AU4,0.2672686651302033
Disgust,12,AU4,0.27911586868213734
Disgust,13,AU4,0.28511594325646294
Disgust,14,AU4,0.2900344905130444
Disgust,15,AU4,0.30115007356691137
Disgust,16,AU4,0.308518655187626
Disgust,17,AU4,0.31460938007808803
Disgust,18,AU4,0.3192592256364079
Disgust,19,AU4,0.3272714468763625
Disgust,20,AU4,0.33264073006515965
Disgust,21,AU4,0.3419336036507962
Disgust,22,AU4,0.3487637427192181
Disgust,23,AU4,0.3528470530468534
Disgust,24,AU4,0.3588425263556683
Disgust,25,AU4,0.36246185970183453
Disgust,26,AU4,0.364784284274863
Disgust,27,AU4,0.36535369091380937
Disgust,28,AU4,0.35876260222867856
Disgust,29,AU4,0.35343492392244924
Disgust,30,AU4,0.34832291777311963
Fear,1,AU4,0.07251845349597262
Fear,2,AU4,0.07122518358740229
Fear,3,AU4,0.07044601324462023
Fear,4,AU4,0.06947610918708488
Fear,5,AU4,0.0687264312507296
Fear,6,AU4,0.06574334789523699
Fear,7,AU4,0.06534181491773819
Fear,8,AU4,0.0649130547589205
Fear,9,AU4,0.06564266651542129
Fear,10,AU4,0.06692875505616881
Fear,11,AU4,0.06815200013276533
Fear,12,AU4,0.06710592784968444
Fear,13,AU4,0.06646126627400982
Fear,14,AU4,0.06698542154249097
Fear,15,AU4,0.06634177793138217
Fear,16,AU4,0.06741566934645658
Fear,17,AU4,0.06756176952244203
Fear,18,AU4,0.06761557885370803
Fear,19,AU4,0.06813225588907054
Fear,20,AU4,0.07121951478662533
Fear,21,AU4,0.07291598231569904
Fear,22,AU4,0.07226124696813586
Fear,23,AU4,0.07272529622903363
Fear,24,AU4,0.07517843124180015
Fear,25,AU4,0.0757599384365973
Fear,26,AU4,0.07563871421204518
Fear,27,AU4,0.07519557785350668
Fear,28,AU4,0.07368220564587412
Fear,29,AU4,0.07398057822056771
Fear,30,AU4,0.07339239870073415
Happiness,1,AU4,0.0641167557386747
Happiness,2,AU4,0.06146078260501433
Happiness,3,AU4,0.058833558756781215
Happiness,4,AU4,0.05785895526722804
Happiness,5,AU4,0.055815906739623826
Happiness,6,AU4,0.053354070661982576
Happiness,7,AU4,0.05079648836350893
Happiness,8,AU4,0.05025865568542087
Happiness,9,AU4,0.048203253338408296
Happiness,10,AU4,0.04768569494943699
Happiness,11,AU4,0.047181327569040116
Happiness,12,AU4,0.047419715388542456
Happiness,13,AU4,0.04819052258639679
Happiness,14,AU4,0.048324151370493444
Happiness,15,AU4,0.049079544950809774
Happiness,16,AU4,0.04876019378762833
Happiness,17,AU4,0.048357271462025085
Happiness,18,AU4,0.0483229879747383
Happiness,19,AU4,0.0481735484787934
Happiness,20,AU4,0.048776972177261214
Happiness,21,AU4,0.050222478625805374
Happiness,22,AU4,0.051041812277493194
Happiness,23,AU4,0.05139255497080397
Happiness,24,AU4,0.05165656724278936
Happiness,25,AU4,0.051796877408028956
Happiness,26,AU4,0.05173319960855638
Happiness,27,AU4,0.05216810432045759
Happiness,28,AU4,0.05277497541889996
Happiness,29,AU4,0.05293593366590701
Happiness,30,AU4,0.05360256549379245
Neutral,1,AU4,0.03858295193320442
Neutral,2,AU4,0.03838247177742305
Neutral,3,AU4,0.03771365128372506
Neutral,4,AU4,0.03732133548107782
Neutral,5,AU4,0.036342605768633164
Neutral,6,AU4,0.03557483664978224
Neutral,7,AU4,0.03478747787792781
Neutral,8,AU4,0.03419466083325429
Neutral,9,AU4,0.033958006139967856
Neutral,10,AU4,0.03390200800378623
Neutral,11,AU4,0.034044325808622135
Neutral,12,AU4,0.034138072582540764
Neutral,13,AU4,0.033776595896308576
Neutral,14,AU4,0.033850191831090316
Neutral,15,AU4,0.03400611470373228
Neutral,16,AU4,0.03348765255884738
Neutral,17,AU4,0.03291569706438416
Neutral,18,AU4,0.03234650913367633
Neutral,19,AU4,0.03200687940008431
Neutral,20,AU4,0.03098828297287682
Neutral,21,AU4,0.030418840874383977
Neutral,22,AU4,0.030148547764469357
Neutral,23,AU4,0.029932296047576447
Neutral,24,AU4,0.02961307941921429
Neutral,25,AU4,0.028677531913169886
Neutral,26,AU4,0.02853851238876033
Neutral,27,AU4,0.028338792402989973
Neutral,28,AU4,0.027861717590636666
Neutral,29,AU4,0.028265709512026494
Neutral,30,AU4,0.029571810010714166
Sadness,1,AU4,0.11193703037417839
Sadness,2,AU4,0.11604161160965179
Sadness,3,AU4,0.12222455358698824
Sadness,4,AU4,0.12807802779791802
Sadness,5,AU4,0.1329018475421016
Sadness,6,AU4,0.1397060976262163
Sadness,7,AU4,0.145233383468011
Sadness,8,AU4,0.1498460696574963
Sadness,9,AU4,0.15209630737496252
Sadness,10,AU4,0.15152308971724737
Sadness,11,AU4,0.15614833711546133
Sadness,12,AU4,0.15322192936026058
Sadness,13,AU4,0.15306413307862188
Sadness,14,AU4,0.15419396020728307
Sadness,15,AU4,0.15729475097648635
Sadness,16,AU4,0.16093478509301834
Sadness,17,AU4,0.16857483600676612
Sadness,18,AU4,0.1720568945700007
Sadness,19,AU4,0.17657340525899706
Sadness,20,AU4,0.1798126566955465
Sadness,21,AU4,0.18192525348341038
Sadness,22,AU4,0.1831272844578637
Sadness,23,AU4,0.1841710029681744
Sadness,24,AU4,0.18446066418154056
Sadness,25,AU4,0.18129037020669594
Sadness,26,AU4,0.17882633987637553
Sadness,27,AU4,0.17534734232655483
Sadness,28,AU4,0.17112180589923173
Sadness,29,AU4,0.16946006056354962
Sadness,30,AU4,0.16593879778995083
Surprise,1,AU4,0.06904887806124287
Surprise,2,AU4,0.06650611169935601
Surprise,3,AU4,0.06283994245800976
Surprise,4,AU4,0.0606779613027285
Surprise,5,AU4,0.05817632302969049
Surprise,6,AU4,0.055081831685348775
Surprise,7,AU4,0.05282568878807022
Surprise,8,AU4,0.05028702064126592
Surprise,9,AU4,0.047854891783153636
Surprise,10,AU4,0.04467832381762685
Surprise,11,AU4,0.04275562116211498
Surprise,12,AU4,0.03988190983707863
Surprise,13,AU4,0.037532470982450154
Surprise,14,AU4,0.03345729584390424
Surprise,15,AU4,0.029937138152044643
Surprise,16,AU4,0.026823343118845558
Surprise,17,AU4,0.025325498942366197
Surprise,18,AU4,0.02316829995206893
Surprise,19,AU4,0.021478010832885433
Surprise,20,AU4,0.019684216302967333
Surprise,21,AU4,0.018531965145973706
Surprise,22,AU4,0.018949243337900098
Surprise,23,AU4,0.018076692723260714
Surprise,24,AU4,0.016951565691811304
Surprise,25,AU4,0.016104869521568352
Surprise,26,AU4,0.01576706204208602
Surprise,27,AU4,0.01488368491109865
Surprise,28,AU4,0.015266899043498561
Surprise,29,AU4,0.01470779542599863
Surprise,30,AU4,0.014830512828599679
Anger,1,AU5,0.08715141745970155
Anger,2,AU5,0.08579710736773646
Anger,3,AU5,0.08783027983419213
Anger,4,AU5,0.08792520981238387
Anger,5,AU5,0.08897177431042025
Anger,6,AU5,0.09072186992448651
Anger,7,AU5,0.09136163294783922
Anger,8,AU5,0.09127203962780728
Anger,9,AU5,0.09080236814153571
Anger,10,AU5,0.08975056753610322
Anger,11,AU5,0.09213319504962036
Anger,12,AU5,0.09514578240577791
Anger,13,AU5,0.0965661181537028
Anger,14,AU5,0.0958156534123637
Anger,15,AU5,0.0938627957977758
Anger,16,AU5,0.09299757732585405
Anger,17,AU5,0.09132200145040605
Anger,18,AU5,0.09206045833155063
Anger,19,AU5,0.09390662213509673
Anger,20,AU5,0.09495807076734658
Anger,21,AU5,0.09502063820196933
Anger,22,AU5,0.09487753483047053
Anger,23,AU5,0.09486571662679943
Anger,24,AU5,0.09286992402145332
Anger,25,AU5,0.09394312985508645
Anger,26,AU5,0.09476544308044459
Anger,27,AU5,0.09547861309152211
Anger,28,AU5,0.09842967914476812
Anger,29,AU5,0.09977111904431356
Anger,30,AU5,0.10155668571339527
Disgust,1,AU5,0.06328544001174445
Disgust,2,AU5,0.060342591217446014
Disgust,3,AU5,0.06268190698578006
Disgust,4,AU5,0.06472872995440576
Disgust,5,AU5,0.06590080224040944
Disgust,6,AU5,0.06522879451948765
Disgust,7,AU5,0.0611864319184609
Disgust,8,AU5,0.059435315994704384
Disgust,9,AU5,0.05535063354932807
Disgust,10,AU5,0.053832939871930593
Disgust,11,AU5,0.05144464090138693
Disgust,12,AU5,0.052734631649599184
Disgust,13,AU5,0.053174067257147205
Disgust,14,AU5,0.05489463447357548
Disgust,15,AU5,0.05567614236852438
Disgust,16,AU5,0.05740977164617332
Disgust,17,AU5,0.05869590128451074
Disgust,18,AU5,0.05991297496375004
Disgust,19,AU5,0.060918247458392104
Disgust,20,AU5,0.0610480675137779
Disgust,21,AU5,0.059690842611455464
Disgust,22,AU5,0.05699977389954948
Disgust,23,AU5,0.056362153624055576
Disgust,24,AU5,0.056727220632871556
Disgust,25,AU5,0.05542290020396109
Disgust,26,AU5,0.05487288358145264
Disgust,27,AU5,0.0544236808486856
Disgust,28,AU5,0.054822768140906857
Disgust,29,AU5,0.05381570613600022
Disgust,30,AU5,0.0520558359737705
Fear,1,AU5,0.12798798922120566
Fear,2,AU5,0.13160300811419545
Fear,3,AU5,0.1388396157002523
Fear,4,AU5,0.14917517274848205
Fear,5,AU5,0.15430992713300468
Fear,6,AU5,0.15713400431763205
Fear,7,AU5,0.1660706463694458
Fear,8,AU5,0.17085686527862134
Fear,9,AU5,0.18028339970926108
Fear,10,AU5,0.18932003021084992
Fear,11,AU5,0.2010440423152242
Fear,12,AU5,0.2055014779513093
Fear,13,AU5,0.21075594702247236
Fear,14,AU5,0.21515288680425737
Fear,15,AU5,0.2193894014022851
Fear,16,AU5,0.22567841736668803
Fear,17,AU5,0.2343557238238745
Fear,18,AU5,0.24522865652359793
Fear,19,AU5,0.2571070641018609
Fear,20,AU5,0.26821603458933263
Fear,21,AU5,0.2761992623020254
Fear,22,AU5,0.2859466927115156
Fear,23,AU5,0.29209259809949467
Fear,24,AU5,0.2972043690884932
Fear,25,AU5,0.29538307375764794
Fear,26,AU5,0.30025898622719854
Fear,27,AU5,0.29984041659164556
Fear,28,AU5,0.29743780383870333
Fear,29,AU5,0.2881087721007416
Fear,30,AU5,0.28137474851303684
Happiness,1,AU5,0.07575360377750995
Happiness,2,AU5,0.07493410302511073
Happiness,3,AU5,0.07490986643819844
Happiness,4,AU5,0.07441540615775936
Happiness,5,AU5,0.07176624664135567
Happiness,6,AU5,0.06866172608898449
Happiness,7,AU5,0.06338602870123183
Happiness,8,AU5,0.05947296715007375
Happiness,9,AU5,0.056488202574537426
Happiness,10,AU5,0.05367275658355313
Happiness,11,AU5,0.05150387794199067
Happiness,12,AU5,0.04891055579422961
Happiness,13,AU5,0.04839776057574367
Happiness,14,AU5,0.04929456203339959
Happiness,15,AU5,0.05036114546962556
Happiness,16,AU5,0.051314714219727
Happiness,17,AU5,0.05309982445742973
Happiness,18,AU5,0.05231950748218658
Happiness,19,AU5,0.05302862984733265
Happiness,20,AU5,0.052722237391088986
Happiness,21,AU5,0.051162395917981295
Happiness,22,AU5,0.051319764484248104
Happiness,23,AU5,0.05200163021739143
Happiness,24,AU5,0.05247838188549857
Happiness,25,AU5,0.05170607236506692
Happiness,26,AU5,0.05069234054594808
Happiness,27,AU5,0.0493431633274384
Happiness,28,AU5,0.049824234707329836
Happiness,29,AU5,0.05137480224600238
Happiness,30,AU5,0.05168280446237039
Neutral,1,AU5,0.047912570671544454
Neutral,2,AU5,0.04854873651579971
Neutral,3,AU5,0.048460314094429385
Neutral,4,AU5,0.04770858195059496
Neutral,5,AU5,0.047914709290763885
Neutral,6,AU5,0.04778166498301759
Neutral,7,AU5,0.04673776265772067
Neutral,8,AU5,0.0473433240887656
Neutral,9,AU5,0.0475172916740029
Neutral,10,AU5,0.045520674437847894
Neutral,11,AU5,0.04473931471473466
Neutral,12,AU5,0.0441279663460813
Neutral,13,AU5,0.04483907961459307
Neutral,14,AU5,0.04463306081541517
Neutral,15,AU5,0.045399320954797207
Neutral,16,AU5,0.04417767384570623
Neutral,17,AU5,0.04273873335312975
Neutral,18,AU5,0.042465456333403234
Neutral,19,AU5,0.043388747601954006
Neutral,20,AU5,0.04320006005351709
Neutral,21,AU5,0.04292520166690137
Neutral,22,AU5,0.042903447693229124
Neutral,23,AU5,0.04138588365275215
Neutral,24,AU5,0.04077048155916638
Neutral,25,AU5,0.041378469919456574
Neutral,26,AU5,0.04153179583085435
Neutral,27,AU5,0.04260978060367577
Neutral,28,AU5,0.042473105100808366
Neutral,29,AU5,0.0422184881830488
Neutral,30,AU5,0.04308609245639302
Sadness,1,AU5,0.06830137358005046
Sadness,2,AU5,0.06894460713332373
Sadness,3,AU5,0.06577005445422976
Sadness,4,AU5,0.06223976989054594
Sadness,5,AU5,0.06207248007425278
Sadness,6,AU5,0.062287485280946055
Sadness,7,AU5,0.05985906835097677
Sadness,8,AU5,0.05831195711775618
Sadness,9,AU5,0.05730718149511124
Sadness,10,AU5,0.05434812560594189
Sadness,11,AU5,0.05351401111688954
Sadness,12,AU5,0.050161027695670546
Sadness,13,AU5,0.04650764338164817
Sadness,14,AU5,0.046633438765905984
Sadness,15,AU5,0.04674411111647282
Sadness,16,AU5,0.04630815260006979
Sadness,17,AU5,0.04585685832611371
Sadness,18,AU5,0.04555010691034971
Sadness,19,AU5,0.0471382461034628
Sadness,20,AU5,0.04876853934459039
Sadness,21,AU5,0.05119923307809685
Sadness,22,AU5,0.05168767468070927
Sadness,23,AU5,0.05145522820777846
Sadness,24,AU5,0.05347169082884303
Sadness,25,AU5,0.054214879460584245
Sadness,26,AU5,0.058412007558246395
Sadness,27,AU5,0.06223515076990178
Sadness,28,AU5,0.0647568984201134
Sadness,29,AU5,0.06470275630025064
Sadness,30,AU5,0.06625136519846694
Surprise,1,AU5,0.10717876939687108
Surprise,2,AU5,0.10957405376305511
Surprise,3,AU5,0.11056234658439362
Surprise,4,AU5,0.11272451499169424
Surprise,5,AU5,0.1179432447639692
Surprise,6,AU5,0.12232650537954377
Surprise,7,AU5,0.12982551791148955
Surprise,8,AU5,0.13635949900908131
Surprise,9,AU5,0.1454318762267938
Surprise,10,AU5,0.15121564744314653
Surprise,11,AU5,0.16080824006792138
Surprise,12,AU5,0.16628584191995666
Surprise,13,AU5,0.17601311763697663
Surprise,14,AU5,0.1878090447779299
Surprise,15,AU5,0.19445353429854267
Surprise,16,AU5,0.20635518338008538
Surprise,17,AU5,0.21651439786840673
Surprise,18,AU5,0.22405129342004595
Surprise,19,AU5,0.2281046040725641
Surprise,20,AU5,0.23345436331490754
Surprise,21,AU5,0.23648595730054417
Surprise,22,AU5,0.23830943387244516
Surprise,23,AU5,0.24486974912978285
Surprise,24,AU5,0.2470276658030414
Surprise,25,AU5,0.2500477318913602
Surprise,26,AU5,0.24286038196980017
Surprise,27,AU5,0.2364752150529984
Surprise,28,AU5,0.22736329358319343
Surprise,29,AU5,0.22034827812980262
Surprise,30,AU5,0.20585498744443326
Anger,1,AU6,0.14067458156964996
Anger,2,AU6,0.14503083040182357
Anger,3,AU6,0.14673854684862145
Anger,4,AU6,0.14910658184108852
Anger,5,AU6,0.1509941546294654
Anger,6,AU6,0.15354634570853049
Anger,7,AU6,0.1543789809814129
Anger,8,AU6,0.1578553730105688
Anger,9,AU6,0.1613622715485797
Anger,10,AU6,0.16723543684827127
Anger,11,AU6,0.17071943250134025
Anger,12,AU6,0.1720177029856017
Anger,13,AU6,0.17637250968386808
Anger,14,AU6,0.18160608742850248
Anger,15,AU6,0.19114169278892787
Anger,16,AU6,0.19826433802854454
Anger,17,AU6,0.20802127780680796
Anger,18,AU6,0.2120258589386641
Anger,19,AU6,0.2169792637178043
Anger,20,AU6,0.22171814049365615
Anger,21,AU6,0.22623849702310928
Anger,22,AU6,0.23104446762521255
Anger,23,AU6,0.2369998301739981
Anger,24,AU6,0.24101165849715467
Anger,25,AU6,0.24345893404313493
Anger,26,AU6,0.251114146304982
Anger,27,AU6,0.2553589358140847
Anger,28,AU6,0.25323910843980096
Anger,29,AU6,0.25249506404889477
Anger,30,AU6,0.250806120446484
Disgust,1,AU6,0.1839475390807607
Disgust,2,AU6,0.1865562533675937
Disgust,3,AU6,0.19045406242012045
Disgust,4,AU6,0.1933351041873616
Disgust,5,AU6,0.19730508192722868
Disgust,6,AU6,0.20162940536194376
Disgust,7,AU6,0.2085027229378142
Disgust,8,AU6,0.21577903332208728
Disgust,9,AU6,0.22223595244254865
Disgust,10,AU6,0.23206310974422287
Disgust,11,AU6,0.24001541435958146
Disgust,12,AU6,0.24734629500389324
Disgust,13,AU6,0.25228202162316476
Disgust,14,AU6,0.2575880872779546
Disgust,15,AU6,0.2669500720408551
Disgust,16,AU6,0.27056127929499074
Disgust,17,AU6,0.2738803091001076
Disgust,18,AU6,0.2769850686503014
Disgust,19,AU6,0.2833293160996058
Disgust,20,AU6,0.28902340509354657
Disgust,21,AU6,0.2975269188948021
Disgust,22,AU6,0.30399455314037127
Disgust,23,AU6,0.30702972998080075
Disgust,24,AU6,0.31226433035835927
Disgust,25,AU6,0.3146278488266385
Disgust,26,AU6,0.31750053026877884
Disgust,27,AU6,0.3185116878547634
Disgust,28,AU6,0.3152051631700642
Disgust,29,AU6,0.309864565594535
Disgust,30,AU6,0.30539341295406763
Fear,1,AU6,0.07780494011522675
Fear,2,AU6,0.07550826367683505
Fear,3,AU6,0.07328088379638094
Fear,4,AU6,0.066323699275694
Fear,5,AU6,0.06339673016779808
Fear,6,AU6,0.06139538444665406
Fear,7,AU6,0.06052942404461605
Fear,8,AU6,0.059856481536898674
Fear,9,AU6,0.05917175666131731
Fear,10,AU6,0.05919896364286794
Fear,11,AU6,0.058779588625469475
Fear,12,AU6,0.05684119433724169
Fear,13,AU6,0.05555888538184946
Fear,14,AU6,0.055646832111165834
Fear,15,AU6,0.0561599046057839
Fear,16,AU6,0.05576870937276816
Fear,17,AU6,0.05408357962182909
Fear,18,AU6,0.05326972805190716
Fear,19,AU6,0.05156309887329969
Fear,20,AU6,0.05185613142481308
Fear,21,AU6,0.0509672155467113
Fear,22,AU6,0.050272258139551516
Fear,23,AU6,0.04929891788211861
Fear,24,AU6,0.048932040684113665
Fear,25,AU6,0.04757052842270526
Fear,26,AU6,0.04717876830193565
Fear,27,AU6,0.04617870383473807
Fear,28,AU6,0.04613138962023132
Fear,29,AU6,0.047328004521350636
Fear,30,AU6,0.04738570074831937
Happiness,1,AU6,0.18039355658148076
Happiness,2,AU6,0.18944529903233287
Happiness,3,AU6,0.2041962943004876
Happiness,4,AU6,0.21228284136348863
Happiness,5,AU6,0.22287736477469006
Happiness,6,AU6,0.2386137998945495
Happiness,7,AU6,0.2509387462488596
Happiness,8,AU6,0.26451251535824793
Happiness,9,AU6,0.2783885299788641
Happiness,10,AU6,0.29280670776507145
Happiness,11,AU6,0.3045828451953065
Happiness,12,AU6,0.3199313591114977
Happiness,13,AU6,0.3351147527588291
Happiness,14,AU6,0.3500857004077316
Happiness,15,AU6,0.3661379098185055
Happiness,16,AU6,0.38340085885052466
Happiness,17,AU6,0.40247181350270267
Happiness,18,AU6,0.4226982761542162
Happiness,19,AU6,0.44055936004724144
Happiness,20,AU6,0.4607102497329973
Happiness,21,AU6,0.4823935266172311
Happiness,22,AU6,0.4970235693033194
Happiness,23,AU6,0.5097548229265401
Happiness,24,AU6,0.5192671667380879
Happiness,25,AU6,0.5258205330899606
Happiness,26,AU6,0.5314243766176514
Happiness,27,AU6,0.5330427962106963
Happiness,28,AU6,0.5289636520296335
Happiness,29,AU6,0.5188902804379661
Happiness,30,AU6,0.5074406236919458
Neutral,1,AU6,0.05678047226116701
Neutral,2,AU6,0.05553424119291061
Neutral,3,AU6,0.054754255157957135
Neutral,4,AU6,0.05302643983968168
Neutral,5,AU6,0.04937896138473951
Neutral,6,AU6,0.04786904266756999
Neutral,7,AU6,0.04574050194725458
Neutral,8,AU6,0.04495674600931091
Neutral,9,AU6,0.04473200530071747
Neutral,10,AU6,0.043620183618985994
Neutral,11,AU6,0.04205655724839885
Neutral,12,AU6,0.04062195681717025
Neutral,13,AU6,0.038637297111996725
Neutral,14,AU6,0.038289576636703286
Neutral,15,AU6,0.037278008167937894
Neutral,16,AU6,0.034744450784819365
Neutral,17,AU6,0.03440671255322594
Neutral,18,AU6,0.03344824110329528
Neutral,19,AU6,0.032556283395607954
Neutral,20,AU6,0.03205927155491691
Neutral,21,AU6,0.03164179996368115
Neutral,22,AU6,0.031394863745235785
Neutral,23,AU6,0.03151522552880075
Neutral,24,AU6,0.031411598558377704
Neutral,25,AU6,0.030985090474411416
Neutral,26,AU6,0.03148289478383373
Neutral,27,AU6,0.031927717736292445
Neutral,28,AU6,0.03273361581269865
Neutral,29,AU6,0.0346757354457114
Neutral,30,AU6,0.03599558347884406
Sadness,1,AU6,0.09169057041413844
Sadness,2,AU6,0.0921878626277946
Sadness,3,AU6,0.09381624118059467
Sadness,4,AU6,0.0942883386150674
Sadness,5,AU6,0.09550304238679115
Sadness,6,AU6,0.09724762737685115
Sadness,7,AU6,0.0990871462008957
Sadness,8,AU6,0.09758219765102862
Sadness,9,AU6,0.09551853292419094
Sadness,10,AU6,0.09313564152840377
Sadness,11,AU6,0.09472569312885476
Sadness,12,AU6,0.09084168241884764
Sadness,13,AU6,0.08805660923629005
Sadness,14,AU6,0.08694595649752529
Sadness,15,AU6,0.08724198191378472
Sadness,16,AU6,0.08816389279833706
Sadness,17,AU6,0.08985249006338705
Sadness,18,AU6,0.08729976678941823
Sadness,19,AU6,0.08651812289050563
Sadness,20,AU6,0.08550852920980742
Sadness,21,AU6,0.08533601853649603
Sadness,22,AU6,0.08526712769486465
Sadness,23,AU6,0.08388747392264614
Sadness,24,AU6,0.08372821586822186
Sadness,25,AU6,0.08268067757078507
Sadness,26,AU6,0.08276046780642266
Sadness,27,AU6,0.0798940749237466
Sadness,28,AU6,0.07637407781792101
Sadness,29,AU6,0.07734038341870193
Sadness,30,AU6,0.07550347892654478
Surprise,1,AU6,0.07374534785211011
Surprise,2,AU6,0.07044158387588523
Surprise,3,AU6,0.06816745337388906
Surprise,4,AU6,0.06674919700923268
Surprise,5,AU6,0.0647825158229297
Surprise,6,AU6,0.06158020166603042
Surprise,7,AU6,0.059535437409161264
Surprise,8,AU6,0.05614272440383864
Surprise,9,AU6,0.05186312706819634
Surprise,10,AU6,0.047214401796780554
Surprise,11,AU6,0.043800839143473415
Surprise,12,AU6,0.04020925636200512
Surprise,13,AU6,0.03658655544686203
Surprise,14,AU6,0.03304549288782003
Surprise,15,AU6,0.03043260601205636
Surprise,16,AU6,0.028363355877592006
Surprise,17,AU6,0.026702594350488475
Surprise,18,AU6,0.024139019267720666
Surprise,19,AU6,0.022421563039662702
Surprise,20,AU6,0.020452891505802706
Surprise,21,AU6,0.019506320402572053
Surprise,22,AU6,0.0184157519850733
Surprise,23,AU6,0.017571268801040544
Surprise,24,AU6,0.016086852484980825
Surprise,25,AU6,0.015628522227563637
Surprise,26,AU6,0.015874925504247184
Surprise,27,AU6,0.01614115667993771
Surprise,28,AU6,0.016590462042199824
Surprise,29,AU6,0.01593526894657661
Surprise,30,AU6,0.016285971628287772
Anger,1,AU7,0.18468287498042854
Anger,2,AU7,0.18782169432902274
Anger,3,AU7,0.19293569478690376
Anger,4,AU7,0.19291406950865317
Anger,5,AU7,0.19950282769082645
Anger,6,AU7,0.2039803523075106
Anger,7,AU7,0.2104383632371036
Anger,8,AU7,0.21879655957229918
Anger,9,AU7,0.22687085775499602
Anger,10,AU7,0.23335627393779154
Anger,11,AU7,0.24202077116206996
Anger,12,AU7,0.24745242259679884
Anger,13,AU7,0.26129897518203915
Anger,14,AU7,0.27027246037049335
Anger,15,AU7,0.28252096775600033
Anger,16,AU7,0.28534562554932014
Anger,17,AU7,0.2954201637385135
Anger,18,AU7,0.30514028578035296
Anger,19,AU7,0.3166568366053959
Anger,20,AU7,0.3230871481928403
Anger,21,AU7,0.33085299461698564
Anger,22,AU7,0.3357561367359026
Anger,23,AU7,0.3406463322456461
Anger,24,AU7,0.34875106779909687
Anger,25,AU7,0.35274302833885324
Anger,26,AU7,0.35749098383816075
Anger,27,AU7,0.3583610316136992
Anger,28,AU7,0.356074914559282
Anger,29,AU7,0.35471881767523344
Anger,30,AU7,0.3525660386371449
Disgust,1,AU7,0.20099348828385244
Disgust,2,AU7,0.20430854337384557
Disgust,3,AU7,0.2077995183301837
Disgust,4,AU7,0.2122624775407559
Disgust,5,AU7,0.21857212475133245
Disgust,6,AU7,0.2287585702634401
Disgust,7,AU7,0.23951632695720676
Disgust,8,AU7,0.2505921959183533
Disgust,9,AU7,0.25853006131806383
Disgust,10,AU7,0.2650903309407929
Disgust,11,AU7,0.2678762849315677
Disgust,12,AU7,0.27473884864040227
Disgust,13,AU7,0.2798115411424886
Disgust,14,AU7,0.28448787480717047
Disgust,15,AU7,0.28737653372838606
Disgust,16,AU7,0.2913183314607284
Disgust,17,AU7,0.2975452431754152
Disgust,18,AU7,0.3113064616168843
Disgust,19,AU7,0.3202004547143367
Disgust,20,AU7,0.3307593950189294
Disgust,21,AU7,0.3417958441031137
Disgust,22,AU7,0.3500650535621976
Disgust,23,AU7,0.3536792227803485
Disgust,24,AU7,0.35991481497297695
Disgust,25,AU7,0.36360524120760407
Disgust,26,AU7,0.3683556447973169
Disgust,27,AU7,0.36538880234035465
Disgust,28,AU7,0.365953150947803
Disgust,29,AU7,0.357452741199363
Disgust,30,AU7,0.35566790367228573
Fear,1,AU7,0.08592123746208948
Fear,2,AU7,0.08172177752543817
Fear,3,AU7,0.07788229151730022
Fear,4,AU7,0.07556668262366588
Fear,5,AU7,0.0746880684035916
Fear,6,AU7,0.07238471908945775
Fear,7,AU7,0.07185484551846964
Fear,8,AU7,0.07047898923773532
Fear,9,AU7,0.07079529445664957
Fear,10,AU7,0.07360288364789898
Fear,11,AU7,0.07393877282292251
Fear,12,AU7,0.07173821751246222
Fear,13,AU7,0.07046539993673605
Fear,14,AU7,0.07062834672888715
Fear,15,AU7,0.07236624883147597
Fear,16,AU7,0.0704892176409093
Fear,17,AU7,0.07201692359187839
Fear,18,AU7,0.07117114239829951
Fear,19,AU7,0.07093283988212541
Fear,20,AU7,0.07169887823952299
Fear,21,AU7,0.07287096378988651
Fear,22,AU7,0.07540381983964188
Fear,23,AU7,0.07585470761753837
Fear,24,AU7,0.07718119103880977
Fear,25,AU7,0.07588563100217702
Fear,26,AU7,0.07535403027570786
Fear,27,AU7,0.07430994220591992
Fear,28,AU7,0.07480191439720738
Fear,29,AU7,0.07720719332030293
Fear,30,AU7,0.07744145548948003
Happiness,1,AU7,0.13684130267622593
Happiness,2,AU7,0.14209938949174644
Happiness,3,AU7,0.1446227012555915
Happiness,4,AU7,0.14518747336309126
Happiness,5,AU7,0.14787148420969895
Happiness,6,AU7,0.1495966753174401
Happiness,7,AU7,0.1515549099763341
Happiness,8,AU7,0.15389087576554417
Happiness,9,AU7,0.15930450433629398
Happiness,10,AU7,0.16328263110391406
Happiness,11,AU7,0.16465867260814476
Happiness,12,AU7,0.1712564198105591
Happiness,13,AU7,0.179023189842363
Happiness,14,AU7,0.18512458016269104
Happiness,15,AU7,0.19152217813292466
Happiness,16,AU7,0.19430614206986158
Happiness,17,AU7,0.20072589500922336
Happiness,18,AU7,0.20748465411478334
Happiness,19,AU7,0.21522931143700944
Happiness,20,AU7,0.22166804365113785
Happiness,21,AU7,0.22741965584632168
Happiness,22,AU7,0.23178516699821755
Happiness,23,AU7,0.2348297145990785
Happiness,24,AU7,0.23826521994013197
Happiness,25,AU7,0.24140474814196272
Happiness,26,AU7,0.24288814895339053
Happiness,27,AU7,0.24579259237919113
Happiness,28,AU7,0.24763111793654635
Happiness,29,AU7,0.24380553812069075
Happiness,30,AU7,0.24087531427507836
Neutral,1,AU7,0.054996990356925776
Neutral,2,AU7,0.05208494603513451
Neutral,3,AU7,0.050679220451766795
Neutral,4,AU7,0.049560357480106586
Neutral,5,AU7,0.04620814946001658
Neutral,6,AU7,0.04480331475068031
Neutral,7,AU7,0.04359928898247748
Neutral,8,AU7,0.04224009185198488
Neutral,9,AU7,0.04094863316217458
Neutral,10,AU7,0.040806761854487034
Neutral,11,AU7,0.0414720116972076
Neutral,12,AU7,0.04008632967656581
Neutral,13,AU7,0.03858035962528328
Neutral,14,AU7,0.038118796107243696
Neutral,15,AU7,0.0365173226691349
Neutral,16,AU7,0.03425213060685111
Neutral,17,AU7,0.03305312748955382
Neutral,18,AU7,0.03256810410740081
Neutral,19,AU7,0.031906149419332945
Neutral,20,AU7,0.030839545434902853
Neutral,21,AU7,0.03101339879118756
Neutral,22,AU7,0.03063784688859688
Neutral,23,AU7,0.03098761356453737
Neutral,24,AU7,0.030882578737226312
Neutral,25,AU7,0.030195181467194625
Neutral,26,AU7,0.02873879654895589
Neutral,27,AU7,0.028821886962359454
Neutral,28,AU7,0.02931199344155418
Neutral,29,AU7,0.03215502297130322
Neutral,30,AU7,0.03404473722465196
Sadness,1,AU7,0.11657106322646117
Sadness,2,AU7,0.11844764053173437
Sadness,3,AU7,0.11771275434147292
Sadness,4,AU7,0.11659010128119561
Sadness,5,AU7,0.11581863258850654
Sadness,6,AU7,0.11525644381672877
Sadness,7,AU7,0.11340176505528683
Sadness,8,AU7,0.10921658620182689
Sadness,9,AU7,0.10945845950889883
Sadness,10,AU7,0.1052402391493597
Sadness,11,AU7,0.10459548353191757
Sadness,12,AU7,0.10442136657401545
Sadness,13,AU7,0.0994406170417233
Sadness,14,AU7,0.09941709646461153
Sadness,15,AU7,0.09641163865952297
Sadness,16,AU7,0.09803673849862886
Sadness,17,AU7,0.09915723042749455
Sadness,18,AU7,0.10051871024039222
Sadness,19,AU7,0.09778889898680886
Sadness,20,AU7,0.09948545319521265
Sadness,21,AU7,0.09887834933836447
Sadness,22,AU7,0.09879459404275852
Sadness,23,AU7,0.09824054185889604
Sadness,24,AU7,0.0976275567735945
Sadness,25,AU7,0.09803038822340863
Sadness,26,AU7,0.10005402307958348
Sadness,27,AU7,0.10114894961793694
Sadness,28,AU7,0.10223864823536674
Sadness,29,AU7,0.10219538897511792
Sadness,30,AU7,0.10433014487449387
Surprise,1,AU7,0.09456433808601113
Surprise,2,AU7,0.08945133030890698
Surprise,3,AU7,0.08624916191663437
Surprise,4,AU7,0.08315945662639176
Surprise,5,AU7,0.08217217936768258
Surprise,6,AU7,0.07974206524073553
Surprise,7,AU7,0.07683799617217187
Surprise,8,AU7,0.0719938818682422
Surprise,9,AU7,0.06768608913114472
Surprise,10,AU7,0.06366834944105271
Surprise,11,AU7,0.06128789059838864
Surprise,12,AU7,0.05876799374902433
Surprise,13,AU7,0.05582456680662194
Surprise,14,AU7,0.05344898464258746
Surprise,15,AU7,0.0499187959077138
Surprise,16,AU7,0.048043549586326964
Surprise,17,AU7,0.046955349142951325
Surprise,18,AU7,0.04502923111543855
Surprise,19,AU7,0.043280302148207814
Surprise,20,AU7,0.04169318351861428
Surprise,21,AU7,0.04240896807371714
Surprise,22,AU7,0.042460564632169774
Surprise,23,AU7,0.041140678601613384
Surprise,24,AU7,0.040802971268549953
Surprise,25,AU7,0.04089681477748102
Surprise,26,AU7,0.04270636451923012
Surprise,27,AU7,0.04269538038814222
Surprise,28,AU7,0.044488313161587675
Surprise,29,AU7,0.04590060612187436
Surprise,30,AU7,0.047331096939584254
Anger,1,AU9,0.09186485567931246
Anger,2,AU9,0.09704744564386102
Anger,3,AU9,0.10213146779055163
Anger,4,AU9,0.10403873924527753
Anger,5,AU9,0.10707081036773314
Anger,6,AU9,0.11172104022047344
Anger,7,AU9,0.1134036223807155
Anger,8,AU9,0.11880978510536294
Anger,9,AU9,0.13250721576837504
Anger,10,AU9,0.14294372786604778
Anger,11,AU9,0.15133558152842785
Anger,12,AU9,0.15405488452435387
Anger,13,AU9,0.16474414233000623
Anger,14,AU9,0.17537121045280438
Anger,15,AU9,0.1941118704738444
Anger,16,AU9,0.20979233118755874
Anger,17,AU9,0.22703393249429643
Anger,18,AU9,0.24219710546725268
Anger,19,AU9,0.2594066002206293
Anger,20,AU9,0.27763907306740737
Anger,21,AU9,0.2901593664304921
Anger,22,AU9,0.2988605455708423
Anger,23,AU9,0.31587740719688484
Anger,24,AU9,0.32396905921147356
Anger,25,AU9,0.3250142000946458
Anger,26,AU9,0.3330629318649204
Anger,27,AU9,0.3371805329672788
Anger,28,AU9,0.33439820995021663
Anger,29,AU9,0.3312216426736086
Anger,30,AU9,0.32594755177936624
Disgust,1,AU9,0.14332406157627872
Disgust,2,AU9,0.15258250700284134
Disgust,3,AU9,0.16215595236765135
Disgust,4,AU9,0.17356599005808745
Disgust,5,AU9,0.186879646196485
Disgust,6,AU9,0.19931046666479152
Disgust,7,AU9,0.21522598197165713
Disgust,8,AU9,0.23523156277224253
Disgust,9,AU9,0.25187011591305764
Disgust,10,AU9,0.27091717303642765
Disgust,11,AU9,0.28762938892310996
Disgust,12,AU9,0.30381276650193983
Disgust,13,AU9,0.32117851737636216
Disgust,14,AU9,0.3321736453759321
Disgust,15,AU9,0.34387724559794375
Disgust,16,AU9,0.3539394255450453
Disgust,17,AU9,0.3659314695899371
Disgust,18,AU9,0.3753738205643249
Disgust,19,AU9,0.392700417477403
Disgust,20,AU9,0.4107698300275685
Disgust,21,AU9,0.4271535589943888
Disgust,22,AU9,0.4512979240953559
Disgust,23,AU9,0.46310927637556143
Disgust,24,AU9,0.47547895407116086
Disgust,25,AU9,0.4851484245105695
Disgust,26,AU9,0.48415830065101806
Disgust,27,AU9,0.4867213468408083
Disgust,28,AU9,0.47871318726801393
Disgust,29,AU9,0.4682508536655137
Disgust,30,AU9,0.4577640629451941
Fear,1,AU9,0.026735865037361948
Fear,2,AU9,0.027410520892221707
Fear,3,AU9,0.02830245551543957
Fear,4,AU9,0.02570289165754734
Fear,5,AU9,0.023817385061707688
Fear,6,AU9,0.023474892140227684
Fear,7,AU9,0.02308123353717051
Fear,8,AU9,0.02303717516150337
Fear,9,AU9,0.02313811128569542
Fear,10,AU9,0.0228114741771506
Fear,11,AU9,0.023246806342796786
Fear,12,AU9,0.024136724295793926
Fear,13,AU9,0.02401220415992062
Fear,14,AU9,0.025566110028025717
Fear,15,AU9,0.027342865661100137
Fear,16,AU9,0.02814794857355672
Fear,17,AU9,0.028947488461227466
Fear,18,AU9,0.02824067209283165
Fear,19,AU9,0.028011853350240562
Fear,20,AU9,0.02778725914850262
Fear,21,AU9,0.02658785287389932
Fear,22,AU9,0.025862724194348027
Fear,23,AU9,0.025005302134232018
Fear,24,AU9,0.0235613397936573
Fear,25,AU9,0.021725138819882635
Fear,26,AU9,0.021415326687420255
Fear,27,AU9,0.022278675765197094
Fear,28,AU9,0.022839020252597673
Fear,29,AU9,0.022774819784670036
Fear,30,AU9,0.022698193527007166
Happiness,1,AU9,0.02821003092154039
Happiness,2,AU9,0.023712109923215367
Happiness,3,AU9,0.021860796532880027
Happiness,4,AU9,0.020333411706997137
Happiness,5,AU9,0.018825486949234582
Happiness,6,AU9,0.017017905837275357
Happiness,7,AU9,0.0147539783869489
Happiness,8,AU9,0.012025499556763873
Happiness,9,AU9,0.011445749458933327
Happiness,10,AU9,0.010053593507240062
Happiness,11,AU9,0.00928741970182275
Happiness,12,AU9,0.009594414658834267
Happiness,13,AU9,0.008395084316792917
Happiness,14,AU9,0.0082316844571172
Happiness,15,AU9,0.008514158507441461
Happiness,16,AU9,0.00859766441023607
Happiness,17,AU9,0.00781354084318192
Happiness,18,AU9,0.007187146977280131
Happiness,19,AU9,0.007216693154518146
Happiness,20,AU9,0.007169553192832409
Happiness,21,AU9,0.007264657635010566
Happiness,22,AU9,0.007381875772534272
Happiness,23,AU9,0.0072885103156235245
Happiness,24,AU9,0.006982529698728842
Happiness,25,AU9,0.0069979254808229
Happiness,26,AU9,0.006987277473384046
Happiness,27,AU9,0.007072048166082484
Happiness,28,AU9,0.007478024475844866
Happiness,29,AU9,0.008020924444758932
Happiness,30,AU9,0.008849998694274483
Neutral,1,AU9,0.005579113724365122
Neutral,2,AU9,0.005235474636377649
Neutral,3,AU9,0.005185157724209615
Neutral,4,AU9,0.004691237551853014
Neutral,5,AU9,0.004615676880042002
Neutral,6,AU9,0.004497745676643993
Neutral,7,AU9,0.004164107478942896
Neutral,8,AU9,0.00410588926145993
Neutral,9,AU9,0.004702919961866152
Neutral,10,AU9,0.004836907962046854
Neutral,11,AU9,0.004403456301991673
Neutral,12,AU9,0.003782800360528474
Neutral,13,AU9,0.0032403949962962575
Neutral,14,AU9,0.0029411543292414116
Neutral,15,AU9,0.0031602842487872666
Neutral,16,AU9,0.003210617843289154
Neutral,17,AU9,0.003309302079409219
Neutral,18,AU9,0.0034371613247839777
Neutral,19,AU9,0.003343161451080735
Neutral,20,AU9,0.003272023858434891
Neutral,21,AU9,0.0028626055317277663
Neutral,22,AU9,0.002884199983473214
Neutral,23,AU9,0.003135653444369767
Neutral,24,AU9,0.0034233540432111985
Neutral,25,AU9,0.0033507455072111026
Neutral,26,AU9,0.003319735877661066
Neutral,27,AU9,0.003357719214966885
Neutral,28,AU9,0.0035849115101888526
Neutral,29,AU9,0.003442689421162974
Neutral,30,AU9,0.003295577240540227
Sadness,1,AU9,0.03823630770916133
Sadness,2,AU9,0.038387554005330664
Sadness,3,AU9,0.03969556531698039
Sadness,4,AU9,0.04034495025109948
Sadness,5,AU9,0.04034390182381657
Sadness,6,AU9,0.04137021601980962
Sadness,7,AU9,0.04339517974473025
Sadness,8,AU9,0.044771230721840964
Sadness,9,AU9,0.045513619911086024
Sadness,10,AU9,0.045309314711457514
Sadness,11,AU9,0.04813686305771046
Sadness,12,AU9,0.04848525637147152
Sadness,13,AU9,0.049610482222022974
Sadness,14,AU9,0.0508660448675952
Sadness,15,AU9,0.054782136462555364
Sadness,16,AU9,0.05814901784758833
Sadness,17,AU9,0.06098455905524967
Sadness,18,AU9,0.06274183105633828
Sadness,19,AU9,0.06428241476880955
Sadness,20,AU9,0.06464150257309821
Sadness,21,AU9,0.06798934121623028
Sadness,22,AU9,0.07000954763080548
Sadness,23,AU9,0.07284708370750669
Sadness,24,AU9,0.07299497606539568
Sadness,25,AU9,0.07417819927858578
Sadness,26,AU9,0.07570137664939926
Sadness,27,AU9,0.07471014131392041
Sadness,28,AU9,0.07206369525435154
Sadness,29,AU9,0.07401367842196471
Sadness,30,AU9,0.07161608617072636
Surprise,1,AU9,0.043081495239866645
Surprise,2,AU9,0.039752115724083374
Surprise,3,AU9,0.03579255346224232
Surprise,4,AU9,0.031959083026768795
Surprise,5,AU9,0.02874165322152352
Surprise,6,AU9,0.025972122511037074
Surprise,7,AU9,0.023596008938188428
Surprise,8,AU9,0.021049885267099507
Surprise,9,AU9,0.019650648356292703
Surprise,10,AU9,0.014104535845227565
Surprise,11,AU9,0.01233889432583449
Surprise,12,AU9,0.009218936842934445
Surprise,13,AU9,0.008070380111985905
Surprise,14,AU9,0.006776414596539063
Surprise,15,AU9,0.005249519528473977
Surprise,16,AU9,0.0042760954696453605
Surprise,17,AU9,0.004465606601614429
Surprise,18,AU9,0.0044068523043454795
Surprise,19,AU9,0.004119298055982761
Surprise,20,AU9,0.004030012026872988
Surprise,21,AU9,0.003987573003584104
Surprise,22,AU9,0.004000668994668796
Surprise,23,AU9,0.0034936089590963957
Surprise,24,AU9,0.0018728387932742997
Surprise,25,AU9,0.0018557825723935228
Surprise,26,AU9,0.001473074451720657
Surprise,27,AU9,0.0014557543032521093
Surprise,28,AU9,0.0014766766869016112
Surprise,29,AU9,0.0013502704706307746
Surprise,30,AU9,0.0023077188097407808
Anger,1,AU10,0.12450773617476878
Anger,2,AU10,0.12733112738270475
Anger,3,AU10,0.1286389202030758
Anger,4,AU10,0.13074072202493253
Anger,5,AU10,0.13493271779288607
Anger,6,AU10,0.13896332074397907
Anger,7,AU10,0.13862017976772503
Anger,8,AU10,0.1374012815826702
Anger,9,AU10,0.1415693629600705
Anger,10,AU10,0.14485641846786473
Anger,11,AU10,0.1490291320254494
Anger,12,AU10,0.15097686291039317
Anger,13,AU10,0.15278900612627236
Anger,14,AU10,0.15477797277330943
Anger,15,AU10,0.16296152317181625
Anger,16,AU10,0.16569165421035428
Anger,17,AU10,0.17172717265656023
Anger,18,AU10,0.18059270086768747
Anger,19,AU10,0.19059859270495655
Anger,20,AU10,0.19971454705371358
Anger,21,AU10,0.20787792893815357
Anger,22,AU10,0.21742721785985128
Anger,23,AU10,0.22843746243318297
Anger,24,AU10,0.237573645916237
Anger,25,AU10,0.24152688378747753
Anger,26,AU10,0.2475580942768308
Anger,27,AU10,0.24822045663526662
Anger,28,AU10,0.245666034580696
Anger,29,AU10,0.24332805987785064
Anger,30,AU10,0.2403397340458149
Disgust,1,AU10,0.16211995655480807
Disgust,2,AU10,0.1646857419522749
Disgust,3,AU10,0.1674371182297491
Disgust,4,AU10,0.17118024226396314
Disgust,5,AU10,0.1767269841386427
Disgust,6,AU10,0.18154811028566084
Disgust,7,AU10,0.18809317331194345
Disgust,8,AU10,0.20005587833629845
Disgust,9,AU10,0.21078955049701817
Disgust,10,AU10,0.22138537720295084
Disgust,11,AU10,0.2335997467301015
Disgust,12,AU10,0.2453807819904135
Disgust,13,AU10,0.25825577366681257
Disgust,14,AU10,0.2691822842737577
Disgust,15,AU10,0.2781802575271922
Disgust,16,AU10,0.28588810295188827
Disgust,17,AU10,0.29498695242927975
Disgust,18,AU10,0.3026876393518664
Disgust,19,AU10,0.31963990939637665
Disgust,20,AU10,0.33587660370631933
Disgust,21,AU10,0.34869497056846643
Disgust,22,AU10,0.36767648280597665
Disgust,23,AU10,0.37631884022112994
Disgust,24,AU10,0.38695535117448643
Disgust,25,AU10,0.39306663849897117
Disgust,26,AU10,0.3963352359450552
Disgust,27,AU10,0.39930211675480953
Disgust,28,AU10,0.3992182740956353
Disgust,29,AU10,0.3948228171444093
Disgust,30,AU10,0.3874426725887453
Fear,1,AU10,0.09480823894692007
Fear,2,AU10,0.09603808706474272
Fear,3,AU10,0.09726857324969235
Fear,4,AU10,0.09655659200121859
Fear,5,AU10,0.09608706822232296
Fear,6,AU10,0.09367031798565649
Fear,7,AU10,0.09324215239290293
Fear,8,AU10,0.09378220863887242
Fear,9,AU10,0.09386343719253944
Fear,10,AU10,0.09341844741008529
Fear,11,AU10,0.09384536886276923
Fear,12,AU10,0.0946709469897568
Fear,13,AU10,0.09735532067687795
Fear,14,AU10,0.099523174639795
Fear,15,AU10,0.10151308230470152
Fear,16,AU10,0.10430702569738551
Fear,17,AU10,0.10496694160880639
Fear,18,AU10,0.10616867081590754
Fear,19,AU10,0.10602146167989905
Fear,20,AU10,0.10745958354202761
Fear,21,AU10,0.10855240655812676
Fear,22,AU10,0.10947092767214318
Fear,23,AU10,0.10948964932637438
Fear,24,AU10,0.1116395932818094
Fear,25,AU10,0.1100350281609601
Fear,26,AU10,0.10859667806683991
Fear,27,AU10,0.10909789143786867
Fear,28,AU10,0.10908162931805265
Fear,29,AU10,0.10698836748444368
Fear,30,AU10,0.1064033809031952
Happiness,1,AU10,0.15662429656674573
Happiness,2,AU10,0.15908842493822956
Happiness,3,AU10,0.17112845971950558
Happiness,4,AU10,0.1773971769365595
Happiness,5,AU10,0.18599072376375247
Happiness,6,AU10,0.19620454402117388
Happiness,7,AU10,0.2056174630072804
Happiness,8,AU10,0.21214279160198204
Happiness,9,AU10,0.2195342680286159
Happiness,10,AU10,0.22614341888990058
Happiness,11,AU10,0.23379548918292742
Happiness,12,AU10,0.24068377982869976
Happiness,13,AU10,0.2502499292973064
Happiness,14,AU10,0.25800884084538867
Happiness,15,AU10,0.2659115420108993
Happiness,16,AU10,0.27307380275713
Happiness,17,AU10,0.28362198753425505
Happiness,18,AU10,0.2969154395309077
Happiness,19,AU10,0.3078178845878875
Happiness,20,AU10,0.319385520516277
Happiness,21,AU10,0.33001882247931924
Happiness,22,AU10,0.33546429904481045
Happiness,23,AU10,0.339331692186121
Happiness,24,AU10,0.34297054037451746
Happiness,25,AU10,0.3458227636540929
Happiness,26,AU10,0.3491605135053396
Happiness,27,AU10,0.3520132212030391
Happiness,28,AU10,0.35059617007461685
Happiness,29,AU10,0.34747527157266933
Happiness,30,AU10,0.3452969060151372
Neutral,1,AU10,0.04086103556800355
Neutral,2,AU10,0.03943210588408822
Neutral,3,AU10,0.03735681336219574
Neutral,4,AU10,0.035798264875167615
Neutral,5,AU10,0.03446165295837605
Neutral,6,AU10,0.03390324179312194
Neutral,7,AU10,0.03266170619455022
Neutral,8,AU10,0.030595358323260803
Neutral,9,AU10,0.029857383413365142
Neutral,10,AU10,0.028662592976974845
Neutral,11,AU10,0.027495117274751655
Neutral,12,AU10,0.026451970035295563
Neutral,13,AU10,0.025228532723711245
Neutral,14,AU10,0.022732392065318373
Neutral,15,AU10,0.0214283376747437
Neutral,16,AU10,0.020043530919517095
Neutral,17,AU10,0.019001285224921297
Neutral,18,AU10,0.016848603174412162
Neutral,19,AU10,0.015486779644397618
Neutral,20,AU10,0.014561420635946388
Neutral,21,AU10,0.014520843074722628
Neutral,22,AU10,0.0142539048974424
Neutral,23,AU10,0.013999997959959183
Neutral,24,AU10,0.013510873000744206
Neutral,25,AU10,0.013457964659332836
Neutral,26,AU10,0.013817488240717093
Neutral,27,AU10,0.014148382505328173
Neutral,28,AU10,0.014925456453584417
Neutral,29,AU10,0.01673037788477672
Neutral,30,AU10,0.018063498528424426
Sadness,1,AU10,0.059098263330639285
Sadness,2,AU10,0.05690184978824216
Sadness,3,AU10,0.05383943802153297
Sadness,4,AU10,0.05195779631539131
Sadness,5,AU10,0.050666410449189
Sadness,6,AU10,0.048682707443317125
Sadness,7,AU10,0.04796745836086041
Sadness,8,AU10,0.04460844746047102
Sadness,9,AU10,0.04472357786405013
Sadness,10,AU10,0.04329400226540749
Sadness,11,AU10,0.042435210442183555
Sadness,12,AU10,0.041588471818968485
Sadness,13,AU10,0.040092007538040875
Sadness,14,AU10,0.03672690247754217
Sadness,15,AU10,0.033760878840940776
Sadness,16,AU10,0.0306722444643978
Sadness,17,AU10,0.03029278191594016
Sadness,18,AU10,0.030513869055439697
Sadness,19,AU10,0.029016125326946928
Sadness,20,AU10,0.0287218403095441
Sadness,21,AU10,0.028963850660793714
Sadness,22,AU10,0.02830202070768099
Sadness,23,AU10,0.028055869153238922
Sadness,24,AU10,0.028223641055481877
Sadness,25,AU10,0.029230385871888653
Sadness,26,AU10,0.030238973164170065
Sadness,27,AU10,0.030357421545734023
Sadness,28,AU10,0.031140585173683767
Sadness,29,AU10,0.031768485461176756
Sadness,30,AU10,0.03160971742806147
Surprise,1,AU10,0.07405975757396646
Surprise,2,AU10,0.07295494804299081
Surprise,3,AU10,0.07257515218674439
Surprise,4,AU10,0.0706867403640079
Surprise,5,AU10,0.06862218320010915
Surprise,6,AU10,0.06854309059957267
Surprise,7,AU10,0.06648903524151664
Surprise,8,AU10,0.06353807117183576
Surprise,9,AU10,0.06181339540022627
Surprise,10,AU10,0.05823402255011014
Surprise,11,AU10,0.05742932824971672
Surprise,12,AU10,0.05669334121067675
Surprise,13,AU10,0.05623391514287072
Surprise,14,AU10,0.05591136477705996
Surprise,15,AU10,0.05555741692540258
Surprise,16,AU10,0.054851570946425635
Surprise,17,AU10,0.056035251810538596
Surprise,18,AU10,0.05634119681745625
Surprise,19,AU10,0.055630521307652565
Surprise,20,AU10,0.05734586324794651
Surprise,21,AU10,0.056225493595092386
Surprise,22,AU10,0.05600726579444977
Surprise,23,AU10,0.05562936186607627
Surprise,24,AU10,0.05626560164481512
Surprise,25,AU10,0.05680415452438666
Surprise,26,AU10,0.05748351957230735
Surprise,27,AU10,0.05688931603787149
Surprise,28,AU10,0.05752821921935345
Surprise,29,AU10,0.058197887486498075
Surprise,30,AU10,0.05966715967907309
Anger,1,AU12,0.06373128373570622
Anger,2,AU12,0.06205894325438809
Anger,3,AU12,0.0610046191455983
Anger,4,AU12,0.06130674950111633
Anger,5,AU12,0.060976591358169976
Anger,6,AU12,0.05847045954230626
Anger,7,AU12,0.05841194096823463
Anger,8,AU12,0.05622643361913159
Anger,9,AU12,0.0518894296828269
Anger,10,AU12,0.050885913267277365
Anger,11,AU12,0.04948051499658695
Anger,12,AU12,0.04696849449092247
Anger,13,AU12,0.043147415817755295
Anger,14,AU12,0.04155556279401363
Anger,15,AU12,0.04215437229155917
Anger,16,AU12,0.042188320790546435
Anger,17,AU12,0.04341807312197639
Anger,18,AU12,0.04441307313970574
Anger,19,AU12,0.042441992870460445
Anger,20,AU12,0.03885176090925116
Anger,21,AU12,0.03762121515665778
Anger,22,AU12,0.0382303990003553
Anger,23,AU12,0.038083617492350924
Anger,24,AU12,0.0389742931577079
Anger,25,AU12,0.03907280581456182
Anger,26,AU12,0.03975580015713609
Anger,27,AU12,0.04002458211087448
Anger,28,AU12,0.04012171508999291
Anger,29,AU12,0.03980238846624741
Anger,30,AU12,0.040631233199255115
Disgust,1,AU12,0.0745631066730715
Disgust,2,AU12,0.07071600297763815
Disgust,3,AU12,0.06801342767429173
Disgust,4,AU12,0.06465550952141615
Disgust,5,AU12,0.06210116304736533
Disgust,6,AU12,0.06033839590454725
Disgust,7,AU12,0.05756294192383496
Disgust,8,AU12,0.05460266016027113
Disgust,9,AU12,0.05301581809641801
Disgust,10,AU12,0.051801982928451756
Disgust,11,AU12,0.050971956020840606
Disgust,12,AU12,0.05182103755161335
Disgust,13,AU12,0.052345764386854135
Disgust,14,AU12,0.05213092394966492
Disgust,15,AU12,0.05221461010390864
Disgust,16,AU12,0.05022644462755413
Disgust,17,AU12,0.04827250108436618
Disgust,18,AU12,0.047344060051082784
Disgust,19,AU12,0.04893401134470738
Disgust,20,AU12,0.05282710396018065
Disgust,21,AU12,0.056324042527911185
Disgust,22,AU12,0.05746993057747845
Disgust,23,AU12,0.05963125497935257
Disgust,24,AU12,0.0598948004328509
Disgust,25,AU12,0.05947727808866546
Disgust,26,AU12,0.06055183480787419
Disgust,27,AU12,0.06237475105852863
Disgust,28,AU12,0.06572347377856635
Disgust,29,AU12,0.0689667944240574
Disgust,30,AU12,0.07133954525632265
Fear,1,AU12,0.05125947728954342
Fear,2,AU12,0.0499743757903542
Fear,3,AU12,0.04685720727184292
Fear,4,AU12,0.041663610417323166
Fear,5,AU12,0.038716941039246576
Fear,6,AU12,0.03489215475833145
Fear,7,AU12,0.0343836555338169
Fear,8,AU12,0.03409733955611922
Fear,9,AU12,0.0333425340192721
Fear,10,AU12,0.03339076680247059
Fear,11,AU12,0.032060745711211015
Fear,12,AU12,0.029651877931833777
Fear,13,AU12,0.0294206310239097
Fear,14,AU12,0.030599206927705302
Fear,15,AU12,0.03168251492970234
Fear,16,AU12,0.03286736342758485
Fear,17,AU12,0.030377338546339505
Fear,18,AU12,0.02986370822956949
Fear,19,AU12,0.02744692728087381
Fear,20,AU12,0.0274087504579937
Fear,21,AU12,0.027589767531422824
Fear,22,AU12,0.02715893997328747
Fear,23,AU12,0.026470780935434424
Fear,24,AU12,0.028748084213487346
Fear,25,AU12,0.02655561524055265
Fear,26,AU12,0.02695569800988327
Fear,27,AU12,0.0260717267360686
Fear,28,AU12,0.026143530037762815
Fear,29,AU12,0.026768708350520885
Fear,30,AU12,0.027073071626796365
Happiness,1,AU12,0.1912425916824384
Happiness,2,AU12,0.20657575823845395
Happiness,3,AU12,0.22994542559006287
Happiness,4,AU12,0.24441172590272672
Happiness,5,AU12,0.2631884048341593
Happiness,6,AU12,0.2863629326397562
Happiness,7,AU12,0.30477219442390224
Happiness,8,AU12,0.32676006070966335
Happiness,9,AU12,0.34710223654446704
Happiness,10,AU12,0.37002214038146036
Happiness,11,AU12,0.3892670745387573
Happiness,12,AU12,0.4107548905009775
Happiness,13,AU12,0.4318707325487515
Happiness,14,AU12,0.45291661682075196
Happiness,15,AU12,0.47698480145767197
Happiness,16,AU12,0.5042428886507074
Happiness,17,AU12,0.5329471524627946
Happiness,18,AU12,0.566724588868691
Happiness,19,AU12,0.5956479569347652
Happiness,20,AU12,0.6289287460664003
Happiness,21,AU12,0.6648603513381082
Happiness,22,AU12,0.6858663960805691
Happiness,23,AU12,0.7046686964164417
Happiness,24,AU12,0.7185462528762098
Happiness,25,AU12,0.7273652069286133
Happiness,26,AU12,0.7329059506347403
Happiness,27,AU12,0.7333361843849222
Happiness,28,AU12,0.7247895994596183
Happiness,29,AU12,0.7052393147752931
Happiness,30,AU12,0.6878178174763646
Neutral,1,AU12,0.03283903921699116
Neutral,2,AU12,0.0319925290632059
Neutral,3,AU12,0.031170503928935646
Neutral,4,AU12,0.02938312543407554
Neutral,5,AU12,0.026005988842432545
Neutral,6,AU12,0.023716883564414357
Neutral,7,AU12,0.021044044343726583
Neutral,8,AU12,0.019402802463845722
Neutral,9,AU12,0.018822976622253296
Neutral,10,AU12,0.017331981792036728
Neutral,11,AU12,0.015147329317943938
Neutral,12,AU12,0.013182336284901248
Neutral,13,AU12,0.011563457464520699
Neutral,14,AU12,0.010710668482047422
Neutral,15,AU12,0.009676623434299718
Neutral,16,AU12,0.0067933415769202005
Neutral,17,AU12,0.006597130067775365
Neutral,18,AU12,0.005064440491530004
Neutral,19,AU12,0.0039442452422691985
Neutral,20,AU12,0.0035432916145975006
Neutral,21,AU12,0.0033928168076574118
Neutral,22,AU12,0.003172623190581484
Neutral,23,AU12,0.003214815134211659
Neutral,24,AU12,0.003067524102300905
Neutral,25,AU12,0.003106593940394628
Neutral,26,AU12,0.003104476627864591
Neutral,27,AU12,0.003217237426552072
Neutral,28,AU12,0.005182617393854634
Neutral,29,AU12,0.00932187903254515
Neutral,30,AU12,0.011447603298057607
Sadness,1,AU12,0.03854197836421009
Sadness,2,AU12,0.03605263654964656
Sadness,3,AU12,0.034834791012655304
Sadness,4,AU12,0.03314630385557985
Sadness,5,AU12,0.0335545683757645
Sadness,6,AU12,0.033130191708229666
Sadness,7,AU12,0.03199436641910607
Sadness,8,AU12,0.030120118349774974
Sadness,9,AU12,0.028177903384090576
Sadness,10,AU12,0.025673688500039215
Sadness,11,AU12,0.021553429511543924
Sadness,12,AU12,0.01882315620487491
Sadness,13,AU12,0.015033682196406991
Sadness,14,AU12,0.012996945858185099
Sadness,15,AU12,0.011383526514720266
Sadness,16,AU12,0.009430117543652892
Sadness,17,AU12,0.008079856982070192
Sadness,18,AU12,0.005603874371871144
Sadness,19,AU12,0.004318734518652342
Sadness,20,AU12,0.004261427033493288
Sadness,21,AU12,0.004371727922317775
Sadness,22,AU12,0.004042090214616112
Sadness,23,AU12,0.0038126677797066587
Sadness,24,AU12,0.0036892178219980645
Sadness,25,AU12,0.0036401907736520597
Sadness,26,AU12,0.0036299399497668403
Sadness,27,AU12,0.003691845199839253
Sadness,28,AU12,0.0036960474039189617
Sadness,29,AU12,0.0036365440195549555
Sadness,30,AU12,0.003785991074612485
Surprise,1,AU12,0.029224041573547233
Surprise,2,AU12,0.028009665560072197
Surprise,3,AU12,0.027274048478416073
Surprise,4,AU12,0.026649920717657424
Surprise,5,AU12,0.026736258118730642
Surprise,6,AU12,0.02568347014651062
Surprise,7,AU12,0.02555174726745198
Surprise,8,AU12,0.024525194221995315
Surprise,9,AU12,0.02136527267072667
Surprise,10,AU12,0.018856262568427217
Surprise,11,AU12,0.016733603674194866
Surprise,12,AU12,0.015626596801905503
Surprise,13,AU12,0.012867377674852394
Surprise,14,AU12,0.011629407413706244
Surprise,15,AU12,0.010972999147980556
Surprise,16,AU12,0.010181757759282654
Surprise,17,AU12,0.008626957249650968
Surprise,18,AU12,0.007356555229053103
Surprise,19,AU12,0.006758318375741396
Surprise,20,AU12,0.005979876162570245
Surprise,21,AU12,0.004694864489778595
Surprise,22,AU12,0.003996967351787444
Surprise,23,AU12,0.003930877397447674
Surprise,24,AU12,0.0037279994614796697
Surprise,25,AU12,0.003845846056562163
Surprise,26,AU12,0.003927018363351067
Surprise,27,AU12,0.004113977893508465
Surprise,28,AU12,0.004321487912156354
Surprise,29,AU12,0.004515200370749827
Surprise,30,AU12,0.004713206645294811
Anger,1,AU15,0.03958212274729781
Anger,2,AU15,0.04339936870185264
Anger,3,AU15,0.04636021966037844
Anger,4,AU15,0.048122217974334226
Anger,5,AU15,0.05021396093165553
Anger,6,AU15,0.05641031528354774
Anger,7,AU15,0.06145621394650432
Anger,8,AU15,0.06633434565033249
Anger,9,AU15,0.07738788439510062
Anger,10,AU15,0.08084540645777237
Anger,11,AU15,0.08206817692738862
Anger,12,AU15,0.08467289765233241
Anger,13,AU15,0.08772295776066222
Anger,14,AU15,0.08760539111320334
Anger,15,AU15,0.09113610142294842
Anger,16,AU15,0.0960658938293232
Anger,17,AU15,0.0968308957343786
Anger,18,AU15,0.10015095053302425
Anger,19,AU15,0.10318638554619049
Anger,20,AU15,0.11218203102606955
Anger,21,AU15,0.12185041490748706
Anger,22,AU15,0.13024583987140556
Anger,23,AU15,0.13097302754034082
Anger,24,AU15,0.13531838170871802
Anger,25,AU15,0.13649848542539858
Anger,26,AU15,0.1372390008800711
Anger,27,AU15,0.14309992951028364
Anger,28,AU15,0.14041846831408875
Anger,29,AU15,0.13713254374938705
Anger,30,AU15,0.13263879244636134
Disgust,1,AU15,0.05446146922016755
Disgust,2,AU15,0.060068151574563196
Disgust,3,AU15,0.06667741195817278
Disgust,4,AU15,0.07673001420599705
Disgust,5,AU15,0.0818611957835327
Disgust,6,AU15,0.08579444307640838
Disgust,7,AU15,0.09350673605615799
Disgust,8,AU15,0.10439151922207168
Disgust,9,AU15,0.11031897636101579
Disgust,10,AU15,0.11591399397551215
Disgust,11,AU15,0.12008762349321277
Disgust,12,AU15,0.12447638408518369
Disgust,13,AU15,0.12696665880730976
Disgust,14,AU15,0.13153876976051468
Disgust,15,AU15,0.14231264996246396
Disgust,16,AU15,0.14856104050592306
Disgust,17,AU15,0.15235145098952863
Disgust,18,AU15,0.15496358958029194
Disgust,19,AU15,0.16348502444586138
Disgust,20,AU15,0.16877856023687673
Disgust,21,AU15,0.1746257642346242
Disgust,22,AU15,0.1824899744919296
Disgust,23,AU15,0.18411545577691452
Disgust,24,AU15,0.18804024618154827
Disgust,25,AU15,0.19104164702631046
Disgust,26,AU15,0.18997974021464176
Disgust,27,AU15,0.19285829830554127
Disgust,28,AU15,0.19346755264271545
Disgust,29,AU15,0.1920430502050676
Disgust,30,AU15,0.1878506376473332
Fear,1,AU15,0.038258012693240716
Fear,2,AU15,0.038707938066788405
Fear,3,AU15,0.03478688460870523
Fear,4,AU15,0.03175023377663545
Fear,5,AU15,0.02803144469313899
Fear,6,AU15,0.022820563465381503
Fear,7,AU15,0.022644826527599613
Fear,8,AU15,0.026276901152818163
Fear,9,AU15,0.025386321159495063
Fear,10,AU15,0.027128817974362462
Fear,11,AU15,0.02905838191879198
Fear,12,AU15,0.030599589017982435
Fear,13,AU15,0.031825089015292025
Fear,14,AU15,0.031865827104696244
Fear,15,AU15,0.0313017471493916
Fear,16,AU15,0.030540213633343867
Fear,17,AU15,0.03169166770743032
Fear,18,AU15,0.03049106071812594
Fear,19,AU15,0.03165806655654436
Fear,20,AU15,0.02956768050250151
Fear,21,AU15,0.03003241560979018
Fear,22,AU15,0.029357268044546577
Fear,23,AU15,0.02966663606596641
Fear,24,AU15,0.029742292110557064
Fear,25,AU15,0.031033057651519803
Fear,26,AU15,0.031324074388905804
Fear,27,AU15,0.03276056172709959
Fear,28,AU15,0.03346467194667925
Fear,29,AU15,0.03496642522657602
Fear,30,AU15,0.034257522507931425
Happiness,1,AU15,0.025695653681211548
Happiness,2,AU15,0.022756818945254113
Happiness,3,AU15,0.021690360674856888
Happiness,4,AU15,0.01983801846821731
Happiness,5,AU15,0.015157937174713837
Happiness,6,AU15,0.011893171128238032
Happiness,7,AU15,0.007523147820439459
Happiness,8,AU15,0.006761082249441543
Happiness,9,AU15,0.006110314748122065
Happiness,10,AU15,0.005541492922069791
Happiness,11,AU15,0.005366627644393932
Happiness,12,AU15,0.005367559538024742
Happiness,13,AU15,0.004487331042676667
Happiness,14,AU15,0.004328237639379076
Happiness,15,AU15,0.004450491063173125
Happiness,16,AU15,0.004402922317623667
Happiness,17,AU15,0.004092941936947378
Happiness,18,AU15,0.00407943643665254
Happiness,19,AU15,0.0037994202751493057
Happiness,20,AU15,0.003623513237485
Happiness,21,AU15,0.003491371032719796
Happiness,22,AU15,0.003527817216369369
Happiness,23,AU15,0.003526592138460585
Happiness,24,AU15,0.0034756459889475214
Happiness,25,AU15,0.0033649554256043545
Happiness,26,AU15,0.0034089578676318494
Happiness,27,AU15,0.0033174894747088624
Happiness,28,AU15,0.003221333893399976
Happiness,29,AU15,0.0032752393178299604
Happiness,30,AU15,0.003347881294008167
Neutral,1,AU15,0.010350393986088943
Neutral,2,AU15,0.008065918586860246
Neutral,3,AU15,0.006368089829738068
Neutral,4,AU15,0.0065274647228896416
Neutral,5,AU15,0.0065480645706224
Neutral,6,AU15,0.007001444845159923
Neutral,7,AU15,0.007159232531921521
Neutral,8,AU15,0.007185731110366602
Neutral,9,AU15,0.007747445712870309
Neutral,10,AU15,0.008048928119019007
Neutral,11,AU15,0.008167576847442336
Neutral,12,AU15,0.006969662054738931
Neutral,13,AU15,0.005825497449313379
Neutral,14,AU15,0.005539114345806526
Neutral,15,AU15,0.005618393067855233
Neutral,16,AU15,0.005409446682351335
Neutral,17,AU15,0.005807462861612469
Neutral,18,AU15,0.005959076886747644
Neutral,19,AU15,0.005735925772179881
Neutral,20,AU15,0.005171546823102277
Neutral,21,AU15,0.00492240605663681
Neutral,22,AU15,0.0035721044745910162
Neutral,23,AU15,0.0035175578676244356
Neutral,24,AU15,0.0033911132023627154
Neutral,25,AU15,0.0032223798201489384
Neutral,26,AU15,0.0032544632627446177
Neutral,27,AU15,0.0033088816243141517
Neutral,28,AU15,0.0033896170006484537
Neutral,29,AU15,0.005537745860827924
Neutral,30,AU15,0.005430603681644477
Sadness,1,AU15,0.17743295761334896
Sadness,2,AU15,0.18512847427847365
Sadness,3,AU15,0.187588862170454
Sadness,4,AU15,0.19586940234635816
Sadness,5,AU15,0.20672835897631162
Sadness,6,AU15,0.22451629201888462
Sadness,7,AU15,0.24106548390394902
Sadness,8,AU15,0.2548466270769951
Sadness,9,AU15,0.2736284083763413
Sadness,10,AU15,0.28563952004623494
Sadness,11,AU15,0.3027629127357608
Sadness,12,AU15,0.315595292865144
Sadness,13,AU15,0.33622470467133786
Sadness,14,AU15,0.35714228451664526
Sadness,15,AU15,0.37987858864854485
Sadness,16,AU15,0.39678668355418806
Sadness,17,AU15,0.42669031248127287
Sadness,18,AU15,0.45025306033417867
Sadness,19,AU15,0.47253242889747826
Sadness,20,AU15,0.49335529017558366
Sadness,21,AU15,0.5008705174886415
Sadness,22,AU15,0.5060037358785867
Sadness,23,AU15,0.5236418848230522
Sadness,24,AU15,0.5282980755313605
Sadness,25,AU15,0.5237337376932105
Sadness,26,AU15,0.5245126244187608
Sadness,27,AU15,0.5223026339018436
Sadness,28,AU15,0.5158084450978433
Sadness,29,AU15,0.5120856475188424
Sadness,30,AU15,0.5010195363748058
Surprise,1,AU15,0.02852538655112061
Surprise,2,AU15,0.02619586519883504
Surprise,3,AU15,0.0243435182599441
Surprise,4,AU15,0.02379548636349836
Surprise,5,AU15,0.023371134868993008
Surprise,6,AU15,0.022822714611590113
Surprise,7,AU15,0.021850429084268888
Surprise,8,AU15,0.021725782048130783
Surprise,9,AU15,0.02032420918498911
Surprise,10,AU15,0.016923917604971802
Surprise,11,AU15,0.01567031774127686
Surprise,12,AU15,0.013870882671305457
Surprise,13,AU15,0.013640540155010886
Surprise,14,AU15,0.012185469423197927
Surprise,15,AU15,0.012235330238727242
Surprise,16,AU15,0.013511528950448307
Surprise,17,AU15,0.013654155342871734
Surprise,18,AU15,0.01439382464194865
Surprise,19,AU15,0.01506078482589097
Surprise,20,AU15,0.015195903269048197
Surprise,21,AU15,0.015134631436145504
Surprise,22,AU15,0.015126515137216407
Surprise,23,AU15,0.0153973810509412
Surprise,24,AU15,0.015269790171607284
Surprise,25,AU15,0.015448350447341531
Surprise,26,AU15,0.01533814860935024
Surprise,27,AU15,0.01547171593251391
Surprise,28,AU15,0.014798469404014938
Surprise,29,AU15,0.014314580126108003
Surprise,30,AU15,0.013316485063938366
Anger,1,AU16,0.02279316233460176
Anger,2,AU16,0.02067873914234113
Anger,3,AU16,0.020418744090424705
Anger,4,AU16,0.019631466254863922
Anger,5,AU16,0.020806068525132188
Anger,6,AU16,0.022865914868612072
Anger,7,AU16,0.02401152606235252
Anger,8,AU16,0.02150559255488319
Anger,9,AU16,0.019363494234739705
Anger,10,AU16,0.017101581515363007
Anger,11,AU16,0.016124756662536703
Anger,12,AU16,0.01416698405684179
Anger,13,AU16,0.013492535649966561
Anger,14,AU16,0.013184506250601588
Anger,15,AU16,0.01268284685488237
Anger,16,AU16,0.012896121751213394
Anger,17,AU16,0.014991364452307292
Anger,18,AU16,0.015540860609170013
Anger,19,AU16,0.017216577214244067
Anger,20,AU16,0.017169284428314932
Anger,21,AU16,0.017057244682414457
Anger,22,AU16,0.01602443405750048
Anger,23,AU16,0.014158511505032926
Anger,24,AU16,0.016239851336876113
Anger,25,AU16,0.018136655950865152
Anger,26,AU16,0.02080374499816821
Anger,27,AU16,0.021803335059921203
Anger,28,AU16,0.022453739425999118
Anger,29,AU16,0.022516098253216182
Anger,30,AU16,0.01776328857445782
Disgust,1,AU16,0.03926274719960286
Disgust,2,AU16,0.03899973078923975
Disgust,3,AU16,0.03727922103242552
Disgust,4,AU16,0.036495309028267725
Disgust,5,AU16,0.03585417570434213
Disgust,6,AU16,0.03824518424971954
Disgust,7,AU16,0.03925352096414856
Disgust,8,AU16,0.041872990870404636
Disgust,9,AU16,0.04412816928466266
Disgust,10,AU16,0.0499656764393205
Disgust,11,AU16,0.055614860675606566
Disgust,12,AU16,0.055891464639116026
Disgust,13,AU16,0.058221498230344414
Disgust,14,AU16,0.05767947694054294
Disgust,15,AU16,0.06063657406224713
Disgust,16,AU16,0.06194863840324602
Disgust,17,AU16,0.06692653959429458
Disgust,18,AU16,0.072690007815195
Disgust,19,AU16,0.07215874825332139
Disgust,20,AU16,0.07577810086664002
Disgust,21,AU16,0.07633033366423478
Disgust,22,AU16,0.07771834216362117
Disgust,23,AU16,0.07335612431171291
Disgust,24,AU16,0.07508754526824765
Disgust,25,AU16,0.07842550578101935
Disgust,26,AU16,0.07983223425873323
Disgust,27,AU16,0.0824698407707318
Disgust,28,AU16,0.08986846340731958
Disgust,29,AU16,0.09166992887884803
Disgust,30,AU16,0.08980589920413606
Fear,1,AU16,0.04754355044994625
Fear,2,AU16,0.0508115524650732
Fear,3,AU16,0.05523240450986819
Fear,4,AU16,0.05595333714320079
Fear,5,AU16,0.0549713797778942
Fear,6,AU16,0.050259564990372964
Fear,7,AU16,0.0494550160740945
Fear,8,AU16,0.048751072416312394
Fear,9,AU16,0.050642544889631276
Fear,10,AU16,0.052959140033781396
Fear,11,AU16,0.05612596810882743
Fear,12,AU16,0.057476781791216104
Fear,13,AU16,0.061861733507517044
Fear,14,AU16,0.06748497487618096
Fear,15,AU16,0.07451925651045958
Fear,16,AU16,0.07626628595047497
Fear,17,AU16,0.07588089460212358
Fear,18,AU16,0.07745341159179553
Fear,19,AU16,0.07833296548992139
Fear,20,AU16,0.08201412487869193
Fear,21,AU16,0.08376451180129163
Fear,22,AU16,0.0832101862551731
Fear,23,AU16,0.08607608560697476
Fear,24,AU16,0.09349198491563035
Fear,25,AU16,0.09613711825869334
Fear,26,AU16,0.09743682849231358
Fear,27,AU16,0.09369650918738098
Fear,28,AU16,0.09285684433563555
Fear,29,AU16,0.09254474141308841
Fear,30,AU16,0.09090095581353813
Happiness,1,AU16,0.04873581996067662
Happiness,2,AU16,0.05267024251068578
Happiness,3,AU16,0.05864685383631689
Happiness,4,AU16,0.06342389072747176
Happiness,5,AU16,0.06805868070275643
Happiness,6,AU16,0.07745553215756978
Happiness,7,AU16,0.0839259569015834
Happiness,8,AU16,0.09084083037531446
Happiness,9,AU16,0.09687623732445375
Happiness,10,AU16,0.10285575157848574
Happiness,11,AU16,0.10895420429951637
Happiness,12,AU16,0.11293286259370255
Happiness,13,AU16,0.1169713649103401
Happiness,14,AU16,0.1237189684415484
Happiness,15,AU16,0.1316589516008758
Happiness,16,AU16,0.13856815687268983
Happiness,17,AU16,0.1430969250249742
Happiness,18,AU16,0.1467848435506929
Happiness,19,AU16,0.15197772158502118
Happiness,20,AU16,0.15856133259777508
Happiness,21,AU16,0.16521414014032218
Happiness,22,AU16,0.1702206177108705
Happiness,23,AU16,0.17364893675599144
Happiness,24,AU16,0.17577113932987234
Happiness,25,AU16,0.1790659271098025
Happiness,26,AU16,0.18170925436752086
Happiness,27,AU16,0.18264261510126084
Happiness,28,AU16,0.17836199836767797
Happiness,29,AU16,0.17310676245734213
Happiness,30,AU16,0.16796317951410056
Neutral,1,AU16,0.009835183503331572
Neutral,2,AU16,0.009806405512144314
Neutral,3,AU16,0.009588671102810186
Neutral,4,AU16,0.009217318568229192
Neutral,5,AU16,0.0077713341449325585
Neutral,6,AU16,0.0068534563545486985
Neutral,7,AU16,0.0066049586692636265
Neutral,8,AU16,0.006420880905082785
Neutral,9,AU16,0.005873922350632602
Neutral,10,AU16,0.005647944415210348
Neutral,11,AU16,0.0054707320383415425
Neutral,12,AU16,0.0054960554356122205
Neutral,13,AU16,0.004704450255375335
Neutral,14,AU16,0.004403228889804382
Neutral,15,AU16,0.003713224630120492
Neutral,16,AU16,0.0015502052633363335
Neutral,17,AU16,0.0013699969766910866
Neutral,18,AU16,0.00021098801634315188
Neutral,19,AU16,8.646259231507803e-05
Neutral,20,AU16,5.34469641805712e-05
Neutral,21,AU16,5.2973460050718206e-05
Neutral,22,AU16,8.614740697890986e-05
Neutral,23,AU16,6.179065972638983e-05
Neutral,24,AU16,4.2673571528682124e-05
Neutral,25,AU16,2.566064296198681e-05
Neutral,26,AU16,2.3416441444245952e-05
Neutral,27,AU16,1.975138272656994e-05
Neutral,28,AU16,2.7764747274276116e-05
Neutral,29,AU16,5.962735224015649e-05
Neutral,30,AU16,0.0005351266471418684
Sadness,1,AU16,0.020313443214906614
Sadness,2,AU16,0.01903861006859551
Sadness,3,AU16,0.01602778745407981
Sadness,4,AU16,0.016668314034768615
Sadness,5,AU16,0.01753656162522972
Sadness,6,AU16,0.018485938600231035
Sadness,7,AU16,0.017343796944766284
Sadness,8,AU16,0.01712255972940341
Sadness,9,AU16,0.016213914765418006
Sadness,10,AU16,0.01627225725646534
Sadness,11,AU16,0.014131211803413889
Sadness,12,AU16,0.01293168683137225
Sadness,13,AU16,0.008910557302899377
Sadness,14,AU16,0.00875573863499667
Sadness,15,AU16,0.008251343590862784
Sadness,16,AU16,0.007856012986113835
Sadness,17,AU16,0.007239153882148888
Sadness,18,AU16,0.0059711179921452615
Sadness,19,AU16,0.005367545155354297
Sadness,20,AU16,0.005608907709708043
Sadness,21,AU16,0.006280710068510451
Sadness,22,AU16,0.005911065283749452
Sadness,23,AU16,0.005028204947055737
Sadness,24,AU16,0.005198550553167104
Sadness,25,AU16,0.005041357063519019
Sadness,26,AU16,0.0056070125561326085
Sadness,27,AU16,0.005864180662681603
Sadness,28,AU16,0.008018919413206121
Sadness,29,AU16,0.008844605635607955
Sadness,30,AU16,0.009586816120576009
Surprise,1,AU16,0.009444182406905645
Surprise,2,AU16,0.010207758566277519
Surprise,3,AU16,0.011589632781624492
Surprise,4,AU16,0.01281662227202628
Surprise,5,AU16,0.013830286203545379
Surprise,6,AU16,0.0147071526886774
Surprise,7,AU16,0.01478578256982529
Surprise,8,AU16,0.013293541594854878
Surprise,9,AU16,0.013708991069436367
Surprise,10,AU16,0.014769060598303857
Surprise,11,AU16,0.01382402321806797
Surprise,12,AU16,0.013202822807528493
Surprise,13,AU16,0.012369007787943379
Surprise,14,AU16,0.012202647195655522
Surprise,15,AU16,0.011076605289531347
Surprise,16,AU16,0.01163526178005642
Surprise,17,AU16,0.013223996579337321
Surprise,18,AU16,0.013931106699686096
Surprise,19,AU16,0.013252286468210611
Surprise,20,AU16,0.012304228226078712
Surprise,21,AU16,0.012330747905370929
Surprise,22,AU16,0.011605217257250913
Surprise,23,AU16,0.010348836914324767
Surprise,24,AU16,0.009984753158007701
Surprise,25,AU16,0.00925775075097504
Surprise,26,AU16,0.009155788929529304
Surprise,27,AU16,0.008683714698531495
Surprise,28,AU16,0.008274785416219383
Surprise,29,AU16,0.008339302351950222
Surprise,30,AU16,0.009328268635033606
Anger,1,AU17,0.10058277669508263
Anger,2,AU17,0.1086672118889017
Anger,3,AU17,0.11704208040451433
Anger,4,AU17,0.12653267578048347
Anger,5,AU17,0.13147034143885028
Anger,6,AU17,0.1403810261937388
Anger,7,AU17,0.144527803834666
Anger,8,AU17,0.152706983817771
Anger,9,AU17,0.16933120343902652
Anger,10,AU17,0.18149347859180953
Anger,11,AU17,0.18965835568874728
Anger,12,AU17,0.19833495775899787
Anger,13,AU17,0.21175961419806105
Anger,14,AU17,0.22130527500189492
Anger,15,AU17,0.24010966516133272
Anger,16,AU17,0.2560199298426342
Anger,17,AU17,0.27168770241841894
Anger,18,AU17,0.2953515903135899
Anger,19,AU17,0.31590614447698717
Anger,20,AU17,0.33541831401363364
Anger,21,AU17,0.35599461158273543
Anger,22,AU17,0.3773527763456031
Anger,23,AU17,0.3949122539335427
Anger,24,AU17,0.4050178521654779
Anger,25,AU17,0.41079192109812857
Anger,26,AU17,0.41882436462575773
Anger,27,AU17,0.4259584024902379
Anger,28,AU17,0.42087459994536564
Anger,29,AU17,0.4145540119918336
Anger,30,AU17,0.4124705239545136
Disgust,1,AU17,0.10168148877144856
Disgust,2,AU17,0.10860330328423126
Disgust,3,AU17,0.11929302628106975
Disgust,4,AU17,0.1292418644327659
Disgust,5,AU17,0.1355712348145142
Disgust,6,AU17,0.13783751594892432
Disgust,7,AU17,0.1431821012469267
Disgust,8,AU17,0.15668951044993334
Disgust,9,AU17,0.16759902530505724
Disgust,10,AU17,0.179816698496252
Disgust,11,AU17,0.18507987653713848
Disgust,12,AU17,0.1917235252119258
Disgust,13,AU17,0.20053285552641137
Disgust,14,AU17,0.20760835460426982
Disgust,15,AU17,0.21969952914861327
Disgust,16,AU17,0.2239710468657689
Disgust,17,AU17,0.2263874407211983
Disgust,18,AU17,0.22834933861601697
Disgust,19,AU17,0.242039070404924
Disgust,20,AU17,0.2492536091039456
Disgust,21,AU17,0.25902521654320143
Disgust,22,AU17,0.26753025990469664
Disgust,23,AU17,0.2706018485019982
Disgust,24,AU17,0.2744422301835383
Disgust,25,AU17,0.2746553280856916
Disgust,26,AU17,0.27029519685872655
Disgust,27,AU17,0.26789658417063344
Disgust,28,AU17,0.2638256871546129
Disgust,29,AU17,0.2623771311605158
Disgust,30,AU17,0.2575060634076026
Fear,1,AU17,0.04315510934739973
Fear,2,AU17,0.0415544793780542
Fear,3,AU17,0.03858539943804606
Fear,4,AU17,0.0327598072486041
Fear,5,AU17,0.02755494392888625
Fear,6,AU17,0.023654010733361205
Fear,7,AU17,0.023868764447450567
Fear,8,AU17,0.025952634021782786
Fear,9,AU17,0.025697184922099527
Fear,10,AU17,0.026722916199943315
Fear,11,AU17,0.02836863199031481
Fear,12,AU17,0.029151076421685084
Fear,13,AU17,0.029105098106325954
Fear,14,AU17,0.029304982795680133
Fear,15,AU17,0.029077776318145853
Fear,16,AU17,0.028235547025318306
Fear,17,AU17,0.027929894309808825
Fear,18,AU17,0.02786179910561258
Fear,19,AU17,0.029821284506792636
Fear,20,AU17,0.027438329381469555
Fear,21,AU17,0.027398843284020993
Fear,22,AU17,0.025902226327937865
Fear,23,AU17,0.024410314330882598
Fear,24,AU17,0.023747449490627463
Fear,25,AU17,0.023726514766938274
Fear,26,AU17,0.02427899630527696
Fear,27,AU17,0.02573825919037949
Fear,28,AU17,0.025881586687742767
Fear,29,AU17,0.026069121795828435
Fear,30,AU17,0.025930192968171534
Happiness,1,AU17,0.05577685796518531
Happiness,2,AU17,0.05478995420776305
Happiness,3,AU17,0.055573719684160645
Happiness,4,AU17,0.054658587555699176
Happiness,5,AU17,0.05401906417278962
Happiness,6,AU17,0.05430454305208261
Happiness,7,AU17,0.05243226920352426
Happiness,8,AU17,0.05289993515885313
Happiness,9,AU17,0.05281463514419565
Happiness,10,AU17,0.0544597652315436
Happiness,11,AU17,0.0570929340037873
Happiness,12,AU17,0.05904081345967274
Happiness,13,AU17,0.059845919572206835
Happiness,14,AU17,0.062015539068011945
Happiness,15,AU17,0.06312728668631648
Happiness,16,AU17,0.06488875551228332
Happiness,17,AU17,0.06710067240357803
Happiness,18,AU17,0.06921379054335897
Happiness,19,AU17,0.07071303716177696
Happiness,20,AU17,0.07196422685097392
Happiness,21,AU17,0.07503325040444203
Happiness,22,AU17,0.07664812222831055
Happiness,23,AU17,0.07850421459137322
Happiness,24,AU17,0.07979293967152616
Happiness,25,AU17,0.08062903558369633
Happiness,26,AU17,0.08105955860398255
Happiness,27,AU17,0.0809171392852447
Happiness,28,AU17,0.08001069020957584
Happiness,29,AU17,0.07834576232795448
Happiness,30,AU17,0.07670814518216391
Neutral,1,AU17,0.01749947236497115
Neutral,2,AU17,0.01503399387831466
Neutral,3,AU17,0.013400542050330432
Neutral,4,AU17,0.012390415101458031
Neutral,5,AU17,0.01128784295378949
Neutral,6,AU17,0.010607196350367967
Neutral,7,AU17,0.010823078596651185
Neutral,8,AU17,0.010063209594058388
Neutral,9,AU17,0.009922507672597204
Neutral,10,AU17,0.01016946463508247
Neutral,11,AU17,0.010220885315881128
Neutral,12,AU17,0.008970054382224313
Neutral,13,AU17,0.008019310591344109
Neutral,14,AU17,0.0075834617226553935
Neutral,15,AU17,0.00756799706118541
Neutral,16,AU17,0.006754866068824866
Neutral,17,AU17,0.006613581876373622
Neutral,18,AU17,0.006557248202209432
Neutral,19,AU17,0.006401569876015297
Neutral,20,AU17,0.00619307542449806
Neutral,21,AU17,0.005868387225587683
Neutral,22,AU17,0.005224513170859504
Neutral,23,AU17,0.005017567911404398
Neutral,24,AU17,0.004860698670080736
Neutral,25,AU17,0.00495483417586102
Neutral,26,AU17,0.0047970275746856104
Neutral,27,AU17,0.004688686725459359
Neutral,28,AU17,0.0046337585823852685
Neutral,29,AU17,0.006215796486503973
Neutral,30,AU17,0.00629751792916821
Sadness,1,AU17,0.1514634086980816
Sadness,2,AU17,0.15584572390303034
Sadness,3,AU17,0.16117969420684053
Sadness,4,AU17,0.17327460337383854
Sadness,5,AU17,0.1844469321203954
Sadness,6,AU17,0.19975372416519874
Sadness,7,AU17,0.21599137858899878
Sadness,8,AU17,0.22895602507638674
Sadness,9,AU17,0.2493466572229595
Sadness,10,AU17,0.2609457566159043
Sadness,11,AU17,0.2787110422653114
Sadness,12,AU17,0.2833801334719143
Sadness,13,AU17,0.29877657720297207
Sadness,14,AU17,0.316127864934526
Sadness,15,AU17,0.33562742873250373
Sadness,16,AU17,0.3540735963855766
Sadness,17,AU17,0.3754164632518747
Sadness,18,AU17,0.3951477693698635
Sadness,19,AU17,0.4125285514972981
Sadness,20,AU17,0.43220972730060286
Sadness,21,AU17,0.44501277444865944
Sadness,22,AU17,0.4545450545332261
Sadness,23,AU17,0.4691038118658695
Sadness,24,AU17,0.47800034727981827
Sadness,25,AU17,0.4808232755097291
Sadness,26,AU17,0.48120189099136795
Sadness,27,AU17,0.475276418332615
Sadness,28,AU17,0.46722121132925437
Sadness,29,AU17,0.4652928676709508
Sadness,30,AU17,0.45874044611601117
Surprise,1,AU17,0.050251782358036005
Surprise,2,AU17,0.04409715694228288
Surprise,3,AU17,0.04318971369047262
Surprise,4,AU17,0.04081976795570909
Surprise,5,AU17,0.03858086409715692
Surprise,6,AU17,0.03739872287386847
Surprise,7,AU17,0.034867863875184237
Surprise,8,AU17,0.033463868160290164
Surprise,9,AU17,0.03231163967772107
Surprise,10,AU17,0.02888356382669836
Surprise,11,AU17,0.0288938474866867
Surprise,12,AU17,0.026812078132086324
Surprise,13,AU17,0.026612336262499616
Surprise,14,AU17,0.026270169958320023
Surprise,15,AU17,0.027048477279103568
Surprise,16,AU17,0.026986057065721217
Surprise,17,AU17,0.026890597521529506
Surprise,18,AU17,0.0271718117226804
Surprise,19,AU17,0.027461546839925747
Surprise,20,AU17,0.02860516163662911
Surprise,21,AU17,0.02876974078896112
Surprise,22,AU17,0.029082448072121854
Surprise,23,AU17,0.029565128147720672
Surprise,24,AU17,0.030311293422414842
Surprise,25,AU17,0.030564790750913912
Surprise,26,AU17,0.0314131201212438
Surprise,27,AU17,0.03137421301903078
Surprise,28,AU17,0.03086289740461309
Surprise,29,AU17,0.03078065377099291
Surprise,30,AU17,0.029828261042906274
Anger,1,AU20,0.014843868264495776
Anger,2,AU20,0.014977787016683342
Anger,3,AU20,0.015330596270999572
Anger,4,AU20,0.01562125164965798
Anger,5,AU20,0.016122659986265206
Anger,6,AU20,0.01902518354957706
Anger,7,AU20,0.020815327308158917
Anger,8,AU20,0.021418936689761605
Anger,9,AU20,0.0217620652816048
Anger,10,AU20,0.022313731045606796
Anger,11,AU20,0.02216318813119673
Anger,12,AU20,0.022045417785367623
Anger,13,AU20,0.02329410475800585
Anger,14,AU20,0.02292134254724674
Anger,15,AU20,0.02323938361288351
Anger,16,AU20,0.023497660190124864
Anger,17,AU20,0.025006904785387727
Anger,18,AU20,0.02627810239451214
Anger,19,AU20,0.029319172419851738
Anger,20,AU20,0.03229132829925404
Anger,21,AU20,0.03434801275297177
Anger,22,AU20,0.03527557450647746
Anger,23,AU20,0.03288020373365927
Anger,24,AU20,0.03409634535853715
Anger,25,AU20,0.0351411804183217
Anger,26,AU20,0.036915476510931036
Anger,27,AU20,0.037969518942888796
Anger,28,AU20,0.038138626153616934
Anger,29,AU20,0.0379246743212197
Anger,30,AU20,0.03335844898988878
Disgust,1,AU20,0.022909407620325353
Disgust,2,AU20,0.022447138500445798
Disgust,3,AU20,0.022237742715245243
Disgust,4,AU20,0.022707564844274466
Disgust,5,AU20,0.02352870432002229
Disgust,6,AU20,0.02408555331674747
Disgust,7,AU20,0.025748932815034795
Disgust,8,AU20,0.0319593468875988
Disgust,9,AU20,0.034805416049482965
Disgust,10,AU20,0.041278051452569894
Disgust,11,AU20,0.04870840074368711
Disgust,12,AU20,0.05251221792843499
Disgust,13,AU20,0.05725420416878315
Disgust,14,AU20,0.061497042812621076
Disgust,15,AU20,0.06589977680372532
Disgust,16,AU20,0.06793777865788618
Disgust,17,AU20,0.07096490414861636
Disgust,18,AU20,0.07272718844739165
Disgust,19,AU20,0.07386457469843727
Disgust,20,AU20,0.07580328416483331
Disgust,21,AU20,0.0777556782951416
Disgust,22,AU20,0.0799534396054332
Disgust,23,AU20,0.07990670065229544
Disgust,24,AU20,0.0816889389326564
Disgust,25,AU20,0.08382524829167218
Disgust,26,AU20,0.0854287761174067
Disgust,27,AU20,0.08845601165490588
Disgust,28,AU20,0.0927234044919679
Disgust,29,AU20,0.09302942814146649
Disgust,30,AU20,0.09277891962704114
Fear,1,AU20,0.03919079669532503
Fear,2,AU20,0.04193809701058003
Fear,3,AU20,0.04691806419274361
Fear,4,AU20,0.04827781736191021
Fear,5,AU20,0.04486084811391369
Fear,6,AU20,0.04055446308584857
Fear,7,AU20,0.03930155988739154
Fear,8,AU20,0.038063966126254296
Fear,9,AU20,0.03982384994854615
Fear,10,AU20,0.040086816424940434
Fear,11,AU20,0.04059029082757467
Fear,12,AU20,0.04222987201540971
Fear,13,AU20,0.0471300299922946
Fear,14,AU20,0.0512214888659286
Fear,15,AU20,0.05439067397937906
Fear,16,AU20,0.05752901937054073
Fear,17,AU20,0.06044422232322994
Fear,18,AU20,0.05909737352268464
Fear,19,AU20,0.06079169539837861
Fear,20,AU20,0.06443766926170531
Fear,21,AU20,0.06737584901684339
Fear,22,AU20,0.06841337810774195
Fear,23,AU20,0.07098168327268752
Fear,24,AU20,0.07936464605609833
Fear,25,AU20,0.08235561694509155
Fear,26,AU20,0.08460451215636351
Fear,27,AU20,0.0857817069884206
Fear,28,AU20,0.08534375103874048
Fear,29,AU20,0.08572354886134398
Fear,30,AU20,0.08317923159266498
Happiness,1,AU20,0.029953971070049008
Happiness,2,AU20,0.02988638592053336
Happiness,3,AU20,0.033397290250018634
Happiness,4,AU20,0.03483791245731448
Happiness,5,AU20,0.037152404377793664
Happiness,6,AU20,0.04119405477005956
Happiness,7,AU20,0.0442911672808781
Happiness,8,AU20,0.050663559932691116
Happiness,9,AU20,0.05405681164511582
Happiness,10,AU20,0.057479297760323775
Happiness,11,AU20,0.060302528408897646
Happiness,12,AU20,0.06238527745616987
Happiness,13,AU20,0.06533905231941409
Happiness,14,AU20,0.06777975257514553
Happiness,15,AU20,0.07127928474367681
Happiness,16,AU20,0.07461517916214792
Happiness,17,AU20,0.07796512684537939
Happiness,18,AU20,0.07994957225875561
Happiness,19,AU20,0.08107987523047662
Happiness,20,AU20,0.08303637626561496
Happiness,21,AU20,0.08611348911882255
Happiness,22,AU20,0.08751942298392758
Happiness,23,AU20,0.0888451078219707
Happiness,24,AU20,0.09071807956012581
Happiness,25,AU20,0.0925148964246424
Happiness,26,AU20,0.09356661532539871
Happiness,27,AU20,0.0943371776444837
Happiness,28,AU20,0.0926196366823084
Happiness,29,AU20,0.0903695863912192
Happiness,30,AU20,0.08853016415843735
Neutral,1,AU20,0.006351474396014157
Neutral,2,AU20,0.0059581869065007285
Neutral,3,AU20,0.005584707437200885
Neutral,4,AU20,0.005403133379014974
Neutral,5,AU20,0.005149802763953442
Neutral,6,AU20,0.00515222149615162
Neutral,7,AU20,0.0044970371832810845
Neutral,8,AU20,0.00427658867976556
Neutral,9,AU20,0.004243718282078949
Neutral,10,AU20,0.0041430923619956
Neutral,11,AU20,0.0038585233533636235
Neutral,12,AU20,0.0035527146618811968
Neutral,13,AU20,0.0031066783824727122
Neutral,14,AU20,0.0028662573158089524
Neutral,15,AU20,0.0026658197207638876
Neutral,16,AU20,0.0022685389076498703
Neutral,17,AU20,0.0021736282849499793
Neutral,18,AU20,0.0019771955118454334
Neutral,19,AU20,0.0018656385504972012
Neutral,20,AU20,0.0017696648201209952
Neutral,21,AU20,0.0016919898634392403
Neutral,22,AU20,0.0014853663509723824
Neutral,23,AU20,0.0014373647953855313
Neutral,24,AU20,0.0014247208646910403
Neutral,25,AU20,0.0013985185265190006
Neutral,26,AU20,0.0013431000870131635
Neutral,27,AU20,0.0013443344534780964
Neutral,28,AU20,0.0013475263913119442
Neutral,29,AU20,0.001934745655028098
Neutral,30,AU20,0.002008491055046095
Sadness,1,AU20,0.032212944586457855
Sadness,2,AU20,0.031974094178363964
Sadness,3,AU20,0.030613465959595448
Sadness,4,AU20,0.03210724204329392
Sadness,5,AU20,0.03355797932536966
Sadness,6,AU20,0.036546317973872554
Sadness,7,AU20,0.03840270422509402
Sadness,8,AU20,0.03958698320019531
Sadness,9,AU20,0.0419659843398972
Sadness,10,AU20,0.04383609012133408
Sadness,11,AU20,0.0451984160439766
Sadness,12,AU20,0.04629311320538872
Sadness,13,AU20,0.048445693655322565
Sadness,14,AU20,0.05055437495237279
Sadness,15,AU20,0.052145418079941455
Sadness,16,AU20,0.05366003220318069
Sadness,17,AU20,0.05709523342278396
Sadness,18,AU20,0.06008490858560403
Sadness,19,AU20,0.06303095655170354
Sadness,20,AU20,0.06565517208452239
Sadness,21,AU20,0.0671508262928979
Sadness,22,AU20,0.06761407330911152
Sadness,23,AU20,0.07011490109390081
Sadness,24,AU20,0.07082579651147615
Sadness,25,AU20,0.0707804491843254
Sadness,26,AU20,0.07103443473548482
Sadness,27,AU20,0.07146962969594271
Sadness,28,AU20,0.07090168709436849
Sadness,29,AU20,0.0709408091599565
Sadness,30,AU20,0.069552732145165
Surprise,1,AU20,0.011776090497346736
Surprise,2,AU20,0.011518856575124211
Surprise,3,AU20,0.011421567392999805
Surprise,4,AU20,0.011447338679772033
Surprise,5,AU20,0.011590795571793211
Surprise,6,AU20,0.011736132435411717
Surprise,7,AU20,0.011447242959559454
Surprise,8,AU20,0.010890252044020571
Surprise,9,AU20,0.010301323200229447
Surprise,10,AU20,0.009608065223077509
Surprise,11,AU20,0.008880768752890865
Surprise,12,AU20,0.008575941149010379
Surprise,13,AU20,0.00735732364966301
Surprise,14,AU20,0.006229252174777743
Surprise,15,AU20,0.005980683251490418
Surprise,16,AU20,0.006115866951463111
Surprise,17,AU20,0.005946242052293832
Surprise,18,AU20,0.005479812521436674
Surprise,19,AU20,0.005001193557186236
Surprise,20,AU20,0.004881996293491372
Surprise,21,AU20,0.0045711419314188526
Surprise,22,AU20,0.004383292368545031
Surprise,23,AU20,0.0042603024721750305
Surprise,24,AU20,0.004268013187473684
Surprise,25,AU20,0.004252379214151226
Surprise,26,AU20,0.004282422310665655
Surprise,27,AU20,0.004226213419741307
Surprise,28,AU20,0.004251921058482446
Surprise,29,AU20,0.004225304915543878
Surprise,30,AU20,0.004085606884697878
Anger,1,AU22,0.004146605428981926
Anger,2,AU22,0.0042385225971660586
Anger,3,AU22,0.0044647991175778175
Anger,4,AU22,0.004686067048838172
Anger,5,AU22,0.004790410259703048
Anger,6,AU22,0.005110515730790752
Anger,7,AU22,0.0053397721714248374
Anger,8,AU22,0.006118581402391018
Anger,9,AU22,0.006241114786313699
Anger,10,AU22,0.00651147731760397
Anger,11,AU22,0.006565466735658596
Anger,12,AU22,0.006568769879809421
Anger,13,AU22,0.0068536004538735425
Anger,14,AU22,0.006877252877831542
Anger,15,AU22,0.006996875563088708
Anger,16,AU22,0.007580971697826806
Anger,17,AU22,0.008221945823501617
Anger,18,AU22,0.008921283016731719
Anger,19,AU22,0.009253861085803937
Anger,20,AU22,0.008885134442591782
Anger,21,AU22,0.009341744753675357
Anger,22,AU22,0.010227981415726619
Anger,23,AU22,0.01047736497208438
Anger,24,AU22,0.010911986110214572
Anger,25,AU22,0.011008539167419968
Anger,26,AU22,0.011439210134865454
Anger,27,AU22,0.011894690760025741
Anger,28,AU22,0.012103767568227097
Anger,29,AU22,0.011863633218204587
Anger,30,AU22,0.011645923276309625
Disgust,1,AU22,0.0018451635341980304
Disgust,2,AU22,0.0017975739236276978
Disgust,3,AU22,0.002194700089314543
Disgust,4,AU22,0.0029695923096942542
Disgust,5,AU22,0.0034282464051255093
Disgust,6,AU22,0.003624382341863421
Disgust,7,AU22,0.003766796300753491
Disgust,8,AU22,0.0037279417801109817
Disgust,9,AU22,0.003958302363498002
Disgust,10,AU22,0.004173502202730702
Disgust,11,AU22,0.0043954192809257725
Disgust,12,AU22,0.004498854064520612
Disgust,13,AU22,0.004166108557540029
Disgust,14,AU22,0.003998704148003166
Disgust,15,AU22,0.0033968557329669344
Disgust,16,AU22,0.002545317731254516
Disgust,17,AU22,0.0022689895538618647
Disgust,18,AU22,0.0023334770426853167
Disgust,19,AU22,0.0027425730422001417
Disgust,20,AU22,0.0029257005589502917
Disgust,21,AU22,0.003114016154572411
Disgust,22,AU22,0.0034991370236809594
Disgust,23,AU22,0.0037225638190606348
Disgust,24,AU22,0.003927426843272585
Disgust,25,AU22,0.0035709979747631238
Disgust,26,AU22,0.0033876783537484536
Disgust,27,AU22,0.0032735986210124125
Disgust,28,AU22,0.003298588218405827
Disgust,29,AU22,0.003218640027741876
Disgust,30,AU22,0.002861643902579118
Fear,1,AU22,0.0028321535885270873
Fear,2,AU22,0.002729868333461796
Fear,3,AU22,0.0024661982899590565
Fear,4,AU22,0.0023811272349857273
Fear,5,AU22,0.002679423325537473
Fear,6,AU22,0.002594982987476474
Fear,7,AU22,0.0026994258244564173
Fear,8,AU22,0.002608835193479689
Fear,9,AU22,0.0026633847653605696
Fear,10,AU22,0.002786868020511677
Fear,11,AU22,0.002764842846591429
Fear,12,AU22,0.002919112595492557
Fear,13,AU22,0.002723616142901081
Fear,14,AU22,0.002183432330836013
Fear,15,AU22,0.0019332259529430843
Fear,16,AU22,0.001803639022526408
Fear,17,AU22,0.0016074392486993224
Fear,18,AU22,0.001422171397622365
Fear,19,AU22,0.0012301643521011015
Fear,20,AU22,0.001308527371655212
Fear,21,AU22,0.0012031182859829686
Fear,22,AU22,0.0010812953736081515
Fear,23,AU22,0.0010238893215033626
Fear,24,AU22,0.0009358656593618965
Fear,25,AU22,0.0009651944911396029
Fear,26,AU22,0.0010544567405495293
Fear,27,AU22,0.001315793295014042
Fear,28,AU22,0.001397565151249583
Fear,29,AU22,0.0014717661824127546
Fear,30,AU22,0.0014711931268514991
Happiness,1,AU22,0.0015985647874583026
Happiness,2,AU22,0.001494665496008233
Happiness,3,AU22,0.0013674954349364432
Happiness,4,AU22,0.0012229764315565177
Happiness,5,AU22,0.0011793775068655622
Happiness,6,AU22,0.0010107576781613796
Happiness,7,AU22,0.000988237306697107
Happiness,8,AU22,0.0009104813133966013
Happiness,9,AU22,0.0008019602215745627
Happiness,10,AU22,0.0007694538624870872
Happiness,11,AU22,0.000704795038694021
Happiness,12,AU22,0.0006012661215283215
Happiness,13,AU22,0.0005291914868282284
Happiness,14,AU22,0.0005270616746566481
Happiness,15,AU22,0.0005649800980393281
Happiness,16,AU22,0.0005771764579291967
Happiness,17,AU22,0.0005437585824584503
Happiness,18,AU22,0.0005255724183222811
Happiness,19,AU22,0.00041335367698951684
Happiness,20,AU22,0.0003736124213438134
Happiness,21,AU22,0.00037712730599154774
Happiness,22,AU22,0.00037981036707651806
Happiness,23,AU22,0.0003751474947521772
Happiness,24,AU22,0.0003793145516292887
Happiness,25,AU22,0.0003985113356852185
Happiness,26,AU22,0.0003907368339536424
Happiness,27,AU22,0.00036354655945852483
Happiness,28,AU22,0.0003977719109482596
Happiness,29,AU22,0.00037708267189561694
Happiness,30,AU22,0.00037061700091316446
Neutral,1,AU22,0.001314523452821569
Neutral,2,AU22,0.0009845235083021642
Neutral,3,AU22,0.0008506390919354532
Neutral,4,AU22,0.0005378602856770616
Neutral,5,AU22,0.0002683935047116112
Neutral,6,AU22,0.000307390086893546
Neutral,7,AU22,0.000392535495371998
Neutral,8,AU22,0.00035708521628009533
Neutral,9,AU22,0.0003021586725858476
Neutral,10,AU22,0.0003196871458555005
Neutral,11,AU22,0.00031442069440260393
Neutral,12,AU22,0.0002937094763869439
Neutral,13,AU22,0.0003184602874571149
Neutral,14,AU22,0.00032931618000182146
Neutral,15,AU22,0.00033773697741928634
Neutral,16,AU22,0.0003398382618467212
Neutral,17,AU22,0.00032402701149916285
Neutral,18,AU22,0.0003021478500772294
Neutral,19,AU22,0.00028726347567630727
Neutral,20,AU22,0.0002866106089288447
Neutral,21,AU22,0.00025888968225556833
Neutral,22,AU22,0.0002515277267926004
Neutral,23,AU22,0.0002448071982857775
Neutral,24,AU22,0.00025286645986379773
Neutral,25,AU22,0.0002886059406997492
Neutral,26,AU22,0.0002999643967251198
Neutral,27,AU22,0.0003209291269601725
Neutral,28,AU22,0.0003091632296105797
Neutral,29,AU22,0.00034510291608346133
Neutral,30,AU22,0.0003229698456894925
Sadness,1,AU22,0.015671371122086792
Sadness,2,AU22,0.0160371214516565
Sadness,3,AU22,0.015954186788014153
Sadness,4,AU22,0.015937007896067168
Sadness,5,AU22,0.01703680389315875
Sadness,6,AU22,0.018695637771831378
Sadness,7,AU22,0.02233924055973023
Sadness,8,AU22,0.024882892358709986
Sadness,9,AU22,0.028190613340350123
Sadness,10,AU22,0.03131576396948243
Sadness,11,AU22,0.036835692663577405
Sadness,12,AU22,0.037499985194870175
Sadness,13,AU22,0.04168030226917856
Sadness,14,AU22,0.04464067588958474
Sadness,15,AU22,0.04708527792911806
Sadness,16,AU22,0.049733745565660334
Sadness,17,AU22,0.052119063928826925
Sadness,18,AU22,0.05601845604316492
Sadness,19,AU22,0.058589319240600145
Sadness,20,AU22,0.062051377458295254
Sadness,21,AU22,0.06557834587881547
Sadness,22,AU22,0.06937345458950489
Sadness,23,AU22,0.07210922794346857
Sadness,24,AU22,0.07495877032228022
Sadness,25,AU22,0.07814841052875687
Sadness,26,AU22,0.07923144288227794
Sadness,27,AU22,0.08038335367904156
Sadness,28,AU22,0.07945252206107586
Sadness,29,AU22,0.07777355823665073
Sadness,30,AU22,0.07822941688007501
Surprise,1,AU22,0.009058051888373797
Surprise,2,AU22,0.01023860803729147
Surprise,3,AU22,0.011766996710181683
Surprise,4,AU22,0.012795326341684603
Surprise,5,AU22,0.014455656836947144
Surprise,6,AU22,0.016530736994585595
Surprise,7,AU22,0.018881388114639085
Surprise,8,AU22,0.022677859081875206
Surprise,9,AU22,0.024156726022785402
Surprise,10,AU22,0.025364936819051005
Surprise,11,AU22,0.02701358365062538
Surprise,12,AU22,0.028507047114738455
Surprise,13,AU22,0.030610038747288335
Surprise,14,AU22,0.032509279968232094
Surprise,15,AU22,0.03307538369877424
Surprise,16,AU22,0.036162811841611825
Surprise,17,AU22,0.038043096960345114
Surprise,18,AU22,0.04000335057548404
Surprise,19,AU22,0.041177649439189466
Surprise,20,AU22,0.042631401808979
Surprise,21,AU22,0.043463414594543795
Surprise,22,AU22,0.04379582927881819
Surprise,23,AU22,0.04307034396494504
Surprise,24,AU22,0.0430789836506146
Surprise,25,AU22,0.04201815358606809
Surprise,26,AU22,0.04089614065872931
Surprise,27,AU22,0.03936120795218951
Surprise,28,AU22,0.038909707217292394
Surprise,29,AU22,0.0380398700479407
Surprise,30,AU22,0.037721076044313157
Anger,1,AU23,0.03655230903853426
Anger,2,AU23,0.03751542752431998
Anger,3,AU23,0.0392719186038694
Anger,4,AU23,0.039825482240195845
Anger,5,AU23,0.0421167604191786
Anger,6,AU23,0.04325659960859419
Anger,7,AU23,0.04474454397522021
Anger,8,AU23,0.048848089325338975
Anger,9,AU23,0.051833704632914715
Anger,10,AU23,0.05435933828133439
Anger,11,AU23,0.05563611116484448
Anger,12,AU23,0.056663086948465856
Anger,13,AU23,0.060050057953996774
Anger,14,AU23,0.062318549761722714
Anger,15,AU23,0.0658226364108794
Anger,16,AU23,0.07083894721593552
Anger,17,AU23,0.07493896478166244
Anger,18,AU23,0.07878394312508676
Anger,19,AU23,0.08166653044384543
Anger,20,AU23,0.08429893724248559
Anger,21,AU23,0.08752569191950166
Anger,22,AU23,0.09096401139694621
Anger,23,AU23,0.09335012382309214
Anger,24,AU23,0.0961281794040474
Anger,25,AU23,0.0974112163168082
Anger,26,AU23,0.09842304564221921
Anger,27,AU23,0.09904265978523565
Anger,28,AU23,0.09723101333008109
Anger,29,AU23,0.09549602423157333
Anger,30,AU23,0.09415433850497149
Disgust,1,AU23,0.011516486704284101
Disgust,2,AU23,0.011688298851568734
Disgust,3,AU23,0.012933841496294939
Disgust,4,AU23,0.012858956719776417
Disgust,5,AU23,0.012007901154039727
Disgust,6,AU23,0.011842898915038386
Disgust,7,AU23,0.012269337387281806
Disgust,8,AU23,0.013644177479172969
Disgust,9,AU23,0.014283848727993093
Disgust,10,AU23,0.014486404524629591
Disgust,11,AU23,0.013640785694231725
Disgust,12,AU23,0.013412525126807635
Disgust,13,AU23,0.013399437669913783
Disgust,14,AU23,0.013917643716788646
Disgust,15,AU23,0.014821857259637288
Disgust,16,AU23,0.014269373605756268
Disgust,17,AU23,0.015111553047315207
Disgust,18,AU23,0.015614599161124062
Disgust,19,AU23,0.01704141207917194
Disgust,20,AU23,0.018435968932695994
Disgust,21,AU23,0.01893130314005903
Disgust,22,AU23,0.01951716296152056
Disgust,23,AU23,0.020286934073647348
Disgust,24,AU23,0.02065438840243466
Disgust,25,AU23,0.020823729569750933
Disgust,26,AU23,0.020574465677315485
Disgust,27,AU23,0.01978540891784793
Disgust,28,AU23,0.01895820412085975
Disgust,29,AU23,0.017758734405367047
Disgust,30,AU23,0.016339954957327155
Fear,1,AU23,0.005309535026550771
Fear,2,AU23,0.004918304031568884
Fear,3,AU23,0.004394881850910595
Fear,4,AU23,0.0043281539490057225
Fear,5,AU23,0.004175603713786942
Fear,6,AU23,0.0031202364255530817
Fear,7,AU23,0.0029474157183695102
Fear,8,AU23,0.003973962312486883
Fear,9,AU23,0.0038685057306023095
Fear,10,AU23,0.004209265002490583
Fear,11,AU23,0.004186148313592926
Fear,12,AU23,0.0044360711939994855
Fear,13,AU23,0.004491651271048287
Fear,14,AU23,0.004652875249252235
Fear,15,AU23,0.004255160939558434
Fear,16,AU23,0.0044232773342726414
Fear,17,AU23,0.00382169711360509
Fear,18,AU23,0.0029856267402413195
Fear,19,AU23,0.0029502299830442124
Fear,20,AU23,0.0021906818515417363
Fear,21,AU23,0.0016900378176845736
Fear,22,AU23,0.0011285795618723028
Fear,23,AU23,0.0009386407792332881
Fear,24,AU23,0.0008396488173753642
Fear,25,AU23,0.0007897386735383805
Fear,26,AU23,0.0011501022524032381
Fear,27,AU23,0.0012878675962338152
Fear,28,AU23,0.0012749448902371423
Fear,29,AU23,0.0016062533910095498
Fear,30,AU23,0.0019322354141554125
Happiness,1,AU23,0.0048375463495745384
Happiness,2,AU23,0.004190888526392962
Happiness,3,AU23,0.00307474427150017
Happiness,4,AU23,0.002791333753597448
Happiness,5,AU23,0.0026512069262751383
Happiness,6,AU23,0.001623639955064911
Happiness,7,AU23,0.0010135056417887084
Happiness,8,AU23,0.0006540429586747617
Happiness,9,AU23,0.0005459586488613977
Happiness,10,AU23,0.0005782466660611398
Happiness,11,AU23,0.0004913456563431695
Happiness,12,AU23,0.0004917330543812268
Happiness,13,AU23,0.0005483612782439538
Happiness,14,AU23,0.0009665675808266422
Happiness,15,AU23,0.0013690559393882455
Happiness,16,AU23,0.0014371627548938784
Happiness,17,AU23,0.0011183940891533362
Happiness,18,AU23,0.0010556306261648076
Happiness,19,AU23,8.554808322665101e-05
Happiness,20,AU23,2.1234077901760164e-05
Happiness,21,AU23,8.495935497565219e-06
Happiness,22,AU23,4.019839130178118e-06
Happiness,23,AU23,2.279308314277543e-06
Happiness,24,AU23,1.4268354752691137e-06
Happiness,25,AU23,8.762282475159036e-07
Happiness,26,AU23,6.420659723466065e-07
Happiness,27,AU23,4.166019147369746e-07
Happiness,28,AU23,2.8546079254386893e-07
Happiness,29,AU23,1.585292262647422e-07
Happiness,30,AU23,1.0959751775193295e-07
Neutral,1,AU23,0.001387586890239248
Neutral,2,AU23,0.0011476357015746566
Neutral,3,AU23,0.000870010321268199
Neutral,4,AU23,0.0006450512867595408
Neutral,5,AU23,0.0004269752540457241
Neutral,6,AU23,0.00044855247838978385
Neutral,7,AU23,0.000492316192255811
Neutral,8,AU23,0.0005038248251796571
Neutral,9,AU23,0.00048580028125561867
Neutral,10,AU23,0.0004956840234298282
Neutral,11,AU23,0.0004102782619812269
Neutral,12,AU23,0.0004003938668412633
Neutral,13,AU23,0.0004283285867067237
Neutral,14,AU23,0.00047799087854656034
Neutral,15,AU23,0.0004462309801798621
Neutral,16,AU23,0.00044395581434058005
Neutral,17,AU23,0.00042617318456849483
Neutral,18,AU23,0.00038090951466566953
Neutral,19,AU23,0.0003576017982573618
Neutral,20,AU23,0.00031563151257759715
Neutral,21,AU23,0.00025610981475553157
Neutral,22,AU23,0.00024470925628193834
Neutral,23,AU23,0.00024660695842827887
Neutral,24,AU23,0.0002250287936891786
Neutral,25,AU23,0.0002493259739427843
Neutral,26,AU23,0.00031460057890379405
Neutral,27,AU23,0.00033984766507676
Neutral,28,AU23,0.000333116510690588
Neutral,29,AU23,0.00037304648545969776
Neutral,30,AU23,0.0003609098844316568
Sadness,1,AU23,0.028516787074397525
Sadness,2,AU23,0.02909374617048715
Sadness,3,AU23,0.02968749359505231
Sadness,4,AU23,0.03185619698635171
Sadness,5,AU23,0.03572540006652409
Sadness,6,AU23,0.03815088612088716
Sadness,7,AU23,0.041220879764327
Sadness,8,AU23,0.04364185698995078
Sadness,9,AU23,0.046350412374024735
Sadness,10,AU23,0.050255381195267596
Sadness,11,AU23,0.05460302498041349
Sadness,12,AU23,0.055565509503072597
Sadness,13,AU23,0.05842136254259698
Sadness,14,AU23,0.06169091266330117
Sadness,15,AU23,0.06615343481611496
Sadness,16,AU23,0.06883982494655422
Sadness,17,AU23,0.07249569955093581
Sadness,18,AU23,0.0742105166455274
Sadness,19,AU23,0.07863279097949943
Sadness,20,AU23,0.08316141952563247
Sadness,21,AU23,0.08579068025478025
Sadness,22,AU23,0.08876799146053818
Sadness,23,AU23,0.08990979726401788
Sadness,24,AU23,0.09107370040327957
Sadness,25,AU23,0.09207391664297679
Sadness,26,AU23,0.09260151149942741
Sadness,27,AU23,0.0911532893201849
Sadness,28,AU23,0.0891819768427556
Sadness,29,AU23,0.08630343872474852
Sadness,30,AU23,0.0842755775151691
Surprise,1,AU23,0.01535660976341795
Surprise,2,AU23,0.017025248060130553
Surprise,3,AU23,0.018541994006318386
Surprise,4,AU23,0.020053583098024005
Surprise,5,AU23,0.022103128786566728
Surprise,6,AU23,0.02657364698233224
Surprise,7,AU23,0.03154077432743211
Surprise,8,AU23,0.03731214006941347
Surprise,9,AU23,0.039972443056749206
Surprise,10,AU23,0.04235225433567474
Surprise,11,AU23,0.04431761770111961
Surprise,12,AU23,0.04417905308475037
Surprise,13,AU23,0.046451624474995255
Surprise,14,AU23,0.04846569033089793
Surprise,15,AU23,0.05094532514577415
Surprise,16,AU23,0.05529834848100483
Surprise,17,AU23,0.058449018437277435
Surprise,18,AU23,0.060064208734313305
Surprise,19,AU23,0.05988352803740951
Surprise,20,AU23,0.0598812834900599
Surprise,21,AU23,0.05990828800358555
Surprise,22,AU23,0.06014655807006011
Surprise,23,AU23,0.06043362622839976
Surprise,24,AU23,0.05970382280780841
Surprise,25,AU23,0.05906139700904517
Surprise,26,AU23,0.05767992750767554
Surprise,27,AU23,0.05605861831601482
Surprise,28,AU23,0.05517752382595354
Surprise,29,AU23,0.05416982385813519
Surprise,30,AU23,0.052951149058330926
Anger,1,AU24,0.004857643391615127
Anger,2,AU24,0.005963420489346848
Anger,3,AU24,0.006699347649686311
Anger,4,AU24,0.006938678851663893
Anger,5,AU24,0.006970448223406106
Anger,6,AU24,0.0072612114770871095
Anger,7,AU24,0.00754244798830026
Anger,8,AU24,0.007820159755605205
Anger,9,AU24,0.008917001502000269
Anger,10,AU24,0.009908421391284849
Anger,11,AU24,0.009968726765908674
Anger,12,AU24,0.010242039965223689
Anger,13,AU24,0.010693901301398186
Anger,14,AU24,0.011472646578018374
Anger,15,AU24,0.012442329474113377
Anger,16,AU24,0.012893634724920201
Anger,17,AU24,0.014314791119210489
Anger,18,AU24,0.01537326001711904
Anger,19,AU24,0.01612220073766501
Anger,20,AU24,0.01718740504472227
Anger,21,AU24,0.01762934417955055
Anger,22,AU24,0.01833367341891566
Anger,23,AU24,0.020482671746985568
Anger,24,AU24,0.02116698316938325
Anger,25,AU24,0.021324103912307886
Anger,26,AU24,0.02220872263636275
Anger,27,AU24,0.02418852633711934
Anger,28,AU24,0.022371024771745233
Anger,29,AU24,0.02248182761976055
Anger,30,AU24,0.0228315472142323
Disgust,1,AU24,0.005279510527612746
Disgust,2,AU24,0.006129281549779344
Disgust,3,AU24,0.007704241964379663
Disgust,4,AU24,0.008824475329426174
Disgust,5,AU24,0.009606747616352017
Disgust,6,AU24,0.009766349100632768
Disgust,7,AU24,0.010341992361625203
Disgust,8,AU24,0.010303824266116585
Disgust,9,AU24,0.010566559995791201
Disgust,10,AU24,0.012339850581834622
Disgust,11,AU24,0.013494183368588904
Disgust,12,AU24,0.01487289179769693
Disgust,13,AU24,0.016255734815011264
Disgust,14,AU24,0.01819339814996198
Disgust,15,AU24,0.021674545656900714
Disgust,16,AU24,0.023379206752337622
Disgust,17,AU24,0.024750221922672965
Disgust,18,AU24,0.02400961309893512
Disgust,19,AU24,0.02433019572537105
Disgust,20,AU24,0.024400289906589514
Disgust,21,AU24,0.023041888845994056
Disgust,22,AU24,0.022226583537496816
Disgust,23,AU24,0.0219545267469548
Disgust,24,AU24,0.022871824430068834
Disgust,25,AU24,0.022381369153817457
Disgust,26,AU24,0.02191047275215205
Disgust,27,AU24,0.0210389616153988
Disgust,28,AU24,0.018445983858912534
Disgust,29,AU24,0.01854866173778205
Disgust,30,AU24,0.018470115093230023
Fear,1,AU24,0.0018646866254455794
Fear,2,AU24,0.0019014497153572076
Fear,3,AU24,0.0017301071634654153
Fear,4,AU24,0.001350723926318885
Fear,5,AU24,0.0006714718233029464
Fear,6,AU24,0.00031548844546472804
Fear,7,AU24,0.00029161223474319186
Fear,8,AU24,0.00030786243006439284
Fear,9,AU24,0.00029673575875397844
Fear,10,AU24,0.0003460561020149374
Fear,11,AU24,0.00042875660310574045
Fear,12,AU24,0.0005334744041241751
Fear,13,AU24,0.0007041400843898014
Fear,14,AU24,0.001058615878023571
Fear,15,AU24,0.001175157180305411
Fear,16,AU24,0.0009728038201384007
Fear,17,AU24,0.0005850465514226651
Fear,18,AU24,0.0005914363765392735
Fear,19,AU24,0.0010642069393287025
Fear,20,AU24,0.0005858817591274443
Fear,21,AU24,0.0003700621351817162
Fear,22,AU24,0.0002063965911683325
Fear,23,AU24,9.807820474058768e-05
Fear,24,AU24,5.296949231614832e-05
Fear,25,AU24,2.9440890555780672e-05
Fear,26,AU24,0.00025038568576134576
Fear,27,AU24,0.000396679360731793
Fear,28,AU24,0.0003915697345408864
Fear,29,AU24,0.0006098545696635224
Fear,30,AU24,0.0006262873341039511
Happiness,1,AU24,0.0008201744663151642
Happiness,2,AU24,0.0006570179846413013
Happiness,3,AU24,0.0005751568272346441
Happiness,4,AU24,0.0005535338913671483
Happiness,5,AU24,0.0005617481749651842
Happiness,6,AU24,0.0005494635755266216
Happiness,7,AU24,0.0005227019421645353
Happiness,8,AU24,0.0008023181099795362
Happiness,9,AU24,0.0006260995484801731
Happiness,10,AU24,0.00047806981506718905
Happiness,11,AU24,0.00044872366556953427
Happiness,12,AU24,0.00046768431456265745
Happiness,13,AU24,0.0005137661233853203
Happiness,14,AU24,0.0005488550334249041
Happiness,15,AU24,0.0006104293055617663
Happiness,16,AU24,0.0006630772170910781
Happiness,17,AU24,0.0006668889468146417
Happiness,18,AU24,0.0006713297765763367
Happiness,19,AU24,0.0006936257192080172
Happiness,20,AU24,0.0006995740630436576
Happiness,21,AU24,0.0007528015593288736
Happiness,22,AU24,0.0007448815492164224
Happiness,23,AU24,0.0007537731428478038
Happiness,24,AU24,0.0007571221338156359
Happiness,25,AU24,0.0007502791273631199
Happiness,26,AU24,0.0007650847948834851
Happiness,27,AU24,0.0007131384098988198
Happiness,28,AU24,0.0007504311229391672
Happiness,29,AU24,0.0007396187574459731
Happiness,30,AU24,0.0007370241664381813
Neutral,1,AU24,0.00011022216495255532
Neutral,2,AU24,9.678668376946128e-05
Neutral,3,AU24,8.404149687523185e-05
Neutral,4,AU24,5.934207343027702e-05
Neutral,5,AU24,4.7947838272827204e-05
Neutral,6,AU24,4.331953194658993e-05
Neutral,7,AU24,3.9977932707919214e-05
Neutral,8,AU24,3.839140270827863e-05
Neutral,9,AU24,4.915942354561491e-05
Neutral,10,AU24,4.705717623873355e-05
Neutral,11,AU24,3.454548213710057e-05
Neutral,12,AU24,2.0608737173169854e-05
Neutral,13,AU24,1.8209441775926365e-05
Neutral,14,AU24,7.938255704603288e-06
Neutral,15,AU24,7.018856078580329e-06
Neutral,16,AU24,3.309297686244067e-06
Neutral,17,AU24,2.1833994983162667e-06
Neutral,18,AU24,1.487014842407706e-06
Neutral,19,AU24,9.832184252978487e-07
Neutral,20,AU24,6.69308317650506e-07
Neutral,21,AU24,4.5765049668501283e-07
Neutral,22,AU24,3.1399199292070856e-07
Neutral,23,AU24,2.1693331913586471e-07
Neutral,24,AU24,1.5014011782896904e-07
Neutral,25,AU24,1.0447768530718489e-07
Neutral,26,AU24,7.236322741107061e-08
Neutral,27,AU24,5.070586742772023e-08
Neutral,28,AU24,4.5651992420937075e-08
Neutral,29,AU24,2.4823842543539722e-08
Neutral,30,AU24,2.2047462120913514e-08
Sadness,1,AU24,0.003462078467381441
Sadness,2,AU24,0.004081845880320969
Sadness,3,AU24,0.005431522900792076
Sadness,4,AU24,0.006306708748367746
Sadness,5,AU24,0.00629956629694857
Sadness,6,AU24,0.006966319185617587
Sadness,7,AU24,0.0081813017695875
Sadness,8,AU24,0.00895637973639475
Sadness,9,AU24,0.009827340064283858
Sadness,10,AU24,0.010535742654242392
Sadness,11,AU24,0.011749652778157888
Sadness,12,AU24,0.011885897647692987
Sadness,13,AU24,0.012461841296829841
Sadness,14,AU24,0.013119652234376576
Sadness,15,AU24,0.014222731832177557
Sadness,16,AU24,0.015375674964463954
Sadness,17,AU24,0.01629509018371622
Sadness,18,AU24,0.016202978310636204
Sadness,19,AU24,0.015675203253654162
Sadness,20,AU24,0.01596641027250559
Sadness,21,AU24,0.015977037043826227
Sadness,22,AU24,0.015700944484887555
Sadness,23,AU24,0.015092845124849808
Sadness,24,AU24,0.014695022459808842
Sadness,25,AU24,0.013250948434310563
Sadness,26,AU24,0.011916491289557117
Sadness,27,AU24,0.00913959653657932
Sadness,28,AU24,0.00754387538410125
Sadness,29,AU24,0.00750067779077968
Sadness,30,AU24,0.006561443146853615
Surprise,1,AU24,0.0010384180265223535
Surprise,2,AU24,0.0008657275807178665
Surprise,3,AU24,0.0008568209701976065
Surprise,4,AU24,0.0009736839376777405
Surprise,5,AU24,0.0007290612437158882
Surprise,6,AU24,0.0007598279866621301
Surprise,7,AU24,0.0007070225482028103
Surprise,8,AU24,0.0007132664331777622
Surprise,9,AU24,0.0006797108364248325
Surprise,10,AU24,0.0009541361767428412
Surprise,11,AU24,0.0020373321020179546
Surprise,12,AU24,0.002288103063896235
Surprise,13,AU24,0.002164013136094577
Surprise,14,AU24,0.0022095741823804967
Surprise,15,AU24,0.002498072093396355
Surprise,16,AU24,0.0021950114212280426
Surprise,17,AU24,0.0017063815602437183
Surprise,18,AU24,0.001193959745092659
Surprise,19,AU24,0.0009809396621478948
Surprise,20,AU24,0.0009290661355166179
Surprise,21,AU24,0.0009386467031501323
Surprise,22,AU24,0.0009024858046914763
Surprise,23,AU24,0.0010786196466442332
Surprise,24,AU24,0.0013375689037841022
Surprise,25,AU24,0.0012596879245767778
Surprise,26,AU24,0.0014811681457712097
Surprise,27,AU24,0.0016010242258359354
Surprise,28,AU24,0.0013987337494164559
Surprise,29,AU24,0.0014365629851839264
Surprise,30,AU24,0.0013234899946047306
Anger,1,AU26,0.04151833361118698
Anger,2,AU26,0.040395113182686695
Anger,3,AU26,0.039997465625089025
Anger,4,AU26,0.03860988106115131
Anger,5,AU26,0.04029010488912219
Anger,6,AU26,0.0435668047365519
Anger,7,AU26,0.04355537776183755
Anger,8,AU26,0.04082483156722747
Anger,9,AU26,0.03917620013866041
Anger,10,AU26,0.03765167367199748
Anger,11,AU26,0.036684384323978844
Anger,12,AU26,0.03553319040793747
Anger,13,AU26,0.03526240198131327
Anger,14,AU26,0.03754662184525623
Anger,15,AU26,0.03764099641558403
Anger,16,AU26,0.03802335916516675
Anger,17,AU26,0.03880363983067987
Anger,18,AU26,0.040338574395447704
Anger,19,AU26,0.041565472365300046
Anger,20,AU26,0.04081224580697295
Anger,21,AU26,0.041089720590744845
Anger,22,AU26,0.0422087187090817
Anger,23,AU26,0.04437602986899767
Anger,24,AU26,0.04678017894238883
Anger,25,AU26,0.04632264644958969
Anger,26,AU26,0.044620606133162245
Anger,27,AU26,0.044446537650078
Anger,28,AU26,0.043128650904205874
Anger,29,AU26,0.041821494407904745
Anger,30,AU26,0.04086559367442055
Disgust,1,AU26,0.055312191902831966
Disgust,2,AU26,0.05524057468067904
Disgust,3,AU26,0.055601936195671706
Disgust,4,AU26,0.056886474733219825
Disgust,5,AU26,0.05672472354410686
Disgust,6,AU26,0.05521812823255117
Disgust,7,AU26,0.05544320960731916
Disgust,8,AU26,0.05522796294688619
Disgust,9,AU26,0.057589109522851976
Disgust,10,AU26,0.061004268464640486
Disgust,11,AU26,0.06310788000782844
Disgust,12,AU26,0.06538249560715088
Disgust,13,AU26,0.06809678909056792
Disgust,14,AU26,0.07103503947221229
Disgust,15,AU26,0.07368719683796333
Disgust,16,AU26,0.07680503170871598
Disgust,17,AU26,0.08118520306546367
Disgust,18,AU26,0.08276538882628705
Disgust,19,AU26,0.08729043823182492
Disgust,20,AU26,0.09243112579828788
Disgust,21,AU26,0.09646930004750262
Disgust,22,AU26,0.10136422039007084
Disgust,23,AU26,0.10633191162290086
Disgust,24,AU26,0.10947730316961506
Disgust,25,AU26,0.10833022405211615
Disgust,26,AU26,0.1080012158610022
Disgust,27,AU26,0.10894314544679139
Disgust,28,AU26,0.11061528974272238
Disgust,29,AU26,0.11261760072525083
Disgust,30,AU26,0.1139135307633698
Fear,1,AU26,0.09046976842226861
Fear,2,AU26,0.09665748439928648
Fear,3,AU26,0.10179370996886078
Fear,4,AU26,0.10865418004598668
Fear,5,AU26,0.1117226157666036
Fear,6,AU26,0.11441086212186023
Fear,7,AU26,0.11938490166362374
Fear,8,AU26,0.12487523301205596
Fear,9,AU26,0.12902948115085652
Fear,10,AU26,0.1341975966304367
Fear,11,AU26,0.14000556915769027
Fear,12,AU26,0.14631463692696356
Fear,13,AU26,0.1519107337037167
Fear,14,AU26,0.16037144881480647
Fear,15,AU26,0.1723046290834395
Fear,16,AU26,0.1852447075938928
Fear,17,AU26,0.19269490934462205
Fear,18,AU26,0.20057147034011602
Fear,19,AU26,0.21132920793634546
Fear,20,AU26,0.2213092282926691
Fear,21,AU26,0.22948239557993896
Fear,22,AU26,0.23713303063822053
Fear,23,AU26,0.24196300726105394
Fear,24,AU26,0.24373461517383488
Fear,25,AU26,0.24683838855436016
Fear,26,AU26,0.24930957450518365
Fear,27,AU26,0.25087888308128375
Fear,28,AU26,0.2506942912646804
Fear,29,AU26,0.24727646316451704
Fear,30,AU26,0.24378892592534965
Happiness,1,AU26,0.062129209156089535
Happiness,2,AU26,0.06303125523223284
Happiness,3,AU26,0.0637404328554018
Happiness,4,AU26,0.06410877479226484
Happiness,5,AU26,0.06566702833280652
Happiness,6,AU26,0.0703006412667984
Happiness,7,AU26,0.07388643495105147
Happiness,8,AU26,0.076351966878608
Happiness,9,AU26,0.07827336907031854
Happiness,10,AU26,0.07902166347918495
Happiness,11,AU26,0.07988336303207925
Happiness,12,AU26,0.0808136764102944
Happiness,13,AU26,0.08278095533093638
Happiness,14,AU26,0.08434551173165207
Happiness,15,AU26,0.08585362085829053
Happiness,16,AU26,0.08796536441822442
Happiness,17,AU26,0.08931063893075948
Happiness,18,AU26,0.09146106744940234
Happiness,19,AU26,0.09209989006824187
Happiness,20,AU26,0.0928747247040036
Happiness,21,AU26,0.09446542710769593
Happiness,22,AU26,0.09453464263810932
Happiness,23,AU26,0.09527630251804993
Happiness,24,AU26,0.09566433983902843
Happiness,25,AU26,0.09610091876410823
Happiness,26,AU26,0.09777447947767506
Happiness,27,AU26,0.09921236187803806
Happiness,28,AU26,0.09862127884223204
Happiness,29,AU26,0.09721863859336388
Happiness,30,AU26,0.09581655429795637
Neutral,1,AU26,0.02559399191117352
Neutral,2,AU26,0.023909046232096658
Neutral,3,AU26,0.02316063590962645
Neutral,4,AU26,0.02102621577068407
Neutral,5,AU26,0.019393604863300603
Neutral,6,AU26,0.018395391156339654
Neutral,7,AU26,0.017151673591066466
Neutral,8,AU26,0.01640029400213213
Neutral,9,AU26,0.015918860007301396
Neutral,10,AU26,0.015419400744639124
Neutral,11,AU26,0.014640712512175788
Neutral,12,AU26,0.014376882851549868
Neutral,13,AU26,0.014156740335677603
Neutral,14,AU26,0.013412357700211477
Neutral,15,AU26,0.012682745717115885
Neutral,16,AU26,0.011303286338956312
Neutral,17,AU26,0.01100630126046449
Neutral,18,AU26,0.010252917638682172
Neutral,19,AU26,0.01007801910585851
Neutral,20,AU26,0.010053037232952021
Neutral,21,AU26,0.009688887297631591
Neutral,22,AU26,0.00974367839874738
Neutral,23,AU26,0.009449168078614949
Neutral,24,AU26,0.009451389335696756
Neutral,25,AU26,0.009638066210052382
Neutral,26,AU26,0.009924652296135672
Neutral,27,AU26,0.00993029470018382
Neutral,28,AU26,0.009779957759368229
Neutral,29,AU26,0.01004532628830128
Neutral,30,AU26,0.010232429475705997
Sadness,1,AU26,0.04130680198097189
Sadness,2,AU26,0.0399449628487395
Sadness,3,AU26,0.037530801016304675
Sadness,4,AU26,0.0358280037551446
Sadness,5,AU26,0.03460306186602328
Sadness,6,AU26,0.03181240616962058
Sadness,7,AU26,0.03219511119594944
Sadness,8,AU26,0.03143929024677711
Sadness,9,AU26,0.03214315578330369
Sadness,10,AU26,0.03292724738985001
Sadness,11,AU26,0.03333433344299888
Sadness,12,AU26,0.033384650009100944
Sadness,13,AU26,0.03129146815104496
Sadness,14,AU26,0.032959836895976195
Sadness,15,AU26,0.034253117867134135
Sadness,16,AU26,0.03569661136223594
Sadness,17,AU26,0.036354080984146595
Sadness,18,AU26,0.035686953100270966
Sadness,19,AU26,0.034285108408427606
Sadness,20,AU26,0.03508300960099438
Sadness,21,AU26,0.03514334400085062
Sadness,22,AU26,0.03525405945328751
Sadness,23,AU26,0.03372750209588674
Sadness,24,AU26,0.032869262370537604
Sadness,25,AU26,0.03157196811868405
Sadness,26,AU26,0.029235926439743345
Sadness,27,AU26,0.026986434307266886
Sadness,28,AU26,0.026036385600938048
Sadness,29,AU26,0.026273850567415404
Sadness,30,AU26,0.02617162771006059
Surprise,1,AU26,0.09032848983061836
Surprise,2,AU26,0.10113378047073787
Surprise,3,AU26,0.11219326912512279
Surprise,4,AU26,0.12485070198053222
Surprise,5,AU26,0.13906370291071243
Surprise,6,AU26,0.1538445879629835
Surprise,7,AU26,0.17177035759772477
Surprise,8,AU26,0.19073088052949927
Surprise,9,AU26,0.20775321604196645
Surprise,10,AU26,0.22761464300569928
Surprise,11,AU26,0.24681524760263124
Surprise,12,AU26,0.26328643120889694
Surprise,13,AU26,0.28225040860060147
Surprise,14,AU26,0.30220090640112585
Surprise,15,AU26,0.32196453374661144
Surprise,16,AU26,0.3437002355095926
Surprise,17,AU26,0.36301537832060954
Surprise,18,AU26,0.3822570503448027
Surprise,19,AU26,0.40135689363339366
Surprise,20,AU26,0.41994517420471794
Surprise,21,AU26,0.4383531079627936
Surprise,22,AU26,0.4578701720567674
Surprise,23,AU26,0.4739315090286177
Surprise,24,AU26,0.48969700999451915
Surprise,25,AU26,0.4978468209584625
Surprise,26,AU26,0.5027161576317829
Surprise,27,AU26,0.50065249938425
Surprise,28,AU26,0.49546729341759166
Surprise,29,AU26,0.4850290403154503
Surprise,30,AU26,0.47265343029993284
