reenactment_id,true_label,fea_name,max_positive_step_change,step_of_max_positive_change,max_absolute_step_change,step_of_max_absolute_change,step_of_max_value,max_value,mean_curve_max_positive_step_change,mean_curve_max_absolute_step_change
1700478995850-2-1-1-0-0,Anger,BrowLowererR,0.03179600834846502,21.0,0.09876668453216558,29,1,0.315491259098053,,
1700479004312-2-1-1-3-0,Anger,BrowLowererR,0.09118017554283149,28.0,0.09118017554283149,28,30,0.2088231295347213,,
1700479005401-2-1-1-4-0,Anger,BrowLowererR,0.020758777856826782,5.0,0.1086684167385101,29,21,0.2904964089393616,,
1700479253441-2-1-3-8-0,Anger,BrowLowererR,0.073228619992733,16.0,0.073228619992733,16,30,0.3149593472480774,,
1700479258342-2-1-3-10-0,Anger,BrowLowererR,-8.445645107713062e-07,,0.00022797874407840012,2,1,0.001168641145341,,
1700479424021-2-1-4-7-0,Anger,BrowLowererR,0.16457903385162348,18.0,0.16457903385162348,18,24,0.3696171939373016,,
1700485984070-1-2-1-3-0,Anger,BrowLowererR,0.07028773604463368,23.0,0.07028773604463368,23,30,0.2678653597831726,,
1700485986655-1-2-1-4-0,Anger,BrowLowererR,0.13118194582420983,19.0,0.13118194582420983,19,30,0.3171441853046417,,
1700486194530-1-2-3-2-0,Anger,BrowLowererR,0.06182691827416419,15.0,0.06182691827416419,15,29,0.2569967806339264,,
1700486206530-1-2-3-8-0,Anger,BrowLowererR,0.20145030319690702,27.0,0.20145030319690702,27,28,0.3921220600605011,,
1700486210764-1-2-3-10-0,Anger,BrowLowererR,0.041421528905630105,4.0,0.055164631456136703,29,23,0.1812445372343063,,
1700486374506-1-2-4-7-0,Anger,BrowLowererR,0.053729830309748594,13.0,0.053729830309748594,13,24,0.2101208567619323,,
1700486387051-1-2-4-14-0,Anger,BrowLowererR,0.0358911678195,8.0,0.07864988595247269,28,23,0.183765634894371,,
1700486401119-1-2-4-22-0,Anger,BrowLowererR,0.03482486307621009,18.0,0.03482486307621009,18,30,0.2017381936311721,,
1700487866802-0-3-1-0-0,Anger,BrowLowererR,0.010911196470260592,9.0,0.01666688919067391,29,18,0.1984918564558029,,
1700488090511-0-3-3-8-0,Anger,BrowLowererR,0.040371417999267495,21.0,0.040371417999267495,21,22,0.2407040894031524,,
1700489641802-0-4-1-3-0,Anger,BrowLowererR,0.11981430649757388,23.0,0.11981430649757388,23,30,0.5648975372314453,,
1700489860330-0-4-3-2-0,Anger,BrowLowererR,0.011962503194809015,8.0,0.012045413255691473,16,25,0.4986451268196106,,
1700489872365-0-4-3-8-0,Anger,BrowLowererR,0.06977382302284241,8.0,0.06977382302284241,8,13,0.4599006474018097,,
1700489875595-0-4-3-10-0,Anger,BrowLowererR,0.0443259403109551,19.0,0.0443259403109551,19,30,0.380455881357193,,
1700490066629-0-4-4-14-0,Anger,BrowLowererR,0.058969050645828275,23.0,0.058969050645828275,23,30,0.3771840631961822,,
1700490080899-0-4-4-22-0,Anger,BrowLowererR,0.1034494265913963,19.0,0.1034494265913963,19,28,0.2992184460163116,,
1700491410885-1-5-1-0-0,Anger,BrowLowererR,0.186407171189785,6.0,0.186407171189785,6,15,0.9233795404434204,,
1700491418662-1-5-1-3-0,Anger,BrowLowererR,0.1975958198308945,7.0,0.1975958198308945,7,20,0.9034385681152344,,
1700491618203-1-5-3-2-0,Anger,BrowLowererR,0.008186161518096924,29.0,0.04967641830444336,30,19,0.9995124340057372,,
1700491630998-1-5-3-8-0,Anger,BrowLowererR,0.02422010898590088,12.0,0.11308136582374573,27,20,0.7584518790245056,,
1700491802418-1-5-4-7-0,Anger,BrowLowererR,0.014198243618011475,5.0,0.031070172786712646,2,17,0.8209770917892456,,
1700491807581-1-5-4-10-0,Anger,BrowLowererR,0.24507384002208707,13.0,0.24507384002208707,13,30,0.8132161498069763,,
1700491814844-1-5-4-14-0,Anger,BrowLowererR,0.02622884511947643,2.0,0.02622884511947643,2,19,0.9999987483024596,,
1700491829230-1-5-4-22-0,Anger,BrowLowererR,0.010641217231750488,30.0,0.07874172925949108,26,24,0.997996151447296,,
1700496706993-1-6-1-0-0,Anger,BrowLowererR,0.3364696800708771,7.0,0.3364696800708771,7,30,0.8748471736907959,,
1700496714816-1-6-1-3-0,Anger,BrowLowererR,0.10872256755828857,2.0,0.10872256755828857,2,24,0.7935861349105835,,
1700496716876-1-6-1-4-0,Anger,BrowLowererR,0.21195968985557562,14.0,0.21195968985557562,14,30,0.8229370713233948,,
1700496936841-1-6-3-10-0,Anger,BrowLowererR,0.2082311511039734,22.0,0.2082311511039734,22,25,0.6531270742416382,,
1700497103064-1-6-4-7-0,Anger,BrowLowererR,0.008953273296356201,10.0,0.19101977348327637,30,1,0.747321367263794,,
1700497107393-1-6-4-10-0,Anger,BrowLowererR,0.3074766993522644,11.0,0.3074766993522644,11,13,0.7685895562171936,,
1700497114611-1-6-4-14-0,Anger,BrowLowererR,0.22748718410730362,2.0,0.22748718410730362,2,30,0.8523538112640381,,
1700497129100-1-6-4-22-0,Anger,BrowLowererR,0.02789938449859619,7.0,0.29383528232574463,30,25,0.8554956912994385,,
1700567688235-2-8-1-0-0,Anger,BrowLowererR,0.029415845870971707,2.0,0.029415845870971707,2,3,0.2671461701393127,,
1700567695958-2-8-1-3-0,Anger,BrowLowererR,0.10777807980775832,20.0,0.10777807980775832,20,25,0.2779832184314728,,
1700567698824-2-8-1-4-0,Anger,BrowLowererR,0.1083005145192146,15.0,0.1083005145192146,15,28,0.2238568216562271,,
1700567906760-2-8-3-2-0,Anger,BrowLowererR,0.014913484454154996,11.0,0.1156127825379372,30,1,0.3399928212165832,,
1700567918385-2-8-3-8-0,Anger,BrowLowererR,0.14864503592252737,10.0,0.14864503592252737,10,15,0.3149801790714264,,
1700567922812-2-8-3-10-0,Anger,BrowLowererR,0.005859330296516502,27.0,0.03366854786872858,3,2,0.3445174098014831,,
1700568088202-2-8-4-7-0,Anger,BrowLowererR,0.09481930732727048,6.0,0.09481930732727048,6,10,0.2232123017311096,,
1700568092978-2-8-4-10-0,Anger,BrowLowererR,0.04636263847351079,18.0,0.04636263847351079,18,23,0.1937602013349533,,
1700568100175-2-8-4-14-0,Anger,BrowLowererR,0.0541906207799912,24.0,0.0541906207799912,24,30,0.1363808661699295,,
1700568114265-2-8-4-22-0,Anger,BrowLowererR,0.0415767244994641,21.0,0.0415767244994641,21,29,0.1122103706002235,,
1700570965881-1-9-1-0-0,Anger,BrowLowererR,0.029087185859680176,15.0,0.029087185859680176,15,22,0.6799894571304321,,
1700570973287-1-9-1-3-0,Anger,BrowLowererR,0.1285486072301864,11.0,0.1285486072301864,11,27,0.6094372272491455,,
1700570976307-1-9-1-4-0,Anger,BrowLowererR,0.0981027781963349,6.0,0.0981027781963349,6,9,0.7402870655059814,,
1700571169233-1-9-3-2-0,Anger,BrowLowererR,0.1176373809576034,2.0,0.1176373809576034,2,22,0.7034050226211548,,
1700571182001-1-9-3-8-0,Anger,BrowLowererR,0.2260372675955295,13.0,0.2260372675955295,13,29,0.7054314613342285,,
1700571359644-1-9-4-7-0,Anger,BrowLowererR,0.04789382219314581,9.0,0.04789382219314581,9,13,0.5678761005401611,,
1700571365685-1-9-4-10-0,Anger,BrowLowererR,0.3140164911746979,16.0,0.3140164911746979,16,20,0.5397538542747498,,
1700571386521-1-9-4-22-0,Anger,BrowLowererR,0.12480086460709569,6.0,0.12480086460709569,6,28,0.6610242128372192,,
1700577843732-2-10-3-2-0,Anger,BrowLowererR,0.1556133627891541,8.0,0.1556133627891541,8,23,0.5012802481651306,,
1700577855799-2-10-3-8-0,Anger,BrowLowererR,0.0850449614226818,9.0,0.0850449614226818,9,12,0.316686749458313,,
1700578045766-2-10-4-22-0,Anger,BrowLowererR,0.14384232461452479,25.0,0.14384232461452479,25,30,0.5498663783073425,,
1700580278194-0-11-1-0-0,Anger,BrowLowererR,0.041503593325614985,27.0,0.041503593325614985,27,28,0.2326021939516067,,
1700580285249-0-11-1-3-0,Anger,BrowLowererR,0.04729620367288591,26.0,0.04729620367288591,26,30,0.1486537009477615,,
1700580487810-0-11-3-2-0,Anger,BrowLowererR,0.0630874037742615,22.0,0.0630874037742615,22,26,0.3197882175445556,,
1700580499741-0-11-3-8-0,Anger,BrowLowererR,0.0484587289392949,24.0,0.0484587289392949,24,29,0.2003934681415558,,
1700580678854-0-11-4-7-0,Anger,BrowLowererR,0.0705263987183571,5.0,0.0705263987183571,5,30,0.2158360630273819,,
1700580691344-0-11-4-14-0,Anger,BrowLowererR,0.07196903228759771,30.0,0.07196903228759771,30,30,0.2186254858970642,,
1700582345005-0-12-4-10-0,Anger,BrowLowererR,0.036282479763031006,16.0,0.036282479763031006,16,29,0.4552886188030243,,
1700583797412-2-13-1-0-0,Anger,BrowLowererR,0.030393660068511907,16.0,0.030393660068511907,16,25,0.2627705335617065,,
1700583805997-2-13-1-3-0,Anger,BrowLowererR,0.1271852403879165,3.0,0.1271852403879165,3,18,0.4193896353244781,,
1700583807891-2-13-1-4-0,Anger,BrowLowererR,0.25414425879716873,23.0,0.25414425879716873,23,29,0.4254620671272278,,
1700584020161-2-13-3-10-0,Anger,BrowLowererR,0.09629090130329129,12.0,0.09629090130329129,12,20,0.3163418471813202,,
1700584214184-2-13-4-7-0,Anger,BrowLowererR,0.0465930104255676,14.0,0.0465930104255676,14,24,0.2958807349205017,,
1700584219640-2-13-4-10-0,Anger,BrowLowererR,0.1671951897442341,19.0,0.1671951897442341,19,29,0.3349801003932953,,
1700584240494-2-13-4-22-0,Anger,BrowLowererR,0.0608210414648056,22.0,0.0608210414648056,22,29,0.2968321442604065,,
1700745032110-1-14-1-4-0,Anger,BrowLowererR,0.23511534184217453,22.0,0.23511534184217453,22,27,0.4620475769042969,,
1700745238681-1-14-3-8-0,Anger,BrowLowererR,0.03715947270393377,9.0,0.062426298856735174,17,12,0.5328820943832397,,
1700745241981-1-14-3-10-0,Anger,BrowLowererR,0.17916329950094217,25.0,0.17916329950094217,25,30,0.4268264770507812,,
1700745418145-1-14-4-14-0,Anger,BrowLowererR,0.1007763892412186,11.0,0.1007763892412186,11,29,0.3199545443058014,,
1700745431720-1-14-4-22-0,Anger,BrowLowererR,0.1450328379869462,16.0,0.1450328379869462,16,17,0.2167638838291168,,
1700747144334-2-15-1-0-0,Anger,BrowLowererR,0.2040461301803589,19.0,0.2040461301803589,19,30,0.6325811743736267,,
1700747151558-2-15-1-3-0,Anger,BrowLowererR,0.16076885163784033,27.0,0.16076885163784033,27,30,0.534250020980835,,
1700747153913-2-15-1-4-0,Anger,BrowLowererR,0.2630005100509152,26.0,0.2630005100509152,26,30,0.7026754021644592,,
1700747349900-2-15-3-2-0,Anger,BrowLowererR,0.38613155484199524,15.0,0.38613155484199524,15,25,0.7720220685005188,,
1700747526081-2-15-4-7-0,Anger,BrowLowererR,0.012853115797042902,19.0,0.12785771489143372,30,25,0.4590797424316406,,
1700747538056-2-15-4-14-0,Anger,BrowLowererR,0.31987615674734116,4.0,0.31987615674734116,4,21,0.6856846213340759,,
1700748599521-0-16-1-0-0,Anger,BrowLowererR,0.1297267377376557,11.0,0.1297267377376557,11,27,0.8977499604225159,,
1700748607910-0-16-1-3-0,Anger,BrowLowererR,0.03531736135482788,20.0,0.03531736135482788,20,30,0.6672686338424683,,
1700748805468-0-16-3-2-0,Anger,BrowLowererR,0.035310328006744385,5.0,0.035310328006744385,5,5,0.8661251664161682,,
1700748989881-0-16-4-10-0,Anger,BrowLowererR,0.25319498777389526,3.0,0.25319498777389526,3,15,0.8501396179199219,,
1700749011751-0-16-4-22-0,Anger,BrowLowererR,0.03746950626373291,13.0,0.12585127353668218,30,13,0.7827388644218445,,
1700753809986-0-17-1-0-0,Anger,BrowLowererR,0.10568474978208539,21.0,0.10568474978208539,21,25,0.2838979959487915,,
1700753820381-0-17-1-4-0,Anger,BrowLowererR,0.05532845854759219,19.0,0.05532845854759219,19,29,0.454045295715332,,
1700754011891-0-17-3-2-0,Anger,BrowLowererR,0.05406749248504639,3.0,0.05406749248504639,3,4,0.4219469428062439,,
1700754024129-0-17-3-8-0,Anger,BrowLowererR,0.012445449829101562,11.0,0.01939383149147028,25,21,0.3832661211490631,,
1700756274306-2-18-1-0-0,Anger,BrowLowererR,0.007196184247732197,20.0,0.009149581193923909,4,1,0.1017405018210411,,
1700756280474-2-18-1-3-0,Anger,BrowLowererR,0.005605040118098297,6.0,0.007519155740737901,20,19,0.0519331842660903,,
1700756283788-2-18-1-4-0,Anger,BrowLowererR,0.1639144634827972,5.0,0.1639144634827972,5,5,0.1763043254613876,,
1700756486528-2-18-3-2-0,Anger,BrowLowererR,0.0956672355532646,15.0,0.0956672355532646,15,17,0.1870070993900299,,
1700756499157-2-18-3-8-0,Anger,BrowLowererR,0.0005199648439883978,23.0,0.05949816107749942,4,1,0.2227834612131118,,
1700756716598-2-18-4-7-0,Anger,BrowLowererR,0.0511616617441178,6.0,0.0511616617441178,6,18,0.134080484509468,,
1700756722474-2-18-4-10-0,Anger,BrowLowererR,0.002902615815401105,2.0,0.003939818590879503,6,2,0.0558279938995838,,
1700756728630-2-18-4-14-0,Anger,BrowLowererR,0.0018550865352153986,30.0,0.013486362993717194,2,1,0.117587000131607,,
1700756743678-2-18-4-22-0,Anger,BrowLowererR,0.005769096314906998,9.0,0.0104368440806865,30,19,0.0606012009084224,,
1700824359287-0-19-1-0-0,Anger,BrowLowererR,0.012278029695153202,24.0,0.012278029695153202,24,30,0.0506310798227787,,
1700824368612-0-19-1-4-0,Anger,BrowLowererR,0.0968385953651704,18.0,0.0968385953651704,18,22,0.1731114685535431,,
1700824556780-0-19-3-2-0,Anger,BrowLowererR,0.1012286245822907,24.0,0.1012286245822907,24,24,0.2573811113834381,,
1700824572875-0-19-3-10-0,Anger,BrowLowererR,0.09077242350986121,24.0,0.09077242350986121,24,26,0.0938568040728569,,
1700825730003-0-20-1-3-0,Anger,BrowLowererR,0.10210369527339941,20.0,0.10210369527339941,20,24,0.4498917758464813,,
1700825936279-0-20-3-8-0,Anger,BrowLowererR,0.0895804017782211,7.0,0.0895804017782211,7,13,0.3514140844345093,,
1700826107312-0-20-4-10-0,Anger,BrowLowererR,0.10648143291473383,21.0,0.10648143291473383,21,26,0.4583165645599365,,
1700826128825-0-20-4-22-0,Anger,BrowLowererR,0.0923717468976974,7.0,0.0923717468976974,7,20,0.6390959620475769,,
1700828006807-0-21-4-22-0,Anger,BrowLowererR,0.05091278254985809,20.0,0.05091278254985809,20,24,0.2718870341777801,,
1700830341752-0-22-4-7-0,Anger,BrowLowererR,0.022529546171426697,19.0,0.022529546171426697,19,29,0.1339031308889389,,
1701085606801-2-23-3-2-0,Anger,BrowLowererR,0.09346915781497958,20.0,0.09346915781497958,20,30,0.3696023821830749,,
1701085619479-2-23-3-8-0,Anger,BrowLowererR,0.18418347835540771,15.0,0.18418347835540771,15,20,0.5121188759803772,,
1701085622872-2-23-3-10-0,Anger,BrowLowererR,0.044397823512554196,6.0,0.04563835263252253,28,25,0.3519430756568908,,
1701085795548-2-23-4-7-0,Anger,BrowLowererR,0.037450894713401794,4.0,0.08108198642730712,21,7,0.3109460771083832,,
1701085800908-2-23-4-10-0,Anger,BrowLowererR,0.0559163093566894,15.0,0.0559163093566894,15,16,0.3286731839179992,,
1701085807269-2-23-4-14-0,Anger,BrowLowererR,0.0470750182867051,19.0,0.0470750182867051,19,24,0.1878115683794021,,
1701085821482-2-23-4-22-0,Anger,BrowLowererR,0.0424153804779053,23.0,0.047701381146907806,29,23,0.2098632007837295,,
1701087195801-0-24-1-0-0,Anger,BrowLowererR,0.02832457423210144,24.0,0.07401970028877258,30,22,0.5656282901763916,,
1701087401006-0-24-3-2-0,Anger,BrowLowererR,0.02409666776657099,6.0,0.02409666776657099,6,26,0.444113552570343,,
1701087413830-0-24-3-8-0,Anger,BrowLowererR,0.05496874451637268,21.0,0.05496874451637268,21,30,0.547397255897522,,
1701087416827-0-24-3-10-0,Anger,BrowLowererR,0.07249072194099421,5.0,0.07249072194099421,5,15,0.5277528166770935,,
1701091104451-0-25-3-2-0,Anger,BrowLowererR,0.01103098690509799,30.0,0.01103098690509799,30,30,0.1650475561618805,,
1701091116536-0-25-3-8-0,Anger,BrowLowererR,0.007018268108367975,5.0,0.035357326269149836,12,5,0.3346066176891327,,
1701091293398-0-25-4-7-0,Anger,BrowLowererR,0.018794611096382197,14.0,0.018794611096382197,14,23,0.1346671730279922,,
1701092560877-0-26-1-0-0,Anger,BrowLowererR,0.05582792311906809,22.0,0.05582792311906809,22,30,0.3290057480335235,,
1701092571473-0-26-1-4-0,Anger,BrowLowererR,0.05569013953208929,19.0,0.05569013953208929,19,28,0.3154104351997375,,
1701092766619-0-26-3-2-0,Anger,BrowLowererR,0.12123878300189969,14.0,0.12123878300189969,14,22,0.3657007813453674,,
1701092778965-0-26-3-8-0,Anger,BrowLowererR,0.10579036176204679,16.0,0.10579036176204679,16,21,0.3625348210334778,,
1701092782217-0-26-3-10-0,Anger,BrowLowererR,0.0825817696750164,4.0,0.0825817696750164,4,14,0.3287988007068634,,
1701092964618-0-26-4-10-0,Anger,BrowLowererR,0.1178045570850372,13.0,0.1178045570850372,13,18,0.3008743822574615,,
1701094438118-2-27-1-0-0,Anger,BrowLowererR,0.4164997041225434,26.0,0.4164997041225434,26,29,0.8464919924736023,,
1701094445452-2-27-1-3-0,Anger,BrowLowererR,0.25515642762184143,23.0,0.25515642762184143,23,26,0.7790948152542114,,
1701094448444-2-27-1-4-0,Anger,BrowLowererR,0.34297686815261846,17.0,0.34297686815261846,17,28,0.7740182280540466,,
1701094656847-2-27-3-2-0,Anger,BrowLowererR,0.10163342952728271,27.0,0.3367691934108734,29,1,0.8951687216758728,,
1701094668813-2-27-3-8-0,Anger,BrowLowererR,0.31242758035659796,2.0,0.31242758035659796,2,5,0.945257008075714,,
1701094672347-2-27-3-10-0,Anger,BrowLowererR,0.24905872344970703,9.0,0.24905872344970703,9,11,0.970294713973999,,
1701170400711-0-28-1-0-0,Anger,BrowLowererR,0.16967269778251648,24.0,0.16967269778251648,24,26,0.4075496792793274,,
1701170409101-0-28-1-3-0,Anger,BrowLowererR,0.05271601676940918,2.0,0.05271601676940918,2,30,0.5376864075660706,,
1701170410785-0-28-1-4-0,Anger,BrowLowererR,0.1194944977760315,25.0,0.1194944977760315,25,27,0.40822634100914,,
1701175858358-1-29-1-3-0,Anger,BrowLowererR,0.18299832567572602,13.0,0.18299832567572602,13,22,0.7402840852737427,,
1701175860649-1-29-1-4-0,Anger,BrowLowererR,0.14515532553195953,13.0,0.14515532553195953,13,28,0.5793048143386841,,
1701176255746-1-29-4-7-0,Anger,BrowLowererR,0.058856189250946045,2.0,0.058856189250946045,2,13,0.690750777721405,,
1701176260535-1-29-4-10-0,Anger,BrowLowererR,0.2799536883831024,20.0,0.2799536883831024,20,27,0.8272780179977417,,
1701176267507-1-29-4-14-0,Anger,BrowLowererR,0.2004680037498474,18.0,0.2004680037498474,18,30,0.7012822031974792,,
1701176281589-1-29-4-22-0,Anger,BrowLowererR,0.13809910416603088,18.0,0.13809910416603088,18,28,0.6737161874771118,,
1701177607915-0-30-1-4-0,Anger,BrowLowererR,0.05510060489177701,7.0,0.05510060489177701,7,18,0.4686111509799957,,
1701177816921-0-30-3-8-0,Anger,BrowLowererR,0.05063998699188238,3.0,0.09216356277465826,23,12,0.572715699672699,,
1701187988220-0-31-1-4-0,Anger,BrowLowererR,0.289183646440506,3.0,0.289183646440506,3,3,0.6179707646369934,,
1701188200639-0-31-3-8-0,Anger,BrowLowererR,0.018635660409927313,9.0,0.047921717166900635,27,19,0.4146958291530609,,
1701188204154-0-31-3-10-0,Anger,BrowLowererR,0.0487851947546005,14.0,0.0487851947546005,14,27,0.412404865026474,,
1701188391169-0-31-4-22-0,Anger,BrowLowererR,0.023854523897170993,24.0,0.023854523897170993,24,27,0.1926091015338897,,
1701346698325-1-32-1-0-0,Anger,BrowLowererR,0.1499645113945007,25.0,0.1499645113945007,25,30,0.4806974828243255,,
1701346706341-1-32-1-3-0,Anger,BrowLowererR,0.044138565659523,14.0,0.044138565659523,14,24,0.236616238951683,,
1701346708500-1-32-1-4-0,Anger,BrowLowererR,0.03428599238395691,29.0,0.03570437431335449,9,1,0.2973493337631225,,
1701346917938-1-32-3-2-0,Anger,BrowLowererR,0.1281630396842956,2.0,0.1281630396842956,2,6,0.5476646423339844,,
1701347173070-1-32-4-7-0,Anger,BrowLowererR,0.093841701745987,16.0,0.093841701745987,16,17,0.4439860582351684,,
1701347178333-1-32-4-10-0,Anger,BrowLowererR,0.133895106613636,10.0,0.133895106613636,10,18,0.4504041969776153,,
1701347185192-1-32-4-14-0,Anger,BrowLowererR,0.1284869387745857,11.0,0.1284869387745857,11,25,0.3634490370750427,,
1701350207668-0-33-1-3-0,Anger,BrowLowererR,0.2831716239452362,18.0,0.2831716239452362,18,25,0.8200448751449585,,
1701350425522-0-33-3-10-0,Anger,BrowLowererR,0.26478132605552673,14.0,0.26478132605552673,14,29,0.8942440152168274,,
1701350635707-0-33-4-22-0,Anger,BrowLowererR,0.4995853751897813,12.0,0.4995853751897813,12,29,0.9999929666519164,,
1701357349539-0-34-1-0-0,Anger,BrowLowererR,0.0656546130776405,27.0,0.0656546130776405,27,30,0.1601906567811966,,
1701429262678-0-35-1-0-0,Anger,BrowLowererR,0.0399825498461723,21.0,0.0399825498461723,21,24,0.141643077135086,,
1701429623151-0-35-4-7-0,Anger,BrowLowererR,0.08102151751518252,2.0,0.08102151751518252,2,18,0.3789423704147339,,
1701429635504-0-35-4-14-0,Anger,BrowLowererR,0.1560166776180268,5.0,0.1560166776180268,5,29,0.5053930878639221,,
1701429649394-0-35-4-22-0,Anger,BrowLowererR,0.04976537078618999,8.0,0.04976537078618999,8,24,0.3338255286216736,,
1701438037349-1-36-1-3-0,Anger,BrowLowererR,0.026862233877182007,27.0,0.03850319981575018,3,27,0.3944281041622162,,
1701438040455-1-36-1-4-0,Anger,BrowLowererR,0.03250643610954285,19.0,0.03298816084861761,5,1,0.5983942151069641,,
1701438250884-1-36-3-8-0,Anger,BrowLowererR,0.02803349494934082,21.0,0.02803349494934082,21,30,0.3432929813861847,,
1701438255549-1-36-3-10-0,Anger,BrowLowererR,0.02895933389663702,30.0,0.02895933389663702,30,30,0.3736402094364166,,
1701438450422-1-36-4-14-0,Anger,BrowLowererR,0.033279597759246826,3.0,0.033279597759246826,3,14,0.4693106710910797,,
1701440193727-0-37-1-4-0,Anger,BrowLowererR,0.051212027668952914,11.0,0.051212027668952914,11,23,0.4420329332351684,,
1701440591278-0-37-4-10-0,Anger,BrowLowererR,0.08052585506811741,5.0,0.09166967123746869,30,13,0.3231057822704315,0.014039824388034416,0.014039824388034416
1700478995850-2-1-1-0-0,Anger,BrowLowererL,0.02177244424819938,21.0,0.1261552572250366,29,1,0.2998585402965545,,
1700479004312-2-1-1-3-0,Anger,BrowLowererL,0.10763503611087799,28.0,0.10763503611087799,28,30,0.244739830493927,,
1700479005401-2-1-1-4-0,Anger,BrowLowererL,0.022315949201583918,12.0,0.08102323114871982,29,21,0.3236370980739593,,
1700479253441-2-1-3-8-0,Anger,BrowLowererL,0.0752986818552017,15.0,0.0752986818552017,15,30,0.3168025314807892,,
1700479258342-2-1-3-10-0,Anger,BrowLowererL,-1.193245111608121e-07,,5.4439966334e-05,2,1,0.0002283666399307,,
1700479424021-2-1-4-7-0,Anger,BrowLowererL,0.1833627074956894,18.0,0.1833627074956894,18,24,0.3459590673446655,,
1700485984070-1-2-1-3-0,Anger,BrowLowererL,0.1085500097833574,23.0,0.1085500097833574,23,30,0.2852759957313537,,
1700485986655-1-2-1-4-0,Anger,BrowLowererL,0.15075971947953803,19.0,0.15075971947953803,19,30,0.3302911818027496,,
1700486194530-1-2-3-2-0,Anger,BrowLowererL,0.06913658231496811,15.0,0.06913658231496811,15,26,0.2990485429763794,,
1700486206530-1-2-3-8-0,Anger,BrowLowererL,0.19458369910717008,27.0,0.19458369910717008,27,28,0.4288065731525421,,
1700486210764-1-2-3-10-0,Anger,BrowLowererL,0.0581356734037399,4.0,0.07659762352705,29,23,0.2379009872674942,,
1700486374506-1-2-4-7-0,Anger,BrowLowererL,0.0773817747831345,13.0,0.0773817747831345,13,19,0.2542758882045746,,
1700486387051-1-2-4-14-0,Anger,BrowLowererL,0.03632257133722311,8.0,0.1040559858083725,28,23,0.240362673997879,,
1700486401119-1-2-4-22-0,Anger,BrowLowererL,0.03398704528808599,18.0,0.03398704528808599,18,26,0.2543498575687408,,
1700487866802-0-3-1-0-0,Anger,BrowLowererL,0.011234089732170105,2.0,0.015185117721557673,30,18,0.2910582721233368,,
1700488090511-0-3-3-8-0,Anger,BrowLowererL,0.058077603578567505,20.0,0.058077603578567505,20,22,0.307133287191391,,
1700489641802-0-4-1-3-0,Anger,BrowLowererL,0.14416471123695382,23.0,0.14416471123695382,23,29,0.5936650037765503,,
1700489860330-0-4-3-2-0,Anger,BrowLowererL,0.0076853930950164795,19.0,0.015303015708923284,27,25,0.5061356425285339,,
1700489872365-0-4-3-8-0,Anger,BrowLowererL,0.0663675963878631,8.0,0.0663675963878631,8,12,0.4947876036167145,,
1700489875595-0-4-3-10-0,Anger,BrowLowererL,0.04517436027526858,21.0,0.04517436027526858,21,30,0.4093528687953949,,
1700490066629-0-4-4-14-0,Anger,BrowLowererL,0.05688571929931638,23.0,0.05688571929931638,23,30,0.3622900545597076,,
1700490080899-0-4-4-22-0,Anger,BrowLowererL,0.1132951527833938,19.0,0.1132951527833938,19,28,0.3079967498779297,,
1700491410885-1-5-1-0-0,Anger,BrowLowererL,0.2021410055458546,6.0,0.2021410055458546,6,30,0.9743616580963136,,
1700491418662-1-5-1-3-0,Anger,BrowLowererL,0.20047970116138453,7.0,0.20047970116138453,7,22,0.8841062784194946,,
1700491618203-1-5-3-2-0,Anger,BrowLowererL,0.008121609687805176,27.0,0.03929334878921509,24,21,0.999954342842102,,
1700491630998-1-5-3-8-0,Anger,BrowLowererL,0.01783663034439087,9.0,0.11468064785003662,24,15,0.8024398684501648,,
1700491802418-1-5-4-7-0,Anger,BrowLowererL,0.014505445957183838,5.0,0.016100943088531494,2,20,0.8696956634521484,,
1700491807581-1-5-4-10-0,Anger,BrowLowererL,0.2539626955986023,13.0,0.2539626955986023,13,24,0.8889141082763672,,
1700491814844-1-5-4-14-0,Anger,BrowLowererL,0.02581828832626354,2.0,0.02581828832626354,2,19,0.9999980926513672,,
1700491829230-1-5-4-22-0,Anger,BrowLowererL,0.010643959045410378,12.0,0.04439651966094982,26,24,0.9987608194351196,,
1700496706993-1-6-1-0-0,Anger,BrowLowererL,0.3219756186008454,7.0,0.3219756186008454,7,29,0.9186734557151794,,
1700496714816-1-6-1-3-0,Anger,BrowLowererL,0.11516112089157104,2.0,0.11516112089157104,2,24,0.8028011918067932,,
1700496716876-1-6-1-4-0,Anger,BrowLowererL,0.2391776144504547,14.0,0.2391776144504547,14,30,0.8288618326187134,,
1700496936841-1-6-3-10-0,Anger,BrowLowererL,0.19234278798103333,22.0,0.19234278798103333,22,30,0.6579256057739258,,
1700497103064-1-6-4-7-0,Anger,BrowLowererL,0.004886984825134277,10.0,0.17438888549804688,30,3,0.7606431841850281,,
1700497107393-1-6-4-10-0,Anger,BrowLowererL,0.3219281733036042,11.0,0.3219281733036042,11,13,0.7685251235961914,,
1700497114611-1-6-4-14-0,Anger,BrowLowererL,0.2229691818356515,2.0,0.2229691818356515,2,30,0.8710302114486694,,
1700497129100-1-6-4-22-0,Anger,BrowLowererL,0.027701377868652344,7.0,0.2909587919712067,30,27,0.8570940494537354,,
1700567688235-2-8-1-0-0,Anger,BrowLowererL,0.044457316398620605,2.0,0.044457316398620605,2,3,0.2462574988603592,,
1700567695958-2-8-1-3-0,Anger,BrowLowererL,0.0959336012601852,20.0,0.0959336012601852,20,25,0.2661636471748352,,
1700567698824-2-8-1-4-0,Anger,BrowLowererL,0.0862395465373993,15.0,0.0862395465373993,15,27,0.2272680252790451,,
1700567906760-2-8-3-2-0,Anger,BrowLowererL,0.009678378701210105,11.0,0.12756825610995298,30,1,0.3342701196670532,,
1700567918385-2-8-3-8-0,Anger,BrowLowererL,0.1165099740028382,10.0,0.1165099740028382,10,14,0.2820613980293274,,
1700567922812-2-8-3-10-0,Anger,BrowLowererL,0.005433395504951505,12.0,0.02419605851173401,4,1,0.3016926348209381,,
1700568088202-2-8-4-7-0,Anger,BrowLowererL,0.0850748568773269,6.0,0.0850748568773269,6,10,0.2316789031028747,,
1700568092978-2-8-4-10-0,Anger,BrowLowererL,0.0558687970042228,20.0,0.0558687970042228,20,23,0.1948580890893936,,
1700568100175-2-8-4-14-0,Anger,BrowLowererL,0.084548114798963,24.0,0.084548114798963,24,30,0.1577647030353546,,
1700568114265-2-8-4-22-0,Anger,BrowLowererL,0.043614324182272006,21.0,0.043614324182272006,21,29,0.1308989226818084,,
1700570965881-1-9-1-0-0,Anger,BrowLowererL,0.028325915336608887,18.0,0.028325915336608887,18,18,0.7807946801185608,,
1700570973287-1-9-1-3-0,Anger,BrowLowererL,0.1306729912757874,11.0,0.1306729912757874,11,27,0.6515963077545166,,
1700570976307-1-9-1-4-0,Anger,BrowLowererL,0.12558495998382568,6.0,0.12558495998382568,6,10,0.8451118469238281,,
1700571169233-1-9-3-2-0,Anger,BrowLowererL,0.12097287178039551,8.0,0.12097287178039551,8,14,0.795059859752655,,
1700571182001-1-9-3-8-0,Anger,BrowLowererL,0.2841473072767258,13.0,0.2841473072767258,13,29,0.7923235297203064,,
1700571359644-1-9-4-7-0,Anger,BrowLowererL,0.04333806037902832,9.0,0.04333806037902832,9,18,0.6288862824440002,,
1700571365685-1-9-4-10-0,Anger,BrowLowererL,0.34852950274944305,16.0,0.34852950274944305,16,20,0.6727727055549622,,
1700571386521-1-9-4-22-0,Anger,BrowLowererL,0.2062542624771595,6.0,0.2062542624771595,6,28,0.7888056039810181,,
1700577843732-2-10-3-2-0,Anger,BrowLowererL,0.1508018970489502,8.0,0.1508018970489502,8,10,0.4894781112670898,,
1700577855799-2-10-3-8-0,Anger,BrowLowererL,0.0744414627552033,10.0,0.0744414627552033,10,14,0.3354727327823639,,
1700578045766-2-10-4-22-0,Anger,BrowLowererL,0.12067392468452459,26.0,0.12067392468452459,26,30,0.4651305079460144,,
1700580278194-0-11-1-0-0,Anger,BrowLowererL,0.051846578717231806,27.0,0.051846578717231806,27,28,0.2953062653541565,,
1700580285249-0-11-1-3-0,Anger,BrowLowererL,0.0656412951648235,26.0,0.0656412951648235,26,30,0.163607507944107,,
1700580487810-0-11-3-2-0,Anger,BrowLowererL,0.08884567022323608,22.0,0.08884567022323608,22,26,0.4444875121116638,,
1700580499741-0-11-3-8-0,Anger,BrowLowererL,0.052150033414363806,26.0,0.052150033414363806,26,29,0.2452124655246734,,
1700580678854-0-11-4-7-0,Anger,BrowLowererL,0.056363999843597384,5.0,0.056363999843597384,5,30,0.2704788148403168,,
1700580691344-0-11-4-14-0,Anger,BrowLowererL,0.12192454934120181,30.0,0.12192454934120181,30,30,0.2924591302871704,,
1700582345005-0-12-4-10-0,Anger,BrowLowererL,0.0348946750164032,16.0,0.0348946750164032,16,29,0.4799456596374511,,
1700583797412-2-13-1-0-0,Anger,BrowLowererL,0.03687386214733118,11.0,0.03687386214733118,11,25,0.2990902066230774,,
1700583805997-2-13-1-3-0,Anger,BrowLowererL,0.12746171653270721,3.0,0.12746171653270721,3,18,0.4064139425754547,,
1700583807891-2-13-1-4-0,Anger,BrowLowererL,0.25390151515603065,23.0,0.25390151515603065,23,29,0.414321094751358,,
1700584020161-2-13-3-10-0,Anger,BrowLowererL,0.11045740544795989,12.0,0.11045740544795989,12,19,0.334926962852478,,
1700584214184-2-13-4-7-0,Anger,BrowLowererL,0.0436480939388275,13.0,0.0436480939388275,13,24,0.3172172605991363,,
1700584219640-2-13-4-10-0,Anger,BrowLowererL,0.1821045614778995,19.0,0.1821045614778995,19,29,0.3445479571819305,,
1700584240494-2-13-4-22-0,Anger,BrowLowererL,0.06644400954246521,22.0,0.06644400954246521,22,29,0.3386333882808685,,
1700745032110-1-14-1-4-0,Anger,BrowLowererL,0.23100650310516352,22.0,0.23100650310516352,22,25,0.5013008117675781,,
1700745238681-1-14-3-8-0,Anger,BrowLowererL,0.03436821699142456,9.0,0.05473619699478155,17,12,0.5745823979377747,,
1700745241981-1-14-3-10-0,Anger,BrowLowererL,0.20013669878244408,25.0,0.20013669878244408,25,30,0.5218449234962463,,
1700745418145-1-14-4-14-0,Anger,BrowLowererL,0.1216947734355927,11.0,0.1216947734355927,11,30,0.3407289385795593,,
1700745431720-1-14-4-22-0,Anger,BrowLowererL,0.166255995631218,16.0,0.166255995631218,16,17,0.2673112452030182,,
1700747144334-2-15-1-0-0,Anger,BrowLowererL,0.1847269982099534,19.0,0.1847269982099534,19,30,0.6463972330093384,,
1700747151558-2-15-1-3-0,Anger,BrowLowererL,0.1626829579472542,27.0,0.1626829579472542,27,30,0.5623956918716431,,
1700747153913-2-15-1-4-0,Anger,BrowLowererL,0.2943446709020101,26.0,0.2943446709020101,26,30,0.6848251223564148,,
1700747349900-2-15-3-2-0,Anger,BrowLowererL,0.3839662671089173,15.0,0.3839662671089173,15,25,0.7997918725013733,,
1700747526081-2-15-4-7-0,Anger,BrowLowererL,0.010166972875595093,20.0,0.1183480322360993,30,24,0.4838733375072479,,
1700747538056-2-15-4-14-0,Anger,BrowLowererL,0.35835042223334324,4.0,0.35835042223334324,4,20,0.7364068031311035,,
1700748599521-0-16-1-0-0,Anger,BrowLowererL,0.12333983182907104,11.0,0.12333983182907104,11,27,0.9333465695381165,,
1700748607910-0-16-1-3-0,Anger,BrowLowererL,0.03591209650039673,17.0,0.03591209650039673,17,30,0.6668934226036072,,
1700748805468-0-16-3-2-0,Anger,BrowLowererL,0.036862969398498535,29.0,0.036862969398498535,29,5,0.9022013545036316,,
1700748989881-0-16-4-10-0,Anger,BrowLowererL,0.3139628469944,3.0,0.3139628469944,3,22,0.891409158706665,,
1700749011751-0-16-4-22-0,Anger,BrowLowererL,0.036427319049835205,10.0,0.13450229167938238,30,13,0.8057879209518433,,
1700753809986-0-17-1-0-0,Anger,BrowLowererL,0.08124798536300659,19.0,0.08124798536300659,19,25,0.5282387733459473,,
1700753820381-0-17-1-4-0,Anger,BrowLowererL,0.05330225825309762,20.0,0.05330225825309762,20,29,0.4607087075710296,,
1700754011891-0-17-3-2-0,Anger,BrowLowererL,0.0667828917503357,2.0,0.0667828917503357,2,4,0.4963540434837341,,
1700754024129-0-17-3-8-0,Anger,BrowLowererL,0.021384507417678833,21.0,0.021384507417678833,21,22,0.4082548320293426,,
1700756274306-2-18-1-0-0,Anger,BrowLowererL,0.011425003409385709,30.0,0.014583311975002289,2,1,0.1343093812465667,,
1700756280474-2-18-1-3-0,Anger,BrowLowererL,0.012079447507858297,2.0,0.012079447507858297,2,19,0.062510535120964,,
1700756283788-2-18-1-4-0,Anger,BrowLowererL,0.1411848720163107,5.0,0.1411848720163107,5,5,0.1659259349107742,,
1700756486528-2-18-3-2-0,Anger,BrowLowererL,0.0965956822037697,15.0,0.0965956822037697,15,17,0.2309721559286117,,
1700756499157-2-18-3-8-0,Anger,BrowLowererL,0.00038531050086020036,20.0,0.072231501340866,4,1,0.2367627322673797,,
1700756716598-2-18-4-7-0,Anger,BrowLowererL,0.06437553465366361,6.0,0.06437553465366361,6,13,0.1576476842164993,,
1700756722474-2-18-4-10-0,Anger,BrowLowererL,0.002611353993415902,2.0,0.008385736495256396,6,2,0.0732482001185417,,
1700756728630-2-18-4-14-0,Anger,BrowLowererL,0.0009271949529648035,25.0,0.012666970491409288,12,1,0.1477168053388595,,
1700756743678-2-18-4-22-0,Anger,BrowLowererL,0.004828192293644,12.0,0.0100750979036093,30,19,0.060730192810297,,
1700824359287-0-19-1-0-0,Anger,BrowLowererL,0.0302560143172741,24.0,0.0302560143172741,24,28,0.1146682277321815,,
1700824368612-0-19-1-4-0,Anger,BrowLowererL,0.1299248719587923,18.0,0.1299248719587923,18,22,0.233363002538681,,
1700824556780-0-19-3-2-0,Anger,BrowLowererL,0.09938102960586542,24.0,0.09938102960586542,24,24,0.3343634903430938,,
1700824572875-0-19-3-10-0,Anger,BrowLowererL,0.21221135537734878,24.0,0.21221135537734878,24,24,0.212214320898056,,
1700825730003-0-20-1-3-0,Anger,BrowLowererL,0.1392994076013566,20.0,0.1392994076013566,20,28,0.5516502857208252,,
1700825936279-0-20-3-8-0,Anger,BrowLowererL,0.0971573404967785,7.0,0.0971573404967785,7,11,0.3862417638301849,,
1700826107312-0-20-4-10-0,Anger,BrowLowererL,0.1204952597618103,18.0,0.1204952597618103,18,26,0.5379481315612793,,
1700826128825-0-20-4-22-0,Anger,BrowLowererL,0.11750619113445282,7.0,0.11750619113445282,7,20,0.7715891003608704,,
1700828006807-0-21-4-22-0,Anger,BrowLowererL,0.056618761271238306,9.0,0.056618761271238306,9,24,0.3146350979804992,,
1700830341752-0-22-4-7-0,Anger,BrowLowererL,0.024631828069686904,19.0,0.024631828069686904,19,29,0.1381050050258636,,
1701085606801-2-23-3-2-0,Anger,BrowLowererL,0.07686753571033483,19.0,0.07686753571033483,19,28,0.3999741077423095,,
1701085619479-2-23-3-8-0,Anger,BrowLowererL,0.173661233857274,15.0,0.173661233857274,15,20,0.438498318195343,,
1701085622872-2-23-3-10-0,Anger,BrowLowererL,0.05561802163720131,7.0,0.08514931797981268,28,25,0.2808083891868591,,
1701085795548-2-23-4-7-0,Anger,BrowLowererL,0.055166363716125544,2.0,0.0616407990455628,21,4,0.3493035435676574,,
1701085800908-2-23-4-10-0,Anger,BrowLowererL,0.0405707061290741,10.0,0.0405707061290741,10,16,0.3390940129756927,,
1701085807269-2-23-4-14-0,Anger,BrowLowererL,0.029485851526260293,19.0,0.029485851526260293,19,23,0.2680445611476898,,
1701085821482-2-23-4-22-0,Anger,BrowLowererL,0.0336251556873321,21.0,0.04599051177501681,3,23,0.2420080453157425,,
1701087195801-0-24-1-0-0,Anger,BrowLowererL,0.031747639179229736,24.0,0.07398325204849243,30,21,0.6326489448547363,,
1701087401006-0-24-3-2-0,Anger,BrowLowererL,0.020511656999588013,22.0,0.02412945032119751,14,8,0.4226922690868377,,
1701087413830-0-24-3-8-0,Anger,BrowLowererL,0.05426144599914551,21.0,0.05426144599914551,21,30,0.561089277267456,,
1701087416827-0-24-3-10-0,Anger,BrowLowererL,0.07756876945495611,5.0,0.07756876945495611,5,30,0.559943675994873,,
1701091104451-0-25-3-2-0,Anger,BrowLowererL,0.026520907878875705,25.0,0.026520907878875705,25,30,0.2169889211654663,,
1701091116536-0-25-3-8-0,Anger,BrowLowererL,0.0193139910697937,5.0,0.031735569238662664,12,5,0.3519670367240906,,
1701091293398-0-25-4-7-0,Anger,BrowLowererL,0.013070486485958113,15.0,0.016747906804084695,8,22,0.1563518047332763,,
1701092560877-0-26-1-0-0,Anger,BrowLowererL,0.0627618692815304,22.0,0.0627618692815304,22,30,0.3346976041793823,,
1701092571473-0-26-1-4-0,Anger,BrowLowererL,0.0603615939617157,17.0,0.0603615939617157,17,27,0.3355326950550079,,
1701092766619-0-26-3-2-0,Anger,BrowLowererL,0.11603456735610959,14.0,0.11603456735610959,14,15,0.3641134202480316,,
1701092778965-0-26-3-8-0,Anger,BrowLowererL,0.0974221155047417,15.0,0.0974221155047417,15,21,0.3510005176067352,,
1701092782217-0-26-3-10-0,Anger,BrowLowererL,0.09044988080859179,4.0,0.09044988080859179,4,14,0.3455921411514282,,
1701092964618-0-26-4-10-0,Anger,BrowLowererL,0.12207200378179558,12.0,0.12207200378179558,12,18,0.3131212592124939,,
1701094438118-2-27-1-0-0,Anger,BrowLowererL,0.43789392709732056,26.0,0.43789392709732056,26,30,0.8814817667007446,,
1701094445452-2-27-1-3-0,Anger,BrowLowererL,0.2830389142036438,23.0,0.2830389142036438,23,26,0.869002103805542,,
1701094448444-2-27-1-4-0,Anger,BrowLowererL,0.3618938326835633,17.0,0.3618938326835633,17,28,0.8535969853401184,,
1701094656847-2-27-3-2-0,Anger,BrowLowererL,0.06133162975311279,27.0,0.3412756174802781,29,1,0.9130781292915344,,
1701094668813-2-27-3-8-0,Anger,BrowLowererL,0.29625228047370916,2.0,0.29625228047370916,2,5,0.9389382004737854,,
1701094672347-2-27-3-10-0,Anger,BrowLowererL,0.26389446854591375,9.0,0.26389446854591375,9,11,0.9520379900932312,,
1701170400711-0-28-1-0-0,Anger,BrowLowererL,0.18279838562011722,24.0,0.18279838562011722,24,26,0.4266514778137207,,
1701170409101-0-28-1-3-0,Anger,BrowLowererL,0.06942284107208252,2.0,0.06942284107208252,2,30,0.5737634301185608,,
1701170410785-0-28-1-4-0,Anger,BrowLowererL,0.13100934028625483,25.0,0.13100934028625483,25,26,0.4687700271606445,,
1701175858358-1-29-1-3-0,Anger,BrowLowererL,0.1331676170229912,13.0,0.1331676170229912,13,22,0.7429141402244568,,
1701175860649-1-29-1-4-0,Anger,BrowLowererL,0.1119645237922669,13.0,0.1119645237922669,13,28,0.5984500050544739,,
1701176255746-1-29-4-7-0,Anger,BrowLowererL,0.06422489881515503,2.0,0.06422489881515503,2,28,0.7310442924499512,,
1701176260535-1-29-4-10-0,Anger,BrowLowererL,0.3007500767707825,20.0,0.3007500767707825,20,27,0.936971127986908,,
1701176267507-1-29-4-14-0,Anger,BrowLowererL,0.1652713119983673,18.0,0.1652713119983673,18,30,0.7326638698577881,,
1701176281589-1-29-4-22-0,Anger,BrowLowererL,0.10305035114288336,18.0,0.10305035114288336,18,28,0.7182878851890564,,
1701177607915-0-30-1-4-0,Anger,BrowLowererL,0.06685897707939148,8.0,0.06685897707939148,8,18,0.4760565161705017,,
1701177816921-0-30-3-8-0,Anger,BrowLowererL,0.055242687463760376,2.0,0.09399694204330444,23,12,0.6229628920555115,,
1701187988220-0-31-1-4-0,Anger,BrowLowererL,0.27455705404281616,3.0,0.27455705404281616,3,3,0.6688171029090881,,
1701188200639-0-31-3-8-0,Anger,BrowLowererL,0.017756342887878418,9.0,0.03013190627098078,27,21,0.4093553125858307,,
1701188204154-0-31-3-10-0,Anger,BrowLowererL,0.0627034194767475,9.0,0.0627034194767475,9,27,0.4573578834533691,,
1701188391169-0-31-4-22-0,Anger,BrowLowererL,0.013294249773025485,24.0,0.014153555035591098,14,30,0.2418324500322342,,
1701346698325-1-32-1-0-0,Anger,BrowLowererL,0.17188535630702978,25.0,0.17188535630702978,25,30,0.4761222600936889,,
1701346706341-1-32-1-3-0,Anger,BrowLowererL,0.07379743456840512,22.0,0.07379743456840512,22,24,0.2792444825172424,,
1701346708500-1-32-1-4-0,Anger,BrowLowererL,0.03402577340602869,29.0,0.05432277917861933,5,1,0.3965406715869903,,
1701346917938-1-32-3-2-0,Anger,BrowLowererL,0.14564034342765808,2.0,0.14564034342765808,2,6,0.6282356977462769,,
1701347173070-1-32-4-7-0,Anger,BrowLowererL,0.14663043618202215,16.0,0.14663043618202215,16,17,0.5529078245162964,,
1701347178333-1-32-4-10-0,Anger,BrowLowererL,0.14208045601844788,10.0,0.14208045601844788,10,18,0.512200117111206,,
1701347185192-1-32-4-14-0,Anger,BrowLowererL,0.1693966891616583,11.0,0.1693966891616583,11,25,0.4039863049983978,,
1701350207668-0-33-1-3-0,Anger,BrowLowererL,0.2753728553652764,18.0,0.2753728553652764,18,25,0.8202393054962158,,
1701350425522-0-33-3-10-0,Anger,BrowLowererL,0.23824691772460938,14.0,0.23824691772460938,14,27,0.855673611164093,,
1701350635707-0-33-4-22-0,Anger,BrowLowererL,0.48591841757297527,12.0,0.48591841757297527,12,25,0.999877393245697,,
1701357349539-0-34-1-0-0,Anger,BrowLowererL,0.050204064697027206,26.0,0.050204064697027206,26,27,0.150312066078186,,
1701429262678-0-35-1-0-0,Anger,BrowLowererL,0.037791386246681304,21.0,0.039277225732803414,25,23,0.1476224809885025,,
1701429623151-0-35-4-7-0,Anger,BrowLowererL,0.0862103402614593,2.0,0.0862103402614593,2,18,0.430830180644989,,
1701429635504-0-35-4-14-0,Anger,BrowLowererL,0.14670385420322418,5.0,0.14670385420322418,5,29,0.5670962333679199,,
1701429649394-0-35-4-22-0,Anger,BrowLowererL,0.057066649198532104,24.0,0.057066649198532104,24,24,0.311892032623291,,
1701438037349-1-36-1-3-0,Anger,BrowLowererL,0.025835961103439276,26.0,0.027130752801895197,4,1,0.5008513927459717,,
1701438040455-1-36-1-4-0,Anger,BrowLowererL,0.01806807518005371,19.0,0.03436172008514404,3,1,0.7156306505203247,,
1701438250884-1-36-3-8-0,Anger,BrowLowererL,0.025392651557922308,21.0,0.025392651557922308,21,25,0.4431696236133575,,
1701438255549-1-36-3-10-0,Anger,BrowLowererL,0.0315396785736084,30.0,0.0315396785736084,30,30,0.4406910836696625,,
1701438450422-1-36-4-14-0,Anger,BrowLowererL,0.050371646881103516,3.0,0.050371646881103516,3,14,0.5317661166191101,,
1701440193727-0-37-1-4-0,Anger,BrowLowererL,0.04842916131019592,11.0,0.04842916131019592,11,23,0.441490888595581,,
1701440591278-0-37-4-10-0,Anger,BrowLowererL,0.0704078525304794,5.0,0.08039930462837222,30,13,0.3166688978672027,0.014686444826164546,0.014686444826164546
1700478995850-2-1-1-0-0,Anger,LidTightenerL,0.030153632164001493,20.0,0.03815394639968872,29,27,0.1761421710252761,,
1700479004312-2-1-1-3-0,Anger,LidTightenerL,0.029129229485988603,24.0,0.029129229485988603,24,28,0.1115249693393707,,
1700479005401-2-1-1-4-0,Anger,LidTightenerL,0.0107870623469353,29.0,0.021849356591701508,27,21,0.1352099478244781,,
1700479253441-2-1-3-8-0,Anger,LidTightenerL,0.013266794383525902,20.0,0.013266794383525902,20,30,0.0277435258030891,,
1700479258342-2-1-3-10-0,Anger,LidTightenerL,0.025351326912641498,2.0,0.025351326912641498,2,23,0.1086508631706237,,
1700479424021-2-1-4-7-0,Anger,LidTightenerL,0.01653090119361869,3.0,0.0274203643202781,16,13,0.1202448308467865,,
1700485984070-1-2-1-3-0,Anger,LidTightenerL,0.08486630022525779,24.0,0.08486630022525779,24,30,0.2898257076740265,,
1700485986655-1-2-1-4-0,Anger,LidTightenerL,0.15936205722391603,19.0,0.15936205722391603,19,23,0.4264509677886963,,
1700486194530-1-2-3-2-0,Anger,LidTightenerL,0.0858388915657997,15.0,0.0858388915657997,15,20,0.2109400629997253,,
1700486206530-1-2-3-8-0,Anger,LidTightenerL,0.1440858542919159,27.0,0.1440858542919159,27,28,0.49152672290802,,
1700486210764-1-2-3-10-0,Anger,LidTightenerL,0.05370420217514038,16.0,0.07771143317222598,28,21,0.2011402547359466,,
1700486374506-1-2-4-7-0,Anger,LidTightenerL,0.147241622209549,13.0,0.147241622209549,13,17,0.2665245532989502,,
1700486387051-1-2-4-14-0,Anger,LidTightenerL,0.10531218349933633,3.0,0.10531218349933633,3,3,0.3021852374076843,,
1700486401119-1-2-4-22-0,Anger,LidTightenerL,0.1454079225659371,13.0,0.1454079225659371,13,14,0.2759260237216949,,
1700487866802-0-3-1-0-0,Anger,LidTightenerL,0.0,,0.0,2,1,1.0,,
1700488090511-0-3-3-8-0,Anger,LidTightenerL,0.18044918775558472,20.0,0.18044918775558472,20,24,0.9999964833259584,,
1700489641802-0-4-1-3-0,Anger,LidTightenerL,0.21257200837135315,27.0,0.21257200837135315,27,28,0.6825346946716309,,
1700489860330-0-4-3-2-0,Anger,LidTightenerL,0.036467611789703314,25.0,0.036467611789703314,25,13,0.5011804103851318,,
1700489872365-0-4-3-8-0,Anger,LidTightenerL,0.1252429187297821,11.0,0.1252429187297821,11,12,0.4356625378131866,,
1700489875595-0-4-3-10-0,Anger,LidTightenerL,0.07400065660476679,24.0,0.07400065660476679,24,30,0.4334146082401275,,
1700490066629-0-4-4-14-0,Anger,LidTightenerL,0.050463974475860596,29.0,0.050463974475860596,29,30,0.3545566201210022,,
1700490080899-0-4-4-22-0,Anger,LidTightenerL,0.0630669295787811,24.0,0.0630669295787811,24,29,0.2979144752025604,,
1700491410885-1-5-1-0-0,Anger,LidTightenerL,0.21922552585601807,6.0,0.21922552585601807,6,17,0.6459577083587646,,
1700491418662-1-5-1-3-0,Anger,LidTightenerL,0.1127010732889176,11.0,0.1127010732889176,11,29,0.4877864718437195,,
1700491618203-1-5-3-2-0,Anger,LidTightenerL,0.0411035418510437,6.0,0.0411035418510437,6,6,0.6123196482658386,,
1700491630998-1-5-3-8-0,Anger,LidTightenerL,0.05318336188793188,27.0,0.10431164503097534,22,15,0.6400769352912903,,
1700491802418-1-5-4-7-0,Anger,LidTightenerL,0.09522017836570745,30.0,0.16090205311775208,22,20,0.6775712370872498,,
1700491807581-1-5-4-10-0,Anger,LidTightenerL,0.1576798632740974,15.0,0.1576798632740974,15,22,0.5557145476341248,,
1700491814844-1-5-4-14-0,Anger,LidTightenerL,0.050314933061599676,7.0,0.050314933061599676,7,23,0.5089539289474487,,
1700491829230-1-5-4-22-0,Anger,LidTightenerL,0.062334537506103516,10.0,0.0832562819123269,29,10,0.479736328125,,
1700496706993-1-6-1-0-0,Anger,LidTightenerL,0.19775444269180298,10.0,0.19775444269180298,10,18,0.6079808473587036,,
1700496714816-1-6-1-3-0,Anger,LidTightenerL,0.045343220233917236,2.0,0.0727412402629852,30,20,0.4058168828487396,,
1700496716876-1-6-1-4-0,Anger,LidTightenerL,0.2136700451374054,14.0,0.2136700451374054,14,30,0.6583340167999268,,
1700496936841-1-6-3-10-0,Anger,LidTightenerL,0.11808905005455017,22.0,0.11808905005455017,22,26,0.4656915366649627,,
1700497103064-1-6-4-7-0,Anger,LidTightenerL,0.027606770396232605,19.0,0.047033324837684604,14,1,0.3477076888084411,,
1700497107393-1-6-4-10-0,Anger,LidTightenerL,0.049511194229126004,12.0,0.049511194229126004,12,23,0.1345671862363815,,
1700497114611-1-6-4-14-0,Anger,LidTightenerL,0.055877164006233215,9.0,0.055877164006233215,9,12,0.2874718904495239,,
1700497129100-1-6-4-22-0,Anger,LidTightenerL,0.027342796325683594,2.0,0.0480157732963562,5,2,0.2490545064210891,,
1700567688235-2-8-1-0-0,Anger,LidTightenerL,0.0583493709564209,2.0,0.0583493709564209,2,30,0.3732044696807861,,
1700567695958-2-8-1-3-0,Anger,LidTightenerL,0.06731809675693512,21.0,0.06731809675693512,21,25,0.332267701625824,,
1700567698824-2-8-1-4-0,Anger,LidTightenerL,0.1754789650440216,14.0,0.1754789650440216,14,18,0.3674298524856567,,
1700567906760-2-8-3-2-0,Anger,LidTightenerL,0.02588221430778498,11.0,0.08216303586959839,27,12,0.4228702187538147,,
1700567918385-2-8-3-8-0,Anger,LidTightenerL,0.0930185616016388,9.0,0.0930185616016388,9,29,0.3955356776714325,,
1700567922812-2-8-3-10-0,Anger,LidTightenerL,0.049903035163879395,2.0,0.049903035163879395,2,26,0.3917443752288818,,
1700568088202-2-8-4-7-0,Anger,LidTightenerL,0.18222602147761788,5.0,0.18222602147761788,5,15,0.3690260946750641,,
1700568092978-2-8-4-10-0,Anger,LidTightenerL,0.10936289280653001,17.0,0.10936289280653001,17,25,0.2861616313457489,,
1700568100175-2-8-4-14-0,Anger,LidTightenerL,0.1712802350521087,24.0,0.1712802350521087,24,29,0.4103693068027496,,
1700568114265-2-8-4-22-0,Anger,LidTightenerL,0.07378384081749799,16.0,0.07378384081749799,16,28,0.4236594140529632,,
1700570965881-1-9-1-0-0,Anger,LidTightenerL,0.05163300037384033,26.0,0.09155738353729248,6,4,0.680600643157959,,
1700570973287-1-9-1-3-0,Anger,LidTightenerL,0.1828605830669403,9.0,0.1828605830669403,9,24,0.80372554063797,,
1700570976307-1-9-1-4-0,Anger,LidTightenerL,0.11800676584243774,18.0,0.1974349021911621,7,5,0.7887029647827148,,
1700571169233-1-9-3-2-0,Anger,LidTightenerL,0.10957124829292292,3.0,0.10957124829292292,3,10,0.725590169429779,,
1700571182001-1-9-3-8-0,Anger,LidTightenerL,0.5291698544620853,13.0,0.5291698544620853,13,17,0.6462615132331848,,
1700571359644-1-9-4-7-0,Anger,LidTightenerL,0.055027276277542114,10.0,0.06115874648094183,22,13,0.5344737768173218,,
1700571365685-1-9-4-10-0,Anger,LidTightenerL,0.2835988398113646,16.0,0.2835988398113646,16,25,0.5199869275093079,,
1700571386521-1-9-4-22-0,Anger,LidTightenerL,0.1525741349905729,6.0,0.1525741349905729,6,23,0.6105794310569763,,
1700577843732-2-10-3-2-0,Anger,LidTightenerL,0.1770704090595246,8.0,0.1770704090595246,8,10,0.5557118058204651,,
1700577855799-2-10-3-8-0,Anger,LidTightenerL,0.09854303300380707,7.0,0.09854303300380707,7,15,0.5416247844696045,,
1700578045766-2-10-4-22-0,Anger,LidTightenerL,0.1050285063683987,24.0,0.1050285063683987,24,30,0.3799847066402435,,
1700580278194-0-11-1-0-0,Anger,LidTightenerL,0.052480183541774805,21.0,0.052480183541774805,21,27,0.2261544615030288,,
1700580285249-0-11-1-3-0,Anger,LidTightenerL,0.0174478678964079,26.0,0.0174478678964079,26,30,0.0289847664535045,,
1700580487810-0-11-3-2-0,Anger,LidTightenerL,0.1028923448175192,17.0,0.1028923448175192,17,26,0.3008100986480713,,
1700580499741-0-11-3-8-0,Anger,LidTightenerL,0.0986024996964261,22.0,0.0986024996964261,22,29,0.2054754197597503,,
1700580678854-0-11-4-7-0,Anger,LidTightenerL,0.029086913913488395,5.0,0.029086913913488395,5,30,0.1647487133741378,,
1700580691344-0-11-4-14-0,Anger,LidTightenerL,0.06630134582519531,30.0,0.06630134582519531,30,30,0.2195346653461456,,
1700582345005-0-12-4-10-0,Anger,LidTightenerL,0.044342875480651855,21.0,0.044400691986083984,26,13,0.834067165851593,,
1700583797412-2-13-1-0-0,Anger,LidTightenerL,0.1449324786663056,2.0,0.1449324786663056,2,15,0.728915274143219,,
1700583805997-2-13-1-3-0,Anger,LidTightenerL,0.11391329765319824,15.0,0.11391329765319824,15,25,0.568641722202301,,
1700583807891-2-13-1-4-0,Anger,LidTightenerL,0.39714276418089867,23.0,0.39714276418089867,23,5,0.5230212211608887,,
1700584020161-2-13-3-10-0,Anger,LidTightenerL,0.1323997974395752,11.0,0.19381183385849,8,19,0.6605201959609985,,
1700584214184-2-13-4-7-0,Anger,LidTightenerL,0.16235642507672318,11.0,0.16235642507672318,11,26,0.4883147478103637,,
1700584219640-2-13-4-10-0,Anger,LidTightenerL,0.3596170246601105,19.0,0.3596170246601105,19,23,0.644538402557373,,
1700584240494-2-13-4-22-0,Anger,LidTightenerL,0.12851288914680487,21.0,0.12851288914680487,21,25,0.729144811630249,,
1700745032110-1-14-1-4-0,Anger,LidTightenerL,0.132345050573349,19.0,0.132345050573349,19,1,0.5770317316055298,,
1700745238681-1-14-3-8-0,Anger,LidTightenerL,0.05588117241859436,23.0,0.07315674424171442,27,2,0.3753902614116668,,
1700745241981-1-14-3-10-0,Anger,LidTightenerL,0.191533051431179,26.0,0.191533051431179,26,30,0.3988900482654571,,
1700745418145-1-14-4-14-0,Anger,LidTightenerL,0.1449221596121788,9.0,0.1449221596121788,9,27,0.4962267279624939,,
1700745431720-1-14-4-22-0,Anger,LidTightenerL,0.0781313949264586,15.0,0.0781313949264586,15,28,0.2374240607023239,,
1700747144334-2-15-1-0-0,Anger,LidTightenerL,0.49412189517170196,15.0,0.49412189517170196,15,17,0.787561297416687,,
1700747151558-2-15-1-3-0,Anger,LidTightenerL,0.4780295751988889,26.0,0.4780295751988889,26,28,0.8069987297058105,,
1700747153913-2-15-1-4-0,Anger,LidTightenerL,0.509235143661499,26.0,0.509235143661499,26,26,0.7923253178596497,,
1700747349900-2-15-3-2-0,Anger,LidTightenerL,0.21661698818206787,14.0,0.21661698818206787,14,14,0.7516621351242065,,
1700747526081-2-15-4-7-0,Anger,LidTightenerL,0.05176222324371338,29.0,0.05176222324371338,29,30,0.7292091846466064,,
1700747538056-2-15-4-14-0,Anger,LidTightenerL,0.29035784304142,3.0,0.29035784304142,3,30,0.6571264863014221,,
1700748599521-0-16-1-0-0,Anger,LidTightenerL,0.15602128952741628,5.0,0.15602128952741628,5,27,0.6611668467521667,,
1700748607910-0-16-1-3-0,Anger,LidTightenerL,0.0261290483176709,24.0,0.0337984478101134,9,6,0.0630270466208458,,
1700748805468-0-16-3-2-0,Anger,LidTightenerL,0.035607874393463135,29.0,0.035607874393463135,29,30,0.647467315196991,,
1700748989881-0-16-4-10-0,Anger,LidTightenerL,0.24406410008668902,3.0,0.24406410008668902,3,20,0.617138683795929,,
1700749011751-0-16-4-22-0,Anger,LidTightenerL,0.0336170494556427,5.0,0.0688888877630234,16,13,0.3351331651210785,,
1700753809986-0-17-1-0-0,Anger,LidTightenerL,0.12994208931922907,21.0,0.12994208931922907,21,30,0.5376695394515991,,
1700753820381-0-17-1-4-0,Anger,LidTightenerL,0.07010099291801458,17.0,0.07010099291801458,17,30,0.6020136475563049,,
1700754011891-0-17-3-2-0,Anger,LidTightenerL,0.0343960449099541,2.0,0.0343960449099541,2,30,0.1054898649454116,,
1700754024129-0-17-3-8-0,Anger,LidTightenerL,0.037282973527908325,10.0,0.037282973527908325,10,29,0.3232249319553375,,
1700756274306-2-18-1-0-0,Anger,LidTightenerL,0.024170726537704468,14.0,0.08447915315628052,2,1,0.7379895448684692,,
1700756280474-2-18-1-3-0,Anger,LidTightenerL,0.04290381073951727,5.0,0.04290381073951727,5,16,0.4698710441589355,,
1700756283788-2-18-1-4-0,Anger,LidTightenerL,0.20036506652832037,7.0,0.20036506652832037,7,7,0.5245660543441772,,
1700756486528-2-18-3-2-0,Anger,LidTightenerL,0.1542548239231109,8.0,0.18416422605514526,15,19,0.785027027130127,,
1700756499157-2-18-3-8-0,Anger,LidTightenerL,0.11309283971786499,4.0,0.11309283971786499,4,4,0.7354868650436401,,
1700756716598-2-18-4-7-0,Anger,LidTightenerL,0.128051295876503,3.0,0.128051295876503,3,27,0.7667284607887268,,
1700756722474-2-18-4-10-0,Anger,LidTightenerL,0.012387454509735107,28.0,0.024729222059249933,5,1,0.5228858590126038,,
1700756728630-2-18-4-14-0,Anger,LidTightenerL,0.04500943422317505,4.0,0.04500943422317505,4,5,0.7783833742141724,,
1700756743678-2-18-4-22-0,Anger,LidTightenerL,0.01701343059539795,26.0,0.06825168430805201,30,4,0.4561432600021362,,
1700824359287-0-19-1-0-0,Anger,LidTightenerL,0.021745692007243602,23.0,0.021745692007243602,23,23,0.0327655486762523,,
1700824368612-0-19-1-4-0,Anger,LidTightenerL,0.0318542700260878,18.0,0.0318542700260878,18,18,0.0625272393226623,,
1700824556780-0-19-3-2-0,Anger,LidTightenerL,0.0227640625089407,21.0,0.0227640625089407,21,21,0.0494821965694427,,
1700824572875-0-19-3-10-0,Anger,LidTightenerL,0.1056576138362288,24.0,0.1056576138362288,24,24,0.1165563464164733,,
1700825730003-0-20-1-3-0,Anger,LidTightenerL,0.08662845194339758,24.0,0.08662845194339758,24,30,0.4880409836769104,,
1700825936279-0-20-3-8-0,Anger,LidTightenerL,0.06856541335582728,19.0,0.06856541335582728,19,29,0.4230479896068573,,
1700826107312-0-20-4-10-0,Anger,LidTightenerL,0.1395405977964401,21.0,0.1395405977964401,21,29,0.3884550333023071,,
1700826128825-0-20-4-22-0,Anger,LidTightenerL,0.0979921817779541,16.0,0.0979921817779541,16,22,0.5018429756164551,,
1700828006807-0-21-4-22-0,Anger,LidTightenerL,0.11038760840892792,15.0,0.11038760840892792,15,27,0.4660773873329162,,
1700830341752-0-22-4-7-0,Anger,LidTightenerL,0.10091862082481379,21.0,0.2572289798408747,16,1,0.525778591632843,,
1701085606801-2-23-3-2-0,Anger,LidTightenerL,0.1040849089622497,18.0,0.15881459414958962,5,28,0.5577597618103027,,
1701085619479-2-23-3-8-0,Anger,LidTightenerL,0.22636777162551877,14.0,0.22636777162551877,14,20,0.7218549847602844,,
1701085622872-2-23-3-10-0,Anger,LidTightenerL,0.09528666734695435,19.0,0.09528666734695435,19,25,0.8582533001899719,,
1701085795548-2-23-4-7-0,Anger,LidTightenerL,0.050359681248664884,8.0,0.0883288141340017,2,8,0.1886124014854431,,
1701085800908-2-23-4-10-0,Anger,LidTightenerL,0.1103685796260834,10.0,0.1103685796260834,10,16,0.5350431799888611,,
1701085807269-2-23-4-14-0,Anger,LidTightenerL,0.1136386767029762,10.0,0.1136386767029762,10,21,0.604214608669281,,
1701085821482-2-23-4-22-0,Anger,LidTightenerL,0.05047301948070529,19.0,0.05047301948070529,19,27,0.335675299167633,,
1701087195801-0-24-1-0-0,Anger,LidTightenerL,0.3885962050408125,24.0,0.3885962050408125,24,25,0.4491515457630157,,
1701087401006-0-24-3-2-0,Anger,LidTightenerL,0.03319308161735529,23.0,0.0505426079034805,21,8,0.254016250371933,,
1701087413830-0-24-3-8-0,Anger,LidTightenerL,0.0487296283245086,28.0,0.1424524486064911,19,9,0.551433801651001,,
1701087416827-0-24-3-10-0,Anger,LidTightenerL,0.09810672700405118,15.0,0.09810672700405118,15,15,0.2447298020124435,,
1701091104451-0-25-3-2-0,Anger,LidTightenerL,0.0330909322947264,21.0,0.033880081493407495,4,1,0.0521402843296527,,
1701091116536-0-25-3-8-0,Anger,LidTightenerL,0.0273657068610191,30.0,0.040098801255226094,21,1,0.1328329890966415,,
1701091293398-0-25-4-7-0,Anger,LidTightenerL,0.07179665565490731,25.0,0.07179665565490731,25,25,0.1370684653520584,,
1701092560877-0-26-1-0-0,Anger,LidTightenerL,0.010775280214147599,24.0,0.010775280214147599,24,28,0.0245283916592597,,
1701092571473-0-26-1-4-0,Anger,LidTightenerL,0.0205195173621177,27.0,0.0205195173621177,27,28,0.0530905947089195,,
1701092766619-0-26-3-2-0,Anger,LidTightenerL,0.1297659110277892,14.0,0.1297659110277892,14,14,0.1558254361152649,,
1701092778965-0-26-3-8-0,Anger,LidTightenerL,0.010862244293093699,20.0,0.010862244293093699,20,20,0.0271586179733276,,
1701092782217-0-26-3-10-0,Anger,LidTightenerL,0.020515387877822,28.0,0.020515387877822,28,28,0.0437319055199623,,
1701092964618-0-26-4-10-0,Anger,LidTightenerL,0.0108058847981738,13.0,0.0108058847981738,13,21,0.021787928417325,,
1701094438118-2-27-1-0-0,Anger,LidTightenerL,0.16301542520523077,18.0,0.40687431395053864,26,23,0.6612420678138733,,
1701094445452-2-27-1-3-0,Anger,LidTightenerL,0.1308340728282929,18.0,0.30764588713645935,23,18,0.5298471450805664,,
1701094448444-2-27-1-4-0,Anger,LidTightenerL,0.11298975348472601,15.0,0.312943197786808,17,15,0.502216637134552,,
1701094656847-2-27-3-2-0,Anger,LidTightenerL,0.26019927859306335,29.0,0.26019927859306335,29,30,0.5505700707435608,,
1701094668813-2-27-3-8-0,Anger,LidTightenerL,0.0,,0.23000933229923248,2,1,0.3298949003219604,,
1701094672347-2-27-3-10-0,Anger,LidTightenerL,0.1060459315776825,7.0,0.32797028496861463,10,8,0.4523929357528686,,
1701170400711-0-28-1-0-0,Anger,LidTightenerL,0.1208829730749131,24.0,0.1208829730749131,24,30,0.332325667142868,,
1701170409101-0-28-1-3-0,Anger,LidTightenerL,0.04732859134674067,6.0,0.04732859134674067,6,24,0.3846244812011719,,
1701170410785-0-28-1-4-0,Anger,LidTightenerL,0.0757129788398743,24.0,0.0757129788398743,24,30,0.3445926308631897,,
1701175858358-1-29-1-3-0,Anger,LidTightenerL,0.12409386038780212,16.0,0.12409386038780212,16,29,0.6150175333023071,,
1701175860649-1-29-1-4-0,Anger,LidTightenerL,0.10337001085281372,23.0,0.10337001085281372,23,30,0.6581423282623291,,
1701176255746-1-29-4-7-0,Anger,LidTightenerL,0.1031445562839508,2.0,0.1031445562839508,2,27,0.5661337971687317,,
1701176260535-1-29-4-10-0,Anger,LidTightenerL,0.2676068246364594,20.0,0.2676068246364594,20,20,0.5847333073616028,,
1701176267507-1-29-4-14-0,Anger,LidTightenerL,0.15487852692604073,18.0,0.15487852692604073,18,26,0.5684900283813477,,
1701176281589-1-29-4-22-0,Anger,LidTightenerL,0.1416012942790985,18.0,0.1416012942790985,18,28,0.5328987240791321,,
1701177607915-0-30-1-4-0,Anger,LidTightenerL,0.16562294960021967,7.0,0.16562294960021967,7,10,0.6822019219398499,,
1701177816921-0-30-3-8-0,Anger,LidTightenerL,0.04048043489456182,2.0,0.04048043489456182,2,3,0.3546929061412811,,
1701187988220-0-31-1-4-0,Anger,LidTightenerL,0.13824748992919922,25.0,0.2987002730369568,3,30,0.9098244905471802,,
1701188200639-0-31-3-8-0,Anger,LidTightenerL,0.035242319107055664,27.0,0.03881669044494629,23,18,0.8673267364501953,,
1701188204154-0-31-3-10-0,Anger,LidTightenerL,0.3225644528865815,7.0,0.3225644528865815,7,11,0.8645007610321045,,
1701188391169-0-31-4-22-0,Anger,LidTightenerL,0.031791746616363525,22.0,0.031791746616363525,22,4,0.8344461917877197,,
1701346698325-1-32-1-0-0,Anger,LidTightenerL,0.2188029289245606,25.0,0.2188029289245606,25,30,0.5954327583312988,,
1701346706341-1-32-1-3-0,Anger,LidTightenerL,0.16719160228967672,25.0,0.2342463470995426,23,21,0.3417032361030578,,
1701346708500-1-32-1-4-0,Anger,LidTightenerL,0.12686318159103402,30.0,0.12686318159103402,30,7,0.6795085072517395,,
1701346917938-1-32-3-2-0,Anger,LidTightenerL,0.1548859924077987,8.0,0.3903117701411247,6,4,0.5358073115348816,,
1701347173070-1-32-4-7-0,Anger,LidTightenerL,0.3634223192930222,2.0,0.3634223192930222,2,12,0.6190350651741028,,
1701347178333-1-32-4-10-0,Anger,LidTightenerL,0.30109119415283214,9.0,0.30109119415283214,9,18,0.6257410645484924,,
1701347185192-1-32-4-14-0,Anger,LidTightenerL,0.30575913190841675,10.0,0.30575913190841675,10,18,0.5866488218307495,,
1701350207668-0-33-1-3-0,Anger,LidTightenerL,0.21802526712417608,18.0,0.21802526712417608,18,30,0.915719747543335,,
1701350425522-0-33-3-10-0,Anger,LidTightenerL,0.09689776599407202,14.0,0.09689776599407202,14,29,0.4108741283416748,,
1701350635707-0-33-4-22-0,Anger,LidTightenerL,0.10553508996963498,12.0,0.10553508996963498,12,30,0.4897630214691162,,
1701357349539-0-34-1-0-0,Anger,LidTightenerL,0.061129365116357796,24.0,0.061129365116357796,24,24,0.115747295320034,,
1701429262678-0-35-1-0-0,Anger,LidTightenerL,0.0944583266973495,21.0,0.09526382386684419,25,22,0.2242722511291504,,
1701429623151-0-35-4-7-0,Anger,LidTightenerL,0.0209017852321267,29.0,0.0209017852321267,29,29,0.0245506633073091,,
1701429635504-0-35-4-14-0,Anger,LidTightenerL,0.0497193522751331,6.0,0.0497193522751331,6,8,0.1560988426208496,,
1701429649394-0-35-4-22-0,Anger,LidTightenerL,0.10693784803152079,8.0,0.10693784803152079,8,18,0.2840066254138946,,
1701438037349-1-36-1-3-0,Anger,LidTightenerL,0.0232697874307633,6.0,0.05104010552167888,2,1,0.1739978045225143,,
1701438040455-1-36-1-4-0,Anger,LidTightenerL,0.020403951406478882,10.0,0.057845860719680786,5,1,0.5306691527366638,,
1701438250884-1-36-3-8-0,Anger,LidTightenerL,0.013831079006195096,16.0,0.013831079006195096,16,22,0.0546322800219059,,
1701438255549-1-36-3-10-0,Anger,LidTightenerL,0.014554299414157902,15.0,0.014554299414157902,15,30,0.0501493215560913,,
1701438450422-1-36-4-14-0,Anger,LidTightenerL,0.024671420454978915,24.0,0.055091023445129395,14,3,0.4660141170024872,,
1701440193727-0-37-1-4-0,Anger,LidTightenerL,0.07039877772331243,7.0,0.09936928749084473,23,19,0.7014670372009277,,
1701440591278-0-37-4-10-0,Anger,LidTightenerL,0.16209691017866137,7.0,0.16209691017866137,7,29,0.425585389137268,0.013342750979165069,0.013342750979165069
1700479106931-2-1-2-1-1,Disgust,NoseWrinklerL,0.0,,1.401298464324817e-44,3,1,2.942726775082116e-44,,
1700479113933-2-1-2-4-1,Disgust,NoseWrinklerL,0.0,,0.0,2,1,1.401298464324817e-45,,
1700479117593-2-1-2-5-1,Disgust,NoseWrinklerL,0.0,,0.0,2,1,1.401298464324817e-45,,
1700479240547-2-1-3-1-1,Disgust,NoseWrinklerL,0.0,,0.0,2,1,1.401298464324817e-45,,
1700479274174-2-1-3-18-1,Disgust,NoseWrinklerL,0.0024798568338156,7.0,0.0056653460487723,2,1,0.0107778683304786,,
1700479411435-2-1-4-0-1,Disgust,NoseWrinklerL,0.0,,0.0,2,1,1.401298464324817e-45,,
1700479432977-2-1-4-12-1,Disgust,NoseWrinklerL,0.0,,0.0006698780052830001,3,1,0.0011508073657751,,
1700479438658-2-1-4-15-1,Disgust,NoseWrinklerL,0.0533899888396263,25.0,0.0533899888396263,25,30,0.1460355669260025,,
1700479457287-2-1-4-26-1,Disgust,NoseWrinklerL,0.06124332174658201,26.0,0.06124332174658201,26,27,0.064349927008152,,
1700486073568-1-2-2-1-1,Disgust,NoseWrinklerL,0.17997139692306519,20.0,0.17997139692306519,20,20,0.7389801740646362,,
1700486081556-1-2-2-4-1,Disgust,NoseWrinklerL,0.3490406274795532,9.0,0.3490406274795532,9,28,1.0,,
1700486083662-1-2-2-5-1,Disgust,NoseWrinklerL,0.585526131093502,7.0,0.585526131093502,7,23,1.0,,
1700486192396-1-2-3-1-1,Disgust,NoseWrinklerL,0.2011878788471222,9.0,0.2011878788471222,9,26,1.0,,
1700486226762-1-2-3-18-1,Disgust,NoseWrinklerL,0.366863104373408,5.0,0.366863104373408,5,21,1.0,,
1700486361862-1-2-4-0-1,Disgust,NoseWrinklerL,0.22312301397323608,11.0,0.22312301397323608,11,15,0.999997854232788,,
1700486383298-1-2-4-12-1,Disgust,NoseWrinklerL,0.23681955534809518,22.0,0.23681955534809518,22,28,0.8081964254379272,,
1700486388492-1-2-4-15-1,Disgust,NoseWrinklerL,0.3346652686595917,16.0,0.3346652686595917,16,28,1.0,,
1700487963017-0-3-2-4-1,Disgust,NoseWrinklerL,0.10540792159736159,19.0,0.10540792159736159,19,27,0.5822433829307556,,
1700488092770-0-3-3-9-1,Disgust,NoseWrinklerL,0.13556319475173947,11.0,0.13556319475173947,11,29,0.4772532284259796,,
1700488251925-0-3-4-0-1,Disgust,NoseWrinklerL,0.04863041639328003,27.0,0.07749491930007935,11,4,0.8291986584663391,,
1700488273233-0-3-4-12-1,Disgust,NoseWrinklerL,0.0,,1.1884598279721104e-05,2,1,3.4254113415954635e-05,,
1700489724732-0-4-2-1-1,Disgust,NoseWrinklerL,0.5567181706428528,5.0,0.5567181706428528,5,10,1.0,,
1700489734119-0-4-2-5-1,Disgust,NoseWrinklerL,0.3289759494364262,24.0,0.3289759494364262,24,30,0.9635045528411864,,
1700489858468-0-4-3-1-1,Disgust,NoseWrinklerL,0.04663592576980591,21.0,0.14632415771484375,30,1,1.0,,
1700489873966-0-4-3-9-1,Disgust,NoseWrinklerL,0.38593995571136475,22.0,0.38593995571136475,22,27,1.0,,
1700489892426-0-4-3-18-1,Disgust,NoseWrinklerL,0.0,,0.0,2,1,1.0,,
1700490042794-0-4-4-0-1,Disgust,NoseWrinklerL,0.15426838397979725,3.0,0.15426838397979725,3,8,1.0,,
1700490063437-0-4-4-12-1,Disgust,NoseWrinklerL,0.5088564488914447,8.0,0.5088564488914447,8,15,1.0,,
1700490068842-0-4-4-15-1,Disgust,NoseWrinklerL,0.34302029013633734,21.0,0.34302029013633734,21,27,1.0,,
1700490088390-0-4-4-26-1,Disgust,NoseWrinklerL,0.4356462359428406,18.0,0.4356462359428406,18,28,0.9935029745101928,,
1700491502988-1-5-2-1-1,Disgust,NoseWrinklerL,0.0,,0.0,2,1,1.0,,
1700491509590-1-5-2-4-1,Disgust,NoseWrinklerL,0.19489938020706177,8.0,0.19489938020706177,8,13,1.0,,
1700491512412-1-5-2-5-1,Disgust,NoseWrinklerL,0.10367929935455322,6.0,0.10367929935455322,6,12,1.0,,
1700491615944-1-5-3-1-1,Disgust,NoseWrinklerL,0.0,,0.0,2,1,1.0,,
1700491632381-1-5-3-9-1,Disgust,NoseWrinklerL,0.3285213708877564,4.0,0.3285213708877564,4,10,1.0,,
1700491650295-1-5-3-18-1,Disgust,NoseWrinklerL,0.032432377338409424,2.0,0.032432377338409424,2,9,1.0,,
1700491790127-1-5-4-0-1,Disgust,NoseWrinklerL,0.0,,0.0,2,1,1.0,,
1700491811175-1-5-4-12-1,Disgust,NoseWrinklerL,0.13635450601577748,3.0,0.13635450601577748,3,8,1.0,,
1700496796273-1-6-2-1-1,Disgust,NoseWrinklerL,0.13912868499755862,13.0,0.14317406713962558,8,14,0.2866148650646209,,
1700496803832-1-6-2-4-1,Disgust,NoseWrinklerL,0.06680837273597709,9.0,0.23755041975528007,14,11,0.2937013208866119,,
1700496806559-1-6-2-5-1,Disgust,NoseWrinklerL,0.0753058493137359,7.0,0.0753058493137359,7,7,0.3813128769397735,,
1700496918574-1-6-3-1-1,Disgust,NoseWrinklerL,0.2194861173629761,14.0,0.2194861173629761,14,30,0.3612054288387298,,
1700496952599-1-6-3-18-1,Disgust,NoseWrinklerL,0.2346758842468262,26.0,0.2983044646680356,28,26,0.4350916445255279,,
1700497111362-1-6-4-12-1,Disgust,NoseWrinklerL,0.10372519493103033,9.0,0.1314317584037781,19,11,0.5480161905288696,,
1700567787758-2-8-2-1-1,Disgust,NoseWrinklerL,0.1716729253530502,3.0,0.1716729253530502,3,25,0.9118996858596802,,
1700567795123-2-8-2-4-1,Disgust,NoseWrinklerL,0.3464441895484925,8.0,0.3464441895484925,8,12,1.0,,
1700567903352-2-8-3-1-1,Disgust,NoseWrinklerL,0.09283231198787692,9.0,0.09283231198787692,9,24,0.4799476265907287,,
1700567920333-2-8-3-9-1,Disgust,NoseWrinklerL,0.34674501419067383,17.0,0.34674501419067383,17,30,0.9991702437400818,,
1700567938373-2-8-3-18-1,Disgust,NoseWrinklerL,0.36321187019348145,6.0,0.36321187019348145,6,10,0.9667122960090636,,
1700568075798-2-8-4-0-1,Disgust,NoseWrinklerL,0.16418619453907018,5.0,0.16418619453907018,5,16,0.8623712062835693,,
1700568096451-2-8-4-12-1,Disgust,NoseWrinklerL,0.2676948755979538,19.0,0.2676948755979538,19,29,0.956725001335144,,
1700568102387-2-8-4-15-1,Disgust,NoseWrinklerL,0.25916010141372686,16.0,0.25916010141372686,16,29,1.0,,
1700568121727-2-8-4-26-1,Disgust,NoseWrinklerL,0.5020088851451874,13.0,0.6682672202587128,28,19,1.0,,
1700571053713-1-9-2-1-1,Disgust,NoseWrinklerL,0.1748709678649902,15.0,0.1748709678649902,15,23,0.6397709250450134,,
1700571062496-1-9-2-4-1,Disgust,NoseWrinklerL,0.18932616710662842,30.0,0.18932616710662842,30,30,0.4605793952941894,,
1700571063767-1-9-2-5-1,Disgust,NoseWrinklerL,0.11963798105716708,22.0,0.20466050505638123,2,30,0.6274039149284363,,
1700571167398-1-9-3-1-1,Disgust,NoseWrinklerL,0.26479273661971087,8.0,0.26479273661971087,8,26,0.7184978723526001,,
1700571348120-1-9-4-0-1,Disgust,NoseWrinklerL,0.05960717797279358,13.0,0.09857015311717979,19,17,0.2696840465068817,,
1700571368874-1-9-4-12-1,Disgust,NoseWrinklerL,0.37117320299148565,21.0,0.37117320299148565,21,21,0.8472506403923035,,
1700571374457-1-9-4-15-1,Disgust,NoseWrinklerL,0.1197837460786104,12.0,0.1197837460786104,12,17,0.4425010681152344,,
1700571393508-1-9-4-26-1,Disgust,NoseWrinklerL,0.14995650947093972,21.0,0.14995650947093972,21,30,0.4237784147262573,,
1700577733309-2-10-2-1-1,Disgust,NoseWrinklerL,0.10730328410863879,28.0,0.10730328410863879,28,30,0.1668106466531753,,
1700577740656-2-10-2-4-1,Disgust,NoseWrinklerL,0.056450888514518696,18.0,0.056450888514518696,18,21,0.1558501273393631,,
1700577744274-2-10-2-5-1,Disgust,NoseWrinklerL,0.039543088525533704,22.0,0.0655014216899871,29,24,0.1130522266030311,,
1700577841033-2-10-3-1-1,Disgust,NoseWrinklerL,0.0498867332935333,20.0,0.0498867332935333,20,29,0.0875132828950882,,
1700577857687-2-10-3-9-1,Disgust,NoseWrinklerL,0.1528578139841557,28.0,0.1528578139841557,28,29,0.21928571164608,,
1700578007024-2-10-4-0-1,Disgust,NoseWrinklerL,0.017142660915851607,5.0,0.017142660915851607,5,10,0.1296340674161911,,
1700578027679-2-10-4-12-1,Disgust,NoseWrinklerL,0.08896483480930331,27.0,0.08896483480930331,27,30,0.2839625775814056,,
1700578052853-2-10-4-26-1,Disgust,NoseWrinklerL,0.07360555231571202,9.0,0.07360555231571202,9,27,0.2575172483921051,,
1700580376133-0-11-2-4-1,Disgust,NoseWrinklerL,-5.333995027566951e-35,,9.584228620220413e-31,2,1,3.246466004089688e-30,,
1700580379024-0-11-2-5-1,Disgust,NoseWrinklerL,0.0,,5.745323703731754e-44,2,1,1.9618178500547443e-43,,
1700580485070-0-11-3-1-1,Disgust,NoseWrinklerL,0.1745323538780212,6.0,0.1745323538780212,6,22,0.6570384502410889,,
1700580688535-0-11-4-12-1,Disgust,NoseWrinklerL,0.20113122463226313,16.0,0.20113122463226313,16,20,0.6127243638038635,,
1700580713105-0-11-4-26-1,Disgust,NoseWrinklerL,0.1858430802822113,26.0,0.1858430802822113,26,26,0.4696611166000366,,
1700582060835-0-12-2-4-1,Disgust,NoseWrinklerL,0.2412902489304543,19.0,0.2412902489304543,19,27,0.8094568848609924,,
1700582195137-0-12-3-18-1,Disgust,NoseWrinklerL,0.14638769626617432,22.0,0.14638769626617432,22,27,0.9432852864265442,,
1700582326463-0-12-4-0-1,Disgust,NoseWrinklerL,0.07528197765350342,5.0,0.09695470333099365,30,28,0.8219366669654846,,
1700583893370-2-13-2-4-1,Disgust,NoseWrinklerL,0.1023665070533753,16.0,0.2632575035095215,29,25,0.7577493190765381,,
1700584001197-2-13-3-1-1,Disgust,NoseWrinklerL,0.1511579677462578,8.0,0.1511579677462578,8,14,0.5479069352149963,,
1700584035954-2-13-3-18-1,Disgust,NoseWrinklerL,0.33433312177658087,17.0,0.33433312177658087,17,27,0.8085333704948425,,
1700584201525-2-13-4-0-1,Disgust,NoseWrinklerL,0.06220221519470215,7.0,0.28562176227569586,29,1,0.9378891587257384,,
1700584223413-2-13-4-12-1,Disgust,NoseWrinklerL,0.37251673638820654,2.0,0.37251673638820654,2,27,0.8267989158630371,,
1700745110139-1-14-2-1-1,Disgust,NoseWrinklerL,0.2428047880530358,12.0,0.2428047880530358,12,30,0.6251792311668396,,
1700745121238-1-14-2-5-1,Disgust,NoseWrinklerL,0.05990809202194214,16.0,0.1761868596076966,29,1,0.8230174779891968,,
1700745223978-1-14-3-1-1,Disgust,NoseWrinklerL,0.30301293730735784,11.0,0.30301293730735784,11,17,0.9539622068405152,,
1700745258978-1-14-3-18-1,Disgust,NoseWrinklerL,0.25196087360382086,17.0,0.25196087360382086,17,29,0.7699790000915527,,
1700745393712-1-14-4-0-1,Disgust,NoseWrinklerL,0.02452141046524048,7.0,0.08020448684692383,6,1,0.9018467664718628,,
1700745414805-1-14-4-12-1,Disgust,NoseWrinklerL,0.2431608214974403,9.0,0.2431608214974403,9,16,0.8250263333320618,,
1700745420373-1-14-4-15-1,Disgust,NoseWrinklerL,0.1474125795066357,18.0,0.1474125795066357,18,29,0.8889382481575012,,
1700745439044-1-14-4-26-1,Disgust,NoseWrinklerL,0.3939861953258514,22.0,0.3939861953258514,22,28,0.7202641367912292,,
1700747230387-2-15-2-1-1,Disgust,NoseWrinklerL,0.048636630177497794,23.0,0.048636630177497794,23,29,0.2313670814037323,,
1700747237919-2-15-2-4-1,Disgust,NoseWrinklerL,0.5650748182088137,27.0,0.5650748182088137,27,27,0.5709729790687561,,
1700747240521-2-15-2-5-1,Disgust,NoseWrinklerL,0.02053137868642789,28.0,0.02053137868642789,28,30,0.0341712683439254,,
1700747349332-2-15-3-1-1,Disgust,NoseWrinklerL,0.0,,0.008447578642517401,29,1,0.010868526995182,,
1700747382885-2-15-3-18-1,Disgust,NoseWrinklerL,0.0210722163319588,27.0,0.0210722163319588,27,27,0.0675199851393699,,
1700747534547-2-15-4-12-1,Disgust,NoseWrinklerL,0.023251265287399292,5.0,0.1314955055713654,26,9,0.3594259023666382,,
1700747558772-2-15-4-26-1,Disgust,NoseWrinklerL,0.22637060284614563,19.0,0.22637060284614563,19,23,0.7845014333724976,,
1700748695589-0-16-2-4-1,Disgust,NoseWrinklerL,0.014367461204528892,7.0,0.019908204674720792,15,7,0.1564205288887024,,
1700748819058-0-16-3-9-1,Disgust,NoseWrinklerL,0.09579464048147199,25.0,0.09579464048147199,25,28,0.2310235351324081,,
1700749018794-0-16-4-26-1,Disgust,NoseWrinklerL,0.0771787762641907,7.0,0.20202857255935672,30,29,0.3760724365711212,,
1700753897855-0-17-2-1-1,Disgust,NoseWrinklerL,0.18432506918907168,22.0,0.18432506918907168,22,27,0.6785765290260315,,
1700753905468-0-17-2-4-1,Disgust,NoseWrinklerL,0.1584496796131134,22.0,0.1584496796131134,22,30,0.5835554003715515,,
1700753907881-0-17-2-5-1,Disgust,NoseWrinklerL,0.1959146559238434,21.0,0.1959146559238434,21,26,0.586651623249054,,
1700754009369-0-17-3-1-1,Disgust,NoseWrinklerL,0.15019774436950678,21.0,0.15019774436950678,21,29,0.4725689589977264,,
1700754025753-0-17-3-9-1,Disgust,NoseWrinklerL,0.06476736306257887,16.0,0.06476736306257887,16,28,0.2558248043060303,,
1700754043824-0-17-3-18-1,Disgust,NoseWrinklerL,0.11712604761123657,22.0,0.11712604761123657,22,25,0.3259532749652862,,
1700754177302-0-17-4-0-1,Disgust,NoseWrinklerL,0.1864535957574844,11.0,0.1864535957574844,11,27,0.3416539430618286,,
1700754198777-0-17-4-12-1,Disgust,NoseWrinklerL,0.1497364938259124,24.0,0.1497364938259124,24,28,0.3129773437976837,,
1700754224042-0-17-4-26-1,Disgust,NoseWrinklerL,0.0418748818337917,21.0,0.0418748818337917,21,26,0.1465635150671005,,
1700756363513-2-18-2-1-1,Disgust,NoseWrinklerL,0.32187414169311535,24.0,0.32187414169311535,24,30,1.0,,
1700756370115-2-18-2-4-1,Disgust,NoseWrinklerL,0.33704340457916265,20.0,0.33704340457916265,20,22,0.9995580911636353,,
1700756373040-2-18-2-5-1,Disgust,NoseWrinklerL,0.23961052484810363,8.0,0.23961052484810363,8,10,0.4125936329364776,,
1700756725541-2-18-4-12-1,Disgust,NoseWrinklerL,0.13298459351062772,26.0,0.13298459351062772,26,26,0.2894525229930877,,
1700756730921-2-18-4-15-1,Disgust,NoseWrinklerL,0.0387887116521597,27.0,0.0387887116521597,27,30,0.0637331530451774,,
1700824760644-0-19-4-12-1,Disgust,NoseWrinklerL,0.10224348679184919,15.0,0.10224348679184919,15,23,0.266896516084671,,
1700825813580-0-20-2-1-1,Disgust,NoseWrinklerL,0.026294097304344198,16.0,0.026294097304344198,16,18,0.0750013813376426,,
1700825938150-0-20-3-9-1,Disgust,NoseWrinklerL,0.47548244893550873,22.0,0.47548244893550873,22,27,1.0,,
1700826090300-0-20-4-0-1,Disgust,NoseWrinklerL,0.614861249923706,4.0,0.614861249923706,4,9,1.0,,
1700826111196-0-20-4-12-1,Disgust,NoseWrinklerL,0.49222469329833973,10.0,0.49222469329833973,10,14,1.0,,
1700827668398-0-21-2-4-1,Disgust,NoseWrinklerL,0.19525332003831875,14.0,0.19525332003831875,14,30,0.7307904362678528,,
1700827807807-0-21-3-9-1,Disgust,NoseWrinklerL,0.30867850780487066,12.0,0.30867850780487066,12,18,1.0,,
1700827988431-0-21-4-12-1,Disgust,NoseWrinklerL,0.1812106370925904,22.0,0.1812106370925904,22,27,0.9997251629829408,,
1700830033883-0-22-2-1-1,Disgust,NoseWrinklerL,0.0,,0.0,2,1,1.401298464324817e-45,,
1701085495679-2-23-2-5-1,Disgust,NoseWrinklerL,0.06783621013164519,28.0,0.06783621013164519,28,29,0.1943128705024719,,
1701085605407-2-23-3-1-1,Disgust,NoseWrinklerL,0.0747936069965362,26.0,0.0747936069965362,26,29,0.5994256734848022,,
1701085621175-2-23-3-9-1,Disgust,NoseWrinklerL,0.16746869683265692,18.0,0.16746869683265692,18,27,0.9661906361579896,,
1701085639668-2-23-3-18-1,Disgust,NoseWrinklerL,0.07715757191181188,11.0,0.07715757191181188,11,17,0.3528637290000915,,
1701085783312-2-23-4-0-1,Disgust,NoseWrinklerL,0.0769080519676209,10.0,0.11565020680427551,29,27,0.3890130817890167,,
1701085804610-2-23-4-12-1,Disgust,NoseWrinklerL,0.1024371087551117,8.0,0.21015067398548132,30,15,0.5852524042129517,,
1701085809428-2-23-4-15-1,Disgust,NoseWrinklerL,0.0785631537437439,26.0,0.0785631537437439,26,28,0.3136931359767914,,
1701085829241-2-23-4-26-1,Disgust,NoseWrinklerL,0.15342188626527792,11.0,0.15342188626527792,11,13,0.2286822646856308,,
1701087616815-0-24-4-12-1,Disgust,NoseWrinklerL,0.2113325297832489,6.0,0.26483333110809326,23,18,1.0,,
1701087622004-0-24-4-15-1,Disgust,NoseWrinklerL,0.06590390205383301,18.0,0.06590390205383301,18,21,0.0987945050001144,,
1701087641290-0-24-4-26-1,Disgust,NoseWrinklerL,0.18926149606704706,13.0,0.18926149606704706,13,25,0.926800549030304,,
1701090996306-0-25-2-5-1,Disgust,NoseWrinklerL,0.0188754983246326,23.0,0.0188754983246326,23,26,0.0353377535939216,,
1701091119011-0-25-3-9-1,Disgust,NoseWrinklerL,0.050982221961021396,20.0,0.11355690658092499,22,6,0.3392143249511719,,
1701091136841-0-25-3-18-1,Disgust,NoseWrinklerL,0.17463436722755438,17.0,0.17540006339550018,29,19,0.6786700487136841,,
1701091280708-0-25-4-0-1,Disgust,NoseWrinklerL,0.06404988467693332,2.0,0.06404988467693332,2,2,0.30061736702919,,
1701091307460-0-25-4-15-1,Disgust,NoseWrinklerL,0.0006333570927380995,2.0,0.0058941375464201,30,28,0.0108656231313943,,
1701091327274-0-25-4-26-1,Disgust,NoseWrinklerL,0.22971025109291077,6.0,0.22971025109291077,6,11,0.6936568021774292,,
1701092665216-0-26-2-5-1,Disgust,NoseWrinklerL,0.041103757917881005,14.0,0.0695414692163467,7,23,0.1894480735063552,,
1701092763620-0-26-3-1-1,Disgust,NoseWrinklerL,0.11805302649736402,3.0,0.11805302649736402,3,15,0.4441540539264679,,
1701092947353-0-26-4-0-1,Disgust,NoseWrinklerL,0.11681102216243752,19.0,0.11681102216243752,19,29,0.4548024535179138,,
1701092968808-0-26-4-12-1,Disgust,NoseWrinklerL,0.04712209105491641,16.0,0.04712209105491641,16,19,0.1816176623106002,,
1701094669809-2-27-3-9-1,Disgust,NoseWrinklerL,0.2215746343135834,19.0,0.4462595283985138,3,1,0.596013069152832,,
1701094688507-2-27-3-18-1,Disgust,NoseWrinklerL,0.0344258397817612,29.0,0.19828838109970093,24,2,0.9997903108596802,,
1701094865205-2-27-4-26-1,Disgust,NoseWrinklerL,0.5477432161569595,13.0,0.5477432161569595,13,18,0.945231556892395,,
1701170496806-0-28-2-4-1,Disgust,NoseWrinklerL,0.09229566156864169,10.0,0.09229566156864169,10,26,0.3553210794925689,,
1701170499176-0-28-2-5-1,Disgust,NoseWrinklerL,0.22410205006599432,4.0,0.23718354105949402,27,21,0.7149652242660522,,
1701170600723-0-28-3-1-1,Disgust,NoseWrinklerL,0.2200412787497044,8.0,0.2200412787497044,8,23,0.8886151313781738,,
1701175938949-1-29-2-1-1,Disgust,NoseWrinklerL,0.0014955997467042126,28.0,0.002309262752532848,26,1,1.0,,
1701175946689-1-29-2-4-1,Disgust,NoseWrinklerL,0.5662013590335846,19.0,0.5662013590335846,19,24,1.0,,
1701175949795-1-29-2-5-1,Disgust,NoseWrinklerL,0.04534292221069336,20.0,0.04534292221069336,20,30,0.9999991655349731,,
1701176065041-1-29-3-1-1,Disgust,NoseWrinklerL,0.06665736436843883,3.0,0.06665736436843883,3,30,0.9999900460243224,,
1701176080429-1-29-3-9-1,Disgust,NoseWrinklerL,0.2123394012451172,28.0,0.2123394012451172,28,29,0.7214804887771606,,
1701176099222-1-29-3-18-1,Disgust,NoseWrinklerL,0.04166567325592041,19.0,0.04166567325592041,19,19,0.976379930973053,,
1701176264239-1-29-4-12-1,Disgust,NoseWrinklerL,0.49353536963462835,13.0,0.49353536963462835,13,18,1.0,,
1701176269578-1-29-4-15-1,Disgust,NoseWrinklerL,0.5115652680397035,20.0,0.5115652680397035,20,26,1.0,,
1701176288555-1-29-4-26-1,Disgust,NoseWrinklerL,0.5719483066350222,18.0,0.5719483066350222,18,23,1.0,,
1701177687818-0-30-2-1-1,Disgust,NoseWrinklerL,0.0702321827411652,15.0,0.0702321827411652,15,17,0.1947981864213943,,
1701177695486-0-30-2-4-1,Disgust,NoseWrinklerL,0.04025116562843331,26.0,0.0847074091434479,27,26,0.1276564598083496,,
1701177818799-0-30-3-9-1,Disgust,NoseWrinklerL,0.057966586202383,23.0,0.057966586202383,23,25,0.181797906756401,,
1701178059050-0-30-4-0-1,Disgust,NoseWrinklerL,0.028783837333321502,6.0,0.028783837333321502,6,7,0.0638347491621971,,
1701178079978-0-30-4-12-1,Disgust,NoseWrinklerL,0.0901122502982617,11.0,0.0901122502982617,11,14,0.2286328673362732,,
1701188185950-0-31-3-1-1,Disgust,NoseWrinklerL,0.020469069480895996,21.0,0.09112608432769775,10,3,0.8250632882118225,,
1701188201669-0-31-3-9-1,Disgust,NoseWrinklerL,0.0741998553276062,29.0,0.0741998553276062,29,30,0.8863293528556824,,
1701188219709-0-31-3-18-1,Disgust,NoseWrinklerL,0.27094632387161266,8.0,0.27094632387161266,8,12,0.7877230048179626,,
1701188373564-0-31-4-12-1,Disgust,NoseWrinklerL,0.1577137410640717,7.0,0.1577137410640717,7,15,0.8885869979858398,,
1701346801987-1-32-2-4-1,Disgust,NoseWrinklerL,0.21324174106121063,2.0,0.21324174106121063,2,6,0.6404988169670105,,
1701346914839-1-32-3-1-1,Disgust,NoseWrinklerL,0.19887381792068481,24.0,0.19887381792068481,24,25,0.7699231505393982,,
1701347181669-1-32-4-12-1,Disgust,NoseWrinklerL,0.1084737330675125,25.0,0.1084737330675125,25,25,0.1699944138526916,,
1701350296214-0-33-2-4-1,Disgust,NoseWrinklerL,0.04749947786331199,10.0,0.23131561279296875,30,17,0.9864081144332886,,
1701350297604-0-33-2-5-1,Disgust,NoseWrinklerL,0.3430631160736084,20.0,0.3430631160736084,20,24,0.8909279704093933,,
1701350408668-0-33-3-1-1,Disgust,NoseWrinklerL,0.04593920707702648,3.0,0.14780199527740479,26,15,0.9934003949165344,,
1701350424755-0-33-3-9-1,Disgust,NoseWrinklerL,0.2504655122756958,11.0,0.2504655122756958,11,25,0.9999999403953552,,
1701350597285-0-33-4-0-1,Disgust,NoseWrinklerL,0.3135535120964051,9.0,0.3135535120964051,9,20,1.0,,
1701350618361-0-33-4-12-1,Disgust,NoseWrinklerL,0.3857608437538147,2.0,0.43457451462745667,27,12,0.999564528465271,,
1701357435954-0-34-2-1-1,Disgust,NoseWrinklerL,0.0458778627216816,29.0,0.0458778627216816,29,29,0.096633568406105,,
1701357443474-0-34-2-4-1,Disgust,NoseWrinklerL,0.1251599932909926,22.0,0.1251599932909926,22,24,0.1297424286603927,,
1701357445964-0-34-2-5-1,Disgust,NoseWrinklerL,0.005898084025829836,26.0,0.005898084025829836,26,27,0.0084474766626954,,
1701357565849-0-34-3-1-1,Disgust,NoseWrinklerL,0.05508964136242869,14.0,0.064590509980917,23,19,0.1561964899301529,,
1701357582043-0-34-3-9-1,Disgust,NoseWrinklerL,0.139315627515316,27.0,0.139315627515316,27,29,0.3390674889087677,,
1701357599915-0-34-3-18-1,Disgust,NoseWrinklerL,0.008447462239392462,27.0,0.008447462239392462,27,30,0.0101945037022233,,
1701357744592-0-34-4-0-1,Disgust,NoseWrinklerL,0.10612593591213221,21.0,0.10612593591213221,21,22,0.2563138902187347,,
1701357766192-0-34-4-12-1,Disgust,NoseWrinklerL,0.0767296701669693,30.0,0.0767296701669693,30,30,0.243110716342926,,
1701357771395-0-34-4-15-1,Disgust,NoseWrinklerL,0.1933250115253032,24.0,0.1933250115253032,24,29,0.4053352773189544,,
1701429344312-0-35-2-1-1,Disgust,NoseWrinklerL,0.03548496961593628,5.0,0.03548496961593628,5,13,0.8346481323242188,,
1701429352803-0-35-2-4-1,Disgust,NoseWrinklerL,0.17946135997772217,16.0,0.17946135997772217,16,22,0.9999998807907104,,
1701429354835-0-35-2-5-1,Disgust,NoseWrinklerL,0.35914655774831766,20.0,0.35914655774831766,20,23,0.6944538354873657,,
1701429451762-0-35-3-1-1,Disgust,NoseWrinklerL,0.10757340490818029,10.0,0.10757340490818029,10,27,0.581694483757019,,
1701429468360-0-35-3-9-1,Disgust,NoseWrinklerL,0.37334829568862915,24.0,0.37334829568862915,24,29,1.0,,
1701429485284-0-35-3-18-1,Disgust,NoseWrinklerL,0.3202235698699952,14.0,0.3202235698699952,14,18,0.7605330348014832,,
1701429610043-0-35-4-0-1,Disgust,NoseWrinklerL,0.3340129060670733,5.0,0.3340129060670733,5,8,0.8622251152992249,,
1701429632184-0-35-4-12-1,Disgust,NoseWrinklerL,0.4580709543079138,8.0,0.4580709543079138,8,28,0.9999994039535522,,
1701429637213-0-35-4-15-1,Disgust,NoseWrinklerL,0.3849631845951081,23.0,0.3849631845951081,23,29,1.0,,
1701429656472-0-35-4-26-1,Disgust,NoseWrinklerL,0.4129860699176789,24.0,0.4129860699176789,24,29,1.0,,
1701438118692-1-36-2-1-1,Disgust,NoseWrinklerL,0.39906971016898757,11.0,0.39906971016898757,11,18,1.0,,
1701438129454-1-36-2-5-1,Disgust,NoseWrinklerL,0.05680527538061139,22.0,0.05680527538061139,22,4,0.3140512108802795,,
1701438271356-1-36-3-18-1,Disgust,NoseWrinklerL,0.1431923657655716,7.0,0.1431923657655716,7,11,0.3802913427352905,,
1701438424827-1-36-4-0-1,Disgust,NoseWrinklerL,0.0255512781441212,30.0,0.0255512781441212,30,30,0.0455162040889263,,
1701438452174-1-36-4-15-1,Disgust,NoseWrinklerL,0.08715175092220301,18.0,0.08715175092220301,18,30,0.2816735506057739,,
1701440282185-0-37-2-1-1,Disgust,NoseWrinklerL,0.037531647831201595,14.0,0.037531647831201595,14,14,0.0824928358197212,,
1701440289273-0-37-2-4-1,Disgust,NoseWrinklerL,0.12114615738391879,10.0,0.12114615738391879,10,25,0.5074100494384766,,
1701440291783-0-37-2-5-1,Disgust,NoseWrinklerL,0.12613163888454437,27.0,0.12613163888454437,27,29,0.3629539012908935,,
1701440395316-0-37-3-1-1,Disgust,NoseWrinklerL,0.005976677872240601,26.0,0.0187217891216278,2,1,0.0577805116772651,,
1701440412003-0-37-3-9-1,Disgust,NoseWrinklerL,0.014851123094558799,15.0,0.05355760455131531,8,1,0.4545590281486511,,
1701440430010-0-37-3-18-1,Disgust,NoseWrinklerL,0.162984699010849,11.0,0.1933563649654388,13,11,0.6057358980178833,,
1701440573008-0-37-4-0-1,Disgust,NoseWrinklerL,0.21457834541797638,11.0,0.21457834541797638,11,13,0.3910799920558929,,
1701440594034-0-37-4-12-1,Disgust,NoseWrinklerL,0.13754680752754217,2.0,0.166118323802948,7,6,0.7709641456604004,,
1701440599296-0-37-4-15-1,Disgust,NoseWrinklerL,0.1165923327207565,3.0,0.1411159336566925,14,10,0.5634214878082275,,
1701440618619-0-37-4-26-1,Disgust,NoseWrinklerL,0.03738293051719668,2.0,0.10103458166122442,4,3,0.2754094898700714,0.023452149181739768,0.023452149181739768
1700479106931-2-1-2-1-1,Disgust,NoseWrinklerR,0.0058981655165553,19.0,0.0058981655165553,19,19,0.0058981655165553,,
1700479113933-2-1-2-4-1,Disgust,NoseWrinklerR,0.0,,9.097254020882205e-22,2,1,1.807575632897155e-21,,
1700479117593-2-1-2-5-1,Disgust,NoseWrinklerR,0.0,,4.836328070647e-37,3,1,1.638230098355959e-36,,
1700479240547-2-1-3-1-1,Disgust,NoseWrinklerR,0.0,,0.0,2,1,1.401298464324817e-45,,
1700479274174-2-1-3-18-1,Disgust,NoseWrinklerR,0.005898117553442357,17.0,0.005898117553442357,17,18,0.0084475325420498,,
1700479411435-2-1-4-0-1,Disgust,NoseWrinklerR,0.0,,1.1278068541287212e-06,2,1,2.132775534846587e-06,,
1700479432977-2-1-4-12-1,Disgust,NoseWrinklerR,0.0,,1.659404384735108e-11,3,1,3.2970667862564085e-11,,
1700479438658-2-1-4-15-1,Disgust,NoseWrinklerR,0.0482079498469829,20.0,0.0482079498469829,20,30,0.1566934883594513,,
1700479457287-2-1-4-26-1,Disgust,NoseWrinklerR,0.064985032659024,26.0,0.064985032659024,26,26,0.0708832144737243,,
1700486073568-1-2-2-1-1,Disgust,NoseWrinklerR,0.1959547996520996,20.0,0.1959547996520996,20,20,0.7550424933433533,,
1700486081556-1-2-2-4-1,Disgust,NoseWrinklerR,0.3594652116298676,9.0,0.3594652116298676,9,28,1.0,,
1700486083662-1-2-2-5-1,Disgust,NoseWrinklerR,0.5899614412337543,7.0,0.5899614412337543,7,23,1.0,,
1700486192396-1-2-3-1-1,Disgust,NoseWrinklerR,0.18608509004116058,9.0,0.18608509004116058,9,17,1.0,,
1700486226762-1-2-3-18-1,Disgust,NoseWrinklerR,0.3611145592294634,5.0,0.3611145592294634,5,21,1.0,,
1700486361862-1-2-4-0-1,Disgust,NoseWrinklerR,0.22286921739578247,11.0,0.22286921739578247,11,15,0.999997615814209,,
1700486383298-1-2-4-12-1,Disgust,NoseWrinklerR,0.2419592635706068,22.0,0.2419592635706068,22,28,0.8353813886642456,,
1700486388492-1-2-4-15-1,Disgust,NoseWrinklerR,0.33465340733528137,16.0,0.33465340733528137,16,28,1.0,,
1700487963017-0-3-2-4-1,Disgust,NoseWrinklerR,0.11972594633698458,19.0,0.11972594633698458,19,27,0.5821782350540161,,
1700488092770-0-3-3-9-1,Disgust,NoseWrinklerR,0.1315776593983174,9.0,0.1315776593983174,9,29,0.4780771732330322,,
1700488251925-0-3-4-0-1,Disgust,NoseWrinklerR,0.04129528999328613,27.0,0.07589477300643921,11,4,0.8673904538154602,,
1700488273233-0-3-4-12-1,Disgust,NoseWrinklerR,0.0,,8.963872460299172e-06,2,1,2.6922954930341803e-05,,
1700489724732-0-4-2-1-1,Disgust,NoseWrinklerR,0.561772808432579,5.0,0.561772808432579,5,10,1.0,,
1700489734119-0-4-2-5-1,Disgust,NoseWrinklerR,0.3125631436705589,24.0,0.3125631436705589,24,30,0.9526281952857972,,
1700489858468-0-4-3-1-1,Disgust,NoseWrinklerR,0.056504786014556885,21.0,0.16782259941101074,30,1,1.0,,
1700489873966-0-4-3-9-1,Disgust,NoseWrinklerR,0.37499269843101507,22.0,0.37499269843101507,22,27,1.0,,
1700489892426-0-4-3-18-1,Disgust,NoseWrinklerR,0.0,,0.0,2,1,1.0,,
1700490042794-0-4-4-0-1,Disgust,NoseWrinklerR,0.1548333764076233,3.0,0.1548333764076233,3,9,1.0,,
1700490063437-0-4-4-12-1,Disgust,NoseWrinklerR,0.4976838885324923,8.0,0.4976838885324923,8,15,1.0,,
1700490068842-0-4-4-15-1,Disgust,NoseWrinklerR,0.33822032809257513,21.0,0.33822032809257513,21,27,1.0,,
1700490088390-0-4-4-26-1,Disgust,NoseWrinklerR,0.41943448781967163,18.0,0.41943448781967163,18,29,0.967036783695221,,
1700491502988-1-5-2-1-1,Disgust,NoseWrinklerR,0.0,,0.0,2,1,1.0,,
1700491509590-1-5-2-4-1,Disgust,NoseWrinklerR,0.200267732143402,8.0,0.200267732143402,8,13,1.0,,
1700491512412-1-5-2-5-1,Disgust,NoseWrinklerR,0.10854625701904308,7.0,0.10854625701904308,7,12,1.0,,
1700491615944-1-5-3-1-1,Disgust,NoseWrinklerR,0.0,,0.0,2,1,1.0,,
1700491632381-1-5-3-9-1,Disgust,NoseWrinklerR,0.31780463457107544,4.0,0.31780463457107544,4,10,1.0,,
1700491650295-1-5-3-18-1,Disgust,NoseWrinklerR,0.016617774963379017,2.0,0.016617774963379017,2,9,1.0,,
1700491790127-1-5-4-0-1,Disgust,NoseWrinklerR,0.0,,0.0,2,1,1.0,,
1700491811175-1-5-4-12-1,Disgust,NoseWrinklerR,0.12059986591339111,3.0,0.12059986591339111,3,8,1.0,,
1700496796273-1-6-2-1-1,Disgust,NoseWrinklerR,0.1525721848011017,13.0,0.1555605083703995,8,7,0.3252406120300293,,
1700496803832-1-6-2-4-1,Disgust,NoseWrinklerR,0.062137544155120794,6.0,0.2330740131437779,14,11,0.2936387360095978,,
1700496806559-1-6-2-5-1,Disgust,NoseWrinklerR,0.08595198392868042,7.0,0.08595198392868042,7,7,0.3810809552669525,,
1700496918574-1-6-3-1-1,Disgust,NoseWrinklerR,0.2397865103557706,14.0,0.2397865103557706,14,30,0.4135680794715881,,
1700496952599-1-6-3-18-1,Disgust,NoseWrinklerR,0.2092529982328415,26.0,0.3065911978483201,28,26,0.4470952451229095,,
1700497111362-1-6-4-12-1,Disgust,NoseWrinklerR,0.11871913075447088,9.0,0.1299940496683121,19,11,0.584749162197113,,
1700567787758-2-8-2-1-1,Disgust,NoseWrinklerR,0.17196124792099,3.0,0.17196124792099,3,25,0.9622204899787904,,
1700567795123-2-8-2-4-1,Disgust,NoseWrinklerR,0.3268671706318856,7.0,0.3268671706318856,7,12,1.0,,
1700567903352-2-8-3-1-1,Disgust,NoseWrinklerR,0.10633206553757188,7.0,0.10633206553757188,7,29,0.5573863387107849,,
1700567920333-2-8-3-9-1,Disgust,NoseWrinklerR,0.3681744933128357,17.0,0.3681744933128357,17,30,0.9999880790710448,,
1700567938373-2-8-3-18-1,Disgust,NoseWrinklerR,0.3470461666584015,6.0,0.3470461666584015,6,10,0.9998182654380798,,
1700568075798-2-8-4-0-1,Disgust,NoseWrinklerR,0.1549284160137177,6.0,0.1549284160137177,6,16,0.8908296823501587,,
1700568096451-2-8-4-12-1,Disgust,NoseWrinklerR,0.2624312490224838,19.0,0.2624312490224838,19,29,0.9941314458847046,,
1700568102387-2-8-4-15-1,Disgust,NoseWrinklerR,0.27512237429618835,16.0,0.27512237429618835,16,22,1.0,,
1700568121727-2-8-4-26-1,Disgust,NoseWrinklerR,0.49186691641807556,13.0,0.6000053882598878,28,19,1.0,,
1700571053713-1-9-2-1-1,Disgust,NoseWrinklerR,0.1768029518425465,15.0,0.1768029518425465,15,23,0.6288675665855408,,
1700571062496-1-9-2-4-1,Disgust,NoseWrinklerR,0.20298205316066742,30.0,0.20298205316066742,30,30,0.4054285287857055,,
1700571063767-1-9-2-5-1,Disgust,NoseWrinklerR,0.10425445437431341,22.0,0.22201466560363775,2,30,0.583557665348053,,
1700571167398-1-9-3-1-1,Disgust,NoseWrinklerR,0.2669238005764783,8.0,0.2669238005764783,8,26,0.7028192281723022,,
1700571348120-1-9-4-0-1,Disgust,NoseWrinklerR,0.05075603723525998,13.0,0.0961704105138779,19,17,0.2533692419528961,,
1700571368874-1-9-4-12-1,Disgust,NoseWrinklerR,0.3652443587779999,21.0,0.3652443587779999,21,21,0.7926198244094849,,
1700571374457-1-9-4-15-1,Disgust,NoseWrinklerR,0.1037073796615005,12.0,0.1037073796615005,12,17,0.3887356519699096,,
1700571393508-1-9-4-26-1,Disgust,NoseWrinklerR,0.1373838484287262,30.0,0.1373838484287262,30,30,0.3965672254562378,,
1700577733309-2-10-2-1-1,Disgust,NoseWrinklerR,0.1125410627573729,28.0,0.1125410627573729,28,30,0.1559435278177261,,
1700577740656-2-10-2-4-1,Disgust,NoseWrinklerR,0.0572011135518551,18.0,0.0572011135518551,18,21,0.1288879066705703,,
1700577744274-2-10-2-5-1,Disgust,NoseWrinklerR,0.019959999248385398,20.0,0.0782766472548246,29,27,0.1019821390509605,,
1700577841033-2-10-3-1-1,Disgust,NoseWrinklerR,0.04628901928663261,20.0,0.04628901928663261,20,29,0.0873460844159126,,
1700577857687-2-10-3-9-1,Disgust,NoseWrinklerR,0.1258464939892292,28.0,0.1258464939892292,28,29,0.1917302310466766,,
1700578007024-2-10-4-0-1,Disgust,NoseWrinklerR,0.02186280488967901,16.0,0.026560731232166304,15,10,0.118599034845829,,
1700578027679-2-10-4-12-1,Disgust,NoseWrinklerR,0.09963284432888037,27.0,0.09963284432888037,27,30,0.296408087015152,,
1700578052853-2-10-4-26-1,Disgust,NoseWrinklerR,0.04400203376978074,8.0,0.04400203376978074,8,23,0.2070094048976898,,
1700580376133-0-11-2-4-1,Disgust,NoseWrinklerR,0.00589810777392724,22.0,0.00589810777392724,22,30,0.0108142886310815,,
1700580379024-0-11-2-5-1,Disgust,NoseWrinklerR,0.005898106374223771,13.0,0.005898106374223771,13,28,0.0096076289191842,,
1700580485070-0-11-3-1-1,Disgust,NoseWrinklerR,0.1585939079523086,6.0,0.1585939079523086,6,22,0.6408122181892395,,
1700580688535-0-11-4-12-1,Disgust,NoseWrinklerR,0.2275412827730179,16.0,0.2275412827730179,16,20,0.6294730305671692,,
1700580713105-0-11-4-26-1,Disgust,NoseWrinklerR,0.1868608295917511,26.0,0.1868608295917511,26,26,0.4701053500175476,,
1700582060835-0-12-2-4-1,Disgust,NoseWrinklerR,0.20847711712121958,19.0,0.20847711712121958,19,27,0.7862861156463623,,
1700582195137-0-12-3-18-1,Disgust,NoseWrinklerR,0.14412230253219604,22.0,0.14412230253219604,22,28,0.9463354349136353,,
1700582326463-0-12-4-0-1,Disgust,NoseWrinklerR,0.08402043581008911,5.0,0.08958935737609863,30,28,0.8493772745132446,,
1700583893370-2-13-2-4-1,Disgust,NoseWrinklerR,0.0951840206980705,11.0,0.24928572773933416,29,25,0.7569159269332886,,
1700584001197-2-13-3-1-1,Disgust,NoseWrinklerR,0.1407456696033478,8.0,0.1407456696033478,8,14,0.5213731527328491,,
1700584035954-2-13-3-18-1,Disgust,NoseWrinklerR,0.3067965507507324,17.0,0.3067965507507324,17,27,0.7591553330421448,,
1700584201525-2-13-4-0-1,Disgust,NoseWrinklerR,0.03914487361907959,7.0,0.2846363782882691,29,1,0.8835897445678711,,
1700584223413-2-13-4-12-1,Disgust,NoseWrinklerR,0.36188039183616644,2.0,0.36188039183616644,2,24,0.7966938018798828,,
1700745110139-1-14-2-1-1,Disgust,NoseWrinklerR,0.26543789356946945,12.0,0.26543789356946945,12,28,0.6621147394180298,,
1700745121238-1-14-2-5-1,Disgust,NoseWrinklerR,0.05040651559829712,16.0,0.14866691827774048,29,1,0.8232885003089905,,
1700745223978-1-14-3-1-1,Disgust,NoseWrinklerR,0.3303331285715103,11.0,0.3303331285715103,11,17,0.9814454913139344,,
1700745258978-1-14-3-18-1,Disgust,NoseWrinklerR,0.23566836118698126,17.0,0.23566836118698126,17,19,0.7956753373146057,,
1700745393712-1-14-4-0-1,Disgust,NoseWrinklerR,0.02645266056060791,7.0,0.07185602188110352,6,1,0.9023640751838684,,
1700745414805-1-14-4-12-1,Disgust,NoseWrinklerR,0.2661629542708397,9.0,0.2661629542708397,9,16,0.8789458274841309,,
1700745420373-1-14-4-15-1,Disgust,NoseWrinklerR,0.1602825447916985,18.0,0.1602825447916985,18,29,0.9160522818565368,,
1700745439044-1-14-4-26-1,Disgust,NoseWrinklerR,0.4533120230771602,22.0,0.4533120230771602,22,28,0.7317109107971191,,
1700747230387-2-15-2-1-1,Disgust,NoseWrinklerR,0.0596345975063741,23.0,0.0596345975063741,23,29,0.2091200798749923,,
1700747237919-2-15-2-4-1,Disgust,NoseWrinklerR,0.5372651387006044,27.0,0.5372651387006044,27,27,0.5431632995605469,,
1700747240521-2-15-2-5-1,Disgust,NoseWrinklerR,0.005897589027881367,30.0,0.005897589027881367,30,30,0.0058975890278816,,
1700747349332-2-15-3-1-1,Disgust,NoseWrinklerR,0.0,,3.4005707971740394e-11,4,1,9.586807736550183e-11,,
1700747382885-2-15-3-18-1,Disgust,NoseWrinklerR,0.012554418295621799,27.0,0.012554418295621799,27,27,0.0312347598373889,,
1700747534547-2-15-4-12-1,Disgust,NoseWrinklerR,0.03179681301116949,9.0,0.1298430934548379,26,9,0.3195135295391083,,
1700747558772-2-15-4-26-1,Disgust,NoseWrinklerR,0.2362661361694336,20.0,0.2362661361694336,20,23,0.7955487966537476,,
1700748695589-0-16-2-4-1,Disgust,NoseWrinklerR,0.02682910859584811,20.0,0.02682910859584811,20,10,0.1647781282663345,,
1700748819058-0-16-3-9-1,Disgust,NoseWrinklerR,0.0947654992341995,25.0,0.0947654992341995,25,30,0.2563659250736236,,
1700749018794-0-16-4-26-1,Disgust,NoseWrinklerR,0.09348459541797641,7.0,0.2228236347436905,30,29,0.4523835182189941,,
1700753897855-0-17-2-1-1,Disgust,NoseWrinklerR,0.1860295832157135,23.0,0.1860295832157135,23,27,0.639824628829956,,
1700753905468-0-17-2-4-1,Disgust,NoseWrinklerR,0.15842568874359125,22.0,0.15842568874359125,22,30,0.5734662413597107,,
1700753907881-0-17-2-5-1,Disgust,NoseWrinklerR,0.1954425871372223,21.0,0.1954425871372223,21,26,0.5866872668266296,,
1700754009369-0-17-3-1-1,Disgust,NoseWrinklerR,0.15159671008586892,21.0,0.15159671008586892,21,29,0.4834590256214142,,
1700754025753-0-17-3-9-1,Disgust,NoseWrinklerR,0.09129468363236268,16.0,0.09129468363236268,16,28,0.2717166543006897,,
1700754043824-0-17-3-18-1,Disgust,NoseWrinklerR,0.1107972711324692,22.0,0.1107972711324692,22,25,0.3135952651500702,,
1700754177302-0-17-4-0-1,Disgust,NoseWrinklerR,0.1948484247550369,11.0,0.1948484247550369,11,26,0.3591579496860504,,
1700754198777-0-17-4-12-1,Disgust,NoseWrinklerR,0.1227964162826538,24.0,0.1227964162826538,24,28,0.3238911032676697,,
1700754224042-0-17-4-26-1,Disgust,NoseWrinklerR,0.041159514337778105,21.0,0.041159514337778105,21,26,0.1574185043573379,,
1700756363513-2-18-2-1-1,Disgust,NoseWrinklerR,0.281250298023224,24.0,0.281250298023224,24,30,1.0,,
1700756370115-2-18-2-4-1,Disgust,NoseWrinklerR,0.35316133499145513,20.0,0.35316133499145513,20,22,0.9997937083244324,,
1700756373040-2-18-2-5-1,Disgust,NoseWrinklerR,0.2802883051335812,8.0,0.2802883051335812,8,10,0.4673676788806915,,
1700756725541-2-18-4-12-1,Disgust,NoseWrinklerR,0.1218924373388291,26.0,0.128773957490921,28,26,0.3061375617980957,,
1700756730921-2-18-4-15-1,Disgust,NoseWrinklerR,0.0442785918712616,27.0,0.0442785918712616,27,30,0.0911442637443542,,
1700824760644-0-19-4-12-1,Disgust,NoseWrinklerR,0.1190479472279549,15.0,0.1190479472279549,15,23,0.2885232865810394,,
1700825813580-0-20-2-1-1,Disgust,NoseWrinklerR,0.050829701125621796,16.0,0.050829701125621796,16,18,0.1282837837934494,,
1700825938150-0-20-3-9-1,Disgust,NoseWrinklerR,0.4754825383424759,22.0,0.4754825383424759,22,27,1.0,,
1700826090300-0-20-4-0-1,Disgust,NoseWrinklerR,0.6146213412284851,4.0,0.6146213412284851,4,9,1.0,,
1700826111196-0-20-4-12-1,Disgust,NoseWrinklerR,0.4718018174171448,10.0,0.4718018174171448,10,14,1.0,,
1700827668398-0-21-2-4-1,Disgust,NoseWrinklerR,0.1953859776258469,14.0,0.1953859776258469,14,30,0.7580074071884155,,
1700827807807-0-21-3-9-1,Disgust,NoseWrinklerR,0.29227676987648016,12.0,0.29227676987648016,12,18,1.0,,
1700827988431-0-21-4-12-1,Disgust,NoseWrinklerR,0.18023535609245306,22.0,0.18023535609245306,22,29,0.9670408368110656,,
1700830033883-0-22-2-1-1,Disgust,NoseWrinklerR,0.0,,0.0,2,1,1.401298464324817e-45,,
1701085495679-2-23-2-5-1,Disgust,NoseWrinklerR,0.06780447065830231,28.0,0.06780447065830231,28,29,0.2101499587297439,,
1701085605407-2-23-3-1-1,Disgust,NoseWrinklerR,0.07559230923652649,27.0,0.07559230923652649,27,30,0.6284637451171875,,
1701085621175-2-23-3-9-1,Disgust,NoseWrinklerR,0.15942935645580292,18.0,0.15942935645580292,18,30,0.980438470840454,,
1701085639668-2-23-3-18-1,Disgust,NoseWrinklerR,0.067092590034008,10.0,0.067092590034008,10,17,0.3637981414794922,,
1701085783312-2-23-4-0-1,Disgust,NoseWrinklerR,0.06761017441749567,10.0,0.10040125250816351,29,27,0.3890855610370636,,
1701085804610-2-23-4-12-1,Disgust,NoseWrinklerR,0.1023078560829162,8.0,0.2212872058153153,30,15,0.585231363773346,,
1701085809428-2-23-4-15-1,Disgust,NoseWrinklerR,0.09058867394924161,26.0,0.09058867394924161,26,28,0.3148060441017151,,
1701085829241-2-23-4-26-1,Disgust,NoseWrinklerR,0.1526596317999065,11.0,0.1526596317999065,11,13,0.2286824882030487,,
1701087616815-0-24-4-12-1,Disgust,NoseWrinklerR,0.22831153869628912,6.0,0.2645738124847412,23,17,1.0,,
1701087622004-0-24-4-15-1,Disgust,NoseWrinklerR,0.0678285285830498,18.0,0.0678285285830498,18,22,0.1027904748916626,,
1701087641290-0-24-4-26-1,Disgust,NoseWrinklerR,0.2103774547576904,13.0,0.2103774547576904,13,25,0.9159356951713562,,
1701090996306-0-25-2-5-1,Disgust,NoseWrinklerR,0.005821741242882905,23.0,0.005821741242882905,23,30,0.0106747867539525,,
1701091119011-0-25-3-9-1,Disgust,NoseWrinklerR,0.0868605598807335,20.0,0.10092183575034142,22,6,0.2563830316066742,,
1701091136841-0-25-3-18-1,Disgust,NoseWrinklerR,0.1589289903640747,17.0,0.1589289903640747,17,19,0.6128109693527222,,
1701091280708-0-25-4-0-1,Disgust,NoseWrinklerR,0.04629406332969668,2.0,0.04629406332969668,2,2,0.2611687183380127,,
1701091307460-0-25-4-15-1,Disgust,NoseWrinklerR,0.005889655300084147,8.0,0.005889655300084147,8,23,0.0092927394434809,,
1701091327274-0-25-4-26-1,Disgust,NoseWrinklerR,0.23045586049556732,6.0,0.23045586049556732,6,11,0.6011843681335449,,
1701092665216-0-26-2-5-1,Disgust,NoseWrinklerR,0.053747083991766,14.0,0.0587198287248611,9,23,0.2041568905115127,,
1701092763620-0-26-3-1-1,Disgust,NoseWrinklerR,0.1069286949932575,3.0,0.1069286949932575,3,17,0.4452913701534271,,
1701092947353-0-26-4-0-1,Disgust,NoseWrinklerR,0.13355791568756106,19.0,0.13355791568756106,19,29,0.4451154172420501,,
1701092968808-0-26-4-12-1,Disgust,NoseWrinklerR,0.046809963881969396,11.0,0.049984764307737295,25,19,0.1813896298408508,,
1701094669809-2-27-3-9-1,Disgust,NoseWrinklerR,0.2120398283004761,19.0,0.43492458760738373,3,1,0.584308385848999,,
1701094688507-2-27-3-18-1,Disgust,NoseWrinklerR,0.02430377155542371,29.0,0.2132149338722229,24,2,0.9997954368591307,,
1701094865205-2-27-4-26-1,Disgust,NoseWrinklerR,0.5640096440911294,13.0,0.5640096440911294,13,18,0.9447369575500488,,
1701170496806-0-28-2-4-1,Disgust,NoseWrinklerR,0.0939245522022247,10.0,0.0939245522022247,10,26,0.3060450851917267,,
1701170499176-0-28-2-5-1,Disgust,NoseWrinklerR,0.2237399518489837,4.0,0.2237399518489837,4,21,0.6871801614761353,,
1701170600723-0-28-3-1-1,Disgust,NoseWrinklerR,0.1647164653986693,8.0,0.1647164653986693,8,23,0.8504584431648254,,
1701175938949-1-29-2-1-1,Disgust,NoseWrinklerR,0.0,,0.0,2,1,1.0,,
1701175946689-1-29-2-4-1,Disgust,NoseWrinklerR,0.5603779256343843,19.0,0.5603779256343843,19,24,1.0,,
1701175949795-1-29-2-5-1,Disgust,NoseWrinklerR,0.04521197080612194,21.0,0.04521197080612194,21,30,0.9999996423721312,,
1701176065041-1-29-3-1-1,Disgust,NoseWrinklerR,0.07393443584442128,3.0,0.07393443584442128,3,30,0.9999982714653016,,
1701176080429-1-29-3-9-1,Disgust,NoseWrinklerR,0.206681489944458,28.0,0.206681489944458,28,29,0.7434118390083313,,
1701176099222-1-29-3-18-1,Disgust,NoseWrinklerR,0.029286742210388073,19.0,0.029286742210388073,19,25,0.9637669920921326,,
1701176264239-1-29-4-12-1,Disgust,NoseWrinklerR,0.5198708474636078,13.0,0.5198708474636078,13,18,1.0,,
1701176269578-1-29-4-15-1,Disgust,NoseWrinklerR,0.5119744092226028,20.0,0.5119744092226028,20,26,1.0,,
1701176288555-1-29-4-26-1,Disgust,NoseWrinklerR,0.599072912707925,18.0,0.599072912707925,18,23,1.0,,
1701177687818-0-30-2-1-1,Disgust,NoseWrinklerR,0.0856813341379166,15.0,0.0856813341379166,15,16,0.2176620662212371,,
1701177695486-0-30-2-4-1,Disgust,NoseWrinklerR,0.025143839418888106,26.0,0.0618638098239899,27,26,0.1155334934592247,,
1701177818799-0-30-3-9-1,Disgust,NoseWrinklerR,0.08069543271062679,21.0,0.08069543271062679,21,25,0.230413407087326,,
1701178059050-0-30-4-0-1,Disgust,NoseWrinklerR,0.0386602431535721,6.0,0.0386602431535721,6,7,0.102310262620449,,
1701178079978-0-30-4-12-1,Disgust,NoseWrinklerR,0.09503257274627691,12.0,0.09503257274627691,12,14,0.245877057313919,,
1701188185950-0-31-3-1-1,Disgust,NoseWrinklerR,0.02588021755218506,27.0,0.08727818727493286,10,3,0.8353769183158875,,
1701188201669-0-31-3-9-1,Disgust,NoseWrinklerR,0.07648062705993652,23.0,0.07648062705993652,23,30,0.8862922787666321,,
1701188219709-0-31-3-18-1,Disgust,NoseWrinklerR,0.2612388730049133,8.0,0.2612388730049133,8,12,0.797588050365448,,
1701188373564-0-31-4-12-1,Disgust,NoseWrinklerR,0.1597383469343186,4.0,0.1597383469343186,4,15,0.9149876832962036,,
1701346801987-1-32-2-4-1,Disgust,NoseWrinklerR,0.19661282002925873,2.0,0.19661282002925873,2,6,0.5861158967018127,,
1701346914839-1-32-3-1-1,Disgust,NoseWrinklerR,0.18600121140480042,23.0,0.18600121140480042,23,26,0.6953582167625427,,
1701347181669-1-32-4-12-1,Disgust,NoseWrinklerR,0.09208080172538749,25.0,0.09208080172538749,25,27,0.1791633665561676,,
1701350296214-0-33-2-4-1,Disgust,NoseWrinklerR,0.063468337059021,10.0,0.2366635799407959,30,17,0.9954290986061096,,
1701350297604-0-33-2-5-1,Disgust,NoseWrinklerR,0.3547680526971817,20.0,0.3547680526971817,20,24,0.9181102514266968,,
1701350408668-0-33-3-1-1,Disgust,NoseWrinklerR,0.035442888736724965,3.0,0.1606434285640716,28,15,0.9995288848876952,,
1701350424755-0-33-3-9-1,Disgust,NoseWrinklerR,0.2405284345149994,11.0,0.2405284345149994,11,22,1.0,,
1701350597285-0-33-4-0-1,Disgust,NoseWrinklerR,0.30660539865493774,10.0,0.30660539865493774,10,19,1.0,,
1701350618361-0-33-4-12-1,Disgust,NoseWrinklerR,0.3859399855136872,2.0,0.43440659344196325,27,14,1.0,,
1701357435954-0-34-2-1-1,Disgust,NoseWrinklerR,0.059182591736316695,29.0,0.059182591736316695,29,29,0.1097137555480003,,
1701357443474-0-34-2-4-1,Disgust,NoseWrinklerR,0.14142742496071029,22.0,0.14142742496071029,22,24,0.1460982263088226,,
1701357445964-0-34-2-5-1,Disgust,NoseWrinklerR,0.005898132454603785,25.0,0.005898132454603785,25,27,0.0096218762919306,,
1701357565849-0-34-3-1-1,Disgust,NoseWrinklerR,0.06471868418157099,14.0,0.06471868418157099,14,19,0.1561619341373443,,
1701357582043-0-34-3-9-1,Disgust,NoseWrinklerR,0.15081648528575903,27.0,0.15081648528575903,27,29,0.3500047624111175,,
1701357599915-0-34-3-18-1,Disgust,NoseWrinklerR,0.016610092483460896,29.0,0.016610092483460896,29,29,0.0318785980343818,,
1701357744592-0-34-4-0-1,Disgust,NoseWrinklerR,0.11200797557830809,21.0,0.11200797557830809,21,22,0.2572493851184845,,
1701357766192-0-34-4-12-1,Disgust,NoseWrinklerR,0.08304902911186221,30.0,0.08304902911186221,30,30,0.2533400654792785,,
1701357771395-0-34-4-15-1,Disgust,NoseWrinklerR,0.2041262281127274,24.0,0.2041262281127274,24,29,0.4060198366641998,,
1701429344312-0-35-2-1-1,Disgust,NoseWrinklerR,0.028201818466186523,2.0,0.028201818466186523,2,26,0.8524629473686218,,
1701429352803-0-35-2-4-1,Disgust,NoseWrinklerR,0.17130285501480097,14.0,0.17130285501480097,14,22,0.9999998807907104,,
1701429354835-0-35-2-5-1,Disgust,NoseWrinklerR,0.358892098069191,20.0,0.358892098069191,20,23,0.7211902737617493,,
1701429451762-0-35-3-1-1,Disgust,NoseWrinklerR,0.1053433418273926,10.0,0.1053433418273926,10,27,0.5831739902496338,,
1701429468360-0-35-3-9-1,Disgust,NoseWrinklerR,0.3568166196346283,24.0,0.3568166196346283,24,29,1.0,,
1701429485284-0-35-3-18-1,Disgust,NoseWrinklerR,0.3308156728744507,14.0,0.3308156728744507,14,17,0.7699534893035889,,
1701429610043-0-35-4-0-1,Disgust,NoseWrinklerR,0.33211022429168224,5.0,0.33211022429168224,5,8,0.8784279227256775,,
1701429632184-0-35-4-12-1,Disgust,NoseWrinklerR,0.46486183255910885,8.0,0.46486183255910885,8,28,0.999999225139618,,
1701429637213-0-35-4-15-1,Disgust,NoseWrinklerR,0.40112707018852234,23.0,0.40112707018852234,23,29,1.0,,
1701429656472-0-35-4-26-1,Disgust,NoseWrinklerR,0.4048348367214203,22.0,0.4048348367214203,22,29,1.0,,
1701438118692-1-36-2-1-1,Disgust,NoseWrinklerR,0.38822395959869027,11.0,0.38822395959869027,11,19,1.0,,
1701438129454-1-36-2-5-1,Disgust,NoseWrinklerR,0.047293297946453094,22.0,0.047293297946453094,22,4,0.2977959811687469,,
1701438271356-1-36-3-18-1,Disgust,NoseWrinklerR,0.1466270163655281,7.0,0.1466270163655281,7,11,0.3911190032958984,,
1701438424827-1-36-4-0-1,Disgust,NoseWrinklerR,0.0350375268608332,23.0,0.0350375268608332,23,30,0.048396673053503,,
1701438452174-1-36-4-15-1,Disgust,NoseWrinklerR,0.0877315700054169,18.0,0.0877315700054169,18,30,0.3081852495670318,,
1701440282185-0-37-2-1-1,Disgust,NoseWrinklerR,0.02717904001474379,14.0,0.030741773545741993,15,14,0.083381101489067,,
1701440289273-0-37-2-4-1,Disgust,NoseWrinklerR,0.1209709644317627,10.0,0.1209709644317627,10,26,0.4834464788436889,,
1701440291783-0-37-2-5-1,Disgust,NoseWrinklerR,0.12214572727680209,27.0,0.12214572727680209,27,29,0.3788185119628906,,
1701440395316-0-37-3-1-1,Disgust,NoseWrinklerR,0.004476539790630302,10.0,0.0187473967671394,7,1,0.062215082347393,,
1701440412003-0-37-3-9-1,Disgust,NoseWrinklerR,0.024486407637596103,15.0,0.053634077310562134,6,1,0.4433895349502563,,
1701440430010-0-37-3-18-1,Disgust,NoseWrinklerR,0.16538065671920782,10.0,0.17690584063529968,13,11,0.5796894431114197,,
1701440573008-0-37-4-0-1,Disgust,NoseWrinklerR,0.1930751949548721,11.0,0.1930751949548721,11,13,0.3801034688949585,,
1701440594034-0-37-4-12-1,Disgust,NoseWrinklerR,0.12200367450714117,2.0,0.17364650964736938,7,6,0.759899914264679,,
1701440599296-0-37-4-15-1,Disgust,NoseWrinklerR,0.12063136696815491,3.0,0.12270009517669678,14,10,0.5361304879188538,,
1701440618619-0-37-4-26-1,Disgust,NoseWrinklerR,0.02570796012878418,3.0,0.0638165771961213,4,3,0.2581564486026764,0.024836581020194426,0.024836581020194426
1700479106931-2-1-2-1-1,Disgust,BrowLowererL,0.0,,2.636462159699704e-10,3,1,8.333886913902686e-10,,
1700479113933-2-1-2-4-1,Disgust,BrowLowererL,0.0,,1.4782665473726242e-28,2,1,4.672808231316433e-28,,
1700479117593-2-1-2-5-1,Disgust,BrowLowererL,0.0575004257261753,16.0,0.0575004257261753,16,17,0.0588570274412632,,
1700479240547-2-1-3-1-1,Disgust,BrowLowererL,0.0,,2.0848565050370934e-23,2,1,1.2038970357646147e-22,,
1700479274174-2-1-3-18-1,Disgust,BrowLowererL,0.02011364902637066,10.0,0.02011364902637066,10,10,0.0201206915080547,,
1700479411435-2-1-4-0-1,Disgust,BrowLowererL,0.0,,8.526801159136448e-16,2,1,2.695304577942336e-15,,
1700479432977-2-1-4-12-1,Disgust,BrowLowererL,0.0,,0.0010907582473009998,3,1,0.003185901325196,,
1700479438658-2-1-4-15-1,Disgust,BrowLowererL,0.08176151197403671,18.0,0.08176151197403671,18,30,0.1810372024774551,,
1700479457287-2-1-4-26-1,Disgust,BrowLowererL,0.045989502221346,26.0,0.045989502221346,26,26,0.0780375748872757,,
1700486073568-1-2-2-1-1,Disgust,BrowLowererL,0.025694910436868695,20.0,0.025694910436868695,20,24,0.0926816686987876,,
1700486081556-1-2-2-4-1,Disgust,BrowLowererL,0.15905550122261042,9.0,0.15905550122261042,9,12,0.4620530605316162,,
1700486083662-1-2-2-5-1,Disgust,BrowLowererL,0.1644770130515099,8.0,0.1644770130515099,8,11,0.2946258783340454,,
1700486192396-1-2-3-1-1,Disgust,BrowLowererL,0.03625901788473131,12.0,0.03625901788473131,12,17,0.2149800807237625,,
1700486226762-1-2-3-18-1,Disgust,BrowLowererL,0.1156747117638588,6.0,0.1156747117638588,6,8,0.3473326861858368,,
1700486361862-1-2-4-0-1,Disgust,BrowLowererL,0.04092814028263089,13.0,0.04092814028263089,13,15,0.2138489037752151,,
1700486383298-1-2-4-12-1,Disgust,BrowLowererL,0.06567780673503881,23.0,0.06567780673503881,23,28,0.2656375467777252,,
1700486388492-1-2-4-15-1,Disgust,BrowLowererL,0.08166831731796259,16.0,0.08166831731796259,16,27,0.2359052151441574,,
1700487963017-0-3-2-4-1,Disgust,BrowLowererL,0.10393831133842463,19.0,0.10393831133842463,19,29,0.6035275459289551,,
1700488092770-0-3-3-9-1,Disgust,BrowLowererL,0.1838483810424805,9.0,0.1838483810424805,9,29,0.5803681015968323,,
1700488251925-0-3-4-0-1,Disgust,BrowLowererL,0.0130368173122406,20.0,0.013620823621749933,2,1,0.3867773413658142,,
1700488273233-0-3-4-12-1,Disgust,BrowLowererL,0.04069851338863381,17.0,0.04069851338863381,17,20,0.2078266739845276,,
1700489724732-0-4-2-1-1,Disgust,BrowLowererL,0.1654804348945618,7.0,0.1654804348945618,7,21,0.4722165763378143,,
1700489734119-0-4-2-5-1,Disgust,BrowLowererL,0.16660511493682859,24.0,0.16660511493682859,24,30,0.4210301637649536,,
1700489858468-0-4-3-1-1,Disgust,BrowLowererL,0.0018754899501801092,11.0,0.0441178083419799,30,1,0.4010465741157532,,
1700489873966-0-4-3-9-1,Disgust,BrowLowererL,0.11549655348062521,22.0,0.11549655348062521,22,28,0.4553277194499969,,
1700489892426-0-4-3-18-1,Disgust,BrowLowererL,0.06091654300689697,21.0,0.06091654300689697,21,25,0.5895329117774963,,
1700490042794-0-4-4-0-1,Disgust,BrowLowererL,0.03533656895160678,3.0,0.03533656895160678,3,19,0.3635280430316925,,
1700490063437-0-4-4-12-1,Disgust,BrowLowererL,0.12209944333881141,8.0,0.12209944333881141,8,28,0.4919558763504028,,
1700490068842-0-4-4-15-1,Disgust,BrowLowererL,0.1466528177261352,21.0,0.1466528177261352,21,30,0.4333049952983856,,
1700490088390-0-4-4-26-1,Disgust,BrowLowererL,0.163901824504137,18.0,0.163901824504137,18,30,0.4481449723243713,,
1700491502988-1-5-2-1-1,Disgust,BrowLowererL,0.04376953840255737,5.0,0.04376953840255737,5,8,0.9726829528808594,,
1700491509590-1-5-2-4-1,Disgust,BrowLowererL,0.06462323665618896,11.0,0.06462323665618896,11,26,0.9994336366653442,,
1700491512412-1-5-2-5-1,Disgust,BrowLowererL,0.08348369598388672,10.0,0.08348369598388672,10,20,0.934414267539978,,
1700491615944-1-5-3-1-1,Disgust,BrowLowererL,0.0121840238571167,8.0,0.01638209819793701,24,17,0.6788967251777649,,
1700491632381-1-5-3-9-1,Disgust,BrowLowererL,0.14960002899169922,10.0,0.14960002899169922,10,12,0.8895872831344604,,
1700491650295-1-5-3-18-1,Disgust,BrowLowererL,0.25997817516326904,19.0,0.25997817516326904,19,20,0.7189079523086548,,
1700491790127-1-5-4-0-1,Disgust,BrowLowererL,0.025402486324310303,30.0,0.025402486324310303,30,11,0.8637855052947998,,
1700491811175-1-5-4-12-1,Disgust,BrowLowererL,0.07369333505630493,4.0,0.07369333505630493,4,11,0.7332226037979126,,
1700496796273-1-6-2-1-1,Disgust,BrowLowererL,0.026279211044311523,5.0,0.026279211044311523,5,15,0.7794514298439026,,
1700496803832-1-6-2-4-1,Disgust,BrowLowererL,0.18007898330688477,6.0,0.18007898330688477,6,16,0.7494503259658813,,
1700496806559-1-6-2-5-1,Disgust,BrowLowererL,0.1705699115991592,7.0,0.1705699115991592,7,15,0.7639907002449036,,
1700496918574-1-6-3-1-1,Disgust,BrowLowererL,0.2144384682178497,14.0,0.2144384682178497,14,26,0.8138664364814758,,
1700496952599-1-6-3-18-1,Disgust,BrowLowererL,0.11197501420974731,25.0,0.11197501420974731,25,27,0.7018699645996094,,
1700497111362-1-6-4-12-1,Disgust,BrowLowererL,0.19933749735355377,7.0,0.32931554317474365,19,12,0.8169052004814148,,
1700567787758-2-8-2-1-1,Disgust,BrowLowererL,0.272908240556717,3.0,0.272908240556717,3,5,0.7549245357513428,,
1700567795123-2-8-2-4-1,Disgust,BrowLowererL,0.1293007135391236,8.0,0.1293007135391236,8,22,0.4727369844913482,,
1700567903352-2-8-3-1-1,Disgust,BrowLowererL,0.05804024636745461,10.0,0.05804024636745461,10,30,0.3788292706012726,,
1700567920333-2-8-3-9-1,Disgust,BrowLowererL,0.09719426184892649,17.0,0.09719426184892649,17,29,0.3037421703338623,,
1700567938373-2-8-3-18-1,Disgust,BrowLowererL,0.08042740821838379,6.0,0.08042740821838379,6,29,0.320232480764389,,
1700568075798-2-8-4-0-1,Disgust,BrowLowererL,0.05448329448699951,12.0,0.05448329448699951,12,29,0.3321064412593841,,
1700568096451-2-8-4-12-1,Disgust,BrowLowererL,0.0489108320325613,20.0,0.0489108320325613,20,29,0.1933363527059555,,
1700568102387-2-8-4-15-1,Disgust,BrowLowererL,0.0678449422121048,17.0,0.0678449422121048,17,30,0.3433772921562195,,
1700568121727-2-8-4-26-1,Disgust,BrowLowererL,0.6063702702522278,15.0,0.6528008431196213,28,18,0.916227400302887,,
1700571053713-1-9-2-1-1,Disgust,BrowLowererL,0.11223120987415319,4.0,0.11223120987415319,4,12,0.5940170884132385,,
1700571062496-1-9-2-4-1,Disgust,BrowLowererL,0.035842061042785645,12.0,0.07768896222114569,24,15,0.5897764563560486,,
1700571063767-1-9-2-5-1,Disgust,BrowLowererL,0.07701879739761347,19.0,0.07701879739761347,19,30,0.6320155262947083,,
1700571167398-1-9-3-1-1,Disgust,BrowLowererL,0.2620532065629959,8.0,0.2620532065629959,8,30,0.4755785465240478,,
1700571348120-1-9-4-0-1,Disgust,BrowLowererL,0.0034078434109688083,14.0,0.03188179433345792,5,1,0.2532690763473511,,
1700571368874-1-9-4-12-1,Disgust,BrowLowererL,0.18716388940811157,21.0,0.18716388940811157,21,21,0.4780336916446686,,
1700571374457-1-9-4-15-1,Disgust,BrowLowererL,0.08223277330398554,12.0,0.08223277330398554,12,20,0.5283365845680237,,
1700571393508-1-9-4-26-1,Disgust,BrowLowererL,0.1451743990182876,19.0,0.1451743990182876,19,26,0.5748457908630371,,
1700577733309-2-10-2-1-1,Disgust,BrowLowererL,0.0966839045286178,28.0,0.0966839045286178,28,30,0.2757011353969574,,
1700577740656-2-10-2-4-1,Disgust,BrowLowererL,0.08382208645343789,17.0,0.08382208645343789,17,30,0.2897370159626007,,
1700577744274-2-10-2-5-1,Disgust,BrowLowererL,0.0607399791479111,15.0,0.07055765390396118,29,27,0.2850002944469452,,
1700577841033-2-10-3-1-1,Disgust,BrowLowererL,0.04134011268615719,20.0,0.04134011268615719,20,29,0.1397118717432022,,
1700577857687-2-10-3-9-1,Disgust,BrowLowererL,0.09260745346546168,28.0,0.09260745346546168,28,30,0.3510280847549438,,
1700578007024-2-10-4-0-1,Disgust,BrowLowererL,0.02575896680355072,2.0,0.058725625276565496,25,12,0.3255217969417572,,
1700578027679-2-10-4-12-1,Disgust,BrowLowererL,0.05294156074523931,25.0,0.05294156074523931,25,30,0.4171958267688751,,
1700578052853-2-10-4-26-1,Disgust,BrowLowererL,0.32327351719141006,7.0,0.32327351719141006,7,30,0.5954568982124329,,
1700580376133-0-11-2-4-1,Disgust,BrowLowererL,-8.986368982277781e-09,,1.8527634892961942e-06,2,1,1.067818175215507e-05,,
1700580379024-0-11-2-5-1,Disgust,BrowLowererL,0.020780658349394802,30.0,0.020780658349394802,30,30,0.0466034524142742,,
1700580485070-0-11-3-1-1,Disgust,BrowLowererL,0.0334645360708237,20.0,0.0334645360708237,20,29,0.2023293673992157,,
1700580688535-0-11-4-12-1,Disgust,BrowLowererL,0.08594875037670141,16.0,0.08594875037670141,16,18,0.2275056391954422,,
1700580713105-0-11-4-26-1,Disgust,BrowLowererL,0.0222094990313053,26.0,0.0222094990313053,26,29,0.0543136782944202,,
1700582060835-0-12-2-4-1,Disgust,BrowLowererL,0.16209907829761513,21.0,0.16209907829761513,21,26,0.7548885941505432,,
1700582195137-0-12-3-18-1,Disgust,BrowLowererL,0.17488402128219604,22.0,0.17488402128219604,22,27,0.9373244643211364,,
1700582326463-0-12-4-0-1,Disgust,BrowLowererL,0.04992920160293579,3.0,0.04992920160293579,3,28,0.8801930546760559,,
1700583893370-2-13-2-4-1,Disgust,BrowLowererL,0.09752918966114531,7.0,0.14212413132190702,29,22,0.4239068925380707,,
1700584001197-2-13-3-1-1,Disgust,BrowLowererL,0.047539420425891904,13.0,0.047539420425891904,13,15,0.1414047628641128,,
1700584035954-2-13-3-18-1,Disgust,BrowLowererL,0.0435856766998768,17.0,0.0435856766998768,17,28,0.1300886571407318,,
1700584201525-2-13-4-0-1,Disgust,BrowLowererL,0.04680442810058591,2.0,0.0930019468069077,29,7,0.3091033101081848,,
1700584223413-2-13-4-12-1,Disgust,BrowLowererL,0.0796360522508622,9.0,0.11865733563899988,17,13,0.3000046014785766,,
1700745110139-1-14-2-1-1,Disgust,BrowLowererL,0.03600612282752991,11.0,0.054149329662323,7,29,0.392189085483551,,
1700745121238-1-14-2-5-1,Disgust,BrowLowererL,0.042080253362655584,3.0,0.04257634282112116,29,24,0.5082140564918518,,
1700745223978-1-14-3-1-1,Disgust,BrowLowererL,0.0822122022509575,11.0,0.0822122022509575,11,27,0.4941518306732178,,
1700745258978-1-14-3-18-1,Disgust,BrowLowererL,0.09687510132789617,5.0,0.09687510132789617,5,30,0.5015955567359924,,
1700745393712-1-14-4-0-1,Disgust,BrowLowererL,0.012797296047210749,7.0,0.012797296047210749,7,8,0.459941953420639,,
1700745414805-1-14-4-12-1,Disgust,BrowLowererL,0.10998213291168218,12.0,0.10998213291168218,12,16,0.3652836680412292,,
1700745420373-1-14-4-15-1,Disgust,BrowLowererL,0.17428836226463318,11.0,0.17428836226463318,11,30,0.4049358367919922,,
1700745439044-1-14-4-26-1,Disgust,BrowLowererL,0.08840197324752802,23.0,0.08840197324752802,23,30,0.3790173232555389,,
1700747230387-2-15-2-1-1,Disgust,BrowLowererL,0.07534971460700031,19.0,0.07534971460700031,19,30,0.4684480726718902,,
1700747237919-2-15-2-4-1,Disgust,BrowLowererL,0.2905457764863968,27.0,0.2905457764863968,27,28,0.4611730873584747,,
1700747240521-2-15-2-5-1,Disgust,BrowLowererL,0.03703843057155612,30.0,0.03703843057155612,30,30,0.2819844484329223,,
1700747349332-2-15-3-1-1,Disgust,BrowLowererL,0.019109353423118508,28.0,0.030937582254409707,29,9,0.2443533092737198,,
1700747382885-2-15-3-18-1,Disgust,BrowLowererL,0.012244582176208496,6.0,0.012244582176208496,6,9,0.2985693514347076,,
1700747534547-2-15-4-12-1,Disgust,BrowLowererL,0.014348268508911133,6.0,0.09494361281394964,26,6,0.5276844501495361,,
1700747558772-2-15-4-26-1,Disgust,BrowLowererL,0.09698614478111273,19.0,0.09698614478111273,19,23,0.6066538691520691,,
1700748695589-0-16-2-4-1,Disgust,BrowLowererL,0.09545749425888062,2.0,0.09545749425888062,2,17,0.8960297703742981,,
1700748819058-0-16-3-9-1,Disgust,BrowLowererL,0.3319375514984131,22.0,0.3319375514984131,22,25,0.8546063899993896,,
1700749018794-0-16-4-26-1,Disgust,BrowLowererL,0.2265325635671615,4.0,0.2265325635671615,4,9,0.8982377648353577,,
1700753897855-0-17-2-1-1,Disgust,BrowLowererL,0.03322392702102661,21.0,0.03322392702102661,21,29,0.3313395082950592,,
1700753905468-0-17-2-4-1,Disgust,BrowLowererL,0.17932119593024248,16.0,0.17932119593024248,16,27,0.4138230383396148,,
1700753907881-0-17-2-5-1,Disgust,BrowLowererL,0.043382138013839694,24.0,0.043382138013839694,24,29,0.2823630273342132,,
1700754009369-0-17-3-1-1,Disgust,BrowLowererL,0.05902588367462161,20.0,0.05902588367462161,20,30,0.3668956756591797,,
1700754025753-0-17-3-9-1,Disgust,BrowLowererL,0.0408119261264801,23.0,0.0408119261264801,23,27,0.2820122241973877,,
1700754043824-0-17-3-18-1,Disgust,BrowLowererL,0.1256532967090607,22.0,0.1256532967090607,22,30,0.3735599815845489,,
1700754177302-0-17-4-0-1,Disgust,BrowLowererL,0.08240322768688199,13.0,0.08240322768688199,13,24,0.3729913830757141,,
1700754198777-0-17-4-12-1,Disgust,BrowLowererL,0.11691197752952578,24.0,0.11691197752952578,24,29,0.3412280678749084,,
1700754224042-0-17-4-26-1,Disgust,BrowLowererL,0.07967010140419,8.0,0.07967010140419,8,15,0.3467337489128113,,
1700756363513-2-18-2-1-1,Disgust,BrowLowererL,0.046262383460998535,29.0,0.046262383460998535,29,30,0.7164464592933655,,
1700756370115-2-18-2-4-1,Disgust,BrowLowererL,0.0709660984575749,20.0,0.0709660984575749,20,30,0.2658791244029999,,
1700756373040-2-18-2-5-1,Disgust,BrowLowererL,0.2201098687946796,8.0,0.2201098687946796,8,10,0.4026812016963959,,
1700756725541-2-18-4-12-1,Disgust,BrowLowererL,0.09969589114189148,8.0,0.09969589114189148,8,9,0.3515933752059936,,
1700756730921-2-18-4-15-1,Disgust,BrowLowererL,0.049698993563652,7.0,0.049698993563652,7,8,0.1030402854084968,,
1700824760644-0-19-4-12-1,Disgust,BrowLowererL,0.005397586617618799,15.0,0.005397586617618799,15,23,0.028746023774147,,
1700825813580-0-20-2-1-1,Disgust,BrowLowererL,0.03414183855056763,18.0,0.0375630259513855,24,3,0.6363977193832397,,
1700825938150-0-20-3-9-1,Disgust,BrowLowererL,0.13575488328933719,22.0,0.13575488328933719,22,30,0.4988137781620025,,
1700826090300-0-20-4-0-1,Disgust,BrowLowererL,0.10865068435668945,10.0,0.24542605876922607,29,16,0.9071338176727296,,
1700826111196-0-20-4-12-1,Disgust,BrowLowererL,0.253526695072651,7.0,0.253526695072651,7,12,0.7112074494361877,,
1700827668398-0-21-2-4-1,Disgust,BrowLowererL,0.031263411045074505,22.0,0.031263411045074505,22,30,0.2029602378606796,,
1700827807807-0-21-3-9-1,Disgust,BrowLowererL,0.3137626945972443,26.0,0.3137626945972443,26,27,0.9187493324279784,,
1700827988431-0-21-4-12-1,Disgust,BrowLowererL,0.176455669105053,19.0,0.176455669105053,19,28,0.4057201743125915,,
1700830033883-0-22-2-1-1,Disgust,BrowLowererL,0.014678552746772697,15.0,0.014678552746772697,15,30,0.0948893204331398,,
1701085495679-2-23-2-5-1,Disgust,BrowLowererL,0.052275270223617554,20.0,0.052275270223617554,20,29,0.5455524325370789,,
1701085605407-2-23-3-1-1,Disgust,BrowLowererL,0.08109945058822632,27.0,0.08109945058822632,27,30,0.6278618574142456,,
1701085621175-2-23-3-9-1,Disgust,BrowLowererL,0.19672924280166626,24.0,0.19672924280166626,24,30,0.971527636051178,,
1701085639668-2-23-3-18-1,Disgust,BrowLowererL,0.08664295077323914,7.0,0.08664295077323914,7,10,0.3699018955230713,,
1701085783312-2-23-4-0-1,Disgust,BrowLowererL,0.01867610216140747,10.0,0.0401783287525177,22,19,0.372121661901474,,
1701085804610-2-23-4-12-1,Disgust,BrowLowererL,0.13707464933395386,12.0,0.13707464933395386,12,15,0.8040031790733337,,
1701085809428-2-23-4-15-1,Disgust,BrowLowererL,0.0380038991570473,28.0,0.0380038991570473,28,30,0.1627424508333206,,
1701085829241-2-23-4-26-1,Disgust,BrowLowererL,0.07582494616508492,18.0,0.07582494616508492,18,18,0.312197208404541,,
1701087616815-0-24-4-12-1,Disgust,BrowLowererL,0.1517682671546936,3.0,0.1517682671546936,3,19,0.9999837279319764,,
1701087622004-0-24-4-15-1,Disgust,BrowLowererL,0.10011324286460882,16.0,0.10011324286460882,16,30,0.5052016973495483,,
1701087641290-0-24-4-26-1,Disgust,BrowLowererL,0.41965125501155853,12.0,0.41965125501155853,12,29,0.9999217987060548,,
1701090996306-0-25-2-5-1,Disgust,BrowLowererL,0.016835883259773282,26.0,0.016835883259773282,26,30,0.2096787244081497,,
1701091119011-0-25-3-9-1,Disgust,BrowLowererL,0.043670445680618286,20.0,0.07701054215431219,23,7,0.4602729082107544,,
1701091136841-0-25-3-18-1,Disgust,BrowLowererL,0.0872734636068345,12.0,0.0872734636068345,12,18,0.5314399600028992,,
1701091280708-0-25-4-0-1,Disgust,BrowLowererL,0.010389983654022217,2.0,0.0122734606266022,7,4,0.2654533088207245,,
1701091307460-0-25-4-15-1,Disgust,BrowLowererL,0.017470225691795405,18.0,0.019114226102828896,28,25,0.2064395099878311,,
1701091327274-0-25-4-26-1,Disgust,BrowLowererL,0.10303780436515808,6.0,0.10303780436515808,6,8,0.4279755055904388,,
1701092665216-0-26-2-5-1,Disgust,BrowLowererL,0.0427356362342835,2.0,0.10118752717971799,24,19,0.2428658008575439,,
1701092763620-0-26-3-1-1,Disgust,BrowLowererL,0.0194253697991372,7.0,0.0194253697991372,7,15,0.13242769241333,,
1701092947353-0-26-4-0-1,Disgust,BrowLowererL,0.1131109818816186,19.0,0.1131109818816186,19,21,0.2727275490760803,,
1701092968808-0-26-4-12-1,Disgust,BrowLowererL,0.05586429685354229,10.0,0.05586429685354229,10,12,0.1444513201713562,,
1701094669809-2-27-3-9-1,Disgust,BrowLowererL,0.25791189074516296,19.0,0.2967841178178787,3,29,0.4896902740001678,,
1701094688507-2-27-3-18-1,Disgust,BrowLowererL,0.03342298418283471,29.0,0.31414866447448736,22,3,0.9904753565788268,,
1701094865205-2-27-4-26-1,Disgust,BrowLowererL,0.25229567289352417,16.0,0.25229567289352417,16,19,0.9598663449287416,,
1701170496806-0-28-2-4-1,Disgust,BrowLowererL,0.1232732161879539,6.0,0.16727042198181152,29,26,0.6540774703025818,,
1701170499176-0-28-2-5-1,Disgust,BrowLowererL,0.22879183292388916,4.0,0.34727734327316284,27,21,0.9213345050811768,,
1701170600723-0-28-3-1-1,Disgust,BrowLowererL,0.4100807309150697,8.0,0.4100807309150697,8,23,0.9957602024078368,,
1701175938949-1-29-2-1-1,Disgust,BrowLowererL,0.003982067108154297,26.0,0.014044344425201416,20,2,0.8822186589241028,,
1701175946689-1-29-2-4-1,Disgust,BrowLowererL,0.1042633056640625,19.0,0.1042633056640625,19,30,0.7633556127548218,,
1701175949795-1-29-2-5-1,Disgust,BrowLowererL,0.014497101306915283,9.0,0.014497101306915283,9,11,0.7700556516647339,,
1701176065041-1-29-3-1-1,Disgust,BrowLowererL,0.006029486656188965,22.0,0.025841891765594482,7,3,0.7224523425102234,,
1701176080429-1-29-3-9-1,Disgust,BrowLowererL,0.08056038618087769,24.0,0.08056038618087769,24,1,0.6664075255393982,,
1701176099222-1-29-3-18-1,Disgust,BrowLowererL,0.011127889156341553,2.0,0.021480143070220947,29,5,0.7872735857963562,,
1701176264239-1-29-4-12-1,Disgust,BrowLowererL,0.14709508419036865,15.0,0.14709508419036865,15,28,0.945726752281189,,
1701176269578-1-29-4-15-1,Disgust,BrowLowererL,0.12516802549362183,20.0,0.12516802549362183,20,30,0.8945453763008118,,
1701176288555-1-29-4-26-1,Disgust,BrowLowererL,0.1597154140472412,18.0,0.1597154140472412,18,30,0.8306561708450317,,
1701177687818-0-30-2-1-1,Disgust,BrowLowererL,0.10299855470657349,15.0,0.13822656869888306,20,17,0.7562702894210815,,
1701177695486-0-30-2-4-1,Disgust,BrowLowererL,0.013479381799697876,24.0,0.06376025080680847,27,3,0.4567746222019195,,
1701177818799-0-30-3-9-1,Disgust,BrowLowererL,0.3416668623685837,21.0,0.3416668623685837,21,26,0.7679129242897034,,
1701178059050-0-30-4-0-1,Disgust,BrowLowererL,0.1497475355863572,4.0,0.1497475355863572,4,10,0.5273745059967041,,
1701178079978-0-30-4-12-1,Disgust,BrowLowererL,0.1873793005943298,10.0,0.1873793005943298,10,14,0.7470729947090149,,
1701188185950-0-31-3-1-1,Disgust,BrowLowererL,0.015584975481033325,6.0,0.015584975481033325,6,30,0.4512560665607452,,
1701188201669-0-31-3-9-1,Disgust,BrowLowererL,0.20090767741203314,28.0,0.20090767741203314,28,30,0.8221304416656494,,
1701188219709-0-31-3-18-1,Disgust,BrowLowererL,0.26700669527053833,9.0,0.26700669527053833,9,12,0.7324559092521667,,
1701188373564-0-31-4-12-1,Disgust,BrowLowererL,0.19452613592147827,14.0,0.19561943411827087,19,16,0.8246121406555176,,
1701346801987-1-32-2-4-1,Disgust,BrowLowererL,0.16821922361850739,2.0,0.16821922361850739,2,6,0.5380376577377319,,
1701346914839-1-32-3-1-1,Disgust,BrowLowererL,0.241164967417717,11.0,0.241164967417717,11,24,0.5135185718536377,,
1701347181669-1-32-4-12-1,Disgust,BrowLowererL,0.05046890676021579,10.0,0.05613096803426741,27,12,0.2216117978096008,,
1701350296214-0-33-2-4-1,Disgust,BrowLowererL,0.0047789812088012695,6.0,0.0812069177627564,23,6,0.7367124557495117,,
1701350297604-0-33-2-5-1,Disgust,BrowLowererL,0.3193260319530964,19.0,0.3193260319530964,19,23,0.7345428466796875,,
1701350408668-0-33-3-1-1,Disgust,BrowLowererL,0.02514958381652832,2.0,0.14225944876670843,18,10,0.6824809908866882,,
1701350424755-0-33-3-9-1,Disgust,BrowLowererL,0.27662613056600094,5.0,0.27662613056600094,5,12,0.8292766213417053,,
1701350597285-0-33-4-0-1,Disgust,BrowLowererL,0.20747841894626617,10.0,0.20747841894626617,10,15,0.6685119271278381,,
1701350618361-0-33-4-12-1,Disgust,BrowLowererL,0.03071504831314087,9.0,0.12020432949066168,22,1,0.7889536619186401,,
1701357435954-0-34-2-1-1,Disgust,BrowLowererL,0.037687111645937,15.0,0.037687111645937,15,23,0.1929146200418472,,
1701357443474-0-34-2-4-1,Disgust,BrowLowererL,0.023486007004976297,20.0,0.023486007004976297,20,27,0.0940134301781654,,
1701357445964-0-34-2-5-1,Disgust,BrowLowererL,0.020000647753477103,22.0,0.020000647753477103,22,29,0.1178900226950645,,
1701357565849-0-34-3-1-1,Disgust,BrowLowererL,0.038183555006980896,16.0,0.038183555006980896,16,19,0.202925369143486,,
1701357582043-0-34-3-9-1,Disgust,BrowLowererL,0.10437071323394778,27.0,0.10437071323394778,27,29,0.2585018277168274,,
1701357599915-0-34-3-18-1,Disgust,BrowLowererL,0.030104933306574797,19.0,0.030104933306574797,19,30,0.1254582554101944,,
1701357744592-0-34-4-0-1,Disgust,BrowLowererL,0.0565349012613297,21.0,0.0565349012613297,21,27,0.1813892424106598,,
1701357766192-0-34-4-12-1,Disgust,BrowLowererL,0.0123199690133333,15.0,0.0123199690133333,15,24,0.0791901648044586,,
1701357771395-0-34-4-15-1,Disgust,BrowLowererL,0.0818513110280037,25.0,0.0818513110280037,25,29,0.3406838774681091,,
1701429344312-0-35-2-1-1,Disgust,BrowLowererL,0.053817704319954,3.0,0.053817704319954,3,19,0.3357891142368316,,
1701429352803-0-35-2-4-1,Disgust,BrowLowererL,0.04095429182052618,7.0,0.04095429182052618,7,29,0.4180327653884887,,
1701429354835-0-35-2-5-1,Disgust,BrowLowererL,0.0956915467977524,20.0,0.0956915467977524,20,30,0.328197181224823,,
1701429451762-0-35-3-1-1,Disgust,BrowLowererL,0.10962429642677311,10.0,0.10962429642677311,10,15,0.3724253475666046,,
1701429468360-0-35-3-9-1,Disgust,BrowLowererL,0.07124866545200348,22.0,0.07124866545200348,22,29,0.4257424771785736,,
1701429485284-0-35-3-18-1,Disgust,BrowLowererL,0.0439673587679863,15.0,0.0439673587679863,15,28,0.2762741148471832,,
1701429610043-0-35-4-0-1,Disgust,BrowLowererL,0.07567347586154938,25.0,0.07567347586154938,25,30,0.2863445580005646,,
1701429632184-0-35-4-12-1,Disgust,BrowLowererL,0.09178352355957028,8.0,0.09178352355957028,8,26,0.3981905281543731,,
1701429637213-0-35-4-15-1,Disgust,BrowLowererL,0.089297030121088,23.0,0.089297030121088,23,29,0.3210169374942779,,
1701429656472-0-35-4-26-1,Disgust,BrowLowererL,0.07918795198202129,25.0,0.07918795198202129,25,29,0.2156269699335098,,
1701438118692-1-36-2-1-1,Disgust,BrowLowererL,0.1618181616067886,11.0,0.1618181616067886,11,21,0.7605045437812805,,
1701438129454-1-36-2-5-1,Disgust,BrowLowererL,0.018565595149993896,22.0,0.02168130874633789,8,1,0.6650481820106506,,
1701438271356-1-36-3-18-1,Disgust,BrowLowererL,0.1356255859136581,6.0,0.1356255859136581,6,19,0.7509925365447998,,
1701438424827-1-36-4-0-1,Disgust,BrowLowererL,0.09922745823860168,21.0,0.09922745823860168,21,23,0.6837711930274963,,
1701438452174-1-36-4-15-1,Disgust,BrowLowererL,0.20337185263633728,10.0,0.20337185263633728,10,12,0.700381338596344,,
1701440282185-0-37-2-1-1,Disgust,BrowLowererL,0.011910393834114102,10.0,0.019989445805549594,4,18,0.2136605232954025,,
1701440289273-0-37-2-4-1,Disgust,BrowLowererL,0.09883901476860052,10.0,0.09883901476860052,10,25,0.7031874656677246,,
1701440291783-0-37-2-5-1,Disgust,BrowLowererL,0.1519594788551331,27.0,0.1519594788551331,27,29,0.6142178177833557,,
1701440395316-0-37-3-1-1,Disgust,BrowLowererL,0.007881179451942388,4.0,0.0324351936578751,22,6,0.1863885223865509,,
1701440412003-0-37-3-9-1,Disgust,BrowLowererL,0.007039964199066107,15.0,0.057364821434020996,6,1,0.6779701113700867,,
1701440430010-0-37-3-18-1,Disgust,BrowLowererL,0.1760245561599732,11.0,0.23622477054595947,13,11,0.6659523844718933,,
1701440573008-0-37-4-0-1,Disgust,BrowLowererL,0.1861067116260528,11.0,0.1861067116260528,11,13,0.5757719278335571,,
1701440594034-0-37-4-12-1,Disgust,BrowLowererL,0.1291184425354004,3.0,0.1291184425354004,3,4,0.8473843336105347,,
1701440599296-0-37-4-15-1,Disgust,BrowLowererL,0.09581378102302551,3.0,0.09581378102302551,3,5,0.499122679233551,,
1701440618619-0-37-4-26-1,Disgust,BrowLowererL,0.007834210991859492,18.0,0.030896291136741583,7,2,0.328092873096466,0.0172020176031131,0.0172020176031131
1700479111705-2-1-2-3-2,Fear,OuterBrowRaiserR,0.017034832388162596,9.0,0.017034832388162596,9,28,0.0808126181364059,,
1700479119890-2-1-2-6-2,Fear,OuterBrowRaiserR,0.009826347231865012,3.0,0.038707070052623804,24,5,0.1490214020013809,,
1700479129747-2-1-2-10-2,Fear,OuterBrowRaiserR,0.006706573069095598,15.0,0.014878593385219602,22,16,0.1011427193880081,,
1700479248151-2-1-3-5-2,Fear,OuterBrowRaiserR,0.005955345928669,10.0,0.005955345928669,10,11,0.014584663324058,,
1700479278671-2-1-3-20-2,Fear,OuterBrowRaiserR,0.008745454251766205,24.0,0.026180177927017198,29,26,0.103960320353508,,
1700479427742-2-1-4-9-2,Fear,OuterBrowRaiserR,0.0070494227111339985,21.0,0.007693316787481301,13,28,0.0457202717661857,,
1700479452800-2-1-4-23-2,Fear,OuterBrowRaiserR,0.007016979157924597,3.0,0.009373191744089203,28,14,0.0789949148893356,,
1700486096508-1-2-2-10-2,Fear,OuterBrowRaiserR,0.1359334960579872,2.0,0.1359334960579872,2,16,0.5150324702262878,,
1700486200867-1-2-3-5-2,Fear,OuterBrowRaiserR,0.2688210606575013,2.0,0.2688210606575013,2,5,0.7919372916221619,,
1700486222597-1-2-3-16-2,Fear,OuterBrowRaiserR,0.2875076830387116,18.0,0.2875076830387116,18,22,0.9236668348312378,,
1700486230297-1-2-3-20-2,Fear,OuterBrowRaiserR,0.0717702880501747,17.0,0.0717702880501747,17,30,0.2856434881687164,,
1700486377855-1-2-4-9-2,Fear,OuterBrowRaiserR,0.1227310225367547,21.0,0.1227310225367547,21,30,0.5142340064048767,,
1700486389926-1-2-4-16-2,Fear,OuterBrowRaiserR,0.3148932754993439,23.0,0.3148932754993439,23,30,0.8890891671180725,,
1700486402581-1-2-4-23-2,Fear,OuterBrowRaiserR,0.2623573392629624,12.0,0.2623573392629624,12,26,0.9618773460388184,,
1700487960368-0-3-2-3-2,Fear,OuterBrowRaiserR,0.024349739775061597,15.0,0.024349739775061597,15,30,0.1115341782569885,,
1700487977854-0-3-2-10-2,Fear,OuterBrowRaiserR,0.005872448906302501,24.0,0.005872448906302501,24,26,0.037724282592535,,
1700488106464-0-3-3-16-2,Fear,OuterBrowRaiserR,0.024552812799811297,20.0,0.024552812799811297,20,21,0.0510284192860126,,
1700488114760-0-3-3-20-2,Fear,OuterBrowRaiserR,0.003686964414555375,2.0,0.003686964414555375,2,15,0.0113930432125926,,
1700488292404-0-3-4-23-2,Fear,OuterBrowRaiserR,0.0060923323035240035,30.0,0.008715882897377,22,1,0.1071326583623886,,
1700489728898-0-4-2-3-2,Fear,OuterBrowRaiserR,0.0320758745074272,19.0,0.0320758745074272,19,30,0.1934955418109893,,
1700489747611-0-4-2-10-2,Fear,OuterBrowRaiserR,0.03086709976196292,7.0,0.1679805964231491,28,9,0.283096045255661,,
1700489865682-0-4-3-5-2,Fear,OuterBrowRaiserR,0.045985447242856,28.0,0.045985447242856,28,30,0.1004096195101738,,
1700489888262-0-4-3-16-2,Fear,OuterBrowRaiserR,0.008761674165725708,21.0,0.008761674165725708,21,23,0.1674153059720993,,
1700490058429-0-4-4-9-2,Fear,OuterBrowRaiserR,0.05854338593781001,9.0,0.05854338593781001,9,21,0.2447936683893203,,
1700490082831-0-4-4-23-2,Fear,OuterBrowRaiserR,0.0287595018744469,15.0,0.0287595018744469,15,29,0.1539737582206726,,
1700490086566-0-4-4-25-2,Fear,OuterBrowRaiserR,0.052910482510924395,9.0,0.052910482510924395,9,27,0.1638144254684448,,
1700491508000-1-5-2-3-2,Fear,OuterBrowRaiserR,0.04003101587295532,2.0,0.04643623530864721,10,5,0.3315750360488891,,
1700491625143-1-5-3-5-2,Fear,OuterBrowRaiserR,0.028622776269912664,13.0,0.08558961749076843,17,15,0.468264639377594,,
1700491646962-1-5-3-16-2,Fear,OuterBrowRaiserR,0.04750761389732361,2.0,0.1185492575168609,17,15,0.4746406972408294,,
1700491655095-1-5-3-20-2,Fear,OuterBrowRaiserR,0.01588787138462061,24.0,0.04569269716739657,14,12,0.2973183095455169,,
1700491818051-1-5-4-16-2,Fear,OuterBrowRaiserR,0.039725095033645574,16.0,0.039725095033645574,16,27,0.2947276830673218,,
1700491834563-1-5-4-25-2,Fear,OuterBrowRaiserR,0.06552502512931829,2.0,0.06552502512931829,2,25,0.4986405968666076,,
1700496800866-1-6-2-3-2,Fear,OuterBrowRaiserR,0.012081708759069498,22.0,0.012081708759069498,22,30,0.0602295026183128,,
1700496819284-1-6-2-10-2,Fear,OuterBrowRaiserR,0.0616165064275265,16.0,0.0616165064275265,16,21,0.1535887420177459,,
1700496927077-1-6-3-5-2,Fear,OuterBrowRaiserR,0.0105693170335144,4.0,0.0105693170335144,4,8,0.0189356189221143,,
1700496949437-1-6-3-16-2,Fear,OuterBrowRaiserR,0.0,,2.3001774707154228e-08,2,1,1.328227483554656e-07,,
1700497106379-1-6-4-9-2,Fear,OuterBrowRaiserR,0.0,,8.121189484788793e-12,2,1,2.5671303624519304e-11,,
1700497118520-1-6-4-16-2,Fear,OuterBrowRaiserR,0.0,,3.9318618890241156e-14,2,1,2.2704982425431066e-13,,
1700497130577-1-6-4-23-2,Fear,OuterBrowRaiserR,0.003689775819362793,23.0,0.003689775819362793,23,30,0.0127561148256063,,
1700567792669-2-8-2-3-2,Fear,OuterBrowRaiserR,0.13150063157081604,20.0,0.13150063157081604,20,25,0.7688086628913879,,
1700567799982-2-8-2-6-2,Fear,OuterBrowRaiserR,0.1670673489570617,17.0,0.1670673489570617,17,26,0.8866414427757263,,
1700567809324-2-8-2-10-2,Fear,OuterBrowRaiserR,0.2091627717018128,29.0,0.2091627717018128,29,30,0.7028738856315613,,
1700567911689-2-8-3-5-2,Fear,OuterBrowRaiserR,0.1142264306545257,9.0,0.1142264306545257,9,30,0.8121349215507507,,
1700567934618-2-8-3-16-2,Fear,OuterBrowRaiserR,0.05485033988952637,5.0,0.05485033988952637,5,29,0.8114346265792847,,
1700567942412-2-8-3-20-2,Fear,OuterBrowRaiserR,0.15105301141738897,8.0,0.15105301141738897,8,22,0.8687645792961121,,
1700568090919-2-8-4-9-2,Fear,OuterBrowRaiserR,0.22958171367645264,14.0,0.22958171367645264,14,23,0.8395586609840393,,
1700568103657-2-8-4-16-2,Fear,OuterBrowRaiserR,0.3374563753604889,21.0,0.3374563753604889,21,26,0.8294824957847595,,
1700568116382-2-8-4-23-2,Fear,OuterBrowRaiserR,0.2636451721191406,5.0,0.2636451721191406,5,29,0.8669359683990479,,
1700568119916-2-8-4-25-2,Fear,OuterBrowRaiserR,0.1279839798808097,7.0,0.1279839798808097,7,29,0.8874865174293518,,
1700571058419-1-9-2-3-2,Fear,OuterBrowRaiserR,0.05414086580276489,18.0,0.05414086580276489,18,24,0.7615128755569458,,
1700571175890-1-9-3-5-2,Fear,OuterBrowRaiserR,0.012733757495880127,24.0,0.024264931678771973,21,1,0.6892254948616028,,
1700571363263-1-9-4-9-2,Fear,OuterBrowRaiserR,0.05902773141860962,4.0,0.05902773141860962,4,29,0.3641412854194641,,
1700571375987-1-9-4-16-2,Fear,OuterBrowRaiserR,0.1192135363817215,10.0,0.1192135363817215,10,24,0.6060171723365784,,
1700571388602-1-9-4-23-2,Fear,OuterBrowRaiserR,0.14647683501243597,2.0,0.14647683501243597,2,8,0.5904203653335571,,
1700571391762-1-9-4-25-2,Fear,OuterBrowRaiserR,0.043207406997680664,3.0,0.043207406997680664,3,18,0.7343865633010864,,
1700577738960-2-10-2-3-2,Fear,OuterBrowRaiserR,0.0937057882547378,12.0,0.0937057882547378,12,15,0.4040976762771606,,
1700577756759-2-10-2-10-2,Fear,OuterBrowRaiserR,0.18593978881835938,6.0,0.18593978881835938,6,8,0.4539293944835663,,
1700577849695-2-10-3-5-2,Fear,OuterBrowRaiserR,0.019630692899227087,12.0,0.019630692899227087,12,15,0.1059228256344795,,
1700577880261-2-10-3-20-2,Fear,OuterBrowRaiserR,0.0614313930273056,22.0,0.0614313930273056,22,27,0.2792352437973022,,
1700578022517-2-10-4-9-2,Fear,OuterBrowRaiserR,0.006114143412560199,25.0,0.008375627920031502,5,2,0.0375861898064613,,
1700578035450-2-10-4-16-2,Fear,OuterBrowRaiserR,0.0832113365177065,4.0,0.0832113365177065,4,5,0.166614294052124,,
1700578047686-2-10-4-23-2,Fear,OuterBrowRaiserR,0.006022869609296299,13.0,0.006022869609296299,13,14,0.0144895184785127,,
1700578050680-2-10-4-25-2,Fear,OuterBrowRaiserR,0.06981807947158819,28.0,0.06981807947158819,28,30,0.4671651124954223,,
1700580373458-0-11-2-3-2,Fear,OuterBrowRaiserR,0.00012704823166129978,21.0,0.020774263888597495,6,1,0.0929861143231391,,
1700580381214-0-11-2-6-2,Fear,OuterBrowRaiserR,0.0263104625046253,4.0,0.0263104625046253,4,30,0.0881959944963455,,
1700580391543-0-11-2-10-2,Fear,OuterBrowRaiserR,0.0,,7.289557834159999e-05,2,1,0.0004129801527597,,
1700580494213-0-11-3-5-2,Fear,OuterBrowRaiserR,0.0322307869791984,3.0,0.0322307869791984,3,27,0.1282007545232772,,
1700580515530-0-11-3-16-2,Fear,OuterBrowRaiserR,0.000542669728474635,24.0,0.000542669728474635,24,30,0.0014725994551554,,
1700580524093-0-11-3-20-2,Fear,OuterBrowRaiserR,0.032258912920951885,27.0,0.032258912920951885,27,29,0.1467955708503723,,
1700580682776-0-11-4-9-2,Fear,OuterBrowRaiserR,0.0017935538198798995,11.0,0.0017935538198798995,11,11,0.0055882637389004,,
1700582057784-0-12-2-3-2,Fear,OuterBrowRaiserR,0.07075691223144537,16.0,0.1987520009279251,30,25,0.4421737194061279,,
1700582169785-0-12-3-5-2,Fear,OuterBrowRaiserR,0.1355009339749813,7.0,0.1355009339749813,7,19,0.4164360165596008,,
1700582191310-0-12-3-16-2,Fear,OuterBrowRaiserR,0.15275558829307556,26.0,0.15275558829307556,26,30,0.6839461326599121,,
1700582354642-0-12-4-16-2,Fear,OuterBrowRaiserR,0.21444704779423782,17.0,0.21444704779423782,17,27,0.6403997540473938,,
1700583891213-2-13-2-3-2,Fear,OuterBrowRaiserR,0.04521737992763519,5.0,0.04521737992763519,5,30,0.2737777233123779,,
1700583897868-2-13-2-6-2,Fear,OuterBrowRaiserR,0.048217944800853715,23.0,0.048217944800853715,23,26,0.214054673910141,,
1700584009992-2-13-3-5-2,Fear,OuterBrowRaiserR,0.0910820364952088,14.0,0.0910820364952088,14,29,0.3510184288024902,,
1700584032421-2-13-3-16-2,Fear,OuterBrowRaiserR,0.06728003919124609,12.0,0.06728003919124609,12,21,0.4471484422683716,,
1700584217663-2-13-4-9-2,Fear,OuterBrowRaiserR,0.0702206045389175,23.0,0.0702206045389175,23,30,0.2923609614372253,,
1700584242638-2-13-4-23-2,Fear,OuterBrowRaiserR,0.09015884995460516,15.0,0.09015884995460516,15,15,0.4686163663864136,,
1700745115681-1-14-2-3-2,Fear,OuterBrowRaiserR,0.027334272861480796,15.0,0.027334272861480796,15,17,0.281789481639862,,
1700745123799-1-14-2-6-2,Fear,OuterBrowRaiserR,0.009320981800556197,3.0,0.0150209292769432,28,3,0.0920968428254127,,
1700745132889-1-14-2-10-2,Fear,OuterBrowRaiserR,0.0695792203769088,24.0,0.0695792203769088,24,30,0.2705408036708832,,
1700745231984-1-14-3-5-2,Fear,OuterBrowRaiserR,0.04226054251194,19.0,0.04226054251194,19,30,0.2616994976997375,,
1700745254634-1-14-3-16-2,Fear,OuterBrowRaiserR,0.019480481743812506,13.0,0.023066475987434387,17,14,0.1613745689392089,,
1700745409833-1-14-4-9-2,Fear,OuterBrowRaiserR,0.08086594939231878,6.0,0.08086594939231878,6,10,0.3582201898097992,,
1700745434141-1-14-4-23-2,Fear,OuterBrowRaiserR,0.0545973926782608,17.0,0.0545973926782608,17,18,0.2676628232002258,,
1700745437874-1-14-4-25-2,Fear,OuterBrowRaiserR,0.0530388951301575,10.0,0.0530388951301575,10,14,0.3287595510482788,,
1700747235785-2-15-2-3-2,Fear,OuterBrowRaiserR,0.0014894015621393,30.0,0.0014894015621393,30,30,0.0014894015621393,,
1700747244029-2-15-2-6-2,Fear,OuterBrowRaiserR,0.0014894170453770997,6.0,0.0014894170453770997,6,7,0.0026298994198441,,
1700747253760-2-15-2-10-2,Fear,OuterBrowRaiserR,0.009040204808116,7.0,0.009040204808116,7,11,0.0263111218810081,,
1700747378458-2-15-3-16-2,Fear,OuterBrowRaiserR,0.0254936363780871,24.0,0.0254936363780871,24,29,0.0565871968865394,,
1700747386351-2-15-3-20-2,Fear,OuterBrowRaiserR,0.01258878409862521,15.0,0.01258878409862521,15,17,0.0973184630274772,,
1700747528937-2-15-4-9-2,Fear,OuterBrowRaiserR,0.0,,0.0009326441213489,2,1,0.0027809923049062,,
1700747556782-2-15-4-25-2,Fear,OuterBrowRaiserR,0.0042414590716362,7.0,0.0090517047792673,3,1,0.0331326387822628,,
1700748692860-0-16-2-3-2,Fear,OuterBrowRaiserR,0.015209257602691699,23.0,0.015209257602691699,23,24,0.0265862643718719,,
1700748700613-0-16-2-6-2,Fear,OuterBrowRaiserR,0.051757337525487,24.0,0.051757337525487,24,27,0.1378415375947952,,
1700748711597-0-16-2-10-2,Fear,OuterBrowRaiserR,0.0,,2.2449603420699992e-05,2,1,0.000128280109493,,
1700748833455-0-16-3-16-2,Fear,OuterBrowRaiserR,0.027242017909884397,10.0,0.027242017909884397,10,13,0.0680969133973121,,
1700748841210-0-16-3-20-2,Fear,OuterBrowRaiserR,0.0215030377730728,8.0,0.06354846805334088,23,18,0.1419018059968948,,
1700749000251-0-16-4-16-2,Fear,OuterBrowRaiserR,0.0,,2.8050948230884395e-09,2,1,8.866987144529048e-09,,
1700749012601-0-16-4-23-2,Fear,OuterBrowRaiserR,0.0,,4.1291486896355443e-10,3,1,1.5785803775258955e-09,,
1700749016625-0-16-4-25-2,Fear,OuterBrowRaiserR,0.0,,2.2510924209291085e-19,2,1,1.2999293252756857e-18,,
1700753902964-0-17-2-3-2,Fear,OuterBrowRaiserR,0.0388773828744888,5.0,0.0388773828744888,5,7,0.1208452433347702,,
1700754039690-0-17-3-16-2,Fear,OuterBrowRaiserR,0.013876812532544098,26.0,0.013876812532544098,26,28,0.0354613959789276,,
1700754193806-0-17-4-9-2,Fear,OuterBrowRaiserR,0.010489160194992998,6.0,0.010489160194992998,6,10,0.0214609988033771,,
1700754218629-0-17-4-23-2,Fear,OuterBrowRaiserR,0.0043549472466110975,9.0,0.006203962489962599,19,16,0.0258950907737016,,
1700754222320-0-17-4-25-2,Fear,OuterBrowRaiserR,0.0036330930888652992,3.0,0.0036330930888652992,3,7,0.0152212064713239,,
1700756720027-2-18-4-9-2,Fear,OuterBrowRaiserR,0.274550661444664,16.0,0.274550661444664,16,17,0.4467209577560425,,
1700824563148-0-19-3-5-2,Fear,OuterBrowRaiserR,0.06000493466854101,11.0,0.06000493466854101,11,11,0.2480589002370834,,
1700824592603-0-19-3-20-2,Fear,OuterBrowRaiserR,0.201234370470047,25.0,0.201234370470047,25,25,0.469989150762558,,
1700824755053-0-19-4-9-2,Fear,OuterBrowRaiserR,0.2187733501195907,18.0,0.2187733501195907,18,21,0.5014786124229431,,
1700824767681-0-19-4-16-2,Fear,OuterBrowRaiserR,0.0962793156504631,12.0,0.0962793156504631,12,19,0.2277887016534805,,
1700824783839-0-19-4-25-2,Fear,OuterBrowRaiserR,0.013972997665405301,12.0,0.013972997665405301,12,14,0.1731991320848465,,
1700825817672-0-20-2-3-2,Fear,OuterBrowRaiserR,0.043642103672027505,22.0,0.043642103672027505,22,24,0.1979722082614898,,
1700825952607-0-20-3-16-2,Fear,OuterBrowRaiserR,0.12492808699607855,7.0,0.21960541605949407,30,11,0.7615463733673096,,
1700825960070-0-20-3-20-2,Fear,OuterBrowRaiserR,0.00764929332865447,30.0,0.00764929332865447,30,30,0.0076507097110152,,
1700826130392-0-20-4-23-2,Fear,OuterBrowRaiserR,0.0564724653959274,22.0,0.0564724653959274,22,30,0.229821115732193,,
1700826133775-0-20-4-25-2,Fear,OuterBrowRaiserR,0.075182244181633,21.0,0.075182244181633,21,27,0.3238855600357055,,
1700827984113-0-21-4-9-2,Fear,OuterBrowRaiserR,0.159910760819912,13.0,0.159910760819912,13,16,0.4374848306179046,,
1701085490489-2-23-2-3-2,Fear,OuterBrowRaiserR,0.11019404232501981,24.0,0.11019404232501981,24,28,0.3885930180549621,,
1701085508188-2-23-2-10-2,Fear,OuterBrowRaiserR,0.2963116765022278,30.0,0.2963116765022278,30,30,0.5491476058959961,,
1701085612711-2-23-3-5-2,Fear,OuterBrowRaiserR,0.1561954915523529,22.0,0.1561954915523529,22,28,0.6608788967132568,,
1701085635772-2-23-3-16-2,Fear,OuterBrowRaiserR,0.0480520352721215,8.0,0.0641434043645859,24,8,0.1702205091714859,,
1701085643199-2-23-3-20-2,Fear,OuterBrowRaiserR,0.0132241514511406,27.0,0.0132241514511406,27,29,0.0153288468718528,,
1701085798672-2-23-4-9-2,Fear,OuterBrowRaiserR,0.029624182730913096,6.0,0.03197289258241651,21,30,0.1096539869904518,,
1701085810970-2-23-4-16-2,Fear,OuterBrowRaiserR,0.14891317486763,22.0,0.14891317486763,22,30,0.8557432293891907,,
1701085823245-2-23-4-23-2,Fear,OuterBrowRaiserR,0.2920570373535156,22.0,0.2920570373535156,22,28,0.7766100764274597,,
1701085827129-2-23-4-25-2,Fear,OuterBrowRaiserR,0.18105557560920715,20.0,0.18105557560920715,20,25,0.8768408894538879,,
1701087298299-0-24-2-6-2,Fear,OuterBrowRaiserR,0.009722751914523601,25.0,0.009722751914523601,25,30,0.0142472730949521,,
1701087611416-0-24-4-9-2,Fear,OuterBrowRaiserR,0.13226753473281866,23.0,0.13226753473281866,23,29,0.6436000466346741,,
1701087623549-0-24-4-16-2,Fear,OuterBrowRaiserR,0.0998640656471253,18.0,0.11417153477668762,24,19,0.4325683712959289,,
1701087636407-0-24-4-23-2,Fear,OuterBrowRaiserR,0.20646638423204416,3.0,0.20646638423204416,3,6,0.5734036564826965,,
1701087638925-0-24-4-25-2,Fear,OuterBrowRaiserR,0.1097697913646698,13.0,0.1097697913646698,13,25,0.7294222712516785,,
1701090990821-0-25-2-3-2,Fear,OuterBrowRaiserR,0.004016483668237899,27.0,0.004016483668237899,27,27,0.0088682146742939,,
1701090998411-0-25-2-6-2,Fear,OuterBrowRaiserR,0.0,,1.705440354271559e-06,4,1,7.884921615186613e-06,,
1701091008703-0-25-2-10-2,Fear,OuterBrowRaiserR,0.0036254339356674,10.0,0.0036254339356674,10,14,0.0076104770414531,,
1701091109837-0-25-3-5-2,Fear,OuterBrowRaiserR,0.0058805604930967,21.0,0.0058805604930967,21,24,0.0099408254027366,,
1701091132266-0-25-3-16-2,Fear,OuterBrowRaiserR,0.0484789875335991,15.0,0.0484789875335991,15,27,0.202932059764862,,
1701091140174-0-25-3-20-2,Fear,OuterBrowRaiserR,0.0036897117824615543,20.0,0.0036897117824615543,20,29,0.0119388066232204,,
1701091297196-0-25-4-9-2,Fear,OuterBrowRaiserR,0.006190478801727309,6.0,0.0246627703309059,14,8,0.0906211733818054,,
1701091308687-0-25-4-16-2,Fear,OuterBrowRaiserR,0.0058168438263238005,19.0,0.0058168438263238005,19,24,0.014988312497735,,
1701091321073-0-25-4-23-2,Fear,OuterBrowRaiserR,0.003232741728424998,29.0,0.003232741728424998,29,30,0.0180054120719432,,
1701091325431-0-25-4-25-2,Fear,OuterBrowRaiserR,0.006327755917936838,2.0,0.006327755917936838,2,14,0.00986033026129,,
1701092667428-0-26-2-6-2,Fear,OuterBrowRaiserR,0.0251344256103039,17.0,0.0251344256103039,17,18,0.0862015783786773,,
1701092794824-0-26-3-16-2,Fear,OuterBrowRaiserR,0.1771409064531326,16.0,0.1771409064531326,16,18,0.347493976354599,,
1701092963038-0-26-4-9-2,Fear,OuterBrowRaiserR,0.008582876063883301,28.0,0.008582876063883301,28,28,0.0228238217532634,,
1701094539306-2-27-2-3-2,Fear,OuterBrowRaiserR,0.10992154479026789,21.0,0.10992154479026789,21,30,0.5339860916137695,,
1701094661584-2-27-3-5-2,Fear,OuterBrowRaiserR,0.14141064882278448,21.0,0.14141064882278448,21,27,0.560446560382843,,
1701094684847-2-27-3-16-2,Fear,OuterBrowRaiserR,0.036670893430709894,6.0,0.03730551898479462,15,12,0.2581585347652435,,
1701094692584-2-27-3-20-2,Fear,OuterBrowRaiserR,0.023039311170578003,7.0,0.03330035507678991,23,13,0.2937481999397278,,
1701094835647-2-27-4-9-2,Fear,OuterBrowRaiserR,0.3717392981052399,27.0,0.3717392981052399,27,29,0.8280842900276184,,
1701094848288-2-27-4-16-2,Fear,OuterBrowRaiserR,0.058019474148750305,3.0,0.058019474148750305,3,28,0.4343093037605285,,
1701170493968-0-28-2-3-2,Fear,OuterBrowRaiserR,0.0072483457624913025,16.0,0.0072483457624913025,16,16,0.0323146842420101,,
1701170501787-0-28-2-6-2,Fear,OuterBrowRaiserR,0.0332674495875835,9.0,0.0332674495875835,9,19,0.1701682806015014,,
1701170511673-0-28-2-10-2,Fear,OuterBrowRaiserR,0.0063312277197837,15.0,0.0063312277197837,15,15,0.0336141809821128,,
1701170609420-0-28-3-5-2,Fear,OuterBrowRaiserR,-3.943854520304516e-14,,8.096724679607099e-12,2,1,4.6754780602675794e-11,,
1701170781287-0-28-4-9-2,Fear,OuterBrowRaiserR,0.012700832617364474,14.0,0.012700832617364474,14,23,0.0162304230034351,,
1701170809558-0-28-4-25-2,Fear,OuterBrowRaiserR,0.06904074177145961,16.0,0.06904074177145961,16,19,0.1526507586240768,,
1701175944238-1-29-2-3-2,Fear,OuterBrowRaiserR,0.026432245969772408,22.0,0.0336827896535396,3,24,0.1035995408892631,,
1701176073032-1-29-3-5-2,Fear,OuterBrowRaiserR,0.0,,2.029343522735872e-05,3,1,7.737478881608695e-05,,
1701176094965-1-29-3-16-2,Fear,OuterBrowRaiserR,0.02181306481361389,9.0,0.07359868288040161,26,21,0.4444475471973419,,
1701176103156-1-29-3-20-2,Fear,OuterBrowRaiserR,0.0401469878852368,6.0,0.0401469878852368,6,29,0.1470229774713516,,
1701176259071-1-29-4-9-2,Fear,OuterBrowRaiserR,0.2555715367197991,15.0,0.2555715367197991,15,23,0.6842542886734009,,
1701176283916-1-29-4-23-2,Fear,OuterBrowRaiserR,0.007414042949676514,27.0,0.05375254154205322,4,1,0.5722436904907227,,
1701177692679-0-30-2-3-2,Fear,OuterBrowRaiserR,0.27784684300422674,19.0,0.27784684300422674,19,23,0.7488600611686707,,
1701177699973-0-30-2-6-2,Fear,OuterBrowRaiserR,0.04407006502151492,28.0,0.04407006502151492,28,28,0.2290025353431701,,
1701177709968-0-30-2-10-2,Fear,OuterBrowRaiserR,0.048460096120834406,22.0,0.048460096120834406,22,26,0.3064551055431366,,
1701178074936-0-30-4-9-2,Fear,OuterBrowRaiserR,0.055294688791036606,19.0,0.055294688791036606,19,30,0.2090388536453247,,
1701178087808-0-30-4-16-2,Fear,OuterBrowRaiserR,0.22159291803836823,4.0,0.22159291803836823,4,5,0.3428171575069427,,
1701178100021-0-30-4-23-2,Fear,OuterBrowRaiserR,0.122756555210799,17.0,0.122756555210799,17,20,0.1457144916057586,,
1701178102747-0-30-4-25-2,Fear,OuterBrowRaiserR,0.068257300183177,16.0,0.068257300183177,16,19,0.1374398916959762,,
1701188069803-0-31-2-3-2,Fear,OuterBrowRaiserR,0.008993778377771402,26.0,0.008993778377771402,26,26,0.0333841182291507,,
1701188086516-0-31-2-10-2,Fear,OuterBrowRaiserR,0.0365702118724585,5.0,0.0365702118724585,5,17,0.1345583945512771,,
1701188193604-0-31-3-5-2,Fear,OuterBrowRaiserR,0.0127498116344214,27.0,0.0127498116344214,27,30,0.0431041717529296,,
1701188216034-0-31-3-16-2,Fear,OuterBrowRaiserR,0.011947020888328497,24.0,0.011947020888328497,24,3,0.20180743932724,,
1701188224270-0-31-3-20-2,Fear,OuterBrowRaiserR,0.004143156111240401,13.0,0.01641836762428281,26,3,0.1412706524133682,,
1701188368228-0-31-4-9-2,Fear,OuterBrowRaiserR,0.019589208066463394,28.0,0.019589208066463394,28,29,0.0844502598047256,,
1701188393051-0-31-4-23-2,Fear,OuterBrowRaiserR,0.0379968881607056,24.0,0.0379968881607056,24,30,0.1761763244867324,,
1701346798129-1-32-2-3-2,Fear,OuterBrowRaiserR,0.011012289673090002,27.0,0.011012289673090002,27,30,0.043013647198677,,
1701346806591-1-32-2-6-2,Fear,OuterBrowRaiserR,0.0211096666753292,22.0,0.031144468113779997,12,25,0.0665137767791748,,
1701347175965-1-32-4-9-2,Fear,OuterBrowRaiserR,0.027594667859375498,24.0,0.027594667859375498,24,24,0.0353520140051841,,
1701347188648-1-32-4-16-2,Fear,OuterBrowRaiserR,0.004639995284378501,14.0,0.004639995284378501,14,1,0.0167416650801897,,
1701347204509-1-32-4-25-2,Fear,OuterBrowRaiserR,0.039481868967413895,8.0,0.050805414095521,29,17,0.1685018539428711,,
1701350292769-0-33-2-3-2,Fear,OuterBrowRaiserR,0.2373875081539154,23.0,0.2373875081539154,23,29,0.6918586492538452,,
1701350300445-0-33-2-6-2,Fear,OuterBrowRaiserR,0.1565409451723099,12.0,0.1565409451723099,12,28,0.6278501152992249,,
1701350310248-0-33-2-10-2,Fear,OuterBrowRaiserR,0.25611884891986847,22.0,0.25611884891986847,22,22,0.3625116646289825,,
1701350416230-0-33-3-5-2,Fear,OuterBrowRaiserR,0.07050976157188421,11.0,0.07050976157188421,11,14,0.1906087845563888,,
1701350438825-0-33-3-16-2,Fear,OuterBrowRaiserR,0.0050864964723587,7.0,0.0050864964723587,7,11,0.036304410547018,,
1701350445818-0-33-3-20-2,Fear,OuterBrowRaiserR,0.12227638438343999,27.0,0.128169059753418,10,1,0.5426300168037415,,
1701350613292-0-33-4-9-2,Fear,OuterBrowRaiserR,0.0959647707641125,2.0,0.0959647707641125,2,3,0.1858813762664795,,
1701350624988-0-33-4-16-2,Fear,OuterBrowRaiserR,0.0,,0.0009133389685303003,2,1,0.004360950551927,,
1701350637398-0-33-4-23-2,Fear,OuterBrowRaiserR,0.0655051842331886,29.0,0.0655051842331886,29,29,0.1044823601841926,,
1701350640984-0-33-4-25-2,Fear,OuterBrowRaiserR,0.0571631882339716,12.0,0.0571631882339716,12,29,0.1627418547868728,,
1701357760799-0-34-4-9-2,Fear,OuterBrowRaiserR,0.0,,9.299590601585805e-06,2,1,5.355017856345512e-05,,
1701429349912-0-35-2-3-2,Fear,OuterBrowRaiserR,0.04095821827650069,28.0,0.04095821827650069,28,30,0.14096300303936,,
1701429358306-0-35-2-6-2,Fear,OuterBrowRaiserR,0.060593893751502106,2.0,0.060593893751502106,2,18,0.1919141262769699,,
1701429367035-0-35-2-10-2,Fear,OuterBrowRaiserR,0.03893008828163147,10.0,0.03893008828163147,10,30,0.4573418498039245,,
1701429481658-0-35-3-16-2,Fear,OuterBrowRaiserR,0.030470527708530412,7.0,0.030470527708530412,7,28,0.2301411926746368,,
1701429490253-0-35-3-20-2,Fear,OuterBrowRaiserR,0.028220832347869873,3.0,0.12177532911300659,20,18,0.415466159582138,,
1701429639116-0-35-4-16-2,Fear,OuterBrowRaiserR,0.12271156907081601,3.0,0.12271156907081601,3,29,0.6305012702941895,,
1701429654349-0-35-4-25-2,Fear,OuterBrowRaiserR,0.049291051924228696,10.0,0.049291051924228696,10,30,0.3598816990852356,,
1701438123470-1-36-2-3-2,Fear,OuterBrowRaiserR,0.30139002203941345,25.0,0.30139002203941345,25,28,0.7104007005691528,,
1701438131767-1-36-2-6-2,Fear,OuterBrowRaiserR,0.204779863357544,4.0,0.204779863357544,4,29,0.7183117270469666,,
1701438141762-1-36-2-10-2,Fear,OuterBrowRaiserR,0.12212756276130676,7.0,0.12212756276130676,7,11,0.6552287340164185,,
1701438245552-1-36-3-5-2,Fear,OuterBrowRaiserR,0.1585557460784912,11.0,0.1903176903724671,23,14,0.6741026639938354,,
1701438267489-1-36-3-16-2,Fear,OuterBrowRaiserR,0.06404238939285278,9.0,0.11303016543388372,17,5,0.340712696313858,,
1701438275481-1-36-3-20-2,Fear,OuterBrowRaiserR,0.05022087693214422,20.0,0.05022087693214422,20,21,0.2885502874851227,,
1701438441438-1-36-4-9-2,Fear,OuterBrowRaiserR,0.008445873856544495,24.0,0.012789249420166016,28,1,0.2177735716104507,,
1701438453301-1-36-4-16-2,Fear,OuterBrowRaiserR,0.3649942204356194,18.0,0.3649942204356194,18,18,0.4297046661376953,,
1701438466137-1-36-4-23-2,Fear,OuterBrowRaiserR,0.027071654796600397,26.0,0.027071654796600397,26,29,0.2523132264614105,,
1701438469635-1-36-4-25-2,Fear,OuterBrowRaiserR,0.05912286043167109,21.0,0.05912286043167109,21,26,0.40953329205513,,
1701440295066-0-37-2-6-2,Fear,OuterBrowRaiserR,0.0454392284154892,22.0,0.0454392284154892,22,25,0.2745040357112884,,
1701440602128-0-37-4-16-2,Fear,OuterBrowRaiserR,-1.3075555216346402e-07,,2.764925011440001e-05,2,1,0.0001575389615027,0.010224344968252003,0.010224344968252003
1700479111705-2-1-2-3-2,Fear,UpperLidRaiserR,0.0,,0.0,2,1,1.401298464324817e-45,,
1700479119890-2-1-2-6-2,Fear,UpperLidRaiserR,0.0,,0.0,2,1,1.401298464324817e-45,,
1700479129747-2-1-2-10-2,Fear,UpperLidRaiserR,0.0,,1.9038558413221152e-23,3,1,5.367461979487871e-23,,
1700479248151-2-1-3-5-2,Fear,UpperLidRaiserR,0.0,,0.0,2,1,1.401298464324817e-45,,
1700479278671-2-1-3-20-2,Fear,UpperLidRaiserR,0.0,,0.0,2,1,1.401298464324817e-45,,
1700479427742-2-1-4-9-2,Fear,UpperLidRaiserR,0.0,,0.0,2,1,1.401298464324817e-45,,
1700479452800-2-1-4-23-2,Fear,UpperLidRaiserR,0.0,,0.0,2,1,1.401298464324817e-45,,
1700486096508-1-2-2-10-2,Fear,UpperLidRaiserR,0.2798477709293363,2.0,0.2798477709293363,2,14,0.7850680947303772,,
1700486200867-1-2-3-5-2,Fear,UpperLidRaiserR,0.0892725903540849,21.0,0.0892725903540849,21,21,0.1079485043883323,,
1700486222597-1-2-3-16-2,Fear,UpperLidRaiserR,0.3223228454589844,19.0,0.3223228454589844,19,23,0.7569736838340759,,
1700486230297-1-2-3-20-2,Fear,UpperLidRaiserR,0.22242421656847006,18.0,0.22242421656847006,18,30,0.3652680814266205,,
1700486377855-1-2-4-9-2,Fear,UpperLidRaiserR,0.2757437229156494,26.0,0.2757437229156494,26,28,0.7162685394287109,,
1700486389926-1-2-4-16-2,Fear,UpperLidRaiserR,0.3172176592051983,23.0,0.3172176592051983,23,24,0.4999849796295166,,
1700486402581-1-2-4-23-2,Fear,UpperLidRaiserR,0.22843898832798,13.0,0.22843898832798,13,22,0.7177424430847168,,
1700487960368-0-3-2-3-2,Fear,UpperLidRaiserR,0.0556803792715073,15.0,0.0695216953754425,24,23,0.1497797220945358,,
1700487977854-0-3-2-10-2,Fear,UpperLidRaiserR,0.010852079838514304,16.0,0.010852079838514304,16,2,0.0402600206434726,,
1700488106464-0-3-3-16-2,Fear,UpperLidRaiserR,0.00836402933600765,23.0,0.0093929176218807,14,4,0.0245072934776544,,
1700488114760-0-3-3-20-2,Fear,UpperLidRaiserR,0.0062225425208453,8.0,0.013759445399045903,4,3,0.0208962131291627,,
1700488292404-0-3-4-23-2,Fear,UpperLidRaiserR,0.038030356168747004,25.0,0.0644645690917969,3,1,0.3017455041408539,,
1700489728898-0-4-2-3-2,Fear,UpperLidRaiserR,0.3344942033290863,18.0,0.3344942033290863,18,26,0.9823152422904968,,
1700489747611-0-4-2-10-2,Fear,UpperLidRaiserR,0.02189946174621582,7.0,0.8444596892222763,28,20,0.9621228575706482,,
1700489865682-0-4-3-5-2,Fear,UpperLidRaiserR,0.3127876222133637,27.0,0.3127876222133637,27,30,0.9160970449447632,,
1700489888262-0-4-3-16-2,Fear,UpperLidRaiserR,0.015170812606811412,12.0,0.05233955383300781,25,22,0.964746356010437,,
1700490058429-0-4-4-9-2,Fear,UpperLidRaiserR,0.435940325260161,7.0,0.435940325260161,7,30,0.9982522130012512,,
1700490082831-0-4-4-23-2,Fear,UpperLidRaiserR,0.4359400038782706,13.0,0.4359400038782706,13,29,0.9625953435897828,,
1700490086566-0-4-4-25-2,Fear,UpperLidRaiserR,0.6265692710876465,4.0,0.6265692710876465,4,16,0.9932076334953308,,
1700491508000-1-5-2-3-2,Fear,UpperLidRaiserR,0.024145841598510742,11.0,0.35809858143329626,25,1,0.8154184222221375,,
1700491625143-1-5-3-5-2,Fear,UpperLidRaiserR,0.011632204055786133,4.0,0.3854628503322602,29,11,0.8765605092048645,,
1700491646962-1-5-3-16-2,Fear,UpperLidRaiserR,0.02522873878479004,10.0,0.06157273054122925,17,10,0.8446775674819946,,
1700491655095-1-5-3-20-2,Fear,UpperLidRaiserR,0.1141522033140063,26.0,0.3883918607607484,22,1,0.8750750422477722,,
1700491818051-1-5-4-16-2,Fear,UpperLidRaiserR,0.12183231115341187,2.0,0.12183231115341187,2,6,0.9145504236221312,,
1700491834563-1-5-4-25-2,Fear,UpperLidRaiserR,0.024335086345672607,7.0,0.027712702751159668,27,7,0.8451269268989563,,
1700496800866-1-6-2-3-2,Fear,UpperLidRaiserR,0.0,,1.879117778065287e-18,2,1,6.3651585359083044e-18,,
1700496819284-1-6-2-10-2,Fear,UpperLidRaiserR,0.17983231693506238,18.0,0.17983231693506238,18,18,0.2345984429121017,,
1700496927077-1-6-3-5-2,Fear,UpperLidRaiserR,0.0,,0.0,2,1,1.401298464324817e-45,,
1700496949437-1-6-3-16-2,Fear,UpperLidRaiserR,0.0,,3.8220217692702565e-17,2,1,1.294611641679475e-16,,
1700497106379-1-6-4-9-2,Fear,UpperLidRaiserR,0.0,,0.0,2,1,1.401298464324817e-45,,
1700497118520-1-6-4-16-2,Fear,UpperLidRaiserR,0.0,,7.050963642018363e-18,2,1,2.3883736728531528e-17,,
1700497130577-1-6-4-23-2,Fear,UpperLidRaiserR,0.0184987764805555,25.0,0.0184987764805555,25,25,0.0363792069256305,,
1700567792669-2-8-2-3-2,Fear,UpperLidRaiserR,0.09237509965896606,10.0,0.09237509965896606,10,16,0.8991142511367798,,
1700567799982-2-8-2-6-2,Fear,UpperLidRaiserR,0.1656554937362671,10.0,0.1656554937362671,10,23,0.8731857538223267,,
1700567809324-2-8-2-10-2,Fear,UpperLidRaiserR,0.3378467261791229,27.0,0.3378467261791229,27,30,0.7681616544723511,,
1700567911689-2-8-3-5-2,Fear,UpperLidRaiserR,0.36594811826944357,8.0,0.36594811826944357,8,30,0.8863927125930786,,
1700567934618-2-8-3-16-2,Fear,UpperLidRaiserR,0.05537813901901245,19.0,0.05537813901901245,19,1,0.8505499958992004,,
1700567942412-2-8-3-20-2,Fear,UpperLidRaiserR,0.4707323014736176,4.0,0.4707323014736176,4,27,0.8466897010803223,,
1700568090919-2-8-4-9-2,Fear,UpperLidRaiserR,0.31283009052276617,11.0,0.31283009052276617,11,25,0.8763822317123413,,
1700568103657-2-8-4-16-2,Fear,UpperLidRaiserR,0.36844693124294287,17.0,0.36844693124294287,17,29,0.7960566878318787,,
1700568116382-2-8-4-23-2,Fear,UpperLidRaiserR,0.5371513776481152,4.0,0.5371513776481152,4,30,0.8870149254798889,,
1700568119916-2-8-4-25-2,Fear,UpperLidRaiserR,0.5035506784915924,7.0,0.5035506784915924,7,28,0.8889319896697998,,
1700571058419-1-9-2-3-2,Fear,UpperLidRaiserR,0.10976150631904596,2.0,0.10976150631904596,2,23,0.6604753732681274,,
1700571175890-1-9-3-5-2,Fear,UpperLidRaiserR,0.08127570152282709,25.0,0.10721917450428009,21,2,0.6980228424072266,,
1700571363263-1-9-4-9-2,Fear,UpperLidRaiserR,0.1840554177761078,23.0,0.30194164812564855,7,28,0.5514047145843506,,
1700571375987-1-9-4-16-2,Fear,UpperLidRaiserR,0.1445751190185547,11.0,0.1445751190185547,11,23,0.5352417826652527,,
1700571388602-1-9-4-23-2,Fear,UpperLidRaiserR,0.10900938510894775,2.0,0.3269270658493042,9,7,0.7181118130683899,,
1700571391762-1-9-4-25-2,Fear,UpperLidRaiserR,0.023463785648345947,14.0,0.06353384256362915,25,4,0.7849451303482056,,
1700577738960-2-10-2-3-2,Fear,UpperLidRaiserR,0.21398977935314184,9.0,0.21398977935314184,9,12,0.4402598440647125,,
1700577756759-2-10-2-10-2,Fear,UpperLidRaiserR,0.12375566363334661,2.0,0.12375566363334661,2,6,0.6216957569122314,,
1700577849695-2-10-3-5-2,Fear,UpperLidRaiserR,0.0358353108167648,12.0,0.0358353108167648,12,20,0.1087726205587387,,
1700577880261-2-10-3-20-2,Fear,UpperLidRaiserR,0.12464970350265497,14.0,0.12464970350265497,14,14,0.4539728462696075,,
1700578022517-2-10-4-9-2,Fear,UpperLidRaiserR,0.0639681220054627,24.0,0.16309273242950445,6,3,0.5680426359176636,,
1700578035450-2-10-4-16-2,Fear,UpperLidRaiserR,0.11928975582122797,30.0,0.11928975582122797,30,13,0.5478188991546631,,
1700578047686-2-10-4-23-2,Fear,UpperLidRaiserR,0.16659155488014216,21.0,0.20236900448799133,4,2,0.6571469902992249,,
1700578050680-2-10-4-25-2,Fear,UpperLidRaiserR,0.195535659790039,18.0,0.195535659790039,18,25,0.6802647113800049,,
1700580373458-0-11-2-3-2,Fear,UpperLidRaiserR,0.0,,1.6858322737789422e-08,2,1,5.6946976911831384e-08,,
1700580381214-0-11-2-6-2,Fear,UpperLidRaiserR,0.007999214285519,4.0,0.009609017521143,14,9,0.0146563779562711,,
1700580391543-0-11-2-10-2,Fear,UpperLidRaiserR,0.0,,8.93607063345847e-12,2,1,3.026782297022024e-11,,
1700580494213-0-11-3-5-2,Fear,UpperLidRaiserR,0.008835514076041192,11.0,0.008835514076041192,11,17,0.0090746991336345,,
1700580515530-0-11-3-16-2,Fear,UpperLidRaiserR,0.0,,4.991446380304482e-25,2,1,1.6907279100519703e-24,,
1700580524093-0-11-3-20-2,Fear,UpperLidRaiserR,0.008833153720207312,17.0,0.008833153720207312,17,24,0.0138607239350676,,
1700580682776-0-11-4-9-2,Fear,UpperLidRaiserR,0.0,,0.0,2,1,1.401298464324817e-45,,
1700582057784-0-12-2-3-2,Fear,UpperLidRaiserR,0.06811016798019409,20.0,0.3808774799108505,30,21,0.7563338875770569,,
1700582169785-0-12-3-5-2,Fear,UpperLidRaiserR,0.3760970532894135,7.0,0.3760970532894135,7,19,0.6673635840415955,,
1700582191310-0-12-3-16-2,Fear,UpperLidRaiserR,0.0979746282100678,21.0,0.0979746282100678,21,28,0.7499812245368958,,
1700582354642-0-12-4-16-2,Fear,UpperLidRaiserR,0.3861194774508477,17.0,0.3861194774508477,17,29,0.7065508961677551,,
1700583891213-2-13-2-3-2,Fear,UpperLidRaiserR,0.11426074802875519,2.0,0.11426074802875519,2,11,0.4901301562786102,,
1700583897868-2-13-2-6-2,Fear,UpperLidRaiserR,0.2728445529937744,23.0,0.2728445529937744,23,25,0.9412294030189514,,
1700584009992-2-13-3-5-2,Fear,UpperLidRaiserR,0.11667269468307495,11.0,0.11667269468307495,11,25,0.8854227662086487,,
1700584032421-2-13-3-16-2,Fear,UpperLidRaiserR,0.1241922378540039,9.0,0.1241922378540039,9,17,0.8618948459625244,,
1700584217663-2-13-4-9-2,Fear,UpperLidRaiserR,0.21537047624588013,22.0,0.21537047624588013,22,30,0.7876929044723511,,
1700584242638-2-13-4-23-2,Fear,UpperLidRaiserR,0.06678539514541626,12.0,0.06678539514541626,12,17,0.8986663818359375,,
1700745115681-1-14-2-3-2,Fear,UpperLidRaiserR,0.05325418710708618,15.0,0.05325418710708618,15,18,0.9170423746109008,,
1700745123799-1-14-2-6-2,Fear,UpperLidRaiserR,0.019752919673919678,4.0,0.07945287227630615,29,9,0.8841619491577148,,
1700745132889-1-14-2-10-2,Fear,UpperLidRaiserR,0.38848708570003515,24.0,0.5323035418987275,14,30,0.8620727062225342,,
1700745231984-1-14-3-5-2,Fear,UpperLidRaiserR,0.21897727251052856,15.0,0.5337299089878798,8,30,0.918273389339447,,
1700745254634-1-14-3-16-2,Fear,UpperLidRaiserR,0.0731130838394165,8.0,0.0731130838394165,8,13,0.9151492714881896,,
1700745409833-1-14-4-9-2,Fear,UpperLidRaiserR,0.4405672103166581,7.0,0.8176597245037557,2,17,0.9534392952919006,,
1700745434141-1-14-4-23-2,Fear,UpperLidRaiserR,0.046835899353027344,13.0,0.057431697845458984,3,27,0.8023677468299866,,
1700745437874-1-14-4-25-2,Fear,UpperLidRaiserR,0.030353426933288574,14.0,0.030353426933288574,14,22,0.8978214859962463,,
1700747235785-2-15-2-3-2,Fear,UpperLidRaiserR,0.008835595101118,28.0,0.008835595101118,28,30,0.0108259171247482,,
1700747244029-2-15-2-6-2,Fear,UpperLidRaiserR,0.016421535983681703,13.0,0.016421535983681703,13,24,0.0527111180126667,,
1700747253760-2-15-2-10-2,Fear,UpperLidRaiserR,0.0722109749913216,4.0,0.07773169875144958,21,16,0.4100557565689087,,
1700747378458-2-15-3-16-2,Fear,UpperLidRaiserR,0.0327627994120121,24.0,0.0327627994120121,24,30,0.0635081008076667,,
1700747386351-2-15-3-20-2,Fear,UpperLidRaiserR,0.027370491996407502,7.0,0.027370491996407502,7,25,0.0556005053222179,,
1700747528937-2-15-4-9-2,Fear,UpperLidRaiserR,0.004782253876328399,5.0,0.010628234129399,8,1,0.0281233750283718,,
1700747556782-2-15-4-25-2,Fear,UpperLidRaiserR,-3.88685573068234e-24,,6.984065565074511e-20,2,1,2.3657176818439362e-19,,
1700748692860-0-16-2-3-2,Fear,UpperLidRaiserR,0.2737431526184082,23.0,0.4207048267126083,9,24,0.6243084073066711,,
1700748700613-0-16-2-6-2,Fear,UpperLidRaiserR,0.1532986611127854,22.0,0.1532986611127854,22,29,0.4646698236465454,,
1700748711597-0-16-2-10-2,Fear,UpperLidRaiserR,0.06657786667346952,18.0,0.1446425905451179,28,18,0.2715421020984649,,
1700748833455-0-16-3-16-2,Fear,UpperLidRaiserR,0.0801642443984747,4.0,0.0801642443984747,4,13,0.2741894721984863,,
1700748841210-0-16-3-20-2,Fear,UpperLidRaiserR,0.16517925262451172,15.0,0.5356082525104284,23,18,0.5965166687965393,,
1700749000251-0-16-4-16-2,Fear,UpperLidRaiserR,0.10053250193595886,19.0,0.4249693304300309,29,23,0.6069329380989075,,
1700749012601-0-16-4-23-2,Fear,UpperLidRaiserR,0.0614053644239902,21.0,0.0676385201513768,29,25,0.107369340956211,,
1700749016625-0-16-4-25-2,Fear,UpperLidRaiserR,0.0,,4.8194269598421403e-20,2,1,1.6324970320586889e-19,,
1700753902964-0-17-2-3-2,Fear,UpperLidRaiserR,0.0,,0.0,2,1,1.401298464324817e-45,,
1700754039690-0-17-3-16-2,Fear,UpperLidRaiserR,0.0,,0.0,2,1,1.401298464324817e-45,,
1700754193806-0-17-4-9-2,Fear,UpperLidRaiserR,0.0,,0.0,2,1,1.401298464324817e-45,,
1700754218629-0-17-4-23-2,Fear,UpperLidRaiserR,0.0,,0.0,2,1,1.401298464324817e-45,,
1700754222320-0-17-4-25-2,Fear,UpperLidRaiserR,0.0,,0.0,2,1,1.401298464324817e-45,,
1700756720027-2-18-4-9-2,Fear,UpperLidRaiserR,0.1258654743432999,19.0,0.1258654743432999,19,22,0.444126158952713,,
1700824563148-0-19-3-5-2,Fear,UpperLidRaiserR,0.055637713521719,8.0,0.055637713521719,8,11,0.1351046115159988,,
1700824592603-0-19-3-20-2,Fear,UpperLidRaiserR,0.0121900355443358,25.0,0.0147705096751451,29,27,0.0250926930457353,,
1700824755053-0-19-4-9-2,Fear,UpperLidRaiserR,0.1441489979624748,18.0,0.1441489979624748,18,18,0.1905076056718826,,
1700824767681-0-19-4-16-2,Fear,UpperLidRaiserR,0.0349780116230249,12.0,0.0349780116230249,12,29,0.1068071275949478,,
1700824783839-0-19-4-25-2,Fear,UpperLidRaiserR,0.028734812512993802,11.0,0.0317368023097515,8,7,0.0663907900452613,,
1700825817672-0-20-2-3-2,Fear,UpperLidRaiserR,0.0,,2.0439523884053776e-21,2,1,3.4907890227822235e-21,,
1700825952607-0-20-3-16-2,Fear,UpperLidRaiserR,0.2662171721458435,9.0,0.3677589893341065,29,25,0.9003342390060425,,
1700825960070-0-20-3-20-2,Fear,UpperLidRaiserR,-6.646427852530229e-11,,1.5108284969755914e-06,2,1,4.788430942426203e-06,,
1700826130392-0-20-4-23-2,Fear,UpperLidRaiserR,0.2373947948217392,19.0,0.2373947948217392,19,26,0.6914239525794983,,
1700826133775-0-20-4-25-2,Fear,UpperLidRaiserR,0.0,,4.298207394154579e-29,2,1,1.4557925097397043e-28,,
1700827984113-0-21-4-9-2,Fear,UpperLidRaiserR,0.1593618392944336,13.0,0.1593618392944336,13,13,0.471199482679367,,
1701085490489-2-23-2-3-2,Fear,UpperLidRaiserR,0.1185818463563919,24.0,0.1185818463563919,24,28,0.3772342503070831,,
1701085508188-2-23-2-10-2,Fear,UpperLidRaiserR,0.0603023832663894,30.0,0.0603023832663894,30,30,0.0706062018871307,,
1701085612711-2-23-3-5-2,Fear,UpperLidRaiserR,0.1971665620803833,24.0,0.1971665620803833,24,28,0.4454484283924103,,
1701085635772-2-23-3-16-2,Fear,UpperLidRaiserR,0.10346060991287238,5.0,0.10346060991287238,5,8,0.3393911123275757,,
1701085643199-2-23-3-20-2,Fear,UpperLidRaiserR,0.0,,4.923541200691865e-05,2,1,0.0001055556494975,,
1701085798672-2-23-4-9-2,Fear,UpperLidRaiserR,0.017891710624098552,27.0,0.017891710624098552,27,30,0.0248350668698549,,
1701085810970-2-23-4-16-2,Fear,UpperLidRaiserR,0.203356932848692,22.0,0.203356932848692,22,29,0.6232460737228394,,
1701085823245-2-23-4-23-2,Fear,UpperLidRaiserR,0.29486507922410965,22.0,0.29486507922410965,22,30,0.7555249929428101,,
1701085827129-2-23-4-25-2,Fear,UpperLidRaiserR,0.2502156011760235,18.0,0.2502156011760235,18,26,0.7167977094650269,,
1701087298299-0-24-2-6-2,Fear,UpperLidRaiserR,0.2578457985073328,14.0,0.2578457985073328,14,19,0.4479540288448334,,
1701087611416-0-24-4-9-2,Fear,UpperLidRaiserR,0.25506898760795593,20.0,0.25506898760795593,20,27,0.7684869766235352,,
1701087623549-0-24-4-16-2,Fear,UpperLidRaiserR,0.5779277244582773,11.0,0.5779277244582773,11,28,0.7535533308982849,,
1701087636407-0-24-4-23-2,Fear,UpperLidRaiserR,0.16533681750297546,5.0,0.16533681750297546,5,24,0.6997449398040771,,
1701087638925-0-24-4-25-2,Fear,UpperLidRaiserR,0.1808211281895637,2.0,0.1808211281895637,2,19,0.7817668914794922,,
1701090990821-0-25-2-3-2,Fear,UpperLidRaiserR,0.0,,0.0,2,1,1.401298464324817e-45,,
1701090998411-0-25-2-6-2,Fear,UpperLidRaiserR,0.0,,0.0,2,1,1.401298464324817e-45,,
1701091008703-0-25-2-10-2,Fear,UpperLidRaiserR,0.0,,0.0,2,1,1.401298464324817e-45,,
1701091109837-0-25-3-5-2,Fear,UpperLidRaiserR,0.0,,0.0,2,1,1.401298464324817e-45,,
1701091132266-0-25-3-16-2,Fear,UpperLidRaiserR,0.3595335781574249,15.0,0.3595335781574249,15,23,0.7684906721115112,,
1701091140174-0-25-3-20-2,Fear,UpperLidRaiserR,0.0,,0.0,2,1,1.401298464324817e-45,,
1701091297196-0-25-4-9-2,Fear,UpperLidRaiserR,0.0,,0.0,2,1,1.401298464324817e-45,,
1701091308687-0-25-4-16-2,Fear,UpperLidRaiserR,0.0,,0.0,2,1,1.401298464324817e-45,,
1701091321073-0-25-4-23-2,Fear,UpperLidRaiserR,0.0,,0.0,2,1,1.401298464324817e-45,,
1701091325431-0-25-4-25-2,Fear,UpperLidRaiserR,0.0,,0.0,2,1,1.401298464324817e-45,,
1701092667428-0-26-2-6-2,Fear,UpperLidRaiserR,0.0654032528400421,17.0,0.0654032528400421,17,17,0.0654032528400421,,
1701092794824-0-26-3-16-2,Fear,UpperLidRaiserR,0.0695398822426796,16.0,0.0695398822426796,16,16,0.0695398822426796,,
1701092963038-0-26-4-9-2,Fear,UpperLidRaiserR,0.0,,3.465632822149132e-18,2,1,1.173921407727395e-17,,
1701094539306-2-27-2-3-2,Fear,UpperLidRaiserR,0.10177674889564509,21.0,0.14100700616836548,17,15,0.5779277086257935,,
1701094661584-2-27-3-5-2,Fear,UpperLidRaiserR,0.21494084596633917,24.0,0.21494084596633917,24,29,0.6876729726791382,,
1701094684847-2-27-3-16-2,Fear,UpperLidRaiserR,0.053278461098670904,2.0,0.0671083182096482,11,3,0.2499930560588836,,
1701094692584-2-27-3-20-2,Fear,UpperLidRaiserR,0.0984467752277851,22.0,0.0984467752277851,22,24,0.1972935646772384,,
1701094835647-2-27-4-9-2,Fear,UpperLidRaiserR,0.3312039487063885,27.0,0.3312039487063885,27,27,0.3668434619903564,,
1701094848288-2-27-4-16-2,Fear,UpperLidRaiserR,0.08692586421966558,4.0,0.08692586421966558,4,19,0.5546298027038574,,
1701170493968-0-28-2-3-2,Fear,UpperLidRaiserR,0.0,,4.1351809671776053e-14,3,1,1.400598251743643e-13,,
1701170501787-0-28-2-6-2,Fear,UpperLidRaiserR,0.2109334766864776,9.0,0.2109334766864776,9,12,0.4248420596122741,,
1701170511673-0-28-2-10-2,Fear,UpperLidRaiserR,0.0178910735994577,12.0,0.0178910735994577,12,15,0.0190963596105575,,
1701170609420-0-28-3-5-2,Fear,UpperLidRaiserR,0.0,,0.0,2,1,1.401298464324817e-45,,
1701170781287-0-28-4-9-2,Fear,UpperLidRaiserR,0.0,,0.0,2,1,1.401298464324817e-45,,
1701170809558-0-28-4-25-2,Fear,UpperLidRaiserR,0.2068753540515899,16.0,0.2068753540515899,16,18,0.2747279107570648,,
1701175944238-1-29-2-3-2,Fear,UpperLidRaiserR,0.0484333336353302,23.0,0.05454333685338489,29,25,0.1081380024552345,,
1701176073032-1-29-3-5-2,Fear,UpperLidRaiserR,0.0,,2.856548325972513e-23,3,1,8.053399570955891e-23,,
1701176094965-1-29-3-16-2,Fear,UpperLidRaiserR,0.07051355391740799,9.0,0.0795642733573914,11,10,0.1838843822479248,,
1701176103156-1-29-3-20-2,Fear,UpperLidRaiserR,0.0,,7.08105461981847e-16,2,1,2.395671966807047e-15,,
1701176259071-1-29-4-9-2,Fear,UpperLidRaiserR,0.18514204770326623,16.0,0.18514204770326623,16,19,0.4340434968471527,,
1701176283916-1-29-4-23-2,Fear,UpperLidRaiserR,0.02749826014041909,5.0,0.1139409542083741,3,1,0.355822890996933,,
1701177692679-0-30-2-3-2,Fear,UpperLidRaiserR,0.2835499346256256,19.0,0.2835499346256256,19,23,0.5979102253913879,,
1701177699973-0-30-2-6-2,Fear,UpperLidRaiserR,0.24801752716302872,18.0,0.24801752716302872,18,28,0.7950382232666016,,
1701177709968-0-30-2-10-2,Fear,UpperLidRaiserR,0.15770738199353218,9.0,0.15770738199353218,9,26,0.4477932155132293,,
1701178074936-0-30-4-9-2,Fear,UpperLidRaiserR,0.13553600013256067,23.0,0.13553600013256067,23,27,0.4462505578994751,,
1701178087808-0-30-4-16-2,Fear,UpperLidRaiserR,0.4904177188873291,4.0,0.5570558086037637,29,7,0.7947040796279907,,
1701178100021-0-30-4-23-2,Fear,UpperLidRaiserR,0.338143140077591,25.0,0.338143140077591,25,30,0.6520087718963623,,
1701178102747-0-30-4-25-2,Fear,UpperLidRaiserR,0.31907719373703003,13.0,0.31907719373703003,13,19,0.8328511714935303,,
1701188069803-0-31-2-3-2,Fear,UpperLidRaiserR,0.0088354106992483,15.0,0.0088354106992483,15,25,0.0088412659242749,,
1701188086516-0-31-2-10-2,Fear,UpperLidRaiserR,0.060473620891571,7.0,0.1512904539704323,19,12,0.2749763429164886,,
1701188193604-0-31-3-5-2,Fear,UpperLidRaiserR,0.0435058884322644,28.0,0.0435058884322644,28,28,0.0837697833776474,,
1701188216034-0-31-3-16-2,Fear,UpperLidRaiserR,0.03324627876281741,18.0,0.06924179941415788,16,1,0.4610083997249603,,
1701188224270-0-31-3-20-2,Fear,UpperLidRaiserR,0.029483050107955988,6.0,0.10909274220466614,4,1,0.4048482477664947,,
1701188368228-0-31-4-9-2,Fear,UpperLidRaiserR,0.059567019343376194,28.0,0.059567019343376194,28,28,0.1107651218771934,,
1701188393051-0-31-4-23-2,Fear,UpperLidRaiserR,0.0749725848436355,26.0,0.0749725848436355,26,30,0.2878762483596802,,
1701346798129-1-32-2-3-2,Fear,UpperLidRaiserR,0.0,,0.0,2,1,1.401298464324817e-45,,
1701346806591-1-32-2-6-2,Fear,UpperLidRaiserR,0.0,,0.0005682898918167002,3,1,0.0015580580802634,,
1701347175965-1-32-4-9-2,Fear,UpperLidRaiserR,0.0,,1.8118605574213306e-12,2,1,6.136928638877937e-12,,
1701347188648-1-32-4-16-2,Fear,UpperLidRaiserR,0.007340892800129901,5.0,0.0085473321378232,15,14,0.014795514754951,,
1701347204509-1-32-4-25-2,Fear,UpperLidRaiserR,0.00883557554334395,14.0,0.00883557554334395,14,16,0.0136192385107278,,
1701350292769-0-33-2-3-2,Fear,UpperLidRaiserR,0.3041296005249023,22.0,0.3041296005249023,22,25,0.7675809860229492,,
1701350300445-0-33-2-6-2,Fear,UpperLidRaiserR,0.4823191063478589,11.0,0.4823191063478589,11,14,0.7956835031509399,,
1701350310248-0-33-2-10-2,Fear,UpperLidRaiserR,0.16869290173053747,20.0,0.30600009858608257,24,22,0.5024236440658569,,
1701350416230-0-33-3-5-2,Fear,UpperLidRaiserR,0.41060179471969604,20.0,0.41060179471969604,20,23,0.7181422710418701,,
1701350438825-0-33-3-16-2,Fear,UpperLidRaiserR,0.0710974931716919,2.0,0.0710974931716919,2,23,0.5897879600524902,,
1701350445818-0-33-3-20-2,Fear,UpperLidRaiserR,0.28076624870300293,29.0,0.28076624870300293,29,30,0.6741405129432678,,
1701350613292-0-33-4-9-2,Fear,UpperLidRaiserR,0.1296672523021698,2.0,0.1296672523021698,2,13,0.6750105619430542,,
1701350624988-0-33-4-16-2,Fear,UpperLidRaiserR,0.15129530429840082,24.0,0.15129530429840082,24,27,0.5689139366149902,,
1701350637398-0-33-4-23-2,Fear,UpperLidRaiserR,0.3605942577123642,26.0,0.3605942577123642,26,29,0.6900960803031921,,
1701350640984-0-33-4-25-2,Fear,UpperLidRaiserR,0.26452976465225225,19.0,0.26452976465225225,19,24,0.6634555459022522,,
1701357760799-0-34-4-9-2,Fear,UpperLidRaiserR,0.0,,0.0,2,1,1.401298464324817e-45,,
1701429349912-0-35-2-3-2,Fear,UpperLidRaiserR,0.11361145973205572,28.0,0.11361145973205572,28,28,0.4042280912399292,,
1701429358306-0-35-2-6-2,Fear,UpperLidRaiserR,0.07442757487297061,3.0,0.07442757487297061,3,3,0.2202715277671814,,
1701429367035-0-35-2-10-2,Fear,UpperLidRaiserR,0.07510188221931458,10.0,0.07510188221931458,10,17,0.5429185032844543,,
1701429481658-0-35-3-16-2,Fear,UpperLidRaiserR,0.0572653710842132,13.0,0.0572653710842132,13,22,0.1952514499425888,,
1701429490253-0-35-3-20-2,Fear,UpperLidRaiserR,0.37193912267684937,21.0,0.37193912267684937,21,27,0.6894542574882507,,
1701429639116-0-35-4-16-2,Fear,UpperLidRaiserR,0.04857355356216431,4.0,0.04857355356216431,4,18,0.7180583477020264,,
1701429654349-0-35-4-25-2,Fear,UpperLidRaiserR,0.0696099400520325,7.0,0.2224814211949706,12,9,0.4044693410396576,,
1701438123470-1-36-2-3-2,Fear,UpperLidRaiserR,0.1033246889710427,28.0,0.1033246889710427,28,28,0.1376306414604187,,
1701438131767-1-36-2-6-2,Fear,UpperLidRaiserR,0.3351768986468641,4.0,0.3351768986468641,4,26,0.4655387997627258,,
1701438141762-1-36-2-10-2,Fear,UpperLidRaiserR,0.14676405489444738,6.0,0.14676405489444738,6,8,0.3049895763397217,,
1701438245552-1-36-3-5-2,Fear,UpperLidRaiserR,0.0471164025366306,9.0,0.0523311682045459,15,13,0.1013028621673584,,
1701438267489-1-36-3-16-2,Fear,UpperLidRaiserR,0.012220011925691403,9.0,0.012220011925691403,9,9,0.0122200138866901,,
1701438275481-1-36-3-20-2,Fear,UpperLidRaiserR,0.0700570344924927,13.0,0.109067976474762,24,19,0.2752407491207123,,
1701438441438-1-36-4-9-2,Fear,UpperLidRaiserR,0.014311235398054099,14.0,0.0160351973026991,25,4,0.0372966192662715,,
1701438453301-1-36-4-16-2,Fear,UpperLidRaiserR,0.008281782444100801,18.0,0.008281782444100801,18,4,0.0145489703863859,,
1701438466137-1-36-4-23-2,Fear,UpperLidRaiserR,0.0234436430037021,26.0,0.042702112346887595,9,2,0.1119217500090599,,
1701438469635-1-36-4-25-2,Fear,UpperLidRaiserR,0.0453609824180603,24.0,0.0453609824180603,24,25,0.2639278173446655,,
1701440295066-0-37-2-6-2,Fear,UpperLidRaiserR,0.1723302602767945,20.0,0.1984686553478241,26,24,0.5789667963981628,,
1701440602128-0-37-4-16-2,Fear,UpperLidRaiserR,0.060683757066726685,21.0,0.2447103802114726,29,1,0.5803578495979309,0.01250388823318524,0.01250388823318524
1700479111705-2-1-2-3-2,Fear,OuterBrowRaiserL,0.023077098652720403,9.0,0.023077098652720403,9,26,0.0796045958995819,,
1700479119890-2-1-2-6-2,Fear,OuterBrowRaiserL,0.0104705020785332,25.0,0.07088065892457959,24,5,0.2093543261289596,,
1700479129747-2-1-2-10-2,Fear,OuterBrowRaiserL,0.007324039936065702,2.0,0.0207566320896148,22,16,0.1113629341125488,,
1700479248151-2-1-3-5-2,Fear,OuterBrowRaiserL,0.0,,0.00010778743308039991,2,1,0.000607838795986,,
1700479278671-2-1-3-20-2,Fear,OuterBrowRaiserL,0.013933032751083402,11.0,0.024592459201812696,28,26,0.092213824391365,,
1700479427742-2-1-4-9-2,Fear,OuterBrowRaiserL,0.007323049008846304,23.0,0.007323049008846304,23,28,0.0474738702178001,,
1700479452800-2-1-4-23-2,Fear,OuterBrowRaiserL,0.01523213088512429,3.0,0.01523213088512429,3,14,0.089500144124031,,
1700486096508-1-2-2-10-2,Fear,OuterBrowRaiserL,0.10163345746695991,2.0,0.10163345746695991,2,28,0.4831750392913818,,
1700486200867-1-2-3-5-2,Fear,OuterBrowRaiserL,0.26241621375083923,2.0,0.26241621375083923,2,5,0.812933087348938,,
1700486222597-1-2-3-16-2,Fear,OuterBrowRaiserL,0.3165357708930969,18.0,0.3165357708930969,18,22,0.9419881105422974,,
1700486230297-1-2-3-20-2,Fear,OuterBrowRaiserL,0.071223258972168,18.0,0.071223258972168,18,30,0.2364501655101776,,
1700486377855-1-2-4-9-2,Fear,OuterBrowRaiserL,0.1395407468080521,23.0,0.1395407468080521,23,29,0.4874902665615082,,
1700486389926-1-2-4-16-2,Fear,OuterBrowRaiserL,0.30736249685287476,23.0,0.30736249685287476,23,29,0.897208571434021,,
1700486402581-1-2-4-23-2,Fear,OuterBrowRaiserL,0.2843467891216278,12.0,0.2843467891216278,12,26,0.9615620374679564,,
1700487960368-0-3-2-3-2,Fear,OuterBrowRaiserL,0.038833612576127004,15.0,0.038833612576127004,15,18,0.0906483009457588,,
1700487977854-0-3-2-10-2,Fear,OuterBrowRaiserL,0.0032362863421439986,26.0,0.003896578215062599,28,26,0.0157474316656589,,
1700488106464-0-3-3-16-2,Fear,OuterBrowRaiserL,0.0391139648854732,18.0,0.0391139648854732,18,20,0.0630035176873207,,
1700488114760-0-3-3-20-2,Fear,OuterBrowRaiserL,0.0036891698135831565,8.0,0.0036891698135831565,8,8,0.0036903910804539,,
1700488292404-0-3-4-23-2,Fear,OuterBrowRaiserL,0.003353547304868698,28.0,0.0044397450983523976,24,9,0.0621123351156711,,
1700489728898-0-4-2-3-2,Fear,OuterBrowRaiserL,0.042662281543016496,20.0,0.042662281543016496,20,29,0.2137439996004104,,
1700489747611-0-4-2-10-2,Fear,OuterBrowRaiserL,0.028093546628952082,3.0,0.18199742585420609,28,10,0.2995879352092743,,
1700489865682-0-4-3-5-2,Fear,OuterBrowRaiserL,0.050400212407112094,28.0,0.050400212407112094,28,30,0.1263903230428695,,
1700489888262-0-4-3-16-2,Fear,OuterBrowRaiserL,0.006727024912834195,21.0,0.022241264581680298,25,24,0.1932684928178787,,
1700490058429-0-4-4-9-2,Fear,OuterBrowRaiserL,0.046743281185627,11.0,0.046743281185627,11,18,0.2477697283029556,,
1700490082831-0-4-4-23-2,Fear,OuterBrowRaiserL,0.030692279338836698,16.0,0.030692279338836698,16,29,0.1726448684930801,,
1700490086566-0-4-4-25-2,Fear,OuterBrowRaiserL,0.0523341968655586,9.0,0.0523341968655586,9,18,0.1734555661678314,,
1700491508000-1-5-2-3-2,Fear,OuterBrowRaiserL,0.032882839441299494,2.0,0.032882839441299494,2,5,0.2967495322227478,,
1700491625143-1-5-3-5-2,Fear,OuterBrowRaiserL,0.02861577272415161,15.0,0.09621742367744451,16,15,0.4612746238708496,,
1700491646962-1-5-3-16-2,Fear,OuterBrowRaiserL,0.024517744779586736,5.0,0.09048962593078613,17,15,0.4396719336509704,,
1700491655095-1-5-3-20-2,Fear,OuterBrowRaiserL,0.011595338582992498,10.0,0.041166082024574197,14,11,0.2248128205537796,,
1700491818051-1-5-4-16-2,Fear,OuterBrowRaiserL,0.0280856192111969,15.0,0.062255471944809015,29,26,0.254846453666687,,
1700491834563-1-5-4-25-2,Fear,OuterBrowRaiserL,0.04457676410675049,3.0,0.04457676410675049,3,30,0.47231325507164,,
1700496800866-1-6-2-3-2,Fear,OuterBrowRaiserL,0.0076519707217812,21.0,0.0076519707217812,21,26,0.0258851572871208,,
1700496819284-1-6-2-10-2,Fear,OuterBrowRaiserL,0.049609512090683,18.0,0.049609512090683,18,21,0.1353071480989456,,
1700496927077-1-6-3-5-2,Fear,OuterBrowRaiserL,0.0036892751840013507,6.0,0.0036892751840013507,6,6,0.0036907552275806,,
1700496949437-1-6-3-16-2,Fear,OuterBrowRaiserL,0.0,,2.3792700208164167e-16,2,1,1.373906075171315e-15,,
1700497106379-1-6-4-9-2,Fear,OuterBrowRaiserL,0.0,,1.8555352019527402e-26,2,1,5.865398383364741e-26,,
1700497118520-1-6-4-16-2,Fear,OuterBrowRaiserL,0.0,,0.0,2,1,2.802596928649634e-45,,
1700497130577-1-6-4-23-2,Fear,OuterBrowRaiserL,0.0036897767145488967,23.0,0.0036897767145488967,23,24,0.0063283098861575,,
1700567792669-2-8-2-3-2,Fear,OuterBrowRaiserL,0.10907840728759766,21.0,0.10907840728759766,21,29,0.754541277885437,,
1700567799982-2-8-2-6-2,Fear,OuterBrowRaiserL,0.1838079690933228,17.0,0.1838079690933228,17,26,0.8575138449668884,,
1700567809324-2-8-2-10-2,Fear,OuterBrowRaiserL,0.1862381845712662,28.0,0.1862381845712662,28,30,0.6932804584503174,,
1700567911689-2-8-3-5-2,Fear,OuterBrowRaiserL,0.12943148612976077,9.0,0.12943148612976077,9,29,0.7948526740074158,,
1700567934618-2-8-3-16-2,Fear,OuterBrowRaiserL,0.06240570545196533,5.0,0.06240570545196533,5,29,0.7910885214805603,,
1700567942412-2-8-3-20-2,Fear,OuterBrowRaiserL,0.15149381756782537,8.0,0.15149381756782537,8,22,0.832008957862854,,
1700568090919-2-8-4-9-2,Fear,OuterBrowRaiserL,0.24791860580444341,14.0,0.24791860580444341,14,19,0.820382297039032,,
1700568103657-2-8-4-16-2,Fear,OuterBrowRaiserL,0.34511497616767883,21.0,0.34511497616767883,21,26,0.8149774670600891,,
1700568116382-2-8-4-23-2,Fear,OuterBrowRaiserL,0.3097372353076935,5.0,0.3097372353076935,5,30,0.8452292680740356,,
1700568119916-2-8-4-25-2,Fear,OuterBrowRaiserL,0.108512282371521,12.0,0.108512282371521,12,30,0.8600960969924927,,
1700571058419-1-9-2-3-2,Fear,OuterBrowRaiserL,0.04315805435180664,16.0,0.04315805435180664,16,25,0.7624658942222595,,
1700571175890-1-9-3-5-2,Fear,OuterBrowRaiserL,0.0245247483253479,13.0,0.07434225082397461,21,15,0.7228224277496338,,
1700571363263-1-9-4-9-2,Fear,OuterBrowRaiserL,0.06113353371620181,23.0,0.06113353371620181,23,27,0.3303480148315429,,
1700571375987-1-9-4-16-2,Fear,OuterBrowRaiserL,0.12470604479312891,10.0,0.12470604479312891,10,24,0.5993339419364929,,
1700571388602-1-9-4-23-2,Fear,OuterBrowRaiserL,0.14465142786502838,2.0,0.14465142786502838,2,8,0.529729962348938,,
1700571391762-1-9-4-25-2,Fear,OuterBrowRaiserL,0.06049305200576788,3.0,0.06049305200576788,3,19,0.7365660071372986,,
1700577738960-2-10-2-3-2,Fear,OuterBrowRaiserL,0.1046154648065567,11.0,0.1046154648065567,11,15,0.4757167994976043,,
1700577756759-2-10-2-10-2,Fear,OuterBrowRaiserL,0.1952407062053681,6.0,0.1952407062053681,6,9,0.4996921420097351,,
1700577849695-2-10-3-5-2,Fear,OuterBrowRaiserL,0.0093977004289627,16.0,0.0111253317445516,4,20,0.070988617837429,,
1700577880261-2-10-3-20-2,Fear,OuterBrowRaiserL,0.09071898460388192,22.0,0.09071898460388192,22,26,0.3908859193325043,,
1700578022517-2-10-4-9-2,Fear,OuterBrowRaiserL,0.0073846229934133,25.0,0.007667021825909597,5,2,0.0342651009559631,,
1700578035450-2-10-4-16-2,Fear,OuterBrowRaiserL,0.10534263192676,4.0,0.10534263192676,4,11,0.2229559123516082,,
1700578047686-2-10-4-23-2,Fear,OuterBrowRaiserL,0.007476747647160599,13.0,0.007476747647160599,13,14,0.0094869276508688,,
1700578050680-2-10-4-25-2,Fear,OuterBrowRaiserL,0.06493076682090759,28.0,0.06493076682090759,28,30,0.4789446294307709,,
1700580373458-0-11-2-3-2,Fear,OuterBrowRaiserL,0.0024216212332247994,10.0,0.031402386724948904,6,1,0.1271587014198303,,
1700580381214-0-11-2-6-2,Fear,OuterBrowRaiserL,0.025517310947179798,8.0,0.025517310947179798,8,30,0.1098582819104194,,
1700580391543-0-11-2-10-2,Fear,OuterBrowRaiserL,0.0,,4.881690256300001e-05,2,1,0.0002786509285215,,
1700580494213-0-11-3-5-2,Fear,OuterBrowRaiserL,0.0444394946098328,3.0,0.0444394946098328,3,29,0.165843203663826,,
1700580515530-0-11-3-16-2,Fear,OuterBrowRaiserL,0.0,,1.4815675967838615e-05,2,1,8.515561057720333e-05,,
1700580524093-0-11-3-20-2,Fear,OuterBrowRaiserL,0.055211216211319,27.0,0.055211216211319,27,29,0.1759446114301681,,
1700580682776-0-11-4-9-2,Fear,OuterBrowRaiserL,0.009102346375584602,3.0,0.009102346375584602,3,3,0.0395467020571231,,
1700582057784-0-12-2-3-2,Fear,OuterBrowRaiserL,0.07787644863128662,16.0,0.22335445880889893,30,25,0.4602054357528686,,
1700582169785-0-12-3-5-2,Fear,OuterBrowRaiserL,0.1209020018577576,7.0,0.1209020018577576,7,19,0.4158616960048675,,
1700582191310-0-12-3-16-2,Fear,OuterBrowRaiserL,0.13050329685211187,26.0,0.13050329685211187,26,30,0.6545553207397461,,
1700582354642-0-12-4-16-2,Fear,OuterBrowRaiserL,0.1860993320588023,17.0,0.1860993320588023,17,27,0.5763453245162964,,
1700583891213-2-13-2-3-2,Fear,OuterBrowRaiserL,0.04695770144462591,5.0,0.04695770144462591,5,30,0.2127948105335235,,
1700583897868-2-13-2-6-2,Fear,OuterBrowRaiserL,0.0368761906865984,23.0,0.0368761906865984,23,30,0.1085767596960067,,
1700584009992-2-13-3-5-2,Fear,OuterBrowRaiserL,0.08050437271594998,14.0,0.08050437271594998,14,26,0.3126205205917358,,
1700584032421-2-13-3-16-2,Fear,OuterBrowRaiserL,0.0728899836540223,12.0,0.0728899836540223,12,17,0.3959839940071106,,
1700584217663-2-13-4-9-2,Fear,OuterBrowRaiserL,0.053040124475956005,23.0,0.053040124475956005,23,30,0.2423188239336013,,
1700584242638-2-13-4-23-2,Fear,OuterBrowRaiserL,0.08167922496795649,15.0,0.08167922496795649,15,15,0.40114226937294,,
1700745115681-1-14-2-3-2,Fear,OuterBrowRaiserL,0.037469431757926996,2.0,0.037469431757926996,2,17,0.2152997702360153,,
1700745123799-1-14-2-6-2,Fear,OuterBrowRaiserL,0.008049089461564997,16.0,0.008049089461564997,16,17,0.0577725321054458,,
1700745132889-1-14-2-10-2,Fear,OuterBrowRaiserL,0.05380391329526911,26.0,0.05380391329526911,26,30,0.2071174085140228,,
1700745231984-1-14-3-5-2,Fear,OuterBrowRaiserL,0.028923995792865795,19.0,0.0309638641774655,8,30,0.1819465458393097,,
1700745254634-1-14-3-16-2,Fear,OuterBrowRaiserL,0.028398158028721802,5.0,0.028398158028721802,5,13,0.094367578625679,,
1700745409833-1-14-4-9-2,Fear,OuterBrowRaiserL,0.04308346658945081,6.0,0.04308346658945081,6,13,0.2137642949819564,,
1700745434141-1-14-4-23-2,Fear,OuterBrowRaiserL,0.03919949382543571,16.0,0.03919949382543571,16,18,0.1496782749891281,,
1700745437874-1-14-4-25-2,Fear,OuterBrowRaiserL,0.051886379718780504,10.0,0.051886379718780504,10,15,0.2266760319471359,,
1700747235785-2-15-2-3-2,Fear,OuterBrowRaiserL,0.006632517557591151,28.0,0.006632517557591151,28,29,0.0110873524099588,,
1700747244029-2-15-2-6-2,Fear,OuterBrowRaiserL,0.011980093915975397,6.0,0.011980093915975397,6,7,0.0148922409862279,,
1700747253760-2-15-2-10-2,Fear,OuterBrowRaiserL,0.016769758425653,7.0,0.016769758425653,7,24,0.0440673343837261,,
1700747378458-2-15-3-16-2,Fear,OuterBrowRaiserL,0.0131770879816031,24.0,0.0131770879816031,24,30,0.0405903942883014,,
1700747386351-2-15-3-20-2,Fear,OuterBrowRaiserL,0.013982359319925398,28.0,0.013982359319925398,28,17,0.0790696740150451,,
1700747528937-2-15-4-9-2,Fear,OuterBrowRaiserL,0.0,,0.009548626840114602,2,1,0.0219542738050222,,
1700747556782-2-15-4-25-2,Fear,OuterBrowRaiserL,0.0038472823798656013,30.0,0.011020209640264601,3,1,0.0598723106086254,,
1700748692860-0-16-2-3-2,Fear,OuterBrowRaiserL,0.0101222917437553,24.0,0.0101222917437553,24,24,0.0214165970683097,,
1700748700613-0-16-2-6-2,Fear,OuterBrowRaiserL,0.0892462339252234,24.0,0.0892462339252234,24,29,0.1528290361166,,
1700748711597-0-16-2-10-2,Fear,OuterBrowRaiserL,0.0,,2.457310620229999e-05,2,1,0.0001407851814292,,
1700748833455-0-16-3-16-2,Fear,OuterBrowRaiserL,0.024561770260333998,10.0,0.024561770260333998,10,14,0.0631312355399131,,
1700748841210-0-16-3-20-2,Fear,OuterBrowRaiserL,0.019436832517385504,10.0,0.0462170653045178,23,18,0.1079915538430213,,
1700749000251-0-16-4-16-2,Fear,OuterBrowRaiserL,0.0036897102836519,22.0,0.0036897102836519,22,24,0.0058257188647985,,
1700749012601-0-16-4-23-2,Fear,OuterBrowRaiserL,0.0,,4.1291486896355443e-10,3,1,1.5785803775258955e-09,,
1700749016625-0-16-4-25-2,Fear,OuterBrowRaiserL,0.0,,2.2510924209291085e-19,2,1,1.2999293252756857e-18,,
1700753902964-0-17-2-3-2,Fear,OuterBrowRaiserL,0.0625210478901863,5.0,0.0625210478901863,5,7,0.1992084830999374,,
1700754039690-0-17-3-16-2,Fear,OuterBrowRaiserL,0.015091259032487904,26.0,0.015091259032487904,26,27,0.0511958822607994,,
1700754193806-0-17-4-9-2,Fear,OuterBrowRaiserL,0.0058592036366462985,19.0,0.009114108979702,8,7,0.0308523774147033,,
1700754218629-0-17-4-23-2,Fear,OuterBrowRaiserL,0.009366272017359699,9.0,0.0098078511655331,20,12,0.0419906303286552,,
1700754222320-0-17-4-25-2,Fear,OuterBrowRaiserL,0.0094137713313102,3.0,0.0094137713313102,3,7,0.0261894073337316,,
1700756720027-2-18-4-9-2,Fear,OuterBrowRaiserL,0.2751157879829407,16.0,0.2751157879829407,16,17,0.4103566408157348,,
1700824563148-0-19-3-5-2,Fear,OuterBrowRaiserL,0.05562908947467811,11.0,0.05562908947467811,11,11,0.1726921200752258,,
1700824592603-0-19-3-20-2,Fear,OuterBrowRaiserL,0.21630454063415533,25.0,0.21630454063415533,25,25,0.3697499632835388,,
1700824755053-0-19-4-9-2,Fear,OuterBrowRaiserL,0.1820403896272182,18.0,0.1820403896272182,18,21,0.3841061294078827,,
1700824767681-0-19-4-16-2,Fear,OuterBrowRaiserL,0.040555551182478694,12.0,0.040555551182478694,12,19,0.1271203160285949,,
1700824783839-0-19-4-25-2,Fear,OuterBrowRaiserL,0.016097716987133096,13.0,0.016097716987133096,13,14,0.1117215231060981,,
1700825817672-0-20-2-3-2,Fear,OuterBrowRaiserL,0.045151904225349385,17.0,0.045151904225349385,17,24,0.240457147359848,,
1700825952607-0-20-3-16-2,Fear,OuterBrowRaiserL,0.11477181315422058,6.0,0.2145758122205734,30,11,0.7582192420959473,,
1700825960070-0-20-3-20-2,Fear,OuterBrowRaiserL,0.007649428236277312,30.0,0.007649428236277312,30,30,0.0076510212384164,,
1700826130392-0-20-4-23-2,Fear,OuterBrowRaiserL,0.04834709316492081,23.0,0.04834709316492081,23,26,0.2021590173244476,,
1700826133775-0-20-4-25-2,Fear,OuterBrowRaiserL,0.1012393012642861,18.0,0.1012393012642861,18,26,0.397819846868515,,
1700827984113-0-21-4-9-2,Fear,OuterBrowRaiserL,0.1549890711903572,13.0,0.1549890711903572,13,15,0.3918753564357757,,
1701085490489-2-23-2-3-2,Fear,OuterBrowRaiserL,0.048956319689750616,24.0,0.048956319689750616,24,30,0.2727082967758178,,
1701085508188-2-23-2-10-2,Fear,OuterBrowRaiserL,0.25959593057632446,30.0,0.25959593057632446,30,30,0.5215389728546143,,
1701085612711-2-23-3-5-2,Fear,OuterBrowRaiserL,0.1078847348690033,22.0,0.1078847348690033,22,28,0.6130447387695312,,
1701085635772-2-23-3-16-2,Fear,OuterBrowRaiserL,0.0428588576614856,8.0,0.0428588576614856,8,8,0.0944390967488288,,
1701085643199-2-23-3-20-2,Fear,OuterBrowRaiserL,0.012586745666339999,29.0,0.012586745666339999,29,5,0.0363725833594799,,
1701085798672-2-23-4-9-2,Fear,OuterBrowRaiserL,0.013546400703489798,27.0,0.013546400703489798,27,30,0.0425486974418163,,
1701085810970-2-23-4-16-2,Fear,OuterBrowRaiserL,0.1491667628288269,26.0,0.1491667628288269,26,30,0.8334910869598389,,
1701085823245-2-23-4-23-2,Fear,OuterBrowRaiserL,0.3045445084571839,22.0,0.3045445084571839,22,30,0.7713943719863892,,
1701085827129-2-23-4-25-2,Fear,OuterBrowRaiserL,0.1807257235050202,20.0,0.1807257235050202,20,25,0.8740976452827454,,
1701087298299-0-24-2-6-2,Fear,OuterBrowRaiserL,0.0,,9.841216524364427e-06,2,1,3.108292003162205e-05,,
1701087611416-0-24-4-9-2,Fear,OuterBrowRaiserL,0.1291729360818863,20.0,0.1291729360818863,20,26,0.6382825374603271,,
1701087623549-0-24-4-16-2,Fear,OuterBrowRaiserL,0.1079908013343811,18.0,0.1079908013343811,18,19,0.4796264767646789,,
1701087636407-0-24-4-23-2,Fear,OuterBrowRaiserL,0.20076525211334229,3.0,0.20076525211334229,3,6,0.5904150009155273,,
1701087638925-0-24-4-25-2,Fear,OuterBrowRaiserL,0.10592323541641241,13.0,0.10592323541641241,13,24,0.7386783957481384,,
1701090990821-0-25-2-3-2,Fear,OuterBrowRaiserL,0.0,,3.5201651371608023e-06,4,1,1.6274962035822682e-05,,
1701090998411-0-25-2-6-2,Fear,OuterBrowRaiserL,0.0,,1.1380365094737504e-07,4,1,5.261937872091949e-07,,
1701091008703-0-25-2-10-2,Fear,OuterBrowRaiserL,0.0,,1.0757001291494823e-05,2,1,6.094564741943032e-05,,
1701091109837-0-25-3-5-2,Fear,OuterBrowRaiserL,0.0,,0.0,2,1,2.802596928649634e-45,,
1701091132266-0-25-3-16-2,Fear,OuterBrowRaiserL,0.0227734018117189,15.0,0.0227734018117189,15,28,0.1045020222663879,,
1701091140174-0-25-3-20-2,Fear,OuterBrowRaiserL,0.0,,4.97789032216644e-11,2,1,2.8745697489007677e-10,,
1701091297196-0-25-4-9-2,Fear,OuterBrowRaiserL,0.0158683806657791,6.0,0.0315465331077576,14,6,0.0880694985389709,,
1701091308687-0-25-4-16-2,Fear,OuterBrowRaiserL,0.0,,5.693218554370105e-07,2,1,1.7993426126849954e-06,,
1701091321073-0-25-4-23-2,Fear,OuterBrowRaiserL,0.0,,4.561472088937535e-09,3,1,1.7438678057146717e-08,,
1701091325431-0-25-4-25-2,Fear,OuterBrowRaiserL,0.0,,4.637937588087357e-19,2,1,1.4660604862959891e-18,,
1701092667428-0-26-2-6-2,Fear,OuterBrowRaiserL,0.030053142458200496,17.0,0.030053142458200496,17,18,0.0855611860752105,,
1701092794824-0-26-3-16-2,Fear,OuterBrowRaiserL,0.18040251731872559,16.0,0.18040251731872559,16,18,0.3636080622673034,,
1701092963038-0-26-4-9-2,Fear,OuterBrowRaiserL,0.0036897158715744815,28.0,0.0036897158715744815,28,28,0.0036897158715873,,
1701094539306-2-27-2-3-2,Fear,OuterBrowRaiserL,0.10690049827098841,20.0,0.10690049827098841,20,30,0.5281384587287903,,
1701094661584-2-27-3-5-2,Fear,OuterBrowRaiserL,0.1132477521896362,21.0,0.1132477521896362,21,29,0.5480915307998657,,
1701094684847-2-27-3-16-2,Fear,OuterBrowRaiserL,0.031922698020935,6.0,0.03548483550548559,15,12,0.2678689360618591,,
1701094692584-2-27-3-20-2,Fear,OuterBrowRaiserL,0.011783957481384222,15.0,0.027928531169891302,23,21,0.3205017149448395,,
1701094835647-2-27-4-9-2,Fear,OuterBrowRaiserL,0.37809348106384283,27.0,0.37809348106384283,27,29,0.8068568110466003,,
1701094848288-2-27-4-16-2,Fear,OuterBrowRaiserL,0.052239015698432895,4.0,0.052239015698432895,4,28,0.3771446645259857,,
1701170493968-0-28-2-3-2,Fear,OuterBrowRaiserL,0.006758980453014398,16.0,0.006758980453014398,16,16,0.0259409006685018,,
1701170501787-0-28-2-6-2,Fear,OuterBrowRaiserL,0.0354241842869669,9.0,0.0354241842869669,9,19,0.1462042480707168,,
1701170511673-0-28-2-10-2,Fear,OuterBrowRaiserL,0.007986664772033702,12.0,0.007986664772033702,12,12,0.0244686231017112,,
1701170609420-0-28-3-5-2,Fear,OuterBrowRaiserL,-3.6753965756280957e-14,,7.545582214607549e-12,2,1,4.357219793305056e-11,,
1701170781287-0-28-4-9-2,Fear,OuterBrowRaiserL,0.010015672616294042,14.0,0.010015672616294042,14,16,0.0110634583979845,,
1701170809558-0-28-4-25-2,Fear,OuterBrowRaiserL,0.09363455697894102,16.0,0.09363455697894102,16,18,0.1582273244857788,,
1701175944238-1-29-2-3-2,Fear,OuterBrowRaiserL,0.0117392940446734,22.0,0.0117392940446734,22,28,0.0217416901141405,,
1701176073032-1-29-3-5-2,Fear,OuterBrowRaiserL,0.0,,4.173459274170455e-06,3,1,1.595128924236633e-05,,
1701176094965-1-29-3-16-2,Fear,OuterBrowRaiserL,0.021325111389160212,14.0,0.04322123527526858,27,18,0.283661812543869,,
1701176103156-1-29-3-20-2,Fear,OuterBrowRaiserL,0.009524666704237399,29.0,0.009524666704237399,29,30,0.0277562588453292,,
1701176259071-1-29-4-9-2,Fear,OuterBrowRaiserL,0.2419709004461765,15.0,0.2419709004461765,15,23,0.6351405382156372,,
1701176283916-1-29-4-23-2,Fear,OuterBrowRaiserL,0.0031397193670272827,20.0,0.08826398849487299,4,1,0.481948971748352,,
1701177692679-0-30-2-3-2,Fear,OuterBrowRaiserL,0.2592739462852478,18.0,0.2592739462852478,18,23,0.7547272443771362,,
1701177699973-0-30-2-6-2,Fear,OuterBrowRaiserL,0.047630131244659424,27.0,0.047630131244659424,27,30,0.2348236590623855,,
1701177709968-0-30-2-10-2,Fear,OuterBrowRaiserL,0.07428357005119318,22.0,0.07428357005119318,22,25,0.3149290084838867,,
1701178074936-0-30-4-9-2,Fear,OuterBrowRaiserL,0.0694184470921755,19.0,0.0694184470921755,19,30,0.2306854575872421,,
1701178087808-0-30-4-16-2,Fear,OuterBrowRaiserL,0.20360532402992249,4.0,0.20360532402992249,4,5,0.3375337123870849,,
1701178100021-0-30-4-23-2,Fear,OuterBrowRaiserL,0.1410996420308947,17.0,0.1410996420308947,17,20,0.1733607947826385,,
1701178102747-0-30-4-25-2,Fear,OuterBrowRaiserL,0.0866289772093296,16.0,0.0866289772093296,16,19,0.1460091769695282,,
1701188069803-0-31-2-3-2,Fear,OuterBrowRaiserL,0.005397491157054899,17.0,0.005397491157054899,17,22,0.0177119076251983,,
1701188086516-0-31-2-10-2,Fear,OuterBrowRaiserL,0.017633631825447096,6.0,0.017633631825447096,6,17,0.0989777371287345,,
1701188193604-0-31-3-5-2,Fear,OuterBrowRaiserL,0.0100065832957625,27.0,0.0100065832957625,27,30,0.0344943031668663,,
1701188216034-0-31-3-16-2,Fear,OuterBrowRaiserL,0.011073634028434684,24.0,0.013302728533744812,16,7,0.1914345771074295,,
1701188224270-0-31-3-20-2,Fear,OuterBrowRaiserL,0.007932148873806,17.0,0.012290909886360099,25,3,0.113900788128376,,
1701188368228-0-31-4-9-2,Fear,OuterBrowRaiserL,0.0126490155234933,20.0,0.0126490155234933,20,29,0.0553272776305675,,
1701188393051-0-31-4-23-2,Fear,OuterBrowRaiserL,0.020649723708629608,28.0,0.020649723708629608,28,30,0.1230639740824699,,
1701346798129-1-32-2-3-2,Fear,OuterBrowRaiserL,0.012087963521480598,27.0,0.012087963521480598,27,30,0.059690173715353,,
1701346806591-1-32-2-6-2,Fear,OuterBrowRaiserL,0.021280340850353296,23.0,0.028258502483367892,10,25,0.0957920849323272,,
1701347175965-1-32-4-9-2,Fear,OuterBrowRaiserL,0.009163425303995599,27.0,0.009163425303995599,27,27,0.0182090792804956,,
1701347188648-1-32-4-16-2,Fear,OuterBrowRaiserL,0.0050303032621741,24.0,0.005144435912370701,9,7,0.020261513069272,,
1701347204509-1-32-4-25-2,Fear,OuterBrowRaiserL,0.0649212412536144,8.0,0.0962671171873808,29,17,0.2400064021348953,,
1701350292769-0-33-2-3-2,Fear,OuterBrowRaiserL,0.2826976031064988,23.0,0.2826976031064988,23,29,0.661948025226593,,
1701350300445-0-33-2-6-2,Fear,OuterBrowRaiserL,0.14381970465183258,14.0,0.14381970465183258,14,28,0.6107944250106812,,
1701350310248-0-33-2-10-2,Fear,OuterBrowRaiserL,0.2049332074820995,22.0,0.2049332074820995,22,27,0.2892504334449768,,
1701350416230-0-33-3-5-2,Fear,OuterBrowRaiserL,0.0517658651806415,11.0,0.0517658651806415,11,14,0.1380350291728973,,
1701350438825-0-33-3-16-2,Fear,OuterBrowRaiserL,0.008354905992746402,11.0,0.008354905992746402,11,11,0.033091377466917,,
1701350445818-0-33-3-20-2,Fear,OuterBrowRaiserL,0.0801718104630709,27.0,0.13310647755861288,10,1,0.4548221826553345,,
1701350613292-0-33-4-9-2,Fear,OuterBrowRaiserL,0.08042993955314161,2.0,0.08042993955314161,2,3,0.1323352754116058,,
1701350624988-0-33-4-16-2,Fear,OuterBrowRaiserL,0.0,,1.913859159684621e-05,2,1,0.0001100146837416,,
1701350637398-0-33-4-23-2,Fear,OuterBrowRaiserL,0.053934336639940704,29.0,0.053934336639940704,29,29,0.0690928623080253,,
1701350640984-0-33-4-25-2,Fear,OuterBrowRaiserL,0.0388913033530116,12.0,0.0388913033530116,12,29,0.1424364298582077,,
1701357760799-0-34-4-9-2,Fear,OuterBrowRaiserL,0.0,,1.6571488105354693e-15,2,1,9.569464835888601e-15,,
1701429349912-0-35-2-3-2,Fear,OuterBrowRaiserL,0.038982763886451804,30.0,0.038982763886451804,30,30,0.1287105232477188,,
1701429358306-0-35-2-6-2,Fear,OuterBrowRaiserL,0.0555835729464889,2.0,0.0555835729464889,2,17,0.1880073845386505,,
1701429367035-0-35-2-10-2,Fear,OuterBrowRaiserL,0.0342693030834198,10.0,0.0342693030834198,10,30,0.4337198138236999,,
1701429481658-0-35-3-16-2,Fear,OuterBrowRaiserL,0.032256618142127894,7.0,0.032256618142127894,7,22,0.2010828852653503,,
1701429490253-0-35-3-20-2,Fear,OuterBrowRaiserL,0.032051548361778204,3.0,0.09581908583641058,20,18,0.349316269159317,,
1701429639116-0-35-4-16-2,Fear,OuterBrowRaiserL,0.10186138749122617,4.0,0.10186138749122617,4,29,0.5654504895210266,,
1701429654349-0-35-4-25-2,Fear,OuterBrowRaiserL,0.04291329532861711,15.0,0.04291329532861711,15,30,0.2924153804779053,,
1701438123470-1-36-2-3-2,Fear,OuterBrowRaiserL,0.24657981097698212,25.0,0.24657981097698212,25,28,0.5495210886001587,,
1701438131767-1-36-2-6-2,Fear,OuterBrowRaiserL,0.22823865711688998,4.0,0.22823865711688998,4,27,0.6516520977020264,,
1701438141762-1-36-2-10-2,Fear,OuterBrowRaiserL,0.1134022176265716,7.0,0.1134022176265716,7,11,0.555514931678772,,
1701438245552-1-36-3-5-2,Fear,OuterBrowRaiserL,0.14565193653106695,11.0,0.1634448915719986,23,14,0.5656465291976929,,
1701438267489-1-36-3-16-2,Fear,OuterBrowRaiserL,0.06545619666576391,2.0,0.0909046530723572,17,5,0.262626975774765,,
1701438275481-1-36-3-20-2,Fear,OuterBrowRaiserL,0.04026077687740329,20.0,0.04026077687740329,20,21,0.2180421650409698,,
1701438441438-1-36-4-9-2,Fear,OuterBrowRaiserL,0.009035095572471619,24.0,0.009035095572471619,24,1,0.1462197005748748,,
1701438453301-1-36-4-16-2,Fear,OuterBrowRaiserL,0.27921857545152307,18.0,0.27921857545152307,18,19,0.3952647447586059,,
1701438466137-1-36-4-23-2,Fear,OuterBrowRaiserL,0.019477985799312605,24.0,0.019477985799312605,24,29,0.1441615670919418,,
1701438469635-1-36-4-25-2,Fear,OuterBrowRaiserL,0.07104136049747467,21.0,0.07104136049747467,21,25,0.3523690402507782,,
1701440295066-0-37-2-6-2,Fear,OuterBrowRaiserL,0.02461500465869909,22.0,0.025999590754509,3,26,0.2340334802865982,,
1701440602128-0-37-4-16-2,Fear,OuterBrowRaiserL,0.005853246431797799,4.0,0.005853246431797799,4,6,0.0128415375947952,0.009192219653639644,0.009192219653639644
1700479001137-2-1-1-2-3,Happiness,LipCornerPullerR,0.11321504414081582,22.0,0.15674865245819092,12,1,0.5522475242614746,,
1700479015441-2-1-1-8-3,Happiness,LipCornerPullerR,0.5193183906376362,3.0,0.5193183906376362,3,15,1.0,,
1700479245714-2-1-3-4-3,Happiness,LipCornerPullerR,0.3409038186073303,19.0,0.3409038186073303,19,28,0.7714580297470093,,
1700479260806-2-1-3-11-3,Happiness,LipCornerPullerR,0.11105906963348389,20.0,0.11105906963348389,20,30,0.915422797203064,,
1700479422411-2-1-4-6-3,Happiness,LipCornerPullerR,0.3653708398342133,10.0,0.3653708398342133,10,21,0.9941314458847046,,
1700479435090-2-1-4-13-3,Happiness,LipCornerPullerR,0.07152402400970459,15.0,0.07152402400970459,15,23,0.8256253004074097,,
1700485991927-1-2-1-6-3,Happiness,LipCornerPullerR,0.24701067060232168,8.0,0.24701067060232168,8,16,0.9436240792274476,,
1700486224796-1-2-3-17-3,Happiness,LipCornerPullerR,0.18541407585144043,10.0,0.18541407585144043,10,30,0.9403247833251952,,
1700486372493-1-2-4-6-3,Happiness,LipCornerPullerR,0.332821249961853,20.0,0.332821249961853,20,29,0.9996113181114196,,
1700486381822-1-2-4-11-3,Happiness,LipCornerPullerR,0.1213120520114899,5.0,0.1213120520114899,5,12,0.9527150988578796,,
1700486385344-1-2-4-13-3,Happiness,LipCornerPullerR,0.5260649397969246,6.0,0.5260649397969246,6,12,1.0,,
1700486404513-1-2-4-24-3,Happiness,LipCornerPullerR,0.3225991129875183,7.0,0.3225991129875183,7,27,0.9260060787200928,,
1700487871181-0-3-1-2-3,Happiness,LipCornerPullerR,0.14154571294784546,27.0,0.14154571294784546,27,28,0.5835575461387634,,
1700487882143-0-3-1-6-3,Happiness,LipCornerPullerR,0.045765101909637396,10.0,0.045765101909637396,10,24,0.4145275056362152,,
1700487887156-0-3-1-8-3,Happiness,LipCornerPullerR,0.06360204517841339,10.0,0.06360204517841339,10,18,0.379893958568573,,
1700488081973-0-3-3-4-3,Happiness,LipCornerPullerR,0.11870007216930392,21.0,0.11870007216930392,21,24,0.3901978135108948,,
1700488095341-0-3-3-11-3,Happiness,LipCornerPullerR,0.039779894053936005,9.0,0.0536364689469338,20,2,0.1499908119440078,,
1700488108469-0-3-3-17-3,Happiness,LipCornerPullerR,0.0808478817343712,12.0,0.0808478817343712,12,20,0.4544733762741089,,
1700488271464-0-3-4-11-3,Happiness,LipCornerPullerR,0.055104747414588984,22.0,0.055104747414588984,22,28,0.3129599392414093,,
1700488274752-0-3-4-13-3,Happiness,LipCornerPullerR,0.0962477922439576,15.0,0.0962477922439576,15,23,0.4344405829906463,,
1700488293420-0-3-4-24-3,Happiness,LipCornerPullerR,0.0347480550408364,13.0,0.0347480550408364,13,21,0.2082035839557647,,
1700489639217-0-4-1-2-3,Happiness,LipCornerPullerR,0.2365661263465882,26.0,0.2365661263465882,26,30,0.999984323978424,,
1700489650155-0-4-1-6-3,Happiness,LipCornerPullerR,0.9977545142173768,3.0,0.9977545142173768,3,10,1.0,,
1700489654363-0-4-1-8-3,Happiness,LipCornerPullerR,0.5925622954964639,22.0,0.5925622954964639,22,27,1.0,,
1700489863634-0-4-3-4-3,Happiness,LipCornerPullerR,0.44291001558303833,26.0,0.44291001558303833,26,30,0.999999225139618,,
1700489877695-0-4-3-11-3,Happiness,LipCornerPullerR,0.556718572974205,21.0,0.556718572974205,21,27,1.0,,
1700489889727-0-4-3-17-3,Happiness,LipCornerPullerR,0.487753838300705,22.0,0.487753838300705,22,28,1.0,,
1700490052802-0-4-4-6-3,Happiness,LipCornerPullerR,0.6908644884824755,17.0,0.6908644884824755,17,22,1.0,,
1700490061672-0-4-4-11-3,Happiness,LipCornerPullerR,0.5350742340087891,13.0,0.5350742340087891,13,19,1.0,,
1700490065224-0-4-4-13-3,Happiness,LipCornerPullerR,0.7482185363769531,15.0,0.7482185363769531,15,20,1.0,,
1700490084295-0-4-4-24-3,Happiness,LipCornerPullerR,0.6249235365539789,25.0,0.6249235365539789,25,30,0.9999999403953552,,
1700491426514-1-5-1-6-3,Happiness,LipCornerPullerR,0.1849617063999176,17.0,0.1849617063999176,17,28,1.0,,
1700491432012-1-5-1-8-3,Happiness,LipCornerPullerR,0.23707696795463562,4.0,0.23707696795463562,4,26,0.8593244552612305,,
1700491622476-1-5-3-4-3,Happiness,LipCornerPullerR,0.025135815143585205,6.0,0.025135815143585205,6,27,0.9176762700080872,,
1700491636900-1-5-3-11-3,Happiness,LipCornerPullerR,0.06766653060913086,2.0,0.06766653060913086,2,7,1.0,,
1700491648470-1-5-3-17-3,Happiness,LipCornerPullerR,0.20225013792514798,15.0,0.20225013792514798,15,30,0.7062668204307556,,
1700491809351-1-5-4-11-3,Happiness,LipCornerPullerR,0.14206808805465698,2.0,0.14206808805465698,2,12,1.0,,
1700491813190-1-5-4-13-3,Happiness,LipCornerPullerR,0.2422663569450379,6.0,0.2732611298561097,29,16,0.91803240776062,,
1700496712574-1-6-1-2-3,Happiness,LipCornerPullerR,0.47515046596527105,14.0,0.47515046596527105,14,20,1.0,,
1700496726497-1-6-1-8-3,Happiness,LipCornerPullerR,0.0,,0.0,2,1,1.0,,
1700496924776-1-6-3-4-3,Happiness,LipCornerPullerR,0.4101060628890992,9.0,0.4101060628890992,9,13,1.0,,
1700496938747-1-6-3-11-3,Happiness,LipCornerPullerR,0.21444156765937814,18.0,0.21444156765937814,18,26,1.0,,
1700496951478-1-6-3-17-3,Happiness,LipCornerPullerR,0.16761159896850586,2.0,0.16761159896850586,2,6,1.0,,
1700497109218-1-6-4-11-3,Happiness,LipCornerPullerR,0.2778084576129914,11.0,0.2778084576129914,11,20,1.0,,
1700497131969-1-6-4-24-3,Happiness,LipCornerPullerR,0.34019866585731506,5.0,0.34019866585731506,5,16,1.0,,
1700567693686-2-8-1-2-3,Happiness,LipCornerPullerR,0.10310812294483188,19.0,0.10310812294483188,19,30,0.4320924580097198,,
1700567702985-2-8-1-6-3,Happiness,LipCornerPullerR,0.1304199695587159,9.0,0.1304199695587159,9,30,0.3214115798473358,,
1700567708570-2-8-1-8-3,Happiness,LipCornerPullerR,0.11883428692817694,25.0,0.11883428692817694,25,27,0.4988612830638885,,
1700568086128-2-8-4-6-3,Happiness,LipCornerPullerR,0.0934565700590611,20.0,0.0934565700590611,20,25,0.3768783211708069,,
1700568095008-2-8-4-11-3,Happiness,LipCornerPullerR,0.1465101838111877,11.0,0.1465101838111877,11,16,0.4165108501911163,,
1700568118260-2-8-4-24-3,Happiness,LipCornerPullerR,0.097995325922966,6.0,0.097995325922966,6,29,0.3278867304325104,,
1700570981390-1-9-1-6-3,Happiness,LipCornerPullerR,0.27281856536865234,6.0,0.27281856536865234,6,14,1.0,,
1700571173468-1-9-3-4-3,Happiness,LipCornerPullerR,0.513037070631981,21.0,0.513037070631981,21,27,0.956161081790924,,
1700571187794-1-9-3-11-3,Happiness,LipCornerPullerR,0.34045740962028503,21.0,0.34045740962028503,21,28,0.7699739336967468,,
1700571358608-1-9-4-6-3,Happiness,LipCornerPullerR,0.056482017040252686,2.0,0.11012715101242065,30,28,0.9553005695343018,,
1700571367301-1-9-4-11-3,Happiness,LipCornerPullerR,0.1827574968338012,14.0,0.1827574968338012,14,29,0.5649624466896057,,
1700571370738-1-9-4-13-3,Happiness,LipCornerPullerR,0.16140412539243698,8.0,0.16140412539243698,8,13,0.6772505044937134,,
1700571390048-1-9-4-24-3,Happiness,LipCornerPullerR,0.13691797852516183,11.0,0.13691797852516183,11,27,0.4325128197669983,,
1700577644246-2-10-1-2-3,Happiness,LipCornerPullerR,0.17491856217384338,8.0,0.17491856217384338,8,26,0.6918309926986694,,
1700577653948-2-10-1-6-3,Happiness,LipCornerPullerR,0.1558611392974854,18.0,0.1558611392974854,18,25,0.7632540464401245,,
1700577659103-2-10-1-8-3,Happiness,LipCornerPullerR,0.19422772526741028,10.0,0.19422772526741028,10,30,0.8617971539497375,,
1700577847201-2-10-3-4-3,Happiness,LipCornerPullerR,0.24337007105350492,16.0,0.24337007105350492,16,30,0.8074002265930176,,
1700578017539-2-10-4-6-3,Happiness,LipCornerPullerR,0.46824400126934057,11.0,0.46824400126934057,11,27,0.8529525995254517,,
1700578026276-2-10-4-11-3,Happiness,LipCornerPullerR,0.16689768433570867,20.0,0.16689768433570867,20,29,0.8636062145233154,,
1700578029507-2-10-4-13-3,Happiness,LipCornerPullerR,0.21319392323493958,2.0,0.21319392323493958,2,22,0.9168136119842528,,
1700580283368-0-11-1-2-3,Happiness,LipCornerPullerR,0.1577782183885574,14.0,0.1577782183885574,14,30,0.880000650882721,,
1700580293340-0-11-1-6-3,Happiness,LipCornerPullerR,0.05972659587860102,2.0,0.05972659587860102,2,8,0.4008013010025024,,
1700580297765-0-11-1-8-3,Happiness,LipCornerPullerR,0.15460437536239618,10.0,0.15460437536239618,10,25,0.7182947397232056,,
1700580491541-0-11-3-4-3,Happiness,LipCornerPullerR,0.09325194358825678,16.0,0.09325194358825678,16,20,0.4174933731555938,,
1700580505437-0-11-3-11-3,Happiness,LipCornerPullerR,0.3413293361663819,23.0,0.3413293361663819,23,30,0.8257381916046143,,
1700580518439-0-11-3-17-3,Happiness,LipCornerPullerR,0.4161090478301049,26.0,0.4161090478301049,26,30,0.7977126836776733,,
1700580676935-0-11-4-6-3,Happiness,LipCornerPullerR,0.14928948879241943,13.0,0.14928948879241943,13,27,0.6369233131408691,,
1700580686765-0-11-4-11-3,Happiness,LipCornerPullerR,0.2763896733522415,27.0,0.2763896733522415,27,30,0.5467696785926819,,
1700580690290-0-11-4-13-3,Happiness,LipCornerPullerR,0.1420390903949737,9.0,0.30811980366706854,29,18,0.9167189002037048,,
1700580709019-0-11-4-24-3,Happiness,LipCornerPullerR,0.3792881518602371,17.0,0.3792881518602371,17,28,0.8529530167579651,,
1700581970470-0-12-1-2-3,Happiness,LipCornerPullerR,0.16067372262477878,9.0,0.17611587047576904,25,19,0.9012093544006348,,
1700581981147-0-12-1-6-3,Happiness,LipCornerPullerR,0.18666374683380133,7.0,0.18666374683380133,7,30,0.6546504497528076,,
1700581986437-0-12-1-8-3,Happiness,LipCornerPullerR,0.23126532137393951,20.0,0.23126532137393951,20,30,0.5630253553390503,,
1700582167043-0-12-3-4-3,Happiness,LipCornerPullerR,0.2142815440893173,21.0,0.2142815440893173,21,29,0.7442378997802734,,
1700582192675-0-12-3-17-3,Happiness,LipCornerPullerR,0.12016910314559937,26.0,0.15902471542358398,15,11,0.8637595176696777,,
1700582337973-0-12-4-6-3,Happiness,LipCornerPullerR,0.18999657034873968,24.0,0.18999657034873968,24,28,0.9167931079864502,,
1700582346757-0-12-4-11-3,Happiness,LipCornerPullerR,0.1890354901552201,21.0,0.1890354901552201,21,27,0.5867010951042175,,
1700582349697-0-12-4-13-3,Happiness,LipCornerPullerR,0.14278090000152588,19.0,0.14278090000152588,19,26,0.999999701976776,,
1700582369367-0-12-4-24-3,Happiness,LipCornerPullerR,0.17008209228515625,21.0,0.17008209228515625,21,25,0.8800860643386841,,
1700583813812-2-13-1-6-3,Happiness,LipCornerPullerR,0.02523857355117798,20.0,0.05181640386581421,30,26,0.929011881351471,,
1700584007863-2-13-3-4-3,Happiness,LipCornerPullerR,0.11683234572410589,2.0,0.11683234572410589,2,23,0.8980324864387512,,
1700584022622-2-13-3-11-3,Happiness,LipCornerPullerR,0.11861610412597656,28.0,0.11861610412597656,28,29,0.7685894966125488,,
1700584034051-2-13-3-17-3,Happiness,LipCornerPullerR,0.2734051942825318,18.0,0.2734051942825318,18,24,0.8792689442634583,,
1700584212931-2-13-4-6-3,Happiness,LipCornerPullerR,0.1587668955326081,9.0,0.1587668955326081,9,19,0.85286945104599,,
1700584221354-2-13-4-11-3,Happiness,LipCornerPullerR,0.2071316242218018,16.0,0.23317301273345947,30,24,0.9018134474754332,,
1700584244435-2-13-4-24-3,Happiness,LipCornerPullerR,0.18252283334732056,12.0,0.18252283334732056,12,17,0.8621644973754883,,
1700745038103-1-14-1-6-3,Happiness,LipCornerPullerR,0.19543154537677768,23.0,0.19543154537677768,23,27,0.6301606297492981,,
1700745244540-1-14-3-11-3,Happiness,LipCornerPullerR,0.3030596971511841,21.0,0.3030596971511841,21,22,0.5485405325889587,,
1700745256570-1-14-3-17-3,Happiness,LipCornerPullerR,0.236220058053732,24.0,0.236220058053732,24,29,0.6789820790290833,,
1700745403916-1-14-4-6-3,Happiness,LipCornerPullerR,0.09345609694719309,17.0,0.09345609694719309,17,23,0.3521336019039154,,
1700745412966-1-14-4-11-3,Happiness,LipCornerPullerR,0.12081012874841698,22.0,0.12081012874841698,22,27,0.3139275312423706,,
1700745416289-1-14-4-13-3,Happiness,LipCornerPullerR,0.11883855611085889,17.0,0.11883855611085889,17,25,0.6116207838058472,,
1700745435771-1-14-4-24-3,Happiness,LipCornerPullerR,0.039222346618771595,23.0,0.039222346618771595,23,24,0.0885240882635116,,
1700747149418-2-15-1-2-3,Happiness,LipCornerPullerR,0.3443727493286133,12.0,0.3443727493286133,12,19,1.0,,
1700747159259-2-15-1-6-3,Happiness,LipCornerPullerR,0.2278109788894654,20.0,0.2278109788894654,20,27,0.8366318941116333,,
1700747164257-2-15-1-8-3,Happiness,LipCornerPullerR,0.3104858808219433,18.0,0.3104858808219433,18,30,1.0,,
1700747368098-2-15-3-11-3,Happiness,LipCornerPullerR,0.42207634449005116,16.0,0.42207634449005116,16,18,0.99999737739563,,
1700747380059-2-15-3-17-3,Happiness,LipCornerPullerR,0.487777091562748,11.0,0.487777091562748,11,16,0.9942063689231871,,
1700747523299-2-15-4-6-3,Happiness,LipCornerPullerR,0.0,,0.0,2,1,1.0,,
1700747535828-2-15-4-13-3,Happiness,LipCornerPullerR,0.0317646861076355,5.0,0.0317646861076355,5,7,0.6265896558761597,,
1700748615383-0-16-1-6-3,Happiness,LipCornerPullerR,0.05598732829093939,3.0,0.05598732829093939,3,22,0.4057272672653198,,
1700748619561-0-16-1-8-3,Happiness,LipCornerPullerR,0.0647244527935982,26.0,0.0647244527935982,26,28,0.1937339454889297,,
1700748808258-0-16-3-4-3,Happiness,LipCornerPullerR,0.1617743223905564,5.0,0.1617743223905564,5,19,0.6284975409507751,,
1700748834625-0-16-3-17-3,Happiness,LipCornerPullerR,0.07937201857566839,17.0,0.07937201857566839,17,30,0.4413758814334869,,
1700748982693-0-16-4-6-3,Happiness,LipCornerPullerR,0.03739374876022339,7.0,0.03739374876022339,7,11,0.5103338360786438,,
1700753815635-0-17-1-2-3,Happiness,LipCornerPullerR,0.3674744963645936,12.0,0.3674744963645936,12,29,0.7818301916122437,,
1700753825738-0-17-1-6-3,Happiness,LipCornerPullerR,0.2218695729970932,20.0,0.2218695729970932,20,28,0.7198401689529419,,
1700753830627-0-17-1-8-3,Happiness,LipCornerPullerR,0.29822419583797455,19.0,0.29822419583797455,19,30,0.7333261370658875,,
1700754015427-0-17-3-4-3,Happiness,LipCornerPullerR,0.1621987223625183,24.0,0.1621987223625183,24,30,0.7042909264564514,,
1700754030029-0-17-3-11-3,Happiness,LipCornerPullerR,0.22402680665254598,11.0,0.22402680665254598,11,16,0.695358157157898,,
1700754041283-0-17-3-17-3,Happiness,LipCornerPullerR,0.10561658442020422,13.0,0.10561658442020422,13,18,0.5480735301971436,,
1700754188596-0-17-4-6-3,Happiness,LipCornerPullerR,0.19832433760166174,23.0,0.19832433760166174,23,27,0.4816851913928985,,
1700754197592-0-17-4-11-3,Happiness,LipCornerPullerR,0.2255403622984887,10.0,0.2255403622984887,10,19,0.6402944326400757,,
1700754201057-0-17-4-13-3,Happiness,LipCornerPullerR,0.13065582513809199,11.0,0.13065582513809199,11,20,0.6287213563919067,,
1700754220466-0-17-4-24-3,Happiness,LipCornerPullerR,0.21518880128860482,18.0,0.21518880128860482,18,25,0.5485875010490417,,
1700756278030-2-18-1-2-3,Happiness,LipCornerPullerR,0.35723677277565014,15.0,0.35723677277565014,15,18,0.7215802073478699,,
1700756292963-2-18-1-8-3,Happiness,LipCornerPullerR,0.21994236111640936,18.0,0.21994236111640936,18,30,0.9533305764198304,,
1700756490593-2-18-3-4-3,Happiness,LipCornerPullerR,0.3506009578704834,6.0,0.3506009578704834,6,26,0.822900116443634,,
1700756505088-2-18-3-11-3,Happiness,LipCornerPullerR,0.04509001970291138,23.0,0.28726232051849365,8,3,1.0,,
1700756516990-2-18-3-17-3,Happiness,LipCornerPullerR,0.39501200616359716,9.0,0.39501200616359716,9,18,1.0,,
1700756727000-2-18-4-13-3,Happiness,LipCornerPullerR,0.4963182955980302,2.0,0.4963182955980302,2,8,1.0,,
1700756746478-2-18-4-24-3,Happiness,LipCornerPullerR,0.5133429020643234,4.0,0.5133429020643234,4,11,1.0,,
1700824364321-0-19-1-2-3,Happiness,LipCornerPullerR,0.22161836549639702,15.0,0.22161836549639702,15,22,0.7597916722297668,,
1700824373977-0-19-1-6-3,Happiness,LipCornerPullerR,0.36872397363185877,14.0,0.36872397363185877,14,23,0.6773082613945007,,
1700824379019-0-19-1-8-3,Happiness,LipCornerPullerR,0.2621902525424957,22.0,0.2621902525424957,22,27,0.7871218323707581,,
1700824560735-0-19-3-4-3,Happiness,LipCornerPullerR,0.1716174483299256,18.0,0.1716174483299256,18,24,0.7699378728866577,,
1700824574500-0-19-3-11-3,Happiness,LipCornerPullerR,0.14643344283103943,15.0,0.14643344283103943,15,18,0.6668630838394165,,
1700824586999-0-19-3-17-3,Happiness,LipCornerPullerR,0.3212072961032391,16.0,0.3212072961032391,16,20,0.4726477563381195,,
1700824749953-0-19-4-6-3,Happiness,LipCornerPullerR,0.3289113342761993,20.0,0.3289113342761993,20,27,0.9174541234970092,,
1700824758611-0-19-4-11-3,Happiness,LipCornerPullerR,0.2157234251499176,18.0,0.2157234251499176,18,20,0.5858874320983887,,
1700824761953-0-19-4-13-3,Happiness,LipCornerPullerR,0.3701780140399933,16.0,0.3701780140399933,16,23,0.8637412190437317,,
1700824781306-0-19-4-24-3,Happiness,LipCornerPullerR,0.301985889673233,16.0,0.301985889673233,16,23,0.5750225782394409,,
1700825727753-0-20-1-2-3,Happiness,LipCornerPullerR,0.4102649688720703,18.0,0.4102649688720703,18,24,1.0,,
1700825737631-0-20-1-6-3,Happiness,LipCornerPullerR,0.4734721183560001,19.0,0.4734721183560001,19,30,0.999866545200348,,
1700825742948-0-20-1-8-3,Happiness,LipCornerPullerR,0.1918506622314453,27.0,0.1918506622314453,27,28,0.8078013062477112,,
1700825928719-0-20-3-4-3,Happiness,LipCornerPullerR,0.0,,0.04504168033599876,30,1,1.0,,
1700825942878-0-20-3-11-3,Happiness,LipCornerPullerR,0.8201239702480037,10.0,0.8201239702480037,10,22,0.9159569144248962,,
1700825954513-0-20-3-17-3,Happiness,LipCornerPullerR,0.13958632946014404,3.0,0.13958632946014404,3,10,1.0,,
1700826100390-0-20-4-6-3,Happiness,LipCornerPullerR,0.3767979927361012,15.0,0.3767979927361012,15,24,0.9924006462097168,,
1700826109535-0-20-4-11-3,Happiness,LipCornerPullerR,0.3950008302927017,10.0,0.3950008302927017,10,20,1.0,,
1700826112906-0-20-4-13-3,Happiness,LipCornerPullerR,0.6165038975797223,17.0,0.6165038975797223,17,21,1.0,,
1700826132330-0-20-4-24-3,Happiness,LipCornerPullerR,0.299923062324524,9.0,0.299923062324524,9,29,0.999999463558197,,
1700827573138-0-21-1-2-3,Happiness,LipCornerPullerR,0.08249849081039429,2.0,0.25518351793289185,27,11,0.8515098690986633,,
1700827583373-0-21-1-6-3,Happiness,LipCornerPullerR,0.031923532485961914,26.0,0.031923532485961914,26,28,0.8929221034049988,,
1700827588343-0-21-1-8-3,Happiness,LipCornerPullerR,0.17590121924877172,2.0,0.17590121924877172,2,28,0.8213062286376953,,
1700827797519-0-21-3-4-3,Happiness,LipCornerPullerR,0.178223118185997,20.0,0.178223118185997,20,30,0.8257004022598267,,
1700827811945-0-21-3-11-3,Happiness,LipCornerPullerR,0.1746899485588074,5.0,0.1746899485588074,5,30,0.9229801297187804,,
1700827824071-0-21-3-17-3,Happiness,LipCornerPullerR,0.2631286233663559,17.0,0.2631286233663559,17,30,0.9017460346221924,,
1700827978518-0-21-4-6-3,Happiness,LipCornerPullerR,0.24808034300804138,5.0,0.24808034300804138,5,11,0.8522714972496033,,
1700827987637-0-21-4-11-3,Happiness,LipCornerPullerR,0.3003846555948257,8.0,0.3003846555948257,8,19,0.8984012007713318,,
1700827991208-0-21-4-13-3,Happiness,LipCornerPullerR,0.3000785112380982,16.0,0.3000785112380982,16,18,0.7865234017372131,,
1700828010479-0-21-4-24-3,Happiness,LipCornerPullerR,0.31786545366048813,23.0,0.31786545366048813,23,29,0.8790774345397949,,
1700829950699-0-22-1-2-3,Happiness,LipCornerPullerR,0.0645932257175445,22.0,0.0645932257175445,22,30,0.2606655657291412,,
1700829960945-0-22-1-6-3,Happiness,LipCornerPullerR,0.1691353768110275,20.0,0.1691353768110275,20,24,0.4828334748744964,,
1700829966413-0-22-1-8-3,Happiness,LipCornerPullerR,0.16778641939163208,2.0,0.16778641939163208,2,21,0.6533273458480835,,
1700830151296-0-22-3-4-3,Happiness,LipCornerPullerR,0.1497691124677658,21.0,0.1497691124677658,21,29,0.5858085751533508,,
1700830165492-0-22-3-11-3,Happiness,LipCornerPullerR,0.2962167523801327,17.0,0.2962167523801327,17,21,0.6791000962257385,,
1700830177822-0-22-3-17-3,Happiness,LipCornerPullerR,0.018977322150021802,4.0,0.018977322150021802,4,30,0.0923196449875831,,
1700830340495-0-22-4-6-3,Happiness,LipCornerPullerR,0.1424698457121849,2.0,0.1424698457121849,2,3,0.3379508256912231,,
1700830348817-0-22-4-11-3,Happiness,LipCornerPullerR,0.2995623499155044,18.0,0.2995623499155044,18,30,0.863191545009613,,
1700830371971-0-22-4-24-3,Happiness,LipCornerPullerR,0.08301512897014621,24.0,0.08301512897014621,24,29,0.2585553228855133,,
1701085399209-2-23-1-2-3,Happiness,LipCornerPullerR,0.2661630809307099,5.0,0.2661630809307099,5,11,1.0,,
1701085409026-2-23-1-6-3,Happiness,LipCornerPullerR,0.25280556082725525,20.0,0.25280556082725525,20,27,0.9999994039535522,,
1701085611540-2-23-3-4-3,Happiness,LipCornerPullerR,0.11515533924102783,3.0,0.2338120937347412,28,3,0.9786962270736694,,
1701085625896-2-23-3-11-3,Happiness,LipCornerPullerR,2.9802322398797543e-07,2.0,0.2283356785774231,30,2,1.0,,
1701085793939-2-23-4-6-3,Happiness,LipCornerPullerR,0.3350495398044587,3.0,0.350986123085022,29,28,0.8806345462799072,,
1701085802372-2-23-4-11-3,Happiness,LipCornerPullerR,0.32689902186393743,20.0,0.32689902186393743,20,27,1.0,,
1701085805933-2-23-4-13-3,Happiness,LipCornerPullerR,0.14638322591781616,18.0,0.14638322591781616,18,27,1.0,,
1701087200709-0-24-1-2-3,Happiness,LipCornerPullerR,0.4730659350752831,4.0,0.4730659350752831,4,6,0.9990617632865906,,
1701087210632-0-24-1-6-3,Happiness,LipCornerPullerR,0.40375578403472906,12.0,0.40375578403472906,12,18,1.0,,
1701087215061-0-24-1-8-3,Happiness,LipCornerPullerR,0.03894728422164917,26.0,0.03894728422164917,26,29,0.995268166065216,,
1701087405297-0-24-3-4-3,Happiness,LipCornerPullerR,0.014375567436218373,13.0,0.09149289131164551,25,19,0.9552268385887146,,
1701087419458-0-24-3-11-3,Happiness,LipCornerPullerR,0.01231372356414795,9.0,0.5111302137374878,29,6,0.9999525547027588,,
1701087431810-0-24-3-17-3,Happiness,LipCornerPullerR,0.017299771308898815,5.0,0.5008328817784786,29,2,0.9833394885063172,,
1701087606104-0-24-4-6-3,Happiness,LipCornerPullerR,0.027982831001281627,27.0,0.21383851766586304,30,5,0.9999893307685852,,
1701087614475-0-24-4-11-3,Happiness,LipCornerPullerR,0.4952345192432404,14.0,0.4952345192432404,14,29,0.9999797344207764,,
1701087618852-0-24-4-13-3,Happiness,LipCornerPullerR,0.0,,0.410126093775034,30,1,1.0,,
1701087638139-0-24-4-24-3,Happiness,LipCornerPullerR,0.37338656187057495,2.0,0.37338656187057495,2,8,1.0,,
1701090900762-0-25-1-2-3,Happiness,LipCornerPullerR,0.3099314719438553,6.0,0.3099314719438553,6,12,0.7592677474021912,,
1701090910740-0-25-1-6-3,Happiness,LipCornerPullerR,0.1285587586462498,23.0,0.1285587586462498,23,28,0.2579777240753174,,
1701090915636-0-25-1-8-3,Happiness,LipCornerPullerR,0.070641964673996,21.0,0.070641964673996,21,26,0.2174624651670456,,
1701091107905-0-25-3-4-3,Happiness,LipCornerPullerR,0.2511104941368103,20.0,0.2511104941368103,20,22,0.5205288529396057,,
1701091122339-0-25-3-11-3,Happiness,LipCornerPullerR,0.20858893543481827,23.0,0.20858893543481827,23,28,0.6573689579963684,,
1701091135134-0-25-3-17-3,Happiness,LipCornerPullerR,0.05011630058288574,22.0,0.09243673086166382,13,2,0.8521530628204346,,
1701091291841-0-25-4-6-3,Happiness,LipCornerPullerR,0.009938798844814294,4.0,0.0271759564056992,30,4,0.0711919590830802,,
1701091300109-0-25-4-11-3,Happiness,LipCornerPullerR,0.10646561533212659,21.0,0.10646561533212659,21,21,0.2050244063138961,,
1701091304058-0-25-4-13-3,Happiness,LipCornerPullerR,0.2986925095319749,20.0,0.2986925095319749,20,27,0.9018121361732484,,
1701091323219-0-25-4-24-3,Happiness,LipCornerPullerR,0.0258383937180042,6.0,0.0258383937180042,6,27,0.1925425231456756,,
1701092566237-0-26-1-2-3,Happiness,LipCornerPullerR,0.343079537153244,23.0,0.343079537153244,23,30,1.0,,
1701092576554-0-26-1-6-3,Happiness,LipCornerPullerR,0.5825468953698875,8.0,0.5825468953698875,8,15,1.0,,
1701092581548-0-26-1-8-3,Happiness,LipCornerPullerR,0.48594391345977783,14.0,0.48594391345977783,14,20,1.0,,
1701092769963-0-26-3-4-3,Happiness,LipCornerPullerR,0.20854455232620245,2.0,0.20854455232620245,2,13,0.8782939314842224,,
1701092785055-0-26-3-11-3,Happiness,LipCornerPullerR,0.4974300712347031,18.0,0.4974300712347031,18,29,0.9999642968177797,,
1701092797053-0-26-3-17-3,Happiness,LipCornerPullerR,0.05288684368133545,15.0,0.05288684368133545,15,21,0.954840898513794,,
1701092957476-0-26-4-6-3,Happiness,LipCornerPullerR,0.0,,0.0,2,1,1.0,,
1701092966570-0-26-4-11-3,Happiness,LipCornerPullerR,0.32986205816268926,20.0,0.32986205816268926,20,26,0.9442423582077026,,
1701092970479-0-26-4-13-3,Happiness,LipCornerPullerR,0.306140661239624,16.0,0.306140661239624,16,21,1.0,,
1701092989427-0-26-4-24-3,Happiness,LipCornerPullerR,0.2960892431437969,17.0,0.2960892431437969,17,25,1.0,,
1701094443379-2-27-1-2-3,Happiness,LipCornerPullerR,0.26082707941532135,5.0,0.26082707941532135,5,13,0.9996541142463684,,
1701094458007-2-27-1-8-3,Happiness,LipCornerPullerR,0.04408317804336559,2.0,0.04408317804336559,2,30,0.9999650716781616,,
1701094686349-2-27-3-17-3,Happiness,LipCornerPullerR,0.6749386340379716,17.0,0.6749386340379716,17,28,0.999999701976776,,
1701094830423-2-27-4-6-3,Happiness,LipCornerPullerR,0.03410559892654419,22.0,0.07272279262542725,18,1,1.0,,
1701094839307-2-27-4-11-3,Happiness,LipCornerPullerR,0.42466233670711523,12.0,0.42466233670711523,12,30,0.991150438785553,,
1701094842669-2-27-4-13-3,Happiness,LipCornerPullerR,0.02096760272979714,5.0,0.02096760272979714,5,17,0.9522578120231628,,
1701094862346-2-27-4-24-3,Happiness,LipCornerPullerR,0.7208890467882156,8.0,0.7208890467882156,8,17,1.0,,
1701170406317-0-28-1-2-3,Happiness,LipCornerPullerR,0.1075035408139229,11.0,0.1075035408139229,11,20,0.4074223637580871,,
1701170416342-0-28-1-6-3,Happiness,LipCornerPullerR,0.1445134282112122,21.0,0.1445134282112122,21,28,0.4552886486053467,,
1701170421094-0-28-1-8-3,Happiness,LipCornerPullerR,0.0756744816899299,18.0,0.0756744816899299,18,27,0.3637392520904541,,
1701170606531-0-28-3-4-3,Happiness,LipCornerPullerR,0.14740565419197088,24.0,0.14740565419197088,24,27,0.4176600277423858,,
1701170620860-0-28-3-11-3,Happiness,LipCornerPullerR,0.0886838845908642,18.0,0.0886838845908642,18,24,0.3247853517532348,,
1701170632817-0-28-3-17-3,Happiness,LipCornerPullerR,0.089983630925417,19.0,0.089983630925417,19,23,0.2596113979816437,,
1701170775743-0-28-4-6-3,Happiness,LipCornerPullerR,0.0408573970198632,15.0,0.0467374324798584,30,20,0.2224529236555099,,
1701170784833-0-28-4-11-3,Happiness,LipCornerPullerR,0.1263667494058609,15.0,0.1263667494058609,15,17,0.2467577457427978,,
1701170788149-0-28-4-13-3,Happiness,LipCornerPullerR,0.12012090533971789,19.0,0.12012090533971789,19,27,0.3259689509868622,,
1701170807440-0-28-4-24-3,Happiness,LipCornerPullerR,0.12003234401345259,18.0,0.12003234401345259,18,25,0.3405809104442596,,
1701175856081-1-29-1-2-3,Happiness,LipCornerPullerR,0.13375324010849,5.0,0.13375324010849,5,17,1.0,,
1701175866954-1-29-1-6-3,Happiness,LipCornerPullerR,0.2793616056442261,3.0,0.2793616056442261,3,17,1.0,,
1701175871777-1-29-1-8-3,Happiness,LipCornerPullerR,0.028651714324951172,4.0,0.028651714324951172,4,16,1.0,,
1701176096361-1-29-3-17-3,Happiness,LipCornerPullerR,0.3830121457576752,10.0,0.3830121457576752,10,21,1.0,,
1701176253903-1-29-4-6-3,Happiness,LipCornerPullerR,0.4506031274795532,7.0,0.4506031274795532,7,18,1.0,,
1701176266194-1-29-4-13-3,Happiness,LipCornerPullerR,0.21368330717086792,8.0,0.21368330717086792,8,14,1.0,,
1701176285711-1-29-4-24-3,Happiness,LipCornerPullerR,0.05156773328781128,4.0,0.05156773328781128,4,24,0.9998171329498292,,
1701177603091-0-30-1-2-3,Happiness,LipCornerPullerR,0.34661051630973816,7.0,0.34661051630973816,7,17,1.0,,
1701177613122-0-30-1-6-3,Happiness,LipCornerPullerR,0.24475306272506714,16.0,0.24475306272506714,16,24,0.6763727068901062,,
1701177618243-0-30-1-8-3,Happiness,LipCornerPullerR,0.0811009984463454,7.0,0.0811009984463454,7,28,0.7843228578567505,,
1701177808761-0-30-3-4-3,Happiness,LipCornerPullerR,0.10308969020843506,3.0,0.16933631896972656,28,13,0.8501943945884705,,
1701177823102-0-30-3-11-3,Happiness,LipCornerPullerR,0.36111480230465537,6.0,0.36111480230465537,6,30,0.8214139342308044,,
1701177834428-0-30-3-17-3,Happiness,LipCornerPullerR,0.20153695344924927,19.0,0.20153695344924927,19,29,0.8909768462181091,,
1701178069847-0-30-4-6-3,Happiness,LipCornerPullerR,0.26738091185688984,2.0,0.26738091185688984,2,11,0.8909544348716736,,
1701178078591-0-30-4-11-3,Happiness,LipCornerPullerR,0.46486529707908636,20.0,0.46486529707908636,20,30,0.916976273059845,,
1701178082268-0-30-4-13-3,Happiness,LipCornerPullerR,0.1746271252632141,9.0,0.1746271252632141,9,20,0.9831658601760864,,
1701178101198-0-30-4-24-3,Happiness,LipCornerPullerR,0.34818276762962347,18.0,0.34818276762962347,18,26,0.8536334037780762,,
1701187983622-0-31-1-2-3,Happiness,LipCornerPullerR,0.4839830696582794,15.0,0.4839830696582794,15,22,1.0,,
1701187993857-0-31-1-6-3,Happiness,LipCornerPullerR,0.2417604923248291,8.0,0.2417604923248291,8,24,0.950246810913086,,
1701187998863-0-31-1-8-3,Happiness,LipCornerPullerR,0.33085846900939936,5.0,0.33085846900939936,5,30,0.9664155840873718,,
1701188192146-0-31-3-4-3,Happiness,LipCornerPullerR,0.38474586606025696,3.0,0.38474586606025696,3,14,1.0,,
1701188205706-0-31-3-11-3,Happiness,LipCornerPullerR,0.2531342208385468,21.0,0.2531342208385468,21,25,0.8914570808410645,,
1701188218206-0-31-3-17-3,Happiness,LipCornerPullerR,0.2926183640956879,7.0,0.2926183640956879,7,14,1.0,,
1701188362869-0-31-4-6-3,Happiness,LipCornerPullerR,0.4175566956400872,3.0,0.6323836445808411,30,20,0.9670344591140748,,
1701188372439-0-31-4-11-3,Happiness,LipCornerPullerR,0.0759086012840271,2.0,0.4025348126888275,29,25,0.7329697012901306,,
1701188375722-0-31-4-13-3,Happiness,LipCornerPullerR,0.1348700970411301,5.0,0.1348700970411301,5,23,0.8066834211349487,,
1701188394426-0-31-4-24-3,Happiness,LipCornerPullerR,0.3185981810092926,16.0,0.3185981810092926,16,20,0.6953641176223755,,
1701346703651-1-32-1-2-3,Happiness,LipCornerPullerR,0.2905485928058624,9.0,0.2905485928058624,9,25,0.9449611902236938,,
1701346713430-1-32-1-6-3,Happiness,LipCornerPullerR,0.22553841769695282,17.0,0.22553841769695282,17,23,0.8069192171096802,,
1701346719137-1-32-1-8-3,Happiness,LipCornerPullerR,0.7892786096781493,3.0,0.7892786096781493,3,5,0.8903087973594666,,
1701346921333-1-32-3-4-3,Happiness,LipCornerPullerR,0.3187088370323181,24.0,0.3187088370323181,24,27,0.7058899998664856,,
1701346935701-1-32-3-11-3,Happiness,LipCornerPullerR,0.3130155988037587,18.0,0.3130155988037587,18,22,0.8779568076133728,,
1701347170578-1-32-4-6-3,Happiness,LipCornerPullerR,0.2956797778606415,21.0,0.2956797778606415,21,26,0.7225320935249329,,
1701347183087-1-32-4-13-3,Happiness,LipCornerPullerR,0.26920539140701294,17.0,0.26920539140701294,17,21,0.6783314347267151,,
1701350205989-0-33-1-2-3,Happiness,LipCornerPullerR,0.02135920524597179,3.0,0.02135920524597179,3,15,0.9662025570869446,,
1701350215835-0-33-1-6-3,Happiness,LipCornerPullerR,0.07580578327178955,2.0,0.07580578327178955,2,5,0.954451620578766,,
1701350220726-0-33-1-8-3,Happiness,LipCornerPullerR,0.27802503108978277,7.0,0.27802503108978277,7,18,0.8328549861907959,,
1701350414565-0-33-3-4-3,Happiness,LipCornerPullerR,0.03711050748825073,2.0,0.03711050748825073,2,11,0.9016352891921996,,
1701350428721-0-33-3-11-3,Happiness,LipCornerPullerR,0.01608133316040039,2.0,0.03781479597091675,25,9,1.0,,
1701350440026-0-33-3-17-3,Happiness,LipCornerPullerR,0.30046750605106354,20.0,0.30046750605106354,20,30,0.8637580871582031,,
1701350607639-0-33-4-6-3,Happiness,LipCornerPullerR,0.0003312230110167347,2.0,0.0003312230110167347,2,4,1.0,,
1701350616112-0-33-4-11-3,Happiness,LipCornerPullerR,0.2996534705162049,17.0,0.2996534705162049,17,23,1.0,,
1701350619988-0-33-4-13-3,Happiness,LipCornerPullerR,0.09373658895492554,12.0,0.14421820640563965,14,13,0.9159249663352966,,
1701350639091-0-33-4-24-3,Happiness,LipCornerPullerR,0.3349512368440628,19.0,0.3349512368440628,19,26,0.8633063435554504,,
1701357355094-0-34-1-2-3,Happiness,LipCornerPullerR,0.11109524965286255,10.0,0.11109524965286255,10,15,0.8629958033561707,,
1701357364564-0-34-1-6-3,Happiness,LipCornerPullerR,0.1773868352174759,21.0,0.1773868352174759,21,24,0.6774721145629883,,
1701357370719-0-34-1-8-3,Happiness,LipCornerPullerR,0.024779438972473256,19.0,0.02527308464050293,27,7,0.9453110098838806,,
1701357572514-0-34-3-4-3,Happiness,LipCornerPullerR,0.17420977354049683,2.0,0.17420977354049683,2,3,0.8884705305099487,,
1701357586980-0-34-3-11-3,Happiness,LipCornerPullerR,0.15781937539577492,6.0,0.15781937539577492,6,20,0.8489364981651306,,
1701357598871-0-34-3-17-3,Happiness,LipCornerPullerR,0.10535842180252086,6.0,0.25816279649734497,29,12,0.9625813364982604,,
1701357755832-0-34-4-6-3,Happiness,LipCornerPullerR,0.024526774883270153,12.0,0.027838587760925182,22,2,0.9676888585090636,,
1701357764370-0-34-4-11-3,Happiness,LipCornerPullerR,0.2111325711011887,14.0,0.2111325711011887,14,19,0.9833050966262816,,
1701357768034-0-34-4-13-3,Happiness,LipCornerPullerR,0.4877817928791046,13.0,0.4877817928791046,13,25,0.9560752511024476,,
1701357787473-0-34-4-24-3,Happiness,LipCornerPullerR,0.12784260511398315,25.0,0.12784260511398315,25,30,0.8365938663482666,,
1701429268173-0-35-1-2-3,Happiness,LipCornerPullerR,0.0840918123722077,5.0,0.11858981847763062,27,19,0.7947878837585449,,
1701429278152-0-35-1-6-3,Happiness,LipCornerPullerR,0.02668970823287964,4.0,0.06000471115112305,29,11,0.8221461772918701,,
1701429283682-0-35-1-8-3,Happiness,LipCornerPullerR,0.014179378747940063,21.0,0.03450751304626459,19,1,0.4666406512260437,,
1701429457562-0-35-3-4-3,Happiness,LipCornerPullerR,0.21374040842056274,10.0,0.21374040842056274,10,16,0.8791166543960571,,
1701429471531-0-35-3-11-3,Happiness,LipCornerPullerR,0.028538633137941298,26.0,0.028538633137941298,26,27,0.099898412823677,,
1701429484024-0-35-3-17-3,Happiness,LipCornerPullerR,0.0159379243850708,2.0,0.2124449908733368,29,2,0.8520146012306213,,
1701429621361-0-35-4-6-3,Happiness,LipCornerPullerR,0.054492831230163574,5.0,0.3258509188890457,29,16,0.6122087836265564,,
1701429629873-0-35-4-11-3,Happiness,LipCornerPullerR,0.38263873755931854,21.0,0.38263873755931854,21,24,0.7713912725448608,,
1701429633191-0-35-4-13-3,Happiness,LipCornerPullerR,0.11785492300987238,14.0,0.11785492300987238,14,27,0.693657636642456,,
1701429652594-0-35-4-24-3,Happiness,LipCornerPullerR,0.11796468496322632,26.0,0.11796468496322632,26,29,0.5839158296585083,,
1701438034604-1-36-1-2-3,Happiness,LipCornerPullerR,0.22667089104652405,19.0,0.22667089104652405,19,28,0.916696310043335,,
1701438045011-1-36-1-6-3,Happiness,LipCornerPullerR,0.3051669597625733,13.0,0.3051669597625733,13,30,0.9999989867210388,,
1701438050468-1-36-1-8-3,Happiness,LipCornerPullerR,0.07806175947189331,2.0,0.07806175947189331,2,26,1.0,,
1701438243088-1-36-3-4-3,Happiness,LipCornerPullerR,0.2221635282039643,12.0,0.2221635282039643,12,14,0.8891396522521973,,
1701438256926-1-36-3-11-3,Happiness,LipCornerPullerR,0.202542245388031,22.0,0.202542245388031,22,30,0.9010059237480164,,
1701438436422-1-36-4-6-3,Happiness,LipCornerPullerR,0.514547809958458,5.0,0.514547809958458,5,7,0.9277681708335876,,
1701438467947-1-36-4-24-3,Happiness,LipCornerPullerR,0.4171302020549775,5.0,0.4171302020549775,5,14,1.0,,
1701440188990-0-37-1-2-3,Happiness,LipCornerPullerR,0.2698760754428804,9.0,0.2698760754428804,9,22,0.8886306285858154,,
1701440198407-0-37-1-6-3,Happiness,LipCornerPullerR,0.26891915500164043,21.0,0.26891915500164043,21,25,0.8514336943626404,,
1701440203645-0-37-1-8-3,Happiness,LipCornerPullerR,0.3526733815670014,21.0,0.3526733815670014,21,30,0.8891069293022156,,
1701440415377-0-37-3-11-3,Happiness,LipCornerPullerR,0.2764902338385583,8.0,0.2764902338385583,8,25,1.0,,
1701440427610-0-37-3-17-3,Happiness,LipCornerPullerR,0.3281685262918473,5.0,0.3281685262918473,5,18,0.8637135028839111,,
1701440583588-0-37-4-6-3,Happiness,LipCornerPullerR,0.09565490484237671,2.0,0.09565490484237671,2,24,0.9135591387748718,,
1701440593141-0-37-4-11-3,Happiness,LipCornerPullerR,0.08219116926193237,9.0,0.08219116926193237,9,29,0.9497501254081726,,
1701440596133-0-37-4-13-3,Happiness,LipCornerPullerR,0.018576860427856445,12.0,0.018576860427856445,12,8,0.8862103819847107,,
1701440615891-0-37-4-24-3,Happiness,LipCornerPullerR,0.054257750511169434,2.0,0.054257750511169434,2,9,0.8799558877944946,0.036602516186966416,0.036602516186966416
1700479001137-2-1-1-2-3,Happiness,LipCornerPullerL,0.0960464924573898,22.0,0.14272135496139532,12,1,0.552459180355072,,
1700479015441-2-1-1-8-3,Happiness,LipCornerPullerL,0.48324855044484144,3.0,0.48324855044484144,3,17,0.9908744692802428,,
1700479245714-2-1-3-4-3,Happiness,LipCornerPullerL,0.3143301978707314,19.0,0.3143301978707314,19,28,0.7605911493301392,,
1700479260806-2-1-3-11-3,Happiness,LipCornerPullerL,0.10590791702270508,20.0,0.10590791702270508,20,30,0.8996713161468506,,
1700479422411-2-1-4-6-3,Happiness,LipCornerPullerL,0.327640175819397,10.0,0.327640175819397,10,21,0.9451978802680968,,
1700479435090-2-1-4-13-3,Happiness,LipCornerPullerL,0.06702959537506104,13.0,0.06702959537506104,13,27,0.8050949573516846,,
1700485991927-1-2-1-6-3,Happiness,LipCornerPullerL,0.2185783684253693,8.0,0.2185783684253693,8,16,0.916075885295868,,
1700486224796-1-2-3-17-3,Happiness,LipCornerPullerL,0.1821192130446434,8.0,0.1821192130446434,8,30,0.94024258852005,,
1700486372493-1-2-4-6-3,Happiness,LipCornerPullerL,0.3111781179904938,20.0,0.3111781179904938,20,29,0.9995893239974976,,
1700486381822-1-2-4-11-3,Happiness,LipCornerPullerL,0.11913830041885376,9.0,0.11913830041885376,9,12,0.9254940152168274,,
1700486385344-1-2-4-13-3,Happiness,LipCornerPullerL,0.5098680406808853,6.0,0.5098680406808853,6,13,1.0,,
1700486404513-1-2-4-24-3,Happiness,LipCornerPullerL,0.31191486120224,7.0,0.31191486120224,7,27,0.9003229737281799,,
1700487871181-0-3-1-2-3,Happiness,LipCornerPullerL,0.1351885199546814,27.0,0.1351885199546814,27,28,0.5342541337013245,,
1700487882143-0-3-1-6-3,Happiness,LipCornerPullerL,0.05573728680610657,10.0,0.05573728680610657,10,18,0.3730791211128235,,
1700487887156-0-3-1-8-3,Happiness,LipCornerPullerL,0.06197913736104971,10.0,0.06197913736104971,10,17,0.3218078315258026,,
1700488081973-0-3-3-4-3,Happiness,LipCornerPullerL,0.1191800162196159,21.0,0.1191800162196159,21,30,0.3415746390819549,,
1700488095341-0-3-3-11-3,Happiness,LipCornerPullerL,0.030234679579734802,30.0,0.0456577474251389,20,2,0.1227801814675331,,
1700488108469-0-3-3-17-3,Happiness,LipCornerPullerL,0.0669809877872467,12.0,0.0669809877872467,12,20,0.4050152897834778,,
1700488271464-0-3-4-11-3,Happiness,LipCornerPullerL,0.05165734887123109,22.0,0.05165734887123109,22,28,0.2590908408164978,,
1700488274752-0-3-4-13-3,Happiness,LipCornerPullerL,0.08524437248706809,15.0,0.08524437248706809,15,23,0.3908815085887909,,
1700488293420-0-3-4-24-3,Happiness,LipCornerPullerL,0.028337161988019898,13.0,0.03970497846603399,26,21,0.1650055795907974,,
1700489639217-0-4-1-2-3,Happiness,LipCornerPullerL,0.22513273358345037,25.0,0.22513273358345037,25,30,0.9997677803039552,,
1700489650155-0-4-1-6-3,Happiness,LipCornerPullerL,0.9645423292960875,3.0,0.9645423292960875,3,10,1.0,,
1700489654363-0-4-1-8-3,Happiness,LipCornerPullerL,0.5492455735802652,22.0,0.5492455735802652,22,28,1.0,,
1700489863634-0-4-3-4-3,Happiness,LipCornerPullerL,0.4155389666557312,26.0,0.4155389666557312,26,30,0.9999754428863524,,
1700489877695-0-4-3-11-3,Happiness,LipCornerPullerL,0.5403255075216294,21.0,0.5403255075216294,21,28,1.0,,
1700489889727-0-4-3-17-3,Happiness,LipCornerPullerL,0.4768266081809998,22.0,0.4768266081809998,22,30,1.0,,
1700490052802-0-4-4-6-3,Happiness,LipCornerPullerL,0.6469740271568298,17.0,0.6469740271568298,17,22,1.0,,
1700490061672-0-4-4-11-3,Happiness,LipCornerPullerL,0.5079351663589478,13.0,0.5079351663589478,13,19,1.0,,
1700490065224-0-4-4-13-3,Happiness,LipCornerPullerL,0.6880631744861603,15.0,0.6880631744861603,15,21,1.0,,
1700490084295-0-4-4-24-3,Happiness,LipCornerPullerL,0.5815108511596918,25.0,0.5815108511596918,25,30,0.9999996423721312,,
1700491426514-1-5-1-6-3,Happiness,LipCornerPullerL,0.16927433013916016,17.0,0.16927433013916016,17,30,1.0,,
1700491432012-1-5-1-8-3,Happiness,LipCornerPullerL,0.22160670161247253,4.0,0.22160670161247253,4,26,0.848210871219635,,
1700491622476-1-5-3-4-3,Happiness,LipCornerPullerL,0.025821328163146973,3.0,0.025821328163146973,3,27,0.9004267454147339,,
1700491636900-1-5-3-11-3,Happiness,LipCornerPullerL,0.06767314672470093,2.0,0.06767314672470093,2,15,1.0,,
1700491648470-1-5-3-17-3,Happiness,LipCornerPullerL,0.2010478079319001,15.0,0.2010478079319001,15,25,0.6952852606773376,,
1700491809351-1-5-4-11-3,Happiness,LipCornerPullerL,0.14708250761032104,2.0,0.14708250761032104,2,15,1.0,,
1700491813190-1-5-4-13-3,Happiness,LipCornerPullerL,0.2365377843379975,6.0,0.2623426914215088,29,16,0.9010127782821656,,
1700496712574-1-6-1-2-3,Happiness,LipCornerPullerL,0.4589242041110993,14.0,0.4589242041110993,14,20,1.0,,
1700496726497-1-6-1-8-3,Happiness,LipCornerPullerL,0.0,,0.0,2,1,1.0,,
1700496924776-1-6-3-4-3,Happiness,LipCornerPullerL,0.4100976288318634,9.0,0.4100976288318634,9,16,1.0,,
1700496938747-1-6-3-11-3,Happiness,LipCornerPullerL,0.2032939195632935,18.0,0.2032939195632935,18,26,1.0,,
1700496951478-1-6-3-17-3,Happiness,LipCornerPullerL,0.19445914030075073,2.0,0.19445914030075073,2,6,1.0,,
1700497109218-1-6-4-11-3,Happiness,LipCornerPullerL,0.2508579865098,11.0,0.2508579865098,11,21,1.0,,
1700497131969-1-6-4-24-3,Happiness,LipCornerPullerL,0.3182434439659119,5.0,0.3182434439659119,5,24,0.9832978248596193,,
1700567693686-2-8-1-2-3,Happiness,LipCornerPullerL,0.10854381322860718,19.0,0.10854381322860718,19,30,0.4048590958118438,,
1700567702985-2-8-1-6-3,Happiness,LipCornerPullerL,0.1208807621151209,9.0,0.1208807621151209,9,30,0.2923770248889923,,
1700567708570-2-8-1-8-3,Happiness,LipCornerPullerL,0.11829337477684021,25.0,0.11829337477684021,25,27,0.4716622233390808,,
1700568086128-2-8-4-6-3,Happiness,LipCornerPullerL,0.0777256675064564,20.0,0.0777256675064564,20,25,0.3495102226734161,,
1700568095008-2-8-4-11-3,Happiness,LipCornerPullerL,0.12023285776376721,11.0,0.12023285776376721,11,16,0.3783549666404724,,
1700568118260-2-8-4-24-3,Happiness,LipCornerPullerL,0.0968549400568008,6.0,0.0968549400568008,6,29,0.2873575985431671,,
1700570981390-1-9-1-6-3,Happiness,LipCornerPullerL,0.2737208604812622,6.0,0.2737208604812622,6,14,0.999958336353302,,
1700571173468-1-9-3-4-3,Happiness,LipCornerPullerL,0.4966270476579666,21.0,0.4966270476579666,21,27,0.9289960861206056,,
1700571187794-1-9-3-11-3,Happiness,LipCornerPullerL,0.32935966551303875,21.0,0.32935966551303875,21,28,0.7318925857543945,,
1700571358608-1-9-4-6-3,Happiness,LipCornerPullerL,0.05446261167526245,3.0,0.11842060089111339,30,28,0.9529080986976624,,
1700571367301-1-9-4-11-3,Happiness,LipCornerPullerL,0.18275157993916477,14.0,0.18275157993916477,14,29,0.5215486288070679,,
1700571370738-1-9-4-13-3,Happiness,LipCornerPullerL,0.1504451408982277,8.0,0.1504451408982277,8,13,0.6552553772926331,,
1700571390048-1-9-4-24-3,Happiness,LipCornerPullerL,0.1250697374343873,11.0,0.1250697374343873,11,27,0.4035945534706116,,
1700577644246-2-10-1-2-3,Happiness,LipCornerPullerL,0.17474991083145142,8.0,0.17474991083145142,8,26,0.6761559844017029,,
1700577653948-2-10-1-6-3,Happiness,LipCornerPullerL,0.15482109785079956,18.0,0.15482109785079956,18,25,0.7361760139465332,,
1700577659103-2-10-1-8-3,Happiness,LipCornerPullerL,0.1733700335025788,10.0,0.1733700335025788,10,30,0.8342189788818359,,
1700577847201-2-10-3-4-3,Happiness,LipCornerPullerL,0.21661877632141116,16.0,0.21661877632141116,16,30,0.7851607799530029,,
1700578017539-2-10-4-6-3,Happiness,LipCornerPullerL,0.4407747834920883,11.0,0.4407747834920883,11,27,0.8257885575294495,,
1700578026276-2-10-4-11-3,Happiness,LipCornerPullerL,0.15961432456970215,21.0,0.15961432456970215,21,29,0.8256435990333557,,
1700578029507-2-10-4-13-3,Happiness,LipCornerPullerL,0.19710984826087957,2.0,0.19710984826087957,2,26,0.8859717845916748,,
1700580283368-0-11-1-2-3,Happiness,LipCornerPullerL,0.14206092059612277,14.0,0.14206092059612277,14,30,0.8628035187721252,,
1700580293340-0-11-1-6-3,Happiness,LipCornerPullerL,0.059760779142379816,2.0,0.059760779142379816,2,8,0.3849447965621948,,
1700580297765-0-11-1-8-3,Happiness,LipCornerPullerL,0.1280615553259849,10.0,0.1280615553259849,10,28,0.6927794814109802,,
1700580491541-0-11-3-4-3,Happiness,LipCornerPullerL,0.0850768983364105,15.0,0.0850768983364105,15,20,0.4062629342079162,,
1700580505437-0-11-3-11-3,Happiness,LipCornerPullerL,0.34150257706642156,23.0,0.34150257706642156,23,30,0.8088189959526062,,
1700580518439-0-11-3-17-3,Happiness,LipCornerPullerL,0.40521423518657684,26.0,0.40521423518657684,26,30,0.7863371968269348,,
1700580676935-0-11-4-6-3,Happiness,LipCornerPullerL,0.143279880285263,13.0,0.143279880285263,13,27,0.6259654760360718,,
1700580686765-0-11-4-11-3,Happiness,LipCornerPullerL,0.27208242565393453,27.0,0.27208242565393453,27,30,0.5356847047805786,,
1700580690290-0-11-4-13-3,Happiness,LipCornerPullerL,0.1420385241508484,9.0,0.3086777031421661,30,18,0.9006668925285339,,
1700580709019-0-11-4-24-3,Happiness,LipCornerPullerL,0.3631315976381303,17.0,0.3631315976381303,17,28,0.836654543876648,,
1700581970470-0-12-1-2-3,Happiness,LipCornerPullerL,0.1606818139553071,9.0,0.17058697342872625,25,19,0.9012080430984496,,
1700581981147-0-12-1-6-3,Happiness,LipCornerPullerL,0.17027762532234186,7.0,0.17027762532234186,7,30,0.6125690340995789,,
1700581986437-0-12-1-8-3,Happiness,LipCornerPullerL,0.230913795530796,20.0,0.230913795530796,20,30,0.5357695817947388,,
1700582167043-0-12-3-4-3,Happiness,LipCornerPullerL,0.20387330651283259,21.0,0.20387330651283259,21,28,0.720747709274292,,
1700582192675-0-12-3-17-3,Happiness,LipCornerPullerL,0.09840643405914307,26.0,0.14646267890930176,15,10,0.8630982041358948,,
1700582337973-0-12-4-6-3,Happiness,LipCornerPullerL,0.18976834416389465,24.0,0.18976834416389465,24,27,0.9008970856666564,,
1700582346757-0-12-4-11-3,Happiness,LipCornerPullerL,0.1627830415964126,21.0,0.1627830415964126,21,27,0.564917266368866,,
1700582349697-0-12-4-13-3,Happiness,LipCornerPullerL,0.13189369440078735,19.0,0.13189369440078735,19,26,0.956176221370697,,
1700582369367-0-12-4-24-3,Happiness,LipCornerPullerL,0.16975003480911255,21.0,0.16975003480911255,21,25,0.8257865905761719,,
1700583813812-2-13-1-6-3,Happiness,LipCornerPullerL,0.02568286657333374,17.0,0.03808480501174927,30,22,0.9269422292709352,,
1700584007863-2-13-3-4-3,Happiness,LipCornerPullerL,0.10463187098503107,3.0,0.10463187098503107,3,23,0.8981839418411255,,
1700584022622-2-13-3-11-3,Happiness,LipCornerPullerL,0.11806178092956543,28.0,0.11806178092956543,28,29,0.7690317034721375,,
1700584034051-2-13-3-17-3,Happiness,LipCornerPullerL,0.2624238133430481,18.0,0.2624238133430481,18,24,0.8792586922645569,,
1700584212931-2-13-4-6-3,Happiness,LipCornerPullerL,0.1552041582763195,7.0,0.1552041582763195,7,24,0.8618751764297485,,
1700584221354-2-13-4-11-3,Happiness,LipCornerPullerL,0.20669728517532354,16.0,0.22266000509262085,30,24,0.9018127918243408,,
1700584244435-2-13-4-24-3,Happiness,LipCornerPullerL,0.192699134349823,12.0,0.192699134349823,12,17,0.862159013748169,,
1700745038103-1-14-1-6-3,Happiness,LipCornerPullerL,0.1847607642412185,23.0,0.1847607642412185,23,27,0.6138597130775452,,
1700745244540-1-14-3-11-3,Happiness,LipCornerPullerL,0.29194748401641846,21.0,0.29194748401641846,21,22,0.5376622676849365,,
1700745256570-1-14-3-17-3,Happiness,LipCornerPullerL,0.23503810353577143,24.0,0.23503810353577143,24,28,0.6650786995887756,,
1700745403916-1-14-4-6-3,Happiness,LipCornerPullerL,0.0936250314116478,17.0,0.0936250314116478,17,26,0.3419401347637176,,
1700745412966-1-14-4-11-3,Happiness,LipCornerPullerL,0.12081012874841698,22.0,0.12081012874841698,22,27,0.3139275312423706,,
1700745416289-1-14-4-13-3,Happiness,LipCornerPullerL,0.11762850731611249,17.0,0.11762850731611249,17,25,0.6011817455291748,,
1700745435771-1-14-4-24-3,Happiness,LipCornerPullerL,0.0392102869227529,22.0,0.0392102869227529,22,24,0.0888047218322753,,
1700747149418-2-15-1-2-3,Happiness,LipCornerPullerL,0.32712388038635254,12.0,0.32712388038635254,12,18,0.999998927116394,,
1700747159259-2-15-1-6-3,Happiness,LipCornerPullerL,0.20077545195817947,20.0,0.20077545195817947,20,27,0.7605925798416138,,
1700747164257-2-15-1-8-3,Happiness,LipCornerPullerL,0.28344414383172994,18.0,0.28344414383172994,18,30,0.999999701976776,,
1700747368098-2-15-3-11-3,Happiness,LipCornerPullerL,0.4162514805793762,16.0,0.4162514805793762,16,18,0.9561629891395568,,
1700747380059-2-15-3-17-3,Happiness,LipCornerPullerL,0.4607014432549477,11.0,0.4607014432549477,11,13,0.9667453169822692,,
1700747523299-2-15-4-6-3,Happiness,LipCornerPullerL,0.0,,0.0,2,1,1.0,,
1700747535828-2-15-4-13-3,Happiness,LipCornerPullerL,0.02781015634536743,5.0,0.02781015634536743,5,7,0.5719517469406128,,
1700748615383-0-16-1-6-3,Happiness,LipCornerPullerL,0.0483953058719635,4.0,0.0483953058719635,4,25,0.3529691696166992,,
1700748619561-0-16-1-8-3,Happiness,LipCornerPullerL,0.06891009956598282,26.0,0.06891009956598282,26,30,0.1650039404630661,,
1700748808258-0-16-3-4-3,Happiness,LipCornerPullerL,0.14607192575931552,5.0,0.14607192575931552,5,19,0.5865410566329956,,
1700748834625-0-16-3-17-3,Happiness,LipCornerPullerL,0.08909294009208682,17.0,0.08909294009208682,17,30,0.4128836095333099,,
1700748982693-0-16-4-6-3,Happiness,LipCornerPullerL,0.037433892488479614,8.0,0.037433892488479614,8,10,0.4697983264923095,,
1700753815635-0-17-1-2-3,Happiness,LipCornerPullerL,0.36708046495914465,12.0,0.36708046495914465,12,29,0.7673132419586182,,
1700753825738-0-17-1-6-3,Happiness,LipCornerPullerL,0.22086969017982488,20.0,0.22086969017982488,20,28,0.7199178338050842,,
1700753830627-0-17-1-8-3,Happiness,LipCornerPullerL,0.28816305100917816,19.0,0.28816305100917816,19,29,0.7210724949836731,,
1700754015427-0-17-3-4-3,Happiness,LipCornerPullerL,0.16173547506332397,24.0,0.16173547506332397,24,27,0.6790586113929749,,
1700754030029-0-17-3-11-3,Happiness,LipCornerPullerL,0.2235150784254074,11.0,0.2235150784254074,11,15,0.6671708226203918,,
1700754041283-0-17-3-17-3,Happiness,LipCornerPullerL,0.1056331992149353,13.0,0.1056331992149353,13,18,0.536900520324707,,
1700754188596-0-17-4-6-3,Happiness,LipCornerPullerL,0.18781298398971558,23.0,0.18781298398971558,23,27,0.4701134264469147,,
1700754197592-0-17-4-11-3,Happiness,LipCornerPullerL,0.2142523005604744,10.0,0.2142523005604744,10,21,0.6139088273048401,,
1700754201057-0-17-4-13-3,Happiness,LipCornerPullerL,0.11481031775474548,11.0,0.11481031775474548,11,18,0.6018497347831726,,
1700754220466-0-17-4-24-3,Happiness,LipCornerPullerL,0.2246489636600018,18.0,0.2246489636600018,18,25,0.5376713871955872,,
1700756278030-2-18-1-2-3,Happiness,LipCornerPullerL,0.325710691511631,15.0,0.325710691511631,15,18,0.7048906087875366,,
1700756292963-2-18-1-8-3,Happiness,LipCornerPullerL,0.21915316581726074,18.0,0.21915316581726074,18,30,0.9259920120239258,,
1700756490593-2-18-3-4-3,Happiness,LipCornerPullerL,0.3341748416423797,6.0,0.3341748416423797,6,26,0.8060442209243774,,
1700756505088-2-18-3-11-3,Happiness,LipCornerPullerL,0.04699397087097168,23.0,0.2877228856086731,8,4,1.0,,
1700756516990-2-18-3-17-3,Happiness,LipCornerPullerL,0.3839525878429414,9.0,0.3839525878429414,9,18,1.0,,
1700756727000-2-18-4-13-3,Happiness,LipCornerPullerL,0.49052688479423523,2.0,0.49052688479423523,2,8,1.0,,
1700756746478-2-18-4-24-3,Happiness,LipCornerPullerL,0.4969704896211624,4.0,0.4969704896211624,4,13,1.0,,
1700824364321-0-19-1-2-3,Happiness,LipCornerPullerL,0.2054811678826809,15.0,0.2054811678826809,15,22,0.7328487634658813,,
1700824373977-0-19-1-6-3,Happiness,LipCornerPullerL,0.3518971987068654,14.0,0.3518971987068654,14,23,0.6388329267501831,,
1700824379019-0-19-1-8-3,Happiness,LipCornerPullerL,0.2613954246044159,22.0,0.2613954246044159,22,27,0.7703891396522522,,
1700824560735-0-19-3-4-3,Happiness,LipCornerPullerL,0.16096198558807379,18.0,0.16096198558807379,18,24,0.7423275113105774,,
1700824574500-0-19-3-11-3,Happiness,LipCornerPullerL,0.1341183781623841,17.0,0.1341183781623841,17,20,0.6157777309417725,,
1700824586999-0-19-3-17-3,Happiness,LipCornerPullerL,0.2935630083084107,16.0,0.2935630083084107,16,20,0.4346162378787994,,
1700824749953-0-19-4-6-3,Happiness,LipCornerPullerL,0.3126497268676758,20.0,0.3126497268676758,20,27,0.8633086681365967,,
1700824758611-0-19-4-11-3,Happiness,LipCornerPullerL,0.21237052232027048,17.0,0.21237052232027048,17,20,0.5643092393875122,,
1700824761953-0-19-4-13-3,Happiness,LipCornerPullerL,0.35874617099761963,16.0,0.35874617099761963,16,23,0.8257045745849609,,
1700824781306-0-19-4-24-3,Happiness,LipCornerPullerL,0.2747212648391723,16.0,0.2747212648391723,16,23,0.5376182198524475,,
1700825727753-0-20-1-2-3,Happiness,LipCornerPullerL,0.3834421634674073,18.0,0.3834421634674073,18,23,0.9999998211860656,,
1700825737631-0-20-1-6-3,Happiness,LipCornerPullerL,0.4624164700349311,19.0,0.4624164700349311,19,30,0.983189582824707,,
1700825742948-0-20-1-8-3,Happiness,LipCornerPullerL,0.18094748258590698,27.0,0.18094748258590698,27,28,0.7858771085739136,,
1700825928719-0-20-3-4-3,Happiness,LipCornerPullerL,0.0,,0.045042216777801625,30,1,1.0,,
1700825942878-0-20-3-11-3,Happiness,LipCornerPullerL,0.7976220161654056,10.0,0.7976220161654056,10,22,0.8887398838996887,,
1700825954513-0-20-3-17-3,Happiness,LipCornerPullerL,0.13973158597946167,3.0,0.13973158597946167,3,11,1.0,,
1700826100390-0-20-4-6-3,Happiness,LipCornerPullerL,0.36596806719899183,15.0,0.36596806719899183,15,24,0.9651916027069092,,
1700826109535-0-20-4-11-3,Happiness,LipCornerPullerL,0.38394881784915924,10.0,0.38394881784915924,10,27,1.0,,
1700826112906-0-20-4-13-3,Happiness,LipCornerPullerL,0.5893578734395035,17.0,0.5893578734395035,17,21,1.0,,
1700826132330-0-20-4-24-3,Happiness,LipCornerPullerL,0.2884741798043252,9.0,0.2884741798043252,9,29,0.9833245277404784,,
1700827573138-0-21-1-2-3,Happiness,LipCornerPullerL,0.07684683799743652,2.0,0.24958133697509766,27,13,0.8257873058319092,,
1700827583373-0-21-1-6-3,Happiness,LipCornerPullerL,0.018909931182861328,14.0,0.018909931182861328,14,28,0.8407136797904968,,
1700827588343-0-21-1-8-3,Happiness,LipCornerPullerL,0.1751015782356262,2.0,0.1751015782356262,2,28,0.8060891032218933,,
1700827797519-0-21-3-4-3,Happiness,LipCornerPullerL,0.1834373623132706,20.0,0.1834373623132706,20,30,0.7985607981681824,,
1700827811945-0-21-3-11-3,Happiness,LipCornerPullerL,0.1590183228254319,5.0,0.1590183228254319,5,30,0.8852778077125549,,
1700827824071-0-21-3-17-3,Happiness,LipCornerPullerL,0.2518136575818062,17.0,0.2518136575818062,17,30,0.8511922955513,,
1700827978518-0-21-4-6-3,Happiness,LipCornerPullerL,0.24791757762432098,5.0,0.24791757762432098,5,11,0.8361774682998657,,
1700827987637-0-21-4-11-3,Happiness,LipCornerPullerL,0.273105502128601,8.0,0.273105502128601,8,19,0.8345345854759216,,
1700827991208-0-21-4-13-3,Happiness,LipCornerPullerL,0.28931814432144165,16.0,0.28931814432144165,16,18,0.7594636082649231,,
1700828010479-0-21-4-24-3,Happiness,LipCornerPullerL,0.2906771674752236,23.0,0.2906771674752236,23,29,0.8361836075782776,,
1700829950699-0-22-1-2-3,Happiness,LipCornerPullerL,0.06592907011508939,22.0,0.06592907011508939,22,30,0.2769513428211212,,
1700829960945-0-22-1-6-3,Happiness,LipCornerPullerL,0.1583772897720337,20.0,0.1583772897720337,20,24,0.4715330898761749,,
1700829966413-0-22-1-8-3,Happiness,LipCornerPullerL,0.1567841768264771,2.0,0.1567841768264771,2,25,0.6532700061798096,,
1700830151296-0-22-3-4-3,Happiness,LipCornerPullerL,0.14925256371498108,21.0,0.14925256371498108,21,29,0.57358318567276,,
1700830165492-0-22-3-11-3,Happiness,LipCornerPullerL,0.28630253300070774,17.0,0.28630253300070774,17,20,0.668161153793335,,
1700830177822-0-22-3-17-3,Happiness,LipCornerPullerL,0.018977322150021802,4.0,0.018977322150021802,4,30,0.1025299504399299,,
1700830340495-0-22-4-6-3,Happiness,LipCornerPullerL,0.11625111103057861,2.0,0.11625111103057861,2,3,0.3379295170307159,,
1700830348817-0-22-4-11-3,Happiness,LipCornerPullerL,0.277423158288002,18.0,0.277423158288002,18,30,0.8360041975975037,,
1700830371971-0-22-4-24-3,Happiness,LipCornerPullerL,0.0810605585575104,24.0,0.0810605585575104,24,29,0.2562946379184723,,
1701085399209-2-23-1-2-3,Happiness,LipCornerPullerL,0.24455174803733826,5.0,0.24455174803733826,5,13,1.0,,
1701085409026-2-23-1-6-3,Happiness,LipCornerPullerL,0.2365721464157105,20.0,0.2365721464157105,20,27,0.9561755061149596,,
1701085611540-2-23-3-4-3,Happiness,LipCornerPullerL,0.10428297519683849,3.0,0.24526548385620117,28,3,0.9406362175941468,,
1701085625896-2-23-3-11-3,Happiness,LipCornerPullerL,0.021484136581420787,25.0,0.23579126596450806,30,5,1.0,,
1701085793939-2-23-4-6-3,Happiness,LipCornerPullerL,0.33384585380554205,3.0,0.3530704081058503,29,28,0.8435192108154297,,
1701085802372-2-23-4-11-3,Happiness,LipCornerPullerL,0.3050675392150879,20.0,0.3050675392150879,20,30,0.9940685629844666,,
1701085805933-2-23-4-13-3,Happiness,LipCornerPullerL,0.130551278591156,18.0,0.130551278591156,18,27,0.9999859929084778,,
1701087200709-0-24-1-2-3,Happiness,LipCornerPullerL,0.45648877322673803,4.0,0.45648877322673803,4,6,0.9983709454536438,,
1701087210632-0-24-1-6-3,Happiness,LipCornerPullerL,0.3817077577114105,12.0,0.3817077577114105,12,23,0.9995131492614746,,
1701087215061-0-24-1-8-3,Happiness,LipCornerPullerL,0.03194022178649891,26.0,0.03194022178649891,26,29,0.9594008326530457,,
1701087405297-0-24-3-4-3,Happiness,LipCornerPullerL,0.025960922241210826,16.0,0.08801615238189697,27,22,0.9136802554130554,,
1701087419458-0-24-3-11-3,Happiness,LipCornerPullerL,0.007381618022918812,9.0,0.49987703561782837,29,2,0.9667769074440002,,
1701087431810-0-24-3-17-3,Happiness,LipCornerPullerL,0.015611171722411998,13.0,0.4845022596418858,29,1,0.943169355392456,,
1701087606104-0-24-4-6-3,Happiness,LipCornerPullerL,0.031301677227020264,27.0,0.19777661561965942,30,5,0.9926393628120422,,
1701087614475-0-24-4-11-3,Happiness,LipCornerPullerL,0.49511441588401794,14.0,0.49511441588401794,14,29,0.967008888721466,,
1701087618852-0-24-4-13-3,Happiness,LipCornerPullerL,0.003665804862975963,3.0,0.3667706474661828,30,14,0.9999999403953552,,
1701087638139-0-24-4-24-3,Happiness,LipCornerPullerL,0.36819380521774303,2.0,0.36819380521774303,2,12,1.0,,
1701090900762-0-25-1-2-3,Happiness,LipCornerPullerL,0.29856908321380615,6.0,0.29856908321380615,6,12,0.7437245845794678,,
1701090910740-0-25-1-6-3,Happiness,LipCornerPullerL,0.1350985243916511,23.0,0.1350985243916511,23,24,0.2727157473564148,,
1701090915636-0-25-1-8-3,Happiness,LipCornerPullerL,0.0787825956940651,21.0,0.0787825956940651,21,26,0.2288138270378112,,
1701091107905-0-25-3-4-3,Happiness,LipCornerPullerL,0.25042793154716503,20.0,0.25042793154716503,20,22,0.5210278630256653,,
1701091122339-0-25-3-11-3,Happiness,LipCornerPullerL,0.2035111784934997,24.0,0.2035111784934997,24,27,0.6301470994949341,,
1701091135134-0-25-3-17-3,Happiness,LipCornerPullerL,0.04202091693878174,17.0,0.09146285057067871,13,2,0.8521594405174255,,
1701091291841-0-25-4-6-3,Happiness,LipCornerPullerL,0.008238300681114204,19.0,0.0284076815005392,30,13,0.0732742249965667,,
1701091300109-0-25-4-11-3,Happiness,LipCornerPullerL,0.0909083113074303,21.0,0.0909083113074303,21,21,0.1894671022891998,,
1701091304058-0-25-4-13-3,Happiness,LipCornerPullerL,0.2929306626319885,21.0,0.2929306626319885,21,27,0.9018126130104064,,
1701091323219-0-25-4-24-3,Happiness,LipCornerPullerL,0.0375674217939377,11.0,0.0375674217939377,11,27,0.1653931140899658,,
1701092566237-0-26-1-2-3,Happiness,LipCornerPullerL,0.3270838260650635,23.0,0.3270838260650635,23,30,0.9999999403953552,,
1701092576554-0-26-1-6-3,Happiness,LipCornerPullerL,0.5724473353475332,8.0,0.5724473353475332,8,15,1.0,,
1701092581548-0-26-1-8-3,Happiness,LipCornerPullerL,0.45910322666168213,14.0,0.45910322666168213,14,25,1.0,,
1701092769963-0-26-3-4-3,Happiness,LipCornerPullerL,0.21354129910469055,2.0,0.21354129910469055,2,15,0.854475200176239,,
1701092785055-0-26-3-11-3,Happiness,LipCornerPullerL,0.46905950456857687,18.0,0.46905950456857687,18,28,0.9661165475845336,,
1701092797053-0-26-3-17-3,Happiness,LipCornerPullerL,0.039747416973114014,15.0,0.039747416973114014,15,21,0.9161780476570128,,
1701092957476-0-26-4-6-3,Happiness,LipCornerPullerL,0.0,,0.0,2,1,1.0,,
1701092966570-0-26-4-11-3,Happiness,LipCornerPullerL,0.30287623405456543,20.0,0.30287623405456543,20,26,0.9013904929161072,,
1701092970479-0-26-4-13-3,Happiness,LipCornerPullerL,0.29509246349334717,16.0,0.29509246349334717,16,23,1.0,,
1701092989427-0-26-4-24-3,Happiness,LipCornerPullerL,0.2920361375436187,17.0,0.2920361375436187,17,26,1.0,,
1701094443379-2-27-1-2-3,Happiness,LipCornerPullerL,0.2342929393053055,5.0,0.2342929393053055,5,13,0.9935808181762696,,
1701094458007-2-27-1-8-3,Happiness,LipCornerPullerL,0.0442010760307312,2.0,0.0442010760307312,2,28,0.9989861249923706,,
1701094686349-2-27-3-17-3,Happiness,LipCornerPullerL,0.6584298908710481,17.0,0.6584298908710481,17,28,0.9931236505508424,,
1701094830423-2-27-4-6-3,Happiness,LipCornerPullerL,0.03713780641555786,22.0,0.06728613376617432,18,2,0.999264657497406,,
1701094839307-2-27-4-11-3,Happiness,LipCornerPullerL,0.3806725665926934,12.0,0.3806725665926934,12,28,0.9424961805343628,,
1701094842669-2-27-4-13-3,Happiness,LipCornerPullerL,0.010984420776367188,5.0,0.01305454969406139,4,13,0.9255556464195251,,
1701094862346-2-27-4-24-3,Happiness,LipCornerPullerL,0.6878989189863205,8.0,0.6878989189863205,8,21,1.0,,
1701170406317-0-28-1-2-3,Happiness,LipCornerPullerL,0.0916276201605797,11.0,0.0916276201605797,11,20,0.3802587389945984,,
1701170416342-0-28-1-6-3,Happiness,LipCornerPullerL,0.1191092431545257,21.0,0.1191092431545257,21,26,0.429630309343338,,
1701170421094-0-28-1-8-3,Happiness,LipCornerPullerL,0.08042808622121811,18.0,0.08042808622121811,18,27,0.3418096005916595,,
1701170606531-0-28-3-4-3,Happiness,LipCornerPullerL,0.1411990039050579,24.0,0.1411990039050579,24,27,0.4059834778308868,,
1701170620860-0-28-3-11-3,Happiness,LipCornerPullerL,0.07311554998159411,18.0,0.07311554998159411,18,24,0.2975063920021057,,
1701170632817-0-28-3-17-3,Happiness,LipCornerPullerL,0.0792686641216278,19.0,0.0792686641216278,19,23,0.2332294434309005,,
1701170775743-0-28-4-6-3,Happiness,LipCornerPullerL,0.042787872254848494,17.0,0.0463359206914902,30,20,0.2115704864263534,,
1701170784833-0-28-4-11-3,Happiness,LipCornerPullerL,0.11049526184797291,15.0,0.11049526184797291,15,17,0.2294615060091018,,
1701170788149-0-28-4-13-3,Happiness,LipCornerPullerL,0.10450717061758041,19.0,0.10450717061758041,19,26,0.3133068978786468,,
1701170807440-0-28-4-24-3,Happiness,LipCornerPullerL,0.113693792372942,18.0,0.113693792372942,18,25,0.3134632706642151,,
1701175856081-1-29-1-2-3,Happiness,LipCornerPullerL,0.11753231287002563,4.0,0.11753231287002563,4,20,1.0,,
1701175866954-1-29-1-6-3,Happiness,LipCornerPullerL,0.2795705795288086,3.0,0.2795705795288086,3,19,0.9999999403953552,,
1701175871777-1-29-1-8-3,Happiness,LipCornerPullerL,0.0446261167526244,9.0,0.0446261167526244,9,16,1.0,,
1701176096361-1-29-3-17-3,Happiness,LipCornerPullerL,0.39875736832618713,10.0,0.39875736832618713,10,22,1.0,,
1701176253903-1-29-4-6-3,Happiness,LipCornerPullerL,0.4501807391643525,7.0,0.4501807391643525,7,18,1.0,,
1701176266194-1-29-4-13-3,Happiness,LipCornerPullerL,0.21404093503952026,8.0,0.21404093503952026,8,14,1.0,,
1701176285711-1-29-4-24-3,Happiness,LipCornerPullerL,0.05154979228973389,4.0,0.05154979228973389,4,30,0.9865297675132751,,
1701177603091-0-30-1-2-3,Happiness,LipCornerPullerL,0.3463577628135681,7.0,0.3463577628135681,7,22,0.9998392462730408,,
1701177613122-0-30-1-6-3,Happiness,LipCornerPullerL,0.21770894527435303,16.0,0.21770894527435303,16,24,0.6109890341758728,,
1701177618243-0-30-1-8-3,Happiness,LipCornerPullerL,0.08110099472105509,7.0,0.08110099472105509,7,28,0.7579692602157593,,
1701177808761-0-30-3-4-3,Happiness,LipCornerPullerL,0.11853373050689697,3.0,0.15392711758613592,28,21,0.8257131576538086,,
1701177823102-0-30-3-11-3,Happiness,LipCornerPullerL,0.3231858504004776,6.0,0.3231858504004776,6,30,0.7841157913208008,,
1701177834428-0-30-3-17-3,Happiness,LipCornerPullerL,0.1962277889251709,19.0,0.1962277889251709,19,29,0.8801031708717346,,
1701178069847-0-30-4-6-3,Happiness,LipCornerPullerL,0.2566371150314809,2.0,0.2566371150314809,2,11,0.8637887835502625,,
1701178078591-0-30-4-11-3,Happiness,LipCornerPullerL,0.44829215109348297,20.0,0.44829215109348297,20,30,0.851715087890625,,
1701178082268-0-30-4-13-3,Happiness,LipCornerPullerL,0.15907317399978638,9.0,0.15907317399978638,9,20,0.9669166207313538,,
1701178101198-0-30-4-24-3,Happiness,LipCornerPullerL,0.3484062850475312,18.0,0.3484062850475312,18,26,0.7993804216384888,,
1701187983622-0-31-1-2-3,Happiness,LipCornerPullerL,0.48350644111633306,15.0,0.48350644111633306,15,22,1.0,,
1701187993857-0-31-1-6-3,Happiness,LipCornerPullerL,0.2256944477558136,8.0,0.2256944477558136,8,27,0.915146827697754,,
1701187998863-0-31-1-8-3,Happiness,LipCornerPullerL,0.3203794062137604,5.0,0.3203794062137604,5,30,0.9561764001846312,,
1701188192146-0-31-3-4-3,Happiness,LipCornerPullerL,0.38445493578910833,3.0,0.38445493578910833,3,12,1.0,,
1701188205706-0-31-3-11-3,Happiness,LipCornerPullerL,0.2365321815013886,21.0,0.2365321815013886,21,25,0.8637990355491638,,
1701188218206-0-31-3-17-3,Happiness,LipCornerPullerL,0.2926104664802552,7.0,0.2926104664802552,7,14,1.0,,
1701188362869-0-31-4-6-3,Happiness,LipCornerPullerL,0.4175566956400872,3.0,0.6048453748226167,30,24,0.9667804837226868,,
1701188372439-0-31-4-11-3,Happiness,LipCornerPullerL,0.07592052221298218,2.0,0.38273382186889654,29,25,0.7057961821556091,,
1701188375722-0-31-4-13-3,Happiness,LipCornerPullerL,0.13451665639877322,5.0,0.13451665639877322,5,23,0.8059124946594238,,
1701188394426-0-31-4-24-3,Happiness,LipCornerPullerL,0.30795195698738104,16.0,0.30795195698738104,16,21,0.6682361960411072,,
1701346703651-1-32-1-2-3,Happiness,LipCornerPullerL,0.2794874757528305,9.0,0.2794874757528305,9,14,0.8897488117218018,,
1701346713430-1-32-1-6-3,Happiness,LipCornerPullerL,0.2151782959699631,17.0,0.2151782959699631,17,23,0.7851600646972656,,
1701346719137-1-32-1-8-3,Happiness,LipCornerPullerL,0.7618831228464843,3.0,0.7618831228464843,3,5,0.8363550901412964,,
1701346921333-1-32-3-4-3,Happiness,LipCornerPullerL,0.3023032397031784,24.0,0.3023032397031784,24,27,0.6783420443534851,,
1701346935701-1-32-3-11-3,Happiness,LipCornerPullerL,0.2860212810337544,18.0,0.2860212810337544,18,22,0.8345388770103455,,
1701347170578-1-32-4-6-3,Happiness,LipCornerPullerL,0.28447863459587097,21.0,0.28447863459587097,21,26,0.6953654289245605,,
1701347183087-1-32-4-13-3,Happiness,LipCornerPullerL,0.2534119784832001,17.0,0.2534119784832001,17,21,0.6406171917915344,,
1701350205989-0-33-1-2-3,Happiness,LipCornerPullerL,0.02640557289123524,3.0,0.02640557289123524,3,15,0.944287359714508,,
1701350215835-0-33-1-6-3,Happiness,LipCornerPullerL,0.08102375268936157,2.0,0.08102375268936157,2,5,0.927290678024292,,
1701350220726-0-33-1-8-3,Happiness,LipCornerPullerL,0.2827616035938263,7.0,0.2827616035938263,7,18,0.8055275678634644,,
1701350414565-0-33-3-4-3,Happiness,LipCornerPullerL,0.05277222394943237,2.0,0.05277222394943237,2,13,0.8801171183586121,,
1701350428721-0-33-3-11-3,Happiness,LipCornerPullerL,0.020947933197021595,2.0,0.05391758680343639,17,13,0.9941930174827576,,
1701350440026-0-33-3-17-3,Happiness,LipCornerPullerL,0.2897191196680069,20.0,0.2897191196680069,20,29,0.8511673808097839,,
1701350607639-0-33-4-6-3,Happiness,LipCornerPullerL,0.0018876791000368431,2.0,0.0018876791000368431,2,6,1.0,,
1701350616112-0-33-4-11-3,Happiness,LipCornerPullerL,0.2889222502708435,17.0,0.2889222502708435,17,24,1.0,,
1701350619988-0-33-4-13-3,Happiness,LipCornerPullerL,0.09309905767440796,12.0,0.15105044841766357,14,13,0.8886116147041321,,
1701350639091-0-33-4-24-3,Happiness,LipCornerPullerL,0.3403172455728054,19.0,0.3403172455728054,19,26,0.8361191749572754,,
1701357355094-0-34-1-2-3,Happiness,LipCornerPullerL,0.11010932922363281,10.0,0.11010932922363281,10,18,0.8365490436553955,,
1701357364564-0-34-1-6-3,Happiness,LipCornerPullerL,0.16102595627307886,21.0,0.16102595627307886,21,24,0.6550502181053162,,
1701357370719-0-34-1-8-3,Happiness,LipCornerPullerL,0.014040470123291016,3.0,0.031226813793182373,27,7,0.9453107118606568,,
1701357572514-0-34-3-4-3,Happiness,LipCornerPullerL,0.15810823440551758,2.0,0.15810823440551758,2,3,0.8502131104469299,,
1701357586980-0-34-3-11-3,Happiness,LipCornerPullerL,0.1464050859212876,6.0,0.1464050859212876,6,20,0.8335856795310974,,
1701357598871-0-34-3-17-3,Happiness,LipCornerPullerL,0.1011536717414856,6.0,0.258419156074524,29,13,0.9555396437644958,,
1701357755832-0-34-4-6-3,Happiness,LipCornerPullerL,0.029176533222198486,12.0,0.029176533222198486,12,1,0.9667170643806458,,
1701357764370-0-34-4-11-3,Happiness,LipCornerPullerL,0.2161589413881302,14.0,0.2161589413881302,14,19,0.9827948212623596,,
1701357768034-0-34-4-13-3,Happiness,LipCornerPullerL,0.4722752198576928,13.0,0.4722752198576928,13,25,0.9551162123680116,,
1701357787473-0-34-4-24-3,Happiness,LipCornerPullerL,0.1309775710105896,25.0,0.1309775710105896,25,30,0.8094346523284912,,
1701429268173-0-35-1-2-3,Happiness,LipCornerPullerL,0.09870672225952148,5.0,0.10339891910552979,27,19,0.7422298789024353,,
1701429278152-0-35-1-6-3,Happiness,LipCornerPullerL,0.02288895845413208,8.0,0.05320107936859131,29,11,0.7693706750869751,,
1701429283682-0-35-1-8-3,Happiness,LipCornerPullerL,0.012184381484985407,30.0,0.02709329128265381,15,1,0.4174110293388366,,
1701429457562-0-35-3-4-3,Happiness,LipCornerPullerL,0.1980931460857392,10.0,0.1980931460857392,10,16,0.8359436988830566,,
1701429471531-0-35-3-11-3,Happiness,LipCornerPullerL,0.021803639829158804,25.0,0.021803639829158804,25,27,0.0879136472940445,,
1701429484024-0-35-3-17-3,Happiness,LipCornerPullerL,0.01104515790939331,2.0,0.2068000584840775,29,2,0.7979364991188049,,
1701429621361-0-35-4-6-3,Happiness,LipCornerPullerL,0.06320208311080933,4.0,0.29807044565677654,29,16,0.5646057724952698,,
1701429629873-0-35-4-11-3,Happiness,LipCornerPullerL,0.3659125864505768,21.0,0.3659125864505768,21,24,0.7224873304367065,,
1701429633191-0-35-4-13-3,Happiness,LipCornerPullerL,0.10772900283336641,14.0,0.10772900283336641,14,27,0.6397931575775146,,
1701429652594-0-35-4-24-3,Happiness,LipCornerPullerL,0.10717841982841492,26.0,0.10717841982841492,26,29,0.5354229211807251,,
1701438034604-1-36-1-2-3,Happiness,LipCornerPullerL,0.22661560773849482,19.0,0.22661560773849482,19,28,0.878416895866394,,
1701438045011-1-36-1-6-3,Happiness,LipCornerPullerL,0.2877244278788566,13.0,0.2877244278788566,13,28,0.9819204807281494,,
1701438050468-1-36-1-8-3,Happiness,LipCornerPullerL,0.1127094030380249,18.0,0.1127094030380249,18,26,1.0,,
1701438243088-1-36-3-4-3,Happiness,LipCornerPullerL,0.22193974256515508,12.0,0.22193974256515508,12,14,0.8513579964637756,,
1701438256926-1-36-3-11-3,Happiness,LipCornerPullerL,0.20249733328819275,22.0,0.20249733328819275,22,30,0.86295086145401,,
1701438436422-1-36-4-6-3,Happiness,LipCornerPullerL,0.5153032392263414,5.0,0.5153032392263414,5,7,0.8789527416229248,,
1701438467947-1-36-4-24-3,Happiness,LipCornerPullerL,0.4004957973957062,5.0,0.4004957973957062,5,16,1.0,,
1701440188990-0-37-1-2-3,Happiness,LipCornerPullerL,0.2590846871025861,9.0,0.2590846871025861,9,22,0.8615086674690247,,
1701440198407-0-37-1-6-3,Happiness,LipCornerPullerL,0.2527247369289398,21.0,0.2527247369289398,21,25,0.7975628972053528,,
1701440203645-0-37-1-8-3,Happiness,LipCornerPullerL,0.3415370285511017,21.0,0.3415370285511017,21,30,0.8782556653022766,,
1701440415377-0-37-3-11-3,Happiness,LipCornerPullerL,0.24981793016195297,8.0,0.24981793016195297,8,24,0.983146905899048,,
1701440427610-0-37-3-17-3,Happiness,LipCornerPullerL,0.3164786770939827,5.0,0.3164786770939827,5,18,0.8513215184211731,,
1701440583588-0-37-4-6-3,Happiness,LipCornerPullerL,0.0962744951248169,2.0,0.0962744951248169,2,24,0.8894888758659363,,
1701440593141-0-37-4-11-3,Happiness,LipCornerPullerL,0.0679788589477539,9.0,0.0679788589477539,9,29,0.9222028851509094,,
1701440596133-0-37-4-13-3,Happiness,LipCornerPullerL,0.020441830158233643,5.0,0.020441830158233643,5,6,0.8792731165885925,,
1701440615891-0-37-4-24-3,Happiness,LipCornerPullerL,0.05383080244064331,2.0,0.05383080244064331,2,6,0.8528833389282227,0.035260694356449296,0.035260694356449296
1700479001137-2-1-1-2-3,Happiness,CheekRaiserR,0.0678860321640968,23.0,0.10426591336727149,12,2,0.3376380503177643,,
1700479015441-2-1-1-8-3,Happiness,CheekRaiserR,0.1493432968854904,3.0,0.1493432968854904,3,18,0.453807383775711,,
1700479245714-2-1-3-4-3,Happiness,CheekRaiserR,0.1614900380373001,20.0,0.1614900380373001,20,28,0.5206344723701477,,
1700479260806-2-1-3-11-3,Happiness,CheekRaiserR,0.0931837260723114,19.0,0.0931837260723114,19,30,0.6928935050964355,,
1700479422411-2-1-4-6-3,Happiness,CheekRaiserR,0.13122336566448212,10.0,0.13122336566448212,10,28,0.4391852021217346,,
1700479435090-2-1-4-13-3,Happiness,CheekRaiserR,0.06745892763137817,13.0,0.1143520176410675,7,29,0.5378407835960388,,
1700485991927-1-2-1-6-3,Happiness,CheekRaiserR,0.0882948637008667,10.0,0.0882948637008667,10,16,0.4708982408046722,,
1700486224796-1-2-3-17-3,Happiness,CheekRaiserR,0.15929272770881653,11.0,0.15929272770881653,11,30,0.7809614539146423,,
1700486372493-1-2-4-6-3,Happiness,CheekRaiserR,0.1594468802213669,20.0,0.1594468802213669,20,30,0.7593555450439453,,
1700486381822-1-2-4-11-3,Happiness,CheekRaiserR,0.0757056027650834,9.0,0.0757056027650834,9,27,0.5465342402458191,,
1700486385344-1-2-4-13-3,Happiness,CheekRaiserR,0.3655246440321207,6.0,0.3655246440321207,6,11,0.9447943568229676,,
1700486404513-1-2-4-24-3,Happiness,CheekRaiserR,0.1923342496156692,7.0,0.1923342496156692,7,29,0.5647172927856445,,
1700487871181-0-3-1-2-3,Happiness,CheekRaiserR,0.09975373744964597,27.0,0.09975373744964597,27,28,0.378299742937088,,
1700487882143-0-3-1-6-3,Happiness,CheekRaiserR,0.020747423171997015,10.0,0.03653636574745184,26,24,0.3144207000732422,,
1700487887156-0-3-1-8-3,Happiness,CheekRaiserR,0.03338438272476202,15.0,0.03962339460849762,23,16,0.2962420284748077,,
1700488081973-0-3-3-4-3,Happiness,CheekRaiserR,0.061764717102050795,21.0,0.061764717102050795,21,30,0.2561127245426178,,
1700488095341-0-3-3-11-3,Happiness,CheekRaiserR,0.0304975509643554,30.0,0.0481488481163979,6,1,0.180395245552063,,
1700488108469-0-3-3-17-3,Happiness,CheekRaiserR,0.0536585152149201,17.0,0.0536585152149201,17,22,0.2878555059432983,,
1700488271464-0-3-4-11-3,Happiness,CheekRaiserR,0.04545366764068612,22.0,0.04545366764068612,22,29,0.255960464477539,,
1700488274752-0-3-4-13-3,Happiness,CheekRaiserR,0.06575047969818121,16.0,0.06575047969818121,16,30,0.2820056676864624,,
1700488293420-0-3-4-24-3,Happiness,CheekRaiserR,0.038646586239338004,14.0,0.039983525872230585,4,25,0.296692281961441,,
1700489639217-0-4-1-2-3,Happiness,CheekRaiserR,0.15932253003120417,25.0,0.15932253003120417,25,30,0.8511771559715271,,
1700489650155-0-4-1-6-3,Happiness,CheekRaiserR,0.7884568516165019,3.0,0.7884568516165019,3,15,0.95551860332489,,
1700489654363-0-4-1-8-3,Happiness,CheekRaiserR,0.3742572963237763,22.0,0.3742572963237763,22,30,0.981421947479248,,
1700489863634-0-4-3-4-3,Happiness,CheekRaiserR,0.3501552939414979,26.0,0.3501552939414979,26,30,0.9440991282463074,,
1700489877695-0-4-3-11-3,Happiness,CheekRaiserR,0.39508870244026195,21.0,0.39508870244026195,21,30,0.9555555582046508,,
1700489889727-0-4-3-17-3,Happiness,CheekRaiserR,0.34489744901657104,22.0,0.34489744901657104,22,30,0.9163611531257628,,
1700490052802-0-4-4-6-3,Happiness,CheekRaiserR,0.43487560749053955,17.0,0.43487560749053955,17,23,0.982356071472168,,
1700490061672-0-4-4-11-3,Happiness,CheekRaiserR,0.4217828782275319,13.0,0.4217828782275319,13,30,0.9999602437019348,,
1700490065224-0-4-4-13-3,Happiness,CheekRaiserR,0.6067526042461395,15.0,0.6067526042461395,15,23,1.0,,
1700490084295-0-4-4-24-3,Happiness,CheekRaiserR,0.4784389659762383,25.0,0.4784389659762383,25,30,0.9833194613456726,,
1700491426514-1-5-1-6-3,Happiness,CheekRaiserR,0.10616016387939459,17.0,0.10616016387939459,17,30,0.7975009083747864,,
1700491432012-1-5-1-8-3,Happiness,CheekRaiserR,0.09651988744735723,2.0,0.12575247883796692,5,26,0.8045219779014587,,
1700491622476-1-5-3-4-3,Happiness,CheekRaiserR,0.03750962018966675,3.0,0.03750962018966675,3,26,0.9527372121810912,,
1700491636900-1-5-3-11-3,Happiness,CheekRaiserR,0.04199075698852539,3.0,0.04199075698852539,3,19,0.8355379700660706,,
1700491648470-1-5-3-17-3,Happiness,CheekRaiserR,0.1378939300775528,12.0,0.1378939300775528,12,25,0.6655299663543701,,
1700491809351-1-5-4-11-3,Happiness,CheekRaiserR,0.13950765132904053,2.0,0.13950765132904053,2,13,0.91557639837265,,
1700491813190-1-5-4-13-3,Happiness,CheekRaiserR,0.18695929646492004,6.0,0.1879670917987824,29,20,0.8981448411941528,,
1700496712574-1-6-1-2-3,Happiness,CheekRaiserR,0.5346159338951111,14.0,0.5346159338951111,14,18,0.9999999403953552,,
1700496726497-1-6-1-8-3,Happiness,CheekRaiserR,0.031117737293243408,5.0,0.031117737293243408,5,29,0.998123824596405,,
1700496924776-1-6-3-4-3,Happiness,CheekRaiserR,0.39052137732505804,9.0,0.39052137732505804,9,28,0.9503523707389832,,
1700496938747-1-6-3-11-3,Happiness,CheekRaiserR,0.1009343266487121,21.0,0.1009343266487121,21,27,0.6285902261734009,,
1700496951478-1-6-3-17-3,Happiness,CheekRaiserR,0.2986230254173279,2.0,0.2986230254173279,2,5,0.9999999403953552,,
1700497109218-1-6-4-11-3,Happiness,CheekRaiserR,0.10776668787002569,14.0,0.10776668787002569,14,27,0.5981423854827881,,
1700497131969-1-6-4-24-3,Happiness,CheekRaiserR,0.17208351194858548,5.0,0.17208351194858548,5,25,0.4807041883468628,,
1700567693686-2-8-1-2-3,Happiness,CheekRaiserR,0.05997473001480101,20.0,0.05997473001480101,20,30,0.2175178229808807,,
1700567702985-2-8-1-6-3,Happiness,CheekRaiserR,0.0477780299261212,9.0,0.0477780299261212,9,23,0.165343552827835,,
1700567708570-2-8-1-8-3,Happiness,CheekRaiserR,0.09415477514266968,26.0,0.09415477514266968,26,27,0.3147366940975189,,
1700568086128-2-8-4-6-3,Happiness,CheekRaiserR,0.053761407732963507,25.0,0.053761407732963507,25,29,0.211402028799057,,
1700568095008-2-8-4-11-3,Happiness,CheekRaiserR,0.0676712989807129,12.0,0.0676712989807129,12,17,0.2322261184453964,,
1700568118260-2-8-4-24-3,Happiness,CheekRaiserR,0.08335058391094208,6.0,0.08335058391094208,6,29,0.2312008887529373,,
1700570981390-1-9-1-6-3,Happiness,CheekRaiserR,0.12871766090393066,6.0,0.12871766090393066,6,29,0.877210259437561,,
1700571173468-1-9-3-4-3,Happiness,CheekRaiserR,0.39476719498634344,21.0,0.39476719498634344,21,27,0.6778363585472107,,
1700571187794-1-9-3-11-3,Happiness,CheekRaiserR,0.20130151510238653,21.0,0.20130151510238653,21,29,0.6127500534057617,,
1700571358608-1-9-4-6-3,Happiness,CheekRaiserR,0.04942089319229126,27.0,0.04942089319229126,27,29,0.743823230266571,,
1700571367301-1-9-4-11-3,Happiness,CheekRaiserR,0.1395624876022339,14.0,0.1395624876022339,14,29,0.3858501017093658,,
1700571370738-1-9-4-13-3,Happiness,CheekRaiserR,0.1256516501307488,7.0,0.1256516501307488,7,15,0.5106744170188904,,
1700571390048-1-9-4-24-3,Happiness,CheekRaiserR,0.054711364209651905,9.0,0.054711364209651905,9,27,0.258442610502243,,
1700577644246-2-10-1-2-3,Happiness,CheekRaiserR,0.15628713369369512,8.0,0.15628713369369512,8,27,0.6760159730911255,,
1700577653948-2-10-1-6-3,Happiness,CheekRaiserR,0.11544647812843317,18.0,0.11544647812843317,18,24,0.6985791325569153,,
1700577659103-2-10-1-8-3,Happiness,CheekRaiserR,0.16679301857948303,12.0,0.16679301857948303,12,30,0.768917441368103,,
1700577847201-2-10-3-4-3,Happiness,CheekRaiserR,0.2219779193401336,15.0,0.2219779193401336,15,30,0.7585269212722778,,
1700578017539-2-10-4-6-3,Happiness,CheekRaiserR,0.3860885947942735,11.0,0.3860885947942735,11,25,0.7950998544692993,,
1700578026276-2-10-4-11-3,Happiness,CheekRaiserR,0.18916928768157965,20.0,0.18916928768157965,20,29,0.7604131102561951,,
1700578029507-2-10-4-13-3,Happiness,CheekRaiserR,0.07976284623146057,2.0,0.07976284623146057,2,26,0.7406125068664551,,
1700580283368-0-11-1-2-3,Happiness,CheekRaiserR,0.2030669152736664,23.0,0.2030669152736664,23,30,0.8352295756340027,,
1700580293340-0-11-1-6-3,Happiness,CheekRaiserR,0.05057460814714439,2.0,0.05057460814714439,2,14,0.186927855014801,,
1700580297765-0-11-1-8-3,Happiness,CheekRaiserR,0.10282340645790101,12.0,0.10282340645790101,12,30,0.5590541362762451,,
1700580491541-0-11-3-4-3,Happiness,CheekRaiserR,0.0763370916247368,16.0,0.0763370916247368,16,20,0.2597029507160187,,
1700580505437-0-11-3-11-3,Happiness,CheekRaiserR,0.365044005215168,23.0,0.365044005215168,23,28,0.808989405632019,,
1700580518439-0-11-3-17-3,Happiness,CheekRaiserR,0.33454575017094607,26.0,0.33454575017094607,26,29,0.720930814743042,,
1700580676935-0-11-4-6-3,Happiness,CheekRaiserR,0.1321142092347145,13.0,0.1321142092347145,13,27,0.4939501583576202,,
1700580686765-0-11-4-11-3,Happiness,CheekRaiserR,0.1397804538719356,27.0,0.1397804538719356,27,30,0.3216297030448913,,
1700580690290-0-11-4-13-3,Happiness,CheekRaiserR,0.1674754917621613,9.0,0.25551354885101324,29,18,0.8511538505554199,,
1700580709019-0-11-4-24-3,Happiness,CheekRaiserR,0.3093565702438355,18.0,0.3093565702438355,18,23,0.7870506048202515,,
1700581970470-0-12-1-2-3,Happiness,CheekRaiserR,0.13306514918804171,10.0,0.18485981225967413,23,17,0.7697010040283203,,
1700581981147-0-12-1-6-3,Happiness,CheekRaiserR,0.03558853268623349,6.0,0.03623057901859281,15,11,0.2494152039289474,,
1700581986437-0-12-1-8-3,Happiness,CheekRaiserR,0.0706925466656684,20.0,0.0706925466656684,20,30,0.1926802545785904,,
1700582167043-0-12-3-4-3,Happiness,CheekRaiserR,0.0657738745212555,24.0,0.0657738745212555,24,9,0.4111938178539276,,
1700582192675-0-12-3-17-3,Happiness,CheekRaiserR,0.0927615761756897,4.0,0.16754925251007086,13,9,0.7591474056243896,,
1700582337973-0-12-4-6-3,Happiness,CheekRaiserR,0.2654222697019577,24.0,0.2654222697019577,24,27,0.7985344529151917,,
1700582346757-0-12-4-11-3,Happiness,CheekRaiserR,0.0418026149272919,25.0,0.0418026149272919,25,29,0.2332985997200012,,
1700582349697-0-12-4-13-3,Happiness,CheekRaiserR,0.07308077812194824,20.0,0.11270540952682495,3,1,0.6091706156730652,,
1700582369367-0-12-4-24-3,Happiness,CheekRaiserR,0.06582319736480707,21.0,0.06582319736480707,21,25,0.4183012545108795,,
1700583813812-2-13-1-6-3,Happiness,CheekRaiserR,0.03570657968521118,20.0,0.03570657968521118,20,27,0.795743465423584,,
1700584007863-2-13-3-4-3,Happiness,CheekRaiserR,0.12921312451362615,18.0,0.12921312451362615,18,23,0.8071549534797668,,
1700584022622-2-13-3-11-3,Happiness,CheekRaiserR,0.09170112013816833,28.0,0.09170112013816833,28,29,0.574665904045105,,
1700584034051-2-13-3-17-3,Happiness,CheekRaiserR,0.2398155927658081,18.0,0.2398155927658081,18,24,0.7436843514442444,,
1700584212931-2-13-4-6-3,Happiness,CheekRaiserR,0.1325459480285645,9.0,0.1325459480285645,9,23,0.8216524124145508,,
1700584221354-2-13-4-11-3,Happiness,CheekRaiserR,0.18737739324569708,17.0,0.21800071001052856,30,22,0.890485405921936,,
1700584244435-2-13-4-24-3,Happiness,CheekRaiserR,0.0934909880161286,13.0,0.0934909880161286,13,20,0.630068838596344,,
1700745038103-1-14-1-6-3,Happiness,CheekRaiserR,0.1462207734584809,23.0,0.1462207734584809,23,27,0.4346219301223755,,
1700745244540-1-14-3-11-3,Happiness,CheekRaiserR,0.20041733980178833,21.0,0.20041733980178833,21,22,0.4440239369869232,,
1700745256570-1-14-3-17-3,Happiness,CheekRaiserR,0.1917801313102246,24.0,0.1917801313102246,24,29,0.5480694770812988,,
1700745403916-1-14-4-6-3,Happiness,CheekRaiserR,0.0644115060567855,17.0,0.0644115060567855,17,23,0.2844849228858948,,
1700745412966-1-14-4-11-3,Happiness,CheekRaiserR,0.09392601996660231,22.0,0.09392601996660231,22,25,0.2755307555198669,,
1700745416289-1-14-4-13-3,Happiness,CheekRaiserR,0.091649629175663,17.0,0.1400277018547058,10,28,0.5450723767280579,,
1700745435771-1-14-4-24-3,Happiness,CheekRaiserR,0.029456280171871206,22.0,0.0302271991968155,11,24,0.1277425438165664,,
1700747149418-2-15-1-2-3,Happiness,CheekRaiserR,0.11476475745439531,12.0,0.11476475745439531,12,17,0.4435864090919494,,
1700747159259-2-15-1-6-3,Happiness,CheekRaiserR,0.0724908486008644,20.0,0.0724908486008644,20,24,0.3406824171543121,,
1700747164257-2-15-1-8-3,Happiness,CheekRaiserR,0.09786738082766541,18.0,0.09786738082766541,18,29,0.4560607671737671,,
1700747368098-2-15-3-11-3,Happiness,CheekRaiserR,0.1577900052070617,16.0,0.18740075826644903,7,4,0.7557596564292908,,
1700747380059-2-15-3-17-3,Happiness,CheekRaiserR,0.2775134891271591,11.0,0.2775134891271591,11,13,0.723182737827301,,
1700747523299-2-15-4-6-3,Happiness,CheekRaiserR,1.3649463653564453e-05,2.0,1.3649463653564453e-05,2,3,1.0,,
1700747535828-2-15-4-13-3,Happiness,CheekRaiserR,0.012882322072982788,5.0,0.017470091581344604,29,7,0.2848038375377655,,
1700748615383-0-16-1-6-3,Happiness,CheekRaiserR,0.030201047658920316,3.0,0.030201047658920316,3,25,0.3410104811191559,,
1700748619561-0-16-1-8-3,Happiness,CheekRaiserR,0.04171285033226009,13.0,0.04171285033226009,13,30,0.2181111425161361,,
1700748808258-0-16-3-4-3,Happiness,CheekRaiserR,0.11697033047676081,5.0,0.11697033047676081,5,22,0.4385878443717956,,
1700748834625-0-16-3-17-3,Happiness,CheekRaiserR,0.053889073431491796,12.0,0.053889073431491796,12,30,0.3258528113365173,,
1700748982693-0-16-4-6-3,Happiness,CheekRaiserR,0.02613365650177002,6.0,0.02613365650177002,6,19,0.3791957795619964,,
1700753815635-0-17-1-2-3,Happiness,CheekRaiserR,0.2695736438035965,12.0,0.2695736438035965,12,30,0.5642735958099365,,
1700753825738-0-17-1-6-3,Happiness,CheekRaiserR,0.1453247964382172,21.0,0.1453247964382172,21,26,0.5201501846313477,,
1700753830627-0-17-1-8-3,Happiness,CheekRaiserR,0.18216446787118917,19.0,0.18216446787118917,19,23,0.6562387347221375,,
1700754015427-0-17-3-4-3,Happiness,CheekRaiserR,0.15605457127094277,22.0,0.15605457127094277,22,27,0.4834832549095154,,
1700754030029-0-17-3-11-3,Happiness,CheekRaiserR,0.1024211049079895,27.0,0.1024211049079895,27,30,0.4037541449069977,,
1700754041283-0-17-3-17-3,Happiness,CheekRaiserR,0.06633184850215909,15.0,0.06633184850215909,15,18,0.2596429586410522,,
1700754188596-0-17-4-6-3,Happiness,CheekRaiserR,0.1217017993330956,23.0,0.1217017993330956,23,27,0.2445054799318313,,
1700754197592-0-17-4-11-3,Happiness,CheekRaiserR,0.1637518405914306,12.0,0.1637518405914306,12,20,0.3637161552906036,,
1700754201057-0-17-4-13-3,Happiness,CheekRaiserR,0.0979270488023758,14.0,0.0979270488023758,14,20,0.3402035236358642,,
1700754220466-0-17-4-24-3,Happiness,CheekRaiserR,0.06876134872436529,24.0,0.06876134872436529,24,24,0.2544659972190857,,
1700756278030-2-18-1-2-3,Happiness,CheekRaiserR,0.21501529216766357,16.0,0.21501529216766357,16,28,0.652845025062561,,
1700756292963-2-18-1-8-3,Happiness,CheekRaiserR,0.12751901149749761,18.0,0.12751901149749761,18,30,0.7684748768806458,,
1700756490593-2-18-3-4-3,Happiness,CheekRaiserR,0.2928388416767121,6.0,0.2928388416767121,6,27,0.733291745185852,,
1700756505088-2-18-3-11-3,Happiness,CheekRaiserR,0.017312288284301758,23.0,0.16096442937850952,8,1,0.9169747829437256,,
1700756516990-2-18-3-17-3,Happiness,CheekRaiserR,0.2428723573684692,9.0,0.2428723573684692,9,24,0.9016616344451904,,
1700756727000-2-18-4-13-3,Happiness,CheekRaiserR,0.3113173842430115,3.0,0.3113173842430115,3,17,0.9274253845214844,,
1700756746478-2-18-4-24-3,Happiness,CheekRaiserR,0.2642681896686554,4.0,0.2642681896686554,4,16,0.8786634206771851,,
1700824364321-0-19-1-2-3,Happiness,CheekRaiserR,0.12131211161613473,17.0,0.12131211161613473,17,23,0.4562967419624328,,
1700824373977-0-19-1-6-3,Happiness,CheekRaiserR,0.1126429014839232,14.0,0.1126429014839232,14,25,0.2474643588066101,,
1700824379019-0-19-1-8-3,Happiness,CheekRaiserR,0.23298645019531253,22.0,0.23298645019531253,22,27,0.4998122155666351,,
1700824560735-0-19-3-4-3,Happiness,CheekRaiserR,0.09471824765205389,20.0,0.09471824765205389,20,24,0.4542064070701599,,
1700824574500-0-19-3-11-3,Happiness,CheekRaiserR,0.0786466896533966,15.0,0.0786466896533966,15,18,0.2496171742677688,,
1700824586999-0-19-3-17-3,Happiness,CheekRaiserR,0.0554304588586092,16.0,0.0554304588586092,16,20,0.0922124683856964,,
1700824749953-0-19-4-6-3,Happiness,CheekRaiserR,0.1602823212742806,21.0,0.1602823212742806,21,27,0.3620119988918304,,
1700824758611-0-19-4-11-3,Happiness,CheekRaiserR,0.1022436842322349,18.0,0.1022436842322349,18,21,0.2118444442749023,,
1700824761953-0-19-4-13-3,Happiness,CheekRaiserR,0.3440645933151246,16.0,0.3440645933151246,16,22,0.5622501373291016,,
1700824781306-0-19-4-24-3,Happiness,CheekRaiserR,0.057101078331470406,23.0,0.0645097568631172,28,23,0.1818564683198928,,
1700825727753-0-20-1-2-3,Happiness,CheekRaiserR,0.24214081466197968,18.0,0.24214081466197968,18,22,0.7710224390029907,,
1700825737631-0-20-1-6-3,Happiness,CheekRaiserR,0.299635898321867,19.0,0.299635898321867,19,30,0.7324370741844177,,
1700825742948-0-20-1-8-3,Happiness,CheekRaiserR,0.1256449818611145,27.0,0.1256449818611145,27,28,0.5177646279335022,,
1700825928719-0-20-3-4-3,Happiness,CheekRaiserR,0.0,,0.04339665174484275,30,1,1.0,,
1700825942878-0-20-3-11-3,Happiness,CheekRaiserR,0.5962062031030655,10.0,0.5962062031030655,10,22,0.6933318376541138,,
1700825954513-0-20-3-17-3,Happiness,CheekRaiserR,0.19499719142913818,4.0,0.19499719142913818,4,11,1.0,,
1700826100390-0-20-4-6-3,Happiness,CheekRaiserR,0.2210358530282974,15.0,0.2210358530282974,15,26,0.6930417418479919,,
1700826109535-0-20-4-11-3,Happiness,CheekRaiserR,0.22738768160343173,10.0,0.22738768160343173,10,29,0.7062006592750549,,
1700826112906-0-20-4-13-3,Happiness,CheekRaiserR,0.3903382392600179,17.0,0.3903382392600179,17,30,0.7334275245666504,,
1700826132330-0-20-4-24-3,Happiness,CheekRaiserR,0.1552264913916588,9.0,0.1552264913916588,9,29,0.5839094519615173,,
1700827573138-0-21-1-2-3,Happiness,CheekRaiserR,0.06756705045700079,2.0,0.14730232954025274,27,11,0.4995604157447815,,
1700827583373-0-21-1-6-3,Happiness,CheekRaiserR,0.028883337974548395,22.0,0.028883337974548395,22,28,0.4171271622180938,,
1700827588343-0-21-1-8-3,Happiness,CheekRaiserR,0.09135782718658453,7.0,0.09135782718658453,7,20,0.4997768998146057,,
1700827797519-0-21-3-4-3,Happiness,CheekRaiserR,0.08717824518680581,21.0,0.08717824518680581,21,29,0.4708459079265594,,
1700827811945-0-21-3-11-3,Happiness,CheekRaiserR,0.049316748976707486,3.0,0.049316748976707486,3,22,0.5104238986968994,,
1700827824071-0-21-3-17-3,Happiness,CheekRaiserR,0.13271805644035342,17.0,0.13271805644035342,17,30,0.4812215566635132,,
1700827978518-0-21-4-6-3,Happiness,CheekRaiserR,0.1672267615795136,9.0,0.1672267615795136,9,15,0.5867311358451843,,
1700827987637-0-21-4-11-3,Happiness,CheekRaiserR,0.1821762546896934,8.0,0.1821762546896934,8,19,0.4722778797149658,,
1700827991208-0-21-4-13-3,Happiness,CheekRaiserR,0.139902114868164,16.0,0.139902114868164,16,18,0.3791570663452148,,
1700828010479-0-21-4-24-3,Happiness,CheekRaiserR,0.165690191090107,23.0,0.165690191090107,23,29,0.4835056066513061,,
1700829950699-0-22-1-2-3,Happiness,CheekRaiserR,0.04829059541225439,22.0,0.04829059541225439,22,29,0.2766332328319549,,
1700829960945-0-22-1-6-3,Happiness,CheekRaiserR,0.13560476899147042,18.0,0.13560476899147042,18,24,0.4826031327247619,,
1700829966413-0-22-1-8-3,Happiness,CheekRaiserR,0.10687807202339178,2.0,0.10687807202339178,2,25,0.6645166873931885,,
1700830151296-0-22-3-4-3,Happiness,CheekRaiserR,0.10216881334781647,20.0,0.10216881334781647,20,30,0.5203856229782104,,
1700830165492-0-22-3-11-3,Happiness,CheekRaiserR,0.2610194981098175,17.0,0.2610194981098175,17,20,0.6681633591651917,,
1700830177822-0-22-3-17-3,Happiness,CheekRaiserR,0.03170431405305871,15.0,0.03170431405305871,15,22,0.1193755939602851,,
1700830340495-0-22-4-6-3,Happiness,CheekRaiserR,0.08005291223526001,2.0,0.08206333220005038,14,3,0.3774096369743347,,
1700830348817-0-22-4-11-3,Happiness,CheekRaiserR,0.2834450788795948,17.0,0.2834450788795948,17,30,0.7605852484703064,,
1700830371971-0-22-4-24-3,Happiness,CheekRaiserR,0.06781193614006048,24.0,0.06781193614006048,24,24,0.4056452810764313,,
1701085399209-2-23-1-2-3,Happiness,CheekRaiserR,0.2021404504776001,5.0,0.2021404504776001,5,13,0.6929907202720642,,
1701085409026-2-23-1-6-3,Happiness,CheekRaiserR,0.1486798226833343,20.0,0.1486798226833343,20,29,0.6012248992919922,,
1701085611540-2-23-3-4-3,Happiness,CheekRaiserR,0.1084967851638794,6.0,0.1084967851638794,6,6,0.6321110725402832,,
1701085625896-2-23-3-11-3,Happiness,CheekRaiserR,0.026163816452026367,19.0,0.08614838123321533,30,17,0.6677530407905579,,
1701085793939-2-23-4-6-3,Happiness,CheekRaiserR,0.1758295744657516,2.0,0.1758295744657516,2,28,0.5570850372314453,,
1701085802372-2-23-4-11-3,Happiness,CheekRaiserR,0.1850142478942871,20.0,0.1850142478942871,20,30,0.6552841067314148,,
1701085805933-2-23-4-13-3,Happiness,CheekRaiserR,0.05486968159675598,16.0,0.05486968159675598,16,30,0.6410422921180725,,
1701087200709-0-24-1-2-3,Happiness,CheekRaiserR,0.24276065826416016,5.0,0.292365849018097,28,10,0.6780502796173096,,
1701087210632-0-24-1-6-3,Happiness,CheekRaiserR,0.2391902506351471,12.0,0.2391902506351471,12,14,0.6276498436927795,,
1701087215061-0-24-1-8-3,Happiness,CheekRaiserR,0.035919010639190674,26.0,0.035919010639190674,26,29,0.5782247185707092,,
1701087405297-0-24-3-4-3,Happiness,CheekRaiserR,0.022233784198760986,17.0,0.06516087055206299,25,19,0.5861067771911621,,
1701087419458-0-24-3-11-3,Happiness,CheekRaiserR,0.023785829544067383,13.0,0.2244756370782853,29,13,0.5962263345718384,,
1701087431810-0-24-3-17-3,Happiness,CheekRaiserR,0.008846640586853027,8.0,0.2336706221103669,29,13,0.5750160217285156,,
1701087606104-0-24-4-6-3,Happiness,CheekRaiserR,0.04599809646606445,3.0,0.11155775189399719,30,8,0.5758640766143799,,
1701087614475-0-24-4-11-3,Happiness,CheekRaiserR,0.3141862154006958,14.0,0.3141862154006958,14,17,0.5649780631065369,,
1701087618852-0-24-4-13-3,Happiness,CheekRaiserR,0.01887989044189453,6.0,0.1493774950504303,29,20,0.6546749472618103,,
1701087638139-0-24-4-24-3,Happiness,CheekRaiserR,0.28526237607002264,2.0,0.28526237607002264,2,18,0.6356967091560364,,
1701090900762-0-25-1-2-3,Happiness,CheekRaiserR,0.29792381823062897,6.0,0.29792381823062897,6,12,0.7224606871604919,,
1701090910740-0-25-1-6-3,Happiness,CheekRaiserR,0.08137267827987671,23.0,0.08137267827987671,23,24,0.2558129727840423,,
1701090915636-0-25-1-8-3,Happiness,CheekRaiserR,0.05562740564346309,21.0,0.05562740564346309,21,28,0.2315116375684738,,
1701091107905-0-25-3-4-3,Happiness,CheekRaiserR,0.23962891101837158,20.0,0.23962891101837158,20,22,0.5370028018951416,,
1701091122339-0-25-3-11-3,Happiness,CheekRaiserR,0.0789200514554978,23.0,0.0789200514554978,23,28,0.3901762068271637,,
1701091135134-0-25-3-17-3,Happiness,CheekRaiserR,0.0625118613243103,17.0,0.07618957757949829,13,1,0.825905442237854,,
1701091291841-0-25-4-6-3,Happiness,CheekRaiserR,0.022830583155155196,4.0,0.0236359350383282,30,4,0.1225727498531341,,
1701091300109-0-25-4-11-3,Happiness,CheekRaiserR,0.0412337779998779,21.0,0.0412337779998779,21,23,0.2091569453477859,,
1701091304058-0-25-4-13-3,Happiness,CheekRaiserR,0.22170808911323547,21.0,0.22170808911323547,21,28,0.9290088415145874,,
1701091323219-0-25-4-24-3,Happiness,CheekRaiserR,0.013994686305522905,6.0,0.0273203626275062,24,14,0.1450849771499633,,
1701092566237-0-26-1-2-3,Happiness,CheekRaiserR,0.15767902135849,23.0,0.15767902135849,23,29,0.5367294549942017,,
1701092576554-0-26-1-6-3,Happiness,CheekRaiserR,0.2817572131752968,8.0,0.2817572131752968,8,12,0.5632639527320862,,
1701092581548-0-26-1-8-3,Happiness,CheekRaiserR,0.23856128007173538,14.0,0.23856128007173538,14,22,0.5466256737709045,,
1701092769963-0-26-3-4-3,Happiness,CheekRaiserR,0.23760107159614569,2.0,0.23760107159614569,2,3,0.6000658869743347,,
1701092785055-0-26-3-11-3,Happiness,CheekRaiserR,0.27123116329312325,18.0,0.27123116329312325,18,25,0.4827693700790405,,
1701092797053-0-26-3-17-3,Happiness,CheekRaiserR,0.036588072776794434,17.0,0.0404044389724732,9,7,0.5387873649597168,,
1701092957476-0-26-4-6-3,Happiness,CheekRaiserR,0.02187478542327881,4.0,0.02384883165359497,29,6,0.5649860501289368,,
1701092966570-0-26-4-11-3,Happiness,CheekRaiserR,0.1691277027130127,20.0,0.1691277027130127,20,30,0.454720675945282,,
1701092970479-0-26-4-13-3,Happiness,CheekRaiserR,0.13673275709152222,16.0,0.13673275709152222,16,21,0.5362958908081055,,
1701092989427-0-26-4-24-3,Happiness,CheekRaiserR,0.1235869852825999,17.0,0.1235869852825999,17,30,0.5092028379440308,,
1701094443379-2-27-1-2-3,Happiness,CheekRaiserR,0.2622194290161133,8.0,0.2622194290161133,8,13,0.91652512550354,,
1701094458007-2-27-1-8-3,Happiness,CheekRaiserR,0.061801373958587646,2.0,0.061801373958587646,2,3,0.916954755783081,,
1701094686349-2-27-3-17-3,Happiness,CheekRaiserR,0.4638993442058563,17.0,0.4638993442058563,17,19,0.914664387702942,,
1701094830423-2-27-4-6-3,Happiness,CheekRaiserR,0.026032119989395086,22.0,0.043768167495727595,9,2,0.5346922278404236,,
1701094839307-2-27-4-11-3,Happiness,CheekRaiserR,0.16514630615711207,11.0,0.16514630615711207,11,28,0.5372307300567627,,
1701094842669-2-27-4-13-3,Happiness,CheekRaiserR,0.014410793781280518,28.0,0.05137968063354492,26,1,0.761549711227417,,
1701094862346-2-27-4-24-3,Happiness,CheekRaiserR,0.126631110906601,8.0,0.15766042470932012,28,19,0.5995908975601196,,
1701170406317-0-28-1-2-3,Happiness,CheekRaiserR,0.03384007513523099,20.0,0.03384007513523099,20,20,0.1755699962377548,,
1701170416342-0-28-1-6-3,Happiness,CheekRaiserR,0.037768691778183,15.0,0.037768691778183,15,27,0.1427511721849441,,
1701170421094-0-28-1-8-3,Happiness,CheekRaiserR,0.023752562701702097,18.0,0.023752562701702097,18,28,0.1438523977994918,,
1701170606531-0-28-3-4-3,Happiness,CheekRaiserR,0.0494402125477791,22.0,0.0494402125477791,22,28,0.1820285618305206,,
1701170620860-0-28-3-11-3,Happiness,CheekRaiserR,0.1375725492835045,16.0,0.1375725492835045,16,16,0.2106625139713287,,
1701170632817-0-28-3-17-3,Happiness,CheekRaiserR,0.034253943711519304,13.0,0.034253943711519304,13,25,0.115682452917099,,
1701170775743-0-28-4-6-3,Happiness,CheekRaiserR,0.021974571049213402,9.0,0.021974571049213402,9,24,0.1242517232894897,,
1701170784833-0-28-4-11-3,Happiness,CheekRaiserR,0.029933959245681804,17.0,0.029933959245681804,17,17,0.1020267307758331,,
1701170788149-0-28-4-13-3,Happiness,CheekRaiserR,0.0704893544316292,5.0,0.0704893544316292,5,5,0.1564112454652786,,
1701170807440-0-28-4-24-3,Happiness,CheekRaiserR,0.0417865961790085,19.0,0.0417865961790085,19,26,0.1430279165506363,,
1701175856081-1-29-1-2-3,Happiness,CheekRaiserR,0.1459326148033142,10.0,0.1459326148033142,10,20,1.0,,
1701175866954-1-29-1-6-3,Happiness,CheekRaiserR,0.1321764588356018,3.0,0.1321764588356018,3,24,0.5979669094085693,,
1701175871777-1-29-1-8-3,Happiness,CheekRaiserR,0.13360244035720825,9.0,0.13360244035720825,9,27,0.999682068824768,,
1701176096361-1-29-3-17-3,Happiness,CheekRaiserR,0.35124456882476807,10.0,0.35124456882476807,10,29,1.0,,
1701176253903-1-29-4-6-3,Happiness,CheekRaiserR,0.2578144073486328,6.0,0.2578144073486328,6,20,1.0,,
1701176266194-1-29-4-13-3,Happiness,CheekRaiserR,0.10680255293846136,8.0,0.10680255293846136,8,22,0.8909813165664673,,
1701176285711-1-29-4-24-3,Happiness,CheekRaiserR,0.037901461124420166,12.0,0.037901461124420166,12,30,0.6507063508033752,,
1701177603091-0-30-1-2-3,Happiness,CheekRaiserR,0.44703978300094604,7.0,0.44703978300094604,7,12,1.0,,
1701177613122-0-30-1-6-3,Happiness,CheekRaiserR,0.040143992751836804,16.0,0.040143992751836804,16,30,0.153343066573143,,
1701177618243-0-30-1-8-3,Happiness,CheekRaiserR,0.11895102262496948,27.0,0.11895102262496948,27,28,0.7304936647415161,,
1701177808761-0-30-3-4-3,Happiness,CheekRaiserR,0.11852455139160156,3.0,0.19669309258461004,28,20,0.8342875242233276,,
1701177823102-0-30-3-11-3,Happiness,CheekRaiserR,0.2052786946296692,27.0,0.2052786946296692,27,27,0.7155083417892456,,
1701177834428-0-30-3-17-3,Happiness,CheekRaiserR,0.16796386241912842,19.0,0.16796386241912842,19,28,0.9016187787055968,,
1701178069847-0-30-4-6-3,Happiness,CheekRaiserR,0.19614985585212708,2.0,0.19614985585212708,2,9,0.8240019679069519,,
1701178078591-0-30-4-11-3,Happiness,CheekRaiserR,0.22435475140810018,20.0,0.22435475140810018,20,23,0.4997152984142303,,
1701178082268-0-30-4-13-3,Happiness,CheekRaiserR,0.13225403428077703,6.0,0.13225403428077703,6,27,1.0,,
1701178101198-0-30-4-24-3,Happiness,CheekRaiserR,0.17766999453306198,16.0,0.17766999453306198,16,23,0.4454027414321899,,
1701187983622-0-31-1-2-3,Happiness,CheekRaiserR,0.4900146126747132,15.0,0.4900146126747132,15,20,1.0,,
1701187993857-0-31-1-6-3,Happiness,CheekRaiserR,0.11570391058921808,8.0,0.17085120081901556,30,20,0.6650922894477844,,
1701187998863-0-31-1-8-3,Happiness,CheekRaiserR,0.19250711798667908,9.0,0.19250711798667908,9,26,0.9501438736915588,,
1701188192146-0-31-3-4-3,Happiness,CheekRaiserR,0.43883851170539856,3.0,0.43883851170539856,3,10,1.0,,
1701188205706-0-31-3-11-3,Happiness,CheekRaiserR,0.20136272907257086,8.0,0.20136272907257086,8,26,0.6136065721511841,,
1701188218206-0-31-3-17-3,Happiness,CheekRaiserR,0.2699264287948609,7.0,0.2699264287948609,7,13,1.0,,
1701188362869-0-31-4-6-3,Happiness,CheekRaiserR,0.35571411252021795,4.0,0.552320197224617,30,8,0.982837975025177,,
1701188372439-0-31-4-11-3,Happiness,CheekRaiserR,0.05484840273857117,4.0,0.18760639429092413,29,25,0.5672199726104736,,
1701188375722-0-31-4-13-3,Happiness,CheekRaiserR,0.141490489244461,5.0,0.141490489244461,5,25,0.8094373345375061,,
1701188394426-0-31-4-24-3,Happiness,CheekRaiserR,0.1830492913722992,16.0,0.1830492913722992,16,20,0.4997362196445465,,
1701346703651-1-32-1-2-3,Happiness,CheekRaiserR,0.1325873732566834,9.0,0.1325873732566834,9,14,0.5750714540481567,,
1701346713430-1-32-1-6-3,Happiness,CheekRaiserR,0.10353988409042358,17.0,0.1489948034286499,27,23,0.6361347436904907,,
1701346719137-1-32-1-8-3,Happiness,CheekRaiserR,0.3923105821013451,3.0,0.3923105821013451,3,3,0.5145696997642517,,
1701346921333-1-32-3-4-3,Happiness,CheekRaiserR,0.170744925737381,24.0,0.170744925737381,24,25,0.4529524743556976,,
1701346935701-1-32-3-11-3,Happiness,CheekRaiserR,0.15202938020229337,18.0,0.15202938020229337,18,22,0.4986922144889831,,
1701347170578-1-32-4-6-3,Happiness,CheekRaiserR,0.22910130023956304,21.0,0.22910130023956304,21,25,0.6133101582527161,,
1701347183087-1-32-4-13-3,Happiness,CheekRaiserR,0.1038931608200073,17.0,0.1038931608200073,17,29,0.4176373481750488,,
1701350205989-0-33-1-2-3,Happiness,CheekRaiserR,0.022947490215301514,26.0,0.022947490215301514,26,15,0.7027596831321716,,
1701350215835-0-33-1-6-3,Happiness,CheekRaiserR,0.02610933780670166,5.0,0.17987269163131714,2,1,0.7945535778999329,,
1701350220726-0-33-1-8-3,Happiness,CheekRaiserR,0.20281079411506658,7.0,0.20281079411506658,7,23,0.5020913481712341,,
1701350414565-0-33-3-4-3,Happiness,CheekRaiserR,0.04151332378387451,2.0,0.05817568302154541,3,2,0.6281094551086426,,
1701350428721-0-33-3-11-3,Happiness,CheekRaiserR,0.1000819206237793,3.0,0.1000819206237793,3,4,0.7198526859283447,,
1701350440026-0-33-3-17-3,Happiness,CheekRaiserR,0.29887956380844116,20.0,0.29887956380844116,20,23,0.6010197997093201,,
1701350607639-0-33-4-6-3,Happiness,CheekRaiserR,0.03270512819290161,2.0,0.03270512819290161,2,2,0.6054942011833191,,
1701350616112-0-33-4-11-3,Happiness,CheekRaiserR,0.1332075148820877,17.0,0.1332075148820877,17,30,0.5593529939651489,,
1701350619988-0-33-4-13-3,Happiness,CheekRaiserR,0.06356510519981379,12.0,0.06356510519981379,12,24,0.5169311761856079,,
1701350639091-0-33-4-24-3,Happiness,CheekRaiserR,0.25515300035476685,20.0,0.25515300035476685,20,21,0.6001916527748108,,
1701357355094-0-34-1-2-3,Happiness,CheekRaiserR,0.09188216924667358,12.0,0.09188216924667358,12,18,0.5867438912391663,,
1701357364564-0-34-1-6-3,Happiness,CheekRaiserR,0.0822852030396461,21.0,0.0822852030396461,21,25,0.3258061110973358,,
1701357370719-0-34-1-8-3,Happiness,CheekRaiserR,0.026532232761383057,19.0,0.06940716505050659,27,5,0.9017436504364014,,
1701357572514-0-34-3-4-3,Happiness,CheekRaiserR,0.09200474619865423,2.0,0.09200474619865423,2,8,0.5097349882125854,,
1701357586980-0-34-3-11-3,Happiness,CheekRaiserR,0.15468719601631167,9.0,0.15468719601631167,9,20,0.6904985904693604,,
1701357598871-0-34-3-17-3,Happiness,CheekRaiserR,0.28832972049713135,6.0,0.31309992074966436,29,12,0.8486191630363464,,
1701357755832-0-34-4-6-3,Happiness,CheekRaiserR,0.03902214765548706,24.0,0.03902214765548706,24,1,0.864307165145874,,
1701357764370-0-34-4-11-3,Happiness,CheekRaiserR,0.2328217625617981,18.0,0.2328217625617981,18,19,0.9014673829078674,,
1701357768034-0-34-4-13-3,Happiness,CheekRaiserR,0.37795758619904524,13.0,0.37795758619904524,13,25,0.8504656553268433,,
1701357787473-0-34-4-24-3,Happiness,CheekRaiserR,0.11247602105140686,27.0,0.11247602105140686,27,29,0.5358015298843384,,
1701429268173-0-35-1-2-3,Happiness,CheekRaiserR,0.05308941006660456,12.0,0.05308941006660456,12,19,0.3794291913509369,,
1701429278152-0-35-1-6-3,Happiness,CheekRaiserR,0.016570538282394354,10.0,0.030472517013549805,13,11,0.4149341285228729,,
1701429283682-0-35-1-8-3,Happiness,CheekRaiserR,0.04114170372486109,27.0,0.04114170372486109,27,8,0.2793009877204895,,
1701429457562-0-35-3-4-3,Happiness,CheekRaiserR,0.10372130572795871,10.0,0.10372130572795871,10,13,0.3882668614387512,,
1701429471531-0-35-3-11-3,Happiness,CheekRaiserR,0.012382633984088898,10.0,0.06183461844921112,4,1,0.2587753534317016,,
1701429484024-0-35-3-17-3,Happiness,CheekRaiserR,0.015138536691665594,12.0,0.0906804203987121,29,4,0.3802932798862457,,
1701429621361-0-35-4-6-3,Happiness,CheekRaiserR,0.0386576056480408,2.0,0.14142751693725591,29,16,0.3552875816822052,,
1701429629873-0-35-4-11-3,Happiness,CheekRaiserR,0.1208129040896892,21.0,0.1208129040896892,21,24,0.3137531876564026,,
1701429633191-0-35-4-13-3,Happiness,CheekRaiserR,0.0543032214045525,14.0,0.0543032214045525,14,26,0.3621769547462463,,
1701429652594-0-35-4-24-3,Happiness,CheekRaiserR,0.053726851940155,19.0,0.053726851940155,19,29,0.2959299087524414,,
1701438034604-1-36-1-2-3,Happiness,CheekRaiserR,0.1307191401720047,19.0,0.1307191401720047,19,29,0.4331581592559814,,
1701438045011-1-36-1-6-3,Happiness,CheekRaiserR,0.0767812505364418,13.0,0.0767812505364418,13,29,0.5854948163032532,,
1701438050468-1-36-1-8-3,Happiness,CheekRaiserR,0.11370736360549927,18.0,0.11370736360549927,18,24,0.6930735111236572,,
1701438243088-1-36-3-4-3,Happiness,CheekRaiserR,0.1590241342782974,13.0,0.1590241342782974,13,18,0.6772793531417847,,
1701438256926-1-36-3-11-3,Happiness,CheekRaiserR,0.09573429822921758,24.0,0.09573429822921758,24,30,0.4044327735900879,,
1701438436422-1-36-4-6-3,Happiness,CheekRaiserR,0.24412986636161813,5.0,0.24412986636161813,5,15,0.693350076675415,,
1701438467947-1-36-4-24-3,Happiness,CheekRaiserR,0.2681646347045898,5.0,0.2681646347045898,5,19,0.6669251322746277,,
1701440188990-0-37-1-2-3,Happiness,CheekRaiserR,0.2769624739885331,9.0,0.2769624739885331,9,25,0.7299520373344421,,
1701440198407-0-37-1-6-3,Happiness,CheekRaiserR,0.13715317845344538,20.0,0.13715317845344538,20,25,0.66740483045578,,
1701440203645-0-37-1-8-3,Happiness,CheekRaiserR,0.14059773087501531,21.0,0.14059773087501531,21,30,0.8887786865234375,,
1701440415377-0-37-3-11-3,Happiness,CheekRaiserR,0.16538220643997192,8.0,0.16538220643997192,8,24,0.7439484000205994,,
1701440427610-0-37-3-17-3,Happiness,CheekRaiserR,0.19984343647956848,5.0,0.19984343647956848,5,15,0.6951619386672974,,
1701440583588-0-37-4-6-3,Happiness,CheekRaiserR,0.057462096214294434,2.0,0.057462096214294434,2,23,0.7638158798217773,,
1701440593141-0-37-4-11-3,Happiness,CheekRaiserR,0.055390775203704834,9.0,0.055390775203704834,9,30,0.7831236124038696,,
1701440596133-0-37-4-13-3,Happiness,CheekRaiserR,0.01611381769180298,24.0,0.016395509243011475,11,25,0.7654826641082764,,
1701440615891-0-37-4-24-3,Happiness,CheekRaiserR,0.054814279079437256,26.0,0.054814279079437256,26,26,0.7475707530975342,0.02164865933241522,0.02164865933241522
1700479105264-2-1-2-0-4,Neutral,LipPressorR,0.0,,2.6624670822171544e-44,2,1,8.82818032524635e-44,,
1700479131977-2-1-2-11-4,Neutral,LipPressorR,0.0,,2.4119422177132454e-25,2,1,8.170039617490306e-25,,
1700479238544-2-1-3-0-4,Neutral,LipPressorR,0.0,,0.0,2,1,1.401298464324817e-45,,
1700479262241-2-1-3-12-4,Neutral,LipPressorR,0.0,,0.0,2,1,1.401298464324817e-45,,
1700479265444-2-1-3-14-4,Neutral,LipPressorR,0.0,,0.0,2,1,1.401298464324817e-45,,
1700479420641-2-1-4-5-4,Neutral,LipPressorR,0.0,,0.0,2,1,1.401298464324817e-45,,
1700486071119-1-2-2-0-4,Neutral,LipPressorR,0.0,,0.0,2,1,1.401298464324817e-45,,
1700486089327-1-2-2-7-4,Neutral,LipPressorR,0.0,,6.761898958040154e-16,2,1,2.2904524753079337e-15,,
1700486098069-1-2-2-11-4,Neutral,LipPressorR,0.0,,3.2837830232779197e-09,2,1,1.1118382658992232e-08,,
1700486217864-1-2-3-14-4,Neutral,LipPressorR,0.0,,2.6120203375014577e-42,2,1,8.846397205282569e-42,,
1700486365073-1-2-4-2-4,Neutral,LipPressorR,0.0,,6.748824762925487e-11,2,1,1.0815718459733503e-10,,
1700486369305-1-2-4-4-4,Neutral,LipPressorR,0.0,,1.9703194322607288e-30,2,1,3.914914158068965e-30,,
1700486370761-1-2-4-5-4,Neutral,LipPressorR,0.0,,4.798665652081035e-37,2,1,1.6254430817131792e-36,,
1700487951646-0-3-2-0-4,Neutral,LipPressorR,0.0,,0.0,2,1,1.401298464324817e-45,,
1700487970576-0-3-2-7-4,Neutral,LipPressorR,0.0,,7.890476263120984e-05,3,1,0.0002180981246056,,
1700487979833-0-3-2-11-4,Neutral,LipPressorR,0.0,,0.0,2,1,1.401298464324817e-45,,
1700488074680-0-3-3-0-4,Neutral,LipPressorR,0.0,,0.0,2,1,1.401298464324817e-45,,
1700488097764-0-3-3-12-4,Neutral,LipPressorR,-2.501458366705379e-23,,4.494726774660282e-19,2,1,1.522489610311014e-18,,
1700488102830-0-3-3-14-4,Neutral,LipPressorR,0.0,,5.1133380963212575e-42,2,1,1.7322851615983386e-41,,
1700488255547-0-3-4-2-4,Neutral,LipPressorR,0.0,,9.277569700895969e-22,2,1,3.142600107066385e-21,,
1700488259081-0-3-4-4-4,Neutral,LipPressorR,-8.13734018233422e-42,,1.4621166113385485e-37,2,1,4.952635394770453e-37,,
1700488260871-0-3-4-5-4,Neutral,LipPressorR,0.0,,0.0,2,1,1.401298464324817e-45,,
1700488283344-0-3-4-18-4,Neutral,LipPressorR,0.0,,0.0,2,1,1.401298464324817e-45,,
1700489722123-0-4-2-0-4,Neutral,LipPressorR,0.0,,0.0,2,1,1.401298464324817e-45,,
1700489738660-0-4-2-7-4,Neutral,LipPressorR,0.0,,0.0,2,1,1.401298464324817e-45,,
1700489749081-0-4-2-11-4,Neutral,LipPressorR,0.0,,0.0,2,1,1.401298464324817e-45,,
1700489855983-0-4-3-0-4,Neutral,LipPressorR,0.0,,0.0,2,1,1.401298464324817e-45,,
1700489879925-0-4-3-12-4,Neutral,LipPressorR,0.0,,5.851302375958767e-08,2,1,1.958023858605884e-07,,
1700489883738-0-4-3-14-4,Neutral,LipPressorR,-1.4880189149432044e-29,,2.673701550245614e-25,2,1,9.056702018626421e-25,,
1700490046162-0-4-4-2-4,Neutral,LipPressorR,0.0,,0.0,2,1,1.401298464324817e-45,,
1700490049560-0-4-4-4-4,Neutral,LipPressorR,-2.589234165614741e-13,,4.660822838786778e-09,2,1,1.5779157536144346e-08,,
1700490050975-0-4-4-5-4,Neutral,LipPressorR,0.0,,1.9316184021484373e-15,2,1,6.542975034251044e-15,,
1700490074050-0-4-4-18-4,Neutral,LipPressorR,0.0,,9.049375287840013e-40,2,1,3.0652969504581426e-39,,
1700491500091-1-5-2-0-4,Neutral,LipPressorR,0.0,,0.0,2,1,1.401298464324817e-45,,
1700491518328-1-5-2-7-4,Neutral,LipPressorR,0.0,,4.054994530097277e-25,2,1,1.3735581986759708e-24,,
1700491527628-1-5-2-11-4,Neutral,LipPressorR,0.0,,0.0,2,1,1.401298464324817e-45,,
1700491642205-1-5-3-14-4,Neutral,LipPressorR,-2.092021661308705e-28,,3.758959289840665e-24,2,1,1.273280271164152e-23,,
1700491793991-1-5-4-2-4,Neutral,LipPressorR,0.0,,2.943381919938059e-17,2,1,9.969907337939155e-17,,
1700491797265-1-5-4-4-4,Neutral,LipPressorR,0.0,,2.667487029120421e-32,2,1,9.03560777427638e-32,,
1700491799550-1-5-4-5-4,Neutral,LipPressorR,0.0,,1.2401491409274637e-42,2,1,4.2024940945101264e-42,,
1700496793977-1-6-2-0-4,Neutral,LipPressorR,0.0,,6.445972935894159e-44,2,1,2.1860256043467146e-43,,
1700496811015-1-6-2-7-4,Neutral,LipPressorR,0.0,,0.0,2,1,1.401298464324817e-45,,
1700496821331-1-6-2-11-4,Neutral,LipPressorR,0.0,,0.0,2,1,1.401298464324817e-45,,
1700496916406-1-6-3-0-4,Neutral,LipPressorR,0.0,,0.0,2,1,1.401298464324817e-45,,
1700496945235-1-6-3-14-4,Neutral,LipPressorR,-7.151364386052353e-32,,1.2849829626040907e-27,2,1,4.352606681733008e-27,,
1700497094126-1-6-4-2-4,Neutral,LipPressorR,0.0,,2.366962782536282e-21,2,1,8.017693656414571e-21,,
1700497099202-1-6-4-5-4,Neutral,LipPressorR,0.0,,3.2229864679470803e-44,3,1,9.10844001811131e-44,,
1700567803057-2-8-2-7-4,Neutral,LipPressorR,0.0,,1.0258113802841241e-10,2,1,3.4703959150839115e-10,,
1700567812479-2-8-2-11-4,Neutral,LipPressorR,0.0,,4.3234285265460916e-19,2,1,8.590430410618994e-19,,
1700567902030-2-8-3-0-4,Neutral,LipPressorR,0.0,,0.0,2,1,1.401298464324817e-45,,
1700567926584-2-8-3-12-4,Neutral,LipPressorR,0.0,,0.0,2,1,1.401298464324817e-45,,
1700568082939-2-8-4-4-4,Neutral,LipPressorR,0.0,,6.269445407269816e-08,2,1,1.956385773382863e-07,,
1700568107499-2-8-4-18-4,Neutral,LipPressorR,0.0,,1.1574043047753169e-12,2,1,1.2185001271869389e-12,,
1700571069519-1-9-2-7-4,Neutral,LipPressorR,0.0,,4.998710602794766e-21,2,1,9.932161178903074e-21,,
1700571079162-1-9-2-11-4,Neutral,LipPressorR,0.0,,9.743438493450738e-35,2,1,3.300266052313325e-34,,
1700571165769-1-9-3-0-4,Neutral,LipPressorR,0.0,,7.833478282667896e-35,3,1,2.6534658978077083e-34,,
1700571189021-1-9-3-12-4,Neutral,LipPressorR,1.1175870898855189e-08,2.0,0.005891205742955199,3,2,0.0108656156808137,,
1700571355274-1-9-4-4-4,Neutral,LipPressorR,0.0,,0.0,2,1,1.401298464324817e-45,,
1700571356929-1-9-4-5-4,Neutral,LipPressorR,0.0,,0.0,2,1,1.401298464324817e-45,,
1700571379610-1-9-4-18-4,Neutral,LipPressorR,0.0,,1.841895482011923e-28,3,1,5.192690390126921e-28,,
1700577731858-2-10-2-0-4,Neutral,LipPressorR,0.0,,0.0,2,1,1.401298464324817e-45,,
1700577759366-2-10-2-11-4,Neutral,LipPressorR,0.0,,0.0,2,1,1.401298464324817e-45,,
1700577839039-2-10-3-0-4,Neutral,LipPressorR,0.0,,0.0,2,1,1.401298464324817e-45,,
1700577863441-2-10-3-12-4,Neutral,LipPressorR,-1.0009196908257988e-14,,1.2697545792583758e-10,2,1,4.2988307358271527e-10,,
1700577867123-2-10-3-14-4,Neutral,LipPressorR,0.0,,3.0001260375539664e-28,2,1,1.016223098131747e-27,,
1700578014206-2-10-4-4-4,Neutral,LipPressorR,0.0,,0.0,2,1,1.401298464324817e-45,,
1700578015880-2-10-4-5-4,Neutral,LipPressorR,0.0,,0.0,2,1,1.401298464324817e-45,,
1700580365317-0-11-2-0-4,Neutral,LipPressorR,0.0,,0.0,2,1,1.401298464324817e-45,,
1700580384125-0-11-2-7-4,Neutral,LipPressorR,0.0,,2.6868880453889687e-09,2,1,5.334321429018018e-09,,
1700580393980-0-11-2-11-4,Neutral,LipPressorR,0.0,,9.547582067170879e-07,2,1,3.218024403395248e-06,,
1700580482915-0-11-3-0-4,Neutral,LipPressorR,0.0,,7.706782798226172e-22,2,1,2.610478817589178e-21,,
1700580507204-0-11-3-12-4,Neutral,LipPressorR,0.0,,1.866652610260644e-08,3,1,6.287529430437644e-08,,
1700580511202-0-11-3-14-4,Neutral,LipPressorR,0.0,,1.0693123585323523e-26,2,1,3.622087201945341e-26,,
1700580670039-0-11-4-2-4,Neutral,LipPressorR,0.0,,3.7840224154185505e-17,2,1,7.518620458364813e-17,,
1700580674360-0-11-4-4-4,Neutral,LipPressorR,0.0,,6.438423053659232e-36,2,1,2.1808921436044457e-35,,
1700580675190-0-11-4-5-4,Neutral,LipPressorR,0.0,,1.0834839726159486e-41,2,1,3.670000678066696e-41,,
1700582050720-0-12-2-0-4,Neutral,LipPressorR,0.0,,0.0,2,1,1.401298464324817e-45,,
1700582067652-0-12-2-7-4,Neutral,LipPressorR,0.0,,9.32071503312315e-11,2,1,3.1456204308000224e-10,,
1700582077346-0-12-2-11-4,Neutral,LipPressorR,8.082669228309976e-05,2.0,0.005741328932344899,7,6,0.0108561562374234,,
1700582158885-0-12-3-0-4,Neutral,LipPressorR,0.0,,0.0,2,1,1.401298464324817e-45,,
1700582183583-0-12-3-12-4,Neutral,LipPressorR,0.0,,6.488231040760117e-14,2,1,1.2891760142047517e-13,,
1700582187147-0-12-3-14-4,Neutral,LipPressorR,0.0,,2.099769572150681e-30,2,1,7.112506680554287e-30,,
1700582330708-0-12-4-2-4,Neutral,LipPressorR,0.0,,5.473984856507741e-06,2,1,1.7883639884530567e-05,,
1700582334354-0-12-4-4-4,Neutral,LipPressorR,0.0,,4.537788945127579e-22,3,1,9.016309066506349e-22,,
1700582336178-0-12-4-5-4,Neutral,LipPressorR,0.0,,5.81061621820503e-31,4,1,1.9682178364405533e-30,,
1700582358759-0-12-4-18-4,Neutral,LipPressorR,-4.83083573143972e-11,,1.054111635312438e-06,2,1,3.3784892821131507e-06,,
1700583883653-2-13-2-0-4,Neutral,LipPressorR,0.0,,2.434346297445567e-30,2,1,4.836858703238096e-30,,
1700583910942-2-13-2-11-4,Neutral,LipPressorR,0.00589813105762,7.0,0.00589813105762,7,8,0.0084475157782435,,
1700583999169-2-13-3-0-4,Neutral,LipPressorR,0.0,,0.0,2,1,1.401298464324817e-45,,
1700584023624-2-13-3-12-4,Neutral,LipPressorR,0.0,,2.2183567916639335e-13,3,1,7.514192176469314e-13,,
1700584027538-2-13-3-14-4,Neutral,LipPressorR,0.0,,2.2083925382316355e-31,3,1,4.387966656958512e-31,,
1700584206113-2-13-4-2-4,Neutral,LipPressorR,0.0,,4.861024990532314e-06,2,1,9.156671694654506e-06,,
1700584234061-2-13-4-18-4,Neutral,LipPressorR,-2.4370711004806367e-10,,7.328665560635272e-06,2,1,2.1599165847874247e-05,,
1700745126278-1-14-2-7-4,Neutral,LipPressorR,0.0,,5.37038392028081e-23,2,1,1.0670687962096681e-22,,
1700745221245-1-14-3-0-4,Neutral,LipPressorR,0.0,,0.0,2,1,1.401298464324817e-45,,
1700745249806-1-14-3-14-4,Neutral,LipPressorR,0.0,,0.0,2,1,1.401298464324817e-45,,
1700745396954-1-14-4-2-4,Neutral,LipPressorR,0.0,,3.1382183093495184e-13,2,1,1.0629906243425637e-12,,
1700745400757-1-14-4-4-4,Neutral,LipPressorR,-8.322054601665425e-35,,1.4953032935680192e-30,2,1,5.0650652268457164e-30,,
1700745402426-1-14-4-5-4,Neutral,LipPressorR,0.0,,2.663474896072695e-38,2,1,9.022016336622542e-38,,
1700745424757-1-14-4-18-4,Neutral,LipPressorR,-1.7241343769347495e-11,,3.15266447614704e-07,2,1,1.0624428341543537e-06,,
1700747228293-2-15-2-0-4,Neutral,LipPressorR,0.0,,0.0,2,1,1.401298464324817e-45,,
1700747244934-2-15-2-7-4,Neutral,LipPressorR,0.0,,1.8134568427853182e-17,2,1,6.14276498980495e-17,,
1700747345899-2-15-3-0-4,Neutral,LipPressorR,0.0,,0.0,2,1,1.401298464324817e-45,,
1700747374991-2-15-3-14-4,Neutral,LipPressorR,0.0,,5.1848273199237515e-34,3,1,1.7562697427071012e-33,,
1700747516587-2-15-4-2-4,Neutral,LipPressorR,0.0,,8.811895440760662e-13,3,1,2.484293803658999e-12,,
1700747522488-2-15-4-5-4,Neutral,LipPressorR,0.0,,5.376319779121093e-39,2,1,1.821130707223e-38,,
1700747545324-2-15-4-18-4,Neutral,LipPressorR,0.0,,6.640602916254007e-35,2,1,2.249369970080873e-34,,
1700748685289-0-16-2-0-4,Neutral,LipPressorR,0.0,,0.0,2,1,1.401298464324817e-45,,
1700748702660-0-16-2-7-4,Neutral,LipPressorR,0.0,,7.806790827751957e-18,2,1,1.551170939998433e-17,,
1700748713158-0-16-2-11-4,Neutral,LipPressorR,0.0,,2.8870456940713446e-35,2,1,9.77929795881303e-35,,
1700748800893-0-16-3-0-4,Neutral,LipPressorR,-7.3212707156784e-30,,1.3154817657955342e-25,2,1,4.455985840248893e-25,,
1700748825492-0-16-3-12-4,Neutral,LipPressorR,0.0,,0.0,2,1,1.401298464324817e-45,,
1700748829753-0-16-3-14-4,Neutral,LipPressorR,0.0,,2.5107106877472057e-14,4,1,7.078013305669707e-14,,
1700748976246-0-16-4-2-4,Neutral,LipPressorR,0.0,,0.0001305092446272416,3,1,0.0002056787197943,,
1700748979102-0-16-4-4-4,Neutral,LipPressorR,0.0,,2.4300939500564126e-20,3,1,6.851132470758403e-20,,
1700748981010-0-16-4-5-4,Neutral,LipPressorR,0.0,,2.539093075606661e-28,2,1,8.600674463863661e-28,,
1700749004414-0-16-4-18-4,Neutral,LipPressorR,0.0,,1.9198637346562464e-06,2,1,3.664428049887647e-06,,
1700753894954-0-17-2-0-4,Neutral,LipPressorR,0.0,,0.0,2,1,1.401298464324817e-45,,
1700753912993-0-17-2-7-4,Neutral,LipPressorR,0.0,,2.941060054977898e-20,2,1,9.962324836927704e-20,,
1700753922791-0-17-2-11-4,Neutral,LipPressorR,0.0,,0.0,2,1,1.401298464324817e-45,,
1700754006731-0-17-3-0-4,Neutral,LipPressorR,0.0,,0.0,2,1,1.401298464324817e-45,,
1700754032227-0-17-3-12-4,Neutral,LipPressorR,-1.4484521576493472e-40,,2.6027241459099036e-36,2,1,8.815853921013985e-36,,
1700754034928-0-17-3-14-4,Neutral,LipPressorR,0.0,,0.0,2,1,1.401298464324817e-45,,
1700754181816-0-17-4-2-4,Neutral,LipPressorR,0.0,,0.0,2,1,1.401298464324817e-45,,
1700754185116-0-17-4-4-4,Neutral,LipPressorR,0.0,,0.0,2,1,1.401298464324817e-45,,
1700754186022-0-17-4-5-4,Neutral,LipPressorR,0.0,,0.0,2,1,1.401298464324817e-45,,
1700754209381-0-17-4-18-4,Neutral,LipPressorR,0.0,,0.0,2,1,1.401298464324817e-45,,
1700756481968-2-18-3-0-4,Neutral,LipPressorR,0.0,,0.0,2,1,1.401298464324817e-45,,
1700756506384-2-18-3-12-4,Neutral,LipPressorR,0.0,,2.3132061096117896e-15,3,1,6.521461244423732e-15,,
1700756511419-2-18-3-14-4,Neutral,LipPressorR,0.0,,2.0494608021440078e-16,2,1,6.942103099986138e-16,,
1700756707997-2-18-4-2-4,Neutral,LipPressorR,-1.0659527080458815e-11,,2.0506172404566314e-07,2,1,6.809615911151923e-07,,
1700756711213-2-18-4-4-4,Neutral,LipPressorR,0.0,,2.1266219568031146e-23,2,1,7.203556562317674e-23,,
1700756713736-2-18-4-5-4,Neutral,LipPressorR,0.0,,1.4036724979962788e-33,2,1,4.754702733027345e-33,,
1700756736108-2-18-4-18-4,Neutral,LipPressorR,-5.8596502622949475e-15,,1.0542888784215165e-10,2,1,3.56978058224655e-10,,
1700824442779-0-19-2-0-4,Neutral,LipPressorR,0.0,,0.0,2,1,1.401298464324817e-45,,
1700824460273-0-19-2-7-4,Neutral,LipPressorR,0.0,,2.707756689851725e-36,2,1,9.172049372299774e-36,,
1700824470213-0-19-2-11-4,Neutral,LipPressorR,0.0,,4.145437519729317e-14,2,1,8.234163811947706e-14,,
1700824552450-0-19-3-0-4,Neutral,LipPressorR,0.0,,0.0,2,1,1.401298464324817e-45,,
1700824576678-0-19-3-12-4,Neutral,LipPressorR,0.0,,0.0,2,1,1.401298464324817e-45,,
1700824580639-0-19-3-14-4,Neutral,LipPressorR,0.0,,0.0002766416873783,4,1,0.000758891867008,,
1700824742622-0-19-4-2-4,Neutral,LipPressorR,0.0,,1.902150561443793e-40,2,1,6.443156325980866e-40,,
1700824746918-0-19-4-4-4,Neutral,LipPressorR,0.0,,1.6645707034967934e-08,2,1,5.23202423607927e-08,,
1700824748077-0-19-4-5-4,Neutral,LipPressorR,0.0,,1.5114730349480646e-14,2,1,5.119499998083345e-14,,
1700824771615-0-19-4-18-4,Neutral,LipPressorR,0.0,,0.0,2,1,1.401298464324817e-45,,
1700825809793-0-20-2-0-4,Neutral,LipPressorR,0.0,,0.0,2,1,1.401298464324817e-45,,
1700825828652-0-20-2-7-4,Neutral,LipPressorR,0.0,,4.7754728231715035e-14,2,1,1.6176080928301945e-13,,
1700825838306-0-20-2-11-4,Neutral,LipPressorR,0.0,,1.386317727281039e-10,2,1,4.693461730376214e-10,,
1700825919121-0-20-3-0-4,Neutral,LipPressorR,0.0,,0.0,2,1,1.401298464324817e-45,,
1700825943475-0-20-3-12-4,Neutral,LipPressorR,0.0,,4.670050839189913e-05,2,1,0.0001364890049444,,
1700825947604-0-20-3-14-4,Neutral,LipPressorR,-8.741482090992732e-28,,1.5706788602802104e-23,2,1,5.320370138889797e-23,,
1700826093086-0-20-4-2-4,Neutral,LipPressorR,0.0,,1.7097774793857065e-20,2,1,3.3968181548012885e-20,,
1700826096902-0-20-4-4-4,Neutral,LipPressorR,0.0,,1.7919313255454473e-10,3,1,5.051025708802115e-10,,
1700826098806-0-20-4-5-4,Neutral,LipPressorR,0.0,,8.014714513739677e-20,4,1,2.714831844311356e-19,,
1700826121348-0-20-4-18-4,Neutral,LipPressorR,0.0,,3.226947990094143e-33,2,1,1.0930696420317888e-32,,
1700827659452-0-21-2-0-4,Neutral,LipPressorR,0.0,,0.0,2,1,1.401298464324817e-45,,
1700827676220-0-21-2-7-4,Neutral,LipPressorR,0.0,,1.0085875247405008e-18,2,1,3.416423227122893e-18,,
1700827687061-0-21-2-11-4,Neutral,LipPressorR,0.0058981361798942,9.0,0.0058981361798942,9,10,0.0084475185722112,,
1700827788949-0-21-3-0-4,Neutral,LipPressorR,0.0,,0.0,2,1,1.401298464324817e-45,,
1700827814313-0-21-3-12-4,Neutral,LipPressorR,-1.0361076169249873e-18,,1.861696425275658e-14,2,1,6.306121667605871e-14,,
1700827817441-0-21-3-14-4,Neutral,LipPressorR,-5.400244557564605e-33,,9.703005986105459e-29,2,1,3.2867400429827583e-28,,
1700827971512-0-21-4-2-4,Neutral,LipPressorR,0.0,,6.813016337615767e-15,2,1,2.3077549867280868e-14,,
1700827975241-0-21-4-4-4,Neutral,LipPressorR,0.0,,9.273836985897071e-32,2,1,3.141289070227829e-31,,
1700827976309-0-21-4-5-4,Neutral,LipPressorR,-6.120871692170806e-42,,1.0998679542608347e-37,2,1,3.725534920935029e-37,,
1700827999979-0-21-4-18-4,Neutral,LipPressorR,0.0,,1.743223378980474e-06,3,1,4.871404598816298e-06,,
1700830030854-0-22-2-0-4,Neutral,LipPressorR,0.0,,0.0,2,1,1.401298464324817e-45,,
1700830048351-0-22-2-7-4,Neutral,LipPressorR,0.0,,0.0,2,1,1.401298464324817e-45,,
1700830058808-0-22-2-11-4,Neutral,LipPressorR,0.0,,0.0,2,1,1.401298464324817e-45,,
1700830142490-0-22-3-0-4,Neutral,LipPressorR,0.0,,0.0,2,1,1.401298464324817e-45,,
1700830167084-0-22-3-12-4,Neutral,LipPressorR,0.0,,0.0,2,1,1.401298464324817e-45,,
1700830171915-0-22-3-14-4,Neutral,LipPressorR,0.0,,0.0,2,1,1.401298464324817e-45,,
1700830332630-0-22-4-2-4,Neutral,LipPressorR,0.0,,8.09655890509492e-14,3,1,2.2825949572320713e-13,,
1700830336094-0-22-4-4-4,Neutral,LipPressorR,0.0,,3.717610534588529e-30,2,1,1.2592841147703693e-29,,
1700830338720-0-22-4-5-4,Neutral,LipPressorR,0.0,,8.589959586311129e-41,3,1,2.909726196247266e-40,,
1700830361054-0-22-4-18-4,Neutral,LipPressorR,0.0,,0.0,2,1,1.401298464324817e-45,,
1701085482708-2-23-2-0-4,Neutral,LipPressorR,0.0,,0.0,2,1,1.401298464324817e-45,,
1701085500311-2-23-2-7-4,Neutral,LipPressorR,-3.350405860443989e-24,,6.020048599689894e-20,2,1,2.0391728838960841e-19,,
1701085510979-2-23-2-11-4,Neutral,LipPressorR,0.0,,9.561517186058823e-24,2,1,1.899832335161126e-23,,
1701085630752-2-23-3-14-4,Neutral,LipPressorR,0.0,,7.267613014454706e-24,2,1,2.4617598882832178e-23,,
1701085786811-2-23-4-2-4,Neutral,LipPressorR,0.0,,0.0,2,1,1.401298464324817e-45,,
1701085789639-2-23-4-4-4,Neutral,LipPressorR,0.0,,0.0,2,1,1.401298464324817e-45,,
1701085791397-2-23-4-5-4,Neutral,LipPressorR,0.0,,0.0,2,1,1.401298464324817e-45,,
1701087284069-0-24-2-0-4,Neutral,LipPressorR,0.0,,0.0,2,1,1.401298464324817e-45,,
1701087302389-0-24-2-7-4,Neutral,LipPressorR,0.0,,6.173424308218682e-38,2,1,1.2266086741263853e-37,,
1701087311568-0-24-2-11-4,Neutral,LipPressorR,0.0,,0.0,2,1,1.401298464324817e-45,,
1701087396342-0-24-3-0-4,Neutral,LipPressorR,0.0,,0.0,2,1,1.401298464324817e-45,,
1701087420756-0-24-3-12-4,Neutral,LipPressorR,0.0,,9.897865993480082e-08,2,1,3.288399739176384e-07,,
1701087424724-0-24-3-14-4,Neutral,LipPressorR,0.0,,5.405956547700293e-26,2,1,1.831177519130328e-25,,
1701087599318-0-24-4-2-4,Neutral,LipPressorR,0.0,,8.323629430151414e-08,2,1,1.3394111419984256e-07,,
1701087602946-0-24-4-4-4,Neutral,LipPressorR,0.0,,2.973474364167355e-26,3,1,5.908146632559151e-26,,
1701087604671-0-24-4-5-4,Neutral,LipPressorR,0.0,,3.106807691994305e-34,2,1,1.052374174543115e-33,,
1701087627595-0-24-4-18-4,Neutral,LipPressorR,-1.2268797902528078e-14,,2.5617596932647757e-10,2,1,8.311795141047185e-10,,
1701090983779-0-25-2-0-4,Neutral,LipPressorR,0.0,,0.0,2,1,1.401298464324817e-45,,
1701091001022-0-25-2-7-4,Neutral,LipPressorR,0.0,,0.0,2,1,1.401298464324817e-45,,
1701091010939-0-25-2-11-4,Neutral,LipPressorR,0.0,,0.0,2,1,1.401298464324817e-45,,
1701091100718-0-25-3-0-4,Neutral,LipPressorR,0.0,,0.0,2,1,1.401298464324817e-45,,
1701091123703-0-25-3-12-4,Neutral,LipPressorR,0.0,,3.872015453762218e-15,2,1,7.693321586071163e-15,,
1701091129107-0-25-3-14-4,Neutral,LipPressorR,0.0,,3.6661930698794325e-38,2,1,1.2418625365857623e-37,,
1701091284665-0-25-4-2-4,Neutral,LipPressorR,0.0,,6.716153884932501e-16,2,1,2.2749748540209927e-15,,
1701091287847-0-25-4-4-4,Neutral,LipPressorR,0.0,,4.289931838693152e-31,2,1,1.4531344555825517e-30,,
1701091289459-0-25-4-5-4,Neutral,LipPressorR,0.0,,3.795523389307057e-39,2,1,1.285675926734912e-38,,
1701091312292-0-25-4-18-4,Neutral,LipPressorR,-2.7634768794210782e-39,,1.2010940693481777e-34,2,1,2.386508146082341e-34,,
1701092651647-0-26-2-0-4,Neutral,LipPressorR,0.0,,0.0,2,1,1.401298464324817e-45,,
1701092669478-0-26-2-7-4,Neutral,LipPressorR,0.0,,3.897158381584449e-20,3,1,1.0987071722675341e-19,,
1701092678929-0-26-2-11-4,Neutral,LipPressorR,0.0,,0.0,2,1,1.401298464324817e-45,,
1701092761432-0-26-3-0-4,Neutral,LipPressorR,0.0,,0.0,2,1,1.401298464324817e-45,,
1701092786260-0-26-3-12-4,Neutral,LipPressorR,0.0,,0.000115627211926,3,1,0.0002183787728426,,
1701092789851-0-26-3-14-4,Neutral,LipPressorR,0.0,,1.8226635001663823e-22,3,1,6.173866267716784e-22,,
1701092950496-0-26-4-2-4,Neutral,LipPressorR,0.00022137723863130052,2.0,0.0056845569051803,4,3,0.0107543971389532,,
1701092954768-0-26-4-4-4,Neutral,LipPressorR,0.0,,5.908043619157843e-22,3,1,2.0012423230370085e-21,,
1701092956593-0-26-4-5-4,Neutral,LipPressorR,-2.050299542591636e-34,,3.68400230474259e-30,2,1,1.2478835875108969e-29,,
1701092978539-0-26-4-18-4,Neutral,LipPressorR,0.0,,5.5331867088170865e-08,2,1,1.850885098519939e-07,,
1701094549501-2-27-2-7-4,Neutral,LipPressorR,0.0,,1.2800206044844692e-14,2,1,4.3358718715023545e-14,,
1701094559720-2-27-2-11-4,Neutral,LipPressorR,0.0,,7.204013522331924e-15,3,1,2.440203665217757e-14,,
1701094652485-2-27-3-0-4,Neutral,LipPressorR,0.0,,0.0,2,1,1.401298464324817e-45,,
1701094679684-2-27-3-14-4,Neutral,LipPressorR,0.0,,1.1312349351414879e-26,3,1,3.18924692697035e-26,,
1701094823610-2-27-4-2-4,Neutral,LipPressorR,0.0,,1.0701272743102602e-20,2,1,2.126272934446386e-20,,
1701094829010-2-27-4-5-4,Neutral,LipPressorR,0.0,,2.802596928649634e-45,2,1,5.605193857299268e-45,,
1701094851143-2-27-4-18-4,Neutral,LipPressorR,0.0,,3.585317593966133e-25,2,1,1.2144473206756084e-24,,
1701170485607-0-28-2-0-4,Neutral,LipPressorR,0.0,,0.0,2,1,1.401298464324817e-45,,
1701170504147-0-28-2-7-4,Neutral,LipPressorR,0.0,,2.839181272112375e-27,2,1,9.61686771008127e-27,,
1701170513808-0-28-2-11-4,Neutral,LipPressorR,0.0,,0.0,2,1,1.401298464324817e-45,,
1701170599471-0-28-3-0-4,Neutral,LipPressorR,0.0,,3.2510124372335756e-43,2,1,6.445972935894159e-43,,
1701170627518-0-28-3-14-4,Neutral,LipPressorR,-1.5614822619458656e-31,,2.805742506045943e-27,2,1,9.50386261503638e-27,,
1701170768393-0-28-4-2-4,Neutral,LipPressorR,0.0,,4.045798662451541e-15,2,1,1.3702897527063072e-14,,
1701170772568-0-28-4-4-4,Neutral,LipPressorR,0.0,,1.1731508926313272e-33,2,1,3.9737792241058816e-33,,
1701170774157-0-28-4-5-4,Neutral,LipPressorR,0.0,,5.969111068484425e-41,2,1,2.021891515220349e-40,,
1701170797074-0-28-4-18-4,Neutral,LipPressorR,0.0,,1.2559861953391155e-20,2,1,4.2544493536539245e-20,,
1701175937155-1-29-2-0-4,Neutral,LipPressorR,0.0,,2.1866015530945087e-30,2,1,7.406687965661129e-30,,
1701176062462-1-29-3-0-4,Neutral,LipPressorR,0.0,,0.0,2,1,1.401298464324817e-45,,
1701176086103-1-29-3-12-4,Neutral,LipPressorR,-2.2589839307680156e-18,,4.059130961041324e-14,2,1,1.3749384389274285e-13,,
1701176090080-1-29-3-14-4,Neutral,LipPressorR,0.0,,2.84808234046748e-32,2,1,5.658940889074645e-32,,
1701176246716-1-29-4-2-4,Neutral,LipPressorR,0.0,,9.186279836044963e-15,2,1,1.8252557126320623e-14,,
1701176250146-1-29-4-4-4,Neutral,LipPressorR,0.0,,1.2049219585194165e-30,2,1,4.0814570692188886e-30,,
1701177685055-0-30-2-0-4,Neutral,LipPressorR,0.0,,0.0,2,1,1.401298464324817e-45,,
1701177702665-0-30-2-7-4,Neutral,LipPressorR,-1.5624798467877475e-26,,2.80752592185831e-22,2,1,9.509927481460234e-22,,
1701177713045-0-30-2-11-4,Neutral,LipPressorR,0.0,,0.0,2,1,1.401298464324817e-45,,
1701177800653-0-30-3-0-4,Neutral,LipPressorR,0.0,,0.0,2,1,1.401298464324817e-45,,
1701177824168-0-30-3-12-4,Neutral,LipPressorR,0.0,,3.3126707421615703e-06,2,1,1.019040610117372e-05,,
1701177828390-0-30-3-14-4,Neutral,LipPressorR,0.0,,6.78042711331696e-25,2,1,2.2966677485703343e-24,,
1701178063063-0-30-4-2-4,Neutral,LipPressorR,0.0,,9.931222066938972e-09,3,1,3.362542244644828e-08,,
1701178065933-0-30-4-4-4,Neutral,LipPressorR,0.0,,1.7739260326111458e-22,3,1,5.001050477835622e-22,,
1701178067826-0-30-4-5-4,Neutral,LipPressorR,0.0,,1.3062796642156787e-30,2,1,4.424822542596905e-30,,
1701178091048-0-30-4-18-4,Neutral,LipPressorR,0.0,,5.115831379389888e-26,3,1,1.0164888148343144e-25,,
1701188060953-0-31-2-0-4,Neutral,LipPressorR,0.0,,0.0,2,1,1.401298464324817e-45,,
1701188079711-0-31-2-7-4,Neutral,LipPressorR,0.0,,3.610834215024157e-22,2,1,1.2231059881333636e-21,,
1701188089397-0-31-2-11-4,Neutral,LipPressorR,0.0,,0.0,2,1,1.401298464324817e-45,,
1701188183381-0-31-3-0-4,Neutral,LipPressorR,0.0,,0.0,2,1,1.401298464324817e-45,,
1701188207233-0-31-3-12-4,Neutral,LipPressorR,-2.881385130493188e-10,,7.241610546770971e-06,2,1,2.234379280707799e-05,,
1701188211213-0-31-3-14-4,Neutral,LipPressorR,-1.1839281184193798e-28,,2.1272679549983986e-24,2,1,7.205763164041758e-24,,
1701188355699-0-31-4-2-4,Neutral,LipPressorR,0.0,,2.5814864568901565e-13,2,1,8.740626495154502e-13,,
1701188359086-0-31-4-4-4,Neutral,LipPressorR,0.0,,3.4401053953876466e-29,2,1,6.835293289647324e-29,,
1701188361143-0-31-4-5-4,Neutral,LipPressorR,0.0,,2.145072264363251e-37,3,1,6.047434684330009e-37,,
1701188384546-0-31-4-18-4,Neutral,LipPressorR,0.0,,6.40456250211083e-25,2,1,2.16937991391704e-24,,
1701346809545-1-32-2-7-4,Neutral,LipPressorR,0.0,,3.5618948345759236e-25,3,1,1.0041822642381235e-24,,
1701346912976-1-32-3-0-4,Neutral,LipPressorR,0.0,,0.0,2,1,1.401298464324817e-45,,
1701346937046-1-32-3-12-4,Neutral,LipPressorR,0.0,,7.312977226875159e-32,2,1,2.4771481626488367e-31,,
1701346942109-1-32-3-14-4,Neutral,LipPressorR,0.0,,0.0,2,1,1.401298464324817e-45,,
1701347163980-1-32-4-2-4,Neutral,LipPressorR,0.0,,3.926858686577437e-41,2,1,1.330154541291046e-40,,
1701347167138-1-32-4-4-4,Neutral,LipPressorR,0.0,,0.0,2,1,1.401298464324817e-45,,
1701347169085-1-32-4-5-4,Neutral,LipPressorR,0.0,,0.0,2,1,1.401298464324817e-45,,
1701350285686-0-33-2-0-4,Neutral,LipPressorR,0.0,,0.0,2,1,1.401298464324817e-45,,
1701350303183-0-33-2-7-4,Neutral,LipPressorR,0.0,,3.936147022769252e-21,2,1,1.3332623128926144e-20,,
1701350313016-0-33-2-11-4,Neutral,LipPressorR,0.0,,0.0,2,1,1.401298464324817e-45,,
1701350406170-0-33-3-0-4,Neutral,LipPressorR,0.0,,0.0,2,1,1.401298464324817e-45,,
1701350430828-0-33-3-12-4,Neutral,LipPressorR,0.0,,2.3683603490017063e-27,2,1,8.022351020152212e-27,,
1701350434496-0-33-3-14-4,Neutral,LipPressorR,0.0,,5.465064010866785e-44,4,1,1.5554412954005471e-43,,
1701350601003-0-33-4-2-4,Neutral,LipPressorR,0.0,,2.0445713044559843e-16,4,1,6.925623544601716e-16,,
1701350604028-0-33-4-4-4,Neutral,LipPressorR,-4.839193409873613e-34,,8.695507495066529e-30,2,1,2.945391469646346e-29,,
1701350606249-0-33-4-5-4,Neutral,LipPressorR,0.0,,5.7392000294426505e-40,2,1,1.9440633985117485e-39,,
1701357433464-0-34-2-0-4,Neutral,LipPressorR,0.0,,3.94889602907989e-34,2,1,1.3376158684583088e-33,,
1701357450827-0-34-2-7-4,Neutral,LipPressorR,0.0,,2.4394037062919833e-19,2,1,8.263019399473432e-19,,
1701357461570-0-34-2-11-4,Neutral,LipPressorR,-1.7003673961196998e-15,,3.0578636844857954e-11,2,1,1.035530688975328e-10,,
1701357563449-0-34-3-0-4,Neutral,LipPressorR,0.0,,0.0,2,1,1.401298464324817e-45,,
1701357587916-0-34-3-12-4,Neutral,LipPressorR,0.0,,2.8287252748504508e-11,3,1,5.6198379283500786e-11,,
1701357591779-0-34-3-14-4,Neutral,LipPressorR,0.0,,1.1636429603535689e-29,3,1,3.2805806180940535e-29,,
1701357748181-0-34-4-2-4,Neutral,LipPressorR,0.0,,0.0037259833188728,2,1,0.0049742143601179,,
1701357752233-0-34-4-4-4,Neutral,LipPressorR,0.0,,7.170754463701136e-23,2,1,1.4247928567026438e-22,,
1701357753813-0-34-4-5-4,Neutral,LipPressorR,0.0,,3.648653214782853e-30,3,1,7.249594524459049e-30,,
1701357776442-0-34-4-18-4,Neutral,LipPressorR,0.0,,7.186106093862166e-13,2,1,2.434116059754632e-12,,
1701429343114-0-35-2-0-4,Neutral,LipPressorR,0.0,,0.0,2,1,1.401298464324817e-45,,
1701429360245-0-35-2-7-4,Neutral,LipPressorR,0.0,,0.0,2,1,1.401298464324817e-45,,
1701429369442-0-35-2-11-4,Neutral,LipPressorR,0.0,,0.0,2,1,1.401298464324817e-45,,
1701429450032-0-35-3-0-4,Neutral,LipPressorR,0.0,,0.0,2,1,1.401298464324817e-45,,
1701429472988-0-35-3-12-4,Neutral,LipPressorR,-6.238420155840583e-17,,1.1210275329548436e-12,2,1,3.797159635332559e-12,,
1701429478198-0-35-3-14-4,Neutral,LipPressorR,-8.217477638912018e-39,,1.4765570507558495e-34,2,1,5.0016072398939065e-34,,
1701429614383-0-35-4-2-4,Neutral,LipPressorR,0.0,,0.0,2,1,1.401298464324817e-45,,
1701429617682-0-35-4-4-4,Neutral,LipPressorR,0.0,,0.0,2,1,1.401298464324817e-45,,
1701429619277-0-35-4-5-4,Neutral,LipPressorR,0.0,,0.0,2,1,1.401298464324817e-45,,
1701429642248-0-35-4-18-4,Neutral,LipPressorR,0.0,,1.767527096517885e-30,2,1,5.9870391123538426e-30,,
1701438115858-1-36-2-0-4,Neutral,LipPressorR,0.0,,0.0,2,1,1.401298464324817e-45,,
1701438144034-1-36-2-11-4,Neutral,LipPressorR,0.0,,0.0,2,1,1.401298464324817e-45,,
1701438258955-1-36-3-12-4,Neutral,LipPressorR,0.0,,1.2742890510147875e-12,2,1,4.316248747304741e-12,,
1701438263357-1-36-3-14-4,Neutral,LipPressorR,0.0,,1.342677418563255e-32,2,1,2.6678052942159086e-32,,
1701438428761-1-36-4-2-4,Neutral,LipPressorR,0.0,,0.0,2,1,1.401298464324817e-45,,
1701438432427-1-36-4-4-4,Neutral,LipPressorR,0.0,,0.0,2,1,1.401298464324817e-45,,
1701438456478-1-36-4-18-4,Neutral,LipPressorR,0.0,,1.299054970039471e-25,2,1,4.400325293890695e-25,,
1701440279556-0-37-2-0-4,Neutral,LipPressorR,0.0,,0.0,2,1,1.401298464324817e-45,,
1701440297403-0-37-2-7-4,Neutral,LipPressorR,0.0,,3.6178658716560357e-26,2,1,1.2254807483783854e-25,,
1701440307217-0-37-2-11-4,Neutral,LipPressorR,0.0,,0.0,2,1,1.401298464324817e-45,,
1701440393078-0-37-3-0-4,Neutral,LipPressorR,0.0,,0.0,2,1,1.401298464324817e-45,,
1701440417854-0-37-3-12-4,Neutral,LipPressorR,0.0,,1.2583503683494257e-10,2,1,4.2601175365142296e-10,,
1701440421611-0-37-3-14-4,Neutral,LipPressorR,-3.33113117278676e-32,,5.985522562893256e-28,2,1,2.0274817266458467e-27,,
1701440576614-0-37-4-2-4,Neutral,LipPressorR,0.0,,1.4521956984586812e-18,3,1,4.094091150752114e-18,,
1701440580633-0-37-4-4-4,Neutral,LipPressorR,0.0,,1.9766654973890496e-35,2,1,3.927553631964328e-35,,
1701440582380-0-37-4-5-4,Neutral,LipPressorR,0.0,,2.4802982818549262e-43,2,1,4.932570594423356e-43,,
1701440604935-0-37-4-18-4,Neutral,LipPressorR,-7.092522900432116e-31,,1.274406024979709e-26,2,1,4.316796325533061e-26,3.2517960935907547e-06,2.8852838850971217e-05
1700479105264-2-1-2-0-4,Neutral,LipPressorL,0.0,,0.0,2,1,1.401298464324817e-45,,
1700479131977-2-1-2-11-4,Neutral,LipPressorL,0.0,,2.4119422177132454e-25,2,1,8.170039617490306e-25,,
1700479238544-2-1-3-0-4,Neutral,LipPressorL,0.0,,0.0,2,1,1.401298464324817e-45,,
1700479262241-2-1-3-12-4,Neutral,LipPressorL,0.0,,0.0,2,1,1.401298464324817e-45,,
1700479265444-2-1-3-14-4,Neutral,LipPressorL,0.0,,0.0,2,1,1.401298464324817e-45,,
1700479420641-2-1-4-5-4,Neutral,LipPressorL,0.0,,0.0,2,1,1.401298464324817e-45,,
1700486071119-1-2-2-0-4,Neutral,LipPressorL,0.0,,0.0,2,1,1.401298464324817e-45,,
1700486089327-1-2-2-7-4,Neutral,LipPressorL,0.0,,6.761898958040154e-16,2,1,2.2904524753079337e-15,,
1700486098069-1-2-2-11-4,Neutral,LipPressorL,0.0,,3.2837830232779197e-09,2,1,1.1118382658992232e-08,,
1700486217864-1-2-3-14-4,Neutral,LipPressorL,-7.713175544973879e-39,,1.3859099059181405e-34,2,1,4.6945502075373725e-34,,
1700486365073-1-2-4-2-4,Neutral,LipPressorL,0.0,,6.748824762925487e-11,2,1,1.0815718459733503e-10,,
1700486369305-1-2-4-4-4,Neutral,LipPressorL,0.0,,1.9703194322607288e-30,2,1,3.914914158068965e-30,,
1700486370761-1-2-4-5-4,Neutral,LipPressorL,0.0,,4.798665652081035e-37,2,1,1.6254430817131792e-36,,
1700487951646-0-3-2-0-4,Neutral,LipPressorL,0.0,,0.0,2,1,1.401298464324817e-45,,
1700487970576-0-3-2-7-4,Neutral,LipPressorL,0.0,,0.00033144615008500004,3,1,0.0009058783762156,,
1700487979833-0-3-2-11-4,Neutral,LipPressorL,0.0,,0.0,2,1,1.401298464324817e-45,,
1700488074680-0-3-3-0-4,Neutral,LipPressorL,0.0,,0.0,2,1,1.401298464324817e-45,,
1700488097764-0-3-3-12-4,Neutral,LipPressorL,-3.6725274292157644e-23,,6.598953277830602e-19,2,1,2.235249637452032e-18,,
1700488102830-0-3-3-14-4,Neutral,LipPressorL,0.0,,7.50815717185237e-42,2,1,2.5432165829031105e-41,,
1700488255547-0-3-4-2-4,Neutral,LipPressorL,0.0,,3.3258621618998015e-15,2,1,1.1265710146170487e-14,,
1700488259081-0-3-4-4-4,Neutral,LipPressorL,-2.916966846663318e-35,,5.241435270768514e-31,2,1,1.7754341297983523e-30,,
1700488260871-0-3-4-5-4,Neutral,LipPressorL,0.0,,2.7675378423706915e-39,3,1,7.802383606511259e-39,,
1700488283344-0-3-4-18-4,Neutral,LipPressorL,0.0,,0.0,2,1,1.401298464324817e-45,,
1700489722123-0-4-2-0-4,Neutral,LipPressorL,0.0,,0.0,2,1,1.401298464324817e-45,,
1700489738660-0-4-2-7-4,Neutral,LipPressorL,0.0,,0.0,2,1,1.401298464324817e-45,,
1700489749081-0-4-2-11-4,Neutral,LipPressorL,0.0,,0.0,2,1,1.401298464324817e-45,,
1700489855983-0-4-3-0-4,Neutral,LipPressorL,0.0,,0.0,2,1,1.401298464324817e-45,,
1700489879925-0-4-3-12-4,Neutral,LipPressorL,0.0,,7.581024691997265e-42,2,1,2.56801956572166e-41,,
1700489883738-0-4-3-14-4,Neutral,LipPressorL,0.0,,0.0,2,1,1.401298464324817e-45,,
1700490046162-0-4-4-2-4,Neutral,LipPressorL,0.0,,9.949541635023706e-09,2,1,3.368789336377631e-08,,
1700490049560-0-4-4-4-4,Neutral,LipPressorL,-2.589234165614741e-13,,4.660822838786778e-09,2,1,1.5779157536144346e-08,,
1700490050975-0-4-4-5-4,Neutral,LipPressorL,0.0,,1.9316184021484373e-15,2,1,6.542975034251044e-15,,
1700490074050-0-4-4-18-4,Neutral,LipPressorL,0.0,,0.0,2,1,1.401298464324817e-45,,
1700491500091-1-5-2-0-4,Neutral,LipPressorL,0.0,,0.0,2,1,1.401298464324817e-45,,
1700491518328-1-5-2-7-4,Neutral,LipPressorL,0.0,,3.9421292421589103e-25,2,1,1.3353273368034055e-24,,
1700491527628-1-5-2-11-4,Neutral,LipPressorL,0.0,,0.0,2,1,1.401298464324817e-45,,
1700491642205-1-5-3-14-4,Neutral,LipPressorL,-8.009009268971346e-40,,1.4390662425986792e-35,2,1,4.874578774486989e-35,,
1700491793991-1-5-4-2-4,Neutral,LipPressorL,0.0,,4.7935778241937996e-17,2,1,1.6236943972507134e-16,,
1700491797265-1-5-4-4-4,Neutral,LipPressorL,0.0,,4.344256839918668e-32,2,1,1.471534609715295e-31,,
1700491799550-1-5-4-5-4,Neutral,LipPressorL,0.0,,2.0206723855563837e-42,2,1,6.845342998226729e-42,,
1700496793977-1-6-2-0-4,Neutral,LipPressorL,0.0,,6.445972935894159e-44,2,1,2.1860256043467146e-43,,
1700496811015-1-6-2-7-4,Neutral,LipPressorL,0.0,,0.0,2,1,1.401298464324817e-45,,
1700496821331-1-6-2-11-4,Neutral,LipPressorL,0.0,,0.0,2,1,1.401298464324817e-45,,
1700496916406-1-6-3-0-4,Neutral,LipPressorL,0.0,,0.0,2,1,1.401298464324817e-45,,
1700496945235-1-6-3-14-4,Neutral,LipPressorL,-4.665690499295766e-39,,8.383481069158106e-35,2,1,2.839725962349125e-34,,
1700497094126-1-6-4-2-4,Neutral,LipPressorL,0.0,,2.366962782536282e-21,2,1,8.017693656414571e-21,,
1700497099202-1-6-4-5-4,Neutral,LipPressorL,0.0,,3.2229864679470803e-44,3,1,9.10844001811131e-44,,
1700567803057-2-8-2-7-4,Neutral,LipPressorL,0.0,,2.4183260949328655e-10,2,1,8.183860811250552e-10,,
1700567812479-2-8-2-11-4,Neutral,LipPressorL,0.0,,4.677157839843672e-19,2,1,9.293271818432462e-19,,
1700567902030-2-8-3-0-4,Neutral,LipPressorL,0.0,,0.0,2,1,1.401298464324817e-45,,
1700567926584-2-8-3-12-4,Neutral,LipPressorL,0.0,,0.0,2,1,1.401298464324817e-45,,
1700568082939-2-8-4-4-4,Neutral,LipPressorL,0.0,,6.269445407269816e-08,2,1,1.956385773382863e-07,,
1700568107499-2-8-4-18-4,Neutral,LipPressorL,0.0,,1.1574043047753169e-12,2,1,1.2185001271869389e-12,,
1700571069519-1-9-2-7-4,Neutral,LipPressorL,0.0,,4.9987077755172806e-21,2,1,9.932155524348104e-21,,
1700571079162-1-9-2-11-4,Neutral,LipPressorL,0.0,,0.0,2,1,1.401298464324817e-45,,
1700571165769-1-9-3-0-4,Neutral,LipPressorL,0.0,,2.16752032139199e-35,3,1,7.342128531686391e-35,,
1700571189021-1-9-3-12-4,Neutral,LipPressorL,0.0,,5.21794521653185e-13,2,1,1.7674312534354808e-12,,
1700571355274-1-9-4-4-4,Neutral,LipPressorL,0.0,,0.0,2,1,1.401298464324817e-45,,
1700571356929-1-9-4-5-4,Neutral,LipPressorL,0.0,,0.0,2,1,1.401298464324817e-45,,
1700571379610-1-9-4-18-4,Neutral,LipPressorL,0.0,,8.42093239583619e-09,3,1,2.3738682131124733e-08,,
1700577731858-2-10-2-0-4,Neutral,LipPressorL,0.0,,0.0,2,1,1.401298464324817e-45,,
1700577759366-2-10-2-11-4,Neutral,LipPressorL,0.0,,0.0,2,1,1.401298464324817e-45,,
1700577839039-2-10-3-0-4,Neutral,LipPressorL,0.0,,0.0,2,1,1.401298464324817e-45,,
1700577863441-2-10-3-12-4,Neutral,LipPressorL,-1.401298464324817e-45,,2.4361573802286945e-41,2,1,8.25182626686955e-41,,
1700577867123-2-10-3-14-4,Neutral,LipPressorL,0.0,,0.0,2,1,1.401298464324817e-45,,
1700578014206-2-10-4-4-4,Neutral,LipPressorL,0.0,,0.0,2,1,1.401298464324817e-45,,
1700578015880-2-10-4-5-4,Neutral,LipPressorL,0.0,,0.0,2,1,1.401298464324817e-45,,
1700580365317-0-11-2-0-4,Neutral,LipPressorL,0.0,,0.0,2,1,1.401298464324817e-45,,
1700580384125-0-11-2-7-4,Neutral,LipPressorL,0.0,,1.5852724688514282e-09,2,1,3.148013849596509e-09,,
1700580393980-0-11-2-11-4,Neutral,LipPressorL,0.0,,9.547582067170879e-07,2,1,3.218024403395248e-06,,
1700580482915-0-11-3-0-4,Neutral,LipPressorL,0.0,,7.706782798226172e-22,2,1,2.610478817589178e-21,,
1700580507204-0-11-3-12-4,Neutral,LipPressorL,0.0,,5.891982013395136e-09,3,1,1.9921726490679248e-08,,
1700580511202-0-11-3-14-4,Neutral,LipPressorL,0.0,,3.419515579278759e-27,2,1,1.1582940967857336e-26,,
1700580670039-0-11-4-2-4,Neutral,LipPressorL,0.0,,3.7840224154185505e-17,2,1,7.518620458364813e-17,,
1700580674360-0-11-4-4-4,Neutral,LipPressorL,0.0,,6.438423053659232e-36,2,1,2.1808921436044457e-35,,
1700580675190-0-11-4-5-4,Neutral,LipPressorL,0.0,,1.0834839726159486e-41,2,1,3.670000678066696e-41,,
1700582050720-0-12-2-0-4,Neutral,LipPressorL,0.0,,0.0,2,1,1.401298464324817e-45,,
1700582067652-0-12-2-7-4,Neutral,LipPressorL,0.0,,1.1466247396008085e-10,2,1,3.8702271942803164e-10,,
1700582077346-0-12-2-11-4,Neutral,LipPressorL,8.084252476700006e-05,2.0,0.005741348024457699,7,6,0.0108561543747782,,
1700582158885-0-12-3-0-4,Neutral,LipPressorL,0.0,,0.0,2,1,1.401298464324817e-45,,
1700582183583-0-12-3-12-4,Neutral,LipPressorL,0.0,,6.089010182565649e-14,2,1,1.2098528017097376e-13,,
1700582187147-0-12-3-14-4,Neutral,LipPressorL,0.0,,1.9705701416958708e-30,2,1,6.674872202613207e-30,,
1700582330708-0-12-4-2-4,Neutral,LipPressorL,0.0,,2.9797138267895207e-05,2,1,8.696212171344087e-05,,
1700582334354-0-12-4-4-4,Neutral,LipPressorL,0.0,,1.6045527747423417e-21,3,1,3.188148153183828e-21,,
1700582336178-0-12-4-5-4,Neutral,LipPressorL,0.0,,2.054621937440683e-30,4,1,6.959577310540557e-30,,
1700582358759-0-12-4-18-4,Neutral,LipPressorL,-4.996461577810865e-11,,1.087255895981798e-06,2,1,3.4873637559940107e-06,,
1700583883653-2-13-2-0-4,Neutral,LipPressorL,0.0,,1.9698086094356348e-30,2,1,3.9138579058650896e-30,,
1700583910942-2-13-2-11-4,Neutral,LipPressorL,0.00589813105762,7.0,0.00589813105762,7,9,0.0096219209954142,,
1700583999169-2-13-3-0-4,Neutral,LipPressorL,0.0,,0.0,2,1,1.401298464324817e-45,,
1700584023624-2-13-3-12-4,Neutral,LipPressorL,0.0,,2.2183567916639335e-13,3,1,7.514192176469314e-13,,
1700584027538-2-13-3-14-4,Neutral,LipPressorL,0.0,,2.2083925382316355e-31,3,1,4.387966656958512e-31,,
1700584206113-2-13-4-2-4,Neutral,LipPressorL,0.0,,3.649488235168974e-06,2,1,6.82185054756701e-06,,
1700584234061-2-13-4-18-4,Neutral,LipPressorL,-2.4370711004806367e-10,,7.328665560635272e-06,2,1,2.1599165847874247e-05,,
1700745126278-1-14-2-7-4,Neutral,LipPressorL,0.0,,6.039012326126552e-23,2,1,1.1999219341087698e-22,,
1700745221245-1-14-3-0-4,Neutral,LipPressorL,0.0,,0.0,2,1,1.401298464324817e-45,,
1700745249806-1-14-3-14-4,Neutral,LipPressorL,0.0,,9.551928423182706e-34,4,1,2.69292898803924e-33,,
1700745396954-1-14-4-2-4,Neutral,LipPressorL,0.0,,3.1382183093495184e-13,2,1,1.0629906243425637e-12,,
1700745400757-1-14-4-4-4,Neutral,LipPressorL,-8.322054601665425e-35,,1.4953032935680192e-30,2,1,5.0650652268457164e-30,,
1700745402426-1-14-4-5-4,Neutral,LipPressorL,0.0,,2.663474896072695e-38,2,1,9.022016336622542e-38,,
1700745424757-1-14-4-18-4,Neutral,LipPressorL,-2.8868814005988935e-09,,0.00029595906380569997,2,1,0.00067787169246,,
1700747228293-2-15-2-0-4,Neutral,LipPressorL,0.0,,0.0,2,1,1.401298464324817e-45,,
1700747244934-2-15-2-7-4,Neutral,LipPressorL,0.0,,3.13319803295081e-18,2,1,1.0613155738612649e-17,,
1700747345899-2-15-3-0-4,Neutral,LipPressorL,0.0,,0.0,2,1,1.401298464324817e-45,,
1700747374991-2-15-3-14-4,Neutral,LipPressorL,0.0,,6.654164723149138e-35,3,1,2.253982407875408e-34,,
1700747516587-2-15-4-2-4,Neutral,LipPressorL,0.0,,1.4289810446044267e-09,3,1,4.027790989624691e-09,,
1700747522488-2-15-4-5-4,Neutral,LipPressorL,0.0,,8.694613129465094e-36,2,1,2.9451419768845896e-35,,
1700747545324-2-15-4-18-4,Neutral,LipPressorL,0.0,,2.178653346618375e-08,2,1,7.334634233302495e-08,,
1700748685289-0-16-2-0-4,Neutral,LipPressorL,0.0,,0.0,2,1,1.401298464324817e-45,,
1700748702660-0-16-2-7-4,Neutral,LipPressorL,0.0,,7.72632104340157e-18,2,1,1.5351820350661502e-17,,
1700748713158-0-16-2-11-4,Neutral,LipPressorL,0.0,,2.8870456940713446e-35,2,1,9.77929795881303e-35,,
1700748800893-0-16-3-0-4,Neutral,LipPressorL,-7.3212707156784e-30,,1.3154817657955342e-25,2,1,4.455985840248893e-25,,
1700748825492-0-16-3-12-4,Neutral,LipPressorL,0.0,,0.0,2,1,1.401298464324817e-45,,
1700748829753-0-16-3-14-4,Neutral,LipPressorL,0.0,,2.5107106877472057e-14,4,1,7.078013305669707e-14,,
1700748976246-0-16-4-2-4,Neutral,LipPressorL,0.0,,2.7239424525760114e-05,3,1,4.646708839572966e-05,,
1700748979102-0-16-4-4-4,Neutral,LipPressorL,0.0,,8.294304791956866e-21,3,1,2.338402756300756e-20,,
1700748981010-0-16-4-5-4,Neutral,LipPressorL,0.0,,8.666342897177437e-29,2,1,2.93555177318985e-28,,
1700749004414-0-16-4-18-4,Neutral,LipPressorL,0.0,,4.5920063485027635e-07,2,1,9.059334047378798e-07,,
1700753894954-0-17-2-0-4,Neutral,LipPressorL,0.0,,0.0,2,1,1.401298464324817e-45,,
1700753912993-0-17-2-7-4,Neutral,LipPressorL,0.0,,2.2403563274365072e-20,2,1,7.588814079737752e-20,,
1700753922791-0-17-2-11-4,Neutral,LipPressorL,0.0,,0.0,2,1,1.401298464324817e-45,,
1700754006731-0-17-3-0-4,Neutral,LipPressorL,-1.2638696487082907e-37,,3.222168136190112e-33,2,1,1.0914526760838358e-32,,
1700754032227-0-17-3-12-4,Neutral,LipPressorL,-4.25125928106863e-41,,7.639186873953656e-37,2,1,2.5875181966476187e-36,,
1700754034928-0-17-3-14-4,Neutral,LipPressorL,0.0,,0.0,2,1,1.401298464324817e-45,,
1700754181816-0-17-4-2-4,Neutral,LipPressorL,0.0,,0.0,2,1,1.401298464324817e-45,,
1700754185116-0-17-4-4-4,Neutral,LipPressorL,0.0,,0.0,2,1,1.401298464324817e-45,,
1700754186022-0-17-4-5-4,Neutral,LipPressorL,0.0,,0.0,2,1,1.401298464324817e-45,,
1700754209381-0-17-4-18-4,Neutral,LipPressorL,0.0,,0.0,2,1,1.401298464324817e-45,,
1700756481968-2-18-3-0-4,Neutral,LipPressorL,0.0,,0.0,2,1,1.401298464324817e-45,,
1700756506384-2-18-3-12-4,Neutral,LipPressorL,0.0,,2.2510292326021137e-15,3,1,6.346169893571823e-15,,
1700756511419-2-18-3-14-4,Neutral,LipPressorL,0.0,,2.1722811088914734e-16,2,1,7.358133390546336e-16,,
1700756707997-2-18-4-2-4,Neutral,LipPressorL,-4.47671691383711e-11,,9.82954816208803e-07,2,1,3.1450560982193565e-06,,
1700756711213-2-18-4-4-4,Neutral,LipPressorL,0.0,,8.925311121189846e-23,2,1,3.023291622557506e-22,,
1700756713736-2-18-4-5-4,Neutral,LipPressorL,0.0,,5.891135406571808e-33,2,1,1.9955222956285862e-32,,
1700756736108-2-18-4-18-4,Neutral,LipPressorL,-5.931270286117091e-15,,1.0671677430629224e-10,2,1,3.6133954162131927e-10,,
1700824442779-0-19-2-0-4,Neutral,LipPressorL,0.0,,0.0,2,1,1.401298464324817e-45,,
1700824460273-0-19-2-7-4,Neutral,LipPressorL,0.0,,1.1024444298847873e-32,2,1,3.7343357268207856e-32,,
1700824470213-0-19-2-11-4,Neutral,LipPressorL,0.0,,5.250665760471105e-14,2,1,1.0429602060463285e-13,,
1700824552450-0-19-3-0-4,Neutral,LipPressorL,0.0,,0.0,2,1,1.401298464324817e-45,,
1700824576678-0-19-3-12-4,Neutral,LipPressorL,0.0,,4.032392989632703e-17,2,1,8.012110456113539e-17,,
1700824580639-0-19-3-14-4,Neutral,LipPressorL,0.0,,0.0002572915400379,4,1,0.0007108171121217,,
1700824742622-0-19-4-2-4,Neutral,LipPressorL,0.0,,4.5127728753868723e-07,2,1,1.4688437204313232e-06,,
1700824746918-0-19-4-4-4,Neutral,LipPressorL,0.0,,1.6645707034967934e-08,2,1,5.23202423607927e-08,,
1700824748077-0-19-4-5-4,Neutral,LipPressorL,0.0,,1.5114730349480646e-14,2,1,5.119499998083345e-14,,
1700824771615-0-19-4-18-4,Neutral,LipPressorL,0.0,,5.789351931184683e-08,3,1,1.1408107525312516e-07,,
1700825809793-0-20-2-0-4,Neutral,LipPressorL,0.0,,0.0,2,1,1.401298464324817e-45,,
1700825828652-0-20-2-7-4,Neutral,LipPressorL,0.0,,4.775394218514001e-14,2,1,1.617581394351697e-13,,
1700825838306-0-20-2-11-4,Neutral,LipPressorL,0.0,,1.0901016200826053e-10,2,1,3.690995564742393e-10,,
1700825919121-0-20-3-0-4,Neutral,LipPressorL,0.0,,0.0,2,1,1.401298464324817e-45,,
1700825943475-0-20-3-12-4,Neutral,LipPressorL,0.0,,4.147667345444701e-24,2,1,1.4049480193354146e-23,,
1700825947604-0-20-3-14-4,Neutral,LipPressorL,0.0,,2.4228450448176087e-42,2,1,8.204602508621804e-42,,
1700826093086-0-20-4-2-4,Neutral,LipPressorL,0.0,,6.724917511746755e-06,2,1,1.252636684512254e-05,,
1700826096902-0-20-4-4-4,Neutral,LipPressorL,0.0,,1.7919313255454473e-10,3,1,5.051025708802115e-10,,
1700826098806-0-20-4-5-4,Neutral,LipPressorL,0.0,,8.014714513739677e-20,4,1,2.714831844311356e-19,,
1700826121348-0-20-4-18-4,Neutral,LipPressorL,0.0,,3.226947990094143e-33,2,1,1.0930696420317888e-32,,
1700827659452-0-21-2-0-4,Neutral,LipPressorL,0.0,,0.0,2,1,1.401298464324817e-45,,
1700827676220-0-21-2-7-4,Neutral,LipPressorL,0.0,,3.7980669909619965e-19,2,1,1.2865321012796237e-18,,
1700827687061-0-21-2-11-4,Neutral,LipPressorL,0.0058981361798942,9.0,0.0058981361798942,9,11,0.0096219023689627,,
1700827788949-0-21-3-0-4,Neutral,LipPressorL,0.0,,0.0,2,1,1.401298464324817e-45,,
1700827814313-0-21-3-12-4,Neutral,LipPressorL,-7.255684019385184e-19,,1.3037104219532768e-14,2,1,4.416059802992561e-14,,
1700827817441-0-21-3-14-4,Neutral,LipPressorL,-3.781697569709764e-33,,6.794848158962087e-29,2,1,2.3016473394343462e-28,,
1700827971512-0-21-4-2-4,Neutral,LipPressorL,0.0,,2.710388201853861e-14,2,1,9.180799702282821e-14,,
1700827975241-0-21-4-4-4,Neutral,LipPressorL,0.0,,3.689328516665937e-31,2,1,1.249671053624712e-30,,
1700827976309-0-21-4-5-4,Neutral,LipPressorL,-2.4350363414572346e-41,,4.3755066986025754e-37,2,1,1.482096392105218e-36,,
1700827999979-0-21-4-18-4,Neutral,LipPressorL,0.0,,1.5737733747300808e-06,3,1,4.378704943519551e-06,,
1700830030854-0-22-2-0-4,Neutral,LipPressorL,0.0,,0.0,2,1,0.0,,
1700830048351-0-22-2-7-4,Neutral,LipPressorL,0.0,,0.0,2,1,0.0,,
1700830058808-0-22-2-11-4,Neutral,LipPressorL,0.0,,0.0,2,1,0.0,,
1700830142490-0-22-3-0-4,Neutral,LipPressorL,0.0,,0.0,2,1,0.0,,
1700830167084-0-22-3-12-4,Neutral,LipPressorL,0.0,,0.0,2,1,0.0,,
1700830171915-0-22-3-14-4,Neutral,LipPressorL,0.0,,0.0,2,1,0.0,,
1700830332630-0-22-4-2-4,Neutral,LipPressorL,0.0,,6.601149341771764e-14,3,1,1.8610064661181425e-13,,
1700830336094-0-22-4-4-4,Neutral,LipPressorL,0.0,,3.030975884329715e-30,2,1,1.0266969280872912e-29,,
1700830338720-0-22-4-5-4,Neutral,LipPressorL,0.0,,7.003409465002571e-41,3,1,2.3723002092094126e-40,,
1700830361054-0-22-4-18-4,Neutral,LipPressorL,0.0,,0.0,2,1,1.401298464324817e-45,,
1701085482708-2-23-2-0-4,Neutral,LipPressorL,0.0,,0.0,2,1,1.401298464324817e-45,,
1701085500311-2-23-2-7-4,Neutral,LipPressorL,-3.3531873839958e-24,,6.0250465800473e-20,2,1,2.0408658899654324e-19,,
1701085510979-2-23-2-11-4,Neutral,LipPressorL,0.0,,1.5587358217195264e-23,2,1,3.097141435734059e-23,,
1701085630752-2-23-3-14-4,Neutral,LipPressorL,0.0,,1.4044614797026472e-35,2,1,4.75733440544356e-35,,
1701085786811-2-23-4-2-4,Neutral,LipPressorL,0.0,,3.199829006916843e-05,2,1,5.528932524612173e-05,,
1701085789639-2-23-4-4-4,Neutral,LipPressorL,0.0,,2.1068938052166306e-20,2,1,4.1862424960352453e-20,,
1701085791397-2-23-4-5-4,Neutral,LipPressorL,-4.288863138004104e-33,,1.0934038739845905e-28,2,1,3.703735413045434e-28,,
1701087284069-0-24-2-0-4,Neutral,LipPressorL,0.0,,0.0,2,1,1.401298464324817e-45,,
1701087302389-0-24-2-7-4,Neutral,LipPressorL,0.0,,6.173922609952596e-38,2,1,1.2267076618499052e-37,,
1701087311568-0-24-2-11-4,Neutral,LipPressorL,0.0,,0.0,2,1,1.401298464324817e-45,,
1701087396342-0-24-3-0-4,Neutral,LipPressorL,0.0,,0.0,2,1,1.401298464324817e-45,,
1701087420756-0-24-3-12-4,Neutral,LipPressorL,0.0,,4.515830819870336e-32,2,1,1.5296371795866092e-31,,
1701087424724-0-24-3-14-4,Neutral,LipPressorL,0.0,,0.0,2,1,1.401298464324817e-45,,
1701087599318-0-24-4-2-4,Neutral,LipPressorL,0.0,,7.892730380376634e-08,2,1,1.2666987458942458e-07,,
1701087602946-0-24-4-4-4,Neutral,LipPressorL,0.0,,2.720235530598228e-26,3,1,5.404974169354257e-26,,
1701087604671-0-24-4-5-4,Neutral,LipPressorL,0.0,,2.8422140155287853e-34,2,1,9.627479649161966e-34,,
1701087627595-0-24-4-18-4,Neutral,LipPressorL,-8.024232794607951e-15,,1.6911172462386048e-10,2,1,5.472728381583636e-10,,
1701090983779-0-25-2-0-4,Neutral,LipPressorL,0.0,,0.0,2,1,1.401298464324817e-45,,
1701091001022-0-25-2-7-4,Neutral,LipPressorL,0.0,,0.0,2,1,1.401298464324817e-45,,
1701091010939-0-25-2-11-4,Neutral,LipPressorL,0.0,,0.0,2,1,1.401298464324817e-45,,
1701091100718-0-25-3-0-4,Neutral,LipPressorL,0.0,,0.0,2,1,1.401298464324817e-45,,
1701091123703-0-25-3-12-4,Neutral,LipPressorL,0.0,,3.872015453762218e-15,2,1,7.693321586071163e-15,,
1701091129107-0-25-3-14-4,Neutral,LipPressorL,0.0,,3.6661930698794325e-38,2,1,1.2418625365857623e-37,,
1701091284665-0-25-4-2-4,Neutral,LipPressorL,0.0,,7.941823265103679e-16,2,1,2.690148053117688e-15,,
1701091287847-0-25-4-4-4,Neutral,LipPressorL,0.0,,5.072823301482046e-31,2,1,1.7183242884161945e-30,,
1701091289459-0-25-4-5-4,Neutral,LipPressorL,0.0,,4.488188022819743e-39,2,1,1.5203055580956058e-38,,
1701091312292-0-25-4-18-4,Neutral,LipPressorL,-2.7634768794210782e-39,,1.2010940693481777e-34,2,1,2.386508146082341e-34,,
1701092651647-0-26-2-0-4,Neutral,LipPressorL,0.0,,0.0,2,1,1.401298464324817e-45,,
1701092669478-0-26-2-7-4,Neutral,LipPressorL,0.0,,3.9052437489547266e-20,3,1,1.1009865718430003e-19,,
1701092678929-0-26-2-11-4,Neutral,LipPressorL,0.0,,0.0,2,1,1.401298464324817e-45,,
1701092761432-0-26-3-0-4,Neutral,LipPressorL,0.0,,0.0,2,1,1.401298464324817e-45,,
1701092786260-0-26-3-12-4,Neutral,LipPressorL,0.0,,1.7905479764589898e-16,3,1,3.5576969324478756e-16,,
1701092789851-0-26-3-14-4,Neutral,LipPressorL,0.0,,3.5273205921918234e-34,3,1,1.1948013863570628e-33,,
1701092950496-0-26-4-2-4,Neutral,LipPressorL,0.00021260511130099906,2.0,0.0056228693574667,4,3,0.0107715958729386,,
1701092954768-0-26-4-4-4,Neutral,LipPressorL,0.0,,6.5084634508235765e-22,3,1,2.2046235386129586e-21,,
1701092956593-0-26-4-5-4,Neutral,LipPressorL,-2.258665559001985e-34,,4.058397067400388e-30,2,1,1.3747024632301505e-29,,
1701092978539-0-26-4-18-4,Neutral,LipPressorL,0.0,,3.021794725555081e-08,2,1,1.0152074736424765e-07,,
1701094549501-2-27-2-7-4,Neutral,LipPressorL,0.0,,1.5705478231950113e-14,2,1,5.3199882921271125e-14,,
1701094559720-2-27-2-11-4,Neutral,LipPressorL,0.0,,3.529544998352491e-16,3,1,1.1955606411489616e-15,,
1701094652485-2-27-3-0-4,Neutral,LipPressorL,0.0,,0.0,2,1,1.401298464324817e-45,,
1701094679684-2-27-3-14-4,Neutral,LipPressorL,0.0,,8.486791457727749e-29,3,1,2.3926482515303723e-28,,
1701094823610-2-27-4-2-4,Neutral,LipPressorL,0.0,,1.2047724063121453e-20,2,1,2.3938043087374886e-20,,
1701094829010-2-27-4-5-4,Neutral,LipPressorL,0.0,,2.802596928649634e-45,2,1,5.605193857299268e-45,,
1701094851143-2-27-4-18-4,Neutral,LipPressorL,0.0,,4.866437564806373e-25,2,1,1.648398422738716e-24,,
1701170485607-0-28-2-0-4,Neutral,LipPressorL,0.0,,0.0,2,1,1.401298464324817e-45,,
1701170504147-0-28-2-7-4,Neutral,LipPressorL,0.0,,3.050485831518787e-27,2,1,1.033259720345401e-26,,
1701170513808-0-28-2-11-4,Neutral,LipPressorL,0.0,,0.0,2,1,1.401298464324817e-45,,
1701170599471-0-28-3-0-4,Neutral,LipPressorL,0.0,,5.282895210504562e-43,2,1,1.0481712513149633e-42,,
1701170627518-0-28-3-14-4,Neutral,LipPressorL,-2.1357918912350195e-31,,3.837688125871694e-27,2,1,1.2999361523225062e-26,,
1701170768393-0-28-4-2-4,Neutral,LipPressorL,0.0,,4.017628887724705e-15,2,1,1.3607485194785506e-14,,
1701170772568-0-28-4-4-4,Neutral,LipPressorL,0.0,,1.16498175790609e-33,2,1,3.946108087087526e-33,,
1701170774157-0-28-4-5-4,Neutral,LipPressorL,0.0,,5.927492504093978e-41,2,1,2.0078084656538844e-40,,
1701170797074-0-28-4-18-4,Neutral,LipPressorL,0.0,,6.1400550582302875e-21,2,1,2.0798440298338662e-20,,
1701175937155-1-29-2-0-4,Neutral,LipPressorL,0.0,,1.5511059852320612e-30,2,1,5.2540704244466335e-30,,
1701176062462-1-29-3-0-4,Neutral,LipPressorL,0.0,,0.0,2,1,1.401298464324817e-45,,
1701176086103-1-29-3-12-4,Neutral,LipPressorL,-8.629598963587026e-19,,1.550621881330621e-14,2,1,5.2523954017493976e-14,,
1701176090080-1-29-3-14-4,Neutral,LipPressorL,0.0,,1.0880032613797443e-32,2,1,2.161786567597592e-32,,
1701176246716-1-29-4-2-4,Neutral,LipPressorL,0.0,,1.5816144780574776e-14,2,1,3.142564740333739e-14,,
1701176250146-1-29-4-4-4,Neutral,LipPressorL,0.0,,2.074521834285979e-30,2,1,7.027071374978331e-30,,
1701177685055-0-30-2-0-4,Neutral,LipPressorL,0.0,,0.0,2,1,1.401298464324817e-45,,
1701177702665-0-30-2-7-4,Neutral,LipPressorL,-5.436426250860644e-24,,9.768382648791842e-20,2,1,3.3088426498948723e-19,,
1701177713045-0-30-2-11-4,Neutral,LipPressorL,0.0,,0.0,2,1,1.401298464324817e-45,,
1701177800653-0-30-3-0-4,Neutral,LipPressorL,0.0,,0.0,2,1,1.401298464324817e-45,,
1701177824168-0-30-3-12-4,Neutral,LipPressorL,0.0,,2.1997229850967415e-06,2,1,7.195032594609074e-06,,
1701177828390-0-30-3-14-4,Neutral,LipPressorL,0.0,,5.648383118116986e-25,2,1,1.913221395204125e-24,,
1701178063063-0-30-4-2-4,Neutral,LipPressorL,0.0,,1.0868316024925662e-08,3,1,3.676674253938472e-08,,
1701178065933-0-30-4-4-4,Neutral,LipPressorL,0.0,,1.9356263623101138e-22,3,1,5.456916155567292e-22,,
1701178067826-0-30-4-5-4,Neutral,LipPressorL,0.0,,1.4253521638183806e-30,2,1,4.828163054307548e-30,,
1701178091048-0-30-4-18-4,Neutral,LipPressorL,0.0,,4.2520779919794546e-26,3,1,8.448655305193536e-26,,
1701188060953-0-31-2-0-4,Neutral,LipPressorL,0.0,,0.0,2,1,1.401298464324817e-45,,
1701188079711-0-31-2-7-4,Neutral,LipPressorL,0.0,,4.0566019682980204e-22,2,1,1.374101891867041e-21,,
1701188089397-0-31-2-11-4,Neutral,LipPressorL,0.0,,0.0,2,1,1.401298464324817e-45,,
1701188183381-0-31-3-0-4,Neutral,LipPressorL,0.0,,0.0,2,1,1.401298464324817e-45,,
1701188207233-0-31-3-12-4,Neutral,LipPressorL,-6.813109511239962e-15,,1.228339097103514e-10,2,1,4.156645305730677e-10,,
1701188211213-0-31-3-14-4,Neutral,LipPressorL,-2.8041395698346577e-33,,5.038445790517107e-29,2,1,1.7066888202729983e-28,,
1701188355699-0-31-4-2-4,Neutral,LipPressorL,0.0,,4.2943941025441745e-07,2,1,1.396600737280096e-06,,
1701188359086-0-31-4-4-4,Neutral,LipPressorL,0.0,,4.969611341536689e-23,2,1,9.874334140453518e-23,,
1701188361143-0-31-4-5-4,Neutral,LipPressorL,0.0,,3.0987930686546436e-31,3,1,8.736185618136059e-31,,
1701188384546-0-31-4-18-4,Neutral,LipPressorL,0.0,,4.966238975612216e-07,2,1,1.6642156879242975e-06,,
1701346809545-1-32-2-7-4,Neutral,LipPressorL,0.0,,1.9701076341938103e-25,3,1,5.5541985494523225e-25,,
1701346912976-1-32-3-0-4,Neutral,LipPressorL,0.0,,0.0,2,1,1.401298464324817e-45,,
1701346937046-1-32-3-12-4,Neutral,LipPressorL,0.0,,7.314989673203767e-32,2,1,2.4778299493723136e-31,,
1701346942109-1-32-3-14-4,Neutral,LipPressorL,0.0,,0.0,2,1,1.401298464324817e-45,,
1701347163980-1-32-4-2-4,Neutral,LipPressorL,0.0,,4.149805272251511e-41,2,1,1.405656502548867e-40,,
1701347167138-1-32-4-4-4,Neutral,LipPressorL,0.0,,0.0,2,1,1.401298464324817e-45,,
1701347169085-1-32-4-5-4,Neutral,LipPressorL,0.0,,0.0,2,1,1.401298464324817e-45,,
1701350285686-0-33-2-0-4,Neutral,LipPressorL,0.0,,0.0,2,1,1.401298464324817e-45,,
1701350303183-0-33-2-7-4,Neutral,LipPressorL,0.0,,2.7756130272541388e-21,2,1,9.401631444701143e-21,,
1701350313016-0-33-2-11-4,Neutral,LipPressorL,0.0,,0.0,2,1,1.401298464324817e-45,,
1701350406170-0-33-3-0-4,Neutral,LipPressorL,0.0,,0.0,2,1,1.401298464324817e-45,,
1701350430828-0-33-3-12-4,Neutral,LipPressorL,0.0,,6.703370194018833e-27,2,1,2.270633964354432e-26,,
1701350434496-0-33-3-14-4,Neutral,LipPressorL,0.0,,1.555441295400547e-43,4,1,4.3860641933366774e-43,,
1701350601003-0-33-4-2-4,Neutral,LipPressorL,0.0,,2.8949992656419963e-16,4,1,9.806296306732088e-16,,
1701350604028-0-33-4-4-4,Neutral,LipPressorL,-6.852024529210274e-34,,1.2312352773111618e-29,2,1,4.1705095119716476e-29,,
1701350606249-0-33-4-5-4,Neutral,LipPressorL,0.0,,8.126396041327836e-40,2,1,2.7526840786488485e-39,,
1701357433464-0-34-2-0-4,Neutral,LipPressorL,0.0,,3.94889602907989e-34,2,1,1.3376158684583088e-33,,
1701357450827-0-34-2-7-4,Neutral,LipPressorL,0.0,,2.4394037062919833e-19,2,1,8.263019399473432e-19,,
1701357461570-0-34-2-11-4,Neutral,LipPressorL,-1.7003673961196998e-15,,3.0578636844857954e-11,2,1,1.035530688975328e-10,,
1701357563449-0-34-3-0-4,Neutral,LipPressorL,0.0,,0.0,2,1,1.401298464324817e-45,,
1701357587916-0-34-3-12-4,Neutral,LipPressorL,0.0,,3.945316989772962e-11,3,1,7.837964305368317e-11,,
1701357591779-0-34-3-14-4,Neutral,LipPressorL,0.0,,1.6227888720672382e-29,3,1,4.575020101355145e-29,,
1701357748181-0-34-4-2-4,Neutral,LipPressorL,0.0,,0.0037260029930621997,2,1,0.0049742725677788,,
1701357752233-0-34-4-4-4,Neutral,LipPressorL,0.0,,7.171342007303344e-23,2,1,1.4249096081166165e-22,,
1701357753813-0-34-4-5-4,Neutral,LipPressorL,0.0,,3.648952260545701e-30,3,1,7.250188854402823e-30,,
1701357776442-0-34-4-18-4,Neutral,LipPressorL,0.0,,7.186106093862166e-13,2,1,2.434116059754632e-12,,
1701429343114-0-35-2-0-4,Neutral,LipPressorL,0.0,,0.0,2,1,1.401298464324817e-45,,
1701429360245-0-35-2-7-4,Neutral,LipPressorL,0.0,,0.0,2,1,1.401298464324817e-45,,
1701429369442-0-35-2-11-4,Neutral,LipPressorL,0.0,,0.0,2,1,1.401298464324817e-45,,
1701429450032-0-35-3-0-4,Neutral,LipPressorL,0.0,,0.0,2,1,1.401298464324817e-45,,
1701429472988-0-35-3-12-4,Neutral,LipPressorL,-7.160774184440492e-17,,1.286864495173012e-12,2,1,4.358792840553072e-12,,
1701429478198-0-35-3-14-4,Neutral,LipPressorL,-9.432432834749388e-39,,1.6948663259239605e-34,2,1,5.741095123961859e-34,,
1701429614383-0-35-4-2-4,Neutral,LipPressorL,0.0,,0.0,2,1,1.401298464324817e-45,,
1701429617682-0-35-4-4-4,Neutral,LipPressorL,0.0,,0.0,2,1,1.401298464324817e-45,,
1701429619277-0-35-4-5-4,Neutral,LipPressorL,0.0,,0.0,2,1,1.401298464324817e-45,,
1701429642248-0-35-4-18-4,Neutral,LipPressorL,0.0,,8.52547684515795e-31,2,1,2.8877839333600053e-30,,
1701438115858-1-36-2-0-4,Neutral,LipPressorL,0.0,,0.0,2,1,1.401298464324817e-45,,
1701438144034-1-36-2-11-4,Neutral,LipPressorL,0.0,,0.0,2,1,1.401298464324817e-45,,
1701438258955-1-36-3-12-4,Neutral,LipPressorL,0.0,,1.274287099450877e-12,2,1,4.316241808410837e-12,,
1701438263357-1-36-3-14-4,Neutral,LipPressorL,0.0,,1.3426744798273774e-32,2,1,2.6677997106177416e-32,,
1701438428761-1-36-4-2-4,Neutral,LipPressorL,0.0,,0.0,2,1,1.401298464324817e-45,,
1701438432427-1-36-4-4-4,Neutral,LipPressorL,0.0,,0.0,2,1,1.401298464324817e-45,,
1701438456478-1-36-4-18-4,Neutral,LipPressorL,0.0,,1.3005648991158706e-25,2,1,4.405440070784922e-25,,
1701440279556-0-37-2-0-4,Neutral,LipPressorL,0.0,,0.0,2,1,1.401298464324817e-45,,
1701440297403-0-37-2-7-4,Neutral,LipPressorL,0.0,,4.1688100256478847e-26,2,1,1.4121024355431352e-25,,
1701440307217-0-37-2-11-4,Neutral,LipPressorL,0.0,,0.0,2,1,1.401298464324817e-45,,
1701440393078-0-37-3-0-4,Neutral,LipPressorL,0.0,,0.0,2,1,1.401298464324817e-45,,
1701440417854-0-37-3-12-4,Neutral,LipPressorL,0.0,,2.741927073102173e-24,2,1,9.287576559250872e-24,,
1701440421611-0-37-3-14-4,Neutral,LipPressorL,-1.401298464324817e-45,,1.3065706881364594e-41,2,1,4.42572093987707e-41,,
1701440576614-0-37-4-2-4,Neutral,LipPressorL,0.0,,1.8347897894240314e-18,3,1,5.17271605795748e-18,,
1701440580633-0-37-4-4-4,Neutral,LipPressorL,0.0,,2.497436758466245e-35,2,1,4.962305206163761e-35,,
1701440582380-0-37-4-5-4,Neutral,LipPressorL,0.0,,3.1389085600875902e-43,2,1,6.235778166245436e-43,,
1701440604935-0-37-4-18-4,Neutral,LipPressorL,-6.331997803755193e-31,,1.1377525131848882e-26,2,1,3.853909694532882e-26,1.8284245581081793e-05,2.054600803893842e-05
1700479105264-2-1-2-0-4,Neutral,LipFunnelerRB,0.0,,0.0,2,1,1.401298464324817e-45,,
1700479131977-2-1-2-11-4,Neutral,LipFunnelerRB,0.0,,1.224058073826206e-21,2,1,4.146286037377883e-21,,
1700479238544-2-1-3-0-4,Neutral,LipFunnelerRB,0.0,,0.0,2,1,1.401298464324817e-45,,
1700479262241-2-1-3-12-4,Neutral,LipFunnelerRB,0.0,,9.363522502887412e-32,2,1,3.1717393109904005e-31,,
1700479265444-2-1-3-14-4,Neutral,LipFunnelerRB,0.0,,2.1948998174536882e-10,2,1,3.5289290933882e-10,,
1700479420641-2-1-4-5-4,Neutral,LipFunnelerRB,0.0,,6.1379946061251335e-15,3,1,1.7304307130001223e-14,,
1700486071119-1-2-2-0-4,Neutral,LipFunnelerRB,0.0,,0.0,2,1,1.401298464324817e-45,,
1700486089327-1-2-2-7-4,Neutral,LipFunnelerRB,0.0,,0.0,2,1,1.401298464324817e-45,,
1700486098069-1-2-2-11-4,Neutral,LipFunnelerRB,0.0,,0.0,2,1,1.401298464324817e-45,,
1700486217864-1-2-3-14-4,Neutral,LipFunnelerRB,0.0,,0.0,2,1,1.401298464324817e-45,,
1700486365073-1-2-4-2-4,Neutral,LipFunnelerRB,0.0,,0.0024664283264428,2,1,0.0054034395143389,,
1700486369305-1-2-4-4-4,Neutral,LipFunnelerRB,0.0,,1.3114194334785118e-21,2,1,2.605716470615246e-21,,
1700486370761-1-2-4-5-4,Neutral,LipFunnelerRB,0.0,,3.193929478962739e-28,2,1,1.0818738128900304e-27,,
1700487951646-0-3-2-0-4,Neutral,LipFunnelerRB,0.0,,0.0,2,1,1.401298464324817e-45,,
1700487970576-0-3-2-7-4,Neutral,LipFunnelerRB,0.0,,0.0,2,1,1.401298464324817e-45,,
1700487979833-0-3-2-11-4,Neutral,LipFunnelerRB,0.0,,0.0,2,1,1.401298464324817e-45,,
1700488074680-0-3-3-0-4,Neutral,LipFunnelerRB,0.0,,0.0,2,1,1.401298464324817e-45,,
1700488097764-0-3-3-12-4,Neutral,LipFunnelerRB,0.0,,0.0,2,1,1.401298464324817e-45,,
1700488102830-0-3-3-14-4,Neutral,LipFunnelerRB,0.0,,0.0,2,1,1.401298464324817e-45,,
1700488255547-0-3-4-2-4,Neutral,LipFunnelerRB,0.0,,0.0,2,1,0.0,,
1700488259081-0-3-4-4-4,Neutral,LipFunnelerRB,0.0,,0.0,2,1,0.0,,
1700488260871-0-3-4-5-4,Neutral,LipFunnelerRB,0.0,,0.0,2,1,0.0,,
1700488283344-0-3-4-18-4,Neutral,LipFunnelerRB,0.0,,0.0,2,1,0.0,,
1700489722123-0-4-2-0-4,Neutral,LipFunnelerRB,0.0,,6.804031298918105e-34,2,1,2.3047397947664337e-33,,
1700489738660-0-4-2-7-4,Neutral,LipFunnelerRB,0.0046732176560909,27.0,0.0057170283980668,23,22,0.0107769044116139,,
1700489749081-0-4-2-11-4,Neutral,LipFunnelerRB,0.005897842403739209,25.0,0.005897842403739209,25,28,0.0101944161579012,,
1700489855983-0-4-3-0-4,Neutral,LipFunnelerRB,0.005898099315689481,24.0,0.005898099315689481,24,27,0.008845767006278,,
1700489879925-0-4-3-12-4,Neutral,LipFunnelerRB,0.0,,1.6924534690376796e-11,2,1,5.7328079783314217e-11,,
1700489883738-0-4-3-14-4,Neutral,LipFunnelerRB,0.005745080868336988,25.0,0.0067321253009141,8,6,0.010865643620491,,
1700490046162-0-4-4-2-4,Neutral,LipFunnelerRB,0.005365047021769,24.0,0.005365047021769,24,25,0.0084264846518635,,
1700490049560-0-4-4-4-4,Neutral,LipFunnelerRB,0.005873900231108511,24.0,0.005873900231108511,24,30,0.0085601499304175,,
1700490050975-0-4-4-5-4,Neutral,LipFunnelerRB,0.0081122167175636,30.0,0.0081122167175636,30,30,0.0083796614781022,,
1700490074050-0-4-4-18-4,Neutral,LipFunnelerRB,0.003255158662796,5.0,0.0069274245761335,4,30,0.0108654787763953,,
1700491500091-1-5-2-0-4,Neutral,LipFunnelerRB,0.0,,0.0,2,1,1.401298464324817e-45,,
1700491518328-1-5-2-7-4,Neutral,LipFunnelerRB,0.0,,2.387986484173946e-24,2,1,8.08888505882763e-24,,
1700491527628-1-5-2-11-4,Neutral,LipFunnelerRB,0.0,,1.6456613712204386e-24,3,1,4.6395087092146114e-24,,
1700491642205-1-5-3-14-4,Neutral,LipFunnelerRB,-1.064993271613596e-22,,1.914074844342086e-18,2,1,6.483100842778259e-18,,
1700491793991-1-5-4-2-4,Neutral,LipFunnelerRB,0.0,,4.761052553112625e-16,2,1,1.612677569101369e-15,,
1700491797265-1-5-4-4-4,Neutral,LipFunnelerRB,0.0,,2.4108556676612908e-15,2,1,8.165342554389884e-15,,
1700491799550-1-5-4-5-4,Neutral,LipFunnelerRB,0.0,,1.1210391390530997e-25,2,1,3.797254936915073e-25,,
1700496793977-1-6-2-0-4,Neutral,LipFunnelerRB,0.0,,0.0,2,1,1.401298464324817e-45,,
1700496811015-1-6-2-7-4,Neutral,LipFunnelerRB,0.0,,0.0,2,1,1.401298464324817e-45,,
1700496821331-1-6-2-11-4,Neutral,LipFunnelerRB,0.0,,0.0,2,1,1.401298464324817e-45,,
1700496916406-1-6-3-0-4,Neutral,LipFunnelerRB,0.0,,0.0,2,1,1.401298464324817e-45,,
1700496945235-1-6-3-14-4,Neutral,LipFunnelerRB,0.0,,0.0,2,1,1.401298464324817e-45,,
1700497094126-1-6-4-2-4,Neutral,LipFunnelerRB,0.0,,3.0127916982983567e-43,2,1,1.0215465804927916e-42,,
1700497099202-1-6-4-5-4,Neutral,LipFunnelerRB,0.0,,0.0,2,1,1.401298464324817e-45,,
1700567803057-2-8-2-7-4,Neutral,LipFunnelerRB,0.0,,0.0,2,1,1.401298464324817e-45,,
1700567812479-2-8-2-11-4,Neutral,LipFunnelerRB,0.0058981687761843,18.0,0.0058981687761843,18,18,0.0058981687761843,,
1700567902030-2-8-3-0-4,Neutral,LipFunnelerRB,0.0,,1.288881848471312e-11,2,1,4.3657993886725415e-11,,
1700567926584-2-8-3-12-4,Neutral,LipFunnelerRB,0.0,,0.0,2,1,1.401298464324817e-45,,
1700568082939-2-8-4-4-4,Neutral,LipFunnelerRB,0.0,,2.715046854007143e-09,2,1,8.956963171158351e-09,,
1700568107499-2-8-4-18-4,Neutral,LipFunnelerRB,0.0,,0.0,2,1,1.401298464324817e-45,,
1700571069519-1-9-2-7-4,Neutral,LipFunnelerRB,0.0,,1.9923083459064325e-18,2,1,3.957675832852319e-18,,
1700571079162-1-9-2-11-4,Neutral,LipFunnelerRB,0.0,,7.900353987346064e-39,2,1,2.675982886165258e-38,,
1700571165769-1-9-3-0-4,Neutral,LipFunnelerRB,0.0,,0.0,2,1,0.0,,
1700571189021-1-9-3-12-4,Neutral,LipFunnelerRB,0.0,,1.0288305318795217e-08,2,1,3.4786388880547754e-08,,
1700571355274-1-9-4-4-4,Neutral,LipFunnelerRB,0.0,,5.973584240513653e-15,4,1,1.6351744041914404e-14,,
1700571356929-1-9-4-5-4,Neutral,LipFunnelerRB,0.0,,2.4465959306465164e-22,2,1,4.861146185621293e-22,,
1700571379610-1-9-4-18-4,Neutral,LipFunnelerRB,0.0,,2.503998334412579e-31,3,1,7.059297317507254e-31,,
1700577731858-2-10-2-0-4,Neutral,LipFunnelerRB,0.0,,0.0,2,1,1.401298464324817e-45,,
1700577759366-2-10-2-11-4,Neutral,LipFunnelerRB,0.0,,0.0,2,1,1.401298464324817e-45,,
1700577839039-2-10-3-0-4,Neutral,LipFunnelerRB,0.0,,0.0,2,1,1.401298464324817e-45,,
1700577863441-2-10-3-12-4,Neutral,LipFunnelerRB,-1.1210387714598542e-44,,1.3796624160356427e-40,2,1,4.673372417477195e-40,,
1700577867123-2-10-3-14-4,Neutral,LipFunnelerRB,0.0,,0.0,2,1,1.401298464324817e-45,,
1700578014206-2-10-4-4-4,Neutral,LipFunnelerRB,0.0,,3.860997946758894e-31,3,1,1.0885139754716106e-30,,
1700578015880-2-10-4-5-4,Neutral,LipFunnelerRB,0.0,,4.034095854156819e-39,2,1,1.3664749363177275e-38,,
1700580365317-0-11-2-0-4,Neutral,LipFunnelerRB,0.0,,0.0,2,1,1.401298464324817e-45,,
1700580384125-0-11-2-7-4,Neutral,LipFunnelerRB,0.0,,2.1544409788535526e-22,2,1,4.28078891693263e-22,,
1700580393980-0-11-2-11-4,Neutral,LipFunnelerRB,0.0,,3.381021489066744e-22,2,1,1.1452556909124793e-21,,
1700580482915-0-11-3-0-4,Neutral,LipFunnelerRB,0.0,,0.0,2,1,1.401298464324817e-45,,
1700580507204-0-11-3-12-4,Neutral,LipFunnelerRB,0.0,,4.882965699606472e-22,3,1,1.6540092290592585e-21,,
1700580511202-0-11-3-14-4,Neutral,LipFunnelerRB,0.0,,0.00016011364641600002,2,1,0.0003976686275564,,
1700580670039-0-11-4-2-4,Neutral,LipFunnelerRB,0.0,,0.0,2,1,1.401298464324817e-45,,
1700580674360-0-11-4-4-4,Neutral,LipFunnelerRB,0.0,,4.45328574016912e-09,2,1,1.4838688500162789e-08,,
1700580675190-0-11-4-5-4,Neutral,LipFunnelerRB,0.0,,7.080873566525994e-15,2,1,2.398491188917041e-14,,
1700582050720-0-12-2-0-4,Neutral,LipFunnelerRB,0.0,,0.0,2,1,1.401298464324817e-45,,
1700582067652-0-12-2-7-4,Neutral,LipFunnelerRB,0.0,,0.0,2,1,1.401298464324817e-45,,
1700582077346-0-12-2-11-4,Neutral,LipFunnelerRB,0.0,,0.0,2,1,1.401298464324817e-45,,
1700582158885-0-12-3-0-4,Neutral,LipFunnelerRB,0.0,,0.0,2,1,1.401298464324817e-45,,
1700582183583-0-12-3-12-4,Neutral,LipFunnelerRB,0.0,,6.001653602131569e-18,2,1,1.1925017040826834e-17,,
1700582187147-0-12-3-14-4,Neutral,LipFunnelerRB,0.0,,1.942340029195709e-34,2,1,6.5792492283920375e-34,,
1700582330708-0-12-4-2-4,Neutral,LipFunnelerRB,0.0,,5.7315347135045185e-08,2,1,1.939343547974204e-07,,
1700582334354-0-12-4-4-4,Neutral,LipFunnelerRB,0.0,,5.370557154135597e-24,3,1,1.0670968007718036e-23,,
1700582336178-0-12-4-5-4,Neutral,LipFunnelerRB,0.0,,6.876974029464489e-33,4,1,2.3294226414740078e-32,,
1700582358759-0-12-4-18-4,Neutral,LipFunnelerRB,-5.943416068837606e-34,,1.0679435014169672e-29,2,1,3.617373705073573e-29,,
1700583883653-2-13-2-0-4,Neutral,LipFunnelerRB,0.0,,0.0,2,1,0.0,,
1700583910942-2-13-2-11-4,Neutral,LipFunnelerRB,0.00589813105762,7.0,0.00589813105762,7,7,0.00589813105762,,
1700583999169-2-13-3-0-4,Neutral,LipFunnelerRB,0.0,,0.0,2,1,1.401298464324817e-45,,
1700584023624-2-13-3-12-4,Neutral,LipFunnelerRB,0.0,,2.1214677840952703e-40,3,1,7.186124771765884e-40,,
1700584027538-2-13-3-14-4,Neutral,LipFunnelerRB,0.0,,0.0,2,1,1.401298464324817e-45,,
1700584206113-2-13-4-2-4,Neutral,LipFunnelerRB,0.0,,5.346956641005818e-06,2,1,1.0105427463713568e-05,,
1700584234061-2-13-4-18-4,Neutral,LipFunnelerRB,-3.453743957493316e-10,,1.1505153452162631e-05,2,1,3.30720140482299e-05,,
1700745126278-1-14-2-7-4,Neutral,LipFunnelerRB,0.0,,3.4626745137745086e-27,2,1,6.880163629565783e-27,,
1700745221245-1-14-3-0-4,Neutral,LipFunnelerRB,0.0,,0.0,2,1,1.401298464324817e-45,,
1700745249806-1-14-3-14-4,Neutral,LipFunnelerRB,0.0,,8.71621346953049e-34,4,1,2.457319696187136e-33,,
1700745396954-1-14-4-2-4,Neutral,LipFunnelerRB,0.0,,6.534098349192383e-13,2,1,2.202066654022339e-12,,
1700745400757-1-14-4-4-4,Neutral,LipFunnelerRB,-1.7028808096736692e-34,,3.05972941654631e-30,2,1,1.0364271625098388e-29,,
1700745402426-1-14-4-5-4,Neutral,LipFunnelerRB,0.0,,5.450072359376058e-38,2,1,1.846108712219744e-37,,
1700745424757-1-14-4-18-4,Neutral,LipFunnelerRB,-3.2819083566804386e-19,,0.1264750957489014,4,1,0.3276193737983703,,
1700747228293-2-15-2-0-4,Neutral,LipFunnelerRB,0.0,,0.0,2,1,1.401298464324817e-45,,
1700747244934-2-15-2-7-4,Neutral,LipFunnelerRB,0.0,,0.0,2,1,1.401298464324817e-45,,
1700747345899-2-15-3-0-4,Neutral,LipFunnelerRB,0.0,,0.0,2,1,1.401298464324817e-45,,
1700747374991-2-15-3-14-4,Neutral,LipFunnelerRB,0.0,,2.6259694254954138e-15,3,1,8.894380423959871e-15,,
1700747516587-2-15-4-2-4,Neutral,LipFunnelerRB,0.0,,0.0285508667584509,2,1,0.0313938371837139,,
1700747522488-2-15-4-5-4,Neutral,LipFunnelerRB,0.0,,1.9290840365568606e-18,2,1,6.53442119593258e-18,,
1700747545324-2-15-4-18-4,Neutral,LipFunnelerRB,0.0,,1.6019623778548708e-13,2,1,4.855397767872249e-13,,
1700748685289-0-16-2-0-4,Neutral,LipFunnelerRB,0.0,,0.0,2,1,1.401298464324817e-45,,
1700748702660-0-16-2-7-4,Neutral,LipFunnelerRB,0.0,,0.0,2,1,1.401298464324817e-45,,
1700748713158-0-16-2-11-4,Neutral,LipFunnelerRB,0.0,,0.0,2,1,1.401298464324817e-45,,
1700748800893-0-16-3-0-4,Neutral,LipFunnelerRB,0.0,,0.0,2,1,1.401298464324817e-45,,
1700748825492-0-16-3-12-4,Neutral,LipFunnelerRB,0.0,,0.0,2,1,1.401298464324817e-45,,
1700748829753-0-16-3-14-4,Neutral,LipFunnelerRB,0.0,,5.087049705088111e-12,4,1,1.4341509750603889e-11,,
1700748976246-0-16-4-2-4,Neutral,LipFunnelerRB,0.0,,0.0,2,1,1.401298464324817e-45,,
1700748979102-0-16-4-4-4,Neutral,LipFunnelerRB,0.0,,0.0,2,1,1.401298464324817e-45,,
1700748981010-0-16-4-5-4,Neutral,LipFunnelerRB,0.0,,0.0,2,1,1.401298464324817e-45,,
1700749004414-0-16-4-18-4,Neutral,LipFunnelerRB,0.0,,0.0,2,1,1.401298464324817e-45,,
1700753894954-0-17-2-0-4,Neutral,LipFunnelerRB,0.0,,0.0,2,1,1.401298464324817e-45,,
1700753912993-0-17-2-7-4,Neutral,LipFunnelerRB,0.0,,0.0,2,1,1.401298464324817e-45,,
1700753922791-0-17-2-11-4,Neutral,LipFunnelerRB,0.0,,0.0,2,1,1.401298464324817e-45,,
1700754006731-0-17-3-0-4,Neutral,LipFunnelerRB,0.0,,0.0,2,1,1.401298464324817e-45,,
1700754032227-0-17-3-12-4,Neutral,LipFunnelerRB,0.0,,0.0,2,1,1.401298464324817e-45,,
1700754034928-0-17-3-14-4,Neutral,LipFunnelerRB,0.0,,0.0,2,1,1.401298464324817e-45,,
1700754181816-0-17-4-2-4,Neutral,LipFunnelerRB,0.0,,0.0,2,1,1.401298464324817e-45,,
1700754185116-0-17-4-4-4,Neutral,LipFunnelerRB,0.0,,0.0,2,1,1.401298464324817e-45,,
1700754186022-0-17-4-5-4,Neutral,LipFunnelerRB,0.0,,0.0,2,1,1.401298464324817e-45,,
1700754209381-0-17-4-18-4,Neutral,LipFunnelerRB,0.0,,0.0,2,1,1.401298464324817e-45,,
1700756481968-2-18-3-0-4,Neutral,LipFunnelerRB,0.0,,0.0,2,1,1.401298464324817e-45,,
1700756506384-2-18-3-12-4,Neutral,LipFunnelerRB,0.0,,2.1263458504173826e-16,3,1,5.994660749581945e-16,,
1700756511419-2-18-3-14-4,Neutral,LipFunnelerRB,0.0,,1.6429812512459969e-38,2,1,5.565306737291341e-38,,
1700756707997-2-18-4-2-4,Neutral,LipFunnelerRB,-1.844534521324749e-15,,3.317286723092394e-11,2,1,1.1233632773999247e-10,,
1700756711213-2-18-4-4-4,Neutral,LipFunnelerRB,0.0,,3.681148539991898e-27,2,1,1.2469242372684675e-26,,
1700756713736-2-18-4-5-4,Neutral,LipFunnelerRB,0.0,,2.4297345006914924e-37,2,1,8.230313308637481e-37,,
1700756736108-2-18-4-18-4,Neutral,LipFunnelerRB,-1.1828067522038684e-34,,2.1252569227838554e-30,2,1,7.19891021731713e-30,,
1700824442779-0-19-2-0-4,Neutral,LipFunnelerRB,0.0,,0.0,2,1,1.401298464324817e-45,,
1700824460273-0-19-2-7-4,Neutral,LipFunnelerRB,0.0,,1.401298464324817e-45,2,1,5.605193857299268e-45,,
1700824470213-0-19-2-11-4,Neutral,LipFunnelerRB,0.0,,1.08967314338404e-11,2,1,2.165074196314176e-11,,
1700824552450-0-19-3-0-4,Neutral,LipFunnelerRB,0.0,,0.0,2,1,1.401298464324817e-45,,
1700824576678-0-19-3-12-4,Neutral,LipFunnelerRB,0.0,,2.372003249253095e-31,2,1,4.713020467418515e-31,,
1700824580639-0-19-3-14-4,Neutral,LipFunnelerRB,0.0,,3.7111022588298666e-10,2,1,6.37336516895459e-10,,
1700824742622-0-19-4-2-4,Neutral,LipFunnelerRB,0.0,,2.971000529333501e-18,2,1,4.380588051041999e-18,,
1700824746918-0-19-4-4-4,Neutral,LipFunnelerRB,0.0,,4.160194324448474e-13,2,1,1.399513426154908e-12,,
1700824748077-0-19-4-5-4,Neutral,LipFunnelerRB,0.0,,4.818847157931529e-19,2,1,1.6322606134998637e-18,,
1700824771615-0-19-4-18-4,Neutral,LipFunnelerRB,0.0,,6.982057390267073e-20,3,1,1.0072778651862821e-19,,
1700825809793-0-20-2-0-4,Neutral,LipFunnelerRB,0.0,,0.0,2,1,1.401298464324817e-45,,
1700825828652-0-20-2-7-4,Neutral,LipFunnelerRB,0.0,,4.205563475863806e-15,2,1,1.4243577292020332e-14,,
1700825838306-0-20-2-11-4,Neutral,LipFunnelerRB,0.0,,3.9232531478708025e-35,2,1,1.3289061211260626e-34,,
1700825919121-0-20-3-0-4,Neutral,LipFunnelerRB,0.0,,0.0,2,1,1.401298464324817e-45,,
1700825943475-0-20-3-12-4,Neutral,LipFunnelerRB,0.0,,3.5088150104629194e-14,2,1,1.188542536958992e-13,,
1700825947604-0-20-3-14-4,Neutral,LipFunnelerRB,-1.0255600301391705e-18,,2.046502398968253e-12,2,1,3.325825942770977e-12,,
1700826093086-0-20-4-2-4,Neutral,LipFunnelerRB,0.0,,1.267079551325878e-05,2,1,2.273101381433662e-05,,
1700826096902-0-20-4-4-4,Neutral,LipFunnelerRB,0.0,,1.5362743022162556e-10,3,1,4.324780811248984e-10,,
1700826098806-0-20-4-5-4,Neutral,LipFunnelerRB,0.0,,6.756920476397738e-20,4,1,2.2887777356612573e-19,,
1700826121348-0-20-4-18-4,Neutral,LipFunnelerRB,0.0,,4.8921594001402795e-21,2,1,1.6571295336599804e-20,,
1700827659452-0-21-2-0-4,Neutral,LipFunnelerRB,0.0,,0.0,2,1,1.401298464324817e-45,,
1700827676220-0-21-2-7-4,Neutral,LipFunnelerRB,0.0,,5.032295531531703e-18,2,1,1.704606657054364e-17,,
1700827687061-0-21-2-11-4,Neutral,LipFunnelerRB,0.0084475269539576,6.0,0.0084475269539576,6,26,0.0108653148636221,,
1700827788949-0-21-3-0-4,Neutral,LipFunnelerRB,0.0,,0.0,2,1,1.401298464324817e-45,,
1700827814313-0-21-3-12-4,Neutral,LipFunnelerRB,-6.957290116387075e-21,,1.2500784874308862e-16,2,1,4.234408494668281e-16,,
1700827817441-0-21-3-14-4,Neutral,LipFunnelerRB,-3.626172779433768e-35,,6.515405955534332e-31,2,1,2.2069908317479413e-30,,
1700827971512-0-21-4-2-4,Neutral,LipFunnelerRB,0.0,,0.0001493718009442,2,1,0.0003668763383757,,
1700827975241-0-21-4-4-4,Neutral,LipFunnelerRB,0.0,,5.219074466425412e-22,2,1,1.7678358244744474e-21,,
1700827976309-0-21-4-5-4,Neutral,LipFunnelerRB,-3.4447174286651926e-32,,6.189768396460498e-28,2,1,2.096633204264043e-27,,
1700827999979-0-21-4-18-4,Neutral,LipFunnelerRB,0.005870841007464317,10.0,0.005870841007464317,10,10,0.0058711571618914,,
1700830030854-0-22-2-0-4,Neutral,LipFunnelerRB,0.0,,0.0,2,1,1.401298464324817e-45,,
1700830048351-0-22-2-7-4,Neutral,LipFunnelerRB,0.0,,0.0,2,1,1.401298464324817e-45,,
1700830058808-0-22-2-11-4,Neutral,LipFunnelerRB,0.0,,0.0,2,1,1.401298464324817e-45,,
1700830142490-0-22-3-0-4,Neutral,LipFunnelerRB,0.0,,0.0,2,1,1.401298464324817e-45,,
1700830167084-0-22-3-12-4,Neutral,LipFunnelerRB,0.0,,0.0,2,1,1.401298464324817e-45,,
1700830171915-0-22-3-14-4,Neutral,LipFunnelerRB,0.0,,0.0,2,1,1.401298464324817e-45,,
1700830332630-0-22-4-2-4,Neutral,LipFunnelerRB,0.0,,0.0,2,1,1.401298464324817e-45,,
1700830336094-0-22-4-4-4,Neutral,LipFunnelerRB,0.0,,0.0,2,1,1.401298464324817e-45,,
1700830338720-0-22-4-5-4,Neutral,LipFunnelerRB,0.0,,0.0,2,1,1.401298464324817e-45,,
1700830361054-0-22-4-18-4,Neutral,LipFunnelerRB,0.0,,0.0,2,1,1.401298464324817e-45,,
1701085482708-2-23-2-0-4,Neutral,LipFunnelerRB,0.0,,0.0,2,1,1.401298464324817e-45,,
1701085500311-2-23-2-7-4,Neutral,LipFunnelerRB,-2.9670944022925732e-24,,5.33130829487497e-20,2,1,1.805875897907393e-19,,
1701085510979-2-23-2-11-4,Neutral,LipFunnelerRB,0.0,,3.508044705062547e-21,2,1,6.970334366906121e-21,,
1701085630752-2-23-3-14-4,Neutral,LipFunnelerRB,0.0,,1.4375351042872353e-07,2,1,4.856388500229514e-07,,
1701085786811-2-23-4-2-4,Neutral,LipFunnelerRB,0.0,,0.0,2,1,1.401298464324817e-45,,
1701085789639-2-23-4-4-4,Neutral,LipFunnelerRB,0.0,,0.0,2,1,1.401298464324817e-45,,
1701085791397-2-23-4-5-4,Neutral,LipFunnelerRB,0.0,,0.0,2,1,1.401298464324817e-45,,
1701087284069-0-24-2-0-4,Neutral,LipFunnelerRB,0.0,,0.0,2,1,1.401298464324817e-45,,
1701087302389-0-24-2-7-4,Neutral,LipFunnelerRB,0.0,,2.010863296306112e-41,2,1,3.9955223113293504e-41,,
1701087311568-0-24-2-11-4,Neutral,LipFunnelerRB,0.0,,0.0,2,1,1.401298464324817e-45,,
1701087396342-0-24-3-0-4,Neutral,LipFunnelerRB,0.0,,0.0,2,1,1.401298464324817e-45,,
1701087420756-0-24-3-12-4,Neutral,LipFunnelerRB,0.0,,4.203895392974451e-45,2,1,1.5414283107572988e-44,,
1701087424724-0-24-3-14-4,Neutral,LipFunnelerRB,0.0,,0.0,2,1,1.401298464324817e-45,,
1701087599318-0-24-4-2-4,Neutral,LipFunnelerRB,0.0,,1.681516005191952e-05,2,1,5.256124131847173e-05,,
1701087602946-0-24-4-4-4,Neutral,LipFunnelerRB,0.0,,5.890124233488077e-22,3,1,1.1703386909081213e-21,,
1701087604671-0-24-4-5-4,Neutral,LipFunnelerRB,0.0,,6.1542429334475795e-30,2,1,2.084637104234128e-29,,
1701087627595-0-24-4-18-4,Neutral,LipFunnelerRB,-5.529402890419588e-13,,9.94964821643407e-09,2,1,3.3688564826661604e-08,,
1701090983779-0-25-2-0-4,Neutral,LipFunnelerRB,0.0,,0.0,2,1,1.401298464324817e-45,,
1701091001022-0-25-2-7-4,Neutral,LipFunnelerRB,0.0,,0.0,2,1,1.401298464324817e-45,,
1701091010939-0-25-2-11-4,Neutral,LipFunnelerRB,0.0,,0.0,2,1,1.401298464324817e-45,,
1701091100718-0-25-3-0-4,Neutral,LipFunnelerRB,0.0,,0.0,2,1,1.401298464324817e-45,,
1701091123703-0-25-3-12-4,Neutral,LipFunnelerRB,0.0,,0.0,2,1,1.401298464324817e-45,,
1701091129107-0-25-3-14-4,Neutral,LipFunnelerRB,0.0,,0.0,2,1,1.401298464324817e-45,,
1701091284665-0-25-4-2-4,Neutral,LipFunnelerRB,0.0,,0.0,2,1,1.401298464324817e-45,,
1701091287847-0-25-4-4-4,Neutral,LipFunnelerRB,0.0,,0.0,2,1,1.401298464324817e-45,,
1701091289459-0-25-4-5-4,Neutral,LipFunnelerRB,0.0,,0.0,2,1,1.401298464324817e-45,,
1701091312292-0-25-4-18-4,Neutral,LipFunnelerRB,0.0,,0.0,2,1,1.401298464324817e-45,,
1701092651647-0-26-2-0-4,Neutral,LipFunnelerRB,0.0,,0.0,2,1,1.401298464324817e-45,,
1701092669478-0-26-2-7-4,Neutral,LipFunnelerRB,0.0,,0.0,2,1,1.401298464324817e-45,,
1701092678929-0-26-2-11-4,Neutral,LipFunnelerRB,0.0,,0.0,2,1,1.401298464324817e-45,,
1701092761432-0-26-3-0-4,Neutral,LipFunnelerRB,0.0,,0.0,2,1,1.401298464324817e-45,,
1701092786260-0-26-3-12-4,Neutral,LipFunnelerRB,0.0,,0.0,2,1,1.401298464324817e-45,,
1701092789851-0-26-3-14-4,Neutral,LipFunnelerRB,0.0,,0.0,2,1,1.401298464324817e-45,,
1701092950496-0-26-4-2-4,Neutral,LipFunnelerRB,0.0,,0.0,2,1,1.401298464324817e-45,,
1701092954768-0-26-4-4-4,Neutral,LipFunnelerRB,0.0,,0.0,2,1,1.401298464324817e-45,,
1701092956593-0-26-4-5-4,Neutral,LipFunnelerRB,0.0,,0.0,2,1,1.401298464324817e-45,,
1701092978539-0-26-4-18-4,Neutral,LipFunnelerRB,0.0,,0.0,2,1,1.401298464324817e-45,,
1701094549501-2-27-2-7-4,Neutral,LipFunnelerRB,0.0,,0.0,2,1,1.401298464324817e-45,,
1701094559720-2-27-2-11-4,Neutral,LipFunnelerRB,0.0,,0.0,2,1,1.401298464324817e-45,,
1701094652485-2-27-3-0-4,Neutral,LipFunnelerRB,0.0,,0.0,2,1,1.401298464324817e-45,,
1701094679684-2-27-3-14-4,Neutral,LipFunnelerRB,0.0,,0.0,2,1,1.401298464324817e-45,,
1701094823610-2-27-4-2-4,Neutral,LipFunnelerRB,0.0,,0.0,2,1,1.401298464324817e-45,,
1701094829010-2-27-4-5-4,Neutral,LipFunnelerRB,0.0,,0.0,2,1,1.401298464324817e-45,,
1701094851143-2-27-4-18-4,Neutral,LipFunnelerRB,0.0,,0.0,2,1,1.401298464324817e-45,,
1701170485607-0-28-2-0-4,Neutral,LipFunnelerRB,0.0,,0.0,2,1,1.401298464324817e-45,,
1701170504147-0-28-2-7-4,Neutral,LipFunnelerRB,0.0,,0.0,2,1,1.401298464324817e-45,,
1701170513808-0-28-2-11-4,Neutral,LipFunnelerRB,0.0,,0.0,2,1,1.401298464324817e-45,,
1701170599471-0-28-3-0-4,Neutral,LipFunnelerRB,0.0,,0.0,2,1,1.401298464324817e-45,,
1701170627518-0-28-3-14-4,Neutral,LipFunnelerRB,0.0,,0.0,2,1,1.401298464324817e-45,,
1701170768393-0-28-4-2-4,Neutral,LipFunnelerRB,0.0,,0.0,2,1,1.401298464324817e-45,,
1701170772568-0-28-4-4-4,Neutral,LipFunnelerRB,0.0,,0.0,2,1,1.401298464324817e-45,,
1701170774157-0-28-4-5-4,Neutral,LipFunnelerRB,0.0,,0.0,2,1,1.401298464324817e-45,,
1701170797074-0-28-4-18-4,Neutral,LipFunnelerRB,0.0,,0.0,2,1,1.401298464324817e-45,,
1701175937155-1-29-2-0-4,Neutral,LipFunnelerRB,0.0,,0.0,2,1,1.401298464324817e-45,,
1701176062462-1-29-3-0-4,Neutral,LipFunnelerRB,0.0,,0.0,2,1,1.401298464324817e-45,,
1701176086103-1-29-3-12-4,Neutral,LipFunnelerRB,-6.0707011842336455e-24,,1.0908097946161536e-19,2,1,3.694894304121906e-19,,
1701176090080-1-29-3-14-4,Neutral,LipFunnelerRB,0.0,,7.653821586699549e-38,2,1,1.520760839966665e-37,,
1701176246716-1-29-4-2-4,Neutral,LipFunnelerRB,0.0,,0.0,2,1,1.401298464324817e-45,,
1701176250146-1-29-4-4-4,Neutral,LipFunnelerRB,0.0,,0.0,2,1,1.401298464324817e-45,,
1701177685055-0-30-2-0-4,Neutral,LipFunnelerRB,0.0,,0.0,2,1,1.401298464324817e-45,,
1701177702665-0-30-2-7-4,Neutral,LipFunnelerRB,0.0,,0.0,2,1,1.401298464324817e-45,,
1701177713045-0-30-2-11-4,Neutral,LipFunnelerRB,0.0,,1.8107743163067353e-34,2,1,3.597915456443433e-34,,
1701177800653-0-30-3-0-4,Neutral,LipFunnelerRB,0.0,,7.536377710010611e-17,2,1,2.552785514154846e-16,,
1701177824168-0-30-3-12-4,Neutral,LipFunnelerRB,0.0,,0.0,2,1,1.401298464324817e-45,,
1701177828390-0-30-3-14-4,Neutral,LipFunnelerRB,0.0,,1.6310233164062993e-09,2,1,5.329050534186308e-09,,
1701178063063-0-30-4-2-4,Neutral,LipFunnelerRB,0.0,,2.4815884752931583e-13,3,1,3.942632624456127e-13,,
1701178065933-0-30-4-4-4,Neutral,LipFunnelerRB,0.0,,1.7710700603856822e-06,3,1,4.941706720273942e-06,,
1701178067826-0-30-4-5-4,Neutral,LipFunnelerRB,0.0,,1.1278914542785234e-14,2,1,3.820550578919994e-14,,
1701178091048-0-30-4-18-4,Neutral,LipFunnelerRB,0.0,,0.0,2,1,1.401298464324817e-45,,
1701188060953-0-31-2-0-4,Neutral,LipFunnelerRB,0.0,,0.0,2,1,1.401298464324817e-45,,
1701188079711-0-31-2-7-4,Neutral,LipFunnelerRB,0.0,,0.0,2,1,1.401298464324817e-45,,
1701188089397-0-31-2-11-4,Neutral,LipFunnelerRB,0.0,,0.0,2,1,1.401298464324817e-45,,
1701188183381-0-31-3-0-4,Neutral,LipFunnelerRB,0.0,,0.0,2,1,1.401298464324817e-45,,
1701188207233-0-31-3-12-4,Neutral,LipFunnelerRB,0.0,,0.0,2,1,1.401298464324817e-45,,
1701188211213-0-31-3-14-4,Neutral,LipFunnelerRB,0.0,,0.0,2,1,1.401298464324817e-45,,
1701188355699-0-31-4-2-4,Neutral,LipFunnelerRB,0.0,,2.780559770881184e-18,2,1,4.1464545786588656e-18,,
1701188359086-0-31-4-4-4,Neutral,LipFunnelerRB,0.0,,8.896839017427669e-37,2,1,1.7677511513201582e-36,,
1701188361143-0-31-4-5-4,Neutral,LipFunnelerRB,0.0,,5.605193857299268e-45,3,1,1.5414283107572988e-44,,
1701188384546-0-31-4-18-4,Neutral,LipFunnelerRB,0.0,,6.376668579832767e-07,2,1,2.1502503386727767e-06,,
1701346809545-1-32-2-7-4,Neutral,LipFunnelerRB,0.0,,0.0,2,1,1.401298464324817e-45,,
1701346912976-1-32-3-0-4,Neutral,LipFunnelerRB,0.0,,0.0,2,1,1.401298464324817e-45,,
1701346937046-1-32-3-12-4,Neutral,LipFunnelerRB,0.0,,0.0,2,1,1.401298464324817e-45,,
1701346942109-1-32-3-14-4,Neutral,LipFunnelerRB,0.0,,0.0,2,1,1.401298464324817e-45,,
1701347163980-1-32-4-2-4,Neutral,LipFunnelerRB,0.0,,0.0,2,1,1.401298464324817e-45,,
1701347167138-1-32-4-4-4,Neutral,LipFunnelerRB,0.0,,0.0,2,1,1.401298464324817e-45,,
1701347169085-1-32-4-5-4,Neutral,LipFunnelerRB,0.0,,0.0,2,1,1.401298464324817e-45,,
1701350285686-0-33-2-0-4,Neutral,LipFunnelerRB,0.0,,0.0,2,1,1.401298464324817e-45,,
1701350303183-0-33-2-7-4,Neutral,LipFunnelerRB,0.0,,5.081108231641784e-42,2,1,1.7209346440373076e-41,,
1701350313016-0-33-2-11-4,Neutral,LipFunnelerRB,0.0,,5.974264573399926e-36,4,1,1.6843015991445377e-35,,
1701350406170-0-33-3-0-4,Neutral,LipFunnelerRB,0.0,,0.0,2,1,1.401298464324817e-45,,
1701350430828-0-33-3-12-4,Neutral,LipFunnelerRB,0.0,,0.0,2,1,1.401298464324817e-45,,
1701350434496-0-33-3-14-4,Neutral,LipFunnelerRB,0.0,,0.0,2,1,1.401298464324817e-45,,
1701350601003-0-33-4-2-4,Neutral,LipFunnelerRB,0.0,,0.0,2,1,1.401298464324817e-45,,
1701350604028-0-33-4-4-4,Neutral,LipFunnelerRB,-9.164773384640057e-10,,2.489558028173633e-05,2,1,7.527857815148309e-05,,
1701350606249-0-33-4-5-4,Neutral,LipFunnelerRB,0.0,,1.0846405120357085e-15,2,1,3.674042678165207e-15,,
1701357433464-0-34-2-0-4,Neutral,LipFunnelerRB,0.0,,0.0,2,1,1.401298464324817e-45,,
1701357450827-0-34-2-7-4,Neutral,LipFunnelerRB,0.0,,0.0,2,1,1.401298464324817e-45,,
1701357461570-0-34-2-11-4,Neutral,LipFunnelerRB,-3.744213428614593e-15,,6.731529222925303e-11,2,1,2.2797884413616742e-10,,
1701357563449-0-34-3-0-4,Neutral,LipFunnelerRB,0.0,,0.0,2,1,1.401298464324817e-45,,
1701357587916-0-34-3-12-4,Neutral,LipFunnelerRB,0.0,,5.403560862227145e-31,3,1,1.0736570434308898e-30,,
1701357591779-0-34-3-14-4,Neutral,LipFunnelerRB,0.0,,0.0,2,1,1.401298464324817e-45,,
1701357748181-0-34-4-2-4,Neutral,LipFunnelerRB,0.0,,0.0015875693643464998,2,1,0.0022534125018864,,
1701357752233-0-34-4-4-4,Neutral,LipFunnelerRB,0.0,,5.821645174680886e-23,2,1,1.156731736439047e-22,,
1701357753813-0-34-4-5-4,Neutral,LipFunnelerRB,0.0,,2.9621936661625364e-30,3,1,5.8856520663185846e-30,,
1701357776442-0-34-4-18-4,Neutral,LipFunnelerRB,0.0,,0.0,2,1,1.401298464324817e-45,,
1701429343114-0-35-2-0-4,Neutral,LipFunnelerRB,0.0,,0.0,2,1,1.401298464324817e-45,,
1701429360245-0-35-2-7-4,Neutral,LipFunnelerRB,0.0,,5.327190591273498e-36,2,1,1.0584893997872016e-35,,
1701429369442-0-35-2-11-4,Neutral,LipFunnelerRB,0.0,,4.1058404758716057e-19,3,1,1.157528942053763e-18,,
1701429450032-0-35-3-0-4,Neutral,LipFunnelerRB,0.0,,0.0,2,1,1.401298464324817e-45,,
1701429472988-0-35-3-12-4,Neutral,LipFunnelerRB,0.0,,0.0,2,1,1.401298464324817e-45,,
1701429478198-0-35-3-14-4,Neutral,LipFunnelerRB,-3.3743632684595827e-15,,6.09737121903819e-11,2,1,2.0619861373916132e-10,,
1701429614383-0-35-4-2-4,Neutral,LipFunnelerRB,0.0,,0.0,2,1,1.401298464324817e-45,,
1701429617682-0-35-4-4-4,Neutral,LipFunnelerRB,0.0,,1.4576541362831819e-10,3,1,4.0219108599082176e-10,,
1701429619277-0-35-4-5-4,Neutral,LipFunnelerRB,0.0,,3.0646843171742663e-18,2,1,1.0380846199480192e-17,,
1701429642248-0-35-4-18-4,Neutral,LipFunnelerRB,0.0,,0.0,2,1,1.401298464324817e-45,,
1701438115858-1-36-2-0-4,Neutral,LipFunnelerRB,0.0,,0.0,2,1,1.401298464324817e-45,,
1701438144034-1-36-2-11-4,Neutral,LipFunnelerRB,0.0,,0.0,2,1,1.401298464324817e-45,,
1701438258955-1-36-3-12-4,Neutral,LipFunnelerRB,0.0,,2.0445939361175418e-17,2,1,6.925721879832934e-17,,
1701438263357-1-36-3-14-4,Neutral,LipFunnelerRB,0.0,,2.154651989080885e-37,2,1,4.281141690560664e-37,,
1701438428761-1-36-4-2-4,Neutral,LipFunnelerRB,0.0,,2.343525693504489e-07,2,1,7.730156994512072e-07,,
1701438432427-1-36-4-4-4,Neutral,LipFunnelerRB,0.0,,4.9590174917822036e-24,3,1,1.3980734120907753e-23,,
1701438456478-1-36-4-18-4,Neutral,LipFunnelerRB,0.0,,0.0,2,1,1.401298464324817e-45,,
1701440279556-0-37-2-0-4,Neutral,LipFunnelerRB,0.0,,0.0,2,1,1.401298464324817e-45,,
1701440297403-0-37-2-7-4,Neutral,LipFunnelerRB,0.0,,0.0,2,1,0.0,,
1701440307217-0-37-2-11-4,Neutral,LipFunnelerRB,0.0,,0.0,2,1,0.0,,
1701440393078-0-37-3-0-4,Neutral,LipFunnelerRB,0.0,,0.0,2,1,1.401298464324817e-45,,
1701440417854-0-37-3-12-4,Neutral,LipFunnelerRB,0.0,,0.0,2,1,1.401298464324817e-45,,
1701440421611-0-37-3-14-4,Neutral,LipFunnelerRB,0.0,,0.0,2,1,1.401298464324817e-45,,
1701440576614-0-37-4-2-4,Neutral,LipFunnelerRB,0.0,,0.0,2,1,1.401298464324817e-45,,
1701440580633-0-37-4-4-4,Neutral,LipFunnelerRB,0.0,,0.0,2,1,1.401298464324817e-45,,
1701440582380-0-37-4-5-4,Neutral,LipFunnelerRB,0.0,,0.0,2,1,1.401298464324817e-45,,
1701440604935-0-37-4-18-4,Neutral,LipFunnelerRB,0.0,,0.0,2,1,1.401298464324817e-45,4.243475763623189e-05,0.0004518479432369769
1700478998549-2-1-1-1-5,Sadness,LipCornerDepressorR,0.02876693010330189,12.0,0.12367302179336548,20,16,0.9414852857589722,,
1700479007738-2-1-1-5-5,Sadness,LipCornerDepressorR,0.13228631019592285,2.0,0.13228631019592285,2,24,0.9137981534004213,,
1700479250572-2-1-3-6-5,Sadness,LipCornerDepressorR,0.10222980380058289,3.0,0.33973914384841924,24,15,0.8093675374984741,,
1700479413527-2-1-4-1-5,Sadness,LipCornerDepressorR,0.2400817349553109,2.0,0.2400817349553109,2,4,0.4823238253593445,,
1700479426367-2-1-4-8-5,Sadness,LipCornerDepressorR,0.46276138722896587,6.0,0.46276138722896587,6,23,0.7318570017814636,,
1700479442178-2-1-4-17-5,Sadness,LipCornerDepressorR,0.301435997709632,16.0,0.301435997709632,16,30,0.8528159260749817,,
1700479447373-2-1-4-20-5,Sadness,LipCornerDepressorR,0.016435086727142334,23.0,0.17504677176475525,26,5,0.851611316204071,,
1700485979873-1-2-1-1-5,Sadness,LipCornerDepressorR,0.41703784465789795,23.0,0.41703784465789795,23,6,0.6954009532928467,,
1700485989602-1-2-1-5-5,Sadness,LipCornerDepressorR,0.11549115180969238,29.0,0.11549115180969238,29,6,0.6112664341926575,,
1700486202703-1-2-3-6-5,Sadness,LipCornerDepressorR,0.2030580341815948,29.0,0.2030580341815948,29,30,0.497837483882904,,
1700486203970-1-2-3-7-5,Sadness,LipCornerDepressorR,0.2628701776266098,14.0,0.354309593414655,3,19,0.4980369508266449,,
1700486220495-1-2-3-15-5,Sadness,LipCornerDepressorR,0.07735504955053331,5.0,0.07735504955053331,5,30,0.4501363635063171,,
1700486364234-1-2-4-1-5,Sadness,LipCornerDepressorR,0.2784913145005703,7.0,0.2784913145005703,7,30,0.6384517550468445,,
1700486376407-1-2-4-8-5,Sadness,LipCornerDepressorR,0.2922738641500473,18.0,0.2922738641500473,18,22,0.5369765162467957,,
1700486391891-1-2-4-17-5,Sadness,LipCornerDepressorR,0.17019596695899958,14.0,0.17019596695899958,14,29,0.6521757245063782,,
1700486396928-1-2-4-20-5,Sadness,LipCornerDepressorR,0.18542361259460455,21.0,0.18542361259460455,21,30,0.6768051385879517,,
1700487868986-0-3-1-1-5,Sadness,LipCornerDepressorR,0.38332302868366236,15.0,0.38332302868366236,15,23,0.6931455135345459,,
1700487879248-0-3-1-5-5,Sadness,LipCornerDepressorR,0.3726527988910675,18.0,0.3726527988910675,18,21,0.6546852588653564,,
1700487884247-0-3-1-7-5,Sadness,LipCornerDepressorR,0.083070158958435,28.0,0.083070158958435,28,30,0.284710943698883,,
1700488086375-0-3-3-6-5,Sadness,LipCornerDepressorR,0.07654628157615656,22.0,0.07654628157615656,22,29,0.4072513282299042,,
1700488088436-0-3-3-7-5,Sadness,LipCornerDepressorR,0.0,,1.263691365684446e-16,2,1,3.168578731506518e-16,,
1700488253631-0-3-4-1-5,Sadness,LipCornerDepressorR,0.15731973946094518,16.0,0.15731973946094518,16,19,0.5758143663406372,,
1700488281821-0-3-4-17-5,Sadness,LipCornerDepressorR,0.2354308366775513,16.0,0.2354308366775513,16,30,0.7204902172088623,,
1700488287195-0-3-4-20-5,Sadness,LipCornerDepressorR,0.053652554750442505,12.0,0.053652554750442505,12,20,0.4993782639503479,,
1700489636544-0-4-1-1-5,Sadness,LipCornerDepressorR,0.1909008026123047,17.0,0.1909008026123047,17,1,0.3279802799224853,,
1700489647471-0-4-1-5-5,Sadness,LipCornerDepressorR,0.0587918199598789,18.0,0.0825573951005936,26,25,0.2318279445171356,,
1700489652694-0-4-1-7-5,Sadness,LipCornerDepressorR,0.0657884478569031,27.0,0.0657884478569031,27,30,0.2198088616132736,,
1700489867325-0-4-3-6-5,Sadness,LipCornerDepressorR,0.11017261445522303,21.0,0.11017261445522303,21,25,0.2976701259613037,,
1700489870288-0-4-3-7-5,Sadness,LipCornerDepressorR,0.11547821760177612,27.0,0.11547821760177612,27,27,0.4371726512908935,,
1700489885562-0-4-3-15-5,Sadness,LipCornerDepressorR,0.062325194478035,23.0,0.07987011969089508,13,5,0.3404101133346557,,
1700490043467-0-4-4-1-5,Sadness,LipCornerDepressorR,0.12431457643806879,11.0,0.12431457643806879,11,30,0.2211465090513229,,
1700490055922-0-4-4-8-5,Sadness,LipCornerDepressorR,0.16881482303142548,17.0,0.16881482303142548,17,17,0.2231355309486389,,
1700490072127-0-4-4-17-5,Sadness,LipCornerDepressorR,0.09138300193241158,23.0,0.09138300193241158,23,27,0.2101076543331146,,
1700490076928-0-4-4-20-5,Sadness,LipCornerDepressorR,0.1556351920589805,14.0,0.1556351920589805,14,14,0.159659668803215,,
1700491414884-1-5-1-1-5,Sadness,LipCornerDepressorR,0.2629038095474243,5.0,0.2629038095474243,5,18,0.9561132192611694,,
1700491424133-1-5-1-5-5,Sadness,LipCornerDepressorR,0.4198279380798341,21.0,0.4198279380798341,21,25,0.9170560240745544,,
1700491627937-1-5-3-7-5,Sadness,LipCornerDepressorR,0.03872138261795033,2.0,0.03872138261795033,2,21,0.9999947547912598,,
1700491791918-1-5-4-1-5,Sadness,LipCornerDepressorR,0.10644692182540905,2.0,0.10644692182540905,2,16,1.0,,
1700491804087-1-5-4-8-5,Sadness,LipCornerDepressorR,0.15820562839508057,14.0,0.15820562839508057,14,26,1.0,,
1700491820637-1-5-4-17-5,Sadness,LipCornerDepressorR,0.212713360786438,5.0,0.212713360786438,5,16,0.9999999403953552,,
1700491825430-1-5-4-20-5,Sadness,LipCornerDepressorR,0.3566355407238007,8.0,0.3566355407238007,8,25,0.9998528361320496,,
1700496928044-1-6-3-6-5,Sadness,LipCornerDepressorR,0.31135084480047226,17.0,0.31135084480047226,17,27,0.720413088798523,,
1700496930909-1-6-3-7-5,Sadness,LipCornerDepressorR,0.45038940012455,3.0,0.45038940012455,3,9,0.6790476441383362,,
1700497104598-1-6-4-8-5,Sadness,LipCornerDepressorR,0.5278537450358273,8.0,0.5278537450358273,8,10,0.8625463247299194,,
1700497120522-1-6-4-17-5,Sadness,LipCornerDepressorR,0.4100445657968521,6.0,0.7657409682869911,25,11,0.9005160331726074,,
1700497125118-1-6-4-20-5,Sadness,LipCornerDepressorR,0.05881845951080322,14.0,0.07772171497344971,3,2,0.8900572657585144,,
1700567691497-2-8-1-1-5,Sadness,LipCornerDepressorR,0.0556241273880005,19.0,0.1352681741118431,29,23,0.2052654176950454,,
1700567706828-2-8-1-7-5,Sadness,LipCornerDepressorR,0.052999314852058894,6.0,0.09022703021764748,19,18,0.1754918843507766,,
1700567914515-2-8-3-6-5,Sadness,LipCornerDepressorR,0.13441464304924008,7.0,0.13441464304924008,7,20,0.2798510193824768,,
1700567916813-2-8-3-7-5,Sadness,LipCornerDepressorR,0.0,,0.005892232060432399,25,1,0.016418520361185,,
1700567932221-2-8-3-15-5,Sadness,LipCornerDepressorR,0.1145606264472008,14.0,0.1145606264472008,14,18,0.2835387885570526,,
1700568077758-2-8-4-1-5,Sadness,LipCornerDepressorR,0.1667211651802063,14.0,0.1667211651802063,14,18,0.8234807252883911,,
1700571177836-1-9-3-6-5,Sadness,LipCornerDepressorR,0.1790515631437302,2.0,0.21841335296630865,30,6,0.787054717540741,,
1700571349647-1-9-4-1-5,Sadness,LipCornerDepressorR,0.15204495191574102,3.0,0.2290066331624985,27,3,0.5814489126205444,,
1700571361673-1-9-4-8-5,Sadness,LipCornerDepressorR,0.479912044480443,6.0,0.479912044480443,6,18,0.5297717452049255,,
1700571378228-1-9-4-17-5,Sadness,LipCornerDepressorR,0.41545216739177704,4.0,0.41545216739177704,4,23,0.758552074432373,,
1700571383269-1-9-4-20-5,Sadness,LipCornerDepressorR,0.5730720646400158,12.0,0.5730720646400158,12,12,0.5730721950531006,,
1700577641790-2-10-1-1-5,Sadness,LipCornerDepressorR,0.021059274673461914,13.0,0.022691071033477783,15,13,0.6228811144828796,,
1700577851526-2-10-3-6-5,Sadness,LipCornerDepressorR,0.4915367416106165,20.0,0.4915367416106165,20,22,0.8078960180282593,,
1700577854173-2-10-3-7-5,Sadness,LipCornerDepressorR,0.1047013401985169,9.0,0.1047013401985169,9,21,0.5212845802307129,,
1700577870256-2-10-3-15-5,Sadness,LipCornerDepressorR,0.031433045864105225,25.0,0.07449573278427124,10,7,0.6128580570220947,,
1700578020748-2-10-4-8-5,Sadness,LipCornerDepressorR,0.4319562036544085,15.0,0.4319562036544085,15,30,0.4429297745227813,,
1700578036809-2-10-4-17-5,Sadness,LipCornerDepressorR,0.5622158506885171,20.0,0.5622158506885171,20,30,0.6407566666603088,,
1700578042343-2-10-4-20-5,Sadness,LipCornerDepressorR,0.6530595067888499,9.0,0.6530595067888499,9,30,0.8505109548568726,,
1700580290717-0-11-1-5-5,Sadness,LipCornerDepressorR,0.0656710956245661,9.0,0.0656710956245661,9,21,0.177600011229515,,
1700580295660-0-11-1-7-5,Sadness,LipCornerDepressorR,0.0179935693740845,4.0,0.0199078768491745,3,2,0.2210340946912765,,
1700580495753-0-11-3-6-5,Sadness,LipCornerDepressorR,0.049436355009675,22.0,0.049436355009675,22,24,0.1132968217134475,,
1700580513563-0-11-3-15-5,Sadness,LipCornerDepressorR,0.052378453314304296,15.0,0.052378453314304296,15,21,0.1194315627217292,,
1700580681391-0-11-4-8-5,Sadness,LipCornerDepressorR,0.0625751111656427,25.0,0.0625751111656427,25,29,0.2322010546922683,,
1700582329161-0-12-4-1-5,Sadness,LipCornerDepressorR,0.509001798927784,22.0,0.509001798927784,22,24,0.7866201996803284,,
1700582340968-0-12-4-8-5,Sadness,LipCornerDepressorR,0.09312050789594652,29.0,0.4299863278865815,9,1,0.7618072032928467,,
1700582357226-0-12-4-17-5,Sadness,LipCornerDepressorR,0.2073303163051605,23.0,0.2073303163051605,23,24,0.5056307911872864,,
1700582362281-0-12-4-20-5,Sadness,LipCornerDepressorR,0.28730878233909607,14.0,0.28730878233909607,14,25,0.8256477117538452,,
1700583815717-2-13-1-7-5,Sadness,LipCornerDepressorR,0.1466498598456383,5.0,0.1466498598456383,5,10,0.4344528615474701,,
1700584012456-2-13-3-6-5,Sadness,LipCornerDepressorR,0.1534422636032105,20.0,0.1534422636032105,20,26,0.7589753270149231,,
1700584030294-2-13-3-15-5,Sadness,LipCornerDepressorR,0.04009926319122309,20.0,0.1865981817245484,16,12,0.8092476725578308,,
1700584204317-2-13-4-1-5,Sadness,LipCornerDepressorR,0.18372404575347906,12.0,0.21642008423805242,7,23,0.7279661893844604,,
1700584216493-2-13-4-8-5,Sadness,LipCornerDepressorR,0.3288920470623591,16.0,0.3288920470623591,16,19,0.7062048316001892,,
1700584232123-2-13-4-17-5,Sadness,LipCornerDepressorR,0.1811326798051596,17.0,0.1811326798051596,17,19,0.2605122923851013,,
1700584237227-2-13-4-20-5,Sadness,LipCornerDepressorR,0.2640063762664795,19.0,0.2640063762664795,19,27,0.6409148573875427,,
1700745025508-1-14-1-1-5,Sadness,LipCornerDepressorR,0.28553923964500416,11.0,0.28553923964500416,11,14,0.8232840299606323,,
1700745035202-1-14-1-5-5,Sadness,LipCornerDepressorR,0.4590770899861399,15.0,0.4590770899861399,15,17,0.6901237964630127,,
1700745040741-1-14-1-7-5,Sadness,LipCornerDepressorR,0.2638897001743316,20.0,0.2638897001743316,20,23,0.4927505850791931,,
1700745234646-1-14-3-6-5,Sadness,LipCornerDepressorR,0.27981892228126526,12.0,0.46681441366672516,18,15,0.7430866956710815,,
1700745236100-1-14-3-7-5,Sadness,LipCornerDepressorR,0.4122200012207031,13.0,0.4122200012207031,13,15,0.6397822499275208,,
1700745252436-1-14-3-15-5,Sadness,LipCornerDepressorR,0.40512217581272125,9.0,0.40512217581272125,9,27,0.8256809711456299,,
1700745394756-1-14-4-1-5,Sadness,LipCornerDepressorR,0.31793470680713665,8.0,0.31793470680713665,8,12,0.5698177814483643,,
1700745407522-1-14-4-8-5,Sadness,LipCornerDepressorR,0.1588493660092354,21.0,0.1588493660092354,21,24,0.5181865096092224,,
1700745428809-1-14-4-20-5,Sadness,LipCornerDepressorR,0.34749447833746683,20.0,0.34749447833746683,20,22,0.7037973999977112,,
1700747147435-2-15-1-1-5,Sadness,LipCornerDepressorR,0.08927246928215021,2.0,0.08927246928215021,2,24,0.3468289375305176,,
1700747157106-2-15-1-5-5,Sadness,LipCornerDepressorR,0.4676454216241836,7.0,0.4676454216241836,7,7,0.4866147339344024,,
1700747359928-2-15-3-7-5,Sadness,LipCornerDepressorR,0.1456565773114562,13.0,0.1456565773114562,13,29,0.2732453942298889,,
1700747376723-2-15-3-15-5,Sadness,LipCornerDepressorR,0.037927925586700384,20.0,0.09259185194969172,2,1,0.4408555924892425,,
1700747514980-2-15-4-1-5,Sadness,LipCornerDepressorR,0.14500947296494404,8.0,0.14500947296494404,8,9,0.1815529316663742,,
1700747527030-2-15-4-8-5,Sadness,LipCornerDepressorR,0.5026242558378726,2.0,0.5026242558378726,2,2,0.5027065873146057,,
1700747543178-2-15-4-17-5,Sadness,LipCornerDepressorR,0.21437431871891022,4.0,0.21437431871891022,4,6,0.469352513551712,,
1700748813184-0-16-3-6-5,Sadness,LipCornerDepressorR,0.0321210697293281,15.0,0.0321210697293281,15,17,0.1423365026712417,,
1700754021356-0-17-3-7-5,Sadness,LipCornerDepressorR,0.199883058667183,17.0,0.199883058667183,17,22,0.6020740866661072,,
1700754213546-0-17-4-20-5,Sadness,LipCornerDepressorR,0.22866092715412378,24.0,0.22866092715412378,24,28,0.457103967666626,,
1700756276004-2-18-1-1-5,Sadness,LipCornerDepressorR,0.3309057727456093,9.0,0.3309057727456093,9,10,0.5442769527435303,,
1700756285404-2-18-1-5-5,Sadness,LipCornerDepressorR,0.29154032468795776,8.0,0.29154032468795776,8,11,0.7219756841659546,,
1700756494467-2-18-3-6-5,Sadness,LipCornerDepressorR,0.22490864992141718,4.0,0.22490864992141718,4,4,0.3315479457378387,,
1700756512745-2-18-3-15-5,Sadness,LipCornerDepressorR,0.0267228782176972,8.0,0.0267228782176972,8,17,0.4982568621635437,,
1700756706103-2-18-4-1-5,Sadness,LipCornerDepressorR,0.19136324524879458,16.0,0.2366189286112786,10,1,0.7314473390579224,,
1700756719177-2-18-4-8-5,Sadness,LipCornerDepressorR,0.03964772820472717,11.0,0.05192378163337713,6,30,0.6945993900299072,,
1700756739446-2-18-4-20-5,Sadness,LipCornerDepressorR,0.32833752036094666,4.0,0.32833752036094666,4,4,0.6330572962760925,,
1700824361442-0-19-1-1-5,Sadness,LipCornerDepressorR,0.13055108860135078,17.0,0.13055108860135078,17,28,0.1812985092401504,,
1700824371517-0-19-1-5-5,Sadness,LipCornerDepressorR,0.2028611004352569,11.0,0.2028611004352569,11,23,0.2888998091220855,,
1700824376390-0-19-1-7-5,Sadness,LipCornerDepressorR,0.2877240106463433,13.0,0.2877240106463433,13,28,0.629912793636322,,
1700824565238-0-19-3-6-5,Sadness,LipCornerDepressorR,0.3201640844345093,5.0,0.3201640844345093,5,17,0.3904047310352325,,
1700824566938-0-19-3-7-5,Sadness,LipCornerDepressorR,0.01853159070014959,5.0,0.03049793839454651,21,5,0.4690130949020386,,
1700824582702-0-19-3-15-5,Sadness,LipCornerDepressorR,0.4065741002559662,15.0,0.4065741002559662,15,19,0.6957594156265259,,
1700824741060-0-19-4-1-5,Sadness,LipCornerDepressorR,0.29137206077575684,14.0,0.29137206077575684,14,14,0.4355689883232116,,
1700824753632-0-19-4-8-5,Sadness,LipCornerDepressorR,0.32857409119605996,10.0,0.32857409119605996,10,18,0.3529741168022156,,
1700824769641-0-19-4-17-5,Sadness,LipCornerDepressorR,0.3538602665066719,7.0,0.3538602665066719,7,7,0.4346022009849548,,
1700824774956-0-19-4-20-5,Sadness,LipCornerDepressorR,0.0583190470933914,11.0,0.0583190470933914,11,19,0.1575231999158859,,
1700825725786-0-20-1-1-5,Sadness,LipCornerDepressorR,0.22485472634434708,20.0,0.3823652565479279,9,6,0.6898571252822876,,
1700825735489-0-20-1-5-5,Sadness,LipCornerDepressorR,0.524215042591095,9.0,0.524215042591095,9,10,0.8308681845664978,,
1700825740957-0-20-1-7-5,Sadness,LipCornerDepressorR,0.0366193950176239,3.0,0.0366193950176239,3,26,0.5041041374206543,,
1700825931746-0-20-3-6-5,Sadness,LipCornerDepressorR,0.383987456560135,24.0,0.383987456560135,24,25,0.7571471333503723,,
1700825933717-0-20-3-7-5,Sadness,LipCornerDepressorR,0.4182813763618469,18.0,0.4182813763618469,18,18,0.7964122891426086,,
1700825949713-0-20-3-15-5,Sadness,LipCornerDepressorR,0.5524259507656097,18.0,0.5524259507656097,18,20,0.928384006023407,,
1700826091437-0-20-4-1-5,Sadness,LipCornerDepressorR,0.3744257390499115,20.0,0.3744257390499115,20,20,0.725554883480072,,
1700826104247-0-20-4-8-5,Sadness,LipCornerDepressorR,0.2482874989509583,2.0,0.2482874989509583,2,16,0.6663292050361633,,
1700826119685-0-20-4-17-5,Sadness,LipCornerDepressorR,0.4034758117049932,23.0,0.4034758117049932,23,25,0.6273311376571655,,
1700826125129-0-20-4-20-5,Sadness,LipCornerDepressorR,0.3741812407970429,10.0,0.3741812407970429,10,11,0.7583029270172119,,
1700827570195-0-21-1-1-5,Sadness,LipCornerDepressorR,0.6044400138780476,18.0,0.6044400138780476,18,19,0.8323771953582764,,
1700827580897-0-21-1-5-5,Sadness,LipCornerDepressorR,0.18330049514770513,7.0,0.18330049514770513,7,16,0.7215184569358826,,
1700827585898-0-21-1-7-5,Sadness,LipCornerDepressorR,0.2358808964490891,15.0,0.2358808964490891,15,28,0.7315257787704468,,
1700827802046-0-21-3-6-5,Sadness,LipCornerDepressorR,0.4785740580409766,11.0,0.4785740580409766,11,17,0.8251224756240845,,
1700827804218-0-21-3-7-5,Sadness,LipCornerDepressorR,0.18678027391433716,15.0,0.18678027391433716,15,29,0.7408053874969482,,
1700827819680-0-21-3-15-5,Sadness,LipCornerDepressorR,0.1466298438608646,3.0,0.1466298438608646,3,28,0.6244539022445679,,
1700827969427-0-21-4-1-5,Sadness,LipCornerDepressorR,0.5945467501878738,4.0,0.5945467501878738,4,7,0.8355640172958374,,
1700827982043-0-21-4-8-5,Sadness,LipCornerDepressorR,0.3846566744431285,5.0,0.3846566744431285,5,7,0.8241002559661865,,
1700827997982-0-21-4-17-5,Sadness,LipCornerDepressorR,0.33988997340202337,14.0,0.33988997340202337,14,16,0.6149359941482544,,
1700828002492-0-21-4-20-5,Sadness,LipCornerDepressorR,0.05400460958480835,3.0,0.08235913515090942,18,7,0.8088166117668152,,
1700830157857-0-22-3-7-5,Sadness,LipCornerDepressorR,0.027279019355773926,21.0,0.03828650712966919,15,14,0.6940273642539978,,
1701085397170-2-23-1-1-5,Sadness,LipCornerDepressorR,0.43176329135894775,26.0,0.6033474504947663,22,29,0.8792372941970825,,
1701085406198-2-23-1-5-5,Sadness,LipCornerDepressorR,0.39395579416304827,19.0,0.39395579416304827,19,28,0.8512471914291382,,
1701085411341-2-23-1-7-5,Sadness,LipCornerDepressorR,0.42504057288169866,27.0,0.42504057288169866,27,29,0.8621724843978882,,
1701085617891-2-23-3-7-5,Sadness,LipCornerDepressorR,0.04430723190307617,20.0,0.34355798363685613,25,1,0.6963624358177185,,
1701085633973-2-23-3-15-5,Sadness,LipCornerDepressorR,0.019111037254333496,16.0,0.2958477064967155,25,19,0.7289777398109436,,
1701085784771-2-23-4-1-5,Sadness,LipCornerDepressorR,0.6716954000294209,11.0,0.6716954000294209,11,15,0.825765073299408,,
1701085796688-2-23-4-8-5,Sadness,LipCornerDepressorR,0.44705183804035187,7.0,0.44705183804035187,7,19,0.8239367008209229,,
1701085812843-2-23-4-17-5,Sadness,LipCornerDepressorR,0.40482272207736975,24.0,0.40482272207736975,24,29,0.7334287166595459,,
1701087207767-0-24-1-5-5,Sadness,LipCornerDepressorR,0.2916924357414246,24.0,0.2916924357414246,24,29,0.9999985098838806,,
1701087212205-0-24-1-7-5,Sadness,LipCornerDepressorR,0.5706588253378868,16.0,0.5706588253378868,16,19,0.9998393058776855,,
1701087427827-0-24-3-15-5,Sadness,LipCornerDepressorR,0.02666264772415161,12.0,0.1559097170829773,24,10,0.8248017430305481,,
1701087597572-0-24-4-1-5,Sadness,LipCornerDepressorR,0.03279900550842285,9.0,0.08775782585144043,28,19,0.9776285886764526,,
1701087625068-0-24-4-17-5,Sadness,LipCornerDepressorR,0.30251336097717285,18.0,0.30251336097717285,18,21,0.8995575308799744,,
1701087630998-0-24-4-20-5,Sadness,LipCornerDepressorR,0.014366269111633412,14.0,0.12880218029022217,29,14,0.9598761796951294,,
1701090908417-0-25-1-5-5,Sadness,LipCornerDepressorR,0.355062335729599,26.0,0.355062335729599,26,30,0.8079449534416199,,
1701090913255-0-25-1-7-5,Sadness,LipCornerDepressorR,0.1625141501426697,27.0,0.1625141501426697,27,29,0.544994056224823,,
1701091112114-0-25-3-6-5,Sadness,LipCornerDepressorR,0.005897879134856198,30.0,0.005897879134856198,30,30,0.0058978791348636,,
1701091130978-0-25-3-15-5,Sadness,LipCornerDepressorR,0.22742502391338348,11.0,0.22742502391338348,11,24,0.6923584938049316,,
1701091282500-0-25-4-1-5,Sadness,LipCornerDepressorR,0.10488896071910861,10.0,0.10488896071910861,10,13,0.2838910818099975,,
1701091310540-0-25-4-17-5,Sadness,LipCornerDepressorR,0.1652174703776837,15.0,0.1652174703776837,15,29,0.5758509039878845,,
1701091316502-0-25-4-20-5,Sadness,LipCornerDepressorR,0.15503793954849243,17.0,0.15503793954849243,17,25,0.9432773590087892,,
1701094450282-2-27-1-5-5,Sadness,LipCornerDepressorR,0.6003055050969124,19.0,0.6003055050969124,19,30,0.8342600464820862,,
1701094455829-2-27-1-7-5,Sadness,LipCornerDepressorR,0.014096200466156006,3.0,0.378543958067894,25,1,0.8538863062858582,,
1701094664518-2-27-3-6-5,Sadness,LipCornerDepressorR,0.40271647088229656,5.0,0.40271647088229656,5,28,0.8213323354721069,,
1701094821546-2-27-4-1-5,Sadness,LipCornerDepressorR,0.5312565863132477,7.0,0.5312565863132477,7,8,0.9922220706939696,,
1701094855279-2-27-4-20-5,Sadness,LipCornerDepressorR,0.03553265333175659,2.0,0.30006033182144165,30,2,0.8287431001663208,,
1701170403137-0-28-1-1-5,Sadness,LipCornerDepressorR,0.365097239613533,22.0,0.365097239613533,22,29,0.9018179774284364,,
1701170413632-0-28-1-5-5,Sadness,LipCornerDepressorR,0.244963362812996,9.0,0.244963362812996,9,27,0.6122652292251587,,
1701170418733-0-28-1-7-5,Sadness,LipCornerDepressorR,0.5012191832065582,10.0,0.5012191832065582,10,13,0.8521937727928162,,
1701170610731-0-28-3-6-5,Sadness,LipCornerDepressorR,0.24913331866264343,19.0,0.24913331866264343,19,24,0.7329393625259399,,
1701170612719-0-28-3-7-5,Sadness,LipCornerDepressorR,0.2533181607723236,14.0,0.2533181607723236,14,25,0.6924868822097778,,
1701170629090-0-28-3-15-5,Sadness,LipCornerDepressorR,0.2619325667619706,9.0,0.2619325667619706,9,13,0.6281490921974182,,
1701170766666-0-28-4-1-5,Sadness,LipCornerDepressorR,0.37028343975543976,18.0,0.37028343975543976,18,23,0.8086694478988647,,
1701170779065-0-28-4-8-5,Sadness,LipCornerDepressorR,0.293458178639412,20.0,0.383158802986145,2,29,0.8365657925605774,,
1701170795486-0-28-4-17-5,Sadness,LipCornerDepressorR,0.2912951707839966,15.0,0.30056345462799083,30,18,0.7439016699790955,,
1701170800443-0-28-4-20-5,Sadness,LipCornerDepressorR,0.3104819022119046,18.0,0.3104819022119046,18,29,0.8515029549598694,,
1701175853069-1-29-1-1-5,Sadness,LipCornerDepressorR,0.37239206908270717,11.0,0.37239206908270717,11,17,0.7986229062080383,,
1701175863644-1-29-1-5-5,Sadness,LipCornerDepressorR,0.416670560836792,4.0,0.416670560836792,4,7,0.7333853244781494,,
1701175869459-1-29-1-7-5,Sadness,LipCornerDepressorR,0.031616806983947754,10.0,0.09585613012313843,29,26,0.7271699905395508,,
1701176074629-1-29-3-6-5,Sadness,LipCornerDepressorR,0.291506159119308,22.0,0.291506159119308,22,28,0.7049893140792847,,
1701176075798-1-29-3-7-5,Sadness,LipCornerDepressorR,0.484936848282814,13.0,0.484936848282814,13,29,0.809476912021637,,
1701176244544-1-29-4-1-5,Sadness,LipCornerDepressorR,0.24485056847333908,12.0,0.47630657255649567,2,25,0.768176257610321,,
1701176257555-1-29-4-8-5,Sadness,LipCornerDepressorR,0.4771675253286958,8.0,0.4771675253286958,8,29,0.69444739818573,,
1701176272605-1-29-4-17-5,Sadness,LipCornerDepressorR,0.2824514508247376,20.0,0.2824514508247376,20,30,0.8527967929840088,,
1701176278287-1-29-4-20-5,Sadness,LipCornerDepressorR,0.6218724725767971,13.0,0.6218724725767971,13,30,0.7713955640792847,,
1701177610247-0-30-1-5-5,Sadness,LipCornerDepressorR,0.5050364437483951,20.0,0.5050364437483951,20,22,0.5629969239234924,,
1701177615899-0-30-1-7-5,Sadness,LipCornerDepressorR,0.23285338282585144,20.0,0.23285338282585144,20,20,0.7016801238059998,,
1701177812568-0-30-3-6-5,Sadness,LipCornerDepressorR,0.2736857086420059,17.0,0.2736857086420059,17,28,0.7308513522148132,,
1701177814566-0-30-3-7-5,Sadness,LipCornerDepressorR,0.2118245363235473,5.0,0.2118245363235473,5,8,0.8510282635688782,,
1701177830099-0-30-3-15-5,Sadness,LipCornerDepressorR,0.2846088707447052,2.0,0.2846088707447052,2,3,0.5457008481025696,,
1701178060623-0-30-4-1-5,Sadness,LipCornerDepressorR,0.19182947278022766,17.0,0.23446708917617803,5,30,0.479070633649826,,
1701178073468-0-30-4-8-5,Sadness,LipCornerDepressorR,0.39500236511230474,17.0,0.39500236511230474,17,19,0.928318738937378,,
1701178089071-0-30-4-17-5,Sadness,LipCornerDepressorR,0.27637603878974915,13.0,0.27637603878974915,13,30,0.8328306674957275,,
1701178094780-0-30-4-20-5,Sadness,LipCornerDepressorR,0.0507817268371582,20.0,0.0507817268371582,20,29,0.7986191511154175,,
1701187981291-0-31-1-1-5,Sadness,LipCornerDepressorR,0.20232880115509033,3.0,0.21579194068908697,10,5,0.7599436044692993,,
1701187991309-0-31-1-5-5,Sadness,LipCornerDepressorR,0.3474909067153931,14.0,0.3474909067153931,14,14,0.6492994427680969,,
1701187996053-0-31-1-7-5,Sadness,LipCornerDepressorR,0.15397548303008082,14.0,0.3045759201049805,21,19,0.5680105090141296,,
1701188195847-0-31-3-6-5,Sadness,LipCornerDepressorR,0.3505981862545013,16.0,0.3505981862545013,16,18,0.5748487710952759,,
1701188197238-0-31-3-7-5,Sadness,LipCornerDepressorR,0.01924189925193792,28.0,0.01924189925193792,28,30,0.4679429531097412,,
1701188213268-0-31-3-15-5,Sadness,LipCornerDepressorR,0.4699449837207794,9.0,0.4699449837207794,9,16,0.8528971076011658,,
1701188354185-0-31-4-1-5,Sadness,LipCornerDepressorR,0.10760781168937689,6.0,0.18238011002540588,11,9,0.6586698889732361,,
1701188366589-0-31-4-8-5,Sadness,LipCornerDepressorR,0.4533245451748371,19.0,0.4533245451748371,19,28,0.8518486022949219,,
1701188382915-0-31-4-17-5,Sadness,LipCornerDepressorR,0.03380286693572998,8.0,0.03380286693572998,8,29,0.7958987355232239,,
1701188387231-0-31-4-20-5,Sadness,LipCornerDepressorR,0.14220473170280462,17.0,0.14220473170280462,17,19,0.6117976903915405,,
1701346700790-1-32-1-1-5,Sadness,LipCornerDepressorR,0.23177960515022278,17.0,0.23177960515022278,17,19,0.5204569697380066,,
1701346925471-1-32-3-6-5,Sadness,LipCornerDepressorR,0.2273333370685578,16.0,0.2273333370685578,16,30,0.9181365966796876,,
1701346943068-1-32-3-15-5,Sadness,LipCornerDepressorR,0.153281718492508,23.0,0.153281718492508,23,29,0.6556769609451294,,
1701347174326-1-32-4-8-5,Sadness,LipCornerDepressorR,0.4120254963636399,26.0,0.4120254963636399,26,26,0.597711980342865,,
1701350212460-0-33-1-5-5,Sadness,LipCornerDepressorR,0.33220243640244007,23.0,0.33220243640244007,23,25,0.4990195035934448,,
1701350419795-0-33-3-7-5,Sadness,LipCornerDepressorR,0.08062756061553955,15.0,0.08062756061553955,15,18,0.928945243358612,,
1701350435888-0-33-3-15-5,Sadness,LipCornerDepressorR,0.1346117854118347,17.0,0.1346117854118347,17,30,0.7210434079170227,,
1701350599016-0-33-4-1-5,Sadness,LipCornerDepressorR,0.19594243168830877,12.0,0.19594243168830877,12,15,0.7057648301124573,,
1701350610834-0-33-4-8-5,Sadness,LipCornerDepressorR,0.6941798008047045,11.0,0.6941798008047045,11,14,0.8811729550361633,,
1701357352707-0-34-1-1-5,Sadness,LipCornerDepressorR,0.27136896550655365,19.0,0.27136896550655365,19,20,0.4962439835071563,,
1701357362160-0-34-1-5-5,Sadness,LipCornerDepressorR,0.14772814512252813,18.0,0.17116637527942657,26,19,0.4803560078144073,,
1701357366765-0-34-1-7-5,Sadness,LipCornerDepressorR,0.22597928345203408,10.0,0.22597928345203408,10,11,0.4723635017871856,,
1701357576054-0-34-3-6-5,Sadness,LipCornerDepressorR,0.2243411988019943,24.0,0.2243411988019943,24,24,0.4031707644462585,,
1701357578950-0-34-3-7-5,Sadness,LipCornerDepressorR,0.028470754623413086,9.0,0.1064263358712196,27,16,0.3789862990379333,,
1701357594247-0-34-3-15-5,Sadness,LipCornerDepressorR,0.018536567687988337,21.0,0.057377487421035794,7,1,0.3852661550045013,,
1701357779971-0-34-4-20-5,Sadness,LipCornerDepressorR,0.20998691022396088,24.0,0.20998691022396088,24,25,0.4153864681720733,,
1701429265367-0-35-1-1-5,Sadness,LipCornerDepressorR,0.25774097442626953,18.0,0.25774097442626953,18,24,0.9026726484298706,,
1701429275593-0-35-1-5-5,Sadness,LipCornerDepressorR,0.4134256318211556,15.0,0.4134256318211556,15,19,0.8358315229415894,,
1701429281346-0-35-1-7-5,Sadness,LipCornerDepressorR,0.048296213150024414,3.0,0.048296213150024414,3,12,0.7008799314498901,,
1701429461662-0-35-3-6-5,Sadness,LipCornerDepressorR,0.4592822343111038,20.0,0.4592822343111038,20,24,0.8366536498069763,,
1701429463256-0-35-3-7-5,Sadness,LipCornerDepressorR,0.46509625529870396,17.0,0.46509625529870396,17,22,0.797611653804779,,
1701429479352-0-35-3-15-5,Sadness,LipCornerDepressorR,0.29146556556224823,15.0,0.29146556556224823,15,26,0.7862020134925842,,
1701429612180-0-35-4-1-5,Sadness,LipCornerDepressorR,0.06297266483306885,9.0,0.06297266483306885,9,26,0.8786263465881348,,
1701429625044-0-35-4-8-5,Sadness,LipCornerDepressorR,0.5298174917697906,7.0,0.5298174917697906,7,13,0.9453098177909852,,
1701429640278-0-35-4-17-5,Sadness,LipCornerDepressorR,0.7123416191898287,23.0,0.7123416191898287,23,26,0.8241239786148071,,
1701429645979-0-35-4-20-5,Sadness,LipCornerDepressorR,0.1827577203512191,11.0,0.1827577203512191,11,30,0.5166884660720825,,
1701438032606-1-36-1-1-5,Sadness,LipCornerDepressorR,0.1484165340662002,2.0,0.1484165340662002,2,29,0.7003750205039978,,
1701438247154-1-36-3-6-5,Sadness,LipCornerDepressorR,0.47085472941398626,2.0,0.47085472941398626,2,7,0.7710182666778564,,
1701438248917-1-36-3-7-5,Sadness,LipCornerDepressorR,0.020858168601989746,4.0,0.03896903991699219,20,5,0.8094467520713806,,
1701438265453-1-36-3-15-5,Sadness,LipCornerDepressorR,0.01737046241760254,13.0,0.01737046241760254,13,30,0.7552785277366638,,
1701438426616-1-36-4-1-5,Sadness,LipCornerDepressorR,0.5805561542510986,6.0,0.5805561542510986,6,8,0.7604767680168152,,
1701438439783-1-36-4-8-5,Sadness,LipCornerDepressorR,0.03666353225708008,11.0,0.03666353225708008,11,30,0.7587448954582214,,
1701438460706-1-36-4-20-5,Sadness,LipCornerDepressorR,0.5963080078363419,9.0,0.5963080078363419,9,15,0.9013201594352722,,
1701440186542-0-37-1-1-5,Sadness,LipCornerDepressorR,0.2258287305012345,24.0,0.2258287305012345,24,26,0.4541447460651397,,
1701440201790-0-37-1-7-5,Sadness,LipCornerDepressorR,0.08061687275767318,14.0,0.08061687275767318,14,19,0.192099466919899,,
1701440422723-0-37-3-15-5,Sadness,LipCornerDepressorR,0.11628526262938971,3.0,0.11628526262938971,3,11,0.4700140953063965,,
1701440587047-0-37-4-8-5,Sadness,LipCornerDepressorR,0.21805247664451602,9.0,0.21805247664451602,9,22,0.8799608945846558,,
1701440603641-0-37-4-17-5,Sadness,LipCornerDepressorR,0.04239070415496826,27.0,0.04239070415496826,27,1,0.7472373247146606,,
1701440608220-0-37-4-20-5,Sadness,LipCornerDepressorR,0.19896221541737802,5.0,0.19896221541737802,5,14,0.771433413028717,0.02920403076686584,0.02920403076686584
1700478998549-2-1-1-1-5,Sadness,LipCornerDepressorL,0.016696453094482422,16.0,0.12347972393035878,20,16,0.961988627910614,,
1700479007738-2-1-1-5-5,Sadness,LipCornerDepressorL,0.1433292031288147,2.0,0.1433292031288147,2,28,0.945300281047821,,
1700479250572-2-1-3-6-5,Sadness,LipCornerDepressorL,0.081480622291565,3.0,0.34022963047027593,24,14,0.8241917490959167,,
1700479413527-2-1-4-1-5,Sadness,LipCornerDepressorL,0.2508182972669601,2.0,0.2508182972669601,2,3,0.4849077761173248,,
1700479426367-2-1-4-8-5,Sadness,LipCornerDepressorL,0.4632783830165864,6.0,0.4632783830165864,6,23,0.7601508498191833,,
1700479442178-2-1-4-17-5,Sadness,LipCornerDepressorL,0.2908828295767307,16.0,0.2908828295767307,16,27,0.8887552618980408,,
1700479447373-2-1-4-20-5,Sadness,LipCornerDepressorL,0.02585965394973755,23.0,0.19116103649139404,26,1,0.8992160558700562,,
1700485979873-1-2-1-1-5,Sadness,LipCornerDepressorL,0.4275330752134323,23.0,0.4275330752134323,23,4,0.7216512560844421,,
1700485989602-1-2-1-5-5,Sadness,LipCornerDepressorL,0.13051486015319824,29.0,0.13051486015319824,29,29,0.6333838701248169,,
1700486202703-1-2-3-6-5,Sadness,LipCornerDepressorL,0.1920222043991089,29.0,0.1920222043991089,29,30,0.4979530572891235,,
1700486203970-1-2-3-7-5,Sadness,LipCornerDepressorL,0.2445546984672547,14.0,0.3669860548980069,3,1,0.4864688813686371,,
1700486220495-1-2-3-15-5,Sadness,LipCornerDepressorL,0.08271321654319769,30.0,0.08271321654319769,30,30,0.4661480188369751,,
1700486364234-1-2-4-1-5,Sadness,LipCornerDepressorL,0.29511196911335,7.0,0.29511196911335,7,30,0.6658022999763489,,
1700486376407-1-2-4-8-5,Sadness,LipCornerDepressorL,0.2927650511264801,18.0,0.2927650511264801,18,20,0.5378385782241821,,
1700486391891-1-2-4-17-5,Sadness,LipCornerDepressorL,0.16602548956871038,14.0,0.16602548956871038,14,29,0.6733642816543579,,
1700486396928-1-2-4-20-5,Sadness,LipCornerDepressorL,0.1741571426391602,21.0,0.1741571426391602,21,30,0.6927167773246765,,
1700487868986-0-3-1-1-5,Sadness,LipCornerDepressorL,0.4132431969046593,15.0,0.4132431969046593,15,18,0.7323876619338989,,
1700487879248-0-3-1-5-5,Sadness,LipCornerDepressorL,0.362551897764206,18.0,0.362551897764206,18,21,0.6663724780082703,,
1700487884247-0-3-1-7-5,Sadness,LipCornerDepressorL,0.08291856944560999,28.0,0.08291856944560999,28,30,0.3120245039463043,,
1700488086375-0-3-3-6-5,Sadness,LipCornerDepressorL,0.0889617055654526,21.0,0.0889617055654526,21,29,0.4454536437988281,,
1700488088436-0-3-3-7-5,Sadness,LipCornerDepressorL,0.005865394610678561,21.0,0.005865394610678561,21,30,0.0059646046720445,,
1700488253631-0-3-4-1-5,Sadness,LipCornerDepressorL,0.1570375263690948,16.0,0.1570375263690948,16,19,0.6134322881698608,,
1700488281821-0-3-4-17-5,Sadness,LipCornerDepressorL,0.2524796426296234,16.0,0.2524796426296234,16,27,0.757564902305603,,
1700488287195-0-3-4-20-5,Sadness,LipCornerDepressorL,0.06104201078414917,9.0,0.06104201078414917,9,20,0.5482521653175354,,
1700489636544-0-4-1-1-5,Sadness,LipCornerDepressorL,0.17639012634754178,17.0,0.17639012634754178,17,1,0.3188526928424835,,
1700489647471-0-4-1-5-5,Sadness,LipCornerDepressorL,0.06710444390773779,22.0,0.08778846263885498,28,25,0.2466641366481781,,
1700489652694-0-4-1-7-5,Sadness,LipCornerDepressorL,0.0657352879643441,28.0,0.0657352879643441,28,30,0.2312698811292648,,
1700489867325-0-4-3-6-5,Sadness,LipCornerDepressorL,0.10871288180351263,21.0,0.10871288180351263,21,22,0.3129522800445556,,
1700489870288-0-4-3-7-5,Sadness,LipCornerDepressorL,0.10494539141654974,27.0,0.10494539141654974,27,27,0.4267180562019348,,
1700489885562-0-4-3-15-5,Sadness,LipCornerDepressorL,0.07582706212997431,2.0,0.11222153902053839,13,9,0.3473372459411621,,
1700490043467-0-4-4-1-5,Sadness,LipCornerDepressorL,0.13343483903165682,11.0,0.13343483903165682,11,30,0.2320642173290252,,
1700490055922-0-4-4-8-5,Sadness,LipCornerDepressorL,0.1588836014270783,17.0,0.1588836014270783,17,17,0.2236565798521042,,
1700490072127-0-4-4-17-5,Sadness,LipCornerDepressorL,0.10740809994843384,23.0,0.10740809994843384,23,27,0.2223261445760727,,
1700490076928-0-4-4-20-5,Sadness,LipCornerDepressorL,0.1985867354087532,14.0,0.1985867354087532,14,14,0.2027674913406372,,
1700491414884-1-5-1-1-5,Sadness,LipCornerDepressorL,0.2898252606391907,5.0,0.2898252606391907,5,17,0.998875379562378,,
1700491424133-1-5-1-5-5,Sadness,LipCornerDepressorL,0.419741153717041,21.0,0.419741153717041,21,28,0.918116331100464,,
1700491627937-1-5-3-7-5,Sadness,LipCornerDepressorL,0.01791876554489158,2.0,0.01791876554489158,2,6,1.0,,
1700491791918-1-5-4-1-5,Sadness,LipCornerDepressorL,0.11374002695083618,2.0,0.11374002695083618,2,15,1.0,,
1700491804087-1-5-4-8-5,Sadness,LipCornerDepressorL,0.14638978242874146,14.0,0.14638978242874146,14,25,1.0,,
1700491820637-1-5-4-17-5,Sadness,LipCornerDepressorL,0.1968119740486145,5.0,0.1968119740486145,5,19,0.999999701976776,,
1700491825430-1-5-4-20-5,Sadness,LipCornerDepressorL,0.3569310605525971,8.0,0.3569310605525971,8,30,0.9999731183052064,,
1700496928044-1-6-3-6-5,Sadness,LipCornerDepressorL,0.3242640569806099,17.0,0.3242640569806099,17,27,0.7577773332595825,,
1700496930909-1-6-3-7-5,Sadness,LipCornerDepressorL,0.44061072170734406,3.0,0.44061072170734406,3,8,0.7055384516716003,,
1700497104598-1-6-4-8-5,Sadness,LipCornerDepressorL,0.525608828291297,8.0,0.525608828291297,8,14,0.8626604080200195,,
1700497120522-1-6-4-17-5,Sadness,LipCornerDepressorL,0.4102528989315034,6.0,0.7599231675267221,25,12,0.9289596676826476,,
1700497125118-1-6-4-20-5,Sadness,LipCornerDepressorL,0.047305524349212646,14.0,0.07256251573562622,3,2,0.900933027267456,,
1700567691497-2-8-1-1-5,Sadness,LipCornerDepressorL,0.0617627464234829,17.0,0.13613921776413918,29,21,0.2483152747154235,,
1700567706828-2-8-1-7-5,Sadness,LipCornerDepressorL,0.07664668746292591,6.0,0.085640236735344,19,14,0.2281994521617889,,
1700567914515-2-8-3-6-5,Sadness,LipCornerDepressorL,0.13501971960067752,7.0,0.13501971960067752,7,16,0.3103767335414886,,
1700567916813-2-8-3-7-5,Sadness,LipCornerDepressorL,0.009359663352370299,17.0,0.009359663352370299,17,1,0.0323717966675758,,
1700567932221-2-8-3-15-5,Sadness,LipCornerDepressorL,0.1262562498450279,14.0,0.1262562498450279,14,18,0.310257226228714,,
1700568077758-2-8-4-1-5,Sadness,LipCornerDepressorL,0.19515198469161987,14.0,0.19515198469161987,14,18,0.8888421058654785,,
1700571177836-1-9-3-6-5,Sadness,LipCornerDepressorL,0.19645455479621887,14.0,0.22067546844482427,30,6,0.8086010217666626,,
1700571349647-1-9-4-1-5,Sadness,LipCornerDepressorL,0.14626461267471313,3.0,0.23535054922103882,27,3,0.59800124168396,,
1700571361673-1-9-4-8-5,Sadness,LipCornerDepressorL,0.4921180419623853,6.0,0.4921180419623853,6,18,0.5413551330566406,,
1700571378228-1-9-4-17-5,Sadness,LipCornerDepressorL,0.43175289034843456,4.0,0.43175289034843456,4,23,0.7857615351676941,,
1700571383269-1-9-4-20-5,Sadness,LipCornerDepressorL,0.5802875002846122,12.0,0.5802875002846122,12,12,0.5893905758857727,,
1700577641790-2-10-1-1-5,Sadness,LipCornerDepressorL,0.024569272994995117,10.0,0.024569272994995117,10,11,0.6258028745651245,,
1700577851526-2-10-3-6-5,Sadness,LipCornerDepressorL,0.4970801500603557,20.0,0.4970801500603557,20,23,0.7985862493515015,,
1700577854173-2-10-3-7-5,Sadness,LipCornerDepressorL,0.0950955078005791,9.0,0.0950955078005791,9,21,0.510526716709137,,
1700577870256-2-10-3-15-5,Sadness,LipCornerDepressorL,0.033754169940948486,25.0,0.08605840802192688,10,7,0.601553738117218,,
1700578020748-2-10-4-8-5,Sadness,LipCornerDepressorL,0.4319547284394503,15.0,0.4319547284394503,15,30,0.44290491938591,,
1700578036809-2-10-4-17-5,Sadness,LipCornerDepressorL,0.562215362675488,20.0,0.562215362675488,20,30,0.6561897397041321,,
1700578042343-2-10-4-20-5,Sadness,LipCornerDepressorL,0.6630375961540268,9.0,0.6630375961540268,9,30,0.8525465130805969,,
1700580290717-0-11-1-5-5,Sadness,LipCornerDepressorL,0.06752629205584529,9.0,0.06752629205584529,9,21,0.2048224806785583,,
1700580295660-0-11-1-7-5,Sadness,LipCornerDepressorL,0.02594976127147669,11.0,0.02594976127147669,11,2,0.2192385494709015,,
1700580495753-0-11-3-6-5,Sadness,LipCornerDepressorL,0.0534169040620327,22.0,0.0534169040620327,22,24,0.1401530653238296,,
1700580513563-0-11-3-15-5,Sadness,LipCornerDepressorL,0.07195819169282919,17.0,0.07195819169282919,17,21,0.1466722041368484,,
1700580681391-0-11-4-8-5,Sadness,LipCornerDepressorL,0.0680816471576691,26.0,0.0680816471576691,26,29,0.2594949305057525,,
1700582329161-0-12-4-1-5,Sadness,LipCornerDepressorL,0.510140471160412,22.0,0.510140471160412,22,24,0.7978801727294922,,
1700582340968-0-12-4-8-5,Sadness,LipCornerDepressorL,0.0971421636641026,29.0,0.4356069192290307,9,1,0.7726293802261353,,
1700582357226-0-12-4-17-5,Sadness,LipCornerDepressorL,0.20780670642852792,23.0,0.20780670642852792,23,24,0.5436511039733887,,
1700582362281-0-12-4-20-5,Sadness,LipCornerDepressorL,0.280859112739563,14.0,0.280859112739563,14,26,0.8529524207115173,,
1700583815717-2-13-1-7-5,Sadness,LipCornerDepressorL,0.16088505834341058,5.0,0.16088505834341058,5,10,0.4344179928302765,,
1700584012456-2-13-3-6-5,Sadness,LipCornerDepressorL,0.16242704540491099,8.0,0.16242704540491099,8,26,0.7580984234809875,,
1700584030294-2-13-3-15-5,Sadness,LipCornerDepressorL,0.044444084167480524,20.0,0.1984032690525055,16,12,0.8092586994171143,,
1700584204317-2-13-4-1-5,Sadness,LipCornerDepressorL,0.18307608366012573,12.0,0.23508572578430176,7,16,0.720766544342041,,
1700584216493-2-13-4-8-5,Sadness,LipCornerDepressorL,0.3125717048878869,16.0,0.3125717048878869,16,19,0.7224953174591064,,
1700584232123-2-13-4-17-5,Sadness,LipCornerDepressorL,0.1624642815440893,17.0,0.1624642815440893,17,19,0.2604409754276275,,
1700584237227-2-13-4-20-5,Sadness,LipCornerDepressorL,0.27930641174316406,19.0,0.27930641174316406,19,30,0.6410727500915527,,
1700745025508-1-14-1-1-5,Sadness,LipCornerDepressorL,0.2855308672273793,11.0,0.2855308672273793,11,14,0.8073063492774963,,
1700745035202-1-14-1-5-5,Sadness,LipCornerDepressorL,0.4624236421659589,15.0,0.4624236421659589,15,17,0.6903054118156433,,
1700745040741-1-14-1-7-5,Sadness,LipCornerDepressorL,0.24764639076436212,20.0,0.24764639076436212,20,23,0.4762459695339203,,
1700745234646-1-14-3-6-5,Sadness,LipCornerDepressorL,0.2909458950161934,12.0,0.4701970517635346,18,15,0.7435592412948608,,
1700745236100-1-14-3-7-5,Sadness,LipCornerDepressorL,0.3959429934620857,13.0,0.3959429934620857,13,15,0.6397761702537537,,
1700745252436-1-14-3-15-5,Sadness,LipCornerDepressorL,0.42130590975284576,9.0,0.42130590975284576,9,30,0.825787365436554,,
1700745394756-1-14-4-1-5,Sadness,LipCornerDepressorL,0.31796178221702576,8.0,0.31796178221702576,8,12,0.5694876909255981,,
1700745407522-1-14-4-8-5,Sadness,LipCornerDepressorL,0.14302672445774078,21.0,0.14302672445774078,21,24,0.5181565880775452,,
1700745428809-1-14-4-20-5,Sadness,LipCornerDepressorL,0.3450623699463904,20.0,0.3450623699463904,20,22,0.7197582125663757,,
1700747147435-2-15-1-1-5,Sadness,LipCornerDepressorL,0.07151508331298828,2.0,0.07151508331298828,2,24,0.384901225566864,,
1700747157106-2-15-1-5-5,Sadness,LipCornerDepressorL,0.4681865386664868,7.0,0.4681865386664868,7,7,0.4974956512451172,,
1700747359928-2-15-3-7-5,Sadness,LipCornerDepressorL,0.1455794423818588,13.0,0.1455794423818588,13,29,0.2959755361080169,,
1700747376723-2-15-3-15-5,Sadness,LipCornerDepressorL,0.024447530508041437,23.0,0.1065653264522552,2,1,0.4672419130802154,,
1700747514980-2-15-4-1-5,Sadness,LipCornerDepressorL,0.1450094887986779,8.0,0.1450094887986779,8,14,0.2060000747442245,,
1700747527030-2-15-4-8-5,Sadness,LipCornerDepressorL,0.49121466279029846,2.0,0.49121466279029846,2,2,0.5021290183067322,,
1700747543178-2-15-4-17-5,Sadness,LipCornerDepressorL,0.2096373438835144,4.0,0.2096373438835144,4,6,0.4798304140567779,,
1700748813184-0-16-3-6-5,Sadness,LipCornerDepressorL,0.02571526169776911,15.0,0.02571526169776911,15,17,0.1533201038837433,,
1700754021356-0-17-3-7-5,Sadness,LipCornerDepressorL,0.2092743664979935,16.0,0.2092743664979935,16,22,0.6132237911224365,,
1700754213546-0-17-4-20-5,Sadness,LipCornerDepressorL,0.22799401544034492,24.0,0.22799401544034492,24,28,0.4571575224399566,,
1700756276004-2-18-1-1-5,Sadness,LipCornerDepressorL,0.3681306168437004,9.0,0.3681306168437004,9,10,0.5450283885002136,,
1700756285404-2-18-1-5-5,Sadness,LipCornerDepressorL,0.3079049736261368,8.0,0.3079049736261368,8,11,0.7330082058906555,,
1700756494467-2-18-3-6-5,Sadness,LipCornerDepressorL,0.24140479415655142,4.0,0.24140479415655142,4,4,0.3321019113063812,,
1700756512745-2-18-3-15-5,Sadness,LipCornerDepressorL,0.02238774299621582,8.0,0.02335745096206665,23,17,0.5271292328834534,,
1700756706103-2-18-4-1-5,Sadness,LipCornerDepressorL,0.18573838472366327,16.0,0.2437449917197227,10,1,0.7420512437820435,,
1700756719177-2-18-4-8-5,Sadness,LipCornerDepressorL,0.03150740265846247,11.0,0.05167269706726074,6,26,0.6919007301330566,,
1700756739446-2-18-4-20-5,Sadness,LipCornerDepressorL,0.3451011776924134,4.0,0.3451011776924134,4,4,0.6492067575454712,,
1700824361442-0-19-1-1-5,Sadness,LipCornerDepressorL,0.1305514648556709,17.0,0.1305514648556709,17,28,0.19357430934906,,
1700824371517-0-19-1-5-5,Sadness,LipCornerDepressorL,0.2137574423104525,11.0,0.2137574423104525,11,25,0.3150343000888824,,
1700824376390-0-19-1-7-5,Sadness,LipCornerDepressorL,0.2885359078645706,13.0,0.2885359078645706,13,28,0.6569900512695312,,
1700824565238-0-19-3-6-5,Sadness,LipCornerDepressorL,0.33100893255323177,5.0,0.33100893255323177,5,16,0.4143653213977813,,
1700824566938-0-19-3-7-5,Sadness,LipCornerDepressorL,0.013833045959472656,26.0,0.03326696157455439,21,7,0.472541481256485,,
1700824582702-0-19-3-15-5,Sadness,LipCornerDepressorL,0.4235152304172516,15.0,0.4235152304172516,15,19,0.6963889598846436,,
1700824741060-0-19-4-1-5,Sadness,LipCornerDepressorL,0.2758544385433197,14.0,0.2758544385433197,14,14,0.4470986425876617,,
1700824753632-0-19-4-8-5,Sadness,LipCornerDepressorL,0.3394125401973724,10.0,0.3394125401973724,10,18,0.3529835045337677,,
1700824769641-0-19-4-17-5,Sadness,LipCornerDepressorL,0.3442940190434456,7.0,0.3442940190434456,7,7,0.4356792271137237,,
1700824774956-0-19-4-20-5,Sadness,LipCornerDepressorL,0.06097284704446801,11.0,0.06097284704446801,11,19,0.1679207682609558,,
1700825725786-0-20-1-1-5,Sadness,LipCornerDepressorL,0.23100301623344427,20.0,0.39449760317802435,9,1,0.7160160541534424,,
1700825735489-0-20-1-5-5,Sadness,LipCornerDepressorL,0.5539194401353598,9.0,0.5539194401353598,9,10,0.8476186990737915,,
1700825740957-0-20-1-7-5,Sadness,LipCornerDepressorL,0.03676417469978338,26.0,0.03676417469978338,26,26,0.5316550135612488,,
1700825931746-0-20-3-6-5,Sadness,LipCornerDepressorL,0.3685534298419953,24.0,0.3685534298419953,24,25,0.7683839201927185,,
1700825933717-0-20-3-7-5,Sadness,LipCornerDepressorL,0.39343138225376606,17.0,0.39343138225376606,17,18,0.7967591285705566,,
1700825949713-0-20-3-15-5,Sadness,LipCornerDepressorL,0.5310855209827423,18.0,0.5310855209827423,18,20,0.9446883797645568,,
1700826091437-0-20-4-1-5,Sadness,LipCornerDepressorL,0.35832276940345764,20.0,0.35832276940345764,20,20,0.7368102669715881,,
1700826104247-0-20-4-8-5,Sadness,LipCornerDepressorL,0.2536744177341461,2.0,0.2536744177341461,2,16,0.6918662786483765,,
1700826119685-0-20-4-17-5,Sadness,LipCornerDepressorL,0.417499921284616,23.0,0.417499921284616,23,25,0.6386839151382446,,
1700826125129-0-20-4-20-5,Sadness,LipCornerDepressorL,0.3424532115459442,10.0,0.3424532115459442,10,11,0.7851925492286682,,
1700827570195-0-21-1-1-5,Sadness,LipCornerDepressorL,0.59416076913476,18.0,0.59416076913476,18,19,0.8484461307525635,,
1700827580897-0-21-1-5-5,Sadness,LipCornerDepressorL,0.1889486610889435,7.0,0.1889486610889435,7,16,0.7333187460899353,,
1700827585898-0-21-1-7-5,Sadness,LipCornerDepressorL,0.2266827523708344,17.0,0.2266827523708344,17,30,0.7458545565605164,,
1700827802046-0-21-3-6-5,Sadness,LipCornerDepressorL,0.4960201624780894,11.0,0.4960201624780894,11,17,0.8523141145706177,,
1700827804218-0-21-3-7-5,Sadness,LipCornerDepressorL,0.19746705889701843,15.0,0.19746705889701843,15,29,0.7407235503196716,,
1700827819680-0-21-3-15-5,Sadness,LipCornerDepressorL,0.1461067721247673,3.0,0.1461067721247673,3,28,0.6350842118263245,,
1700827969427-0-21-4-1-5,Sadness,LipCornerDepressorL,0.5841390639543533,4.0,0.5841390639543533,4,7,0.8355599641799927,,
1700827982043-0-21-4-8-5,Sadness,LipCornerDepressorL,0.3958970372923254,5.0,0.3958970372923254,5,8,0.8257352113723755,,
1700827997982-0-21-4-17-5,Sadness,LipCornerDepressorL,0.3398900628089905,14.0,0.3398900628089905,14,16,0.6155775785446167,,
1700828002492-0-21-4-20-5,Sadness,LipCornerDepressorL,0.06455743312835693,3.0,0.0789538025856018,19,7,0.8088381886482239,,
1700830157857-0-22-3-7-5,Sadness,LipCornerDepressorL,0.02102714776992798,11.0,0.024798989295959473,15,14,0.6951843500137329,,
1701085397170-2-23-1-1-5,Sadness,LipCornerDepressorL,0.44154560565948486,26.0,0.6031156927347183,22,29,0.8908950686454773,,
1701085406198-2-23-1-5-5,Sadness,LipCornerDepressorL,0.4116761181503534,19.0,0.4116761181503534,19,28,0.8630841374397278,,
1701085411341-2-23-1-7-5,Sadness,LipCornerDepressorL,0.4139770129695535,26.0,0.4139770129695535,26,29,0.8787323832511902,,
1701085617891-2-23-3-7-5,Sadness,LipCornerDepressorL,0.03808468580245972,20.0,0.33466622233390814,25,1,0.7233157753944397,,
1701085633973-2-23-3-15-5,Sadness,LipCornerDepressorL,0.01908642053604126,16.0,0.2965847104787827,25,5,0.7431097626686096,,
1701085784771-2-23-4-1-5,Sadness,LipCornerDepressorL,0.6458416655659677,11.0,0.6458416655659677,11,17,0.8366544842720032,,
1701085796688-2-23-4-8-5,Sadness,LipCornerDepressorL,0.43180377781391144,7.0,0.43180377781391144,7,22,0.8366489410400391,,
1701085812843-2-23-4-17-5,Sadness,LipCornerDepressorL,0.39481887221336376,24.0,0.39481887221336376,24,29,0.7442952990531921,,
1701087207767-0-24-1-5-5,Sadness,LipCornerDepressorL,0.2722798883914948,24.0,0.2722798883914948,24,29,0.9999996423721312,,
1701087212205-0-24-1-7-5,Sadness,LipCornerDepressorL,0.5815109238028526,16.0,0.5815109238028526,16,21,1.0,,
1701087427827-0-24-3-15-5,Sadness,LipCornerDepressorL,0.03801220655441284,4.0,0.1457918882369995,24,17,0.8463534116744995,,
1701087597572-0-24-4-1-5,Sadness,LipCornerDepressorL,0.03477597236633301,11.0,0.09675586223602295,28,19,0.9971005320549012,,
1701087625068-0-24-4-17-5,Sadness,LipCornerDepressorL,0.302939236164093,18.0,0.302939236164093,18,21,0.92633455991745,,
1701087630998-0-24-4-20-5,Sadness,LipCornerDepressorL,0.00926506519317627,9.0,0.15635919570922852,29,1,0.9835313558578492,,
1701090908417-0-25-1-5-5,Sadness,LipCornerDepressorL,0.3283179849386215,26.0,0.3283179849386215,26,30,0.835136353969574,,
1701090913255-0-25-1-7-5,Sadness,LipCornerDepressorL,0.17877981066703796,27.0,0.17877981066703796,27,29,0.5832217335700989,,
1701091112114-0-25-3-6-5,Sadness,LipCornerDepressorL,0.009960132651031002,28.0,0.009960132651031002,28,30,0.0259531661868095,,
1701091130978-0-25-3-15-5,Sadness,LipCornerDepressorL,0.2263459414243698,11.0,0.2263459414243698,11,24,0.7049211263656616,,
1701091282500-0-25-4-1-5,Sadness,LipCornerDepressorL,0.13115924596786507,10.0,0.13115924596786507,10,13,0.3231590986251831,,
1701091310540-0-25-4-17-5,Sadness,LipCornerDepressorL,0.1917707715183496,15.0,0.1917707715183496,15,29,0.5884982347488403,,
1701091316502-0-25-4-20-5,Sadness,LipCornerDepressorL,0.15512615442276,17.0,0.15512615442276,17,25,0.9927342534065248,,
1701094450282-2-27-1-5-5,Sadness,LipCornerDepressorL,0.6172263920307159,19.0,0.6172263920307159,19,30,0.8505814671516418,,
1701094455829-2-27-1-7-5,Sadness,LipCornerDepressorL,0.012639820575714111,21.0,0.3678583502769471,25,1,0.8902446031570435,,
1701094664518-2-27-3-6-5,Sadness,LipCornerDepressorL,0.41612153500318527,5.0,0.41612153500318527,5,29,0.8366543650627136,,
1701094821546-2-27-4-1-5,Sadness,LipCornerDepressorL,0.5154480040073395,7.0,0.5154480040073395,7,8,0.9985624551773072,,
1701094855279-2-27-4-20-5,Sadness,LipCornerDepressorL,0.041881263256073,2.0,0.30521768331527716,30,2,0.8719088435173035,,
1701170403137-0-28-1-1-5,Sadness,LipCornerDepressorL,0.36577941477298737,22.0,0.36577941477298737,22,29,0.901817798614502,,
1701170413632-0-28-1-5-5,Sadness,LipCornerDepressorL,0.2506084144115448,9.0,0.2506084144115448,9,25,0.6344608664512634,,
1701170418733-0-28-1-7-5,Sadness,LipCornerDepressorL,0.48521631956100475,10.0,0.48521631956100475,10,13,0.8521892428398132,,
1701170610731-0-28-3-6-5,Sadness,LipCornerDepressorL,0.27048143744468695,19.0,0.27048143744468695,19,24,0.743329644203186,,
1701170612719-0-28-3-7-5,Sadness,LipCornerDepressorL,0.25398077070713043,14.0,0.25398077070713043,14,25,0.7196539640426636,,
1701170629090-0-28-3-15-5,Sadness,LipCornerDepressorL,0.2351491153240204,9.0,0.2351491153240204,9,13,0.6553743481636047,,
1701170766666-0-28-4-1-5,Sadness,LipCornerDepressorL,0.38112857192754745,18.0,0.38112857192754745,18,26,0.8094903230667114,,
1701170779065-0-28-4-8-5,Sadness,LipCornerDepressorL,0.30415946245193487,20.0,0.3669243454933167,2,29,0.836561381816864,,
1701170795486-0-28-4-17-5,Sadness,LipCornerDepressorL,0.291909471154213,15.0,0.291909471154213,15,18,0.7600433826446533,,
1701170800443-0-28-4-20-5,Sadness,LipCornerDepressorL,0.3221903443336487,18.0,0.3221903443336487,18,29,0.8627418875694275,,
1701175853069-1-29-1-1-5,Sadness,LipCornerDepressorL,0.3831160897389054,11.0,0.3831160897389054,11,17,0.8251323699951172,,
1701175863644-1-29-1-5-5,Sadness,LipCornerDepressorL,0.4162649139761925,4.0,0.4162649139761925,4,7,0.7442631721496582,,
1701175869459-1-29-1-7-5,Sadness,LipCornerDepressorL,0.02690303325653076,11.0,0.0811951756477356,30,26,0.7400936484336853,,
1701176074629-1-29-3-6-5,Sadness,LipCornerDepressorL,0.3023419119417668,22.0,0.3023419119417668,22,30,0.7327359914779663,,
1701176075798-1-29-3-7-5,Sadness,LipCornerDepressorL,0.4955330751836301,13.0,0.4955330751836301,13,28,0.8363007307052612,,
1701176244544-1-29-4-1-5,Sadness,LipCornerDepressorL,0.2577860951423645,13.0,0.4876878559589386,2,27,0.8043321967124939,,
1701176257555-1-29-4-8-5,Sadness,LipCornerDepressorL,0.48620383255183697,8.0,0.48620383255183697,8,12,0.721574604511261,,
1701176272605-1-29-4-17-5,Sadness,LipCornerDepressorL,0.29312172532081604,20.0,0.29312172532081604,20,30,0.8800251483917236,,
1701176278287-1-29-4-20-5,Sadness,LipCornerDepressorL,0.6355109959840775,13.0,0.6355109959840775,13,30,0.7983013987541199,,
1701177610247-0-30-1-5-5,Sadness,LipCornerDepressorL,0.5045666174410145,20.0,0.5045666174410145,20,25,0.5849655270576477,,
1701177615899-0-30-1-7-5,Sadness,LipCornerDepressorL,0.23366153240203863,20.0,0.23366153240203863,20,20,0.7287989258766174,,
1701177812568-0-30-3-6-5,Sadness,LipCornerDepressorL,0.27942423522472387,17.0,0.27942423522472387,17,28,0.7430521249771118,,
1701177814566-0-30-3-7-5,Sadness,LipCornerDepressorL,0.227185606956482,5.0,0.227185606956482,5,8,0.878101646900177,,
1701177830099-0-30-3-15-5,Sadness,LipCornerDepressorL,0.27491103112697607,2.0,0.27491103112697607,2,3,0.5720850229263306,,
1701178060623-0-30-4-1-5,Sadness,LipCornerDepressorL,0.1915303766727448,17.0,0.246745202690363,5,30,0.5056055784225464,,
1701178073468-0-30-4-8-5,Sadness,LipCornerDepressorL,0.3951945304870606,17.0,0.3951945304870606,17,19,0.9448607563972472,,
1701178089071-0-30-4-17-5,Sadness,LipCornerDepressorL,0.28158706426620483,13.0,0.28158706426620483,13,30,0.8489643335342407,,
1701178094780-0-30-4-20-5,Sadness,LipCornerDepressorL,0.05301964282989502,20.0,0.05301964282989502,20,28,0.8232424855232239,,
1701187981291-0-31-1-1-5,Sadness,LipCornerDepressorL,0.1863231062889099,3.0,0.19076472520828247,10,5,0.7599283456802368,,
1701187991309-0-31-1-5-5,Sadness,LipCornerDepressorL,0.3582570254802704,14.0,0.3582570254802704,14,14,0.6600592136383057,,
1701187996053-0-31-1-7-5,Sadness,LipCornerDepressorL,0.1555262338370084,14.0,0.3031259179115296,21,19,0.5788400173187256,,
1701188195847-0-31-3-6-5,Sadness,LipCornerDepressorL,0.3436866919510066,16.0,0.3436866919510066,16,18,0.5753462910652161,,
1701188197238-0-31-3-7-5,Sadness,LipCornerDepressorL,0.019917666912078913,11.0,0.019917666912078913,11,30,0.4664452075958252,,
1701188213268-0-31-3-15-5,Sadness,LipCornerDepressorL,0.46885036141611636,9.0,0.46885036141611636,9,16,0.8632473945617676,,
1701188354185-0-31-4-1-5,Sadness,LipCornerDepressorL,0.1170655488967896,6.0,0.17936033010482788,11,9,0.6688264012336731,,
1701188366589-0-31-4-8-5,Sadness,LipCornerDepressorL,0.4810155406594277,19.0,0.4810155406594277,19,28,0.8621295094490051,,
1701188382915-0-31-4-17-5,Sadness,LipCornerDepressorL,0.03287869691848755,27.0,0.03287869691848755,27,27,0.801002025604248,,
1701188387231-0-31-4-20-5,Sadness,LipCornerDepressorL,0.14277014136314392,17.0,0.14277014136314392,17,19,0.6122913360595703,,
1701346700790-1-32-1-1-5,Sadness,LipCornerDepressorL,0.2344934418797493,17.0,0.2344934418797493,17,19,0.5208466053009033,,
1701346925471-1-32-3-6-5,Sadness,LipCornerDepressorL,0.2279996713623404,14.0,0.2279996713623404,14,30,0.929007649421692,,
1701346943068-1-32-3-15-5,Sadness,LipCornerDepressorL,0.1533890068531037,23.0,0.1533890068531037,23,29,0.6937393546104431,,
1701347174326-1-32-4-8-5,Sadness,LipCornerDepressorL,0.4060639590024948,26.0,0.4060639590024948,26,26,0.6090007424354553,,
1701350212460-0-33-1-5-5,Sadness,LipCornerDepressorL,0.3218186497688294,23.0,0.3218186497688294,23,25,0.5104889273643494,,
1701350419795-0-33-3-7-5,Sadness,LipCornerDepressorL,0.07612216472625732,14.0,0.07612216472625732,14,18,0.945227324962616,,
1701350435888-0-33-3-15-5,Sadness,LipCornerDepressorL,0.1346117854118347,17.0,0.1346117854118347,17,30,0.7436308264732361,,
1701350599016-0-33-4-1-5,Sadness,LipCornerDepressorL,0.19523307681083685,12.0,0.19523307681083685,12,15,0.7442922592163086,,
1701350610834-0-33-4-8-5,Sadness,LipCornerDepressorL,0.6939587849192321,11.0,0.6939587849192321,11,13,0.8979151844978333,,
1701357352707-0-34-1-1-5,Sadness,LipCornerDepressorL,0.2569737136363983,19.0,0.2569737136363983,19,20,0.4803205728530884,,
1701357362160-0-34-1-5-5,Sadness,LipCornerDepressorL,0.1312340795993805,18.0,0.18104766309261328,26,19,0.4698109924793243,,
1701357366765-0-34-1-7-5,Sadness,LipCornerDepressorL,0.2248205095529556,10.0,0.2248205095529556,10,11,0.4723529517650604,,
1701357576054-0-34-3-6-5,Sadness,LipCornerDepressorL,0.1800810247659683,24.0,0.1800810247659683,24,24,0.3872899711132049,,
1701357578950-0-34-3-7-5,Sadness,LipCornerDepressorL,0.027418076992034912,9.0,0.12006583064794542,27,1,0.3606306314468384,,
1701357594247-0-34-3-15-5,Sadness,LipCornerDepressorL,0.02325896918773651,11.0,0.04924547672271723,4,1,0.396003395318985,,
1701357779971-0-34-4-20-5,Sadness,LipCornerDepressorL,0.2260226309299469,24.0,0.2260226309299469,24,25,0.4321536421775818,,
1701429265367-0-35-1-1-5,Sadness,LipCornerDepressorL,0.2585324048995972,18.0,0.2585324048995972,18,24,0.9186665415763856,,
1701429275593-0-35-1-5-5,Sadness,LipCornerDepressorL,0.4315494671463966,15.0,0.4315494671463966,15,19,0.8793193697929382,,
1701429281346-0-35-1-7-5,Sadness,LipCornerDepressorL,0.03876215219497681,3.0,0.03876215219497681,3,7,0.7296227216720581,,
1701429461662-0-35-3-6-5,Sadness,LipCornerDepressorL,0.4969017505645752,20.0,0.4969017505645752,20,24,0.8638178110122681,,
1701429463256-0-35-3-7-5,Sadness,LipCornerDepressorL,0.46856307797133917,17.0,0.46856307797133917,17,22,0.8248063921928406,,
1701429479352-0-35-3-15-5,Sadness,LipCornerDepressorL,0.292051985859871,15.0,0.292051985859871,15,25,0.7986248135566711,,
1701429612180-0-35-4-1-5,Sadness,LipCornerDepressorL,0.06334787607192993,9.0,0.06334787607192993,9,30,0.8908483982086182,,
1701429625044-0-35-4-8-5,Sadness,LipCornerDepressorL,0.5247049480676652,7.0,0.5247049480676652,7,13,0.95573890209198,,
1701429640278-0-35-4-17-5,Sadness,LipCornerDepressorL,0.7230462087318301,23.0,0.7230462087318301,23,26,0.8354812264442444,,
1701429645979-0-35-4-20-5,Sadness,LipCornerDepressorL,0.2041214723140001,11.0,0.2041214723140001,11,30,0.5437206625938416,,
1701438032606-1-36-1-1-5,Sadness,LipCornerDepressorL,0.11641374230384827,5.0,0.11641374230384827,5,29,0.7170225977897644,,
1701438247154-1-36-3-6-5,Sadness,LipCornerDepressorL,0.48168081045150757,2.0,0.48168081045150757,2,7,0.797551155090332,,
1701438248917-1-36-3-7-5,Sadness,LipCornerDepressorL,0.02044212818145752,4.0,0.04096299409866333,16,5,0.8249743580818176,,
1701438265453-1-36-3-15-5,Sadness,LipCornerDepressorL,0.018041133880615234,13.0,0.022899746894836426,5,22,0.764194905757904,,
1701438426616-1-36-4-1-5,Sadness,LipCornerDepressorL,0.6145957261323929,6.0,0.6145957261323929,6,6,0.75701904296875,,
1701438439783-1-36-4-8-5,Sadness,LipCornerDepressorL,0.03662681579589844,11.0,0.03662681579589844,11,30,0.7550641894340515,,
1701438460706-1-36-4-20-5,Sadness,LipCornerDepressorL,0.6235077530145646,9.0,0.6235077530145646,9,15,0.9168835878372192,,
1701440186542-0-37-1-1-5,Sadness,LipCornerDepressorL,0.2523326706141234,24.0,0.2523326706141234,24,26,0.481417715549469,,
1701440201790-0-37-1-7-5,Sadness,LipCornerDepressorL,0.08227308839559559,14.0,0.08227308839559559,14,19,0.219528928399086,,
1701440422723-0-37-3-15-5,Sadness,LipCornerDepressorL,0.1285333223640918,3.0,0.1285333223640918,3,11,0.5072550773620605,,
1701440587047-0-37-4-8-5,Sadness,LipCornerDepressorL,0.2198417484760284,9.0,0.2198417484760284,9,22,0.9017413258552552,,
1701440603641-0-37-4-17-5,Sadness,LipCornerDepressorL,0.035346388816833496,27.0,0.04083210229873657,21,1,0.7887938022613525,,
1701440608220-0-37-4-20-5,Sadness,LipCornerDepressorL,0.2004737183451653,5.0,0.2004737183451653,5,13,0.7981052398681641,0.030603227087303952,0.030603227087303952
1700478998549-2-1-1-1-5,Sadness,ChinRaiserB,0.12536972761154175,26.0,0.12536972761154175,26,30,0.6106641292572021,,
1700479007738-2-1-1-5-5,Sadness,ChinRaiserB,0.0673570185899734,2.0,0.0673570185899734,2,26,0.361391007900238,,
1700479250572-2-1-3-6-5,Sadness,ChinRaiserB,0.04768598079681402,5.0,0.2083752192556858,24,16,0.3911516666412353,,
1700479413527-2-1-4-1-5,Sadness,ChinRaiserB,0.1394520443864167,2.0,0.1394520443864167,2,23,0.3377730250358581,,
1700479426367-2-1-4-8-5,Sadness,ChinRaiserB,0.28096115402877336,6.0,0.3945638537406922,28,11,0.6279045939445496,,
1700479442178-2-1-4-17-5,Sadness,ChinRaiserB,0.28657513843964466,16.0,0.28657513843964466,16,22,0.5100677013397217,,
1700479447373-2-1-4-20-5,Sadness,ChinRaiserB,0.021075010299682617,4.0,0.06647723913192749,27,2,0.3799528181552887,,
1700485979873-1-2-1-1-5,Sadness,ChinRaiserB,0.1976847453042865,23.0,0.3045995142310859,13,30,0.5860697031021118,,
1700485989602-1-2-1-5-5,Sadness,ChinRaiserB,0.15608316659927368,29.0,0.29137805104255676,27,22,0.8341990113258362,,
1700486202703-1-2-3-6-5,Sadness,ChinRaiserB,0.38445591926574707,16.0,0.38445591926574707,16,18,0.9828691482543944,,
1700486203970-1-2-3-7-5,Sadness,ChinRaiserB,0.2397179901599884,16.0,0.2397179901599884,16,20,0.6081533432006836,,
1700486220495-1-2-3-15-5,Sadness,ChinRaiserB,0.2336803674697876,10.0,0.2336803674697876,10,16,0.9926846623420716,,
1700486364234-1-2-4-1-5,Sadness,ChinRaiserB,0.5557877123355865,9.0,0.5557877123355865,9,11,0.8892748355865479,,
1700486376407-1-2-4-8-5,Sadness,ChinRaiserB,0.15638118982315063,21.0,0.15638118982315063,21,25,0.7040621042251587,,
1700486391891-1-2-4-17-5,Sadness,ChinRaiserB,0.21295875310897827,14.0,0.21295875310897827,14,28,0.452364981174469,,
1700486396928-1-2-4-20-5,Sadness,ChinRaiserB,0.10535416007041937,30.0,0.10535416007041937,30,30,0.3856664299964905,,
1700487868986-0-3-1-1-5,Sadness,ChinRaiserB,0.0939112454652786,15.0,0.0939112454652786,15,23,0.2094301879405975,,
1700487879248-0-3-1-5-5,Sadness,ChinRaiserB,0.2641408145427704,23.0,0.2641408145427704,23,25,0.6159647703170776,,
1700487884247-0-3-1-7-5,Sadness,ChinRaiserB,0.1991636268794537,18.0,0.1991636268794537,18,30,0.5635027885437012,,
1700488086375-0-3-3-6-5,Sadness,ChinRaiserB,0.2215007245540619,16.0,0.2215007245540619,16,19,0.6395203471183777,,
1700488088436-0-3-3-7-5,Sadness,ChinRaiserB,0.0,,0.0003305256541352,2,1,0.0006121657206676,,
1700488253631-0-3-4-1-5,Sadness,ChinRaiserB,0.06678039208054551,16.0,0.06678039208054551,16,19,0.2214419543743133,,
1700488281821-0-3-4-17-5,Sadness,ChinRaiserB,0.10055316239595409,16.0,0.10055316239595409,16,29,0.276450514793396,,
1700488287195-0-3-4-20-5,Sadness,ChinRaiserB,0.025614533573388998,11.0,0.025614533573388998,11,20,0.1428939253091812,,
1700489636544-0-4-1-1-5,Sadness,ChinRaiserB,0.14562098681926722,17.0,0.23990640044212347,3,1,0.5472097396850586,,
1700489647471-0-4-1-5-5,Sadness,ChinRaiserB,0.1280728578567505,22.0,0.2644113525748253,28,25,0.5981783270835876,,
1700489652694-0-4-1-7-5,Sadness,ChinRaiserB,0.3140016198158264,27.0,0.3140016198158264,27,29,0.7986088991165161,,
1700489867325-0-4-3-6-5,Sadness,ChinRaiserB,0.2838721573352814,21.0,0.2838721573352814,21,24,0.6930974125862122,,
1700489870288-0-4-3-7-5,Sadness,ChinRaiserB,0.12209093570709229,27.0,0.12209093570709229,27,27,0.802497923374176,,
1700489885562-0-4-3-15-5,Sadness,ChinRaiserB,0.14903035759925848,23.0,0.18509256839752197,13,2,0.8496423959732056,,
1700490043467-0-4-4-1-5,Sadness,ChinRaiserB,0.2061496376991272,26.0,0.2061496376991272,26,26,0.5942474603652954,,
1700490055922-0-4-4-8-5,Sadness,ChinRaiserB,0.3075492857024074,16.0,0.3075492857024074,16,17,0.579645037651062,,
1700490072127-0-4-4-17-5,Sadness,ChinRaiserB,0.19716756790876389,25.0,0.19716756790876389,25,27,0.5085465312004089,,
1700490076928-0-4-4-20-5,Sadness,ChinRaiserB,0.431335661560297,14.0,0.431335661560297,14,14,0.4356388747692108,,
1700491414884-1-5-1-1-5,Sadness,ChinRaiserB,0.1288092229515314,5.0,0.1288092229515314,5,22,0.6934674382209778,,
1700491424133-1-5-1-5-5,Sadness,ChinRaiserB,0.13974789949134,21.0,0.13974789949134,21,30,0.3418916165828705,,
1700491627937-1-5-3-7-5,Sadness,ChinRaiserB,0.06722882390022278,2.0,0.06722882390022278,2,26,0.7710763216018677,,
1700491791918-1-5-4-1-5,Sadness,ChinRaiserB,0.06255868077278137,7.0,0.06255868077278137,7,29,0.6878071427345276,,
1700491804087-1-5-4-8-5,Sadness,ChinRaiserB,0.10896974802017212,14.0,0.10896974802017212,14,20,0.7333337664604187,,
1700491820637-1-5-4-17-5,Sadness,ChinRaiserB,0.07831782102584839,9.0,0.07831782102584839,9,30,0.4997252523899078,,
1700491825430-1-5-4-20-5,Sadness,ChinRaiserB,0.1414585541933775,8.0,0.1414585541933775,8,30,0.602388858795166,,
1700496928044-1-6-3-6-5,Sadness,ChinRaiserB,0.2563728094100952,17.0,0.2563728094100952,17,27,0.4995251595973968,,
1700496930909-1-6-3-7-5,Sadness,ChinRaiserB,0.3309960216283798,3.0,0.3309960216283798,3,14,0.6761935949325562,,
1700497104598-1-6-4-8-5,Sadness,ChinRaiserB,0.3394735455465162,8.0,0.3394735455465162,8,13,0.613885223865509,,
1700497120522-1-6-4-17-5,Sadness,ChinRaiserB,0.2149259224534035,4.0,0.5156270265579224,25,18,0.6680047512054443,,
1700497125118-1-6-4-20-5,Sadness,ChinRaiserB,0.05451083183288574,3.0,0.05451083183288574,3,14,0.5860671401023865,,
1700567691497-2-8-1-1-5,Sadness,ChinRaiserB,0.2917094677686692,12.0,0.48307946324348455,27,23,0.979090452194214,,
1700567706828-2-8-1-7-5,Sadness,ChinRaiserB,0.2347216084599495,3.0,0.3258989602327347,25,18,0.7834413647651672,,
1700567914515-2-8-3-6-5,Sadness,ChinRaiserB,0.3140715025365353,7.0,0.3140715025365353,7,21,0.9984869956970216,,
1700567916813-2-8-3-7-5,Sadness,ChinRaiserB,0.0608389675617218,18.0,0.2128899339586496,23,8,0.5995749235153198,,
1700567932221-2-8-3-15-5,Sadness,ChinRaiserB,0.0349905332550407,18.0,0.0349905332550407,18,27,0.0523758232593536,,
1700568077758-2-8-4-1-5,Sadness,ChinRaiserB,0.2898015975952149,6.0,0.2898015975952149,6,7,0.7952261567115784,,
1700571177836-1-9-3-6-5,Sadness,ChinRaiserB,0.1092374324798584,4.0,0.14195661246776578,30,6,0.4561744332313537,,
1700571349647-1-9-4-1-5,Sadness,ChinRaiserB,0.053892165422439575,11.0,0.1304429620504379,27,13,0.3237646818161011,,
1700571361673-1-9-4-8-5,Sadness,ChinRaiserB,0.2202954292297363,6.0,0.2202954292297363,6,20,0.3432434201240539,,
1700571378228-1-9-4-17-5,Sadness,ChinRaiserB,0.3886730670928955,4.0,0.3886730670928955,4,5,0.4990601539611816,,
1700571383269-1-9-4-20-5,Sadness,ChinRaiserB,0.2983501539565624,12.0,0.2983501539565624,12,29,0.4131815731525421,,
1700577641790-2-10-1-1-5,Sadness,ChinRaiserB,0.014097273349761963,3.0,0.023772120475769043,10,3,0.6518740653991699,,
1700577851526-2-10-3-6-5,Sadness,ChinRaiserB,0.5730668289320988,20.0,0.5730668289320988,20,25,0.6405226588249207,,
1700577854173-2-10-3-7-5,Sadness,ChinRaiserB,0.025257110595703125,7.0,0.04475808143615723,13,1,0.8795438408851624,,
1700577870256-2-10-3-15-5,Sadness,ChinRaiserB,0.05347329378128052,14.0,0.05682539939880371,22,18,0.6932650804519653,,
1700578020748-2-10-4-8-5,Sadness,ChinRaiserB,0.45331160118803376,15.0,0.45331160118803376,15,22,0.7877098321914673,,
1700578036809-2-10-4-17-5,Sadness,ChinRaiserB,0.47975465469062334,20.0,0.47975465469062334,20,22,0.6129938364028931,,
1700578042343-2-10-4-20-5,Sadness,ChinRaiserB,0.5312188267707825,9.0,0.5312188267707825,9,12,0.5758597254753113,,
1700580290717-0-11-1-5-5,Sadness,ChinRaiserB,0.05985436355695129,9.0,0.05985436355695129,9,12,0.1917765438556671,,
1700580295660-0-11-1-7-5,Sadness,ChinRaiserB,0.038135409355163574,5.0,0.04225766658782959,27,22,0.6400259733200073,,
1700580495753-0-11-3-6-5,Sadness,ChinRaiserB,0.0362222231924534,28.0,0.0362222231924534,28,30,0.1029775962233543,,
1700580513563-0-11-3-15-5,Sadness,ChinRaiserB,0.0117064043879509,19.0,0.0117064043879509,19,20,0.0250273421406745,,
1700580681391-0-11-4-8-5,Sadness,ChinRaiserB,0.05564948171377189,29.0,0.1439829766750335,12,2,0.3232179880142212,,
1700582329161-0-12-4-1-5,Sadness,ChinRaiserB,0.2551810294389725,22.0,0.2551810294389725,22,30,0.676594614982605,,
1700582340968-0-12-4-8-5,Sadness,ChinRaiserB,0.1191336512565612,26.0,0.30332878232002264,9,3,0.9499748349189758,,
1700582357226-0-12-4-17-5,Sadness,ChinRaiserB,0.10763165354728699,21.0,0.10763165354728699,21,24,0.5844874382019043,,
1700582362281-0-12-4-20-5,Sadness,ChinRaiserB,0.1448900401592254,13.0,0.1448900401592254,13,29,0.7374488711357117,,
1700583815717-2-13-1-7-5,Sadness,ChinRaiserB,0.23790809512138372,5.0,0.23790809512138372,5,28,0.7225142121315002,,
1700584012456-2-13-3-6-5,Sadness,ChinRaiserB,0.1714875772595405,8.0,0.1714875772595405,8,30,0.663120448589325,,
1700584030294-2-13-3-15-5,Sadness,ChinRaiserB,0.09369790554046631,16.0,0.09369790554046631,16,30,0.9006812572479248,,
1700584204317-2-13-4-1-5,Sadness,ChinRaiserB,0.08583670854568481,10.0,0.08583670854568481,10,10,0.6956384181976318,,
1700584216493-2-13-4-8-5,Sadness,ChinRaiserB,0.15535387393622296,16.0,0.15535387393622296,16,25,0.6030384302139282,,
1700584232123-2-13-4-17-5,Sadness,ChinRaiserB,0.2431689649820328,17.0,0.2431689649820328,17,23,0.6682131886482239,,
1700584237227-2-13-4-20-5,Sadness,ChinRaiserB,0.27929823100566864,19.0,0.27929823100566864,19,24,0.6667784452438354,,
1700745025508-1-14-1-1-5,Sadness,ChinRaiserB,0.1354112923145294,12.0,0.1354112923145294,12,26,0.7442247271537781,,
1700745035202-1-14-1-5-5,Sadness,ChinRaiserB,0.2854360043927183,15.0,0.2854360043927183,15,28,0.6791023015975952,,
1700745040741-1-14-1-7-5,Sadness,ChinRaiserB,0.22091805934906006,25.0,0.22091805934906006,25,30,0.9018468260765076,,
1700745234646-1-14-3-6-5,Sadness,ChinRaiserB,0.3226338028907776,18.0,0.3226338028907776,18,23,0.9290114641189576,,
1700745236100-1-14-3-7-5,Sadness,ChinRaiserB,0.2526379376649857,13.0,0.2526379376649857,13,26,0.8088576197624207,,
1700745252436-1-14-3-15-5,Sadness,ChinRaiserB,0.2103107869625092,9.0,0.2103107869625092,9,27,0.4317832887172699,,
1700745394756-1-14-4-1-5,Sadness,ChinRaiserB,0.29570281505584717,8.0,0.29570281505584717,8,10,0.6120761632919312,,
1700745407522-1-14-4-8-5,Sadness,ChinRaiserB,0.26250800490379333,22.0,0.26250800490379333,22,27,0.6300905346870422,,
1700745428809-1-14-4-20-5,Sadness,ChinRaiserB,0.2205903530120849,20.0,0.2205903530120849,20,30,0.7876273989677429,,
1700747147435-2-15-1-1-5,Sadness,ChinRaiserB,0.11235043406486511,2.0,0.11235043406486511,2,14,0.7427190542221069,,
1700747157106-2-15-1-5-5,Sadness,ChinRaiserB,0.3505078256130216,7.0,0.3505078256130216,7,29,0.8246613144874573,,
1700747359928-2-15-3-7-5,Sadness,ChinRaiserB,0.2915615439414978,16.0,0.2915615439414978,16,27,0.6678062081336975,,
1700747376723-2-15-3-15-5,Sadness,ChinRaiserB,0.06266540288925171,5.0,0.06266540288925171,5,15,0.6395543813705444,,
1700747514980-2-15-4-1-5,Sadness,ChinRaiserB,0.27395567297935486,9.0,0.27395567297935486,9,16,0.6933214664459229,,
1700747527030-2-15-4-8-5,Sadness,ChinRaiserB,0.5122535493892997,2.0,0.5122535493892997,2,21,0.8763158321380615,,
1700747543178-2-15-4-17-5,Sadness,ChinRaiserB,0.2529386579990387,6.0,0.2529386579990387,6,10,0.6572275757789612,,
1700748813184-0-16-3-6-5,Sadness,ChinRaiserB,0.05583708733320231,14.0,0.05583708733320231,14,26,0.2870295941829681,,
1700754021356-0-17-3-7-5,Sadness,ChinRaiserB,0.1401454210281372,16.0,0.1401454210281372,16,24,0.5736079216003418,,
1700754213546-0-17-4-20-5,Sadness,ChinRaiserB,0.3444766849279404,24.0,0.3444766849279404,24,30,0.7588385343551636,,
1700756276004-2-18-1-1-5,Sadness,ChinRaiserB,0.43678614497184753,10.0,0.43678614497184753,10,30,0.9284331798553468,,
1700756285404-2-18-1-5-5,Sadness,ChinRaiserB,0.22978657484054568,8.0,0.22978657484054568,8,30,0.8015604615211487,,
1700756494467-2-18-3-6-5,Sadness,ChinRaiserB,0.6148913912475109,4.0,0.6148913912475109,4,16,0.8799389600753784,,
1700756512745-2-18-3-15-5,Sadness,ChinRaiserB,0.015273749828338623,25.0,0.03196990489959717,4,1,0.7908480763435364,,
1700756706103-2-18-4-1-5,Sadness,ChinRaiserB,0.13316124677658087,19.0,0.24137444794178015,10,28,0.7035433650016785,,
1700756719177-2-18-4-8-5,Sadness,ChinRaiserB,0.040393948554992676,7.0,0.040393948554992676,7,13,0.6935201287269592,,
1700756739446-2-18-4-20-5,Sadness,ChinRaiserB,0.31195655465126043,4.0,0.31195655465126043,4,11,0.7318708300590515,,
1700824361442-0-19-1-1-5,Sadness,ChinRaiserB,0.2561982236802578,17.0,0.2561982236802578,17,29,0.9832482933998108,,
1700824371517-0-19-1-5-5,Sadness,ChinRaiserB,0.4112175162881614,11.0,0.4112175162881614,11,16,0.7333968877792358,,
1700824376390-0-19-1-7-5,Sadness,ChinRaiserB,0.2331872135400773,13.0,0.2331872135400773,13,19,0.4196673333644867,,
1700824565238-0-19-3-6-5,Sadness,ChinRaiserB,0.4266540706138919,5.0,0.4266540706138919,5,11,0.7433070540428162,,
1700824566938-0-19-3-7-5,Sadness,ChinRaiserB,0.012938916683197021,6.0,0.04757124185562134,24,1,0.645294189453125,,
1700824582702-0-19-3-15-5,Sadness,ChinRaiserB,0.17300684750079845,15.0,0.17300684750079845,15,26,0.4726552963256836,,
1700824741060-0-19-4-1-5,Sadness,ChinRaiserB,0.2602199614048004,14.0,0.2602199614048004,14,18,0.8374811410903931,,
1700824753632-0-19-4-8-5,Sadness,ChinRaiserB,0.3834362328052521,11.0,0.3834362328052521,11,16,0.9828317165374756,,
1700824769641-0-19-4-17-5,Sadness,ChinRaiserB,0.4878897783346474,7.0,0.4878897783346474,7,13,0.7442965507507324,,
1700824774956-0-19-4-20-5,Sadness,ChinRaiserB,0.22793404012918478,11.0,0.22793404012918478,11,13,0.3904508948326111,,
1700825725786-0-20-1-1-5,Sadness,ChinRaiserB,0.23514500260353088,20.0,0.23514500260353088,20,30,0.6442797780036926,,
1700825735489-0-20-1-5-5,Sadness,ChinRaiserB,0.182750716805458,9.0,0.182750716805458,9,22,0.5999299883842468,,
1700825740957-0-20-1-7-5,Sadness,ChinRaiserB,0.037742555141448975,24.0,0.037742555141448975,24,29,0.691269040107727,,
1700825931746-0-20-3-6-5,Sadness,ChinRaiserB,0.1951221898198128,24.0,0.1951221898198128,24,30,0.5201914310455322,,
1700825933717-0-20-3-7-5,Sadness,ChinRaiserB,0.25854459404945374,18.0,0.25854459404945374,18,30,0.5472873449325562,,
1700825949713-0-20-3-15-5,Sadness,ChinRaiserB,0.2500068992376328,18.0,0.2500068992376328,18,26,0.4171182215213775,,
1700826091437-0-20-4-1-5,Sadness,ChinRaiserB,0.2900222539901733,20.0,0.2900222539901733,20,24,0.6018363833427429,,
1700826104247-0-20-4-8-5,Sadness,ChinRaiserB,0.13709749281406403,4.0,0.13709749281406403,4,30,0.6667945981025696,,
1700826119685-0-20-4-17-5,Sadness,ChinRaiserB,0.4050472434610129,23.0,0.4050472434610129,23,25,0.5205985307693481,,
1700826125129-0-20-4-20-5,Sadness,ChinRaiserB,0.1622825711965561,10.0,0.1622825711965561,10,18,0.5852686762809753,,
1700827570195-0-21-1-1-5,Sadness,ChinRaiserB,0.2483807615935803,18.0,0.2833670042455196,4,30,0.6904518008232117,,
1700827580897-0-21-1-5-5,Sadness,ChinRaiserB,0.46931762993335724,4.0,0.46931762993335724,4,7,0.8090113401412964,,
1700827585898-0-21-1-7-5,Sadness,ChinRaiserB,0.1014846563339234,15.0,0.1014846563339234,15,29,0.6259722113609314,,
1700827802046-0-21-3-6-5,Sadness,ChinRaiserB,0.1859396994113922,11.0,0.1859396994113922,11,29,0.612690806388855,,
1700827804218-0-21-3-7-5,Sadness,ChinRaiserB,0.016491949558258057,7.0,0.03033679723739624,6,5,0.890855610370636,,
1700827819680-0-21-3-15-5,Sadness,ChinRaiserB,0.11610662937164301,3.0,0.11610662937164301,3,30,0.7377197742462158,,
1700827969427-0-21-4-1-5,Sadness,ChinRaiserB,0.1940880566835404,4.0,0.29114147229120135,2,30,0.5972066521644592,,
1700827982043-0-21-4-8-5,Sadness,ChinRaiserB,0.3173969695344568,5.0,0.3173969695344568,5,29,0.6571778655052185,,
1700827997982-0-21-4-17-5,Sadness,ChinRaiserB,0.4916468933224678,13.0,0.4916468933224678,13,30,0.7694426774978638,,
1700828002492-0-21-4-20-5,Sadness,ChinRaiserB,0.0526731014251709,15.0,0.0526731014251709,15,30,0.8324519395828247,,
1700830157857-0-22-3-7-5,Sadness,ChinRaiserB,0.03739902377128601,4.0,0.03739902377128601,4,17,0.4441424906253814,,
1701085397170-2-23-1-1-5,Sadness,ChinRaiserB,0.23233959823846817,26.0,0.4076735284179449,22,10,0.6401072144508362,,
1701085406198-2-23-1-5-5,Sadness,ChinRaiserB,0.14634773135185247,20.0,0.14634773135185247,20,30,0.5454992651939392,,
1701085411341-2-23-1-7-5,Sadness,ChinRaiserB,0.2665075957774982,26.0,0.2665075957774982,26,29,0.5353071689605713,,
1701085617891-2-23-3-7-5,Sadness,ChinRaiserB,0.025165915489196777,6.0,0.29025140404701233,26,6,0.7205129265785217,,
1701085633973-2-23-3-15-5,Sadness,ChinRaiserB,0.007850050926208496,3.0,0.21400235593318948,27,9,0.7058380842208862,,
1701085784771-2-23-4-1-5,Sadness,ChinRaiserB,0.4232596606016159,11.0,0.4232596606016159,11,27,0.6910017728805542,,
1701085796688-2-23-4-8-5,Sadness,ChinRaiserB,0.22113826870918268,7.0,0.22113826870918268,7,27,0.5844201445579529,,
1701085812843-2-23-4-17-5,Sadness,ChinRaiserB,0.3066309429705143,23.0,0.3066309429705143,23,29,0.7321751713752747,,
1701087207767-0-24-1-5-5,Sadness,ChinRaiserB,0.10482843220233921,25.0,0.10482843220233921,25,28,0.3506809771060943,,
1701087212205-0-24-1-7-5,Sadness,ChinRaiserB,0.1463451236486435,17.0,0.1463451236486435,17,30,0.4559676349163055,,
1701087427827-0-24-3-15-5,Sadness,ChinRaiserB,0.018651098012924194,21.0,0.08680081367492681,24,6,0.3492311835289001,,
1701087597572-0-24-4-1-5,Sadness,ChinRaiserB,0.14913064241409302,29.0,0.14913064241409302,29,30,0.5433730483055115,,
1701087625068-0-24-4-17-5,Sadness,ChinRaiserB,0.12959183845669028,18.0,0.12959183845669028,18,26,0.4834051132202148,,
1701087630998-0-24-4-20-5,Sadness,ChinRaiserB,0.014323741197586004,4.0,0.062432453036308205,29,4,0.3188133537769317,,
1701090908417-0-25-1-5-5,Sadness,ChinRaiserB,0.1394622679799796,26.0,0.1394622679799796,26,30,0.352294921875,,
1701090913255-0-25-1-7-5,Sadness,ChinRaiserB,0.05072950571775431,18.0,0.05072950571775431,18,29,0.162672683596611,,
1701091112114-0-25-3-6-5,Sadness,ChinRaiserB,0.0,,8.646498628195332e-09,2,1,2.9269928703001824e-08,,
1701091130978-0-25-3-15-5,Sadness,ChinRaiserB,0.12286107242107391,11.0,0.12286107242107391,11,21,0.3145943284034729,,
1701091282500-0-25-4-1-5,Sadness,ChinRaiserB,0.0473341532051563,10.0,0.0473341532051563,10,24,0.1216311231255531,,
1701091310540-0-25-4-17-5,Sadness,ChinRaiserB,0.06421666964888581,17.0,0.06421666964888581,17,27,0.2556513845920563,,
1701091316502-0-25-4-20-5,Sadness,ChinRaiserB,0.027171000838279724,19.0,0.027171000838279724,19,27,0.2987996637821197,,
1701094450282-2-27-1-5-5,Sadness,ChinRaiserB,0.36490342020988464,19.0,0.36490342020988464,19,27,0.6403089761734009,,
1701094455829-2-27-1-7-5,Sadness,ChinRaiserB,0.015075862407684326,18.0,0.2678096443414688,27,21,0.5452016592025757,,
1701094664518-2-27-3-6-5,Sadness,ChinRaiserB,0.24556633643805978,5.0,0.24556633643805978,5,22,0.5466071963310242,,
1701094821546-2-27-4-1-5,Sadness,ChinRaiserB,0.2415226846933365,7.0,0.2415226846933365,7,16,0.521401584148407,,
1701094855279-2-27-4-20-5,Sadness,ChinRaiserB,0.013796716928482056,21.0,0.16862556338310242,30,26,0.5102676749229431,,
1701170403137-0-28-1-1-5,Sadness,ChinRaiserB,0.2090619951486588,22.0,0.2090619951486588,22,27,0.577508270740509,,
1701170413632-0-28-1-5-5,Sadness,ChinRaiserB,0.1420301049947739,9.0,0.1420301049947739,9,25,0.5179782509803772,,
1701170418733-0-28-1-7-5,Sadness,ChinRaiserB,0.28998567163944244,10.0,0.28998567163944244,10,18,0.5635836720466614,,
1701170610731-0-28-3-6-5,Sadness,ChinRaiserB,0.16983848810195928,18.0,0.16983848810195928,18,25,0.6030376553535461,,
1701170612719-0-28-3-7-5,Sadness,ChinRaiserB,0.1791489683091641,13.0,0.1791489683091641,13,28,0.6007434725761414,,
1701170629090-0-28-3-15-5,Sadness,ChinRaiserB,0.17396956682205197,9.0,0.17396956682205197,9,26,0.750446081161499,,
1701170766666-0-28-4-1-5,Sadness,ChinRaiserB,0.2416030392050743,18.0,0.2416030392050743,18,25,0.520751416683197,,
1701170779065-0-28-4-8-5,Sadness,ChinRaiserB,0.1644651293754577,20.0,0.18886512517929083,2,1,0.5734232664108276,,
1701170795486-0-28-4-17-5,Sadness,ChinRaiserB,0.1696736216545105,15.0,0.1696736216545105,15,18,0.4725373089313507,,
1701170800443-0-28-4-20-5,Sadness,ChinRaiserB,0.1848406456410884,18.0,0.1848406456410884,18,25,0.537848949432373,,
1701175853069-1-29-1-1-5,Sadness,ChinRaiserB,0.3113024450722151,11.0,0.3113024450722151,11,28,0.6680911779403687,,
1701175863644-1-29-1-5-5,Sadness,ChinRaiserB,0.27645651996135717,4.0,0.27645651996135717,4,8,0.5486548542976379,,
1701175869459-1-29-1-7-5,Sadness,ChinRaiserB,0.07971048355102539,2.0,0.09954982995986938,10,7,0.9999891519546508,,
1701176074629-1-29-3-6-5,Sadness,ChinRaiserB,0.23682115906207538,22.0,0.23682115906207538,22,30,0.5377568602561951,,
1701176075798-1-29-3-7-5,Sadness,ChinRaiserB,0.2739505842328072,13.0,0.2739505842328072,13,20,0.6573686003684998,,
1701176244544-1-29-4-1-5,Sadness,ChinRaiserB,0.1526516675949097,13.0,0.3733450397849084,2,24,0.4726495146751404,,
1701176257555-1-29-4-8-5,Sadness,ChinRaiserB,0.24757750957459734,8.0,0.24757750957459734,8,20,0.5715357065200806,,
1701176272605-1-29-4-17-5,Sadness,ChinRaiserB,0.17296689748764038,20.0,0.17296689748764038,20,30,0.6558976173400879,,
1701176278287-1-29-4-20-5,Sadness,ChinRaiserB,0.3396513131719985,13.0,0.3396513131719985,13,25,0.6953876614570618,,
1701177610247-0-30-1-5-5,Sadness,ChinRaiserB,0.1620278056480095,20.0,0.1620278056480095,20,22,0.3221684992313385,,
1701177615899-0-30-1-7-5,Sadness,ChinRaiserB,0.0365442037582398,2.0,0.05889880657196045,20,19,0.5796484351158142,,
1701177812568-0-30-3-6-5,Sadness,ChinRaiserB,0.174163319170475,17.0,0.174163319170475,17,28,0.4547159373760223,,
1701177814566-0-30-3-7-5,Sadness,ChinRaiserB,0.10622464120388031,6.0,0.10622464120388031,6,21,0.5192368626594543,,
1701177830099-0-30-3-15-5,Sadness,ChinRaiserB,0.14327780529856693,2.0,0.14327780529856693,2,30,0.6571187376976013,,
1701178060623-0-30-4-1-5,Sadness,ChinRaiserB,0.17142516374588013,17.0,0.3150220448151231,5,1,0.5870864987373352,,
1701178073468-0-30-4-8-5,Sadness,ChinRaiserB,0.179902732372284,17.0,0.179902732372284,17,18,0.3488252162933349,,
1701178089071-0-30-4-17-5,Sadness,ChinRaiserB,0.17042193561792368,13.0,0.17042193561792368,13,30,0.4718153476715088,,
1701178094780-0-30-4-20-5,Sadness,ChinRaiserB,0.022458106279373113,19.0,0.022458106279373113,19,30,0.5212035775184631,,
1701187981291-0-31-1-1-5,Sadness,ChinRaiserB,0.10427713394165039,10.0,0.10427713394165039,10,15,0.7604786157608032,,
1701187991309-0-31-1-5-5,Sadness,ChinRaiserB,0.2585561880841852,13.0,0.2585561880841852,13,21,0.6784207820892334,,
1701187996053-0-31-1-7-5,Sadness,ChinRaiserB,0.2498168647289276,21.0,0.2498168647289276,21,30,0.702433168888092,,
1701188195847-0-31-3-6-5,Sadness,ChinRaiserB,0.21321901679039001,16.0,0.21321901679039001,16,29,0.6382896900177002,,
1701188197238-0-31-3-7-5,Sadness,ChinRaiserB,0.012552201747894287,4.0,0.012552201747894287,4,8,0.6028232574462891,,
1701188213268-0-31-3-15-5,Sadness,ChinRaiserB,0.3481593194883317,9.0,0.3481593194883317,9,30,0.6139010787010193,,
1701188354185-0-31-4-1-5,Sadness,ChinRaiserB,0.14753878116607666,14.0,0.14753878116607666,14,17,0.7704951167106628,,
1701188366589-0-31-4-8-5,Sadness,ChinRaiserB,0.2322904616594315,19.0,0.2322904616594315,19,7,0.6217479705810547,,
1701188382915-0-31-4-17-5,Sadness,ChinRaiserB,0.01576709747314453,3.0,0.01576709747314453,3,11,0.6548702120780945,,
1701188387231-0-31-4-20-5,Sadness,ChinRaiserB,0.06488493084907532,6.0,0.077877938747406,16,12,0.7859978675842285,,
1701346700790-1-32-1-1-5,Sadness,ChinRaiserB,0.3138977289199829,18.0,0.3138977289199829,18,29,0.6937574148178101,,
1701346925471-1-32-3-6-5,Sadness,ChinRaiserB,0.1872768104076385,16.0,0.1872768104076385,16,30,0.6952860951423645,,
1701346943068-1-32-3-15-5,Sadness,ChinRaiserB,0.0789853036403656,23.0,0.0789853036403656,23,29,0.4146085381507873,,
1701347174326-1-32-4-8-5,Sadness,ChinRaiserB,0.20509417355060583,26.0,0.20509417355060583,26,27,0.4454053044319153,,
1701350212460-0-33-1-5-5,Sadness,ChinRaiserB,0.26492857933044434,19.0,0.26492857933044434,19,21,0.6410223245620728,,
1701350419795-0-33-3-7-5,Sadness,ChinRaiserB,0.03788466751575473,15.0,0.03788466751575473,15,18,0.3257433474063873,,
1701350435888-0-33-3-15-5,Sadness,ChinRaiserB,0.1023404598236084,25.0,0.1023404598236084,25,27,0.4820423722267151,,
1701350599016-0-33-4-1-5,Sadness,ChinRaiserB,0.1404448822140693,5.0,0.1404448822140693,5,11,0.4160028994083404,,
1701350610834-0-33-4-8-5,Sadness,ChinRaiserB,0.2000605612992037,11.0,0.2000605612992037,11,20,0.5377718210220337,,
1701357352707-0-34-1-1-5,Sadness,ChinRaiserB,0.1527138352394104,17.0,0.1527138352394104,17,21,0.6301518678665161,,
1701357362160-0-34-1-5-5,Sadness,ChinRaiserB,0.1469244807958603,14.0,0.1469244807958603,14,26,0.758204996585846,,
1701357366765-0-34-1-7-5,Sadness,ChinRaiserB,0.19835326075553894,9.0,0.19835326075553894,9,14,0.7212744951248169,,
1701357576054-0-34-3-6-5,Sadness,ChinRaiserB,0.2228371500968933,24.0,0.2228371500968933,24,27,0.7689876556396484,,
1701357578950-0-34-3-7-5,Sadness,ChinRaiserB,0.015676796436309814,4.0,0.23858603835105902,30,12,0.7978723645210266,,
1701357594247-0-34-3-15-5,Sadness,ChinRaiserB,0.07191705703735352,2.0,0.07191705703735352,2,28,0.7396754026412964,,
1701357779971-0-34-4-20-5,Sadness,ChinRaiserB,0.22724504768848422,24.0,0.22724504768848422,24,28,0.7695583701133728,,
1701429265367-0-35-1-1-5,Sadness,ChinRaiserB,0.17435763775199123,15.0,0.17435763775199123,15,25,0.6963660717010498,,
1701429275593-0-35-1-5-5,Sadness,ChinRaiserB,0.3701782673597336,15.0,0.3701782673597336,15,19,0.7215830683708191,,
1701429281346-0-35-1-7-5,Sadness,ChinRaiserB,0.028255164623260498,7.0,0.028255164623260498,7,7,0.5160157084465027,,
1701429461662-0-35-3-6-5,Sadness,ChinRaiserB,0.39882139861583715,20.0,0.39882139861583715,20,24,0.6410714983940125,,
1701429463256-0-35-3-7-5,Sadness,ChinRaiserB,0.3253638930618763,17.0,0.3253638930618763,17,23,0.6030409932136536,,
1701429479352-0-35-3-15-5,Sadness,ChinRaiserB,0.1474057845771313,15.0,0.1474057845771313,15,29,0.5720719695091248,,
1701429612180-0-35-4-1-5,Sadness,ChinRaiserB,0.07893872261047363,13.0,0.07893872261047363,13,20,0.6953811645507812,,
1701429625044-0-35-4-8-5,Sadness,ChinRaiserB,0.3562093749642372,7.0,0.3562093749642372,7,13,0.6785589456558228,,
1701429640278-0-35-4-17-5,Sadness,ChinRaiserB,0.4660181701183301,23.0,0.4660181701183301,23,27,0.5752931237220764,,
1701429645979-0-35-4-20-5,Sadness,ChinRaiserB,0.1049951463937759,14.0,0.1049951463937759,14,30,0.2738019227981567,,
1701438032606-1-36-1-1-5,Sadness,ChinRaiserB,0.06217557191848755,6.0,0.06217557191848755,6,9,0.6573636531829834,,
1701438247154-1-36-3-6-5,Sadness,ChinRaiserB,0.2688231468200683,2.0,0.2688231468200683,2,21,0.6028766632080078,,
1701438248917-1-36-3-7-5,Sadness,ChinRaiserB,0.05473172664642334,18.0,0.05473172664642334,18,24,0.6675820350646973,,
1701438265453-1-36-3-15-5,Sadness,ChinRaiserB,0.026818156242370605,2.0,0.026818156242370605,2,17,0.5639945268630981,,
1701438426616-1-36-4-1-5,Sadness,ChinRaiserB,0.3772444874048233,6.0,0.3772444874048233,6,15,0.5758790373802185,,
1701438439783-1-36-4-8-5,Sadness,ChinRaiserB,0.0305861234664917,17.0,0.0305861234664917,17,17,0.5640590190887451,,
1701438460706-1-36-4-20-5,Sadness,ChinRaiserB,0.3204626105725765,9.0,0.3204626105725765,9,29,0.6135433912277222,,
1701440186542-0-37-1-1-5,Sadness,ChinRaiserB,0.1232909336686134,25.0,0.1232909336686134,25,26,0.2322392910718917,,
1701440201790-0-37-1-7-5,Sadness,ChinRaiserB,0.0885912105441094,14.0,0.0885912105441094,14,14,0.1353989094495773,,
1701440422723-0-37-3-15-5,Sadness,ChinRaiserB,0.0449033677577973,6.0,0.0449033677577973,6,11,0.193747341632843,,
1701440587047-0-37-4-8-5,Sadness,ChinRaiserB,0.1341280043125153,9.0,0.1341280043125153,9,22,0.4071912765502929,,
1701440603641-0-37-4-17-5,Sadness,ChinRaiserB,0.01064571738243103,13.0,0.02831441164016718,9,2,0.3422654271125793,,
1701440608220-0-37-4-20-5,Sadness,ChinRaiserB,0.16292822360992437,17.0,0.17123684287071228,18,17,0.5658025145530701,0.02224903108112053,0.02224903108112053
1700479243878-2-1-3-3-6,Surprise,JawDrop,0.20011374354362488,24.0,0.20011374354362488,24,30,0.8245209455490112,,
1700479264139-2-1-3-13-6,Surprise,JawDrop,0.2074619047343731,10.0,0.2074619047343731,10,29,0.4998019933700561,,
1700479276498-2-1-3-19-6,Surprise,JawDrop,0.205294519662857,15.0,0.205294519662857,15,29,0.851331353187561,,
1700479417615-2-1-4-3-6,Surprise,JawDrop,0.266451820731163,5.0,0.266451820731163,5,29,0.8251473903656006,,
1700479445256-2-1-4-19-6,Surprise,JawDrop,0.1435248255729676,8.0,0.15126407146453857,29,18,0.9171732068061828,,
1700479459026-2-1-4-27-6,Surprise,JawDrop,0.1962022148072719,16.0,0.1962022148072719,16,30,0.8356981873512268,,
1700486090956-1-2-2-8-6,Surprise,JawDrop,0.3305379897356034,22.0,0.3305379897356034,22,29,0.8516303896903992,,
1700486093754-1-2-2-9-6,Surprise,JawDrop,0.1577517539262772,18.0,0.1577517539262772,18,26,0.770890474319458,,
1700486196174-1-2-3-3-6,Surprise,JawDrop,0.4446794241666794,21.0,0.4446794241666794,21,28,0.9457515478134156,,
1700486216892-1-2-3-13-6,Surprise,JawDrop,0.23855721950531006,10.0,0.23855721950531006,10,27,0.9179655909538268,,
1700486228292-1-2-3-19-6,Surprise,JawDrop,0.15852847695350653,24.0,0.15852847695350653,24,30,0.9996931552886964,,
1700486399431-1-2-4-21-6,Surprise,JawDrop,0.13692912459373474,11.0,0.13692912459373474,11,27,0.9818844199180604,,
1700486409959-1-2-4-27-6,Surprise,JawDrop,0.10489770770072931,3.0,0.11345517635345459,26,21,0.7877558469772339,,
1700487957572-0-3-2-2-6,Surprise,JawDrop,0.13476726412773138,20.0,0.13476726412773138,20,24,0.6561175584793091,,
1700487972719-0-3-2-8-6,Surprise,JawDrop,0.09442595392465589,11.0,0.09442595392465589,11,29,0.6124207377433777,,
1700487975578-0-3-2-9-6,Surprise,JawDrop,0.10244175791740417,21.0,0.10244175791740417,21,25,0.5473622679710388,,
1700488080041-0-3-3-3-6,Surprise,JawDrop,0.248148575425148,21.0,0.248148575425148,21,26,0.6133285164833069,,
1700488099575-0-3-3-13-6,Surprise,JawDrop,0.120400719344616,5.0,0.120400719344616,5,19,0.3254890739917755,,
1700488111962-0-3-3-19-6,Surprise,JawDrop,0.16619256883859632,22.0,0.16619256883859632,22,30,0.3419625759124756,,
1700488256888-0-3-4-3-6,Surprise,JawDrop,0.2004812574014068,14.0,0.2004812574014068,14,22,0.5377870798110962,,
1700488285207-0-3-4-19-6,Surprise,JawDrop,0.1638435833156109,10.0,0.1638435833156109,10,23,0.277072548866272,,
1700488288826-0-3-4-21-6,Surprise,JawDrop,0.12963045015931138,17.0,0.12963045015931138,17,30,0.5378364324569702,,
1700488299585-0-3-4-27-6,Surprise,JawDrop,0.13111804425716397,14.0,0.13111804425716397,14,17,0.520870566368103,,
1700489726643-0-4-2-2-6,Surprise,JawDrop,0.13288947939872742,25.0,0.13288947939872742,25,30,0.5633887648582458,,
1700489742765-0-4-2-8-6,Surprise,JawDrop,0.04509395360946655,24.0,0.04871082305908203,28,26,0.6759874820709229,,
1700489744855-0-4-2-9-6,Surprise,JawDrop,0.17431527376174927,20.0,0.17431527376174927,20,28,0.7203804850578308,,
1700489862366-0-4-3-3-6,Surprise,JawDrop,0.06351310014724731,24.0,0.06351310014724731,24,29,0.760150134563446,,
1700489881498-0-4-3-13-6,Surprise,JawDrop,0.11291700601577762,22.0,0.11291700601577762,22,28,0.5860323905944824,,
1700489894153-0-4-3-19-6,Surprise,JawDrop,0.15833678841590887,5.0,0.15833678841590887,5,30,0.6790558099746704,,
1700490047789-0-4-4-3-6,Surprise,JawDrop,0.2551455125212669,7.0,0.2551455125212669,7,18,0.7591358423233032,,
1700490075897-0-4-4-19-6,Surprise,JawDrop,0.1801552139222622,13.0,0.1801552139222622,13,18,0.5360125303268433,,
1700490079381-0-4-4-21-6,Surprise,JawDrop,0.2408694713376462,8.0,0.2408694713376462,8,23,0.4996887445449829,,
1700490090087-0-4-4-27-6,Surprise,JawDrop,0.0999771803617478,7.0,0.0999771803617478,7,30,0.4227107167243957,,
1700491504922-1-5-2-2-6,Surprise,JawDrop,0.22082390979107333,17.0,0.22082390979107333,17,30,0.4998147785663605,,
1700491520068-1-5-2-8-6,Surprise,JawDrop,0.1223824769258499,4.0,0.1223824769258499,4,22,0.3868748247623443,,
1700491522758-1-5-2-9-6,Surprise,JawDrop,0.1771384035237133,9.0,0.1771384035237133,9,30,0.4813022911548614,,
1700491620433-1-5-3-3-6,Surprise,JawDrop,0.10493883118033409,2.0,0.10493883118033409,2,22,0.4695951044559479,,
1700491640564-1-5-3-13-6,Surprise,JawDrop,0.008888006210327204,4.0,0.04034978151321411,30,15,0.4834837913513183,,
1700491795424-1-5-4-3-6,Surprise,JawDrop,0.0244684517383576,7.0,0.039344847202301025,30,27,0.478943258523941,,
1700491826720-1-5-4-21-6,Surprise,JawDrop,0.07811649143695831,9.0,0.07811649143695831,9,19,0.4708409011363983,,
1700496798831-1-6-2-2-6,Surprise,JawDrop,0.253028467297554,14.0,0.253028467297554,14,22,0.7986230254173279,,
1700496922484-1-6-3-3-6,Surprise,JawDrop,0.1491824090480805,16.0,0.1491824090480805,16,22,0.8240680694580078,,
1700496954901-1-6-3-19-6,Surprise,JawDrop,0.19791528582572937,16.0,0.19791528582572937,16,23,0.6779154539108276,,
1700497095964-1-6-4-3-6,Surprise,JawDrop,0.2813215665519238,7.0,0.2813215665519238,7,30,0.6572619080543518,,
1700497124116-1-6-4-19-6,Surprise,JawDrop,0.3671329142525792,2.0,0.3671329142525792,2,10,0.7867925763130188,,
1700497127301-1-6-4-21-6,Surprise,JawDrop,0.2804983705282212,8.0,0.2804983705282212,8,30,0.6390698552131653,,
1700497137301-1-6-4-27-6,Surprise,JawDrop,0.1948054023087025,13.0,0.1948054023087025,13,30,0.6302072405815125,,
1700567790485-2-8-2-2-6,Surprise,JawDrop,0.16773574054241178,23.0,0.16773574054241178,23,29,0.5758063197135925,,
1700567804174-2-8-2-8-6,Surprise,JawDrop,0.1612189114093781,16.0,0.1612189114093781,16,19,0.6286332607269287,,
1700567807289-2-8-2-9-6,Surprise,JawDrop,0.1421302407979965,25.0,0.1421302407979965,25,30,0.6122989058494568,,
1700567907954-2-8-3-3-6,Surprise,JawDrop,0.18858805298805237,18.0,0.18858805298805237,18,30,0.6299163103103638,,
1700567928618-2-8-3-13-6,Surprise,JawDrop,0.09352183341979986,5.0,0.09352183341979986,5,27,0.6495186686515808,,
1700568081350-2-8-4-3-6,Surprise,JawDrop,0.19559398293495184,2.0,0.19559398293495184,2,26,0.6399871110916138,,
1700568112955-2-8-4-21-6,Surprise,JawDrop,0.21933688223361972,6.0,0.21933688223361972,6,13,0.6005867719650269,,
1700571057042-1-9-2-2-6,Surprise,JawDrop,0.03962850570678711,3.0,0.07503953576087952,27,11,0.4540024995803833,,
1700571071814-1-9-2-8-6,Surprise,JawDrop,0.18829452991485593,12.0,0.18829452991485593,12,18,0.694582462310791,,
1700571074501-1-9-2-9-6,Surprise,JawDrop,0.1071855574846268,5.0,0.11798247694969177,29,19,0.586744487285614,,
1700571203525-1-9-3-19-6,Surprise,JawDrop,0.14150768518447876,22.0,0.14150768518447876,22,27,0.5736755132675171,,
1700571352930-1-9-4-3-6,Surprise,JawDrop,0.0789754986763001,6.0,0.0789754986763001,6,22,0.5847584009170532,,
1700571385065-1-9-4-21-6,Surprise,JawDrop,0.10889258980751043,6.0,0.10889258980751043,6,27,0.5867055058479309,,
1700571394892-1-9-4-27-6,Surprise,JawDrop,0.10742962360382081,7.0,0.10742962360382081,7,26,0.4817613363265991,,
1700577751365-2-10-2-8-6,Surprise,JawDrop,0.07552790641784668,20.0,0.07552790641784668,20,28,0.5487149357795715,,
1700577753271-2-10-2-9-6,Surprise,JawDrop,0.12264989316463468,20.0,0.12264989316463468,20,22,0.3895805776119232,,
1700577877659-2-10-3-19-6,Surprise,JawDrop,0.10706309974193579,19.0,0.10706309974193579,19,24,0.4711180627346039,,
1700578011711-2-10-4-3-6,Surprise,JawDrop,0.24101851880381667,9.0,0.24101851880381667,9,16,0.4074615836143493,,
1700578043747-2-10-4-21-6,Surprise,JawDrop,0.20971543389896388,24.0,0.20971543389896388,24,27,0.3910831212997436,,
1700578053937-2-10-4-27-6,Surprise,JawDrop,0.24236820577561952,16.0,0.24236820577561952,16,23,0.5487144589424133,,
1700580370438-0-11-2-2-6,Surprise,JawDrop,0.06624710559844971,28.0,0.11771440505981445,2,1,0.4020534157752991,,
1700580385269-0-11-2-8-6,Surprise,JawDrop,0.042224556207656805,26.0,0.042224556207656805,26,19,0.414770245552063,,
1700580387618-0-11-2-9-6,Surprise,JawDrop,0.05543473362922663,23.0,0.05543473362922663,23,25,0.3147982358932495,,
1700580489743-0-11-3-3-6,Surprise,JawDrop,0.12771128118038177,23.0,0.12771128118038177,23,30,0.4344619512557983,,
1700580509641-0-11-3-13-6,Surprise,JawDrop,0.08950209617614749,24.0,0.08950209617614749,24,29,0.3502345681190491,,
1700580521795-0-11-3-19-6,Surprise,JawDrop,0.06907369196414942,30.0,0.06907369196414942,30,14,0.3113761246204376,,
1700580672719-0-11-4-3-6,Surprise,JawDrop,0.024213850498199463,16.0,0.1131602227687836,27,16,0.37091264128685,,
1700580700662-0-11-4-19-6,Surprise,JawDrop,0.09482222795486447,14.0,0.09482222795486447,14,28,0.4506987333297729,,
1700580704337-0-11-4-21-6,Surprise,JawDrop,0.1300499588251114,24.0,0.1300499588251114,24,29,0.3628453016281128,,
1700580714526-0-11-4-27-6,Surprise,JawDrop,0.1337814629077912,26.0,0.1337814629077912,26,30,0.3519630134105682,,
1700582055492-0-12-2-2-6,Surprise,JawDrop,0.1758337495848536,10.0,0.1758337495848536,10,28,0.7086719870567322,,
1700582070440-0-12-2-8-6,Surprise,JawDrop,0.13468331098556519,15.0,0.13468331098556519,15,26,0.8083645105361938,,
1700582072837-0-12-2-9-6,Surprise,JawDrop,0.062438951805234004,8.0,0.062438951805234004,8,26,0.4548332989215851,,
1700582185616-0-12-3-13-6,Surprise,JawDrop,0.1040498018264771,14.0,0.1040498018264771,14,24,0.678235650062561,,
1700582360419-0-12-4-19-6,Surprise,JawDrop,0.1132984757423401,15.0,0.1132984757423401,15,29,0.5744437575340271,,
1700582364232-0-12-4-21-6,Surprise,JawDrop,0.17603275924921036,8.0,0.17603275924921036,8,13,0.510012149810791,,
1700582374311-0-12-4-27-6,Surprise,JawDrop,0.37262208107858896,24.0,0.37262208107858896,24,29,0.7704424858093262,,
1700583887578-2-13-2-2-6,Surprise,JawDrop,0.04758910834789279,15.0,0.04758910834789279,15,18,0.3519775569438934,,
1700583903979-2-13-2-8-6,Surprise,JawDrop,0.044676780700683594,20.0,0.044676780700683594,20,22,0.6138443350791931,,
1700584025989-2-13-3-13-6,Surprise,JawDrop,0.029290258884429987,16.0,0.029290258884429987,16,28,0.286210834980011,,
1700584037726-2-13-3-19-6,Surprise,JawDrop,0.077867865562439,18.0,0.077867865562439,18,26,0.3786892294883728,,
1700584207271-2-13-4-3-6,Surprise,JawDrop,0.1339680105447769,17.0,0.1339680105447769,17,24,0.4823693633079529,,
1700584238451-2-13-4-21-6,Surprise,JawDrop,0.13827235996723178,12.0,0.13827235996723178,12,14,0.3248432576656341,,
1700584249628-2-13-4-27-6,Surprise,JawDrop,0.0705478489398956,19.0,0.0705478489398956,19,24,0.3909867703914642,,
1700745112620-1-14-2-2-6,Surprise,JawDrop,0.11091016978025439,4.0,0.11091016978025439,4,28,0.5371403098106384,,
1700745128460-1-14-2-8-6,Surprise,JawDrop,0.04900725185871127,3.0,0.04900725185871127,3,25,0.3799837827682495,,
1700745130744-1-14-2-9-6,Surprise,JawDrop,0.131819173693657,12.0,0.131819173693657,12,29,0.5372227430343628,,
1700745228376-1-14-3-3-6,Surprise,JawDrop,0.15838990360498428,11.0,0.15838990360498428,11,30,0.4991950392723083,,
1700745427287-1-14-4-19-6,Surprise,JawDrop,0.055758208036422785,6.0,0.055758208036422785,6,11,0.4345991909503937,,
1700745430676-1-14-4-21-6,Surprise,JawDrop,0.1209930628538132,10.0,0.1209930628538132,10,29,0.4074326455593109,,
1700745441256-1-14-4-27-6,Surprise,JawDrop,0.0809328481554985,18.0,0.0809328481554985,18,29,0.4454896152019501,,
1700747233836-2-15-2-2-6,Surprise,JawDrop,0.06667205691337591,2.0,0.17504586279392248,29,12,0.323914110660553,,
1700747248666-2-15-2-8-6,Surprise,JawDrop,0.06819319725036621,17.0,0.06819319725036621,17,24,0.4672077298164367,,
1700747250542-2-15-2-9-6,Surprise,JawDrop,0.05579015612602242,19.0,0.05579015612602242,19,28,0.2769796550273895,,
1700747352492-2-15-3-3-6,Surprise,JawDrop,0.3001943826675415,11.0,0.3001943826675415,11,17,0.5867098569869995,,
1700747372332-2-15-3-13-6,Surprise,JawDrop,0.1070248484611511,15.0,0.1070248484611511,15,18,0.3538985252380371,,
1700747384624-2-15-3-19-6,Surprise,JawDrop,0.023464292287826538,2.0,0.07634731009602551,30,5,0.4561701416969299,,
1700747550545-2-15-4-21-6,Surprise,JawDrop,0.1715811733156442,3.0,0.1715811733156442,3,8,0.4431787133216858,,
1700748690839-0-16-2-2-6,Surprise,JawDrop,0.0886496901512146,9.0,0.0886496901512146,9,19,0.7876648902893066,,
1700748704971-0-16-2-8-6,Surprise,JawDrop,0.07475349307060247,3.0,0.07475349307060247,3,17,0.7438466548919678,,
1700748707465-0-16-2-9-6,Surprise,JawDrop,0.1287874579429626,3.0,0.1287874579429626,3,14,0.851650059223175,,
1700748807131-0-16-3-3-6,Surprise,JawDrop,0.13026139140129095,15.0,0.13026139140129095,15,24,0.720694899559021,,
1700748827092-0-16-3-13-6,Surprise,JawDrop,0.2267637066543102,8.0,0.2267637066543102,8,24,0.6278506517410278,,
1700748839077-0-16-3-19-6,Surprise,JawDrop,0.1340291500091553,19.0,0.1340291500091553,19,22,0.5195236802101135,,
1700748977420-0-16-4-3-6,Surprise,JawDrop,0.04760470986366272,15.0,0.04760470986366272,15,17,0.5450486540794373,,
1700749005486-0-16-4-19-6,Surprise,JawDrop,0.1180731654167175,4.0,0.1180731654167175,4,11,0.4700789153575897,,
1700749009413-0-16-4-21-6,Surprise,JawDrop,0.10100015997886658,26.0,0.10100015997886658,26,27,0.507368803024292,,
1700749020048-0-16-4-27-6,Surprise,JawDrop,0.11972676217556,11.0,0.11972676217556,11,27,0.5338578224182129,,
1700753900482-0-17-2-2-6,Surprise,JawDrop,0.1326646208763123,18.0,0.1326646208763123,18,26,0.6572744250297546,,
1700753915633-0-17-2-8-6,Surprise,JawDrop,0.10825546830892571,16.0,0.10825546830892571,16,25,0.4562729299068451,,
1700753918042-0-17-2-9-6,Surprise,JawDrop,0.10625497996807101,17.0,0.10625497996807101,17,29,0.4720547497272491,,
1700754013483-0-17-3-3-6,Surprise,JawDrop,0.2030193037353456,23.0,0.2030193037353456,23,27,0.5093865394592285,,
1700754034095-0-17-3-13-6,Surprise,JawDrop,0.07347271591424939,5.0,0.07347271591424939,5,23,0.3383149206638336,,
1700754045748-0-17-3-19-6,Surprise,JawDrop,0.13548368215560908,23.0,0.13548368215560908,23,25,0.471262127161026,,
1700754214994-0-17-4-21-6,Surprise,JawDrop,0.2396320104598999,22.0,0.2396320104598999,22,26,0.4183213412761688,,
1700756365257-2-18-2-2-6,Surprise,JawDrop,0.3532646968960762,9.0,0.3532646968960762,9,30,1.0,,
1700756380628-2-18-2-8-6,Surprise,JawDrop,0.3448526058346033,12.0,0.3448526058346033,12,24,0.9924367666244508,,
1700756382762-2-18-2-9-6,Surprise,JawDrop,0.23532899469137192,20.0,0.23532899469137192,20,29,0.8638173341751099,,
1700756508190-2-18-3-13-6,Surprise,JawDrop,0.2703239768743515,9.0,0.2703239768743515,9,17,0.9999995231628418,,
1700756520318-2-18-3-19-6,Surprise,JawDrop,0.4373041093349457,5.0,0.4373041093349457,5,13,1.0,,
1700756740978-2-18-4-21-6,Surprise,JawDrop,0.12380039691925049,2.0,0.12380039691925049,2,7,0.8366119265556335,,
1700756752506-2-18-4-27-6,Surprise,JawDrop,0.5886811632663013,10.0,0.5886811632663013,10,15,1.0,,
1700824448226-0-19-2-2-6,Surprise,JawDrop,0.1688967347145081,7.0,0.1688967347145081,7,11,0.4834804832935333,,
1700824463124-0-19-2-8-6,Surprise,JawDrop,0.1422923281788826,17.0,0.1422923281788826,17,27,0.3798827528953552,,
1700824465520-0-19-2-9-6,Surprise,JawDrop,0.015553414821624756,25.0,0.03674864768981928,10,2,0.5122030377388,,
1700824559270-0-19-3-3-6,Surprise,JawDrop,0.22397219389677053,7.0,0.22397219389677053,7,8,0.3879508078098297,,
1700824578736-0-19-3-13-6,Surprise,JawDrop,0.09698466211557391,16.0,0.09698466211557391,16,27,0.341441661119461,,
1700824591163-0-19-3-19-6,Surprise,JawDrop,0.2472891248762608,8.0,0.2472891248762608,8,27,0.3408729135990143,,
1700824744450-0-19-4-3-6,Surprise,JawDrop,0.1175904870033265,11.0,0.1175904870033265,11,19,0.4443083703517914,,
1700824772745-0-19-4-19-6,Surprise,JawDrop,0.12994247674942022,24.0,0.12994247674942022,24,29,0.4725664556026459,,
1700824775987-0-19-4-21-6,Surprise,JawDrop,0.11078634858131409,16.0,0.11078634858131409,16,19,0.4827001690864563,,
1700825815495-0-20-2-2-6,Surprise,JawDrop,0.1569908857345581,15.0,0.1569908857345581,15,29,0.7830371856689453,,
1700825830739-0-20-2-8-6,Surprise,JawDrop,0.2224279828369618,7.0,0.2224279828369618,7,24,0.8220260143280029,,
1700825833289-0-20-2-9-6,Surprise,JawDrop,0.11731874942779541,15.0,0.11731874942779541,15,25,0.5176682472229004,,
1700825926618-0-20-3-3-6,Surprise,JawDrop,0.1714551746845245,6.0,0.1714551746845245,6,22,0.5831673741340637,,
1700825946184-0-20-3-13-6,Surprise,JawDrop,0.1573026701807976,8.0,0.1573026701807976,8,28,0.408933162689209,,
1700825958707-0-20-3-19-6,Surprise,JawDrop,0.1516166329383851,6.0,0.1516166329383851,6,26,0.418144017457962,,
1700826094915-0-20-4-3-6,Surprise,JawDrop,0.32191358506679535,15.0,0.32191358506679535,15,23,0.6674879789352417,,
1700826126840-0-20-4-21-6,Surprise,JawDrop,0.2155641764402389,10.0,0.2155641764402389,10,25,0.5195220708847046,,
1700827663943-0-21-2-2-6,Surprise,JawDrop,0.1623792052268982,22.0,0.1623792052268982,22,27,0.5377719402313232,,
1700827679341-0-21-2-8-6,Surprise,JawDrop,0.1031522490084172,12.0,0.1031522490084172,12,18,0.3435054719448089,,
1700827681700-0-21-2-9-6,Surprise,JawDrop,0.19554889341816312,15.0,0.19554889341816312,15,22,0.3572994470596313,,
1700827795416-0-21-3-3-6,Surprise,JawDrop,0.1070631332695485,17.0,0.1070631332695485,17,30,0.3764455318450928,,
1700827815913-0-21-3-13-6,Surprise,JawDrop,0.07609397172927851,13.0,0.07609397172927851,13,17,0.3902508616447449,,
1700827827673-0-21-3-19-6,Surprise,JawDrop,0.0880508795380593,17.0,0.0880508795380593,17,27,0.3782466948032379,,
1700827973082-0-21-4-3-6,Surprise,JawDrop,0.1966237258166075,14.0,0.1966237258166075,14,22,0.4828660786151886,,
1700828000810-0-21-4-19-6,Surprise,JawDrop,0.1028841063380242,8.0,0.1028841063380242,8,16,0.3120595514774322,,
1700828004497-0-21-4-21-6,Surprise,JawDrop,0.07626098021864888,17.0,0.07626098021864888,17,25,0.2498252391815185,,
1700828015466-0-21-4-27-6,Surprise,JawDrop,0.13141079246997842,9.0,0.13141079246997842,9,12,0.453822523355484,,
1700830036458-0-22-2-2-6,Surprise,JawDrop,0.053451344370841994,18.0,0.053451344370841994,18,25,0.2208553254604339,,
1700830051701-0-22-2-8-6,Surprise,JawDrop,0.13541272282600408,18.0,0.13541272282600408,18,24,0.2752276957035064,,
1700830053944-0-22-2-9-6,Surprise,JawDrop,0.0853224806487561,20.0,0.0853224806487561,20,23,0.2211702316999435,,
1700830149264-0-22-3-3-6,Surprise,JawDrop,0.1229123175144195,22.0,0.1229123175144195,22,27,0.2987053394317627,,
1700830169383-0-22-3-13-6,Surprise,JawDrop,0.09156353026628501,21.0,0.09156353026628501,21,28,0.2879345417022705,,
1700830335225-0-22-4-3-6,Surprise,JawDrop,0.1049360372126103,7.0,0.1049360372126103,7,16,0.2742039263248443,,
1700830363061-0-22-4-19-6,Surprise,JawDrop,0.10404896177351479,21.0,0.10404896177351479,21,25,0.274314820766449,,
1701085488586-2-23-2-2-6,Surprise,JawDrop,0.13767236471176142,6.0,0.13767236471176142,6,19,0.6558637022972107,,
1701085503372-2-23-2-8-6,Surprise,JawDrop,0.1889322698116303,23.0,0.1889322698116303,23,30,0.6278302669525146,,
1701085609204-2-23-3-3-6,Surprise,JawDrop,0.14484445750713348,17.0,0.14484445750713348,17,25,0.7062088251113892,,
1701085629667-2-23-3-13-6,Surprise,JawDrop,0.0731922090053558,7.0,0.0731922090053558,7,21,0.3802820444107055,,
1701085788374-2-23-4-3-6,Surprise,JawDrop,0.1085574179887771,20.0,0.1085574179887771,20,27,0.4563465714454651,,
1701085820057-2-23-4-21-6,Surprise,JawDrop,0.27724969387054454,18.0,0.27724969387054454,18,27,0.6139088869094849,,
1701085830697-2-23-4-27-6,Surprise,JawDrop,0.14341177046298978,11.0,0.14341177046298978,11,20,0.7435221672058105,,
1701087303940-0-24-2-8-6,Surprise,JawDrop,0.00743335485458374,24.0,0.03301036357879639,13,1,0.4055724143981933,,
1701087305999-0-24-2-9-6,Surprise,JawDrop,0.1331028044223786,16.0,0.1331028044223786,16,20,0.260773628950119,,
1701087423258-0-24-3-13-6,Surprise,JawDrop,0.015399545431137085,13.0,0.0181319117546081,25,2,0.3388804793357849,,
1701087435684-0-24-3-19-6,Surprise,JawDrop,0.0668339729309082,17.0,0.0668339729309082,17,26,0.6680132150650024,,
1701087600576-0-24-4-3-6,Surprise,JawDrop,0.015387386083602905,7.0,0.015387386083602905,7,29,0.3422671854496002,,
1701087628526-0-24-4-19-6,Surprise,JawDrop,0.1687534363009035,2.0,0.1687534363009035,2,12,0.3150554001331329,,
1701087642989-0-24-4-27-6,Surprise,JawDrop,0.16147544980049142,16.0,0.16147544980049142,16,30,0.537848174571991,,
1701090989523-0-25-2-2-6,Surprise,JawDrop,0.048955440521240234,4.0,0.048955440521240234,4,23,0.5179336071014404,,
1701091004494-0-25-2-8-6,Surprise,JawDrop,0.03776887059211731,24.0,0.03776887059211731,24,24,0.4404714703559875,,
1701091007119-0-25-2-9-6,Surprise,JawDrop,0.26662637293338776,4.0,0.26662637293338776,4,17,0.7842201590538025,,
1701091106118-0-25-3-3-6,Surprise,JawDrop,0.12799521535635,13.0,0.12799521535635,13,28,0.5121341347694397,,
1701091126207-0-25-3-13-6,Surprise,JawDrop,0.03785313665866852,3.0,0.03785313665866852,3,17,0.3371502757072449,,
1701091137831-0-25-3-19-6,Surprise,JawDrop,0.12152627110481258,9.0,0.12152627110481258,9,16,0.4985693097114563,,
1701091286156-0-25-4-3-6,Surprise,JawDrop,0.013973951339721735,4.0,0.017671644687652532,23,22,0.3911438882350921,,
1701091314405-0-25-4-19-6,Surprise,JawDrop,0.016890168190002386,27.0,0.016890168190002386,27,3,0.3531293570995331,,
1701091317423-0-25-4-21-6,Surprise,JawDrop,0.10258637368679052,2.0,0.10258637368679052,2,27,0.6291469931602478,,
1701091328267-0-25-4-27-6,Surprise,JawDrop,0.0806081891059876,20.0,0.0806081891059876,20,24,0.4553042352199554,,
1701092656631-0-26-2-2-6,Surprise,JawDrop,0.047382712364196805,8.0,0.047382712364196805,8,29,0.3148039281368255,,
1701092672345-0-26-2-8-6,Surprise,JawDrop,0.1136937364935875,16.0,0.1136937364935875,16,22,0.3135934472084045,,
1701092674853-0-26-2-9-6,Surprise,JawDrop,0.019405320286750793,16.0,0.029050961136817904,12,1,0.2131784707307815,,
1701092788115-0-26-3-13-6,Surprise,JawDrop,0.1074148034676909,23.0,0.1074148034676909,23,29,0.1847098022699356,,
1701092800949-0-26-3-19-6,Surprise,JawDrop,0.01554654538631442,2.0,0.02561851590871811,25,3,0.1669121533632278,,
1701092952993-0-26-4-3-6,Surprise,JawDrop,0.1084947511553764,10.0,0.1084947511553764,10,25,0.5092638731002808,,
1701092995220-0-26-4-27-6,Surprise,JawDrop,0.0652489066123963,24.0,0.0652489066123963,24,30,0.4423957169055938,,
1701094536373-2-27-2-2-6,Surprise,JawDrop,0.036462604999542236,5.0,0.22620564699172974,30,23,0.8528387546539307,,
1701094657984-2-27-3-3-6,Surprise,JawDrop,0.20778489112854004,22.0,0.20778489112854004,22,25,0.8632144331932068,,
1701094689680-2-27-3-19-6,Surprise,JawDrop,0.1564948558807374,4.0,0.1564948558807374,4,27,0.7876373529434204,,
1701094824960-2-27-4-3-6,Surprise,JawDrop,0.2461515404284001,2.0,0.2461515404284001,2,16,0.7062656879425049,,
1701094852692-2-27-4-19-6,Surprise,JawDrop,0.03963315486907959,16.0,0.03963315486907959,16,18,0.9013248682022096,,
1701094856933-2-27-4-21-6,Surprise,JawDrop,0.02863895893096924,2.0,0.10463476181030273,28,2,0.8355816006660461,,
1701094866874-2-27-4-27-6,Surprise,JawDrop,0.18972909450531011,9.0,0.18972909450531011,9,21,0.8783349394798279,,
1701170506491-0-28-2-8-6,Surprise,JawDrop,0.1280542593449354,16.0,0.1280542593449354,16,28,0.3238198459148407,,
1701170605255-0-28-3-3-6,Surprise,JawDrop,0.1931913383305072,7.0,0.1931913383305072,7,20,0.3900844752788543,,
1701170624888-0-28-3-13-6,Surprise,JawDrop,0.09238162636756897,22.0,0.09238162636756897,22,26,0.4332146048545837,,
1701170637387-0-28-3-19-6,Surprise,JawDrop,0.1228273436427117,6.0,0.1228273436427117,6,27,0.4070896506309509,,
1701170770544-0-28-4-3-6,Surprise,JawDrop,0.2865370959043503,21.0,0.2865370959043503,21,26,0.4834479689598083,,
1701170798766-0-28-4-19-6,Surprise,JawDrop,0.1676052361726761,25.0,0.1676052361726761,25,28,0.405219554901123,,
1701175941566-1-29-2-2-6,Surprise,JawDrop,0.2378806294873357,21.0,0.2378806294873357,21,29,0.380152016878128,,
1701175959538-1-29-2-9-6,Surprise,JawDrop,0.0959065333008766,14.0,0.0959065333008766,14,24,0.5378410220146179,,
1701176088631-1-29-3-13-6,Surprise,JawDrop,0.0884911455214024,14.0,0.0884911455214024,14,20,0.2743078172206878,,
1701176100397-1-29-3-19-6,Surprise,JawDrop,0.0875510610640049,19.0,0.0875510610640049,19,27,0.3135153353214264,,
1701176276840-1-29-4-19-6,Surprise,JawDrop,0.19193578511476522,20.0,0.19193578511476522,20,27,0.5867443084716797,,
1701176280346-1-29-4-21-6,Surprise,JawDrop,0.19163030013442042,10.0,0.19163030013442042,10,28,0.4563474953174591,,
1701176290484-1-29-4-27-6,Surprise,JawDrop,0.1997871100902558,24.0,0.1997871100902558,24,27,0.704264760017395,,
1701177690468-0-30-2-2-6,Surprise,JawDrop,0.27920433878898626,14.0,0.27920433878898626,14,21,0.7986214756965637,,
1701177705031-0-30-2-8-6,Surprise,JawDrop,0.1208817083388567,8.0,0.1208817083388567,8,23,0.5362547636032104,,
1701177707527-0-30-2-9-6,Surprise,JawDrop,0.2764800190925598,22.0,0.2764800190925598,22,28,0.9549517035484314,,
1701177806796-0-30-3-3-6,Surprise,JawDrop,0.3428314626216889,10.0,0.3428314626216889,10,22,0.9452870488166808,,
1701177825962-0-30-3-13-6,Surprise,JawDrop,0.13945198664441702,12.0,0.13945198664441702,12,27,0.6133855581283569,,
1701177838992-0-30-3-19-6,Surprise,JawDrop,0.2148121446371078,7.0,0.2148121446371078,7,13,0.7709697484970093,,
1701178064486-0-30-4-3-6,Surprise,JawDrop,0.10294103622436523,4.0,0.10294103622436523,4,11,0.7062119841575623,,
1701178092727-0-30-4-19-6,Surprise,JawDrop,0.08326569199562067,2.0,0.14270439743995667,29,6,0.5855094194412231,,
1701178096235-0-30-4-21-6,Surprise,JawDrop,0.2943077068775893,16.0,0.2943077068775893,16,30,0.613857626914978,,
1701178106880-0-30-4-27-6,Surprise,JawDrop,0.22496381402015692,6.0,0.22496381402015692,6,10,0.7225651144981384,,
1701188066425-0-31-2-2-6,Surprise,JawDrop,0.21354970335960394,27.0,0.21354970335960394,27,29,0.7308170795440674,,
1701188081703-0-31-2-8-6,Surprise,JawDrop,0.232408918440342,19.0,0.232408918440342,19,27,0.6790623664855957,,
1701188084449-0-31-2-9-6,Surprise,JawDrop,0.2686351239681245,18.0,0.2686351239681245,18,25,0.7225652933120728,,
1701188189903-0-31-3-3-6,Surprise,JawDrop,0.26871498674154287,20.0,0.26871498674154287,20,30,0.6953203678131104,,
1701188210135-0-31-3-13-6,Surprise,JawDrop,0.05470818281173706,2.0,0.22174683213233948,27,7,0.7595945596694946,,
1701188221539-0-31-3-19-6,Surprise,JawDrop,0.24601207673549647,13.0,0.24601207673549647,13,30,0.6572640538215637,,
1701188357646-0-31-4-3-6,Surprise,JawDrop,0.05561554431915283,2.0,0.05561554431915283,2,26,0.744292140007019,,
1701188385528-0-31-4-19-6,Surprise,JawDrop,0.1589693129062652,5.0,0.1589693129062652,5,20,0.7062419652938843,,
1701188389796-0-31-4-21-6,Surprise,JawDrop,0.1691841930150986,3.0,0.1691841930150986,3,23,0.6648401618003845,,
1701346796350-1-32-2-2-6,Surprise,JawDrop,0.1044680550694465,7.0,0.15815469622612,30,28,0.4809677004814148,,
1701346920040-1-32-3-3-6,Surprise,JawDrop,0.1004062294960022,26.0,0.1004062294960022,26,28,0.3528481721878052,,
1701346939832-1-32-3-13-6,Surprise,JawDrop,0.09269985556602481,9.0,0.09269985556602481,9,28,0.3797860741615295,,
1701346951922-1-32-3-19-6,Surprise,JawDrop,0.14262931793928152,7.0,0.14262931793928152,7,28,0.537537693977356,,
1701347165606-1-32-4-3-6,Surprise,JawDrop,0.1107565760612488,23.0,0.1107565760612488,23,28,0.276902973651886,,
1701350306168-0-33-2-8-6,Surprise,JawDrop,0.06674408912658691,2.0,0.14649593830108648,30,11,0.9561724662780762,,
1701350308434-0-33-2-9-6,Surprise,JawDrop,0.3016499355435371,13.0,0.3016499355435371,13,18,0.8352903127670288,,
1701350412742-0-33-3-3-6,Surprise,JawDrop,0.050378382205963135,2.0,0.12002372741699219,29,5,0.9658591151237488,,
1701350432525-0-33-3-13-6,Surprise,JawDrop,0.39637025445699703,19.0,0.39637025445699703,19,30,0.695401132106781,,
1701350444549-0-33-3-19-6,Surprise,JawDrop,0.0995812863111496,2.0,0.0995812863111496,2,13,0.7325896620750427,,
1701350602230-0-33-4-3-6,Surprise,JawDrop,0.3084052503108979,14.0,0.3084052503108979,14,21,0.6403615474700928,,
1701350630358-0-33-4-19-6,Surprise,JawDrop,0.1560603976249695,16.0,0.1560603976249695,16,24,0.6302069425582886,,
1701350634052-0-33-4-21-6,Surprise,JawDrop,0.3373620416969062,13.0,0.3373620416969062,13,17,0.9273601174354552,,
1701350644495-0-33-4-27-6,Surprise,JawDrop,0.1999678164720535,12.0,0.1999678164720535,12,24,0.7432885766029358,,
1701357438550-0-34-2-2-6,Surprise,JawDrop,0.1905643492937088,13.0,0.1905643492937088,13,19,0.5105996131896973,,
1701357453577-0-34-2-8-6,Surprise,JawDrop,0.17150417715311048,24.0,0.17150417715311048,24,28,0.5106222033500671,,
1701357456722-0-34-2-9-6,Surprise,JawDrop,0.2781007587909698,6.0,0.2781007587909698,6,11,0.5363092422485352,,
1701357570289-0-34-3-3-6,Surprise,JawDrop,0.25001799687743187,17.0,0.25001799687743187,17,21,0.3921761512756347,,
1701357589873-0-34-3-13-6,Surprise,JawDrop,0.17713689804077148,20.0,0.17713689804077148,20,23,0.4557339549064636,,
1701357750175-0-34-4-3-6,Surprise,JawDrop,0.1536083295941353,11.0,0.1536083295941353,11,19,0.6131992340087891,,
1701357778445-0-34-4-19-6,Surprise,JawDrop,0.2935226485133171,11.0,0.2935226485133171,11,18,0.5758242011070251,,
1701357781768-0-34-4-21-6,Surprise,JawDrop,0.22415083646774286,19.0,0.22415083646774286,19,25,0.6791014075279236,,
1701357792344-0-34-4-27-6,Surprise,JawDrop,0.4484326113015413,22.0,0.4484326113015413,22,26,0.499817281961441,,
1701429347000-0-35-2-2-6,Surprise,JawDrop,0.05406580865383148,9.0,0.05406580865383148,9,15,0.2767580151557922,,
1701429362658-0-35-2-8-6,Surprise,JawDrop,0.07901053503155708,12.0,0.07901053503155708,12,20,0.2786048948764801,,
1701429365736-0-35-2-9-6,Surprise,JawDrop,0.097588261589408,5.0,0.097588261589408,5,20,0.3417970240116119,,
1701429456101-0-35-3-3-6,Surprise,JawDrop,0.0724376738071442,9.0,0.0724376738071442,9,28,0.2496281713247299,,
1701429476026-0-35-3-13-6,Surprise,JawDrop,0.10179054364562029,3.0,0.10179054364562029,3,24,0.3392060399055481,,
1701429487661-0-35-3-19-6,Surprise,JawDrop,0.0930724740028381,5.0,0.0930724740028381,5,23,0.2766818404197693,,
1701429615895-0-35-4-3-6,Surprise,JawDrop,0.06635114550590518,7.0,0.06635114550590518,7,16,0.2862143516540527,,
1701429644175-0-35-4-19-6,Surprise,JawDrop,0.0620735213160515,9.0,0.0620735213160515,9,21,0.1944145560264587,,
1701429647482-0-35-4-21-6,Surprise,JawDrop,0.0833097230643034,24.0,0.0833097230643034,24,30,0.2478837966918945,,
1701429658440-0-35-4-27-6,Surprise,JawDrop,0.04995864629745489,10.0,0.0790062695741654,29,13,0.2860185205936432,,
1701438121613-1-36-2-2-6,Surprise,JawDrop,0.3018113896250725,10.0,0.3018113896250725,10,28,0.8227603435516357,,
1701438136355-1-36-2-8-6,Surprise,JawDrop,0.1716181524097919,9.0,0.1716181524097919,9,17,0.7702538371086121,,
1701438240821-1-36-3-3-6,Surprise,JawDrop,0.17423436790704722,16.0,0.17423436790704722,16,29,0.7342151999473572,,
1701438260890-1-36-3-13-6,Surprise,JawDrop,0.3276859223842621,19.0,0.3276859223842621,19,29,0.6125648617744446,,
1701438273279-1-36-3-19-6,Surprise,JawDrop,0.3689497532323004,5.0,0.3689497532323004,5,17,0.7984994649887085,,
1701438431051-1-36-4-3-6,Surprise,JawDrop,0.026392817497253418,6.0,0.07338777184486395,19,14,0.5867447853088379,,
1701438462590-1-36-4-21-6,Surprise,JawDrop,0.1622878089547157,11.0,0.1622878089547157,11,30,0.3890585899353027,,
1701438472819-1-36-4-27-6,Surprise,JawDrop,0.42668892443180095,23.0,0.42668892443180095,23,27,0.6295175552368164,,
1701440300059-0-37-2-8-6,Surprise,JawDrop,0.0158246606588364,11.0,0.0158246606588364,11,11,0.0486941076815128,,
1701440301773-0-37-2-9-6,Surprise,JawDrop,0.3130722939968109,19.0,0.3130722939968109,19,25,0.6791026592254639,,
1701440399382-0-37-3-3-6,Surprise,JawDrop,0.016241863369941698,7.0,0.016241863369941698,7,7,0.0490645542740821,,
1701440431245-0-37-3-19-6,Surprise,JawDrop,0.039779633283615105,16.0,0.039779633283615105,16,17,0.1297536939382553,,
1701440578409-0-37-4-3-6,Surprise,JawDrop,0.026360511779785156,2.0,0.026627182960510254,6,5,0.668236494064331,,
1701440607324-0-37-4-19-6,Surprise,JawDrop,0.004843264818191584,24.0,0.0097132027149201,11,1,0.3805137872695923,,
1701440621263-0-37-4-27-6,Surprise,JawDrop,0.0098119108006358,18.0,0.0098119108006358,18,25,0.0376796685159206,0.021735701762981174,0.021735701762981174
1700479243878-2-1-3-3-6,Surprise,OuterBrowRaiserL,0.0124255083501339,26.0,0.0124255083501339,26,30,0.0367386452853679,,
1700479264139-2-1-3-13-6,Surprise,OuterBrowRaiserL,0.005366452038288103,16.0,0.006419185549020802,8,1,0.0545563772320747,,
1700479276498-2-1-3-19-6,Surprise,OuterBrowRaiserL,0.04108016192913061,17.0,0.04108016192913061,17,26,0.248166486620903,,
1700479417615-2-1-4-3-6,Surprise,OuterBrowRaiserL,0.0164384320378304,7.0,0.0194338597357274,30,24,0.0815036445856094,,
1700479445256-2-1-4-19-6,Surprise,OuterBrowRaiserL,0.08005648851394659,29.0,0.08005648851394659,29,29,0.2754335105419159,,
1700479459026-2-1-4-27-6,Surprise,OuterBrowRaiserL,0.05086573213338849,21.0,0.05086573213338849,21,24,0.1470115482807159,,
1700486090956-1-2-2-8-6,Surprise,OuterBrowRaiserL,0.302723914384842,22.0,0.302723914384842,22,23,0.8408989310264587,,
1700486093754-1-2-2-9-6,Surprise,OuterBrowRaiserL,0.2073833644390106,21.0,0.2073833644390106,21,30,0.9840547442436218,,
1700486196174-1-2-3-3-6,Surprise,OuterBrowRaiserL,0.26292662322521215,23.0,0.26292662322521215,23,26,0.700004518032074,,
1700486216892-1-2-3-13-6,Surprise,OuterBrowRaiserL,0.323894776403904,10.0,0.323894776403904,10,24,0.8664259314537048,,
1700486228292-1-2-3-19-6,Surprise,OuterBrowRaiserL,0.33404424786567694,24.0,0.33404424786567694,24,24,0.8050965070724487,,
1700486399431-1-2-4-21-6,Surprise,OuterBrowRaiserL,0.17020177841186523,16.0,0.17020177841186523,16,19,0.7577062249183655,,
1700486409959-1-2-4-27-6,Surprise,OuterBrowRaiserL,0.30164140462875366,4.0,0.30164140462875366,4,5,0.9154253602027892,,
1700487957572-0-3-2-2-6,Surprise,OuterBrowRaiserL,0.153448635712266,21.0,0.153448635712266,21,30,0.491487056016922,,
1700487972719-0-3-2-8-6,Surprise,OuterBrowRaiserL,0.0978563129901886,24.0,0.0978563129901886,24,30,0.2838879823684692,,
1700487975578-0-3-2-9-6,Surprise,OuterBrowRaiserL,0.0647784806787968,23.0,0.0647784806787968,23,29,0.1209907382726669,,
1700488080041-0-3-3-3-6,Surprise,OuterBrowRaiserL,0.1167528127552941,21.0,0.1167528127552941,21,30,0.4604946970939636,,
1700488099575-0-3-3-13-6,Surprise,OuterBrowRaiserL,0.0,,4.348042921265004e-07,5,1,2.431474740660633e-06,,
1700488111962-0-3-3-19-6,Surprise,OuterBrowRaiserL,0.0270329276099801,23.0,0.0270329276099801,23,25,0.045926034450531,,
1700488256888-0-3-4-3-6,Surprise,OuterBrowRaiserL,0.0598564241081476,17.0,0.0598564241081476,17,22,0.1652517318725586,,
1700488285207-0-3-4-19-6,Surprise,OuterBrowRaiserL,0.0174571815878153,16.0,0.0174571815878153,16,20,0.0574200935661792,,
1700488288826-0-3-4-21-6,Surprise,OuterBrowRaiserL,0.040204368531704004,26.0,0.040204368531704004,26,30,0.1786045581102371,,
1700488299585-0-3-4-27-6,Surprise,OuterBrowRaiserL,0.131618095561862,15.0,0.131618095561862,15,20,0.3043772876262665,,
1700489726643-0-4-2-2-6,Surprise,OuterBrowRaiserL,0.0044673681259156,27.0,0.0044673681259156,27,30,0.0141285024583339,,
1700489742765-0-4-2-8-6,Surprise,OuterBrowRaiserL,0.006409009918570501,24.0,0.006409009918570501,24,27,0.0303838774561882,,
1700489744855-0-4-2-9-6,Surprise,OuterBrowRaiserL,0.0036885119197904437,18.0,0.0036885119197904437,18,29,0.0175703130662441,,
1700489862366-0-4-3-3-6,Surprise,OuterBrowRaiserL,0.010010009631514499,2.0,0.010010009631514499,2,27,0.0394022911787033,,
1700489881498-0-4-3-13-6,Surprise,OuterBrowRaiserL,0.036341665312647806,20.0,0.036341665312647806,20,27,0.1312213838100433,,
1700489894153-0-4-3-19-6,Surprise,OuterBrowRaiserL,0.0487920958548784,7.0,0.0487920958548784,7,26,0.13620425760746,,
1700490047789-0-4-4-3-6,Surprise,OuterBrowRaiserL,0.0243258927948773,9.0,0.0243258927948773,9,10,0.0388159491121768,,
1700490075897-0-4-4-19-6,Surprise,OuterBrowRaiserL,0.0042422655969858985,18.0,0.0042422655969858985,18,29,0.0227426309138536,,
1700490079381-0-4-4-21-6,Surprise,OuterBrowRaiserL,0.0076519528567688105,22.0,0.0076519528567688105,22,25,0.0164650883525609,,
1700490090087-0-4-4-27-6,Surprise,OuterBrowRaiserL,0.027198452502489104,14.0,0.031311817467212705,28,20,0.1108216270804405,,
1700491504922-1-5-2-2-6,Surprise,OuterBrowRaiserL,0.14348608255386358,22.0,0.14348608255386358,22,30,0.5438846945762634,,
1700491520068-1-5-2-8-6,Surprise,OuterBrowRaiserL,0.028399467468261802,8.0,0.04449249804019928,26,24,0.2756361067295074,,
1700491522758-1-5-2-9-6,Surprise,OuterBrowRaiserL,0.15094032883644104,28.0,0.15094032883644104,28,30,0.6864575147628784,,
1700491620433-1-5-3-3-6,Surprise,OuterBrowRaiserL,0.027671344578266102,16.0,0.027671344578266102,16,23,0.1939388811588287,,
1700491640564-1-5-3-13-6,Surprise,OuterBrowRaiserL,0.011593729257583618,10.0,0.03281724452972418,24,10,0.3538479506969452,,
1700491795424-1-5-4-3-6,Surprise,OuterBrowRaiserL,0.03333523869514465,2.0,0.03333523869514465,2,8,0.4178535342216491,,
1700491826720-1-5-4-21-6,Surprise,OuterBrowRaiserL,0.0481231361627579,12.0,0.051559805870056194,4,26,0.3764595091342926,,
1700496798831-1-6-2-2-6,Surprise,OuterBrowRaiserL,0.0,,2.4228450448176087e-42,2,1,1.398916256935465e-41,,
1700496922484-1-6-3-3-6,Surprise,OuterBrowRaiserL,0.0,,6.4671306103779785e-24,3,1,2.472397519817942e-23,,
1700496954901-1-6-3-19-6,Surprise,OuterBrowRaiserL,-3.3123103327357434e-32,,6.800052382783686e-30,2,1,3.9267593043116913e-29,,
1700497095964-1-6-4-3-6,Surprise,OuterBrowRaiserL,0.0036897046957164994,8.0,0.0036897046957164994,8,8,0.0036897046957165,,
1700497124116-1-6-4-19-6,Surprise,OuterBrowRaiserL,0.024930955376476098,29.0,0.024930955376476098,29,29,0.0291070695966482,,
1700497127301-1-6-4-21-6,Surprise,OuterBrowRaiserL,0.0036897181921790767,19.0,0.0036897181921790767,19,19,0.0036897198297083,,
1700497137301-1-6-4-27-6,Surprise,OuterBrowRaiserL,0.0036897335356793613,15.0,0.0036897335356793613,15,16,0.0063282954506576,,
1700567790485-2-8-2-2-6,Surprise,OuterBrowRaiserL,0.36400008201599127,23.0,0.36400008201599127,23,29,0.8587448000907898,,
1700567804174-2-8-2-8-6,Surprise,OuterBrowRaiserL,0.22119605541229248,14.0,0.22119605541229248,14,19,0.897318422794342,,
1700567807289-2-8-2-9-6,Surprise,OuterBrowRaiserL,0.21958205103874212,25.0,0.21958205103874212,25,30,0.879531741142273,,
1700567907954-2-8-3-3-6,Surprise,OuterBrowRaiserL,0.31054143607616436,17.0,0.31054143607616436,17,30,0.8964584469795227,,
1700567928618-2-8-3-13-6,Surprise,OuterBrowRaiserL,0.2430203557014466,3.0,0.2430203557014466,3,11,0.8867900371551514,,
1700568081350-2-8-4-3-6,Surprise,OuterBrowRaiserL,0.18888700008392334,2.0,0.2500147819519043,26,7,0.8784884214401245,,
1700568112955-2-8-4-21-6,Surprise,OuterBrowRaiserL,0.5978922918438911,6.0,0.5978922918438911,6,24,0.8544403910636902,,
1700571057042-1-9-2-2-6,Surprise,OuterBrowRaiserL,0.008434653282165527,4.0,0.09726125001907349,8,4,0.7294422388076782,,
1700571071814-1-9-2-8-6,Surprise,OuterBrowRaiserL,0.11763817071914673,16.0,0.11763817071914673,16,17,0.557835042476654,,
1700571074501-1-9-2-9-6,Surprise,OuterBrowRaiserL,0.07245278358459473,9.0,0.10956132411956787,29,19,0.9104625582695008,,
1700571203525-1-9-3-19-6,Surprise,OuterBrowRaiserL,0.3269083444029093,17.0,0.3269083444029093,17,17,0.3559652864933014,,
1700571352930-1-9-4-3-6,Surprise,OuterBrowRaiserL,0.074143260717392,13.0,0.10613720118999478,28,21,0.2784659266471863,,
1700571385065-1-9-4-21-6,Surprise,OuterBrowRaiserL,0.08499783277511591,7.0,0.08499783277511591,7,19,0.470132827758789,,
1700571394892-1-9-4-27-6,Surprise,OuterBrowRaiserL,0.017619729042053278,24.0,0.04720258712768549,29,27,0.1907538920640945,,
1700577751365-2-10-2-8-6,Surprise,OuterBrowRaiserL,0.0513022691011429,22.0,0.0513022691011429,22,27,0.2575723230838775,,
1700577753271-2-10-2-9-6,Surprise,OuterBrowRaiserL,0.017224669456481906,22.0,0.017224669456481906,22,23,0.1219160109758377,,
1700577877659-2-10-3-19-6,Surprise,OuterBrowRaiserL,0.25481368601322174,22.0,0.25481368601322174,22,24,0.7332619428634644,,
1700578011711-2-10-4-3-6,Surprise,OuterBrowRaiserL,0.2201343027409166,11.0,0.2201343027409166,11,16,0.6155285835266113,,
1700578043747-2-10-4-21-6,Surprise,OuterBrowRaiserL,0.1768613457679749,27.0,0.1768613457679749,27,29,0.6565409302711487,,
1700578053937-2-10-4-27-6,Surprise,OuterBrowRaiserL,0.11904004961252208,21.0,0.11904004961252208,21,23,0.4104064404964447,,
1700580370438-0-11-2-2-6,Surprise,OuterBrowRaiserL,0.028875326737761504,27.0,0.028875326737761504,27,28,0.0635013803839683,,
1700580385269-0-11-2-8-6,Surprise,OuterBrowRaiserL,0.0370354279875756,12.0,0.0370354279875756,12,29,0.1818996220827102,,
1700580387618-0-11-2-9-6,Surprise,OuterBrowRaiserL,0.0310746654868126,13.0,0.0310746654868126,13,23,0.1733747273683548,,
1700580489743-0-11-3-3-6,Surprise,OuterBrowRaiserL,0.07248672284185889,30.0,0.07248672284185889,30,30,0.0842354446649551,,
1700580509641-0-11-3-13-6,Surprise,OuterBrowRaiserL,0.0573074631392956,30.0,0.0573074631392956,30,30,0.1193936318159103,,
1700580521795-0-11-3-19-6,Surprise,OuterBrowRaiserL,0.0,,4.55793451692443e-06,2,1,2.629429400258232e-05,,
1700580672719-0-11-4-3-6,Surprise,OuterBrowRaiserL,0.010774724185466808,7.0,0.026842489838600103,10,8,0.104698359966278,,
1700580700662-0-11-4-19-6,Surprise,OuterBrowRaiserL,0.03441470861434941,21.0,0.03441470861434941,21,26,0.1750418841838836,,
1700580704337-0-11-4-21-6,Surprise,OuterBrowRaiserL,0.0,,1.3714759461436188e-07,2,1,7.918901019365876e-07,,
1700580714526-0-11-4-27-6,Surprise,OuterBrowRaiserL,0.025775626301765504,30.0,0.025775626301765504,30,30,0.0640388876199722,,
1700582055492-0-12-2-2-6,Surprise,OuterBrowRaiserL,0.31402306258678436,13.0,0.31402306258678436,13,21,0.7670402526855469,,
1700582070440-0-12-2-8-6,Surprise,OuterBrowRaiserL,0.11286373436450961,15.0,0.11286373436450961,15,19,0.201948657631874,,
1700582072837-0-12-2-9-6,Surprise,OuterBrowRaiserL,0.04224883019924172,23.0,0.0878266319632531,30,27,0.2454627901315689,,
1700582185616-0-12-3-13-6,Surprise,OuterBrowRaiserL,0.0938571989536286,16.0,0.18354728817939758,27,21,0.6305903792381287,,
1700582360419-0-12-4-19-6,Surprise,OuterBrowRaiserL,0.1422710865736007,19.0,0.1422710865736007,19,29,0.6597488522529602,,
1700582364232-0-12-4-21-6,Surprise,OuterBrowRaiserL,0.1094709224998951,10.0,0.1094709224998951,10,26,0.4975159466266632,,
1700582374311-0-12-4-27-6,Surprise,OuterBrowRaiserL,0.1194981709122658,25.0,0.1194981709122658,25,29,0.3570825159549713,,
1700583887578-2-13-2-2-6,Surprise,OuterBrowRaiserL,0.0863482803106308,29.0,0.0863482803106308,29,30,0.3502638339996338,,
1700583903979-2-13-2-8-6,Surprise,OuterBrowRaiserL,0.06411224603652954,18.0,0.09132087230682367,30,22,0.7180785536766052,,
1700584025989-2-13-3-13-6,Surprise,OuterBrowRaiserL,0.1259467527270317,5.0,0.1259467527270317,5,20,0.4047954082489013,,
1700584037726-2-13-3-19-6,Surprise,OuterBrowRaiserL,0.04002444446086881,23.0,0.04002444446086881,23,25,0.2680160701274872,,
1700584207271-2-13-4-3-6,Surprise,OuterBrowRaiserL,0.18523311614990234,17.0,0.18523311614990234,17,23,0.6809805631637573,,
1700584238451-2-13-4-21-6,Surprise,OuterBrowRaiserL,0.2276715189218521,12.0,0.2276715189218521,12,13,0.5076602697372437,,
1700584249628-2-13-4-27-6,Surprise,OuterBrowRaiserL,0.10083580017089838,21.0,0.10083580017089838,21,23,0.5112630724906921,,
1700745112620-1-14-2-2-6,Surprise,OuterBrowRaiserL,0.1121115982532501,19.0,0.1121115982532501,19,30,0.5146459341049194,,
1700745128460-1-14-2-8-6,Surprise,OuterBrowRaiserL,0.0368504859507084,2.0,0.0368504859507084,2,24,0.2438728809356689,,
1700745130744-1-14-2-9-6,Surprise,OuterBrowRaiserL,0.06297735869884491,15.0,0.06297735869884491,15,28,0.5132948756217957,,
1700745228376-1-14-3-3-6,Surprise,OuterBrowRaiserL,0.1498347446322441,13.0,0.1498347446322441,13,30,0.3691586256027221,,
1700745427287-1-14-4-19-6,Surprise,OuterBrowRaiserL,0.166718378663063,6.0,0.166718378663063,6,10,0.4339259266853332,,
1700745430676-1-14-4-21-6,Surprise,OuterBrowRaiserL,0.03202082216739652,19.0,0.03202082216739652,19,30,0.3518045246601105,,
1700745441256-1-14-4-27-6,Surprise,OuterBrowRaiserL,0.067361555993557,14.0,0.067361555993557,14,27,0.5318201780319214,,
1700747233836-2-15-2-2-6,Surprise,OuterBrowRaiserL,0.0,,1.59485757933453e-10,2,1,5.041337902689236e-10,,
1700747248666-2-15-2-8-6,Surprise,OuterBrowRaiserL,0.0,,6.942299478396311e-06,6,1,3.882522651110776e-05,,
1700747250542-2-15-2-9-6,Surprise,OuterBrowRaiserL,0.0024348497294867178,27.0,0.0024348497294867178,27,29,0.003903916105628,,
1700747352492-2-15-3-3-6,Surprise,OuterBrowRaiserL,0.08872858062386518,12.0,0.08872858062386518,12,17,0.1644886434078216,,
1700747372332-2-15-3-13-6,Surprise,OuterBrowRaiserL,0.0,,6.960299003822001e-09,5,1,3.89231118447242e-08,,
1700747384624-2-15-3-19-6,Surprise,OuterBrowRaiserL,0.001701720212474138,2.0,0.001701720212474138,2,2,0.0017017202917486,,
1700747550545-2-15-4-21-6,Surprise,OuterBrowRaiserL,-1.114637733103946e-28,,2.288303061961823e-26,2,1,1.3214003179964713e-25,,
1700748690839-0-16-2-2-6,Surprise,OuterBrowRaiserL,0.0177573431283235,15.0,0.0177573431283235,15,23,0.0285926032811403,,
1700748704971-0-16-2-8-6,Surprise,OuterBrowRaiserL,-4.051082453976517e-15,,8.316767413640846e-13,2,1,4.802615336668703e-12,,
1700748707465-0-16-2-9-6,Surprise,OuterBrowRaiserL,0.0036897992249577977,4.0,0.0036897992249577977,4,4,0.0036897992249578,,
1700748807131-0-16-3-3-6,Surprise,OuterBrowRaiserL,0.0,,0.0,2,1,1.401298464324817e-45,,
1700748827092-0-16-3-13-6,Surprise,OuterBrowRaiserL,0.0,,1.5491154168557537e-19,2,1,8.945547836382015e-19,,
1700748839077-0-16-3-19-6,Surprise,OuterBrowRaiserL,0.0,,3.9705071743195274e-16,2,1,2.2928459786586376e-15,,
1700748977420-0-16-4-3-6,Surprise,OuterBrowRaiserL,0.0321900774724781,17.0,0.0321900774724781,17,23,0.0474078580737113,,
1700749005486-0-16-4-19-6,Surprise,OuterBrowRaiserL,0.012381497770547797,10.0,0.020528752356767606,26,25,0.0531243383884429,,
1700749009413-0-16-4-21-6,Surprise,OuterBrowRaiserL,0.003689841582205365,27.0,0.003689841582205365,27,28,0.0063283466733992,,
1700749020048-0-16-4-27-6,Surprise,OuterBrowRaiserL,0.0,,1.059878922553151e-27,4,1,4.0520113878729374e-27,,
1700753900482-0-17-2-2-6,Surprise,OuterBrowRaiserL,0.1221757307648659,21.0,0.1221757307648659,21,28,0.2992249429225921,,
1700753915633-0-17-2-8-6,Surprise,OuterBrowRaiserL,0.008387152105569805,26.0,0.011132813990116106,28,26,0.0708413645625114,,
1700753918042-0-17-2-9-6,Surprise,OuterBrowRaiserL,0.007226068526506396,9.0,0.007226068526506396,9,17,0.0432122163474559,,
1700754013483-0-17-3-3-6,Surprise,OuterBrowRaiserL,0.07736121118068698,26.0,0.07736121118068698,26,28,0.2696739435195923,,
1700754034095-0-17-3-13-6,Surprise,OuterBrowRaiserL,0.005060320720076601,25.0,0.005060320720076601,25,29,0.024270012974739,,
1700754045748-0-17-3-19-6,Surprise,OuterBrowRaiserL,0.0179456993937493,23.0,0.0179456993937493,23,25,0.0588723644614219,,
1700754214994-0-17-4-21-6,Surprise,OuterBrowRaiserL,0.0154274087399245,25.0,0.0154274087399245,25,29,0.048212956637144,,
1700756365257-2-18-2-2-6,Surprise,OuterBrowRaiserL,0.28233130276203156,10.0,0.28233130276203156,10,28,0.6159603595733643,,
1700756380628-2-18-2-8-6,Surprise,OuterBrowRaiserL,0.2477939873933792,13.0,0.2477939873933792,13,30,0.7612705826759338,,
1700756382762-2-18-2-9-6,Surprise,OuterBrowRaiserL,0.3153526782989502,22.0,0.3153526782989502,22,23,0.714962899684906,,
1700756508190-2-18-3-13-6,Surprise,OuterBrowRaiserL,0.3346076458692551,9.0,0.3346076458692551,9,10,0.5861656069755554,,
1700756520318-2-18-3-19-6,Surprise,OuterBrowRaiserL,0.3624770715832711,5.0,0.3624770715832711,5,28,0.6478338837623596,,
1700756740978-2-18-4-21-6,Surprise,OuterBrowRaiserL,0.2942085564136505,2.0,0.2942085564136505,2,30,0.8113152980804443,,
1700756752506-2-18-4-27-6,Surprise,OuterBrowRaiserL,0.12791228294372564,19.0,0.3153676390647889,30,29,0.7196069955825806,,
1700824448226-0-19-2-2-6,Surprise,OuterBrowRaiserL,0.026520759915001697,7.0,0.026520759915001697,7,11,0.0946768298745155,,
1700824463124-0-19-2-8-6,Surprise,OuterBrowRaiserL,0.0038229422643780986,24.0,0.005316895432770301,5,3,0.0209199655801057,,
1700824465520-0-19-2-9-6,Surprise,OuterBrowRaiserL,0.014749839901924189,2.0,0.0632935166358948,5,2,0.246817484498024,,
1700824559270-0-19-3-3-6,Surprise,OuterBrowRaiserL,0.017431296408176505,12.0,0.017431296408176505,12,13,0.0921999141573906,,
1700824578736-0-19-3-13-6,Surprise,OuterBrowRaiserL,0.015476915985345903,25.0,0.015476915985345903,25,26,0.0506009012460708,,
1700824591163-0-19-3-19-6,Surprise,OuterBrowRaiserL,0.0341791119426489,14.0,0.0341791119426489,14,15,0.0705655142664909,,
1700824744450-0-19-4-3-6,Surprise,OuterBrowRaiserL,0.1007360816001892,15.0,0.1007360816001892,15,16,0.2596454620361328,,
1700824772745-0-19-4-19-6,Surprise,OuterBrowRaiserL,0.1005992665886879,27.0,0.1005992665886879,27,30,0.276962548494339,,
1700824775987-0-19-4-21-6,Surprise,OuterBrowRaiserL,0.1427600458264351,17.0,0.1427600458264351,17,19,0.2888198792934418,,
1700825815495-0-20-2-2-6,Surprise,OuterBrowRaiserL,0.2591671422123909,14.0,0.2591671422123909,14,29,0.6884934306144714,,
1700825830739-0-20-2-8-6,Surprise,OuterBrowRaiserL,0.05616743862628941,17.0,0.20936737582087517,30,24,0.3136700391769409,,
1700825833289-0-20-2-9-6,Surprise,OuterBrowRaiserL,0.15454039815813309,15.0,0.15454039815813309,15,28,0.3026353418827057,,
1700825926618-0-20-3-3-6,Surprise,OuterBrowRaiserL,0.031996857374906505,18.0,0.031996857374906505,18,22,0.0775748714804649,,
1700825946184-0-20-3-13-6,Surprise,OuterBrowRaiserL,0.0,,1.6853567430530347e-09,2,1,9.732384675942285e-09,,
1700825958707-0-20-3-19-6,Surprise,OuterBrowRaiserL,0.0316355340182781,23.0,0.0477000176906585,27,25,0.1238619908690452,,
1700826094915-0-20-4-3-6,Surprise,OuterBrowRaiserL,0.0319545418024063,25.0,0.0319545418024063,25,29,0.1407088041305542,,
1700826126840-0-20-4-21-6,Surprise,OuterBrowRaiserL,0.083236388862133,13.0,0.083236388862133,13,25,0.3892559707164764,,
1700827663943-0-21-2-2-6,Surprise,OuterBrowRaiserL,0.244140908587724,22.0,0.244140908587724,22,27,0.4757492840290069,,
1700827679341-0-21-2-8-6,Surprise,OuterBrowRaiserL,0.15860817767679689,15.0,0.15860817767679689,15,30,0.2330606877803802,,
1700827681700-0-21-2-9-6,Surprise,OuterBrowRaiserL,0.027216807007789695,22.0,0.03561724722385411,28,22,0.1521865576505661,,
1700827795416-0-21-3-3-6,Surprise,OuterBrowRaiserL,0.0413564741611481,28.0,0.0413564741611481,28,30,0.1155216917395591,,
1700827815913-0-21-3-13-6,Surprise,OuterBrowRaiserL,0.029414173215627698,16.0,0.029414173215627698,16,18,0.0849321037530899,,
1700827827673-0-21-3-19-6,Surprise,OuterBrowRaiserL,0.022810012102127103,27.0,0.022810012102127103,27,30,0.106639988720417,,
1700827973082-0-21-4-3-6,Surprise,OuterBrowRaiserL,0.10033303499221802,18.0,0.10033303499221802,18,23,0.4972987473011017,,
1700828000810-0-21-4-19-6,Surprise,OuterBrowRaiserL,0.025479662232101002,10.0,0.025479662232101002,10,20,0.1064284667372703,,
1700828004497-0-21-4-21-6,Surprise,OuterBrowRaiserL,0.0497646555304528,25.0,0.0497646555304528,25,25,0.1192430406808853,,
1700828015466-0-21-4-27-6,Surprise,OuterBrowRaiserL,0.08523846417665479,12.0,0.08523846417665479,12,16,0.2037224173545837,,
1700830036458-0-22-2-2-6,Surprise,OuterBrowRaiserL,0.12033427506685249,21.0,0.12033427506685249,21,25,0.3622407913208008,,
1700830051701-0-22-2-8-6,Surprise,OuterBrowRaiserL,0.11685691773891449,20.0,0.11685691773891449,20,24,0.3852754235267639,,
1700830053944-0-22-2-9-6,Surprise,OuterBrowRaiserL,0.0535082686692477,20.0,0.0535082686692477,20,25,0.1186284869909286,,
1700830149264-0-22-3-3-6,Surprise,OuterBrowRaiserL,0.1649181842803955,23.0,0.1649181842803955,23,30,0.6914363503456116,,
1700830169383-0-22-3-13-6,Surprise,OuterBrowRaiserL,0.014417167752981193,24.0,0.014417167752981193,24,30,0.0886606276035308,,
1700830335225-0-22-4-3-6,Surprise,OuterBrowRaiserL,0.0489282160997391,16.0,0.0489282160997391,16,18,0.2133578211069107,,
1700830363061-0-22-4-19-6,Surprise,OuterBrowRaiserL,0.04143375158309941,24.0,0.04143375158309941,24,29,0.1749551147222519,,
1701085488586-2-23-2-2-6,Surprise,OuterBrowRaiserL,0.09463280439376831,3.0,0.09463280439376831,3,30,0.9999991655349731,,
1701085503372-2-23-2-8-6,Surprise,OuterBrowRaiserL,0.44547995924949646,23.0,0.44547995924949646,23,30,0.999991238117218,,
1701085609204-2-23-3-3-6,Surprise,OuterBrowRaiserL,0.27269057929515844,17.0,0.27269057929515844,17,30,0.9999998807907104,,
1701085629667-2-23-3-13-6,Surprise,OuterBrowRaiserL,0.23326918482780462,9.0,0.23326918482780462,9,26,0.8853572607040405,,
1701085788374-2-23-4-3-6,Surprise,OuterBrowRaiserL,0.3200245797634125,21.0,0.3200245797634125,21,30,0.999991238117218,,
1701085820057-2-23-4-21-6,Surprise,OuterBrowRaiserL,0.45378360152244573,17.0,0.45378360152244573,17,29,0.9999999403953552,,
1701085830697-2-23-4-27-6,Surprise,OuterBrowRaiserL,0.4240390211343765,10.0,0.4240390211343765,10,23,0.9999999403953552,,
1701087303940-0-24-2-8-6,Surprise,OuterBrowRaiserL,0.03183341026306152,2.0,0.05176091194152832,25,2,0.6468729376792908,,
1701087305999-0-24-2-9-6,Surprise,OuterBrowRaiserL,0.11156082153320318,20.0,0.11156082153320318,20,30,0.6264011263847351,,
1701087423258-0-24-3-13-6,Surprise,OuterBrowRaiserL,0.009564757347106934,13.0,0.1362476944923401,29,27,0.6497025489807129,,
1701087435684-0-24-3-19-6,Surprise,OuterBrowRaiserL,0.05100703239440918,14.0,0.05100703239440918,14,23,0.588318407535553,,
1701087600576-0-24-4-3-6,Surprise,OuterBrowRaiserL,0.03556162118911743,2.0,0.03556162118911743,2,30,0.6429188847541809,,
1701087628526-0-24-4-19-6,Surprise,OuterBrowRaiserL,0.35985361039638525,2.0,0.35985361039638525,2,8,0.66526859998703,,
1701087642989-0-24-4-27-6,Surprise,OuterBrowRaiserL,0.20667004585266113,15.0,0.20667004585266113,15,25,0.923576295375824,,
1701090989523-0-25-2-2-6,Surprise,OuterBrowRaiserL,0.003689749802399238,25.0,0.003689749802399238,25,25,0.0036897617392241,,
1701091004494-0-25-2-8-6,Surprise,OuterBrowRaiserL,0.0,,2.805544221961588e-15,2,1,1.6201106008508805e-14,,
1701091007119-0-25-2-9-6,Surprise,OuterBrowRaiserL,0.03842383623123169,12.0,0.03842383623123169,12,21,0.1181514263153076,,
1701091106118-0-25-3-3-6,Surprise,OuterBrowRaiserL,0.0,,2.9635780962312708e-40,2,1,9.367890428781052e-40,,
1701091126207-0-25-3-13-6,Surprise,OuterBrowRaiserL,0.0,,3.4981500416610195e-23,2,1,2.0200157989425264e-22,,
1701091137831-0-25-3-19-6,Surprise,OuterBrowRaiserL,0.0,,5.437474101199762e-06,2,1,3.137772000627592e-05,,
1701091286156-0-25-4-3-6,Surprise,OuterBrowRaiserL,0.0036897619720547992,13.0,0.0036897619720547992,13,13,0.0036897619720548,,
1701091314405-0-25-4-19-6,Surprise,OuterBrowRaiserL,0.0,,3.4801950524897915e-20,2,1,1.1000789996146648e-19,,
1701091317423-0-25-4-21-6,Surprise,OuterBrowRaiserL,0.0805267449468374,9.0,0.0805267449468374,9,13,0.1508467942476272,,
1701091328267-0-25-4-27-6,Surprise,OuterBrowRaiserL,0.0226591937243938,24.0,0.0226591937243938,24,24,0.0505374632775783,,
1701092656631-0-26-2-2-6,Surprise,OuterBrowRaiserL,0.003689782445057679,24.0,0.003689782445057679,24,24,0.0036898658145219,,
1701092672345-0-26-2-8-6,Surprise,OuterBrowRaiserL,0.015227890573442,22.0,0.015227890573442,22,22,0.0269537977874279,,
1701092674853-0-26-2-9-6,Surprise,OuterBrowRaiserL,-2.3324237190536223e-06,,0.0005549069028348,2,1,0.0030012389179319,,
1701092788115-0-26-3-13-6,Surprise,OuterBrowRaiserL,0.0,,1.1804272048721032e-07,4,1,4.512763212005666e-07,,
1701092800949-0-26-3-19-6,Surprise,OuterBrowRaiserL,0.0,,4.443064582915216e-09,2,1,2.5656721192035548e-08,,
1701092952993-0-26-4-3-6,Surprise,OuterBrowRaiserL,0.05498019605875008,21.0,0.05498019605875008,21,25,0.2268474996089935,,
1701092995220-0-26-4-27-6,Surprise,OuterBrowRaiserL,0.055841650813818006,24.0,0.055841650813818006,24,30,0.1847992837429046,,
1701094536373-2-27-2-2-6,Surprise,OuterBrowRaiserL,0.09652805328369146,30.0,0.09652805328369146,30,13,0.5771552920341492,,
1701094657984-2-27-3-3-6,Surprise,OuterBrowRaiserL,0.39545688033103943,20.0,0.39545688033103943,20,20,0.540381908416748,,
1701094689680-2-27-3-19-6,Surprise,OuterBrowRaiserL,0.0742151848971844,4.0,0.0742151848971844,4,10,0.4012407660484314,,
1701094824960-2-27-4-3-6,Surprise,OuterBrowRaiserL,0.1568697094917298,3.0,0.1568697094917298,3,8,0.7642477750778198,,
1701094852692-2-27-4-19-6,Surprise,OuterBrowRaiserL,0.00993107259273529,18.0,0.0457192063331604,2,1,0.3290175795555115,,
1701094856933-2-27-4-21-6,Surprise,OuterBrowRaiserL,0.14299406111240381,28.0,0.14299406111240381,28,3,0.3975101113319397,,
1701094866874-2-27-4-27-6,Surprise,OuterBrowRaiserL,0.31877392530441295,9.0,0.31877392530441295,9,10,0.6986497640609741,,
1701170506491-0-28-2-8-6,Surprise,OuterBrowRaiserL,0.028316766023635892,21.0,0.028316766023635892,21,28,0.159746766090393,,
1701170605255-0-28-3-3-6,Surprise,OuterBrowRaiserL,0.0659748911857605,18.0,0.0659748911857605,18,18,0.15837924182415,,
1701170624888-0-28-3-13-6,Surprise,OuterBrowRaiserL,0.1003797501325607,22.0,0.1003797501325607,22,26,0.2013017237186432,,
1701170637387-0-28-3-19-6,Surprise,OuterBrowRaiserL,0.061800472438335405,26.0,0.061800472438335405,26,28,0.1658574491739273,,
1701170770544-0-28-4-3-6,Surprise,OuterBrowRaiserL,0.10119629651308058,25.0,0.10119629651308058,25,27,0.3418233096599579,,
1701170798766-0-28-4-19-6,Surprise,OuterBrowRaiserL,0.07119280844926831,27.0,0.07119280844926831,27,28,0.2076116353273391,,
1701175941566-1-29-2-2-6,Surprise,OuterBrowRaiserL,0.10361710679183024,21.0,0.10361710679183024,21,30,0.2489010095596313,,
1701175959538-1-29-2-9-6,Surprise,OuterBrowRaiserL,0.12591740489006042,20.0,0.12591740489006042,20,23,0.7084740996360779,,
1701176088631-1-29-3-13-6,Surprise,OuterBrowRaiserL,0.15675973892211914,18.0,0.15675973892211914,18,21,0.5990517139434814,,
1701176100397-1-29-3-19-6,Surprise,OuterBrowRaiserL,0.1793513000011444,20.0,0.1793513000011444,20,25,0.5509451031684875,,
1701176276840-1-29-4-19-6,Surprise,OuterBrowRaiserL,0.1834286451339722,23.0,0.1834286451339722,23,24,0.5420989394187927,,
1701176280346-1-29-4-21-6,Surprise,OuterBrowRaiserL,0.13248969614505768,14.0,0.15342529118061068,28,15,0.412304013967514,,
1701176290484-1-29-4-27-6,Surprise,OuterBrowRaiserL,0.1246533021330834,24.0,0.1246533021330834,24,25,0.2576643526554107,,
1701177690468-0-30-2-2-6,Surprise,OuterBrowRaiserL,0.114417729433626,14.0,0.114417729433626,14,18,0.3542546927928924,,
1701177705031-0-30-2-8-6,Surprise,OuterBrowRaiserL,0.0585433803498745,11.0,0.0585433803498745,11,23,0.3350361585617065,,
1701177707527-0-30-2-9-6,Surprise,OuterBrowRaiserL,0.29350607097148895,22.0,0.29350607097148895,22,24,0.539754331111908,,
1701177806796-0-30-3-3-6,Surprise,OuterBrowRaiserL,0.27756467461586,10.0,0.27756467461586,10,13,0.4660357534885406,,
1701177825962-0-30-3-13-6,Surprise,OuterBrowRaiserL,0.024218456819653497,16.0,0.024218456819653497,16,24,0.0943518131971359,,
1701177838992-0-30-3-19-6,Surprise,OuterBrowRaiserL,0.0062181844841689,9.0,0.0062181844841689,9,21,0.0173568129539489,,
1701178064486-0-30-4-3-6,Surprise,OuterBrowRaiserL,0.058308113366365405,7.0,0.058308113366365405,7,22,0.1483412533998489,,
1701178092727-0-30-4-19-6,Surprise,OuterBrowRaiserL,0.0,,2.5392594927772794e-13,4,1,9.707798800939749e-13,,
1701178096235-0-30-4-21-6,Surprise,OuterBrowRaiserL,0.11877404153347013,21.0,0.11877404153347013,21,25,0.4195156097412109,,
1701178106880-0-30-4-27-6,Surprise,OuterBrowRaiserL,0.008302232250571199,10.0,0.008302232250571199,10,30,0.0411759130656719,,
1701188066425-0-31-2-2-6,Surprise,OuterBrowRaiserL,0.1371724037453533,27.0,0.1371724037453533,27,1,0.1439869403839111,,
1701188081703-0-31-2-8-6,Surprise,OuterBrowRaiserL,0.20740327984094623,22.0,0.20740327984094623,22,27,0.5509383082389832,,
1701188084449-0-31-2-9-6,Surprise,OuterBrowRaiserL,0.1223237216472626,18.0,0.1223237216472626,18,30,0.4334446489810943,,
1701188189903-0-31-3-3-6,Surprise,OuterBrowRaiserL,0.1671124622225761,23.0,0.1671124622225761,23,24,0.3174900710582733,,
1701188210135-0-31-3-13-6,Surprise,OuterBrowRaiserL,0.1337954699993134,25.0,0.20079019665718081,27,25,0.4220922589302063,,
1701188221539-0-31-3-19-6,Surprise,OuterBrowRaiserL,0.1105162426829338,15.0,0.1105162426829338,15,28,0.4552315771579742,,
1701188357646-0-31-4-3-6,Surprise,OuterBrowRaiserL,0.0012106597423553467,24.0,0.05764994025230402,28,1,0.4398444294929504,,
1701188385528-0-31-4-19-6,Surprise,OuterBrowRaiserL,0.10232838988304133,9.0,0.10232838988304133,9,13,0.6096009016036987,,
1701188389796-0-31-4-21-6,Surprise,OuterBrowRaiserL,0.06477364897727972,25.0,0.10215812921524053,29,25,0.4620373547077179,,
1701346796350-1-32-2-2-6,Surprise,OuterBrowRaiserL,0.0584225803613663,17.0,0.06863656640052798,24,22,0.3634482324123382,,
1701346920040-1-32-3-3-6,Surprise,OuterBrowRaiserL,0.059825636446476003,3.0,0.08106212317943579,27,26,0.220199853181839,,
1701346939832-1-32-3-13-6,Surprise,OuterBrowRaiserL,0.07535767555236822,26.0,0.08220618963241581,28,11,0.2503069937229156,,
1701346951922-1-32-3-19-6,Surprise,OuterBrowRaiserL,0.1447303146123886,27.0,0.1447303146123886,27,28,0.3935308754444122,,
1701347165606-1-32-4-3-6,Surprise,OuterBrowRaiserL,0.0632393211126327,16.0,0.0632393211126327,16,20,0.1282092779874801,,
1701350306168-0-33-2-8-6,Surprise,OuterBrowRaiserL,0.18038141727447515,2.0,0.29733845591545105,22,15,0.7370657920837402,,
1701350308434-0-33-2-9-6,Surprise,OuterBrowRaiserL,0.5302634313702583,14.0,0.5302634313702583,14,21,0.7985351085662842,,
1701350412742-0-33-3-3-6,Surprise,OuterBrowRaiserL,0.06701064109802252,6.0,0.1635167598724366,30,12,0.5609205365180969,,
1701350432525-0-33-3-13-6,Surprise,OuterBrowRaiserL,0.2423074617981911,20.0,0.2423074617981911,20,23,0.5680769681930542,,
1701350444549-0-33-3-19-6,Surprise,OuterBrowRaiserL,0.07384580373764038,17.0,0.07384580373764038,17,25,0.5365135669708252,,
1701350602230-0-33-4-3-6,Surprise,OuterBrowRaiserL,0.2009284496307373,16.0,0.2009284496307373,16,27,0.7881113886833191,,
1701350630358-0-33-4-19-6,Surprise,OuterBrowRaiserL,0.16897971928119662,18.0,0.16897971928119662,18,25,0.6594953536987305,,
1701350634052-0-33-4-21-6,Surprise,OuterBrowRaiserL,0.17502865195274353,14.0,0.17502865195274353,14,28,0.6967150568962097,,
1701350644495-0-33-4-27-6,Surprise,OuterBrowRaiserL,0.1380186229944229,13.0,0.1380186229944229,13,16,0.6125112771987915,,
1701357438550-0-34-2-2-6,Surprise,OuterBrowRaiserL,0.11484715342521667,18.0,0.11484715342521667,18,19,0.3415005207061767,,
1701357453577-0-34-2-8-6,Surprise,OuterBrowRaiserL,0.1854077912867069,26.0,0.1854077912867069,26,28,0.2250182777643203,,
1701357456722-0-34-2-9-6,Surprise,OuterBrowRaiserL,0.11265707761049279,11.0,0.11265707761049279,11,12,0.1985796689987182,,
1701357570289-0-34-3-3-6,Surprise,OuterBrowRaiserL,0.0667154211550951,21.0,0.0667154211550951,21,27,0.0817042663693428,,
1701357589873-0-34-3-13-6,Surprise,OuterBrowRaiserL,0.027260152660291567,22.0,0.027260152660291567,22,25,0.0391818098723888,,
1701357750175-0-34-4-3-6,Surprise,OuterBrowRaiserL,0.2099269032478333,17.0,0.2099269032478333,17,20,0.6020402312278748,,
1701357778445-0-34-4-19-6,Surprise,OuterBrowRaiserL,0.11311350762844091,14.0,0.11311350762844091,14,18,0.3979713022708893,,
1701357781768-0-34-4-21-6,Surprise,OuterBrowRaiserL,0.17432279884014543,20.0,0.17432279884014543,20,30,0.3776336908340454,,
1701357792344-0-34-4-27-6,Surprise,OuterBrowRaiserL,0.14911926537752151,24.0,0.14911926537752151,24,25,0.2921840250492096,,
1701429347000-0-35-2-2-6,Surprise,OuterBrowRaiserL,0.051457565277814796,14.0,0.051457565277814796,14,20,0.1918103992938995,,
1701429362658-0-35-2-8-6,Surprise,OuterBrowRaiserL,0.08468348532915111,15.0,0.08468348532915111,15,20,0.2955673336982727,,
1701429365736-0-35-2-9-6,Surprise,OuterBrowRaiserL,0.06295095384120941,8.0,0.06295095384120941,8,20,0.2996698915958404,,
1701429456101-0-35-3-3-6,Surprise,OuterBrowRaiserL,0.0516063468530775,11.0,0.0516063468530775,11,24,0.2179000973701477,,
1701429476026-0-35-3-13-6,Surprise,OuterBrowRaiserL,0.07497645169496539,8.0,0.07497645169496539,8,12,0.2274284809827804,,
1701429487661-0-35-3-19-6,Surprise,OuterBrowRaiserL,0.0134477936662734,5.0,0.014796536415815395,22,19,0.0591186173260211,,
1701429615895-0-35-4-3-6,Surprise,OuterBrowRaiserL,0.0839709267020225,11.0,0.09183283150196078,24,17,0.2626767158508301,,
1701429644175-0-35-4-19-6,Surprise,OuterBrowRaiserL,0.2642881609499455,9.0,0.2642881609499455,9,17,0.4525836706161499,,
1701429647482-0-35-4-21-6,Surprise,OuterBrowRaiserL,0.1063258172944188,24.0,0.1063258172944188,24,30,0.269866794347763,,
1701429658440-0-35-4-27-6,Surprise,OuterBrowRaiserL,0.036404561251402,8.0,0.036404561251402,8,27,0.1333931535482406,,
1701438121613-1-36-2-2-6,Surprise,OuterBrowRaiserL,0.0704653188586235,16.0,0.0704653188586235,16,25,0.314368337392807,,
1701438136355-1-36-2-8-6,Surprise,OuterBrowRaiserL,0.1012724712491036,14.0,0.1012724712491036,14,30,0.2511646151542663,,
1701438240821-1-36-3-3-6,Surprise,OuterBrowRaiserL,0.2675937190651893,21.0,0.2675937190651893,21,24,0.7794386148452759,,
1701438260890-1-36-3-13-6,Surprise,OuterBrowRaiserL,0.0621962985023856,20.0,0.0621962985023856,20,29,0.2085912972688675,,
1701438273279-1-36-3-19-6,Surprise,OuterBrowRaiserL,0.2214728500694037,7.0,0.2214728500694037,7,13,0.5975410342216492,,
1701438431051-1-36-4-3-6,Surprise,OuterBrowRaiserL,0.06018251180648809,2.0,0.095147043466568,19,9,0.4665923118591308,,
1701438462590-1-36-4-21-6,Surprise,OuterBrowRaiserL,0.0842115990817547,6.0,0.0842115990817547,6,30,0.3132283389568329,,
1701438472819-1-36-4-27-6,Surprise,OuterBrowRaiserL,0.4124377049517136,23.0,0.4124377049517136,23,27,0.6967901587486267,,
1701440300059-0-37-2-8-6,Surprise,OuterBrowRaiserL,0.03253209590911871,11.0,0.03253209590911871,11,17,0.2321947515010833,,
1701440301773-0-37-2-9-6,Surprise,OuterBrowRaiserL,0.36752718687057495,20.0,0.36752718687057495,20,23,0.7943127751350403,,
1701440399382-0-37-3-3-6,Surprise,OuterBrowRaiserL,0.0522031262516975,26.0,0.056993864476680686,21,19,0.1728143244981765,,
1701440431245-0-37-3-19-6,Surprise,OuterBrowRaiserL,0.010516554117202703,13.0,0.010516554117202703,13,15,0.1824885308742523,,
1701440578409-0-37-4-3-6,Surprise,OuterBrowRaiserL,0.0191953182220459,2.0,0.028462350368499756,6,5,0.7745956182479858,,
1701440607324-0-37-4-19-6,Surprise,OuterBrowRaiserL,0.008295714855194092,13.0,0.01434740424156189,23,1,0.2905873656272888,,
1701440621263-0-37-4-27-6,Surprise,OuterBrowRaiserL,0.02885948121547699,9.0,0.02885948121547699,9,17,0.2776661217212677,0.015379175981333953,0.015379175981333953
1700479243878-2-1-3-3-6,Surprise,OuterBrowRaiserR,0.012077379971742599,26.0,0.012077379971742599,26,30,0.0653499215841293,,
1700479264139-2-1-3-13-6,Surprise,OuterBrowRaiserR,0.011516910046339,16.0,0.011516910046339,16,29,0.0679802820086479,,
1700479276498-2-1-3-19-6,Surprise,OuterBrowRaiserR,0.0458860471844673,17.0,0.0458860471844673,17,26,0.2189562022686004,,
1700479417615-2-1-4-3-6,Surprise,OuterBrowRaiserR,0.026423651725053798,7.0,0.026423651725053798,7,11,0.1010198444128036,,
1700479445256-2-1-4-19-6,Surprise,OuterBrowRaiserR,0.08082021772861481,29.0,0.08082021772861481,29,29,0.2295339554548263,,
1700479459026-2-1-4-27-6,Surprise,OuterBrowRaiserR,0.0461911261081695,21.0,0.0461911261081695,21,24,0.1743289679288864,,
1700486090956-1-2-2-8-6,Surprise,OuterBrowRaiserR,0.2672431766986847,22.0,0.2672431766986847,22,23,0.8263424634933472,,
1700486093754-1-2-2-9-6,Surprise,OuterBrowRaiserR,0.2326396480202675,21.0,0.2326396480202675,21,30,0.9793626070022584,,
1700486196174-1-2-3-3-6,Surprise,OuterBrowRaiserR,0.2608070820569993,23.0,0.2608070820569993,23,26,0.6942487359046936,,
1700486216892-1-2-3-13-6,Surprise,OuterBrowRaiserR,0.304060198366642,10.0,0.304060198366642,10,24,0.9036579728126526,,
1700486228292-1-2-3-19-6,Surprise,OuterBrowRaiserR,0.30522942543029785,24.0,0.30522942543029785,24,29,0.8110886812210083,,
1700486399431-1-2-4-21-6,Surprise,OuterBrowRaiserR,0.20701724290847778,19.0,0.20701724290847778,19,19,0.7549470067024231,,
1700486409959-1-2-4-27-6,Surprise,OuterBrowRaiserR,0.32100826501846313,4.0,0.32100826501846313,4,6,0.9090785980224608,,
1700487957572-0-3-2-2-6,Surprise,OuterBrowRaiserR,0.120006887242198,21.0,0.120006887242198,21,29,0.5152413249015808,,
1700487972719-0-3-2-8-6,Surprise,OuterBrowRaiserR,0.07434175163507462,24.0,0.07434175163507462,24,30,0.2487979382276535,,
1700487975578-0-3-2-9-6,Surprise,OuterBrowRaiserR,0.0247622262686491,23.0,0.0247622262686491,23,29,0.073757104575634,,
1700488080041-0-3-3-3-6,Surprise,OuterBrowRaiserR,0.11325157340615989,21.0,0.11325157340615989,21,30,0.4574388861656189,,
1700488099575-0-3-3-13-6,Surprise,OuterBrowRaiserR,0.0,,1.6035701264627278e-06,5,1,8.967438589024823e-06,,
1700488111962-0-3-3-19-6,Surprise,OuterBrowRaiserR,0.0323905837722123,23.0,0.0323905837722123,23,25,0.0487844161689281,,
1700488256888-0-3-4-3-6,Surprise,OuterBrowRaiserR,0.0363412639126181,17.0,0.0363412639126181,17,23,0.1275205463171005,,
1700488285207-0-3-4-19-6,Surprise,OuterBrowRaiserR,0.012120466679334599,16.0,0.012120466679334599,16,20,0.07339608669281,,
1700488288826-0-3-4-21-6,Surprise,OuterBrowRaiserR,0.0405853912234306,26.0,0.0405853912234306,26,30,0.1348363161087036,,
1700488299585-0-3-4-27-6,Surprise,OuterBrowRaiserR,0.0706425569951534,15.0,0.0706425569951534,15,20,0.2587353885173797,,
1700489726643-0-4-2-2-6,Surprise,OuterBrowRaiserR,0.0053973123431206,27.0,0.0053973123431206,27,30,0.0132642798125743,,
1700489742765-0-4-2-8-6,Surprise,OuterBrowRaiserR,0.0025537917390465997,19.0,0.0025537917390465997,19,28,0.0233381204307079,,
1700489744855-0-4-2-9-6,Surprise,OuterBrowRaiserR,0.007162718102335902,29.0,0.007162718102335902,29,30,0.0255933944135904,,
1700489862366-0-4-3-3-6,Surprise,OuterBrowRaiserR,0.014073621481657101,2.0,0.014073621481657101,2,23,0.0407717786729335,,
1700489881498-0-4-3-13-6,Surprise,OuterBrowRaiserR,0.040415580384433304,20.0,0.040415580384433304,20,28,0.1439560651779174,,
1700489894153-0-4-3-19-6,Surprise,OuterBrowRaiserR,0.0511651523411274,7.0,0.0511651523411274,7,26,0.1647878140211105,,
1700490047789-0-4-4-3-6,Surprise,OuterBrowRaiserR,0.01650786960817632,9.0,0.01650786960817632,9,17,0.0209843106567859,,
1700490075897-0-4-4-19-6,Surprise,OuterBrowRaiserR,0.0036897514945209214,13.0,0.0036897514945209214,13,25,0.0163158439099788,,
1700490079381-0-4-4-21-6,Surprise,OuterBrowRaiserR,0.008020219393074499,23.0,0.008020219393074499,23,30,0.0141652887687087,,
1700490090087-0-4-4-27-6,Surprise,OuterBrowRaiserR,0.04146340116858491,14.0,0.049274168908596094,28,25,0.1344335824251175,,
1700491504922-1-5-2-2-6,Surprise,OuterBrowRaiserR,0.1549652516841889,22.0,0.1549652516841889,22,30,0.5382518172264099,,
1700491520068-1-5-2-8-6,Surprise,OuterBrowRaiserR,0.024597436189651406,10.0,0.031125634908676203,26,23,0.2381538599729538,,
1700491522758-1-5-2-9-6,Surprise,OuterBrowRaiserR,0.14330396056175237,28.0,0.14330396056175237,28,30,0.6801134347915649,,
1700491620433-1-5-3-3-6,Surprise,OuterBrowRaiserR,0.0313407480716706,10.0,0.0313407480716706,10,23,0.2098613232374191,,
1700491640564-1-5-3-13-6,Surprise,OuterBrowRaiserR,0.016312837600707952,10.0,0.054725646972656194,24,11,0.3307019770145416,,
1700491795424-1-5-4-3-6,Surprise,OuterBrowRaiserR,0.036678463220596313,3.0,0.036678463220596313,3,8,0.4342130720615387,,
1700491826720-1-5-4-21-6,Surprise,OuterBrowRaiserR,0.0505681037902832,12.0,0.0697206780314445,4,25,0.3842231333255768,,
1700496798831-1-6-2-2-6,Surprise,OuterBrowRaiserR,0.0,,5.629144812233958e-23,2,1,3.25064285005514e-22,,
1700496922484-1-6-3-3-6,Surprise,OuterBrowRaiserR,0.0,,0.0012388236355035998,3,1,0.0044199060648679,,
1700496954901-1-6-3-19-6,Surprise,OuterBrowRaiserR,-1.80404025051928e-11,,3.703638284946471e-09,2,1,2.1387009496720573e-08,,
1700497095964-1-6-4-3-6,Surprise,OuterBrowRaiserR,0.028958432376226,8.0,0.028958432376226,8,10,0.0330963395535945,,
1700497124116-1-6-4-19-6,Surprise,OuterBrowRaiserR,0.0328043643385172,29.0,0.0328043643385172,29,29,0.0410125516355037,,
1700497127301-1-6-4-21-6,Surprise,OuterBrowRaiserR,0.013759611174464201,19.0,0.013759611174464201,19,22,0.0346300154924392,,
1700497137301-1-6-4-27-6,Surprise,OuterBrowRaiserR,0.0036894629911329775,15.0,0.0036894629911329775,15,16,0.0063286949880421,,
1700567790485-2-8-2-2-6,Surprise,OuterBrowRaiserR,0.3880912363529206,23.0,0.3880912363529206,23,30,0.8871048092842102,,
1700567804174-2-8-2-8-6,Surprise,OuterBrowRaiserR,0.17885896563529974,14.0,0.17885896563529974,14,22,0.9157593250274658,,
1700567807289-2-8-2-9-6,Surprise,OuterBrowRaiserR,0.21437230706214905,25.0,0.21437230706214905,25,30,0.9090870022773744,,
1700567907954-2-8-3-3-6,Surprise,OuterBrowRaiserR,0.3143007755279541,18.0,0.3143007755279541,18,30,0.926006317138672,,
1700567928618-2-8-3-13-6,Surprise,OuterBrowRaiserR,0.23768590390682218,2.0,0.23768590390682218,2,20,0.9052183032035828,,
1700568081350-2-8-4-3-6,Surprise,OuterBrowRaiserR,0.21138417720794678,2.0,0.2367454171180725,26,6,0.9150123596191406,,
1700568112955-2-8-4-21-6,Surprise,OuterBrowRaiserR,0.6236750707030296,6.0,0.6236750707030296,6,13,0.893180787563324,,
1700571057042-1-9-2-2-6,Surprise,OuterBrowRaiserR,0.009642362594604492,20.0,0.10285413265228271,8,2,0.8003533482551575,,
1700571071814-1-9-2-8-6,Surprise,OuterBrowRaiserR,0.11567708849906921,15.0,0.11567708849906921,15,17,0.5548697113990784,,
1700571074501-1-9-2-9-6,Surprise,OuterBrowRaiserR,0.07234752178192139,9.0,0.0959627628326416,29,23,0.9516969323158264,,
1700571203525-1-9-3-19-6,Surprise,OuterBrowRaiserR,0.3465043127071113,17.0,0.3465043127071113,17,27,0.3949156105518341,,
1700571352930-1-9-4-3-6,Surprise,OuterBrowRaiserR,0.09036742895841601,13.0,0.12379974126815799,28,21,0.3525380790233612,,
1700571385065-1-9-4-21-6,Surprise,OuterBrowRaiserR,0.07635274529457092,7.0,0.07635274529457092,7,12,0.5269359946250916,,
1700571394892-1-9-4-27-6,Surprise,OuterBrowRaiserR,0.040071211755275796,13.0,0.07494410872459412,29,27,0.2647311389446258,,
1700577751365-2-10-2-8-6,Surprise,OuterBrowRaiserR,0.055646881461143494,23.0,0.055646881461143494,23,27,0.325110912322998,,
1700577753271-2-10-2-9-6,Surprise,OuterBrowRaiserR,0.012470796704292311,3.0,0.012470796704292311,3,5,0.1301164329051971,,
1700577877659-2-10-3-19-6,Surprise,OuterBrowRaiserR,0.2615532130002976,22.0,0.2615532130002976,22,24,0.7409566640853882,,
1700578011711-2-10-4-3-6,Surprise,OuterBrowRaiserR,0.21401139697991312,11.0,0.21401139697991312,11,16,0.5508282780647278,,
1700578043747-2-10-4-21-6,Surprise,OuterBrowRaiserR,0.17052537202835077,27.0,0.17052537202835077,27,30,0.6510447263717651,,
1700578053937-2-10-4-27-6,Surprise,OuterBrowRaiserR,0.12384818494319919,22.0,0.12384818494319919,22,25,0.3423625528812408,,
1700580370438-0-11-2-2-6,Surprise,OuterBrowRaiserR,0.01733433455228809,28.0,0.01733433455228809,28,30,0.0682517737150192,,
1700580385269-0-11-2-8-6,Surprise,OuterBrowRaiserR,0.026077829301357297,12.0,0.026077829301357297,12,19,0.1302616000175476,,
1700580387618-0-11-2-9-6,Surprise,OuterBrowRaiserR,0.020485514774918598,13.0,0.020485514774918598,13,23,0.1075493991374969,,
1700580489743-0-11-3-3-6,Surprise,OuterBrowRaiserR,0.044103919994086,30.0,0.044103919994086,30,30,0.0480485819280147,,
1700580509641-0-11-3-13-6,Surprise,OuterBrowRaiserR,0.033658731728792204,30.0,0.033658731728792204,30,30,0.0746123269200325,,
1700580521795-0-11-3-19-6,Surprise,OuterBrowRaiserR,0.0059444545768201,14.0,0.0059444545768201,14,29,0.0279929060488939,,
1700580672719-0-11-4-3-6,Surprise,OuterBrowRaiserR,0.007095642387867002,7.0,0.015419874340295806,17,8,0.0535082221031188,,
1700580700662-0-11-4-19-6,Surprise,OuterBrowRaiserR,0.028082028031349203,21.0,0.028082028031349203,21,26,0.0945843532681465,,
1700580704337-0-11-4-21-6,Surprise,OuterBrowRaiserR,0.0,,3.0769001568842214e-07,2,1,1.7765883058018517e-06,,
1700580714526-0-11-4-27-6,Surprise,OuterBrowRaiserR,0.009566109627485199,29.0,0.009566109627485199,29,30,0.0473638623952865,,
1700582055492-0-12-2-2-6,Surprise,OuterBrowRaiserR,0.33394982665777206,13.0,0.33394982665777206,13,21,0.7493836283683777,,
1700582070440-0-12-2-8-6,Surprise,OuterBrowRaiserR,0.12660455703735352,15.0,0.12660455703735352,15,17,0.2361635863780975,,
1700582072837-0-12-2-9-6,Surprise,OuterBrowRaiserR,0.05419248342514038,22.0,0.0742512047290802,30,27,0.2492027580738067,,
1700582185616-0-12-3-13-6,Surprise,OuterBrowRaiserR,0.11159616708755488,16.0,0.14258253574371343,27,22,0.6270686388015747,,
1700582360419-0-12-4-19-6,Surprise,OuterBrowRaiserR,0.16131459176540383,19.0,0.16131459176540383,19,29,0.6749747395515442,,
1700582364232-0-12-4-21-6,Surprise,OuterBrowRaiserR,0.1323732435703277,10.0,0.1323732435703277,10,26,0.539556086063385,,
1700582374311-0-12-4-27-6,Surprise,OuterBrowRaiserR,0.1532988622784614,25.0,0.1532988622784614,25,28,0.402051717042923,,
1700583887578-2-13-2-2-6,Surprise,OuterBrowRaiserR,0.0873841643333435,29.0,0.0873841643333435,29,30,0.4024605751037597,,
1700583903979-2-13-2-8-6,Surprise,OuterBrowRaiserR,0.07079654932022095,18.0,0.10892504453659058,27,20,0.8072980642318726,,
1700584025989-2-13-3-13-6,Surprise,OuterBrowRaiserR,0.1154250875115395,5.0,0.1154250875115395,5,29,0.4222289323806762,,
1700584037726-2-13-3-19-6,Surprise,OuterBrowRaiserR,0.03781791031360629,25.0,0.03781791031360629,25,26,0.2870893478393554,,
1700584207271-2-13-4-3-6,Surprise,OuterBrowRaiserR,0.19336795806884766,17.0,0.19336795806884766,17,23,0.7253293991088867,,
1700584238451-2-13-4-21-6,Surprise,OuterBrowRaiserR,0.2188155353069305,12.0,0.2188155353069305,12,13,0.5460089445114136,,
1700584249628-2-13-4-27-6,Surprise,OuterBrowRaiserR,0.1074134111404419,21.0,0.1074134111404419,21,23,0.5374862551689148,,
1700745112620-1-14-2-2-6,Surprise,OuterBrowRaiserR,0.1505575180053711,19.0,0.1505575180053711,19,29,0.6041456460952759,,
1700745128460-1-14-2-8-6,Surprise,OuterBrowRaiserR,0.05026450753211979,2.0,0.05026450753211979,2,24,0.3496432900428772,,
1700745130744-1-14-2-9-6,Surprise,OuterBrowRaiserR,0.0777770280838013,16.0,0.0777770280838013,16,28,0.6414282321929932,,
1700745228376-1-14-3-3-6,Surprise,OuterBrowRaiserR,0.19079552590847018,13.0,0.19079552590847018,13,30,0.5175919532775879,,
1700745427287-1-14-4-19-6,Surprise,OuterBrowRaiserR,0.23479528725147247,6.0,0.23479528725147247,6,10,0.6035168766975403,,
1700745430676-1-14-4-21-6,Surprise,OuterBrowRaiserR,0.052773952484130804,19.0,0.052773952484130804,19,30,0.504523754119873,,
1700745441256-1-14-4-27-6,Surprise,OuterBrowRaiserR,0.08280006051063538,24.0,0.08280006051063538,24,29,0.6524478793144226,,
1700747233836-2-15-2-2-6,Surprise,OuterBrowRaiserR,0.0,,8.465052060234912e-18,2,1,2.6757992488167512e-17,,
1700747248666-2-15-2-8-6,Surprise,OuterBrowRaiserR,0.0,,3.700942750504109e-15,6,1,2.0696374234091368e-14,,
1700747250542-2-15-2-9-6,Surprise,OuterBrowRaiserR,0.0072151129133999,29.0,0.0072151129133999,29,29,0.0090559246018528,,
1700747352492-2-15-3-3-6,Surprise,OuterBrowRaiserR,0.08770855143666269,12.0,0.08770855143666269,12,18,0.1735741794109344,,
1700747372332-2-15-3-13-6,Surprise,OuterBrowRaiserR,0.0,,5.442856490850001e-05,5,1,0.000304524495732,,
1700747384624-2-15-3-19-6,Surprise,OuterBrowRaiserR,0.0054852990037854345,2.0,0.0054852990037854345,2,6,0.0061028692871332,,
1700747550545-2-15-4-21-6,Surprise,OuterBrowRaiserR,0.0057822801172732995,15.0,0.006243396550416901,22,18,0.0286232829093933,,
1700748690839-0-16-2-2-6,Surprise,OuterBrowRaiserR,0.0053976699709892,15.0,0.005896767601370798,24,21,0.0221955012530088,,
1700748704971-0-16-2-8-6,Surprise,OuterBrowRaiserR,-4.085568553391028e-15,,8.38756581550415e-13,2,1,4.843498865869655e-12,,
1700748707465-0-16-2-9-6,Surprise,OuterBrowRaiserR,0.0036897992249577977,4.0,0.0036897992249577977,4,4,0.0036897992249578,,
1700748807131-0-16-3-3-6,Surprise,OuterBrowRaiserR,0.0,,4.18764754318325e-14,6,1,2.341781282777511e-13,,
1700748827092-0-16-3-13-6,Surprise,OuterBrowRaiserR,0.0,,2.417499446683698e-19,2,1,1.3960135912540797e-18,,
1700748839077-0-16-3-19-6,Surprise,OuterBrowRaiserR,0.0,,0.000679038465023,2,1,0.0034145424142479,,
1700748977420-0-16-4-3-6,Surprise,OuterBrowRaiserR,0.0321900774724781,17.0,0.0321900774724781,17,25,0.0566387437283992,,
1700749005486-0-16-4-19-6,Surprise,OuterBrowRaiserR,0.0122753009200097,9.0,0.0202782191336155,26,25,0.0527411177754402,,
1700749009413-0-16-4-21-6,Surprise,OuterBrowRaiserR,0.0036898415819600753,27.0,0.0036898415819600753,27,28,0.0063283466733992,,
1700749020048-0-16-4-27-6,Surprise,OuterBrowRaiserR,0.0,,0.0004540004883893,4,1,0.0016731776995584,,
1700753900482-0-17-2-2-6,Surprise,OuterBrowRaiserR,0.144469752907753,21.0,0.144469752907753,21,28,0.258031815290451,,
1700753915633-0-17-2-8-6,Surprise,OuterBrowRaiserR,0.0045054592192173,9.0,0.006059976294636702,20,13,0.0337867923080921,,
1700753918042-0-17-2-9-6,Surprise,OuterBrowRaiserR,0.0042658690363168005,21.0,0.0044869799166916986,19,29,0.0219594445079565,,
1700754013483-0-17-3-3-6,Surprise,OuterBrowRaiserR,0.07152593880891801,26.0,0.07152593880891801,26,28,0.229865550994873,,
1700754034095-0-17-3-13-6,Surprise,OuterBrowRaiserR,0.0043951256375294,27.0,0.0043951256375294,27,30,0.0118105700239539,,
1700754045748-0-17-3-19-6,Surprise,OuterBrowRaiserR,0.013005087152123403,23.0,0.013005087152123403,23,25,0.0350278094410896,,
1700754214994-0-17-4-21-6,Surprise,OuterBrowRaiserR,0.0090356292203069,25.0,0.0090356292203069,25,29,0.0287442281842231,,
1700756365257-2-18-2-2-6,Surprise,OuterBrowRaiserR,0.27714041620492935,10.0,0.27714041620492935,10,28,0.6363525986671448,,
1700756380628-2-18-2-8-6,Surprise,OuterBrowRaiserR,0.2022276073694229,13.0,0.2022276073694229,13,30,0.7298938632011414,,
1700756382762-2-18-2-9-6,Surprise,OuterBrowRaiserR,0.2933005094528199,22.0,0.2933005094528199,22,23,0.719906210899353,,
1700756508190-2-18-3-13-6,Surprise,OuterBrowRaiserR,0.3628899902105332,9.0,0.3628899902105332,9,10,0.5922970175743103,,
1700756520318-2-18-3-19-6,Surprise,OuterBrowRaiserR,0.34801456332206726,5.0,0.34801456332206726,5,30,0.6827332973480225,,
1700756740978-2-18-4-21-6,Surprise,OuterBrowRaiserR,0.2789372205734253,2.0,0.2789372205734253,2,30,0.8115512728691101,,
1700756752506-2-18-4-27-6,Surprise,OuterBrowRaiserR,0.11011058092117315,19.0,0.2788712084293366,30,29,0.7071918249130249,,
1700824448226-0-19-2-2-6,Surprise,OuterBrowRaiserR,0.046739525860175504,7.0,0.0506758242845535,25,11,0.1699114590883255,,
1700824463124-0-19-2-8-6,Surprise,OuterBrowRaiserR,0.0086037931032479,20.0,0.0086037931032479,20,26,0.0256977565586566,,
1700824465520-0-19-2-9-6,Surprise,OuterBrowRaiserR,0.011535197496414185,2.0,0.04937094449996954,5,2,0.3219199776649475,,
1700824559270-0-19-3-3-6,Surprise,OuterBrowRaiserR,0.03401843458414079,12.0,0.03401843458414079,12,13,0.1724953800439834,,
1700824578736-0-19-3-13-6,Surprise,OuterBrowRaiserR,0.0451055318117142,17.0,0.0451055318117142,17,18,0.1305716037750244,,
1700824591163-0-19-3-19-6,Surprise,OuterBrowRaiserR,0.0316987633705139,14.0,0.0316987633705139,14,15,0.1131812110543251,,
1700824744450-0-19-4-3-6,Surprise,OuterBrowRaiserR,0.1144246309995651,15.0,0.1144246309995651,15,16,0.3893903791904449,,
1700824772745-0-19-4-19-6,Surprise,OuterBrowRaiserR,0.11710636317729958,27.0,0.11710636317729958,27,29,0.3989250957965851,,
1700824775987-0-19-4-21-6,Surprise,OuterBrowRaiserR,0.1436961442232132,17.0,0.1436961442232132,17,19,0.3423206806182861,,
1700825815495-0-20-2-2-6,Surprise,OuterBrowRaiserR,0.273536279797554,14.0,0.273536279797554,14,29,0.716450035572052,,
1700825830739-0-20-2-8-6,Surprise,OuterBrowRaiserR,0.0645976439118385,17.0,0.240253895521164,30,24,0.3180047273635864,,
1700825833289-0-20-2-9-6,Surprise,OuterBrowRaiserR,0.18154125846922398,15.0,0.18154125846922398,15,28,0.2710348963737488,,
1700825926618-0-20-3-3-6,Surprise,OuterBrowRaiserR,0.0457229502499104,16.0,0.0457229502499104,16,22,0.1200756132602691,,
1700825946184-0-20-3-13-6,Surprise,OuterBrowRaiserR,0.003689702230388938,2.0,0.003689702230388938,2,27,0.0112588144838809,,
1700825958707-0-20-3-19-6,Surprise,OuterBrowRaiserR,0.029239550232887296,24.0,0.04130140691995619,27,25,0.1232994943857193,,
1700826094915-0-20-4-3-6,Surprise,OuterBrowRaiserR,0.0418634712696075,21.0,0.0418634712696075,21,28,0.1409461498260498,,
1700826126840-0-20-4-21-6,Surprise,OuterBrowRaiserR,0.0812013298273087,13.0,0.0812013298273087,13,25,0.3811373114585876,,
1700827663943-0-21-2-2-6,Surprise,OuterBrowRaiserR,0.18738782592117792,22.0,0.18738782592117792,22,27,0.4713881015777588,,
1700827679341-0-21-2-8-6,Surprise,OuterBrowRaiserR,0.1392425149679184,15.0,0.1392425149679184,15,30,0.245866060256958,,
1700827681700-0-21-2-9-6,Surprise,OuterBrowRaiserR,0.024933248758315985,22.0,0.02648432552814481,28,25,0.1526910364627838,,
1700827795416-0-21-3-3-6,Surprise,OuterBrowRaiserR,0.04958759248256689,28.0,0.04958759248256689,28,30,0.1961513459682464,,
1700827815913-0-21-3-13-6,Surprise,OuterBrowRaiserR,0.041150622069835704,16.0,0.041150622069835704,16,18,0.1310234069824218,,
1700827827673-0-21-3-19-6,Surprise,OuterBrowRaiserR,0.036244723945856094,24.0,0.036244723945856094,24,30,0.17143015563488,,
1700827973082-0-21-4-3-6,Surprise,OuterBrowRaiserR,0.10748754441738129,18.0,0.10748754441738129,18,23,0.5232291221618652,,
1700828000810-0-21-4-19-6,Surprise,OuterBrowRaiserR,0.039033692330122,10.0,0.039033692330122,10,27,0.1418525427579879,,
1700828004497-0-21-4-21-6,Surprise,OuterBrowRaiserR,0.0514106303453445,25.0,0.0514106303453445,25,25,0.1486349999904632,,
1700828015466-0-21-4-27-6,Surprise,OuterBrowRaiserR,0.0978239700198173,12.0,0.0978239700198173,12,16,0.2393566668033599,,
1700830036458-0-22-2-2-6,Surprise,OuterBrowRaiserR,0.10694698989391332,21.0,0.10694698989391332,21,25,0.3777469992637634,,
1700830051701-0-22-2-8-6,Surprise,OuterBrowRaiserR,0.12586459517478943,20.0,0.12586459517478943,20,24,0.4049107432365417,,
1700830053944-0-22-2-9-6,Surprise,OuterBrowRaiserR,0.046707343310117694,20.0,0.046707343310117694,20,24,0.1283388584852218,,
1700830149264-0-22-3-3-6,Surprise,OuterBrowRaiserR,0.1577871590852738,23.0,0.1577871590852738,23,30,0.7299343943595886,,
1700830169383-0-22-3-13-6,Surprise,OuterBrowRaiserR,0.020498875528573997,24.0,0.020498875528573997,24,30,0.0841135457158088,,
1700830335225-0-22-4-3-6,Surprise,OuterBrowRaiserR,0.05495325475931169,13.0,0.05495325475931169,13,18,0.2295882254838943,,
1700830363061-0-22-4-19-6,Surprise,OuterBrowRaiserR,0.06034552305936809,24.0,0.06034552305936809,24,29,0.2053807526826858,,
1701085488586-2-23-2-2-6,Surprise,OuterBrowRaiserR,0.10438746213912964,3.0,0.10438746213912964,3,30,0.999999225139618,,
1701085503372-2-23-2-8-6,Surprise,OuterBrowRaiserR,0.4458813071250916,23.0,0.4458813071250916,23,30,0.9999902844429016,,
1701085609204-2-23-3-3-6,Surprise,OuterBrowRaiserR,0.3126004785299301,17.0,0.3126004785299301,17,30,0.9999999403953552,,
1701085629667-2-23-3-13-6,Surprise,OuterBrowRaiserR,0.2658096402883529,9.0,0.2658096402883529,9,21,0.85465407371521,,
1701085788374-2-23-4-3-6,Surprise,OuterBrowRaiserR,0.3166143894195557,21.0,0.3166143894195557,21,30,0.9999906420707704,,
1701085820057-2-23-4-21-6,Surprise,OuterBrowRaiserR,0.47942764312028885,17.0,0.47942764312028885,17,29,1.0,,
1701085830697-2-23-4-27-6,Surprise,OuterBrowRaiserR,0.418461099267006,10.0,0.418461099267006,10,23,0.9999999403953552,,
1701087303940-0-24-2-8-6,Surprise,OuterBrowRaiserR,0.04625415802001953,2.0,0.06268244981765747,25,2,0.6357284784317017,,
1701087305999-0-24-2-9-6,Surprise,OuterBrowRaiserR,0.16527488827705383,20.0,0.16527488827705383,20,23,0.5974904894828796,,
1701087423258-0-24-3-13-6,Surprise,OuterBrowRaiserR,0.013983070850372314,11.0,0.18515771627426153,29,13,0.6256463527679443,,
1701087435684-0-24-3-19-6,Surprise,OuterBrowRaiserR,0.041833192110061646,20.0,0.08547788858413696,29,23,0.578628420829773,,
1701087600576-0-24-4-3-6,Surprise,OuterBrowRaiserR,0.040843069553375244,2.0,0.040843069553375244,2,7,0.6522087454795837,,
1701087628526-0-24-4-19-6,Surprise,OuterBrowRaiserR,0.3536761552095413,2.0,0.3536761552095413,2,8,0.6477711796760559,,
1701087642989-0-24-4-27-6,Surprise,OuterBrowRaiserR,0.21158644556999212,15.0,0.21158644556999212,15,25,0.926120936870575,,
1701090989523-0-25-2-2-6,Surprise,OuterBrowRaiserR,0.012275272049009802,25.0,0.012275272049009802,25,25,0.0186036489903926,,
1701091004494-0-25-2-8-6,Surprise,OuterBrowRaiserR,0.0,,6.007811571362778e-15,2,1,3.469316508879737e-14,,
1701091007119-0-25-2-9-6,Surprise,OuterBrowRaiserR,0.0306923259049654,12.0,0.0306923259049654,12,21,0.0654290169477462,,
1701091106118-0-25-3-3-6,Surprise,OuterBrowRaiserR,0.006328296847640963,28.0,0.006328296847640963,28,28,0.0063282968476414,,
1701091126207-0-25-3-13-6,Surprise,OuterBrowRaiserR,0.0063283284695801415,17.0,0.0063283284695801415,17,17,0.006328328512609,,
1701091137831-0-25-3-19-6,Surprise,OuterBrowRaiserR,0.0,,7.9897348769e-05,2,1,0.0004507478734012,,
1701091286156-0-25-4-3-6,Surprise,OuterBrowRaiserR,0.0036897393874824,10.0,0.0036897393874824,10,21,0.0115239433944225,,
1701091314405-0-25-4-19-6,Surprise,OuterBrowRaiserR,0.0,,6.097116084582965e-13,2,1,1.927279733374143e-12,,
1701091317423-0-25-4-21-6,Surprise,OuterBrowRaiserR,0.0517661143094301,9.0,0.0517661143094301,9,13,0.1407959312200546,,
1701091328267-0-25-4-27-6,Surprise,OuterBrowRaiserR,0.0228993650525808,24.0,0.0228993650525808,24,24,0.048954214900732,,
1701092656631-0-26-2-2-6,Surprise,OuterBrowRaiserR,0.0034979428746736993,4.0,0.0034979428746736993,4,10,0.0080771027132868,,
1701092672345-0-26-2-8-6,Surprise,OuterBrowRaiserR,0.0140879778191447,22.0,0.0140879778191447,22,22,0.0271051973104476,,
1701092674853-0-26-2-9-6,Surprise,OuterBrowRaiserR,0.0034996997565031004,19.0,0.0034996997565031004,19,27,0.0131915910169482,,
1701092788115-0-26-3-13-6,Surprise,OuterBrowRaiserR,0.0034116677707061002,15.0,0.0034116677707061002,15,4,0.0057969386689364,,
1701092800949-0-26-3-19-6,Surprise,OuterBrowRaiserR,0.0019500255584716996,15.0,0.0031573558226227986,5,4,0.0131977088749408,,
1701092952993-0-26-4-3-6,Surprise,OuterBrowRaiserR,0.040685668587684604,21.0,0.040685668587684604,21,25,0.2575413882732391,,
1701092995220-0-26-4-27-6,Surprise,OuterBrowRaiserR,0.05392540246248251,26.0,0.05392540246248251,26,28,0.1941040158271789,,
1701094536373-2-27-2-2-6,Surprise,OuterBrowRaiserR,0.12360617518424982,30.0,0.1334319412708283,15,13,0.5827805399894714,,
1701094657984-2-27-3-3-6,Surprise,OuterBrowRaiserR,0.36223915219306946,20.0,0.36223915219306946,20,20,0.5325539112091064,,
1701094689680-2-27-3-19-6,Surprise,OuterBrowRaiserR,0.12295928597450251,8.0,0.12295928597450251,8,10,0.4502566754817962,,
1701094824960-2-27-4-3-6,Surprise,OuterBrowRaiserR,0.1480283439159394,3.0,0.1480283439159394,3,8,0.7748852372169495,,
1701094852692-2-27-4-19-6,Surprise,OuterBrowRaiserR,0.019989430904388428,18.0,0.04717966914176941,2,1,0.3883121907711029,,
1701094856933-2-27-4-21-6,Surprise,OuterBrowRaiserR,0.12877157330513,28.0,0.22819642722606662,30,16,0.4332655370235443,,
1701094866874-2-27-4-27-6,Surprise,OuterBrowRaiserR,0.2869043946266175,9.0,0.2869043946266175,9,10,0.6580104231834412,,
1701170506491-0-28-2-8-6,Surprise,OuterBrowRaiserR,0.03653817623853679,21.0,0.03653817623853679,21,25,0.2011845409870147,,
1701170605255-0-28-3-3-6,Surprise,OuterBrowRaiserR,0.0580055341124535,18.0,0.0580055341124535,18,21,0.1719123870134353,,
1701170624888-0-28-3-13-6,Surprise,OuterBrowRaiserR,0.09470988065004349,22.0,0.09470988065004349,22,25,0.1998322308063507,,
1701170637387-0-28-3-19-6,Surprise,OuterBrowRaiserR,0.07517207413911818,26.0,0.07517207413911818,26,28,0.1739243865013122,,
1701170770544-0-28-4-3-6,Surprise,OuterBrowRaiserR,0.0949026867747307,25.0,0.0949026867747307,25,28,0.3319289684295654,,
1701170798766-0-28-4-19-6,Surprise,OuterBrowRaiserR,0.0820924490690232,27.0,0.0820924490690232,27,28,0.1990152597427368,,
1701175941566-1-29-2-2-6,Surprise,OuterBrowRaiserR,0.1648925244808197,21.0,0.1648925244808197,21,30,0.3878780007362366,,
1701175959538-1-29-2-9-6,Surprise,OuterBrowRaiserR,0.1293430626392365,19.0,0.1293430626392365,19,23,0.8174776434898376,,
1701176088631-1-29-3-13-6,Surprise,OuterBrowRaiserR,0.1577590703964233,16.0,0.1577590703964233,16,21,0.6755414605140686,,
1701176100397-1-29-3-19-6,Surprise,OuterBrowRaiserR,0.1642088256776333,18.0,0.1642088256776333,18,26,0.6356102824211121,,
1701176276840-1-29-4-19-6,Surprise,OuterBrowRaiserR,0.1932898312807084,22.0,0.1932898312807084,22,24,0.6431435346603394,,
1701176280346-1-29-4-21-6,Surprise,OuterBrowRaiserR,0.15077218413352972,14.0,0.1631251573562622,28,15,0.5315260291099548,,
1701176290484-1-29-4-27-6,Surprise,OuterBrowRaiserR,0.1418197154998779,24.0,0.1418197154998779,24,25,0.4233159720897674,,
1701177690468-0-30-2-2-6,Surprise,OuterBrowRaiserR,0.12914997339248657,16.0,0.12914997339248657,16,17,0.4148057699203491,,
1701177705031-0-30-2-8-6,Surprise,OuterBrowRaiserR,0.10296514630317682,16.0,0.10296514630317682,16,23,0.4231103062629699,,
1701177707527-0-30-2-9-6,Surprise,OuterBrowRaiserR,0.30563741922378546,22.0,0.30563741922378546,22,24,0.5678665041923523,,
1701177806796-0-30-3-3-6,Surprise,OuterBrowRaiserR,0.34351587295532227,10.0,0.34351587295532227,10,14,0.5496928691864014,,
1701177825962-0-30-3-13-6,Surprise,OuterBrowRaiserR,0.0249608717858791,16.0,0.0249608717858791,16,28,0.1129572167992591,,
1701177838992-0-30-3-19-6,Surprise,OuterBrowRaiserR,0.011572229675948599,9.0,0.011572229675948599,9,18,0.0388415418565273,,
1701178064486-0-30-4-3-6,Surprise,OuterBrowRaiserR,0.0584617257118225,7.0,0.0584617257118225,7,22,0.1817410141229629,,
1701178092727-0-30-4-19-6,Surprise,OuterBrowRaiserR,0.004565871320664799,4.0,0.004602782893925899,28,22,0.0146922022104263,,
1701178096235-0-30-4-21-6,Surprise,OuterBrowRaiserR,0.10828545689582833,21.0,0.10828545689582833,21,30,0.4020605981349945,,
1701178106880-0-30-4-27-6,Surprise,OuterBrowRaiserR,0.0160297658294439,9.0,0.0160297658294439,9,28,0.0555776618421077,,
1701188066425-0-31-2-2-6,Surprise,OuterBrowRaiserR,0.1495727794244886,27.0,0.1495727794244886,27,1,0.1690064072608947,,
1701188081703-0-31-2-8-6,Surprise,OuterBrowRaiserR,0.16470257937908178,22.0,0.16470257937908178,22,28,0.5374250411987305,,
1701188084449-0-31-2-9-6,Surprise,OuterBrowRaiserR,0.11637130379676819,19.0,0.11637130379676819,19,30,0.4633046090602875,,
1701188189903-0-31-3-3-6,Surprise,OuterBrowRaiserR,0.1942864283919335,23.0,0.1942864283919335,23,24,0.3355489671230316,,
1701188210135-0-31-3-13-6,Surprise,OuterBrowRaiserR,0.125259131193161,25.0,0.193863183259964,27,25,0.463746577501297,,
1701188221539-0-31-3-19-6,Surprise,OuterBrowRaiserR,0.11704884469509122,16.0,0.11704884469509122,16,28,0.4965187013149261,,
1701188357646-0-31-4-3-6,Surprise,OuterBrowRaiserR,0.0009825080633164007,30.0,0.055177450180053655,2,1,0.4671465456485748,,
1701188385528-0-31-4-19-6,Surprise,OuterBrowRaiserR,0.1091664731502533,9.0,0.1091664731502533,9,13,0.6256411671638489,,
1701188389796-0-31-4-21-6,Surprise,OuterBrowRaiserR,0.06965470314025879,20.0,0.09916061162948614,29,25,0.5081543922424316,,
1701346796350-1-32-2-2-6,Surprise,OuterBrowRaiserR,0.0493630766868591,19.0,0.06970913708209991,30,27,0.2255168557167053,,
1701346920040-1-32-3-3-6,Surprise,OuterBrowRaiserR,0.029185543768107905,3.0,0.029185543768107905,3,26,0.1456578373908996,,
1701346939832-1-32-3-13-6,Surprise,OuterBrowRaiserR,0.051228590309619904,26.0,0.051228590309619904,26,11,0.1606797724962234,,
1701346951922-1-32-3-19-6,Surprise,OuterBrowRaiserR,0.0812249034643173,8.0,0.0812249034643173,8,12,0.2359251230955124,,
1701347165606-1-32-4-3-6,Surprise,OuterBrowRaiserR,0.0598891526460647,16.0,0.0598891526460647,16,20,0.1034426540136337,,
1701350306168-0-33-2-8-6,Surprise,OuterBrowRaiserR,0.18815001845359802,2.0,0.25513845682144165,22,13,0.7516505718231201,,
1701350308434-0-33-2-9-6,Surprise,OuterBrowRaiserR,0.5675225332379341,14.0,0.5675225332379341,14,22,0.8228269815444946,,
1701350412742-0-33-3-3-6,Surprise,OuterBrowRaiserR,0.05330628156661987,6.0,0.1843082159757614,30,12,0.5987400412559509,,
1701350432525-0-33-3-13-6,Surprise,OuterBrowRaiserR,0.2827436104416847,20.0,0.2827436104416847,20,22,0.6569681167602539,,
1701350444549-0-33-3-19-6,Surprise,OuterBrowRaiserR,0.0892643611878156,8.0,0.0892643611878156,8,25,0.564265251159668,,
1701350602230-0-33-4-3-6,Surprise,OuterBrowRaiserR,0.2460149228572846,16.0,0.2460149228572846,16,27,0.8579365611076355,,
1701350630358-0-33-4-19-6,Surprise,OuterBrowRaiserR,0.17067408561706543,18.0,0.17067408561706543,18,24,0.7661412358283997,,
1701350634052-0-33-4-21-6,Surprise,OuterBrowRaiserR,0.20567873120307928,14.0,0.20567873120307928,14,28,0.7432726621627808,,
1701350644495-0-33-4-27-6,Surprise,OuterBrowRaiserR,0.1488346010446549,13.0,0.1488346010446549,13,16,0.6768251061439514,,
1701357438550-0-34-2-2-6,Surprise,OuterBrowRaiserR,0.1357293725013733,17.0,0.1357293725013733,17,19,0.3967305421829223,,
1701357453577-0-34-2-8-6,Surprise,OuterBrowRaiserR,0.1529290471225977,26.0,0.1529290471225977,26,28,0.2039650380611419,,
1701357456722-0-34-2-9-6,Surprise,OuterBrowRaiserR,0.10953263938426971,11.0,0.10953263938426971,11,12,0.1906592100858688,,
1701357570289-0-34-3-3-6,Surprise,OuterBrowRaiserR,0.05830708332359791,21.0,0.05830708332359791,21,29,0.0912761837244033,,
1701357589873-0-34-3-13-6,Surprise,OuterBrowRaiserR,0.054183961590752,22.0,0.054183961590752,22,23,0.0602147132158279,,
1701357750175-0-34-4-3-6,Surprise,OuterBrowRaiserR,0.23277604579925537,17.0,0.23277604579925537,17,20,0.579832911491394,,
1701357778445-0-34-4-19-6,Surprise,OuterBrowRaiserR,0.13377535343170166,14.0,0.13377535343170166,14,16,0.4445879757404327,,
1701357781768-0-34-4-21-6,Surprise,OuterBrowRaiserR,0.1743227984391197,20.0,0.1743227984391197,20,30,0.386722981929779,,
1701357792344-0-34-4-27-6,Surprise,OuterBrowRaiserR,0.1713753491640091,24.0,0.1713753491640091,24,25,0.3075836598873138,,
1701429347000-0-35-2-2-6,Surprise,OuterBrowRaiserR,0.06222593784332281,16.0,0.06222593784332281,16,18,0.2023568749427795,,
1701429362658-0-35-2-8-6,Surprise,OuterBrowRaiserR,0.1076408997178078,15.0,0.1076408997178078,15,20,0.3229906558990478,,
1701429365736-0-35-2-9-6,Surprise,OuterBrowRaiserR,0.06369000673294067,8.0,0.06369000673294067,8,18,0.3460880815982818,,
1701429456101-0-35-3-3-6,Surprise,OuterBrowRaiserR,0.058526847511529895,11.0,0.058526847511529895,11,28,0.2605477273464203,,
1701429476026-0-35-3-13-6,Surprise,OuterBrowRaiserR,0.07651171833276749,8.0,0.07651171833276749,8,12,0.2551081776618957,,
1701429487661-0-35-3-19-6,Surprise,OuterBrowRaiserR,0.0177401802502572,5.0,0.0177401802502572,5,19,0.07682766020298,,
1701429615895-0-35-4-3-6,Surprise,OuterBrowRaiserR,0.10095491260290151,11.0,0.11044341325759888,24,17,0.3135896921157837,,
1701429644175-0-35-4-19-6,Surprise,OuterBrowRaiserR,0.300426222383976,9.0,0.300426222383976,9,17,0.5226380825042725,,
1701429647482-0-35-4-21-6,Surprise,OuterBrowRaiserR,0.11592092178761962,24.0,0.11592092178761962,24,29,0.3224402666091919,,
1701429658440-0-35-4-27-6,Surprise,OuterBrowRaiserR,0.0508025288581848,8.0,0.0508025288581848,8,26,0.1843214184045791,,
1701438121613-1-36-2-2-6,Surprise,OuterBrowRaiserR,0.0869643986225129,16.0,0.0869643986225129,16,26,0.4099246859550476,,
1701438136355-1-36-2-8-6,Surprise,OuterBrowRaiserR,0.1367303729057312,14.0,0.1367303729057312,14,28,0.3579348921775818,,
1701438240821-1-36-3-3-6,Surprise,OuterBrowRaiserR,0.31285320222377777,21.0,0.31285320222377777,21,24,0.9309398531913756,,
1701438260890-1-36-3-13-6,Surprise,OuterBrowRaiserR,0.0920085497200489,20.0,0.0920085497200489,20,25,0.2750447988510132,,
1701438273279-1-36-3-19-6,Surprise,OuterBrowRaiserR,0.21664310991764069,7.0,0.21664310991764069,7,14,0.7013505697250366,,
1701438431051-1-36-4-3-6,Surprise,OuterBrowRaiserR,0.052818566560745295,2.0,0.0968818068504333,19,9,0.524775505065918,,
1701438462590-1-36-4-21-6,Surprise,OuterBrowRaiserR,0.16898404061794278,9.0,0.16898404061794278,9,30,0.3928178548812866,,
1701438472819-1-36-4-27-6,Surprise,OuterBrowRaiserR,0.504288822412491,23.0,0.504288822412491,23,27,0.8457447290420532,,
1701440300059-0-37-2-8-6,Surprise,OuterBrowRaiserR,0.0449906587600708,11.0,0.0449906587600708,11,17,0.289939820766449,,
1701440301773-0-37-2-9-6,Surprise,OuterBrowRaiserR,0.37489505112171173,20.0,0.37489505112171173,20,26,0.779415488243103,,
1701440399382-0-37-3-3-6,Surprise,OuterBrowRaiserR,0.0615744963288308,25.0,0.0650307834148407,20,28,0.1955908834934234,,
1701440431245-0-37-3-19-6,Surprise,OuterBrowRaiserR,0.010869085788726807,10.0,0.010869085788726807,10,14,0.1860566586256027,,
1701440578409-0-37-4-3-6,Surprise,OuterBrowRaiserR,0.01719290018081665,2.0,0.01719290018081665,2,2,0.7825775742530823,,
1701440607324-0-37-4-19-6,Surprise,OuterBrowRaiserR,0.00889652967453003,29.0,0.01414218544960022,23,1,0.3291230201721191,,
1701440621263-0-37-4-27-6,Surprise,OuterBrowRaiserR,0.01647686958312991,11.0,0.01647686958312991,11,15,0.2764796912670135,0.015544885526038332,0.015544885526038332
